time,open,high,low,close,tick_volume,spread,real_volume
2026-04-16 20:15:00,116.169,116.197,116.166,116.186,116,17,0
2026-04-16 20:30:00,116.184,116.194,116.144,116.182,111,17,0
2026-04-16 20:45:00,116.178,116.18,116.132,116.141,84,17,0
2026-04-16 21:00:00,116.128,116.139,116.128,116.129,12,58,0
2026-04-16 21:15:00,116.122,116.141,116.05,116.095,92,58,0
2026-04-16 21:30:00,116.092,116.124,116.079,116.122,151,40,0
2026-04-16 21:45:00,116.124,116.142,116.117,116.125,101,35,0
2026-04-16 22:00:00,116.129,116.135,116.067,116.085,89,38,0
2026-04-16 22:15:00,116.084,116.107,116.084,116.105,28,38,0
2026-04-16 22:30:00,116.108,116.15,116.108,116.138,40,38,0
2026-04-16 22:45:00,116.139,116.14,116.118,116.137,28,38,0
2026-04-16 23:00:00,116.148,116.178,116.142,116.149,45,17,0
2026-04-16 23:15:00,116.15,116.162,116.131,116.155,54,17,0
2026-04-16 23:30:00,116.158,116.196,116.158,116.186,60,17,0
2026-04-16 23:45:00,116.189,116.218,116.177,116.195,86,17,0
2026-04-17 00:00:00,116.198,116.222,116.18,116.191,177,17,0
2026-04-17 00:15:00,116.193,116.227,116.179,116.215,133,17,0
2026-04-17 00:30:00,116.213,116.225,116.206,116.219,88,17,0
2026-04-17 00:45:00,116.221,116.31,116.215,116.287,239,17,0
2026-04-17 01:00:00,116.29,116.352,116.252,116.272,299,17,0
2026-04-17 01:15:00,116.273,116.302,116.266,116.266,107,17,0
2026-04-17 01:30:00,116.264,116.299,116.264,116.288,118,17,0
2026-04-17 01:45:00,116.286,116.308,116.267,116.304,120,17,0
2026-04-17 02:00:00,116.305,116.366,116.302,116.351,118,17,0
2026-04-17 02:15:00,116.348,116.364,116.322,116.329,84,17,0
2026-04-17 02:30:00,116.33,116.34,116.314,116.322,63,17,0
2026-04-17 02:45:00,116.324,116.349,116.324,116.344,77,17,0
2026-04-17 03:00:00,116.342,116.371,116.341,116.362,70,17,0
2026-04-17 03:15:00,116.363,116.38,116.348,116.375,79,17,0
2026-04-17 03:30:00,116.379,116.408,116.379,116.391,84,17,0
2026-04-17 03:45:00,116.393,116.396,116.379,116.387,73,17,0
2026-04-17 04:00:00,116.386,116.404,116.379,116.403,62,17,0
2026-04-17 04:15:00,116.404,116.465,116.398,116.463,169,17,0
2026-04-17 04:30:00,116.462,116.474,116.443,116.467,71,17,0
2026-04-17 04:45:00,116.466,116.501,116.465,116.501,72,17,0
2026-04-17 05:00:00,116.503,116.575,116.5,116.552,173,17,0
2026-04-17 05:15:00,116.555,116.573,116.536,116.541,128,17,0
2026-04-17 05:30:00,116.542,116.574,116.539,116.567,112,17,0
2026-04-17 05:45:00,116.565,116.567,116.536,116.555,62,17,0
2026-04-17 06:00:00,116.553,116.585,116.534,116.555,207,17,0
2026-04-17 06:15:00,116.557,116.565,116.534,116.544,184,17,0
2026-04-17 06:30:00,116.545,116.554,116.493,116.497,187,17,0
2026-04-17 06:45:00,116.5,116.507,116.447,116.461,173,17,0
2026-04-17 07:00:00,116.46,116.463,116.376,116.39,237,17,0
2026-04-17 07:15:00,116.392,116.473,116.392,116.473,213,17,0
2026-04-17 07:30:00,116.475,116.492,116.436,116.446,232,17,0
2026-04-17 07:45:00,116.447,116.473,116.406,116.409,297,17,0
2026-04-17 08:00:00,116.406,116.442,116.377,116.389,247,17,0
2026-04-17 08:15:00,116.386,116.454,116.381,116.443,194,17,0
2026-04-17 08:30:00,116.445,116.445,116.408,116.422,168,17,0
2026-04-17 08:45:00,116.419,116.444,116.391,116.391,212,17,0
2026-04-17 09:00:00,116.388,116.405,116.371,116.383,199,17,0
2026-04-17 09:15:00,116.38,116.397,116.349,116.349,151,17,0
2026-04-17 09:30:00,116.347,116.347,116.279,116.295,235,17,0
2026-04-17 09:45:00,116.293,116.293,116.235,116.273,224,17,0
2026-04-17 10:00:00,116.272,116.29,116.254,116.258,185,17,0
2026-04-17 10:15:00,116.256,116.279,116.253,116.278,105,17,0
2026-04-17 10:30:00,116.276,116.301,116.255,116.301,164,17,0
2026-04-17 10:45:00,116.299,116.335,116.295,116.32,159,17,0
2026-04-17 11:00:00,116.317,116.359,116.317,116.337,106,17,0
2026-04-17 11:15:00,116.339,116.368,116.337,116.365,125,17,0
2026-04-17 11:30:00,116.367,116.436,116.365,116.42,166,17,0
2026-04-17 11:45:00,116.417,116.439,116.398,116.414,174,17,0
2026-04-17 12:00:00,116.416,116.422,116.357,116.362,252,17,0
2026-04-17 12:15:00,116.359,116.363,116.221,116.27,398,17,0
2026-04-17 12:30:00,116.268,116.276,116.188,116.238,434,17,0
2026-04-17 12:45:00,116.236,116.236,115.928,115.957,1546,17,0
2026-04-17 13:00:00,115.953,116.008,115.786,115.926,1266,17,0
2026-04-17 13:15:00,115.929,116.011,115.882,115.997,1117,17,0
2026-04-17 13:30:00,115.994,116.01,115.716,115.786,1042,17,0
2026-04-17 13:45:00,115.783,115.855,115.704,115.729,958,17,0
2026-04-17 14:00:00,115.727,115.746,115.619,115.642,762,17,0
2026-04-17 14:15:00,115.64,115.66,115.551,115.617,753,17,0
2026-04-17 14:30:00,115.621,115.625,115.331,115.331,826,17,0
2026-04-17 14:45:00,115.328,115.506,115.309,115.496,837,17,0
2026-04-17 15:00:00,115.5,115.563,115.447,115.558,850,17,0
2026-04-17 15:15:00,115.56,115.641,115.505,115.633,600,17,0
2026-04-17 15:30:00,115.631,115.713,115.604,115.704,605,17,0
2026-04-17 15:45:00,115.703,115.714,115.626,115.667,510,17,0
2026-04-17 16:00:00,115.668,115.711,115.627,115.627,443,17,0
2026-04-17 16:15:00,115.629,115.629,115.549,115.628,344,17,0
2026-04-17 16:30:00,115.625,115.629,115.571,115.59,310,17,0
2026-04-17 16:45:00,115.588,115.636,115.562,115.625,264,17,0
2026-04-17 17:00:00,115.627,115.692,115.623,115.669,471,17,0
2026-04-17 17:15:00,115.667,115.696,115.626,115.695,470,17,0
2026-04-17 17:30:00,115.697,115.724,115.68,115.692,286,17,0
2026-04-17 17:45:00,115.693,115.703,115.657,115.687,201,17,0
2026-04-17 18:00:00,115.688,115.743,115.674,115.73,212,17,0
2026-04-17 18:15:00,115.727,115.736,115.631,115.683,258,17,0
2026-04-17 18:30:00,115.682,115.76,115.677,115.75,251,17,0
2026-04-17 18:45:00,115.752,115.817,115.752,115.817,304,17,0
2026-04-17 19:00:00,115.818,115.848,115.79,115.821,289,17,0
2026-04-17 19:15:00,115.823,115.849,115.809,115.845,157,17,0
2026-04-17 19:30:00,115.846,115.888,115.829,115.874,217,17,0
2026-04-17 19:45:00,115.873,115.882,115.789,115.797,274,17,0
2026-04-17 20:00:00,115.795,115.891,115.795,115.862,235,17,0
2026-04-17 20:15:00,115.864,115.925,115.853,115.898,147,17,0
2026-04-17 20:30:00,115.897,115.9,115.858,115.883,221,17,0
2026-04-17 20:45:00,115.886,115.894,115.822,115.835,277,17,0
2026-04-19 21:00:00,115.978,115.978,115.975,115.975,2,71,0
2026-04-19 21:15:00,115.972,115.977,115.951,115.971,48,45,0
2026-04-19 21:30:00,115.973,116.003,115.971,115.995,57,28,0
2026-04-19 21:45:00,115.99,116.018,115.979,116.015,75,26,0
2026-04-19 22:00:00,116.006,116.06,115.926,115.96,281,43,0
2026-04-19 22:15:00,115.965,116.001,115.939,115.996,167,43,0
2026-04-19 22:30:00,115.992,116.001,115.965,115.988,138,42,0
2026-04-19 22:45:00,115.977,116.026,115.977,116.019,93,42,0
2026-04-19 23:00:00,116.032,116.044,115.998,116.0,198,17,0
2026-04-19 23:15:00,115.999,116.083,115.976,116.078,203,17,0
2026-04-19 23:30:00,116.079,116.098,116.067,116.076,142,17,0
2026-04-19 23:45:00,116.073,116.126,116.062,116.116,183,17,0
2026-04-20 00:00:00,116.12,116.175,116.12,116.151,356,17,0
2026-04-20 00:15:00,116.153,116.156,116.111,116.135,291,17,0
2026-04-20 00:30:00,116.132,116.132,116.087,116.106,175,17,0
2026-04-20 00:45:00,116.104,116.106,116.01,116.1,340,17,0
2026-04-20 01:00:00,116.103,116.103,116.013,116.047,297,17,0
2026-04-20 01:15:00,116.048,116.049,116.01,116.042,200,17,0
2026-04-20 01:30:00,116.041,116.041,115.954,115.987,253,17,0
2026-04-20 01:45:00,115.988,115.995,115.946,115.946,158,17,0
2026-04-20 02:00:00,115.948,115.975,115.945,115.97,156,17,0
2026-04-20 02:15:00,115.971,115.993,115.963,115.971,89,17,0
2026-04-20 02:30:00,115.972,115.972,115.934,115.953,129,17,0
2026-04-20 02:45:00,115.954,116.006,115.954,115.99,122,17,0
2026-04-20 03:00:00,115.989,116.022,115.983,116.008,104,17,0
2026-04-20 03:15:00,116.009,116.01,115.984,115.986,104,17,0
2026-04-20 03:30:00,115.989,116.009,115.955,116.009,117,17,0
2026-04-20 03:45:00,116.006,116.019,115.994,116.015,94,17,0
2026-04-20 04:00:00,116.014,116.022,116.005,116.018,53,17,0
2026-04-20 04:15:00,116.02,116.048,116.016,116.04,81,17,0
2026-04-20 04:30:00,116.042,116.071,116.035,116.068,87,17,0
2026-04-20 04:45:00,116.069,116.07,116.022,116.026,104,17,0
2026-04-20 05:00:00,116.028,116.068,116.025,116.049,124,17,0
2026-04-20 05:15:00,116.05,116.055,116.02,116.029,110,17,0
2026-04-20 05:30:00,116.025,116.064,116.017,116.048,139,17,0
2026-04-20 05:45:00,116.049,116.05,116.008,116.012,159,17,0
2026-04-20 06:00:00,116.014,116.068,116.001,116.029,257,17,0
2026-04-20 06:15:00,116.03,116.049,116.001,116.043,194,17,0
2026-04-20 06:30:00,116.042,116.047,115.979,115.98,218,17,0
2026-04-20 06:45:00,115.976,116.047,115.933,115.989,347,17,0
2026-04-20 07:00:00,115.987,116.034,115.947,115.964,402,17,0
2026-04-20 07:15:00,115.963,116.007,115.94,115.99,290,17,0
2026-04-20 07:30:00,115.993,116.08,115.984,116.078,367,17,0
2026-04-20 07:45:00,116.081,116.127,116.062,116.085,327,17,0
2026-04-20 08:00:00,116.087,116.116,116.05,116.114,340,17,0
2026-04-20 08:15:00,116.112,116.144,116.098,116.109,241,17,0
2026-04-20 08:30:00,116.112,116.165,116.103,116.144,213,17,0
2026-04-20 08:45:00,116.143,116.147,116.074,116.1,209,17,0
2026-04-20 09:00:00,116.096,116.117,116.04,116.083,258,17,0
2026-04-20 09:15:00,116.087,116.139,116.055,116.073,408,17,0
2026-04-20 09:30:00,116.076,116.092,116.056,116.075,173,17,0
2026-04-20 09:45:00,116.076,116.099,116.061,116.086,167,17,0
2026-04-20 10:00:00,116.088,116.099,116.038,116.078,203,17,0
2026-04-20 10:15:00,116.076,116.078,116.023,116.023,170,17,0
2026-04-20 10:30:00,116.026,116.089,116.026,116.074,123,17,0
2026-04-20 10:45:00,116.072,116.088,116.056,116.058,174,17,0
2026-04-20 11:00:00,116.056,116.133,116.056,116.099,185,17,0
2026-04-20 11:15:00,116.096,116.101,116.072,116.086,138,17,0
2026-04-20 11:30:00,116.088,116.096,116.055,116.073,178,17,0
2026-04-20 11:45:00,116.071,116.074,116.014,116.019,245,17,0
2026-04-20 12:00:00,116.017,116.062,116.008,116.062,380,17,0
2026-04-20 12:15:00,116.059,116.067,116.022,116.023,212,17,0
2026-04-20 12:30:00,116.02,116.044,115.978,116.036,337,17,0
2026-04-20 12:45:00,116.035,116.045,116.005,116.032,224,17,0
2026-04-20 13:00:00,116.033,116.069,115.922,115.937,515,17,0
2026-04-20 13:15:00,115.934,115.98,115.895,115.91,355,17,0
2026-04-20 13:30:00,115.908,115.958,115.907,115.928,445,17,0
2026-04-20 13:45:00,115.93,116.002,115.93,115.968,418,17,0
2026-04-20 14:00:00,115.971,116.085,115.966,116.074,383,17,0
2026-04-20 14:15:00,116.077,116.141,116.059,116.095,353,17,0
2026-04-20 14:30:00,116.098,116.144,116.06,116.093,401,17,0
2026-04-20 14:45:00,116.096,116.233,116.096,116.175,763,17,0
2026-04-20 15:00:00,116.173,116.235,116.164,116.219,465,17,0
2026-04-20 15:15:00,116.221,116.236,116.155,116.157,448,17,0
2026-04-20 15:30:00,116.16,116.227,116.15,116.227,403,17,0
2026-04-20 15:45:00,116.225,116.291,116.194,116.235,482,17,0
2026-04-20 16:00:00,116.238,116.283,116.237,116.283,237,17,0
2026-04-20 16:15:00,116.284,116.301,116.254,116.272,229,17,0
2026-04-20 16:30:00,116.273,116.293,116.264,116.285,196,17,0
2026-04-20 16:45:00,116.287,116.297,116.264,116.268,160,17,0
2026-04-20 17:00:00,116.266,116.307,116.255,116.298,218,17,0
2026-04-20 17:15:00,116.301,116.332,116.294,116.331,123,17,0
2026-04-20 17:30:00,116.332,116.364,116.297,116.297,222,17,0
2026-04-20 17:45:00,116.298,116.373,116.298,116.373,167,17,0
2026-04-20 18:00:00,116.371,116.391,116.349,116.357,193,17,0
2026-04-20 18:15:00,116.355,116.41,116.34,116.398,186,17,0
2026-04-20 18:30:00,116.401,116.433,116.393,116.417,212,17,0
2026-04-20 18:45:00,116.414,116.478,116.411,116.468,348,17,0
2026-04-20 19:00:00,116.465,116.473,116.411,116.425,159,17,0
2026-04-20 19:15:00,116.424,116.445,116.413,116.416,112,17,0
2026-04-20 19:30:00,116.415,116.436,116.404,116.415,139,17,0
2026-04-20 19:45:00,116.416,116.433,116.38,116.392,218,17,0
2026-04-20 20:00:00,116.39,116.436,116.371,116.414,166,17,0
2026-04-20 20:15:00,116.411,116.411,116.381,116.392,75,17,0
2026-04-20 20:30:00,116.388,116.422,116.37,116.413,113,17,0
2026-04-20 20:45:00,116.411,116.438,116.371,116.4,159,17,0
2026-04-20 21:00:00,116.353,116.353,116.263,116.317,5,83,0
2026-04-20 21:15:00,116.314,116.348,116.314,116.343,42,85,0
2026-04-20 21:30:00,116.335,116.343,116.26,116.316,195,60,0
2026-04-20 21:45:00,116.314,116.316,116.26,116.295,154,48,0
2026-04-20 22:00:00,116.293,116.367,116.293,116.363,56,41,0
2026-04-20 22:15:00,116.363,116.365,116.357,116.361,10,38,0
2026-04-20 22:30:00,116.36,116.376,116.351,116.375,25,38,0
2026-04-20 22:45:00,116.381,116.405,116.361,116.4,82,38,0
2026-04-20 23:00:00,116.411,116.422,116.383,116.422,68,17,0
2026-04-20 23:15:00,116.421,116.438,116.421,116.421,32,17,0
2026-04-20 23:30:00,116.42,116.423,116.4,116.4,50,17,0
2026-04-20 23:45:00,116.397,116.422,116.397,116.418,88,17,0
2026-04-21 00:00:00,116.414,116.477,116.409,116.461,188,17,0
2026-04-21 00:15:00,116.459,116.488,116.458,116.479,125,17,0
2026-04-21 00:30:00,116.481,116.499,116.481,116.494,98,17,0
2026-04-21 00:45:00,116.496,116.528,116.486,116.503,259,17,0
2026-04-21 01:00:00,116.505,116.512,116.482,116.495,117,17,0
2026-04-21 01:15:00,116.493,116.499,116.475,116.489,117,17,0
2026-04-21 01:30:00,116.49,116.507,116.49,116.494,78,17,0
2026-04-21 01:45:00,116.493,116.521,116.493,116.501,103,17,0
2026-04-21 02:00:00,116.499,116.519,116.499,116.507,95,17,0
2026-04-21 02:15:00,116.511,116.518,116.502,116.512,62,17,0
2026-04-21 02:30:00,116.515,116.524,116.46,116.46,83,17,0
2026-04-21 02:45:00,116.459,116.481,116.451,116.475,92,17,0
2026-04-21 03:00:00,116.476,116.476,116.457,116.469,82,17,0
2026-04-21 03:15:00,116.47,116.487,116.47,116.478,78,17,0
2026-04-21 03:30:00,116.479,116.492,116.453,116.455,86,17,0
2026-04-21 03:45:00,116.456,116.484,116.456,116.484,70,17,0
2026-04-21 04:00:00,116.483,116.485,116.475,116.479,51,17,0
2026-04-21 04:15:00,116.481,116.487,116.475,116.482,44,17,0
2026-04-21 04:30:00,116.483,116.493,116.475,116.482,41,17,0
2026-04-21 04:45:00,116.48,116.482,116.461,116.464,67,17,0
2026-04-21 05:00:00,116.466,116.466,116.444,116.454,118,17,0
2026-04-21 05:15:00,116.455,116.465,116.436,116.443,89,17,0
2026-04-21 05:30:00,116.447,116.454,116.409,116.418,80,17,0
2026-04-21 05:45:00,116.417,116.44,116.416,116.418,86,17,0
2026-04-21 06:00:00,116.42,116.426,116.354,116.418,249,17,0
2026-04-21 06:15:00,116.415,116.44,116.382,116.412,155,17,0
2026-04-21 06:30:00,116.415,116.424,116.38,116.385,177,17,0
2026-04-21 06:45:00,116.383,116.404,116.351,116.363,169,17,0
2026-04-21 07:00:00,116.361,116.437,116.361,116.4,255,17,0
2026-04-21 07:15:00,116.398,116.47,116.395,116.428,210,17,0
2026-04-21 07:30:00,116.427,116.458,116.415,116.44,189,17,0
2026-04-21 07:45:00,116.441,116.459,116.405,116.444,240,17,0
2026-04-21 08:00:00,116.447,116.506,116.444,116.493,409,17,0
2026-04-21 08:15:00,116.491,116.563,116.485,116.545,301,17,0
2026-04-21 08:30:00,116.548,116.576,116.525,116.54,302,17,0
2026-04-21 08:45:00,116.539,116.559,116.517,116.544,165,17,0
2026-04-21 09:00:00,116.542,116.591,116.541,116.548,210,17,0
2026-04-21 09:15:00,116.549,116.557,116.504,116.516,256,17,0
2026-04-21 09:30:00,116.515,116.538,116.504,116.532,138,17,0
2026-04-21 09:45:00,116.531,116.548,116.518,116.535,166,17,0
2026-04-21 10:00:00,116.538,116.607,116.537,116.598,187,17,0
2026-04-21 10:15:00,116.597,116.597,116.559,116.571,140,17,0
2026-04-21 10:30:00,116.57,116.578,116.553,116.567,100,17,0
2026-04-21 10:45:00,116.566,116.567,116.533,116.537,140,17,0
2026-04-21 11:00:00,116.536,116.586,116.536,116.576,182,17,0
2026-04-21 11:15:00,116.573,116.584,116.55,116.562,161,17,0
2026-04-21 11:30:00,116.564,116.564,116.534,116.548,132,17,0
2026-04-21 11:45:00,116.55,116.551,116.465,116.471,212,17,0
2026-04-21 12:00:00,116.468,116.496,116.439,116.444,264,17,0
2026-04-21 12:15:00,116.446,116.539,116.446,116.539,156,17,0
2026-04-21 12:30:00,116.536,116.587,116.536,116.558,403,17,0
2026-04-21 12:45:00,116.56,116.61,116.536,116.6,307,17,0
2026-04-21 13:00:00,116.598,116.598,116.561,116.588,259,17,0
2026-04-21 13:15:00,116.59,116.605,116.57,116.583,264,17,0
2026-04-21 13:30:00,116.585,116.608,116.559,116.605,312,17,0
2026-04-21 13:45:00,116.608,116.646,116.576,116.641,364,17,0
2026-04-21 14:00:00,116.64,116.666,116.635,116.652,269,17,0
2026-04-21 14:15:00,116.649,116.724,116.641,116.718,284,17,0
2026-04-21 14:30:00,116.716,116.732,116.662,116.665,338,17,0
2026-04-21 14:45:00,116.667,116.763,116.652,116.758,530,17,0
2026-04-21 15:00:00,116.759,116.8,116.735,116.766,406,17,0
2026-04-21 15:15:00,116.764,116.808,116.761,116.786,355,17,0
2026-04-21 15:30:00,116.789,116.82,116.759,116.817,338,17,0
2026-04-21 15:45:00,116.815,116.846,116.799,116.826,262,17,0
2026-04-21 16:00:00,116.823,116.838,116.813,116.832,274,17,0
2026-04-21 16:15:00,116.834,116.84,116.793,116.795,198,17,0
2026-04-21 16:30:00,116.796,116.812,116.765,116.765,188,17,0
2026-04-21 16:45:00,116.764,116.783,116.738,116.746,162,17,0
2026-04-21 17:00:00,116.747,116.757,116.683,116.711,360,17,0
2026-04-21 17:15:00,116.713,116.725,116.684,116.686,261,17,0
2026-04-21 17:30:00,116.684,116.695,116.595,116.601,443,17,0
2026-04-21 17:45:00,116.603,116.662,116.598,116.63,310,17,0
2026-04-21 18:00:00,116.628,116.661,116.619,116.659,275,17,0
2026-04-21 18:15:00,116.66,116.692,116.655,116.661,393,17,0
2026-04-21 18:30:00,116.659,116.696,116.652,116.686,217,17,0
2026-04-21 18:45:00,116.684,116.713,116.633,116.675,345,17,0
2026-04-21 19:00:00,116.673,116.673,116.607,116.635,318,17,0
2026-04-21 19:15:00,116.632,116.669,116.602,116.602,357,17,0
2026-04-21 19:30:00,116.603,116.726,116.599,116.726,409,17,0
2026-04-21 19:45:00,116.728,116.762,116.705,116.736,430,17,0
2026-04-21 20:00:00,116.733,116.783,116.646,116.686,833,17,0
2026-04-21 20:15:00,116.683,116.702,116.659,116.675,258,17,0
2026-04-21 20:30:00,116.672,116.678,116.642,116.649,162,17,0
2026-04-21 20:45:00,116.652,116.704,116.642,116.644,176,17,0
2026-04-21 21:00:00,116.612,116.612,116.581,116.588,17,64,0
2026-04-21 21:15:00,116.59,116.674,116.563,116.673,94,50,0
2026-04-21 21:30:00,116.676,116.688,116.607,116.619,123,36,0
2026-04-21 21:45:00,116.622,116.671,116.621,116.658,163,31,0
2026-04-21 22:00:00,116.656,116.658,116.632,116.637,68,38,0
2026-04-21 22:15:00,116.64,116.649,116.626,116.648,45,38,0
2026-04-21 22:30:00,116.649,116.665,116.635,116.656,69,38,0
2026-04-21 22:45:00,116.657,116.673,116.65,116.663,57,38,0
2026-04-21 23:00:00,116.676,116.704,116.666,116.701,99,17,0
2026-04-21 23:15:00,116.702,116.71,116.674,116.694,83,17,0
2026-04-21 23:30:00,116.696,116.715,116.696,116.696,37,17,0
2026-04-21 23:45:00,116.697,116.719,116.671,116.689,150,17,0
2026-04-22 00:00:00,116.685,116.685,116.608,116.632,212,17,0
2026-04-22 00:15:00,116.634,116.678,116.614,116.666,187,17,0
2026-04-22 00:30:00,116.663,116.663,116.615,116.618,208,17,0
2026-04-22 00:45:00,116.621,116.643,116.556,116.639,414,17,0
2026-04-22 01:00:00,116.636,116.636,116.589,116.62,192,17,0
2026-04-22 01:15:00,116.621,116.63,116.583,116.589,150,17,0
2026-04-22 01:30:00,116.59,116.597,116.564,116.591,154,17,0
2026-04-22 01:45:00,116.594,116.597,116.571,116.584,125,17,0
2026-04-22 02:00:00,116.583,116.625,116.583,116.605,114,17,0
2026-04-22 02:15:00,116.603,116.612,116.596,116.611,76,17,0
2026-04-22 02:30:00,116.609,116.629,116.606,116.625,79,17,0
2026-04-22 02:45:00,116.623,116.669,116.623,116.657,105,17,0
2026-04-22 03:00:00,116.658,116.673,116.652,116.667,108,17,0
2026-04-22 03:15:00,116.668,116.696,116.668,116.693,75,17,0
2026-04-22 03:30:00,116.692,116.694,116.674,116.675,72,17,0
2026-04-22 03:45:00,116.676,116.687,116.669,116.682,83,17,0
2026-04-22 04:00:00,116.68,116.683,116.663,116.663,62,17,0
2026-04-22 04:15:00,116.664,116.665,116.644,116.644,43,17,0
2026-04-22 04:30:00,116.641,116.657,116.63,116.651,59,17,0
2026-04-22 04:45:00,116.653,116.677,116.646,116.674,78,17,0
2026-04-22 05:00:00,116.671,116.676,116.659,116.66,90,17,0
2026-04-22 05:15:00,116.658,116.661,116.572,116.604,397,17,0
2026-04-22 05:30:00,116.601,116.633,116.601,116.633,178,17,0
2026-04-22 05:45:00,116.634,116.649,116.62,116.645,118,17,0
2026-04-22 06:00:00,116.642,116.645,116.564,116.565,212,17,0
2026-04-22 06:15:00,116.568,116.585,116.554,116.56,172,17,0
2026-04-22 06:30:00,116.562,116.608,116.562,116.583,176,17,0
2026-04-22 06:45:00,116.582,116.589,116.531,116.531,143,17,0
2026-04-22 07:00:00,116.527,116.586,116.522,116.578,211,17,0
2026-04-22 07:15:00,116.581,116.621,116.576,116.608,179,17,0
2026-04-22 07:30:00,116.606,116.649,116.595,116.625,174,17,0
2026-04-22 07:45:00,116.627,116.647,116.608,116.623,205,17,0
2026-04-22 08:00:00,116.62,116.69,116.617,116.688,215,17,0
2026-04-22 08:15:00,116.691,116.745,116.691,116.736,208,17,0
2026-04-22 08:30:00,116.738,116.765,116.716,116.748,206,17,0
2026-04-22 08:45:00,116.746,116.772,116.733,116.768,131,17,0
2026-04-22 09:00:00,116.769,116.781,116.727,116.727,211,17,0
2026-04-22 09:15:00,116.728,116.73,116.709,116.725,115,17,0
2026-04-22 09:30:00,116.724,116.724,116.692,116.696,110,17,0
2026-04-22 09:45:00,116.695,116.712,116.685,116.702,159,17,0
2026-04-22 10:00:00,116.701,116.71,116.685,116.688,169,17,0
2026-04-22 10:15:00,116.686,116.696,116.663,116.675,131,17,0
2026-04-22 10:30:00,116.676,116.68,116.624,116.625,160,17,0
2026-04-22 10:45:00,116.624,116.643,116.607,116.616,159,17,0
2026-04-22 11:00:00,116.613,116.635,116.601,116.614,172,17,0
2026-04-22 11:15:00,116.617,116.623,116.583,116.586,182,17,0
2026-04-22 11:30:00,116.59,116.607,116.577,116.584,221,17,0
2026-04-22 11:45:00,116.582,116.582,116.532,116.541,223,17,0
2026-04-22 12:00:00,116.544,116.545,116.503,116.515,218,17,0
2026-04-22 12:15:00,116.519,116.529,116.488,116.52,236,17,0
2026-04-22 12:30:00,116.523,116.578,116.518,116.575,308,17,0
2026-04-22 12:45:00,116.572,116.603,116.536,116.593,256,17,0
2026-04-22 13:00:00,116.589,116.621,116.57,116.601,335,17,0
2026-04-22 13:15:00,116.6,116.606,116.507,116.517,430,17,0
2026-04-22 13:30:00,116.514,116.572,116.473,116.552,547,17,0
2026-04-22 13:45:00,116.549,116.63,116.537,116.6,420,17,0
2026-04-22 14:00:00,116.603,116.623,116.573,116.612,294,17,0
2026-04-22 14:15:00,116.613,116.648,116.588,116.639,348,17,0
2026-04-22 14:30:00,116.637,116.642,116.574,116.604,372,17,0
2026-04-22 14:45:00,116.602,116.638,116.598,116.631,345,17,0
2026-04-22 15:00:00,116.632,116.65,116.618,116.65,314,17,0
2026-04-22 15:15:00,116.648,116.684,116.648,116.675,199,17,0
2026-04-22 15:30:00,116.673,116.733,116.673,116.717,264,17,0
2026-04-22 15:45:00,116.72,116.756,116.701,116.749,229,17,0
2026-04-22 16:00:00,116.746,116.759,116.727,116.75,208,17,0
2026-04-22 16:15:00,116.749,116.761,116.737,116.755,192,17,0
2026-04-22 16:30:00,116.754,116.769,116.747,116.768,188,17,0
2026-04-22 16:45:00,116.769,116.794,116.748,116.783,175,17,0
2026-04-22 17:00:00,116.786,116.793,116.768,116.778,223,17,0
2026-04-22 17:15:00,116.779,116.779,116.747,116.76,153,17,0
2026-04-22 17:30:00,116.759,116.768,116.739,116.759,117,17,0
2026-04-22 17:45:00,116.758,116.76,116.694,116.694,165,17,0
2026-04-22 18:00:00,116.696,116.703,116.671,116.678,151,17,0
2026-04-22 18:15:00,116.676,116.692,116.662,116.688,77,17,0
2026-04-22 18:30:00,116.689,116.698,116.677,116.678,69,17,0
2026-04-22 18:45:00,116.679,116.7,116.679,116.699,89,17,0
2026-04-22 19:00:00,116.698,116.722,116.691,116.722,118,17,0
2026-04-22 19:15:00,116.725,116.733,116.685,116.688,85,17,0
2026-04-22 19:30:00,116.692,116.699,116.68,116.68,67,17,0
2026-04-22 19:45:00,116.682,116.703,116.672,116.688,142,17,0
2026-04-22 20:00:00,116.685,116.702,116.678,116.683,117,17,0
2026-04-22 20:15:00,116.682,116.697,116.662,116.673,94,17,0
2026-04-22 20:30:00,116.671,116.673,116.641,116.653,137,17,0
2026-04-22 20:45:00,116.651,116.662,116.542,116.556,120,17,0
2026-04-22 21:00:00,116.552,116.604,116.537,116.587,21,140,0
2026-04-22 21:15:00,116.589,116.641,116.572,116.6,52,85,0
2026-04-22 21:30:00,116.609,116.619,116.581,116.587,181,58,0
2026-04-22 21:45:00,116.584,116.615,116.581,116.614,144,46,0
2026-04-22 22:00:00,116.606,116.646,116.606,116.638,53,39,0
2026-04-22 22:15:00,116.625,116.657,116.625,116.654,21,38,0
2026-04-22 22:30:00,116.658,116.661,116.647,116.653,30,38,0
2026-04-22 22:45:00,116.652,116.67,116.644,116.658,33,38,0
2026-04-22 23:00:00,116.668,116.683,116.657,116.662,80,17,0
2026-04-22 23:15:00,116.659,116.662,116.646,116.661,33,17,0
2026-04-22 23:30:00,116.663,116.684,116.662,116.672,50,17,0
2026-04-22 23:45:00,116.673,116.679,116.659,116.671,78,17,0
2026-04-23 00:00:00,116.673,116.721,116.655,116.706,289,17,0
2026-04-23 00:15:00,116.705,116.751,116.622,116.648,647,17,0
2026-04-23 00:30:00,116.65,116.669,116.621,116.641,306,17,0
2026-04-23 00:45:00,116.639,116.656,116.575,116.596,359,17,0
2026-04-23 01:00:00,116.594,116.622,116.573,116.6,237,17,0
2026-04-23 01:15:00,116.602,116.632,116.6,116.631,136,17,0
2026-04-23 01:30:00,116.63,116.653,116.596,116.597,185,17,0
2026-04-23 01:45:00,116.596,116.628,116.595,116.623,188,17,0
2026-04-23 02:00:00,116.621,116.69,116.61,116.678,205,17,0
2026-04-23 02:15:00,116.68,116.714,116.667,116.702,160,17,0
2026-04-23 02:30:00,116.703,116.703,116.684,116.701,116,17,0
2026-04-23 02:45:00,116.702,116.706,116.679,116.687,172,17,0
2026-04-23 03:00:00,116.69,116.692,116.656,116.679,198,17,0
2026-04-23 03:15:00,116.678,116.681,116.642,116.68,127,17,0
2026-04-23 03:30:00,116.681,116.681,116.649,116.655,121,17,0
2026-04-23 03:45:00,116.656,116.665,116.64,116.664,104,17,0
2026-04-23 04:00:00,116.666,116.701,116.66,116.699,120,17,0
2026-04-23 04:15:00,116.702,116.712,116.676,116.682,76,17,0
2026-04-23 04:30:00,116.683,116.709,116.682,116.701,45,17,0
2026-04-23 04:45:00,116.702,116.719,116.702,116.709,77,17,0
2026-04-23 05:00:00,116.707,116.724,116.702,116.708,55,17,0
2026-04-23 05:15:00,116.707,116.718,116.702,116.71,87,17,0
2026-04-23 05:30:00,116.712,116.739,116.706,116.725,121,17,0
2026-04-23 05:45:00,116.726,116.735,116.709,116.717,136,17,0
2026-04-23 06:00:00,116.714,116.762,116.71,116.756,200,17,0
2026-04-23 06:15:00,116.754,116.762,116.735,116.747,151,17,0
2026-04-23 06:30:00,116.748,116.776,116.73,116.775,142,17,0
2026-04-23 06:45:00,116.778,116.803,116.771,116.795,173,17,0
2026-04-23 07:00:00,116.799,116.834,116.799,116.814,230,17,0
2026-04-23 07:15:00,116.812,116.815,116.79,116.793,170,17,0
2026-04-23 07:30:00,116.79,116.795,116.745,116.782,216,17,0
2026-04-23 07:45:00,116.781,116.799,116.772,116.78,215,17,0
2026-04-23 08:00:00,116.779,116.841,116.773,116.836,215,17,0
2026-04-23 08:15:00,116.834,116.876,116.829,116.87,168,17,0
2026-04-23 08:30:00,116.867,116.89,116.854,116.883,181,17,0
2026-04-23 08:45:00,116.881,116.898,116.876,116.878,143,17,0
2026-04-23 09:00:00,116.88,116.89,116.845,116.848,190,17,0
2026-04-23 09:15:00,116.845,116.852,116.825,116.846,164,17,0
2026-04-23 09:30:00,116.844,116.859,116.838,116.859,146,17,0
2026-04-23 09:45:00,116.86,116.876,116.847,116.875,167,17,0
2026-04-23 10:00:00,116.877,116.878,116.84,116.853,135,17,0
2026-04-23 10:15:00,116.855,116.861,116.83,116.834,123,17,0
2026-04-23 10:30:00,116.831,116.832,116.762,116.785,265,17,0
2026-04-23 10:45:00,116.784,116.802,116.761,116.77,197,17,0
2026-04-23 11:00:00,116.767,116.823,116.748,116.821,204,17,0
2026-04-23 11:15:00,116.819,116.848,116.808,116.837,163,17,0
2026-04-23 11:30:00,116.839,116.839,116.793,116.803,228,17,0
2026-04-23 11:45:00,116.805,116.805,116.727,116.743,401,17,0
2026-04-23 12:00:00,116.744,116.749,116.601,116.601,447,17,0
2026-04-23 12:15:00,116.604,116.654,116.604,116.625,303,17,0
2026-04-23 12:30:00,116.626,116.635,116.593,116.627,307,17,0
2026-04-23 12:45:00,116.625,116.67,116.6,116.6,522,17,0
2026-04-23 13:00:00,116.602,116.639,116.592,116.619,329,17,0
2026-04-23 13:15:00,116.617,116.627,116.584,116.592,273,17,0
2026-04-23 13:30:00,116.589,116.624,116.56,116.62,401,17,0
2026-04-23 13:45:00,116.625,116.675,116.606,116.628,439,17,0
2026-04-23 14:00:00,116.63,116.692,116.599,116.692,369,17,0
2026-04-23 14:15:00,116.695,116.736,116.644,116.666,395,17,0
2026-04-23 14:30:00,116.668,116.688,116.597,116.597,269,17,0
2026-04-23 14:45:00,116.6,116.605,116.525,116.551,362,17,0
2026-04-23 15:00:00,116.549,116.549,116.488,116.519,346,17,0
2026-04-23 15:15:00,116.52,116.559,116.472,116.495,298,17,0
2026-04-23 15:30:00,116.497,116.529,116.48,116.504,246,17,0
2026-04-23 15:45:00,116.507,116.537,116.49,116.53,320,17,0
2026-04-23 16:00:00,116.527,116.536,116.445,116.445,295,17,0
2026-04-23 16:15:00,116.447,116.483,116.447,116.458,226,17,0
2026-04-23 16:30:00,116.456,116.476,116.44,116.454,164,17,0
2026-04-23 16:45:00,116.453,116.468,116.446,116.451,168,17,0
2026-04-23 17:00:00,116.452,116.51,116.451,116.5,490,17,0
2026-04-23 17:15:00,116.502,116.583,116.502,116.58,415,17,0
2026-04-23 17:30:00,116.582,116.622,116.581,116.583,466,17,0
2026-04-23 17:45:00,116.581,116.591,116.506,116.511,618,17,0
2026-04-23 18:00:00,116.509,116.518,116.477,116.495,526,17,0
2026-04-23 18:15:00,116.497,116.535,116.492,116.522,329,17,0
2026-04-23 18:30:00,116.521,116.537,116.502,116.528,200,17,0
2026-04-23 18:45:00,116.527,116.572,116.521,116.567,267,17,0
2026-04-23 19:00:00,116.571,116.589,116.555,116.588,269,17,0
2026-04-23 19:15:00,116.59,116.609,116.577,116.608,145,17,0
2026-04-23 19:30:00,116.605,116.633,116.601,116.623,205,17,0
2026-04-23 19:45:00,116.625,116.63,116.596,116.617,250,17,0
2026-04-23 20:00:00,116.62,116.64,116.602,116.604,136,17,0
2026-04-23 20:15:00,116.607,116.62,116.596,116.619,98,17,0
2026-04-23 20:30:00,116.621,116.621,116.587,116.601,71,17,0
2026-04-23 20:45:00,116.599,116.626,116.59,116.59,127,17,0
2026-04-23 21:00:00,116.565,116.565,116.404,116.449,10,70,0
2026-04-23 21:15:00,116.459,116.497,116.448,116.455,39,91,0
2026-04-23 21:30:00,116.462,116.566,116.462,116.565,117,89,0
2026-04-23 21:45:00,116.564,116.564,116.518,116.541,97,79,0
2026-04-23 22:00:00,116.547,116.583,116.547,116.551,89,54,0
2026-04-23 22:15:00,116.553,116.556,116.532,116.547,31,44,0
2026-04-23 22:30:00,116.549,116.602,116.549,116.588,46,39,0
2026-04-23 22:45:00,116.589,116.599,116.579,116.584,33,38,0
2026-04-23 23:00:00,116.594,116.604,116.583,116.593,35,17,0
2026-04-23 23:15:00,116.596,116.608,116.582,116.597,79,17,0
2026-04-23 23:30:00,116.599,116.633,116.596,116.633,39,17,0
2026-04-23 23:45:00,116.635,116.637,116.606,116.615,104,17,0
2026-04-24 00:00:00,116.616,116.634,116.602,116.619,247,17,0
2026-04-24 00:15:00,116.617,116.629,116.589,116.589,130,17,0
2026-04-24 00:30:00,116.587,116.627,116.57,116.626,151,17,0
2026-04-24 00:45:00,116.624,116.655,116.609,116.646,307,17,0
2026-04-24 01:00:00,116.648,116.651,116.624,116.651,159,17,0
2026-04-24 01:15:00,116.652,116.654,116.635,116.644,92,17,0
2026-04-24 01:30:00,116.645,116.651,116.629,116.634,114,17,0
2026-04-24 01:45:00,116.635,116.638,116.612,116.62,102,17,0
2026-04-24 02:00:00,116.622,116.641,116.619,116.62,91,17,0
2026-04-24 02:15:00,116.619,116.626,116.61,116.611,67,17,0
2026-04-24 02:30:00,116.61,116.612,116.58,116.581,96,17,0
2026-04-24 02:45:00,116.583,116.583,116.544,116.55,69,17,0
2026-04-24 03:00:00,116.552,116.577,116.55,116.572,119,17,0
2026-04-24 03:15:00,116.569,116.569,116.54,116.55,88,17,0
2026-04-24 03:30:00,116.551,116.559,116.54,116.551,90,17,0
2026-04-24 03:45:00,116.554,116.576,116.536,116.545,98,17,0
2026-04-24 04:00:00,116.544,116.552,116.53,116.543,103,17,0
2026-04-24 04:15:00,116.542,116.548,116.531,116.538,75,17,0
2026-04-24 04:30:00,116.537,116.537,116.497,116.5,70,17,0
2026-04-24 04:45:00,116.497,116.54,116.489,116.539,102,17,0
2026-04-24 05:00:00,116.537,116.558,116.523,116.543,102,17,0
2026-04-24 05:15:00,116.544,116.568,116.544,116.564,70,17,0
2026-04-24 05:30:00,116.563,116.563,116.544,116.552,106,17,0
2026-04-24 05:45:00,116.553,116.578,116.552,116.574,100,17,0
2026-04-24 06:00:00,116.572,116.579,116.494,116.497,161,17,0
2026-04-24 06:15:00,116.5,116.532,116.5,116.525,156,17,0
2026-04-24 06:30:00,116.527,116.535,116.421,116.441,206,17,0
2026-04-24 06:45:00,116.438,116.487,116.433,116.47,216,17,0
2026-04-24 07:00:00,116.468,116.475,116.432,116.445,232,17,0
2026-04-24 07:15:00,116.444,116.501,116.442,116.49,173,17,0
2026-04-24 07:30:00,116.493,116.521,116.461,116.504,200,17,0
2026-04-24 07:45:00,116.507,116.565,116.504,116.564,156,17,0
2026-04-24 08:00:00,116.566,116.633,116.543,116.618,217,17,0
2026-04-24 08:15:00,116.62,116.666,116.607,116.661,285,17,0
2026-04-24 08:30:00,116.662,116.682,116.657,116.681,172,17,0
2026-04-24 08:45:00,116.682,116.688,116.648,116.671,226,17,0
2026-04-24 09:00:00,116.668,116.699,116.657,116.664,163,17,0
2026-04-24 09:15:00,116.663,116.703,116.662,116.686,202,17,0
2026-04-24 09:30:00,116.684,116.7,116.665,116.689,144,17,0
2026-04-24 09:45:00,116.69,116.696,116.664,116.695,119,17,0
2026-04-24 10:00:00,116.693,116.703,116.678,116.696,119,17,0
2026-04-24 10:15:00,116.698,116.712,116.693,116.705,135,17,0
2026-04-24 10:30:00,116.704,116.717,116.693,116.709,165,17,0
2026-04-24 10:45:00,116.707,116.718,116.681,116.686,144,17,0
2026-04-24 11:00:00,116.683,116.704,116.557,116.559,473,17,0
2026-04-24 11:15:00,116.557,116.574,116.411,116.412,536,17,0
2026-04-24 11:30:00,116.413,116.53,116.405,116.528,419,17,0
2026-04-24 11:45:00,116.53,116.554,116.519,116.535,262,17,0
2026-04-24 12:00:00,116.533,116.55,116.503,116.515,282,17,0
2026-04-24 12:15:00,116.513,116.588,116.495,116.566,314,17,0
2026-04-24 12:30:00,116.563,116.626,116.557,116.613,283,17,0
2026-04-24 12:45:00,116.611,116.646,116.591,116.616,306,17,0
2026-04-24 13:00:00,116.613,116.613,116.519,116.521,337,17,0
2026-04-24 13:15:00,116.519,116.638,116.517,116.587,377,17,0
2026-04-24 13:30:00,116.585,116.603,116.508,116.522,428,17,0
2026-04-24 13:45:00,116.519,116.558,116.51,116.556,327,17,0
2026-04-24 14:00:00,116.555,116.564,116.451,116.475,604,17,0
2026-04-24 14:15:00,116.476,116.504,116.453,116.495,378,17,0
2026-04-24 14:30:00,116.499,116.506,116.468,116.493,323,17,0
2026-04-24 14:45:00,116.494,116.581,116.486,116.546,447,17,0
2026-04-24 15:00:00,116.548,116.609,116.533,116.579,333,17,0
2026-04-24 15:15:00,116.577,116.593,116.549,116.581,283,17,0
2026-04-24 15:30:00,116.583,116.615,116.51,116.515,377,17,0
2026-04-24 15:45:00,116.512,116.546,116.499,116.52,534,17,0
2026-04-24 16:00:00,116.522,116.522,116.481,116.514,289,17,0
2026-04-24 16:15:00,116.513,116.547,116.507,116.538,236,17,0
2026-04-24 16:30:00,116.535,116.55,116.511,116.541,227,17,0
2026-04-24 16:45:00,116.54,116.558,116.526,116.536,214,17,0
2026-04-24 17:00:00,116.534,116.574,116.519,116.574,245,17,0
2026-04-24 17:15:00,116.573,116.612,116.573,116.611,183,17,0
2026-04-24 17:30:00,116.613,116.62,116.583,116.61,206,17,0
2026-04-24 17:45:00,116.609,116.625,116.585,116.615,172,17,0
2026-04-24 18:00:00,116.612,116.647,116.6,116.641,132,17,0
2026-04-24 18:15:00,116.642,116.656,116.629,116.643,154,17,0
2026-04-24 18:30:00,116.644,116.677,116.644,116.653,141,17,0
2026-04-24 18:45:00,116.65,116.668,116.646,116.65,138,17,0
2026-04-24 19:00:00,116.648,116.664,116.639,116.642,160,17,0
2026-04-24 19:15:00,116.641,116.663,116.627,116.662,136,17,0
2026-04-24 19:30:00,116.664,116.672,116.652,116.66,139,17,0
2026-04-24 19:45:00,116.663,116.67,116.647,116.653,138,17,0
2026-04-24 20:00:00,116.652,116.654,116.617,116.63,124,17,0
2026-04-24 20:15:00,116.632,116.647,116.593,116.613,111,17,0
2026-04-24 20:30:00,116.615,116.631,116.598,116.614,100,17,0
2026-04-24 20:45:00,116.61,116.618,116.565,116.574,189,17,0
2026-04-26 21:00:00,116.625,116.633,116.623,116.63,5,92,0
2026-04-26 21:15:00,116.629,116.629,116.575,116.601,53,87,0
2026-04-26 21:30:00,116.605,116.614,116.602,116.614,52,77,0
2026-04-26 21:45:00,116.615,116.633,116.582,116.623,143,54,0
2026-04-26 22:00:00,116.612,116.635,116.579,116.62,134,61,0
2026-04-26 22:15:00,116.627,116.631,116.617,116.628,57,54,0
2026-04-26 22:30:00,116.627,116.664,116.617,116.664,63,50,0
2026-04-26 22:45:00,116.665,116.669,116.639,116.64,46,47,0
2026-04-26 23:00:00,116.655,116.655,116.621,116.641,96,17,0
2026-04-26 23:15:00,116.64,116.662,116.633,116.661,62,17,0
2026-04-26 23:30:00,116.664,116.674,116.659,116.66,58,17,0
2026-04-26 23:45:00,116.662,116.686,116.661,116.669,78,17,0
2026-04-27 00:00:00,116.668,116.668,116.629,116.632,176,17,0
2026-04-27 00:15:00,116.631,116.647,116.616,116.641,118,17,0
2026-04-27 00:30:00,116.638,116.655,116.627,116.651,89,17,0
2026-04-27 00:45:00,116.649,116.695,116.641,116.663,250,17,0
2026-04-27 01:00:00,116.661,116.668,116.596,116.61,400,17,0
2026-04-27 01:15:00,116.613,116.631,116.601,116.625,217,17,0
2026-04-27 01:30:00,116.628,116.651,116.615,116.63,132,17,0
2026-04-27 01:45:00,116.631,116.634,116.567,116.617,177,17,0
2026-04-27 02:00:00,116.616,116.626,116.579,116.582,154,17,0
2026-04-27 02:15:00,116.581,116.618,116.581,116.6,98,17,0
2026-04-27 02:30:00,116.599,116.599,116.574,116.582,117,17,0
2026-04-27 02:45:00,116.581,116.592,116.57,116.587,111,17,0
2026-04-27 03:00:00,116.589,116.596,116.558,116.565,128,17,0
2026-04-27 03:15:00,116.563,116.583,116.561,116.583,93,17,0
2026-04-27 03:30:00,116.581,116.583,116.531,116.538,94,17,0
2026-04-27 03:45:00,116.54,116.544,116.525,116.539,114,17,0
2026-04-27 04:00:00,116.536,116.536,116.513,116.519,71,17,0
2026-04-27 04:15:00,116.518,116.518,116.477,116.492,88,17,0
2026-04-27 04:30:00,116.491,116.533,116.491,116.533,101,17,0
2026-04-27 04:45:00,116.532,116.548,116.516,116.537,106,17,0
2026-04-27 05:00:00,116.54,116.559,116.532,116.551,70,17,0
2026-04-27 05:15:00,116.553,116.576,116.552,116.575,70,17,0
2026-04-27 05:30:00,116.576,116.608,116.575,116.597,117,17,0
2026-04-27 05:45:00,116.599,116.669,116.583,116.665,151,17,0
2026-04-27 06:00:00,116.668,116.724,116.657,116.714,281,17,0
2026-04-27 06:15:00,116.716,116.725,116.651,116.653,148,17,0
2026-04-27 06:30:00,116.655,116.687,116.645,116.648,171,17,0
2026-04-27 06:45:00,116.646,116.654,116.611,116.621,145,17,0
2026-04-27 07:00:00,116.622,116.667,116.614,116.667,253,17,0
2026-04-27 07:15:00,116.668,116.72,116.646,116.676,238,17,0
2026-04-27 07:30:00,116.675,116.682,116.648,116.669,185,17,0
2026-04-27 07:45:00,116.67,116.775,116.67,116.769,244,17,0
2026-04-27 08:00:00,116.772,116.829,116.762,116.816,383,17,0
2026-04-27 08:15:00,116.814,116.876,116.796,116.867,271,17,0
2026-04-27 08:30:00,116.864,116.907,116.836,116.893,226,17,0
2026-04-27 08:45:00,116.892,116.918,116.864,116.876,210,17,0
2026-04-27 09:00:00,116.877,116.889,116.861,116.872,182,17,0
2026-04-27 09:15:00,116.871,116.937,116.871,116.937,143,17,0
2026-04-27 09:30:00,116.938,116.942,116.906,116.942,151,17,0
2026-04-27 09:45:00,116.943,117.007,116.941,117.004,196,17,0
2026-04-27 10:00:00,117.001,117.033,116.985,117.026,175,17,0
2026-04-27 10:15:00,117.024,117.029,116.969,116.984,149,17,0
2026-04-27 10:30:00,116.985,116.985,116.937,116.938,125,17,0
2026-04-27 10:45:00,116.937,116.961,116.918,116.95,171,17,0
2026-04-27 11:00:00,116.952,116.959,116.905,116.922,190,17,0
2026-04-27 11:15:00,116.926,116.96,116.899,116.908,211,17,0
2026-04-27 11:30:00,116.904,116.93,116.892,116.918,193,17,0
2026-04-27 11:45:00,116.917,116.979,116.908,116.97,195,17,0
2026-04-27 12:00:00,116.968,117.056,116.961,117.041,237,17,0
2026-04-27 12:15:00,117.039,117.043,116.982,117.014,312,17,0
2026-04-27 12:30:00,117.012,117.03,116.956,117.009,325,17,0
2026-04-27 12:45:00,117.012,117.06,116.99,117.058,303,17,0
2026-04-27 13:00:00,117.061,117.077,117.021,117.054,414,17,0
2026-04-27 13:15:00,117.051,117.051,116.982,116.985,271,17,0
2026-04-27 13:30:00,116.988,117.054,116.988,117.034,283,17,0
2026-04-27 13:45:00,117.036,117.051,116.995,117.025,313,17,0
2026-04-27 14:00:00,117.023,117.059,117.019,117.049,289,17,0
2026-04-27 14:15:00,117.047,117.079,117.027,117.027,281,17,0
2026-04-27 14:30:00,117.026,117.048,116.973,116.977,315,17,0
2026-04-27 14:45:00,116.975,116.979,116.861,116.948,376,17,0
2026-04-27 15:00:00,116.947,116.964,116.92,116.933,315,17,0
2026-04-27 15:15:00,116.932,116.954,116.915,116.942,287,17,0
2026-04-27 15:30:00,116.943,116.985,116.923,116.971,257,17,0
2026-04-27 15:45:00,116.97,117.002,116.968,116.99,241,17,0
2026-04-27 16:00:00,116.988,117.015,116.977,117.003,216,17,0
2026-04-27 16:15:00,117.002,117.019,116.989,117.008,161,17,0
2026-04-27 16:30:00,117.01,117.032,117.001,117.025,170,17,0
2026-04-27 16:45:00,117.024,117.048,117.012,117.046,138,17,0
2026-04-27 17:00:00,117.044,117.062,117.029,117.035,172,17,0
2026-04-27 17:15:00,117.037,117.063,117.024,117.031,172,17,0
2026-04-27 17:30:00,117.033,117.037,117.004,117.02,149,17,0
2026-04-27 17:45:00,117.021,117.022,117.002,117.017,102,17,0
2026-04-27 18:00:00,117.019,117.06,117.019,117.06,116,17,0
2026-04-27 18:15:00,117.062,117.077,117.024,117.029,138,17,0
2026-04-27 18:30:00,117.031,117.037,116.997,117.008,145,17,0
2026-04-27 18:45:00,117.009,117.019,116.992,117.007,125,17,0
2026-04-27 19:00:00,117.008,117.02,116.984,116.985,126,17,0
2026-04-27 19:15:00,116.986,116.998,116.958,116.967,97,17,0
2026-04-27 19:30:00,116.969,116.979,116.939,116.972,127,17,0
2026-04-27 19:45:00,116.971,116.977,116.915,116.931,186,17,0
2026-04-27 20:00:00,116.928,116.932,116.902,116.923,103,17,0
2026-04-27 20:15:00,116.924,116.963,116.917,116.959,62,17,0
2026-04-27 20:30:00,116.958,116.982,116.948,116.982,86,17,0
2026-04-27 20:45:00,116.981,117.009,116.973,116.992,89,17,0
2026-04-27 21:00:00,116.987,116.987,116.981,116.981,2,26,0
2026-04-27 21:15:00,116.947,116.973,116.927,116.969,13,44,0
2026-04-27 21:30:00,116.95,116.978,116.945,116.977,47,37,0
2026-04-27 21:45:00,116.979,116.988,116.972,116.983,52,33,0
2026-04-27 22:00:00,116.983,117.017,116.958,116.999,94,38,0
2026-04-27 22:15:00,116.997,117.008,116.979,117.004,62,38,0
2026-04-27 22:30:00,117.006,117.012,116.996,117.003,30,38,0
2026-04-27 22:45:00,117.002,117.008,116.994,117.0,19,38,0
2026-04-27 23:00:00,117.011,117.017,116.988,117.002,78,17,0
2026-04-27 23:15:00,117.003,117.046,117.002,117.026,83,17,0
2026-04-27 23:30:00,117.025,117.041,117.015,117.025,47,17,0
2026-04-27 23:45:00,117.022,117.023,116.977,116.991,76,17,0
2026-04-28 00:00:00,116.992,117.051,116.964,117.045,199,17,0
2026-04-28 00:15:00,117.043,117.043,116.989,116.994,165,17,0
2026-04-28 00:30:00,116.993,117.021,116.993,117.01,114,17,0
2026-04-28 00:45:00,117.013,117.069,116.993,117.043,222,17,0
2026-04-28 01:00:00,117.041,117.072,117.005,117.034,220,17,0
2026-04-28 01:15:00,117.031,117.043,116.99,116.997,176,17,0
2026-04-28 01:30:00,116.998,117.025,116.99,116.992,112,17,0
2026-04-28 01:45:00,116.995,117.024,116.981,117.01,139,17,0
2026-04-28 02:00:00,117.011,117.022,116.97,116.971,138,17,0
2026-04-28 02:15:00,116.97,116.991,116.952,116.958,134,17,0
2026-04-28 02:30:00,116.96,116.973,116.944,116.953,87,17,0
2026-04-28 02:45:00,116.951,116.978,116.94,116.963,94,17,0
2026-04-28 03:00:00,116.964,116.992,116.74,116.771,948,17,0
2026-04-28 03:15:00,116.775,116.826,116.712,116.714,276,17,0
2026-04-28 03:30:00,116.712,116.714,116.623,116.702,372,17,0
2026-04-28 03:45:00,116.705,116.711,116.673,116.693,140,17,0
2026-04-28 04:00:00,116.691,116.691,116.632,116.65,205,17,0
2026-04-28 04:15:00,116.648,116.67,116.634,116.654,133,17,0
2026-04-28 04:30:00,116.657,116.686,116.616,116.617,164,17,0
2026-04-28 04:45:00,116.615,116.691,116.612,116.689,149,17,0
2026-04-28 05:00:00,116.688,116.727,116.67,116.688,185,17,0
2026-04-28 05:15:00,116.69,116.696,116.652,116.678,138,17,0
2026-04-28 05:30:00,116.681,116.712,116.667,116.702,169,17,0
2026-04-28 05:45:00,116.703,116.749,116.685,116.739,153,17,0
2026-04-28 06:00:00,116.741,116.76,116.703,116.754,238,17,0
2026-04-28 06:15:00,116.756,116.774,116.724,116.733,221,17,0
2026-04-28 06:30:00,116.735,116.741,116.623,116.738,444,17,0
2026-04-28 06:45:00,116.736,116.799,116.71,116.769,604,17,0
2026-04-28 07:00:00,116.772,116.918,116.772,116.918,431,17,0
2026-04-28 07:15:00,116.915,116.951,116.819,116.863,390,17,0
2026-04-28 07:30:00,116.865,116.925,116.839,116.881,353,17,0
2026-04-28 07:45:00,116.885,116.997,116.885,116.977,301,17,0
2026-04-28 08:00:00,116.979,117.07,116.967,116.971,538,17,0
2026-04-28 08:15:00,116.968,117.014,116.942,116.942,348,17,0
2026-04-28 08:30:00,116.939,116.942,116.898,116.904,261,17,0
2026-04-28 08:45:00,116.903,116.912,116.859,116.859,234,17,0
2026-04-28 09:00:00,116.86,116.89,116.806,116.875,298,17,0
2026-04-28 09:15:00,116.874,116.876,116.838,116.848,224,17,0
2026-04-28 09:30:00,116.849,116.87,116.838,116.849,229,17,0
2026-04-28 09:45:00,116.848,116.873,116.823,116.866,234,17,0
2026-04-28 10:00:00,116.865,116.898,116.846,116.872,199,17,0
2026-04-28 10:15:00,116.869,116.885,116.855,116.864,196,17,0
2026-04-28 10:30:00,116.865,116.868,116.801,116.804,232,17,0
2026-04-28 10:45:00,116.806,116.828,116.797,116.819,188,17,0
2026-04-28 11:00:00,116.821,116.87,116.815,116.837,236,17,0
2026-04-28 11:15:00,116.835,116.887,116.811,116.851,261,17,0
2026-04-28 11:30:00,116.849,116.885,116.827,116.874,266,17,0
2026-04-28 11:45:00,116.875,116.882,116.84,116.842,292,17,0
2026-04-28 12:00:00,116.84,116.847,116.787,116.805,359,17,0
2026-04-28 12:15:00,116.804,116.844,116.741,116.751,533,17,0
2026-04-28 12:30:00,116.753,116.763,116.698,116.703,352,17,0
2026-04-28 12:45:00,116.702,116.709,116.592,116.613,419,17,0
2026-04-28 13:00:00,116.615,116.717,116.593,116.673,398,17,0
2026-04-28 13:15:00,116.672,116.706,116.605,116.61,426,17,0
2026-04-28 13:30:00,116.614,116.746,116.599,116.699,551,17,0
2026-04-28 13:45:00,116.701,116.748,116.692,116.722,355,17,0
2026-04-28 14:00:00,116.727,116.759,116.711,116.744,380,17,0
2026-04-28 14:15:00,116.746,116.815,116.731,116.781,345,17,0
2026-04-28 14:30:00,116.783,116.797,116.735,116.742,409,17,0
2026-04-28 14:45:00,116.74,116.769,116.664,116.672,578,17,0
2026-04-28 15:00:00,116.669,116.704,116.631,116.691,417,17,0
2026-04-28 15:15:00,116.692,116.713,116.661,116.682,318,17,0
2026-04-28 15:30:00,116.685,116.727,116.682,116.689,272,17,0
2026-04-28 15:45:00,116.692,116.704,116.673,116.693,211,17,0
2026-04-28 16:00:00,116.696,116.697,116.66,116.672,239,17,0
2026-04-28 16:15:00,116.673,116.692,116.65,116.656,212,17,0
2026-04-28 16:30:00,116.657,116.661,116.612,116.622,217,17,0
2026-04-28 16:45:00,116.623,116.629,116.595,116.628,192,17,0
2026-04-28 17:00:00,116.626,116.662,116.623,116.642,173,17,0
2026-04-28 17:15:00,116.64,116.666,116.633,116.639,144,17,0
2026-04-28 17:30:00,116.637,116.674,116.627,116.667,178,17,0
2026-04-28 17:45:00,116.669,116.669,116.631,116.649,139,17,0
2026-04-28 18:00:00,116.647,116.675,116.64,116.644,146,17,0
2026-04-28 18:15:00,116.641,116.648,116.631,116.636,161,17,0
2026-04-28 18:30:00,116.635,116.666,116.616,116.616,139,17,0
2026-04-28 18:45:00,116.617,116.652,116.616,116.646,172,17,0
2026-04-28 19:00:00,116.645,116.659,116.633,116.644,98,17,0
2026-04-28 19:15:00,116.645,116.68,116.643,116.665,113,17,0
2026-04-28 19:30:00,116.668,116.691,116.655,116.673,113,17,0
2026-04-28 19:45:00,116.674,116.699,116.654,116.667,153,17,0
2026-04-28 20:00:00,116.665,116.673,116.617,116.62,127,17,0
2026-04-28 20:15:00,116.619,116.639,116.619,116.625,106,17,0
2026-04-28 20:30:00,116.623,116.663,116.62,116.662,66,17,0
2026-04-28 20:45:00,116.664,116.669,116.624,116.65,129,17,0
2026-04-28 21:00:00,116.621,116.623,116.612,116.619,7,80,0
2026-04-28 21:15:00,116.624,116.68,116.62,116.68,23,65,0
2026-04-28 21:30:00,116.674,116.701,116.674,116.686,31,47,0
2026-04-28 21:45:00,116.688,116.688,116.615,116.617,86,39,0
2026-04-28 22:00:00,116.625,116.663,116.625,116.629,59,38,0
2026-04-28 22:15:00,116.626,116.642,116.625,116.627,31,38,0
2026-04-28 22:30:00,116.633,116.633,116.61,116.61,16,38,0
2026-04-28 22:45:00,116.614,116.633,116.614,116.62,20,38,0
2026-04-28 23:00:00,116.629,116.631,116.609,116.625,36,17,0
2026-04-28 23:15:00,116.626,116.626,116.606,116.62,42,17,0
2026-04-28 23:30:00,116.621,116.638,116.621,116.629,48,17,0
2026-04-28 23:45:00,116.632,116.637,116.622,116.628,57,17,0
2026-04-29 00:00:00,116.626,116.665,116.623,116.654,146,17,0
2026-04-29 00:15:00,116.652,116.654,116.636,116.638,83,17,0
2026-04-29 00:30:00,116.637,116.64,116.621,116.624,57,17,0
2026-04-29 00:45:00,116.625,116.635,116.607,116.616,118,17,0
2026-04-29 01:00:00,116.614,116.647,116.601,116.628,242,17,0
2026-04-29 01:15:00,116.626,116.664,116.61,116.662,119,17,0
2026-04-29 01:30:00,116.658,116.667,116.608,116.638,255,17,0
2026-04-29 01:45:00,116.636,116.663,116.619,116.644,165,17,0
2026-04-29 02:00:00,116.645,116.663,116.639,116.659,125,17,0
2026-04-29 02:15:00,116.657,116.661,116.633,116.647,99,17,0
2026-04-29 02:30:00,116.646,116.659,116.629,116.637,106,17,0
2026-04-29 02:45:00,116.636,116.663,116.626,116.641,73,17,0
2026-04-29 03:00:00,116.642,116.654,116.636,116.641,83,17,0
2026-04-29 03:15:00,116.643,116.643,116.625,116.634,63,17,0
2026-04-29 03:30:00,116.632,116.634,116.615,116.624,69,17,0
2026-04-29 03:45:00,116.625,116.631,116.616,116.62,61,17,0
2026-04-29 04:00:00,116.622,116.633,116.617,116.63,63,17,0
2026-04-29 04:15:00,116.632,116.64,116.631,116.639,29,17,0
2026-04-29 04:30:00,116.638,116.649,116.627,116.628,38,17,0
2026-04-29 04:45:00,116.627,116.641,116.626,116.64,31,17,0
2026-04-29 05:00:00,116.639,116.652,116.626,116.642,73,17,0
2026-04-29 05:15:00,116.639,116.64,116.628,116.629,61,17,0
2026-04-29 05:30:00,116.628,116.644,116.622,116.641,103,17,0
2026-04-29 05:45:00,116.64,116.669,116.632,116.666,73,17,0
2026-04-29 06:00:00,116.664,116.674,116.648,116.664,125,17,0
2026-04-29 06:15:00,116.666,116.672,116.654,116.666,109,17,0
2026-04-29 06:30:00,116.668,116.668,116.642,116.647,128,17,0
2026-04-29 06:45:00,116.648,116.656,116.604,116.626,161,17,0
2026-04-29 07:00:00,116.623,116.674,116.619,116.667,214,17,0
2026-04-29 07:15:00,116.666,116.704,116.659,116.663,151,17,0
2026-04-29 07:30:00,116.661,116.71,116.651,116.71,179,17,0
2026-04-29 07:45:00,116.713,116.733,116.7,116.713,188,17,0
2026-04-29 08:00:00,116.71,116.779,116.698,116.743,314,17,0
2026-04-29 08:15:00,116.741,116.771,116.73,116.764,180,17,0
2026-04-29 08:30:00,116.763,116.776,116.741,116.753,175,17,0
2026-04-29 08:45:00,116.75,116.77,116.744,116.759,114,17,0
2026-04-29 09:00:00,116.756,116.768,116.742,116.759,132,17,0
2026-04-29 09:15:00,116.758,116.767,116.728,116.746,122,17,0
2026-04-29 09:30:00,116.749,116.768,116.727,116.744,139,17,0
2026-04-29 09:45:00,116.746,116.769,116.722,116.733,172,17,0
2026-04-29 10:00:00,116.731,116.766,116.724,116.755,162,17,0
2026-04-29 10:15:00,116.757,116.76,116.718,116.726,134,17,0
2026-04-29 10:30:00,116.727,116.733,116.709,116.711,116,17,0
2026-04-29 10:45:00,116.71,116.752,116.71,116.746,138,17,0
2026-04-29 11:00:00,116.743,116.829,116.742,116.815,220,17,0
2026-04-29 11:15:00,116.817,116.841,116.81,116.841,153,17,0
2026-04-29 11:30:00,116.84,116.845,116.8,116.833,167,17,0
2026-04-29 11:45:00,116.836,116.87,116.827,116.844,122,17,0
2026-04-29 12:00:00,116.847,116.892,116.832,116.884,182,17,0
2026-04-29 12:15:00,116.885,116.9,116.867,116.869,226,17,0
2026-04-29 12:30:00,116.867,116.94,116.867,116.938,227,17,0
2026-04-29 12:45:00,116.941,116.971,116.928,116.962,281,17,0
2026-04-29 13:00:00,116.959,117.005,116.934,116.947,265,17,0
2026-04-29 13:15:00,116.949,116.965,116.885,116.94,493,17,0
2026-04-29 13:30:00,116.938,116.974,116.917,116.933,443,17,0
2026-04-29 13:45:00,116.935,116.943,116.804,116.933,598,17,0
2026-04-29 14:00:00,116.934,116.944,116.876,116.928,441,17,0
2026-04-29 14:15:00,116.927,116.979,116.901,116.957,326,17,0
2026-04-29 14:30:00,116.961,117.015,116.888,117.01,383,17,0
2026-04-29 14:45:00,117.008,117.097,116.992,117.051,543,17,0
2026-04-29 15:00:00,117.052,117.088,117.038,117.082,383,17,0
2026-04-29 15:15:00,117.08,117.134,117.063,117.101,298,17,0
2026-04-29 15:30:00,117.104,117.164,117.095,117.152,289,17,0
2026-04-29 15:45:00,117.15,117.194,117.127,117.188,480,17,0
2026-04-29 16:00:00,117.187,117.217,117.15,117.213,296,17,0
2026-04-29 16:15:00,117.215,117.217,117.17,117.217,231,17,0
2026-04-29 16:30:00,117.22,117.233,117.203,117.216,273,17,0
2026-04-29 16:45:00,117.215,117.245,117.204,117.218,198,17,0
2026-04-29 17:00:00,117.217,117.239,117.184,117.187,261,17,0
2026-04-29 17:15:00,117.188,117.207,117.166,117.177,197,17,0
2026-04-29 17:30:00,117.179,117.192,117.146,117.177,179,17,0
2026-04-29 17:45:00,117.175,117.202,117.158,117.168,238,17,0
2026-04-29 18:00:00,117.164,117.202,117.113,117.132,626,17,0
2026-04-29 18:15:00,117.134,117.15,117.09,117.136,363,17,0
2026-04-29 18:30:00,117.134,117.178,117.124,117.165,654,17,0
2026-04-29 18:45:00,117.168,117.18,117.139,117.156,412,17,0
2026-04-29 19:00:00,117.158,117.183,117.144,117.153,361,17,0
2026-04-29 19:15:00,117.154,117.186,117.148,117.169,274,17,0
2026-04-29 19:30:00,117.17,117.218,117.152,117.215,207,17,0
2026-04-29 19:45:00,117.216,117.229,117.193,117.213,251,17,0
2026-04-29 20:00:00,117.214,117.243,117.202,117.21,237,17,0
2026-04-29 20:15:00,117.212,117.253,117.193,117.253,132,17,0
2026-04-29 20:30:00,117.251,117.29,117.244,117.257,177,17,0
2026-04-29 20:45:00,117.254,117.282,117.136,117.139,210,17,0
2026-04-29 21:00:00,117.138,117.138,117.11,117.11,7,140,0
2026-04-29 21:15:00,117.112,117.193,117.108,117.179,34,49,0
2026-04-29 21:30:00,117.164,117.192,117.151,117.174,93,39,0
2026-04-29 21:45:00,117.177,117.227,117.161,117.227,142,35,0
2026-04-29 22:00:00,117.241,117.264,117.194,117.226,131,38,0
2026-04-29 22:15:00,117.225,117.231,117.214,117.228,72,38,0
2026-04-29 22:30:00,117.23,117.251,117.23,117.235,56,38,0
2026-04-29 22:45:00,117.239,117.243,117.197,117.197,53,38,0
2026-04-29 23:00:00,117.207,117.233,117.183,117.184,95,17,0
2026-04-29 23:15:00,117.183,117.187,117.158,117.163,87,17,0
2026-04-29 23:30:00,117.165,117.186,117.141,117.144,128,17,0
2026-04-29 23:45:00,117.143,117.2,117.143,117.195,148,17,0
2026-04-30 00:00:00,117.193,117.209,117.129,117.138,331,17,0
2026-04-30 00:15:00,117.135,117.175,117.135,117.171,184,17,0
2026-04-30 00:30:00,117.17,117.198,117.165,117.184,163,17,0
2026-04-30 00:45:00,117.18,117.244,117.176,117.231,382,17,0
2026-04-30 01:00:00,117.233,117.239,117.195,117.218,240,17,0
2026-04-30 01:15:00,117.217,117.228,117.172,117.179,226,17,0
2026-04-30 01:30:00,117.18,117.206,117.179,117.2,209,17,0
2026-04-30 01:45:00,117.202,117.214,117.168,117.176,232,17,0
2026-04-30 02:00:00,117.179,117.203,117.17,117.195,163,17,0
2026-04-30 02:15:00,117.196,117.216,117.195,117.212,112,17,0
2026-04-30 02:30:00,117.214,117.245,117.208,117.218,242,17,0
2026-04-30 02:45:00,117.216,117.251,117.21,117.225,183,17,0
2026-04-30 03:00:00,117.223,117.268,117.223,117.263,143,17,0
2026-04-30 03:15:00,117.265,117.292,117.265,117.278,136,17,0
2026-04-30 03:30:00,117.28,117.29,117.271,117.289,113,17,0
2026-04-30 03:45:00,117.29,117.303,117.271,117.3,108,17,0
2026-04-30 04:00:00,117.301,117.306,117.253,117.265,181,17,0
2026-04-30 04:15:00,117.264,117.326,117.26,117.288,224,17,0
2026-04-30 04:30:00,117.291,117.348,117.285,117.31,266,17,0
2026-04-30 04:45:00,117.309,117.326,117.299,117.32,135,17,0
2026-04-30 05:00:00,117.319,117.329,117.302,117.311,152,17,0
2026-04-30 05:15:00,117.31,117.363,117.306,117.362,119,17,0
2026-04-30 05:30:00,117.364,117.381,117.355,117.37,154,17,0
2026-04-30 05:45:00,117.367,117.399,117.342,117.399,211,17,0
2026-04-30 06:00:00,117.402,117.447,117.351,117.443,267,17,0
2026-04-30 06:15:00,117.446,117.456,117.411,117.412,247,17,0
2026-04-30 06:30:00,117.409,117.425,117.374,117.415,277,17,0
2026-04-30 06:45:00,117.413,117.439,117.4,117.426,271,17,0
2026-04-30 07:00:00,117.423,117.446,117.381,117.407,292,17,0
2026-04-30 07:15:00,117.404,117.463,117.394,117.442,285,17,0
2026-04-30 07:30:00,117.445,117.503,117.43,117.501,280,17,0
2026-04-30 07:45:00,117.503,117.51,116.931,117.168,779,17,0
2026-04-30 08:00:00,117.171,117.21,117.031,117.101,1024,17,0
2026-04-30 08:15:00,117.1,117.135,117.003,117.003,634,17,0
2026-04-30 08:30:00,117.001,117.036,116.794,116.817,1046,17,0
2026-04-30 08:45:00,116.819,116.856,116.655,116.753,902,17,0
2026-04-30 09:00:00,116.75,116.761,116.573,116.582,751,17,0
2026-04-30 09:15:00,116.584,116.716,116.56,116.609,598,17,0
2026-04-30 09:30:00,116.606,116.67,116.557,116.613,675,17,0
2026-04-30 09:45:00,116.611,116.698,116.6,116.64,487,17,0
2026-04-30 10:00:00,116.638,116.647,116.522,116.533,479,17,0
2026-04-30 10:15:00,116.532,116.56,115.845,116.021,2004,17,0
2026-04-30 10:30:00,116.016,116.093,115.386,115.458,6689,17,0
2026-04-30 10:45:00,115.457,115.657,115.002,115.133,6036,17,0
2026-04-30 11:00:00,115.134,115.316,114.844,114.905,3660,17,0
2026-04-30 11:15:00,114.908,115.04,114.517,114.611,3822,17,0
2026-04-30 11:30:00,114.6,114.751,114.073,114.127,3903,17,0
2026-04-30 11:45:00,114.125,114.475,113.91,114.475,3193,17,0
2026-04-30 12:00:00,114.472,114.714,114.406,114.458,1317,17,0
2026-04-30 12:15:00,114.455,114.71,114.455,114.655,1219,17,0
2026-04-30 12:30:00,114.658,114.902,114.618,114.898,951,17,0
2026-04-30 12:45:00,114.895,114.901,114.669,114.73,909,17,0
2026-04-30 13:00:00,114.733,114.815,114.352,114.654,1862,17,0
2026-04-30 13:15:00,114.652,114.781,114.569,114.569,1237,17,0
2026-04-30 13:30:00,114.572,114.766,114.553,114.739,886,17,0
2026-04-30 13:45:00,114.742,114.899,114.693,114.88,829,17,0
2026-04-30 14:00:00,114.883,114.921,114.834,114.908,957,17,0
2026-04-30 14:15:00,114.909,114.975,114.867,114.893,763,17,0
2026-04-30 14:30:00,114.894,114.958,114.748,114.791,929,17,0
2026-04-30 14:45:00,114.793,115.15,114.79,115.123,1111,17,0
2026-04-30 15:00:00,115.122,115.219,115.105,115.132,941,17,0
2026-04-30 15:15:00,115.129,115.192,115.095,115.162,498,17,0
2026-04-30 15:30:00,115.164,115.24,115.115,115.142,478,17,0
2026-04-30 15:45:00,115.139,115.199,115.118,115.118,465,17,0
2026-04-30 16:00:00,115.116,115.12,115.023,115.034,366,17,0
2026-04-30 16:15:00,115.037,115.168,115.035,115.16,402,17,0
2026-04-30 16:30:00,115.159,115.197,115.08,115.09,316,17,0
2026-04-30 16:45:00,115.092,115.106,115.035,115.049,279,17,0
2026-04-30 17:00:00,115.047,115.13,115.019,115.071,382,17,0
2026-04-30 17:15:00,115.073,115.08,115.007,115.007,270,17,0
2026-04-30 17:30:00,115.005,115.005,114.948,114.963,323,17,0
2026-04-30 17:45:00,114.961,114.995,114.952,114.985,218,17,0
2026-04-30 18:00:00,114.984,115.029,114.943,115.024,297,17,0
2026-04-30 18:15:00,115.022,115.028,114.977,115.028,291,17,0
2026-04-30 18:30:00,115.03,115.063,115.02,115.025,307,17,0
2026-04-30 18:45:00,115.028,115.151,115.028,115.147,318,17,0
2026-04-30 19:00:00,115.15,115.191,115.097,115.103,355,17,0
2026-04-30 19:15:00,115.104,115.215,115.071,115.183,358,17,0
2026-04-30 19:30:00,115.185,115.209,115.165,115.189,282,17,0
2026-04-30 19:45:00,115.186,115.296,115.177,115.279,381,17,0
2026-04-30 20:00:00,115.276,115.304,115.249,115.286,289,17,0
2026-04-30 20:15:00,115.288,115.292,115.241,115.273,134,17,0
2026-04-30 20:30:00,115.271,115.312,115.258,115.307,143,17,0
2026-04-30 20:45:00,115.306,115.349,115.299,115.337,141,17,0
2026-04-30 21:00:00,115.332,115.332,115.228,115.235,7,29,0
2026-04-30 21:15:00,115.241,115.242,115.224,115.235,14,78,0
2026-04-30 21:30:00,115.239,115.281,115.239,115.28,111,53,0
2026-04-30 21:45:00,115.283,115.296,115.241,115.254,101,40,0
2026-04-30 22:00:00,115.253,115.333,115.25,115.32,95,38,0
2026-04-30 22:15:00,115.319,115.336,115.298,115.334,40,38,0
2026-04-30 22:30:00,115.331,115.394,115.331,115.381,71,38,0
2026-04-30 22:45:00,115.38,115.387,115.349,115.359,93,38,0
2026-04-30 23:00:00,115.368,115.474,115.353,115.472,192,17,0
2026-04-30 23:15:00,115.47,115.473,115.416,115.427,113,17,0
2026-04-30 23:30:00,115.429,115.564,115.429,115.563,222,17,0
2026-04-30 23:45:00,115.565,115.648,115.565,115.615,484,17,0
2026-05-01 00:00:00,115.612,115.773,115.599,115.714,610,17,0
2026-05-01 00:15:00,115.717,115.857,115.713,115.84,448,17,0
2026-05-01 00:30:00,115.837,115.837,115.746,115.827,478,17,0
2026-05-01 00:45:00,115.828,115.859,115.679,115.687,654,17,0
2026-05-01 01:00:00,115.69,115.82,115.647,115.78,421,17,0
2026-05-01 01:15:00,115.776,115.824,115.725,115.791,362,17,0
2026-05-01 01:30:00,115.79,115.796,115.699,115.792,421,17,0
2026-05-01 01:45:00,115.79,115.824,115.735,115.801,403,17,0
2026-05-01 02:00:00,115.798,115.809,115.758,115.79,261,17,0
2026-05-01 02:15:00,115.789,115.829,115.77,115.809,185,17,0
2026-05-01 02:30:00,115.811,115.854,115.783,115.854,203,17,0
2026-05-01 02:45:00,115.856,115.879,115.833,115.833,201,17,0
2026-05-01 03:00:00,115.83,115.889,115.806,115.883,188,17,0
2026-05-01 03:15:00,115.884,115.887,115.78,115.804,171,17,0
2026-05-01 03:30:00,115.802,115.802,115.657,115.771,441,17,0
2026-05-01 03:45:00,115.773,115.793,115.747,115.76,181,17,0
2026-05-01 04:00:00,115.758,115.76,115.686,115.707,233,17,0
2026-05-01 04:15:00,115.708,115.74,115.7,115.738,169,17,0
2026-05-01 04:30:00,115.74,115.753,115.706,115.741,157,17,0
2026-05-01 04:45:00,115.74,115.776,115.723,115.748,167,17,0
2026-05-01 05:00:00,115.749,115.78,115.719,115.779,178,17,0
2026-05-01 05:15:00,115.781,115.784,115.745,115.778,117,17,0
2026-05-01 05:30:00,115.776,115.779,115.712,115.717,158,17,0
2026-05-01 05:45:00,115.719,115.776,115.719,115.776,168,17,0
2026-05-01 06:00:00,115.779,115.801,115.727,115.775,299,17,0
2026-05-01 06:15:00,115.776,115.783,115.724,115.75,240,17,0
2026-05-01 06:30:00,115.748,115.76,115.62,115.62,317,17,0
2026-05-01 06:45:00,115.621,115.621,114.584,114.874,4230,17,0
2026-05-01 07:00:00,114.876,115.336,114.784,115.152,2724,17,0
2026-05-01 07:15:00,115.15,115.249,115.088,115.146,1023,17,0
2026-05-01 07:30:00,115.148,115.339,115.097,115.243,908,17,0
2026-05-01 07:45:00,115.247,115.417,115.18,115.36,762,17,0
2026-05-01 08:00:00,115.358,115.389,115.213,115.289,690,17,0
2026-05-01 08:15:00,115.286,115.299,115.122,115.189,573,17,0
2026-05-01 08:30:00,115.188,115.304,115.183,115.265,479,17,0
2026-05-01 08:45:00,115.262,115.335,115.25,115.294,414,17,0
2026-05-01 09:00:00,115.297,115.354,115.256,115.351,495,17,0
2026-05-01 09:15:00,115.347,115.423,115.333,115.423,311,17,0
2026-05-01 09:30:00,115.421,115.458,115.311,115.319,326,17,0
2026-05-01 09:45:00,115.317,115.374,115.3,115.318,321,17,0
2026-05-01 10:00:00,115.315,115.365,115.294,115.307,293,17,0
2026-05-01 10:15:00,115.306,115.357,115.3,115.356,208,17,0
2026-05-01 10:30:00,115.358,115.384,115.338,115.35,194,17,0
2026-05-01 10:45:00,115.352,115.403,115.339,115.398,265,17,0
2026-05-01 11:00:00,115.401,115.448,115.386,115.438,325,17,0
2026-05-01 11:15:00,115.436,115.449,115.36,115.396,282,17,0
2026-05-01 11:30:00,115.394,115.44,115.373,115.44,292,17,0
2026-05-01 11:45:00,115.437,115.437,115.398,115.417,219,17,0
2026-05-01 12:00:00,115.419,115.466,115.384,115.426,576,17,0
2026-05-01 12:15:00,115.427,115.476,115.399,115.432,636,17,0
2026-05-01 12:30:00,115.434,115.486,115.406,115.473,403,17,0
2026-05-01 12:45:00,115.471,115.509,115.435,115.461,321,17,0
2026-05-01 13:00:00,115.462,115.523,115.457,115.518,318,17,0
2026-05-01 13:15:00,115.52,115.579,115.512,115.543,300,17,0
2026-05-01 13:30:00,115.545,115.571,115.478,115.501,452,17,0
2026-05-01 13:45:00,115.505,115.541,115.25,115.397,1298,17,0
2026-05-01 14:00:00,115.394,115.412,115.255,115.327,837,17,0
2026-05-01 14:15:00,115.325,115.352,115.269,115.35,570,17,0
2026-05-01 14:30:00,115.353,115.389,115.293,115.385,490,17,0
2026-05-01 14:45:00,115.387,115.473,115.38,115.407,518,17,0
2026-05-01 15:00:00,115.41,115.48,115.407,115.471,467,17,0
2026-05-01 15:15:00,115.47,115.518,115.451,115.492,327,17,0
2026-05-01 15:30:00,115.49,115.512,115.426,115.466,421,17,0
2026-05-01 15:45:00,115.469,115.549,115.452,115.49,490,17,0
2026-05-01 16:00:00,115.492,115.495,115.422,115.459,369,17,0
2026-05-01 16:15:00,115.456,115.504,115.439,115.497,397,17,0
2026-05-01 16:30:00,115.5,115.515,115.451,115.451,296,17,0
2026-05-01 16:45:00,115.449,115.514,115.448,115.511,219,17,0
2026-05-01 17:00:00,115.509,115.528,115.49,115.52,169,17,0
2026-05-01 17:15:00,115.521,115.541,115.483,115.51,202,17,0
2026-05-01 17:30:00,115.511,115.582,115.511,115.57,177,17,0
2026-05-01 17:45:00,115.568,115.57,115.477,115.512,269,17,0
2026-05-01 18:00:00,115.51,115.596,115.507,115.585,225,17,0
2026-05-01 18:15:00,115.587,115.61,115.559,115.573,217,17,0
2026-05-01 18:30:00,115.576,115.603,115.494,115.56,437,17,0
2026-05-01 18:45:00,115.562,115.593,115.537,115.587,248,17,0
2026-05-01 19:00:00,115.588,115.61,115.57,115.583,165,17,0
2026-05-01 19:15:00,115.584,115.592,115.572,115.591,115,17,0
2026-05-01 19:30:00,115.593,115.605,115.585,115.602,104,17,0
2026-05-01 19:45:00,115.6,115.605,115.564,115.57,155,17,0
2026-05-01 20:00:00,115.567,115.594,115.545,115.58,129,17,0
2026-05-01 20:15:00,115.581,115.588,115.537,115.548,130,17,0
2026-05-01 20:30:00,115.551,115.562,115.509,115.54,255,17,0
2026-05-01 20:45:00,115.545,115.59,115.531,115.574,208,17,0
2026-05-03 21:15:00,115.365,115.365,115.246,115.269,28,66,0
2026-05-03 21:30:00,115.276,115.307,115.252,115.307,52,54,0
2026-05-03 21:45:00,115.307,115.334,115.282,115.317,73,45,0
2026-05-03 22:00:00,115.319,115.423,115.297,115.421,172,46,0
2026-05-03 22:15:00,115.416,115.477,115.416,115.45,100,48,0
2026-05-03 22:30:00,115.452,115.461,115.422,115.431,98,45,0
2026-05-03 22:45:00,115.429,115.464,115.423,115.436,58,44,0
2026-05-03 23:00:00,115.449,115.467,115.426,115.426,90,17,0
2026-05-03 23:15:00,115.43,115.463,115.43,115.453,100,17,0
2026-05-03 23:30:00,115.452,115.463,115.423,115.439,110,17,0
2026-05-03 23:45:00,115.441,115.471,115.422,115.471,138,17,0
2026-05-04 00:00:00,115.474,115.526,115.474,115.511,239,17,0
2026-05-04 00:15:00,115.509,115.544,115.49,115.537,188,17,0
2026-05-04 00:30:00,115.535,115.537,115.506,115.521,153,17,0
2026-05-04 00:45:00,115.52,115.526,115.48,115.48,164,17,0
2026-05-04 01:00:00,115.477,115.541,115.465,115.516,269,17,0
2026-05-04 01:15:00,115.514,115.517,115.244,115.501,711,17,0
2026-05-04 01:30:00,115.499,115.545,115.477,115.526,339,17,0
2026-05-04 01:45:00,115.527,115.578,115.508,115.561,234,17,0
2026-05-04 02:00:00,115.562,115.651,115.551,115.607,262,17,0
2026-05-04 02:15:00,115.61,115.616,115.584,115.612,220,17,0
2026-05-04 02:30:00,115.611,115.655,115.611,115.648,154,17,0
2026-05-04 02:45:00,115.649,115.67,115.577,115.618,242,17,0
2026-05-04 03:00:00,115.62,115.688,115.608,115.674,228,17,0
2026-05-04 03:15:00,115.675,115.686,115.651,115.682,124,17,0
2026-05-04 03:30:00,115.679,115.689,115.661,115.67,123,17,0
2026-05-04 03:45:00,115.668,115.668,114.616,114.985,7034,17,0
2026-05-04 04:00:00,114.983,115.211,114.942,115.206,1012,17,0
2026-05-04 04:15:00,115.204,115.324,115.191,115.304,498,17,0
2026-05-04 04:30:00,115.301,115.345,115.265,115.332,325,17,0
2026-05-04 04:45:00,115.334,115.373,115.334,115.334,202,17,0
2026-05-04 05:00:00,115.336,115.364,115.203,115.341,465,17,0
2026-05-04 05:15:00,115.338,115.407,115.248,115.367,675,17,0
2026-05-04 05:30:00,115.366,115.421,115.218,115.39,513,17,0
2026-05-04 05:45:00,115.388,115.399,115.31,115.374,360,17,0
2026-05-04 06:00:00,115.375,115.404,115.338,115.396,377,17,0
2026-05-04 06:15:00,115.393,115.393,115.327,115.377,340,17,0
2026-05-04 06:30:00,115.38,115.428,115.353,115.415,381,17,0
2026-05-04 06:45:00,115.418,115.429,115.361,115.425,354,17,0
2026-05-04 07:00:00,115.422,115.459,115.401,115.449,276,17,0
2026-05-04 07:15:00,115.45,115.45,115.33,115.347,281,17,0
2026-05-04 07:30:00,115.346,115.353,115.27,115.311,246,17,0
2026-05-04 07:45:00,115.31,115.343,115.297,115.322,223,17,0
2026-05-04 08:00:00,115.324,115.365,115.316,115.356,259,17,0
2026-05-04 08:15:00,115.354,115.39,115.352,115.361,205,17,0
2026-05-04 08:30:00,115.364,115.375,115.347,115.371,166,17,0
2026-05-04 08:45:00,115.372,115.421,115.372,115.399,176,17,0
2026-05-04 09:00:00,115.398,115.428,115.383,115.417,218,17,0
2026-05-04 09:15:00,115.414,115.453,115.406,115.406,183,17,0
2026-05-04 09:30:00,115.404,115.43,115.372,115.418,202,17,0
2026-05-04 09:45:00,115.417,115.421,115.342,115.388,234,17,0
2026-05-04 10:00:00,115.391,115.479,115.372,115.438,734,17,0
2026-05-04 10:15:00,115.441,115.449,115.387,115.415,508,17,0
2026-05-04 10:30:00,115.417,115.456,115.368,115.452,663,17,0
2026-05-04 10:45:00,115.454,115.515,115.449,115.5,207,17,0
2026-05-04 11:00:00,115.498,115.527,115.478,115.492,304,17,0
2026-05-04 11:15:00,115.49,115.491,115.435,115.437,206,17,0
2026-05-04 11:30:00,115.439,115.459,115.421,115.457,284,17,0
2026-05-04 11:45:00,115.458,115.461,115.41,115.434,195,17,0
2026-05-04 12:00:00,115.431,115.443,115.38,115.399,262,17,0
2026-05-04 12:15:00,115.4,115.441,115.383,115.426,400,17,0
2026-05-04 12:30:00,115.424,115.434,115.361,115.379,285,17,0
2026-05-04 12:45:00,115.378,115.409,115.364,115.409,262,17,0
2026-05-04 13:00:00,115.406,115.423,115.342,115.348,603,17,0
2026-05-04 13:15:00,115.35,115.384,115.334,115.375,289,17,0
2026-05-04 13:30:00,115.372,115.391,115.296,115.323,436,17,0
2026-05-04 13:45:00,115.322,115.393,115.31,115.384,365,17,0
2026-05-04 14:00:00,115.386,115.487,115.378,115.445,433,17,0
2026-05-04 14:15:00,115.448,115.459,115.415,115.443,310,17,0
2026-05-04 14:30:00,115.441,115.46,115.346,115.439,431,17,0
2026-05-04 14:45:00,115.442,115.46,115.377,115.448,452,17,0
2026-05-04 15:00:00,115.451,115.461,115.355,115.449,539,17,0
2026-05-04 15:15:00,115.448,115.512,115.428,115.496,623,17,0
2026-05-04 15:30:00,115.497,115.545,115.497,115.499,374,17,0
2026-05-04 15:45:00,115.5,115.545,115.46,115.508,534,17,0
2026-05-04 16:00:00,115.511,115.547,115.474,115.518,414,17,0
2026-05-04 16:15:00,115.516,115.538,115.484,115.533,417,17,0
2026-05-04 16:30:00,115.532,115.544,115.512,115.533,293,17,0
2026-05-04 16:45:00,115.532,115.537,115.504,115.511,244,17,0
2026-05-04 17:00:00,115.508,115.527,115.502,115.512,243,17,0
2026-05-04 17:15:00,115.51,115.523,115.46,115.475,224,17,0
2026-05-04 17:30:00,115.473,115.549,115.473,115.537,208,17,0
2026-05-04 17:45:00,115.538,115.539,115.511,115.518,150,17,0
2026-05-04 18:00:00,115.519,115.56,115.518,115.548,186,17,0
2026-05-04 18:15:00,115.549,115.591,115.548,115.585,233,17,0
2026-05-04 18:30:00,115.588,115.588,115.517,115.518,208,17,0
2026-05-04 18:45:00,115.519,115.527,115.07,115.216,889,17,0
2026-05-04 19:00:00,115.22,115.462,115.22,115.408,925,17,0
2026-05-04 19:15:00,115.409,115.427,115.389,115.396,278,17,0
2026-05-04 19:30:00,115.393,115.436,115.393,115.414,196,17,0
2026-05-04 19:45:00,115.417,115.433,115.39,115.407,217,17,0
2026-05-04 20:00:00,115.404,115.437,115.4,115.419,188,17,0
2026-05-04 20:15:00,115.416,115.451,115.386,115.43,253,17,0
2026-05-04 20:30:00,115.427,115.436,115.397,115.427,135,17,0
2026-05-04 20:45:00,115.429,115.468,115.405,115.414,150,17,0
2026-05-04 21:00:00,115.373,115.373,115.373,115.373,1,83,0
2026-05-04 21:15:00,115.371,115.381,115.349,115.369,23,63,0
2026-05-04 21:30:00,115.372,115.383,115.357,115.383,78,39,0
2026-05-04 21:45:00,115.381,115.405,115.332,115.355,108,37,0
2026-05-04 22:00:00,115.352,115.424,115.352,115.393,86,38,0
2026-05-04 22:15:00,115.397,115.412,115.376,115.382,54,38,0
2026-05-04 22:30:00,115.385,115.411,115.385,115.396,28,38,0
2026-05-04 22:45:00,115.398,115.405,115.388,115.396,41,38,0
2026-05-04 23:00:00,115.403,115.425,115.386,115.407,80,17,0
2026-05-04 23:15:00,115.403,115.416,115.395,115.401,41,17,0
2026-05-04 23:30:00,115.398,115.412,115.381,115.405,63,17,0
2026-05-04 23:45:00,115.404,115.426,115.386,115.424,98,17,0
2026-05-05 00:00:00,115.423,115.445,115.4,115.427,227,17,0
2026-05-05 00:15:00,115.426,115.427,115.406,115.409,156,17,0
2026-05-05 00:30:00,115.411,115.412,115.385,115.39,87,17,0
2026-05-05 00:45:00,115.388,115.393,115.364,115.376,158,17,0
2026-05-05 01:00:00,115.375,115.416,115.37,115.416,134,17,0
2026-05-05 01:15:00,115.418,115.418,115.4,115.409,96,17,0
2026-05-05 01:30:00,115.412,115.438,115.394,115.416,197,17,0
2026-05-05 01:45:00,115.418,115.426,115.403,115.412,126,17,0
2026-05-05 02:00:00,115.409,115.425,115.405,115.415,78,17,0
2026-05-05 02:15:00,115.417,115.429,115.411,115.424,76,17,0
2026-05-05 02:30:00,115.426,115.435,115.413,115.417,99,17,0
2026-05-05 02:45:00,115.42,115.43,115.416,115.416,63,17,0
2026-05-05 03:00:00,115.415,115.43,115.41,115.424,63,17,0
2026-05-05 03:15:00,115.426,115.436,115.42,115.425,78,17,0
2026-05-05 03:30:00,115.427,115.433,115.419,115.424,55,17,0
2026-05-05 03:45:00,115.423,115.431,115.417,115.428,60,17,0
2026-05-05 04:00:00,115.43,115.446,115.428,115.433,51,17,0
2026-05-05 04:15:00,115.431,115.442,115.42,115.442,53,17,0
2026-05-05 04:30:00,115.44,115.458,115.432,115.439,123,17,0
2026-05-05 04:45:00,115.438,115.441,115.413,115.414,99,17,0
2026-05-05 05:00:00,115.412,115.425,115.394,115.412,152,17,0
2026-05-05 05:15:00,115.413,115.42,115.382,115.39,118,17,0
2026-05-05 05:30:00,115.388,115.411,115.371,115.389,175,17,0
2026-05-05 05:45:00,115.392,115.448,115.388,115.435,133,17,0
2026-05-05 06:00:00,115.433,115.468,115.404,115.459,260,17,0
2026-05-05 06:15:00,115.461,115.468,115.44,115.452,201,17,0
2026-05-05 06:30:00,115.455,115.481,115.429,115.46,207,17,0
2026-05-05 06:45:00,115.462,115.474,115.449,115.449,177,17,0
2026-05-05 07:00:00,115.447,115.458,115.393,115.398,313,17,0
2026-05-05 07:15:00,115.397,115.451,115.384,115.451,200,17,0
2026-05-05 07:30:00,115.454,115.475,115.38,115.475,397,17,0
2026-05-05 07:45:00,115.472,115.472,115.43,115.449,218,17,0
2026-05-05 08:00:00,115.448,115.509,115.442,115.509,203,17,0
2026-05-05 08:15:00,115.508,115.528,115.502,115.523,156,17,0
2026-05-05 08:30:00,115.52,115.525,115.492,115.512,186,17,0
2026-05-05 08:45:00,115.515,115.522,115.494,115.501,149,17,0
2026-05-05 09:00:00,115.499,115.925,115.499,115.686,1587,17,0
2026-05-05 09:15:00,115.683,115.791,115.676,115.702,646,17,0
2026-05-05 09:30:00,115.704,115.731,115.389,115.721,1060,17,0
2026-05-05 09:45:00,115.717,115.761,115.678,115.719,316,17,0
2026-05-05 10:00:00,115.717,115.818,115.704,115.807,219,17,0
2026-05-05 10:15:00,115.804,115.829,115.784,115.811,265,17,0
2026-05-05 10:30:00,115.812,115.826,115.752,115.796,305,17,0
2026-05-05 10:45:00,115.798,115.836,115.771,115.79,195,17,0
2026-05-05 11:00:00,115.788,115.866,115.784,115.813,343,17,0
2026-05-05 11:15:00,115.814,115.887,115.813,115.871,346,17,0
2026-05-05 11:30:00,115.872,115.872,115.828,115.851,252,17,0
2026-05-05 11:45:00,115.854,115.911,115.854,115.877,170,17,0
2026-05-05 12:00:00,115.878,115.933,115.808,115.842,597,17,0
2026-05-05 12:15:00,115.84,115.867,115.788,115.815,424,17,0
2026-05-05 12:30:00,115.818,115.87,115.794,115.811,368,17,0
2026-05-05 12:45:00,115.81,115.823,115.795,115.817,276,17,0
2026-05-05 13:00:00,115.819,115.889,115.807,115.865,371,17,0
2026-05-05 13:15:00,115.863,115.898,115.846,115.887,249,17,0
2026-05-05 13:30:00,115.888,115.898,115.82,115.845,322,17,0
2026-05-05 13:45:00,115.843,115.913,115.843,115.905,400,17,0
2026-05-05 14:00:00,115.901,115.913,115.867,115.884,558,17,0
2026-05-05 14:15:00,115.886,115.942,115.88,115.941,426,17,0
2026-05-05 14:30:00,115.94,115.941,115.892,115.906,342,17,0
2026-05-05 14:45:00,115.908,115.913,115.785,115.791,437,17,0
2026-05-05 15:00:00,115.793,115.84,115.754,115.83,339,17,0
2026-05-05 15:15:00,115.828,115.844,115.813,115.839,265,17,0
2026-05-05 15:30:00,115.841,115.853,115.774,115.853,312,17,0
2026-05-05 15:45:00,115.851,115.872,115.841,115.861,245,17,0
2026-05-05 16:00:00,115.863,115.87,115.828,115.834,195,17,0
2026-05-05 16:15:00,115.833,115.839,115.806,115.823,187,17,0
2026-05-05 16:30:00,115.825,115.861,115.825,115.852,184,17,0
2026-05-05 16:45:00,115.854,115.865,115.84,115.852,157,17,0
2026-05-05 17:00:00,115.851,115.889,115.833,115.857,205,17,0
2026-05-05 17:15:00,115.856,115.892,115.849,115.865,142,17,0
2026-05-05 17:30:00,115.866,115.892,115.862,115.891,173,17,0
2026-05-05 17:45:00,115.894,115.91,115.886,115.906,173,17,0
2026-05-05 18:00:00,115.904,115.92,115.894,115.917,102,17,0
2026-05-05 18:15:00,115.915,115.934,115.915,115.933,76,17,0
2026-05-05 18:30:00,115.934,115.954,115.929,115.942,98,17,0
2026-05-05 18:45:00,115.944,115.963,115.939,115.939,123,17,0
2026-05-05 19:00:00,115.941,115.941,115.916,115.92,98,17,0
2026-05-05 19:15:00,115.919,115.952,115.919,115.944,91,17,0
2026-05-05 19:30:00,115.943,115.944,115.897,115.905,79,17,0
2026-05-05 19:45:00,115.907,115.914,115.874,115.888,157,17,0
2026-05-05 20:00:00,115.885,115.891,115.869,115.885,120,17,0
2026-05-05 20:15:00,115.888,115.938,115.888,115.921,94,17,0
2026-05-05 20:30:00,115.922,115.922,115.897,115.908,78,17,0
2026-05-05 20:45:00,115.909,115.945,115.896,115.929,138,17,0
2026-05-05 21:00:00,115.927,115.927,115.911,115.911,14,31,0
2026-05-05 21:15:00,115.914,115.914,115.879,115.889,66,35,0
2026-05-05 21:30:00,115.89,115.919,115.86,115.872,114,43,0
2026-05-05 21:45:00,115.874,115.941,115.873,115.933,162,36,0
2026-05-05 22:00:00,115.937,115.948,115.903,115.903,67,38,0
2026-05-05 22:15:00,115.905,115.919,115.884,115.886,36,38,0
2026-05-05 22:30:00,115.892,115.915,115.892,115.907,30,38,0
2026-05-05 22:45:00,115.908,115.922,115.775,115.877,241,38,0
2026-05-05 23:00:00,115.888,115.896,115.819,115.835,438,17,0
2026-05-05 23:15:00,115.832,115.928,115.832,115.925,244,17,0
2026-05-05 23:30:00,115.927,115.945,115.905,115.945,132,17,0
2026-05-05 23:45:00,115.948,115.949,115.896,115.896,124,17,0
2026-05-06 00:00:00,115.894,115.909,115.859,115.874,416,17,0
2026-05-06 00:15:00,115.877,115.895,115.841,115.853,256,17,0
2026-05-06 00:30:00,115.855,115.884,115.843,115.868,251,17,0
2026-05-06 00:45:00,115.871,115.898,115.855,115.897,256,17,0
2026-05-06 01:00:00,115.895,115.932,115.883,115.92,253,17,0
2026-05-06 01:15:00,115.923,115.939,115.903,115.932,189,17,0
2026-05-06 01:30:00,115.93,115.937,115.912,115.928,171,17,0
2026-05-06 01:45:00,115.927,115.971,115.927,115.971,155,17,0
2026-05-06 02:00:00,115.972,115.972,115.937,115.968,142,17,0
2026-05-06 02:15:00,115.969,116.016,115.966,116.011,133,17,0
2026-05-06 02:30:00,116.01,116.032,116.0,116.013,131,17,0
2026-05-06 02:45:00,116.016,116.024,115.998,116.022,115,17,0
2026-05-06 03:00:00,116.021,116.089,116.016,116.079,195,17,0
2026-05-06 03:15:00,116.078,116.083,116.062,116.078,128,17,0
2026-05-06 03:30:00,116.08,116.09,115.973,116.008,220,17,0
2026-05-06 03:45:00,116.006,116.033,115.995,116.003,136,17,0
2026-05-06 04:00:00,116.006,116.034,116.006,116.028,105,17,0
2026-05-06 04:15:00,116.029,116.039,115.33,115.374,1731,17,0
2026-05-06 04:30:00,115.37,115.484,114.679,114.699,6499,17,0
2026-05-06 04:45:00,114.702,114.781,114.113,114.762,6432,17,0
2026-05-06 05:00:00,114.759,114.966,114.627,114.935,2036,17,0
2026-05-06 05:15:00,114.938,115.05,114.93,115.009,819,17,0
2026-05-06 05:30:00,115.007,115.058,114.996,115.032,432,17,0
2026-05-06 05:45:00,115.029,115.051,114.983,115.027,393,17,0
2026-05-06 06:00:00,115.028,115.069,114.977,115.028,646,17,0
2026-05-06 06:15:00,115.025,115.045,114.974,115.001,484,17,0
2026-05-06 06:30:00,115.004,115.05,114.98,115.031,425,17,0
2026-05-06 06:45:00,115.034,115.1,115.018,115.1,296,17,0
2026-05-06 07:00:00,115.099,115.172,115.064,115.149,511,17,0
2026-05-06 07:15:00,115.151,115.163,115.088,115.13,443,17,0
2026-05-06 07:30:00,115.127,115.172,115.086,115.086,325,17,0
2026-05-06 07:45:00,115.083,115.083,114.563,114.64,1400,17,0
2026-05-06 08:00:00,114.637,114.947,114.595,114.909,1273,17,0
2026-05-06 08:15:00,114.912,114.967,114.883,114.937,528,17,0
2026-05-06 08:30:00,114.939,114.942,114.844,114.928,567,17,0
2026-05-06 08:45:00,114.931,114.94,114.716,114.814,1651,17,0
2026-05-06 09:00:00,114.811,114.87,114.769,114.784,696,17,0
2026-05-06 09:15:00,114.781,114.838,114.736,114.828,536,17,0
2026-05-06 09:30:00,114.826,114.832,114.746,114.765,553,17,0
2026-05-06 09:45:00,114.764,114.778,114.709,114.727,397,17,0
2026-05-06 10:00:00,114.724,114.756,114.688,114.745,440,17,0
2026-05-06 10:15:00,114.743,114.778,114.629,114.666,610,17,0
2026-05-06 10:30:00,114.663,114.684,114.585,114.619,576,17,0
2026-05-06 10:45:00,114.622,114.653,114.542,114.617,822,17,0
2026-05-06 11:00:00,114.614,114.667,114.553,114.656,797,17,0
2026-05-06 11:15:00,114.657,114.7,114.62,114.651,547,17,0
2026-05-06 11:30:00,114.648,114.758,114.619,114.744,611,17,0
2026-05-06 11:45:00,114.742,114.822,114.696,114.8,595,17,0
2026-05-06 12:00:00,114.803,114.892,114.803,114.867,570,17,0
2026-05-06 12:15:00,114.872,114.872,114.732,114.807,647,17,0
2026-05-06 12:30:00,114.808,114.809,114.709,114.719,443,17,0
2026-05-06 12:45:00,114.72,114.817,114.711,114.815,461,17,0
2026-05-06 13:00:00,114.817,114.841,114.728,114.787,696,17,0
2026-05-06 13:15:00,114.789,114.831,114.745,114.76,436,17,0
2026-05-06 13:30:00,114.763,114.763,114.635,114.669,559,17,0
2026-05-06 13:45:00,114.666,114.692,114.614,114.634,439,17,0
2026-05-06 14:00:00,114.637,114.713,114.634,114.66,546,17,0
2026-05-06 14:15:00,114.663,114.689,114.623,114.685,443,17,0
2026-05-06 14:30:00,114.682,114.739,114.636,114.636,592,17,0
2026-05-06 14:45:00,114.633,114.788,114.592,114.774,617,17,0
2026-05-06 15:00:00,114.777,114.837,114.743,114.792,560,17,0
2026-05-06 15:15:00,114.795,114.81,114.725,114.741,410,17,0
2026-05-06 15:30:00,114.74,114.811,114.71,114.783,367,17,0
2026-05-06 15:45:00,114.786,114.833,114.746,114.833,338,17,0
2026-05-06 16:00:00,114.836,114.843,114.763,114.782,302,17,0
2026-05-06 16:15:00,114.785,114.792,114.749,114.774,228,17,0
2026-05-06 16:30:00,114.771,114.816,114.769,114.787,213,17,0
2026-05-06 16:45:00,114.786,114.794,114.687,114.726,360,17,0
2026-05-06 17:00:00,114.729,114.736,114.647,114.688,270,17,0
2026-05-06 17:15:00,114.689,114.723,114.67,114.722,208,17,0
2026-05-06 17:30:00,114.719,114.745,114.699,114.725,210,17,0
2026-05-06 17:45:00,114.726,114.752,114.715,114.736,170,17,0
2026-05-06 18:00:00,114.738,114.743,114.695,114.728,218,17,0
2026-05-06 18:15:00,114.726,114.728,114.672,114.713,198,17,0
2026-05-06 18:30:00,114.712,114.732,114.691,114.701,166,17,0
2026-05-06 18:45:00,114.702,114.709,114.671,114.691,218,17,0
2026-05-06 19:00:00,114.694,114.713,114.68,114.703,253,17,0
2026-05-06 19:15:00,114.702,114.723,114.689,114.715,158,17,0
2026-05-06 19:30:00,114.713,114.736,114.7,114.72,173,17,0
2026-05-06 19:45:00,114.718,114.723,114.684,114.71,249,17,0
2026-05-06 20:00:00,114.708,114.725,114.633,114.68,335,17,0
2026-05-06 20:15:00,114.678,114.73,114.671,114.713,228,17,0
2026-05-06 20:30:00,114.712,114.757,114.704,114.757,128,17,0
2026-05-06 20:45:00,114.756,114.756,114.598,114.616,129,17,0
2026-05-06 21:00:00,114.615,114.615,114.615,114.615,1,140,0
2026-05-06 21:15:00,114.599,114.675,114.591,114.645,23,68,0
2026-05-06 21:30:00,114.629,114.662,114.621,114.661,79,48,0
2026-05-06 21:45:00,114.663,114.665,114.594,114.612,114,40,0
2026-05-06 22:00:00,114.603,114.68,114.603,114.658,92,38,0
2026-05-06 22:15:00,114.66,114.695,114.659,114.691,39,38,0
2026-05-06 22:30:00,114.696,114.698,114.669,114.672,56,38,0
2026-05-06 22:45:00,114.671,114.688,114.658,114.673,64,38,0
2026-05-06 23:00:00,114.683,114.73,114.644,114.723,155,17,0
2026-05-06 23:15:00,114.725,114.75,114.714,114.737,80,17,0
2026-05-06 23:30:00,114.733,114.748,114.713,114.727,74,17,0
2026-05-06 23:45:00,114.725,114.784,114.712,114.782,198,17,0
2026-05-07 00:00:00,114.785,114.785,114.579,114.584,526,17,0
2026-05-07 00:15:00,114.586,114.708,114.576,114.69,337,17,0
2026-05-07 00:30:00,114.688,114.723,114.656,114.702,314,17,0
2026-05-07 00:45:00,114.699,114.717,114.593,114.626,495,17,0
2026-05-07 01:00:00,114.625,114.655,114.515,114.531,442,17,0
2026-05-07 01:15:00,114.532,114.568,114.529,114.557,310,17,0
2026-05-07 01:30:00,114.559,114.571,114.484,114.504,314,17,0
2026-05-07 01:45:00,114.503,114.609,114.496,114.602,272,17,0
2026-05-07 02:00:00,114.604,114.605,114.553,114.589,216,17,0
2026-05-07 02:15:00,114.59,114.614,114.572,114.582,214,17,0
2026-05-07 02:30:00,114.579,114.589,114.546,114.552,239,17,0
2026-05-07 02:45:00,114.549,114.656,114.544,114.648,236,17,0
2026-05-07 03:00:00,114.649,114.66,114.632,114.639,164,17,0
2026-05-07 03:15:00,114.641,114.665,114.63,114.647,128,17,0
2026-05-07 03:30:00,114.646,114.653,114.627,114.643,122,17,0
2026-05-07 03:45:00,114.644,114.698,114.644,114.684,155,17,0
2026-05-07 04:00:00,114.682,114.701,114.665,114.685,159,17,0
2026-05-07 04:15:00,114.687,114.692,114.657,114.683,148,17,0
2026-05-07 04:30:00,114.685,114.705,114.67,114.7,123,17,0
2026-05-07 04:45:00,114.702,114.705,114.65,114.679,206,17,0
2026-05-07 05:00:00,114.676,114.676,114.645,114.661,153,17,0
2026-05-07 05:15:00,114.663,114.702,114.663,114.697,141,17,0
2026-05-07 05:30:00,114.698,114.704,114.662,114.669,188,17,0
2026-05-07 05:45:00,114.671,114.686,114.644,114.671,187,17,0
2026-05-07 06:00:00,114.667,114.676,114.646,114.66,200,17,0
2026-05-07 06:15:00,114.657,114.681,114.622,114.637,169,17,0
2026-05-07 06:30:00,114.634,114.649,114.516,114.55,417,17,0
2026-05-07 06:45:00,114.552,114.647,114.552,114.614,301,17,0
2026-05-07 07:00:00,114.612,114.616,114.492,114.522,621,17,0
2026-05-07 07:15:00,114.523,114.567,114.488,114.499,530,17,0
2026-05-07 07:30:00,114.497,114.635,114.492,114.635,356,17,0
2026-05-07 07:45:00,114.633,114.686,114.626,114.684,246,17,0
2026-05-07 08:00:00,114.687,114.713,114.667,114.703,317,17,0
2026-05-07 08:15:00,114.702,114.702,114.632,114.657,284,17,0
2026-05-07 08:30:00,114.655,114.714,114.636,114.707,199,17,0
2026-05-07 08:45:00,114.71,114.749,114.692,114.735,197,17,0
2026-05-07 09:00:00,114.733,114.785,114.723,114.762,256,17,0
2026-05-07 09:15:00,114.76,114.782,114.752,114.77,193,17,0
2026-05-07 09:30:00,114.771,114.787,114.763,114.764,224,17,0
2026-05-07 09:45:00,114.762,114.813,114.758,114.78,215,17,0
2026-05-07 10:00:00,114.777,114.798,114.765,114.789,199,17,0
2026-05-07 10:15:00,114.791,114.8,114.745,114.76,187,17,0
2026-05-07 10:30:00,114.758,114.779,114.753,114.771,178,17,0
2026-05-07 10:45:00,114.772,114.786,114.748,114.781,193,17,0
2026-05-07 11:00:00,114.779,114.806,114.773,114.779,198,17,0
2026-05-07 11:15:00,114.776,114.785,114.74,114.759,174,17,0
2026-05-07 11:30:00,114.758,114.774,114.716,114.721,179,17,0
2026-05-07 11:45:00,114.723,114.809,114.723,114.759,254,17,0
2026-05-07 12:00:00,114.756,114.794,114.728,114.744,268,17,0
2026-05-07 12:15:00,114.745,114.752,114.674,114.697,286,17,0
2026-05-07 12:30:00,114.694,114.707,114.663,114.69,286,17,0
2026-05-07 12:45:00,114.689,114.69,114.603,114.636,297,17,0
2026-05-07 13:00:00,114.633,114.663,114.596,114.658,348,17,0
2026-05-07 13:15:00,114.656,114.67,114.612,114.666,278,17,0
2026-05-07 13:30:00,114.668,114.696,114.656,114.675,330,17,0
2026-05-07 13:45:00,114.672,114.716,114.631,114.631,398,17,0
2026-05-07 14:00:00,114.628,114.67,114.608,114.667,315,17,0
2026-05-07 14:15:00,114.666,114.686,114.656,114.672,252,17,0
2026-05-07 14:30:00,114.675,114.735,114.675,114.735,244,17,0
2026-05-07 14:45:00,114.737,114.74,114.544,114.604,483,17,0
2026-05-07 15:00:00,114.603,114.678,114.601,114.676,353,17,0
2026-05-07 15:15:00,114.675,114.721,114.639,114.713,378,17,0
2026-05-07 15:30:00,114.71,114.754,114.695,114.743,322,17,0
2026-05-07 15:45:00,114.745,114.775,114.728,114.752,267,17,0
2026-05-07 16:00:00,114.753,114.814,114.751,114.785,335,17,0
2026-05-07 16:15:00,114.787,114.871,114.787,114.868,331,17,0
2026-05-07 16:30:00,114.869,114.893,114.858,114.884,235,17,0
2026-05-07 16:45:00,114.886,114.921,114.863,114.913,247,17,0
2026-05-07 17:00:00,114.916,114.972,114.91,114.945,249,17,0
2026-05-07 17:15:00,114.947,115.009,114.933,114.977,322,17,0
2026-05-07 17:30:00,114.975,115.022,114.945,114.945,375,17,0
2026-05-07 17:45:00,114.944,114.973,114.886,114.903,362,17,0
2026-05-07 18:00:00,114.901,114.901,114.852,114.896,261,17,0
2026-05-07 18:15:00,114.897,114.922,114.891,114.906,161,17,0
2026-05-07 18:30:00,114.904,114.98,114.904,114.973,270,17,0
2026-05-07 18:45:00,114.969,114.986,114.933,114.947,338,17,0
2026-05-07 19:00:00,114.949,114.979,114.94,114.953,286,17,0
2026-05-07 19:15:00,114.95,114.997,114.923,114.974,338,17,0
2026-05-07 19:30:00,114.977,114.979,114.909,114.954,177,17,0
2026-05-07 19:45:00,114.957,114.976,114.901,114.901,325,17,0
2026-05-07 20:00:00,114.903,114.919,114.849,114.915,392,17,0
2026-05-07 20:15:00,114.918,114.919,114.879,114.896,92,17,0
2026-05-07 20:30:00,114.898,114.927,114.875,114.889,264,17,0
2026-05-07 20:45:00,114.886,114.907,114.836,114.847,176,17,0
2026-05-07 21:15:00,114.795,114.803,114.694,114.803,27,84,0
2026-05-07 21:30:00,114.801,114.823,114.704,114.754,200,60,0
2026-05-07 21:45:00,114.755,114.832,114.743,114.786,289,52,0
2026-05-07 22:00:00,114.794,114.859,114.789,114.82,144,38,0
2026-05-07 22:15:00,114.822,114.828,114.797,114.822,131,38,0
2026-05-07 22:30:00,114.825,114.845,114.816,114.827,84,38,0
2026-05-07 22:45:00,114.828,114.828,114.793,114.812,62,38,0
2026-05-07 23:00:00,114.823,114.827,114.808,114.825,71,17,0
2026-05-07 23:15:00,114.823,114.848,114.816,114.846,42,17,0
2026-05-07 23:30:00,114.848,114.848,114.825,114.834,31,17,0
2026-05-07 23:45:00,114.832,114.832,114.792,114.811,91,17,0
2026-05-08 00:00:00,114.812,114.864,114.812,114.857,312,17,0
2026-05-08 00:15:00,114.859,114.865,114.823,114.826,245,17,0
2026-05-08 00:30:00,114.825,114.884,114.823,114.872,214,17,0
2026-05-08 00:45:00,114.874,114.93,114.857,114.912,274,17,0
2026-05-08 01:00:00,114.911,114.924,114.884,114.909,229,17,0
2026-05-08 01:15:00,114.907,114.913,114.856,114.871,190,17,0
2026-05-08 01:30:00,114.868,114.885,114.844,114.877,146,17,0
2026-05-08 01:45:00,114.875,114.887,114.864,114.881,103,17,0
2026-05-08 02:00:00,114.88,114.91,114.879,114.898,148,17,0
2026-05-08 02:15:00,114.899,114.904,114.868,114.891,123,17,0
2026-05-08 02:30:00,114.888,114.892,114.854,114.866,175,17,0
2026-05-08 02:45:00,114.867,114.871,114.846,114.852,147,17,0
2026-05-08 03:00:00,114.851,114.862,114.807,114.821,147,17,0
2026-05-08 03:15:00,114.823,114.835,114.806,114.824,94,17,0
2026-05-08 03:30:00,114.825,114.83,114.796,114.801,137,17,0
2026-05-08 03:45:00,114.8,114.827,114.795,114.824,98,17,0
2026-05-08 04:00:00,114.826,114.841,114.823,114.835,101,17,0
2026-05-08 04:15:00,114.834,114.861,114.834,114.839,129,17,0
2026-05-08 04:30:00,114.84,114.874,114.836,114.863,141,17,0
2026-05-08 04:45:00,114.861,114.891,114.852,114.853,120,17,0
2026-05-08 05:00:00,114.85,114.88,114.848,114.874,131,17,0
2026-05-08 05:15:00,114.872,114.887,114.864,114.873,84,17,0
2026-05-08 05:30:00,114.876,114.877,114.851,114.856,118,17,0
2026-05-08 05:45:00,114.858,114.869,114.845,114.852,119,17,0
2026-05-08 06:00:00,114.849,114.872,114.821,114.864,249,17,0
2026-05-08 06:15:00,114.861,114.869,114.825,114.831,201,17,0
2026-05-08 06:30:00,114.834,114.856,114.801,114.828,211,17,0
2026-05-08 06:45:00,114.827,114.866,114.825,114.861,171,17,0
2026-05-08 07:00:00,114.859,114.863,114.805,114.851,243,17,0
2026-05-08 07:15:00,114.848,114.869,114.826,114.851,200,17,0
2026-05-08 07:30:00,114.85,114.853,114.827,114.843,156,17,0
2026-05-08 07:45:00,114.845,114.866,114.822,114.837,148,17,0
2026-05-08 08:00:00,114.836,114.85,114.798,114.798,206,17,0
2026-05-08 08:15:00,114.801,114.82,114.751,114.759,243,17,0
2026-05-08 08:30:00,114.758,114.762,114.722,114.722,197,17,0
2026-05-08 08:45:00,114.725,114.787,114.721,114.787,241,17,0
2026-05-08 09:00:00,114.784,114.8,114.761,114.795,192,17,0
2026-05-08 09:15:00,114.794,114.813,114.767,114.799,170,17,0
2026-05-08 09:30:00,114.797,114.802,114.767,114.774,143,17,0
2026-05-08 09:45:00,114.772,114.825,114.772,114.816,169,17,0
2026-05-08 10:00:00,114.815,114.844,114.803,114.838,127,17,0
2026-05-08 10:15:00,114.839,114.849,114.81,114.834,112,17,0
2026-05-08 10:30:00,114.837,114.856,114.827,114.827,125,17,0
2026-05-08 10:45:00,114.829,114.839,114.816,114.839,137,17,0
2026-05-08 11:00:00,114.837,114.854,114.82,114.848,184,17,0
2026-05-08 11:15:00,114.85,114.876,114.834,114.871,126,17,0
2026-05-08 11:30:00,114.874,114.899,114.871,114.884,130,17,0
2026-05-08 11:45:00,114.88,114.901,114.862,114.881,188,17,0
2026-05-08 12:00:00,114.883,114.884,114.755,114.762,304,17,0
2026-05-08 12:15:00,114.76,114.792,114.729,114.768,348,17,0
2026-05-08 12:30:00,114.77,114.785,114.4,114.442,1100,17,0
2026-05-08 12:45:00,114.444,114.473,114.365,114.412,654,17,0
2026-05-08 13:00:00,114.409,114.414,114.291,114.304,520,17,0
2026-05-08 13:15:00,114.303,114.315,114.195,114.247,449,17,0
2026-05-08 13:30:00,114.25,114.308,114.197,114.241,566,17,0
2026-05-08 13:45:00,114.239,114.239,114.168,114.187,399,17,0
2026-05-08 14:00:00,114.185,114.364,114.166,114.355,475,17,0
2026-05-08 14:15:00,114.358,114.37,114.322,114.347,352,17,0
2026-05-08 14:30:00,114.349,114.357,114.305,114.307,341,17,0
2026-05-08 14:45:00,114.31,114.422,114.296,114.4,352,17,0
2026-05-08 15:00:00,114.402,114.407,114.356,114.382,365,17,0
2026-05-08 15:15:00,114.38,114.422,114.363,114.405,289,17,0
2026-05-08 15:30:00,114.404,114.464,114.396,114.445,281,17,0
2026-05-08 15:45:00,114.447,114.523,114.447,114.5,295,17,0
2026-05-08 16:00:00,114.504,114.504,114.461,114.464,257,17,0
2026-05-08 16:15:00,114.465,114.468,114.446,114.454,116,17,0
2026-05-08 16:30:00,114.456,114.491,114.451,114.475,156,17,0
2026-05-08 16:45:00,114.476,114.476,114.435,114.46,154,17,0
2026-05-08 17:00:00,114.462,114.499,114.46,114.485,137,17,0
2026-05-08 17:15:00,114.482,114.502,114.451,114.456,151,17,0
2026-05-08 17:30:00,114.457,114.48,114.45,114.479,104,17,0
2026-05-08 17:45:00,114.481,114.497,114.471,114.495,135,17,0
2026-05-08 18:00:00,114.493,114.495,114.44,114.455,255,17,0
2026-05-08 18:15:00,114.457,114.478,114.457,114.471,123,17,0
2026-05-08 18:30:00,114.472,114.523,114.471,114.511,141,17,0
2026-05-08 18:45:00,114.51,114.562,114.503,114.535,189,17,0
2026-05-08 19:00:00,114.533,114.583,114.527,114.564,144,17,0
2026-05-08 19:15:00,114.563,114.585,114.562,114.576,80,17,0
2026-05-08 19:30:00,114.579,114.614,114.579,114.588,121,17,0
2026-05-08 19:45:00,114.587,114.588,114.52,114.55,212,17,0
2026-05-08 20:00:00,114.552,114.585,114.546,114.546,133,17,0
2026-05-08 20:15:00,114.543,114.572,114.521,114.55,119,17,0
2026-05-08 20:30:00,114.547,114.615,114.533,114.586,158,17,0
2026-05-08 20:45:00,114.585,114.619,114.542,114.559,126,17,0
2026-05-10 21:00:00,114.379,114.381,114.375,114.378,4,91,0
2026-05-10 21:15:00,114.388,114.418,114.384,114.418,23,75,0
2026-05-10 21:30:00,114.413,114.434,114.335,114.382,138,50,0
2026-05-10 21:45:00,114.385,114.488,114.384,114.488,158,42,0
2026-05-10 22:00:00,114.489,114.63,114.486,114.6,280,51,0
2026-05-10 22:15:00,114.605,114.605,114.553,114.565,105,46,0
2026-05-10 22:30:00,114.556,114.608,114.556,114.608,100,44,0
2026-05-10 22:45:00,114.604,114.61,114.584,114.6,61,43,0
2026-05-10 23:00:00,114.614,114.632,114.594,114.621,87,17,0
2026-05-10 23:15:00,114.622,114.652,114.622,114.649,51,17,0
2026-05-10 23:30:00,114.651,114.651,114.622,114.629,51,17,0
2026-05-10 23:45:00,114.627,114.64,114.615,114.636,85,17,0
2026-05-11 00:00:00,114.634,114.685,114.623,114.646,298,17,0
2026-05-11 00:15:00,114.648,114.668,114.632,114.654,165,17,0
2026-05-11 00:30:00,114.652,114.711,114.652,114.711,170,17,0
2026-05-11 00:45:00,114.709,114.748,114.681,114.688,374,17,0
2026-05-11 01:00:00,114.691,114.717,114.689,114.699,244,17,0
2026-05-11 01:15:00,114.698,114.719,114.677,114.683,184,17,0
2026-05-11 01:30:00,114.681,114.718,114.675,114.716,204,17,0
2026-05-11 01:45:00,114.718,114.777,114.718,114.777,146,17,0
2026-05-11 02:00:00,114.778,114.785,114.745,114.763,137,17,0
2026-05-11 02:15:00,114.764,114.79,114.763,114.784,75,17,0
2026-05-11 02:30:00,114.783,114.827,114.768,114.813,133,17,0
2026-05-11 02:45:00,114.811,114.818,114.788,114.805,126,17,0
2026-05-11 03:00:00,114.806,114.829,114.805,114.811,128,17,0
2026-05-11 03:15:00,114.814,114.833,114.814,114.817,95,17,0
2026-05-11 03:30:00,114.815,114.816,114.785,114.785,59,17,0
2026-05-11 03:45:00,114.787,114.815,114.787,114.804,83,17,0
2026-05-11 04:00:00,114.801,114.802,114.773,114.779,91,17,0
2026-05-11 04:15:00,114.778,114.783,114.761,114.77,85,17,0
2026-05-11 04:30:00,114.772,114.774,114.738,114.744,73,17,0
2026-05-11 04:45:00,114.743,114.746,114.709,114.737,92,17,0
2026-05-11 05:00:00,114.739,114.742,114.716,114.729,93,17,0
2026-05-11 05:15:00,114.731,114.742,114.722,114.737,78,17,0
2026-05-11 05:30:00,114.739,114.757,114.739,114.744,80,17,0
2026-05-11 05:45:00,114.748,114.766,114.746,114.756,93,17,0
2026-05-11 06:00:00,114.758,114.843,114.749,114.827,218,17,0
2026-05-11 06:15:00,114.83,114.839,114.813,114.823,157,17,0
2026-05-11 06:30:00,114.826,114.833,114.781,114.789,226,17,0
2026-05-11 06:45:00,114.788,114.795,114.753,114.763,207,17,0
2026-05-11 07:00:00,114.764,114.907,114.763,114.907,265,17,0
2026-05-11 07:15:00,114.908,114.921,114.867,114.884,186,17,0
2026-05-11 07:30:00,114.887,114.923,114.887,114.907,144,17,0
2026-05-11 07:45:00,114.905,114.926,114.899,114.92,178,17,0
2026-05-11 08:00:00,114.921,114.948,114.887,114.895,186,17,0
2026-05-11 08:15:00,114.892,114.895,114.861,114.875,215,17,0
2026-05-11 08:30:00,114.877,114.879,114.82,114.868,175,17,0
2026-05-11 08:45:00,114.866,114.933,114.852,114.917,189,17,0
2026-05-11 09:00:00,114.919,114.93,114.899,114.905,130,17,0
2026-05-11 09:15:00,114.906,114.93,114.906,114.915,144,17,0
2026-05-11 09:30:00,114.913,114.941,114.908,114.918,122,17,0
2026-05-11 09:45:00,114.915,114.958,114.913,114.958,115,17,0
2026-05-11 10:00:00,114.961,114.966,114.94,114.961,132,17,0
2026-05-11 10:15:00,114.96,114.974,114.944,114.965,122,17,0
2026-05-11 10:30:00,114.967,114.982,114.955,114.98,144,17,0
2026-05-11 10:45:00,114.981,115.023,114.97,115.02,195,17,0
2026-05-11 11:00:00,115.018,115.018,114.97,114.983,185,17,0
2026-05-11 11:15:00,114.986,114.993,114.966,114.98,135,17,0
2026-05-11 11:30:00,114.979,114.984,114.949,114.965,157,17,0
2026-05-11 11:45:00,114.968,114.979,114.938,114.956,159,17,0
2026-05-11 12:00:00,114.958,114.988,114.947,114.966,171,17,0
2026-05-11 12:15:00,114.965,114.969,114.918,114.918,228,17,0
2026-05-11 12:30:00,114.915,114.929,114.794,114.893,371,17,0
2026-05-11 12:45:00,114.895,114.959,114.886,114.954,289,17,0
2026-05-11 13:00:00,114.953,114.96,114.911,114.911,252,17,0
2026-05-11 13:15:00,114.909,114.945,114.905,114.912,198,17,0
2026-05-11 13:30:00,114.91,114.948,114.91,114.931,280,17,0
2026-05-11 13:45:00,114.932,114.967,114.931,114.961,262,17,0
2026-05-11 14:00:00,114.964,114.977,114.933,114.953,220,17,0
2026-05-11 14:15:00,114.955,115.036,114.938,115.036,252,17,0
2026-05-11 14:30:00,115.035,115.066,115.025,115.043,275,17,0
2026-05-11 14:45:00,115.045,115.058,114.87,114.889,454,17,0
2026-05-11 15:00:00,114.891,114.913,114.867,114.913,317,17,0
2026-05-11 15:15:00,114.914,114.926,114.875,114.885,201,17,0
2026-05-11 15:30:00,114.887,114.912,114.863,114.907,194,17,0
2026-05-11 15:45:00,114.906,114.932,114.897,114.918,226,17,0
2026-05-11 16:00:00,114.92,114.923,114.895,114.913,166,17,0
2026-05-11 16:15:00,114.912,114.941,114.911,114.94,107,17,0
2026-05-11 16:30:00,114.941,114.998,114.941,114.998,189,17,0
2026-05-11 16:45:00,114.999,115.03,114.991,115.011,191,17,0
2026-05-11 17:00:00,115.009,115.031,114.979,115.012,195,17,0
2026-05-11 17:15:00,115.011,115.018,114.978,114.99,160,17,0
2026-05-11 17:30:00,114.993,115.002,114.982,114.987,120,17,0
2026-05-11 17:45:00,114.986,114.989,114.963,114.964,73,17,0
2026-05-11 18:00:00,114.963,114.976,114.949,114.958,106,17,0
2026-05-11 18:15:00,114.957,114.969,114.934,114.937,153,17,0
2026-05-11 18:30:00,114.938,114.958,114.923,114.958,128,17,0
2026-05-11 18:45:00,114.96,114.984,114.954,114.974,139,17,0
2026-05-11 19:00:00,114.975,114.995,114.97,114.995,100,17,0
2026-05-11 19:15:00,114.997,115.007,114.973,114.991,128,17,0
2026-05-11 19:30:00,114.989,115.006,114.973,114.975,118,17,0
2026-05-11 19:45:00,114.974,114.996,114.949,114.961,140,17,0
2026-05-11 20:00:00,114.959,114.959,114.929,114.941,139,17,0
2026-05-11 20:15:00,114.94,114.954,114.91,114.911,87,17,0
2026-05-11 20:30:00,114.912,114.937,114.909,114.929,73,17,0
2026-05-11 20:45:00,114.927,114.943,114.924,114.937,112,17,0
2026-05-11 21:00:00,114.891,114.891,114.854,114.876,10,80,0
2026-05-11 21:15:00,114.884,114.903,114.874,114.899,40,65,0
2026-05-11 21:30:00,114.893,114.918,114.892,114.918,43,44,0
2026-05-11 21:45:00,114.919,114.921,114.86,114.876,96,40,0
2026-05-11 22:00:00,114.876,114.938,114.867,114.936,52,38,0
2026-05-11 22:15:00,114.933,114.959,114.93,114.954,34,38,0
2026-05-11 22:30:00,114.949,114.949,114.94,114.942,16,38,0
2026-05-11 22:45:00,114.936,114.936,114.915,114.92,36,38,0
2026-05-11 23:00:00,114.93,114.937,114.919,114.933,76,17,0
2026-05-11 23:15:00,114.934,114.949,114.932,114.945,35,17,0
2026-05-11 23:30:00,114.946,114.952,114.939,114.948,35,17,0
2026-05-11 23:45:00,114.945,114.949,114.922,114.947,74,17,0
2026-05-12 00:00:00,114.943,114.967,114.941,114.953,169,17,0
2026-05-12 00:15:00,114.951,114.955,114.928,114.943,138,17,0
2026-05-12 00:30:00,114.944,114.957,114.939,114.957,113,17,0
2026-05-12 00:45:00,114.956,115.007,114.947,115.001,254,17,0
2026-05-12 01:00:00,115.004,115.048,114.978,115.043,251,17,0
2026-05-12 01:15:00,115.044,115.061,115.021,115.061,193,17,0
2026-05-12 01:30:00,115.064,115.093,115.022,115.092,220,17,0
2026-05-12 01:45:00,115.09,115.096,115.058,115.076,171,17,0
2026-05-12 02:00:00,115.074,115.09,115.069,115.073,113,17,0
2026-05-12 02:15:00,115.074,115.091,115.071,115.084,95,17,0
2026-05-12 02:30:00,115.085,115.14,115.085,115.13,143,17,0
2026-05-12 02:45:00,115.129,115.136,115.104,115.116,110,17,0
2026-05-12 03:00:00,115.113,115.123,115.091,115.092,97,17,0
2026-05-12 03:15:00,115.091,115.091,115.067,115.073,74,17,0
2026-05-12 03:30:00,115.072,115.098,115.071,115.092,79,17,0
2026-05-12 03:45:00,115.094,115.118,115.092,115.095,77,17,0
2026-05-12 04:00:00,115.099,115.114,115.094,115.106,98,17,0
2026-05-12 04:15:00,115.104,115.12,115.103,115.12,74,17,0
2026-05-12 04:30:00,115.122,115.124,115.069,115.071,96,17,0
2026-05-12 04:45:00,115.068,115.082,115.061,115.081,105,17,0
2026-05-12 05:00:00,115.084,115.133,115.084,115.122,132,17,0
2026-05-12 05:15:00,115.121,115.16,115.121,115.147,129,17,0
2026-05-12 05:30:00,115.149,115.204,115.144,115.194,185,17,0
2026-05-12 05:45:00,115.197,115.204,114.511,114.923,1841,17,0
2026-05-12 06:00:00,114.926,115.005,114.757,114.895,998,17,0
2026-05-12 06:15:00,114.893,115.014,114.882,114.995,516,17,0
2026-05-12 06:30:00,114.998,115.027,114.885,114.946,562,17,0
2026-05-12 06:45:00,114.944,115.04,114.903,115.029,422,17,0
2026-05-12 07:00:00,115.03,115.039,114.989,115.01,401,17,0
2026-05-12 07:15:00,115.008,115.025,114.914,114.97,408,17,0
2026-05-12 07:30:00,114.972,114.999,114.929,114.975,307,17,0
2026-05-12 07:45:00,114.978,114.983,114.913,114.934,313,17,0
2026-05-12 08:00:00,114.932,114.962,114.911,114.96,320,17,0
2026-05-12 08:15:00,114.957,115.018,114.948,115.018,299,17,0
2026-05-12 08:30:00,115.015,115.015,114.962,114.99,226,17,0
2026-05-12 08:45:00,114.991,115.009,114.952,115.006,303,17,0
2026-05-12 09:00:00,115.009,115.043,115.004,115.004,253,17,0
2026-05-12 09:15:00,115.002,115.019,114.976,114.977,228,17,0
2026-05-12 09:30:00,114.974,114.994,114.942,114.96,292,17,0
2026-05-12 09:45:00,114.963,114.969,114.918,114.924,196,17,0
2026-05-12 10:00:00,114.921,114.948,114.916,114.934,175,17,0
2026-05-12 10:15:00,114.933,114.98,114.925,114.949,169,17,0
2026-05-12 10:30:00,114.952,114.952,114.891,114.898,175,17,0
2026-05-12 10:45:00,114.901,114.935,114.897,114.926,144,17,0
2026-05-12 11:00:00,114.925,114.942,114.881,114.914,246,17,0
2026-05-12 11:15:00,114.915,114.932,114.907,114.926,136,17,0
2026-05-12 11:30:00,114.924,114.96,114.919,114.953,182,17,0
2026-05-12 11:45:00,114.951,114.99,114.944,114.981,197,17,0
2026-05-12 12:00:00,114.984,115.001,114.944,115.001,250,17,0
2026-05-12 12:15:00,115.002,115.016,114.974,114.987,294,17,0
2026-05-12 12:30:00,114.984,115.013,114.897,114.934,489,17,0
2026-05-12 12:45:00,114.935,114.991,114.931,114.986,296,17,0
2026-05-12 13:00:00,114.988,115.005,114.912,114.914,392,17,0
2026-05-12 13:15:00,114.912,114.93,114.856,114.901,407,17,0
2026-05-12 13:30:00,114.904,114.934,114.889,114.896,331,17,0
2026-05-12 13:45:00,114.898,114.969,114.896,114.936,331,17,0
2026-05-12 14:00:00,114.933,114.967,114.92,114.931,357,17,0
2026-05-12 14:15:00,114.932,114.956,114.92,114.954,269,17,0
2026-05-12 14:30:00,114.957,114.977,114.916,114.961,323,17,0
2026-05-12 14:45:00,114.963,115.018,114.905,114.978,419,17,0
2026-05-12 15:00:00,114.977,115.005,114.909,114.939,328,17,0
2026-05-12 15:15:00,114.938,114.958,114.918,114.956,255,17,0
2026-05-12 15:30:00,114.955,115.027,114.943,114.97,298,17,0
2026-05-12 15:45:00,114.969,115.007,114.967,115.0,214,17,0
2026-05-12 16:00:00,115.001,115.033,114.987,115.03,208,17,0
2026-05-12 16:15:00,115.028,115.031,114.977,115.007,183,17,0
2026-05-12 16:30:00,115.006,115.013,114.993,114.999,157,17,0
2026-05-12 16:45:00,114.997,115.033,114.989,115.032,172,17,0
2026-05-12 17:00:00,115.029,115.036,114.993,115.0,199,17,0
2026-05-12 17:15:00,115.001,115.026,114.982,114.991,172,17,0
2026-05-12 17:30:00,114.988,115.006,114.976,114.993,97,17,0
2026-05-12 17:45:00,114.991,115.003,114.985,115.002,137,17,0
2026-05-12 18:00:00,115.003,115.019,114.993,115.009,149,17,0
2026-05-12 18:15:00,115.01,115.016,114.951,114.977,156,17,0
2026-05-12 18:30:00,114.979,115.02,114.978,115.01,141,17,0
2026-05-12 18:45:00,115.008,115.039,115.008,115.023,157,17,0
2026-05-12 19:00:00,115.022,115.055,115.005,115.047,130,17,0
2026-05-12 19:15:00,115.049,115.053,115.028,115.028,112,17,0
2026-05-12 19:30:00,115.025,115.042,115.015,115.024,141,17,0
2026-05-12 19:45:00,115.023,115.065,115.012,115.065,190,17,0
2026-05-12 20:00:00,115.062,115.063,115.017,115.048,143,17,0
2026-05-12 20:15:00,115.049,115.064,115.043,115.045,69,17,0
2026-05-12 20:30:00,115.047,115.074,115.044,115.071,67,17,0
2026-05-12 20:45:00,115.074,115.11,115.049,115.069,155,17,0
2026-05-12 21:00:00,115.063,115.064,115.057,115.06,5,31,0
2026-05-12 21:15:00,115.051,115.053,115.013,115.038,32,45,0
2026-05-12 21:30:00,115.037,115.058,115.017,115.046,58,33,0
2026-05-12 21:45:00,115.049,115.049,115.006,115.023,97,29,0
2026-05-12 22:00:00,115.02,115.069,115.02,115.062,62,38,0
2026-05-12 22:15:00,115.065,115.075,115.061,115.075,28,38,0
2026-05-12 22:30:00,115.069,115.079,115.065,115.067,23,38,0
2026-05-12 22:45:00,115.064,115.07,115.055,115.063,46,38,0
2026-05-12 23:00:00,115.074,115.09,115.058,115.08,125,17,0
2026-05-12 23:15:00,115.077,115.085,115.076,115.085,26,17,0
2026-05-12 23:30:00,115.084,115.084,115.056,115.07,40,17,0
2026-05-12 23:45:00,115.069,115.111,115.069,115.103,79,17,0
2026-05-13 00:00:00,115.106,115.12,115.092,115.112,160,17,0
2026-05-13 00:15:00,115.108,115.115,115.09,115.099,145,17,0
2026-05-13 00:30:00,115.101,115.138,115.093,115.094,197,17,0
2026-05-13 00:45:00,115.097,115.17,115.097,115.157,246,17,0
2026-05-13 01:00:00,115.159,115.186,115.145,115.179,207,17,0
2026-05-13 01:15:00,115.181,115.185,115.071,115.132,321,17,0
2026-05-13 01:30:00,115.134,115.15,115.11,115.149,185,17,0
2026-05-13 01:45:00,115.147,115.183,115.114,115.167,198,17,0
2026-05-13 02:00:00,115.169,115.23,115.142,115.227,191,17,0
2026-05-13 02:15:00,115.229,115.239,115.211,115.211,112,17,0
2026-05-13 02:30:00,115.214,115.228,115.195,115.195,83,17,0
2026-05-13 02:45:00,115.194,115.205,115.173,115.18,111,17,0
2026-05-13 03:00:00,115.178,115.178,115.135,115.151,156,17,0
2026-05-13 03:15:00,115.15,115.173,115.15,115.157,102,17,0
2026-05-13 03:30:00,115.158,115.171,115.144,115.163,99,17,0
2026-05-13 03:45:00,115.164,115.178,115.162,115.176,85,17,0
2026-05-13 04:00:00,115.174,115.179,115.152,115.16,68,17,0
2026-05-13 04:15:00,115.161,115.164,115.153,115.161,79,17,0
2026-05-13 04:30:00,115.162,115.183,115.161,115.171,100,17,0
2026-05-13 04:45:00,115.17,115.176,115.158,115.164,69,17,0
2026-05-13 05:00:00,115.165,115.174,115.156,115.17,101,17,0
2026-05-13 05:15:00,115.168,115.168,115.142,115.153,92,17,0
2026-05-13 05:30:00,115.154,115.154,115.124,115.13,79,17,0
2026-05-13 05:45:00,115.134,115.155,115.125,115.126,121,17,0
2026-05-13 06:00:00,115.128,115.158,115.126,115.143,157,17,0
2026-05-13 06:15:00,115.144,115.146,115.12,115.14,134,17,0
2026-05-13 06:30:00,115.142,115.142,115.092,115.116,153,17,0
2026-05-13 06:45:00,115.118,115.143,115.101,115.135,174,17,0
2026-05-13 07:00:00,115.133,115.133,115.052,115.054,258,17,0
2026-05-13 07:15:00,115.057,115.069,115.03,115.04,163,17,0
2026-05-13 07:30:00,115.041,115.094,115.035,115.093,191,17,0
2026-05-13 07:45:00,115.094,115.171,115.092,115.161,219,17,0
2026-05-13 08:00:00,115.163,115.163,115.076,115.116,242,17,0
2026-05-13 08:15:00,115.119,115.156,115.11,115.152,174,17,0
2026-05-13 08:30:00,115.149,115.162,115.125,115.162,172,17,0
2026-05-13 08:45:00,115.163,115.199,115.14,115.187,196,17,0
2026-05-13 09:00:00,115.189,115.195,115.163,115.179,184,17,0
2026-05-13 09:15:00,115.181,115.184,115.16,115.179,137,17,0
2026-05-13 09:30:00,115.177,115.207,115.171,115.203,120,17,0
2026-05-13 09:45:00,115.202,115.219,115.176,115.214,154,17,0
2026-05-13 10:00:00,115.212,115.224,115.19,115.219,226,17,0
2026-05-13 10:15:00,115.221,115.266,115.21,115.256,191,17,0
2026-05-13 10:30:00,115.254,115.257,115.235,115.247,107,17,0
2026-05-13 10:45:00,115.246,115.281,115.23,115.267,160,17,0
2026-05-13 11:00:00,115.264,115.268,115.237,115.246,138,17,0
2026-05-13 11:15:00,115.248,115.25,115.233,115.246,106,17,0
2026-05-13 11:30:00,115.247,115.249,115.203,115.203,154,17,0
2026-05-13 11:45:00,115.206,115.224,115.195,115.201,150,17,0
2026-05-13 12:00:00,115.2,115.241,115.196,115.221,211,17,0
2026-05-13 12:15:00,115.223,115.223,115.181,115.198,227,17,0
2026-05-13 12:30:00,115.201,115.268,115.198,115.241,441,17,0
2026-05-13 12:45:00,115.243,115.263,115.227,115.246,255,17,0
2026-05-13 13:00:00,115.248,115.274,115.217,115.244,275,17,0
2026-05-13 13:15:00,115.245,115.256,115.219,115.223,216,17,0
2026-05-13 13:30:00,115.22,115.222,115.081,115.091,376,17,0
2026-05-13 13:45:00,115.094,115.107,115.068,115.094,291,17,0
2026-05-13 14:00:00,115.093,115.151,115.074,115.148,325,17,0
2026-05-13 14:15:00,115.147,115.26,115.144,115.219,304,17,0
2026-05-13 14:30:00,115.215,115.255,115.2,115.223,296,17,0
2026-05-13 14:45:00,115.22,115.238,115.17,115.185,396,17,0
2026-05-13 15:00:00,115.188,115.206,115.17,115.203,292,17,0
2026-05-13 15:15:00,115.204,115.242,115.192,115.24,174,17,0
2026-05-13 15:30:00,115.237,115.245,115.209,115.223,271,17,0
2026-05-13 15:45:00,115.224,115.234,115.175,115.18,214,17,0
2026-05-13 16:00:00,115.182,115.21,115.172,115.195,179,17,0
2026-05-13 16:15:00,115.192,115.213,115.159,115.169,256,17,0
2026-05-13 16:30:00,115.167,115.197,115.158,115.193,176,17,0
2026-05-13 16:45:00,115.192,115.2,115.168,115.174,178,17,0
2026-05-13 17:00:00,115.172,115.201,115.16,115.183,183,17,0
2026-05-13 17:15:00,115.18,115.194,115.162,115.175,126,17,0
2026-05-13 17:30:00,115.176,115.188,115.167,115.188,107,17,0
2026-05-13 17:45:00,115.187,115.202,115.173,115.195,97,17,0
2026-05-13 18:00:00,115.193,115.199,115.181,115.19,138,17,0
2026-05-13 18:15:00,115.194,115.199,115.147,115.152,149,17,0
2026-05-13 18:30:00,115.153,115.16,115.107,115.117,129,17,0
2026-05-13 18:45:00,115.119,115.135,115.099,115.131,209,17,0
2026-05-13 19:00:00,115.129,115.161,115.129,115.161,129,17,0
2026-05-13 19:15:00,115.159,115.176,115.148,115.158,122,17,0
2026-05-13 19:30:00,115.157,115.205,115.155,115.204,114,17,0
2026-05-13 19:45:00,115.203,115.208,115.171,115.19,176,17,0
2026-05-13 20:00:00,115.188,115.209,115.167,115.187,166,17,0
2026-05-13 20:15:00,115.188,115.21,115.178,115.182,68,17,0
2026-05-13 20:30:00,115.184,115.207,115.171,115.205,100,17,0
2026-05-13 20:45:00,115.204,115.206,115.086,115.086,82,17,0
2026-05-13 21:00:00,115.084,115.084,115.067,115.07,5,140,0
2026-05-13 21:15:00,115.072,115.156,114.979,115.047,39,43,0
2026-05-13 21:30:00,115.018,115.12,114.996,115.12,128,58,0
2026-05-13 21:45:00,115.118,115.148,115.037,115.142,138,46,0
2026-05-13 22:00:00,115.122,115.156,115.122,115.147,67,38,0
2026-05-13 22:15:00,115.139,115.162,115.139,115.149,39,38,0
2026-05-13 22:30:00,115.15,115.163,115.139,115.142,41,38,0
2026-05-13 22:45:00,115.141,115.156,115.14,115.142,26,38,0
2026-05-13 23:00:00,115.153,115.155,115.14,115.148,43,17,0
2026-05-13 23:15:00,115.146,115.149,115.133,115.149,45,17,0
2026-05-13 23:30:00,115.15,115.168,115.15,115.165,57,17,0
2026-05-13 23:45:00,115.167,115.185,115.16,115.183,48,17,0
2026-05-14 00:00:00,115.185,115.191,115.156,115.163,126,17,0
2026-05-14 00:15:00,115.166,115.166,115.144,115.149,84,17,0
2026-05-14 00:30:00,115.147,115.169,115.147,115.155,70,17,0
2026-05-14 00:45:00,115.156,115.179,115.133,115.173,171,17,0
2026-05-14 01:00:00,115.176,115.204,115.173,115.184,158,17,0
2026-05-14 01:15:00,115.186,115.2,115.178,115.187,102,17,0
2026-05-14 01:30:00,115.188,115.206,115.188,115.194,80,17,0
2026-05-14 01:45:00,115.196,115.206,115.185,115.197,106,17,0
2026-05-14 02:00:00,115.195,115.226,115.185,115.216,106,17,0
2026-05-14 02:15:00,115.218,115.224,115.199,115.208,82,17,0
2026-05-14 02:30:00,115.209,115.219,115.204,115.209,87,17,0
2026-05-14 02:45:00,115.21,115.223,115.201,115.215,79,17,0
2026-05-14 03:00:00,115.217,115.252,115.217,115.237,134,17,0
2026-05-14 03:15:00,115.235,115.237,115.217,115.225,75,17,0
2026-05-14 03:30:00,115.226,115.238,115.218,115.23,72,17,0
2026-05-14 03:45:00,115.231,115.241,115.223,115.236,83,17,0
2026-05-14 04:00:00,115.237,115.237,114.927,115.158,790,17,0
2026-05-14 04:15:00,115.161,115.169,115.109,115.16,250,17,0
2026-05-14 04:30:00,115.159,115.207,115.153,115.198,111,17,0
2026-05-14 04:45:00,115.197,115.204,115.183,115.193,90,17,0
2026-05-14 05:00:00,115.19,115.208,115.18,115.199,150,17,0
2026-05-14 05:15:00,115.201,115.235,115.2,115.229,87,17,0
2026-05-14 05:30:00,115.231,115.234,115.209,115.212,98,17,0
2026-05-14 05:45:00,115.215,115.225,115.198,115.214,157,17,0
2026-05-14 06:00:00,115.211,115.211,115.175,115.198,179,17,0
2026-05-14 06:15:00,115.196,115.2,115.172,115.186,199,17,0
2026-05-14 06:30:00,115.185,115.226,115.185,115.199,156,17,0
2026-05-14 06:45:00,115.197,115.204,115.167,115.191,273,17,0
2026-05-14 07:00:00,115.193,115.224,115.179,115.216,200,17,0
2026-05-14 07:15:00,115.217,115.235,115.184,115.185,161,17,0
2026-05-14 07:30:00,115.184,115.187,115.16,115.166,152,17,0
2026-05-14 07:45:00,115.165,115.172,115.124,115.14,192,17,0
2026-05-14 08:00:00,115.143,115.217,115.143,115.198,203,17,0
2026-05-14 08:15:00,115.2,115.206,115.162,115.172,179,17,0
2026-05-14 08:30:00,115.173,115.211,115.173,115.203,213,17,0
2026-05-14 08:45:00,115.201,115.216,115.184,115.211,150,17,0
2026-05-14 09:00:00,115.21,115.229,115.209,115.222,141,17,0
2026-05-14 09:15:00,115.219,115.221,115.202,115.207,112,17,0
2026-05-14 09:30:00,115.208,115.213,115.183,115.208,135,17,0
2026-05-14 09:45:00,115.211,115.213,115.183,115.197,126,17,0
2026-05-14 10:00:00,115.195,115.214,115.162,115.163,139,17,0
2026-05-14 10:15:00,115.161,115.166,115.134,115.141,138,17,0
2026-05-14 10:30:00,115.143,115.157,115.135,115.143,126,17,0
2026-05-14 10:45:00,115.142,115.149,115.124,115.134,149,17,0
2026-05-14 11:00:00,115.136,115.138,115.112,115.114,150,17,0
2026-05-14 11:15:00,115.113,115.13,115.101,115.104,130,17,0
2026-05-14 11:30:00,115.106,115.135,115.105,115.112,115,17,0
2026-05-14 11:45:00,115.113,115.13,115.099,115.13,109,17,0
2026-05-14 12:00:00,115.134,115.141,115.081,115.098,243,17,0
2026-05-14 12:15:00,115.096,115.105,115.034,115.057,218,17,0
2026-05-14 12:30:00,115.054,115.115,115.05,115.09,227,17,0
2026-05-14 12:45:00,115.087,115.11,115.079,115.1,149,17,0
2026-05-14 13:00:00,115.101,115.131,115.087,115.115,212,17,0
2026-05-14 13:15:00,115.114,115.139,115.091,115.105,263,17,0
2026-05-14 13:30:00,115.107,115.247,114.835,114.908,1418,17,0
2026-05-14 13:45:00,114.911,115.082,114.671,115.031,3127,17,0
2026-05-14 14:00:00,115.034,115.121,115.015,115.102,543,17,0
2026-05-14 14:15:00,115.104,115.133,115.08,115.083,354,17,0
2026-05-14 14:30:00,115.084,115.103,115.058,115.074,265,17,0
2026-05-14 14:45:00,115.072,115.194,115.026,115.187,572,17,0
2026-05-14 15:00:00,115.188,115.2,115.114,115.152,505,17,0
2026-05-14 15:15:00,115.153,115.177,115.14,115.155,257,17,0
2026-05-14 15:30:00,115.153,115.224,115.15,115.218,270,17,0
2026-05-14 15:45:00,115.215,115.216,115.172,115.178,188,17,0
2026-05-14 16:00:00,115.18,115.247,115.165,115.244,250,17,0
2026-05-14 16:15:00,115.245,115.245,115.189,115.23,248,17,0
2026-05-14 16:30:00,115.229,115.252,115.22,115.252,212,17,0
2026-05-14 16:45:00,115.251,115.265,115.231,115.265,201,17,0
2026-05-14 17:00:00,115.268,115.275,115.256,115.263,156,17,0
2026-05-14 17:15:00,115.264,115.268,115.217,115.219,144,17,0
2026-05-14 17:30:00,115.216,115.268,115.213,115.266,135,17,0
2026-05-14 17:45:00,115.27,115.291,115.264,115.264,97,17,0
2026-05-14 18:00:00,115.262,115.262,115.213,115.26,180,17,0
2026-05-14 18:15:00,115.262,115.269,115.253,115.263,113,17,0
2026-05-14 18:30:00,115.264,115.266,115.232,115.246,109,17,0
2026-05-14 18:45:00,115.247,115.277,115.239,115.263,108,17,0
2026-05-14 19:00:00,115.264,115.271,115.245,115.268,115,17,0
2026-05-14 19:15:00,115.266,115.329,115.262,115.319,181,17,0
2026-05-14 19:30:00,115.32,115.368,115.316,115.327,175,17,0
2026-05-14 19:45:00,115.329,115.398,115.324,115.385,173,17,0
2026-05-14 20:00:00,115.386,115.423,115.378,115.4,142,17,0
2026-05-14 20:15:00,115.401,115.429,115.388,115.429,92,17,0
2026-05-14 20:30:00,115.427,115.451,115.417,115.441,86,17,0
2026-05-14 20:45:00,115.439,115.482,115.439,115.452,124,17,0
2026-05-14 21:00:00,115.396,115.396,115.325,115.365,6,84,0
2026-05-14 21:15:00,115.351,115.351,115.322,115.322,32,84,0
2026-05-14 21:30:00,115.325,115.376,115.315,115.376,144,53,0
2026-05-14 21:45:00,115.374,115.391,115.356,115.375,116,39,0
2026-05-14 22:00:00,115.385,115.452,115.385,115.452,83,38,0
2026-05-14 22:15:00,115.453,115.455,115.437,115.437,23,38,0
2026-05-14 22:30:00,115.435,115.457,115.435,115.453,40,38,0
2026-05-14 22:45:00,115.451,115.455,115.435,115.443,32,38,0
2026-05-14 23:00:00,115.454,115.455,115.436,115.452,75,17,0
2026-05-14 23:15:00,115.451,115.455,115.442,115.447,73,17,0
2026-05-14 23:30:00,115.449,115.451,115.421,115.421,46,17,0
2026-05-14 23:45:00,115.422,115.425,115.36,115.394,160,17,0
2026-05-15 00:00:00,115.395,115.404,115.348,115.369,253,17,0
2026-05-15 00:15:00,115.37,115.384,115.347,115.368,161,17,0
2026-05-15 00:30:00,115.37,115.389,115.349,115.353,166,17,0
2026-05-15 00:45:00,115.352,115.388,115.342,115.364,248,17,0
2026-05-15 01:00:00,115.367,115.372,115.34,115.351,210,17,0
2026-05-15 01:15:00,115.353,115.391,115.329,115.381,279,17,0
2026-05-15 01:30:00,115.378,115.378,115.291,115.321,365,17,0
2026-05-15 01:45:00,115.319,115.357,115.316,115.355,175,17,0
2026-05-15 02:00:00,115.357,115.392,115.349,115.359,190,17,0
2026-05-15 02:15:00,115.357,115.374,115.355,115.361,134,17,0
2026-05-15 02:30:00,115.364,115.368,115.334,115.34,110,17,0
2026-05-15 02:45:00,115.341,115.381,115.333,115.381,150,17,0
2026-05-15 03:00:00,115.382,115.383,115.353,115.368,116,17,0
2026-05-15 03:15:00,115.37,115.373,115.357,115.36,90,17,0
2026-05-15 03:30:00,115.361,115.362,115.339,115.358,108,17,0
2026-05-15 03:45:00,115.357,115.358,115.338,115.338,85,17,0
2026-05-15 04:00:00,115.339,115.341,115.323,115.333,68,17,0
2026-05-15 04:15:00,115.332,115.339,115.331,115.334,28,17,0
2026-05-15 04:30:00,115.336,115.343,115.315,115.316,91,17,0
2026-05-15 04:45:00,115.317,115.323,115.292,115.309,97,17,0
2026-05-15 05:00:00,115.312,115.312,115.248,115.265,223,17,0
2026-05-15 05:15:00,115.262,115.298,115.258,115.272,152,17,0
2026-05-15 05:30:00,115.274,115.351,115.271,115.332,155,17,0
2026-05-15 05:45:00,115.329,115.349,115.297,115.315,293,17,0
2026-05-15 06:00:00,115.317,115.432,115.313,115.38,373,17,0
2026-05-15 06:15:00,115.379,115.404,115.372,115.378,297,17,0
2026-05-15 06:30:00,115.38,115.381,115.269,115.29,337,17,0
2026-05-15 06:45:00,115.288,115.288,115.199,115.199,249,17,0
2026-05-15 07:00:00,115.197,115.282,115.176,115.282,317,17,0
2026-05-15 07:15:00,115.285,115.293,115.231,115.243,292,17,0
2026-05-15 07:30:00,115.245,115.256,115.201,115.255,230,17,0
2026-05-15 07:45:00,115.253,115.258,115.207,115.246,198,17,0
2026-05-15 08:00:00,115.249,115.249,115.214,115.23,219,17,0
2026-05-15 08:15:00,115.229,115.267,115.221,115.257,221,17,0
2026-05-15 08:30:00,115.255,115.275,115.222,115.261,295,17,0
2026-05-15 08:45:00,115.263,115.337,115.255,115.328,215,17,0
2026-05-15 09:00:00,115.33,115.335,115.26,115.269,243,17,0
2026-05-15 09:15:00,115.27,115.272,115.22,115.252,244,17,0
2026-05-15 09:30:00,115.254,115.258,115.207,115.207,241,17,0
2026-05-15 09:45:00,115.209,115.241,115.18,115.241,200,17,0
2026-05-15 10:00:00,115.244,115.292,115.241,115.281,220,17,0
2026-05-15 10:15:00,115.283,115.312,115.277,115.3,210,17,0
2026-05-15 10:30:00,115.302,115.334,115.295,115.295,171,17,0
2026-05-15 10:45:00,115.298,115.303,115.228,115.229,423,17,0
2026-05-15 11:00:00,115.232,115.286,115.229,115.277,271,17,0
2026-05-15 11:15:00,115.279,115.306,115.274,115.296,178,17,0
2026-05-15 11:30:00,115.294,115.321,115.272,115.279,190,17,0
2026-05-15 11:45:00,115.277,115.311,115.275,115.301,196,17,0
2026-05-15 12:00:00,115.299,115.299,115.237,115.275,279,17,0
2026-05-15 12:15:00,115.276,115.282,115.221,115.224,240,17,0
2026-05-15 12:30:00,115.229,115.255,115.217,115.255,224,17,0
2026-05-15 12:45:00,115.254,115.303,115.232,115.287,207,17,0
2026-05-15 13:00:00,115.285,115.285,115.251,115.269,241,17,0
2026-05-15 13:15:00,115.263,115.286,115.252,115.252,225,17,0
2026-05-15 13:30:00,115.249,115.285,115.219,115.268,361,17,0
2026-05-15 13:45:00,115.266,115.34,115.253,115.329,402,17,0
2026-05-15 14:00:00,115.332,115.354,115.275,115.304,445,17,0
2026-05-15 14:15:00,115.305,115.34,115.295,115.316,342,17,0
2026-05-15 14:30:00,115.317,115.39,115.311,115.367,302,17,0
2026-05-15 14:45:00,115.369,115.37,115.243,115.249,402,17,0
2026-05-15 15:00:00,115.252,115.319,115.228,115.304,379,17,0
2026-05-15 15:15:00,115.301,115.309,115.276,115.295,287,17,0
2026-05-15 15:30:00,115.294,115.359,115.294,115.35,273,17,0
2026-05-15 15:45:00,115.352,115.406,115.346,115.399,252,17,0
2026-05-15 16:00:00,115.396,115.429,115.383,115.419,235,17,0
2026-05-15 16:15:00,115.418,115.456,115.41,115.453,224,17,0
2026-05-15 16:30:00,115.452,115.541,115.452,115.541,201,17,0
2026-05-15 16:45:00,115.538,115.541,115.507,115.541,156,17,0
2026-05-15 17:00:00,115.539,115.552,115.521,115.536,165,17,0
2026-05-15 17:15:00,115.535,115.535,115.486,115.491,160,17,0
2026-05-15 17:30:00,115.494,115.507,115.464,115.47,143,17,0
2026-05-15 17:45:00,115.473,115.503,115.471,115.503,119,17,0
2026-05-15 18:00:00,115.504,115.508,115.444,115.446,148,17,0
2026-05-15 18:15:00,115.448,115.448,115.375,115.389,185,17,0
2026-05-15 18:30:00,115.391,115.41,115.378,115.397,158,17,0
2026-05-15 18:45:00,115.395,115.409,115.387,115.387,141,17,0
2026-05-15 19:00:00,115.388,115.391,115.372,115.389,121,17,0
2026-05-15 19:15:00,115.388,115.414,115.388,115.408,122,17,0
2026-05-15 19:30:00,115.406,115.416,115.382,115.392,117,17,0
2026-05-15 19:45:00,115.393,115.447,115.37,115.429,183,17,0
2026-05-15 20:00:00,115.43,115.442,115.396,115.396,148,17,0
2026-05-15 20:15:00,115.395,115.463,115.394,115.438,130,17,0
2026-05-15 20:30:00,115.436,115.436,115.388,115.394,129,17,0
2026-05-15 20:45:00,115.396,115.47,115.393,115.454,187,17,0
2026-05-17 21:15:00,115.293,115.37,115.289,115.37,31,89,0
2026-05-17 21:30:00,115.371,115.379,115.325,115.379,59,83,0
2026-05-17 21:45:00,115.381,115.402,115.318,115.338,91,63,0
2026-05-17 22:00:00,115.333,115.463,115.326,115.449,266,63,0
2026-05-17 22:15:00,115.447,115.465,115.437,115.449,61,57,0
2026-05-17 22:30:00,115.443,115.458,115.426,115.453,58,51,0
2026-05-17 22:45:00,115.452,115.453,115.437,115.439,58,46,0
2026-05-17 23:00:00,115.454,115.496,115.436,115.486,108,17,0
2026-05-17 23:15:00,115.485,115.485,115.468,115.476,61,17,0
2026-05-17 23:30:00,115.478,115.486,115.436,115.455,128,17,0
2026-05-17 23:45:00,115.452,115.454,115.416,115.419,156,17,0
2026-05-18 00:00:00,115.42,115.461,115.42,115.424,287,17,0
2026-05-18 00:15:00,115.423,115.451,115.409,115.418,168,17,0
2026-05-18 00:30:00,115.416,115.448,115.416,115.447,183,17,0
2026-05-18 00:45:00,115.445,115.499,115.436,115.494,259,17,0
2026-05-18 01:00:00,115.496,115.522,115.475,115.515,219,17,0
2026-05-18 01:15:00,115.514,115.527,115.476,115.522,220,17,0
2026-05-18 01:30:00,115.52,115.534,115.491,115.506,178,17,0
2026-05-18 01:45:00,115.509,115.543,115.482,115.541,147,17,0
2026-05-18 02:00:00,115.538,115.538,115.491,115.509,166,17,0
2026-05-18 02:15:00,115.51,115.53,115.508,115.525,101,17,0
2026-05-18 02:30:00,115.524,115.529,115.492,115.513,104,17,0
2026-05-18 02:45:00,115.516,115.522,115.495,115.501,112,17,0
2026-05-18 03:00:00,115.503,115.535,115.503,115.533,97,17,0
2026-05-18 03:15:00,115.531,115.556,115.53,115.556,74,17,0
2026-05-18 03:30:00,115.557,115.581,115.545,115.581,103,17,0
2026-05-18 03:45:00,115.583,115.659,115.581,115.64,193,17,0
2026-05-18 04:00:00,115.644,115.666,115.492,115.642,502,17,0
2026-05-18 04:15:00,115.639,115.653,115.608,115.61,112,17,0
2026-05-18 04:30:00,115.609,115.61,115.578,115.587,121,17,0
2026-05-18 04:45:00,115.585,115.592,115.562,115.59,109,17,0
2026-05-18 05:00:00,115.592,115.6,115.574,115.582,119,17,0
2026-05-18 05:15:00,115.581,115.596,115.57,115.593,128,17,0
2026-05-18 05:30:00,115.591,115.594,115.54,115.571,131,17,0
2026-05-18 05:45:00,115.569,115.582,115.561,115.573,146,17,0
2026-05-18 06:00:00,115.576,115.576,115.528,115.558,198,17,0
2026-05-18 06:15:00,115.56,115.565,115.535,115.565,192,17,0
2026-05-18 06:30:00,115.566,115.589,115.551,115.58,188,17,0
2026-05-18 06:45:00,115.581,115.62,115.576,115.609,170,17,0
2026-05-18 07:00:00,115.607,115.654,115.589,115.642,216,17,0
2026-05-18 07:15:00,115.641,115.652,115.567,115.592,266,17,0
2026-05-18 07:30:00,115.591,115.617,115.574,115.588,287,17,0
2026-05-18 07:45:00,115.59,115.618,115.584,115.611,204,17,0
2026-05-18 08:00:00,115.607,115.622,115.591,115.614,207,17,0
2026-05-18 08:15:00,115.612,115.634,115.602,115.606,190,17,0
2026-05-18 08:30:00,115.605,115.628,115.595,115.619,197,17,0
2026-05-18 08:45:00,115.62,115.63,115.586,115.615,170,17,0
2026-05-18 09:00:00,115.617,115.643,115.605,115.606,151,17,0
2026-05-18 09:15:00,115.605,115.61,115.583,115.599,132,17,0
2026-05-18 09:30:00,115.6,115.609,115.575,115.603,141,17,0
2026-05-18 09:45:00,115.606,115.647,115.598,115.636,140,17,0
2026-05-18 10:00:00,115.638,115.648,115.609,115.633,149,17,0
2026-05-18 10:15:00,115.636,115.651,115.633,115.639,92,17,0
2026-05-18 10:30:00,115.641,115.656,115.621,115.622,134,17,0
2026-05-18 10:45:00,115.624,115.652,115.622,115.622,113,17,0
2026-05-18 11:00:00,115.619,115.635,115.592,115.595,157,17,0
2026-05-18 11:15:00,115.599,115.599,115.566,115.576,139,17,0
2026-05-18 11:30:00,115.575,115.577,115.468,115.508,481,17,0
2026-05-18 11:45:00,115.512,115.544,115.502,115.54,263,17,0
2026-05-18 12:00:00,115.542,115.567,115.53,115.555,265,17,0
2026-05-18 12:15:00,115.559,115.597,115.552,115.59,266,17,0
2026-05-18 12:30:00,115.589,115.599,115.538,115.538,374,17,0
2026-05-18 12:45:00,115.537,115.549,115.492,115.498,361,17,0
2026-05-18 13:00:00,115.497,115.543,115.497,115.527,367,17,0
2026-05-18 13:15:00,115.525,115.562,115.525,115.552,205,17,0
2026-05-18 13:30:00,115.554,115.558,115.492,115.517,305,17,0
2026-05-18 13:45:00,115.518,115.522,115.43,115.493,363,17,0
2026-05-18 14:00:00,115.491,115.548,115.491,115.537,384,17,0
2026-05-18 14:15:00,115.536,115.615,115.513,115.612,347,17,0
2026-05-18 14:30:00,115.61,115.644,115.592,115.602,329,17,0
2026-05-18 14:45:00,115.599,115.607,115.556,115.585,320,17,0
2026-05-18 15:00:00,115.584,115.603,115.566,115.576,354,17,0
2026-05-18 15:15:00,115.577,115.589,115.567,115.568,221,17,0
2026-05-18 15:30:00,115.565,115.572,115.538,115.561,244,17,0
2026-05-18 15:45:00,115.562,115.57,115.535,115.567,196,17,0
2026-05-18 16:00:00,115.565,115.581,115.549,115.57,215,17,0
2026-05-18 16:15:00,115.571,115.615,115.559,115.61,239,17,0
2026-05-18 16:30:00,115.611,115.644,115.601,115.641,200,17,0
2026-05-18 16:45:00,115.639,115.671,115.619,115.658,170,17,0
2026-05-18 17:00:00,115.656,115.672,115.645,115.653,175,17,0
2026-05-18 17:15:00,115.654,115.66,115.634,115.658,111,17,0
2026-05-18 17:30:00,115.657,115.669,115.637,115.642,114,17,0
2026-05-18 17:45:00,115.641,115.664,115.64,115.658,93,17,0
2026-05-18 18:00:00,115.659,115.67,115.656,115.659,131,17,0
2026-05-18 18:15:00,115.658,115.683,115.651,115.666,160,17,0
2026-05-18 18:30:00,115.668,115.674,115.646,115.669,150,17,0
2026-05-18 18:45:00,115.666,115.688,115.659,115.684,137,17,0
2026-05-18 19:00:00,115.685,115.699,115.576,115.623,664,17,0
2026-05-18 19:15:00,115.625,115.652,115.613,115.637,209,17,0
2026-05-18 19:30:00,115.64,115.649,115.619,115.64,167,17,0
2026-05-18 19:45:00,115.638,115.643,115.619,115.642,168,17,0
2026-05-18 20:00:00,115.639,115.639,115.615,115.624,126,17,0
2026-05-18 20:15:00,115.622,115.626,115.605,115.61,84,17,0
2026-05-18 20:30:00,115.608,115.63,115.55,115.582,125,17,0
2026-05-18 20:45:00,115.585,115.612,115.585,115.603,93,17,0
2026-05-18 21:00:00,115.577,115.577,115.541,115.563,11,70,0
2026-05-18 21:15:00,115.565,115.566,115.546,115.553,15,80,0
2026-05-18 21:30:00,115.546,115.547,115.523,115.528,147,49,0
2026-05-18 21:45:00,115.53,115.538,115.495,115.516,48,42,0
2026-05-18 22:00:00,115.517,115.581,115.51,115.581,92,38,0
2026-05-18 22:15:00,115.583,115.602,115.576,115.602,14,38,0
2026-05-18 22:30:00,115.6,115.6,115.582,115.595,26,38,0
2026-05-18 22:45:00,115.596,115.602,115.581,115.601,31,38,0
2026-05-18 23:00:00,115.612,115.621,115.608,115.61,33,17,0
2026-05-18 23:15:00,115.608,115.608,115.591,115.599,35,17,0
2026-05-18 23:30:00,115.6,115.618,115.595,115.616,53,17,0
2026-05-18 23:45:00,115.615,115.633,115.61,115.63,62,17,0
2026-05-19 00:00:00,115.633,115.652,115.615,115.623,175,17,0
2026-05-19 00:15:00,115.627,115.669,115.627,115.656,154,17,0
2026-05-19 00:30:00,115.655,115.669,115.647,115.647,121,17,0
2026-05-19 00:45:00,115.645,115.664,115.622,115.658,245,17,0
2026-05-19 01:00:00,115.661,115.667,115.623,115.634,157,17,0
2026-05-19 01:15:00,115.635,115.64,115.622,115.622,107,17,0
2026-05-19 01:30:00,115.621,115.624,115.599,115.599,160,17,0
2026-05-19 01:45:00,115.6,115.636,115.6,115.634,112,17,0
2026-05-19 02:00:00,115.635,115.635,115.611,115.623,135,17,0
2026-05-19 02:15:00,115.626,115.634,115.614,115.628,113,17,0
2026-05-19 02:30:00,115.63,115.635,115.611,115.629,106,17,0
2026-05-19 02:45:00,115.628,115.647,115.623,115.637,104,17,0
2026-05-19 03:00:00,115.635,115.664,115.63,115.654,135,17,0
2026-05-19 03:15:00,115.653,115.653,115.636,115.642,92,17,0
2026-05-19 03:30:00,115.644,115.647,115.629,115.637,84,17,0
2026-05-19 03:45:00,115.635,115.643,115.627,115.631,71,17,0
2026-05-19 04:00:00,115.63,115.63,115.598,115.604,82,17,0
2026-05-19 04:15:00,115.605,115.608,115.599,115.604,71,17,0
2026-05-19 04:30:00,115.602,115.613,115.594,115.603,84,17,0
2026-05-19 04:45:00,115.604,115.616,115.589,115.61,85,17,0
2026-05-19 05:00:00,115.611,115.62,115.599,115.615,103,17,0
2026-05-19 05:15:00,115.611,115.619,115.592,115.609,90,17,0
2026-05-19 05:30:00,115.61,115.637,115.606,115.633,112,17,0
2026-05-19 05:45:00,115.634,115.686,115.623,115.667,140,17,0
2026-05-19 06:00:00,115.67,115.723,115.67,115.696,197,17,0
2026-05-19 06:15:00,115.694,115.703,115.677,115.685,115,17,0
2026-05-19 06:30:00,115.688,115.728,115.675,115.728,172,17,0
2026-05-19 06:45:00,115.73,115.741,115.679,115.712,245,17,0
2026-05-19 07:00:00,115.716,115.766,115.695,115.746,268,17,0
2026-05-19 07:15:00,115.749,115.764,115.743,115.75,134,17,0
2026-05-19 07:30:00,115.748,115.748,115.683,115.709,162,17,0
2026-05-19 07:45:00,115.708,115.715,115.667,115.671,220,17,0
2026-05-19 08:00:00,115.668,115.692,115.629,115.662,219,17,0
2026-05-19 08:15:00,115.66,115.674,115.614,115.634,202,17,0
2026-05-19 08:30:00,115.637,115.668,115.631,115.634,180,17,0
2026-05-19 08:45:00,115.636,115.663,115.636,115.649,155,17,0
2026-05-19 09:00:00,115.652,115.66,115.618,115.639,133,17,0
2026-05-19 09:15:00,115.638,115.646,115.593,115.607,137,17,0
2026-05-19 09:30:00,115.608,115.629,115.592,115.598,126,17,0
2026-05-19 09:45:00,115.601,115.606,115.564,115.589,136,17,0
2026-05-19 10:00:00,115.587,115.609,115.565,115.569,163,17,0
2026-05-19 10:15:00,115.571,115.573,115.547,115.562,139,17,0
2026-05-19 10:30:00,115.564,115.58,115.559,115.576,137,17,0
2026-05-19 10:45:00,115.577,115.605,115.574,115.598,197,17,0
2026-05-19 11:00:00,115.597,115.665,115.586,115.665,167,17,0
2026-05-19 11:15:00,115.667,115.746,115.667,115.744,140,17,0
2026-05-19 11:30:00,115.747,115.765,115.724,115.759,159,17,0
2026-05-19 11:45:00,115.758,115.762,115.711,115.711,172,17,0
2026-05-19 12:00:00,115.71,115.723,115.636,115.652,264,17,0
2026-05-19 12:15:00,115.651,115.707,115.651,115.704,228,17,0
2026-05-19 12:30:00,115.708,115.716,115.223,115.413,2017,17,0
2026-05-19 12:45:00,115.411,115.575,115.4,115.554,561,17,0
2026-05-19 13:00:00,115.551,115.641,115.522,115.609,423,17,0
2026-05-19 13:15:00,115.607,115.66,115.596,115.659,386,17,0
2026-05-19 13:30:00,115.656,115.656,115.553,115.583,518,17,0
2026-05-19 13:45:00,115.582,115.613,115.492,115.546,669,17,0
2026-05-19 14:00:00,115.544,115.644,115.532,115.623,457,17,0
2026-05-19 14:15:00,115.622,115.652,115.612,115.633,448,17,0
2026-05-19 14:30:00,115.635,115.635,115.584,115.592,364,17,0
2026-05-19 14:45:00,115.593,115.631,115.469,115.509,570,17,0
2026-05-19 15:00:00,115.511,115.562,115.45,115.555,450,17,0
2026-05-19 15:15:00,115.557,115.628,115.543,115.628,283,17,0
2026-05-19 15:30:00,115.625,115.671,115.609,115.658,267,17,0
2026-05-19 15:45:00,115.657,115.669,115.635,115.667,200,17,0
2026-05-19 16:00:00,115.67,115.69,115.408,115.465,878,17,0
2026-05-19 16:15:00,115.466,115.595,115.466,115.548,510,17,0
2026-05-19 16:30:00,115.55,115.576,115.496,115.52,372,17,0
2026-05-19 16:45:00,115.519,115.522,115.48,115.509,238,17,0
2026-05-19 17:00:00,115.51,115.525,115.485,115.492,216,17,0
2026-05-19 17:15:00,115.49,115.514,115.481,115.501,179,17,0
2026-05-19 17:30:00,115.5,115.534,115.467,115.471,213,17,0
2026-05-19 17:45:00,115.47,115.524,115.464,115.516,228,17,0
2026-05-19 18:00:00,115.517,115.579,115.517,115.568,245,17,0
2026-05-19 18:15:00,115.571,115.636,115.564,115.636,216,17,0
2026-05-19 18:30:00,115.633,115.66,115.625,115.628,232,17,0
2026-05-19 18:45:00,115.629,115.699,115.623,115.671,223,17,0
2026-05-19 19:00:00,115.674,115.69,115.669,115.673,170,17,0
2026-05-19 19:15:00,115.676,115.681,115.657,115.678,135,17,0
2026-05-19 19:30:00,115.675,115.691,115.645,115.684,185,17,0
2026-05-19 19:45:00,115.686,115.693,115.643,115.675,166,17,0
2026-05-19 20:00:00,115.674,115.709,115.652,115.692,166,17,0
2026-05-19 20:15:00,115.691,115.697,115.671,115.685,82,17,0
2026-05-19 20:30:00,115.686,115.714,115.675,115.709,86,17,0
2026-05-19 20:45:00,115.706,115.739,115.702,115.734,130,17,0
2026-05-19 21:00:00,115.69,115.69,115.648,115.665,9,79,0
2026-05-19 21:15:00,115.664,115.694,115.663,115.694,23,67,0
2026-05-19 21:30:00,115.696,115.712,115.696,115.712,16,43,0
2026-05-19 21:45:00,115.714,115.715,115.69,115.715,34,37,0
2026-05-19 22:00:00,115.707,115.71,115.7,115.71,49,38,0
2026-05-19 22:15:00,115.714,115.747,115.704,115.733,48,38,0
2026-05-19 22:30:00,115.732,115.732,115.721,115.723,18,38,0
2026-05-19 22:45:00,115.726,115.736,115.715,115.722,39,38,0
2026-05-19 23:00:00,115.733,115.735,115.704,115.712,54,17,0
2026-05-19 23:15:00,115.709,115.723,115.704,115.71,38,17,0
2026-05-19 23:30:00,115.711,115.713,115.685,115.69,84,17,0
2026-05-19 23:45:00,115.692,115.692,115.662,115.672,109,17,0
2026-05-20 00:00:00,115.675,115.675,115.638,115.65,261,17,0
2026-05-20 00:15:00,115.652,115.654,115.628,115.632,185,17,0
2026-05-20 00:30:00,115.631,115.658,115.627,115.635,174,17,0
2026-05-20 00:45:00,115.633,115.641,115.559,115.563,316,17,0
2026-05-20 01:00:00,115.561,115.598,115.558,115.585,191,17,0
2026-05-20 01:15:00,115.586,115.618,115.58,115.61,142,17,0
2026-05-20 01:30:00,115.608,115.625,115.588,115.593,194,17,0
2026-05-20 01:45:00,115.589,115.618,115.586,115.614,169,17,0
2026-05-20 02:00:00,115.613,115.626,115.598,115.605,111,17,0
2026-05-20 02:15:00,115.602,115.61,115.491,115.568,228,17,0
2026-05-20 02:30:00,115.565,115.571,115.522,115.532,217,17,0
2026-05-20 02:45:00,115.531,115.538,115.512,115.53,163,17,0
2026-05-20 03:00:00,115.529,115.548,115.521,115.535,128,17,0
2026-05-20 03:15:00,115.533,115.548,115.515,115.53,111,17,0
2026-05-20 03:30:00,115.532,115.532,115.502,115.504,137,17,0
2026-05-20 03:45:00,115.506,115.529,115.491,115.497,109,17,0
2026-05-20 04:00:00,115.495,115.503,115.481,115.491,136,17,0
2026-05-20 04:15:00,115.489,115.506,115.485,115.498,89,17,0
2026-05-20 04:30:00,115.499,115.558,115.499,115.558,117,17,0
2026-05-20 04:45:00,115.557,115.558,115.532,115.538,103,17,0
2026-05-20 05:00:00,115.541,115.553,115.525,115.53,115,17,0
2026-05-20 05:15:00,115.529,115.53,115.507,115.516,102,17,0
2026-05-20 05:30:00,115.513,115.534,115.511,115.524,102,17,0
2026-05-20 05:45:00,115.522,115.55,115.52,115.545,116,17,0
2026-05-20 06:00:00,115.548,115.558,115.499,115.507,217,17,0
2026-05-20 06:15:00,115.504,115.509,115.479,115.489,222,17,0
2026-05-20 06:30:00,115.487,115.516,115.484,115.511,236,17,0
2026-05-20 06:45:00,115.509,115.519,115.485,115.491,179,17,0
2026-05-20 07:00:00,115.493,115.504,115.455,115.471,227,17,0
2026-05-20 07:15:00,115.473,115.521,115.467,115.467,169,17,0
2026-05-20 07:30:00,115.471,115.506,115.461,115.488,152,17,0
2026-05-20 07:45:00,115.491,115.497,115.466,115.488,164,17,0
2026-05-20 08:00:00,115.491,115.546,115.488,115.536,217,17,0
2026-05-20 08:15:00,115.537,115.565,115.517,115.529,206,17,0
2026-05-20 08:30:00,115.526,115.531,115.492,115.517,175,17,0
2026-05-20 08:45:00,115.518,115.538,115.475,115.475,163,17,0
2026-05-20 09:00:00,115.473,115.484,115.44,115.461,169,17,0
2026-05-20 09:15:00,115.462,115.483,115.456,115.48,113,17,0
2026-05-20 09:30:00,115.482,115.489,115.465,115.465,113,17,0
2026-05-20 09:45:00,115.467,115.472,115.436,115.451,142,17,0
2026-05-20 10:00:00,115.448,115.467,115.443,115.454,119,17,0
2026-05-20 10:15:00,115.456,115.495,115.456,115.483,117,17,0
2026-05-20 10:30:00,115.482,115.491,115.452,115.47,160,17,0
2026-05-20 10:45:00,115.472,115.473,115.445,115.473,133,17,0
2026-05-20 11:00:00,115.475,115.526,115.473,115.52,122,17,0
2026-05-20 11:15:00,115.518,115.567,115.511,115.565,165,17,0
2026-05-20 11:30:00,115.567,115.597,115.564,115.579,185,17,0
2026-05-20 11:45:00,115.581,115.626,115.563,115.626,203,17,0
2026-05-20 12:00:00,115.628,115.635,115.582,115.591,199,17,0
2026-05-20 12:15:00,115.589,115.607,115.499,115.509,233,17,0
2026-05-20 12:30:00,115.508,115.557,115.502,115.555,194,17,0
2026-05-20 12:45:00,115.554,115.56,115.517,115.545,158,17,0
2026-05-20 13:00:00,115.548,115.572,115.534,115.542,209,17,0
2026-05-20 13:15:00,115.544,115.606,115.534,115.606,206,17,0
2026-05-20 13:30:00,115.604,115.617,115.569,115.575,281,17,0
2026-05-20 13:45:00,115.578,115.583,115.498,115.519,322,17,0
2026-05-20 14:00:00,115.517,115.572,115.492,115.515,434,17,0
2026-05-20 14:15:00,115.514,115.565,115.427,115.541,984,17,0
2026-05-20 14:30:00,115.538,115.569,115.505,115.563,580,17,0
2026-05-20 14:45:00,115.56,115.617,115.53,115.615,573,17,0
2026-05-20 15:00:00,115.619,115.619,115.528,115.535,481,17,0
2026-05-20 15:15:00,115.537,115.562,115.462,115.55,1201,17,0
2026-05-20 15:30:00,115.548,115.569,115.501,115.552,495,17,0
2026-05-20 15:45:00,115.549,115.564,115.466,115.538,472,17,0
2026-05-20 16:00:00,115.54,115.559,115.52,115.55,268,17,0
2026-05-20 16:15:00,115.551,115.626,115.551,115.612,299,17,0
2026-05-20 16:30:00,115.611,115.621,115.573,115.585,238,17,0
2026-05-20 16:45:00,115.583,115.592,115.527,115.531,280,17,0
2026-05-20 17:00:00,115.535,115.548,115.49,115.507,347,17,0
2026-05-20 17:15:00,115.509,115.538,115.491,115.522,227,17,0
2026-05-20 17:30:00,115.52,115.567,115.515,115.544,246,17,0
2026-05-20 17:45:00,115.545,115.552,115.529,115.544,167,17,0
2026-05-20 18:00:00,115.547,115.571,115.547,115.566,209,17,0
2026-05-20 18:15:00,115.563,115.577,115.528,115.563,224,17,0
2026-05-20 18:30:00,115.564,115.564,115.531,115.544,161,17,0
2026-05-20 18:45:00,115.541,115.553,115.526,115.533,209,17,0
2026-05-20 19:00:00,115.53,115.56,115.522,115.534,146,17,0
2026-05-20 19:15:00,115.532,115.545,115.532,115.533,94,17,0
2026-05-20 19:30:00,115.532,115.558,115.53,115.553,132,17,0
2026-05-20 19:45:00,115.552,115.605,115.55,115.588,196,17,0
2026-05-20 20:00:00,115.586,115.607,115.577,115.581,161,17,0
2026-05-20 20:15:00,115.582,115.605,115.576,115.599,122,17,0
2026-05-20 20:30:00,115.6,115.643,115.6,115.609,103,17,0
2026-05-20 20:45:00,115.611,115.623,115.515,115.519,87,17,0
2026-05-20 21:00:00,115.533,115.566,115.513,115.513,12,140,0
2026-05-20 21:15:00,115.517,115.586,115.509,115.586,17,63,0
2026-05-20 21:30:00,115.564,115.587,115.557,115.58,62,45,0
2026-05-20 21:45:00,115.578,115.582,115.556,115.577,84,38,0
2026-05-20 22:00:00,115.575,115.586,115.552,115.56,87,38,0
2026-05-20 22:15:00,115.558,115.578,115.553,115.578,37,38,0
2026-05-20 22:30:00,115.579,115.579,115.557,115.557,27,38,0
2026-05-20 22:45:00,115.556,115.566,115.553,115.562,20,38,0
2026-05-20 23:00:00,115.572,115.573,115.556,115.57,34,17,0
2026-05-20 23:15:00,115.569,115.587,115.566,115.583,42,17,0
2026-05-20 23:30:00,115.585,115.597,115.585,115.594,42,17,0
2026-05-20 23:45:00,115.592,115.592,115.57,115.577,86,17,0
2026-05-21 00:00:00,115.579,115.595,115.568,115.592,146,17,0
2026-05-21 00:15:00,115.591,115.594,115.562,115.569,126,17,0
2026-05-21 00:30:00,115.57,115.577,115.544,115.554,123,17,0
2026-05-21 00:45:00,115.55,115.572,115.54,115.552,199,17,0
2026-05-21 01:00:00,115.554,115.56,115.535,115.55,142,17,0
2026-05-21 01:15:00,115.553,115.562,115.546,115.551,114,17,0
2026-05-21 01:30:00,115.548,115.548,115.502,115.53,222,17,0
2026-05-21 01:45:00,115.529,115.53,115.483,115.501,168,17,0
2026-05-21 02:00:00,115.502,115.508,115.474,115.497,154,17,0
2026-05-21 02:15:00,115.495,115.501,115.481,115.485,118,17,0
2026-05-21 02:30:00,115.487,115.497,115.473,115.489,121,17,0
2026-05-21 02:45:00,115.492,115.508,115.469,115.504,137,17,0
2026-05-21 03:00:00,115.505,115.525,115.502,115.508,104,17,0
2026-05-21 03:15:00,115.509,115.511,115.488,115.488,68,17,0
2026-05-21 03:30:00,115.491,115.503,115.475,115.49,82,17,0
2026-05-21 03:45:00,115.492,115.52,115.487,115.507,78,17,0
2026-05-21 04:00:00,115.508,115.519,115.499,115.505,85,17,0
2026-05-21 04:15:00,115.506,115.527,115.506,115.517,69,17,0
2026-05-21 04:30:00,115.515,115.532,115.515,115.529,65,17,0
2026-05-21 04:45:00,115.53,115.541,115.526,115.536,94,17,0
2026-05-21 05:00:00,115.54,115.545,115.529,115.536,97,17,0
2026-05-21 05:15:00,115.538,115.554,115.53,115.531,79,17,0
2026-05-21 05:30:00,115.532,115.548,115.514,115.522,106,17,0
2026-05-21 05:45:00,115.525,115.543,115.512,115.538,141,17,0
2026-05-21 06:00:00,115.54,115.555,115.532,115.55,170,17,0
2026-05-21 06:15:00,115.551,115.59,115.551,115.585,165,17,0
2026-05-21 06:30:00,115.587,115.588,115.562,115.575,150,17,0
2026-05-21 06:45:00,115.574,115.589,115.562,115.572,150,17,0
2026-05-21 07:00:00,115.574,115.588,115.55,115.557,242,17,0
2026-05-21 07:15:00,115.554,115.557,115.496,115.507,255,17,0
2026-05-21 07:30:00,115.51,115.518,115.457,115.471,184,17,0
2026-05-21 07:45:00,115.474,115.492,115.457,115.466,172,17,0
2026-05-21 08:00:00,115.468,115.468,115.41,115.446,265,17,0
2026-05-21 08:15:00,115.443,115.51,115.44,115.507,282,17,0
2026-05-21 08:30:00,115.503,115.52,115.492,115.501,211,17,0
2026-05-21 08:45:00,115.5,115.505,115.436,115.481,231,17,0
2026-05-21 09:00:00,115.483,115.487,115.458,115.478,162,17,0
2026-05-21 09:15:00,115.481,115.485,115.461,115.477,171,17,0
2026-05-21 09:30:00,115.476,115.5,115.459,115.473,178,17,0
2026-05-21 09:45:00,115.47,115.495,115.451,115.485,130,17,0
2026-05-21 10:00:00,115.484,115.508,115.484,115.486,114,17,0
2026-05-21 10:15:00,115.485,115.534,115.478,115.525,246,17,0
2026-05-21 10:30:00,115.524,115.58,115.502,115.567,346,17,0
2026-05-21 10:45:00,115.564,115.621,115.563,115.608,236,17,0
2026-05-21 11:00:00,115.607,115.608,115.565,115.582,223,17,0
2026-05-21 11:15:00,115.581,115.596,115.563,115.568,159,17,0
2026-05-21 11:30:00,115.571,115.624,115.571,115.616,137,17,0
2026-05-21 11:45:00,115.619,115.627,115.591,115.6,149,17,0
2026-05-21 12:00:00,115.597,115.609,115.56,115.576,214,17,0
2026-05-21 12:15:00,115.575,115.596,115.558,115.587,186,17,0
2026-05-21 12:30:00,115.59,115.604,115.544,115.582,326,17,0
2026-05-21 12:45:00,115.579,115.581,115.549,115.553,249,17,0
2026-05-21 13:00:00,115.552,115.573,115.493,115.493,256,17,0
2026-05-21 13:15:00,115.495,115.545,115.487,115.49,315,17,0
2026-05-21 13:30:00,115.492,115.567,115.481,115.561,347,17,0
2026-05-21 13:45:00,115.563,115.577,115.458,115.497,598,17,0
2026-05-21 14:00:00,115.493,115.499,115.444,115.447,327,17,0
2026-05-21 14:15:00,115.449,115.477,115.417,115.443,308,17,0
2026-05-21 14:30:00,115.442,115.442,115.36,115.369,267,17,0
2026-05-21 14:45:00,115.367,115.479,115.363,115.437,447,17,0
2026-05-21 15:00:00,115.434,115.479,115.43,115.455,423,17,0
2026-05-21 15:15:00,115.454,115.482,115.395,115.479,296,17,0
2026-05-21 15:30:00,115.481,115.484,115.429,115.466,218,17,0
2026-05-21 15:45:00,115.469,115.491,115.444,115.444,232,17,0
2026-05-21 16:00:00,115.442,115.445,115.413,115.418,281,17,0
2026-05-21 16:15:00,115.42,115.451,115.415,115.431,220,17,0
2026-05-21 16:30:00,115.43,115.455,115.409,115.413,163,17,0
2026-05-21 16:45:00,115.414,115.473,115.403,115.45,186,17,0
2026-05-21 17:00:00,115.446,115.456,115.399,115.412,353,17,0
2026-05-21 17:15:00,115.409,115.409,115.36,115.386,601,17,0
2026-05-21 17:30:00,115.388,115.416,115.33,115.337,351,17,0
2026-05-21 17:45:00,115.339,115.34,115.298,115.331,324,17,0
2026-05-21 18:00:00,115.333,115.416,115.326,115.394,386,17,0
2026-05-21 18:15:00,115.397,115.427,115.391,115.427,229,17,0
2026-05-21 18:30:00,115.429,115.444,115.369,115.384,195,17,0
2026-05-21 18:45:00,115.383,115.437,115.361,115.431,440,17,0
2026-05-21 19:00:00,115.433,115.445,115.404,115.413,272,17,0
2026-05-21 19:15:00,115.412,115.412,115.366,115.378,134,17,0
2026-05-21 19:30:00,115.377,115.377,115.331,115.361,178,17,0
2026-05-21 19:45:00,115.36,115.376,115.317,115.344,279,17,0
2026-05-21 20:00:00,115.343,115.381,115.321,115.374,160,17,0
2026-05-21 20:15:00,115.375,115.407,115.371,115.4,96,17,0
2026-05-21 20:30:00,115.397,115.407,115.386,115.4,84,17,0
2026-05-21 20:45:00,115.402,115.41,115.382,115.4,120,17,0
2026-05-21 21:00:00,115.377,115.378,115.268,115.313,39,48,0
2026-05-21 21:15:00,115.291,115.336,115.291,115.336,45,42,0
2026-05-21 21:30:00,115.338,115.364,115.327,115.364,60,30,0
2026-05-21 21:45:00,115.364,115.37,115.355,115.357,25,27,0
2026-05-21 22:00:00,115.353,115.4,115.353,115.389,56,38,0
2026-05-21 22:15:00,115.39,115.409,115.39,115.409,20,38,0
2026-05-21 22:30:00,115.407,115.414,115.397,115.402,45,38,0
2026-05-21 22:45:00,115.403,115.404,115.387,115.404,53,38,0
2026-05-21 23:00:00,115.415,115.426,115.406,115.413,55,17,0
2026-05-21 23:15:00,115.411,115.411,115.393,115.401,41,17,0
2026-05-21 23:30:00,115.403,115.435,115.403,115.406,52,17,0
2026-05-21 23:45:00,115.407,115.433,115.407,115.425,63,17,0
2026-05-22 00:00:00,115.428,115.434,115.352,115.37,211,17,0
2026-05-22 00:15:00,115.368,115.399,115.36,115.396,120,17,0
2026-05-22 00:30:00,115.395,115.398,115.369,115.37,100,17,0
2026-05-22 00:45:00,115.372,115.428,115.355,115.413,216,17,0
2026-05-22 01:00:00,115.416,115.42,115.387,115.408,159,17,0
2026-05-22 01:15:00,115.411,115.413,115.385,115.396,110,17,0
2026-05-22 01:30:00,115.398,115.402,115.375,115.384,109,17,0
2026-05-22 01:45:00,115.386,115.396,115.365,115.372,101,17,0
2026-05-22 02:00:00,115.371,115.375,115.359,115.361,74,17,0
2026-05-22 02:15:00,115.363,115.366,115.35,115.366,73,17,0
2026-05-22 02:30:00,115.364,115.369,115.337,115.342,80,17,0
2026-05-22 02:45:00,115.341,115.342,115.315,115.33,90,17,0
2026-05-22 03:00:00,115.327,115.328,115.31,115.312,86,17,0
2026-05-22 03:15:00,115.31,115.331,115.306,115.331,70,17,0
2026-05-22 03:30:00,115.332,115.335,115.322,115.322,59,17,0
2026-05-22 03:45:00,115.321,115.326,115.305,115.305,50,17,0
2026-05-22 04:00:00,115.308,115.31,115.291,115.309,63,17,0
2026-05-22 04:15:00,115.307,115.342,115.306,115.338,42,17,0
2026-05-22 04:30:00,115.336,115.337,115.316,115.324,54,17,0
2026-05-22 04:45:00,115.32,115.356,115.319,115.349,55,17,0
2026-05-22 05:00:00,115.352,115.364,115.34,115.358,70,17,0
2026-05-22 05:15:00,115.359,115.361,115.352,115.358,57,17,0
2026-05-22 05:30:00,115.359,115.363,115.344,115.35,65,17,0
2026-05-22 05:45:00,115.349,115.401,115.343,115.362,203,17,0
2026-05-22 06:00:00,115.36,115.37,115.33,115.33,187,17,0
2026-05-22 06:15:00,115.327,115.336,115.311,115.336,162,17,0
2026-05-22 06:30:00,115.333,115.354,115.322,115.334,117,17,0
2026-05-22 06:45:00,115.332,115.372,115.324,115.369,135,17,0
2026-05-22 07:00:00,115.367,115.371,115.34,115.356,146,17,0
2026-05-22 07:15:00,115.357,115.367,115.337,115.363,165,17,0
2026-05-22 07:30:00,115.361,115.375,115.347,115.372,116,17,0
2026-05-22 07:45:00,115.373,115.392,115.366,115.383,96,17,0
2026-05-22 08:00:00,115.385,115.39,115.365,115.379,178,17,0
2026-05-22 08:15:00,115.377,115.411,115.37,115.393,190,17,0
2026-05-22 08:30:00,115.392,115.41,115.376,115.396,180,17,0
2026-05-22 08:45:00,115.394,115.409,115.375,115.402,155,17,0
2026-05-22 09:00:00,115.404,115.415,115.366,115.37,168,17,0
2026-05-22 09:15:00,115.368,115.383,115.363,115.383,112,17,0
2026-05-22 09:30:00,115.382,115.383,115.353,115.354,98,17,0
2026-05-22 09:45:00,115.355,115.374,115.338,115.354,114,17,0
2026-05-22 10:00:00,115.355,115.357,115.33,115.348,111,17,0
2026-05-22 10:15:00,115.351,115.357,115.318,115.322,102,17,0
2026-05-22 10:30:00,115.319,115.328,115.304,115.31,98,17,0
2026-05-22 10:45:00,115.311,115.323,115.308,115.319,65,17,0
2026-05-22 11:00:00,115.318,115.318,115.304,115.318,83,17,0
2026-05-22 11:15:00,115.32,115.337,115.318,115.336,74,17,0
2026-05-22 11:30:00,115.333,115.333,115.304,115.31,107,17,0
2026-05-22 11:45:00,115.309,115.344,115.289,115.301,187,17,0
2026-05-22 12:00:00,115.304,115.312,115.27,115.28,263,17,0
2026-05-22 12:15:00,115.276,115.284,115.234,115.239,293,17,0
2026-05-22 12:30:00,115.24,115.292,115.24,115.263,214,17,0
2026-05-22 12:45:00,115.261,115.27,115.23,115.234,186,17,0
2026-05-22 13:00:00,115.231,115.302,115.224,115.281,352,17,0
2026-05-22 13:15:00,115.278,115.282,115.246,115.254,237,17,0
2026-05-22 13:30:00,115.256,115.278,115.22,115.27,331,17,0
2026-05-22 13:45:00,115.271,115.311,115.271,115.296,229,17,0
2026-05-22 14:00:00,115.298,115.307,115.25,115.263,358,17,0
2026-05-22 14:15:00,115.265,115.267,115.208,115.227,273,17,0
2026-05-22 14:30:00,115.23,115.232,115.181,115.19,230,17,0
2026-05-22 14:45:00,115.192,115.199,115.124,115.124,406,17,0
2026-05-22 15:00:00,115.123,115.16,115.121,115.155,256,17,0
2026-05-22 15:15:00,115.153,115.179,115.142,115.158,182,17,0
2026-05-22 15:30:00,115.156,115.203,115.156,115.186,213,17,0
2026-05-22 15:45:00,115.187,115.218,115.167,115.2,225,17,0
2026-05-22 16:00:00,115.198,115.224,115.182,115.222,204,17,0
2026-05-22 16:15:00,115.221,115.253,115.212,115.212,161,17,0
2026-05-22 16:30:00,115.21,115.253,115.204,115.247,161,17,0
2026-05-22 16:45:00,115.249,115.274,115.244,115.267,127,17,0
2026-05-22 17:00:00,115.264,115.271,115.234,115.242,156,17,0
2026-05-22 17:15:00,115.243,115.279,115.207,115.215,258,17,0
2026-05-22 17:30:00,115.218,115.218,115.166,115.179,264,17,0
2026-05-22 17:45:00,115.18,115.213,115.174,115.213,132,17,0
2026-05-22 18:00:00,115.211,115.271,115.2,115.263,186,17,0
2026-05-22 18:15:00,115.266,115.266,115.241,115.257,101,17,0
2026-05-22 18:30:00,115.259,115.267,115.241,115.248,125,17,0
2026-05-22 18:45:00,115.247,115.258,115.229,115.233,122,17,0
2026-05-22 19:00:00,115.229,115.235,115.207,115.228,156,17,0
2026-05-22 19:15:00,115.226,115.258,115.22,115.253,71,17,0
2026-05-22 19:30:00,115.252,115.261,115.233,115.233,99,17,0
2026-05-22 19:45:00,115.232,115.232,115.208,115.21,117,17,0
2026-05-22 20:00:00,115.208,115.231,115.201,115.215,88,17,0
2026-05-22 20:15:00,115.214,115.222,115.191,115.203,52,17,0
2026-05-22 20:30:00,115.201,115.204,115.17,115.195,82,17,0
2026-05-22 20:45:00,115.193,115.214,115.139,115.182,211,17,0
2026-05-24 21:00:00,114.957,114.971,114.955,114.967,6,128,0
2026-05-24 21:15:00,114.978,115.0,114.938,114.997,37,94,0
2026-05-24 21:30:00,114.995,115.031,114.915,114.984,134,80,0
2026-05-24 21:45:00,114.973,114.983,114.948,114.977,144,78,0
2026-05-24 22:00:00,114.964,115.054,114.955,115.047,235,74,0
2026-05-24 22:15:00,115.054,115.087,115.041,115.071,139,62,0
2026-05-24 22:30:00,115.064,115.093,115.053,115.087,135,54,0
2026-05-24 22:45:00,115.085,115.095,115.077,115.093,96,49,0
2026-05-24 23:00:00,115.11,115.125,115.104,115.123,130,17,0
2026-05-24 23:15:00,115.12,115.136,115.118,115.132,68,17,0
2026-05-24 23:30:00,115.131,115.138,115.121,115.13,65,17,0
2026-05-24 23:45:00,115.132,115.16,115.132,115.16,89,17,0
2026-05-25 00:00:00,115.159,115.159,115.103,115.11,121,17,0
2026-05-25 00:15:00,115.108,115.108,115.073,115.089,153,17,0
2026-05-25 00:30:00,115.091,115.102,115.083,115.085,111,17,0
2026-05-25 00:45:00,115.087,115.121,115.073,115.109,223,17,0
2026-05-25 01:00:00,115.11,115.112,115.084,115.093,157,17,0
2026-05-25 01:15:00,115.095,115.111,115.071,115.079,165,17,0
2026-05-25 01:30:00,115.076,115.111,115.067,115.111,107,17,0
2026-05-25 01:45:00,115.109,115.133,115.104,115.128,89,17,0
2026-05-25 02:00:00,115.127,115.135,115.124,115.131,67,17,0
2026-05-25 02:15:00,115.128,115.142,115.12,115.121,83,17,0
2026-05-25 02:30:00,115.119,115.132,115.114,115.116,67,17,0
2026-05-25 02:45:00,115.117,115.117,115.099,115.1,64,17,0
2026-05-25 03:00:00,115.098,115.107,115.093,115.102,73,17,0
2026-05-25 03:15:00,115.099,115.1,115.073,115.078,70,17,0
2026-05-25 03:30:00,115.076,115.079,115.052,115.057,66,17,0
2026-05-25 03:45:00,115.058,115.068,115.046,115.058,78,17,0
2026-05-25 04:00:00,115.061,115.072,115.053,115.058,57,17,0
2026-05-25 04:15:00,115.056,115.076,115.054,115.072,41,17,0
2026-05-25 04:30:00,115.071,115.08,115.058,115.066,78,17,0
2026-05-25 04:45:00,115.063,115.07,115.052,115.064,71,17,0
2026-05-25 05:00:00,115.062,115.078,115.056,115.059,83,17,0
2026-05-25 05:15:00,115.061,115.072,115.055,115.06,53,17,0
2026-05-25 05:30:00,115.061,115.08,115.045,115.07,80,17,0
2026-05-25 05:45:00,115.068,115.077,115.052,115.076,69,17,0
2026-05-25 06:00:00,115.077,115.083,115.034,115.048,151,17,0
2026-05-25 06:15:00,115.046,115.068,115.033,115.059,103,17,0
2026-05-25 06:30:00,115.057,115.079,115.05,115.076,118,17,0
2026-05-25 06:45:00,115.077,115.083,115.061,115.061,71,17,0
2026-05-25 07:00:00,115.063,115.094,115.049,115.091,135,17,0
2026-05-25 07:15:00,115.094,115.101,115.068,115.092,221,17,0
2026-05-25 07:30:00,115.093,115.093,115.047,115.049,158,17,0
2026-05-25 07:45:00,115.051,115.074,115.049,115.064,104,17,0
2026-05-25 08:00:00,115.062,115.067,115.021,115.038,163,17,0
2026-05-25 08:15:00,115.039,115.056,115.03,115.034,110,17,0
2026-05-25 08:30:00,115.032,115.058,115.027,115.037,116,17,0
2026-05-25 08:45:00,115.036,115.066,115.026,115.047,171,17,0
2026-05-25 09:00:00,115.046,115.053,115.033,115.048,127,17,0
2026-05-25 09:15:00,115.05,115.05,115.034,115.043,66,17,0
2026-05-25 09:30:00,115.042,115.062,115.034,115.062,60,17,0
2026-05-25 09:45:00,115.063,115.063,115.039,115.04,46,17,0
2026-05-25 10:00:00,115.043,115.056,115.035,115.045,64,17,0
2026-05-25 10:15:00,115.047,115.052,115.035,115.045,68,17,0
2026-05-25 10:30:00,115.043,115.055,115.035,115.046,67,17,0
2026-05-25 10:45:00,115.044,115.059,115.041,115.052,55,17,0
2026-05-25 11:00:00,115.054,115.058,115.023,115.026,73,17,0
2026-05-25 11:15:00,115.029,115.07,115.026,115.066,61,17,0
2026-05-25 11:30:00,115.067,115.082,115.044,115.078,117,17,0
2026-05-25 11:45:00,115.075,115.08,115.052,115.072,110,17,0
2026-05-25 12:00:00,115.071,115.071,115.041,115.041,135,17,0
2026-05-25 12:15:00,115.038,115.057,115.031,115.056,111,17,0
2026-05-25 12:30:00,115.054,115.084,115.052,115.075,95,17,0
2026-05-25 12:45:00,115.072,115.097,115.07,115.087,100,17,0
2026-05-25 13:00:00,115.086,115.105,115.077,115.094,115,17,0
2026-05-25 13:15:00,115.092,115.131,115.08,115.126,135,17,0
2026-05-25 13:30:00,115.123,115.123,115.088,115.088,157,17,0
2026-05-25 13:45:00,115.09,115.09,115.066,115.078,111,17,0
2026-05-25 14:00:00,115.081,115.114,115.073,115.109,104,17,0
2026-05-25 14:15:00,115.107,115.133,115.106,115.11,96,17,0
2026-05-25 14:30:00,115.109,115.145,115.108,115.145,86,17,0
2026-05-25 14:45:00,115.144,115.16,115.129,115.149,128,17,0
2026-05-25 15:00:00,115.151,115.186,115.139,115.164,191,17,0
2026-05-25 15:15:00,115.162,115.166,115.135,115.136,118,17,0
2026-05-25 15:30:00,115.134,115.173,115.125,115.173,83,17,0
2026-05-25 15:45:00,115.176,115.184,115.161,115.163,84,17,0
2026-05-25 16:00:00,115.164,115.172,115.145,115.159,93,17,0
2026-05-25 16:15:00,115.158,115.164,115.146,115.161,59,17,0
2026-05-25 16:30:00,115.159,115.159,115.123,115.133,90,17,0
2026-05-25 16:45:00,115.134,115.134,115.109,115.115,82,17,0
2026-05-25 17:00:00,115.113,115.133,115.102,115.115,71,17,0
2026-05-25 17:15:00,115.114,115.122,115.096,115.122,43,17,0
2026-05-25 17:30:00,115.12,115.132,115.106,115.107,40,17,0
2026-05-25 17:45:00,115.109,115.122,115.103,115.11,35,17,0
2026-05-25 18:00:00,115.112,115.122,115.109,115.117,30,17,0
2026-05-25 18:15:00,115.116,115.118,115.107,115.117,35,17,0
2026-05-25 18:30:00,115.116,115.119,115.1,115.1,21,17,0
2026-05-25 18:45:00,115.102,115.12,115.102,115.11,35,17,0
2026-05-25 19:00:00,115.108,115.118,115.102,115.11,35,17,0
2026-05-25 19:15:00,115.109,115.11,115.102,115.108,27,17,0
2026-05-25 19:30:00,115.11,115.143,115.109,115.133,64,17,0
2026-05-25 19:45:00,115.13,115.159,115.128,115.153,39,17,0
2026-05-25 20:00:00,115.151,115.164,115.146,115.152,45,17,0
2026-05-25 20:15:00,115.153,115.155,115.14,115.141,51,17,0
2026-05-25 20:30:00,115.142,115.157,115.136,115.145,73,17,0
2026-05-25 20:45:00,115.146,115.15,115.126,115.126,35,17,0
2026-05-25 21:00:00,115.12,115.12,115.083,115.098,6,35,0
2026-05-25 21:15:00,115.093,115.109,115.083,115.108,23,48,0
2026-05-25 21:30:00,115.109,115.115,115.062,115.09,117,38,0
2026-05-25 21:45:00,115.092,115.098,115.053,115.072,70,31,0
2026-05-25 22:00:00,115.072,115.15,115.069,115.116,63,38,0
2026-05-25 22:15:00,115.117,115.118,115.096,115.118,21,38,0
2026-05-25 22:30:00,115.122,115.131,115.118,115.12,20,38,0
2026-05-25 22:45:00,115.118,115.129,115.118,115.122,12,38,0
2026-05-25 23:00:00,115.132,115.139,115.127,115.136,24,17,0
2026-05-25 23:15:00,115.135,115.155,115.127,115.142,50,17,0
2026-05-25 23:30:00,115.144,115.15,115.127,115.127,66,17,0
2026-05-25 23:45:00,115.125,115.133,115.107,115.13,89,17,0
2026-05-26 00:00:00,115.132,115.155,115.11,115.144,150,17,0
2026-05-26 00:15:00,115.141,115.146,115.126,115.137,132,17,0
2026-05-26 00:30:00,115.135,115.14,115.121,115.124,111,17,0
2026-05-26 00:45:00,115.123,115.169,115.117,115.162,142,17,0
2026-05-26 01:00:00,115.16,115.179,115.149,115.157,145,17,0
2026-05-26 01:15:00,115.156,115.165,115.134,115.134,128,17,0
2026-05-26 01:30:00,115.136,115.138,115.113,115.116,125,17,0
2026-05-26 01:45:00,115.113,115.125,115.111,115.122,66,17,0
2026-05-26 02:00:00,115.125,115.125,115.11,115.112,63,17,0
2026-05-26 02:15:00,115.111,115.116,115.102,115.107,53,17,0
2026-05-26 02:30:00,115.106,115.109,115.096,115.109,58,17,0
2026-05-26 02:45:00,115.111,115.117,115.09,115.097,70,17,0
2026-05-26 03:00:00,115.096,115.102,115.087,115.092,48,17,0
2026-05-26 03:15:00,115.093,115.097,115.083,115.096,43,17,0
2026-05-26 03:30:00,115.095,115.103,115.089,115.099,52,17,0
2026-05-26 03:45:00,115.098,115.114,115.085,115.114,51,17,0
2026-05-26 04:00:00,115.112,115.115,115.096,115.115,44,17,0
2026-05-26 04:15:00,115.118,115.118,115.1,115.1,53,17,0
2026-05-26 04:30:00,115.102,115.104,115.088,115.096,45,17,0
2026-05-26 04:45:00,115.095,115.133,115.094,115.122,90,17,0
2026-05-26 05:00:00,115.125,115.126,115.092,115.112,103,17,0
2026-05-26 05:15:00,115.111,115.115,115.101,115.113,77,17,0
2026-05-26 05:30:00,115.115,115.117,115.1,115.104,52,17,0
2026-05-26 05:45:00,115.105,115.119,115.101,115.115,58,17,0
2026-05-26 06:00:00,115.112,115.143,115.106,115.127,124,17,0
2026-05-26 06:15:00,115.128,115.177,115.128,115.177,135,17,0
2026-05-26 06:30:00,115.176,115.222,115.17,115.214,164,17,0
2026-05-26 06:45:00,115.217,115.232,115.184,115.187,158,17,0
2026-05-26 07:00:00,115.19,115.245,115.183,115.245,232,17,0
2026-05-26 07:15:00,115.242,115.259,115.229,115.253,131,17,0
2026-05-26 07:30:00,115.251,115.301,115.247,115.301,209,17,0
2026-05-26 07:45:00,115.303,115.326,115.29,115.318,156,17,0
2026-05-26 08:00:00,115.319,115.366,115.318,115.349,170,17,0
2026-05-26 08:15:00,115.351,115.383,115.342,115.374,132,17,0
2026-05-26 08:30:00,115.373,115.385,115.352,115.352,124,17,0
2026-05-26 08:45:00,115.351,115.351,115.334,115.34,101,17,0
2026-05-26 09:00:00,115.342,115.35,115.307,115.326,129,17,0
2026-05-26 09:15:00,115.325,115.327,115.311,115.324,114,17,0
2026-05-26 09:30:00,115.325,115.341,115.312,115.338,85,17,0
2026-05-26 09:45:00,115.34,115.352,115.328,115.331,77,17,0
2026-05-26 10:00:00,115.329,115.331,115.307,115.312,93,17,0
2026-05-26 10:15:00,115.31,115.319,115.286,115.288,82,17,0
2026-05-26 10:30:00,115.286,115.286,115.259,115.28,135,17,0
2026-05-26 10:45:00,115.282,115.321,115.282,115.317,106,17,0
2026-05-26 11:00:00,115.314,115.318,115.291,115.304,95,17,0
2026-05-26 11:15:00,115.302,115.309,115.277,115.279,93,17,0
2026-05-26 11:30:00,115.278,115.297,115.259,115.259,146,17,0
2026-05-26 11:45:00,115.261,115.282,115.25,115.251,167,17,0
2026-05-26 12:00:00,115.248,115.267,115.239,115.256,179,17,0
2026-05-26 12:15:00,115.258,115.26,115.22,115.226,126,17,0
2026-05-26 12:30:00,115.227,115.229,115.193,115.196,128,17,0
2026-05-26 12:45:00,115.198,115.228,115.182,115.228,135,17,0
2026-05-26 13:00:00,115.231,115.273,115.228,115.252,177,17,0
2026-05-26 13:15:00,115.253,115.27,115.232,115.262,154,17,0
2026-05-26 13:30:00,115.264,115.356,115.254,115.333,257,17,0
2026-05-26 13:45:00,115.334,115.361,115.327,115.359,267,17,0
2026-05-26 14:00:00,115.363,115.411,115.357,115.403,259,17,0
2026-05-26 14:15:00,115.4,115.408,115.359,115.365,208,17,0
2026-05-26 14:30:00,115.367,115.374,115.343,115.373,265,17,0
2026-05-26 14:45:00,115.372,115.402,115.316,115.393,344,17,0
2026-05-26 15:00:00,115.391,115.393,115.352,115.354,252,17,0
2026-05-26 15:15:00,115.352,115.379,115.343,115.377,176,17,0
2026-05-26 15:30:00,115.379,115.43,115.361,115.426,214,17,0
2026-05-26 15:45:00,115.425,115.44,115.421,115.439,153,17,0
2026-05-26 16:00:00,115.442,115.444,115.393,115.41,154,17,0
2026-05-26 16:15:00,115.411,115.418,115.376,115.383,156,17,0
2026-05-26 16:30:00,115.384,115.39,115.339,115.39,173,17,0
2026-05-26 16:45:00,115.391,115.41,115.333,115.334,230,17,0
2026-05-26 17:00:00,115.335,115.349,115.319,115.349,139,17,0
2026-05-26 17:15:00,115.351,115.361,115.343,115.344,96,17,0
2026-05-26 17:30:00,115.343,115.343,115.321,115.325,142,17,0
2026-05-26 17:45:00,115.326,115.333,115.32,115.325,109,17,0
2026-05-26 18:00:00,115.322,115.354,115.318,115.34,130,17,0
2026-05-26 18:15:00,115.338,115.346,115.305,115.326,142,17,0
2026-05-26 18:30:00,115.329,115.33,115.305,115.323,128,17,0
2026-05-26 18:45:00,115.324,115.346,115.316,115.346,131,17,0
2026-05-26 19:00:00,115.344,115.345,115.315,115.316,96,17,0
2026-05-26 19:15:00,115.319,115.332,115.314,115.329,66,17,0
2026-05-26 19:30:00,115.328,115.328,115.315,115.32,70,17,0
2026-05-26 19:45:00,115.323,115.357,115.304,115.356,107,17,0
2026-05-26 20:00:00,115.359,115.364,115.336,115.34,87,17,0
2026-05-26 20:15:00,115.341,115.342,115.328,115.33,47,17,0
2026-05-26 20:30:00,115.327,115.363,115.322,115.354,69,17,0
2026-05-26 20:45:00,115.351,115.351,115.31,115.321,102,17,0
2026-05-26 21:00:00,115.298,115.338,115.292,115.321,18,44,0
2026-05-26 21:15:00,115.317,115.321,115.304,115.318,47,37,0
2026-05-26 21:30:00,115.317,115.33,115.297,115.329,70,30,0
2026-05-26 21:45:00,115.33,115.335,115.291,115.302,77,27,0
2026-05-26 22:00:00,115.307,115.331,115.307,115.32,74,38,0
2026-05-26 22:15:00,115.321,115.333,115.303,115.306,36,38,0
2026-05-26 22:30:00,115.308,115.316,115.305,115.311,19,38,0
2026-05-26 22:45:00,115.309,115.32,115.303,115.31,38,38,0
2026-05-26 23:00:00,115.322,115.337,115.303,115.328,73,17,0
2026-05-26 23:15:00,115.33,115.332,115.315,115.329,34,17,0
2026-05-26 23:30:00,115.33,115.333,115.321,115.333,30,17,0
2026-05-26 23:45:00,115.334,115.334,115.309,115.328,80,17,0
2026-05-27 00:00:00,115.326,115.329,115.284,115.302,154,17,0
2026-05-27 00:15:00,115.303,115.309,115.288,115.309,122,17,0
2026-05-27 00:30:00,115.307,115.342,115.307,115.338,125,17,0
2026-05-27 00:45:00,115.34,115.39,115.33,115.356,255,17,0
2026-05-27 01:00:00,115.357,115.369,115.3,115.313,140,17,0
2026-05-27 01:15:00,115.311,115.312,115.294,115.301,96,17,0
2026-05-27 01:30:00,115.304,115.31,115.28,115.303,154,17,0
2026-05-27 01:45:00,115.301,115.319,115.29,115.316,86,17,0
2026-05-27 02:00:00,115.318,115.351,115.311,115.316,170,17,0
2026-05-27 02:15:00,115.317,115.33,115.306,115.33,100,17,0
2026-05-27 02:30:00,115.328,115.33,115.305,115.315,97,17,0
2026-05-27 02:45:00,115.313,115.316,115.283,115.283,86,17,0
2026-05-27 03:00:00,115.285,115.294,115.274,115.274,99,17,0
2026-05-27 03:15:00,115.275,115.277,115.257,115.265,65,17,0
2026-05-27 03:30:00,115.266,115.28,115.262,115.267,79,17,0
2026-05-27 03:45:00,115.268,115.28,115.263,115.263,62,17,0
2026-05-27 04:00:00,115.261,115.281,115.261,115.28,47,17,0
2026-05-27 04:15:00,115.279,115.283,115.267,115.28,49,17,0
2026-05-27 04:30:00,115.281,115.301,115.279,115.295,51,17,0
2026-05-27 04:45:00,115.296,115.314,115.296,115.314,65,17,0
2026-05-27 05:00:00,115.313,115.332,115.307,115.323,56,17,0
2026-05-27 05:15:00,115.324,115.333,115.316,115.328,67,17,0
2026-05-27 05:30:00,115.329,115.351,115.325,115.333,101,17,0
2026-05-27 05:45:00,115.33,115.355,115.329,115.347,97,17,0
2026-05-27 06:00:00,115.35,115.361,115.324,115.334,158,17,0
2026-05-27 06:15:00,115.335,115.356,115.328,115.342,115,17,0
2026-05-27 06:30:00,115.339,115.355,115.318,115.322,139,17,0
2026-05-27 06:45:00,115.319,115.327,115.305,115.31,150,17,0
2026-05-27 07:00:00,115.313,115.337,115.294,115.303,175,17,0
2026-05-27 07:15:00,115.302,115.302,115.259,115.272,137,17,0
2026-05-27 07:30:00,115.273,115.273,115.235,115.267,115,17,0
2026-05-27 07:45:00,115.264,115.283,115.229,115.242,131,17,0
2026-05-27 08:00:00,115.245,115.277,115.215,115.275,179,17,0
2026-05-27 08:15:00,115.274,115.327,115.273,115.324,200,17,0
2026-05-27 08:30:00,115.326,115.328,115.257,115.268,172,17,0
2026-05-27 08:45:00,115.269,115.275,115.251,115.263,121,17,0
2026-05-27 09:00:00,115.264,115.27,115.239,115.241,102,17,0
2026-05-27 09:15:00,115.239,115.265,115.231,115.261,103,17,0
2026-05-27 09:30:00,115.262,115.276,115.251,115.27,90,17,0
2026-05-27 09:45:00,115.268,115.286,115.25,115.273,121,17,0
2026-05-27 10:00:00,115.271,115.273,115.243,115.249,111,17,0
2026-05-27 10:15:00,115.251,115.255,115.232,115.245,87,17,0
2026-05-27 10:30:00,115.243,115.243,115.207,115.207,108,17,0
2026-05-27 10:45:00,115.206,115.207,115.184,115.195,93,17,0
2026-05-27 11:00:00,115.199,115.22,115.195,115.215,96,17,0
2026-05-27 11:15:00,115.212,115.229,115.19,115.199,107,17,0
2026-05-27 11:30:00,115.2,115.226,115.19,115.224,153,17,0
2026-05-27 11:45:00,115.226,115.257,115.226,115.25,145,17,0
2026-05-27 12:00:00,115.252,115.258,115.217,115.245,226,17,0
2026-05-27 12:15:00,115.243,115.245,115.156,115.238,645,17,0
2026-05-27 12:30:00,115.236,115.285,115.228,115.279,414,17,0
2026-05-27 12:45:00,115.283,115.295,115.269,115.282,225,17,0
2026-05-27 13:00:00,115.284,115.298,115.263,115.263,252,17,0
2026-05-27 13:15:00,115.26,115.277,115.205,115.225,234,17,0
2026-05-27 13:30:00,115.223,115.265,115.218,115.223,261,17,0
2026-05-27 13:45:00,115.224,115.273,115.213,115.267,294,17,0
2026-05-27 14:00:00,115.266,115.274,115.229,115.256,252,17,0
2026-05-27 14:15:00,115.258,115.291,115.253,115.274,250,17,0
2026-05-27 14:30:00,115.272,115.323,115.271,115.316,337,17,0
2026-05-27 14:45:00,115.313,115.336,115.142,115.168,470,17,0
2026-05-27 15:00:00,115.171,115.271,115.162,115.249,370,17,0
2026-05-27 15:15:00,115.251,115.292,115.249,115.276,249,17,0
2026-05-27 15:30:00,115.274,115.308,115.246,115.305,242,17,0
2026-05-27 15:45:00,115.302,115.315,115.267,115.303,221,17,0
2026-05-27 16:00:00,115.302,115.334,115.283,115.334,194,17,0
2026-05-27 16:15:00,115.336,115.373,115.334,115.349,150,17,0
2026-05-27 16:30:00,115.348,115.35,115.319,115.328,133,17,0
2026-05-27 16:45:00,115.327,115.363,115.325,115.355,97,17,0
2026-05-27 17:00:00,115.354,115.357,115.314,115.331,211,17,0
2026-05-27 17:15:00,115.332,115.385,115.328,115.363,157,17,0
2026-05-27 17:30:00,115.364,115.377,115.349,115.351,122,17,0
2026-05-27 17:45:00,115.35,115.355,115.325,115.341,124,17,0
2026-05-27 18:00:00,115.338,115.34,115.301,115.318,119,17,0
2026-05-27 18:15:00,115.317,115.324,115.296,115.308,117,17,0
2026-05-27 18:30:00,115.306,115.326,115.297,115.299,115,17,0
2026-05-27 18:45:00,115.301,115.307,115.285,115.289,125,17,0
2026-05-27 19:00:00,115.288,115.35,115.283,115.344,142,17,0
2026-05-27 19:15:00,115.343,115.348,115.326,115.335,75,17,0
2026-05-27 19:30:00,115.337,115.337,115.313,115.319,93,17,0
2026-05-27 19:45:00,115.321,115.345,115.308,115.338,124,17,0
2026-05-27 20:00:00,115.336,115.351,115.301,115.313,118,17,0
2026-05-27 20:15:00,115.316,115.338,115.303,115.305,67,17,0
2026-05-27 20:30:00,115.307,115.318,115.253,115.258,85,17,0
2026-05-27 20:45:00,115.256,115.277,115.155,115.158,89,17,0
2026-05-27 21:00:00,115.156,115.156,115.145,115.149,11,140,0
2026-05-27 21:15:00,115.151,115.23,115.142,115.23,41,55,0
2026-05-27 21:30:00,115.224,115.227,115.208,115.219,90,36,0
2026-05-27 21:45:00,115.22,115.22,115.199,115.218,68,31,0
2026-05-27 22:00:00,115.217,115.274,115.217,115.261,60,38,0
2026-05-27 22:15:00,115.252,115.261,115.247,115.251,19,38,0
2026-05-27 22:30:00,115.248,115.258,115.245,115.256,32,38,0
2026-05-27 22:45:00,115.257,115.26,115.248,115.254,28,38,0
2026-05-27 23:00:00,115.265,115.269,115.261,115.267,18,17,0
2026-05-27 23:15:00,115.266,115.274,115.259,115.264,87,17,0
2026-05-27 23:30:00,115.266,115.27,115.248,115.265,75,17,0
2026-05-27 23:45:00,115.263,115.278,115.26,115.265,71,17,0
2026-05-28 00:00:00,115.266,115.269,115.218,115.226,154,17,0
2026-05-28 00:15:00,115.229,115.256,115.229,115.24,125,17,0
2026-05-28 00:30:00,115.238,115.271,115.234,115.243,136,17,0
2026-05-28 00:45:00,115.245,115.26,115.225,115.229,169,17,0
2026-05-28 01:00:00,115.232,115.235,115.204,115.214,131,17,0
2026-05-28 01:15:00,115.213,115.226,115.204,115.21,82,17,0
2026-05-28 01:30:00,115.208,115.22,115.198,115.219,64,17,0
2026-05-28 01:45:00,115.218,115.228,115.194,115.198,96,17,0
2026-05-28 02:00:00,115.201,115.214,115.192,115.194,106,17,0
2026-05-28 02:15:00,115.192,115.196,115.168,115.173,70,17,0
2026-05-28 02:30:00,115.171,115.177,115.165,115.17,60,17,0
2026-05-28 02:45:00,115.167,115.204,115.165,115.191,104,17,0
2026-05-28 03:00:00,115.193,115.202,115.184,115.188,85,17,0
2026-05-28 03:15:00,115.186,115.187,115.157,115.17,125,17,0
2026-05-28 03:30:00,115.169,115.169,115.093,115.111,233,17,0
2026-05-28 03:45:00,115.112,115.131,115.096,115.096,133,17,0
2026-05-28 04:00:00,115.094,115.098,115.058,115.059,189,17,0
2026-05-28 04:15:00,115.056,115.095,115.052,115.083,121,17,0
2026-05-28 04:30:00,115.082,115.135,115.077,115.127,94,17,0
2026-05-28 04:45:00,115.125,115.143,115.123,115.127,65,17,0
2026-05-28 05:00:00,115.126,115.128,115.092,115.108,102,17,0
2026-05-28 05:15:00,115.104,115.128,115.101,115.124,73,17,0
2026-05-28 05:30:00,115.121,115.151,115.12,115.133,123,17,0
2026-05-28 05:45:00,115.134,115.155,115.133,115.141,92,17,0
2026-05-28 06:00:00,115.138,115.173,115.135,115.143,166,17,0
2026-05-28 06:15:00,115.144,115.162,115.133,115.157,137,17,0
2026-05-28 06:30:00,115.159,115.159,115.122,115.128,140,17,0
2026-05-28 06:45:00,115.129,115.154,115.119,115.146,123,17,0
2026-05-28 07:00:00,115.143,115.182,115.133,115.173,206,17,0
2026-05-28 07:15:00,115.176,115.19,115.149,115.149,139,17,0
2026-05-28 07:30:00,115.148,115.163,115.113,115.126,177,17,0
2026-05-28 07:45:00,115.129,115.152,115.111,115.113,157,17,0
2026-05-28 08:00:00,115.11,115.13,115.098,115.121,194,17,0
2026-05-28 08:15:00,115.123,115.131,115.077,115.086,171,17,0
2026-05-28 08:30:00,115.088,115.092,115.051,115.054,125,17,0
2026-05-28 08:45:00,115.055,115.075,115.053,115.054,129,17,0
2026-05-28 09:00:00,115.052,115.067,115.035,115.038,174,17,0
2026-05-28 09:15:00,115.039,115.05,115.017,115.032,134,17,0
2026-05-28 09:30:00,115.034,115.053,114.992,114.993,121,17,0
2026-05-28 09:45:00,114.992,115.001,114.954,114.976,143,17,0
2026-05-28 10:00:00,114.973,114.977,114.939,114.946,147,17,0
2026-05-28 10:15:00,114.948,114.981,114.942,114.961,162,17,0
2026-05-28 10:30:00,114.96,114.974,114.951,114.973,127,17,0
2026-05-28 10:45:00,114.975,115.035,114.967,115.03,210,17,0
2026-05-28 11:00:00,115.029,115.064,115.012,115.05,212,17,0
2026-05-28 11:15:00,115.051,115.115,115.027,115.115,143,17,0
2026-05-28 11:30:00,115.118,115.124,115.091,115.109,142,17,0
2026-05-28 11:45:00,115.107,115.153,115.098,115.143,188,17,0
2026-05-28 12:00:00,115.142,115.143,115.095,115.108,217,17,0
2026-05-28 12:15:00,115.11,115.146,115.108,115.128,222,17,0
2026-05-28 12:30:00,115.143,115.143,115.074,115.116,429,17,0
2026-05-28 12:45:00,115.117,115.131,115.092,115.127,283,17,0
2026-05-28 13:00:00,115.129,115.157,115.103,115.123,311,17,0
2026-05-28 13:15:00,115.121,115.127,115.077,115.111,229,17,0
2026-05-28 13:30:00,115.113,115.202,115.111,115.199,284,17,0
2026-05-28 13:45:00,115.198,115.213,115.11,115.157,288,17,0
2026-05-28 14:00:00,115.159,115.188,115.099,115.122,686,17,0
2026-05-28 14:15:00,115.119,115.216,115.107,115.181,652,17,0
2026-05-28 14:30:00,115.182,115.287,115.169,115.233,466,17,0
2026-05-28 14:45:00,115.234,115.268,115.207,115.232,530,17,0
2026-05-28 15:00:00,115.234,115.363,115.234,115.359,433,17,0
2026-05-28 15:15:00,115.358,115.364,115.331,115.332,285,17,0
2026-05-28 15:30:00,115.33,115.39,115.33,115.381,309,17,0
2026-05-28 15:45:00,115.383,115.439,115.375,115.439,223,17,0
2026-05-28 16:00:00,115.438,115.477,115.419,115.42,229,17,0
2026-05-28 16:15:00,115.419,115.451,115.355,115.395,355,17,0
2026-05-28 16:30:00,115.396,115.44,115.392,115.406,217,17,0
2026-05-28 16:45:00,115.405,115.427,115.385,115.412,236,17,0
2026-05-28 17:00:00,115.413,115.504,115.403,115.495,218,17,0
2026-05-28 17:15:00,115.492,115.507,115.452,115.502,181,17,0
2026-05-28 17:30:00,115.5,115.505,115.451,115.468,132,17,0
2026-05-28 17:45:00,115.469,115.512,115.458,115.488,207,17,0
2026-05-28 18:00:00,115.487,115.532,115.486,115.52,198,17,0
2026-05-28 18:15:00,115.523,115.535,115.504,115.516,257,17,0
2026-05-28 18:30:00,115.518,115.561,115.517,115.555,141,17,0
2026-05-28 18:45:00,115.554,115.573,115.545,115.548,143,17,0
2026-05-28 19:00:00,115.549,115.582,115.544,115.574,139,17,0
2026-05-28 19:15:00,115.575,115.588,115.57,115.583,91,17,0
2026-05-28 19:30:00,115.585,115.597,115.559,115.559,130,17,0
2026-05-28 19:45:00,115.562,115.585,115.539,115.545,190,17,0
2026-05-28 20:00:00,115.544,115.564,115.531,115.551,140,17,0
2026-05-28 20:15:00,115.552,115.56,115.544,115.547,59,17,0
2026-05-28 20:30:00,115.546,115.557,115.524,115.546,87,17,0
2026-05-28 20:45:00,115.548,115.562,115.526,115.53,133,17,0
2026-05-28 21:00:00,115.521,115.522,115.464,115.492,19,31,0
2026-05-28 21:15:00,115.496,115.499,115.477,115.496,34,34,0
2026-05-28 21:30:00,115.498,115.538,115.484,115.536,89,26,0
2026-05-28 21:45:00,115.531,115.534,115.468,115.492,129,26,0
2026-05-28 22:00:00,115.501,115.526,115.469,115.502,76,38,0
2026-05-28 22:15:00,115.504,115.525,115.504,115.523,23,38,0
2026-05-28 22:30:00,115.526,115.541,115.523,115.525,42,38,0
2026-05-28 22:45:00,115.526,115.54,115.517,115.529,35,38,0
2026-05-28 23:00:00,115.54,115.552,115.529,115.544,65,17,0
2026-05-28 23:15:00,115.543,115.549,115.529,115.529,45,17,0
2026-05-28 23:30:00,115.53,115.559,115.522,115.549,83,17,0
2026-05-28 23:45:00,115.547,115.558,115.524,115.551,102,17,0
2026-05-29 00:00:00,115.55,115.593,115.547,115.58,145,17,0
2026-05-29 00:15:00,115.582,115.583,115.555,115.579,126,17,0
2026-05-29 00:30:00,115.578,115.584,115.563,115.569,109,17,0
2026-05-29 00:45:00,115.567,115.589,115.553,115.556,187,17,0
2026-05-29 01:00:00,115.558,115.577,115.551,115.57,148,17,0
2026-05-29 01:15:00,115.569,115.592,115.567,115.579,113,17,0
2026-05-29 01:30:00,115.578,115.585,115.571,115.578,77,17,0
2026-05-29 01:45:00,115.579,115.587,115.565,115.565,104,17,0
2026-05-29 02:00:00,115.568,115.587,115.567,115.578,90,17,0
2026-05-29 02:15:00,115.577,115.584,115.568,115.568,73,17,0
2026-05-29 02:30:00,115.569,115.581,115.553,115.558,76,17,0
2026-05-29 02:45:00,115.557,115.564,115.54,115.562,82,17,0
2026-05-29 03:00:00,115.564,115.564,115.543,115.548,115,17,0
2026-05-29 03:15:00,115.547,115.566,115.546,115.554,77,17,0
2026-05-29 03:30:00,115.555,115.558,115.532,115.545,77,17,0
2026-05-29 03:45:00,115.542,115.561,115.541,115.561,68,17,0
2026-05-29 04:00:00,115.559,115.582,115.557,115.564,63,17,0
2026-05-29 04:15:00,115.562,115.562,115.541,115.542,55,17,0
2026-05-29 04:30:00,115.541,115.552,115.535,115.551,62,17,0
2026-05-29 04:45:00,115.553,115.556,115.52,115.52,72,17,0
2026-05-29 05:00:00,115.522,115.543,115.517,115.531,83,17,0
2026-05-29 05:15:00,115.533,115.551,115.528,115.54,65,17,0
2026-05-29 05:30:00,115.542,115.551,115.533,115.535,74,17,0
2026-05-29 05:45:00,115.531,115.566,115.527,115.546,84,17,0
2026-05-29 06:00:00,115.548,115.567,115.527,115.559,149,17,0
2026-05-29 06:15:00,115.56,115.56,115.495,115.497,135,17,0
2026-05-29 06:30:00,115.496,115.502,115.428,115.428,178,17,0
2026-05-29 06:45:00,115.43,115.469,115.411,115.419,177,17,0
2026-05-29 07:00:00,115.423,115.444,115.375,115.388,260,17,0
2026-05-29 07:15:00,115.39,115.415,115.389,115.41,178,17,0
2026-05-29 07:30:00,115.413,115.443,115.405,115.424,220,17,0
2026-05-29 07:45:00,115.422,115.437,115.393,115.395,147,17,0
2026-05-29 08:00:00,115.398,115.398,115.315,115.328,256,17,0
2026-05-29 08:15:00,115.33,115.392,115.32,115.389,148,17,0
2026-05-29 08:30:00,115.391,115.431,115.39,115.394,166,17,0
2026-05-29 08:45:00,115.397,115.398,115.367,115.379,147,17,0
2026-05-29 09:00:00,115.38,115.387,115.364,115.374,160,17,0
2026-05-29 09:15:00,115.372,115.38,115.32,115.324,165,17,0
2026-05-29 09:30:00,115.322,115.351,115.315,115.343,134,17,0
2026-05-29 09:45:00,115.346,115.375,115.339,115.362,153,17,0
2026-05-29 10:00:00,115.359,115.372,115.338,115.355,175,17,0
2026-05-29 10:15:00,115.352,115.37,115.35,115.364,131,17,0
2026-05-29 10:30:00,115.363,115.373,115.332,115.332,92,17,0
2026-05-29 10:45:00,115.333,115.357,115.323,115.351,97,17,0
2026-05-29 11:00:00,115.35,115.35,115.317,115.317,96,17,0
2026-05-29 11:15:00,115.319,115.339,115.29,115.315,205,17,0
2026-05-29 11:30:00,115.314,115.37,115.304,115.356,190,17,0
2026-05-29 11:45:00,115.354,115.405,115.352,115.391,193,17,0
2026-05-29 12:00:00,115.393,115.411,115.347,115.388,247,17,0
2026-05-29 12:15:00,115.39,115.393,115.33,115.351,232,17,0
2026-05-29 12:30:00,115.356,115.356,115.212,115.213,420,17,0
2026-05-29 12:45:00,115.211,115.249,115.171,115.249,313,17,0
2026-05-29 13:00:00,115.251,115.282,115.228,115.273,338,17,0
2026-05-29 13:15:00,115.276,115.358,115.276,115.334,303,17,0
2026-05-29 13:30:00,115.336,115.402,115.319,115.336,343,17,0
2026-05-29 13:45:00,115.338,115.346,115.285,115.326,356,17,0
2026-05-29 14:00:00,115.324,115.432,115.286,115.374,364,17,0
2026-05-29 14:15:00,115.377,115.446,115.368,115.436,414,17,0
2026-05-29 14:30:00,115.439,115.481,115.374,115.443,444,17,0
2026-05-29 14:45:00,115.44,115.596,115.414,115.553,1042,17,0
2026-05-29 15:00:00,115.55,115.57,115.409,115.461,660,17,0
2026-05-29 15:15:00,115.462,115.482,115.429,115.468,368,17,0
2026-05-29 15:30:00,115.467,115.552,115.463,115.522,370,17,0
2026-05-29 15:45:00,115.524,115.555,115.508,115.508,271,17,0
2026-05-29 16:00:00,115.506,115.513,115.448,115.448,205,17,0
2026-05-29 16:15:00,115.446,115.455,115.408,115.415,171,17,0
2026-05-29 16:30:00,115.414,115.417,115.36,115.36,258,17,0
2026-05-29 16:45:00,115.361,115.386,115.349,115.364,201,17,0
2026-05-29 17:00:00,115.367,115.39,115.361,115.39,155,17,0
2026-05-29 17:15:00,115.389,115.411,115.38,115.404,155,17,0
2026-05-29 17:30:00,115.402,115.437,115.4,115.425,161,17,0
2026-05-29 17:45:00,115.427,115.484,115.422,115.477,147,17,0
2026-05-29 18:00:00,115.475,115.51,115.47,115.499,164,17,0
2026-05-29 18:15:00,115.501,115.523,115.485,115.485,210,17,0
2026-05-29 18:30:00,115.483,115.496,115.456,115.463,128,17,0
2026-05-29 18:45:00,115.461,115.48,115.408,115.431,252,17,0
2026-05-29 19:00:00,115.428,115.452,115.41,115.444,157,17,0
2026-05-29 19:15:00,115.442,115.519,115.441,115.519,138,17,0
2026-05-29 19:30:00,115.516,115.519,115.495,115.517,107,17,0
2026-05-29 19:45:00,115.516,115.518,115.451,115.485,273,17,0
2026-05-29 20:00:00,115.486,115.532,115.466,115.479,219,17,0
2026-05-29 20:15:00,115.48,115.498,115.461,115.481,80,17,0
2026-05-29 20:30:00,115.479,115.479,115.445,115.454,93,17,0
2026-05-29 20:45:00,115.456,115.469,115.408,115.434,128,17,0
2026-05-31 21:15:00,115.454,115.464,115.454,115.463,22,88,0
2026-05-31 21:30:00,115.459,115.51,115.449,115.509,92,51,0
2026-05-31 21:45:00,115.511,115.513,115.403,115.439,104,41,0
2026-05-31 22:00:00,115.427,115.52,115.425,115.479,175,54,0
2026-05-31 22:15:00,115.478,115.511,115.476,115.511,97,50,0
2026-05-31 22:30:00,115.509,115.521,115.497,115.508,94,46,0
2026-05-31 22:45:00,115.51,115.52,115.491,115.517,71,43,0
2026-05-31 23:00:00,115.532,115.535,115.508,115.53,112,17,0
2026-05-31 23:15:00,115.527,115.531,115.515,115.522,24,17,0
2026-05-31 23:30:00,115.524,115.527,115.504,115.504,47,17,0
2026-05-31 23:45:00,115.506,115.545,115.494,115.498,176,17,0
2026-06-01 00:00:00,115.501,115.534,115.48,115.499,204,17,0
2026-06-01 00:15:00,115.501,115.513,115.478,115.49,175,17,0
2026-06-01 00:30:00,115.489,115.496,115.481,115.481,148,17,0
2026-06-01 00:45:00,115.48,115.514,115.475,115.503,202,17,0
2026-06-01 01:00:00,115.502,115.517,115.47,115.493,162,17,0
2026-06-01 01:15:00,115.49,115.511,115.487,115.5,116,17,0
2026-06-01 01:30:00,115.501,115.507,115.485,115.485,102,17,0
2026-06-01 01:45:00,115.487,115.507,115.483,115.493,83,17,0
2026-06-01 02:00:00,115.496,115.519,115.495,115.495,65,17,0
2026-06-01 02:15:00,115.493,115.507,115.473,115.476,60,17,0
2026-06-01 02:30:00,115.475,115.479,115.464,115.473,70,17,0
2026-06-01 02:45:00,115.472,115.474,115.456,115.474,56,17,0
2026-06-01 03:00:00,115.473,115.481,115.468,115.474,69,17,0
2026-06-01 03:15:00,115.472,115.486,115.453,115.486,95,17,0
2026-06-01 03:30:00,115.488,115.488,115.452,115.455,86,17,0
2026-06-01 03:45:00,115.454,115.465,115.446,115.45,59,17,0
2026-06-01 04:00:00,115.448,115.472,115.447,115.472,56,17,0
2026-06-01 04:15:00,115.473,115.478,115.467,115.476,32,17,0
2026-06-01 04:30:00,115.474,115.478,115.47,115.477,38,17,0
2026-06-01 04:45:00,115.478,115.478,115.465,115.477,31,17,0
2026-06-01 05:00:00,115.479,115.487,115.468,115.479,83,17,0
2026-06-01 05:15:00,115.476,115.477,115.464,115.464,43,17,0
2026-06-01 05:30:00,115.466,115.479,115.466,115.479,46,17,0
2026-06-01 05:45:00,115.477,115.494,115.47,115.473,76,17,0
2026-06-01 06:00:00,115.472,115.526,115.468,115.525,154,17,0
2026-06-01 06:15:00,115.526,115.545,115.526,115.532,95,17,0
2026-06-01 06:30:00,115.531,115.531,115.493,115.505,121,17,0
2026-06-01 06:45:00,115.507,115.518,115.476,115.486,156,17,0
2026-06-01 07:00:00,115.485,115.502,115.466,115.479,200,17,0
2026-06-01 07:15:00,115.481,115.483,115.444,115.449,152,17,0
2026-06-01 07:30:00,115.452,115.455,115.403,115.407,140,17,0
2026-06-01 07:45:00,115.405,115.454,115.392,115.43,165,17,0
2026-06-01 08:00:00,115.432,115.44,115.388,115.394,169,17,0
2026-06-01 08:15:00,115.391,115.409,115.382,115.396,145,17,0
2026-06-01 08:30:00,115.397,115.419,115.393,115.408,110,17,0
2026-06-01 08:45:00,115.407,115.421,115.386,115.414,129,17,0
2026-06-01 09:00:00,115.413,115.439,115.384,115.398,148,17,0
2026-06-01 09:15:00,115.397,115.4,115.368,115.381,141,17,0
2026-06-01 09:30:00,115.382,115.398,115.366,115.372,121,17,0
2026-06-01 09:45:00,115.37,115.388,115.362,115.388,113,17,0
2026-06-01 10:00:00,115.39,115.403,115.386,115.397,93,17,0
2026-06-01 10:15:00,115.396,115.396,115.363,115.381,131,17,0
2026-06-01 10:30:00,115.379,115.382,115.357,115.363,100,17,0
2026-06-01 10:45:00,115.364,115.364,115.331,115.339,91,17,0
2026-06-01 11:00:00,115.341,115.341,115.295,115.322,144,17,0
2026-06-01 11:15:00,115.32,115.337,115.312,115.327,124,17,0
2026-06-01 11:30:00,115.33,115.33,115.264,115.278,170,17,0
2026-06-01 11:45:00,115.275,115.314,115.272,115.309,135,17,0
2026-06-01 12:00:00,115.312,115.346,115.292,115.315,183,17,0
2026-06-01 12:15:00,115.316,115.327,115.24,115.246,164,17,0
2026-06-01 12:30:00,115.245,115.305,115.233,115.273,288,17,0
2026-06-01 12:45:00,115.276,115.365,115.269,115.347,288,17,0
2026-06-01 13:00:00,115.344,115.361,115.296,115.356,538,17,0
2026-06-01 13:15:00,115.354,115.45,115.332,115.416,477,17,0
2026-06-01 13:30:00,115.418,115.431,115.349,115.349,472,17,0
2026-06-01 13:45:00,115.352,115.411,115.329,115.382,428,17,0
2026-06-01 14:00:00,115.388,115.409,115.318,115.339,425,17,0
2026-06-01 14:15:00,115.341,115.387,115.328,115.367,313,17,0
2026-06-01 14:30:00,115.365,115.371,115.338,115.357,271,17,0
2026-06-01 14:45:00,115.358,115.408,115.332,115.392,291,17,0
2026-06-01 15:00:00,115.393,115.409,115.365,115.391,361,17,0
2026-06-01 15:15:00,115.392,115.434,115.37,115.43,204,17,0
2026-06-01 15:30:00,115.433,115.442,115.367,115.376,371,17,0
2026-06-01 15:45:00,115.375,115.393,115.36,115.373,200,17,0
2026-06-01 16:00:00,115.375,115.379,115.35,115.375,180,17,0
2026-06-01 16:15:00,115.374,115.413,115.353,115.402,167,17,0
2026-06-01 16:30:00,115.404,115.419,115.379,115.4,214,17,0
2026-06-01 16:45:00,115.402,115.426,115.387,115.412,265,17,0
2026-06-01 17:00:00,115.41,115.421,115.406,115.409,173,17,0
2026-06-01 17:15:00,115.41,115.466,115.405,115.405,171,17,0
2026-06-01 17:30:00,115.406,115.424,115.392,115.411,322,17,0
2026-06-01 17:45:00,115.412,115.426,115.398,115.407,176,17,0
2026-06-01 18:00:00,115.408,115.417,115.381,115.393,97,17,0
2026-06-01 18:15:00,115.394,115.401,115.371,115.381,110,17,0
2026-06-01 18:30:00,115.379,115.385,115.358,115.373,103,17,0
2026-06-01 18:45:00,115.375,115.42,115.369,115.416,250,17,0
2026-06-01 19:00:00,115.412,115.412,115.354,115.368,136,17,0
2026-06-01 19:15:00,115.367,115.383,115.356,115.368,120,17,0
2026-06-01 19:30:00,115.37,115.387,115.356,115.374,96,17,0
2026-06-01 19:45:00,115.373,115.414,115.373,115.395,188,17,0
2026-06-01 20:00:00,115.394,115.403,115.371,115.373,134,17,0
2026-06-01 20:15:00,115.371,115.375,115.352,115.364,66,17,0
2026-06-01 20:30:00,115.362,115.382,115.358,115.376,68,17,0
2026-06-01 20:45:00,115.374,115.376,115.348,115.359,84,17,0
2026-06-01 21:00:00,115.345,115.346,115.24,115.256,52,41,0
2026-06-01 21:15:00,115.275,115.285,115.25,115.277,91,56,0
2026-06-01 21:30:00,115.273,115.293,115.267,115.279,111,39,0
2026-06-01 21:45:00,115.28,115.327,115.27,115.327,131,33,0
2026-06-01 22:00:00,115.338,115.366,115.321,115.322,62,38,0
2026-06-01 22:15:00,115.327,115.329,115.305,115.322,32,38,0
2026-06-01 22:30:00,115.321,115.324,115.315,115.321,30,38,0
2026-06-01 22:45:00,115.317,115.341,115.313,115.341,53,38,0
2026-06-01 23:00:00,115.355,115.359,115.337,115.342,105,17,0
2026-06-01 23:15:00,115.344,115.344,115.336,115.344,29,17,0
2026-06-01 23:30:00,115.345,115.346,115.317,115.325,61,17,0
2026-06-01 23:45:00,115.324,115.335,115.315,115.335,51,17,0
2026-06-02 00:00:00,115.333,115.355,115.333,115.355,116,17,0
2026-06-02 00:15:00,115.353,115.353,115.344,115.35,83,17,0
2026-06-02 00:30:00,115.348,115.367,115.345,115.351,99,17,0
2026-06-02 00:45:00,115.352,115.372,115.317,115.32,173,17,0
2026-06-02 01:00:00,115.318,115.329,115.313,115.32,110,17,0
2026-06-02 01:15:00,115.319,115.331,115.314,115.324,93,17,0
2026-06-02 01:30:00,115.323,115.327,115.316,115.325,79,17,0
2026-06-02 01:45:00,115.326,115.341,115.322,115.335,95,17,0
2026-06-02 02:00:00,115.336,115.34,115.324,115.331,71,17,0
2026-06-02 02:15:00,115.33,115.337,115.322,115.331,59,17,0
2026-06-02 02:30:00,115.33,115.339,115.322,115.336,45,17,0
2026-06-02 02:45:00,115.337,115.337,115.33,115.335,49,17,0
2026-06-02 03:00:00,115.336,115.342,115.33,115.332,40,17,0
2026-06-02 03:15:00,115.335,115.351,115.335,115.348,62,17,0
2026-06-02 03:30:00,115.347,115.35,115.332,115.343,46,17,0
2026-06-02 03:45:00,115.341,115.361,115.34,115.361,48,17,0
2026-06-02 04:00:00,115.359,115.36,115.351,115.351,36,17,0
2026-06-02 04:15:00,115.352,115.361,115.352,115.354,53,17,0
2026-06-02 04:30:00,115.355,115.359,115.351,115.359,32,17,0
2026-06-02 04:45:00,115.358,115.368,115.353,115.368,41,17,0
2026-06-02 05:00:00,115.37,115.375,115.359,115.364,57,17,0
2026-06-02 05:15:00,115.365,115.383,115.364,115.377,60,17,0
2026-06-02 05:30:00,115.379,115.383,115.368,115.368,45,17,0
2026-06-02 05:45:00,115.367,115.37,115.359,115.366,43,17,0
2026-06-02 06:00:00,115.365,115.396,115.352,115.385,129,17,0
2026-06-02 06:15:00,115.384,115.394,115.37,115.393,129,17,0
2026-06-02 06:30:00,115.391,115.435,115.385,115.426,191,17,0
2026-06-02 06:45:00,115.427,115.44,115.399,115.415,171,17,0
2026-06-02 07:00:00,115.412,115.43,115.404,115.427,171,17,0
2026-06-02 07:15:00,115.429,115.431,115.389,115.395,145,17,0
2026-06-02 07:30:00,115.392,115.424,115.388,115.412,105,17,0
2026-06-02 07:45:00,115.414,115.414,115.369,115.382,158,17,0
2026-06-02 08:00:00,115.378,115.39,115.355,115.364,209,17,0
2026-06-02 08:15:00,115.365,115.375,115.341,115.375,115,17,0
2026-06-02 08:30:00,115.376,115.381,115.363,115.364,109,17,0
2026-06-02 08:45:00,115.362,115.362,115.333,115.353,102,17,0
2026-06-02 09:00:00,115.354,115.357,115.327,115.33,76,17,0
2026-06-02 09:15:00,115.329,115.33,115.287,115.288,121,17,0
2026-06-02 09:30:00,115.29,115.322,115.285,115.313,102,17,0
2026-06-02 09:45:00,115.315,115.332,115.299,115.327,116,17,0
2026-06-02 10:00:00,115.329,115.337,115.319,115.324,132,17,0
2026-06-02 10:15:00,115.326,115.337,115.304,115.315,103,17,0
2026-06-02 10:30:00,115.316,115.316,115.302,115.311,75,17,0
2026-06-02 10:45:00,115.312,115.323,115.293,115.303,126,17,0
2026-06-02 11:00:00,115.301,115.312,115.289,115.289,139,17,0
2026-06-02 11:15:00,115.291,115.316,115.29,115.314,90,17,0
2026-06-02 11:30:00,115.315,115.35,115.315,115.349,128,17,0
2026-06-02 11:45:00,115.351,115.411,115.345,115.411,138,17,0
2026-06-02 12:00:00,115.41,115.448,115.401,115.425,153,17,0
2026-06-02 12:15:00,115.421,115.451,115.406,115.407,207,17,0
2026-06-02 12:30:00,115.41,115.448,115.385,115.445,157,17,0
2026-06-02 12:45:00,115.448,115.473,115.423,115.47,170,17,0
2026-06-02 13:00:00,115.472,115.529,115.467,115.521,218,17,0
2026-06-02 13:15:00,115.52,115.532,115.479,115.532,200,17,0
2026-06-02 13:30:00,115.53,115.657,115.53,115.576,358,17,0
2026-06-02 13:45:00,115.573,115.576,115.493,115.541,279,17,0
2026-06-02 14:00:00,115.538,115.566,115.509,115.516,333,17,0
2026-06-02 14:15:00,115.518,115.536,115.473,115.504,259,17,0
2026-06-02 14:30:00,115.507,115.591,115.503,115.588,295,17,0
2026-06-02 14:45:00,115.589,115.604,115.55,115.574,266,17,0
2026-06-02 15:00:00,115.571,115.617,115.549,115.617,219,17,0
2026-06-02 15:15:00,115.613,115.641,115.602,115.617,190,17,0
2026-06-02 15:30:00,115.615,115.637,115.607,115.632,157,17,0
2026-06-02 15:45:00,115.63,115.664,115.625,115.652,153,17,0
2026-06-02 16:00:00,115.65,115.662,115.635,115.651,150,17,0
2026-06-02 16:15:00,115.652,115.664,115.628,115.654,156,17,0
2026-06-02 16:30:00,115.656,115.661,115.615,115.625,123,17,0
2026-06-02 16:45:00,115.624,115.624,115.586,115.593,108,17,0
2026-06-02 17:00:00,115.591,115.602,115.556,115.566,137,17,0
2026-06-02 17:15:00,115.569,115.605,115.566,115.601,129,17,0
2026-06-02 17:30:00,115.6,115.61,115.582,115.589,103,17,0
2026-06-02 17:45:00,115.587,115.592,115.574,115.584,68,17,0
2026-06-02 18:00:00,115.585,115.594,115.581,115.591,52,17,0
2026-06-02 18:15:00,115.589,115.603,115.581,115.598,101,17,0
2026-06-02 18:30:00,115.597,115.615,115.592,115.608,122,17,0
2026-06-02 18:45:00,115.606,115.625,115.587,115.605,110,17,0
2026-06-02 19:00:00,115.603,115.622,115.587,115.587,68,17,0
2026-06-02 19:15:00,115.588,115.605,115.587,115.602,72,17,0
2026-06-02 19:30:00,115.6,115.6,115.567,115.567,57,17,0
2026-06-02 19:45:00,115.569,115.615,115.567,115.585,149,17,0
2026-06-02 20:00:00,115.587,115.598,115.577,115.579,81,17,0
2026-06-02 20:15:00,115.578,115.59,115.571,115.58,66,17,0
2026-06-02 20:30:00,115.579,115.594,115.556,115.562,72,17,0
2026-06-02 20:45:00,115.564,115.564,115.55,115.552,116,17,0
2026-06-02 21:00:00,115.549,115.549,115.525,115.534,28,30,0
2026-06-02 21:15:00,115.531,115.558,115.526,115.554,77,31,0
2026-06-02 21:30:00,115.55,115.555,115.482,115.524,84,26,0
2026-06-02 21:45:00,115.52,115.541,115.492,115.541,241,27,0
2026-06-02 22:00:00,115.537,115.547,115.518,115.531,79,38,0
2026-06-02 22:15:00,115.53,115.536,115.523,115.534,24,38,0
2026-06-02 22:30:00,115.535,115.547,115.535,115.545,17,38,0
2026-06-02 22:45:00,115.546,115.564,115.546,115.557,54,38,0
2026-06-02 23:00:00,115.566,115.596,115.563,115.585,63,17,0
2026-06-02 23:15:00,115.586,115.591,115.573,115.578,71,17,0
2026-06-02 23:30:00,115.581,115.582,115.552,115.552,59,17,0
2026-06-02 23:45:00,115.554,115.557,115.536,115.54,80,17,0
2026-06-03 00:00:00,115.541,115.541,115.519,115.529,81,17,0
2026-06-03 00:15:00,115.527,115.547,115.526,115.53,74,17,0
2026-06-03 00:30:00,115.531,115.543,115.515,115.534,78,17,0
2026-06-03 00:45:00,115.536,115.569,115.536,115.553,117,17,0
2026-06-03 01:00:00,115.55,115.553,115.532,115.538,83,17,0
2026-06-03 01:15:00,115.54,115.551,115.524,115.526,85,17,0
2026-06-03 01:30:00,115.524,115.544,115.506,115.507,113,17,0
2026-06-03 01:45:00,115.509,115.511,115.493,115.502,80,17,0
2026-06-03 02:00:00,115.503,115.51,115.499,115.507,52,17,0
2026-06-03 02:15:00,115.508,115.511,115.485,115.485,59,17,0
2026-06-03 02:30:00,115.482,115.485,115.468,115.472,78,17,0
2026-06-03 02:45:00,115.474,115.479,115.457,115.471,78,17,0
2026-06-03 03:00:00,115.47,115.481,115.464,115.474,54,17,0
2026-06-03 03:15:00,115.473,115.489,115.469,115.484,64,17,0
2026-06-03 03:30:00,115.485,115.485,115.47,115.47,52,17,0
2026-06-03 03:45:00,115.469,115.469,115.456,115.456,43,17,0
2026-06-03 04:00:00,115.454,115.46,115.452,115.455,42,17,0
2026-06-03 04:15:00,115.456,115.457,115.443,115.452,47,17,0
2026-06-03 04:30:00,115.453,115.456,115.431,115.433,38,17,0
2026-06-03 04:45:00,115.434,115.453,115.433,115.45,57,17,0
2026-06-03 05:00:00,115.452,115.456,115.435,115.438,71,17,0
2026-06-03 05:15:00,115.435,115.438,115.41,115.418,58,17,0
2026-06-03 05:30:00,115.419,115.443,115.413,115.438,75,17,0
2026-06-03 05:45:00,115.439,115.467,115.439,115.456,93,17,0
2026-06-03 06:00:00,115.453,115.472,115.445,115.449,155,17,0
2026-06-03 06:15:00,115.447,115.451,115.403,115.415,128,17,0
2026-06-03 06:30:00,115.413,115.448,115.412,115.429,176,17,0
2026-06-03 06:45:00,115.428,115.495,115.426,115.485,133,17,0
2026-06-03 07:00:00,115.482,115.489,115.429,115.436,244,17,0
2026-06-03 07:15:00,115.437,115.47,115.429,115.443,156,17,0
2026-06-03 07:30:00,115.444,115.456,115.22,115.306,1203,17,0
2026-06-03 07:45:00,115.305,115.337,115.234,115.291,477,17,0
2026-06-03 08:00:00,115.293,115.293,115.242,115.274,338,17,0
2026-06-03 08:15:00,115.275,115.298,115.249,115.259,232,17,0
2026-06-03 08:30:00,115.257,115.319,115.038,115.307,1295,17,0
2026-06-03 08:45:00,115.309,115.309,115.249,115.281,261,17,0
2026-06-03 09:00:00,115.284,115.367,115.281,115.345,210,17,0
2026-06-03 09:15:00,115.344,115.385,115.311,115.38,185,17,0
2026-06-03 09:30:00,115.383,115.4,115.359,115.37,145,17,0
2026-06-03 09:45:00,115.371,115.377,115.306,115.309,152,17,0
2026-06-03 10:00:00,115.307,115.361,115.283,115.343,363,17,0
2026-06-03 10:15:00,115.345,115.395,115.345,115.38,156,17,0
2026-06-03 10:30:00,115.381,115.411,115.381,115.405,151,17,0
2026-06-03 10:45:00,115.407,115.409,115.352,115.354,169,17,0
2026-06-03 11:00:00,115.352,115.37,115.341,115.36,137,17,0
2026-06-03 11:15:00,115.358,115.364,115.326,115.345,105,17,0
2026-06-03 11:30:00,115.346,115.383,115.337,115.376,129,17,0
2026-06-03 11:45:00,115.378,115.393,115.347,115.365,164,17,0
2026-06-03 12:00:00,115.367,115.375,115.344,115.347,189,17,0
2026-06-03 12:15:00,115.345,115.377,115.331,115.36,186,17,0
2026-06-03 12:30:00,115.362,115.364,115.291,115.309,248,17,0
2026-06-03 12:45:00,115.308,115.333,115.289,115.315,271,17,0
2026-06-03 13:00:00,115.312,115.335,115.295,115.318,231,17,0
2026-06-03 13:15:00,115.321,115.325,115.27,115.325,237,17,0
2026-06-03 13:30:00,115.328,115.362,115.31,115.316,346,17,0
2026-06-03 13:45:00,115.315,115.326,115.278,115.304,291,17,0
2026-06-03 14:00:00,115.3,115.342,115.298,115.32,302,17,0
2026-06-03 14:15:00,115.322,115.356,115.3,115.356,249,17,0
2026-06-03 14:30:00,115.353,115.354,115.295,115.298,240,17,0
2026-06-03 14:45:00,115.299,115.309,115.226,115.244,343,17,0
2026-06-03 15:00:00,115.241,115.252,115.191,115.216,234,17,0
2026-06-03 15:15:00,115.213,115.243,115.206,115.226,218,17,0
2026-06-03 15:30:00,115.229,115.236,115.198,115.213,225,17,0
2026-06-03 15:45:00,115.215,115.215,115.154,115.154,211,17,0
2026-06-03 16:00:00,115.151,115.18,115.126,115.163,251,17,0
2026-06-03 16:15:00,115.165,115.17,115.136,115.15,162,17,0
2026-06-03 16:30:00,115.151,115.151,115.131,115.14,123,17,0
2026-06-03 16:45:00,115.138,115.143,115.122,115.141,134,17,0
2026-06-03 17:00:00,115.14,115.181,115.131,115.18,149,17,0
2026-06-03 17:15:00,115.178,115.191,115.166,115.166,113,17,0
2026-06-03 17:30:00,115.165,115.183,115.165,115.175,68,17,0
2026-06-03 17:45:00,115.173,115.179,115.156,115.169,82,17,0
2026-06-03 18:00:00,115.166,115.166,115.139,115.143,62,17,0
2026-06-03 18:15:00,115.145,115.151,115.13,115.142,72,17,0
2026-06-03 18:30:00,115.143,115.175,115.141,115.166,88,17,0
2026-06-03 18:45:00,115.167,115.178,115.161,115.166,107,17,0
2026-06-03 19:00:00,115.162,115.175,115.153,115.153,99,17,0
2026-06-03 19:15:00,115.154,115.185,115.154,115.183,100,17,0
2026-06-03 19:30:00,115.181,115.192,115.173,115.188,86,17,0
2026-06-03 19:45:00,115.187,115.201,115.177,115.186,116,17,0
2026-06-03 20:00:00,115.185,115.212,115.185,115.199,120,17,0
2026-06-03 20:15:00,115.196,115.209,115.175,115.185,76,17,0
2026-06-03 20:30:00,115.184,115.206,115.181,115.185,83,17,0
2026-06-03 20:45:00,115.187,115.191,115.085,115.09,90,17,0
2026-06-03 21:00:00,115.089,115.097,115.089,115.095,8,140,0
2026-06-03 21:15:00,115.096,115.185,115.092,115.183,35,26,0
2026-06-03 21:30:00,115.183,115.186,115.175,115.185,26,26,0
2026-06-03 21:45:00,115.184,115.184,115.135,115.18,75,26,0
2026-06-03 22:00:00,115.193,115.193,115.13,115.147,79,38,0
2026-06-03 22:15:00,115.143,115.168,115.142,115.146,56,38,0
2026-06-03 22:30:00,115.142,115.154,115.127,115.131,52,38,0
2026-06-03 22:45:00,115.128,115.137,115.062,115.114,125,38,0
2026-06-03 23:00:00,115.124,115.138,115.113,115.133,137,17,0
2026-06-03 23:15:00,115.136,115.147,115.109,115.119,71,17,0
2026-06-03 23:30:00,115.122,115.137,115.102,115.109,92,17,0
2026-06-03 23:45:00,115.111,115.13,115.1,115.13,133,17,0
2026-06-04 00:00:00,115.127,115.146,115.12,115.138,171,17,0
2026-06-04 00:15:00,115.135,115.145,115.129,115.143,126,17,0
2026-06-04 00:30:00,115.144,115.144,115.103,115.104,104,17,0
2026-06-04 00:45:00,115.106,115.118,115.087,115.097,158,17,0
2026-06-04 01:00:00,115.093,115.098,115.072,115.089,126,17,0
2026-06-04 01:15:00,115.091,115.102,115.066,115.066,135,17,0
2026-06-04 01:30:00,115.067,115.081,115.061,115.062,106,17,0
2026-06-04 01:45:00,115.063,115.065,115.042,115.058,81,17,0
2026-06-04 02:00:00,115.055,115.06,115.038,115.039,72,17,0
2026-06-04 02:15:00,115.042,115.053,115.011,115.025,124,17,0
2026-06-04 02:30:00,115.027,115.046,115.023,115.039,76,17,0
2026-06-04 02:45:00,115.04,115.063,115.038,115.054,76,17,0
2026-06-04 03:00:00,115.053,115.062,115.045,115.049,83,17,0
2026-06-04 03:15:00,115.048,115.064,115.047,115.057,59,17,0
2026-06-04 03:30:00,115.058,115.074,115.057,115.074,39,17,0
2026-06-04 03:45:00,115.073,115.09,115.066,115.09,47,17,0
2026-06-04 04:00:00,115.087,115.093,115.069,115.069,52,17,0
2026-06-04 04:15:00,115.07,115.091,115.07,115.079,54,17,0
2026-06-04 04:30:00,115.08,115.08,114.834,114.962,698,17,0
2026-06-04 04:45:00,114.959,114.997,114.957,114.989,113,17,0
2026-06-04 05:00:00,114.991,114.996,114.973,114.991,114,17,0
2026-06-04 05:15:00,114.989,114.995,114.981,114.985,70,17,0
2026-06-04 05:30:00,114.988,114.999,114.971,114.976,107,17,0
2026-06-04 05:45:00,114.977,115.007,114.972,114.998,87,17,0
2026-06-04 06:00:00,114.999,115.005,114.964,114.981,210,17,0
2026-06-04 06:15:00,114.982,115.0,114.957,114.97,148,17,0
2026-06-04 06:30:00,114.967,114.984,114.948,114.969,202,17,0
2026-06-04 06:45:00,114.966,114.974,114.93,114.962,166,17,0
2026-06-04 07:00:00,114.964,114.977,114.913,114.934,192,17,0
2026-06-04 07:15:00,114.932,114.932,114.887,114.887,147,17,0
2026-06-04 07:30:00,114.884,114.884,114.837,114.838,220,17,0
2026-06-04 07:45:00,114.837,114.862,114.825,114.856,150,17,0
2026-06-04 08:00:00,114.858,114.879,114.854,114.879,168,17,0
2026-06-04 08:15:00,114.881,114.903,114.876,114.889,172,17,0
2026-06-04 08:30:00,114.888,114.902,114.877,114.894,161,17,0
2026-06-04 08:45:00,114.893,114.899,114.869,114.886,138,17,0
2026-06-04 09:00:00,114.885,114.929,114.878,114.921,175,17,0
2026-06-04 09:15:00,114.923,114.986,114.919,114.983,151,17,0
2026-06-04 09:30:00,114.984,114.992,114.962,114.968,158,17,0
2026-06-04 09:45:00,114.969,115.014,114.968,115.008,164,17,0
2026-06-04 10:00:00,115.007,115.034,115.006,115.015,151,17,0
2026-06-04 10:15:00,115.016,115.041,114.999,115.021,136,17,0
2026-06-04 10:30:00,115.022,115.041,115.011,115.031,114,17,0
2026-06-04 10:45:00,115.033,115.046,115.014,115.023,132,17,0
2026-06-04 11:00:00,115.021,115.043,115.01,115.021,169,17,0
2026-06-04 11:15:00,115.02,115.056,115.018,115.047,200,17,0
2026-06-04 11:30:00,115.048,115.066,115.023,115.049,232,17,0
2026-06-04 11:45:00,115.051,115.058,114.981,114.991,213,17,0
2026-06-04 12:00:00,114.99,115.053,114.986,115.029,276,17,0
2026-06-04 12:15:00,115.027,115.074,115.01,115.054,220,17,0
2026-06-04 12:30:00,115.051,115.072,115.041,115.072,245,17,0
2026-06-04 12:45:00,115.073,115.102,115.068,115.093,211,17,0
2026-06-04 13:00:00,115.095,115.115,115.073,115.083,201,17,0
2026-06-04 13:15:00,115.084,115.091,115.063,115.085,211,17,0
2026-06-04 13:30:00,115.083,115.166,115.07,115.166,292,17,0
2026-06-04 13:45:00,115.168,115.182,115.131,115.157,284,17,0
2026-06-04 14:00:00,115.159,115.165,115.121,115.162,252,17,0
2026-06-04 14:15:00,115.16,115.175,115.146,115.16,174,17,0
2026-06-04 14:30:00,115.159,115.171,115.115,115.13,208,17,0
2026-06-04 14:45:00,115.127,115.16,115.112,115.151,264,17,0
2026-06-04 15:00:00,115.154,115.175,115.131,115.131,236,17,0
2026-06-04 15:15:00,115.129,115.129,115.07,115.095,190,17,0
2026-06-04 15:30:00,115.097,115.123,115.089,115.123,170,17,0
2026-06-04 15:45:00,115.122,115.172,115.11,115.17,159,17,0
2026-06-04 16:00:00,115.171,115.175,115.149,115.153,156,17,0
2026-06-04 16:15:00,115.152,115.154,115.12,115.134,136,17,0
2026-06-04 16:30:00,115.133,115.139,115.112,115.122,152,17,0
2026-06-04 16:45:00,115.124,115.131,115.103,115.12,127,17,0
2026-06-04 17:00:00,115.123,115.135,115.107,115.114,116,17,0
2026-06-04 17:15:00,115.115,115.128,115.106,115.109,58,17,0
2026-06-04 17:30:00,115.107,115.11,115.085,115.1,105,17,0
2026-06-04 17:45:00,115.098,115.101,115.086,115.1,75,17,0
2026-06-04 18:00:00,115.099,115.103,115.085,115.087,90,17,0
2026-06-04 18:15:00,115.089,115.122,115.087,115.106,82,17,0
2026-06-04 18:30:00,115.109,115.162,115.107,115.148,147,17,0
2026-06-04 18:45:00,115.149,115.149,115.131,115.141,112,17,0
2026-06-04 19:00:00,115.139,115.147,115.102,115.109,105,17,0
2026-06-04 19:15:00,115.112,115.121,115.101,115.107,73,17,0
2026-06-04 19:30:00,115.106,115.117,115.096,115.098,99,17,0
2026-06-04 19:45:00,115.099,115.104,115.084,115.092,107,17,0
2026-06-04 20:00:00,115.091,115.091,115.037,115.037,85,17,0
2026-06-04 20:15:00,115.04,115.071,115.035,115.07,61,17,0
2026-06-04 20:30:00,115.067,115.083,115.057,115.082,50,17,0
2026-06-04 20:45:00,115.078,115.078,115.037,115.047,58,17,0
2026-06-04 21:00:00,115.04,115.076,115.02,115.025,29,81,0
2026-06-04 21:15:00,115.028,115.036,115.0,115.006,77,83,0
2026-06-04 21:30:00,115.003,115.014,114.996,115.001,74,51,0
2026-06-04 21:45:00,115.002,115.03,114.983,115.021,145,42,0
2026-06-04 22:00:00,115.022,115.056,115.02,115.042,44,38,0
2026-06-04 22:15:00,115.043,115.054,115.02,115.025,28,38,0
2026-06-04 22:30:00,115.026,115.041,115.025,115.03,36,38,0
2026-06-04 22:45:00,115.032,115.038,115.025,115.03,24,38,0
2026-06-04 23:00:00,115.039,115.051,115.039,115.045,39,17,0
2026-06-04 23:15:00,115.044,115.044,115.03,115.036,43,17,0
2026-06-04 23:30:00,115.035,115.046,115.026,115.026,40,17,0
2026-06-04 23:45:00,115.029,115.043,115.029,115.041,65,17,0
2026-06-05 00:00:00,115.038,115.054,115.019,115.038,168,17,0
2026-06-05 00:15:00,115.039,115.049,115.023,115.024,95,17,0
2026-06-05 00:30:00,115.026,115.037,115.008,115.037,92,17,0
2026-06-05 00:45:00,115.034,115.04,115.013,115.021,153,17,0
2026-06-05 01:00:00,115.019,115.021,114.976,114.98,163,17,0
2026-06-05 01:15:00,114.979,114.985,114.957,114.985,139,17,0
2026-06-05 01:30:00,114.984,115.01,114.983,115.01,108,17,0
2026-06-05 01:45:00,115.011,115.048,115.01,115.044,78,17,0
2026-06-05 02:00:00,115.046,115.049,115.036,115.048,65,17,0
2026-06-05 02:15:00,115.046,115.074,115.046,115.073,56,17,0
2026-06-05 02:30:00,115.072,115.078,115.06,115.06,55,17,0
2026-06-05 02:45:00,115.057,115.074,115.053,115.072,48,17,0
2026-06-05 03:00:00,115.074,115.086,115.058,115.062,87,17,0
2026-06-05 03:15:00,115.058,115.064,115.045,115.046,62,17,0
2026-06-05 03:30:00,115.047,115.053,115.027,115.031,40,17,0
2026-06-05 03:45:00,115.028,115.032,115.024,115.029,62,17,0
2026-06-05 04:00:00,115.028,115.038,115.026,115.036,51,17,0
2026-06-05 04:15:00,115.035,115.048,115.035,115.037,26,17,0
2026-06-05 04:30:00,115.036,115.045,115.033,115.038,49,17,0
2026-06-05 04:45:00,115.039,115.049,115.031,115.046,38,17,0
2026-06-05 05:00:00,115.044,115.053,115.033,115.033,49,17,0
2026-06-05 05:15:00,115.032,115.036,115.011,115.015,72,17,0
2026-06-05 05:30:00,115.014,115.031,115.014,115.027,60,17,0
2026-06-05 05:45:00,115.028,115.038,115.021,115.027,73,17,0
2026-06-05 06:00:00,115.029,115.035,115.006,115.012,108,17,0
2026-06-05 06:15:00,115.011,115.031,115.002,115.03,91,17,0
2026-06-05 06:30:00,115.031,115.083,115.031,115.082,129,17,0
2026-06-05 06:45:00,115.084,115.086,115.054,115.062,143,17,0
2026-06-05 07:00:00,115.063,115.109,115.059,115.097,164,17,0
2026-06-05 07:15:00,115.1,115.145,115.099,115.134,151,17,0
2026-06-05 07:30:00,115.133,115.172,115.131,115.166,134,17,0
2026-06-05 07:45:00,115.168,115.183,115.157,115.169,141,17,0
2026-06-05 08:00:00,115.17,115.195,115.168,115.185,162,17,0
2026-06-05 08:15:00,115.184,115.193,115.171,115.173,118,17,0
2026-06-05 08:30:00,115.172,115.184,115.146,115.159,135,17,0
2026-06-05 08:45:00,115.162,115.165,115.138,115.16,81,17,0
2026-06-05 09:00:00,115.157,115.204,115.156,115.19,145,17,0
2026-06-05 09:15:00,115.191,115.22,115.143,115.22,191,17,0
2026-06-05 09:30:00,115.219,115.262,115.217,115.238,141,17,0
2026-06-05 09:45:00,115.241,115.286,115.241,115.266,147,17,0
2026-06-05 10:00:00,115.263,115.28,115.256,115.269,116,17,0
2026-06-05 10:15:00,115.27,115.312,115.262,115.265,138,17,0
2026-06-05 10:30:00,115.262,115.278,115.251,115.262,122,17,0
2026-06-05 10:45:00,115.264,115.275,115.227,115.234,110,17,0
2026-06-05 11:00:00,115.232,115.236,115.183,115.188,146,17,0
2026-06-05 11:15:00,115.191,115.228,115.188,115.215,175,17,0
2026-06-05 11:30:00,115.217,115.231,115.192,115.195,178,17,0
2026-06-05 11:45:00,115.194,115.202,115.135,115.157,188,17,0
2026-06-05 12:00:00,115.16,115.205,115.142,115.172,236,17,0
2026-06-05 12:15:00,115.171,115.197,115.076,115.119,313,17,0
2026-06-05 12:30:00,115.123,115.35,115.12,115.259,930,17,0
2026-06-05 12:45:00,115.256,115.34,115.256,115.305,650,17,0
2026-06-05 13:00:00,115.307,115.337,115.0,115.172,2115,17,0
2026-06-05 13:15:00,115.17,115.312,115.161,115.288,451,17,0
2026-06-05 13:30:00,115.285,115.285,115.153,115.162,469,17,0
2026-06-05 13:45:00,115.161,115.2,115.068,115.178,663,17,0
2026-06-05 14:00:00,115.177,115.198,115.129,115.145,554,17,0
2026-06-05 14:15:00,115.143,115.154,115.082,115.085,369,17,0
2026-06-05 14:30:00,115.087,115.173,115.087,115.156,335,17,0
2026-06-05 14:45:00,115.155,115.169,115.106,115.155,399,17,0
2026-06-05 15:00:00,115.157,115.194,115.118,115.122,282,17,0
2026-06-05 15:15:00,115.125,115.129,115.076,115.095,313,17,0
2026-06-05 15:30:00,115.092,115.094,115.015,115.035,290,17,0
2026-06-05 15:45:00,115.033,115.052,114.981,115.022,357,17,0
2026-06-05 16:00:00,115.02,115.024,114.972,114.984,314,17,0
2026-06-05 16:15:00,114.985,115.015,114.964,114.98,241,17,0
2026-06-05 16:30:00,114.977,114.99,114.971,114.977,163,17,0
2026-06-05 16:45:00,114.975,115.008,114.973,115.003,243,17,0
2026-06-05 17:00:00,115.005,115.018,114.98,114.98,205,17,0
2026-06-05 17:15:00,114.981,115.032,114.969,115.022,165,17,0
2026-06-05 17:30:00,115.023,115.044,115.006,115.006,140,17,0
2026-06-05 17:45:00,115.005,115.007,114.978,114.982,160,17,0
2026-06-05 18:00:00,114.979,114.986,114.953,114.955,122,17,0
2026-06-05 18:15:00,114.953,114.953,114.878,114.9,198,17,0
2026-06-05 18:30:00,114.897,114.901,114.806,114.855,271,17,0
2026-06-05 18:45:00,114.853,114.853,114.799,114.814,219,17,0
2026-06-05 19:00:00,114.813,114.83,114.786,114.825,185,17,0
2026-06-05 19:15:00,114.824,114.866,114.816,114.862,123,17,0
2026-06-05 19:30:00,114.861,114.861,114.839,114.848,108,17,0
2026-06-05 19:45:00,114.849,114.907,114.848,114.882,164,17,0
2026-06-05 20:00:00,114.883,114.901,114.84,114.87,143,17,0
2026-06-05 20:15:00,114.868,114.923,114.861,114.907,159,17,0
2026-06-05 20:30:00,114.91,114.918,114.875,114.916,138,17,0
2026-06-05 20:45:00,114.917,114.981,114.916,114.979,224,17,0
2026-06-07 21:15:00,114.937,114.975,114.923,114.942,101,51,0
2026-06-07 21:30:00,114.941,114.943,114.891,114.891,235,40,0
2026-06-07 21:45:00,114.895,114.938,114.882,114.937,186,33,0
2026-06-07 22:00:00,114.923,114.959,114.911,114.957,170,48,0
2026-06-07 22:15:00,114.961,114.968,114.94,114.94,115,44,0
2026-06-07 22:30:00,114.94,114.949,114.926,114.932,88,42,0
2026-06-07 22:45:00,114.931,114.931,114.898,114.9,83,42,0
2026-06-07 23:00:00,114.912,114.94,114.905,114.94,115,17,0
2026-06-07 23:15:00,114.938,114.942,114.893,114.893,110,17,0
2026-06-07 23:30:00,114.894,114.942,114.893,114.942,100,17,0
2026-06-07 23:45:00,114.939,114.976,114.936,114.971,92,17,0
2026-06-08 00:00:00,114.968,114.972,114.927,114.958,178,17,0
2026-06-08 00:15:00,114.957,114.972,114.944,114.955,131,17,0
2026-06-08 00:30:00,114.957,114.98,114.947,114.96,128,17,0
2026-06-08 00:45:00,114.963,115.021,114.932,115.019,282,17,0
2026-06-08 01:00:00,115.017,115.023,114.974,114.986,195,17,0
2026-06-08 01:15:00,114.984,114.992,114.93,114.937,234,17,0
2026-06-08 01:30:00,114.934,114.951,114.916,114.932,223,17,0
2026-06-08 01:45:00,114.933,114.958,114.932,114.958,123,17,0
2026-06-08 02:00:00,114.959,114.967,114.939,114.958,108,17,0
2026-06-08 02:15:00,114.959,114.978,114.944,114.977,76,17,0
2026-06-08 02:30:00,114.975,114.981,114.964,114.981,96,17,0
2026-06-08 02:45:00,114.982,115.0,114.979,114.988,91,17,0
2026-06-08 03:00:00,114.991,114.997,114.972,114.972,78,17,0
2026-06-08 03:15:00,114.974,114.984,114.964,114.969,60,17,0
2026-06-08 03:30:00,114.968,114.976,114.949,114.96,63,17,0
2026-06-08 03:45:00,114.962,114.969,114.954,114.968,46,17,0
2026-06-08 04:00:00,114.967,114.969,114.939,114.939,73,17,0
2026-06-08 04:15:00,114.94,114.966,114.94,114.965,64,17,0
2026-06-08 04:30:00,114.966,114.978,114.956,114.956,88,17,0
2026-06-08 04:45:00,114.958,114.993,114.958,114.991,74,17,0
2026-06-08 05:00:00,114.992,115.023,114.989,115.006,99,17,0
2026-06-08 05:15:00,115.004,115.024,114.995,115.003,126,17,0
2026-06-08 05:30:00,115.0,115.003,114.961,114.974,168,17,0
2026-06-08 05:45:00,114.972,114.978,114.888,114.898,235,17,0
2026-06-08 06:00:00,114.902,114.929,114.891,114.897,241,17,0
2026-06-08 06:15:00,114.899,114.961,114.881,114.946,275,17,0
2026-06-08 06:30:00,114.942,114.942,114.895,114.923,219,17,0
2026-06-08 06:45:00,114.92,114.947,114.914,114.916,189,17,0
2026-06-08 07:00:00,114.918,114.927,114.875,114.9,268,17,0
2026-06-08 07:15:00,114.899,114.951,114.897,114.931,268,17,0
2026-06-08 07:30:00,114.928,114.928,114.86,114.868,226,17,0
2026-06-08 07:45:00,114.87,114.875,114.842,114.845,166,17,0
2026-06-08 08:00:00,114.843,114.851,114.826,114.833,198,17,0
2026-06-08 08:15:00,114.831,114.867,114.808,114.828,220,17,0
2026-06-08 08:30:00,114.827,114.845,114.794,114.838,202,17,0
2026-06-08 08:45:00,114.84,114.843,114.569,114.7,611,17,0
2026-06-08 09:00:00,114.701,114.749,114.699,114.738,393,17,0
2026-06-08 09:15:00,114.737,114.763,114.682,114.684,270,17,0
2026-06-08 09:30:00,114.683,114.727,114.669,114.694,296,17,0
2026-06-08 09:45:00,114.695,114.742,114.69,114.724,197,17,0
2026-06-08 10:00:00,114.723,114.747,114.708,114.745,170,17,0
2026-06-08 10:15:00,114.748,114.789,114.727,114.764,147,17,0
2026-06-08 10:30:00,114.765,114.767,114.709,114.764,280,17,0
2026-06-08 10:45:00,114.766,114.767,114.722,114.759,171,17,0
2026-06-08 11:00:00,114.756,114.794,114.743,114.778,212,17,0
2026-06-08 11:15:00,114.776,114.803,114.756,114.802,312,17,0
2026-06-08 11:30:00,114.799,114.827,114.768,114.781,202,17,0
2026-06-08 11:45:00,114.778,114.789,114.761,114.766,128,17,0
2026-06-08 12:00:00,114.767,114.811,114.764,114.807,269,17,0
2026-06-08 12:15:00,114.805,114.837,114.797,114.804,242,17,0
2026-06-08 12:30:00,114.802,114.839,114.792,114.805,216,17,0
2026-06-08 12:45:00,114.803,114.823,114.796,114.816,186,17,0
2026-06-08 13:00:00,114.813,114.817,114.79,114.81,206,17,0
2026-06-08 13:15:00,114.812,114.83,114.781,114.814,231,17,0
2026-06-08 13:30:00,114.816,114.85,114.774,114.793,340,17,0
2026-06-08 13:45:00,114.795,114.806,114.761,114.795,297,17,0
2026-06-08 14:00:00,114.792,114.835,114.788,114.812,293,17,0
2026-06-08 14:15:00,114.81,114.853,114.803,114.825,345,17,0
2026-06-08 14:30:00,114.827,114.856,114.826,114.835,268,17,0
2026-06-08 14:45:00,114.833,114.848,114.789,114.809,339,17,0
2026-06-08 15:00:00,114.812,114.868,114.795,114.814,296,17,0
2026-06-08 15:15:00,114.813,114.815,114.76,114.768,231,17,0
2026-06-08 15:30:00,114.771,114.782,114.756,114.773,205,17,0
2026-06-08 15:45:00,114.775,114.776,114.742,114.77,179,17,0
2026-06-08 16:00:00,114.768,114.768,114.739,114.761,154,17,0
2026-06-08 16:15:00,114.758,114.767,114.748,114.76,100,17,0
2026-06-08 16:30:00,114.762,114.778,114.745,114.773,137,17,0
2026-06-08 16:45:00,114.776,114.806,114.769,114.774,136,17,0
2026-06-08 17:00:00,114.775,114.775,114.732,114.746,155,17,0
2026-06-08 17:15:00,114.743,114.783,114.731,114.772,159,17,0
2026-06-08 17:30:00,114.773,114.773,114.744,114.755,174,17,0
2026-06-08 17:45:00,114.754,114.793,114.753,114.788,122,17,0
2026-06-08 18:00:00,114.789,114.831,114.789,114.824,163,17,0
2026-06-08 18:15:00,114.822,114.832,114.802,114.816,101,17,0
2026-06-08 18:30:00,114.813,114.819,114.799,114.813,123,17,0
2026-06-08 18:45:00,114.815,114.835,114.814,114.829,139,17,0
2026-06-08 19:00:00,114.827,114.839,114.818,114.831,128,17,0
2026-06-08 19:15:00,114.832,114.84,114.82,114.833,90,17,0
2026-06-08 19:30:00,114.835,114.838,114.813,114.816,116,17,0
2026-06-08 19:45:00,114.815,114.844,114.811,114.83,157,17,0
2026-06-08 20:00:00,114.833,114.839,114.818,114.827,119,17,0
2026-06-08 20:15:00,114.829,114.833,114.803,114.812,86,17,0
2026-06-08 20:30:00,114.81,114.814,114.791,114.793,52,17,0
2026-06-08 20:45:00,114.79,114.796,114.78,114.78,64,17,0
2026-06-08 21:00:00,114.777,114.799,114.725,114.792,880,29,0
2026-06-08 21:15:00,114.796,114.81,114.756,114.781,181,79,0
2026-06-08 21:30:00,114.762,114.791,114.747,114.79,137,43,0
2026-06-08 21:45:00,114.786,114.806,114.772,114.803,210,36,0
2026-06-08 22:00:00,114.782,114.783,114.728,114.782,62,38,0
2026-06-08 22:15:00,114.779,114.783,114.76,114.765,59,38,0
2026-06-08 22:30:00,114.769,114.785,114.764,114.781,45,38,0
2026-06-08 22:45:00,114.78,114.789,114.772,114.788,30,38,0
2026-06-08 23:00:00,114.799,114.807,114.789,114.807,37,17,0
2026-06-08 23:15:00,114.805,114.807,114.791,114.791,49,17,0
2026-06-08 23:30:00,114.789,114.801,114.777,114.786,70,17,0
2026-06-08 23:45:00,114.785,114.785,114.752,114.756,61,17,0
2026-06-09 00:00:00,114.758,114.768,114.726,114.727,176,17,0
2026-06-09 00:15:00,114.724,114.747,114.714,114.745,109,17,0
2026-06-09 00:30:00,114.747,114.777,114.742,114.774,139,17,0
2026-06-09 00:45:00,114.775,114.86,114.772,114.838,217,17,0
2026-06-09 01:00:00,114.839,114.846,114.796,114.799,121,17,0
2026-06-09 01:15:00,114.8,114.868,114.8,114.855,122,17,0
2026-06-09 01:30:00,114.852,114.86,114.843,114.852,118,17,0
2026-06-09 01:45:00,114.85,114.862,114.841,114.862,86,17,0
2026-06-09 02:00:00,114.86,114.873,114.852,114.871,82,17,0
2026-06-09 02:15:00,114.873,114.878,114.845,114.856,99,17,0
2026-06-09 02:30:00,114.854,114.863,114.848,114.862,82,17,0
2026-06-09 02:45:00,114.864,114.873,114.852,114.873,82,17,0
2026-06-09 03:00:00,114.874,114.88,114.865,114.873,79,17,0
2026-06-09 03:15:00,114.874,114.881,114.85,114.865,66,17,0
2026-06-09 03:30:00,114.864,114.876,114.848,114.855,97,17,0
2026-06-09 03:45:00,114.853,114.889,114.848,114.889,82,17,0
2026-06-09 04:00:00,114.887,114.887,114.875,114.882,55,17,0
2026-06-09 04:15:00,114.879,114.888,114.873,114.885,50,17,0
2026-06-09 04:30:00,114.883,114.887,114.874,114.883,68,17,0
2026-06-09 04:45:00,114.881,114.887,114.871,114.876,59,17,0
2026-06-09 05:00:00,114.877,114.888,114.861,114.861,78,17,0
2026-06-09 05:15:00,114.862,114.868,114.854,114.854,79,17,0
2026-06-09 05:30:00,114.856,114.883,114.838,114.877,185,17,0
2026-06-09 05:45:00,114.875,114.909,114.864,114.908,145,17,0
2026-06-09 06:00:00,114.906,114.927,114.887,114.895,218,17,0
2026-06-09 06:15:00,114.896,114.925,114.871,114.898,228,17,0
2026-06-09 06:30:00,114.901,114.931,114.895,114.908,185,17,0
2026-06-09 06:45:00,114.912,114.926,114.891,114.92,168,17,0
2026-06-09 07:00:00,114.922,114.925,114.894,114.918,207,17,0
2026-06-09 07:15:00,114.921,114.943,114.912,114.919,170,17,0
2026-06-09 07:30:00,114.918,114.941,114.905,114.909,187,17,0
2026-06-09 07:45:00,114.911,114.927,114.896,114.923,133,17,0
2026-06-09 08:00:00,114.924,114.935,114.894,114.915,217,17,0
2026-06-09 08:15:00,114.913,114.913,114.888,114.904,141,17,0
2026-06-09 08:30:00,114.905,114.931,114.897,114.931,124,17,0
2026-06-09 08:45:00,114.93,114.93,114.905,114.915,114,17,0
2026-06-09 09:00:00,114.919,114.96,114.919,114.934,139,17,0
2026-06-09 09:15:00,114.935,114.944,114.893,114.903,155,17,0
2026-06-09 09:30:00,114.905,114.92,114.9,114.917,97,17,0
2026-06-09 09:45:00,114.916,114.943,114.908,114.939,112,17,0
2026-06-09 10:00:00,114.942,114.948,114.926,114.948,148,17,0
2026-06-09 10:15:00,114.949,114.963,114.942,114.949,109,17,0
2026-06-09 10:30:00,114.948,114.958,114.94,114.947,67,17,0
2026-06-09 10:45:00,114.945,114.96,114.945,114.949,97,17,0
2026-06-09 11:00:00,114.951,114.963,114.937,114.945,130,17,0
2026-06-09 11:15:00,114.944,114.984,114.936,114.976,107,17,0
2026-06-09 11:30:00,114.975,115.007,114.974,114.997,99,17,0
2026-06-09 11:45:00,114.996,115.057,114.986,115.04,155,17,0
2026-06-09 12:00:00,115.043,115.059,115.036,115.038,184,17,0
2026-06-09 12:15:00,115.042,115.056,115.033,115.04,158,17,0
2026-06-09 12:30:00,115.043,115.072,115.029,115.06,156,17,0
2026-06-09 12:45:00,115.063,115.07,115.049,115.063,144,17,0
2026-06-09 13:00:00,115.065,115.069,115.029,115.036,208,17,0
2026-06-09 13:15:00,115.037,115.046,114.974,115.001,166,17,0
2026-06-09 13:30:00,115.004,115.012,114.932,114.965,257,17,0
2026-06-09 13:45:00,114.963,114.977,114.929,114.934,341,17,0
2026-06-09 14:00:00,114.927,114.963,114.882,114.883,270,17,0
2026-06-09 14:15:00,114.88,114.894,114.826,114.83,302,17,0
2026-06-09 14:30:00,114.827,114.853,114.773,114.783,294,17,0
2026-06-09 14:45:00,114.787,114.901,114.787,114.894,409,17,0
2026-06-09 15:00:00,114.893,114.937,114.856,114.926,293,17,0
2026-06-09 15:15:00,114.928,114.931,114.851,114.856,265,17,0
2026-06-09 15:30:00,114.855,114.86,114.794,114.84,359,17,0
2026-06-09 15:45:00,114.843,114.864,114.785,114.787,301,17,0
2026-06-09 16:00:00,114.784,114.818,114.741,114.767,302,17,0
2026-06-09 16:15:00,114.77,114.85,114.762,114.85,247,17,0
2026-06-09 16:30:00,114.849,114.886,114.83,114.886,394,17,0
2026-06-09 16:45:00,114.888,114.924,114.864,114.889,337,17,0
2026-06-09 17:00:00,114.891,114.896,114.85,114.881,240,17,0
2026-06-09 17:15:00,114.879,114.881,114.846,114.861,220,17,0
2026-06-09 17:30:00,114.861,114.895,114.857,114.883,166,17,0
2026-06-09 17:45:00,114.884,114.937,114.873,114.926,247,17,0
2026-06-09 18:00:00,114.924,114.964,114.916,114.954,173,17,0
2026-06-09 18:15:00,114.952,114.954,114.928,114.939,176,17,0
2026-06-09 18:30:00,114.941,114.948,114.913,114.924,132,17,0
2026-06-09 18:45:00,114.922,114.942,114.918,114.93,119,17,0
2026-06-09 19:00:00,114.929,114.937,114.913,114.93,114,17,0
2026-06-09 19:15:00,114.927,114.957,114.92,114.953,126,17,0
2026-06-09 19:30:00,114.952,114.966,114.942,114.964,130,17,0
2026-06-09 19:45:00,114.963,115.01,114.94,115.01,200,17,0
2026-06-09 20:00:00,115.007,115.018,114.982,114.982,130,17,0
2026-06-09 20:15:00,114.985,114.999,114.935,114.938,114,17,0
2026-06-09 20:30:00,114.936,114.967,114.936,114.963,61,17,0
2026-06-09 20:45:00,114.966,114.97,114.94,114.958,87,17,0
2026-06-09 21:00:00,114.954,114.954,114.944,114.95,13,26,0
2026-06-09 21:15:00,114.949,114.952,114.917,114.941,74,26,0
2026-06-09 21:30:00,114.943,114.945,114.925,114.943,32,26,0
2026-06-09 21:45:00,114.943,114.961,114.924,114.952,75,26,0
2026-06-09 22:00:00,114.946,114.966,114.934,114.963,79,38,0
2026-06-09 22:15:00,114.961,114.963,114.947,114.947,40,38,0
2026-06-09 22:30:00,114.945,114.955,114.944,114.948,42,38,0
2026-06-09 22:45:00,114.946,114.949,114.934,114.937,46,38,0
2026-06-09 23:00:00,114.948,114.968,114.946,114.961,45,17,0
2026-06-09 23:15:00,114.96,114.962,114.93,114.934,63,17,0
2026-06-09 23:30:00,114.931,114.936,114.924,114.924,45,17,0
2026-06-09 23:45:00,114.921,114.944,114.913,114.942,85,17,0
2026-06-10 00:00:00,114.944,114.952,114.903,114.952,216,17,0
2026-06-10 00:15:00,114.951,114.974,114.947,114.966,118,17,0
2026-06-10 00:30:00,114.965,114.969,114.924,114.931,131,17,0
2026-06-10 00:45:00,114.932,114.979,114.927,114.976,232,17,0
2026-06-10 01:00:00,114.979,114.979,114.859,114.922,306,17,0
2026-06-10 01:15:00,114.919,114.948,114.912,114.939,146,17,0
2026-06-10 01:30:00,114.936,114.973,114.93,114.932,141,17,0
2026-06-10 01:45:00,114.933,114.964,114.933,114.954,124,17,0
2026-06-10 02:00:00,114.951,114.961,114.942,114.949,85,17,0
2026-06-10 02:15:00,114.95,114.966,114.948,114.966,98,17,0
2026-06-10 02:30:00,114.968,114.968,114.948,114.953,104,17,0
2026-06-10 02:45:00,114.952,114.965,114.947,114.948,90,17,0
2026-06-10 03:00:00,114.946,114.976,114.946,114.97,81,17,0
2026-06-10 03:15:00,114.971,114.978,114.954,114.954,54,17,0
2026-06-10 03:30:00,114.955,114.965,114.949,114.953,77,17,0
2026-06-10 03:45:00,114.952,114.984,114.952,114.981,73,17,0
2026-06-10 04:00:00,114.979,114.985,114.962,114.963,71,17,0
2026-06-10 04:15:00,114.964,114.968,114.953,114.965,70,17,0
2026-06-10 04:30:00,114.963,114.966,114.945,114.952,114,17,0
2026-06-10 04:45:00,114.953,114.973,114.948,114.973,61,17,0
2026-06-10 05:00:00,114.972,114.982,114.966,114.969,74,17,0
2026-06-10 05:15:00,114.967,114.983,114.956,114.983,73,17,0
2026-06-10 05:30:00,114.981,115.016,114.973,114.998,129,17,0
2026-06-10 05:45:00,115.0,115.002,114.983,115.002,95,17,0
2026-06-10 06:00:00,114.999,115.032,114.986,115.002,176,17,0
2026-06-10 06:15:00,115.0,115.03,114.995,115.014,190,17,0
2026-06-10 06:30:00,115.013,115.05,115.009,115.043,137,17,0
2026-06-10 06:45:00,115.046,115.06,115.024,115.031,126,17,0
2026-06-10 07:00:00,115.028,115.052,115.011,115.045,174,17,0
2026-06-10 07:15:00,115.044,115.068,115.034,115.062,133,17,0
2026-06-10 07:30:00,115.06,115.089,115.06,115.084,135,17,0
2026-06-10 07:45:00,115.082,115.106,115.073,115.077,139,17,0
2026-06-10 08:00:00,115.074,115.108,115.061,115.108,174,17,0
2026-06-10 08:15:00,115.107,115.145,115.093,115.142,187,17,0
2026-06-10 08:30:00,115.144,115.147,115.104,115.119,128,17,0
2026-06-10 08:45:00,115.117,115.142,115.097,115.141,163,17,0
2026-06-10 09:00:00,115.139,115.147,115.122,115.122,144,17,0
2026-06-10 09:15:00,115.124,115.152,115.12,115.149,114,17,0
2026-06-10 09:30:00,115.15,115.208,115.145,115.207,166,17,0
2026-06-10 09:45:00,115.208,115.223,115.197,115.201,121,17,0
2026-06-10 10:00:00,115.202,115.213,115.184,115.192,120,17,0
2026-06-10 10:15:00,115.195,115.221,115.187,115.215,101,17,0
2026-06-10 10:30:00,115.213,115.23,115.208,115.216,118,17,0
2026-06-10 10:45:00,115.215,115.22,115.186,115.186,77,17,0
2026-06-10 11:00:00,115.184,115.249,115.158,115.22,358,17,0
2026-06-10 11:15:00,115.222,115.23,115.194,115.212,187,17,0
2026-06-10 11:30:00,115.214,115.225,115.199,115.22,167,17,0
2026-06-10 11:45:00,115.222,115.234,115.169,115.183,180,17,0
2026-06-10 12:00:00,115.185,115.223,115.159,115.167,262,17,0
2026-06-10 12:15:00,115.165,115.204,115.116,115.161,355,17,0
2026-06-10 12:30:00,115.164,115.203,115.123,115.177,616,17,0
2026-06-10 12:45:00,115.179,115.179,115.108,115.118,331,17,0
2026-06-10 13:00:00,115.114,115.191,115.099,115.191,288,17,0
2026-06-10 13:15:00,115.19,115.248,115.16,115.248,259,17,0
2026-06-10 13:30:00,115.245,115.337,115.229,115.287,462,17,0
2026-06-10 13:45:00,115.29,115.357,115.245,115.25,487,17,0
2026-06-10 14:00:00,115.247,115.285,115.232,115.232,370,17,0
2026-06-10 14:15:00,115.23,115.232,115.182,115.206,357,17,0
2026-06-10 14:30:00,115.204,115.24,115.172,115.22,340,17,0
2026-06-10 14:45:00,115.218,115.265,115.166,115.22,436,17,0
2026-06-10 15:00:00,115.217,115.256,115.167,115.184,361,17,0
2026-06-10 15:15:00,115.182,115.236,115.154,115.186,294,17,0
2026-06-10 15:30:00,115.184,115.205,115.166,115.187,276,17,0
2026-06-10 15:45:00,115.184,115.211,115.16,115.202,516,17,0
2026-06-10 16:00:00,115.204,115.213,115.17,115.193,269,17,0
2026-06-10 16:15:00,115.195,115.22,115.174,115.217,210,17,0
2026-06-10 16:30:00,115.216,115.243,115.194,115.219,201,17,0
2026-06-10 16:45:00,115.217,115.224,115.185,115.195,178,17,0
2026-06-10 17:00:00,115.191,115.205,115.163,115.192,170,17,0
2026-06-10 17:15:00,115.193,115.202,115.181,115.183,172,17,0
2026-06-10 17:30:00,115.185,115.198,115.175,115.193,157,17,0
2026-06-10 17:45:00,115.194,115.228,115.19,115.218,177,17,0
2026-06-10 18:00:00,115.216,115.238,115.191,115.196,147,17,0
2026-06-10 18:15:00,115.194,115.196,115.172,115.177,138,17,0
2026-06-10 18:30:00,115.178,115.178,115.146,115.146,144,17,0
2026-06-10 18:45:00,115.147,115.177,115.136,115.158,164,17,0
2026-06-10 19:00:00,115.156,115.166,115.148,115.152,137,17,0
2026-06-10 19:15:00,115.151,115.162,115.146,115.148,69,17,0
2026-06-10 19:30:00,115.147,115.154,115.13,115.135,132,17,0
2026-06-10 19:45:00,115.136,115.137,115.116,115.116,131,17,0
2026-06-10 20:00:00,115.115,115.121,115.082,115.092,118,17,0
2026-06-10 20:15:00,115.093,115.147,115.09,115.139,100,17,0
2026-06-10 20:30:00,115.137,115.149,115.114,115.141,88,17,0
2026-06-10 20:45:00,115.138,115.141,115.035,115.046,73,17,0
2026-06-10 21:00:00,114.965,115.025,114.965,115.021,5,140,0
2026-06-10 21:15:00,115.023,115.069,115.008,115.065,43,90,0
2026-06-10 21:30:00,115.066,115.093,115.047,115.093,57,84,0
2026-06-10 21:45:00,115.095,115.095,115.073,115.087,52,67,0
2026-06-10 22:00:00,115.09,115.107,115.073,115.084,100,49,0
2026-06-10 22:15:00,115.083,115.109,115.074,115.109,69,42,0
2026-06-10 22:30:00,115.106,115.128,115.097,115.121,97,38,0
2026-06-10 22:45:00,115.122,115.126,115.111,115.119,92,38,0
2026-06-10 23:00:00,115.129,115.131,115.099,115.099,121,17,0
2026-06-10 23:15:00,115.102,115.126,115.074,115.114,214,17,0
2026-06-10 23:30:00,115.113,115.122,115.102,115.122,91,17,0
2026-06-10 23:45:00,115.121,115.121,115.097,115.105,113,17,0
2026-06-11 00:00:00,115.102,115.135,115.093,115.123,172,17,0
2026-06-11 00:15:00,115.122,115.159,115.121,115.151,133,17,0
2026-06-11 00:30:00,115.155,115.157,115.139,115.143,81,17,0
2026-06-11 00:45:00,115.141,115.157,115.137,115.15,130,17,0
2026-06-11 01:00:00,115.149,115.193,115.149,115.186,138,17,0
2026-06-11 01:15:00,115.187,115.187,115.156,115.166,117,17,0
2026-06-11 01:30:00,115.165,115.166,115.148,115.157,58,17,0
2026-06-11 01:45:00,115.158,115.193,115.153,115.191,80,17,0
2026-06-11 02:00:00,115.189,115.196,115.166,115.175,83,17,0
2026-06-11 02:15:00,115.176,115.179,115.16,115.17,67,17,0
2026-06-11 02:30:00,115.168,115.179,115.157,115.174,84,17,0
2026-06-11 02:45:00,115.176,115.188,115.162,115.163,75,17,0
2026-06-11 03:00:00,115.164,115.173,115.161,115.166,60,17,0
2026-06-11 03:15:00,115.165,115.175,115.157,115.175,57,17,0
2026-06-11 03:30:00,115.173,115.192,115.164,115.189,65,17,0
2026-06-11 03:45:00,115.191,115.192,115.161,115.161,58,17,0
2026-06-11 04:00:00,115.16,115.177,115.157,115.174,69,17,0
2026-06-11 04:15:00,115.173,115.174,115.153,115.157,54,17,0
2026-06-11 04:30:00,115.158,115.168,115.154,115.163,60,17,0
2026-06-11 04:45:00,115.165,115.174,115.15,115.159,43,17,0
2026-06-11 05:00:00,115.16,115.18,115.154,115.177,60,17,0
2026-06-11 05:15:00,115.179,115.182,115.163,115.174,56,17,0
2026-06-11 05:30:00,115.173,115.177,115.159,115.16,68,17,0
2026-06-11 05:45:00,115.157,115.169,115.148,115.154,107,17,0
2026-06-11 06:00:00,115.151,115.152,115.108,115.114,134,17,0
2026-06-11 06:15:00,115.112,115.131,115.11,115.111,126,17,0
2026-06-11 06:30:00,115.11,115.119,115.096,115.112,145,17,0
2026-06-11 06:45:00,115.11,115.111,115.05,115.057,152,17,0
2026-06-11 07:00:00,115.056,115.056,114.999,115.004,203,17,0
2026-06-11 07:15:00,115.001,115.023,114.991,114.999,198,17,0
2026-06-11 07:30:00,114.998,115.006,114.976,114.978,166,17,0
2026-06-11 07:45:00,114.975,114.975,114.95,114.962,129,17,0
2026-06-11 08:00:00,114.96,114.964,114.927,114.927,143,17,0
2026-06-11 08:15:00,114.929,114.936,114.913,114.922,130,17,0
2026-06-11 08:30:00,114.923,114.93,114.893,114.897,106,17,0
2026-06-11 08:45:00,114.895,114.898,114.864,114.867,115,17,0
2026-06-11 09:00:00,114.866,114.878,114.839,114.857,150,17,0
2026-06-11 09:15:00,114.86,114.893,114.847,114.847,141,17,0
2026-06-11 09:30:00,114.848,114.87,114.847,114.87,122,17,0
2026-06-11 09:45:00,114.867,114.883,114.85,114.853,121,17,0
2026-06-11 10:00:00,114.851,114.864,114.824,114.824,124,17,0
2026-06-11 10:15:00,114.825,114.841,114.817,114.826,103,17,0
2026-06-11 10:30:00,114.827,114.839,114.821,114.827,90,17,0
2026-06-11 10:45:00,114.83,114.843,114.824,114.839,86,17,0
2026-06-11 11:00:00,114.838,114.871,114.826,114.871,167,17,0
2026-06-11 11:15:00,114.873,114.883,114.85,114.862,111,17,0
2026-06-11 11:30:00,114.865,114.873,114.844,114.844,118,17,0
2026-06-11 11:45:00,114.843,114.871,114.831,114.859,125,17,0
2026-06-11 12:00:00,114.857,114.866,114.819,114.83,162,17,0
2026-06-11 12:15:00,114.829,114.852,114.787,114.832,387,17,0
2026-06-11 12:30:00,114.826,114.843,114.799,114.815,360,17,0
2026-06-11 12:45:00,114.817,114.827,114.78,114.792,275,17,0
2026-06-11 13:00:00,114.794,114.805,114.721,114.721,179,17,0
2026-06-11 13:15:00,114.718,114.754,114.707,114.74,244,17,0
2026-06-11 13:30:00,114.738,114.739,114.677,114.688,326,17,0
2026-06-11 13:45:00,114.687,114.693,114.621,114.634,352,17,0
2026-06-11 14:00:00,114.632,114.632,114.55,114.55,289,17,0
2026-06-11 14:15:00,114.552,114.616,114.524,114.611,326,17,0
2026-06-11 14:30:00,114.61,114.628,114.55,114.55,308,17,0
2026-06-11 14:45:00,114.552,114.553,114.462,114.519,401,17,0
2026-06-11 15:00:00,114.517,114.645,114.503,114.645,395,17,0
2026-06-11 15:15:00,114.643,114.659,114.593,114.602,257,17,0
2026-06-11 15:30:00,114.601,114.639,114.584,114.63,223,17,0
2026-06-11 15:45:00,114.631,114.635,114.59,114.617,206,17,0
2026-06-11 16:00:00,114.618,114.632,114.593,114.617,200,17,0
2026-06-11 16:15:00,114.618,114.636,114.603,114.603,166,17,0
2026-06-11 16:30:00,114.601,114.652,114.601,114.621,158,17,0
2026-06-11 16:45:00,114.619,114.629,114.609,114.619,113,17,0
2026-06-11 17:00:00,114.616,114.621,114.571,114.576,157,17,0
2026-06-11 17:15:00,114.573,114.594,114.545,114.564,279,17,0
2026-06-11 17:30:00,114.562,114.634,114.492,114.524,823,17,0
2026-06-11 17:45:00,114.52,114.547,114.492,114.518,513,17,0
2026-06-11 18:00:00,114.521,114.593,114.519,114.528,340,17,0
2026-06-11 18:15:00,114.525,114.525,114.484,114.508,321,17,0
2026-06-11 18:30:00,114.506,114.513,114.467,114.495,199,17,0
2026-06-11 18:45:00,114.493,114.51,114.453,114.508,300,17,0
2026-06-11 19:00:00,114.506,114.525,114.477,114.493,344,17,0
2026-06-11 19:15:00,114.495,114.512,114.472,114.482,272,17,0
2026-06-11 19:30:00,114.481,114.485,114.348,114.465,577,17,0
2026-06-11 19:45:00,114.467,114.485,114.436,114.478,321,17,0
2026-06-11 20:00:00,114.475,114.525,114.468,114.525,185,17,0
2026-06-11 20:15:00,114.524,114.546,114.522,114.528,147,17,0
2026-06-11 20:30:00,114.525,114.534,114.51,114.514,107,17,0
2026-06-11 20:45:00,114.517,114.543,114.51,114.532,126,17,0
2026-06-11 21:00:00,114.528,114.54,114.511,114.54,16,31,0
2026-06-11 21:15:00,114.538,114.558,114.471,114.477,84,46,0
2026-06-11 21:30:00,114.486,114.516,114.475,114.508,77,31,0
2026-06-11 21:45:00,114.506,114.558,114.485,114.506,166,30,0
2026-06-11 22:00:00,114.505,114.543,114.505,114.523,97,38,0
2026-06-11 22:15:00,114.521,114.553,114.515,114.552,104,38,0
2026-06-11 22:30:00,114.557,114.611,114.557,114.592,103,38,0
2026-06-11 22:45:00,114.586,114.596,114.563,114.582,81,38,0
2026-06-11 23:00:00,114.592,114.598,114.57,114.589,112,17,0
2026-06-11 23:15:00,114.588,114.589,114.541,114.545,101,17,0
2026-06-11 23:30:00,114.548,114.573,114.542,114.562,114,17,0
2026-06-11 23:45:00,114.565,114.625,114.565,114.602,154,17,0
2026-06-12 00:00:00,114.603,114.633,114.589,114.591,295,17,0
2026-06-12 00:15:00,114.593,114.619,114.591,114.613,181,17,0
2026-06-12 00:30:00,114.611,114.641,114.611,114.626,167,17,0
2026-06-12 00:45:00,114.623,114.625,114.559,114.591,231,17,0
2026-06-12 01:00:00,114.593,114.598,114.574,114.586,154,17,0
2026-06-12 01:15:00,114.588,114.596,114.56,114.568,112,17,0
2026-06-12 01:30:00,114.571,114.6,114.567,114.598,106,17,0
2026-06-12 01:45:00,114.599,114.64,114.599,114.64,97,17,0
2026-06-12 02:00:00,114.639,114.665,114.635,114.658,100,17,0
2026-06-12 02:15:00,114.659,114.669,114.646,114.667,92,17,0
2026-06-12 02:30:00,114.666,114.678,114.659,114.664,95,17,0
2026-06-12 02:45:00,114.665,114.681,114.653,114.67,69,17,0
2026-06-12 03:00:00,114.673,114.681,114.665,114.671,75,17,0
2026-06-12 03:15:00,114.67,114.685,114.661,114.67,108,17,0
2026-06-12 03:30:00,114.672,114.679,114.652,114.671,120,17,0
2026-06-12 03:45:00,114.672,114.682,114.665,114.672,104,17,0
2026-06-12 04:00:00,114.668,114.683,114.66,114.66,75,17,0
2026-06-12 04:15:00,114.662,114.679,114.658,114.676,74,17,0
2026-06-12 04:30:00,114.678,114.69,114.675,114.69,73,17,0
2026-06-12 04:45:00,114.691,114.692,114.667,114.681,98,17,0
2026-06-12 05:00:00,114.682,114.688,114.656,114.672,127,17,0
2026-06-12 05:15:00,114.674,114.676,114.652,114.658,103,17,0
2026-06-12 05:30:00,114.66,114.666,114.637,114.642,115,17,0
2026-06-12 05:45:00,114.64,114.661,114.634,114.646,116,17,0
2026-06-12 06:00:00,114.649,114.708,114.649,114.697,186,17,0
2026-06-12 06:15:00,114.695,114.695,114.674,114.68,174,17,0
2026-06-12 06:30:00,114.682,114.717,114.653,114.695,217,17,0
2026-06-12 06:45:00,114.697,114.716,114.671,114.706,195,17,0
2026-06-12 07:00:00,114.708,114.726,114.666,114.678,242,17,0
2026-06-12 07:15:00,114.679,114.681,114.611,114.612,197,17,0
2026-06-12 07:30:00,114.61,114.625,114.576,114.605,210,17,0
2026-06-12 07:45:00,114.604,114.607,114.571,114.584,239,17,0
2026-06-12 08:00:00,114.582,114.598,114.548,114.549,288,17,0
2026-06-12 08:15:00,114.55,114.557,114.44,114.529,596,17,0
2026-06-12 08:30:00,114.527,114.539,114.485,114.496,346,17,0
2026-06-12 08:45:00,114.494,114.517,114.481,114.481,236,17,0
2026-06-12 09:00:00,114.479,114.49,114.446,114.446,255,17,0
2026-06-12 09:15:00,114.448,114.489,114.414,114.487,319,17,0
2026-06-12 09:30:00,114.488,114.489,114.424,114.454,241,17,0
2026-06-12 09:45:00,114.451,114.491,114.445,114.476,201,17,0
2026-06-12 10:00:00,114.477,114.491,114.462,114.473,169,17,0
2026-06-12 10:15:00,114.476,114.518,114.472,114.516,264,17,0
2026-06-12 10:30:00,114.515,114.525,114.49,114.517,199,17,0
2026-06-12 10:45:00,114.518,114.526,114.459,114.465,193,17,0
2026-06-12 11:00:00,114.466,114.496,114.454,114.463,193,17,0
2026-06-12 11:15:00,114.462,114.504,114.46,114.488,181,17,0
2026-06-12 11:30:00,114.486,114.519,114.484,114.515,149,17,0
2026-06-12 11:45:00,114.514,114.532,114.496,114.496,194,17,0
2026-06-12 12:00:00,114.495,114.529,114.495,114.524,242,17,0
2026-06-12 12:15:00,114.527,114.528,114.49,114.517,198,17,0
2026-06-12 12:30:00,114.519,114.608,114.519,114.601,226,17,0
2026-06-12 12:45:00,114.598,114.64,114.583,114.603,243,17,0
2026-06-12 13:00:00,114.605,114.657,114.597,114.649,246,17,0
2026-06-12 13:15:00,114.648,114.655,114.604,114.604,230,17,0
2026-06-12 13:30:00,114.601,114.679,114.598,114.613,451,17,0
2026-06-12 13:45:00,114.61,114.669,114.592,114.638,356,17,0
2026-06-12 14:00:00,114.635,114.696,114.627,114.663,387,17,0
2026-06-12 14:15:00,114.665,114.673,114.614,114.652,373,17,0
2026-06-12 14:30:00,114.653,114.708,114.646,114.666,345,17,0
2026-06-12 14:45:00,114.663,114.716,114.627,114.716,493,17,0
2026-06-12 15:00:00,114.713,114.733,114.69,114.703,379,17,0
2026-06-12 15:15:00,114.705,114.749,114.692,114.73,293,17,0
2026-06-12 15:30:00,114.732,114.736,114.661,114.691,297,17,0
2026-06-12 15:45:00,114.689,114.712,114.681,114.694,240,17,0
2026-06-12 16:00:00,114.692,114.72,114.672,114.672,269,17,0
2026-06-12 16:15:00,114.674,114.691,114.646,114.659,203,17,0
2026-06-12 16:30:00,114.661,114.672,114.624,114.628,165,17,0
2026-06-12 16:45:00,114.626,114.683,114.626,114.672,169,17,0
2026-06-12 17:00:00,114.673,114.679,114.638,114.644,172,17,0
2026-06-12 17:15:00,114.645,114.654,114.623,114.631,118,17,0
2026-06-12 17:30:00,114.632,114.636,114.61,114.615,109,17,0
2026-06-12 17:45:00,114.616,114.619,114.594,114.607,97,17,0
2026-06-12 18:00:00,114.605,114.61,114.59,114.609,114,17,0
2026-06-12 18:15:00,114.61,114.62,114.6,114.606,88,17,0
2026-06-12 18:30:00,114.607,114.621,114.603,114.62,79,17,0
2026-06-12 18:45:00,114.621,114.628,114.612,114.623,87,17,0
2026-06-12 19:00:00,114.62,114.634,114.61,114.625,107,17,0
2026-06-12 19:15:00,114.624,114.636,114.619,114.634,71,17,0
2026-06-12 19:30:00,114.638,114.643,114.595,114.597,105,17,0
2026-06-12 19:45:00,114.595,114.613,114.556,114.581,182,17,0
2026-06-12 20:00:00,114.579,114.585,114.568,114.573,94,17,0
2026-06-12 20:15:00,114.574,114.586,114.564,114.564,42,17,0
2026-06-12 20:30:00,114.561,114.569,114.539,114.539,79,17,0
2026-06-12 20:45:00,114.542,114.544,114.498,114.518,120,17,0
2026-06-14 21:00:00,114.438,114.444,114.409,114.444,28,61,0
2026-06-14 21:15:00,114.443,114.446,114.315,114.334,142,65,0
2026-06-14 21:30:00,114.335,114.341,114.189,114.288,278,39,0
2026-06-14 21:45:00,114.289,114.407,114.274,114.395,248,32,0
2026-06-14 22:00:00,114.379,114.49,114.346,114.488,264,47,0
2026-06-14 22:15:00,114.486,114.53,114.47,114.515,182,44,0
2026-06-14 22:30:00,114.508,114.552,114.508,114.522,171,43,0
2026-06-14 22:45:00,114.523,114.556,114.516,114.549,111,41,0
2026-06-14 23:00:00,114.563,114.563,114.516,114.552,110,17,0
2026-06-14 23:15:00,114.55,114.55,114.524,114.527,66,17,0
2026-06-14 23:30:00,114.526,114.549,114.521,114.547,90,17,0
2026-06-14 23:45:00,114.545,114.566,114.534,114.547,136,17,0
2026-06-15 00:00:00,114.545,114.571,114.533,114.559,192,17,0
2026-06-15 00:15:00,114.561,114.577,114.531,114.55,171,17,0
2026-06-15 00:30:00,114.549,114.585,114.548,114.561,150,17,0
2026-06-15 00:45:00,114.56,114.634,114.553,114.603,250,17,0
2026-06-15 01:00:00,114.601,114.603,114.569,114.583,167,17,0
2026-06-15 01:15:00,114.584,114.666,114.579,114.625,164,17,0
2026-06-15 01:30:00,114.627,114.631,114.603,114.624,128,17,0
2026-06-15 01:45:00,114.626,114.659,114.626,114.651,112,17,0
2026-06-15 02:00:00,114.65,114.657,114.637,114.64,95,17,0
2026-06-15 02:15:00,114.639,114.646,114.615,114.63,121,17,0
2026-06-15 02:30:00,114.627,114.636,114.609,114.623,99,17,0
2026-06-15 02:45:00,114.621,114.639,114.609,114.636,74,17,0
2026-06-15 03:00:00,114.638,114.639,114.607,114.609,85,17,0
2026-06-15 03:15:00,114.611,114.619,114.587,114.591,75,17,0
2026-06-15 03:30:00,114.593,114.617,114.591,114.616,84,17,0
2026-06-15 03:45:00,114.615,114.621,114.594,114.596,69,17,0
2026-06-15 04:00:00,114.595,114.627,114.591,114.617,68,17,0
2026-06-15 04:15:00,114.615,114.637,114.598,114.637,77,17,0
2026-06-15 04:30:00,114.64,114.646,114.595,114.596,87,17,0
2026-06-15 04:45:00,114.595,114.639,114.593,114.637,93,17,0
2026-06-15 05:00:00,114.638,114.676,114.638,114.667,148,17,0
2026-06-15 05:15:00,114.669,114.699,114.669,114.691,111,17,0
2026-06-15 05:30:00,114.693,114.693,114.651,114.655,100,17,0
2026-06-15 05:45:00,114.653,114.668,114.649,114.664,101,17,0
2026-06-15 06:00:00,114.661,114.667,114.561,114.593,226,17,0
2026-06-15 06:15:00,114.595,114.631,114.586,114.614,197,17,0
2026-06-15 06:30:00,114.613,114.613,114.57,114.584,201,17,0
2026-06-15 06:45:00,114.585,114.603,114.585,114.603,144,17,0
2026-06-15 07:00:00,114.606,114.607,114.536,114.554,233,17,0
2026-06-15 07:15:00,114.552,114.552,114.518,114.523,194,17,0
2026-06-15 07:30:00,114.525,114.55,114.517,114.525,186,17,0
2026-06-15 07:45:00,114.529,114.552,114.514,114.546,186,17,0
2026-06-15 08:00:00,114.548,114.592,114.539,114.592,184,17,0
2026-06-15 08:15:00,114.591,114.609,114.577,114.591,146,17,0
2026-06-15 08:30:00,114.587,114.618,114.575,114.579,174,17,0
2026-06-15 08:45:00,114.581,114.601,114.571,114.59,126,17,0
2026-06-15 09:00:00,114.592,114.621,114.582,114.614,138,17,0
2026-06-15 09:15:00,114.612,114.612,114.585,114.598,122,17,0
2026-06-15 09:30:00,114.601,114.628,114.596,114.624,106,17,0
2026-06-15 09:45:00,114.622,114.623,114.592,114.593,103,17,0
2026-06-15 10:00:00,114.592,114.61,114.58,114.596,103,17,0
2026-06-15 10:15:00,114.599,114.619,114.599,114.603,91,17,0
2026-06-15 10:30:00,114.604,114.622,114.602,114.62,111,17,0
2026-06-15 10:45:00,114.621,114.633,114.607,114.615,102,17,0
2026-06-15 11:00:00,114.613,114.629,114.605,114.616,115,17,0
2026-06-15 11:15:00,114.617,114.617,114.565,114.579,160,17,0
2026-06-15 11:30:00,114.577,114.599,114.574,114.592,146,17,0
2026-06-15 11:45:00,114.594,114.595,114.557,114.557,169,17,0
2026-06-15 12:00:00,114.554,114.573,114.539,114.572,180,17,0
2026-06-15 12:15:00,114.573,114.588,114.559,114.568,150,17,0
2026-06-15 12:30:00,114.572,114.593,114.556,114.585,120,17,0
2026-06-15 12:45:00,114.587,114.611,114.587,114.601,163,17,0
2026-06-15 13:00:00,114.603,114.603,114.564,114.589,141,17,0
2026-06-15 13:15:00,114.59,114.59,114.539,114.539,148,17,0
2026-06-15 13:30:00,114.537,114.539,114.485,114.511,228,17,0
2026-06-15 13:45:00,114.512,114.524,114.479,114.51,220,17,0
2026-06-15 14:00:00,114.508,114.525,114.48,114.493,234,17,0
2026-06-15 14:15:00,114.492,114.496,114.427,114.434,233,17,0
2026-06-15 14:30:00,114.432,114.448,114.408,114.414,233,17,0
2026-06-15 14:45:00,114.415,114.596,114.415,114.593,405,17,0
2026-06-15 15:00:00,114.596,114.615,114.562,114.599,265,17,0
2026-06-15 15:15:00,114.597,114.6,114.549,114.566,202,17,0
2026-06-15 15:30:00,114.565,114.569,114.534,114.541,181,17,0
2026-06-15 15:45:00,114.538,114.562,114.511,114.556,186,17,0
2026-06-15 16:00:00,114.553,114.563,114.518,114.528,136,17,0
2026-06-15 16:15:00,114.526,114.544,114.517,114.538,129,17,0
2026-06-15 16:30:00,114.539,114.573,114.536,114.572,114,17,0
2026-06-15 16:45:00,114.573,114.599,114.569,114.589,126,17,0
2026-06-15 17:00:00,114.588,114.611,114.582,114.593,114,17,0
2026-06-15 17:15:00,114.595,114.625,114.583,114.625,99,17,0
2026-06-15 17:30:00,114.628,114.63,114.591,114.598,94,17,0
2026-06-15 17:45:00,114.602,114.626,114.589,114.621,88,17,0
2026-06-15 18:00:00,114.622,114.624,114.607,114.618,113,17,0
2026-06-15 18:15:00,114.62,114.633,114.61,114.621,92,17,0
2026-06-15 18:30:00,114.619,114.619,114.583,114.592,118,17,0
2026-06-15 18:45:00,114.595,114.628,114.584,114.61,146,17,0
2026-06-15 19:00:00,114.612,114.625,114.594,114.594,129,17,0
2026-06-15 19:15:00,114.595,114.628,114.594,114.624,101,17,0
2026-06-15 19:30:00,114.623,114.643,114.605,114.626,123,17,0
2026-06-15 19:45:00,114.629,114.634,114.604,114.617,177,17,0
2026-06-15 20:00:00,114.615,114.626,114.6,114.603,158,17,0
2026-06-15 20:15:00,114.605,114.62,114.601,114.617,53,17,0
2026-06-15 20:30:00,114.618,114.631,114.613,114.619,73,17,0
2026-06-15 20:45:00,114.618,114.625,114.6,114.6,86,17,0
2026-06-15 21:00:00,114.595,114.61,114.581,114.61,11,33,0
2026-06-15 21:15:00,114.609,114.611,114.589,114.601,48,29,0
2026-06-15 21:30:00,114.603,114.624,114.579,114.587,65,28,0
2026-06-15 21:45:00,114.583,114.621,114.577,114.61,90,26,0
2026-06-15 22:00:00,114.611,114.628,114.564,114.564,71,38,0
2026-06-15 22:15:00,114.566,114.573,114.55,114.556,41,38,0
2026-06-15 22:30:00,114.557,114.564,114.548,114.564,24,38,0
2026-06-15 22:45:00,114.565,114.574,114.556,114.56,34,38,0
2026-06-15 23:00:00,114.57,114.572,114.546,114.555,40,17,0
2026-06-15 23:15:00,114.556,114.557,114.544,114.544,31,17,0
2026-06-15 23:30:00,114.543,114.555,114.54,114.555,22,17,0
2026-06-15 23:45:00,114.553,114.553,114.505,114.516,63,17,0
2026-06-16 00:00:00,114.518,114.539,114.512,114.516,87,17,0
2026-06-16 00:15:00,114.515,114.522,114.492,114.493,97,17,0
2026-06-16 00:30:00,114.492,114.493,114.447,114.468,109,17,0
2026-06-16 00:45:00,114.467,114.515,114.463,114.493,276,17,0
2026-06-16 01:00:00,114.491,114.499,114.423,114.441,228,17,0
2026-06-16 01:15:00,114.444,114.444,114.417,114.435,125,17,0
2026-06-16 01:30:00,114.437,114.442,114.424,114.425,120,17,0
2026-06-16 01:45:00,114.424,114.451,114.424,114.435,97,17,0
2026-06-16 02:00:00,114.436,114.441,114.418,114.434,94,17,0
2026-06-16 02:15:00,114.431,114.435,114.409,114.413,65,17,0
2026-06-16 02:30:00,114.411,114.434,114.392,114.419,92,17,0
2026-06-16 02:45:00,114.42,114.426,114.393,114.42,111,17,0
2026-06-16 03:00:00,114.418,114.421,114.344,114.366,192,17,0
2026-06-16 03:15:00,114.365,114.463,114.344,114.457,326,17,0
2026-06-16 03:30:00,114.461,114.469,114.447,114.464,120,17,0
2026-06-16 03:45:00,114.466,114.47,114.441,114.442,99,17,0
2026-06-16 04:00:00,114.44,114.446,114.417,114.443,143,17,0
2026-06-16 04:15:00,114.444,114.446,114.386,114.399,175,17,0
2026-06-16 04:30:00,114.396,114.424,114.388,114.388,128,17,0
2026-06-16 04:45:00,114.39,114.395,114.337,114.37,166,17,0
2026-06-16 05:00:00,114.371,114.423,114.371,114.395,130,17,0
2026-06-16 05:15:00,114.394,114.394,114.359,114.364,82,17,0
2026-06-16 05:30:00,114.363,114.377,114.35,114.362,129,17,0
2026-06-16 05:45:00,114.363,114.386,114.354,114.368,111,17,0
2026-06-16 06:00:00,114.369,114.369,114.33,114.346,158,17,0
2026-06-16 06:15:00,114.344,114.348,114.315,114.324,132,17,0
2026-06-16 06:30:00,114.323,114.36,114.287,114.335,350,17,0
2026-06-16 06:45:00,114.337,114.376,114.327,114.358,209,17,0
2026-06-16 07:00:00,114.354,114.458,114.337,114.442,302,17,0
2026-06-16 07:15:00,114.441,114.456,114.41,114.433,211,17,0
2026-06-16 07:30:00,114.436,114.476,114.434,114.469,226,17,0
2026-06-16 07:45:00,114.47,114.489,114.409,114.413,214,17,0
2026-06-16 08:00:00,114.415,114.428,114.36,114.382,245,17,0
2026-06-16 08:15:00,114.381,114.43,114.381,114.413,158,17,0
2026-06-16 08:30:00,114.411,114.469,114.399,114.463,166,17,0
2026-06-16 08:45:00,114.464,114.494,114.463,114.485,130,17,0
2026-06-16 09:00:00,114.483,114.507,114.483,114.49,140,17,0
2026-06-16 09:15:00,114.493,114.496,114.468,114.476,115,17,0
2026-06-16 09:30:00,114.475,114.496,114.474,114.48,114,17,0
2026-06-16 09:45:00,114.482,114.51,114.482,114.492,129,17,0
2026-06-16 10:00:00,114.493,114.538,114.493,114.531,161,17,0
2026-06-16 10:15:00,114.532,114.545,114.528,114.528,113,17,0
2026-06-16 10:30:00,114.527,114.546,114.517,114.537,107,17,0
2026-06-16 10:45:00,114.535,114.556,114.519,114.532,147,17,0
2026-06-16 11:00:00,114.53,114.538,114.518,114.525,156,17,0
2026-06-16 11:15:00,114.528,114.535,114.491,114.508,137,17,0
2026-06-16 11:30:00,114.506,114.523,114.49,114.491,123,17,0
2026-06-16 11:45:00,114.493,114.493,114.461,114.481,107,17,0
2026-06-16 12:00:00,114.478,114.483,114.422,114.443,190,17,0
2026-06-16 12:15:00,114.445,114.449,114.402,114.414,153,17,0
2026-06-16 12:30:00,114.412,114.427,114.397,114.427,158,17,0
2026-06-16 12:45:00,114.425,114.43,114.402,114.413,173,17,0
2026-06-16 13:00:00,114.41,114.439,114.399,114.433,209,17,0
2026-06-16 13:15:00,114.435,114.475,114.434,114.447,178,17,0
2026-06-16 13:30:00,114.451,114.542,114.45,114.542,293,17,0
2026-06-16 13:45:00,114.543,114.566,114.53,114.541,204,17,0
2026-06-16 14:00:00,114.538,114.618,114.534,114.614,228,17,0
2026-06-16 14:15:00,114.612,114.625,114.583,114.588,238,17,0
2026-06-16 14:30:00,114.589,114.611,114.564,114.595,246,17,0
2026-06-16 14:45:00,114.596,114.692,114.582,114.683,335,17,0
2026-06-16 15:00:00,114.685,114.69,114.633,114.688,299,17,0
2026-06-16 15:15:00,114.69,114.704,114.675,114.692,158,17,0
2026-06-16 15:30:00,114.69,114.702,114.673,114.693,208,17,0
2026-06-16 15:45:00,114.695,114.705,114.653,114.702,272,17,0
2026-06-16 16:00:00,114.701,114.707,114.671,114.682,183,17,0
2026-06-16 16:15:00,114.68,114.7,114.667,114.694,174,17,0
2026-06-16 16:30:00,114.693,114.708,114.684,114.69,157,17,0
2026-06-16 16:45:00,114.688,114.702,114.664,114.683,131,17,0
2026-06-16 17:00:00,114.682,114.707,114.679,114.704,95,17,0
2026-06-16 17:15:00,114.705,114.707,114.665,114.665,115,17,0
2026-06-16 17:30:00,114.663,114.664,114.632,114.639,128,17,0
2026-06-16 17:45:00,114.638,114.646,114.63,114.638,90,17,0
2026-06-16 18:00:00,114.636,114.647,114.631,114.642,82,17,0
2026-06-16 18:15:00,114.64,114.664,114.63,114.663,89,17,0
2026-06-16 18:30:00,114.662,114.669,114.657,114.66,54,17,0
2026-06-16 18:45:00,114.661,114.672,114.65,114.652,83,17,0
2026-06-16 19:00:00,114.653,114.657,114.637,114.645,84,17,0
2026-06-16 19:15:00,114.643,114.667,114.639,114.652,83,17,0
2026-06-16 19:30:00,114.648,114.648,114.629,114.637,95,17,0
2026-06-16 19:45:00,114.639,114.646,114.62,114.623,104,17,0
2026-06-16 20:00:00,114.621,114.644,114.61,114.644,68,17,0
2026-06-16 20:15:00,114.645,114.667,114.645,114.66,43,17,0
2026-06-16 20:30:00,114.658,114.659,114.602,114.615,74,17,0
2026-06-16 20:45:00,114.614,114.658,114.614,114.647,87,17,0
2026-06-16 21:00:00,114.644,114.644,114.613,114.625,5,29,0
2026-06-16 21:15:00,114.587,114.612,114.575,114.592,97,48,0
2026-06-16 21:30:00,114.576,114.649,114.539,114.649,170,36,0
2026-06-16 21:45:00,114.651,114.666,114.624,114.634,113,30,0
2026-06-16 22:00:00,114.638,114.659,114.63,114.659,84,38,0
2026-06-16 22:15:00,114.657,114.659,114.644,114.644,24,38,0
2026-06-16 22:30:00,114.645,114.651,114.645,114.649,14,38,0
2026-06-16 22:45:00,114.65,114.658,114.632,114.632,36,38,0
2026-06-16 23:00:00,114.642,114.658,114.637,114.646,38,17,0
2026-06-16 23:15:00,114.643,114.653,114.639,114.641,36,17,0
2026-06-16 23:30:00,114.642,114.65,114.631,114.643,36,17,0
2026-06-16 23:45:00,114.646,114.646,114.623,114.63,56,17,0
2026-06-17 00:00:00,114.626,114.631,114.608,114.625,130,17,0
2026-06-17 00:15:00,114.627,114.645,114.596,114.642,83,17,0
2026-06-17 00:30:00,114.641,114.641,114.613,114.623,83,17,0
2026-06-17 00:45:00,114.624,114.642,114.604,114.604,137,17,0
2026-06-17 01:00:00,114.602,114.613,114.571,114.576,115,17,0
2026-06-17 01:15:00,114.574,114.589,114.552,114.558,94,17,0
2026-06-17 01:30:00,114.557,114.568,114.539,114.565,68,17,0
2026-06-17 01:45:00,114.562,114.571,114.553,114.569,52,17,0
2026-06-17 02:00:00,114.568,114.574,114.562,114.568,39,17,0
2026-06-17 02:15:00,114.565,114.566,114.55,114.558,57,17,0
2026-06-17 02:30:00,114.557,114.557,114.547,114.549,37,17,0
2026-06-17 02:45:00,114.551,114.554,114.532,114.534,63,17,0
2026-06-17 03:00:00,114.532,114.552,114.525,114.539,68,17,0
2026-06-17 03:15:00,114.54,114.544,114.525,114.529,49,17,0
2026-06-17 03:30:00,114.531,114.544,114.527,114.527,49,17,0
2026-06-17 03:45:00,114.524,114.526,114.51,114.51,49,17,0
2026-06-17 04:00:00,114.512,114.517,114.496,114.501,52,17,0
2026-06-17 04:15:00,114.5,114.513,114.5,114.505,38,17,0
2026-06-17 04:30:00,114.507,114.514,114.495,114.495,38,17,0
2026-06-17 04:45:00,114.496,114.512,114.494,114.505,65,17,0
2026-06-17 05:00:00,114.506,114.523,114.506,114.507,45,17,0
2026-06-17 05:15:00,114.51,114.526,114.507,114.51,48,17,0
2026-06-17 05:30:00,114.508,114.521,114.506,114.52,49,17,0
2026-06-17 05:45:00,114.522,114.543,114.521,114.534,54,17,0
2026-06-17 06:00:00,114.531,114.533,114.503,114.503,128,17,0
2026-06-17 06:15:00,114.506,114.517,114.471,114.474,134,17,0
2026-06-17 06:30:00,114.471,114.478,114.44,114.47,130,17,0
2026-06-17 06:45:00,114.471,114.474,114.416,114.426,139,17,0
2026-06-17 07:00:00,114.427,114.452,114.423,114.45,135,17,0
2026-06-17 07:15:00,114.448,114.48,114.445,114.47,141,17,0
2026-06-17 07:30:00,114.472,114.487,114.456,114.456,152,17,0
2026-06-17 07:45:00,114.454,114.472,114.446,114.453,146,17,0
2026-06-17 08:00:00,114.451,114.452,114.393,114.423,197,17,0
2026-06-17 08:15:00,114.42,114.464,114.416,114.437,182,17,0
2026-06-17 08:30:00,114.439,114.451,114.384,114.384,182,17,0
2026-06-17 08:45:00,114.386,114.459,114.386,114.449,145,17,0
2026-06-17 09:00:00,114.447,114.465,114.44,114.444,86,17,0
2026-06-17 09:15:00,114.446,114.459,114.432,114.459,115,17,0
2026-06-17 09:30:00,114.46,114.46,114.442,114.444,79,17,0
2026-06-17 09:45:00,114.442,114.442,114.412,114.412,88,17,0
2026-06-17 10:00:00,114.414,114.426,114.404,114.416,103,17,0
2026-06-17 10:15:00,114.413,114.414,114.37,114.38,111,17,0
2026-06-17 10:30:00,114.379,114.386,114.369,114.369,100,17,0
2026-06-17 10:45:00,114.371,114.382,114.365,114.382,106,17,0
2026-06-17 11:00:00,114.383,114.391,114.36,114.388,105,17,0
2026-06-17 11:15:00,114.387,114.395,114.369,114.373,82,17,0
2026-06-17 11:30:00,114.374,114.414,114.37,114.409,119,17,0
2026-06-17 11:45:00,114.407,114.434,114.383,114.431,148,17,0
2026-06-17 12:00:00,114.433,114.448,114.421,114.445,149,17,0
2026-06-17 12:15:00,114.447,114.46,114.433,114.451,152,17,0
2026-06-17 12:30:00,114.445,114.46,114.389,114.399,178,17,0
2026-06-17 12:45:00,114.398,114.404,114.354,114.375,153,17,0
2026-06-17 13:00:00,114.372,114.436,114.372,114.422,186,17,0
2026-06-17 13:15:00,114.423,114.448,114.394,114.421,214,17,0
2026-06-17 13:30:00,114.419,114.436,114.365,114.387,229,17,0
2026-06-17 13:45:00,114.388,114.398,114.278,114.294,283,17,0
2026-06-17 14:00:00,114.296,114.374,114.289,114.365,254,17,0
2026-06-17 14:15:00,114.363,114.38,114.35,114.365,210,17,0
2026-06-17 14:30:00,114.364,114.394,114.364,114.393,224,17,0
2026-06-17 14:45:00,114.395,114.403,114.343,114.357,347,17,0
2026-06-17 15:00:00,114.359,114.366,114.291,114.296,235,17,0
2026-06-17 15:15:00,114.299,114.31,114.201,114.23,195,17,0
2026-06-17 15:30:00,114.232,114.259,114.211,114.25,192,17,0
2026-06-17 15:45:00,114.247,114.247,114.175,114.208,198,17,0
2026-06-17 16:00:00,114.206,114.208,114.16,114.167,149,17,0
2026-06-17 16:15:00,114.168,114.181,114.155,114.155,96,17,0
2026-06-17 16:30:00,114.154,114.181,114.154,114.181,106,17,0
2026-06-17 16:45:00,114.18,114.198,114.177,114.186,94,17,0
2026-06-17 17:00:00,114.184,114.215,114.179,114.211,114,17,0
2026-06-17 17:15:00,114.209,114.225,114.196,114.196,102,17,0
2026-06-17 17:30:00,114.194,114.211,114.193,114.206,108,17,0
2026-06-17 17:45:00,114.205,114.211,114.181,114.191,141,17,0
2026-06-17 18:00:00,114.188,114.247,114.114,114.126,758,17,0
2026-06-17 18:15:00,114.129,114.166,114.117,114.142,380,17,0
2026-06-17 18:30:00,114.14,114.166,114.064,114.122,894,17,0
2026-06-17 18:45:00,114.125,114.157,114.061,114.07,575,17,0
2026-06-17 19:00:00,114.068,114.084,114.005,114.02,546,17,0
2026-06-17 19:15:00,114.018,114.021,113.943,113.948,448,17,0
2026-06-17 19:30:00,113.951,113.989,113.853,113.861,588,17,0
2026-06-17 19:45:00,113.864,113.885,113.834,113.86,507,17,0
2026-06-17 20:00:00,113.863,113.917,113.863,113.897,261,17,0
2026-06-17 20:15:00,113.898,114.0,113.88,113.993,295,17,0
2026-06-17 20:30:00,113.99,113.995,113.947,113.955,198,17,0
2026-06-17 20:45:00,113.957,113.973,113.827,113.848,151,17,0
2026-06-17 21:00:00,113.847,113.847,113.831,113.831,14,140,0
2026-06-17 21:15:00,113.828,113.932,113.828,113.883,54,29,0
2026-06-17 21:30:00,113.88,113.894,113.872,113.883,72,30,0
2026-06-17 21:45:00,113.881,113.883,113.773,113.853,136,26,0
2026-06-17 22:00:00,113.858,113.934,113.856,113.917,146,38,0
2026-06-17 22:15:00,113.916,113.936,113.915,113.917,61,38,0
2026-06-17 22:30:00,113.918,113.929,113.904,113.907,48,38,0
2026-06-17 22:45:00,113.914,113.915,113.898,113.902,47,38,0
2026-06-17 23:00:00,113.912,113.919,113.878,113.878,65,17,0
2026-06-17 23:15:00,113.877,113.891,113.87,113.877,83,17,0
2026-06-17 23:30:00,113.88,113.891,113.861,113.874,96,17,0
2026-06-17 23:45:00,113.876,113.894,113.862,113.882,104,17,0
2026-06-18 00:00:00,113.88,113.919,113.865,113.908,265,17,0
2026-06-18 00:15:00,113.912,113.931,113.895,113.903,147,17,0
2026-06-18 00:30:00,113.901,113.947,113.901,113.94,116,17,0
2026-06-18 00:45:00,113.942,114.026,113.942,113.985,240,17,0
2026-06-18 01:00:00,113.982,113.99,113.959,113.966,163,17,0
2026-06-18 01:15:00,113.969,113.972,113.947,113.958,119,17,0
2026-06-18 01:30:00,113.955,113.971,113.926,113.926,107,17,0
2026-06-18 01:45:00,113.925,113.925,113.881,113.889,100,17,0
2026-06-18 02:00:00,113.89,113.901,113.849,113.849,104,17,0
2026-06-18 02:15:00,113.847,113.872,113.842,113.869,90,17,0
2026-06-18 02:30:00,113.872,113.9,113.872,113.888,111,17,0
2026-06-18 02:45:00,113.89,113.906,113.861,113.866,111,17,0
2026-06-18 03:00:00,113.863,113.905,113.859,113.901,95,17,0
2026-06-18 03:15:00,113.9,113.9,113.879,113.89,88,17,0
2026-06-18 03:30:00,113.889,113.903,113.887,113.892,80,17,0
2026-06-18 03:45:00,113.894,113.894,113.875,113.881,60,17,0
2026-06-18 04:00:00,113.879,113.898,113.87,113.876,70,17,0
2026-06-18 04:15:00,113.877,113.894,113.877,113.888,62,17,0
2026-06-18 04:30:00,113.886,113.896,113.874,113.875,73,17,0
2026-06-18 04:45:00,113.876,113.888,113.872,113.874,80,17,0
2026-06-18 05:00:00,113.876,113.885,113.865,113.87,89,17,0
2026-06-18 05:15:00,113.869,113.87,113.835,113.836,74,17,0
2026-06-18 05:30:00,113.835,113.848,113.806,113.83,93,17,0
2026-06-18 05:45:00,113.831,113.842,113.821,113.831,88,17,0
2026-06-18 06:00:00,113.828,113.853,113.801,113.85,219,17,0
2026-06-18 06:15:00,113.849,113.896,113.847,113.896,181,17,0
2026-06-18 06:30:00,113.893,113.91,113.878,113.901,183,17,0
2026-06-18 06:45:00,113.903,113.918,113.88,113.885,170,17,0
2026-06-18 07:00:00,113.883,113.885,113.819,113.834,233,17,0
2026-06-18 07:15:00,113.835,113.864,113.826,113.836,158,17,0
2026-06-18 07:30:00,113.839,113.874,113.825,113.858,228,17,0
2026-06-18 07:45:00,113.86,113.899,113.859,113.862,247,17,0
2026-06-18 08:00:00,113.86,113.874,113.821,113.823,224,17,0
2026-06-18 08:15:00,113.822,113.843,113.815,113.832,196,17,0
2026-06-18 08:30:00,113.831,113.854,113.827,113.831,183,17,0
2026-06-18 08:45:00,113.834,113.843,113.8,113.843,229,17,0
2026-06-18 09:00:00,113.845,113.853,113.656,113.771,877,17,0
2026-06-18 09:15:00,113.769,113.809,113.757,113.776,233,17,0
2026-06-18 09:30:00,113.778,113.82,113.778,113.813,204,17,0
2026-06-18 09:45:00,113.815,113.846,113.812,113.835,179,17,0
2026-06-18 10:00:00,113.832,113.867,113.798,113.865,292,17,0
2026-06-18 10:15:00,113.866,113.903,113.827,113.903,260,17,0
2026-06-18 10:30:00,113.904,113.92,113.889,113.918,176,17,0
2026-06-18 10:45:00,113.92,113.944,113.916,113.927,181,17,0
2026-06-18 11:00:00,113.925,113.96,113.916,113.928,250,17,0
2026-06-18 11:15:00,113.93,113.941,113.872,113.883,260,17,0
2026-06-18 11:30:00,113.88,113.893,113.851,113.866,249,17,0
2026-06-18 11:45:00,113.867,113.894,113.863,113.871,224,17,0
2026-06-18 12:00:00,113.87,113.935,113.866,113.935,257,17,0
2026-06-18 12:15:00,113.932,113.998,113.925,113.993,341,17,0
2026-06-18 12:30:00,113.99,113.991,113.939,113.941,249,17,0
2026-06-18 12:45:00,113.942,113.977,113.937,113.946,257,17,0
2026-06-18 13:00:00,113.944,113.963,113.914,113.931,288,17,0
2026-06-18 13:15:00,113.935,113.945,113.894,113.913,250,17,0
2026-06-18 13:30:00,113.915,113.962,113.911,113.935,370,17,0
2026-06-18 13:45:00,113.933,113.961,113.918,113.955,324,17,0
2026-06-18 14:00:00,113.957,113.969,113.881,113.886,339,17,0
2026-06-18 14:15:00,113.883,113.93,113.859,113.901,283,17,0
2026-06-18 14:30:00,113.898,113.934,113.89,113.924,260,17,0
2026-06-18 14:45:00,113.922,113.935,113.894,113.914,324,17,0
2026-06-18 15:00:00,113.913,113.934,113.819,113.82,327,17,0
2026-06-18 15:15:00,113.822,113.892,113.807,113.89,241,17,0
2026-06-18 15:30:00,113.893,113.94,113.873,113.902,416,17,0
2026-06-18 15:45:00,113.903,114.089,113.903,114.084,377,17,0
2026-06-18 16:00:00,114.082,114.091,113.986,114.062,543,17,0
2026-06-18 16:15:00,114.06,114.126,114.053,114.108,332,17,0
2026-06-18 16:30:00,114.11,114.117,114.069,114.082,260,17,0
2026-06-18 16:45:00,114.084,114.18,114.077,114.18,256,17,0
2026-06-18 17:00:00,114.182,114.211,114.168,114.204,228,17,0
2026-06-18 17:15:00,114.202,114.205,114.158,114.178,161,17,0
2026-06-18 17:30:00,114.179,114.196,114.14,114.14,180,17,0
2026-06-18 17:45:00,114.137,114.162,114.12,114.152,183,17,0
2026-06-18 18:00:00,114.154,114.154,114.125,114.146,159,17,0
2026-06-18 18:15:00,114.147,114.176,114.145,114.163,132,17,0
2026-06-18 18:30:00,114.165,114.248,114.165,114.246,164,17,0
2026-06-18 18:45:00,114.245,114.338,114.219,114.335,463,17,0
2026-06-18 19:00:00,114.338,114.407,114.338,114.373,380,17,0
2026-06-18 19:15:00,114.374,114.399,114.352,114.364,229,17,0
2026-06-18 19:30:00,114.361,114.361,113.788,114.205,2030,17,0
2026-06-18 19:45:00,114.203,114.203,114.128,114.188,465,17,0
2026-06-18 20:00:00,114.186,114.219,114.143,114.167,193,17,0
2026-06-18 20:15:00,114.169,114.205,114.164,114.177,134,17,0
2026-06-18 20:30:00,114.175,114.217,114.154,114.164,123,17,0
2026-06-18 20:45:00,114.165,114.173,114.135,114.142,143,17,0
2026-06-18 21:00:00,114.129,114.153,114.106,114.151,30,38,0
2026-06-18 21:15:00,114.149,114.185,114.146,114.167,101,51,0
2026-06-18 21:30:00,114.175,114.183,114.137,114.142,81,36,0
2026-06-18 21:45:00,114.141,114.168,114.138,114.163,72,30,0
2026-06-18 22:00:00,114.162,114.185,114.121,114.126,99,38,0
2026-06-18 22:15:00,114.122,114.156,114.122,114.138,71,38,0
2026-06-18 22:30:00,114.139,114.139,114.099,114.102,45,38,0
2026-06-18 22:45:00,114.103,114.103,114.013,114.09,143,38,0
2026-06-18 23:00:00,114.101,114.138,114.082,114.122,138,17,0
2026-06-18 23:15:00,114.119,114.157,114.109,114.113,77,17,0
2026-06-18 23:30:00,114.11,114.132,114.061,114.061,83,17,0
2026-06-18 23:45:00,114.064,114.082,114.042,114.057,133,17,0
2026-06-19 00:00:00,114.06,114.061,114.021,114.034,293,17,0
2026-06-19 00:15:00,114.031,114.034,114.009,114.009,144,17,0
2026-06-19 00:30:00,114.011,114.011,113.883,113.957,377,17,0
2026-06-19 00:45:00,113.959,113.991,113.898,113.943,396,17,0
2026-06-19 01:00:00,113.94,113.94,113.859,113.922,350,17,0
2026-06-19 01:15:00,113.92,113.93,113.861,113.885,267,17,0
2026-06-19 01:30:00,113.882,113.941,113.865,113.941,163,17,0
2026-06-19 01:45:00,113.942,113.949,113.92,113.936,105,17,0
2026-06-19 02:00:00,113.938,113.959,113.912,113.959,122,17,0
2026-06-19 02:15:00,113.96,113.978,113.938,113.975,152,17,0
2026-06-19 02:30:00,113.977,113.983,113.919,113.979,201,17,0
2026-06-19 02:45:00,113.981,114.007,113.969,113.999,97,17,0
2026-06-19 03:00:00,114.002,114.01,113.956,113.963,132,17,0
2026-06-19 03:15:00,113.964,114.003,113.96,113.997,121,17,0
2026-06-19 03:30:00,113.996,113.998,113.98,113.98,85,17,0
2026-06-19 03:45:00,113.982,114.015,113.978,114.008,92,17,0
2026-06-19 04:00:00,114.009,114.037,113.987,114.014,178,17,0
2026-06-19 04:15:00,114.013,114.041,114.011,114.04,134,17,0
2026-06-19 04:30:00,114.038,114.041,114.0,114.002,124,17,0
2026-06-19 04:45:00,113.999,114.005,113.967,113.983,148,17,0
2026-06-19 05:00:00,113.982,114.01,113.957,114.008,203,17,0
2026-06-19 05:15:00,114.007,114.027,114.0,114.015,148,17,0
2026-06-19 05:30:00,114.017,114.041,113.992,113.993,177,17,0
2026-06-19 05:45:00,113.994,114.046,113.99,114.024,165,17,0
2026-06-19 06:00:00,114.023,114.131,114.021,114.131,246,17,0
2026-06-19 06:15:00,114.132,114.143,114.104,114.116,235,17,0
2026-06-19 06:30:00,114.117,114.117,114.075,114.091,195,17,0
2026-06-19 06:45:00,114.088,114.091,114.023,114.04,171,17,0
2026-06-19 07:00:00,114.042,114.07,114.036,114.045,232,17,0
2026-06-19 07:15:00,114.043,114.079,114.027,114.03,190,17,0
2026-06-19 07:30:00,114.032,114.048,114.017,114.036,173,17,0
2026-06-19 07:45:00,114.033,114.036,113.993,114.031,191,17,0
2026-06-19 08:00:00,114.034,114.042,114.01,114.037,232,17,0
2026-06-19 08:15:00,114.038,114.091,114.037,114.065,208,17,0
2026-06-19 08:30:00,114.066,114.086,114.041,114.082,187,17,0
2026-06-19 08:45:00,114.084,114.105,114.042,114.101,149,17,0
2026-06-19 09:00:00,114.103,114.118,114.056,114.061,201,17,0
2026-06-19 09:15:00,114.063,114.079,114.048,114.065,129,17,0
2026-06-19 09:30:00,114.066,114.074,114.024,114.031,147,17,0
2026-06-19 09:45:00,114.034,114.05,114.02,114.03,127,17,0
2026-06-19 10:00:00,114.032,114.044,114.018,114.038,107,17,0
2026-06-19 10:15:00,114.039,114.046,114.018,114.035,148,17,0
2026-06-19 10:30:00,114.034,114.055,114.022,114.047,128,17,0
2026-06-19 10:45:00,114.048,114.052,114.007,114.014,121,17,0
2026-06-19 11:00:00,114.011,114.029,114.006,114.016,165,17,0
2026-06-19 11:15:00,114.015,114.023,114.005,114.005,97,17,0
2026-06-19 11:30:00,114.006,114.007,113.949,113.956,120,17,0
2026-06-19 11:45:00,113.955,113.965,113.937,113.964,136,17,0
2026-06-19 12:00:00,113.967,113.98,113.917,113.935,192,17,0
2026-06-19 12:15:00,113.934,113.936,113.912,113.921,131,17,0
2026-06-19 12:30:00,113.924,113.95,113.913,113.937,165,17,0
2026-06-19 12:45:00,113.938,113.94,113.87,113.871,308,17,0
2026-06-19 13:00:00,113.87,113.87,113.783,113.815,217,17,0
2026-06-19 13:15:00,113.813,113.825,113.788,113.795,187,17,0
2026-06-19 13:30:00,113.796,113.848,113.796,113.847,213,17,0
2026-06-19 13:45:00,113.849,113.878,113.838,113.84,199,17,0
2026-06-19 14:00:00,113.839,113.868,113.807,113.814,188,17,0
2026-06-19 14:15:00,113.817,113.824,113.757,113.77,187,17,0
2026-06-19 14:30:00,113.773,113.826,113.773,113.805,187,17,0
2026-06-19 14:45:00,113.806,113.811,113.662,113.673,341,17,0
2026-06-19 15:00:00,113.674,113.731,113.651,113.704,314,17,0
2026-06-19 15:15:00,113.705,113.749,113.692,113.745,129,17,0
2026-06-19 15:30:00,113.747,113.747,113.703,113.723,90,17,0
2026-06-19 15:45:00,113.722,113.776,113.719,113.771,105,17,0
2026-06-19 16:00:00,113.772,113.783,113.771,113.781,81,17,0
2026-06-19 16:15:00,113.783,113.801,113.777,113.782,77,17,0
2026-06-19 16:30:00,113.78,113.802,113.78,113.797,74,17,0
2026-06-19 16:45:00,113.8,113.802,113.785,113.798,66,17,0
2026-06-19 17:00:00,113.795,113.809,113.794,113.798,45,17,0
2026-06-19 17:15:00,113.799,113.828,113.796,113.807,72,17,0
2026-06-19 17:30:00,113.809,113.833,113.802,113.832,42,17,0
2026-06-19 17:45:00,113.831,113.833,113.77,113.778,80,17,0
2026-06-19 18:00:00,113.777,113.781,113.76,113.77,84,17,0
2026-06-19 18:15:00,113.771,113.792,113.764,113.785,57,17,0
2026-06-19 18:30:00,113.786,113.791,113.766,113.766,33,17,0
2026-06-19 18:45:00,113.764,113.781,113.755,113.771,43,17,0
2026-06-19 19:00:00,113.769,113.78,113.752,113.777,28,17,0
2026-06-19 19:15:00,113.779,113.792,113.774,113.78,32,17,0
2026-06-19 19:30:00,113.781,113.781,113.769,113.769,20,17,0
2026-06-19 19:45:00,113.772,113.792,113.772,113.782,51,17,0
2026-06-19 20:00:00,113.785,113.813,113.776,113.788,271,17,0
2026-06-19 20:15:00,113.785,113.797,113.751,113.786,195,17,0
2026-06-19 20:30:00,113.789,113.807,113.77,113.794,71,17,0
2026-06-19 20:45:00,113.796,113.92,113.796,113.92,138,17,0
2026-06-21 21:00:00,113.817,113.817,113.811,113.815,7,41,0
2026-06-21 21:15:00,113.808,113.82,113.793,113.82,52,40,0
2026-06-21 21:30:00,113.82,113.863,113.814,113.863,62,28,0
2026-06-21 21:45:00,113.862,113.87,113.861,113.863,33,26,0
2026-06-21 22:00:00,113.863,113.873,113.776,113.849,145,44,0
2026-06-21 22:15:00,113.853,113.875,113.844,113.851,83,43,0
2026-06-21 22:30:00,113.851,113.87,113.847,113.863,52,41,0
2026-06-21 22:45:00,113.863,113.865,113.847,113.859,37,41,0
2026-06-21 23:00:00,113.871,113.902,113.86,113.895,69,17,0
2026-06-21 23:15:00,113.896,113.898,113.879,113.886,44,17,0
2026-06-21 23:30:00,113.885,113.9,113.87,113.892,63,17,0
2026-06-21 23:45:00,113.889,113.916,113.876,113.889,107,17,0
2026-06-22 00:00:00,113.886,113.946,113.874,113.936,186,17,0
2026-06-22 00:15:00,113.934,113.958,113.907,113.928,163,17,0
2026-06-22 00:30:00,113.926,113.936,113.909,113.917,138,17,0
2026-06-22 00:45:00,113.919,113.983,113.908,113.95,235,17,0
2026-06-22 01:00:00,113.948,113.97,113.923,113.938,214,17,0
2026-06-22 01:15:00,113.935,113.936,113.901,113.911,144,17,0
2026-06-22 01:30:00,113.909,113.915,113.881,113.899,125,17,0
2026-06-22 01:45:00,113.9,113.933,113.9,113.919,91,17,0
2026-06-22 02:00:00,113.92,113.944,113.905,113.934,119,17,0
2026-06-22 02:15:00,113.931,113.946,113.896,113.928,131,17,0
2026-06-22 02:30:00,113.925,113.935,113.908,113.915,72,17,0
2026-06-22 02:45:00,113.918,113.947,113.918,113.935,73,17,0
2026-06-22 03:00:00,113.932,113.957,113.932,113.943,100,17,0
2026-06-22 03:15:00,113.944,113.949,113.931,113.947,71,17,0
2026-06-22 03:30:00,113.948,113.959,113.909,113.918,95,17,0
2026-06-22 03:45:00,113.917,113.917,113.895,113.901,76,17,0
2026-06-22 04:00:00,113.902,113.928,113.878,113.926,140,17,0
2026-06-22 04:15:00,113.929,113.939,113.921,113.926,88,17,0
2026-06-22 04:30:00,113.925,113.945,113.925,113.938,73,17,0
2026-06-22 04:45:00,113.939,113.948,113.934,113.94,67,17,0
2026-06-22 05:00:00,113.941,113.963,113.934,113.962,102,17,0
2026-06-22 05:15:00,113.961,113.975,113.958,113.968,82,17,0
2026-06-22 05:30:00,113.965,114.003,113.965,113.998,94,17,0
2026-06-22 05:45:00,113.996,114.0,113.959,113.964,180,17,0
2026-06-22 06:00:00,113.967,113.983,113.935,113.963,264,17,0
2026-06-22 06:15:00,113.961,113.961,113.921,113.926,223,17,0
2026-06-22 06:30:00,113.922,113.958,113.913,113.939,235,17,0
2026-06-22 06:45:00,113.941,114.001,113.932,113.996,167,17,0
2026-06-22 07:00:00,113.992,114.062,113.989,114.061,229,17,0
2026-06-22 07:15:00,114.063,114.081,114.047,114.063,159,17,0
2026-06-22 07:30:00,114.061,114.089,114.045,114.087,171,17,0
2026-06-22 07:45:00,114.086,114.102,114.073,114.073,175,17,0
2026-06-22 08:00:00,114.07,114.105,114.05,114.102,244,17,0
2026-06-22 08:15:00,114.101,114.131,114.084,114.093,222,17,0
2026-06-22 08:30:00,114.091,114.091,114.052,114.061,236,17,0
2026-06-22 08:45:00,114.063,114.107,114.061,114.083,165,17,0
2026-06-22 09:00:00,114.087,114.11,114.076,114.094,200,17,0
2026-06-22 09:15:00,114.095,114.122,114.094,114.122,133,17,0
2026-06-22 09:30:00,114.121,114.138,114.108,114.134,149,17,0
2026-06-22 09:45:00,114.137,114.151,114.13,114.131,122,17,0
2026-06-22 10:00:00,114.133,114.154,114.127,114.15,171,17,0
2026-06-22 10:15:00,114.151,114.152,114.099,114.12,147,17,0
2026-06-22 10:30:00,114.119,114.144,114.113,114.134,148,17,0
2026-06-22 10:45:00,114.136,114.142,114.11,114.111,128,17,0
2026-06-22 11:00:00,114.11,114.11,114.061,114.069,194,17,0
2026-06-22 11:15:00,114.068,114.088,114.067,114.085,102,17,0
2026-06-22 11:30:00,114.086,114.103,114.067,114.103,134,17,0
2026-06-22 11:45:00,114.101,114.147,114.097,114.142,147,17,0
2026-06-22 12:00:00,114.144,114.279,114.138,114.258,264,17,0
2026-06-22 12:15:00,114.256,114.283,114.242,114.271,239,17,0
2026-06-22 12:30:00,114.274,114.346,114.256,114.28,307,17,0
2026-06-22 12:45:00,114.278,114.278,114.232,114.275,206,17,0
2026-06-22 13:00:00,114.277,114.287,114.239,114.254,390,17,0
2026-06-22 13:15:00,114.255,114.264,114.156,114.156,325,17,0
2026-06-22 13:30:00,114.155,114.23,114.146,114.223,400,17,0
2026-06-22 13:45:00,114.221,114.292,114.195,114.259,387,17,0
2026-06-22 14:00:00,114.257,114.294,113.835,114.183,1933,17,0
2026-06-22 14:15:00,114.181,114.249,114.161,114.204,528,17,0
2026-06-22 14:30:00,114.206,114.27,113.957,114.076,957,17,0
2026-06-22 14:45:00,114.074,114.102,113.816,113.999,2192,17,0
2026-06-22 15:00:00,114.002,114.021,113.836,113.842,747,17,0
2026-06-22 15:15:00,113.84,113.995,113.795,113.966,495,17,0
2026-06-22 15:30:00,113.967,113.988,113.869,113.906,310,17,0
2026-06-22 15:45:00,113.909,114.004,113.904,113.987,370,17,0
2026-06-22 16:00:00,113.986,114.067,113.968,114.033,285,17,0
2026-06-22 16:15:00,114.032,114.146,114.027,114.056,330,17,0
2026-06-22 16:30:00,114.057,114.069,114.029,114.054,214,17,0
2026-06-22 16:45:00,114.057,114.068,114.037,114.054,214,17,0
2026-06-22 17:00:00,114.055,114.06,113.987,114.014,160,17,0
2026-06-22 17:15:00,114.013,114.028,114.003,114.023,152,17,0
2026-06-22 17:30:00,114.022,114.08,114.021,114.059,156,17,0
2026-06-22 17:45:00,114.058,114.068,114.03,114.04,125,17,0
2026-06-22 18:00:00,114.043,114.052,114.035,114.037,99,17,0
2026-06-22 18:15:00,114.036,114.068,114.034,114.059,170,17,0
2026-06-22 18:30:00,114.057,114.058,114.019,114.028,142,17,0
2026-06-22 18:45:00,114.029,114.052,114.011,114.018,243,17,0
2026-06-22 19:00:00,114.021,114.099,114.021,114.09,193,17,0
2026-06-22 19:15:00,114.087,114.13,114.084,114.125,202,17,0
2026-06-22 19:30:00,114.126,114.134,114.108,114.127,154,17,0
2026-06-22 19:45:00,114.13,114.154,114.118,114.122,188,17,0
2026-06-22 20:00:00,114.123,114.126,114.099,114.104,96,17,0
2026-06-22 20:15:00,114.105,114.109,114.07,114.084,125,17,0
2026-06-22 20:30:00,114.087,114.105,114.076,114.087,64,17,0
2026-06-22 20:45:00,114.09,114.126,114.09,114.117,94,17,0
2026-06-22 21:00:00,114.116,114.116,114.065,114.073,49,38,0
2026-06-22 21:15:00,114.074,114.074,114.044,114.044,60,88,0
2026-06-22 21:30:00,114.041,114.076,114.034,114.067,107,73,0
2026-06-22 21:45:00,114.068,114.082,114.052,114.079,87,43,0
2026-06-22 22:00:00,114.071,114.114,114.056,114.107,88,34,0
2026-06-22 22:15:00,114.111,114.131,114.106,114.116,44,31,0
2026-06-22 22:30:00,114.119,114.12,114.102,114.107,34,30,0
2026-06-22 22:45:00,114.108,114.157,114.067,114.152,129,30,0
2026-06-22 23:00:00,114.157,114.164,114.128,114.13,107,17,0
2026-06-22 23:15:00,114.131,114.138,114.117,114.131,56,17,0
2026-06-22 23:30:00,114.133,114.133,114.117,114.121,30,17,0
2026-06-22 23:45:00,114.118,114.119,114.097,114.112,72,17,0
2026-06-23 00:00:00,114.109,114.109,114.048,114.064,186,17,0
2026-06-23 00:15:00,114.062,114.095,114.049,114.088,135,17,0
2026-06-23 00:30:00,114.086,114.133,114.086,114.13,145,17,0
2026-06-23 00:45:00,114.129,114.159,114.076,114.113,369,17,0
2026-06-23 01:00:00,114.11,114.117,114.05,114.072,175,17,0
2026-06-23 01:15:00,114.07,114.072,114.039,114.048,147,17,0
2026-06-23 01:30:00,114.049,114.079,114.046,114.071,104,17,0
2026-06-23 01:45:00,114.07,114.104,114.069,114.086,115,17,0
2026-06-23 02:00:00,114.085,114.121,114.076,114.076,161,17,0
2026-06-23 02:15:00,114.074,114.093,114.069,114.084,76,17,0
2026-06-23 02:30:00,114.083,114.09,114.056,114.068,84,17,0
2026-06-23 02:45:00,114.069,114.071,114.047,114.047,80,17,0
2026-06-23 03:00:00,114.049,114.051,114.012,114.035,101,17,0
2026-06-23 03:15:00,114.036,114.054,114.016,114.054,113,17,0
2026-06-23 03:30:00,114.055,114.055,114.011,114.025,103,17,0
2026-06-23 03:45:00,114.024,114.049,114.014,114.043,74,17,0
2026-06-23 04:00:00,114.042,114.066,114.042,114.047,95,17,0
2026-06-23 04:15:00,114.048,114.048,114.024,114.024,62,17,0
2026-06-23 04:30:00,114.021,114.037,114.017,114.031,79,17,0
2026-06-23 04:45:00,114.029,114.037,114.009,114.014,74,17,0
2026-06-23 05:00:00,114.017,114.037,114.007,114.02,115,17,0
2026-06-23 05:15:00,114.018,114.019,114.001,114.01,68,17,0
2026-06-23 05:30:00,114.007,114.027,114.0,114.026,93,17,0
2026-06-23 05:45:00,114.025,114.059,114.019,114.042,143,17,0
2026-06-23 06:00:00,114.044,114.074,113.995,114.009,217,17,0
2026-06-23 06:15:00,114.007,114.061,113.995,114.045,278,17,0
2026-06-23 06:30:00,114.043,114.057,113.982,113.988,236,17,0
2026-06-23 06:45:00,113.985,114.013,113.967,113.995,228,17,0
2026-06-23 07:00:00,113.997,114.005,113.797,113.975,1133,17,0
2026-06-23 07:15:00,113.979,113.982,113.896,113.949,361,17,0
2026-06-23 07:30:00,113.946,113.957,113.89,113.905,387,17,0
2026-06-23 07:45:00,113.907,113.918,113.867,113.901,370,17,0
2026-06-23 08:00:00,113.9,113.91,113.784,113.853,528,17,0
2026-06-23 08:15:00,113.855,113.876,113.826,113.858,289,17,0
2026-06-23 08:30:00,113.857,113.899,113.824,113.868,248,17,0
2026-06-23 08:45:00,113.866,113.872,113.826,113.83,198,17,0
2026-06-23 09:00:00,113.832,113.848,113.763,113.802,255,17,0
2026-06-23 09:15:00,113.803,113.853,113.803,113.841,192,17,0
2026-06-23 09:30:00,113.838,113.863,113.816,113.82,235,17,0
2026-06-23 09:45:00,113.823,113.829,113.793,113.801,181,17,0
2026-06-23 10:00:00,113.803,113.831,113.789,113.799,170,17,0
2026-06-23 10:15:00,113.796,113.799,113.77,113.775,171,17,0
2026-06-23 10:30:00,113.773,113.823,113.76,113.819,167,17,0
2026-06-23 10:45:00,113.818,113.821,113.793,113.796,181,17,0
2026-06-23 11:00:00,113.795,113.823,113.783,113.806,197,17,0
2026-06-23 11:15:00,113.803,113.856,113.799,113.848,203,17,0
2026-06-23 11:30:00,113.85,113.905,113.844,113.899,188,17,0
2026-06-23 11:45:00,113.9,113.919,113.868,113.869,166,17,0
2026-06-23 12:00:00,113.872,113.884,113.823,113.827,274,17,0
2026-06-23 12:15:00,113.829,113.839,113.796,113.799,248,17,0
2026-06-23 12:30:00,113.801,113.852,113.787,113.838,230,17,0
2026-06-23 12:45:00,113.835,113.897,113.828,113.873,223,17,0
2026-06-23 13:00:00,113.876,113.881,113.848,113.851,238,17,0
2026-06-23 13:15:00,113.849,113.881,113.819,113.859,233,17,0
2026-06-23 13:30:00,113.858,113.897,113.811,113.892,394,17,0
2026-06-23 13:45:00,113.889,113.976,113.882,113.908,351,17,0
2026-06-23 14:00:00,113.905,113.91,113.811,113.822,398,17,0
2026-06-23 14:15:00,113.823,113.831,113.789,113.813,307,17,0
2026-06-23 14:30:00,113.81,113.815,113.779,113.815,266,17,0
2026-06-23 14:45:00,113.817,113.841,113.776,113.787,402,17,0
2026-06-23 15:00:00,113.79,113.821,113.774,113.797,322,17,0
2026-06-23 15:15:00,113.8,113.829,113.771,113.776,267,17,0
2026-06-23 15:30:00,113.775,113.783,113.732,113.732,259,17,0
2026-06-23 15:45:00,113.73,113.783,113.724,113.772,204,17,0
2026-06-23 16:00:00,113.774,113.793,113.758,113.772,144,17,0
2026-06-23 16:15:00,113.775,113.816,113.768,113.782,142,17,0
2026-06-23 16:30:00,113.78,113.782,113.725,113.734,109,17,0
2026-06-23 16:45:00,113.737,113.741,113.722,113.735,123,17,0
2026-06-23 17:00:00,113.732,113.741,113.712,113.733,151,17,0
2026-06-23 17:15:00,113.735,113.752,113.713,113.713,109,17,0
2026-06-23 17:30:00,113.71,113.724,113.7,113.706,156,17,0
2026-06-23 17:45:00,113.705,113.726,113.682,113.7,154,17,0
2026-06-23 18:00:00,113.699,113.715,113.689,113.715,101,17,0
2026-06-23 18:15:00,113.714,113.715,113.684,113.684,98,17,0
2026-06-23 18:30:00,113.683,113.703,113.647,113.647,134,17,0
2026-06-23 18:45:00,113.646,113.678,113.641,113.663,147,17,0
2026-06-23 19:00:00,113.661,113.687,113.659,113.672,127,17,0
2026-06-23 19:15:00,113.669,113.695,113.649,113.685,106,17,0
2026-06-23 19:30:00,113.689,113.689,113.658,113.673,123,17,0
2026-06-23 19:45:00,113.671,113.717,113.663,113.71,152,17,0
2026-06-23 20:00:00,113.713,113.721,113.693,113.72,140,17,0
2026-06-23 20:15:00,113.718,113.718,113.691,113.699,63,17,0
2026-06-23 20:30:00,113.702,113.716,113.692,113.714,52,17,0
2026-06-23 20:45:00,113.712,113.725,113.694,113.697,76,17,0
2026-06-23 21:00:00,113.699,113.699,113.668,113.671,45,38,0
2026-06-23 21:15:00,113.67,113.674,113.652,113.655,90,57,0
2026-06-23 21:30:00,113.656,113.67,113.639,113.67,92,52,0
2026-06-23 21:45:00,113.667,113.68,113.667,113.68,63,40,0
2026-06-23 22:00:00,113.678,113.695,113.648,113.684,59,30,0
2026-06-23 22:15:00,113.683,113.683,113.669,113.675,32,29,0
2026-06-23 22:30:00,113.677,113.677,113.655,113.658,45,29,0
2026-06-23 22:45:00,113.652,113.677,113.65,113.677,33,28,0
2026-06-23 23:00:00,113.682,113.683,113.664,113.683,48,17,0
2026-06-23 23:15:00,113.682,113.691,113.678,113.678,27,17,0
2026-06-23 23:30:00,113.679,113.679,113.664,113.673,36,17,0
2026-06-23 23:45:00,113.674,113.732,113.674,113.721,133,17,0
2026-06-24 00:00:00,113.718,113.718,113.65,113.671,260,17,0
2026-06-24 00:15:00,113.669,113.714,113.664,113.71,159,17,0
2026-06-24 00:30:00,113.707,113.725,113.698,113.721,97,17,0
2026-06-24 00:45:00,113.722,113.752,113.712,113.73,178,17,0
2026-06-24 01:00:00,113.728,113.728,113.671,113.692,166,17,0
2026-06-24 01:15:00,113.689,113.701,113.681,113.7,103,17,0
2026-06-24 01:30:00,113.701,113.722,113.696,113.715,128,17,0
2026-06-24 01:45:00,113.717,113.727,113.698,113.721,128,17,0
2026-06-24 02:00:00,113.722,113.731,113.706,113.715,80,17,0
2026-06-24 02:15:00,113.713,113.715,113.693,113.705,90,17,0
2026-06-24 02:30:00,113.706,113.708,113.679,113.679,81,17,0
2026-06-24 02:45:00,113.681,113.682,113.625,113.625,109,17,0
2026-06-24 03:00:00,113.623,113.637,113.586,113.625,139,17,0
2026-06-24 03:15:00,113.623,113.632,113.6,113.619,111,17,0
2026-06-24 03:30:00,113.618,113.663,113.617,113.66,99,17,0
2026-06-24 03:45:00,113.661,113.661,113.639,113.647,60,17,0
2026-06-24 04:00:00,113.648,113.648,113.61,113.626,69,17,0
2026-06-24 04:15:00,113.629,113.664,113.625,113.655,73,17,0
2026-06-24 04:30:00,113.654,113.671,113.647,113.666,69,17,0
2026-06-24 04:45:00,113.663,113.668,113.646,113.65,55,17,0
2026-06-24 05:00:00,113.649,113.67,113.647,113.656,70,17,0
2026-06-24 05:15:00,113.657,113.699,113.656,113.687,172,17,0
2026-06-24 05:30:00,113.686,113.694,113.67,113.67,92,17,0
2026-06-24 05:45:00,113.668,113.675,113.657,113.672,94,17,0
2026-06-24 06:00:00,113.675,113.711,113.672,113.696,209,17,0
2026-06-24 06:15:00,113.694,113.694,113.66,113.677,186,17,0
2026-06-24 06:30:00,113.675,113.678,113.61,113.673,207,17,0
2026-06-24 06:45:00,113.675,113.701,113.659,113.689,158,17,0
2026-06-24 07:00:00,113.69,113.713,113.66,113.693,201,17,0
2026-06-24 07:15:00,113.691,113.699,113.665,113.67,182,17,0
2026-06-24 07:30:00,113.672,113.676,113.638,113.649,152,17,0
2026-06-24 07:45:00,113.648,113.67,113.647,113.66,132,17,0
2026-06-24 08:00:00,113.656,113.659,113.594,113.595,237,17,0
2026-06-24 08:15:00,113.593,113.633,113.585,113.628,186,17,0
2026-06-24 08:30:00,113.626,113.657,113.626,113.657,155,17,0
2026-06-24 08:45:00,113.656,113.681,113.638,113.681,146,17,0
2026-06-24 09:00:00,113.679,113.687,113.647,113.671,169,17,0
2026-06-24 09:15:00,113.669,113.672,113.622,113.631,111,17,0
2026-06-24 09:30:00,113.634,113.652,113.608,113.609,179,17,0
2026-06-24 09:45:00,113.607,113.658,113.601,113.636,159,17,0
2026-06-24 10:00:00,113.635,113.642,113.592,113.602,133,17,0
2026-06-24 10:15:00,113.599,113.636,113.597,113.626,156,17,0
2026-06-24 10:30:00,113.625,113.664,113.622,113.637,173,17,0
2026-06-24 10:45:00,113.636,113.671,113.636,113.656,131,17,0
2026-06-24 11:00:00,113.652,113.666,113.635,113.638,140,17,0
2026-06-24 11:15:00,113.639,113.658,113.618,113.622,135,17,0
2026-06-24 11:30:00,113.626,113.67,113.626,113.641,192,17,0
2026-06-24 11:45:00,113.644,113.654,113.602,113.609,273,17,0
2026-06-24 12:00:00,113.612,113.64,113.577,113.577,268,17,0
2026-06-24 12:15:00,113.58,113.607,113.548,113.564,263,17,0
2026-06-24 12:30:00,113.562,113.589,113.539,113.571,288,17,0
2026-06-24 12:45:00,113.572,113.586,113.536,113.586,242,17,0
2026-06-24 13:00:00,113.588,113.588,113.517,113.539,270,17,0
2026-06-24 13:15:00,113.541,113.603,113.529,113.599,294,17,0
2026-06-24 13:30:00,113.602,113.67,113.587,113.67,344,17,0
2026-06-24 13:45:00,113.668,113.691,113.65,113.668,320,17,0
2026-06-24 14:00:00,113.664,113.68,113.636,113.659,294,17,0
2026-06-24 14:15:00,113.656,113.663,113.593,113.622,269,17,0
2026-06-24 14:30:00,113.623,113.625,113.541,113.546,268,17,0
2026-06-24 14:45:00,113.545,113.633,113.533,113.605,356,17,0
2026-06-24 15:00:00,113.609,113.644,113.598,113.644,276,17,0
2026-06-24 15:15:00,113.641,113.687,113.625,113.676,274,17,0
2026-06-24 15:30:00,113.679,113.687,113.611,113.618,249,17,0
2026-06-24 15:45:00,113.616,113.644,113.595,113.605,185,17,0
2026-06-24 16:00:00,113.604,113.64,113.603,113.631,179,17,0
2026-06-24 16:15:00,113.63,113.697,113.63,113.697,163,17,0
2026-06-24 16:30:00,113.694,113.772,113.694,113.741,201,17,0
2026-06-24 16:45:00,113.738,113.776,113.735,113.758,136,17,0
2026-06-24 17:00:00,113.756,113.765,113.726,113.736,147,17,0
2026-06-24 17:15:00,113.74,113.741,113.692,113.694,126,17,0
2026-06-24 17:30:00,113.692,113.699,113.672,113.672,163,17,0
2026-06-24 17:45:00,113.675,113.69,113.659,113.669,149,17,0
2026-06-24 18:00:00,113.668,113.682,113.657,113.667,150,17,0
2026-06-24 18:15:00,113.666,113.676,113.659,113.675,133,17,0
2026-06-24 18:30:00,113.678,113.689,113.635,113.637,163,17,0
2026-06-24 18:45:00,113.635,113.635,113.603,113.618,144,17,0
2026-06-24 19:00:00,113.615,113.638,113.615,113.62,149,17,0
2026-06-24 19:15:00,113.623,113.661,113.621,113.661,119,17,0
2026-06-24 19:30:00,113.658,113.674,113.652,113.671,88,17,0
2026-06-24 19:45:00,113.668,113.7,113.657,113.696,171,17,0
2026-06-24 20:00:00,113.695,113.717,113.678,113.704,162,17,0
2026-06-24 20:15:00,113.703,113.708,113.68,113.704,84,17,0
2026-06-24 20:30:00,113.705,113.716,113.688,113.694,107,17,0
2026-06-24 20:45:00,113.696,113.702,113.667,113.674,129,17,0
2026-06-24 21:00:00,113.673,113.675,113.673,113.673,10,38,0
2026-06-24 21:15:00,113.672,113.684,113.666,113.682,57,14,0
2026-06-24 21:30:00,113.68,113.681,113.666,113.674,120,21,0
2026-06-24 21:45:00,113.671,113.681,113.67,113.677,45,22,0
2026-06-24 22:00:00,113.672,113.672,113.645,113.655,82,31,0
2026-06-24 22:15:00,113.652,113.654,113.639,113.64,46,29,0
2026-06-24 22:30:00,113.639,113.646,113.627,113.635,45,29,0
2026-06-24 22:45:00,113.637,113.646,113.631,113.642,25,29,0
2026-06-24 23:00:00,113.648,113.658,113.645,113.648,62,17,0
2026-06-24 23:15:00,113.647,113.67,113.642,113.653,46,17,0
2026-06-24 23:30:00,113.655,113.663,113.642,113.646,46,17,0
2026-06-24 23:45:00,113.649,113.657,113.639,113.641,60,17,0
2026-06-25 00:00:00,113.642,113.642,113.582,113.596,177,17,0
2026-06-25 00:15:00,113.597,113.616,113.583,113.584,112,17,0
2026-06-25 00:30:00,113.583,113.584,113.564,113.579,77,17,0
2026-06-25 00:45:00,113.581,113.613,113.563,113.594,159,17,0
2026-06-25 01:00:00,113.597,113.615,113.597,113.614,132,17,0
2026-06-25 01:15:00,113.612,113.634,113.556,113.611,272,17,0
2026-06-25 01:30:00,113.608,113.625,113.588,113.599,176,17,0
2026-06-25 01:45:00,113.597,113.625,113.594,113.607,109,17,0
2026-06-25 02:00:00,113.606,113.616,113.588,113.595,114,17,0
2026-06-25 02:15:00,113.593,113.618,113.59,113.607,79,17,0
2026-06-25 02:30:00,113.605,113.627,113.605,113.617,77,17,0
2026-06-25 02:45:00,113.615,113.631,113.611,113.626,68,17,0
2026-06-25 03:00:00,113.627,113.645,113.622,113.642,79,17,0
2026-06-25 03:15:00,113.641,113.651,113.624,113.63,69,17,0
2026-06-25 03:30:00,113.628,113.646,113.626,113.646,56,17,0
2026-06-25 03:45:00,113.648,113.673,113.648,113.663,113,17,0
2026-06-25 04:00:00,113.665,113.672,113.645,113.668,82,17,0
2026-06-25 04:15:00,113.67,113.674,113.656,113.665,72,17,0
2026-06-25 04:30:00,113.662,113.67,113.653,113.668,44,17,0
2026-06-25 04:45:00,113.667,113.689,113.663,113.681,57,17,0
2026-06-25 05:00:00,113.682,113.682,113.656,113.658,69,17,0
2026-06-25 05:15:00,113.656,113.656,113.63,113.63,54,17,0
2026-06-25 05:30:00,113.632,113.651,113.621,113.621,82,17,0
2026-06-25 05:45:00,113.619,113.658,113.618,113.653,101,17,0
2026-06-25 06:00:00,113.65,113.655,113.628,113.647,159,17,0
2026-06-25 06:15:00,113.646,113.675,113.639,113.675,188,17,0
2026-06-25 06:30:00,113.674,113.674,113.638,113.666,186,17,0
2026-06-25 06:45:00,113.668,113.705,113.656,113.693,165,17,0
2026-06-25 07:00:00,113.691,113.691,113.617,113.687,282,17,0
2026-06-25 07:15:00,113.686,113.686,113.648,113.651,244,17,0
2026-06-25 07:30:00,113.649,113.69,113.645,113.666,186,17,0
2026-06-25 07:45:00,113.667,113.709,113.666,113.709,162,17,0
2026-06-25 08:00:00,113.711,113.741,113.705,113.73,200,17,0
2026-06-25 08:15:00,113.728,113.76,113.728,113.755,206,17,0
2026-06-25 08:30:00,113.753,113.759,113.733,113.74,177,17,0
2026-06-25 08:45:00,113.739,113.751,113.722,113.723,137,17,0
2026-06-25 09:00:00,113.72,113.736,113.69,113.703,157,17,0
2026-06-25 09:15:00,113.702,113.724,113.695,113.721,115,17,0
2026-06-25 09:30:00,113.723,113.724,113.676,113.688,150,17,0
2026-06-25 09:45:00,113.689,113.713,113.67,113.69,129,17,0
2026-06-25 10:00:00,113.688,113.69,113.667,113.677,118,17,0
2026-06-25 10:15:00,113.678,113.692,113.658,113.667,111,17,0
2026-06-25 10:30:00,113.668,113.668,113.65,113.655,92,17,0
2026-06-25 10:45:00,113.653,113.679,113.63,113.663,138,17,0
2026-06-25 11:00:00,113.667,113.669,113.64,113.653,121,17,0
2026-06-25 11:15:00,113.652,113.666,113.645,113.647,112,17,0
2026-06-25 11:30:00,113.644,113.68,113.638,113.673,227,17,0
2026-06-25 11:45:00,113.675,113.704,113.577,113.662,502,17,0
2026-06-25 12:00:00,113.664,113.685,113.644,113.645,199,17,0
2026-06-25 12:15:00,113.643,113.649,113.619,113.64,175,17,0
2026-06-25 12:30:00,113.642,113.765,113.615,113.762,512,17,0
2026-06-25 12:45:00,113.759,113.77,113.686,113.686,359,17,0
2026-06-25 13:00:00,113.683,113.712,113.675,113.694,296,17,0
2026-06-25 13:15:00,113.696,113.799,113.694,113.791,290,17,0
2026-06-25 13:30:00,113.787,113.845,113.779,113.841,351,17,0
2026-06-25 13:45:00,113.843,113.871,113.764,113.792,414,17,0
2026-06-25 14:00:00,113.795,113.871,113.795,113.839,553,17,0
2026-06-25 14:15:00,113.842,113.861,113.777,113.857,378,17,0
2026-06-25 14:30:00,113.86,113.864,113.809,113.819,355,17,0
2026-06-25 14:45:00,113.821,113.853,113.802,113.833,361,17,0
2026-06-25 15:00:00,113.835,113.876,113.814,113.854,380,17,0
2026-06-25 15:15:00,113.856,113.931,113.844,113.903,350,17,0
2026-06-25 15:30:00,113.902,113.912,113.848,113.859,302,17,0
2026-06-25 15:45:00,113.86,113.934,113.855,113.932,274,17,0
2026-06-25 16:00:00,113.93,114.001,113.927,113.994,310,17,0
2026-06-25 16:15:00,113.995,114.04,113.992,114.032,238,17,0
2026-06-25 16:30:00,114.033,114.044,113.977,113.977,200,17,0
2026-06-25 16:45:00,113.979,114.003,113.962,114.003,188,17,0
2026-06-25 17:00:00,114.006,114.009,113.972,113.986,181,17,0
2026-06-25 17:15:00,113.989,114.007,113.981,113.984,135,17,0
2026-06-25 17:30:00,113.985,113.998,113.962,113.98,141,17,0
2026-06-25 17:45:00,113.978,113.986,113.961,113.97,152,17,0
2026-06-25 18:00:00,113.972,114.006,113.95,113.95,211,17,0
2026-06-25 18:15:00,113.952,113.989,113.949,113.985,133,17,0
2026-06-25 18:30:00,113.987,113.996,113.938,113.954,139,17,0
2026-06-25 18:45:00,113.956,113.995,113.947,113.967,174,17,0
2026-06-25 19:00:00,113.97,113.987,113.954,113.987,118,17,0
2026-06-25 19:15:00,113.986,114.001,113.977,113.997,108,17,0
2026-06-25 19:30:00,113.998,113.998,113.958,113.966,158,17,0
2026-06-25 19:45:00,113.964,113.982,113.932,113.979,207,17,0
2026-06-25 20:00:00,113.98,114.0,113.969,113.972,138,17,0
2026-06-25 20:15:00,113.971,113.974,113.95,113.952,65,17,0
2026-06-25 20:30:00,113.955,113.971,113.955,113.959,40,17,0
2026-06-25 20:45:00,113.957,113.961,113.932,113.934,67,17,0
2026-06-25 21:00:00,113.935,113.935,113.902,113.918,52,38,0
2026-06-25 21:15:00,113.916,113.931,113.914,113.931,83,32,0
2026-06-25 21:30:00,113.933,113.94,113.931,113.936,73,22,0
2026-06-25 21:45:00,113.934,113.956,113.932,113.956,64,31,0
2026-06-25 22:00:00,113.945,113.95,113.927,113.931,79,30,0
2026-06-25 22:15:00,113.931,113.938,113.915,113.918,25,29,0
2026-06-25 22:30:00,113.909,113.923,113.909,113.91,42,28,0
2026-06-25 22:45:00,113.909,114.01,113.902,114.003,129,28,0
2026-06-25 23:00:00,114.006,114.006,113.939,113.96,184,17,0
2026-06-25 23:15:00,113.959,113.964,113.942,113.944,72,17,0
2026-06-25 23:30:00,113.942,113.942,113.914,113.921,60,17,0
2026-06-25 23:45:00,113.92,113.943,113.91,113.934,70,17,0
2026-06-26 00:00:00,113.931,113.958,113.925,113.942,139,17,0
2026-06-26 00:15:00,113.94,113.988,113.935,113.988,117,17,0
2026-06-26 00:30:00,113.99,113.997,113.944,113.958,129,17,0
2026-06-26 00:45:00,113.961,113.99,113.957,113.98,135,17,0
2026-06-26 01:00:00,113.982,114.008,113.98,113.993,120,17,0
2026-06-26 01:15:00,113.992,114.018,113.99,114.018,115,17,0
2026-06-26 01:30:00,114.02,114.02,113.956,113.973,124,17,0
2026-06-26 01:45:00,113.972,113.972,113.941,113.951,148,17,0
2026-06-26 02:00:00,113.953,113.961,113.922,113.922,135,17,0
2026-06-26 02:15:00,113.921,113.921,113.871,113.879,119,17,0
2026-06-26 02:30:00,113.883,113.917,113.877,113.912,108,17,0
2026-06-26 02:45:00,113.911,113.917,113.871,113.886,145,17,0
2026-06-26 03:00:00,113.884,113.892,113.863,113.886,142,17,0
2026-06-26 03:15:00,113.888,113.893,113.868,113.876,88,17,0
2026-06-26 03:30:00,113.878,113.886,113.854,113.854,129,17,0
2026-06-26 03:45:00,113.852,113.888,113.841,113.879,174,17,0
2026-06-26 04:00:00,113.882,113.908,113.858,113.877,191,17,0
2026-06-26 04:15:00,113.876,113.896,113.84,113.858,133,17,0
2026-06-26 04:30:00,113.859,113.869,113.832,113.869,133,17,0
2026-06-26 04:45:00,113.87,113.902,113.87,113.887,87,17,0
2026-06-26 05:00:00,113.885,113.895,113.881,113.886,91,17,0
2026-06-26 05:15:00,113.887,113.895,113.876,113.88,99,17,0
2026-06-26 05:30:00,113.882,113.893,113.864,113.88,99,17,0
2026-06-26 05:45:00,113.877,113.904,113.847,113.86,169,17,0
2026-06-26 06:00:00,113.859,113.881,113.827,113.832,226,17,0
2026-06-26 06:15:00,113.834,113.916,113.834,113.904,208,17,0
2026-06-26 06:30:00,113.906,113.943,113.891,113.914,217,17,0
2026-06-26 06:45:00,113.915,113.964,113.914,113.948,212,17,0
2026-06-26 07:00:00,113.946,113.946,113.876,113.882,286,17,0
2026-06-26 07:15:00,113.884,113.918,113.872,113.894,192,17,0
2026-06-26 07:30:00,113.893,113.904,113.863,113.894,207,17,0
2026-06-26 07:45:00,113.893,113.895,113.816,113.835,209,17,0
2026-06-26 08:00:00,113.832,113.908,113.816,113.905,292,17,0
2026-06-26 08:15:00,113.903,113.934,113.883,113.919,247,17,0
2026-06-26 08:30:00,113.917,113.944,113.911,113.926,223,17,0
2026-06-26 08:45:00,113.925,113.943,113.899,113.9,250,17,0
2026-06-26 09:00:00,113.899,113.903,113.869,113.873,222,17,0
2026-06-26 09:15:00,113.874,113.945,113.867,113.939,201,17,0
2026-06-26 09:30:00,113.938,113.942,113.907,113.915,143,17,0
2026-06-26 09:45:00,113.911,113.939,113.899,113.922,220,17,0
2026-06-26 10:00:00,113.921,113.942,113.917,113.942,168,17,0
2026-06-26 10:15:00,113.943,113.961,113.934,113.952,122,17,0
2026-06-26 10:30:00,113.949,113.965,113.935,113.947,145,17,0
2026-06-26 10:45:00,113.95,113.972,113.946,113.969,124,17,0
2026-06-26 11:00:00,113.971,113.98,113.936,113.941,173,17,0
2026-06-26 11:15:00,113.942,113.975,113.93,113.975,183,17,0
2026-06-26 11:30:00,113.973,113.981,113.938,113.938,171,17,0
2026-06-26 11:45:00,113.941,113.965,113.927,113.951,183,17,0
2026-06-26 12:00:00,113.949,113.985,113.941,113.985,217,17,0
2026-06-26 12:15:00,113.981,114.033,113.981,114.032,212,17,0
2026-06-26 12:30:00,114.028,114.031,113.997,114.008,232,17,0
2026-06-26 12:45:00,114.007,114.037,113.992,114.017,304,17,0
2026-06-26 13:00:00,114.02,114.044,113.986,114.033,279,17,0
2026-06-26 13:15:00,114.031,114.09,114.026,114.03,376,17,0
2026-06-26 13:30:00,114.033,114.053,114.002,114.043,321,17,0
2026-06-26 13:45:00,114.046,114.047,114.001,114.023,311,17,0
2026-06-26 14:00:00,114.026,114.047,113.982,113.988,296,17,0
2026-06-26 14:15:00,113.991,114.022,113.971,113.991,263,17,0
2026-06-26 14:30:00,113.993,113.995,113.897,113.897,310,17,0
2026-06-26 14:45:00,113.899,113.994,113.863,113.886,614,17,0
2026-06-26 15:00:00,113.887,113.921,113.865,113.877,336,17,0
2026-06-26 15:15:00,113.88,113.932,113.873,113.932,220,17,0
2026-06-26 15:30:00,113.934,113.962,113.92,113.959,193,17,0
2026-06-26 15:45:00,113.957,114.013,113.936,113.979,309,17,0
2026-06-26 16:00:00,113.978,114.008,113.974,113.998,198,17,0
2026-06-26 16:15:00,113.999,114.022,113.965,113.965,186,17,0
2026-06-26 16:30:00,113.963,113.972,113.934,113.947,207,17,0
2026-06-26 16:45:00,113.949,113.978,113.933,113.971,123,17,0
2026-06-26 17:00:00,113.97,113.998,113.968,113.991,133,17,0
2026-06-26 17:15:00,113.993,113.993,113.969,113.98,120,17,0
2026-06-26 17:30:00,113.982,113.986,113.967,113.978,103,17,0
2026-06-26 17:45:00,113.979,113.998,113.977,113.988,86,17,0
2026-06-26 18:00:00,113.989,114.01,113.989,114.003,78,17,0
2026-06-26 18:15:00,114.005,114.011,113.982,113.982,73,17,0
2026-06-26 18:30:00,113.985,114.006,113.978,113.993,83,17,0
2026-06-26 18:45:00,113.995,113.996,113.954,113.954,122,17,0
2026-06-26 19:00:00,113.956,113.981,113.944,113.981,105,17,0
2026-06-26 19:15:00,113.978,113.981,113.966,113.977,84,17,0
2026-06-26 19:30:00,113.974,113.99,113.973,113.985,63,17,0
2026-06-26 19:45:00,113.983,114.083,113.983,114.063,182,17,0
2026-06-26 20:00:00,114.066,114.082,114.03,114.04,134,17,0
2026-06-26 20:15:00,114.041,114.061,114.033,114.033,88,17,0
2026-06-26 20:30:00,114.035,114.07,114.023,114.03,169,17,0
2026-06-26 20:45:00,114.029,114.029,113.934,113.943,274,17,0
2026-06-28 21:00:00,113.93,113.933,113.927,113.933,6,43,0
2026-06-28 21:15:00,113.909,113.966,113.909,113.961,46,65,0
2026-06-28 21:30:00,113.964,113.98,113.947,113.95,75,39,0
2026-06-28 21:45:00,113.946,113.996,113.94,113.995,97,30,0
2026-06-28 22:00:00,113.983,113.994,113.938,113.969,126,47,0
2026-06-28 22:15:00,113.967,113.98,113.958,113.98,45,44,0
2026-06-28 22:30:00,113.981,114.007,113.97,113.999,58,44,0
2026-06-28 22:45:00,113.998,114.003,113.99,113.992,22,42,0
2026-06-28 23:00:00,114.005,114.033,113.995,114.026,173,17,0
2026-06-28 23:15:00,114.024,114.028,114.02,114.025,26,17,0
2026-06-28 23:30:00,114.022,114.022,113.98,114.007,70,17,0
2026-06-28 23:45:00,114.004,114.02,113.993,114.01,67,17,0
2026-06-29 00:00:00,114.006,114.006,113.929,113.929,190,17,0
2026-06-29 00:15:00,113.928,113.958,113.908,113.942,138,17,0
2026-06-29 00:30:00,113.94,113.973,113.935,113.963,109,17,0
2026-06-29 00:45:00,113.96,113.98,113.928,113.973,152,17,0
2026-06-29 01:00:00,113.97,113.974,113.937,113.964,121,17,0
2026-06-29 01:15:00,113.965,114.001,113.954,113.993,120,17,0
2026-06-29 01:30:00,113.992,114.011,113.978,114.003,87,17,0
2026-06-29 01:45:00,114.002,114.015,113.991,114.001,91,17,0
2026-06-29 02:00:00,113.999,114.003,113.973,113.991,87,17,0
2026-06-29 02:15:00,113.989,114.051,113.989,114.05,84,17,0
2026-06-29 02:30:00,114.047,114.048,114.018,114.025,86,17,0
2026-06-29 02:45:00,114.027,114.03,114.009,114.012,60,17,0
2026-06-29 03:00:00,114.014,114.032,114.012,114.031,41,17,0
2026-06-29 03:15:00,114.03,114.031,114.016,114.027,54,17,0
2026-06-29 03:30:00,114.031,114.038,114.019,114.019,57,17,0
2026-06-29 03:45:00,114.016,114.017,114.0,114.002,63,17,0
2026-06-29 04:00:00,114.0,114.004,113.994,113.994,41,17,0
2026-06-29 04:15:00,113.991,114.009,113.988,114.009,49,17,0
2026-06-29 04:30:00,114.011,114.022,114.003,114.01,55,17,0
2026-06-29 04:45:00,114.011,114.013,113.997,114.004,37,17,0
2026-06-29 05:00:00,114.007,114.022,114.006,114.015,61,17,0
2026-06-29 05:15:00,114.016,114.021,114.002,114.018,53,17,0
2026-06-29 05:30:00,114.019,114.035,114.014,114.031,64,17,0
2026-06-29 05:45:00,114.034,114.067,114.03,114.06,102,17,0
2026-06-29 06:00:00,114.059,114.062,114.026,114.051,130,17,0
2026-06-29 06:15:00,114.05,114.093,114.041,114.089,118,17,0
2026-06-29 06:30:00,114.086,114.113,114.081,114.103,171,17,0
2026-06-29 06:45:00,114.105,114.126,114.105,114.116,168,17,0
2026-06-29 07:00:00,114.118,114.125,114.1,114.102,160,17,0
2026-06-29 07:15:00,114.105,114.108,114.061,114.066,105,17,0
2026-06-29 07:30:00,114.067,114.081,114.063,114.067,124,17,0
2026-06-29 07:45:00,114.066,114.084,114.032,114.04,142,17,0
2026-06-29 08:00:00,114.037,114.045,114.012,114.012,163,17,0
2026-06-29 08:15:00,114.014,114.035,113.994,114.018,151,17,0
2026-06-29 08:30:00,114.019,114.039,114.01,114.024,134,17,0
2026-06-29 08:45:00,114.022,114.025,113.971,113.996,121,17,0
2026-06-29 09:00:00,113.994,114.015,113.991,114.013,120,17,0
2026-06-29 09:15:00,114.014,114.051,114.009,114.045,124,17,0
2026-06-29 09:30:00,114.047,114.066,114.047,114.06,135,17,0
2026-06-29 09:45:00,114.059,114.082,114.057,114.082,134,17,0
2026-06-29 10:00:00,114.084,114.092,114.064,114.068,147,17,0
2026-06-29 10:15:00,114.067,114.087,114.057,114.059,91,17,0
2026-06-29 10:30:00,114.062,114.063,114.035,114.039,93,17,0
2026-06-29 10:45:00,114.036,114.041,114.02,114.02,106,17,0
2026-06-29 11:00:00,114.022,114.043,114.003,114.013,137,17,0
2026-06-29 11:15:00,114.014,114.02,113.96,113.969,140,17,0
2026-06-29 11:30:00,113.97,113.972,113.903,113.905,157,17,0
2026-06-29 11:45:00,113.906,113.928,113.901,113.924,130,17,0
2026-06-29 12:00:00,113.926,113.954,113.916,113.949,171,17,0
2026-06-29 12:15:00,113.95,113.983,113.935,113.964,196,17,0
2026-06-29 12:30:00,113.966,113.996,113.942,113.943,214,17,0
2026-06-29 12:45:00,113.941,113.964,113.914,113.964,139,17,0
2026-06-29 13:00:00,113.966,113.969,113.924,113.932,157,17,0
2026-06-29 13:15:00,113.929,113.979,113.921,113.979,211,17,0
2026-06-29 13:30:00,113.981,113.994,113.921,113.969,378,17,0
2026-06-29 13:45:00,113.966,113.992,113.935,113.967,340,17,0
2026-06-29 14:00:00,113.964,113.968,113.866,113.888,624,17,0
2026-06-29 14:15:00,113.889,113.921,113.872,113.919,345,17,0
2026-06-29 14:30:00,113.916,113.963,113.898,113.938,259,17,0
2026-06-29 14:45:00,113.935,113.998,113.905,113.948,358,17,0
2026-06-29 15:00:00,113.945,113.978,113.943,113.957,199,17,0
2026-06-29 15:15:00,113.956,113.972,113.953,113.958,138,17,0
2026-06-29 15:30:00,113.959,113.968,113.921,113.925,154,17,0
2026-06-29 15:45:00,113.924,113.952,113.917,113.932,186,17,0
2026-06-29 16:00:00,113.931,113.974,113.922,113.958,139,17,0
2026-06-29 16:15:00,113.959,113.973,113.951,113.973,88,17,0
2026-06-29 16:30:00,113.976,114.026,113.976,114.019,132,17,0
2026-06-29 16:45:00,114.018,114.057,114.015,114.018,125,17,0
2026-06-29 17:00:00,114.02,114.021,114.001,114.007,96,17,0
2026-06-29 17:15:00,114.008,114.01,113.978,113.998,97,17,0
2026-06-29 17:30:00,113.997,113.997,113.976,113.976,100,17,0
2026-06-29 17:45:00,113.975,114.057,113.965,114.042,183,17,0
2026-06-29 18:00:00,114.038,114.05,114.015,114.027,118,17,0
2026-06-29 18:15:00,114.029,114.043,114.011,114.032,82,17,0
2026-06-29 18:30:00,114.036,114.041,114.022,114.04,59,17,0
2026-06-29 18:45:00,114.037,114.048,114.022,114.034,161,17,0
2026-06-29 19:00:00,114.032,114.032,114.003,114.004,75,17,0
2026-06-29 19:15:00,114.007,114.026,114.007,114.014,90,17,0
2026-06-29 19:30:00,114.012,114.015,113.994,114.013,79,17,0
2026-06-29 19:45:00,114.014,114.022,113.996,114.011,108,17,0
2026-06-29 20:00:00,114.009,114.021,113.999,113.999,73,17,0
2026-06-29 20:15:00,113.998,114.004,113.984,113.99,35,17,0
2026-06-29 20:30:00,113.992,114.002,113.959,113.963,82,17,0
2026-06-29 20:45:00,113.965,113.972,113.925,113.93,75,17,0
2026-06-29 21:00:00,113.928,113.94,113.928,113.938,29,38,0
2026-06-29 21:15:00,113.939,113.94,113.925,113.931,79,38,0
2026-06-29 21:30:00,113.929,113.941,113.921,113.937,65,22,0
2026-06-29 21:45:00,113.936,113.941,113.932,113.94,36,21,0
2026-06-29 22:00:00,113.936,113.961,113.926,113.961,50,28,0
2026-06-29 22:15:00,113.961,113.98,113.961,113.965,37,29,0
2026-06-29 22:30:00,113.968,113.97,113.957,113.962,36,28,0
2026-06-29 22:45:00,113.964,114.006,113.957,114.002,78,28,0
2026-06-29 23:00:00,114.009,114.016,113.966,113.971,88,17,0
2026-06-29 23:15:00,113.972,113.977,113.96,113.962,36,17,0
2026-06-29 23:30:00,113.965,113.971,113.951,113.952,39,17,0
2026-06-29 23:45:00,113.95,113.952,113.936,113.936,38,17,0
2026-06-30 00:00:00,113.937,113.938,113.9,113.92,140,17,0
2026-06-30 00:15:00,113.919,113.923,113.902,113.908,88,17,0
2026-06-30 00:30:00,113.91,113.935,113.909,113.925,100,17,0
2026-06-30 00:45:00,113.924,114.186,113.916,114.038,1176,17,0
2026-06-30 01:00:00,114.035,114.104,114.013,114.079,451,17,0
2026-06-30 01:15:00,114.08,114.08,113.97,114.021,403,17,0
2026-06-30 01:30:00,114.02,114.045,113.988,114.031,275,17,0
2026-06-30 01:45:00,114.032,114.032,113.971,113.987,185,17,0
2026-06-30 02:00:00,113.989,113.992,113.928,113.932,179,17,0
2026-06-30 02:15:00,113.933,113.954,113.914,113.93,176,17,0
2026-06-30 02:30:00,113.929,113.938,113.91,113.931,85,17,0
2026-06-30 02:45:00,113.93,113.97,113.929,113.948,174,17,0
2026-06-30 03:00:00,113.945,113.972,113.944,113.967,112,17,0
2026-06-30 03:15:00,113.969,113.988,113.86,113.928,349,17,0
2026-06-30 03:30:00,113.93,113.939,113.905,113.917,135,17,0
2026-06-30 03:45:00,113.916,113.956,113.911,113.942,66,17,0
2026-06-30 04:00:00,113.943,113.957,113.932,113.957,75,17,0
2026-06-30 04:15:00,113.956,113.958,113.928,113.934,61,17,0
2026-06-30 04:30:00,113.936,113.961,113.929,113.946,93,17,0
2026-06-30 04:45:00,113.944,113.949,113.918,113.922,120,17,0
2026-06-30 05:00:00,113.92,113.968,113.905,113.962,164,17,0
2026-06-30 05:15:00,113.963,113.963,113.933,113.952,92,17,0
2026-06-30 05:30:00,113.951,113.979,113.95,113.968,85,17,0
2026-06-30 05:45:00,113.97,114.0,113.97,113.999,124,17,0
2026-06-30 06:00:00,113.998,114.048,113.949,113.99,413,17,0
2026-06-30 06:15:00,113.989,114.014,113.958,114.008,289,17,0
2026-06-30 06:30:00,114.01,114.04,114.005,114.013,275,17,0
2026-06-30 06:45:00,114.01,114.027,113.99,113.998,265,17,0
2026-06-30 07:00:00,113.995,114.024,113.978,114.02,272,17,0
2026-06-30 07:15:00,114.021,114.03,113.981,113.989,169,17,0
2026-06-30 07:30:00,113.988,113.998,113.949,113.987,200,17,0
2026-06-30 07:45:00,113.985,114.039,113.978,114.023,209,17,0
2026-06-30 08:00:00,114.019,114.045,113.986,114.037,280,17,0
2026-06-30 08:15:00,114.039,114.067,114.027,114.053,226,17,0
2026-06-30 08:30:00,114.055,114.085,114.048,114.079,216,17,0
2026-06-30 08:45:00,114.077,114.098,114.025,114.034,293,17,0
2026-06-30 09:00:00,114.036,114.056,113.993,113.995,201,17,0
2026-06-30 09:15:00,113.994,114.029,113.982,113.988,154,17,0
2026-06-30 09:30:00,113.99,113.996,113.971,113.984,128,17,0
2026-06-30 09:45:00,113.982,114.002,113.961,113.997,174,17,0
2026-06-30 10:00:00,113.998,114.02,113.98,114.018,171,17,0
2026-06-30 10:15:00,114.016,114.024,114.007,114.02,103,17,0
2026-06-30 10:30:00,114.019,114.043,114.0,114.04,140,17,0
2026-06-30 10:45:00,114.039,114.049,114.019,114.049,123,17,0
2026-06-30 11:00:00,114.052,114.068,114.046,114.058,145,17,0
2026-06-30 11:15:00,114.06,114.062,114.03,114.033,160,17,0
2026-06-30 11:30:00,114.034,114.041,113.982,114.035,243,17,0
2026-06-30 11:45:00,114.037,114.082,114.032,114.074,158,17,0
2026-06-30 12:00:00,114.072,114.105,114.066,114.088,203,17,0
2026-06-30 12:15:00,114.089,114.121,114.082,114.113,205,17,0
2026-06-30 12:30:00,114.11,114.152,113.845,114.115,691,17,0
2026-06-30 12:45:00,114.119,114.165,114.102,114.137,337,17,0
2026-06-30 13:00:00,114.135,114.201,114.127,114.189,259,17,0
2026-06-30 13:15:00,114.19,114.208,114.139,114.143,317,17,0
2026-06-30 13:30:00,114.146,114.203,114.132,114.176,293,17,0
2026-06-30 13:45:00,114.177,114.224,114.174,114.217,265,17,0
2026-06-30 14:00:00,114.214,114.346,114.173,114.344,489,17,0
2026-06-30 14:15:00,114.346,114.364,114.314,114.339,362,17,0
2026-06-30 14:30:00,114.338,114.37,114.323,114.37,347,17,0
2026-06-30 14:45:00,114.371,114.573,114.371,114.535,703,17,0
2026-06-30 15:00:00,114.532,114.572,114.431,114.464,504,17,0
2026-06-30 15:15:00,114.466,114.485,114.448,114.451,261,17,0
2026-06-30 15:30:00,114.449,114.496,114.432,114.493,312,17,0
2026-06-30 15:45:00,114.492,114.509,114.438,114.462,269,17,0
2026-06-30 16:00:00,114.461,114.502,114.459,114.499,199,17,0
2026-06-30 16:15:00,114.498,114.502,114.458,114.46,150,17,0
2026-06-30 16:30:00,114.462,114.464,114.428,114.461,160,17,0
2026-06-30 16:45:00,114.46,114.476,114.434,114.467,167,17,0
2026-06-30 17:00:00,114.468,114.47,114.417,114.424,144,17,0
2026-06-30 17:15:00,114.423,114.429,114.409,114.417,107,17,0
2026-06-30 17:30:00,114.415,114.445,114.415,114.443,94,17,0
2026-06-30 17:45:00,114.442,114.475,114.431,114.459,125,17,0
2026-06-30 18:00:00,114.458,114.488,114.458,114.475,143,17,0
2026-06-30 18:15:00,114.474,114.484,114.46,114.482,96,17,0
2026-06-30 18:30:00,114.479,114.483,114.455,114.477,105,17,0
2026-06-30 18:45:00,114.476,114.492,114.457,114.481,171,17,0
2026-06-30 19:00:00,114.478,114.478,114.438,114.467,142,17,0
2026-06-30 19:15:00,114.465,114.496,114.456,114.482,142,17,0
2026-06-30 19:30:00,114.483,114.522,114.483,114.511,134,17,0
2026-06-30 19:45:00,114.51,114.651,114.501,114.622,292,17,0
2026-06-30 20:00:00,114.621,114.668,114.579,114.589,224,17,0
2026-06-30 20:15:00,114.586,114.59,114.552,114.563,95,17,0
2026-06-30 20:30:00,114.564,114.573,114.52,114.522,111,17,0
2026-06-30 20:45:00,114.525,114.529,114.494,114.504,168,17,0
2026-06-30 21:00:00,114.503,114.511,114.494,114.511,48,38,0
2026-06-30 21:15:00,114.508,114.509,114.495,114.508,96,43,0
2026-06-30 21:30:00,114.506,114.512,114.505,114.508,48,32,0
2026-06-30 21:45:00,114.505,114.512,114.496,114.511,87,31,0
2026-06-30 22:00:00,114.506,114.545,114.506,114.545,66,29,0
2026-06-30 22:15:00,114.538,114.561,114.538,114.555,43,29,0
2026-06-30 22:30:00,114.553,114.556,114.543,114.545,10,28,0
2026-06-30 22:45:00,114.543,114.543,114.533,114.538,34,28,0
2026-06-30 23:00:00,114.54,114.549,114.533,114.538,46,17,0
2026-06-30 23:15:00,114.537,114.537,114.491,114.493,88,17,0
2026-06-30 23:30:00,114.495,114.508,114.491,114.494,50,17,0
2026-06-30 23:45:00,114.496,114.501,114.46,114.461,115,17,0
2026-07-01 00:00:00,114.463,114.503,114.458,114.498,134,17,0
2026-07-01 00:15:00,114.496,114.498,114.432,114.435,167,17,0
2026-07-01 00:30:00,114.436,114.492,114.434,114.488,173,17,0
2026-07-01 00:45:00,114.487,114.509,114.437,114.457,274,17,0
2026-07-01 01:00:00,114.46,114.471,114.39,114.429,200,17,0
2026-07-01 01:15:00,114.427,114.438,114.38,114.411,173,17,0
2026-07-01 01:30:00,114.413,114.415,114.349,114.37,160,17,0
2026-07-01 01:45:00,114.368,114.407,114.361,114.407,129,17,0
2026-07-01 02:00:00,114.406,114.418,114.394,114.402,135,17,0
2026-07-01 02:15:00,114.406,114.418,114.404,114.413,101,17,0
2026-07-01 02:30:00,114.415,114.47,114.414,114.47,122,17,0
2026-07-01 02:45:00,114.468,114.486,114.453,114.457,125,17,0
2026-07-01 03:00:00,114.456,114.488,114.452,114.488,124,17,0
2026-07-01 03:15:00,114.485,114.51,114.485,114.501,103,17,0
2026-07-01 03:30:00,114.503,114.521,114.494,114.511,89,17,0
2026-07-01 03:45:00,114.51,114.517,114.488,114.502,76,17,0
2026-07-01 04:00:00,114.503,114.505,114.486,114.487,70,17,0
2026-07-01 04:15:00,114.485,114.496,114.477,114.496,65,17,0
2026-07-01 04:30:00,114.494,114.494,114.357,114.446,507,17,0
2026-07-01 04:45:00,114.447,114.486,114.447,114.478,125,17,0
2026-07-01 05:00:00,114.477,114.507,114.472,114.474,117,17,0
2026-07-01 05:15:00,114.476,114.51,114.463,114.505,100,17,0
2026-07-01 05:30:00,114.504,114.514,114.482,114.488,90,17,0
2026-07-01 05:45:00,114.491,114.496,114.468,114.491,110,17,0
2026-07-01 06:00:00,114.489,114.512,114.48,114.48,156,17,0
2026-07-01 06:15:00,114.479,114.483,114.448,114.45,150,17,0
2026-07-01 06:30:00,114.451,114.46,114.408,114.416,154,17,0
2026-07-01 06:45:00,114.414,114.432,114.384,114.428,153,17,0
2026-07-01 07:00:00,114.427,114.44,114.358,114.373,253,17,0
2026-07-01 07:15:00,114.374,114.441,114.372,114.398,187,17,0
2026-07-01 07:30:00,114.395,114.404,114.366,114.393,203,17,0
2026-07-01 07:45:00,114.392,114.43,114.376,114.414,146,17,0
2026-07-01 08:00:00,114.415,114.416,114.378,114.379,148,17,0
2026-07-01 08:15:00,114.377,114.383,114.348,114.348,148,17,0
2026-07-01 08:30:00,114.349,114.376,114.338,114.372,156,17,0
2026-07-01 08:45:00,114.373,114.377,114.35,114.372,140,17,0
2026-07-01 09:00:00,114.37,114.386,114.355,114.378,167,17,0
2026-07-01 09:15:00,114.377,114.404,114.374,114.381,123,17,0
2026-07-01 09:30:00,114.383,114.394,114.373,114.38,134,17,0
2026-07-01 09:45:00,114.379,114.405,114.373,114.401,116,17,0
2026-07-01 10:00:00,114.4,114.407,114.38,114.39,155,17,0
2026-07-01 10:15:00,114.391,114.429,114.39,114.427,133,17,0
2026-07-01 10:30:00,114.428,114.449,114.422,114.437,117,17,0
2026-07-01 10:45:00,114.441,114.46,114.436,114.446,96,17,0
2026-07-01 11:00:00,114.445,114.458,114.44,114.454,121,17,0
2026-07-01 11:15:00,114.455,114.462,114.435,114.435,89,17,0
2026-07-01 11:30:00,114.434,114.454,114.418,114.428,128,17,0
2026-07-01 11:45:00,114.427,114.438,114.394,114.397,116,17,0
2026-07-01 12:00:00,114.394,114.413,114.377,114.393,159,17,0
2026-07-01 12:15:00,114.391,114.419,114.382,114.385,166,17,0
2026-07-01 12:30:00,114.383,114.387,114.319,114.368,243,17,0
2026-07-01 12:45:00,114.367,114.373,114.313,114.316,204,17,0
2026-07-01 13:00:00,114.319,114.356,114.308,114.308,262,17,0
2026-07-01 13:15:00,114.31,114.403,114.287,114.366,485,17,0
2026-07-01 13:30:00,114.365,114.402,114.324,114.367,584,17,0
2026-07-01 13:45:00,114.364,114.382,114.287,114.293,581,17,0
2026-07-01 14:00:00,114.29,114.378,114.27,114.374,441,17,0
2026-07-01 14:15:00,114.371,114.38,114.307,114.344,390,17,0
2026-07-01 14:30:00,114.343,114.352,114.285,114.29,360,17,0
2026-07-01 14:45:00,114.288,114.35,114.267,114.333,424,17,0
2026-07-01 15:00:00,114.331,114.355,114.294,114.298,361,17,0
2026-07-01 15:15:00,114.3,114.369,114.295,114.354,277,17,0
2026-07-01 15:30:00,114.351,114.357,114.318,114.354,301,17,0
2026-07-01 15:45:00,114.355,114.36,114.315,114.323,182,17,0
2026-07-01 16:00:00,114.325,114.351,114.318,114.328,198,17,0
2026-07-01 16:15:00,114.327,114.344,114.314,114.33,168,17,0
2026-07-01 16:30:00,114.329,114.334,114.312,114.324,124,17,0
2026-07-01 16:45:00,114.323,114.333,114.296,114.33,148,17,0
2026-07-01 17:00:00,114.333,114.344,114.309,114.323,202,17,0
2026-07-01 17:15:00,114.326,114.344,114.317,114.338,116,17,0
2026-07-01 17:30:00,114.342,114.38,114.342,114.348,114,17,0
2026-07-01 17:45:00,114.347,114.352,114.334,114.348,106,17,0
2026-07-01 18:00:00,114.349,114.361,114.334,114.35,103,17,0
2026-07-01 18:15:00,114.348,114.356,114.328,114.346,93,17,0
2026-07-01 18:30:00,114.345,114.351,114.319,114.339,79,17,0
2026-07-01 18:45:00,114.337,114.346,114.314,114.324,98,17,0
2026-07-01 19:00:00,114.323,114.341,114.319,114.323,85,17,0
2026-07-01 19:15:00,114.322,114.332,114.321,114.327,64,17,0
2026-07-01 19:30:00,114.328,114.333,114.322,114.333,66,17,0
2026-07-01 19:45:00,114.335,114.367,114.329,114.366,115,17,0
2026-07-01 20:00:00,114.365,114.369,114.342,114.353,103,17,0
2026-07-01 20:15:00,114.351,114.382,114.338,114.381,74,17,0
2026-07-01 20:30:00,114.383,114.387,114.364,114.369,61,17,0
2026-07-01 20:45:00,114.368,114.386,114.362,114.374,61,17,0
2026-07-01 21:00:00,114.373,114.373,114.372,114.372,2,38,0
2026-07-01 21:15:00,114.373,114.373,114.364,114.373,61,38,0
2026-07-01 21:30:00,114.372,114.379,114.362,114.362,67,28,0
2026-07-01 21:45:00,114.365,114.38,114.363,114.377,43,25,0
2026-07-01 22:00:00,114.373,114.373,114.331,114.336,49,34,0
2026-07-01 22:15:00,114.336,114.337,114.333,114.335,7,32,0
2026-07-01 22:30:00,114.329,114.329,114.314,114.321,12,31,0
2026-07-01 22:45:00,114.322,114.322,114.32,114.322,6,30,0
2026-07-01 23:00:00,114.327,114.334,114.32,114.334,42,17,0
2026-07-01 23:15:00,114.332,114.342,114.332,114.336,25,17,0
2026-07-01 23:30:00,114.337,114.343,114.31,114.343,58,17,0
2026-07-01 23:45:00,114.341,114.341,114.309,114.323,89,17,0
2026-07-02 00:00:00,114.32,114.325,114.254,114.28,201,17,0
2026-07-02 00:15:00,114.282,114.333,114.273,114.324,139,17,0
2026-07-02 00:30:00,114.325,114.337,114.301,114.325,139,17,0
2026-07-02 00:45:00,114.328,114.364,114.319,114.337,239,17,0
2026-07-02 01:00:00,114.338,114.361,114.326,114.358,130,17,0
2026-07-02 01:15:00,114.361,114.366,114.346,114.351,103,17,0
2026-07-02 01:30:00,114.348,114.361,114.342,114.35,103,17,0
2026-07-02 01:45:00,114.351,114.36,114.341,114.345,84,17,0
2026-07-02 02:00:00,114.343,114.379,114.34,114.374,108,17,0
2026-07-02 02:15:00,114.372,114.393,114.366,114.366,85,17,0
2026-07-02 02:30:00,114.365,114.365,114.343,114.358,70,17,0
2026-07-02 02:45:00,114.356,114.356,114.323,114.331,74,17,0
2026-07-02 03:00:00,114.33,114.345,114.313,114.314,67,17,0
2026-07-02 03:15:00,114.313,114.317,114.294,114.311,47,17,0
2026-07-02 03:30:00,114.312,114.321,114.311,114.315,47,17,0
2026-07-02 03:45:00,114.316,114.316,114.256,114.274,112,17,0
2026-07-02 04:00:00,114.273,114.275,114.233,114.261,218,17,0
2026-07-02 04:15:00,114.262,114.272,114.255,114.272,90,17,0
2026-07-02 04:30:00,114.271,114.272,114.245,114.255,77,17,0
2026-07-02 04:45:00,114.256,114.28,114.25,114.28,74,17,0
2026-07-02 05:00:00,114.278,114.278,114.238,114.242,112,17,0
2026-07-02 05:15:00,114.239,114.253,114.234,114.239,80,17,0
2026-07-02 05:30:00,114.237,114.248,114.221,114.236,105,17,0
2026-07-02 05:45:00,114.234,114.244,114.192,114.202,99,17,0
2026-07-02 06:00:00,114.199,114.228,114.142,114.187,486,17,0
2026-07-02 06:15:00,114.186,114.203,114.142,114.176,293,17,0
2026-07-02 06:30:00,114.179,114.198,114.14,114.191,227,17,0
2026-07-02 06:45:00,114.194,114.201,113.523,113.952,2792,17,0
2026-07-02 07:00:00,113.95,114.014,113.79,113.813,1010,17,0
2026-07-02 07:15:00,113.815,113.9,113.797,113.838,603,17,0
2026-07-02 07:30:00,113.839,113.862,113.674,113.721,777,17,0
2026-07-02 07:45:00,113.724,113.784,113.661,113.691,806,17,0
2026-07-02 08:00:00,113.689,113.721,113.556,113.577,856,17,0
2026-07-02 08:15:00,113.576,113.707,113.569,113.63,791,17,0
2026-07-02 08:30:00,113.629,113.654,113.536,113.617,775,17,0
2026-07-02 08:45:00,113.614,113.647,113.424,113.483,852,17,0
2026-07-02 09:00:00,113.481,113.65,113.472,113.638,570,17,0
2026-07-02 09:15:00,113.641,113.649,113.539,113.549,394,17,0
2026-07-02 09:30:00,113.546,113.563,113.488,113.559,405,17,0
2026-07-02 09:45:00,113.562,113.594,113.507,113.559,476,17,0
2026-07-02 10:00:00,113.557,113.629,113.552,113.625,374,17,0
2026-07-02 10:15:00,113.624,113.726,113.622,113.715,318,17,0
2026-07-02 10:30:00,113.712,113.714,113.668,113.672,220,17,0
2026-07-02 10:45:00,113.671,113.673,113.576,113.588,234,17,0
2026-07-02 11:00:00,113.589,113.627,113.559,113.595,289,17,0
2026-07-02 11:15:00,113.597,113.603,113.567,113.588,190,17,0
2026-07-02 11:30:00,113.591,113.603,113.564,113.596,201,17,0
2026-07-02 11:45:00,113.597,113.63,113.568,113.611,249,17,0
2026-07-02 12:00:00,113.609,113.718,113.597,113.658,383,17,0
2026-07-02 12:15:00,113.661,113.698,113.6,113.629,396,17,0
2026-07-02 12:30:00,113.636,113.64,113.325,113.604,2402,17,0
2026-07-02 12:45:00,113.602,113.684,113.571,113.602,1076,17,0
2026-07-02 13:00:00,113.605,113.616,113.525,113.592,813,17,0
2026-07-02 13:15:00,113.594,113.676,113.591,113.665,565,17,0
2026-07-02 13:30:00,113.662,113.679,113.611,113.64,629,17,0
2026-07-02 13:45:00,113.639,113.658,113.506,113.515,521,17,0
2026-07-02 14:00:00,113.514,113.54,113.461,113.521,543,17,0
2026-07-02 14:15:00,113.522,113.629,113.517,113.582,456,17,0
2026-07-02 14:30:00,113.579,113.58,113.535,113.556,462,17,0
2026-07-02 14:45:00,113.553,113.579,113.505,113.577,464,17,0
2026-07-02 15:00:00,113.575,113.582,113.485,113.487,479,17,0
2026-07-02 15:15:00,113.486,113.49,113.397,113.428,376,17,0
2026-07-02 15:30:00,113.427,113.441,113.394,113.437,382,17,0
2026-07-02 15:45:00,113.434,113.47,113.432,113.455,273,17,0
2026-07-02 16:00:00,113.451,113.514,113.438,113.485,314,17,0
2026-07-02 16:15:00,113.488,113.572,113.477,113.572,270,17,0
2026-07-02 16:30:00,113.574,113.585,113.525,113.555,238,17,0
2026-07-02 16:45:00,113.556,113.561,113.518,113.542,318,17,0
2026-07-02 17:00:00,113.543,113.568,113.516,113.563,185,17,0
2026-07-02 17:15:00,113.565,113.61,113.56,113.607,145,17,0
2026-07-02 17:30:00,113.606,113.611,113.575,113.577,171,17,0
2026-07-02 17:45:00,113.578,113.595,113.567,113.58,211,17,0
2026-07-02 18:00:00,113.582,113.611,113.554,113.596,181,17,0
2026-07-02 18:15:00,113.598,113.612,113.583,113.601,162,17,0
2026-07-02 18:30:00,113.6,113.621,113.588,113.596,123,17,0
2026-07-02 18:45:00,113.594,113.598,113.564,113.568,97,17,0
2026-07-02 19:00:00,113.567,113.578,113.554,113.56,147,17,0
2026-07-02 19:15:00,113.558,113.61,113.558,113.604,118,17,0
2026-07-02 19:30:00,113.605,113.634,113.605,113.634,122,17,0
2026-07-02 19:45:00,113.632,113.632,113.587,113.619,164,17,0
2026-07-02 20:00:00,113.617,113.626,113.591,113.593,102,17,0
2026-07-02 20:15:00,113.592,113.602,113.565,113.569,60,17,0
2026-07-02 20:30:00,113.57,113.606,113.57,113.605,70,17,0
2026-07-02 20:45:00,113.602,113.622,113.596,113.61,104,17,0
2026-07-02 21:00:00,113.609,113.609,113.575,113.575,27,38,0
2026-07-02 21:15:00,113.576,113.585,113.542,113.559,99,59,0
2026-07-02 21:30:00,113.562,113.579,113.556,113.573,135,56,0
2026-07-02 21:45:00,113.57,113.584,113.565,113.584,61,46,0
2026-07-02 22:00:00,113.59,113.609,113.578,113.589,46,38,0
2026-07-02 22:15:00,113.592,113.607,113.592,113.607,37,33,0
2026-07-02 22:30:00,113.609,113.678,113.608,113.665,86,31,0
2026-07-02 22:45:00,113.667,113.691,113.659,113.676,73,30,0
2026-07-02 23:00:00,113.683,113.686,113.663,113.674,94,17,0
2026-07-02 23:15:00,113.677,113.688,113.666,113.688,59,17,0
2026-07-02 23:30:00,113.691,113.722,113.687,113.722,109,17,0
2026-07-02 23:45:00,113.724,113.777,113.716,113.773,154,17,0
2026-07-03 00:00:00,113.772,113.788,113.711,113.774,293,17,0
2026-07-03 00:15:00,113.772,113.774,113.737,113.739,176,17,0
2026-07-03 00:30:00,113.737,113.748,113.701,113.703,157,17,0
2026-07-03 00:45:00,113.702,113.72,113.624,113.626,368,17,0
2026-07-03 01:00:00,113.625,113.671,113.56,113.569,357,17,0
2026-07-03 01:15:00,113.571,113.621,113.513,113.618,404,17,0
2026-07-03 01:30:00,113.617,113.7,113.602,113.685,276,17,0
2026-07-03 01:45:00,113.687,113.741,113.685,113.712,197,17,0
2026-07-03 02:00:00,113.714,113.721,113.674,113.691,205,17,0
2026-07-03 02:15:00,113.693,113.727,113.677,113.718,143,17,0
2026-07-03 02:30:00,113.716,113.768,113.714,113.752,155,17,0
2026-07-03 02:45:00,113.754,113.756,113.722,113.728,172,17,0
2026-07-03 03:00:00,113.726,113.747,113.72,113.736,124,17,0
2026-07-03 03:15:00,113.738,113.757,113.732,113.733,98,17,0
2026-07-03 03:30:00,113.732,113.741,113.723,113.734,103,17,0
2026-07-03 03:45:00,113.731,113.737,113.701,113.727,91,17,0
2026-07-03 04:00:00,113.73,113.761,113.727,113.757,92,17,0
2026-07-03 04:15:00,113.756,113.777,113.753,113.759,99,17,0
2026-07-03 04:30:00,113.762,113.79,113.76,113.786,125,17,0
2026-07-03 04:45:00,113.788,113.792,113.744,113.744,113,17,0
2026-07-03 05:00:00,113.741,113.741,113.683,113.726,248,17,0
2026-07-03 05:15:00,113.725,113.739,113.691,113.728,167,17,0
2026-07-03 05:30:00,113.725,113.784,113.717,113.778,162,17,0
2026-07-03 05:45:00,113.776,113.799,113.773,113.788,142,17,0
2026-07-03 06:00:00,113.786,113.786,113.688,113.7,263,17,0
2026-07-03 06:15:00,113.703,113.705,113.627,113.628,263,17,0
2026-07-03 06:30:00,113.63,113.646,113.31,113.502,1455,17,0
2026-07-03 06:45:00,113.504,113.531,113.424,113.517,440,17,0
2026-07-03 07:00:00,113.516,113.54,113.415,113.416,417,17,0
2026-07-03 07:15:00,113.418,113.509,113.418,113.45,349,17,0
2026-07-03 07:30:00,113.451,113.577,113.445,113.519,378,17,0
2026-07-03 07:45:00,113.517,113.539,113.395,113.429,441,17,0
2026-07-03 08:00:00,113.432,113.483,113.414,113.452,281,17,0
2026-07-03 08:15:00,113.453,113.483,113.426,113.447,185,17,0
2026-07-03 08:30:00,113.45,113.499,113.45,113.495,160,17,0
2026-07-03 08:45:00,113.496,113.561,113.495,113.559,150,17,0
2026-07-03 09:00:00,113.557,113.573,113.51,113.51,182,17,0
2026-07-03 09:15:00,113.511,113.573,113.506,113.563,140,17,0
2026-07-03 09:30:00,113.561,113.568,113.539,113.543,105,17,0
2026-07-03 09:45:00,113.541,113.592,113.537,113.582,172,17,0
2026-07-03 10:00:00,113.58,113.628,113.58,113.608,148,17,0
2026-07-03 10:15:00,113.606,113.61,113.583,113.589,118,17,0
2026-07-03 10:30:00,113.592,113.597,113.569,113.58,128,17,0
2026-07-03 10:45:00,113.578,113.578,113.54,113.553,95,17,0
2026-07-03 11:00:00,113.552,113.567,113.52,113.535,161,17,0
2026-07-03 11:15:00,113.536,113.547,113.519,113.528,154,17,0
2026-07-03 11:30:00,113.531,113.549,113.521,113.542,115,17,0
2026-07-03 11:45:00,113.539,113.551,113.488,113.506,162,17,0
2026-07-03 12:00:00,113.503,113.503,113.45,113.466,179,17,0
2026-07-03 12:15:00,113.468,113.473,113.448,113.468,150,17,0
2026-07-03 12:30:00,113.469,113.469,113.441,113.451,106,17,0
2026-07-03 12:45:00,113.453,113.481,113.432,113.478,115,17,0
2026-07-03 13:00:00,113.48,113.559,113.48,113.559,168,17,0
2026-07-03 13:15:00,113.556,113.558,113.497,113.51,158,17,0
2026-07-03 13:30:00,113.509,113.544,113.506,113.543,165,17,0
2026-07-03 13:45:00,113.544,113.572,113.54,113.561,147,17,0
2026-07-03 14:00:00,113.56,113.59,113.555,113.566,167,17,0
2026-07-03 14:15:00,113.568,113.585,113.524,113.585,168,17,0
2026-07-03 14:30:00,113.587,113.59,113.558,113.569,146,17,0
2026-07-03 14:45:00,113.571,113.605,113.543,113.595,179,17,0
2026-07-03 15:00:00,113.597,113.597,113.549,113.549,234,17,0
2026-07-03 15:15:00,113.551,113.564,113.538,113.545,112,17,0
2026-07-03 15:30:00,113.544,113.579,113.544,113.571,129,17,0
2026-07-03 15:45:00,113.57,113.601,113.554,113.596,101,17,0
2026-07-03 16:00:00,113.595,113.595,113.56,113.564,94,17,0
2026-07-03 16:15:00,113.565,113.608,113.564,113.601,77,17,0
2026-07-03 16:30:00,113.602,113.614,113.598,113.613,80,17,0
2026-07-03 16:45:00,113.611,113.614,113.596,113.605,89,17,0
2026-07-03 17:00:00,113.602,113.607,113.574,113.597,154,17,0
2026-07-03 17:15:00,113.599,113.607,113.584,113.589,113,17,0
2026-07-03 17:30:00,113.588,113.599,113.553,113.563,104,17,0
2026-07-03 17:45:00,113.564,113.582,113.552,113.579,98,17,0
2026-07-03 18:00:00,113.577,113.632,113.575,113.618,144,17,0
2026-07-03 18:15:00,113.62,113.637,113.609,113.616,116,17,0
2026-07-03 18:30:00,113.619,113.634,113.603,113.627,173,17,0
2026-07-03 18:45:00,113.628,113.646,113.628,113.642,85,17,0
2026-07-03 19:00:00,113.645,113.646,113.627,113.635,60,17,0
2026-07-03 19:15:00,113.633,113.636,113.612,113.631,104,17,0
2026-07-03 19:30:00,113.635,113.646,113.627,113.642,44,17,0
2026-07-03 19:45:00,113.638,113.638,113.596,113.618,129,17,0
2026-07-03 20:00:00,113.62,113.632,113.583,113.589,183,17,0
2026-07-03 20:15:00,113.586,113.621,113.584,113.618,152,17,0
2026-07-03 20:30:00,113.615,113.622,113.575,113.61,251,17,0
2026-07-03 20:45:00,113.612,113.648,113.579,113.613,290,17,0
2026-07-05 21:00:00,113.614,113.617,113.6,113.607,16,34,0
2026-07-05 21:15:00,113.578,113.609,113.578,113.602,19,29,0
2026-07-05 21:30:00,113.603,113.606,113.568,113.589,181,28,0
2026-07-05 21:45:00,113.587,113.595,113.581,113.595,108,26,0
2026-07-05 22:00:00,113.595,113.671,113.558,113.635,117,41,0
2026-07-05 22:15:00,113.634,113.636,113.584,113.591,54,41,0
2026-07-05 22:30:00,113.595,113.64,113.595,113.64,49,41,0
2026-07-05 22:45:00,113.641,113.641,113.62,113.624,24,40,0
2026-07-05 23:00:00,113.635,113.673,113.635,113.656,70,17,0
2026-07-05 23:15:00,113.658,113.686,113.655,113.674,58,17,0
2026-07-05 23:30:00,113.672,113.683,113.66,113.663,63,17,0
2026-07-05 23:45:00,113.66,113.668,113.637,113.662,119,17,0
2026-07-06 00:00:00,113.664,113.698,113.636,113.675,228,17,0
2026-07-06 00:15:00,113.677,113.703,113.646,113.672,210,17,0
2026-07-06 00:30:00,113.674,113.729,113.663,113.713,206,17,0
2026-07-06 00:45:00,113.714,113.764,113.678,113.707,356,17,0
2026-07-06 01:00:00,113.706,113.761,113.701,113.761,220,17,0
2026-07-06 01:15:00,113.764,113.842,113.76,113.842,233,17,0
2026-07-06 01:30:00,113.841,113.841,113.807,113.813,149,17,0
2026-07-06 01:45:00,113.812,113.862,113.811,113.858,161,17,0
2026-07-06 02:00:00,113.86,113.904,113.847,113.891,146,17,0
2026-07-06 02:15:00,113.893,113.898,113.856,113.859,113,17,0
2026-07-06 02:30:00,113.86,113.878,113.847,113.852,110,17,0
2026-07-06 02:45:00,113.854,113.87,113.838,113.855,116,17,0
2026-07-06 03:00:00,113.858,113.866,113.85,113.861,82,17,0
2026-07-06 03:15:00,113.858,113.874,113.849,113.858,112,17,0
2026-07-06 03:30:00,113.857,113.859,113.842,113.848,92,17,0
2026-07-06 03:45:00,113.849,113.894,113.849,113.886,87,17,0
2026-07-06 04:00:00,113.889,113.903,113.88,113.901,94,17,0
2026-07-06 04:15:00,113.899,113.913,113.894,113.909,67,17,0
2026-07-06 04:30:00,113.91,113.969,113.906,113.958,99,17,0
2026-07-06 04:45:00,113.959,113.977,113.959,113.975,101,17,0
2026-07-06 05:00:00,113.976,113.992,113.934,113.966,185,17,0
2026-07-06 05:15:00,113.968,113.987,113.968,113.978,101,17,0
2026-07-06 05:30:00,113.979,114.003,113.974,113.985,96,17,0
2026-07-06 05:45:00,113.988,114.053,113.988,114.05,217,17,0
2026-07-06 06:00:00,114.052,114.103,114.023,114.093,308,17,0
2026-07-06 06:15:00,114.095,114.168,114.074,114.106,387,17,0
2026-07-06 06:30:00,114.109,114.114,114.06,114.06,314,17,0
2026-07-06 06:45:00,114.059,114.159,114.057,114.126,313,17,0
2026-07-06 07:00:00,114.125,114.153,114.101,114.128,402,17,0
2026-07-06 07:15:00,114.129,114.156,114.116,114.116,264,17,0
2026-07-06 07:30:00,114.117,114.117,114.057,114.071,295,17,0
2026-07-06 07:45:00,114.069,114.098,114.042,114.043,217,17,0
2026-07-06 08:00:00,114.044,114.11,114.044,114.073,243,17,0
2026-07-06 08:15:00,114.07,114.075,114.03,114.042,181,17,0
2026-07-06 08:30:00,114.044,114.066,114.039,114.057,146,17,0
2026-07-06 08:45:00,114.055,114.055,114.027,114.03,143,17,0
2026-07-06 09:00:00,114.031,114.053,114.018,114.045,192,17,0
2026-07-06 09:15:00,114.044,114.071,114.03,114.065,135,17,0
2026-07-06 09:30:00,114.067,114.071,114.04,114.055,127,17,0
2026-07-06 09:45:00,114.054,114.084,114.052,114.079,142,17,0
2026-07-06 10:00:00,114.08,114.143,114.077,114.097,241,17,0
2026-07-06 10:15:00,114.099,114.217,114.099,114.216,232,17,0
2026-07-06 10:30:00,114.214,114.214,114.167,114.167,141,17,0
2026-07-06 10:45:00,114.165,114.185,114.143,114.154,158,17,0
2026-07-06 11:00:00,114.157,114.157,114.124,114.149,137,17,0
2026-07-06 11:15:00,114.148,114.155,114.131,114.154,112,17,0
2026-07-06 11:30:00,114.156,114.165,114.126,114.128,138,17,0
2026-07-06 11:45:00,114.129,114.141,114.102,114.14,184,17,0
2026-07-06 12:00:00,114.141,114.174,114.124,114.127,205,17,0
2026-07-06 12:15:00,114.124,114.124,114.082,114.095,169,17,0
2026-07-06 12:30:00,114.096,114.116,114.057,114.058,214,17,0
2026-07-06 12:45:00,114.061,114.09,114.036,114.077,199,17,0
2026-07-06 13:00:00,114.079,114.11,114.069,114.106,203,17,0
2026-07-06 13:15:00,114.109,114.181,114.101,114.18,251,17,0
2026-07-06 13:30:00,114.177,114.201,114.164,114.183,248,17,0
2026-07-06 13:45:00,114.186,114.191,114.1,114.111,282,17,0
2026-07-06 14:00:00,114.104,114.126,114.035,114.073,341,17,0
2026-07-06 14:15:00,114.074,114.076,114.039,114.056,211,17,0
2026-07-06 14:30:00,114.054,114.08,114.036,114.042,194,17,0
2026-07-06 14:45:00,114.041,114.162,114.04,114.136,298,17,0
2026-07-06 15:00:00,114.134,114.152,114.095,114.13,251,17,0
2026-07-06 15:15:00,114.129,114.18,114.12,114.17,155,17,0
2026-07-06 15:30:00,114.169,114.207,114.159,114.176,182,17,0
2026-07-06 15:45:00,114.177,114.195,114.143,114.157,149,17,0
2026-07-06 16:00:00,114.155,114.184,114.149,114.152,140,17,0
2026-07-06 16:15:00,114.151,114.176,114.137,114.138,106,17,0
2026-07-06 16:30:00,114.141,114.155,114.136,114.149,112,17,0
2026-07-06 16:45:00,114.148,114.157,114.132,114.132,113,17,0
2026-07-06 17:00:00,114.13,114.162,114.121,114.153,129,17,0
2026-07-06 17:15:00,114.154,114.161,114.095,114.11,143,17,0
2026-07-06 17:30:00,114.111,114.123,114.087,114.091,122,17,0
2026-07-06 17:45:00,114.092,114.092,114.077,114.085,109,17,0
2026-07-06 18:00:00,114.086,114.104,114.079,114.09,83,17,0
2026-07-06 18:15:00,114.089,114.091,114.062,114.074,97,17,0
2026-07-06 18:30:00,114.075,114.093,114.067,114.076,123,17,0
2026-07-06 18:45:00,114.078,114.099,114.026,114.042,253,17,0
2026-07-06 19:00:00,114.045,114.089,114.037,114.08,106,17,0
2026-07-06 19:15:00,114.081,114.085,114.066,114.084,92,17,0
2026-07-06 19:30:00,114.08,114.109,114.049,114.109,141,17,0
2026-07-06 19:45:00,114.108,114.112,114.039,114.072,191,17,0
2026-07-06 20:00:00,114.069,114.082,114.04,114.073,136,17,0
2026-07-06 20:15:00,114.072,114.09,114.043,114.06,96,17,0
2026-07-06 20:30:00,114.057,114.099,114.056,114.086,74,17,0
2026-07-06 20:45:00,114.089,114.1,114.079,114.095,105,17,0
2026-07-06 21:00:00,114.094,114.096,114.091,114.093,24,38,0
2026-07-06 21:15:00,114.094,114.099,114.075,114.075,49,27,0
2026-07-06 21:30:00,114.074,114.091,114.067,114.081,106,28,0
2026-07-06 21:45:00,114.084,114.089,114.052,114.086,115,31,0
2026-07-06 22:00:00,114.087,114.109,114.068,114.08,65,30,0
2026-07-06 22:15:00,114.078,114.098,114.07,114.091,50,29,0
2026-07-06 22:30:00,114.082,114.084,114.071,114.074,34,29,0
2026-07-06 22:45:00,114.072,114.083,114.062,114.079,32,28,0
2026-07-06 23:00:00,114.083,114.083,114.042,114.055,103,17,0
2026-07-06 23:15:00,114.051,114.066,114.039,114.04,59,17,0
2026-07-06 23:30:00,114.039,114.092,114.039,114.079,90,17,0
2026-07-06 23:45:00,114.076,114.094,114.07,114.081,80,17,0
2026-07-07 00:00:00,114.082,114.101,114.064,114.101,131,17,0
2026-07-07 00:15:00,114.103,114.125,114.097,114.111,92,17,0
2026-07-07 00:30:00,114.109,114.113,114.09,114.102,99,17,0
2026-07-07 00:45:00,114.1,114.117,114.053,114.064,264,17,0
2026-07-07 01:00:00,114.066,114.067,114.043,114.046,143,17,0
2026-07-07 01:15:00,114.047,114.052,113.964,113.966,160,17,0
2026-07-07 01:30:00,113.963,113.963,113.758,113.93,575,17,0
2026-07-07 01:45:00,113.931,113.934,113.845,113.898,376,17,0
2026-07-07 02:00:00,113.899,113.906,113.855,113.899,189,17,0
2026-07-07 02:15:00,113.9,113.908,113.876,113.908,123,17,0
2026-07-07 02:30:00,113.906,113.918,113.894,113.901,104,17,0
2026-07-07 02:45:00,113.904,113.911,113.885,113.9,107,17,0
2026-07-07 03:00:00,113.899,113.911,113.885,113.904,100,17,0
2026-07-07 03:15:00,113.902,113.902,113.834,113.844,175,17,0
2026-07-07 03:30:00,113.845,113.877,113.832,113.871,127,17,0
2026-07-07 03:45:00,113.87,113.87,113.833,113.853,90,17,0
2026-07-07 04:00:00,113.855,113.874,113.837,113.839,78,17,0
2026-07-07 04:15:00,113.841,113.847,113.808,113.811,74,17,0
2026-07-07 04:30:00,113.808,113.808,113.738,113.758,185,17,0
2026-07-07 04:45:00,113.76,113.796,113.735,113.796,151,17,0
2026-07-07 05:00:00,113.794,113.802,113.77,113.779,182,17,0
2026-07-07 05:15:00,113.781,113.834,113.777,113.817,152,17,0
2026-07-07 05:30:00,113.818,113.827,113.794,113.814,183,17,0
2026-07-07 05:45:00,113.81,113.853,113.786,113.844,166,17,0
2026-07-07 06:00:00,113.842,113.905,113.841,113.891,204,17,0
2026-07-07 06:15:00,113.89,113.973,113.89,113.968,196,17,0
2026-07-07 06:30:00,113.965,113.983,113.945,113.952,146,17,0
2026-07-07 06:45:00,113.951,113.99,113.949,113.99,126,17,0
2026-07-07 07:00:00,113.991,114.017,113.961,113.964,222,17,0
2026-07-07 07:15:00,113.962,113.964,113.74,113.921,616,17,0
2026-07-07 07:30:00,113.923,113.936,113.889,113.916,240,17,0
2026-07-07 07:45:00,113.918,113.92,113.823,113.884,452,17,0
2026-07-07 08:00:00,113.886,113.904,113.845,113.87,295,17,0
2026-07-07 08:15:00,113.873,113.898,113.852,113.896,215,17,0
2026-07-07 08:30:00,113.893,113.92,113.881,113.887,211,17,0
2026-07-07 08:45:00,113.89,113.922,113.886,113.903,239,17,0
2026-07-07 09:00:00,113.906,113.913,113.861,113.891,244,17,0
2026-07-07 09:15:00,113.889,113.906,113.865,113.894,147,17,0
2026-07-07 09:30:00,113.892,113.924,113.883,113.923,154,17,0
2026-07-07 09:45:00,113.919,113.948,113.915,113.92,166,17,0
2026-07-07 10:00:00,113.919,113.922,113.899,113.915,131,17,0
2026-07-07 10:15:00,113.912,113.919,113.887,113.89,129,17,0
2026-07-07 10:30:00,113.891,113.913,113.884,113.91,117,17,0
2026-07-07 10:45:00,113.912,113.95,113.906,113.949,95,17,0
2026-07-07 11:00:00,113.948,113.96,113.923,113.946,141,17,0
2026-07-07 11:15:00,113.949,113.976,113.914,113.928,204,17,0
2026-07-07 11:30:00,113.93,113.96,113.92,113.93,149,17,0
2026-07-07 11:45:00,113.931,113.937,113.896,113.902,193,17,0
2026-07-07 12:00:00,113.904,113.907,113.838,113.842,200,17,0
2026-07-07 12:15:00,113.843,113.846,113.812,113.812,234,17,0
2026-07-07 12:30:00,113.815,113.837,113.777,113.801,263,17,0
2026-07-07 12:45:00,113.802,113.822,113.793,113.811,160,17,0
2026-07-07 13:00:00,113.814,113.834,113.793,113.812,192,17,0
2026-07-07 13:15:00,113.81,113.898,113.806,113.898,238,17,0
2026-07-07 13:30:00,113.895,113.947,113.895,113.924,283,17,0
2026-07-07 13:45:00,113.927,113.985,113.912,113.968,268,17,0
2026-07-07 14:00:00,113.972,114.037,113.97,113.991,360,17,0
2026-07-07 14:15:00,113.995,114.006,113.953,114.003,248,17,0
2026-07-07 14:30:00,114.001,114.063,113.989,114.033,218,17,0
2026-07-07 14:45:00,114.036,114.115,114.03,114.06,402,17,0
2026-07-07 15:00:00,114.063,114.076,114.042,114.057,280,17,0
2026-07-07 15:15:00,114.059,114.101,114.046,114.085,193,17,0
2026-07-07 15:30:00,114.083,114.111,114.06,114.067,174,17,0
2026-07-07 15:45:00,114.07,114.088,114.057,114.059,195,17,0
2026-07-07 16:00:00,114.055,114.098,114.055,114.083,173,17,0
2026-07-07 16:15:00,114.085,114.092,114.064,114.067,145,17,0
2026-07-07 16:30:00,114.069,114.078,114.052,114.062,120,17,0
2026-07-07 16:45:00,114.061,114.097,114.054,114.097,108,17,0
2026-07-07 17:00:00,114.099,114.108,114.067,114.068,130,17,0
2026-07-07 17:15:00,114.07,114.116,114.065,114.116,105,17,0
2026-07-07 17:30:00,114.114,114.121,114.103,114.107,84,17,0
2026-07-07 17:45:00,114.108,114.114,114.1,114.112,75,17,0
2026-07-07 18:00:00,114.113,114.148,114.113,114.124,94,17,0
2026-07-07 18:15:00,114.127,114.127,114.104,114.112,94,17,0
2026-07-07 18:30:00,114.11,114.11,114.064,114.071,126,17,0
2026-07-07 18:45:00,114.069,114.103,114.047,114.072,261,17,0
2026-07-07 19:00:00,114.071,114.112,114.071,114.105,234,17,0
2026-07-07 19:15:00,114.104,114.139,114.102,114.131,228,17,0
2026-07-07 19:30:00,114.132,114.14,114.116,114.138,137,17,0
2026-07-07 19:45:00,114.137,114.179,114.128,114.164,151,17,0
2026-07-07 20:00:00,114.165,114.169,114.139,114.155,79,17,0
2026-07-07 20:15:00,114.157,114.173,114.137,114.137,84,17,0
2026-07-07 20:30:00,114.135,114.151,114.119,114.144,85,17,0
2026-07-07 20:45:00,114.146,114.161,114.14,114.143,78,17,0
2026-07-07 21:00:00,114.142,114.147,114.142,114.147,15,38,0
2026-07-07 21:15:00,114.149,114.152,114.131,114.131,127,38,0
2026-07-07 21:30:00,114.131,114.155,114.128,114.148,94,52,0
2026-07-07 21:45:00,114.149,114.166,114.148,114.166,47,34,0
2026-07-07 22:00:00,114.166,114.184,114.142,114.159,66,30,0
2026-07-07 22:15:00,114.148,114.151,114.113,114.139,47,29,0
2026-07-07 22:30:00,114.136,114.181,114.136,114.169,39,29,0
2026-07-07 22:45:00,114.159,114.205,114.159,114.205,43,28,0
2026-07-07 23:00:00,114.211,114.271,114.207,114.264,117,17,0
2026-07-07 23:15:00,114.267,114.287,114.254,114.279,93,17,0
2026-07-07 23:30:00,114.277,114.31,114.257,114.3,101,17,0
2026-07-07 23:45:00,114.297,114.302,114.267,114.296,153,17,0
2026-07-08 00:00:00,114.298,114.325,114.26,114.319,334,17,0
2026-07-08 00:15:00,114.316,114.358,114.311,114.35,250,17,0
2026-07-08 00:30:00,114.349,114.365,114.308,114.318,202,17,0
2026-07-08 00:45:00,114.316,114.326,114.273,114.312,268,17,0
2026-07-08 01:00:00,114.31,114.313,114.278,114.304,177,17,0
2026-07-08 01:15:00,114.306,114.323,114.303,114.323,132,17,0
2026-07-08 01:30:00,114.322,114.343,114.294,114.339,133,17,0
2026-07-08 01:45:00,114.338,114.339,114.312,114.32,192,17,0
2026-07-08 02:00:00,114.323,114.381,114.309,114.376,195,17,0
2026-07-08 02:15:00,114.379,114.402,114.377,114.398,150,17,0
2026-07-08 02:30:00,114.397,114.406,114.378,114.38,114,17,0
2026-07-08 02:45:00,114.379,114.387,114.356,114.356,71,17,0
2026-07-08 03:00:00,114.354,114.368,114.336,114.362,134,17,0
2026-07-08 03:15:00,114.361,114.368,114.337,114.339,96,17,0
2026-07-08 03:30:00,114.342,114.359,114.34,114.344,99,17,0
2026-07-08 03:45:00,114.343,114.352,114.339,114.35,60,17,0
2026-07-08 04:00:00,114.353,114.357,114.334,114.351,87,17,0
2026-07-08 04:15:00,114.35,114.38,114.348,114.373,65,17,0
2026-07-08 04:30:00,114.375,114.401,114.369,114.391,82,17,0
2026-07-08 04:45:00,114.388,114.411,114.386,114.399,88,17,0
2026-07-08 05:00:00,114.4,114.433,114.4,114.409,125,17,0
2026-07-08 05:15:00,114.406,114.421,114.405,114.405,79,17,0
2026-07-08 05:30:00,114.404,114.418,114.362,114.395,157,17,0
2026-07-08 05:45:00,114.396,114.43,114.385,114.408,124,17,0
2026-07-08 06:00:00,114.406,114.412,114.377,114.38,224,17,0
2026-07-08 06:15:00,114.379,114.426,114.367,114.392,252,17,0
2026-07-08 06:30:00,114.394,114.394,114.331,114.36,297,17,0
2026-07-08 06:45:00,114.363,114.405,114.362,114.4,194,17,0
2026-07-08 07:00:00,114.397,114.451,114.39,114.433,272,17,0
2026-07-08 07:15:00,114.431,114.488,114.423,114.475,282,17,0
2026-07-08 07:30:00,114.476,114.533,114.466,114.504,266,17,0
2026-07-08 07:45:00,114.503,114.55,114.498,114.538,209,17,0
2026-07-08 08:00:00,114.536,114.608,114.531,114.603,196,17,0
2026-07-08 08:15:00,114.6,114.67,114.567,114.663,535,17,0
2026-07-08 08:30:00,114.662,114.692,114.598,114.689,408,17,0
2026-07-08 08:45:00,114.691,114.73,114.677,114.718,323,17,0
2026-07-08 09:00:00,114.716,114.719,114.561,114.684,667,17,0
2026-07-08 09:15:00,114.683,114.722,114.674,114.704,307,17,0
2026-07-08 09:30:00,114.706,114.751,114.706,114.74,238,17,0
2026-07-08 09:45:00,114.741,114.742,114.709,114.728,232,17,0
2026-07-08 10:00:00,114.727,114.734,114.68,114.683,200,17,0
2026-07-08 10:15:00,114.685,114.703,114.667,114.695,178,17,0
2026-07-08 10:30:00,114.696,114.696,114.663,114.668,157,17,0
2026-07-08 10:45:00,114.665,114.691,114.662,114.681,179,17,0
2026-07-08 11:00:00,114.678,114.681,114.644,114.644,157,17,0
2026-07-08 11:15:00,114.646,114.667,114.608,114.611,172,17,0
2026-07-08 11:30:00,114.614,114.617,114.518,114.559,350,17,0
2026-07-08 11:45:00,114.557,114.571,114.521,114.556,272,17,0
2026-07-08 12:00:00,114.558,114.573,114.525,114.556,273,17,0
2026-07-08 12:15:00,114.555,114.57,114.536,114.562,240,17,0
2026-07-08 12:30:00,114.564,114.575,114.545,114.574,160,17,0
2026-07-08 12:45:00,114.577,114.603,114.539,114.552,267,17,0
2026-07-08 13:00:00,114.554,114.616,114.549,114.584,319,17,0
2026-07-08 13:15:00,114.586,114.668,114.584,114.667,298,17,0
2026-07-08 13:30:00,114.669,114.687,114.647,114.668,334,17,0
2026-07-08 13:45:00,114.665,114.683,114.622,114.659,293,17,0
2026-07-08 14:00:00,114.661,114.686,114.649,114.668,290,17,0
2026-07-08 14:15:00,114.665,114.747,114.665,114.738,289,17,0
2026-07-08 14:30:00,114.74,114.77,114.732,114.733,292,17,0
2026-07-08 14:45:00,114.735,114.736,114.695,114.715,277,17,0
2026-07-08 15:00:00,114.712,114.764,114.71,114.719,277,17,0
2026-07-08 15:15:00,114.72,114.733,114.682,114.683,247,17,0
2026-07-08 15:30:00,114.68,114.698,114.608,114.608,277,17,0
2026-07-08 15:45:00,114.606,114.664,114.604,114.637,238,17,0
2026-07-08 16:00:00,114.639,114.675,114.632,114.67,227,17,0
2026-07-08 16:15:00,114.667,114.719,114.666,114.714,187,17,0
2026-07-08 16:30:00,114.712,114.723,114.684,114.684,214,17,0
2026-07-08 16:45:00,114.681,114.693,114.66,114.667,181,17,0
2026-07-08 17:00:00,114.67,114.688,114.648,114.658,207,17,0
2026-07-08 17:15:00,114.655,114.66,114.619,114.66,185,17,0
2026-07-08 17:30:00,114.662,114.666,114.642,114.653,139,17,0
2026-07-08 17:45:00,114.655,114.677,114.651,114.652,112,17,0
2026-07-08 18:00:00,114.65,114.684,114.642,114.666,178,17,0
2026-07-08 18:15:00,114.665,114.678,114.654,114.661,106,17,0
2026-07-08 18:30:00,114.66,114.677,114.654,114.676,99,17,0
2026-07-08 18:45:00,114.677,114.682,114.666,114.669,96,17,0
2026-07-08 19:00:00,114.67,114.687,114.664,114.682,97,17,0
2026-07-08 19:15:00,114.681,114.689,114.661,114.679,96,17,0
2026-07-08 19:30:00,114.677,114.731,114.674,114.729,96,17,0
2026-07-08 19:45:00,114.728,114.757,114.69,114.7,193,17,0
2026-07-08 20:00:00,114.698,114.736,114.69,114.736,144,17,0
2026-07-08 20:15:00,114.734,114.756,114.719,114.731,102,17,0
2026-07-08 20:30:00,114.734,114.755,114.725,114.738,113,17,0
2026-07-08 20:45:00,114.735,114.745,114.707,114.73,115,17,0
2026-07-08 21:00:00,114.731,114.733,114.729,114.73,13,38,0
2026-07-08 21:15:00,114.729,114.739,114.727,114.739,81,38,0
2026-07-08 21:30:00,114.739,114.739,114.675,114.685,93,42,0
2026-07-08 21:45:00,114.686,114.706,114.667,114.702,107,52,0
2026-07-08 22:00:00,114.693,114.735,114.685,114.727,53,30,0
2026-07-08 22:15:00,114.728,114.728,114.725,114.726,11,28,0
2026-07-08 22:30:00,114.728,114.733,114.725,114.727,26,28,0
2026-07-08 22:45:00,114.726,114.728,114.717,114.724,23,28,0
2026-07-08 23:00:00,114.729,114.735,114.72,114.723,41,17,0
2026-07-08 23:15:00,114.722,114.732,114.713,114.726,44,17,0
2026-07-08 23:30:00,114.724,114.741,114.723,114.736,46,17,0
2026-07-08 23:45:00,114.74,114.744,114.717,114.727,62,17,0
2026-07-09 00:00:00,114.724,114.725,114.645,114.669,186,17,0
2026-07-09 00:15:00,114.67,114.675,114.641,114.66,175,17,0
2026-07-09 00:30:00,114.661,114.702,114.653,114.702,161,17,0
2026-07-09 00:45:00,114.701,114.711,114.658,114.698,265,17,0
2026-07-09 01:00:00,114.696,114.731,114.679,114.705,189,17,0
2026-07-09 01:15:00,114.708,114.771,114.707,114.747,211,17,0
2026-07-09 01:30:00,114.746,114.75,114.721,114.725,151,17,0
2026-07-09 01:45:00,114.723,114.731,114.695,114.701,121,17,0
2026-07-09 02:00:00,114.702,114.726,114.702,114.718,115,17,0
2026-07-09 02:15:00,114.716,114.718,114.698,114.701,71,17,0
2026-07-09 02:30:00,114.704,114.719,114.686,114.707,91,17,0
2026-07-09 02:45:00,114.705,114.709,114.695,114.701,72,17,0
2026-07-09 03:00:00,114.7,114.715,114.69,114.711,66,17,0
2026-07-09 03:15:00,114.713,114.719,114.69,114.693,82,17,0
2026-07-09 03:30:00,114.694,114.699,114.684,114.697,88,17,0
2026-07-09 03:45:00,114.696,114.696,114.674,114.683,63,17,0
2026-07-09 04:00:00,114.682,114.687,114.669,114.673,74,17,0
2026-07-09 04:15:00,114.674,114.674,114.646,114.656,64,17,0
2026-07-09 04:30:00,114.655,114.681,114.655,114.677,49,17,0
2026-07-09 04:45:00,114.676,114.684,114.664,114.684,56,17,0
2026-07-09 05:00:00,114.685,114.691,114.654,114.675,124,17,0
2026-07-09 05:15:00,114.679,114.679,114.665,114.67,89,17,0
2026-07-09 05:30:00,114.668,114.673,114.647,114.659,89,17,0
2026-07-09 05:45:00,114.657,114.669,114.637,114.637,89,17,0
2026-07-09 06:00:00,114.639,114.639,114.583,114.616,189,17,0
2026-07-09 06:15:00,114.617,114.644,114.598,114.624,226,17,0
2026-07-09 06:30:00,114.625,114.667,114.612,114.612,225,17,0
2026-07-09 06:45:00,114.61,114.638,114.6,114.618,135,17,0
2026-07-09 07:00:00,114.615,114.627,114.575,114.607,202,17,0
2026-07-09 07:15:00,114.608,114.631,114.573,114.578,170,17,0
2026-07-09 07:30:00,114.575,114.58,114.483,114.499,175,17,0
2026-07-09 07:45:00,114.501,114.511,114.478,114.51,185,17,0
2026-07-09 08:00:00,114.513,114.513,114.451,114.457,207,17,0
2026-07-09 08:15:00,114.46,114.464,114.426,114.438,154,17,0
2026-07-09 08:30:00,114.439,114.484,114.439,114.481,144,17,0
2026-07-09 08:45:00,114.482,114.487,114.447,114.464,179,17,0
2026-07-09 09:00:00,114.465,114.506,114.458,114.5,174,17,0
2026-07-09 09:15:00,114.496,114.525,114.49,114.525,141,17,0
2026-07-09 09:30:00,114.528,114.532,114.507,114.529,136,17,0
2026-07-09 09:45:00,114.53,114.56,114.53,114.552,102,17,0
2026-07-09 10:00:00,114.554,114.569,114.549,114.563,93,17,0
2026-07-09 10:15:00,114.564,114.572,114.554,114.565,95,17,0
2026-07-09 10:30:00,114.568,114.579,114.564,114.579,75,17,0
2026-07-09 10:45:00,114.578,114.64,114.578,114.628,190,17,0
2026-07-09 11:00:00,114.631,114.631,114.568,114.585,195,17,0
2026-07-09 11:15:00,114.583,114.603,114.567,114.579,111,17,0
2026-07-09 11:30:00,114.576,114.614,114.568,114.606,136,17,0
2026-07-09 11:45:00,114.604,114.63,114.583,114.627,147,17,0
2026-07-09 12:00:00,114.63,114.664,114.602,114.612,231,17,0
2026-07-09 12:15:00,114.609,114.671,114.605,114.644,199,17,0
2026-07-09 12:30:00,114.647,114.662,114.594,114.598,188,17,0
2026-07-09 12:45:00,114.597,114.623,114.591,114.591,208,17,0
2026-07-09 13:00:00,114.59,114.603,114.573,114.585,174,17,0
2026-07-09 13:15:00,114.587,114.605,114.544,114.584,251,17,0
2026-07-09 13:30:00,114.585,114.592,114.498,114.507,294,17,0
2026-07-09 13:45:00,114.506,114.518,114.469,114.492,247,17,0
2026-07-09 14:00:00,114.491,114.578,114.483,114.561,324,17,0
2026-07-09 14:15:00,114.559,114.602,114.511,114.591,276,17,0
2026-07-09 14:30:00,114.59,114.593,114.521,114.563,260,17,0
2026-07-09 14:45:00,114.56,114.614,114.54,114.577,426,17,0
2026-07-09 15:00:00,114.581,114.642,114.57,114.617,303,17,0
2026-07-09 15:15:00,114.619,114.622,114.597,114.612,179,17,0
2026-07-09 15:30:00,114.61,114.633,114.582,114.589,168,17,0
2026-07-09 15:45:00,114.59,114.597,114.555,114.582,172,17,0
2026-07-09 16:00:00,114.585,114.61,114.567,114.606,145,17,0
2026-07-09 16:15:00,114.607,114.624,114.595,114.596,106,17,0
2026-07-09 16:30:00,114.594,114.6,114.565,114.595,129,17,0
2026-07-09 16:45:00,114.597,114.603,114.578,114.597,103,17,0
2026-07-09 17:00:00,114.595,114.604,114.58,114.599,89,17,0
2026-07-09 17:15:00,114.597,114.607,114.583,114.59,105,17,0
2026-07-09 17:30:00,114.589,114.594,114.573,114.579,81,17,0
2026-07-09 17:45:00,114.576,114.585,114.563,114.576,86,17,0
2026-07-09 18:00:00,114.575,114.592,114.57,114.588,84,17,0
2026-07-09 18:15:00,114.587,114.621,114.583,114.615,87,17,0
2026-07-09 18:30:00,114.616,114.623,114.585,114.585,62,17,0
2026-07-09 18:45:00,114.584,114.593,114.576,114.589,69,17,0
2026-07-09 19:00:00,114.587,114.587,114.57,114.584,57,17,0
2026-07-09 19:15:00,114.582,114.605,114.582,114.585,66,17,0
2026-07-09 19:30:00,114.584,114.611,114.583,114.595,113,17,0
2026-07-09 19:45:00,114.596,114.611,114.584,114.586,95,17,0
2026-07-09 20:00:00,114.588,114.598,114.569,114.586,99,17,0
2026-07-09 20:15:00,114.582,114.603,114.578,114.594,54,17,0
2026-07-09 20:30:00,114.595,114.628,114.595,114.628,72,17,0
2026-07-09 20:45:00,114.627,114.635,114.609,114.612,47,17,0
2026-07-09 21:00:00,114.614,114.614,114.61,114.61,10,38,0
2026-07-09 21:15:00,114.609,114.625,114.609,114.625,48,14,0
2026-07-09 21:30:00,114.624,114.624,114.574,114.589,123,17,0
2026-07-09 21:45:00,114.586,114.601,114.575,114.594,115,35,0
2026-07-09 22:00:00,114.589,114.633,114.557,114.573,73,30,0
2026-07-09 22:15:00,114.57,114.571,114.566,114.57,16,29,0
2026-07-09 22:30:00,114.572,114.58,114.568,114.571,13,29,0
2026-07-09 22:45:00,114.571,114.574,114.569,114.569,13,29,0
2026-07-09 23:00:00,114.575,114.582,114.57,114.573,43,17,0
2026-07-09 23:15:00,114.574,114.598,114.569,114.593,33,17,0
2026-07-09 23:30:00,114.595,114.596,114.587,114.594,17,17,0
2026-07-09 23:45:00,114.591,114.607,114.587,114.6,50,17,0
2026-07-10 00:00:00,114.597,114.607,114.551,114.589,165,17,0
2026-07-10 00:15:00,114.591,114.611,114.578,114.602,106,17,0
2026-07-10 00:30:00,114.601,114.606,114.54,114.552,178,17,0
2026-07-10 00:45:00,114.549,114.549,114.308,114.427,862,17,0
2026-07-10 01:00:00,114.43,114.453,114.281,114.284,704,17,0
2026-07-10 01:15:00,114.281,114.363,114.19,114.351,629,17,0
2026-07-10 01:30:00,114.352,114.352,114.261,114.335,473,17,0
2026-07-10 01:45:00,114.333,114.333,114.239,114.282,596,17,0
2026-07-10 02:00:00,114.28,114.29,114.121,114.145,613,17,0
2026-07-10 02:15:00,114.143,114.187,114.05,114.178,606,17,0
2026-07-10 02:30:00,114.175,114.225,114.125,114.147,526,17,0
2026-07-10 02:45:00,114.145,114.196,114.122,114.194,459,17,0
2026-07-10 03:00:00,114.195,114.22,114.158,114.185,267,17,0
2026-07-10 03:15:00,114.183,114.2,114.118,114.126,295,17,0
2026-07-10 03:30:00,114.127,114.153,114.099,114.143,230,17,0
2026-07-10 03:45:00,114.145,114.2,114.126,114.165,238,17,0
2026-07-10 04:00:00,114.167,114.183,114.148,114.178,206,17,0
2026-07-10 04:15:00,114.174,114.231,114.167,114.207,220,17,0
2026-07-10 04:30:00,114.205,114.217,114.185,114.209,134,17,0
2026-07-10 04:45:00,114.212,114.224,114.174,114.174,129,17,0
2026-07-10 05:00:00,114.177,114.187,114.072,114.072,328,17,0
2026-07-10 05:15:00,114.073,114.151,114.071,114.127,233,17,0
2026-07-10 05:30:00,114.125,114.129,114.101,114.126,206,17,0
2026-07-10 05:45:00,114.124,114.124,114.048,114.097,264,17,0
2026-07-10 06:00:00,114.096,114.096,114.012,114.045,352,17,0
2026-07-10 06:15:00,114.044,114.11,113.985,114.105,338,17,0
2026-07-10 06:30:00,114.107,114.135,114.073,114.113,322,17,0
2026-07-10 06:45:00,114.116,114.152,114.111,114.14,218,17,0
2026-07-10 07:00:00,114.141,114.185,114.127,114.167,281,17,0
2026-07-10 07:15:00,114.169,114.212,114.148,114.207,300,17,0
2026-07-10 07:30:00,114.203,114.229,114.137,114.143,272,17,0
2026-07-10 07:45:00,114.145,114.176,114.128,114.15,237,17,0
2026-07-10 08:00:00,114.152,114.152,114.051,114.086,423,17,0
2026-07-10 08:15:00,114.084,114.159,114.084,114.142,199,17,0
2026-07-10 08:30:00,114.143,114.147,114.042,114.072,586,17,0
2026-07-10 08:45:00,114.074,114.115,114.063,114.109,225,17,0
2026-07-10 09:00:00,114.112,114.135,114.094,114.126,216,17,0
2026-07-10 09:15:00,114.124,114.16,114.105,114.16,181,17,0
2026-07-10 09:30:00,114.161,114.213,114.161,114.187,251,17,0
2026-07-10 09:45:00,114.188,114.229,114.185,114.201,182,17,0
2026-07-10 10:00:00,114.199,114.2,114.17,114.19,174,17,0
2026-07-10 10:15:00,114.191,114.201,114.166,114.179,160,17,0
2026-07-10 10:30:00,114.181,114.187,114.162,114.179,152,17,0
2026-07-10 10:45:00,114.182,114.219,114.181,114.202,200,17,0
2026-07-10 11:00:00,114.204,114.208,114.159,114.173,174,17,0
2026-07-10 11:15:00,114.172,114.225,114.146,114.189,250,17,0
2026-07-10 11:30:00,114.19,114.285,114.186,114.274,272,17,0
2026-07-10 11:45:00,114.271,114.348,114.257,114.326,222,17,0
2026-07-10 12:00:00,114.328,114.371,114.285,114.308,456,17,0
2026-07-10 12:15:00,114.307,114.359,114.302,114.314,272,17,0
2026-07-10 12:30:00,114.312,114.416,114.312,114.367,393,17,0
2026-07-10 12:45:00,114.366,114.4,114.346,114.382,251,17,0
2026-07-10 13:00:00,114.381,114.385,114.315,114.328,254,17,0
2026-07-10 13:15:00,114.327,114.33,114.267,114.277,238,17,0
2026-07-10 13:30:00,114.28,114.36,114.278,114.294,352,17,0
2026-07-10 13:45:00,114.292,114.293,114.2,114.211,340,17,0
2026-07-10 14:00:00,114.214,114.246,114.186,114.196,317,17,0
2026-07-10 14:15:00,114.199,114.293,114.196,114.26,299,17,0
2026-07-10 14:30:00,114.259,114.301,114.229,114.301,478,17,0
2026-07-10 14:45:00,114.304,114.368,114.291,114.356,281,17,0
2026-07-10 15:00:00,114.358,114.358,114.303,114.307,324,17,0
2026-07-10 15:15:00,114.309,114.34,114.222,114.232,490,17,0
2026-07-10 15:30:00,114.234,114.234,114.149,114.203,425,17,0
2026-07-10 15:45:00,114.201,114.229,114.087,114.138,441,17,0
2026-07-10 16:00:00,114.135,114.229,114.118,114.221,458,17,0
2026-07-10 16:15:00,114.219,114.273,114.204,114.24,362,17,0
2026-07-10 16:30:00,114.239,114.337,114.239,114.324,276,17,0
2026-07-10 16:45:00,114.323,114.356,114.307,114.345,247,17,0
2026-07-10 17:00:00,114.342,114.359,114.295,114.322,256,17,0
2026-07-10 17:15:00,114.32,114.325,114.273,114.283,195,17,0
2026-07-10 17:30:00,114.28,114.286,114.248,114.27,165,17,0
2026-07-10 17:45:00,114.273,114.295,114.264,114.277,151,17,0
2026-07-10 18:00:00,114.275,114.296,114.266,114.277,168,17,0
2026-07-10 18:15:00,114.278,114.282,114.257,114.282,106,17,0
2026-07-10 18:30:00,114.283,114.307,114.273,114.28,121,17,0
2026-07-10 18:45:00,114.282,114.289,114.24,114.25,131,17,0
2026-07-10 19:00:00,114.252,114.262,114.237,114.262,115,17,0
2026-07-10 19:15:00,114.259,114.262,114.227,114.235,82,17,0
2026-07-10 19:30:00,114.231,114.248,114.222,114.246,87,17,0
2026-07-10 19:45:00,114.247,114.255,114.219,114.242,147,17,0
2026-07-10 20:00:00,114.244,114.268,114.215,114.223,148,17,0
2026-07-10 20:15:00,114.225,114.237,114.215,114.221,100,17,0
2026-07-10 20:30:00,114.22,114.245,114.22,114.243,85,17,0
2026-07-10 20:45:00,114.246,114.259,114.199,114.221,88,17,0
2026-07-12 21:00:00,114.212,114.214,114.127,114.153,30,43,0
2026-07-12 21:15:00,114.15,114.182,114.131,114.178,54,43,0
2026-07-12 21:30:00,114.179,114.226,114.179,114.222,103,30,0
2026-07-12 21:45:00,114.223,114.235,114.207,114.216,112,28,0
2026-07-12 22:00:00,114.197,114.338,114.197,114.317,213,44,0
2026-07-12 22:15:00,114.316,114.327,114.284,114.295,119,43,0
2026-07-12 22:30:00,114.294,114.328,114.288,114.321,114,41,0
2026-07-12 22:45:00,114.32,114.357,114.308,114.335,114,41,0
2026-07-12 23:00:00,114.346,114.373,114.34,114.348,125,17,0
2026-07-12 23:15:00,114.346,114.349,114.329,114.336,94,17,0
2026-07-12 23:30:00,114.335,114.352,114.33,114.344,72,17,0
2026-07-12 23:45:00,114.346,114.351,114.292,114.292,190,17,0
2026-07-13 00:00:00,114.295,114.324,114.263,114.269,394,17,0
2026-07-13 00:15:00,114.271,114.338,114.271,114.329,287,17,0
2026-07-13 00:30:00,114.332,114.351,114.31,114.329,264,17,0
2026-07-13 00:45:00,114.331,114.396,114.319,114.394,308,17,0
2026-07-13 01:00:00,114.397,114.433,114.376,114.38,264,17,0
2026-07-13 01:15:00,114.384,114.384,114.329,114.342,224,17,0
2026-07-13 01:30:00,114.341,114.368,114.331,114.337,181,17,0
2026-07-13 01:45:00,114.334,114.383,114.328,114.373,190,17,0
2026-07-13 02:00:00,114.37,114.429,114.359,114.395,182,17,0
2026-07-13 02:15:00,114.394,114.412,114.389,114.403,99,17,0
2026-07-13 02:30:00,114.405,114.406,114.378,114.4,116,17,0
2026-07-13 02:45:00,114.398,114.4,114.382,114.392,114,17,0
2026-07-13 03:00:00,114.39,114.412,114.38,114.394,123,17,0
2026-07-13 03:15:00,114.391,114.413,114.389,114.411,78,17,0
2026-07-13 03:30:00,114.412,114.436,114.41,114.431,86,17,0
2026-07-13 03:45:00,114.433,114.443,114.417,114.44,74,17,0
2026-07-13 04:00:00,114.441,114.451,114.437,114.451,91,17,0
2026-07-13 04:15:00,114.45,114.455,114.418,114.422,105,17,0
2026-07-13 04:30:00,114.424,114.453,114.424,114.453,66,17,0
2026-07-13 04:45:00,114.452,114.452,114.429,114.448,98,17,0
2026-07-13 05:00:00,114.449,114.453,114.432,114.435,133,17,0
2026-07-13 05:15:00,114.437,114.442,114.413,114.437,138,17,0
2026-07-13 05:30:00,114.435,114.461,114.434,114.46,171,17,0
2026-07-13 05:45:00,114.461,114.619,114.451,114.559,532,17,0
2026-07-13 06:00:00,114.557,114.641,114.554,114.619,480,17,0
2026-07-13 06:15:00,114.62,114.635,114.574,114.604,303,17,0
2026-07-13 06:30:00,114.606,114.629,114.555,114.566,323,17,0
2026-07-13 06:45:00,114.568,114.574,114.526,114.555,242,17,0
2026-07-13 07:00:00,114.552,114.59,114.304,114.473,1171,17,0
2026-07-13 07:15:00,114.476,114.582,114.468,114.545,370,17,0
2026-07-13 07:30:00,114.546,114.645,114.546,114.645,391,17,0
2026-07-13 07:45:00,114.647,114.67,114.586,114.611,345,17,0
2026-07-13 08:00:00,114.608,114.664,114.603,114.64,415,17,0
2026-07-13 08:15:00,114.641,114.677,114.632,114.671,284,17,0
2026-07-13 08:30:00,114.672,114.691,114.664,114.681,223,17,0
2026-07-13 08:45:00,114.682,114.684,114.637,114.657,174,17,0
2026-07-13 09:00:00,114.658,114.664,114.599,114.6,194,17,0
2026-07-13 09:15:00,114.601,114.609,114.538,114.547,265,17,0
2026-07-13 09:30:00,114.55,114.581,114.539,114.549,237,17,0
2026-07-13 09:45:00,114.55,114.576,114.543,114.557,206,17,0
2026-07-13 10:00:00,114.555,114.616,114.555,114.609,172,17,0
2026-07-13 10:15:00,114.607,114.647,114.602,114.641,163,17,0
2026-07-13 10:30:00,114.642,114.68,114.632,114.677,182,17,0
2026-07-13 10:45:00,114.679,114.714,114.675,114.708,159,17,0
2026-07-13 11:00:00,114.71,114.721,114.667,114.693,206,17,0
2026-07-13 11:15:00,114.695,114.738,114.695,114.721,182,17,0
2026-07-13 11:30:00,114.723,114.744,114.718,114.73,196,17,0
2026-07-13 11:45:00,114.731,114.731,114.693,114.696,177,17,0
2026-07-13 12:00:00,114.694,114.705,114.668,114.678,260,17,0
2026-07-13 12:15:00,114.679,114.722,114.679,114.693,232,17,0
2026-07-13 12:30:00,114.691,114.737,114.688,114.71,231,17,0
2026-07-13 12:45:00,114.711,114.723,114.663,114.689,190,17,0
2026-07-13 13:00:00,114.687,114.719,114.67,114.678,240,17,0
2026-07-13 13:15:00,114.677,114.683,114.622,114.633,183,17,0
2026-07-13 13:30:00,114.635,114.69,114.635,114.669,293,17,0
2026-07-13 13:45:00,114.67,114.73,114.667,114.703,324,17,0
2026-07-13 14:00:00,114.7,114.76,114.669,114.729,370,17,0
2026-07-13 14:15:00,114.726,114.81,114.7,114.805,515,17,0
2026-07-13 14:30:00,114.804,114.808,114.748,114.801,291,17,0
2026-07-13 14:45:00,114.802,114.816,114.769,114.787,366,17,0
2026-07-13 15:00:00,114.785,114.842,114.782,114.829,267,17,0
2026-07-13 15:15:00,114.826,114.847,114.808,114.81,189,17,0
2026-07-13 15:30:00,114.808,114.814,114.782,114.799,187,17,0
2026-07-13 15:45:00,114.798,114.806,114.779,114.783,173,17,0
2026-07-13 16:00:00,114.784,114.81,114.784,114.81,143,17,0
2026-07-13 16:15:00,114.809,114.826,114.793,114.812,182,17,0
2026-07-13 16:30:00,114.81,114.819,114.747,114.762,289,17,0
2026-07-13 16:45:00,114.763,114.813,114.763,114.813,181,17,0
2026-07-13 17:00:00,114.811,114.817,114.779,114.781,118,17,0
2026-07-13 17:15:00,114.785,114.815,114.778,114.812,123,17,0
2026-07-13 17:30:00,114.813,114.835,114.801,114.83,123,17,0
2026-07-13 17:45:00,114.831,114.838,114.807,114.83,121,17,0
2026-07-13 18:00:00,114.829,114.832,114.801,114.801,114,17,0
2026-07-13 18:15:00,114.805,114.832,114.797,114.799,107,17,0
2026-07-13 18:30:00,114.801,114.803,114.768,114.769,103,17,0
2026-07-13 18:45:00,114.77,114.78,114.732,114.735,145,17,0
2026-07-13 19:00:00,114.737,114.75,114.724,114.742,126,17,0
2026-07-13 19:15:00,114.741,114.745,114.725,114.727,71,17,0
2026-07-13 19:30:00,114.726,114.735,114.713,114.734,71,17,0
2026-07-13 19:45:00,114.733,114.773,114.728,114.759,137,17,0
2026-07-13 20:00:00,114.761,114.771,114.745,114.771,94,17,0
2026-07-13 20:15:00,114.773,114.78,114.741,114.743,94,17,0
2026-07-13 20:30:00,114.741,114.754,114.734,114.752,53,17,0
2026-07-13 20:45:00,114.753,114.76,114.743,114.746,73,17,0
2026-07-13 21:00:00,114.747,114.748,114.744,114.746,12,38,0
2026-07-13 21:15:00,114.747,114.75,114.743,114.743,19,38,0
2026-07-13 21:30:00,114.744,114.759,114.743,114.756,60,21,0
2026-07-13 21:45:00,114.758,114.759,114.751,114.756,28,20,0
2026-07-13 22:00:00,114.753,114.776,114.751,114.764,37,29,0
2026-07-13 22:15:00,114.763,114.764,114.754,114.756,22,29,0
2026-07-13 22:30:00,114.755,114.758,114.754,114.758,14,28,0
2026-07-13 22:45:00,114.757,114.769,114.753,114.769,33,28,0
2026-07-13 23:00:00,114.775,114.778,114.751,114.756,47,17,0
2026-07-13 23:15:00,114.755,114.766,114.749,114.749,37,17,0
2026-07-13 23:30:00,114.748,114.773,114.748,114.773,55,17,0
2026-07-13 23:45:00,114.774,114.79,114.769,114.786,112,17,0
2026-07-14 00:00:00,114.783,114.792,114.748,114.755,205,17,0
2026-07-14 00:15:00,114.756,114.792,114.756,114.761,157,17,0
2026-07-14 00:30:00,114.762,114.81,114.725,114.758,217,17,0
2026-07-14 00:45:00,114.76,114.805,114.682,114.77,646,17,0
2026-07-14 01:00:00,114.768,114.777,114.741,114.754,215,17,0
2026-07-14 01:15:00,114.755,114.79,114.755,114.788,160,17,0
2026-07-14 01:30:00,114.787,114.812,114.753,114.808,181,17,0
2026-07-14 01:45:00,114.806,114.835,114.798,114.819,167,17,0
2026-07-14 02:00:00,114.818,114.84,114.812,114.816,118,17,0
2026-07-14 02:15:00,114.817,114.852,114.817,114.852,105,17,0
2026-07-14 02:30:00,114.853,114.876,114.84,114.859,107,17,0
2026-07-14 02:45:00,114.858,114.864,114.837,114.852,133,17,0
2026-07-14 03:00:00,114.855,114.867,114.842,114.851,116,17,0
2026-07-14 03:15:00,114.853,114.876,114.845,114.867,108,17,0
2026-07-14 03:30:00,114.869,114.869,114.815,114.822,155,17,0
2026-07-14 03:45:00,114.819,114.837,114.811,114.836,109,17,0
2026-07-14 04:00:00,114.834,114.848,114.82,114.848,102,17,0
2026-07-14 04:15:00,114.849,114.869,114.847,114.868,95,17,0
2026-07-14 04:30:00,114.869,114.876,114.85,114.85,88,17,0
2026-07-14 04:45:00,114.848,114.857,114.835,114.855,81,17,0
2026-07-14 05:00:00,114.857,114.862,114.846,114.855,59,17,0
2026-07-14 05:15:00,114.857,114.857,114.823,114.848,77,17,0
2026-07-14 05:30:00,114.85,114.853,114.822,114.824,101,17,0
2026-07-14 05:45:00,114.823,114.842,114.807,114.835,108,17,0
2026-07-14 06:00:00,114.836,114.874,114.832,114.861,179,17,0
2026-07-14 06:15:00,114.862,114.872,114.835,114.872,194,17,0
2026-07-14 06:30:00,114.874,114.876,114.85,114.855,178,17,0
2026-07-14 06:45:00,114.858,114.876,114.842,114.857,182,17,0
2026-07-14 07:00:00,114.86,114.931,114.857,114.916,238,17,0
2026-07-14 07:15:00,114.914,114.981,114.914,114.979,247,17,0
2026-07-14 07:30:00,114.983,115.069,114.981,115.069,238,17,0
2026-07-14 07:45:00,115.072,115.115,115.056,115.094,232,17,0
2026-07-14 08:00:00,115.092,115.162,115.087,115.124,258,17,0
2026-07-14 08:15:00,115.125,115.127,115.073,115.074,197,17,0
2026-07-14 08:30:00,115.072,115.12,114.966,115.097,486,17,0
2026-07-14 08:45:00,115.099,115.144,115.093,115.144,276,17,0
2026-07-14 09:00:00,115.147,115.185,115.147,115.158,234,17,0
2026-07-14 09:15:00,115.159,115.186,115.148,115.166,192,17,0
2026-07-14 09:30:00,115.163,115.178,115.148,115.148,166,17,0
2026-07-14 09:45:00,115.147,115.166,115.135,115.142,205,17,0
2026-07-14 10:00:00,115.139,115.139,115.111,115.122,196,17,0
2026-07-14 10:15:00,115.119,115.119,115.063,115.067,180,17,0
2026-07-14 10:30:00,115.065,115.084,115.055,115.067,172,17,0
2026-07-14 10:45:00,115.065,115.079,115.01,115.013,175,17,0
2026-07-14 11:00:00,115.014,115.021,114.953,114.975,235,17,0
2026-07-14 11:15:00,114.977,114.977,114.94,114.941,195,17,0
2026-07-14 11:30:00,114.939,114.94,114.917,114.929,167,17,0
2026-07-14 11:45:00,114.93,114.954,114.9,114.914,217,17,0
2026-07-14 12:00:00,114.912,114.975,114.903,114.954,282,17,0
2026-07-14 12:15:00,114.957,115.054,114.954,115.018,293,17,0
2026-07-14 12:30:00,115.034,115.07,114.846,115.045,1523,17,0
2026-07-14 12:45:00,115.049,115.085,115.005,115.043,753,17,0
2026-07-14 13:00:00,115.045,115.11,115.043,115.11,587,17,0
2026-07-14 13:15:00,115.109,115.179,115.092,115.132,505,17,0
2026-07-14 13:30:00,115.13,115.199,115.128,115.146,547,17,0
2026-07-14 13:45:00,115.144,115.144,115.078,115.078,395,17,0
2026-07-14 14:00:00,115.079,115.166,115.076,115.161,428,17,0
2026-07-14 14:15:00,115.164,115.22,115.13,115.14,542,17,0
2026-07-14 14:30:00,115.144,115.196,115.129,115.196,566,17,0
2026-07-14 14:45:00,115.195,115.233,115.189,115.22,340,17,0
2026-07-14 15:00:00,115.222,115.274,115.213,115.263,430,17,0
2026-07-14 15:15:00,115.261,115.267,115.194,115.219,281,17,0
2026-07-14 15:30:00,115.217,115.268,115.213,115.259,326,17,0
2026-07-14 15:45:00,115.262,115.284,115.247,115.254,336,17,0
2026-07-14 16:00:00,115.255,115.272,115.236,115.246,246,17,0
2026-07-14 16:15:00,115.244,115.273,115.226,115.271,165,17,0
2026-07-14 16:30:00,115.273,115.306,115.265,115.291,163,17,0
2026-07-14 16:45:00,115.292,115.322,115.287,115.296,148,17,0
2026-07-14 17:00:00,115.299,115.309,115.26,115.283,210,17,0
2026-07-14 17:15:00,115.281,115.293,115.267,115.27,197,17,0
2026-07-14 17:30:00,115.269,115.287,115.26,115.261,121,17,0
2026-07-14 17:45:00,115.26,115.279,115.255,115.276,156,17,0
2026-07-14 18:00:00,115.277,115.296,115.263,115.263,97,17,0
2026-07-14 18:15:00,115.265,115.284,115.252,115.269,120,17,0
2026-07-14 18:30:00,115.271,115.306,115.271,115.297,184,17,0
2026-07-14 18:45:00,115.296,115.303,115.28,115.303,122,17,0
2026-07-14 19:00:00,115.302,115.304,115.254,115.269,137,17,0
2026-07-14 19:15:00,115.271,115.286,115.253,115.274,97,17,0
2026-07-14 19:30:00,115.276,115.312,115.268,115.303,128,17,0
2026-07-14 19:45:00,115.305,115.321,115.285,115.314,145,17,0
2026-07-14 20:00:00,115.313,115.331,115.295,115.331,100,17,0
2026-07-14 20:15:00,115.332,115.357,115.33,115.357,53,17,0
2026-07-14 20:30:00,115.358,115.404,115.354,115.404,75,17,0
2026-07-14 20:45:00,115.406,115.411,115.39,115.393,77,17,0
2026-07-14 21:00:00,115.392,115.392,115.39,115.39,3,38,0
2026-07-14 21:15:00,115.388,115.388,115.278,115.279,62,38,0
2026-07-14 21:30:00,115.276,115.31,115.273,115.308,113,116,0
2026-07-14 21:45:00,115.31,115.338,115.293,115.338,84,78,0
2026-07-14 22:00:00,115.324,115.376,115.314,115.372,60,52,0
2026-07-14 22:15:00,115.374,115.388,115.371,115.374,38,42,0
2026-07-14 22:30:00,115.373,115.373,115.353,115.364,46,37,0
2026-07-14 22:45:00,115.363,115.381,115.359,115.38,32,34,0
2026-07-14 23:00:00,115.388,115.388,115.372,115.378,41,17,0
2026-07-14 23:15:00,115.379,115.386,115.363,115.38,47,17,0
2026-07-14 23:30:00,115.383,115.397,115.365,115.368,79,17,0
2026-07-14 23:45:00,115.369,115.429,115.369,115.419,83,17,0
2026-07-15 00:00:00,115.417,115.424,115.399,115.422,201,17,0
2026-07-15 00:15:00,115.424,115.433,115.375,115.386,148,17,0
2026-07-15 00:30:00,115.384,115.427,115.384,115.422,149,17,0
2026-07-15 00:45:00,115.421,115.421,115.36,115.391,297,17,0
2026-07-15 01:00:00,115.39,115.402,115.328,115.335,300,17,0
2026-07-15 01:15:00,115.332,115.361,115.307,115.352,220,17,0
2026-07-15 01:30:00,115.351,115.392,115.349,115.381,192,17,0
2026-07-15 01:45:00,115.38,115.406,115.379,115.399,141,17,0
2026-07-15 02:00:00,115.402,115.414,115.373,115.41,163,17,0
2026-07-15 02:15:00,115.412,115.428,115.391,115.417,116,17,0
2026-07-15 02:30:00,115.419,115.43,115.408,115.423,111,17,0
2026-07-15 02:45:00,115.424,115.452,115.418,115.452,94,17,0
2026-07-15 03:00:00,115.449,115.451,115.427,115.428,111,17,0
2026-07-15 03:15:00,115.426,115.433,115.418,115.424,99,17,0
2026-07-15 03:30:00,115.423,115.439,115.423,115.428,67,17,0
2026-07-15 03:45:00,115.429,115.436,115.417,115.431,80,17,0
2026-07-15 04:00:00,115.429,115.445,115.42,115.442,75,17,0
2026-07-15 04:15:00,115.443,115.479,115.433,115.477,99,17,0
2026-07-15 04:30:00,115.479,115.484,115.469,115.474,88,17,0
2026-07-15 04:45:00,115.476,115.477,115.452,115.455,59,17,0
2026-07-15 05:00:00,115.457,115.47,115.439,115.441,112,17,0
2026-07-15 05:15:00,115.442,115.452,115.439,115.45,66,17,0
2026-07-15 05:30:00,115.447,115.458,115.419,115.431,95,17,0
2026-07-15 05:45:00,115.43,115.455,115.418,115.419,135,17,0
2026-07-15 06:00:00,115.421,115.427,115.379,115.39,139,17,0
2026-07-15 06:15:00,115.391,115.421,115.378,115.39,162,17,0
2026-07-15 06:30:00,115.392,115.404,115.345,115.354,189,17,0
2026-07-15 06:45:00,115.351,115.383,115.333,115.379,233,17,0
2026-07-15 07:00:00,115.381,115.509,115.381,115.509,245,17,0
2026-07-15 07:15:00,115.51,115.51,115.442,115.442,212,17,0
2026-07-15 07:30:00,115.441,115.493,115.438,115.465,215,17,0
2026-07-15 07:45:00,115.467,115.488,115.452,115.469,160,17,0
2026-07-15 08:00:00,115.471,115.535,115.471,115.526,223,17,0
2026-07-15 08:15:00,115.524,115.53,115.489,115.499,190,17,0
2026-07-15 08:30:00,115.502,115.523,115.476,115.476,191,17,0
2026-07-15 08:45:00,115.475,115.487,115.464,115.47,157,17,0
2026-07-15 09:00:00,115.466,115.481,115.429,115.466,262,17,0
2026-07-15 09:15:00,115.464,115.472,115.448,115.467,153,17,0
2026-07-15 09:30:00,115.465,115.472,115.439,115.463,121,17,0
2026-07-15 09:45:00,115.464,115.486,115.461,115.481,146,17,0
2026-07-15 10:00:00,115.478,115.482,115.463,115.473,124,17,0
2026-07-15 10:15:00,115.47,115.477,115.444,115.446,165,17,0
2026-07-15 10:30:00,115.448,115.459,115.417,115.454,176,17,0
2026-07-15 10:45:00,115.455,115.465,115.39,115.403,181,17,0
2026-07-15 11:00:00,115.406,115.431,115.386,115.413,191,17,0
2026-07-15 11:15:00,115.412,115.435,115.393,115.414,140,17,0
2026-07-15 11:30:00,115.413,115.423,115.384,115.386,170,17,0
2026-07-15 11:45:00,115.384,115.404,115.371,115.387,242,17,0
2026-07-15 12:00:00,115.385,115.407,115.354,115.36,205,17,0
2026-07-15 12:15:00,115.362,115.411,115.357,115.402,188,17,0
2026-07-15 12:30:00,115.406,115.448,115.382,115.441,427,17,0
2026-07-15 12:45:00,115.444,115.45,115.362,115.386,320,17,0
2026-07-15 13:00:00,115.383,115.412,115.364,115.409,319,17,0
2026-07-15 13:15:00,115.406,115.433,115.386,115.389,258,17,0
2026-07-15 13:30:00,115.387,115.421,115.354,115.381,282,17,0
2026-07-15 13:45:00,115.384,115.417,115.305,115.314,389,17,0
2026-07-15 14:00:00,115.317,115.357,115.303,115.319,285,17,0
2026-07-15 14:15:00,115.318,115.403,115.318,115.396,321,17,0
2026-07-15 14:30:00,115.395,115.424,115.37,115.398,322,17,0
2026-07-15 14:45:00,115.397,115.401,115.357,115.384,371,17,0
2026-07-15 15:00:00,115.383,115.432,115.376,115.418,318,17,0
2026-07-15 15:15:00,115.419,115.421,115.37,115.389,282,17,0
2026-07-15 15:30:00,115.39,115.413,115.379,115.386,234,17,0
2026-07-15 15:45:00,115.385,115.427,115.382,115.406,215,17,0
2026-07-15 16:00:00,115.404,115.445,115.39,115.443,218,17,0
2026-07-15 16:15:00,115.442,115.443,115.383,115.407,216,17,0
2026-07-15 16:30:00,115.408,115.417,115.377,115.398,194,17,0
2026-07-15 16:45:00,115.397,115.426,115.374,115.424,219,17,0
2026-07-15 17:00:00,115.426,115.442,115.407,115.429,209,17,0
2026-07-15 17:15:00,115.43,115.449,115.425,115.435,150,17,0
2026-07-15 17:30:00,115.431,115.471,115.429,115.465,226,17,0
2026-07-15 17:45:00,115.467,115.47,115.415,115.434,208,17,0
2026-07-15 18:00:00,115.436,115.44,115.374,115.394,186,17,0
2026-07-15 18:15:00,115.393,115.427,115.391,115.425,169,17,0
2026-07-15 18:30:00,115.424,115.444,115.413,115.428,197,17,0
2026-07-15 18:45:00,115.43,115.431,115.389,115.391,252,17,0
2026-07-15 19:00:00,115.393,115.437,115.385,115.427,191,17,0
2026-07-15 19:15:00,115.428,115.464,115.427,115.461,126,17,0
2026-07-15 19:30:00,115.46,115.546,115.454,115.541,334,17,0
2026-07-15 19:45:00,115.542,115.563,115.517,115.527,224,17,0
2026-07-15 20:00:00,115.528,115.531,115.496,115.497,107,17,0
2026-07-15 20:15:00,115.499,115.501,115.483,115.499,75,17,0
2026-07-15 20:30:00,115.498,115.517,115.484,115.509,93,17,0
2026-07-15 20:45:00,115.51,115.535,115.494,115.497,81,17,0
2026-07-15 21:00:00,115.498,115.5,115.493,115.494,18,38,0
2026-07-15 21:15:00,115.493,115.504,115.49,115.495,64,43,0
2026-07-15 21:30:00,115.498,115.508,115.491,115.499,90,27,0
2026-07-15 21:45:00,115.5,115.508,115.495,115.499,59,25,0
2026-07-15 22:00:00,115.493,115.506,115.478,115.487,95,32,0
2026-07-15 22:15:00,115.49,115.49,115.45,115.46,56,31,0
2026-07-15 22:30:00,115.46,115.48,115.46,115.461,38,30,0
2026-07-15 22:45:00,115.462,115.477,115.46,115.469,36,29,0
2026-07-15 23:00:00,115.476,115.487,115.47,115.477,36,17,0
2026-07-15 23:15:00,115.476,115.478,115.457,115.477,58,17,0
2026-07-15 23:30:00,115.476,115.484,115.458,115.481,82,17,0
2026-07-15 23:45:00,115.478,115.478,115.451,115.466,108,17,0
2026-07-16 00:00:00,115.463,115.493,115.462,115.465,190,17,0
2026-07-16 00:15:00,115.469,115.473,115.446,115.451,141,17,0
2026-07-16 00:30:00,115.453,115.466,115.426,115.434,144,17,0
2026-07-16 00:45:00,115.436,115.483,115.417,115.473,252,17,0
2026-07-16 01:00:00,115.47,115.48,115.422,115.439,189,17,0
2026-07-16 01:15:00,115.443,115.447,115.393,115.396,148,17,0
2026-07-16 01:30:00,115.395,115.403,115.374,115.39,125,17,0
2026-07-16 01:45:00,115.392,115.408,115.383,115.399,113,17,0
2026-07-16 02:00:00,115.401,115.418,115.385,115.416,111,17,0
2026-07-16 02:15:00,115.414,115.414,115.38,115.386,92,17,0
2026-07-16 02:30:00,115.383,115.396,115.365,115.388,144,17,0
2026-07-16 02:45:00,115.389,115.425,115.384,115.418,90,17,0
2026-07-16 03:00:00,115.415,115.417,115.396,115.41,93,17,0
2026-07-16 03:15:00,115.413,115.417,115.395,115.411,90,17,0
2026-07-16 03:30:00,115.414,115.415,115.396,115.404,73,17,0
2026-07-16 03:45:00,115.402,115.407,115.397,115.401,45,17,0
2026-07-16 04:00:00,115.4,115.435,115.394,115.435,89,17,0
2026-07-16 04:15:00,115.432,115.436,115.418,115.425,61,17,0
2026-07-16 04:30:00,115.426,115.431,115.421,115.431,63,17,0
2026-07-16 04:45:00,115.434,115.446,115.399,115.407,87,17,0
2026-07-16 05:00:00,115.409,115.419,115.401,115.415,89,17,0
2026-07-16 05:15:00,115.416,115.431,115.409,115.413,65,17,0
2026-07-16 05:30:00,115.412,115.429,115.393,115.394,109,17,0
2026-07-16 05:45:00,115.395,115.44,115.392,115.424,116,17,0
2026-07-16 06:00:00,115.426,115.432,115.408,115.43,181,17,0
2026-07-16 06:15:00,115.428,115.452,115.42,115.443,135,17,0
2026-07-16 06:30:00,115.441,115.463,115.441,115.451,121,17,0
2026-07-16 06:45:00,115.45,115.466,115.436,115.465,119,17,0
2026-07-16 07:00:00,115.466,115.466,115.365,115.391,252,17,0
2026-07-16 07:15:00,115.393,115.413,115.371,115.413,232,17,0
2026-07-16 07:30:00,115.415,115.417,115.393,115.403,142,17,0
2026-07-16 07:45:00,115.405,115.415,115.375,115.4,232,17,0
2026-07-16 08:00:00,115.399,115.463,115.398,115.449,230,17,0
2026-07-16 08:15:00,115.448,115.45,115.418,115.421,193,17,0
2026-07-16 08:30:00,115.418,115.441,115.409,115.439,136,17,0
2026-07-16 08:45:00,115.44,115.488,115.439,115.485,162,17,0
2026-07-16 09:00:00,115.483,115.49,115.45,115.453,149,17,0
2026-07-16 09:15:00,115.454,115.468,115.446,115.452,127,17,0
2026-07-16 09:30:00,115.456,115.496,115.441,115.489,140,17,0
2026-07-16 09:45:00,115.49,115.511,115.48,115.509,122,17,0
2026-07-16 10:00:00,115.511,115.546,115.508,115.544,96,17,0
2026-07-16 10:15:00,115.543,115.56,115.529,115.545,96,17,0
2026-07-16 10:30:00,115.547,115.547,115.53,115.539,90,17,0
2026-07-16 10:45:00,115.541,115.552,115.516,115.526,113,17,0
2026-07-16 11:00:00,115.524,115.558,115.512,115.553,156,17,0
2026-07-16 11:15:00,115.549,115.574,115.542,115.557,117,17,0
2026-07-16 11:30:00,115.559,115.585,115.559,115.575,112,17,0
2026-07-16 11:45:00,115.576,115.592,115.561,115.568,273,17,0
2026-07-16 12:00:00,115.569,115.665,115.569,115.657,270,17,0
2026-07-16 12:15:00,115.655,115.679,115.638,115.661,243,17,0
2026-07-16 12:30:00,115.666,115.746,115.655,115.729,297,17,0
2026-07-16 12:45:00,115.727,115.742,115.673,115.701,242,17,0
2026-07-16 13:00:00,115.699,115.743,115.687,115.734,314,17,0
2026-07-16 13:15:00,115.732,115.796,115.73,115.789,220,17,0
2026-07-16 13:30:00,115.79,115.805,115.763,115.766,298,17,0
2026-07-16 13:45:00,115.769,115.826,115.762,115.774,335,17,0
2026-07-16 14:00:00,115.776,115.812,115.741,115.775,316,17,0
2026-07-16 14:15:00,115.778,115.841,115.768,115.832,263,17,0
2026-07-16 14:30:00,115.829,115.843,115.801,115.819,267,17,0
2026-07-16 14:45:00,115.816,115.84,115.764,115.773,385,17,0
2026-07-16 15:00:00,115.774,115.775,115.722,115.731,292,17,0
2026-07-16 15:15:00,115.732,115.741,115.71,115.729,195,17,0
2026-07-16 15:30:00,115.726,115.741,115.709,115.724,203,17,0
2026-07-16 15:45:00,115.723,115.758,115.711,115.744,208,17,0
2026-07-16 16:00:00,115.745,115.75,115.708,115.721,177,17,0
2026-07-16 16:15:00,115.723,115.739,115.694,115.727,217,17,0
2026-07-16 16:30:00,115.728,115.73,115.677,115.678,169,17,0
2026-07-16 16:45:00,115.677,115.679,115.637,115.647,148,17,0
2026-07-16 17:00:00,115.648,115.658,115.601,115.618,167,17,0
2026-07-16 17:15:00,115.617,115.646,115.617,115.631,122,17,0
2026-07-16 17:30:00,115.633,115.633,115.61,115.619,121,17,0
2026-07-16 17:45:00,115.617,115.622,115.575,115.581,153,17,0
2026-07-16 18:00:00,115.578,115.582,115.551,115.57,136,17,0
2026-07-16 18:15:00,115.569,115.594,115.559,115.568,159,17,0
2026-07-16 18:30:00,115.567,115.587,115.558,115.587,89,17,0
2026-07-16 18:45:00,115.589,115.605,115.584,115.604,92,17,0
2026-07-16 19:00:00,115.603,115.621,115.599,115.604,94,17,0
2026-07-16 19:15:00,115.603,115.618,115.603,115.611,77,17,0
2026-07-16 19:30:00,115.61,115.614,115.596,115.606,91,17,0
2026-07-16 19:45:00,115.608,115.618,115.589,115.611,142,17,0
2026-07-16 20:00:00,115.614,115.616,115.582,115.587,79,17,0
2026-07-16 20:15:00,115.589,115.589,115.564,115.58,73,17,0
2026-07-16 20:30:00,115.579,115.63,115.576,115.629,109,17,0
2026-07-16 20:45:00,115.628,115.645,115.628,115.635,90,17,0
2026-07-16 21:00:00,115.634,115.635,115.621,115.623,38,38,0
2026-07-16 21:15:00,115.621,115.622,115.605,115.61,45,43,0
2026-07-16 21:30:00,115.613,115.618,115.593,115.609,95,45,0
2026-07-16 21:45:00,115.612,115.621,115.606,115.621,43,36,0
2026-07-16 22:00:00,115.621,115.632,115.602,115.626,61,30,0
2026-07-16 22:15:00,115.624,115.635,115.618,115.631,32,29,0
2026-07-16 22:30:00,115.627,115.632,115.608,115.624,35,29,0
2026-07-16 22:45:00,115.624,115.629,115.616,115.617,39,29,0
2026-07-16 23:00:00,115.623,115.633,115.617,115.629,62,17,0
2026-07-16 23:15:00,115.628,115.649,115.621,115.641,45,17,0
2026-07-16 23:30:00,115.64,115.642,115.633,115.642,52,17,0
2026-07-16 23:45:00,115.641,115.677,115.625,115.672,84,17,0
2026-07-17 00:00:00,115.67,115.688,115.66,115.672,143,17,0
2026-07-17 00:15:00,115.67,115.694,115.666,115.677,129,17,0
2026-07-17 00:30:00,115.678,115.696,115.663,115.672,157,17,0
2026-07-17 00:45:00,115.67,115.742,115.67,115.731,258,17,0
2026-07-17 01:00:00,115.733,115.773,115.728,115.756,150,17,0
2026-07-17 01:15:00,115.76,115.785,115.755,115.785,135,17,0
2026-07-17 01:30:00,115.784,115.784,115.761,115.766,104,17,0
2026-07-17 01:45:00,115.765,115.766,115.715,115.73,133,17,0
2026-07-17 02:00:00,115.732,115.736,115.696,115.715,138,17,0
2026-07-17 02:15:00,115.716,115.722,115.696,115.7,77,17,0
2026-07-17 02:30:00,115.697,115.706,115.677,115.68,95,17,0
2026-07-17 02:45:00,115.682,115.682,115.626,115.64,122,17,0
2026-07-17 03:00:00,115.642,115.662,115.641,115.659,99,17,0
2026-07-17 03:15:00,115.657,115.682,115.657,115.669,86,17,0
2026-07-17 03:30:00,115.668,115.668,115.651,115.661,84,17,0
2026-07-17 03:45:00,115.662,115.702,115.66,115.694,110,17,0
2026-07-17 04:00:00,115.696,115.71,115.675,115.707,82,17,0
2026-07-17 04:15:00,115.708,115.727,115.706,115.712,82,17,0
2026-07-17 04:30:00,115.71,115.735,115.703,115.705,109,17,0
2026-07-17 04:45:00,115.707,115.714,115.692,115.705,74,17,0
2026-07-17 05:00:00,115.703,115.731,115.702,115.724,77,17,0
2026-07-17 05:15:00,115.722,115.733,115.709,115.712,87,17,0
2026-07-17 05:30:00,115.714,115.745,115.698,115.7,150,17,0
2026-07-17 05:45:00,115.702,115.714,115.695,115.697,144,17,0
2026-07-17 06:00:00,115.7,115.71,115.682,115.704,184,17,0
2026-07-17 06:15:00,115.706,115.711,115.669,115.681,228,17,0
2026-07-17 06:30:00,115.679,115.731,115.678,115.728,160,17,0
2026-07-17 06:45:00,115.729,115.729,115.561,115.648,650,17,0
2026-07-17 07:00:00,115.646,115.659,115.57,115.579,430,17,0
2026-07-17 07:15:00,115.581,115.644,115.569,115.633,259,17,0
2026-07-17 07:30:00,115.635,115.657,115.628,115.637,197,17,0
2026-07-17 07:45:00,115.639,115.685,115.639,115.681,205,17,0
2026-07-17 08:00:00,115.678,115.712,115.645,115.697,251,17,0
2026-07-17 08:15:00,115.694,115.749,115.661,115.744,272,17,0
2026-07-17 08:30:00,115.745,115.748,115.7,115.727,180,17,0
2026-07-17 08:45:00,115.725,115.757,115.724,115.737,145,17,0
2026-07-17 09:00:00,115.736,115.758,115.722,115.746,188,17,0
2026-07-17 09:15:00,115.748,115.782,115.742,115.781,168,11,0
2026-07-17 09:30:00,115.782,115.782,115.733,115.733,147,11,0
2026-07-17 09:45:00,115.732,115.745,115.719,115.719,166,11,0
2026-07-17 10:00:00,115.721,115.76,115.697,115.756,220,11,0
2026-07-17 10:15:00,115.757,115.781,115.753,115.775,172,11,0
2026-07-17 10:30:00,115.774,115.775,115.721,115.728,128,11,0
2026-07-17 10:45:00,115.729,115.731,115.66,115.666,204,11,0
2026-07-17 11:00:00,115.663,115.689,115.623,115.681,234,11,0
2026-07-17 11:15:00,115.682,115.698,115.669,115.698,199,11,0
2026-07-17 11:30:00,115.699,115.742,115.684,115.734,175,11,0
2026-07-17 11:45:00,115.733,115.786,115.729,115.761,216,11,0
2026-07-17 12:00:00,115.758,115.785,115.743,115.771,233,11,0
2026-07-17 12:15:00,115.773,115.774,115.741,115.768,224,11,0
2026-07-17 12:30:00,115.77,115.808,115.77,115.776,242,11,0
2026-07-17 12:45:00,115.774,115.808,115.756,115.799,324,11,0
2026-07-17 13:00:00,115.801,115.846,115.801,115.846,296,11,0
2026-07-17 13:15:00,115.849,115.902,115.836,115.884,276,11,0
2026-07-17 13:30:00,115.885,115.891,115.793,115.824,501,11,0
2026-07-17 13:45:00,115.826,115.929,115.818,115.885,431,11,0
2026-07-17 14:00:00,115.886,115.917,115.858,115.872,467,11,0
2026-07-17 14:15:00,115.874,115.924,115.873,115.881,364,11,0
2026-07-17 14:30:00,115.883,115.901,115.843,115.901,270,11,0
2026-07-17 14:45:00,115.899,115.931,115.874,115.903,395,11,0
2026-07-17 15:00:00,115.905,115.937,115.888,115.923,332,11,0
2026-07-17 15:15:00,115.92,115.921,115.866,115.895,245,11,0
2026-07-17 15:30:00,115.893,115.908,115.87,115.875,250,11,0
2026-07-17 15:45:00,115.876,115.908,115.852,115.897,244,11,0
2026-07-17 16:00:00,115.898,115.986,115.897,115.984,277,11,0
2026-07-17 16:15:00,115.983,116.019,115.983,116.0,182,11,0
2026-07-17 16:30:00,115.999,116.016,115.983,115.997,165,11,0
2026-07-17 16:45:00,115.996,115.998,115.946,115.946,215,11,0
2026-07-17 17:00:00,115.943,115.951,115.902,115.929,254,11,0
2026-07-17 17:15:00,115.931,115.943,115.921,115.942,120,11,0
2026-07-17 17:30:00,115.94,115.943,115.918,115.929,111,11,0
2026-07-17 17:45:00,115.931,115.943,115.907,115.911,121,11,0
2026-07-17 18:00:00,115.91,115.925,115.897,115.909,127,11,0
2026-07-17 18:15:00,115.907,115.941,115.903,115.936,139,11,0
2026-07-17 18:30:00,115.937,115.938,115.912,115.924,105,11,0
2026-07-17 18:45:00,115.922,115.955,115.915,115.94,156,11,0
2026-07-17 19:00:00,115.943,115.943,115.918,115.938,109,11,0
2026-07-17 19:15:00,115.936,115.958,115.869,115.949,249,11,0
2026-07-17 19:30:00,115.95,115.954,115.928,115.948,150,11,0
2026-07-17 19:45:00,115.949,115.967,115.907,115.909,204,11,0
2026-07-17 20:00:00,115.908,115.928,115.896,115.906,177,11,0
2026-07-17 20:15:00,115.905,115.912,115.875,115.891,143,11,0
2026-07-17 20:30:00,115.889,115.894,115.861,115.871,112,11,0
2026-07-17 20:45:00,115.87,115.87,115.816,115.822,117,11,0
2026-07-19 21:00:00,115.894,115.898,115.894,115.894,5,44,0
2026-07-19 21:15:00,115.875,115.892,115.857,115.886,41,47,0
2026-07-19 21:30:00,115.888,115.888,115.785,115.862,145,32,0
2026-07-19 21:45:00,115.864,115.884,115.814,115.87,69,28,0
2026-07-19 22:00:00,115.853,115.924,115.82,115.878,190,43,0
2026-07-19 22:15:00,115.875,115.898,115.847,115.889,146,42,0
2026-07-19 22:30:00,115.89,115.913,115.886,115.913,84,42,0
2026-07-19 22:45:00,115.916,115.916,115.896,115.9,50,41,0
2026-07-19 23:00:00,115.914,115.938,115.899,115.931,99,11,0
2026-07-19 23:15:00,115.932,115.939,115.916,115.939,75,11,0
2026-07-19 23:30:00,115.938,115.938,115.907,115.926,97,11,0
2026-07-19 23:45:00,115.927,115.932,115.914,115.921,123,11,0
2026-07-20 00:00:00,115.923,115.945,115.922,115.928,151,11,0
2026-07-20 00:15:00,115.925,115.938,115.92,115.92,137,11,0
2026-07-20 00:30:00,115.919,115.923,115.886,115.896,154,11,0
2026-07-20 00:45:00,115.895,115.899,115.834,115.851,303,11,0
2026-07-20 01:00:00,115.849,115.88,115.835,115.863,222,11,0
2026-07-20 01:15:00,115.861,115.904,115.86,115.902,222,11,0
2026-07-20 01:30:00,115.9,115.906,115.874,115.88,160,11,0
2026-07-20 01:45:00,115.881,115.91,115.88,115.908,119,11,0
2026-07-20 02:00:00,115.909,115.915,115.896,115.907,140,11,0
2026-07-20 02:15:00,115.909,115.912,115.892,115.899,82,11,0
2026-07-20 02:30:00,115.898,115.92,115.89,115.92,85,11,0
2026-07-20 02:45:00,115.919,115.919,115.902,115.915,96,11,0
2026-07-20 03:00:00,115.916,115.917,115.894,115.9,57,11,0
2026-07-20 03:15:00,115.901,115.917,115.9,115.909,83,11,0
2026-07-20 03:30:00,115.91,115.912,115.897,115.905,54,11,0
2026-07-20 03:45:00,115.904,115.928,115.899,115.921,73,11,0
2026-07-20 04:00:00,115.922,115.931,115.915,115.929,71,11,0
2026-07-20 04:15:00,115.93,115.937,115.921,115.936,77,11,0
2026-07-20 04:30:00,115.935,115.939,115.923,115.929,60,11,0
2026-07-20 04:45:00,115.928,115.928,115.912,115.912,79,11,0
2026-07-20 05:00:00,115.914,115.916,115.883,115.887,80,11,0
2026-07-20 05:15:00,115.889,115.896,115.879,115.89,67,11,0
2026-07-20 05:30:00,115.889,115.891,115.87,115.875,90,11,0
2026-07-20 05:45:00,115.874,115.904,115.868,115.891,101,11,0
2026-07-20 06:00:00,115.892,115.939,115.888,115.937,158,11,0
2026-07-20 06:15:00,115.939,115.939,115.907,115.909,129,11,0
2026-07-20 06:30:00,115.906,115.932,115.897,115.911,141,11,0
2026-07-20 06:45:00,115.912,115.948,115.912,115.927,143,11,0
2026-07-20 07:00:00,115.929,115.985,115.918,115.958,199,11,0
2026-07-20 07:15:00,115.956,115.963,115.93,115.931,185,11,0
2026-07-20 07:30:00,115.933,115.933,115.863,115.866,276,11,0
2026-07-20 07:45:00,115.868,115.908,115.844,115.849,250,11,0
2026-07-20 08:00:00,115.847,115.866,115.825,115.825,136,11,0
2026-07-20 08:15:00,115.824,115.825,115.77,115.774,146,11,0
2026-07-20 08:30:00,115.775,115.789,115.758,115.779,142,11,0
2026-07-20 08:45:00,115.78,115.795,115.764,115.791,107,11,0
2026-07-20 09:00:00,115.793,115.801,115.78,115.782,144,11,0
2026-07-20 09:15:00,115.784,115.787,115.767,115.772,91,11,0
2026-07-20 09:30:00,115.773,115.783,115.753,115.757,139,11,0
2026-07-20 09:45:00,115.756,115.76,115.724,115.757,155,11,0
2026-07-20 10:00:00,115.756,115.793,115.756,115.789,154,11,0
2026-07-20 10:15:00,115.788,115.815,115.788,115.808,101,11,0
2026-07-20 10:30:00,115.806,115.806,115.785,115.796,124,11,0
2026-07-20 10:45:00,115.798,115.798,115.761,115.785,133,11,0
2026-07-20 11:00:00,115.787,115.8,115.766,115.792,183,11,0
2026-07-20 11:15:00,115.791,115.838,115.791,115.836,145,11,0
2026-07-20 11:30:00,115.838,115.84,115.664,115.69,757,11,0
2026-07-20 11:45:00,115.692,115.708,115.66,115.666,231,11,0
2026-07-20 12:00:00,115.665,115.755,115.661,115.717,412,11,0
2026-07-20 12:15:00,115.715,115.715,115.659,115.674,243,11,0
2026-07-20 12:30:00,115.672,115.672,115.562,115.625,441,11,0
2026-07-20 12:45:00,115.626,115.648,115.615,115.631,261,11,0
2026-07-20 13:00:00,115.63,115.663,115.574,115.662,289,11,0
2026-07-20 13:15:00,115.664,115.678,115.635,115.654,212,11,0
2026-07-20 13:30:00,115.652,115.667,115.601,115.615,286,11,0
2026-07-20 13:45:00,115.614,115.701,115.612,115.7,217,11,0
2026-07-20 14:00:00,115.702,115.766,115.694,115.755,424,11,0
2026-07-20 14:15:00,115.753,115.772,115.722,115.766,337,11,0
2026-07-20 14:30:00,115.765,115.779,115.708,115.722,339,11,0
2026-07-20 14:45:00,115.721,115.751,115.612,115.613,484,11,0
2026-07-20 15:00:00,115.614,115.654,115.588,115.614,414,11,0
2026-07-20 15:15:00,115.613,115.629,115.574,115.62,231,11,0
2026-07-20 15:30:00,115.622,115.645,115.576,115.576,197,11,0
2026-07-20 15:45:00,115.577,115.63,115.57,115.624,190,11,0
2026-07-20 16:00:00,115.626,115.652,115.606,115.652,224,11,0
2026-07-20 16:15:00,115.653,115.674,115.641,115.645,132,11,0
2026-07-20 16:30:00,115.648,115.657,115.613,115.615,192,11,0
2026-07-20 16:45:00,115.617,115.634,115.611,115.617,119,11,0
2026-07-20 17:00:00,115.614,115.617,115.578,115.578,164,11,0
2026-07-20 17:15:00,115.579,115.586,115.556,115.567,109,11,0
2026-07-20 17:30:00,115.568,115.575,115.561,115.562,74,11,0
2026-07-20 17:45:00,115.565,115.591,115.561,115.579,119,11,0
2026-07-20 18:00:00,115.58,115.586,115.545,115.57,123,11,0
2026-07-20 18:15:00,115.571,115.586,115.56,115.571,172,11,0
2026-07-20 18:30:00,115.572,115.583,115.565,115.58,102,11,0
2026-07-20 18:45:00,115.582,115.603,115.576,115.588,155,11,0
2026-07-20 19:00:00,115.589,115.593,115.568,115.568,117,11,0
2026-07-20 19:15:00,115.567,115.569,115.552,115.556,91,11,0
2026-07-20 19:30:00,115.558,115.56,115.521,115.534,101,11,0
2026-07-20 19:45:00,115.532,115.545,115.512,115.545,155,11,0
2026-07-20 20:00:00,115.546,115.553,115.494,115.502,140,11,0
2026-07-20 20:15:00,115.501,115.527,115.492,115.521,101,11,0
2026-07-20 20:30:00,115.52,115.525,115.502,115.521,77,11,0
2026-07-20 20:45:00,115.52,115.52,115.477,115.479,57,11,0
2026-07-20 21:00:00,115.48,115.48,115.379,115.383,75,38,0
2026-07-20 21:15:00,115.381,115.383,115.367,115.374,81,140,0
2026-07-20 21:30:00,115.372,115.372,115.34,115.345,98,146,0
2026-07-20 21:45:00,115.343,115.383,115.336,115.383,82,77,0
2026-07-20 22:00:00,115.376,115.396,115.359,115.37,86,32,0
2026-07-20 22:15:00,115.37,115.39,115.359,115.39,38,31,0
2026-07-20 22:30:00,115.391,115.414,115.39,115.408,44,29,0
2026-07-20 22:45:00,115.411,115.422,115.407,115.417,63,29,0
2026-07-20 23:00:00,115.427,115.439,115.418,115.437,70,11,0
2026-07-20 23:15:00,115.438,115.444,115.429,115.431,61,11,0
2026-07-20 23:30:00,115.433,115.438,115.431,115.437,23,11,0
2026-07-20 23:45:00,115.438,115.478,115.436,115.472,79,11,0
2026-07-21 00:00:00,115.47,115.476,115.441,115.453,224,11,0
2026-07-21 00:15:00,115.452,115.465,115.435,115.446,130,11,0
2026-07-21 00:30:00,115.445,115.468,115.435,115.463,110,11,0
2026-07-21 00:45:00,115.465,115.489,115.459,115.48,224,11,0
2026-07-21 01:00:00,115.482,115.482,115.449,115.452,154,11,0
2026-07-21 01:15:00,115.45,115.476,115.414,115.446,223,11,0
2026-07-21 01:30:00,115.448,115.47,115.438,115.448,187,11,0
2026-07-21 01:45:00,115.449,115.477,115.444,115.461,117,11,0
2026-07-21 02:00:00,115.462,115.488,115.451,115.452,127,11,0
2026-07-21 02:15:00,115.451,115.451,115.422,115.423,126,11,0
2026-07-21 02:30:00,115.421,115.453,115.421,115.437,109,11,0
2026-07-21 02:45:00,115.435,115.441,115.398,115.403,79,11,0
2026-07-21 03:00:00,115.401,115.445,115.398,115.42,121,11,0
2026-07-21 03:15:00,115.421,115.432,115.417,115.426,73,11,0
2026-07-21 03:30:00,115.424,115.437,115.395,115.395,78,11,0
2026-07-21 03:45:00,115.394,115.408,115.39,115.408,85,11,0
2026-07-21 04:00:00,115.406,115.423,115.404,115.42,79,11,0
2026-07-21 04:15:00,115.419,115.425,115.415,115.415,50,11,0
2026-07-21 04:30:00,115.418,115.475,115.418,115.461,141,11,0
2026-07-21 04:45:00,115.462,115.474,115.456,115.472,63,11,0
2026-07-21 05:00:00,115.47,115.491,115.47,115.48,107,11,0
2026-07-21 05:15:00,115.481,115.5,115.481,115.498,73,11,0
2026-07-21 05:30:00,115.497,115.509,115.487,115.49,117,11,0
2026-07-21 05:45:00,115.488,115.52,115.485,115.49,144,11,0
2026-07-21 06:00:00,115.491,115.503,115.464,115.465,184,11,0
2026-07-21 06:15:00,115.464,115.508,115.442,115.508,155,11,0
2026-07-21 06:30:00,115.51,115.534,115.506,115.527,180,11,0
2026-07-21 06:45:00,115.529,115.577,115.526,115.564,180,11,0
2026-07-21 07:00:00,115.566,115.617,115.563,115.601,220,11,0
2026-07-21 07:15:00,115.599,115.625,115.598,115.612,226,11,0
2026-07-21 07:30:00,115.615,115.631,115.583,115.588,191,11,0
2026-07-21 07:45:00,115.589,115.626,115.579,115.605,176,11,0
2026-07-21 08:00:00,115.603,115.643,115.591,115.624,224,11,0
2026-07-21 08:15:00,115.626,115.648,115.623,115.64,237,11,0
2026-07-21 08:30:00,115.639,115.658,115.632,115.651,190,11,0
2026-07-21 08:45:00,115.652,115.666,115.647,115.656,117,11,0
2026-07-21 09:00:00,115.659,115.681,115.651,115.681,124,11,0
2026-07-21 09:15:00,115.682,115.683,115.634,115.663,207,11,0
2026-07-21 09:30:00,115.665,115.73,115.659,115.722,170,11,0
2026-07-21 09:45:00,115.72,115.739,115.7,115.72,158,11,0
2026-07-21 10:00:00,115.719,115.743,115.699,115.705,212,11,0
2026-07-21 10:15:00,115.704,115.722,115.7,115.703,147,11,0
2026-07-21 10:30:00,115.702,115.723,115.692,115.696,92,11,0
2026-07-21 10:45:00,115.694,115.714,115.684,115.689,187,11,0
2026-07-21 11:00:00,115.691,115.734,115.689,115.728,306,11,0
2026-07-21 11:15:00,115.729,115.748,115.691,115.702,185,11,0
2026-07-21 11:30:00,115.7,115.727,115.686,115.695,174,11,0
2026-07-21 11:45:00,115.694,115.694,115.666,115.688,111,11,0
2026-07-21 12:00:00,115.686,115.689,115.596,115.611,203,11,0
2026-07-21 12:15:00,115.609,115.663,115.577,115.642,356,11,0
2026-07-21 12:30:00,115.641,115.674,115.633,115.636,246,11,0
2026-07-21 12:45:00,115.638,115.662,115.592,115.606,413,11,0
2026-07-21 13:00:00,115.608,115.634,115.598,115.598,235,11,0
2026-07-21 13:15:00,115.597,115.605,115.538,115.563,277,11,0
2026-07-21 13:30:00,115.562,115.633,115.562,115.613,457,11,0
2026-07-21 13:45:00,115.612,115.674,115.603,115.604,527,11,0
2026-07-21 14:00:00,115.602,115.727,115.602,115.703,498,11,0
2026-07-21 14:15:00,115.701,115.701,115.619,115.629,356,11,0
2026-07-21 14:30:00,115.628,115.663,115.608,115.656,363,11,0
2026-07-21 14:45:00,115.657,115.694,115.595,115.68,855,11,0
2026-07-21 15:00:00,115.683,115.685,115.595,115.598,375,11,0
2026-07-21 15:15:00,115.596,115.621,115.578,115.615,297,11,0
2026-07-21 15:30:00,115.617,115.655,115.612,115.643,248,11,0
2026-07-21 15:45:00,115.642,115.642,115.605,115.632,156,11,0
2026-07-21 16:00:00,115.631,115.632,115.592,115.603,130,11,0
2026-07-21 16:15:00,115.605,115.624,115.592,115.596,137,11,0
2026-07-21 16:30:00,115.594,115.594,115.559,115.583,161,11,0
2026-07-21 16:45:00,115.581,115.629,115.578,115.623,140,11,0
2026-07-21 17:00:00,115.624,115.631,115.594,115.609,147,11,0
2026-07-21 17:15:00,115.607,115.608,115.586,115.597,96,11,0
2026-07-21 17:30:00,115.598,115.604,115.57,115.584,82,11,0
2026-07-21 17:45:00,115.585,115.607,115.57,115.605,82,11,0
2026-07-21 18:00:00,115.606,115.69,115.576,115.637,468,11,0
2026-07-21 18:15:00,115.639,115.663,115.629,115.663,171,11,0
2026-07-21 18:30:00,115.662,115.689,115.643,115.685,185,11,0
2026-07-21 18:45:00,115.686,115.701,115.668,115.676,159,11,0
2026-07-21 19:00:00,115.678,115.701,115.667,115.686,156,11,0
2026-07-21 19:15:00,115.685,115.687,115.664,115.68,109,11,0
2026-07-21 19:30:00,115.678,115.678,115.657,115.663,143,11,0
2026-07-21 19:45:00,115.666,115.704,115.657,115.7,157,11,0
2026-07-21 20:00:00,115.698,115.721,115.697,115.716,122,11,0
2026-07-21 20:15:00,115.719,115.723,115.695,115.721,66,11,0
2026-07-21 20:30:00,115.722,115.725,115.692,115.702,65,11,0
2026-07-21 20:45:00,115.704,115.715,115.638,115.647,131,11,0
2026-07-21 21:00:00,115.649,115.649,115.643,115.643,17,38,0
2026-07-21 21:15:00,115.644,115.65,115.639,115.648,43,20,0
2026-07-21 21:30:00,115.645,115.657,115.64,115.644,61,11,0
2026-07-21 21:45:00,115.642,115.647,115.624,115.644,64,22,0
2026-07-21 22:00:00,115.633,115.674,115.63,115.663,70,30,0
2026-07-21 22:15:00,115.664,115.669,115.657,115.669,25,29,0
2026-07-21 22:30:00,115.671,115.671,115.659,115.665,29,29,0
2026-07-21 22:45:00,115.666,115.666,115.643,115.66,39,28,0
2026-07-21 23:00:00,115.667,115.674,115.659,115.665,59,11,0
2026-07-21 23:15:00,115.666,115.679,115.657,115.663,59,11,0
2026-07-21 23:30:00,115.664,115.691,115.664,115.688,37,11,0
2026-07-21 23:45:00,115.689,115.698,115.676,115.688,67,11,0
2026-07-22 00:00:00,115.687,115.698,115.645,115.648,299,11,0
2026-07-22 00:15:00,115.65,115.661,115.609,115.634,306,11,0
2026-07-22 00:30:00,115.632,115.651,115.628,115.637,235,11,0
2026-07-22 00:45:00,115.639,115.675,115.627,115.658,365,11,0
2026-07-22 01:00:00,115.659,115.709,115.657,115.703,263,11,0
2026-07-22 01:15:00,115.701,115.701,115.672,115.693,125,11,0
2026-07-22 01:30:00,115.691,115.701,115.677,115.688,146,11,0
2026-07-22 01:45:00,115.686,115.693,115.676,115.676,79,11,0
2026-07-22 02:00:00,115.679,115.693,115.663,115.678,127,11,0
2026-07-22 02:15:00,115.676,115.679,115.632,115.641,159,11,0
2026-07-22 02:30:00,115.639,115.644,115.616,115.623,110,11,0
2026-07-22 02:45:00,115.625,115.647,115.622,115.646,89,11,0
2026-07-22 03:00:00,115.643,115.675,115.643,115.663,137,11,0
2026-07-22 03:15:00,115.662,115.684,115.656,115.658,105,11,0
2026-07-22 03:30:00,115.66,115.665,115.643,115.649,88,11,0
2026-07-22 03:45:00,115.652,115.673,115.652,115.672,99,11,0
2026-07-22 04:00:00,115.674,115.679,115.657,115.678,104,11,0
2026-07-22 04:15:00,115.676,115.685,115.67,115.674,71,11,0
2026-07-22 04:30:00,115.676,115.683,115.67,115.674,71,11,0
2026-07-22 04:45:00,115.672,115.687,115.667,115.684,68,11,0
2026-07-22 05:00:00,115.686,115.687,115.672,115.675,77,11,0
2026-07-22 05:15:00,115.677,115.687,115.671,115.678,66,11,0
2026-07-22 05:30:00,115.68,115.688,115.661,115.666,102,11,0
2026-07-22 05:45:00,115.664,115.682,115.629,115.638,167,11,0
2026-07-22 06:00:00,115.639,115.669,115.627,115.644,280,11,0
2026-07-22 06:15:00,115.645,115.68,115.645,115.653,246,11,0
2026-07-22 06:30:00,115.652,115.708,115.643,115.701,207,11,0
2026-07-22 06:45:00,115.7,115.705,115.674,115.681,154,11,0
2026-07-22 07:00:00,115.683,115.757,115.679,115.753,244,11,0
2026-07-22 07:15:00,115.754,115.817,115.752,115.817,220,11,0
2026-07-22 07:30:00,115.818,115.818,115.508,115.632,2117,11,0
2026-07-22 07:45:00,115.634,115.655,115.608,115.646,357,11,0
2026-07-22 08:00:00,115.643,115.691,115.611,115.69,379,11,0
2026-07-22 08:15:00,115.692,115.731,115.687,115.704,269,11,0
2026-07-22 08:30:00,115.706,115.706,115.658,115.678,243,11,0
2026-07-22 08:45:00,115.68,115.684,115.62,115.621,217,11,0
2026-07-22 09:00:00,115.623,115.648,115.62,115.644,278,11,0
2026-07-22 09:15:00,115.645,115.648,115.615,115.627,190,11,0
2026-07-22 09:30:00,115.628,115.651,115.628,115.631,174,11,0
2026-07-22 09:45:00,115.629,115.669,115.615,115.66,172,11,0
2026-07-22 10:00:00,115.661,115.661,115.626,115.645,199,11,0
2026-07-22 10:15:00,115.643,115.647,115.59,115.596,187,11,0
2026-07-22 10:30:00,115.594,115.63,115.578,115.63,149,11,0
2026-07-22 10:45:00,115.632,115.655,115.596,115.61,234,11,0
2026-07-22 11:00:00,115.608,115.627,115.598,115.622,217,11,0
2026-07-22 11:15:00,115.623,115.674,115.623,115.671,196,11,0
2026-07-22 11:30:00,115.672,115.713,115.653,115.702,246,11,0
2026-07-22 11:45:00,115.7,115.74,115.674,115.736,207,11,0
2026-07-22 12:00:00,115.734,115.776,115.731,115.77,237,11,0
2026-07-22 12:15:00,115.769,115.79,115.755,115.761,233,11,0
2026-07-22 12:30:00,115.76,115.8,115.754,115.761,232,11,0
2026-07-22 12:45:00,115.764,115.772,115.74,115.747,321,11,0
2026-07-22 13:00:00,115.75,115.782,115.744,115.767,255,11,0
2026-07-22 13:15:00,115.766,115.776,115.737,115.764,276,11,0
2026-07-22 13:30:00,115.766,115.805,115.742,115.784,370,11,0
2026-07-22 13:45:00,115.782,115.788,115.703,115.725,454,11,0
2026-07-22 14:00:00,115.723,115.788,115.723,115.772,324,11,0
2026-07-22 14:15:00,115.769,115.802,115.768,115.797,279,11,0
2026-07-22 14:30:00,115.796,115.796,115.744,115.76,280,11,0
2026-07-22 14:45:00,115.763,115.824,115.755,115.81,462,11,0
2026-07-22 15:00:00,115.812,115.82,115.778,115.806,310,11,0
2026-07-22 15:15:00,115.803,115.812,115.78,115.804,191,11,0
2026-07-22 15:30:00,115.802,115.814,115.789,115.795,218,11,0
2026-07-22 15:45:00,115.797,115.801,115.77,115.78,157,11,0
2026-07-22 16:00:00,115.782,115.788,115.756,115.758,149,11,0
2026-07-22 16:15:00,115.759,115.761,115.738,115.747,186,11,0
2026-07-22 16:30:00,115.746,115.747,115.728,115.74,102,11,0
2026-07-22 16:45:00,115.739,115.739,115.715,115.735,99,11,0
2026-07-22 17:00:00,115.737,115.773,115.736,115.773,107,11,0
2026-07-22 17:15:00,115.772,115.78,115.765,115.772,92,11,0
2026-07-22 17:30:00,115.774,115.776,115.761,115.767,89,11,0
2026-07-22 17:45:00,115.765,115.78,115.765,115.773,61,11,0
2026-07-22 18:00:00,115.775,115.793,115.773,115.776,107,11,0
2026-07-22 18:15:00,115.775,115.791,115.773,115.781,124,11,0
2026-07-22 18:30:00,115.779,115.798,115.766,115.788,102,11,0
2026-07-22 18:45:00,115.79,115.816,115.783,115.813,73,11,0
2026-07-22 19:00:00,115.815,115.817,115.803,115.807,71,11,0
2026-07-22 19:15:00,115.808,115.814,115.799,115.813,72,11,0
2026-07-22 19:30:00,115.814,115.826,115.797,115.826,80,11,0
2026-07-22 19:45:00,115.827,115.836,115.815,115.836,90,11,0
2026-07-22 20:00:00,115.838,115.858,115.824,115.858,122,11,0
2026-07-22 20:15:00,115.859,115.868,115.844,115.851,80,11,0
2026-07-22 20:30:00,115.849,115.852,115.827,115.832,51,11,0
2026-07-22 20:45:00,115.833,115.841,115.805,115.806,91,11,0
2026-07-22 21:00:00,115.807,115.808,115.803,115.807,15,38,0
2026-07-22 21:15:00,115.805,115.816,115.802,115.816,36,27,0
2026-07-22 21:30:00,115.813,115.82,115.799,115.802,120,20,0
2026-07-22 21:45:00,115.8,115.813,115.796,115.813,37,18,0
2026-07-22 22:00:00,115.807,115.807,115.757,115.766,67,27,0
2026-07-22 22:15:00,115.765,115.776,115.76,115.773,46,30,0
2026-07-22 22:30:00,115.77,115.794,115.77,115.781,60,29,0
2026-07-22 22:45:00,115.781,115.782,115.775,115.782,29,29,0
2026-07-22 23:00:00,115.791,115.798,115.778,115.795,65,11,0
2026-07-22 23:15:00,115.796,115.799,115.788,115.794,30,11,0
2026-07-22 23:30:00,115.795,115.803,115.787,115.792,33,11,0
2026-07-22 23:45:00,115.793,115.799,115.787,115.79,67,11,0
2026-07-23 00:00:00,115.792,115.804,115.78,115.795,145,11,0
2026-07-23 00:15:00,115.797,115.809,115.793,115.799,109,11,0
2026-07-23 00:30:00,115.8,115.822,115.8,115.818,89,11,0
2026-07-23 00:45:00,115.817,115.841,115.795,115.818,236,11,0
2026-07-23 01:00:00,115.816,115.863,115.813,115.856,292,11,0
2026-07-23 01:15:00,115.857,115.858,115.836,115.841,106,11,0
2026-07-23 01:30:00,115.843,115.86,115.815,115.842,226,11,0
2026-07-23 01:45:00,115.844,115.867,115.839,115.866,120,11,0
2026-07-23 02:00:00,115.865,115.882,115.86,115.872,117,11,0
2026-07-23 02:15:00,115.87,115.886,115.865,115.884,64,11,0
2026-07-23 02:30:00,115.885,115.926,115.883,115.92,104,11,0
2026-07-23 02:45:00,115.917,115.945,115.917,115.944,108,11,0
2026-07-23 03:00:00,115.945,115.951,115.919,115.923,132,11,0
2026-07-23 03:15:00,115.922,115.947,115.92,115.942,92,11,0
2026-07-23 03:30:00,115.944,115.96,115.94,115.948,84,11,0
2026-07-23 03:45:00,115.949,115.949,115.929,115.934,84,11,0
2026-07-23 04:00:00,115.932,115.969,115.929,115.963,112,11,0
2026-07-23 04:15:00,115.965,115.965,115.947,115.952,66,11,0
2026-07-23 04:30:00,115.953,115.965,115.947,115.948,47,11,0
2026-07-23 04:45:00,115.951,115.96,115.95,115.952,71,11,0
2026-07-23 05:00:00,115.954,115.97,115.954,115.956,57,11,0
2026-07-23 05:15:00,115.955,115.956,115.932,115.94,89,11,0
2026-07-23 05:30:00,115.941,115.952,115.926,115.948,104,11,0
2026-07-23 05:45:00,115.95,115.983,115.947,115.983,98,11,0
2026-07-23 06:00:00,115.981,116.037,115.977,116.001,260,11,0
2026-07-23 06:15:00,116.003,116.022,115.971,115.972,169,11,0
2026-07-23 06:30:00,115.974,115.979,115.942,115.966,179,11,0
2026-07-23 06:45:00,115.968,116.0,115.955,115.967,164,11,0
2026-07-23 07:00:00,115.968,116.054,115.966,116.042,294,11,0
2026-07-23 07:15:00,116.043,116.06,116.004,116.004,235,11,0
2026-07-23 07:30:00,116.006,116.05,116.002,116.027,278,11,0
2026-07-23 07:45:00,116.029,116.137,115.993,116.087,1020,11,0
2026-07-23 08:00:00,116.085,116.117,116.059,116.095,370,11,0
2026-07-23 08:15:00,116.094,116.11,116.061,116.103,261,11,0
2026-07-23 08:30:00,116.104,116.119,116.075,116.091,256,11,0
2026-07-23 08:45:00,116.09,116.094,116.042,116.046,309,11,0
2026-07-23 09:00:00,116.048,116.066,116.024,116.03,274,11,0
2026-07-23 09:15:00,116.031,116.045,116.026,116.032,162,11,0
2026-07-23 09:30:00,116.031,116.043,116.013,116.023,128,11,0
2026-07-23 09:45:00,116.022,116.042,116.018,116.03,121,11,0
2026-07-23 10:00:00,116.028,116.034,115.999,116.007,156,11,0
2026-07-23 10:15:00,116.008,116.01,115.988,115.989,118,11,0
2026-07-23 10:30:00,115.988,116.005,115.98,115.985,143,11,0
2026-07-23 10:45:00,115.987,116.019,115.975,116.009,176,11,0
2026-07-23 11:00:00,116.008,116.046,116.002,116.043,160,11,0
2026-07-23 11:15:00,116.04,116.101,116.025,116.097,217,11,0
2026-07-23 11:30:00,116.095,116.142,116.056,116.137,509,11,0
2026-07-23 11:45:00,116.139,116.144,115.976,116.13,1022,11,0
2026-07-23 12:00:00,116.131,116.193,116.102,116.181,352,11,0
2026-07-23 12:15:00,116.179,116.187,116.135,116.167,400,11,0
2026-07-23 12:30:00,116.164,116.234,116.162,116.215,525,11,0
2026-07-23 12:45:00,116.216,116.235,116.184,116.231,462,11,0
2026-07-23 13:00:00,116.233,116.341,116.233,116.321,689,11,0
2026-07-23 13:15:00,116.322,116.345,116.302,116.325,462,11,0
2026-07-23 13:30:00,116.326,116.428,116.32,116.407,592,11,0
2026-07-23 13:45:00,116.406,116.477,116.392,116.465,543,11,0
2026-07-23 14:00:00,116.463,116.471,116.371,116.377,539,11,0
2026-07-23 14:15:00,116.378,116.405,116.351,116.373,506,11,0
2026-07-23 14:30:00,116.375,116.386,116.353,116.366,432,11,0
2026-07-23 14:45:00,116.368,116.425,116.359,116.382,409,11,0
2026-07-23 15:00:00,116.381,116.385,116.297,116.307,518,11,0
2026-07-23 15:15:00,116.305,116.333,116.241,116.292,596,11,0
2026-07-23 15:30:00,116.29,116.292,116.243,116.287,469,11,0
2026-07-23 15:45:00,116.285,116.308,116.259,116.278,314,11,0
2026-07-23 16:00:00,116.28,116.307,116.263,116.295,228,11,0
2026-07-23 16:15:00,116.294,116.304,116.257,116.258,199,11,0
2026-07-23 16:30:00,116.259,116.301,116.246,116.285,205,11,0
2026-07-23 16:45:00,116.287,116.347,116.285,116.347,163,11,0
2026-07-23 17:00:00,116.345,116.358,116.316,116.33,220,11,0
2026-07-23 17:15:00,116.327,116.347,116.322,116.342,160,11,0
2026-07-23 17:30:00,116.34,116.35,116.325,116.348,143,11,0
2026-07-23 17:45:00,116.349,116.371,116.344,116.365,139,11,0
2026-07-23 18:00:00,116.367,116.378,116.358,116.359,108,11,0
2026-07-23 18:15:00,116.357,116.358,116.321,116.331,119,11,0
2026-07-23 18:30:00,116.333,116.366,116.329,116.352,150,11,0
2026-07-23 18:45:00,116.35,116.379,116.343,116.379,144,11,0
2026-07-23 19:00:00,116.378,116.38,116.348,116.366,151,11,0
2026-07-23 19:15:00,116.367,116.367,116.341,116.345,106,11,0
2026-07-23 19:30:00,116.348,116.366,116.336,116.356,161,11,0
2026-07-23 19:45:00,116.358,116.372,116.323,116.333,154,11,0
2026-07-23 20:00:00,116.332,116.336,116.315,116.317,147,11,0
2026-07-23 20:15:00,116.314,116.314,116.278,116.301,93,11,0
2026-07-23 20:30:00,116.3,116.338,116.298,116.337,94,11,0
2026-07-23 20:45:00,116.336,116.35,116.336,116.339,80,11,0
2026-07-23 21:00:00,116.338,116.338,116.333,116.333,15,38,0
2026-07-23 21:15:00,116.334,116.347,116.333,116.347,42,15,0
2026-07-23 21:30:00,116.346,116.349,116.329,116.332,100,15,0
2026-07-23 21:45:00,116.33,116.334,116.308,116.33,85,26,0
2026-07-23 22:00:00,116.325,116.329,116.3,116.326,57,31,0
2026-07-23 22:15:00,116.327,116.334,116.323,116.328,29,29,0
2026-07-23 22:30:00,116.33,116.331,116.312,116.312,39,29,0
2026-07-23 22:45:00,116.311,116.342,116.311,116.335,44,29,0
2026-07-23 23:00:00,116.344,116.346,116.326,116.326,51,11,0
2026-07-23 23:15:00,116.325,116.33,116.319,116.319,35,11,0
2026-07-23 23:30:00,116.32,116.326,116.313,116.324,63,11,0
2026-07-23 23:45:00,116.323,116.331,116.312,116.32,112,11,0
2026-07-24 00:00:00,116.318,116.402,116.315,116.392,418,11,0
2026-07-24 00:15:00,116.393,116.423,116.387,116.41,214,11,0
2026-07-24 00:30:00,116.408,116.459,116.394,116.446,184,11,0
2026-07-24 00:45:00,116.444,116.459,116.417,116.42,402,11,0
2026-07-24 01:00:00,116.419,116.455,116.418,116.448,267,11,0
2026-07-24 01:15:00,116.447,116.448,116.401,116.421,298,11,0
2026-07-24 01:30:00,116.423,116.427,116.366,116.373,256,11,0
2026-07-24 01:45:00,116.374,116.398,116.37,116.378,150,11,0
2026-07-24 02:00:00,116.379,116.382,116.36,116.367,138,11,0
2026-07-24 02:15:00,116.37,116.374,116.356,116.365,105,11,0
2026-07-24 02:30:00,116.368,116.368,116.34,116.348,126,11,0
2026-07-24 02:45:00,116.35,116.353,116.319,116.327,136,11,0
2026-07-24 03:00:00,116.325,116.365,116.324,116.364,101,11,0
2026-07-24 03:15:00,116.363,116.388,116.357,116.386,95,11,0
2026-07-24 03:30:00,116.387,116.392,116.362,116.369,120,11,0
2026-07-24 03:45:00,116.37,116.372,116.353,116.36,89,11,0
2026-07-24 04:00:00,116.362,116.375,116.343,116.363,122,11,0
2026-07-24 04:15:00,116.364,116.377,116.357,116.36,82,11,0
2026-07-24 04:30:00,116.359,116.365,116.329,116.334,87,11,0
2026-07-24 04:45:00,116.337,116.342,116.325,116.336,80,11,0
2026-07-24 05:00:00,116.339,116.35,116.335,116.343,72,11,0
2026-07-24 05:15:00,116.344,116.36,116.344,116.349,92,11,0
2026-07-24 05:30:00,116.351,116.371,116.339,116.339,116,11,0
2026-07-24 05:45:00,116.341,116.349,116.326,116.335,117,11,0
2026-07-24 06:00:00,116.337,116.342,116.289,116.321,205,11,0
2026-07-24 06:15:00,116.319,116.355,116.311,116.352,220,11,0
2026-07-24 06:30:00,116.351,116.375,116.35,116.358,170,11,0
2026-07-24 06:45:00,116.356,116.364,116.343,116.348,163,11,0
2026-07-24 07:00:00,116.349,116.365,116.28,116.334,436,11,0
2026-07-24 07:15:00,116.336,116.376,116.336,116.348,256,11,0
2026-07-24 07:30:00,116.349,116.377,116.336,116.366,279,11,0
2026-07-24 07:45:00,116.364,116.379,116.341,116.343,199,11,0
2026-07-24 08:00:00,116.342,116.369,116.337,116.35,226,11,0
2026-07-24 08:15:00,116.348,116.352,116.315,116.315,220,11,0
2026-07-24 08:30:00,116.316,116.342,116.304,116.34,205,11,0
2026-07-24 08:45:00,116.339,116.347,116.289,116.292,235,11,0
2026-07-24 09:00:00,116.294,116.311,116.279,116.279,202,11,0
2026-07-24 09:15:00,116.28,116.308,116.276,116.306,162,11,0
2026-07-24 09:30:00,116.308,116.318,116.235,116.235,189,11,0
2026-07-24 09:45:00,116.236,116.259,116.231,116.253,190,11,0
2026-07-24 10:00:00,116.254,116.302,116.245,116.29,184,11,0
2026-07-24 10:15:00,116.292,116.328,116.282,116.315,155,11,0
2026-07-24 10:30:00,116.317,116.348,116.307,116.335,134,11,0
2026-07-24 10:45:00,116.334,116.354,116.325,116.338,114,11,0
2026-07-24 11:00:00,116.34,116.345,116.303,116.31,156,11,0
2026-07-24 11:15:00,116.308,116.312,116.276,116.281,123,11,0
2026-07-24 11:30:00,116.279,116.29,116.254,116.288,159,11,0
2026-07-24 11:45:00,116.29,116.305,116.26,116.272,202,11,0
2026-07-24 12:00:00,116.27,116.31,116.258,116.285,228,11,0
2026-07-24 12:15:00,116.286,116.286,116.254,116.263,177,11,0
2026-07-24 12:30:00,116.264,116.264,116.148,116.154,355,11,0
2026-07-24 12:45:00,116.156,116.183,116.148,116.155,271,11,0
2026-07-24 13:00:00,116.153,116.156,116.102,116.106,396,11,0
2026-07-24 13:15:00,116.109,116.206,116.109,116.206,294,11,0
2026-07-24 13:30:00,116.204,116.222,116.159,116.209,346,11,0
2026-07-24 13:45:00,116.211,116.222,116.172,116.179,307,11,0
2026-07-24 14:00:00,116.178,116.246,116.161,116.236,378,11,0
2026-07-24 14:15:00,116.234,116.259,116.212,116.225,369,11,0
2026-07-24 14:30:00,116.223,116.263,116.223,116.234,302,11,0
2026-07-24 14:45:00,116.232,116.298,116.214,116.285,443,11,0
2026-07-24 15:00:00,116.287,116.314,116.262,116.275,378,11,0
2026-07-24 15:15:00,116.273,116.282,116.226,116.236,363,11,0
2026-07-24 15:30:00,116.237,116.264,116.237,116.243,278,11,0
2026-07-24 15:45:00,116.245,116.285,116.24,116.271,186,11,0
2026-07-24 16:00:00,116.273,116.282,116.263,116.28,149,11,0
2026-07-24 16:15:00,116.279,116.296,116.259,116.296,206,11,0
2026-07-24 16:30:00,116.295,116.295,116.249,116.252,186,11,0
2026-07-24 16:45:00,116.254,116.279,116.236,116.276,129,11,0
2026-07-24 17:00:00,116.278,116.282,116.23,116.242,215,11,0
2026-07-24 17:15:00,116.243,116.25,116.22,116.224,109,11,0
2026-07-24 17:30:00,116.225,116.243,116.213,116.215,121,11,0
2026-07-24 17:45:00,116.214,116.216,116.193,116.199,95,11,0
2026-07-24 18:00:00,116.2,116.21,116.192,116.204,87,11,0
2026-07-24 18:15:00,116.203,116.22,116.196,116.22,75,11,0
2026-07-24 18:30:00,116.222,116.231,116.214,116.218,112,11,0
2026-07-24 18:45:00,116.219,116.237,116.219,116.229,78,11,0
2026-07-24 19:00:00,116.228,116.228,116.199,116.216,109,11,0
2026-07-24 19:15:00,116.217,116.226,116.211,116.221,95,11,0
2026-07-24 19:30:00,116.223,116.225,116.199,116.204,131,11,0
2026-07-24 19:45:00,116.203,116.212,116.175,116.198,171,11,0
2026-07-24 20:00:00,116.199,116.2,116.175,116.193,106,11,0
2026-07-24 20:15:00,116.191,116.197,116.177,116.194,83,11,0
2026-07-24 20:30:00,116.192,116.227,116.183,116.219,174,11,0
2026-07-24 20:45:00,116.221,116.255,116.218,116.25,63,11,0
2026-07-26 21:00:00,116.132,116.141,116.109,116.141,33,56,0
2026-07-26 21:15:00,116.138,116.192,116.127,116.19,91,51,0
2026-07-26 21:30:00,116.184,116.187,116.139,116.176,96,36,0
2026-07-26 21:45:00,116.173,116.178,116.12,116.154,110,30,0
2026-07-26 22:00:00,116.14,116.181,116.07,116.165,202,46,0
2026-07-26 22:15:00,116.163,116.178,116.155,116.175,122,44,0
2026-07-26 22:30:00,116.176,116.182,116.148,116.159,87,42,0
2026-07-26 22:45:00,116.156,116.162,116.141,116.161,82,42,0
2026-07-26 23:00:00,116.175,116.194,116.168,116.186,99,11,0
2026-07-26 23:15:00,116.188,116.188,116.17,116.178,52,11,0
2026-07-26 23:30:00,116.177,116.182,116.162,116.173,106,11,0
2026-07-26 23:45:00,116.172,116.176,116.139,116.147,109,11,0
2026-07-27 00:00:00,116.149,116.187,116.137,116.186,375,11,0
2026-07-27 00:15:00,116.188,116.201,116.166,116.177,313,11,0
2026-07-27 00:30:00,116.175,116.212,116.165,116.168,229,11,0
2026-07-27 00:45:00,116.167,116.218,116.164,116.201,299,11,0
2026-07-27 01:00:00,116.204,116.223,116.19,116.192,219,11,0
2026-07-27 01:15:00,116.193,116.211,116.177,116.184,162,11,0
2026-07-27 01:30:00,116.185,116.186,116.163,116.172,150,11,0
2026-07-27 01:45:00,116.173,116.196,116.172,116.179,159,11,0
2026-07-27 02:00:00,116.177,116.201,116.158,116.197,166,11,0
2026-07-27 02:15:00,116.198,116.198,116.165,116.174,116,11,0
2026-07-27 02:30:00,116.172,116.178,116.153,116.159,96,11,0
2026-07-27 02:45:00,116.16,116.192,116.159,116.191,95,11,0
2026-07-27 03:00:00,116.193,116.193,116.149,116.161,105,11,0
2026-07-27 03:15:00,116.16,116.172,116.157,116.163,99,11,0
2026-07-27 03:30:00,116.164,116.164,116.15,116.159,97,11,0
2026-07-27 03:45:00,116.16,116.162,116.149,116.153,69,11,0
2026-07-27 04:00:00,116.151,116.151,116.129,116.139,79,11,0
2026-07-27 04:15:00,116.14,116.143,116.122,116.126,63,11,0
2026-07-27 04:30:00,116.127,116.144,116.127,116.133,71,11,0
2026-07-27 04:45:00,116.134,116.148,116.127,116.147,87,11,0
2026-07-27 05:00:00,116.146,116.158,116.133,116.158,120,11,0
2026-07-27 05:15:00,116.157,116.171,116.144,116.147,93,11,0
2026-07-27 05:30:00,116.148,116.155,116.124,116.15,91,11,0
2026-07-27 05:45:00,116.151,116.165,116.143,116.143,105,11,0
2026-07-27 06:00:00,116.141,116.148,116.013,116.013,283,11,0
2026-07-27 06:15:00,116.011,116.052,115.975,116.051,313,11,0
2026-07-27 06:30:00,116.05,116.061,116.015,116.02,287,11,0
2026-07-27 06:45:00,116.022,116.029,115.986,115.994,245,11,0
2026-07-27 07:00:00,115.996,116.01,115.962,115.99,290,11,0
2026-07-27 07:15:00,115.989,115.992,115.879,115.882,457,11,0
2026-07-27 07:30:00,115.883,115.98,115.88,115.976,319,11,0
2026-07-27 07:45:00,115.975,116.003,115.95,115.994,221,11,0
2026-07-27 08:00:00,115.996,116.032,115.996,116.018,227,11,0
2026-07-27 08:15:00,116.017,116.028,115.988,115.988,171,11,0
2026-07-27 08:30:00,115.987,116.021,115.982,115.986,142,11,0
2026-07-27 08:45:00,115.987,116.014,115.98,115.98,177,11,0
2026-07-27 09:00:00,115.979,115.989,115.943,115.976,207,11,0
2026-07-27 09:15:00,115.975,116.014,115.953,115.972,189,11,0
2026-07-27 09:30:00,115.97,115.984,115.963,115.964,172,11,0
2026-07-27 09:45:00,115.965,115.983,115.921,115.932,164,11,0
2026-07-27 10:00:00,115.931,115.979,115.931,115.971,183,11,0
2026-07-27 10:15:00,115.969,115.973,115.934,115.94,147,11,0
2026-07-27 10:30:00,115.938,115.982,115.938,115.974,156,11,0
2026-07-27 10:45:00,115.973,115.982,115.958,115.967,172,11,0
2026-07-27 11:00:00,115.964,116.023,115.964,116.015,191,11,0
2026-07-27 11:15:00,116.013,116.031,116.003,116.029,140,11,0
2026-07-27 11:30:00,116.031,116.035,115.991,115.991,187,11,0
2026-07-27 11:45:00,115.993,116.003,115.977,115.995,193,11,0
2026-07-27 12:00:00,115.997,116.047,115.996,116.036,253,11,0
2026-07-27 12:15:00,116.035,116.046,116.014,116.024,200,11,0
2026-07-27 12:30:00,116.022,116.049,116.005,116.043,197,11,0
2026-07-27 12:45:00,116.045,116.056,116.021,116.021,181,11,0
2026-07-27 13:00:00,116.023,116.045,116.0,116.003,261,11,0
2026-07-27 13:15:00,116.001,116.033,115.979,116.033,250,11,0
2026-07-27 13:30:00,116.035,116.077,116.027,116.072,346,11,0
2026-07-27 13:45:00,116.07,116.126,116.064,116.126,339,11,0
2026-07-27 14:00:00,116.127,116.129,116.043,116.065,297,11,0
2026-07-27 14:15:00,116.063,116.074,116.006,116.009,267,11,0
2026-07-27 14:30:00,116.011,116.025,115.985,116.007,333,11,0
2026-07-27 14:45:00,116.009,116.034,115.992,115.994,298,11,0
2026-07-27 15:00:00,115.992,116.017,115.988,115.998,278,11,0
2026-07-27 15:15:00,115.999,116.007,115.972,115.977,266,11,0
2026-07-27 15:30:00,115.978,115.997,115.97,115.983,250,11,0
2026-07-27 15:45:00,115.982,116.024,115.978,116.011,189,11,0
2026-07-27 16:00:00,116.01,116.012,115.978,115.983,179,11,0
2026-07-27 16:15:00,115.982,115.998,115.957,115.966,226,11,0
2026-07-27 16:30:00,115.964,115.971,115.941,115.955,175,11,0
2026-07-27 16:45:00,115.954,115.976,115.95,115.962,112,11,0
2026-07-27 17:00:00,115.964,115.968,115.936,115.946,157,11,0
2026-07-27 17:15:00,115.945,115.969,115.942,115.951,111,11,0
2026-07-27 17:30:00,115.949,115.957,115.939,115.951,99,11,0
2026-07-27 17:45:00,115.952,115.959,115.947,115.948,89,11,0
2026-07-27 18:00:00,115.946,115.946,115.921,115.93,108,11,0
2026-07-27 18:15:00,115.929,115.944,115.923,115.944,92,11,0
2026-07-27 18:30:00,115.942,115.943,115.921,115.921,147,11,0
2026-07-27 18:45:00,115.92,115.954,115.915,115.95,232,11,0
2026-07-27 19:00:00,115.953,115.953,115.939,115.942,109,11,0
2026-07-27 19:15:00,115.94,115.956,115.937,115.948,95,11,0
2026-07-27 19:30:00,115.95,115.95,115.924,115.931,141,11,0
2026-07-27 19:45:00,115.932,115.952,115.923,115.946,144,11,0
2026-07-27 20:00:00,115.948,115.951,115.935,115.937,69,11,0
2026-07-27 20:15:00,115.936,115.942,115.922,115.932,45,11,0
2026-07-27 20:30:00,115.93,115.935,115.926,115.933,60,11,0
2026-07-27 20:45:00,115.93,115.943,115.918,115.918,91,11,0
2026-07-27 21:00:00,115.917,115.918,115.914,115.914,15,38,0
2026-07-27 21:15:00,115.915,115.927,115.914,115.925,17,18,0
2026-07-27 21:30:00,115.923,115.928,115.914,115.923,75,17,0
2026-07-27 21:45:00,115.924,115.928,115.913,115.927,59,15,0
2026-07-27 22:00:00,115.925,115.938,115.917,115.933,53,24,0
2026-07-27 22:15:00,115.933,115.947,115.932,115.946,19,29,0
2026-07-27 22:30:00,115.947,115.949,115.938,115.94,17,29,0
2026-07-27 22:45:00,115.941,115.943,115.935,115.936,13,28,0
2026-07-27 23:00:00,115.945,115.945,115.922,115.927,82,11,0
2026-07-27 23:15:00,115.928,115.934,115.924,115.932,29,11,0
2026-07-27 23:30:00,115.93,115.943,115.923,115.932,59,11,0
2026-07-27 23:45:00,115.935,115.951,115.926,115.948,90,11,0
2026-07-28 00:00:00,115.949,115.965,115.939,115.955,158,11,0
2026-07-28 00:15:00,115.953,115.959,115.934,115.951,126,11,0
2026-07-28 00:30:00,115.953,115.976,115.951,115.963,122,11,0
2026-07-28 00:45:00,115.961,116.007,115.961,115.986,209,11,0
2026-07-28 01:00:00,115.989,116.029,115.985,115.995,202,11,0
2026-07-28 01:15:00,115.997,116.001,115.975,115.979,130,11,0
2026-07-28 01:30:00,115.98,115.997,115.966,115.967,133,11,0
2026-07-28 01:45:00,115.965,115.983,115.959,115.972,118,11,0
2026-07-28 02:00:00,115.969,116.009,115.969,116.005,128,11,0
2026-07-28 02:15:00,116.004,116.004,115.96,115.962,108,11,0
2026-07-28 02:30:00,115.963,115.981,115.962,115.963,95,11,0
2026-07-28 02:45:00,115.965,115.973,115.943,115.97,137,11,0
2026-07-28 03:00:00,115.969,115.982,115.953,115.982,137,11,0
2026-07-28 03:15:00,115.983,115.995,115.975,115.985,83,11,0
2026-07-28 03:30:00,115.986,116.017,115.986,116.011,150,11,0
2026-07-28 03:45:00,116.01,116.018,116.001,116.012,68,11,0
2026-07-28 04:00:00,116.011,116.017,115.992,116.011,111,11,0
2026-07-28 04:15:00,116.01,116.018,115.999,116.003,63,11,0
2026-07-28 04:30:00,116.002,116.011,115.985,115.998,68,11,0
2026-07-28 04:45:00,115.996,115.998,115.97,115.979,74,11,0
2026-07-28 05:00:00,115.976,115.983,115.929,115.929,112,11,0
2026-07-28 05:15:00,115.93,115.936,115.916,115.925,94,11,0
2026-07-28 05:30:00,115.927,115.988,115.927,115.983,126,11,0
2026-07-28 05:45:00,115.982,115.989,115.95,115.977,106,11,0
2026-07-28 06:00:00,115.975,115.976,115.937,115.955,228,11,0
2026-07-28 06:15:00,115.954,115.983,115.936,115.981,238,11,0
2026-07-28 06:30:00,115.979,115.986,115.935,115.936,264,11,0
2026-07-28 06:45:00,115.937,115.959,115.911,115.92,201,11,0
2026-07-28 07:00:00,115.922,116.002,115.908,116.002,248,11,0
2026-07-28 07:15:00,116.001,116.038,115.988,116.029,194,11,0
2026-07-28 07:30:00,116.03,116.054,116.022,116.038,139,11,0
2026-07-28 07:45:00,116.039,116.047,116.002,116.007,182,11,0
2026-07-28 08:00:00,116.008,116.053,116.008,116.046,220,11,0
2026-07-28 08:15:00,116.047,116.081,116.046,116.081,155,11,0
2026-07-28 08:30:00,116.079,116.089,116.07,116.083,139,11,0
2026-07-28 08:45:00,116.08,116.093,116.066,116.093,118,11,0
2026-07-28 09:00:00,116.094,116.117,116.088,116.11,145,11,0
2026-07-28 09:15:00,116.109,116.122,116.101,116.114,94,11,0
2026-07-28 09:30:00,116.112,116.127,116.099,116.099,104,11,0
2026-07-28 09:45:00,116.102,116.102,116.083,116.091,149,11,0
2026-07-28 10:00:00,116.093,116.113,116.086,116.113,167,11,0
2026-07-28 10:15:00,116.112,116.153,116.112,116.149,136,11,0
2026-07-28 10:30:00,116.148,116.164,116.132,116.161,118,11,0
2026-07-28 10:45:00,116.16,116.199,116.16,116.198,120,11,0
2026-07-28 11:00:00,116.195,116.196,116.152,116.163,140,11,0
2026-07-28 11:15:00,116.164,116.182,116.143,116.182,165,11,0
2026-07-28 11:30:00,116.185,116.218,116.181,116.207,157,11,0
2026-07-28 11:45:00,116.209,116.227,116.199,116.2,139,11,0
2026-07-28 12:00:00,116.198,116.2,116.161,116.165,212,11,0
2026-07-28 12:15:00,116.164,116.169,116.112,116.115,165,11,0
2026-07-28 12:30:00,116.114,116.13,116.088,116.117,206,11,0
2026-07-28 12:45:00,116.118,116.121,116.087,116.113,249,11,0
2026-07-28 13:00:00,116.115,116.205,116.115,116.194,228,11,0
2026-07-28 13:15:00,116.193,116.203,116.144,116.163,237,11,0
2026-07-28 13:30:00,116.162,116.179,116.132,116.163,346,11,0
2026-07-28 13:45:00,116.165,116.196,116.16,116.189,316,11,0
2026-07-28 14:00:00,116.187,116.223,116.186,116.2,305,11,0
2026-07-28 14:15:00,116.198,116.201,116.145,116.186,330,11,0
2026-07-28 14:30:00,116.189,116.21,116.181,116.206,244,11,0
2026-07-28 14:45:00,116.208,116.209,116.167,116.176,336,11,0
2026-07-28 15:00:00,116.174,116.203,116.156,116.172,356,11,0
2026-07-28 15:15:00,116.17,116.193,116.121,116.173,420,11,0
2026-07-28 15:30:00,116.175,116.208,116.152,116.168,299,11,0
2026-07-28 15:45:00,116.166,116.183,116.121,116.127,267,11,0
2026-07-28 16:00:00,116.125,116.184,116.125,116.18,233,11,0
2026-07-28 16:15:00,116.179,116.189,116.161,116.181,180,11,0
2026-07-28 16:30:00,116.18,116.19,116.154,116.19,160,11,0
2026-07-28 16:45:00,116.191,116.236,116.187,116.225,165,11,0
2026-07-28 17:00:00,116.226,116.228,116.146,116.146,193,11,0
2026-07-28 17:15:00,116.147,116.173,116.139,116.14,177,11,0
2026-07-28 17:30:00,116.139,116.141,116.114,116.116,71,11,0
2026-07-28 17:45:00,116.119,116.136,116.119,116.128,115,11,0
2026-07-28 18:00:00,116.13,116.13,116.093,116.124,131,11,0
2026-07-28 18:15:00,116.127,116.154,116.127,116.153,124,11,0
2026-07-28 18:30:00,116.155,116.176,116.154,116.172,81,11,0
2026-07-28 18:45:00,116.175,116.175,116.156,116.168,74,11,0
2026-07-28 19:00:00,116.17,116.177,116.132,116.141,108,11,0
2026-07-28 19:15:00,116.143,116.154,116.138,116.144,78,11,0
2026-07-28 19:30:00,116.142,116.144,116.13,116.144,79,11,0
2026-07-28 19:45:00,116.146,116.158,116.123,116.124,108,11,0
2026-07-28 20:00:00,116.125,116.141,116.122,116.132,92,11,0
2026-07-28 20:15:00,116.133,116.146,116.126,116.146,46,11,0
2026-07-28 20:30:00,116.145,116.161,116.131,116.159,86,11,0
2026-07-28 20:45:00,116.161,116.17,116.132,116.137,105,11,0
2026-07-28 21:00:00,116.135,116.14,116.134,116.14,19,38,0
2026-07-28 21:15:00,116.141,116.145,116.136,116.142,67,24,0
2026-07-28 21:30:00,116.144,116.145,116.121,116.123,112,20,0
2026-07-28 21:45:00,116.12,116.138,116.116,116.135,60,24,0
2026-07-28 22:00:00,116.134,116.155,116.132,116.149,53,30,0
2026-07-28 22:15:00,116.148,116.186,116.145,116.168,49,30,0
2026-07-28 22:30:00,116.17,116.177,116.152,116.159,46,29,0
2026-07-28 22:45:00,116.158,116.166,116.153,116.154,38,29,0
2026-07-28 23:00:00,116.163,116.169,116.153,116.163,66,11,0
2026-07-28 23:15:00,116.165,116.173,116.164,116.167,38,11,0
2026-07-28 23:30:00,116.168,116.169,116.161,116.162,30,11,0
2026-07-28 23:45:00,116.161,116.168,116.152,116.162,76,11,0
2026-07-29 00:00:00,116.16,116.165,116.129,116.148,166,11,0
2026-07-29 00:15:00,116.15,116.155,116.122,116.14,168,11,0
2026-07-29 00:30:00,116.141,116.163,116.128,116.134,114,11,0
2026-07-29 00:45:00,116.133,116.133,116.056,116.092,328,11,0
2026-07-29 01:00:00,116.093,116.133,116.09,116.126,199,11,0
2026-07-29 01:15:00,116.125,116.155,116.117,116.134,172,11,0
2026-07-29 01:30:00,116.132,116.14,116.092,116.115,281,11,0
2026-07-29 01:45:00,116.116,116.129,116.107,116.129,158,11,0
2026-07-29 02:00:00,116.127,116.134,116.099,116.127,188,11,0
2026-07-29 02:15:00,116.125,116.159,116.117,116.139,153,11,0
2026-07-29 02:30:00,116.136,116.136,116.091,116.115,138,11,0
2026-07-29 02:45:00,116.117,116.143,116.113,116.136,112,11,0
2026-07-29 03:00:00,116.137,116.154,116.13,116.13,109,11,0
2026-07-29 03:15:00,116.129,116.143,116.118,116.119,101,11,0
2026-07-29 03:30:00,116.121,116.13,116.11,116.11,126,11,0
2026-07-29 03:45:00,116.111,116.111,116.072,116.104,204,11,0
2026-07-29 04:00:00,116.102,116.104,116.052,116.06,183,11,0
2026-07-29 04:15:00,116.059,116.071,116.013,116.023,199,11,0
2026-07-29 04:30:00,116.022,116.028,115.902,115.902,441,11,0
2026-07-29 04:45:00,115.9,116.051,115.891,115.981,660,11,0
2026-07-29 05:00:00,115.982,116.01,115.974,115.981,211,11,0
2026-07-29 05:15:00,115.983,115.99,115.936,115.941,192,11,0
2026-07-29 05:30:00,115.938,116.016,115.938,115.973,249,11,0
2026-07-29 05:45:00,115.971,116.027,115.97,116.025,215,11,0
2026-07-29 06:00:00,116.022,116.108,116.015,116.076,353,11,0
2026-07-29 06:15:00,116.077,116.088,116.023,116.066,307,11,0
2026-07-29 06:30:00,116.067,116.067,115.963,115.975,286,11,0
2026-07-29 06:45:00,115.978,116.007,115.978,116.0,268,11,0
2026-07-29 07:00:00,116.002,116.045,115.991,116.036,296,11,0
2026-07-29 07:15:00,116.037,116.1,116.023,116.098,205,11,0
2026-07-29 07:30:00,116.1,116.114,116.045,116.08,199,11,0
2026-07-29 07:45:00,116.078,116.143,116.067,116.124,230,11,0
2026-07-29 08:00:00,116.125,116.14,116.105,116.105,222,11,0
2026-07-29 08:15:00,116.107,116.111,116.074,116.081,174,11,0
2026-07-29 08:30:00,116.079,116.082,116.05,116.056,162,11,0
2026-07-29 08:45:00,116.055,116.059,116.031,116.031,183,11,0
2026-07-29 09:00:00,116.033,116.051,116.01,116.01,202,11,0
2026-07-29 09:15:00,116.009,116.022,116.003,116.009,167,11,0
2026-07-29 09:30:00,116.007,116.014,115.99,116.011,180,11,0
2026-07-29 09:45:00,116.01,116.047,116.004,116.018,217,11,0
2026-07-29 10:00:00,116.017,116.042,115.98,116.039,235,11,0
2026-07-29 10:15:00,116.038,116.054,116.011,116.042,165,11,0
2026-07-29 10:30:00,116.04,116.071,116.038,116.067,147,11,0
2026-07-29 10:45:00,116.069,116.086,116.062,116.072,133,11,0
2026-07-29 11:00:00,116.07,116.108,116.069,116.108,151,11,0
2026-07-29 11:15:00,116.107,116.114,116.084,116.098,109,11,0
2026-07-29 11:30:00,116.096,116.116,116.087,116.098,181,11,0
2026-07-29 11:45:00,116.096,116.105,116.059,116.068,184,11,0
2026-07-29 12:00:00,116.066,116.081,116.035,116.07,233,11,0
2026-07-29 12:15:00,116.069,116.188,116.069,116.182,380,11,0
2026-07-29 12:30:00,116.183,116.193,116.137,116.16,277,11,0
2026-07-29 12:45:00,116.158,116.247,116.146,116.229,327,11,0
2026-07-29 13:00:00,116.231,116.232,116.158,116.176,360,11,0
2026-07-29 13:15:00,116.177,116.214,116.166,116.201,279,11,0
2026-07-29 13:30:00,116.202,116.248,116.191,116.248,359,11,0
2026-07-29 13:45:00,116.246,116.302,116.243,116.294,303,11,0
2026-07-29 14:00:00,116.292,116.299,116.262,116.264,258,11,0
2026-07-29 14:15:00,116.263,116.322,116.263,116.314,285,11,0
2026-07-29 14:30:00,116.313,116.324,116.287,116.293,246,11,0
2026-07-29 14:45:00,116.295,116.329,116.244,116.298,446,11,0
2026-07-29 15:00:00,116.3,116.314,116.275,116.288,312,11,0
2026-07-29 15:15:00,116.29,116.314,116.279,116.283,242,11,0
2026-07-29 15:30:00,116.285,116.302,116.273,116.29,229,11,0
2026-07-29 15:45:00,116.288,116.315,116.277,116.312,182,11,0
2026-07-29 16:00:00,116.315,116.33,116.292,116.303,169,11,0
2026-07-29 16:15:00,116.301,116.307,116.265,116.277,178,11,0
2026-07-29 16:30:00,116.275,116.279,116.24,116.262,135,11,0
2026-07-29 16:45:00,116.261,116.284,116.258,116.275,108,11,0
2026-07-29 17:00:00,116.277,116.284,116.249,116.249,158,11,0
2026-07-29 17:15:00,116.251,116.267,116.24,116.259,117,11,0
2026-07-29 17:30:00,116.256,116.283,116.242,116.242,161,11,0
2026-07-29 17:45:00,116.243,116.248,116.177,116.216,271,11,0
2026-07-29 18:00:00,116.213,116.288,116.025,116.258,1206,11,0
2026-07-29 18:15:00,116.257,116.284,116.245,116.27,410,11,0
2026-07-29 18:30:00,116.271,116.295,116.245,116.282,1026,11,0
2026-07-29 18:45:00,116.28,116.343,116.235,116.321,645,11,0
2026-07-29 19:00:00,116.319,116.419,116.307,116.417,588,11,0
2026-07-29 19:15:00,116.419,116.457,116.378,116.398,590,11,0
2026-07-29 19:30:00,116.401,116.425,116.366,116.392,427,11,0
2026-07-29 19:45:00,116.394,116.407,116.297,116.316,405,11,0
2026-07-29 20:00:00,116.318,116.415,116.318,116.409,306,11,0
2026-07-29 20:15:00,116.411,116.419,116.393,116.405,193,11,0
2026-07-29 20:30:00,116.404,116.41,116.352,116.356,266,11,0
2026-07-29 20:45:00,116.354,116.36,116.331,116.332,224,11,0
2026-07-29 21:00:00,116.333,116.334,116.32,116.323,32,38,0
2026-07-29 21:15:00,116.32,116.33,116.317,116.328,111,35,0
2026-07-29 21:30:00,116.33,116.34,116.327,116.336,108,24,0
2026-07-29 21:45:00,116.336,116.341,116.334,116.34,64,31,0
2026-07-29 22:00:00,116.347,116.383,116.335,116.371,105,33,0
2026-07-29 22:15:00,116.369,116.398,116.359,116.396,66,32,0
2026-07-29 22:30:00,116.395,116.396,116.375,116.375,50,30,0
2026-07-29 22:45:00,116.376,116.376,116.356,116.366,73,30,0
2026-07-29 23:00:00,116.375,116.381,116.338,116.371,164,11,0
2026-07-29 23:15:00,116.373,116.388,116.357,116.357,85,11,0
2026-07-29 23:30:00,116.359,116.389,116.357,116.389,85,11,0
2026-07-29 23:45:00,116.388,116.388,116.339,116.351,180,11,0
2026-07-30 00:00:00,116.349,116.355,116.303,116.346,419,11,0
2026-07-30 00:15:00,116.345,116.429,116.333,116.429,392,11,0
2026-07-30 00:30:00,116.426,116.43,116.371,116.373,294,11,0
2026-07-30 00:45:00,116.375,116.424,116.358,116.419,465,11,0
2026-07-30 01:00:00,116.417,116.426,116.384,116.396,275,11,0
2026-07-30 01:15:00,116.398,116.428,116.384,116.391,245,11,0
2026-07-30 01:30:00,116.392,116.393,116.356,116.379,191,11,0
2026-07-30 01:45:00,116.381,116.393,116.359,116.378,158,11,0
2026-07-30 02:00:00,116.38,116.38,116.348,116.352,124,11,0
2026-07-30 02:15:00,116.351,116.384,116.351,116.366,126,11,0
2026-07-30 02:30:00,116.365,116.368,116.344,116.359,125,11,0
2026-07-30 02:45:00,116.36,116.371,116.354,116.368,87,11,0
2026-07-30 03:00:00,116.366,116.392,116.366,116.375,116,11,0
2026-07-30 03:15:00,116.374,116.384,116.355,116.372,119,11,0
2026-07-30 03:30:00,116.37,116.409,116.37,116.385,113,11,0
2026-07-30 03:45:00,116.384,116.384,116.349,116.353,76,11,0
2026-07-30 04:00:00,116.352,116.374,116.345,116.346,105,11,0
2026-07-30 04:15:00,116.345,116.352,116.333,116.335,88,11,0
2026-07-30 04:30:00,116.334,116.334,116.31,116.317,82,11,0
2026-07-30 04:45:00,116.318,116.337,116.318,116.324,106,11,0
2026-07-30 05:00:00,116.327,116.363,116.327,116.343,112,11,0
2026-07-30 05:15:00,116.344,116.376,116.344,116.372,108,11,0
2026-07-30 05:30:00,116.374,116.397,116.359,116.363,122,11,0
2026-07-30 05:45:00,116.364,116.38,116.357,116.376,124,11,0
2026-07-30 06:00:00,116.378,116.404,116.369,116.386,237,11,0
2026-07-30 06:15:00,116.388,116.427,116.368,116.373,217,11,0
2026-07-30 06:30:00,116.372,116.403,116.372,116.385,211,11,0
2026-07-30 06:45:00,116.387,116.449,116.383,116.437,261,11,0
2026-07-30 07:00:00,116.438,116.443,116.352,116.352,411,11,0
2026-07-30 07:15:00,116.354,116.41,116.348,116.359,259,11,0
2026-07-30 07:30:00,116.36,116.418,116.36,116.409,312,11,0
2026-07-30 07:45:00,116.412,116.433,116.39,116.405,256,11,0
2026-07-30 08:00:00,116.404,116.407,116.345,116.362,297,11,0
2026-07-30 08:15:00,116.364,116.415,116.364,116.389,279,11,0
2026-07-30 08:30:00,116.387,116.4,116.371,116.385,237,11,0
2026-07-30 08:45:00,116.387,116.441,116.382,116.418,215,11,0
2026-07-30 09:00:00,116.416,116.424,116.334,116.351,442,11,0
2026-07-30 09:15:00,116.353,116.364,116.316,116.33,381,11,0
2026-07-30 09:30:00,116.328,116.342,116.282,116.292,339,11,0
2026-07-30 09:45:00,116.294,116.296,116.229,116.258,488,11,0
2026-07-30 10:00:00,116.257,116.262,116.036,116.072,894,11,0
2026-07-30 10:15:00,116.073,116.078,115.622,115.972,3427,11,0
2026-07-30 10:30:00,115.969,115.969,115.886,115.91,992,11,0
2026-07-30 10:45:00,115.913,115.971,115.869,115.945,697,11,0
2026-07-30 11:00:00,115.943,115.98,115.905,115.922,616,11,0
2026-07-30 11:15:00,115.919,116.024,115.911,116.014,508,11,0
2026-07-30 11:30:00,116.012,116.069,115.99,115.996,493,11,0
2026-07-30 11:45:00,115.993,116.029,115.958,115.998,392,11,0
2026-07-30 12:00:00,116.0,116.038,115.994,116.029,495,11,0
2026-07-30 12:15:00,116.03,116.056,115.996,116.017,370,11,0
2026-07-30 12:30:00,116.019,116.019,115.851,115.858,882,11,0
2026-07-30 12:45:00,115.856,115.959,115.83,115.939,787,11,0
2026-07-30 13:00:00,115.942,115.951,115.877,115.923,714,11,0
2026-07-30 13:15:00,115.922,115.982,115.868,115.89,624,11,0
2026-07-30 13:30:00,115.891,115.925,114.286,114.505,15251,11,0
2026-07-30 13:45:00,114.509,114.862,114.019,114.026,11849,11,0
2026-07-30 14:00:00,114.024,114.105,113.328,113.387,13458,11,0
2026-07-30 14:15:00,113.389,113.655,112.733,113.573,12929,11,0
2026-07-30 14:30:00,113.571,113.839,113.247,113.734,6559,11,0
2026-07-30 14:45:00,113.736,113.88,113.632,113.632,3271,11,0
2026-07-30 15:00:00,113.634,113.84,113.402,113.73,4023,11,0
2026-07-30 15:15:00,113.728,113.802,113.692,113.802,1626,11,0
2026-07-30 15:30:00,113.804,113.871,113.712,113.728,1056,11,0
2026-07-30 15:45:00,113.727,113.89,113.718,113.881,985,11,0
2026-07-30 16:00:00,113.883,113.938,113.835,113.863,864,11,0
2026-07-30 16:15:00,113.861,113.9,113.828,113.853,725,11,0
2026-07-30 16:30:00,113.852,113.979,113.838,113.973,560,11,0
2026-07-30 16:45:00,113.975,114.084,113.972,114.026,427,11,0
2026-07-30 17:00:00,114.028,114.097,114.025,114.06,453,11,0
2026-07-30 17:15:00,114.062,114.16,114.061,114.1,397,11,0
2026-07-30 17:30:00,114.099,114.113,113.255,113.456,5766,11,0
2026-07-30 17:45:00,113.458,113.697,113.438,113.616,2739,11,0
2026-07-30 18:00:00,113.614,113.658,113.507,113.556,1272,11,0
2026-07-30 18:15:00,113.555,113.657,113.539,113.597,739,11,0
2026-07-30 18:30:00,113.596,113.649,113.569,113.608,447,11,0
2026-07-30 18:45:00,113.61,113.645,113.535,113.537,720,11,0
2026-07-30 19:00:00,113.539,113.7,113.539,113.668,593,11,0
2026-07-30 19:15:00,113.67,113.791,113.668,113.766,410,11,0
2026-07-30 19:30:00,113.768,113.86,113.761,113.846,351,11,0
2026-07-30 19:45:00,113.845,113.846,113.753,113.797,575,11,0
2026-07-30 20:00:00,113.798,113.847,113.785,113.834,263,11,0
2026-07-30 20:15:00,113.835,113.901,113.82,113.874,324,11,0
2026-07-30 20:30:00,113.876,113.897,113.776,113.878,457,11,0
2026-07-30 20:45:00,113.879,113.922,113.86,113.86,313,11,0
2026-07-30 21:00:00,113.858,113.86,113.808,113.813,34,38,0
2026-07-30 21:15:00,113.814,113.83,113.813,113.825,29,70,0
2026-07-30 21:30:00,113.828,113.856,113.827,113.854,43,49,0
2026-07-30 21:45:00,113.856,113.879,113.856,113.879,60,31,0
2026-07-30 22:00:00,113.88,113.995,113.862,113.978,173,32,0
2026-07-30 22:15:00,113.967,114.052,113.967,114.023,158,30,0
2026-07-30 22:30:00,114.016,114.041,113.792,113.931,352,30,0
2026-07-30 22:45:00,113.934,114.019,113.918,113.981,175,29,0
2026-07-30 23:00:00,113.99,114.114,113.941,114.099,504,11,0
2026-07-30 23:15:00,114.098,114.152,114.057,114.143,638,11,0
2026-07-30 23:30:00,114.142,114.332,114.135,114.33,830,11,0
2026-07-30 23:45:00,114.328,114.333,114.279,114.317,554,11,0
2026-07-31 00:00:00,114.316,114.448,114.302,114.404,1203,11,0
2026-07-31 00:15:00,114.403,114.441,114.322,114.391,809,11,0
2026-07-31 00:30:00,114.389,114.566,114.38,114.556,881,11,0
2026-07-31 00:45:00,114.555,114.672,114.485,114.545,1319,11,0
2026-07-31 01:00:00,114.542,114.624,114.418,114.514,1273,11,0
2026-07-31 01:15:00,114.512,114.576,114.477,114.529,881,11,0
2026-07-31 01:30:00,114.53,114.605,114.515,114.585,681,11,0
2026-07-31 01:45:00,114.584,114.668,114.567,114.662,497,11,0
2026-07-31 02:00:00,114.66,114.66,114.585,114.592,488,11,0
2026-07-31 02:15:00,114.594,114.606,114.526,114.57,400,11,0
2026-07-31 02:30:00,114.572,114.588,114.499,114.587,302,11,0
2026-07-31 02:45:00,114.588,114.613,114.46,114.51,629,11,0
2026-07-31 03:00:00,114.509,114.738,114.482,114.64,1339,11,0
2026-07-31 03:15:00,114.639,114.706,114.626,114.698,521,11,0
2026-07-31 03:30:00,114.696,114.711,114.577,114.589,613,11,0
2026-07-31 03:45:00,114.587,114.616,114.477,114.563,626,11,0
2026-07-31 04:00:00,114.564,114.628,114.544,114.628,459,11,0
2026-07-31 04:15:00,114.629,114.662,114.599,114.648,340,11,0
2026-07-31 04:30:00,114.647,114.664,114.617,114.626,331,11,0
2026-07-31 04:45:00,114.628,114.693,114.595,114.606,448,11,0
2026-07-31 05:00:00,114.609,114.618,114.546,114.606,420,11,0
2026-07-31 05:15:00,114.605,114.646,114.558,114.643,335,11,0
2026-07-31 05:30:00,114.641,114.645,114.534,114.611,645,11,0
2026-07-31 05:45:00,114.613,114.622,114.52,114.543,410,11,0
2026-07-31 06:00:00,114.54,114.559,114.384,114.425,842,11,0
2026-07-31 06:15:00,114.427,114.532,114.353,114.415,862,11,0
2026-07-31 06:30:00,114.419,114.533,114.406,114.493,1124,11,0
2026-07-31 06:45:00,114.49,114.497,114.143,114.368,2268,11,0
2026-07-31 07:00:00,114.37,114.475,114.37,114.413,1085,11,0
2026-07-31 07:15:00,114.415,114.522,114.351,114.502,1035,11,0
2026-07-31 07:30:00,114.503,114.609,114.503,114.563,696,11,0
2026-07-31 07:45:00,114.562,114.578,114.257,114.257,2019,11,0
2026-07-31 08:00:00,114.259,114.468,114.259,114.36,848,11,0
2026-07-31 08:15:00,114.359,114.37,114.233,114.319,1069,11,0
2026-07-31 08:30:00,114.32,114.328,114.091,114.148,1137,11,0
2026-07-31 08:45:00,114.147,114.253,113.177,113.429,6528,11,0
2026-07-31 09:00:00,113.431,113.942,113.214,113.885,7072,11,0
2026-07-31 09:15:00,113.884,114.051,113.824,114.051,2282,11,0
2026-07-31 09:30:00,114.052,114.119,113.773,114.061,2236,11,0
2026-07-31 09:45:00,114.059,114.218,114.036,114.166,847,11,0
2026-07-31 10:00:00,114.167,114.191,114.066,114.116,708,11,0
2026-07-31 10:15:00,114.118,114.24,114.088,114.097,741,11,0
2026-07-31 10:30:00,114.099,114.148,114.028,114.086,603,11,0
2026-07-31 10:45:00,114.088,114.121,114.065,114.097,441,11,0
2026-07-31 11:00:00,114.099,114.165,114.096,114.115,439,11,0
2026-07-31 11:15:00,114.116,114.177,114.08,114.174,681,11,0
2026-07-31 11:30:00,114.175,114.236,114.136,114.169,544,11,0
2026-07-31 11:45:00,114.168,114.225,114.125,114.139,529,11,0
2026-07-31 12:00:00,114.141,114.153,114.097,114.134,510,11,0
2026-07-31 12:15:00,114.133,114.22,114.099,114.154,718,11,0
2026-07-31 12:30:00,114.158,114.216,114.121,114.215,562,11,0
2026-07-31 12:45:00,114.213,114.259,114.194,114.25,550,11,0
2026-07-31 13:00:00,114.249,114.307,114.207,114.285,590,11,0
2026-07-31 13:15:00,114.287,114.343,113.698,113.79,8499,11,0
2026-07-31 13:30:00,113.788,113.848,113.483,113.74,6602,11,0
2026-07-31 13:45:00,113.738,113.915,113.569,113.597,2541,11,0
2026-07-31 14:00:00,113.599,113.613,113.162,113.395,3526,11,0
2026-07-31 14:15:00,113.393,113.516,113.254,113.321,1769,11,0
2026-07-31 14:30:00,113.323,113.592,113.323,113.54,1584,11,0
2026-07-31 14:45:00,113.542,113.73,113.466,113.49,2421,11,0
2026-07-31 15:00:00,113.492,113.535,113.274,113.487,3439,11,0
2026-07-31 15:15:00,113.489,113.592,113.365,113.59,1637,11,0
2026-07-31 15:30:00,113.589,113.625,113.501,113.525,868,11,0
2026-07-31 15:45:00,113.524,113.545,113.421,113.444,858,11,0
2026-07-31 16:00:00,113.447,113.538,113.432,113.5,661,11,0
2026-07-31 16:15:00,113.502,113.548,113.493,113.505,498,11,0
2026-07-31 16:30:00,113.504,113.527,113.478,113.527,371,11,0
2026-07-31 16:45:00,113.525,113.587,113.508,113.586,374,11,0
2026-07-31 17:00:00,113.584,113.704,113.558,113.678,512,11,0
2026-07-31 17:15:00,113.68,113.72,113.216,113.227,3980,11,0
2026-07-31 17:30:00,113.225,113.256,112.868,112.895,4848,11,0
2026-07-31 17:45:00,112.894,113.373,112.848,113.06,7948,11,0
2026-07-31 18:00:00,113.061,113.264,112.931,113.189,5060,11,0
2026-07-31 18:15:00,113.187,113.277,113.109,113.245,1285,11,0
2026-07-31 18:30:00,113.243,113.328,113.229,113.328,893,11,0
2026-07-31 18:45:00,113.331,113.471,113.331,113.342,1411,11,0
2026-07-31 19:00:00,113.344,113.448,113.338,113.446,627,11,0
2026-07-31 19:15:00,113.448,113.52,113.445,113.48,318,11,0
2026-07-31 19:30:00,113.482,113.615,113.482,113.537,808,11,0
2026-07-31 19:45:00,113.535,113.557,113.44,113.549,1207,11,0
2026-07-31 20:00:00,113.551,113.557,113.082,113.093,4368,11,0
2026-07-31 20:15:00,113.09,113.185,112.73,112.735,15336,11,0
2026-07-31 20:30:00,112.738,112.837,112.479,112.522,7966,11,0
2026-07-31 20:45:00,112.518,112.659,112.202,112.373,4636,11,0
2026-08-02 21:00:00,112.144,112.3,112.129,112.3,125,58,0
2026-08-02 21:15:00,112.3,112.418,112.287,112.406,224,50,0
2026-08-02 21:30:00,112.406,112.422,112.358,112.415,178,31,0
2026-08-02 21:45:00,112.416,112.446,112.366,112.416,296,29,0
2026-08-02 22:00:00,112.392,112.407,112.011,112.075,362,44,0
2026-08-02 22:15:00,112.076,112.363,112.069,112.215,436,44,0
2026-08-02 22:30:00,112.211,112.303,112.166,112.221,342,43,0
2026-08-02 22:45:00,112.22,112.271,112.107,112.261,294,42,0
2026-08-02 23:00:00,112.277,112.469,112.111,112.435,1642,11,0
2026-08-02 23:15:00,112.434,112.633,112.425,112.538,1011,11,0
2026-08-02 23:30:00,112.536,112.649,112.471,112.625,855,11,0
2026-08-02 23:45:00,112.626,112.649,112.444,112.45,762,11,0
2026-08-03 00:00:00,112.449,112.625,112.441,112.614,1416,11,0
2026-08-03 00:15:00,112.616,112.645,111.729,111.812,4285,11,0
2026-08-03 00:30:00,111.814,111.839,110.926,110.968,6138,11,0
2026-08-03 00:45:00,110.966,111.429,110.83,111.348,7445,11,0
2026-08-03 01:00:00,111.35,111.54,110.843,111.348,6434,11,0
2026-08-03 01:15:00,111.346,111.455,111.241,111.374,2480,11,0
2026-08-03 01:30:00,111.376,111.536,111.336,111.465,1818,11,0
2026-08-03 01:45:00,111.468,111.471,111.371,111.432,905,11,0
2026-08-03 02:00:00,111.433,111.611,111.433,111.531,733,11,0
2026-08-03 02:15:00,111.533,111.545,111.46,111.504,660,11,0
2026-08-03 02:30:00,111.502,111.521,111.343,111.467,835,11,0
2026-08-03 02:45:00,111.465,111.53,111.461,111.515,396,11,0
2026-08-03 03:00:00,111.513,111.619,111.513,111.55,492,11,0
2026-08-03 03:15:00,111.549,111.579,111.494,111.548,543,11,0
2026-08-03 03:30:00,111.55,111.578,111.381,111.533,832,11,0
2026-08-03 03:45:00,111.534,111.567,111.517,111.528,386,11,0
2026-08-03 04:00:00,111.527,111.542,111.448,111.483,480,11,0
2026-08-03 04:15:00,111.481,111.548,111.471,111.524,314,11,0
2026-08-03 04:30:00,111.522,111.547,111.436,111.449,468,11,0
2026-08-03 04:45:00,111.448,111.546,111.436,111.493,409,11,0
2026-08-03 05:00:00,111.492,111.506,111.438,111.48,417,11,0
2026-08-03 05:15:00,111.482,111.523,111.435,111.495,370,11,0
2026-08-03 05:30:00,111.496,111.511,111.443,111.478,375,11,0
2026-08-03 05:45:00,111.476,111.506,111.473,111.482,256,11,0
2026-08-03 06:00:00,111.479,111.529,111.437,111.482,602,11,0
2026-08-03 06:15:00,111.483,111.663,111.474,111.633,556,11,0
2026-08-03 06:30:00,111.631,111.711,111.587,111.655,747,11,0
2026-08-03 06:45:00,111.654,111.719,111.654,111.675,616,11,0
2026-08-03 07:00:00,111.676,111.694,111.527,111.541,853,11,0
2026-08-03 07:15:00,111.54,111.648,111.511,111.545,993,11,0
2026-08-03 07:30:00,111.544,111.639,111.475,111.639,596,11,0
2026-08-03 07:45:00,111.636,111.656,111.58,111.648,513,11,0
2026-08-03 08:00:00,111.645,111.66,111.584,111.66,653,11,0
2026-08-03 08:15:00,111.662,111.688,111.616,111.655,515,11,0
2026-08-03 08:30:00,111.657,111.768,111.527,111.768,1275,11,0
2026-08-03 08:45:00,111.767,111.795,111.712,111.795,538,11,0
2026-08-03 09:00:00,111.797,111.837,111.753,111.791,503,11,0
2026-08-03 09:15:00,111.789,111.811,111.731,111.81,425,11,0
2026-08-03 09:30:00,111.808,111.932,111.792,111.895,434,11,0
2026-08-03 09:45:00,111.894,111.91,111.742,111.869,841,11,0
2026-08-03 10:00:00,111.871,111.871,111.779,111.795,487,11,0
2026-08-03 10:15:00,111.793,111.818,111.761,111.771,423,11,0
2026-08-03 10:30:00,111.769,111.771,111.727,111.763,357,11,0
2026-08-03 10:45:00,111.765,111.793,111.574,111.667,956,11,0
2026-08-03 11:00:00,111.669,111.71,111.629,111.667,552,11,0
2026-08-03 11:15:00,111.666,111.773,111.651,111.773,374,11,0
2026-08-03 11:30:00,111.775,111.847,111.766,111.836,334,11,0
2026-08-03 11:45:00,111.833,111.833,111.573,111.671,1269,11,0
2026-08-03 12:00:00,111.668,111.722,111.604,111.625,849,11,0
2026-08-03 12:15:00,111.626,111.681,111.619,111.656,579,11,0
2026-08-03 12:30:00,111.658,111.748,111.649,111.726,484,11,0
2026-08-03 12:45:00,111.728,111.745,111.654,111.702,569,11,0
2026-08-03 13:00:00,111.704,111.735,111.68,111.688,659,11,0
2026-08-03 13:15:00,111.685,111.688,111.399,111.472,1619,11,0
2026-08-03 13:30:00,111.469,111.492,111.301,111.322,1452,11,0
2026-08-03 13:45:00,111.32,111.454,111.31,111.423,1046,11,0
2026-08-03 14:00:00,111.424,111.533,111.414,111.53,977,11,0
2026-08-03 14:15:00,111.528,111.528,111.31,111.5,1372,11,0
2026-08-03 14:30:00,111.502,111.612,111.452,111.602,648,11,0
2026-08-03 14:45:00,111.603,111.652,111.485,111.54,800,11,0
2026-08-03 15:00:00,111.542,111.631,111.513,111.61,652,11,0
2026-08-03 15:15:00,111.613,111.691,111.602,111.632,495,11,0
2026-08-03 15:30:00,111.631,111.714,111.583,111.709,439,11,0
2026-08-03 15:45:00,111.707,111.838,111.704,111.796,677,11,0
2026-08-03 16:00:00,111.795,111.803,111.725,111.732,401,11,0
2026-08-03 16:15:00,111.731,111.753,111.549,111.703,895,11,0
2026-08-03 16:30:00,111.705,111.776,111.694,111.726,358,11,0
2026-08-03 16:45:00,111.725,111.73,111.693,111.719,234,11,0
2026-08-03 17:00:00,111.717,111.75,111.71,111.73,165,11,0
2026-08-03 17:15:00,111.732,111.751,111.721,111.731,162,11,0
2026-08-03 17:30:00,111.732,111.771,111.704,111.725,184,11,0
2026-08-03 17:45:00,111.727,111.76,111.711,111.751,176,11,0
2026-08-03 18:00:00,111.749,111.778,111.71,111.718,303,11,0
2026-08-03 18:15:00,111.715,111.718,111.656,111.704,365,11,0
2026-08-03 18:30:00,111.703,111.711,111.657,111.676,475,11,0
2026-08-03 18:45:00,111.678,111.715,111.558,111.623,733,11,0
2026-08-03 19:00:00,111.625,111.692,111.616,111.68,379,11,0
2026-08-03 19:15:00,111.679,111.705,111.679,111.691,124,11,0
2026-08-03 19:30:00,111.693,111.724,111.693,111.717,146,11,0
2026-08-03 19:45:00,111.715,111.755,111.713,111.749,178,11,0
2026-08-03 20:00:00,111.751,111.808,111.751,111.806,121,11,0
2026-08-03 20:15:00,111.808,111.92,111.68,111.89,484,11,0
2026-08-03 20:30:00,111.892,111.9,111.83,111.881,297,11,0
2026-08-03 20:45:00,111.879,111.92,111.873,111.887,255,11,0
2026-08-03 21:00:00,111.888,111.89,111.884,111.889,14,38,0
2026-08-03 21:15:00,111.888,111.897,111.885,111.896,40,17,0
2026-08-03 21:30:00,111.898,111.901,111.888,111.895,60,7,0
2026-08-03 21:45:00,111.897,111.9,111.891,111.9,59,15,0
2026-08-03 22:00:00,111.905,112.075,111.902,112.045,161,27,0
2026-08-03 22:15:00,112.034,112.053,112.022,112.037,105,29,0
2026-08-03 22:30:00,112.036,112.05,111.974,112.04,155,29,0
2026-08-03 22:45:00,112.037,112.041,112.016,112.024,112,28,0
2026-08-03 23:00:00,112.033,112.047,111.995,112.037,238,11,0
2026-08-03 23:15:00,112.035,112.051,111.979,112.05,157,11,0
2026-08-03 23:30:00,112.049,112.157,112.049,112.141,297,11,0
2026-08-03 23:45:00,112.143,112.234,112.143,112.153,535,11,0
2026-08-04 00:00:00,112.155,112.16,112.044,112.085,808,11,0
2026-08-04 00:15:00,112.087,112.113,111.969,112.045,666,11,0
2026-08-04 00:30:00,112.043,112.135,112.04,112.112,501,11,0
2026-08-04 00:45:00,112.114,112.177,112.083,112.148,936,11,0
2026-08-04 01:00:00,112.149,112.204,112.149,112.183,543,11,0
2026-08-04 01:15:00,112.182,112.182,112.118,112.167,309,11,0
2026-08-04 01:30:00,112.166,112.166,112.078,112.103,354,11,0
2026-08-04 01:45:00,112.105,112.221,112.099,112.22,300,11,0
2026-08-04 02:00:00,112.222,112.289,112.211,112.256,452,11,0
2026-08-04 02:15:00,112.255,112.294,112.221,112.265,300,11,0
2026-08-04 02:30:00,112.264,112.273,112.238,112.244,194,11,0
2026-08-04 02:45:00,112.243,112.296,112.233,112.275,202,11,0
2026-08-04 03:00:00,112.273,112.285,112.239,112.258,197,11,0
2026-08-04 03:15:00,112.256,112.257,112.209,112.234,254,11,0
2026-08-04 03:30:00,112.235,112.262,112.128,112.225,489,11,0
2026-08-04 03:45:00,112.226,112.259,112.218,112.257,168,11,0
2026-08-04 04:00:00,112.259,112.268,112.225,112.248,217,11,0
2026-08-04 04:15:00,112.247,112.268,112.21,112.218,152,11,0
2026-08-04 04:30:00,112.217,112.221,112.127,112.151,233,11,0
2026-08-04 04:45:00,112.153,112.185,112.138,112.174,154,11,0
2026-08-04 05:00:00,112.176,112.191,112.141,112.187,202,11,0
2026-08-04 05:15:00,112.186,112.211,112.158,112.178,175,11,0
2026-08-04 05:30:00,112.176,112.228,112.171,112.225,223,11,0
2026-08-04 05:45:00,112.224,112.244,112.214,112.238,206,11,0
2026-08-04 06:00:00,112.236,112.238,112.098,112.117,504,11,0
2026-08-04 06:15:00,112.115,112.149,112.054,112.148,521,11,0
2026-08-04 06:30:00,112.149,112.19,112.123,112.174,326,11,0
2026-08-04 06:45:00,112.175,112.206,112.107,112.134,358,11,0
2026-08-04 07:00:00,112.136,112.22,112.128,112.22,518,11,0
2026-08-04 07:15:00,112.222,112.229,112.151,112.199,466,11,0
2026-08-04 07:30:00,112.2,112.319,112.145,112.294,457,11,0
2026-08-04 07:45:00,112.293,112.326,112.271,112.316,344,11,0
2026-08-04 08:00:00,112.315,112.356,112.297,112.34,302,11,0
2026-08-04 08:15:00,112.339,112.355,112.292,112.332,319,11,0
2026-08-04 08:30:00,112.333,112.371,112.332,112.357,360,11,0
2026-08-04 08:45:00,112.359,112.404,112.348,112.4,248,11,0
2026-08-04 09:00:00,112.402,112.492,112.402,112.469,436,11,0
2026-08-04 09:15:00,112.467,112.486,112.447,112.474,388,11,0
2026-08-04 09:30:00,112.475,112.486,112.442,112.475,263,11,0
2026-08-04 09:45:00,112.474,112.519,112.467,112.49,290,11,0
2026-08-04 10:00:00,112.488,112.511,112.449,112.506,396,11,0
2026-08-04 10:15:00,112.507,112.51,112.468,112.477,255,11,0
2026-08-04 10:30:00,112.475,112.475,112.387,112.424,436,11,0
2026-08-04 10:45:00,112.421,112.451,112.386,112.393,470,11,0
2026-08-04 11:00:00,112.391,112.393,112.312,112.317,330,11,0
2026-08-04 11:15:00,112.318,112.329,112.26,112.26,369,11,0
2026-08-04 11:30:00,112.262,112.304,112.157,112.171,1376,11,0
2026-08-04 11:45:00,112.169,112.186,111.952,112.017,1823,11,0
2026-08-04 12:00:00,112.014,112.016,111.881,111.972,1107,11,0
2026-08-04 12:15:00,111.973,112.077,111.97,112.072,626,11,0
2026-08-04 12:30:00,112.074,112.074,112.019,112.038,537,11,0
2026-08-04 12:45:00,112.04,112.047,111.97,112.013,430,11,0
2026-08-04 13:00:00,112.011,112.031,111.959,111.967,458,11,0
2026-08-04 13:15:00,111.966,111.982,111.875,111.878,831,11,0
2026-08-04 13:30:00,111.876,111.881,111.792,111.839,894,11,0
2026-08-04 13:45:00,111.837,111.937,111.837,111.926,752,11,0
2026-08-04 14:00:00,111.933,111.963,111.895,111.954,673,11,0
2026-08-04 14:15:00,111.955,112.03,111.931,112.021,513,11,0
2026-08-04 14:30:00,112.019,112.07,112.019,112.034,605,11,0
2026-08-04 14:45:00,112.032,112.152,112.025,112.078,830,11,0
2026-08-04 15:00:00,112.077,112.114,111.992,111.992,531,11,0
2026-08-04 15:15:00,111.99,112.022,111.97,112.015,427,11,0
2026-08-04 15:30:00,112.013,112.016,111.84,111.84,698,11,0
2026-08-04 15:45:00,111.838,111.89,111.819,111.876,455,11,0
2026-08-04 16:00:00,111.874,111.939,111.87,111.914,319,11,0
2026-08-04 16:15:00,111.913,111.914,111.847,111.861,314,11,0
2026-08-04 16:30:00,111.858,111.946,111.856,111.938,309,11,0
2026-08-04 16:45:00,111.939,111.983,111.928,111.945,214,11,0
2026-08-04 17:00:00,111.942,111.992,111.916,111.959,304,11,0
2026-08-04 17:15:00,111.958,112.008,111.957,111.981,238,11,0
2026-08-04 17:30:00,111.979,111.995,111.973,111.981,150,11,0
2026-08-04 17:45:00,111.983,112.001,111.983,111.993,174,11,0
2026-08-04 18:00:00,111.994,112.02,111.976,111.998,219,11,0
2026-08-04 18:15:00,111.997,112.041,111.991,112.003,238,11,0
2026-08-04 18:30:00,112.001,112.055,111.995,112.049,221,11,0
2026-08-04 18:45:00,112.05,112.09,112.048,112.081,303,11,0
2026-08-04 19:00:00,112.08,112.18,112.075,112.18,358,11,0
2026-08-04 19:15:00,112.182,112.188,112.152,112.184,163,11,0
2026-08-04 19:30:00,112.186,112.197,112.157,112.179,226,11,0
2026-08-04 19:45:00,112.18,112.213,112.136,112.153,302,11,0
2026-08-04 20:00:00,112.151,112.161,112.137,112.148,184,11,0
2026-08-04 20:15:00,112.146,112.156,112.121,112.149,196,11,0
2026-08-04 20:30:00,112.15,112.158,112.135,112.14,113,11,0
2026-08-04 20:45:00,112.141,112.175,112.134,112.165,323,11,0
2026-08-04 21:00:00,112.166,112.168,112.161,112.166,24,38,0
2026-08-04 21:15:00,112.167,112.167,112.112,112.112,88,38,0
2026-08-04 21:30:00,112.115,112.141,112.103,112.138,110,49,0
2026-08-04 21:45:00,112.139,112.149,112.136,112.143,42,38,0
2026-08-04 22:00:00,112.133,112.148,112.092,112.13,106,31,0
2026-08-04 22:15:00,112.131,112.159,112.127,112.159,52,29,0
2026-08-04 22:30:00,112.161,112.163,112.143,112.143,53,29,0
2026-08-04 22:45:00,112.144,112.15,112.119,112.146,87,29,0
2026-08-04 23:00:00,112.156,112.186,112.143,112.186,106,11,0
2026-08-04 23:15:00,112.185,112.187,112.155,112.155,85,11,0
2026-08-04 23:30:00,112.157,112.182,112.157,112.172,72,11,0
2026-08-04 23:45:00,112.174,112.175,112.088,112.116,128,11,0
2026-08-05 00:00:00,112.117,112.146,112.087,112.099,425,11,0
2026-08-05 00:15:00,112.1,112.121,112.042,112.085,313,11,0
2026-08-05 00:30:00,112.083,112.092,112.041,112.089,220,11,0
2026-08-05 00:45:00,112.086,112.088,111.936,112.0,533,11,0
2026-08-05 01:00:00,111.998,112.039,111.984,111.988,342,11,0
2026-08-05 01:15:00,111.986,112.04,111.977,112.039,322,11,0
2026-08-05 01:30:00,112.037,112.059,112.015,112.026,210,11,0
2026-08-05 01:45:00,112.024,112.031,112.007,112.016,189,11,0
2026-08-05 02:00:00,112.018,112.057,111.954,111.954,407,11,0
2026-08-05 02:15:00,111.953,111.964,111.844,111.908,452,11,0
2026-08-05 02:30:00,111.906,111.906,111.8,111.808,539,11,0
2026-08-05 02:45:00,111.806,111.89,111.804,111.888,327,11,0
2026-08-05 03:00:00,111.889,111.906,111.875,111.894,311,11,0
2026-08-05 03:15:00,111.892,111.917,111.879,111.908,183,11,0
2026-08-05 03:30:00,111.91,111.959,111.91,111.921,207,11,0
2026-08-05 03:45:00,111.924,111.926,111.875,111.875,203,11,0
2026-08-05 04:00:00,111.874,111.884,111.853,111.876,165,11,0
2026-08-05 04:15:00,111.875,111.899,111.871,111.888,140,11,0
2026-08-05 04:30:00,111.89,111.979,111.89,111.976,182,11,0
2026-08-05 04:45:00,111.978,112.041,111.977,112.022,236,11,0
2026-08-05 05:00:00,112.024,112.045,112.011,112.019,201,11,0
2026-08-05 05:15:00,112.021,112.044,112.005,112.028,227,11,0
2026-08-05 05:30:00,112.029,112.042,111.994,112.008,151,11,0
2026-08-05 05:45:00,112.009,112.026,111.987,112.019,187,11,0
2026-08-05 06:00:00,112.017,112.029,111.982,112.008,284,11,0
2026-08-05 06:15:00,112.011,112.066,112.0,112.025,313,11,0
2026-08-05 06:30:00,112.026,112.04,111.943,111.995,595,11,0
2026-08-05 06:45:00,111.996,112.031,111.987,111.994,302,11,0
2026-08-05 07:00:00,111.993,112.069,111.962,112.055,427,11,0
2026-08-05 07:15:00,112.057,112.078,111.961,112.042,496,11,0
2026-08-05 07:30:00,112.041,112.088,112.034,112.088,269,11,0
2026-08-05 07:45:00,112.086,112.119,112.079,112.115,279,11,0
2026-08-05 08:00:00,112.117,112.161,112.106,112.161,313,11,0
2026-08-05 08:15:00,112.163,112.164,112.131,112.155,264,11,0
2026-08-05 08:30:00,112.156,112.196,112.156,112.167,247,11,0
2026-08-05 08:45:00,112.165,112.187,112.147,112.173,293,11,0
2026-08-05 09:00:00,112.172,112.223,112.158,112.198,282,11,0
2026-08-05 09:15:00,112.2,112.2,112.152,112.192,230,11,0
2026-08-05 09:30:00,112.194,112.195,112.125,112.135,255,11,0
2026-08-05 09:45:00,112.137,112.173,112.117,112.165,240,11,0
2026-08-05 10:00:00,112.164,112.198,112.14,112.192,232,11,0
2026-08-05 10:15:00,112.193,112.208,112.139,112.149,208,11,0
2026-08-05 10:30:00,112.147,112.176,112.132,112.149,213,11,0
2026-08-05 10:45:00,112.147,112.147,112.113,112.119,169,11,0
2026-08-05 11:00:00,112.117,112.145,112.078,112.093,376,11,0
2026-08-05 11:15:00,112.095,112.1,112.032,112.089,499,11,0
2026-08-05 11:30:00,112.087,112.117,112.068,112.101,371,11,0
2026-08-05 11:45:00,112.1,112.14,112.088,112.123,300,11,0
2026-08-05 12:00:00,112.125,112.192,112.125,112.141,352,11,0
2026-08-05 12:15:00,112.15,112.165,112.078,112.134,528,11,0
2026-08-05 12:30:00,112.135,112.179,112.132,112.167,455,11,0
2026-08-05 12:45:00,112.166,112.184,112.147,112.177,319,11,0
2026-08-05 13:00:00,112.18,112.18,112.096,112.119,416,11,0
2026-08-05 13:15:00,112.12,112.202,112.114,112.153,343,11,0
2026-08-05 13:30:00,112.151,112.182,112.058,112.078,794,11,0
2026-08-05 13:45:00,112.079,112.187,112.078,112.171,465,11,0
2026-08-05 14:00:00,112.173,112.173,112.108,112.127,843,11,0
2026-08-05 14:15:00,112.124,112.255,112.121,112.236,572,11,0
2026-08-05 14:30:00,112.234,112.293,112.201,112.283,433,11,0
2026-08-05 14:45:00,112.282,112.378,112.282,112.345,618,11,0
2026-08-05 15:00:00,112.343,112.408,112.298,112.402,485,11,0
2026-08-05 15:15:00,112.404,112.439,112.391,112.4,340,11,0
2026-08-05 15:30:00,112.402,112.414,112.384,112.401,247,11,0
2026-08-05 15:45:00,112.402,112.457,112.402,112.457,287,11,0
2026-08-05 16:00:00,112.459,112.478,112.428,112.451,249,11,0
2026-08-05 16:15:00,112.449,112.471,112.438,112.446,184,11,0
2026-08-05 16:30:00,112.444,112.459,112.42,112.421,155,11,0
2026-08-05 16:45:00,112.422,112.462,112.402,112.462,161,11,0
2026-08-05 17:00:00,112.465,112.492,112.432,112.482,186,11,0
2026-08-05 17:15:00,112.48,112.49,112.46,112.466,138,11,0
2026-08-05 17:30:00,112.468,112.515,112.466,112.515,155,11,0
2026-08-05 17:45:00,112.514,112.546,112.507,112.542,187,11,0
2026-08-05 18:00:00,112.543,112.57,112.536,112.551,180,11,0
2026-08-05 18:15:00,112.55,112.569,112.544,112.549,124,11,0
2026-08-05 18:30:00,112.551,112.565,112.53,112.545,108,11,0
2026-08-05 18:45:00,112.546,112.565,112.545,112.559,142,11,0
2026-08-05 19:00:00,112.56,112.588,112.544,112.562,150,11,0
2026-08-05 19:15:00,112.561,112.58,112.56,112.579,108,11,0
2026-08-05 19:30:00,112.581,112.581,112.523,112.536,162,11,0
2026-08-05 19:45:00,112.537,112.571,112.533,112.56,134,11,0
2026-08-05 20:00:00,112.562,112.595,112.543,112.592,129,11,0
2026-08-05 20:15:00,112.591,112.635,112.591,112.633,108,11,0
2026-08-05 20:30:00,112.634,112.638,112.594,112.594,88,11,0
2026-08-05 20:45:00,112.592,112.606,112.579,112.585,106,11,0
2026-08-05 21:00:00,112.584,112.584,112.58,112.58,18,38,0
2026-08-05 21:15:00,112.579,112.58,112.556,112.574,130,35,0
2026-08-05 21:30:00,112.57,112.58,112.549,112.552,112,27,0
2026-08-05 21:45:00,112.555,112.565,112.529,112.55,98,38,0
2026-08-05 22:00:00,112.545,112.559,112.538,112.557,68,30,0
2026-08-05 22:15:00,112.558,112.563,112.554,112.561,33,29,0
2026-08-05 22:30:00,112.56,112.56,112.552,112.559,26,28,0
2026-08-05 22:45:00,112.556,112.561,112.529,112.539,35,28,0
2026-08-05 23:00:00,112.548,112.548,112.513,112.516,70,11,0
2026-08-05 23:15:00,112.517,112.526,112.512,112.526,30,11,0
2026-08-05 23:30:00,112.525,112.53,112.507,112.511,82,11,0
2026-08-05 23:45:00,112.509,112.516,112.476,112.502,137,11,0
2026-08-06 00:00:00,112.504,112.575,112.504,112.562,294,11,0
2026-08-06 00:15:00,112.563,112.594,112.561,112.568,229,11,0
2026-08-06 00:30:00,112.567,112.59,112.553,112.571,147,11,0
2026-08-06 00:45:00,112.573,112.638,112.567,112.609,393,11,0
2026-08-06 01:00:00,112.607,112.627,112.581,112.618,233,11,0
2026-08-06 01:15:00,112.616,112.636,112.59,112.593,176,11,0
2026-08-06 01:30:00,112.594,112.594,112.554,112.565,160,11,0
2026-08-06 01:45:00,112.563,112.588,112.563,112.575,121,11,0
2026-08-06 02:00:00,112.573,112.583,112.541,112.546,148,11,0
2026-08-06 02:15:00,112.548,112.566,112.542,112.563,108,11,0
2026-08-06 02:30:00,112.564,112.57,112.548,112.55,84,11,0
2026-08-06 02:45:00,112.553,112.565,112.551,112.56,72,11,0
2026-08-06 03:00:00,112.562,112.597,112.562,112.59,97,11,0
2026-08-06 03:15:00,112.588,112.588,112.571,112.581,102,11,0
2026-08-06 03:30:00,112.583,112.587,112.56,112.569,99,11,0
2026-08-06 03:45:00,112.57,112.57,112.55,112.565,66,11,0
2026-08-06 04:00:00,112.563,112.566,112.557,112.563,58,11,0
2026-08-06 04:15:00,112.562,112.562,112.542,112.551,44,11,0
2026-08-06 04:30:00,112.552,112.567,112.546,112.553,57,11,0
2026-08-06 04:45:00,112.551,112.565,112.551,112.565,74,11,0
2026-08-06 05:00:00,112.564,112.584,112.556,112.559,77,11,0
2026-08-06 05:15:00,112.56,112.57,112.55,112.566,50,11,0
2026-08-06 05:30:00,112.564,112.575,112.552,112.554,79,11,0
2026-08-06 05:45:00,112.555,112.595,112.555,112.587,91,11,0
2026-08-06 06:00:00,112.585,112.632,112.579,112.625,152,11,0
2026-08-06 06:15:00,112.626,112.634,112.606,112.607,206,11,0
2026-08-06 06:30:00,112.609,112.639,112.601,112.621,204,11,0
2026-08-06 06:45:00,112.624,112.64,112.613,112.633,157,11,0
2026-08-06 07:00:00,112.632,112.632,112.57,112.614,229,11,0
2026-08-06 07:15:00,112.616,112.623,112.579,112.59,156,11,0
2026-08-06 07:30:00,112.589,112.662,112.589,112.652,188,11,0
2026-08-06 07:45:00,112.654,112.672,112.644,112.661,204,11,0
2026-08-06 08:00:00,112.662,112.697,112.645,112.693,204,11,0
2026-08-06 08:15:00,112.694,112.718,112.663,112.663,174,11,0
2026-08-06 08:30:00,112.665,112.675,112.632,112.632,156,11,0
2026-08-06 08:45:00,112.63,112.669,112.612,112.668,152,11,0
2026-08-06 09:00:00,112.67,112.684,112.665,112.681,120,11,0
2026-08-06 09:15:00,112.68,112.69,112.666,112.679,128,11,0
2026-08-06 09:30:00,112.677,112.695,112.671,112.68,95,11,0
2026-08-06 09:45:00,112.681,112.703,112.681,112.681,101,11,0
2026-08-06 10:00:00,112.68,112.7,112.668,112.697,117,11,0
2026-08-06 10:15:00,112.696,112.737,112.69,112.737,105,11,0
2026-08-06 10:30:00,112.739,112.751,112.732,112.737,103,11,0
2026-08-06 10:45:00,112.735,112.784,112.731,112.778,117,11,0
2026-08-06 11:00:00,112.779,112.832,112.779,112.82,222,11,0
2026-08-06 11:15:00,112.822,112.844,112.808,112.812,179,11,0
2026-08-06 11:30:00,112.814,112.82,112.796,112.796,118,11,0
2026-08-06 11:45:00,112.795,112.838,112.777,112.824,264,11,0
2026-08-06 12:00:00,112.827,112.836,112.751,112.751,267,11,0
2026-08-06 12:15:00,112.753,112.778,112.743,112.752,239,11,0
2026-08-06 12:30:00,112.749,112.811,112.749,112.8,192,11,0
2026-08-06 12:45:00,112.802,112.803,112.738,112.74,237,11,0
2026-08-06 13:00:00,112.737,112.738,112.643,112.668,308,11,0
2026-08-06 13:15:00,112.667,112.675,112.641,112.656,255,11,0
2026-08-06 13:30:00,112.657,112.678,112.626,112.671,316,11,0
2026-08-06 13:45:00,112.672,112.673,112.618,112.645,446,11,0
2026-08-06 14:00:00,112.643,112.896,112.642,112.79,1350,11,0
2026-08-06 14:15:00,112.787,112.867,112.772,112.867,646,11,0
2026-08-06 14:30:00,112.868,112.906,112.821,112.876,451,11,0
2026-08-06 14:45:00,112.878,112.908,112.841,112.844,524,11,0
2026-08-06 15:00:00,112.842,112.913,112.833,112.913,485,11,0
2026-08-06 15:15:00,112.911,112.932,112.89,112.896,424,11,0
2026-08-06 15:30:00,112.894,112.902,112.85,112.864,244,11,0
2026-08-06 15:45:00,112.862,112.937,112.862,112.935,349,11,0
2026-08-06 16:00:00,112.937,113.004,112.936,112.986,283,11,0
2026-08-06 16:15:00,112.988,113.014,112.834,112.959,882,11,0
2026-08-06 16:30:00,112.956,113.033,112.956,113.023,190,11,0
2026-08-06 16:45:00,113.024,113.059,113.02,113.05,177,11,0
2026-08-06 17:00:00,113.048,113.048,113.007,113.007,157,11,0
2026-08-06 17:15:00,113.006,113.026,112.983,113.014,192,11,0
2026-08-06 17:30:00,113.012,113.045,113.005,113.041,123,11,0
2026-08-06 17:45:00,113.043,113.048,113.01,113.021,194,11,0
2026-08-06 18:00:00,113.022,113.047,113.003,113.036,177,11,0
2026-08-06 18:15:00,113.037,113.053,113.012,113.021,165,11,0
2026-08-06 18:30:00,113.02,113.032,113.016,113.024,92,11,0
2026-08-06 18:45:00,113.023,113.026,112.982,112.992,163,11,0
2026-08-06 19:00:00,112.991,113.019,112.975,113.015,127,11,0
2026-08-06 19:15:00,113.013,113.069,112.999,113.058,204,11,0
2026-08-06 19:30:00,113.06,113.06,113.025,113.031,147,11,0
2026-08-06 19:45:00,113.032,113.061,113.022,113.032,225,11,0
2026-08-06 20:00:00,113.034,113.066,113.029,113.057,93,11,0
2026-08-06 20:15:00,113.059,113.085,113.054,113.062,123,11,0
2026-08-06 20:30:00,113.064,113.072,113.054,113.071,81,11,0
2026-08-06 20:45:00,113.069,113.097,113.066,113.067,114,11,0
2026-08-06 21:00:00,113.066,113.069,113.063,113.065,25,38,0
2026-08-06 21:15:00,113.066,113.081,113.064,113.081,82,24,0
2026-08-06 21:30:00,113.079,113.081,113.07,113.075,61,20,0
2026-08-06 21:45:00,113.072,113.077,113.05,113.077,57,21,0
2026-08-06 22:00:00,113.074,113.089,113.063,113.076,43,29,0
2026-08-06 22:15:00,113.075,113.075,113.059,113.063,27,29,0
2026-08-06 22:30:00,113.06,113.064,113.053,113.056,49,28,0
2026-08-06 22:45:00,113.06,113.068,113.049,113.064,33,28,0
2026-08-06 23:00:00,113.072,113.076,113.04,113.041,71,11,0
2026-08-06 23:15:00,113.042,113.057,113.024,113.05,43,11,0
2026-08-06 23:30:00,113.048,113.048,113.026,113.043,81,11,0
2026-08-06 23:45:00,113.042,113.054,113.032,113.048,66,11,0
2026-08-07 00:00:00,113.047,113.107,113.044,113.107,186,11,0
2026-08-07 00:15:00,113.104,113.118,113.09,113.099,188,11,0
2026-08-07 00:30:00,113.102,113.117,113.09,113.102,146,11,0
2026-08-07 00:45:00,113.103,113.115,113.063,113.085,354,11,0
2026-08-07 01:00:00,113.086,113.1,113.025,113.04,237,11,0
2026-08-07 01:15:00,113.041,113.047,113.0,113.032,217,11,0
2026-08-07 01:30:00,113.031,113.031,112.901,112.94,341,11,0
2026-08-07 01:45:00,112.939,112.969,112.938,112.969,141,11,0
2026-08-07 02:00:00,112.971,112.997,112.958,112.959,149,11,0
2026-08-07 02:15:00,112.961,112.981,112.954,112.966,90,11,0
2026-08-07 02:30:00,112.964,112.967,112.942,112.949,92,11,0
2026-08-07 02:45:00,112.947,112.97,112.947,112.965,70,11,0
2026-08-07 03:00:00,112.966,112.988,112.955,112.988,72,11,0
2026-08-07 03:15:00,112.987,112.997,112.981,112.986,60,11,0
2026-08-07 03:30:00,112.984,113.015,112.98,113.012,88,11,0
2026-08-07 03:45:00,113.015,113.02,112.981,113.0,133,11,0
2026-08-07 04:00:00,112.998,113.012,112.976,113.004,128,11,0
2026-08-07 04:15:00,113.005,113.01,112.995,113.004,83,11,0
2026-08-07 04:30:00,113.003,113.008,112.983,112.995,126,11,0
2026-08-07 04:45:00,112.996,113.005,112.974,112.976,104,11,0
2026-08-07 05:00:00,112.974,112.983,112.948,112.959,88,11,0
2026-08-07 05:15:00,112.962,112.97,112.939,112.939,70,11,0
2026-08-07 05:30:00,112.938,112.946,112.926,112.935,95,11,0
2026-08-07 05:45:00,112.933,112.95,112.897,112.901,137,11,0
2026-08-07 06:00:00,112.9,112.903,112.867,112.87,125,11,0
2026-08-07 06:15:00,112.869,112.897,112.861,112.876,133,11,0
2026-08-07 06:30:00,112.877,112.919,112.868,112.894,221,11,0
2026-08-07 06:45:00,112.896,112.934,112.896,112.93,170,11,0
2026-08-07 07:00:00,112.931,112.949,112.915,112.915,204,11,0
2026-08-07 07:15:00,112.916,112.964,112.912,112.95,149,11,0
2026-08-07 07:30:00,112.949,112.971,112.936,112.946,143,11,0
2026-08-07 07:45:00,112.947,112.997,112.942,112.96,174,11,0
2026-08-07 08:00:00,112.958,112.981,112.948,112.98,160,11,0
2026-08-07 08:15:00,112.982,112.998,112.943,112.949,141,11,0
2026-08-07 08:30:00,112.948,112.96,112.915,112.939,186,11,0
2026-08-07 08:45:00,112.941,112.971,112.929,112.942,181,11,0
2026-08-07 09:00:00,112.945,112.985,112.931,112.985,232,11,0
2026-08-07 09:15:00,112.984,113.011,112.978,112.996,150,11,0
2026-08-07 09:30:00,112.995,112.995,112.959,112.975,129,11,0
2026-08-07 09:45:00,112.976,113.001,112.972,112.987,171,11,0
2026-08-07 10:00:00,112.986,112.992,112.961,112.964,180,11,0
2026-08-07 10:15:00,112.965,112.986,112.965,112.985,97,11,0
2026-08-07 10:30:00,112.986,112.986,112.867,112.897,397,11,0
2026-08-07 10:45:00,112.898,112.925,112.885,112.907,204,11,0
2026-08-07 11:00:00,112.909,112.94,112.905,112.94,213,11,0
2026-08-07 11:15:00,112.941,112.982,112.941,112.982,131,11,0
2026-08-07 11:30:00,112.98,112.996,112.948,112.995,201,11,0
2026-08-07 11:45:00,112.996,113.004,112.967,113.003,186,11,0
2026-08-07 12:00:00,113.002,113.058,112.989,113.058,271,11,0
2026-08-07 12:15:00,113.06,113.146,113.06,113.097,538,11,0
2026-08-07 12:30:00,113.09,113.1,112.329,112.682,6207,11,0
2026-08-07 12:45:00,112.684,112.843,112.628,112.841,2069,11,0
2026-08-07 13:00:00,112.839,112.887,112.774,112.792,1282,11,0
2026-08-07 13:15:00,112.794,112.864,112.775,112.842,865,11,0
2026-08-07 13:30:00,112.843,112.968,112.829,112.915,1007,11,0
2026-08-07 13:45:00,112.914,113.092,112.908,113.08,806,11,0
2026-08-07 14:00:00,113.077,113.181,113.076,113.131,765,11,0
2026-08-07 14:15:00,113.13,113.227,113.126,113.209,536,11,0
2026-08-07 14:30:00,113.208,113.218,113.145,113.209,461,11,0
2026-08-07 14:45:00,113.208,113.321,113.199,113.27,598,11,0
2026-08-07 15:00:00,113.271,113.3,113.242,113.278,649,11,0
2026-08-07 15:15:00,113.277,113.288,113.142,113.154,708,11,0
2026-08-07 15:30:00,113.153,113.169,112.991,113.026,850,11,0
2026-08-07 15:45:00,113.028,113.132,113.016,113.07,758,11,0
2026-08-07 16:00:00,113.068,113.07,112.982,113.014,585,11,0
2026-08-07 16:15:00,113.013,113.026,112.888,112.931,690,11,0
2026-08-07 16:30:00,112.932,112.961,112.903,112.947,375,11,0
2026-08-07 16:45:00,112.945,112.994,112.924,112.992,367,11,0
2026-08-07 17:00:00,112.991,113.044,112.962,112.967,268,11,0
2026-08-07 17:15:00,112.966,112.976,112.94,112.945,181,11,0
2026-08-07 17:30:00,112.942,113.003,112.93,113.001,229,11,0
2026-08-07 17:45:00,112.999,113.002,112.974,112.999,156,11,0
2026-08-07 18:00:00,112.996,113.081,112.993,113.072,213,11,0
2026-08-07 18:15:00,113.071,113.1,113.045,113.077,260,11,0
2026-08-07 18:30:00,113.075,113.089,113.052,113.063,227,11,0
2026-08-07 18:45:00,113.062,113.064,113.025,113.041,166,11,0
2026-08-07 19:00:00,113.042,113.077,113.017,113.075,230,11,0
2026-08-07 19:15:00,113.077,113.083,113.008,113.008,265,11,0
2026-08-07 19:30:00,113.006,113.006,112.953,112.977,267,11,0
2026-08-07 19:45:00,112.976,113.014,112.949,113.009,285,11,0
2026-08-07 20:00:00,113.01,113.08,113.002,113.08,239,11,0
2026-08-07 20:15:00,113.081,113.134,113.08,113.105,257,11,0
2026-08-07 20:30:00,113.107,113.151,113.081,113.081,358,11,0
2026-08-07 20:45:00,113.083,113.174,113.077,113.165,626,11,0
2026-08-09 21:00:00,113.04,113.054,113.029,113.053,15,51,0
2026-08-09 21:15:00,113.047,113.051,112.964,113.042,57,46,0
2026-08-09 21:30:00,113.041,113.056,113.024,113.055,96,27,0
2026-08-09 21:45:00,113.052,113.065,113.048,113.048,79,17,0
2026-08-09 22:00:00,113.027,113.204,113.027,113.193,108,44,0
2026-08-09 22:15:00,113.193,113.22,113.19,113.216,61,41,0
2026-08-09 22:30:00,113.217,113.248,113.197,113.244,69,41,0
2026-08-09 22:45:00,113.243,113.248,113.219,113.231,65,41,0
2026-08-09 23:00:00,113.247,113.253,113.189,113.201,138,11,0
2026-08-09 23:15:00,113.2,113.211,113.161,113.161,109,11,0
2026-08-09 23:30:00,113.163,113.195,113.161,113.195,145,11,0
2026-08-09 23:45:00,113.197,113.2,113.173,113.18,146,11,0
2026-08-10 00:00:00,113.178,113.186,113.151,113.171,293,11,0
2026-08-10 00:15:00,113.172,113.199,113.165,113.197,185,11,0
2026-08-10 00:30:00,113.198,113.21,113.191,113.2,126,11,0
2026-08-10 00:45:00,113.197,113.242,113.193,113.23,333,11,0
2026-08-10 01:00:00,113.232,113.317,113.206,113.296,455,11,0
2026-08-10 01:15:00,113.297,113.345,113.277,113.341,269,11,0
2026-08-10 01:30:00,113.34,113.41,113.338,113.391,281,11,0
2026-08-10 01:45:00,113.393,113.47,113.385,113.444,343,11,0
2026-08-10 02:00:00,113.442,113.454,113.413,113.444,192,11,0
2026-08-10 02:15:00,113.447,113.448,113.408,113.408,119,11,0
2026-08-10 02:30:00,113.41,113.419,113.389,113.398,88,11,0
2026-08-10 02:45:00,113.399,113.404,113.374,113.376,84,11,0
2026-08-10 03:00:00,113.377,113.377,113.31,113.322,154,11,0
2026-08-10 03:15:00,113.321,113.322,113.286,113.291,113,11,0
2026-08-10 03:30:00,113.289,113.324,113.287,113.31,108,11,0
2026-08-10 03:45:00,113.308,113.319,113.305,113.311,69,11,0
2026-08-10 04:00:00,113.312,113.348,113.312,113.342,121,11,0
2026-08-10 04:15:00,113.341,113.361,113.322,113.351,124,11,0
2026-08-10 04:30:00,113.352,113.361,113.346,113.355,79,11,0
2026-08-10 04:45:00,113.354,113.423,113.341,113.419,156,11,0
2026-08-10 05:00:00,113.421,113.441,113.402,113.437,198,11,0
2026-08-10 05:15:00,113.435,113.439,113.416,113.416,101,11,0
2026-08-10 05:30:00,113.417,113.448,113.411,113.448,141,11,0
2026-08-10 05:45:00,113.447,113.451,113.431,113.446,120,11,0
2026-08-10 06:00:00,113.448,113.541,113.442,113.525,288,11,0
2026-08-10 06:15:00,113.522,113.542,113.511,113.528,258,11,0
2026-08-10 06:30:00,113.53,113.531,113.5,113.51,154,11,0
2026-08-10 06:45:00,113.512,113.512,113.481,113.503,212,11,0
2026-08-10 07:00:00,113.505,113.59,113.497,113.571,296,11,0
2026-08-10 07:15:00,113.569,113.597,113.562,113.58,243,11,0
2026-08-10 07:30:00,113.582,113.643,113.582,113.64,290,11,0
2026-08-10 07:45:00,113.642,113.683,113.601,113.677,329,11,0
2026-08-10 08:00:00,113.678,113.716,113.633,113.698,316,11,0
2026-08-10 08:15:00,113.701,113.741,113.699,113.732,176,11,0
2026-08-10 08:30:00,113.733,113.78,113.726,113.746,393,11,0
2026-08-10 08:45:00,113.745,113.844,113.745,113.818,311,11,0
2026-08-10 09:00:00,113.82,113.86,113.812,113.813,224,11,0
2026-08-10 09:15:00,113.811,113.837,113.804,113.83,123,11,0
2026-08-10 09:30:00,113.832,113.891,113.828,113.89,245,11,0
2026-08-10 09:45:00,113.888,113.948,113.888,113.928,258,11,0
2026-08-10 10:00:00,113.931,113.947,113.906,113.913,291,11,0
2026-08-10 10:15:00,113.911,113.925,113.834,113.877,501,11,0
2026-08-10 10:30:00,113.879,113.913,113.854,113.901,343,11,0
2026-08-10 10:45:00,113.9,113.918,113.861,113.911,255,11,0
2026-08-10 11:00:00,113.909,113.952,113.898,113.935,278,11,0
2026-08-10 11:15:00,113.933,113.943,113.898,113.905,242,11,0
2026-08-10 11:30:00,113.906,113.946,113.896,113.925,191,11,0
2026-08-10 11:45:00,113.926,113.959,113.919,113.93,219,11,0
2026-08-10 12:00:00,113.932,113.934,113.644,113.826,1844,11,0
2026-08-10 12:15:00,113.825,113.838,113.759,113.812,425,11,0
2026-08-10 12:30:00,113.811,113.898,113.807,113.898,345,11,0
2026-08-10 12:45:00,113.9,113.966,113.887,113.953,374,11,0
2026-08-10 13:00:00,113.955,113.956,113.888,113.918,424,11,0
2026-08-10 13:15:00,113.919,113.932,113.894,113.912,269,11,0
2026-08-10 13:30:00,113.913,113.959,113.887,113.944,357,11,0
2026-08-10 13:45:00,113.943,114.001,113.863,113.986,822,11,0
2026-08-10 14:00:00,113.984,113.989,113.94,113.971,419,11,0
2026-08-10 14:15:00,113.969,113.988,113.917,113.97,429,11,0
2026-08-10 14:30:00,113.969,113.994,113.96,113.987,310,11,0
2026-08-10 14:45:00,113.986,114.025,113.97,113.994,379,11,0
2026-08-10 15:00:00,113.996,114.082,113.951,114.062,410,11,0
2026-08-10 15:15:00,114.063,114.069,114.015,114.031,268,11,0
2026-08-10 15:30:00,114.033,114.084,114.029,114.084,201,11,0
2026-08-10 15:45:00,114.085,114.103,114.058,114.086,180,11,0
2026-08-10 16:00:00,114.085,114.098,114.075,114.097,165,11,0
2026-08-10 16:15:00,114.099,114.119,114.087,114.112,125,11,0
2026-08-10 16:30:00,114.113,114.152,114.11,114.148,246,11,0
2026-08-10 16:45:00,114.149,114.149,114.115,114.14,190,11,0
2026-08-10 17:00:00,114.138,114.177,114.136,114.143,311,11,0
2026-08-10 17:15:00,114.144,114.155,114.107,114.107,147,11,0
2026-08-10 17:30:00,114.106,114.122,114.088,114.104,120,11,0
2026-08-10 17:45:00,114.106,114.135,114.106,114.117,126,11,0
2026-08-10 18:00:00,114.116,114.134,114.099,114.125,92,11,0
2026-08-10 18:15:00,114.127,114.156,114.127,114.145,92,11,0
2026-08-10 18:30:00,114.146,114.188,114.114,114.186,205,11,0
2026-08-10 18:45:00,114.184,114.31,114.184,114.215,550,11,0
2026-08-10 19:00:00,114.216,114.226,114.201,114.217,157,11,0
2026-08-10 19:15:00,114.218,114.266,114.214,114.262,126,11,0
2026-08-10 19:30:00,114.265,114.344,114.265,114.308,210,11,0
2026-08-10 19:45:00,114.306,114.317,114.269,114.284,182,11,0
2026-08-10 20:00:00,114.282,114.309,114.279,114.305,108,11,0
2026-08-10 20:15:00,114.306,114.321,114.289,114.317,90,11,0
2026-08-10 20:30:00,114.318,114.318,114.283,114.286,74,11,0
2026-08-10 20:45:00,114.288,114.292,114.269,114.271,100,11,0
2026-08-10 21:00:00,114.27,114.27,114.247,114.259,29,38,0
2026-08-10 21:15:00,114.261,114.267,114.245,114.256,47,38,0
2026-08-10 21:30:00,114.259,114.264,114.243,114.262,93,29,0
2026-08-10 21:45:00,114.264,114.267,114.246,114.257,49,25,0
2026-08-10 22:00:00,114.254,114.28,114.243,114.277,80,25,0
2026-08-10 22:15:00,114.276,114.276,114.234,114.252,49,30,0
2026-08-10 22:30:00,114.25,114.258,114.237,114.242,80,29,0
2026-08-10 22:45:00,114.235,114.256,114.235,114.249,38,29,0
2026-08-10 23:00:00,114.258,114.273,114.252,114.266,60,11,0
2026-08-10 23:15:00,114.269,114.272,114.254,114.255,99,11,0
2026-08-10 23:30:00,114.254,114.285,114.25,114.282,103,11,0
2026-08-10 23:45:00,114.283,114.283,114.201,114.221,195,11,0
2026-08-11 00:00:00,114.22,114.241,114.208,114.221,213,11,0
2026-08-11 00:15:00,114.223,114.262,114.223,114.259,162,11,0
2026-08-11 00:30:00,114.256,114.26,114.09,114.149,572,11,0
2026-08-11 00:45:00,114.147,114.227,114.143,114.225,349,11,0
2026-08-11 01:00:00,114.223,114.224,114.177,114.224,236,11,0
2026-08-11 01:15:00,114.223,114.224,114.182,114.196,188,11,0
2026-08-11 01:30:00,114.195,114.224,114.193,114.218,137,11,0
2026-08-11 01:45:00,114.22,114.252,114.209,114.245,140,11,0
2026-08-11 02:00:00,114.248,114.298,114.236,114.283,157,11,0
2026-08-11 02:15:00,114.284,114.31,114.277,114.301,184,11,0
2026-08-11 02:30:00,114.302,114.321,114.29,114.32,147,11,0
2026-08-11 02:45:00,114.319,114.319,114.284,114.291,116,11,0
2026-08-11 03:00:00,114.289,114.297,114.262,114.277,138,11,0
2026-08-11 03:15:00,114.279,114.283,114.249,114.249,152,11,0
2026-08-11 03:30:00,114.25,114.283,114.24,114.28,105,11,0
2026-08-11 03:45:00,114.281,114.281,114.25,114.277,102,11,0
2026-08-11 04:00:00,114.276,114.283,114.266,114.275,88,11,0
2026-08-11 04:15:00,114.274,114.276,114.256,114.271,71,11,0
2026-08-11 04:30:00,114.272,114.304,114.257,114.292,146,11,0
2026-08-11 04:45:00,114.291,114.299,114.272,114.273,123,11,0
2026-08-11 05:00:00,114.271,114.282,114.266,114.27,95,11,0
2026-08-11 05:15:00,114.269,114.282,114.266,114.268,90,11,0
2026-08-11 05:30:00,114.266,114.296,114.244,114.267,159,11,0
2026-08-11 05:45:00,114.268,114.306,114.267,114.303,105,11,0
2026-08-11 06:00:00,114.301,114.301,114.274,114.29,199,11,0
2026-08-11 06:15:00,114.289,114.295,114.25,114.278,262,11,0
2026-08-11 06:30:00,114.279,114.302,114.269,114.294,246,11,0
2026-08-11 06:45:00,114.292,114.293,114.25,114.271,208,11,0
2026-08-11 07:00:00,114.27,114.337,114.268,114.299,341,11,0
2026-08-11 07:15:00,114.296,114.306,114.279,114.293,203,11,0
2026-08-11 07:30:00,114.295,114.312,114.271,114.28,181,11,0
2026-08-11 07:45:00,114.282,114.304,114.272,114.284,245,11,0
2026-08-11 08:00:00,114.281,114.32,114.245,114.317,288,11,0
2026-08-11 08:15:00,114.319,114.319,114.279,114.28,136,11,0
2026-08-11 08:30:00,114.282,114.325,114.272,114.323,142,11,0
2026-08-11 08:45:00,114.324,114.369,114.324,114.364,166,11,0
2026-08-11 09:00:00,114.367,114.386,114.354,114.373,182,11,0
2026-08-11 09:15:00,114.372,114.374,114.333,114.338,146,11,0
2026-08-11 09:30:00,114.336,114.339,114.314,114.337,187,11,0
2026-08-11 09:45:00,114.336,114.341,114.317,114.323,109,11,0
2026-08-11 10:00:00,114.321,114.364,114.315,114.355,133,11,0
2026-08-11 10:15:00,114.356,114.356,114.259,114.299,287,11,0
2026-08-11 10:30:00,114.298,114.325,114.28,114.295,178,11,0
2026-08-11 10:45:00,114.293,114.304,114.266,114.287,214,11,0
2026-08-11 11:00:00,114.285,114.294,114.157,114.167,904,11,0
2026-08-11 11:15:00,114.169,114.269,114.162,114.26,258,11,0
2026-08-11 11:30:00,114.258,114.273,114.224,114.246,272,11,0
2026-08-11 11:45:00,114.244,114.27,114.227,114.246,229,11,0
2026-08-11 12:00:00,114.247,114.272,114.214,114.246,297,11,0
2026-08-11 12:15:00,114.248,114.345,114.245,114.328,398,11,0
2026-08-11 12:30:00,114.327,114.346,114.296,114.302,303,11,0
2026-08-11 12:45:00,114.303,114.318,114.291,114.302,191,11,0
2026-08-11 13:00:00,114.301,114.302,114.236,114.258,285,11,0
2026-08-11 13:15:00,114.26,114.268,114.228,114.239,240,11,0
2026-08-11 13:30:00,114.237,114.276,114.215,114.235,290,11,0
2026-08-11 13:45:00,114.233,114.265,114.213,114.246,273,11,0
2026-08-11 14:00:00,114.247,114.31,114.247,114.309,276,11,0
2026-08-11 14:15:00,114.31,114.338,114.284,114.304,232,11,0
2026-08-11 14:30:00,114.306,114.319,114.3,114.302,175,11,0
2026-08-11 14:45:00,114.301,114.35,114.295,114.335,261,11,0
2026-08-11 15:00:00,114.333,114.333,114.29,114.3,218,11,0
2026-08-11 15:15:00,114.301,114.335,114.278,114.335,166,11,0
2026-08-11 15:30:00,114.334,114.39,114.33,114.383,285,11,0
2026-08-11 15:45:00,114.381,114.381,114.357,114.37,143,11,0
2026-08-11 16:00:00,114.368,114.369,114.341,114.362,143,11,0
2026-08-11 16:15:00,114.36,114.417,114.341,114.407,194,11,0
2026-08-11 16:30:00,114.405,114.406,114.378,114.396,139,11,0
2026-08-11 16:45:00,114.394,114.442,114.39,114.442,151,11,0
2026-08-11 17:00:00,114.443,114.458,114.424,114.443,152,11,0
2026-08-11 17:15:00,114.442,114.467,114.437,114.446,116,11,0
2026-08-11 17:30:00,114.445,114.454,114.428,114.44,134,11,0
2026-08-11 17:45:00,114.439,114.441,114.418,114.428,93,11,0
2026-08-11 18:00:00,114.43,114.444,114.429,114.436,88,11,0
2026-08-11 18:15:00,114.433,114.467,114.427,114.455,110,11,0
2026-08-11 18:30:00,114.457,114.462,114.433,114.441,115,11,0
2026-08-11 18:45:00,114.44,114.444,114.413,114.417,83,11,0
2026-08-11 19:00:00,114.416,114.431,114.399,114.411,107,11,0
2026-08-11 19:15:00,114.412,114.434,114.412,114.431,58,11,0
2026-08-11 19:30:00,114.429,114.429,114.409,114.411,88,11,0
2026-08-11 19:45:00,114.412,114.416,114.386,114.388,137,11,0
2026-08-11 20:00:00,114.389,114.411,114.381,114.39,100,11,0
2026-08-11 20:15:00,114.391,114.391,114.382,114.388,31,11,0
2026-08-11 20:30:00,114.386,114.435,114.386,114.428,85,11,0
2026-08-11 20:45:00,114.427,114.434,114.373,114.375,114,11,0
2026-08-11 21:00:00,114.374,114.378,114.374,114.377,22,38,0
2026-08-11 21:15:00,114.378,114.385,114.377,114.384,68,18,0
2026-08-11 21:30:00,114.387,114.387,114.366,114.367,59,17,0
2026-08-11 21:45:00,114.365,114.38,114.361,114.378,52,24,0
2026-08-11 22:00:00,114.383,114.417,114.379,114.416,46,29,0
2026-08-11 22:15:00,114.414,114.42,114.41,114.412,27,29,0
2026-08-11 22:30:00,114.412,114.415,114.388,114.4,47,29,0
2026-08-11 22:45:00,114.397,114.413,114.397,114.413,32,29,0
2026-08-11 23:00:00,114.423,114.426,114.417,114.424,37,11,0
2026-08-11 23:15:00,114.425,114.429,114.411,114.412,34,11,0
2026-08-11 23:30:00,114.413,114.415,114.396,114.401,41,11,0
2026-08-11 23:45:00,114.403,114.419,114.395,114.413,60,11,0
2026-08-12 00:00:00,114.416,114.421,114.369,114.39,190,11,0
2026-08-12 00:15:00,114.391,114.401,114.374,114.4,112,11,0
2026-08-12 00:30:00,114.401,114.422,114.399,114.413,112,11,0
2026-08-12 00:45:00,114.415,114.462,114.408,114.444,268,11,0
2026-08-12 01:00:00,114.445,114.461,114.399,114.4,168,11,0
2026-08-12 01:15:00,114.402,114.414,114.384,114.411,121,11,0
2026-08-12 01:30:00,114.41,114.41,114.38,114.382,66,11,0
2026-08-12 01:45:00,114.384,114.392,114.379,114.392,83,11,0
2026-08-12 02:00:00,114.39,114.409,114.387,114.409,101,11,0
2026-08-12 02:15:00,114.41,114.445,114.41,114.429,152,11,0
2026-08-12 02:30:00,114.428,114.461,114.422,114.458,91,11,0
2026-08-12 02:45:00,114.457,114.459,114.441,114.449,73,11,0
2026-08-12 03:00:00,114.45,114.474,114.45,114.471,69,11,0
2026-08-12 03:15:00,114.47,114.491,114.47,114.485,55,11,0
2026-08-12 03:30:00,114.486,114.486,114.467,114.471,54,11,0
2026-08-12 03:45:00,114.472,114.475,114.451,114.46,51,11,0
2026-08-12 04:00:00,114.458,114.467,114.447,114.466,74,11,0
2026-08-12 04:15:00,114.464,114.468,114.45,114.45,68,11,0
2026-08-12 04:30:00,114.451,114.466,114.41,114.42,66,11,0
2026-08-12 04:45:00,114.422,114.435,114.422,114.434,66,11,0
2026-08-12 05:00:00,114.435,114.44,114.421,114.422,57,11,0
2026-08-12 05:15:00,114.42,114.43,114.406,114.43,63,11,0
2026-08-12 05:30:00,114.429,114.429,114.355,114.411,176,11,0
2026-08-12 05:45:00,114.41,114.436,114.401,114.431,94,11,0
2026-08-12 06:00:00,114.429,114.444,114.41,114.429,140,11,0
2026-08-12 06:15:00,114.427,114.435,114.403,114.426,141,11,0
2026-08-12 06:30:00,114.428,114.435,114.392,114.406,169,11,0
2026-08-12 06:45:00,114.409,114.419,114.39,114.417,153,11,0
2026-08-12 07:00:00,114.416,114.425,114.374,114.411,209,11,0
2026-08-12 07:15:00,114.413,114.419,114.372,114.392,173,11,0
2026-08-12 07:30:00,114.39,114.392,114.353,114.38,148,11,0
2026-08-12 07:45:00,114.379,114.415,114.374,114.411,134,11,0
2026-08-12 08:00:00,114.413,114.413,114.358,114.36,147,11,0
2026-08-12 08:15:00,114.361,114.397,114.359,114.394,150,11,0
2026-08-12 08:30:00,114.393,114.398,114.344,114.365,198,11,0
2026-08-12 08:45:00,114.367,114.383,114.344,114.36,167,11,0
2026-08-12 09:00:00,114.362,114.366,114.315,114.331,176,11,0
2026-08-12 09:15:00,114.329,114.332,113.85,114.158,2299,11,0
2026-08-12 09:30:00,114.156,114.211,114.13,114.144,619,11,0
2026-08-12 09:45:00,114.143,114.203,114.128,114.203,564,11,0
2026-08-12 10:00:00,114.201,114.255,114.201,114.243,323,11,0
2026-08-12 10:15:00,114.241,114.251,114.215,114.233,230,11,0
2026-08-12 10:30:00,114.232,114.245,114.184,114.186,173,11,0
2026-08-12 10:45:00,114.188,114.253,114.184,114.244,354,11,0
2026-08-12 11:00:00,114.242,114.242,114.168,114.169,203,11,0
2026-08-12 11:15:00,114.171,114.217,114.167,114.209,216,11,0
2026-08-12 11:30:00,114.207,114.214,114.17,114.181,200,11,0
2026-08-12 11:45:00,114.18,114.239,114.161,114.239,246,11,0
2026-08-12 12:00:00,114.238,114.257,114.176,114.202,419,11,0
2026-08-12 12:15:00,114.204,114.258,114.196,114.2,502,11,0
2026-08-12 12:30:00,114.203,114.304,114.02,114.147,3017,11,0
2026-08-12 12:45:00,114.149,114.258,114.143,114.152,1086,11,0
2026-08-12 13:00:00,114.154,114.201,114.072,114.14,1013,11,0
2026-08-12 13:15:00,114.138,114.172,114.117,114.159,523,11,0
2026-08-12 13:30:00,114.157,114.281,114.147,114.263,579,11,0
2026-08-12 13:45:00,114.266,114.288,114.216,114.283,464,11,0
2026-08-12 14:00:00,114.285,114.381,114.271,114.366,506,11,0
2026-08-12 14:15:00,114.368,114.388,114.324,114.334,372,11,0
2026-08-12 14:30:00,114.336,114.375,114.291,114.349,516,11,0
2026-08-12 14:45:00,114.35,114.384,114.324,114.344,494,11,0
2026-08-12 15:00:00,114.347,114.383,114.336,114.368,318,11,0
2026-08-12 15:15:00,114.37,114.41,114.367,114.4,196,11,0
2026-08-12 15:30:00,114.398,114.42,114.381,114.389,161,11,0
2026-08-12 15:45:00,114.39,114.402,114.367,114.381,165,11,0
2026-08-12 16:00:00,114.382,114.385,114.352,114.356,188,11,0
2026-08-12 16:15:00,114.355,114.366,114.337,114.339,160,11,0
2026-08-12 16:30:00,114.338,114.351,114.321,114.343,145,11,0
2026-08-12 16:45:00,114.342,114.366,114.325,114.327,219,11,0
2026-08-12 17:00:00,114.328,114.33,114.284,114.3,213,11,0
2026-08-12 17:15:00,114.302,114.337,114.3,114.328,149,11,0
2026-08-12 17:30:00,114.327,114.37,114.327,114.367,166,11,0
2026-08-12 17:45:00,114.37,114.384,114.357,114.377,172,11,0
2026-08-12 18:00:00,114.376,114.414,114.374,114.399,187,11,0
2026-08-12 18:15:00,114.4,114.409,114.379,114.397,133,11,0
2026-08-12 18:30:00,114.395,114.395,114.364,114.372,89,11,0
2026-08-12 18:45:00,114.371,114.385,114.36,114.363,100,11,0
2026-08-12 19:00:00,114.361,114.392,114.356,114.385,91,11,0
2026-08-12 19:15:00,114.384,114.386,114.369,114.375,74,11,0
2026-08-12 19:30:00,114.374,114.382,114.344,114.379,139,11,0
2026-08-12 19:45:00,114.381,114.409,114.351,114.407,237,11,0
2026-08-12 20:00:00,114.405,114.42,114.379,114.401,123,11,0
2026-08-12 20:15:00,114.399,114.399,114.363,114.366,94,11,0
2026-08-12 20:30:00,114.368,114.379,114.339,114.341,116,11,0
2026-08-12 20:45:00,114.34,114.373,114.336,114.354,189,11,0
2026-08-12 21:00:00,114.356,114.357,114.354,114.357,15,38,0
2026-08-12 21:15:00,114.358,114.367,114.356,114.367,50,31,0
2026-08-12 21:30:00,114.366,114.37,114.363,114.367,66,18,0
2026-08-12 21:45:00,114.369,114.371,114.365,114.369,36,17,0
2026-08-12 22:00:00,114.362,114.371,114.347,114.349,47,25,0
2026-08-12 22:15:00,114.348,114.352,114.345,114.346,11,29,0
2026-08-12 22:30:00,114.344,114.349,114.337,114.337,27,29,0
2026-08-12 22:45:00,114.339,114.343,114.333,114.335,21,28,0
2026-08-12 23:00:00,114.347,114.347,114.329,114.334,38,11,0
2026-08-12 23:15:00,114.335,114.335,114.299,114.299,62,11,0
2026-08-12 23:30:00,114.298,114.338,114.297,114.336,44,11,0
2026-08-12 23:45:00,114.334,114.335,114.292,114.299,99,11,0
2026-08-13 00:00:00,114.301,114.331,114.273,114.331,219,11,0
2026-08-13 00:15:00,114.333,114.34,114.297,114.306,152,11,0
2026-08-13 00:30:00,114.307,114.319,114.258,114.27,181,11,0
2026-08-13 00:45:00,114.272,114.315,114.264,114.305,276,11,0
2026-08-13 01:00:00,114.303,114.303,114.268,114.288,196,11,0
2026-08-13 01:15:00,114.289,114.296,114.271,114.284,143,11,0
2026-08-13 01:30:00,114.283,114.285,114.25,114.264,116,11,0
2026-08-13 01:45:00,114.266,114.286,114.257,114.278,100,11,0
2026-08-13 02:00:00,114.276,114.308,114.27,114.292,81,11,0
2026-08-13 02:15:00,114.295,114.319,114.295,114.315,130,11,0
2026-08-13 02:30:00,114.316,114.335,114.307,114.31,136,11,0
2026-08-13 02:45:00,114.312,114.335,114.312,114.318,69,11,0
2026-08-13 03:00:00,114.316,114.319,114.3,114.306,108,11,0
2026-08-13 03:15:00,114.307,114.332,114.304,114.327,87,11,0
2026-08-13 03:30:00,114.328,114.334,114.302,114.302,89,11,0
2026-08-13 03:45:00,114.304,114.32,114.301,114.308,74,11,0
2026-08-13 04:00:00,114.306,114.331,114.306,114.327,87,11,0
2026-08-13 04:15:00,114.325,114.331,114.322,114.325,72,11,0
2026-08-13 04:30:00,114.324,114.343,114.315,114.336,56,11,0
2026-08-13 04:45:00,114.334,114.334,114.157,114.203,1317,11,0
2026-08-13 05:00:00,114.205,114.262,114.188,114.237,325,11,0
2026-08-13 05:15:00,114.238,114.265,114.214,114.265,186,11,0
2026-08-13 05:30:00,114.264,114.282,114.257,114.267,151,11,0
2026-08-13 05:45:00,114.269,114.273,114.203,114.224,172,11,0
2026-08-13 06:00:00,114.221,114.273,114.219,114.263,210,11,0
2026-08-13 06:15:00,114.262,114.27,114.244,114.26,163,11,0
2026-08-13 06:30:00,114.258,114.268,114.23,114.234,200,11,0
2026-08-13 06:45:00,114.235,114.247,114.205,114.227,212,11,0
2026-08-13 07:00:00,114.229,114.25,114.226,114.244,217,11,0
2026-08-13 07:15:00,114.246,114.258,114.217,114.239,195,11,0
2026-08-13 07:30:00,114.238,114.251,114.199,114.205,238,11,0
2026-08-13 07:45:00,114.202,114.232,114.194,114.225,234,11,0
2026-08-13 08:00:00,114.224,114.246,114.215,114.239,209,11,0
2026-08-13 08:15:00,114.241,114.253,114.216,114.232,157,11,0
2026-08-13 08:30:00,114.231,114.253,114.215,114.251,172,11,0
2026-08-13 08:45:00,114.252,114.252,114.231,114.247,119,11,0
2026-08-13 09:00:00,114.248,114.261,114.241,114.246,149,11,0
2026-08-13 09:15:00,114.248,114.301,114.245,114.301,176,11,0
2026-08-13 09:30:00,114.302,114.304,114.277,114.281,147,11,0
2026-08-13 09:45:00,114.279,114.324,114.277,114.321,200,11,0
2026-08-13 10:00:00,114.324,114.342,114.317,114.322,199,11,0
2026-08-13 10:15:00,114.323,114.338,114.296,114.313,185,11,0
2026-08-13 10:30:00,114.311,114.341,114.3,114.309,166,11,0
2026-08-13 10:45:00,114.306,114.321,114.295,114.311,153,11,0
2026-08-13 11:00:00,114.312,114.322,114.241,114.289,248,11,0
2026-08-13 11:15:00,114.288,114.291,114.268,114.278,192,11,0
2026-08-13 11:30:00,114.277,114.296,114.264,114.27,135,11,0
2026-08-13 11:45:00,114.268,114.282,114.262,114.265,165,11,0
2026-08-13 12:00:00,114.263,114.274,114.226,114.247,234,11,0
2026-08-13 12:15:00,114.245,114.282,114.243,114.258,182,11,0
2026-08-13 12:30:00,114.256,114.28,114.205,114.268,567,11,0
2026-08-13 12:45:00,114.27,114.282,114.223,114.262,506,11,0
2026-08-13 13:00:00,114.264,114.313,114.242,114.289,527,11,0
2026-08-13 13:15:00,114.286,114.308,114.278,114.299,257,11,0
2026-08-13 13:30:00,114.301,114.316,114.277,114.293,336,11,0
2026-08-13 13:45:00,114.29,114.291,114.155,114.155,511,11,0
2026-08-13 14:00:00,114.154,114.211,114.046,114.077,814,11,0
2026-08-13 14:15:00,114.075,114.149,114.063,114.149,544,11,0
2026-08-13 14:30:00,114.148,114.173,114.107,114.138,389,11,0
2026-08-13 14:45:00,114.139,114.183,114.135,114.159,392,11,0
2026-08-13 15:00:00,114.157,114.288,114.157,114.279,381,11,0
2026-08-13 15:15:00,114.282,114.328,114.265,114.328,347,11,0
2026-08-13 15:30:00,114.329,114.339,114.288,114.327,287,11,0
2026-08-13 15:45:00,114.329,114.351,114.319,114.345,209,11,0
2026-08-13 16:00:00,114.343,114.386,114.339,114.384,207,11,0
2026-08-13 16:15:00,114.383,114.462,114.369,114.462,209,11,0
2026-08-13 16:30:00,114.463,114.474,114.445,114.466,210,11,0
2026-08-13 16:45:00,114.468,114.49,114.456,114.485,162,11,0
2026-08-13 17:00:00,114.483,114.503,114.474,114.493,212,11,0
2026-08-13 17:15:00,114.496,114.505,114.462,114.468,165,11,0
2026-08-13 17:30:00,114.47,114.505,114.47,114.503,209,11,0
2026-08-13 17:45:00,114.502,114.52,114.467,114.474,143,11,0
2026-08-13 18:00:00,114.472,114.475,114.421,114.434,169,11,0
2026-08-13 18:15:00,114.436,114.462,114.426,114.45,170,11,0
2026-08-13 18:30:00,114.452,114.465,114.44,114.444,157,11,0
2026-08-13 18:45:00,114.447,114.474,114.447,114.472,141,11,0
2026-08-13 19:00:00,114.474,114.488,114.469,114.483,125,11,0
2026-08-13 19:15:00,114.485,114.498,114.48,114.495,76,11,0
2026-08-13 19:30:00,114.493,114.509,114.483,114.496,110,11,0
2026-08-13 19:45:00,114.498,114.536,114.485,114.532,169,11,0
2026-08-13 20:00:00,114.533,114.533,114.508,114.521,118,11,0
2026-08-13 20:15:00,114.52,114.553,114.52,114.538,94,11,0
2026-08-13 20:30:00,114.536,114.541,114.519,114.523,69,11,0
2026-08-13 20:45:00,114.521,114.526,114.492,114.493,122,11,0
2026-08-13 21:00:00,114.494,114.494,114.476,114.476,26,38,0
2026-08-13 21:15:00,114.478,114.478,114.458,114.471,48,46,0
2026-08-13 21:30:00,114.473,114.491,114.473,114.481,101,29,0
2026-08-13 21:45:00,114.482,114.491,114.479,114.485,70,25,0
2026-08-13 22:00:00,114.48,114.501,114.47,114.476,37,30,0
2026-08-13 22:15:00,114.473,114.492,114.472,114.492,36,29,0
2026-08-13 22:30:00,114.494,114.495,114.474,114.478,27,28,0
2026-08-13 22:45:00,114.477,114.486,114.467,114.47,41,28,0
2026-08-13 23:00:00,114.479,114.488,114.473,114.487,48,11,0
2026-08-13 23:15:00,114.489,114.5,114.473,114.484,44,11,0
2026-08-13 23:30:00,114.482,114.497,114.478,114.487,49,11,0
2026-08-13 23:45:00,114.486,114.492,114.47,114.473,41,11,0
2026-08-14 00:00:00,114.471,114.543,114.453,114.525,244,11,0
2026-08-14 00:15:00,114.526,114.529,114.485,114.49,208,11,0
2026-08-14 00:30:00,114.489,114.505,114.476,114.494,167,11,0
2026-08-14 00:45:00,114.495,114.518,114.463,114.479,339,11,0
2026-08-14 01:00:00,114.477,114.484,114.446,114.463,231,11,0
2026-08-14 01:15:00,114.465,114.475,114.446,114.465,173,11,0
2026-08-14 01:30:00,114.468,114.473,114.456,114.473,111,11,0
2026-08-14 01:45:00,114.474,114.488,114.467,114.468,91,11,0
2026-08-14 02:00:00,114.467,114.477,114.462,114.476,91,11,0
2026-08-14 02:15:00,114.478,114.482,114.46,114.462,70,11,0
2026-08-14 02:30:00,114.461,114.481,114.457,114.478,76,11,0
2026-08-14 02:45:00,114.479,114.492,114.479,114.479,104,11,0
2026-08-14 03:00:00,114.481,114.485,114.453,114.457,84,11,0
2026-08-14 03:15:00,114.456,114.473,114.443,114.455,142,11,0
2026-08-14 03:30:00,114.456,114.478,114.456,114.467,95,11,0
2026-08-14 03:45:00,114.466,114.5,114.463,114.493,119,11,0
2026-08-14 04:00:00,114.491,114.494,114.474,114.478,127,11,0
2026-08-14 04:15:00,114.479,114.483,114.467,114.474,77,11,0
2026-08-14 04:30:00,114.473,114.493,114.469,114.481,62,11,0
2026-08-14 04:45:00,114.482,114.492,114.482,114.485,38,11,0
2026-08-14 05:00:00,114.484,114.49,114.476,114.477,87,11,0
2026-08-14 05:15:00,114.476,114.49,114.468,114.485,104,11,0
2026-08-14 05:30:00,114.483,114.508,114.399,114.468,482,11,0
2026-08-14 05:45:00,114.47,114.502,114.467,114.478,210,11,0
2026-08-14 06:00:00,114.476,114.484,114.41,114.442,530,11,0
2026-08-14 06:15:00,114.444,114.502,114.44,114.5,231,11,0
2026-08-14 06:30:00,114.499,114.538,114.486,114.518,186,11,0
2026-08-14 06:45:00,114.517,114.543,114.502,114.537,159,11,0
2026-08-14 07:00:00,114.535,114.622,114.529,114.619,283,11,0
2026-08-14 07:15:00,114.621,114.639,114.604,114.625,195,11,0
2026-08-14 07:30:00,114.626,114.652,114.616,114.633,170,11,0
2026-08-14 07:45:00,114.632,114.645,114.613,114.622,216,11,0
2026-08-14 08:00:00,114.623,114.63,114.602,114.614,237,11,0
2026-08-14 08:15:00,114.616,114.622,114.532,114.538,340,11,0
2026-08-14 08:30:00,114.537,114.557,114.498,114.552,376,11,0
2026-08-14 08:45:00,114.553,114.586,114.537,114.58,187,11,0
2026-08-14 09:00:00,114.582,114.597,114.549,114.55,217,11,0
2026-08-14 09:15:00,114.552,114.589,114.537,114.586,202,11,0
2026-08-14 09:30:00,114.584,114.596,114.567,114.574,145,11,0
2026-08-14 09:45:00,114.572,114.589,114.556,114.58,192,11,0
2026-08-14 10:00:00,114.578,114.588,114.552,114.565,201,11,0
2026-08-14 10:15:00,114.566,114.618,114.565,114.613,173,11,0
2026-08-14 10:30:00,114.612,114.614,114.584,114.601,125,11,0
2026-08-14 10:45:00,114.598,114.621,114.587,114.611,149,11,0
2026-08-14 11:00:00,114.612,114.655,114.612,114.638,221,11,0
2026-08-14 11:15:00,114.637,114.645,114.583,114.623,261,11,0
2026-08-14 11:30:00,114.624,114.648,114.579,114.587,281,11,0
2026-08-14 11:45:00,114.586,114.628,114.585,114.614,243,11,0
2026-08-14 12:00:00,114.612,114.646,114.526,114.607,718,11,0
2026-08-14 12:15:00,114.606,114.606,114.444,114.475,934,11,0
2026-08-14 12:30:00,114.473,114.474,114.349,114.469,1205,11,0
2026-08-14 12:45:00,114.471,114.503,114.445,114.485,607,11,0
2026-08-14 13:00:00,114.483,114.599,114.48,114.599,508,11,0
2026-08-14 13:15:00,114.601,114.625,114.52,114.553,451,11,0
2026-08-14 13:30:00,114.55,114.566,114.502,114.519,616,11,0
2026-08-14 13:45:00,114.517,114.634,114.503,114.604,653,11,0
2026-08-14 14:00:00,114.605,114.678,114.598,114.603,561,11,0
2026-08-14 14:15:00,114.604,114.641,114.591,114.611,426,11,0
2026-08-14 14:30:00,114.609,114.636,114.58,114.582,377,11,0
2026-08-14 14:45:00,114.58,114.606,114.546,114.581,461,11,0
2026-08-14 15:00:00,114.584,114.637,114.541,114.635,493,11,0
2026-08-14 15:15:00,114.636,114.689,114.633,114.668,398,11,0
2026-08-14 15:30:00,114.666,114.745,114.663,114.742,303,11,0
2026-08-14 15:45:00,114.739,114.796,114.737,114.762,281,11,0
2026-08-14 16:00:00,114.764,114.819,114.758,114.784,229,11,0
2026-08-14 16:15:00,114.785,114.851,114.781,114.846,201,11,0
2026-08-14 16:30:00,114.848,114.855,114.824,114.848,193,11,0
2026-08-14 16:45:00,114.849,114.879,114.843,114.876,156,11,0
2026-08-14 17:00:00,114.874,114.883,114.834,114.842,182,11,0
2026-08-14 17:15:00,114.84,114.862,114.835,114.851,132,11,0
2026-08-14 17:30:00,114.852,114.867,114.824,114.828,140,11,0
2026-08-14 17:45:00,114.826,114.832,114.814,114.831,95,11,0
2026-08-14 18:00:00,114.832,114.848,114.828,114.844,91,11,0
2026-08-14 18:15:00,114.846,114.862,114.842,114.862,78,11,0
2026-08-14 18:30:00,114.861,114.878,114.852,114.863,83,11,0
2026-08-14 18:45:00,114.862,114.876,114.854,114.854,74,11,0
2026-08-14 19:00:00,114.852,114.878,114.836,114.869,143,11,0
2026-08-14 19:15:00,114.868,114.883,114.859,114.87,104,11,0
2026-08-14 19:30:00,114.872,114.877,114.854,114.863,88,11,0
2026-08-14 19:45:00,114.865,114.876,114.837,114.843,114,11,0
2026-08-14 20:00:00,114.842,114.862,114.832,114.843,94,11,0
2026-08-14 20:15:00,114.845,114.85,114.829,114.838,81,11,0
2026-08-14 20:30:00,114.837,114.852,114.831,114.852,69,11,0
2026-08-14 20:45:00,114.851,114.86,114.817,114.834,131,11,0
2026-08-16 21:00:00,114.793,114.797,114.793,114.797,6,42,0
2026-08-16 21:15:00,114.796,114.817,114.776,114.817,33,44,0
2026-08-16 21:30:00,114.819,114.837,114.812,114.818,99,28,0
2026-08-16 21:45:00,114.822,114.829,114.802,114.812,113,17,0
2026-08-16 22:00:00,114.814,114.871,114.8,114.864,64,26,0
2026-08-16 22:15:00,114.866,114.867,114.816,114.822,55,42,0
2026-08-16 22:30:00,114.81,114.82,114.77,114.792,100,42,0
2026-08-16 22:45:00,114.781,114.786,114.719,114.722,111,42,0
2026-08-16 23:00:00,114.739,114.776,114.73,114.775,150,11,0
2026-08-16 23:15:00,114.773,114.805,114.764,114.764,95,11,0
2026-08-16 23:30:00,114.763,114.777,114.75,114.756,80,11,0
2026-08-16 23:45:00,114.757,114.795,114.757,114.779,116,11,0
2026-08-17 00:00:00,114.777,114.801,114.753,114.772,328,11,0
2026-08-17 00:15:00,114.771,114.771,114.705,114.743,219,11,0
2026-08-17 00:30:00,114.745,114.746,114.703,114.718,181,11,0
2026-08-17 00:45:00,114.717,114.728,114.664,114.674,417,11,0
2026-08-17 01:00:00,114.675,114.697,114.656,114.669,316,11,0
2026-08-17 01:15:00,114.67,114.679,114.656,114.669,181,11,0
2026-08-17 01:30:00,114.667,114.723,114.664,114.719,155,11,0
2026-08-17 01:45:00,114.721,114.726,114.7,114.706,123,11,0
2026-08-17 02:00:00,114.705,114.718,114.688,114.69,113,11,0
2026-08-17 02:15:00,114.692,114.694,114.634,114.675,253,11,0
2026-08-17 02:30:00,114.676,114.693,114.675,114.687,113,11,0
2026-08-17 02:45:00,114.685,114.686,114.669,114.679,84,11,0
2026-08-17 03:00:00,114.678,114.71,114.678,114.704,124,11,0
2026-08-17 03:15:00,114.702,114.722,114.695,114.72,63,11,0
2026-08-17 03:30:00,114.721,114.752,114.72,114.751,82,11,0
2026-08-17 03:45:00,114.753,114.763,114.733,114.742,81,11,0
2026-08-17 04:00:00,114.744,114.751,114.732,114.744,98,11,0
2026-08-17 04:15:00,114.743,114.764,114.738,114.761,79,11,0
2026-08-17 04:30:00,114.763,114.769,114.728,114.738,85,11,0
2026-08-17 04:45:00,114.74,114.774,114.732,114.771,84,11,0
2026-08-17 05:00:00,114.77,114.773,114.758,114.767,84,11,0
2026-08-17 05:15:00,114.766,114.77,114.729,114.745,145,11,0
2026-08-17 05:30:00,114.743,114.762,114.685,114.723,217,11,0
2026-08-17 05:45:00,114.724,114.761,114.724,114.757,194,11,0
2026-08-17 06:00:00,114.758,114.759,114.714,114.743,231,11,0
2026-08-17 06:15:00,114.746,114.755,114.725,114.73,212,11,0
2026-08-17 06:30:00,114.731,114.741,114.714,114.715,165,11,0
2026-08-17 06:45:00,114.714,114.716,114.672,114.704,258,11,0
2026-08-17 07:00:00,114.702,114.724,114.634,114.67,330,11,0
2026-08-17 07:15:00,114.671,114.711,114.642,114.681,273,11,0
2026-08-17 07:30:00,114.683,114.706,114.664,114.685,340,11,0
2026-08-17 07:45:00,114.686,114.745,114.686,114.707,266,11,0
2026-08-17 08:00:00,114.709,114.742,114.705,114.724,218,11,0
2026-08-17 08:15:00,114.723,114.769,114.723,114.737,209,11,0
2026-08-17 08:30:00,114.735,114.82,114.729,114.81,252,11,0
2026-08-17 08:45:00,114.809,114.841,114.768,114.827,320,11,0
2026-08-17 09:00:00,114.828,114.862,114.811,114.811,259,11,0
2026-08-17 09:15:00,114.808,114.847,114.797,114.84,208,11,0
2026-08-17 09:30:00,114.842,114.861,114.831,114.847,150,11,0
2026-08-17 09:45:00,114.846,114.878,114.841,114.864,158,11,0
2026-08-17 10:00:00,114.863,114.877,114.854,114.869,167,11,0
2026-08-17 10:15:00,114.867,114.884,114.814,114.814,248,11,0
2026-08-17 10:30:00,114.816,114.863,114.813,114.845,336,11,0
2026-08-17 10:45:00,114.847,114.863,114.843,114.848,157,11,0
2026-08-17 11:00:00,114.849,114.863,114.834,114.858,175,11,0
2026-08-17 11:15:00,114.859,114.888,114.855,114.878,164,11,0
2026-08-17 11:30:00,114.88,114.889,114.841,114.854,156,11,0
2026-08-17 11:45:00,114.855,114.884,114.842,114.877,169,11,0
2026-08-17 12:00:00,114.875,114.895,114.866,114.888,222,11,0
2026-08-17 12:15:00,114.89,114.956,114.882,114.928,315,11,0
2026-08-17 12:30:00,114.926,114.98,114.922,114.972,308,11,0
2026-08-17 12:45:00,114.971,114.984,114.952,114.966,216,11,0
2026-08-17 13:00:00,114.968,114.971,114.914,114.937,263,11,0
2026-08-17 13:15:00,114.936,114.958,114.919,114.958,224,11,0
2026-08-17 13:30:00,114.956,115.02,114.946,115.017,305,11,0
2026-08-17 13:45:00,115.019,115.026,114.961,114.974,329,11,0
2026-08-17 14:00:00,114.973,115.008,114.956,114.995,295,11,0
2026-08-17 14:15:00,114.994,115.007,114.945,114.965,300,11,0
2026-08-17 14:30:00,114.964,114.968,114.925,114.949,210,11,0
2026-08-17 14:45:00,114.948,114.948,114.859,114.859,408,11,0
2026-08-17 15:00:00,114.861,114.888,114.853,114.861,302,11,0
2026-08-17 15:15:00,114.863,114.881,114.86,114.876,172,11,0
2026-08-17 15:30:00,114.878,114.926,114.874,114.896,210,11,0
2026-08-17 15:45:00,114.895,114.923,114.895,114.897,201,11,0
2026-08-17 16:00:00,114.895,114.915,114.881,114.882,146,11,0
2026-08-17 16:15:00,114.881,114.912,114.881,114.909,127,11,0
2026-08-17 16:30:00,114.912,114.915,114.891,114.892,88,11,0
2026-08-17 16:45:00,114.893,114.919,114.893,114.902,97,11,0
2026-08-17 17:00:00,114.904,114.904,114.885,114.901,117,11,0
2026-08-17 17:15:00,114.899,114.973,114.898,114.967,142,11,0
2026-08-17 17:30:00,114.968,114.991,114.958,114.963,159,11,0
2026-08-17 17:45:00,114.961,114.994,114.952,114.986,107,11,0
2026-08-17 18:00:00,114.984,115.011,114.982,114.99,122,11,0
2026-08-17 18:15:00,114.989,115.035,114.989,115.02,184,11,0
2026-08-17 18:30:00,115.022,115.026,114.985,114.997,157,11,0
2026-08-17 18:45:00,114.996,115.022,114.989,115.01,164,11,0
2026-08-17 19:00:00,115.008,115.008,114.959,114.963,151,11,0
2026-08-17 19:15:00,114.961,114.967,114.926,114.927,148,11,0
2026-08-17 19:30:00,114.93,114.935,114.912,114.928,134,11,0
2026-08-17 19:45:00,114.93,114.952,114.926,114.937,116,11,0
2026-08-17 20:00:00,114.936,114.968,114.924,114.954,96,11,0
2026-08-17 20:15:00,114.955,114.955,114.929,114.947,73,11,0
2026-08-17 20:30:00,114.949,114.962,114.924,114.928,49,11,0
2026-08-17 20:45:00,114.929,114.94,114.914,114.921,115,11,0
2026-08-17 21:00:00,114.922,114.929,114.922,114.926,22,38,0
2026-08-17 21:15:00,114.927,114.927,114.869,114.874,66,38,0
2026-08-17 21:30:00,114.872,114.875,114.855,114.863,80,83,0
2026-08-17 21:45:00,114.866,114.894,114.858,114.888,65,46,0
2026-08-17 22:00:00,114.88,114.93,114.867,114.928,62,36,0
2026-08-17 22:15:00,114.927,114.927,114.89,114.899,59,33,0
2026-08-17 22:30:00,114.897,114.917,114.894,114.913,40,31,0
2026-08-17 22:45:00,114.912,114.912,114.897,114.905,26,30,0
2026-08-17 23:00:00,114.915,114.919,114.884,114.9,80,11,0
2026-08-17 23:15:00,114.901,114.901,114.888,114.888,30,11,0
2026-08-17 23:30:00,114.886,114.886,114.856,114.859,64,11,0
2026-08-17 23:45:00,114.858,114.889,114.854,114.869,73,11,0
2026-08-18 00:00:00,114.871,114.921,114.864,114.913,214,11,0
2026-08-18 00:15:00,114.911,114.928,114.907,114.918,187,11,0
2026-08-18 00:30:00,114.919,114.979,114.917,114.979,158,11,0
2026-08-18 00:45:00,114.98,115.0,114.938,114.943,320,11,0
2026-08-18 01:00:00,114.945,114.979,114.932,114.939,235,11,0
2026-08-18 01:15:00,114.941,114.954,114.912,114.945,202,11,0
2026-08-18 01:30:00,114.947,114.965,114.935,114.939,116,11,0
2026-08-18 01:45:00,114.94,114.993,114.928,114.991,137,11,0
2026-08-18 02:00:00,114.989,115.009,114.982,115.002,138,11,0
2026-08-18 02:15:00,115.0,115.001,114.97,114.979,111,11,0
2026-08-18 02:30:00,114.978,115.013,114.975,115.012,111,11,0
2026-08-18 02:45:00,115.011,115.017,114.996,114.996,71,11,0
2026-08-18 03:00:00,114.997,115.016,114.997,115.012,81,11,0
2026-08-18 03:15:00,115.01,115.016,114.993,115.011,95,11,0
2026-08-18 03:30:00,115.013,115.033,114.995,115.033,115,11,0
2026-08-18 03:45:00,115.032,115.032,114.992,115.012,139,11,0
2026-08-18 04:00:00,115.014,115.079,115.011,115.064,280,11,0
2026-08-18 04:15:00,115.062,115.112,115.058,115.101,211,11,0
2026-08-18 04:30:00,115.102,115.123,115.096,115.099,166,11,0
2026-08-18 04:45:00,115.101,115.103,115.082,115.086,110,11,0
2026-08-18 05:00:00,115.084,115.099,115.076,115.091,123,11,0
2026-08-18 05:15:00,115.093,115.095,115.06,115.069,99,11,0
2026-08-18 05:30:00,115.067,115.083,115.067,115.071,104,11,0
2026-08-18 05:45:00,115.069,115.074,115.044,115.067,127,11,0
2026-08-18 06:00:00,115.066,115.143,115.065,115.122,247,11,0
2026-08-18 06:15:00,115.125,115.178,115.123,115.162,207,11,0
2026-08-18 06:30:00,115.163,115.192,115.148,115.154,291,11,0
2026-08-18 06:45:00,115.157,115.168,115.123,115.133,224,11,0
2026-08-18 07:00:00,115.135,115.167,115.134,115.159,335,11,0
2026-08-18 07:15:00,115.16,115.172,115.135,115.162,287,11,0
2026-08-18 07:30:00,115.164,115.195,115.164,115.174,231,11,0
2026-08-18 07:45:00,115.175,115.193,115.161,115.192,207,11,0
2026-08-18 08:00:00,115.19,115.199,115.147,115.178,261,11,0
2026-08-18 08:15:00,115.179,115.19,115.152,115.168,137,11,0
2026-08-18 08:30:00,115.169,115.177,115.117,115.117,193,11,0
2026-08-18 08:45:00,115.119,115.143,115.11,115.14,192,11,0
2026-08-18 09:00:00,115.141,115.158,115.136,115.143,182,11,0
2026-08-18 09:15:00,115.141,115.151,115.114,115.123,206,11,0
2026-08-18 09:30:00,115.122,115.142,115.103,115.112,210,11,0
2026-08-18 09:45:00,115.113,115.116,115.085,115.101,157,11,0
2026-08-18 10:00:00,115.1,115.12,115.074,115.12,190,11,0
2026-08-18 10:15:00,115.118,115.148,115.114,115.14,145,11,0
2026-08-18 10:30:00,115.138,115.145,115.1,115.117,166,11,0
2026-08-18 10:45:00,115.119,115.133,115.113,115.123,176,11,0
2026-08-18 11:00:00,115.126,115.129,115.113,115.118,124,11,0
2026-08-18 11:15:00,115.117,115.137,115.105,115.125,119,11,0
2026-08-18 11:30:00,115.126,115.133,115.088,115.096,179,11,0
2026-08-18 11:45:00,115.098,115.108,115.089,115.102,163,11,0
2026-08-18 12:00:00,115.1,115.111,115.08,115.08,242,11,0
2026-08-18 12:15:00,115.079,115.095,115.07,115.085,243,11,0
2026-08-18 12:30:00,115.084,115.126,115.078,115.107,190,11,0
2026-08-18 12:45:00,115.108,115.134,115.075,115.083,267,11,0
2026-08-18 13:00:00,115.08,115.114,115.077,115.101,250,11,0
2026-08-18 13:15:00,115.103,115.126,115.095,115.114,255,11,0
2026-08-18 13:30:00,115.113,115.134,115.041,115.055,443,11,0
2026-08-18 13:45:00,115.054,115.054,114.974,115.015,373,11,0
2026-08-18 14:00:00,115.014,115.023,114.945,115.013,462,11,0
2026-08-18 14:15:00,115.011,115.014,114.95,114.96,309,11,0
2026-08-18 14:30:00,114.959,114.982,114.935,114.951,334,11,0
2026-08-18 14:45:00,114.953,114.97,114.881,114.901,693,11,0
2026-08-18 15:00:00,114.899,114.923,114.868,114.903,424,11,0
2026-08-18 15:15:00,114.904,114.914,114.862,114.902,326,11,0
2026-08-18 15:30:00,114.904,114.938,114.891,114.902,237,11,0
2026-08-18 15:45:00,114.903,114.905,114.874,114.894,190,11,0
2026-08-18 16:00:00,114.893,114.893,114.86,114.866,170,11,0
2026-08-18 16:15:00,114.864,114.868,114.846,114.852,153,11,0
2026-08-18 16:30:00,114.851,114.87,114.839,114.84,119,11,0
2026-08-18 16:45:00,114.841,114.848,114.825,114.825,127,11,0
2026-08-18 17:00:00,114.826,114.839,114.809,114.819,143,11,0
2026-08-18 17:15:00,114.821,114.828,114.809,114.809,89,11,0
2026-08-18 17:30:00,114.81,114.814,114.793,114.814,119,11,0
2026-08-18 17:45:00,114.812,114.812,114.789,114.79,68,11,0
2026-08-18 18:00:00,114.789,114.795,114.77,114.774,95,11,0
2026-08-18 18:15:00,114.775,114.779,114.753,114.763,79,11,0
2026-08-18 18:30:00,114.764,114.776,114.751,114.756,97,11,0
2026-08-18 18:45:00,114.757,114.78,114.757,114.774,94,11,0
2026-08-18 19:00:00,114.772,114.863,114.757,114.837,333,11,0
2026-08-18 19:15:00,114.839,114.861,114.832,114.849,177,11,0
2026-08-18 19:30:00,114.852,114.869,114.837,114.86,151,11,0
2026-08-18 19:45:00,114.859,114.879,114.846,114.857,173,11,0
2026-08-18 20:00:00,114.855,114.877,114.855,114.859,87,11,0
2026-08-18 20:15:00,114.858,114.865,114.841,114.865,80,11,0
2026-08-18 20:30:00,114.867,114.88,114.866,114.875,54,11,0
2026-08-18 20:45:00,114.876,114.879,114.852,114.853,103,11,0
2026-08-18 21:00:00,114.854,114.865,114.853,114.863,20,38,0
2026-08-18 21:15:00,114.863,114.865,114.854,114.854,55,38,0
2026-08-18 21:30:00,114.853,114.869,114.853,114.867,77,28,0
2026-08-18 21:45:00,114.867,114.871,114.856,114.87,29,22,0
2026-08-18 22:00:00,114.863,114.867,114.828,114.867,64,30,0
2026-08-18 22:15:00,114.864,114.867,114.838,114.842,65,29,0
2026-08-18 22:30:00,114.843,114.844,114.828,114.835,48,29,0
2026-08-18 22:45:00,114.839,114.842,114.819,114.82,20,28,0
2026-08-18 23:00:00,114.829,114.832,114.799,114.81,115,11,0
2026-08-18 23:15:00,114.812,114.812,114.798,114.798,72,11,0
2026-08-18 23:30:00,114.797,114.815,114.79,114.808,119,11,0
2026-08-18 23:45:00,114.807,114.816,114.78,114.795,110,11,0
2026-08-19 00:00:00,114.793,114.793,114.734,114.752,359,11,0
2026-08-19 00:15:00,114.754,114.783,114.751,114.781,184,11,0
2026-08-19 00:30:00,114.779,114.781,114.721,114.734,212,11,0
2026-08-19 00:45:00,114.733,114.736,114.685,114.701,400,11,0
2026-08-19 01:00:00,114.699,114.719,114.678,114.696,251,11,0
2026-08-19 01:15:00,114.693,114.721,114.682,114.699,187,11,0
2026-08-19 01:30:00,114.698,114.723,114.69,114.723,139,11,0
2026-08-19 01:45:00,114.722,114.739,114.718,114.722,109,11,0
2026-08-19 02:00:00,114.725,114.736,114.711,114.715,146,11,0
2026-08-19 02:15:00,114.717,114.874,114.717,114.802,891,11,0
2026-08-19 02:30:00,114.803,114.833,114.778,114.805,291,11,0
2026-08-19 02:45:00,114.806,114.831,114.797,114.828,204,11,0
2026-08-19 03:00:00,114.831,114.87,114.827,114.867,125,11,0
2026-08-19 03:15:00,114.865,114.865,114.845,114.85,96,11,0
2026-08-19 03:30:00,114.849,114.871,114.842,114.844,129,11,0
2026-08-19 03:45:00,114.845,114.859,114.829,114.83,89,11,0
2026-08-19 04:00:00,114.831,114.847,114.828,114.839,108,11,0
2026-08-19 04:15:00,114.837,114.848,114.794,114.796,129,11,0
2026-08-19 04:30:00,114.794,114.81,114.733,114.804,321,11,0
2026-08-19 04:45:00,114.805,114.805,114.753,114.783,204,11,0
2026-08-19 05:00:00,114.784,114.788,114.751,114.759,163,11,0
2026-08-19 05:15:00,114.758,114.761,114.718,114.748,183,11,0
2026-08-19 05:30:00,114.745,114.745,114.71,114.736,222,11,0
2026-08-19 05:45:00,114.738,114.773,114.717,114.762,233,11,0
2026-08-19 06:00:00,114.759,114.764,114.717,114.735,226,11,0
2026-08-19 06:15:00,114.734,114.74,114.689,114.697,346,11,0
2026-08-19 06:30:00,114.695,114.717,114.658,114.717,283,11,0
2026-08-19 06:45:00,114.716,114.748,114.705,114.736,276,11,0
2026-08-19 07:00:00,114.734,114.773,114.719,114.736,375,11,0
2026-08-19 07:15:00,114.734,114.769,114.692,114.716,282,11,0
2026-08-19 07:30:00,114.715,114.722,114.68,114.708,291,11,0
2026-08-19 07:45:00,114.706,114.732,114.695,114.716,249,11,0
2026-08-19 08:00:00,114.713,114.72,114.673,114.682,354,11,0
2026-08-19 08:15:00,114.684,114.687,114.622,114.625,293,11,0
2026-08-19 08:30:00,114.623,114.625,114.588,114.604,242,11,0
2026-08-19 08:45:00,114.606,114.693,114.603,114.69,217,11,0
2026-08-19 09:00:00,114.693,114.778,114.691,114.778,243,11,0
2026-08-19 09:15:00,114.777,114.797,114.73,114.742,235,11,0
2026-08-19 09:30:00,114.741,114.741,114.681,114.717,300,11,0
2026-08-19 09:45:00,114.718,114.728,114.681,114.686,277,11,0
2026-08-19 10:00:00,114.688,114.717,114.663,114.693,269,11,0
2026-08-19 10:15:00,114.691,114.703,114.662,114.7,255,11,0
2026-08-19 10:30:00,114.698,114.741,114.686,114.717,222,11,0
2026-08-19 10:45:00,114.716,114.718,114.687,114.701,189,11,0
2026-08-19 11:00:00,114.699,114.731,114.699,114.717,260,11,0
2026-08-19 11:15:00,114.715,114.716,114.656,114.671,233,11,0
2026-08-19 11:30:00,114.672,114.718,114.668,114.702,211,11,0
2026-08-19 11:45:00,114.703,114.708,114.673,114.705,255,11,0
2026-08-19 12:00:00,114.707,114.713,114.668,114.711,237,11,0
2026-08-19 12:15:00,114.709,114.709,114.599,114.656,467,11,0
2026-08-19 12:30:00,114.655,114.657,114.081,114.299,3939,11,0
2026-08-19 12:45:00,114.3,114.423,114.251,114.421,1644,11,0
2026-08-19 13:00:00,114.42,114.487,114.396,114.439,1322,11,0
2026-08-19 13:15:00,114.438,114.544,114.427,114.499,1017,11,0
2026-08-19 13:30:00,114.497,114.628,114.472,114.626,1040,11,0
2026-08-19 13:45:00,114.628,114.651,114.575,114.631,1133,11,0
2026-08-19 14:00:00,114.629,114.682,114.585,114.638,856,11,0
2026-08-19 14:15:00,114.64,114.647,114.577,114.632,818,11,0
2026-08-19 14:30:00,114.633,114.633,114.475,114.536,1274,11,0
2026-08-19 14:45:00,114.537,114.656,114.505,114.63,897,11,0
2026-08-19 15:00:00,114.632,114.72,114.62,114.641,719,11,0
2026-08-19 15:15:00,114.64,114.73,114.602,114.689,691,11,0
2026-08-19 15:30:00,114.691,114.692,114.619,114.629,518,11,0
2026-08-19 15:45:00,114.631,114.654,114.586,114.643,548,11,0
2026-08-19 16:00:00,114.641,114.695,114.639,114.661,494,11,0
2026-08-19 16:15:00,114.663,114.705,114.649,114.671,311,11,0
2026-08-19 16:30:00,114.669,114.694,114.658,114.685,214,11,0
2026-08-19 16:45:00,114.687,114.687,114.634,114.667,321,11,0
2026-08-19 17:00:00,114.669,114.734,114.657,114.709,347,11,0
2026-08-19 17:15:00,114.71,114.726,114.676,114.702,184,11,0
2026-08-19 17:30:00,114.703,114.719,114.686,114.694,212,11,0
2026-08-19 17:45:00,114.695,114.732,114.684,114.727,272,11,0
2026-08-19 18:00:00,114.725,114.736,114.65,114.67,595,11,0
2026-08-19 18:15:00,114.671,114.704,114.669,114.694,289,11,0
2026-08-19 18:30:00,114.692,114.693,114.584,114.621,315,11,0
2026-08-19 18:45:00,114.623,114.64,114.604,114.637,303,11,0
2026-08-19 19:00:00,114.639,114.663,114.608,114.608,247,11,0
2026-08-19 19:15:00,114.606,114.61,114.489,114.499,326,11,0
2026-08-19 19:30:00,114.497,114.572,114.494,114.572,463,11,0
2026-08-19 19:45:00,114.573,114.585,114.483,114.506,502,11,0
2026-08-19 20:00:00,114.507,114.514,114.472,114.506,217,11,0
2026-08-19 20:15:00,114.509,114.553,114.507,114.549,118,11,0
2026-08-19 20:30:00,114.548,114.57,114.522,114.531,167,11,0
2026-08-19 20:45:00,114.529,114.552,114.518,114.518,162,11,0
2026-08-19 21:00:00,114.519,114.524,114.518,114.522,32,38,0
2026-08-19 21:15:00,114.521,114.534,114.517,114.524,60,11,0
2026-08-19 21:30:00,114.527,114.534,114.524,114.534,61,11,0
2026-08-19 21:45:00,114.535,114.535,114.525,114.532,38,10,0
2026-08-19 22:00:00,114.526,114.526,114.455,114.474,104,23,0
2026-08-19 22:15:00,114.472,114.481,114.462,114.481,42,29,0
2026-08-19 22:30:00,114.482,114.528,114.482,114.523,74,29,0
2026-08-19 22:45:00,114.521,114.568,114.52,114.562,80,29,0
2026-08-19 23:00:00,114.571,114.613,114.571,114.602,188,11,0
2026-08-19 23:15:00,114.605,114.611,114.578,114.591,128,11,0
2026-08-19 23:30:00,114.589,114.615,114.583,114.605,111,11,0
2026-08-19 23:45:00,114.608,114.613,114.59,114.603,134,11,0
2026-08-20 00:00:00,114.601,114.701,114.586,114.691,673,11,0
2026-08-20 00:15:00,114.689,114.707,114.656,114.687,364,11,0
2026-08-20 00:30:00,114.686,114.71,114.669,114.708,260,11,0
2026-08-20 00:45:00,114.71,114.737,114.686,114.713,375,11,0
2026-08-20 01:00:00,114.714,114.784,114.709,114.77,372,11,0
2026-08-20 01:15:00,114.768,114.788,114.756,114.764,275,11,0
2026-08-20 01:30:00,114.762,114.826,114.723,114.819,354,11,0
2026-08-20 01:45:00,114.822,114.872,114.815,114.872,324,11,0
2026-08-20 02:00:00,114.87,114.872,114.718,114.834,888,11,0
2026-08-20 02:15:00,114.833,114.836,114.77,114.775,244,11,0
2026-08-20 02:30:00,114.774,114.775,114.736,114.757,191,11,0
2026-08-20 02:45:00,114.755,114.778,114.737,114.755,158,11,0
2026-08-20 03:00:00,114.753,114.794,114.745,114.749,170,11,0
2026-08-20 03:15:00,114.751,114.79,114.736,114.78,151,11,0
2026-08-20 03:30:00,114.779,114.838,114.777,114.826,174,11,0
2026-08-20 03:45:00,114.828,114.841,114.809,114.823,136,11,0
2026-08-20 04:00:00,114.821,114.873,114.815,114.863,139,11,0
2026-08-20 04:15:00,114.864,114.876,114.852,114.861,134,11,0
2026-08-20 04:30:00,114.859,114.892,114.854,114.885,133,11,0
2026-08-20 04:45:00,114.887,114.943,114.836,114.892,328,11,0
2026-08-20 05:00:00,114.893,114.926,114.885,114.905,244,11,0
2026-08-20 05:15:00,114.903,114.966,114.894,114.966,195,11,0
2026-08-20 05:30:00,114.968,115.021,114.962,115.012,237,11,0
2026-08-20 05:45:00,115.01,115.016,114.966,114.986,245,11,0
2026-08-20 06:00:00,114.984,114.984,114.933,114.95,338,11,0
2026-08-20 06:15:00,114.949,114.95,114.875,114.91,438,11,0
2026-08-20 06:30:00,114.913,114.928,114.876,114.886,333,11,0
2026-08-20 06:45:00,114.887,114.921,114.845,114.847,387,11,0
2026-08-20 07:00:00,114.846,114.864,114.802,114.863,493,11,0
2026-08-20 07:15:00,114.866,114.997,114.866,114.986,361,11,0
2026-08-20 07:30:00,114.984,114.996,114.935,114.975,460,11,0
2026-08-20 07:45:00,114.974,115.017,114.963,114.98,385,11,0
2026-08-20 08:00:00,114.982,115.019,114.972,114.994,388,11,0
2026-08-20 08:15:00,114.995,115.081,114.979,115.081,365,11,0
2026-08-20 08:30:00,115.079,115.098,115.042,115.087,459,11,0
2026-08-20 08:45:00,115.085,115.118,115.074,115.107,309,11,0
2026-08-20 09:00:00,115.105,115.105,115.029,115.065,373,11,0
2026-08-20 09:15:00,115.066,115.074,114.966,115.0,599,11,0
2026-08-20 09:30:00,114.999,115.006,114.95,114.97,439,11,0
2026-08-20 09:45:00,114.969,115.063,114.968,115.046,339,11,0
2026-08-20 10:00:00,115.047,115.059,115.011,115.035,381,11,0
2026-08-20 10:15:00,115.036,115.084,115.031,115.063,240,11,0
2026-08-20 10:30:00,115.064,115.066,115.02,115.04,286,11,0
2026-08-20 10:45:00,115.042,115.14,115.042,115.109,286,11,0
2026-08-20 11:00:00,115.112,115.226,115.112,115.223,373,11,0
2026-08-20 11:15:00,115.225,115.238,115.187,115.198,318,11,0
2026-08-20 11:30:00,115.197,115.24,115.174,115.238,366,11,0
2026-08-20 11:45:00,115.236,115.27,115.219,115.24,410,11,0
2026-08-20 12:00:00,115.241,115.323,115.237,115.284,569,11,0
2026-08-20 12:15:00,115.286,115.287,115.159,115.181,564,11,0
2026-08-20 12:30:00,115.185,115.227,115.147,115.149,467,11,0
2026-08-20 12:45:00,115.148,115.157,115.092,115.15,568,11,0
2026-08-20 13:00:00,115.148,115.214,115.119,115.204,603,11,0
2026-08-20 13:15:00,115.207,115.226,115.173,115.196,429,11,0
2026-08-20 13:30:00,115.195,115.249,115.153,115.205,851,11,0
2026-08-20 13:45:00,115.206,115.249,115.199,115.244,566,11,0
2026-08-20 14:00:00,115.247,115.297,115.225,115.244,511,11,0
2026-08-20 14:15:00,115.246,115.265,115.185,115.19,519,11,0
2026-08-20 14:30:00,115.191,115.225,115.174,115.189,449,11,0
2026-08-20 14:45:00,115.187,115.225,115.164,115.179,565,11,0
2026-08-20 15:00:00,115.18,115.223,115.06,115.222,1508,11,0
2026-08-20 15:15:00,115.219,115.293,115.218,115.271,391,11,0
2026-08-20 15:30:00,115.269,115.313,115.246,115.291,436,11,0
2026-08-20 15:45:00,115.292,115.313,115.261,115.271,381,11,0
2026-08-20 16:00:00,115.268,115.318,115.259,115.318,235,11,0
2026-08-20 16:15:00,115.32,115.384,115.313,115.372,377,11,0
2026-08-20 16:30:00,115.374,115.38,115.315,115.315,294,11,0
2026-08-20 16:45:00,115.316,115.325,115.285,115.298,201,11,0
2026-08-20 17:00:00,115.297,115.312,115.274,115.31,173,11,0
2026-08-20 17:15:00,115.311,115.358,115.306,115.342,169,11,0
2026-08-20 17:30:00,115.344,115.385,115.344,115.363,160,11,0
2026-08-20 17:45:00,115.364,115.381,115.357,115.366,159,11,0
2026-08-20 18:00:00,115.364,115.402,115.355,115.39,239,11,0
2026-08-20 18:15:00,115.393,115.432,115.383,115.429,196,11,0
2026-08-20 18:30:00,115.427,115.434,115.4,115.409,151,11,0
2026-08-20 18:45:00,115.407,115.422,115.39,115.413,182,11,0
2026-08-20 19:00:00,115.414,115.436,115.383,115.392,182,11,0
2026-08-20 19:15:00,115.39,115.412,115.374,115.407,171,11,0
2026-08-20 19:30:00,115.408,115.408,115.372,115.375,167,11,0
2026-08-20 19:45:00,115.376,115.41,115.356,115.358,251,11,0
2026-08-20 20:00:00,115.36,115.388,115.355,115.384,155,11,0
2026-08-20 20:15:00,115.383,115.396,115.377,115.394,71,11,0
2026-08-20 20:30:00,115.393,115.393,115.373,115.386,95,11,0
2026-08-20 20:45:00,115.384,115.399,115.35,115.353,141,11,0
2026-08-20 21:00:00,115.352,115.355,115.349,115.353,24,38,0
2026-08-20 21:15:00,115.354,115.364,115.353,115.363,39,20,0
2026-08-20 21:30:00,115.364,115.365,115.36,115.36,48,13,0
2026-08-20 21:45:00,115.362,115.366,115.359,115.366,66,21,0
2026-08-20 22:00:00,115.363,115.363,115.343,115.349,43,27,0
2026-08-20 22:15:00,115.351,115.353,115.303,115.322,51,29,0
2026-08-20 22:30:00,115.326,115.338,115.322,115.334,51,29,0
2026-08-20 22:45:00,115.333,115.333,115.302,115.31,70,29,0
2026-08-20 23:00:00,115.32,115.324,115.301,115.304,134,11,0
2026-08-20 23:15:00,115.305,115.308,115.282,115.301,94,11,0
2026-08-20 23:30:00,115.3,115.321,115.274,115.298,153,11,0
2026-08-20 23:45:00,115.296,115.317,115.277,115.291,169,11,0
2026-08-21 00:00:00,115.292,115.384,115.28,115.377,441,11,0
2026-08-21 00:15:00,115.379,115.404,115.345,115.396,269,11,0
2026-08-21 00:30:00,115.398,115.466,115.398,115.461,255,11,0
2026-08-21 00:45:00,115.459,115.489,115.446,115.471,424,11,0
2026-08-21 01:00:00,115.473,115.49,115.444,115.452,329,11,0
2026-08-21 01:15:00,115.453,115.462,115.387,115.415,299,11,0
2026-08-21 01:30:00,115.413,115.43,115.389,115.43,254,11,0
2026-08-21 01:45:00,115.431,115.431,115.401,115.414,186,11,0
2026-08-21 02:00:00,115.411,115.452,115.402,115.436,205,11,0
2026-08-21 02:15:00,115.438,115.48,115.438,115.48,255,11,0
2026-08-21 02:30:00,115.479,115.479,115.431,115.459,224,11,0
2026-08-21 02:45:00,115.461,115.503,115.454,115.495,173,11,0
2026-08-21 03:00:00,115.492,115.517,115.49,115.504,99,11,0
2026-08-21 03:15:00,115.505,115.524,115.491,115.516,127,11,0
2026-08-21 03:30:00,115.517,115.572,115.515,115.544,141,11,0
2026-08-21 03:45:00,115.545,115.557,115.506,115.51,111,11,0
2026-08-21 04:00:00,115.511,115.52,115.485,115.505,139,11,0
2026-08-21 04:15:00,115.508,115.533,115.5,115.522,85,11,0
2026-08-21 04:30:00,115.52,115.548,115.52,115.534,90,11,0
2026-08-21 04:45:00,115.533,115.548,115.498,115.502,103,11,0
2026-08-21 05:00:00,115.504,115.509,115.486,115.504,122,11,0
2026-08-21 05:15:00,115.502,115.524,115.502,115.518,104,11,0
2026-08-21 05:30:00,115.516,115.516,115.444,115.444,230,11,0
2026-08-21 05:45:00,115.446,115.469,115.422,115.434,285,11,0
2026-08-21 06:00:00,115.432,115.453,115.399,115.449,266,11,0
2026-08-21 06:15:00,115.447,115.49,115.441,115.49,228,11,0
2026-08-21 06:30:00,115.493,115.498,115.457,115.484,248,11,0
2026-08-21 06:45:00,115.485,115.492,115.452,115.471,271,11,0
2026-08-21 07:00:00,115.47,115.495,115.429,115.429,365,11,0
2026-08-21 07:15:00,115.427,115.447,115.418,115.438,254,11,0
2026-08-21 07:30:00,115.436,115.454,115.384,115.413,426,11,0
2026-08-21 07:45:00,115.411,115.437,115.354,115.431,425,11,0
2026-08-21 08:00:00,115.432,115.479,115.41,115.464,346,11,0
2026-08-21 08:15:00,115.466,115.473,115.407,115.408,398,11,0
2026-08-21 08:30:00,115.411,115.417,115.318,115.334,515,11,0
2026-08-21 08:45:00,115.335,115.381,115.307,115.322,525,11,0
2026-08-21 09:00:00,115.32,115.337,115.213,115.246,762,11,0
2026-08-21 09:15:00,115.245,115.281,115.245,115.263,450,11,0
2026-08-21 09:30:00,115.262,115.309,115.23,115.303,418,11,0
2026-08-21 09:45:00,115.302,115.365,115.301,115.351,263,11,0
2026-08-21 10:00:00,115.352,115.443,115.349,115.431,284,11,0
2026-08-21 10:15:00,115.428,115.428,115.376,115.387,261,11,0
2026-08-21 10:30:00,115.388,115.463,115.388,115.459,233,11,0
2026-08-21 10:45:00,115.457,115.512,115.455,115.49,338,11,0
2026-08-21 11:00:00,115.491,115.533,115.478,115.533,264,11,0
2026-08-21 11:15:00,115.531,115.533,115.395,115.408,685,11,0
2026-08-21 11:30:00,115.406,115.476,115.399,115.463,579,11,0
2026-08-21 11:45:00,115.465,115.517,115.464,115.51,277,11,0
2026-08-21 12:00:00,115.512,115.535,115.487,115.504,437,11,0
2026-08-21 12:15:00,115.506,115.553,115.502,115.508,340,11,0
2026-08-21 12:30:00,115.509,115.541,115.49,115.505,465,11,0
2026-08-21 12:45:00,115.504,115.529,115.484,115.492,312,11,0
2026-08-21 13:00:00,115.49,115.515,115.471,115.481,415,11,0
2026-08-21 13:15:00,115.479,115.562,115.477,115.551,373,11,0
2026-08-21 13:30:00,115.55,115.581,115.516,115.525,469,11,0
2026-08-21 13:45:00,115.528,115.554,115.474,115.476,478,11,0
2026-08-21 14:00:00,115.473,115.503,115.459,115.47,366,11,0
2026-08-21 14:15:00,115.471,115.482,115.441,115.453,346,11,0
2026-08-21 14:30:00,115.451,115.49,115.383,115.398,592,11,0
2026-08-21 14:45:00,115.401,115.459,115.366,115.41,608,11,0
2026-08-21 15:00:00,115.412,115.478,115.392,115.472,495,11,0
2026-08-21 15:15:00,115.47,115.485,115.453,115.458,352,11,0
2026-08-21 15:30:00,115.459,115.467,115.405,115.436,328,11,0
2026-08-21 15:45:00,115.437,115.455,115.418,115.44,250,11,0
2026-08-21 16:00:00,115.443,115.48,115.439,115.46,273,11,0
2026-08-21 16:15:00,115.458,115.465,115.391,115.445,371,11,0
2026-08-21 16:30:00,115.443,115.475,115.441,115.461,164,11,0
2026-08-21 16:45:00,115.46,115.481,115.452,115.48,140,11,0
2026-08-21 17:00:00,115.482,115.528,115.482,115.516,149,11,0
2026-08-21 17:15:00,115.514,115.558,115.513,115.545,169,11,0
2026-08-21 17:30:00,115.547,115.576,115.547,115.569,129,11,0
2026-08-21 17:45:00,115.567,115.567,115.541,115.548,89,11,0
2026-08-21 18:00:00,115.547,115.556,115.542,115.544,71,11,0
2026-08-21 18:15:00,115.545,115.558,115.54,115.553,89,11,0
2026-08-21 18:30:00,115.555,115.575,115.531,115.545,90,11,0
2026-08-21 18:45:00,115.544,115.559,115.538,115.555,116,11,0
2026-08-21 19:00:00,115.556,115.561,115.532,115.542,129,11,0
2026-08-21 19:15:00,115.541,115.544,115.511,115.516,92,11,0
2026-08-21 19:30:00,115.515,115.525,115.503,115.508,90,11,0
2026-08-21 19:45:00,115.509,115.513,115.477,115.477,115,11,0
2026-08-21 20:00:00,115.478,115.497,115.476,115.496,87,11,0
2026-08-21 20:15:00,115.493,115.519,115.483,115.514,97,11,0
2026-08-21 20:30:00,115.516,115.516,115.495,115.495,84,11,0
2026-08-21 20:45:00,115.497,115.509,115.445,115.472,258,11,0
2026-08-23 21:00:00,115.07,115.077,115.07,115.075,8,43,0
2026-08-23 21:15:00,115.073,115.073,114.925,114.977,96,43,0
2026-08-23 21:30:00,114.959,115.065,114.818,115.063,349,41,0
2026-08-23 21:45:00,115.065,115.159,115.019,115.087,188,32,0
2026-08-23 22:00:00,115.087,115.214,115.071,115.186,186,44,0
2026-08-23 22:15:00,115.192,115.221,115.179,115.201,71,42,0
2026-08-23 22:30:00,115.202,115.252,115.202,115.222,85,42,0
2026-08-23 22:45:00,115.224,115.23,115.206,115.221,56,41,0
2026-08-23 23:00:00,115.236,115.25,115.226,115.246,95,11,0
2026-08-23 23:15:00,115.245,115.251,115.234,115.242,83,11,0
2026-08-23 23:30:00,115.24,115.243,115.208,115.226,107,11,0
2026-08-23 23:45:00,115.228,115.237,115.184,115.188,147,11,0
2026-08-24 00:00:00,115.19,115.232,115.158,115.212,449,11,0
2026-08-24 00:15:00,115.214,115.216,115.158,115.17,333,11,0
2026-08-24 00:30:00,115.167,115.19,115.117,115.137,269,11,0
2026-08-24 00:45:00,115.135,115.188,115.112,115.123,471,11,0
2026-08-24 01:00:00,115.124,115.141,115.103,115.134,277,11,0
2026-08-24 01:15:00,115.136,115.195,115.133,115.192,304,11,0
2026-08-24 01:30:00,115.19,115.203,115.158,115.167,189,11,0
2026-08-24 01:45:00,115.165,115.18,115.142,115.157,163,11,0
2026-08-24 02:00:00,115.155,115.174,115.129,115.172,189,11,0
2026-08-24 02:15:00,115.171,115.19,115.156,115.19,152,11,0
2026-08-24 02:30:00,115.192,115.215,115.189,115.204,135,11,0
2026-08-24 02:45:00,115.202,115.203,115.181,115.191,118,11,0
2026-08-24 03:00:00,115.193,115.232,115.193,115.223,147,11,0
2026-08-24 03:15:00,115.222,115.233,115.217,115.221,106,11,0
2026-08-24 03:30:00,115.223,115.247,115.223,115.245,88,11,0
2026-08-24 03:45:00,115.247,115.255,115.234,115.238,108,11,0
2026-08-24 04:00:00,115.24,115.242,115.125,115.179,442,11,0
2026-08-24 04:15:00,115.178,115.192,115.135,115.155,236,11,0
2026-08-24 04:30:00,115.157,115.181,115.147,115.177,188,11,0
2026-08-24 04:45:00,115.176,115.203,115.155,115.158,140,11,0
2026-08-24 05:00:00,115.157,115.2,115.153,115.2,178,11,0
2026-08-24 05:15:00,115.198,115.2,115.18,115.18,127,11,0
2026-08-24 05:30:00,115.181,115.201,115.173,115.195,126,11,0
2026-08-24 05:45:00,115.197,115.202,115.165,115.167,130,11,0
2026-08-24 06:00:00,115.168,115.174,115.013,115.017,385,11,0
2026-08-24 06:15:00,115.019,115.037,115.009,115.035,330,11,0
2026-08-24 06:30:00,115.033,115.068,115.025,115.026,328,11,0
2026-08-24 06:45:00,115.029,115.07,115.011,115.07,439,11,0
2026-08-24 07:00:00,115.072,115.084,115.021,115.048,502,11,0
2026-08-24 07:15:00,115.05,115.09,115.024,115.09,385,11,0
2026-08-24 07:30:00,115.091,115.1,115.056,115.057,395,11,0
2026-08-24 07:45:00,115.058,115.071,115.0,115.027,353,11,0
2026-08-24 08:00:00,115.029,115.071,115.017,115.068,445,11,0
2026-08-24 08:15:00,115.066,115.084,115.043,115.064,264,11,0
2026-08-24 08:30:00,115.063,115.08,115.019,115.024,263,11,0
2026-08-24 08:45:00,115.023,115.034,114.987,115.002,247,11,0
2026-08-24 09:00:00,115.004,115.026,114.991,115.015,253,11,0
2026-08-24 09:15:00,115.013,115.081,115.004,115.05,237,11,0
2026-08-24 09:30:00,115.051,115.064,115.025,115.063,195,11,0
2026-08-24 09:45:00,115.065,115.104,115.061,115.09,210,11,0
2026-08-24 10:00:00,115.088,115.101,115.074,115.098,223,11,0
2026-08-24 10:15:00,115.096,115.096,115.05,115.08,269,11,0
2026-08-24 10:30:00,115.081,115.083,115.004,115.023,292,11,0
2026-08-24 10:45:00,115.022,115.051,115.004,115.031,244,11,0
2026-08-24 11:00:00,115.029,115.054,114.992,114.996,212,11,0
2026-08-24 11:15:00,114.998,115.027,114.984,115.0,187,11,0
2026-08-24 11:30:00,114.998,115.01,114.874,114.878,694,11,0
2026-08-24 11:45:00,114.88,114.908,114.861,114.883,370,11,0
2026-08-24 12:00:00,114.884,114.902,114.855,114.858,348,11,0
2026-08-24 12:15:00,114.86,114.873,114.817,114.862,508,11,0
2026-08-24 12:30:00,114.863,114.918,114.831,114.915,671,11,0
2026-08-24 12:45:00,114.914,114.962,114.889,114.956,337,11,0
2026-08-24 13:00:00,114.954,115.044,114.95,115.044,347,11,0
2026-08-24 13:15:00,115.043,115.087,115.04,115.083,321,11,0
2026-08-24 13:30:00,115.086,115.121,115.022,115.025,775,11,0
2026-08-24 13:45:00,115.028,115.079,115.022,115.066,578,11,0
2026-08-24 14:00:00,115.065,115.077,115.006,115.075,536,11,0
2026-08-24 14:15:00,115.074,115.104,115.027,115.074,369,11,0
2026-08-24 14:30:00,115.075,115.103,115.032,115.043,405,11,0
2026-08-24 14:45:00,115.041,115.057,114.972,115.029,577,11,0
2026-08-24 15:00:00,115.032,115.052,115.01,115.03,347,11,0
2026-08-24 15:15:00,115.028,115.051,115.002,115.01,422,11,0
2026-08-24 15:30:00,115.009,115.072,115.005,115.027,345,11,0
2026-08-24 15:45:00,115.025,115.025,114.971,115.001,317,11,0
2026-08-24 16:00:00,115.003,115.005,114.935,114.946,517,11,0
2026-08-24 16:15:00,114.944,114.948,114.901,114.915,178,11,0
2026-08-24 16:30:00,114.912,114.935,114.872,114.929,223,11,0
2026-08-24 16:45:00,114.927,114.933,114.87,114.87,204,11,0
2026-08-24 17:00:00,114.867,114.868,114.806,114.845,387,11,0
2026-08-24 17:15:00,114.844,114.86,114.835,114.837,297,11,0
2026-08-24 17:30:00,114.835,114.877,114.834,114.861,156,11,0
2026-08-24 17:45:00,114.862,114.873,114.846,114.856,154,11,0
2026-08-24 18:00:00,114.855,114.884,114.852,114.87,162,11,0
2026-08-24 18:15:00,114.873,114.9,114.868,114.9,144,11,0
2026-08-24 18:30:00,114.901,114.926,114.891,114.925,153,11,0
2026-08-24 18:45:00,114.927,114.94,114.915,114.93,190,11,0
2026-08-24 19:00:00,114.932,114.944,114.923,114.938,104,11,0
2026-08-24 19:15:00,114.94,114.976,114.94,114.956,124,11,0
2026-08-24 19:30:00,114.955,114.955,114.935,114.946,115,11,0
2026-08-24 19:45:00,114.947,114.965,114.933,114.956,177,11,0
2026-08-24 20:00:00,114.957,114.966,114.922,114.944,117,11,0
2026-08-24 20:15:00,114.946,114.956,114.93,114.944,69,11,0
2026-08-24 20:30:00,114.943,114.944,114.919,114.924,58,11,0
2026-08-24 20:45:00,114.926,114.93,114.893,114.9,150,11,0
2026-08-24 21:15:00,114.898,114.904,114.888,114.895,60,32,0
2026-08-24 21:30:00,114.893,114.898,114.875,114.894,87,31,0
2026-08-24 21:45:00,114.895,114.901,114.894,114.9,40,25,0
2026-08-24 22:00:00,114.894,114.907,114.849,114.905,60,32,0
2026-08-24 22:15:00,114.911,114.947,114.911,114.937,42,30,0
2026-08-24 22:30:00,114.939,114.939,114.92,114.925,38,29,0
2026-08-24 22:45:00,114.924,114.924,114.92,114.921,8,29,0
2026-08-24 23:00:00,114.93,114.939,114.905,114.915,69,11,0
2026-08-24 23:15:00,114.916,114.934,114.912,114.926,43,11,0
2026-08-24 23:30:00,114.925,114.968,114.923,114.967,102,11,0
2026-08-24 23:45:00,114.97,114.977,114.95,114.97,125,11,0
2026-08-25 00:00:00,114.973,114.976,114.92,114.942,308,11,0
2026-08-25 00:15:00,114.944,114.96,114.936,114.947,189,11,0
2026-08-25 00:30:00,114.945,114.96,114.926,114.94,190,11,0
2026-08-25 00:45:00,114.942,114.982,114.916,114.972,342,11,0
2026-08-25 01:00:00,114.97,114.981,114.927,114.927,200,11,0
2026-08-25 01:15:00,114.929,114.946,114.916,114.923,157,11,0
2026-08-25 01:30:00,114.922,114.965,114.922,114.942,122,11,0
2026-08-25 01:45:00,114.943,114.999,114.943,114.969,202,11,0
2026-08-25 02:00:00,114.971,115.007,114.959,114.976,196,11,0
2026-08-25 02:15:00,114.975,114.995,114.968,114.978,131,11,0
2026-08-25 02:30:00,114.981,115.017,114.98,115.007,129,11,0
2026-08-25 02:45:00,115.006,115.067,115.006,115.05,200,11,0
2026-08-25 03:00:00,115.051,115.057,115.036,115.048,162,11,0
2026-08-25 03:15:00,115.049,115.058,115.043,115.046,91,11,0
2026-08-25 03:30:00,115.044,115.058,115.028,115.028,106,11,0
2026-08-25 03:45:00,115.027,115.034,115.003,115.009,75,11,0
2026-08-25 04:00:00,115.008,115.013,114.999,115.005,95,11,0
2026-08-25 04:15:00,115.003,115.005,114.958,114.966,90,11,0
2026-08-25 04:30:00,114.964,114.964,114.909,114.914,219,11,0
2026-08-25 04:45:00,114.913,114.943,114.879,114.94,205,11,0
2026-08-25 05:00:00,114.938,114.97,114.927,114.957,145,11,0
2026-08-25 05:15:00,114.956,114.969,114.936,114.953,126,11,0
2026-08-25 05:30:00,114.955,114.987,114.951,114.956,123,11,0
2026-08-25 05:45:00,114.955,114.958,114.928,114.953,121,11,0
2026-08-25 06:00:00,114.954,114.962,114.907,114.943,198,11,0
2026-08-25 06:15:00,114.941,114.987,114.941,114.979,207,11,0
2026-08-25 06:30:00,114.981,114.993,114.952,114.975,263,11,0
2026-08-25 06:45:00,114.976,114.982,114.937,114.971,237,11,0
2026-08-25 07:00:00,114.968,115.008,114.963,114.99,326,11,0
2026-08-25 07:15:00,114.992,115.007,114.961,114.994,322,11,0
2026-08-25 07:30:00,114.992,114.997,114.956,114.987,294,11,0
2026-08-25 07:45:00,114.989,115.035,114.986,115.034,224,11,0
2026-08-25 08:00:00,115.035,115.064,115.027,115.063,235,11,0
2026-08-25 08:15:00,115.064,115.071,114.98,115.022,479,11,0
2026-08-25 08:30:00,115.02,115.028,114.968,114.968,362,11,0
2026-08-25 08:45:00,114.97,115.002,114.947,114.963,313,11,0
2026-08-25 09:00:00,114.964,114.975,114.922,114.934,394,11,0
2026-08-25 09:15:00,114.936,114.981,114.922,114.959,311,11,0
2026-08-25 09:30:00,114.958,114.984,114.935,114.978,435,11,0
2026-08-25 09:45:00,114.976,114.987,114.946,114.966,302,11,0
2026-08-25 10:00:00,114.967,114.976,114.925,114.928,233,11,0
2026-08-25 10:15:00,114.929,114.938,114.901,114.913,178,11,0
2026-08-25 10:30:00,114.911,114.946,114.898,114.944,184,11,0
2026-08-25 10:45:00,114.942,114.95,114.915,114.932,210,11,0
2026-08-25 11:00:00,114.933,114.965,114.924,114.943,245,11,0
2026-08-25 11:15:00,114.944,114.987,114.941,114.972,180,11,0
2026-08-25 11:30:00,114.971,114.978,114.953,114.975,197,11,0
2026-08-25 11:45:00,114.978,114.98,114.892,114.895,248,11,0
2026-08-25 12:00:00,114.897,114.948,114.858,114.925,392,11,0
2026-08-25 12:15:00,114.926,114.926,114.868,114.884,307,11,0
2026-08-25 12:30:00,114.886,114.951,114.877,114.948,246,11,0
2026-08-25 12:45:00,114.947,115.003,114.94,115.002,242,11,0
2026-08-25 13:00:00,115.0,115.0,114.943,114.951,522,11,0
2026-08-25 13:15:00,114.949,115.001,114.939,114.974,359,11,0
2026-08-25 13:30:00,114.975,115.047,114.968,115.017,492,11,0
2026-08-25 13:45:00,115.019,115.09,115.011,115.086,362,11,0
2026-08-25 14:00:00,115.084,115.148,115.084,115.129,439,11,0
2026-08-25 14:15:00,115.128,115.155,115.104,115.11,343,11,0
2026-08-25 14:30:00,115.111,115.162,115.1,115.133,358,11,0
2026-08-25 14:45:00,115.135,115.152,115.084,115.108,525,11,0
2026-08-25 15:00:00,115.109,115.116,115.056,115.062,306,11,0
2026-08-25 15:15:00,115.063,115.078,115.038,115.078,224,11,0
2026-08-25 15:30:00,115.08,115.093,115.039,115.05,401,11,0
2026-08-25 15:45:00,115.048,115.097,115.04,115.082,285,11,0
2026-08-25 16:00:00,115.083,115.112,115.079,115.102,195,11,0
2026-08-25 16:15:00,115.103,115.105,115.073,115.076,201,11,0
2026-08-25 16:30:00,115.074,115.084,115.068,115.073,146,11,0
2026-08-25 16:45:00,115.074,115.11,115.074,115.093,147,11,0
2026-08-25 17:00:00,115.094,115.121,115.094,115.115,138,11,0
2026-08-25 17:15:00,115.117,115.142,115.117,115.129,131,11,0
2026-08-25 17:30:00,115.13,115.13,115.112,115.118,131,11,0
2026-08-25 17:45:00,115.117,115.121,115.086,115.093,126,11,0
2026-08-25 18:00:00,115.095,115.121,115.095,115.096,169,11,0
2026-08-25 18:15:00,115.098,115.133,115.089,115.124,131,11,0
2026-08-25 18:30:00,115.123,115.136,115.116,115.131,101,11,0
2026-08-25 18:45:00,115.13,115.144,115.122,115.133,140,11,0
2026-08-25 19:00:00,115.135,115.152,115.131,115.137,172,11,0
2026-08-25 19:15:00,115.139,115.139,115.108,115.125,153,11,0
2026-08-25 19:30:00,115.124,115.134,115.101,115.102,96,11,0
2026-08-25 19:45:00,115.104,115.104,115.035,115.069,350,11,0
2026-08-25 20:00:00,115.07,115.079,115.043,115.055,268,11,0
2026-08-25 20:15:00,115.052,115.071,115.047,115.064,145,11,0
2026-08-25 20:30:00,115.066,115.087,115.048,115.056,142,11,0
2026-08-25 20:45:00,115.058,115.063,114.957,115.008,162,11,0
2026-08-25 21:00:00,115.009,115.013,115.002,115.003,34,38,0
2026-08-25 21:15:00,115.005,115.015,115.004,115.013,81,39,0
2026-08-25 21:30:00,115.014,115.018,115.008,115.009,88,38,0
2026-08-25 21:45:00,115.008,115.034,115.005,115.034,60,34,0
2026-08-25 22:00:00,115.033,115.059,115.033,115.055,53,30,0
2026-08-25 22:15:00,115.054,115.054,115.032,115.041,35,29,0
2026-08-25 22:30:00,115.043,115.064,115.039,115.064,34,28,0
2026-08-25 22:45:00,115.063,115.073,115.059,115.067,32,28,0
2026-08-25 23:00:00,115.077,115.096,115.069,115.086,79,11,0
2026-08-25 23:15:00,115.085,115.086,115.077,115.08,44,11,0
2026-08-25 23:30:00,115.079,115.087,115.073,115.087,56,11,0
2026-08-25 23:45:00,115.086,115.093,115.06,115.062,104,11,0
2026-08-26 00:00:00,115.065,115.088,115.053,115.055,190,11,0
2026-08-26 00:15:00,115.056,115.076,115.044,115.049,106,11,0
2026-08-26 00:30:00,115.05,115.05,114.978,114.996,209,11,0
2026-08-26 00:45:00,114.999,114.999,114.942,114.982,388,11,0
2026-08-26 01:00:00,114.98,114.982,114.926,114.931,227,11,0
2026-08-26 01:15:00,114.93,114.948,114.924,114.936,170,11,0
2026-08-26 01:30:00,114.938,114.966,114.888,114.888,313,11,0
2026-08-26 01:45:00,114.886,114.903,114.828,114.876,463,11,0
2026-08-26 02:00:00,114.875,114.875,114.755,114.79,612,11,0
2026-08-26 02:15:00,114.791,114.801,114.723,114.75,358,11,0
2026-08-26 02:30:00,114.751,114.805,114.751,114.775,256,11,0
2026-08-26 02:45:00,114.777,114.797,114.769,114.787,181,11,0
2026-08-26 03:00:00,114.784,114.784,114.736,114.75,124,11,0
2026-08-26 03:15:00,114.752,114.753,114.699,114.711,144,11,0
2026-08-26 03:30:00,114.71,114.718,114.652,114.71,327,11,0
2026-08-26 03:45:00,114.709,114.719,114.687,114.695,124,11,0
2026-08-26 04:00:00,114.694,114.716,114.683,114.715,112,11,0
2026-08-26 04:15:00,114.717,114.728,114.689,114.703,163,11,0
2026-08-26 04:30:00,114.7,114.7,114.674,114.685,136,11,0
2026-08-26 04:45:00,114.684,114.716,114.675,114.703,178,11,0
2026-08-26 05:00:00,114.705,114.721,114.686,114.687,126,11,0
2026-08-26 05:15:00,114.686,114.717,114.682,114.71,111,11,0
2026-08-26 05:30:00,114.709,114.712,114.687,114.692,151,11,0
2026-08-26 05:45:00,114.693,114.714,114.684,114.713,121,11,0
2026-08-26 06:00:00,114.715,114.774,114.698,114.755,232,11,0
2026-08-26 06:15:00,114.757,114.796,114.753,114.761,232,11,0
2026-08-26 06:30:00,114.76,114.775,114.747,114.753,230,11,0
2026-08-26 06:45:00,114.752,114.752,114.724,114.735,186,11,0
2026-08-26 07:00:00,114.737,114.744,114.656,114.696,326,11,0
2026-08-26 07:15:00,114.697,114.738,114.686,114.737,217,11,0
2026-08-26 07:30:00,114.735,114.746,114.712,114.729,176,11,0
2026-08-26 07:45:00,114.728,114.736,114.683,114.7,214,11,0
2026-08-26 08:00:00,114.698,114.714,114.664,114.708,254,11,0
2026-08-26 08:15:00,114.707,114.716,114.652,114.673,292,11,0
2026-08-26 08:30:00,114.672,114.697,114.65,114.682,241,11,0
2026-08-26 08:45:00,114.679,114.68,114.651,114.675,235,11,0
2026-08-26 09:00:00,114.676,114.699,114.653,114.658,233,11,0
2026-08-26 09:15:00,114.657,114.658,114.626,114.649,226,11,0
2026-08-26 09:30:00,114.651,114.664,114.619,114.625,170,11,0
2026-08-26 09:45:00,114.624,114.666,114.624,114.653,219,11,0
2026-08-26 10:00:00,114.654,114.67,114.65,114.668,135,11,0
2026-08-26 10:15:00,114.667,114.674,114.649,114.671,175,11,0
2026-08-26 10:30:00,114.672,114.686,114.659,114.686,102,11,0
2026-08-26 10:45:00,114.689,114.736,114.685,114.71,195,11,0
2026-08-26 11:00:00,114.712,114.721,114.681,114.71,245,11,0
2026-08-26 11:15:00,114.712,114.744,114.698,114.728,206,11,0
2026-08-26 11:30:00,114.729,114.767,114.724,114.763,204,11,0
2026-08-26 11:45:00,114.765,114.775,114.757,114.759,180,11,0
2026-08-26 12:00:00,114.757,114.761,114.729,114.75,227,11,0
2026-08-26 12:15:00,114.751,114.754,114.695,114.704,280,11,0
2026-08-26 12:30:00,114.701,114.792,114.682,114.762,625,11,0
2026-08-26 12:45:00,114.76,114.841,114.752,114.788,449,11,0
2026-08-26 13:00:00,114.79,114.831,114.779,114.806,469,11,0
2026-08-26 13:15:00,114.805,114.833,114.788,114.822,338,11,0
2026-08-26 13:30:00,114.824,114.888,114.787,114.874,486,11,0
2026-08-26 13:45:00,114.876,114.934,114.861,114.925,460,11,0
2026-08-26 14:00:00,114.926,114.932,114.873,114.886,399,11,0
2026-08-26 14:15:00,114.888,114.888,114.789,114.796,416,11,0
2026-08-26 14:30:00,114.797,114.82,114.776,114.795,378,11,0
2026-08-26 14:45:00,114.793,114.8,114.724,114.753,414,11,0
2026-08-26 15:00:00,114.752,114.792,114.733,114.752,332,11,0
2026-08-26 15:15:00,114.754,114.781,114.738,114.773,265,11,0
2026-08-26 15:30:00,114.771,114.788,114.759,114.781,205,11,0
2026-08-26 15:45:00,114.779,114.842,114.764,114.841,299,11,0
2026-08-26 16:00:00,114.839,114.849,114.825,114.832,202,11,0
2026-08-26 16:15:00,114.833,114.878,114.82,114.871,210,11,0
2026-08-26 16:30:00,114.869,114.889,114.85,114.866,210,11,0
2026-08-26 16:45:00,114.865,114.881,114.851,114.872,184,11,0
2026-08-26 17:00:00,114.873,114.879,114.852,114.872,153,11,0
2026-08-26 17:15:00,114.873,114.89,114.858,114.887,137,11,0
2026-08-26 17:30:00,114.888,114.889,114.869,114.886,117,11,0
2026-08-26 17:45:00,114.884,114.906,114.873,114.881,164,11,0
2026-08-26 18:00:00,114.883,114.902,114.873,114.895,135,11,0
2026-08-26 18:15:00,114.893,114.895,114.871,114.872,83,11,0
2026-08-26 18:30:00,114.874,114.883,114.857,114.86,85,11,0
2026-08-26 18:45:00,114.863,114.867,114.85,114.855,119,11,0
2026-08-26 19:00:00,114.857,114.865,114.841,114.845,119,11,0
2026-08-26 19:15:00,114.847,114.86,114.845,114.857,87,11,0
2026-08-26 19:30:00,114.855,114.855,114.823,114.825,137,11,0
2026-08-26 19:45:00,114.823,114.833,114.819,114.823,121,11,0
2026-08-26 20:00:00,114.824,114.829,114.807,114.81,82,11,0
2026-08-26 20:15:00,114.811,114.825,114.789,114.796,86,11,0
2026-08-26 20:30:00,114.798,114.814,114.798,114.806,63,11,0
2026-08-26 20:45:00,114.808,114.82,114.796,114.797,149,11,0
2026-08-26 21:00:00,114.798,114.798,114.795,114.798,15,38,0
2026-08-26 21:15:00,114.8,114.804,114.791,114.795,51,21,0
2026-08-26 21:30:00,114.797,114.808,114.793,114.807,87,14,0
2026-08-26 21:45:00,114.806,114.808,114.805,114.806,32,13,0
2026-08-26 22:00:00,114.798,114.811,114.784,114.797,43,30,0
2026-08-26 22:15:00,114.786,114.793,114.779,114.78,20,29,0
2026-08-26 22:30:00,114.781,114.786,114.768,114.778,35,29,0
2026-08-26 22:45:00,114.777,114.781,114.771,114.778,23,29,0
2026-08-26 23:00:00,114.788,114.791,114.764,114.77,112,11,0
2026-08-26 23:15:00,114.768,114.778,114.755,114.758,74,11,0
2026-08-26 23:30:00,114.756,114.784,114.755,114.784,37,11,0
2026-08-26 23:45:00,114.786,114.794,114.771,114.785,98,11,0
2026-08-27 00:00:00,114.782,114.784,114.655,114.669,496,11,0
2026-08-27 00:15:00,114.667,114.707,114.66,114.702,220,11,0
2026-08-27 00:30:00,114.7,114.718,114.685,114.688,226,11,0
2026-08-27 00:45:00,114.69,114.753,114.689,114.746,298,11,0
2026-08-27 01:00:00,114.747,114.763,114.701,114.704,232,11,0
2026-08-27 01:15:00,114.702,114.738,114.693,114.694,190,11,0
2026-08-27 01:30:00,114.693,114.78,114.683,114.741,378,11,0
2026-08-27 01:45:00,114.74,114.76,114.734,114.751,183,11,0
2026-08-27 02:00:00,114.754,114.803,114.752,114.791,152,11,0
2026-08-27 02:15:00,114.793,114.836,114.792,114.825,148,11,0
2026-08-27 02:30:00,114.826,114.84,114.791,114.802,139,11,0
2026-08-27 02:45:00,114.8,114.8,114.77,114.782,150,11,0
2026-08-27 03:00:00,114.783,114.793,114.778,114.78,109,11,0
2026-08-27 03:15:00,114.779,114.798,114.779,114.793,69,11,0
2026-08-27 03:30:00,114.794,114.807,114.779,114.784,105,11,0
2026-08-27 03:45:00,114.786,114.789,114.772,114.777,85,11,0
2026-08-27 04:00:00,114.778,114.794,114.759,114.791,91,11,0
2026-08-27 04:15:00,114.79,114.805,114.788,114.805,49,11,0
2026-08-27 04:30:00,114.807,114.81,114.797,114.799,87,11,0
2026-08-27 04:45:00,114.801,114.821,114.798,114.805,80,11,0
2026-08-27 05:00:00,114.807,114.817,114.783,114.792,140,11,0
2026-08-27 05:15:00,114.79,114.792,114.767,114.767,114,11,0
2026-08-27 05:30:00,114.769,114.772,114.756,114.764,99,11,0
2026-08-27 05:45:00,114.766,114.802,114.765,114.786,138,11,0
2026-08-27 06:00:00,114.783,114.795,114.768,114.775,173,11,0
2026-08-27 06:15:00,114.773,114.789,114.769,114.781,128,11,0
2026-08-27 06:30:00,114.782,114.793,114.758,114.761,139,11,0
2026-08-27 06:45:00,114.758,114.774,114.749,114.755,150,11,0
2026-08-27 07:00:00,114.756,114.762,114.717,114.724,205,11,0
2026-08-27 07:15:00,114.725,114.726,114.706,114.712,185,11,0
2026-08-27 07:30:00,114.71,114.783,114.709,114.78,191,11,0
2026-08-27 07:45:00,114.779,114.8,114.761,114.793,211,11,0
2026-08-27 08:00:00,114.792,114.81,114.769,114.797,283,11,0
2026-08-27 08:15:00,114.799,114.803,114.766,114.773,194,11,0
2026-08-27 08:30:00,114.776,114.789,114.751,114.764,199,11,0
2026-08-27 08:45:00,114.761,114.787,114.747,114.78,242,11,0
2026-08-27 09:00:00,114.782,114.833,114.779,114.827,249,11,0
2026-08-27 09:15:00,114.829,114.852,114.816,114.845,224,11,0
2026-08-27 09:30:00,114.843,114.866,114.84,114.86,229,11,0
2026-08-27 09:45:00,114.859,114.881,114.854,114.87,190,11,0
2026-08-27 10:00:00,114.869,114.893,114.861,114.869,206,11,0
2026-08-27 10:15:00,114.867,114.9,114.855,114.893,132,11,0
2026-08-27 10:30:00,114.894,114.903,114.863,114.865,190,11,0
2026-08-27 10:45:00,114.864,114.866,114.842,114.857,144,11,0
2026-08-27 11:00:00,114.855,114.898,114.852,114.888,168,11,0
2026-08-27 11:15:00,114.886,114.935,114.866,114.935,158,11,0
2026-08-27 11:30:00,114.938,114.948,114.907,114.947,306,11,0
2026-08-27 11:45:00,114.95,114.981,114.936,114.944,280,11,0
2026-08-27 12:00:00,114.945,114.964,114.894,114.896,317,11,0
2026-08-27 12:15:00,114.894,114.94,114.864,114.936,276,11,0
2026-08-27 12:30:00,114.938,114.966,114.931,114.954,265,11,0
2026-08-27 12:45:00,114.953,114.976,114.916,114.921,274,11,0
2026-08-27 13:00:00,114.922,115.012,114.911,115.009,392,11,0
2026-08-27 13:15:00,115.007,115.056,115.005,115.036,359,11,0
2026-08-27 13:30:00,115.038,115.05,114.967,114.969,427,11,0
2026-08-27 13:45:00,114.968,114.997,114.946,114.979,432,11,0
2026-08-27 14:00:00,114.977,114.991,114.93,114.937,486,11,0
2026-08-27 14:15:00,114.938,115.004,114.938,114.961,300,11,0
2026-08-27 14:30:00,114.962,115.024,114.944,115.024,336,11,0
2026-08-27 14:45:00,115.026,115.027,114.906,114.955,454,11,0
2026-08-27 15:00:00,114.956,114.958,114.894,114.945,361,11,0
2026-08-27 15:15:00,114.947,114.957,114.905,114.926,263,11,0
2026-08-27 15:30:00,114.927,114.964,114.925,114.943,230,11,0
2026-08-27 15:45:00,114.941,114.961,114.935,114.951,208,11,0
2026-08-27 16:00:00,114.952,114.958,114.914,114.919,179,11,0
2026-08-27 16:15:00,114.921,114.941,114.912,114.933,131,11,0
2026-08-27 16:30:00,114.934,114.953,114.928,114.948,120,11,0
2026-08-27 16:45:00,114.95,114.988,114.95,114.965,186,11,0
2026-08-27 17:00:00,114.967,114.972,114.947,114.964,152,11,0
2026-08-27 17:15:00,114.962,114.969,114.957,114.961,102,11,0
2026-08-27 17:30:00,114.96,114.987,114.96,114.984,98,11,0
2026-08-27 17:45:00,114.982,115.053,114.982,115.053,196,11,0
2026-08-27 18:00:00,115.051,115.096,115.047,115.052,174,11,0
2026-08-27 18:15:00,115.054,115.054,115.029,115.033,110,11,0
2026-08-27 18:30:00,115.032,115.055,115.025,115.054,114,11,0
2026-08-27 18:45:00,115.056,115.058,115.045,115.056,91,11,0
2026-08-27 19:00:00,115.054,115.071,115.041,115.071,119,11,0
2026-08-27 19:15:00,115.068,115.079,115.055,115.069,83,11,0
2026-08-27 19:30:00,115.068,115.074,115.041,115.043,83,11,0
2026-08-27 19:45:00,115.042,115.085,115.029,115.076,178,11,0
2026-08-27 20:00:00,115.078,115.09,115.067,115.069,93,11,0
2026-08-27 20:15:00,115.068,115.068,115.054,115.054,55,11,0
2026-08-27 20:30:00,115.052,115.052,115.033,115.033,42,11,0
2026-08-27 20:45:00,115.032,115.047,115.02,115.035,78,11,0
2026-08-27 21:00:00,115.036,115.04,115.033,115.034,28,38,0
2026-08-27 21:15:00,115.033,115.039,115.026,115.037,70,25,0
2026-08-27 21:30:00,115.034,115.047,115.033,115.045,65,21,0
2026-08-27 21:45:00,115.046,115.047,115.04,115.046,41,18,0
2026-08-27 22:00:00,115.042,115.042,115.016,115.023,30,27,0
2026-08-27 22:15:00,115.025,115.054,115.025,115.046,24,29,0
2026-08-27 22:30:00,115.051,115.054,115.042,115.044,31,28,0
2026-08-27 22:45:00,115.043,115.049,115.034,115.04,24,28,0
2026-08-27 23:00:00,115.05,115.058,115.042,115.045,58,11,0
2026-08-27 23:15:00,115.046,115.054,115.032,115.033,51,11,0
2026-08-27 23:30:00,115.035,115.043,115.024,115.026,59,11,0
2026-08-27 23:45:00,115.029,115.029,115.013,115.015,67,11,0
2026-08-28 00:00:00,115.016,115.052,115.01,115.047,159,11,0
2026-08-28 00:15:00,115.048,115.065,115.047,115.055,112,11,0
2026-08-28 00:30:00,115.053,115.057,115.037,115.047,92,11,0
2026-08-28 00:45:00,115.046,115.074,115.039,115.071,225,11,0
2026-08-28 01:00:00,115.07,115.077,115.047,115.049,149,11,0
2026-08-28 01:15:00,115.048,115.048,115.02,115.044,146,11,0
2026-08-28 01:30:00,115.043,115.069,115.04,115.069,115,11,0
2026-08-28 01:45:00,115.067,115.078,115.062,115.075,133,11,0
2026-08-28 02:00:00,115.074,115.097,115.072,115.096,100,11,0
2026-08-28 02:15:00,115.093,115.093,115.065,115.082,94,11,0
2026-08-28 02:30:00,115.081,115.115,115.081,115.115,99,11,0
2026-08-28 02:45:00,115.116,115.133,115.112,115.127,101,11,0
2026-08-28 03:00:00,115.129,115.143,115.125,115.143,70,11,0
2026-08-28 03:15:00,115.142,115.142,115.123,115.125,52,11,0
2026-08-28 03:30:00,115.126,115.135,115.108,115.11,68,11,0
2026-08-28 03:45:00,115.111,115.125,115.111,115.117,72,11,0
2026-08-28 04:00:00,115.116,115.14,115.115,115.129,65,11,0
2026-08-28 04:15:00,115.13,115.133,115.122,115.13,54,11,0
2026-08-28 04:30:00,115.129,115.139,115.123,115.126,60,11,0
2026-08-28 04:45:00,115.128,115.144,115.125,115.14,62,11,0
2026-08-28 05:00:00,115.139,115.168,115.139,115.167,129,11,0
2026-08-28 05:15:00,115.168,115.182,115.16,115.172,61,11,0
2026-08-28 05:30:00,115.174,115.183,115.151,115.156,70,11,0
2026-08-28 05:45:00,115.157,115.166,115.149,115.164,82,11,0
2026-08-28 06:00:00,115.166,115.19,115.155,115.181,139,11,0
2026-08-28 06:15:00,115.183,115.183,115.153,115.17,144,11,0
2026-08-28 06:30:00,115.169,115.172,115.115,115.127,232,11,0
2026-08-28 06:45:00,115.125,115.135,115.108,115.112,187,11,0
2026-08-28 07:00:00,115.11,115.122,115.085,115.109,180,11,0
2026-08-28 07:15:00,115.107,115.121,115.092,115.093,215,11,0
2026-08-28 07:30:00,115.092,115.112,115.082,115.111,209,11,0
2026-08-28 07:45:00,115.112,115.146,115.111,115.135,148,11,0
2026-08-28 08:00:00,115.134,115.18,115.133,115.172,226,11,0
2026-08-28 08:15:00,115.174,115.189,115.138,115.16,192,11,0
2026-08-28 08:30:00,115.162,115.162,115.125,115.145,176,11,0
2026-08-28 08:45:00,115.146,115.185,115.146,115.169,170,11,0
2026-08-28 09:00:00,115.171,115.216,115.164,115.203,249,11,0
2026-08-28 09:15:00,115.201,115.224,115.186,115.2,203,11,0
2026-08-28 09:30:00,115.199,115.23,115.199,115.221,165,11,0
2026-08-28 09:45:00,115.223,115.239,115.203,115.23,150,11,0
2026-08-28 10:00:00,115.229,115.278,115.208,115.277,157,11,0
2026-08-28 10:15:00,115.278,115.286,115.255,115.274,149,11,0
2026-08-28 10:30:00,115.273,115.297,115.258,115.297,142,11,0
2026-08-28 10:45:00,115.296,115.324,115.294,115.302,174,11,0
2026-08-28 11:00:00,115.301,115.312,115.294,115.309,127,11,0
2026-08-28 11:15:00,115.307,115.31,115.259,115.261,138,11,0
2026-08-28 11:30:00,115.263,115.298,115.259,115.296,161,11,0
2026-08-28 11:45:00,115.295,115.314,115.262,115.262,175,11,0
2026-08-28 12:00:00,115.261,115.268,115.243,115.254,204,11,0
2026-08-28 12:15:00,115.255,115.267,115.204,115.204,213,11,0
2026-08-28 12:30:00,115.202,115.215,115.158,115.209,317,11,0
2026-08-28 12:45:00,115.206,115.225,115.182,115.186,375,11,0
2026-08-28 13:00:00,115.188,115.268,115.181,115.256,326,11,0
2026-08-28 13:15:00,115.255,115.275,115.227,115.23,249,11,0
2026-08-28 13:30:00,115.231,115.273,115.215,115.228,370,11,0
2026-08-28 13:45:00,115.227,115.227,115.156,115.197,520,11,0
2026-08-28 14:00:00,115.195,115.21,115.055,115.137,1594,11,0
2026-08-28 14:15:00,115.135,115.173,115.085,115.119,918,11,0
2026-08-28 14:30:00,115.117,115.198,115.115,115.141,768,11,0
2026-08-28 14:45:00,115.14,115.202,115.129,115.167,647,11,0
2026-08-28 15:00:00,115.169,115.182,115.132,115.156,522,11,0
2026-08-28 15:15:00,115.157,115.157,115.123,115.139,405,11,0
2026-08-28 15:30:00,115.142,115.18,115.121,115.179,406,11,0
2026-08-28 15:45:00,115.181,115.189,115.099,115.116,476,11,0
2026-08-28 16:00:00,115.117,115.155,115.095,115.113,385,11,0
2026-08-28 16:15:00,115.115,115.169,115.114,115.168,367,11,0
2026-08-28 16:30:00,115.169,115.221,115.169,115.216,278,11,0
2026-08-28 16:45:00,115.215,115.253,115.212,115.232,240,11,0
2026-08-28 17:00:00,115.23,115.23,115.197,115.205,194,11,0
2026-08-28 17:15:00,115.206,115.225,115.204,115.212,156,11,0
2026-08-28 17:30:00,115.211,115.216,115.182,115.194,124,11,0
2026-08-28 17:45:00,115.191,115.2,115.183,115.189,117,11,0
2026-08-28 18:00:00,115.187,115.187,115.161,115.163,125,11,0
2026-08-28 18:15:00,115.161,115.183,115.161,115.166,124,11,0
2026-08-28 18:30:00,115.165,115.173,115.154,115.155,88,11,0
2026-08-28 18:45:00,115.153,115.165,115.141,115.148,144,11,0
2026-08-28 19:00:00,115.147,115.152,115.12,115.144,177,11,0
2026-08-28 19:15:00,115.145,115.151,115.137,115.145,116,11,0
2026-08-28 19:30:00,115.146,115.175,115.139,115.161,119,11,0
2026-08-28 19:45:00,115.16,115.184,115.135,115.142,185,11,0
2026-08-28 20:00:00,115.141,115.144,115.109,115.124,141,11,0
2026-08-28 20:15:00,115.122,115.149,115.119,115.139,102,11,0
2026-08-28 20:30:00,115.141,115.143,115.117,115.121,111,11,0
2026-08-28 20:45:00,115.12,115.131,115.109,115.125,115,11,0
2026-08-30 21:00:00,115.031,115.033,114.995,115.023,11,44,0
2026-08-30 21:15:00,115.025,115.055,115.025,115.053,28,49,0
2026-08-30 21:30:00,115.052,115.06,115.033,115.04,32,42,0
2026-08-30 21:45:00,115.038,115.096,115.034,115.096,78,37,0
2026-08-30 22:00:00,115.091,115.165,115.079,115.134,83,44,0
2026-08-30 22:15:00,115.128,115.144,115.123,115.129,51,42,0
2026-08-30 22:30:00,115.129,115.147,115.127,115.127,64,42,0
2026-08-30 22:45:00,115.128,115.143,115.127,115.138,28,41,0
2026-08-30 23:00:00,115.154,115.227,115.153,115.215,169,11,0
2026-08-30 23:15:00,115.214,115.235,115.207,115.21,143,11,0
2026-08-30 23:30:00,115.209,115.213,115.19,115.21,125,11,0
2026-08-30 23:45:00,115.212,115.218,115.188,115.19,149,11,0
2026-08-31 00:00:00,115.188,115.188,115.106,115.122,420,11,0
2026-08-31 00:15:00,115.124,115.127,115.08,115.084,270,11,0
2026-08-31 00:30:00,115.085,115.155,115.082,115.148,199,11,0
2026-08-31 00:45:00,115.146,115.156,115.083,115.088,446,11,0
2026-08-31 01:00:00,115.09,115.106,115.043,115.064,393,11,0
2026-08-31 01:15:00,115.065,115.07,114.975,114.993,494,11,0
2026-08-31 01:30:00,114.991,115.041,114.988,115.034,383,11,0
2026-08-31 01:45:00,115.033,115.057,115.024,115.051,223,11,0
2026-08-31 02:00:00,115.049,115.065,115.031,115.031,234,11,0
2026-08-31 02:15:00,115.03,115.037,115.003,115.022,202,11,0
2026-08-31 02:30:00,115.02,115.039,114.998,115.003,171,11,0
2026-08-31 02:45:00,115.005,115.038,115.005,115.021,125,11,0
2026-08-31 03:00:00,115.019,115.033,115.005,115.025,113,11,0
2026-08-31 03:15:00,115.026,115.042,115.018,115.038,84,11,0
2026-08-31 03:30:00,115.039,115.066,115.032,115.052,113,11,0
2026-08-31 03:45:00,115.05,115.054,115.037,115.045,82,11,0
2026-08-31 04:00:00,115.044,115.044,115.013,115.029,127,11,0
2026-08-31 04:15:00,115.028,115.049,115.028,115.047,94,11,0
2026-08-31 04:30:00,115.048,115.056,115.011,115.018,128,11,0
2026-08-31 04:45:00,115.017,115.044,115.015,115.038,108,11,0
2026-08-31 05:00:00,115.037,115.039,114.986,114.995,115,11,0
2026-08-31 05:15:00,114.996,115.034,114.987,114.999,126,11,0
2026-08-31 05:30:00,115.0,115.022,114.996,115.022,140,11,0
2026-08-31 05:45:00,115.019,115.054,115.014,115.033,155,11,0
2026-08-31 06:00:00,115.034,115.043,115.007,115.009,237,11,0
2026-08-31 06:15:00,115.007,115.04,115.001,115.035,240,11,0
2026-08-31 06:30:00,115.032,115.07,115.023,115.024,214,11,0
2026-08-31 06:45:00,115.023,115.041,114.986,114.986,225,11,0
2026-08-31 07:00:00,114.984,114.996,114.889,114.889,433,11,0
2026-08-31 07:15:00,114.888,114.888,114.824,114.871,589,11,0
2026-08-31 07:30:00,114.869,114.878,114.831,114.854,442,11,0
2026-08-31 07:45:00,114.856,114.87,114.834,114.861,355,11,0
2026-08-31 08:00:00,114.859,114.861,114.8,114.82,489,11,0
2026-08-31 08:15:00,114.821,114.846,114.79,114.831,313,11,0
2026-08-31 08:30:00,114.833,114.873,114.828,114.869,304,11,0
2026-08-31 08:45:00,114.867,114.932,114.849,114.93,276,11,0
2026-08-31 09:00:00,114.928,114.951,114.914,114.932,270,11,0
2026-08-31 09:15:00,114.934,114.948,114.915,114.93,188,11,0
2026-08-31 09:30:00,114.931,114.968,114.931,114.958,197,11,0
2026-08-31 09:45:00,114.96,114.988,114.96,114.983,168,11,0
2026-08-31 10:00:00,114.984,115.023,114.978,115.008,214,11,0
2026-08-31 10:15:00,115.009,115.043,115.008,115.023,184,11,0
2026-08-31 10:30:00,115.025,115.026,114.99,114.998,145,11,0
2026-08-31 10:45:00,114.996,115.003,114.95,114.95,142,11,0
2026-08-31 11:00:00,114.948,114.96,114.929,114.929,198,11,0
2026-08-31 11:15:00,114.928,114.979,114.924,114.953,200,11,0
2026-08-31 11:30:00,114.951,115.002,114.946,114.998,234,11,0
2026-08-31 11:45:00,114.999,115.014,114.974,115.0,206,11,0
2026-08-31 12:00:00,114.999,115.031,114.988,115.017,257,11,0
2026-08-31 12:15:00,115.019,115.087,115.006,115.087,321,11,0
2026-08-31 12:30:00,115.089,115.135,115.085,115.118,316,11,0
2026-08-31 12:45:00,115.115,115.181,115.115,115.181,264,11,0
2026-08-31 13:00:00,115.183,115.19,115.144,115.15,271,11,0
2026-08-31 13:15:00,115.148,115.176,115.125,115.154,362,11,0
2026-08-31 13:30:00,115.157,115.212,115.141,115.153,453,11,0
2026-08-31 13:45:00,115.151,115.205,115.14,115.177,432,11,0
2026-08-31 14:00:00,115.176,115.215,115.166,115.202,356,11,0
2026-08-31 14:15:00,115.2,115.248,115.182,115.191,334,11,0
2026-08-31 14:30:00,115.19,115.208,115.083,115.154,809,11,0
2026-08-31 14:45:00,115.157,115.269,115.156,115.2,836,11,0
2026-08-31 15:00:00,115.199,115.221,115.181,115.214,463,11,0
2026-08-31 15:15:00,115.213,115.255,115.201,115.234,269,11,0
2026-08-31 15:30:00,115.231,115.253,115.213,115.22,222,11,0
2026-08-31 15:45:00,115.218,115.256,115.207,115.237,176,11,0
2026-08-31 16:00:00,115.235,115.236,115.206,115.213,200,11,0
2026-08-31 16:15:00,115.212,115.22,115.193,115.211,147,11,0
2026-08-31 16:30:00,115.212,115.236,115.207,115.217,169,11,0
2026-08-31 16:45:00,115.219,115.221,115.195,115.208,171,11,0
2026-08-31 17:00:00,115.21,115.24,115.199,115.239,176,11,0
2026-08-31 17:15:00,115.24,115.251,115.213,115.23,102,11,0
2026-08-31 17:30:00,115.232,115.263,115.231,115.254,122,11,0
2026-08-31 17:45:00,115.253,115.26,115.241,115.244,119,11,0
2026-08-31 18:00:00,115.246,115.259,115.219,115.256,150,11,0
2026-08-31 18:15:00,115.254,115.259,115.24,115.252,122,11,0
2026-08-31 18:30:00,115.254,115.318,115.254,115.308,191,11,0
2026-08-31 18:45:00,115.31,115.341,115.298,115.33,224,11,0
2026-08-31 19:00:00,115.329,115.334,115.292,115.306,199,11,0
2026-08-31 19:15:00,115.305,115.313,115.267,115.27,136,11,0
2026-08-31 19:30:00,115.269,115.306,115.249,115.304,174,11,0
2026-08-31 19:45:00,115.305,115.315,115.262,115.266,197,11,0
2026-08-31 20:00:00,115.264,115.279,115.251,115.257,115,11,0
2026-08-31 20:15:00,115.259,115.271,115.259,115.264,40,11,0
2026-08-31 20:30:00,115.267,115.333,115.267,115.3,99,11,0
2026-08-31 20:45:00,115.298,115.301,115.278,115.281,79,11,0
2026-08-31 21:00:00,115.28,115.281,115.278,115.28,29,38,0
2026-08-31 21:15:00,115.281,115.291,115.276,115.29,72,20,0
2026-08-31 21:30:00,115.291,115.292,115.284,115.29,62,13,0
2026-08-31 21:45:00,115.288,115.292,115.285,115.292,45,22,0
2026-08-31 22:00:00,115.284,115.306,115.267,115.29,57,29,0
2026-08-31 22:15:00,115.289,115.301,115.287,115.291,29,29,0
2026-08-31 22:30:00,115.293,115.305,115.291,115.305,33,29,0
2026-08-31 22:45:00,115.304,115.312,115.304,115.31,32,28,0
2026-08-31 23:00:00,115.32,115.34,115.318,115.339,114,11,0
2026-08-31 23:15:00,115.336,115.348,115.317,115.344,75,11,0
2026-08-31 23:30:00,115.345,115.355,115.326,115.33,81,11,0
2026-08-31 23:45:00,115.331,115.334,115.301,115.322,134,11,0
2026-09-01 00:00:00,115.323,115.405,115.323,115.336,395,11,0
2026-09-01 00:15:00,115.334,115.361,115.295,115.314,315,11,0
2026-09-01 00:30:00,115.313,115.348,115.298,115.337,232,11,0
2026-09-01 00:45:00,115.338,115.359,115.315,115.342,348,11,0
2026-09-01 01:00:00,115.344,115.349,115.266,115.297,288,11,0
2026-09-01 01:15:00,115.3,115.316,115.275,115.279,221,11,0
2026-09-01 01:30:00,115.28,115.297,115.264,115.282,198,11,0
2026-09-01 01:45:00,115.284,115.289,115.213,115.249,261,11,0
2026-09-01 02:00:00,115.251,115.285,115.238,115.263,260,11,0
2026-09-01 02:15:00,115.265,115.278,115.25,115.25,158,11,0
2026-09-01 02:30:00,115.252,115.272,115.245,115.259,120,11,0
2026-09-01 02:45:00,115.257,115.279,115.257,115.266,96,11,0
2026-09-01 03:00:00,115.265,115.271,115.258,115.26,115,11,0
2026-09-01 03:15:00,115.259,115.26,115.236,115.237,87,11,0
2026-09-01 03:30:00,115.236,115.261,115.231,115.231,108,11,0
2026-09-01 03:45:00,115.23,115.246,115.23,115.234,71,11,0
2026-09-01 04:00:00,115.233,115.254,115.231,115.243,96,11,0
2026-09-01 04:15:00,115.241,115.255,115.229,115.242,94,11,0
2026-09-01 04:30:00,115.241,115.272,115.238,115.266,91,11,0
2026-09-01 04:45:00,115.267,115.292,115.267,115.292,82,11,0
2026-09-01 05:00:00,115.291,115.303,115.29,115.303,94,11,0
2026-09-01 05:15:00,115.302,115.313,115.301,115.307,90,11,0
2026-09-01 05:30:00,115.309,115.331,115.276,115.278,177,11,0
2026-09-01 05:45:00,115.276,115.303,115.273,115.3,126,11,0
2026-09-01 06:00:00,115.298,115.375,115.295,115.368,262,11,0
2026-09-01 06:15:00,115.366,115.382,115.336,115.339,182,11,0
2026-09-01 06:30:00,115.34,115.371,115.326,115.356,238,11,0
2026-09-01 06:45:00,115.357,115.368,115.329,115.341,232,11,0
2026-09-01 07:00:00,115.342,115.38,115.335,115.346,334,11,0
2026-09-01 07:15:00,115.347,115.383,115.343,115.35,237,11,0
2026-09-01 07:30:00,115.351,115.373,115.315,115.333,354,11,0
2026-09-01 07:45:00,115.335,115.352,115.321,115.322,216,11,0
2026-09-01 08:00:00,115.324,115.352,115.292,115.298,382,11,0
2026-09-01 08:15:00,115.301,115.336,115.292,115.322,219,11,0
2026-09-01 08:30:00,115.323,115.326,115.281,115.299,262,11,0
2026-09-01 08:45:00,115.297,115.316,115.275,115.295,219,11,0
2026-09-01 09:00:00,115.296,115.307,115.279,115.286,274,11,0
2026-09-01 09:15:00,115.285,115.348,115.281,115.348,174,11,0
2026-09-01 09:30:00,115.345,115.365,115.317,115.355,191,11,0
2026-09-01 09:45:00,115.356,115.405,115.355,115.401,165,11,0
2026-09-01 10:00:00,115.4,115.414,115.343,115.358,332,11,0
2026-09-01 10:15:00,115.359,115.359,115.323,115.35,188,11,0
2026-09-01 10:30:00,115.352,115.384,115.346,115.38,129,11,0
2026-09-01 10:45:00,115.382,115.407,115.382,115.392,197,11,0
2026-09-01 11:00:00,115.394,115.419,115.391,115.402,209,11,0
2026-09-01 11:15:00,115.401,115.416,115.316,115.35,653,11,0
2026-09-01 11:30:00,115.348,115.365,115.303,115.305,271,11,0
2026-09-01 11:45:00,115.303,115.359,115.303,115.348,263,11,0
2026-09-01 12:00:00,115.349,115.351,115.315,115.331,290,11,0
2026-09-01 12:15:00,115.332,115.405,115.31,115.392,276,11,0
2026-09-01 12:30:00,115.394,115.42,115.365,115.389,352,11,0
2026-09-01 12:45:00,115.387,115.387,115.275,115.321,514,11,0
2026-09-01 13:00:00,115.32,115.36,115.274,115.274,348,11,0
2026-09-01 13:15:00,115.272,115.308,115.233,115.233,295,11,0
2026-09-01 13:30:00,115.231,115.235,115.194,115.228,480,11,0
2026-09-01 13:45:00,115.226,115.297,115.226,115.234,415,11,0
2026-09-01 14:00:00,115.231,115.277,115.186,115.226,533,11,0
2026-09-01 14:15:00,115.229,115.234,115.116,115.117,461,11,0
2026-09-01 14:30:00,115.119,115.198,115.085,115.189,442,11,0
2026-09-01 14:45:00,115.187,115.193,115.123,115.133,515,11,0
2026-09-01 15:00:00,115.131,115.157,115.099,115.124,433,11,0
2026-09-01 15:15:00,115.123,115.171,115.104,115.157,280,11,0
2026-09-01 15:30:00,115.158,115.178,115.145,115.145,241,11,0
2026-09-01 15:45:00,115.143,115.15,115.098,115.101,318,11,0
2026-09-01 16:00:00,115.1,115.135,115.074,115.13,250,11,0
2026-09-01 16:15:00,115.131,115.222,115.129,115.213,306,11,0
2026-09-01 16:30:00,115.212,115.221,115.172,115.176,252,11,0
2026-09-01 16:45:00,115.173,115.193,115.164,115.186,161,11,0
2026-09-01 17:00:00,115.184,115.202,115.173,115.193,193,11,0
2026-09-01 17:15:00,115.196,115.213,115.191,115.2,170,11,0
2026-09-01 17:30:00,115.202,115.226,115.199,115.207,139,11,0
2026-09-01 17:45:00,115.206,115.245,115.206,115.24,94,11,0
2026-09-01 18:00:00,115.239,115.246,115.224,115.246,131,11,0
2026-09-01 18:15:00,115.245,115.296,115.24,115.288,143,11,0
2026-09-01 18:30:00,115.289,115.304,115.28,115.285,152,11,0
2026-09-01 18:45:00,115.287,115.306,115.28,115.302,182,11,0
2026-09-01 19:00:00,115.304,115.314,115.284,115.296,156,11,0
2026-09-01 19:15:00,115.295,115.324,115.291,115.324,113,11,0
2026-09-01 19:30:00,115.323,115.323,115.296,115.305,123,11,0
2026-09-01 19:45:00,115.306,115.321,115.294,115.298,114,11,0
2026-09-01 20:00:00,115.297,115.311,115.291,115.299,81,11,0
2026-09-01 20:15:00,115.3,115.3,115.267,115.268,66,11,0
2026-09-01 20:30:00,115.267,115.299,115.267,115.274,89,11,0
2026-09-01 20:45:00,115.276,115.276,115.263,115.265,78,11,0
2026-09-01 21:00:00,115.266,115.266,115.263,115.264,13,38,0
2026-09-01 21:15:00,115.262,115.262,115.214,115.215,99,38,0
2026-09-01 21:30:00,115.216,115.226,115.198,115.206,102,71,0
2026-09-01 21:45:00,115.204,115.225,115.18,115.21,105,59,0
2026-09-01 22:00:00,115.208,115.257,115.208,115.242,63,30,0
2026-09-01 22:15:00,115.244,115.266,115.244,115.263,27,29,0
2026-09-01 22:30:00,115.264,115.264,115.237,115.262,50,29,0
2026-09-01 22:45:00,115.262,115.288,115.262,115.285,39,28,0
2026-09-01 23:00:00,115.293,115.314,115.293,115.304,53,11,0
2026-09-01 23:15:00,115.305,115.305,115.285,115.285,40,11,0
2026-09-01 23:30:00,115.287,115.287,115.26,115.274,57,11,0
2026-09-01 23:45:00,115.273,115.3,115.272,115.283,112,11,0
2026-09-02 00:00:00,115.285,115.288,115.234,115.271,359,11,0
2026-09-02 00:15:00,115.27,115.285,115.228,115.263,280,11,0
2026-09-02 00:30:00,115.262,115.319,115.259,115.28,234,11,0
2026-09-02 00:45:00,115.278,115.325,115.274,115.324,348,11,0
2026-09-02 01:00:00,115.322,115.326,115.299,115.301,252,11,0
2026-09-02 01:15:00,115.303,115.343,115.293,115.324,198,11,0
2026-09-02 01:30:00,115.326,115.36,115.321,115.353,231,11,0
2026-09-02 01:45:00,115.351,115.382,115.351,115.357,140,11,0
2026-09-02 02:00:00,115.358,115.358,115.279,115.299,286,11,0
2026-09-02 02:15:00,115.298,115.301,115.255,115.262,213,11,0
2026-09-02 02:30:00,115.259,115.265,115.224,115.23,182,11,0
2026-09-02 02:45:00,115.228,115.239,115.212,115.218,113,11,0
2026-09-02 03:00:00,115.217,115.225,115.197,115.221,155,11,0
2026-09-02 03:15:00,115.219,115.222,115.182,115.184,116,11,0
2026-09-02 03:30:00,115.183,115.187,115.123,115.125,144,11,0
2026-09-02 03:45:00,115.127,115.142,115.12,115.129,98,11,0
2026-09-02 04:00:00,115.128,115.129,115.057,115.072,161,11,0
2026-09-02 04:15:00,115.074,115.09,115.062,115.082,225,11,0
2026-09-02 04:30:00,115.083,115.086,115.049,115.051,116,11,0
2026-09-02 04:45:00,115.049,115.058,114.967,115.007,466,11,0
2026-09-02 05:00:00,115.005,115.017,114.951,114.976,251,11,0
2026-09-02 05:15:00,114.975,115.008,114.923,114.953,424,11,0
2026-09-02 05:30:00,114.952,114.984,114.922,114.945,465,11,0
2026-09-02 05:45:00,114.943,114.943,114.854,114.863,542,11,0
2026-09-02 06:00:00,114.86,114.86,114.607,114.669,1496,11,0
2026-09-02 06:15:00,114.67,114.777,114.67,114.724,947,11,0
2026-09-02 06:30:00,114.722,114.736,114.617,114.623,882,11,0
2026-09-02 06:45:00,114.622,114.677,114.565,114.624,906,11,0
2026-09-02 07:00:00,114.626,114.711,114.626,114.683,750,11,0
2026-09-02 07:15:00,114.681,114.74,114.623,114.65,592,11,0
2026-09-02 07:30:00,114.652,114.656,114.592,114.641,637,11,0
2026-09-02 07:45:00,114.639,114.674,114.62,114.668,387,11,0
2026-09-02 08:00:00,114.667,114.68,114.627,114.648,418,11,0
2026-09-02 08:15:00,114.646,114.676,114.58,114.588,397,11,0
2026-09-02 08:30:00,114.589,114.653,114.573,114.638,402,11,0
2026-09-02 08:45:00,114.641,114.708,114.62,114.704,416,11,0
2026-09-02 09:00:00,114.702,114.718,114.682,114.687,389,11,0
2026-09-02 09:15:00,114.689,114.709,114.655,114.688,328,11,0
2026-09-02 09:30:00,114.689,114.71,114.673,114.703,237,11,0
2026-09-02 09:45:00,114.702,114.71,114.671,114.699,240,11,0
2026-09-02 10:00:00,114.7,114.742,114.695,114.697,241,11,0
2026-09-02 10:15:00,114.699,114.718,114.677,114.709,229,11,0
2026-09-02 10:30:00,114.71,114.749,114.681,114.73,244,11,0
2026-09-02 10:45:00,114.732,114.778,114.731,114.778,218,11,0
2026-09-02 11:00:00,114.78,114.807,114.712,114.729,444,11,0
2026-09-02 11:15:00,114.73,114.738,114.673,114.692,450,11,0
2026-09-02 11:30:00,114.69,114.694,114.611,114.627,277,11,0
2026-09-02 11:45:00,114.685,114.687,114.612,114.621,348,11,0
2026-09-02 12:00:00,114.622,114.641,114.582,114.634,552,11,0
2026-09-02 12:15:00,114.64,114.738,114.597,114.727,904,11,0
2026-09-02 12:30:00,114.725,114.77,114.698,114.721,416,11,0
2026-09-02 12:45:00,114.723,114.766,114.675,114.675,457,11,0
2026-09-02 13:00:00,114.677,114.685,114.627,114.652,500,11,0
2026-09-02 13:15:00,114.651,114.681,113.812,114.232,5242,11,0
2026-09-02 13:30:00,114.23,114.382,114.052,114.096,4340,11,0
2026-09-02 13:45:00,114.098,114.361,114.098,114.336,2526,11,0
2026-09-02 14:00:00,114.334,114.485,114.328,114.382,1633,11,0
2026-09-02 14:15:00,114.38,114.424,114.314,114.358,1214,11,0
2026-09-02 14:30:00,114.356,114.543,114.285,114.539,1729,11,0
2026-09-02 14:45:00,114.541,114.671,114.504,114.626,1558,11,0
2026-09-02 15:00:00,114.627,114.67,114.571,114.644,1260,11,0
2026-09-02 15:15:00,114.646,114.655,114.59,114.634,831,11,0
2026-09-02 15:30:00,114.632,114.681,114.564,114.675,764,11,0
2026-09-02 15:45:00,114.676,114.685,114.627,114.637,509,11,0
2026-09-02 16:00:00,114.64,114.663,114.605,114.66,372,11,0
2026-09-02 16:15:00,114.663,114.724,114.663,114.701,353,11,0
2026-09-02 16:30:00,114.702,114.713,114.676,114.71,275,11,0
2026-09-02 16:45:00,114.711,114.73,114.702,114.722,236,11,0
2026-09-02 17:00:00,114.721,114.788,114.708,114.767,284,11,0
2026-09-02 17:15:00,114.769,114.792,114.762,114.784,256,11,0
2026-09-02 17:30:00,114.782,114.809,114.77,114.799,292,11,0
2026-09-02 17:45:00,114.797,114.797,114.706,114.767,833,11,0
2026-09-02 18:00:00,114.769,114.833,114.753,114.827,281,11,0
2026-09-02 18:15:00,114.829,114.856,114.768,114.854,562,11,0
2026-09-02 18:30:00,114.855,114.875,114.827,114.875,205,11,0
2026-09-02 18:45:00,114.876,114.877,114.823,114.828,180,11,0
2026-09-02 19:00:00,114.827,114.87,114.817,114.85,190,11,0
2026-09-02 19:15:00,114.848,114.853,114.828,114.832,150,11,0
2026-09-02 19:30:00,114.831,114.849,114.801,114.821,252,11,0
2026-09-02 19:45:00,114.822,114.829,114.716,114.724,350,11,0
2026-09-02 20:00:00,114.723,114.734,114.595,114.613,517,11,0
2026-09-02 20:15:00,114.614,114.661,114.611,114.611,249,11,0
2026-09-02 20:30:00,114.609,114.652,114.609,114.64,164,11,0
2026-09-02 20:45:00,114.641,114.648,114.627,114.628,146,11,0
2026-09-02 21:00:00,114.629,114.638,114.629,114.634,22,38,0
2026-09-02 21:15:00,114.633,114.645,114.63,114.644,82,22,0
2026-09-02 21:30:00,114.645,114.645,114.638,114.644,97,18,0
2026-09-02 21:45:00,114.643,114.645,114.626,114.635,67,27,0
2026-09-02 22:00:00,114.628,114.647,114.609,114.647,52,30,0
2026-09-02 22:15:00,114.648,114.689,114.648,114.667,83,29,0
2026-09-02 22:30:00,114.669,114.692,114.669,114.69,76,29,0
2026-09-02 22:45:00,114.689,114.732,114.678,114.688,97,29,0
2026-09-02 23:00:00,114.697,114.754,114.684,114.751,186,11,0
2026-09-02 23:15:00,114.749,114.749,114.705,114.726,124,11,0
2026-09-02 23:30:00,114.724,114.777,114.724,114.776,89,11,0
2026-09-02 23:45:00,114.777,114.802,114.758,114.778,172,11,0
2026-09-03 00:00:00,114.78,114.852,114.751,114.847,536,11,0
2026-09-03 00:15:00,114.849,114.873,114.789,114.795,530,11,0
2026-09-03 00:30:00,114.793,114.796,114.668,114.703,553,11,0
2026-09-03 00:45:00,114.7,114.701,114.599,114.697,844,11,0
2026-09-03 01:00:00,114.699,114.706,114.611,114.618,683,11,0
2026-09-03 01:15:00,114.617,114.632,114.51,114.511,900,11,0
2026-09-03 01:30:00,114.51,114.514,114.4,114.491,1022,11,0
2026-09-03 01:45:00,114.493,114.571,114.484,114.567,422,11,0
2026-09-03 02:00:00,114.569,114.586,114.421,114.428,742,11,0
2026-09-03 02:15:00,114.426,114.454,114.271,114.286,1093,11,0
2026-09-03 02:30:00,114.288,114.347,114.232,114.318,1188,11,0
2026-09-03 02:45:00,114.317,114.352,114.189,114.261,1001,11,0
2026-09-03 03:00:00,114.259,114.259,113.998,114.055,1242,11,0
2026-09-03 03:15:00,114.053,114.121,114.013,114.088,810,11,0
2026-09-03 03:30:00,114.091,114.19,114.067,114.146,555,11,0
2026-09-03 03:45:00,114.148,114.155,114.06,114.094,486,11,0
2026-09-03 04:00:00,114.095,114.16,114.085,114.098,348,11,0
2026-09-03 04:15:00,114.099,114.119,114.037,114.046,486,11,0
2026-09-03 04:30:00,114.047,114.06,113.947,114.005,763,11,0
2026-09-03 04:45:00,114.003,114.055,113.973,114.011,362,11,0
2026-09-03 05:00:00,114.008,114.09,114.006,114.057,282,11,0
2026-09-03 05:15:00,114.059,114.061,113.927,113.956,632,11,0
2026-09-03 05:30:00,113.954,114.003,113.892,113.964,609,11,0
2026-09-03 05:45:00,113.962,113.962,113.763,113.765,751,11,0
2026-09-03 06:00:00,113.764,113.796,113.701,113.739,1424,11,0
2026-09-03 06:15:00,113.737,113.76,113.671,113.677,922,11,0
2026-09-03 06:30:00,113.676,113.788,113.659,113.68,1080,11,0
2026-09-03 06:45:00,113.682,113.707,113.557,113.63,1270,11,0
2026-09-03 07:00:00,113.627,113.627,113.125,113.37,3648,11,0
2026-09-03 07:15:00,113.368,113.43,113.266,113.424,1575,11,0
2026-09-03 07:30:00,113.427,113.849,113.3,113.705,3816,11,0
2026-09-03 07:45:00,113.703,113.805,113.657,113.669,959,11,0
2026-09-03 08:00:00,113.668,113.739,113.537,113.609,1467,11,0
2026-09-03 08:15:00,113.607,113.701,113.599,113.607,679,11,0
2026-09-03 08:30:00,113.605,113.673,113.517,113.517,556,11,0
2026-09-03 08:45:00,113.514,113.519,113.409,113.505,1069,11,0
2026-09-03 09:00:00,113.504,113.602,113.347,113.405,1857,11,0
2026-09-03 09:15:00,113.402,113.41,113.268,113.323,974,11,0
2026-09-03 09:30:00,113.321,113.377,113.183,113.215,955,11,0
2026-09-03 09:45:00,113.217,113.297,113.108,113.287,1001,11,0
2026-09-03 10:00:00,113.285,113.285,113.115,113.256,935,11,0
2026-09-03 10:15:00,113.255,113.313,113.129,113.177,840,11,0
2026-09-03 10:30:00,113.176,113.312,113.17,113.267,921,11,0
2026-09-03 10:45:00,113.265,113.285,113.217,113.249,597,11,0
2026-09-03 11:00:00,113.247,113.27,113.04,113.054,1345,11,0
2026-09-03 11:15:00,113.056,113.108,112.951,113.102,1645,11,0
2026-09-03 11:30:00,113.105,113.2,113.095,113.185,707,11,0
2026-09-03 11:45:00,113.187,113.238,113.16,113.184,657,11,0
2026-09-03 12:00:00,113.181,113.222,113.024,113.039,1110,11,0
2026-09-03 12:15:00,113.042,113.056,112.821,112.886,1724,11,0
2026-09-03 12:30:00,112.888,112.961,112.742,112.755,2394,11,0
2026-09-03 12:45:00,112.753,112.807,112.649,112.805,1919,11,0
2026-09-03 13:00:00,112.807,112.924,112.789,112.865,1791,11,0
2026-09-03 13:15:00,112.867,112.872,112.704,112.775,1445,11,0
2026-09-03 13:30:00,112.777,112.824,112.753,112.775,1396,11,0
2026-09-03 13:45:00,112.777,112.804,112.617,112.619,1416,11,0
2026-09-03 14:00:00,112.633,112.721,112.609,112.647,1341,11,0
2026-09-03 14:15:00,112.649,112.773,112.623,112.756,1312,11,0
2026-09-03 14:30:00,112.755,112.893,112.703,112.835,1458,11,0
2026-09-03 14:45:00,112.836,112.838,112.687,112.718,1500,11,0
2026-09-03 15:00:00,112.72,112.927,112.687,112.898,1307,11,0
2026-09-03 15:15:00,112.899,112.981,112.841,112.859,1209,11,0
2026-09-03 15:30:00,112.856,112.858,112.748,112.75,1010,11,0
2026-09-03 15:45:00,112.751,112.825,112.742,112.753,799,11,0
2026-09-03 16:00:00,112.755,112.799,112.716,112.768,683,11,0
2026-09-03 16:15:00,112.771,112.895,112.771,112.889,557,11,0
2026-09-03 16:30:00,112.887,112.887,112.774,112.806,557,11,0
2026-09-03 16:45:00,112.804,112.846,112.795,112.827,353,11,0
2026-09-03 17:00:00,112.83,112.903,112.815,112.857,657,11,0
2026-09-03 17:15:00,112.854,112.862,112.797,112.797,389,11,0
2026-09-03 17:30:00,112.8,112.823,112.781,112.783,290,11,0
2026-09-03 17:45:00,112.781,112.792,112.773,112.788,244,11,0
2026-09-03 18:00:00,112.79,112.79,112.731,112.764,332,11,0
2026-09-03 18:15:00,112.763,112.795,112.746,112.758,249,11,0
2026-09-03 18:30:00,112.757,112.828,112.753,112.816,274,11,0
2026-09-03 18:45:00,112.817,112.847,112.779,112.784,380,11,0
2026-09-03 19:00:00,112.786,112.894,112.777,112.884,548,11,0
2026-09-03 19:15:00,112.881,112.939,112.876,112.935,426,11,0
2026-09-03 19:30:00,112.934,112.983,112.916,112.953,535,11,0
2026-09-03 19:45:00,112.952,112.976,112.934,112.976,323,11,0
2026-09-03 20:00:00,112.978,113.028,112.977,113.025,211,11,0
2026-09-03 20:15:00,113.026,113.027,112.955,112.962,161,11,0
2026-09-03 20:30:00,112.961,112.994,112.939,112.984,169,11,0
2026-09-03 20:45:00,112.982,112.982,112.948,112.953,146,11,0
2026-09-03 21:00:00,112.952,112.957,112.95,112.957,16,38,0
2026-09-03 21:15:00,112.955,112.962,112.951,112.957,51,38,0
2026-09-03 21:30:00,112.957,112.964,112.954,112.963,79,42,0
2026-09-03 21:45:00,112.963,112.966,112.958,112.962,58,33,0
2026-09-03 22:00:00,112.957,112.987,112.941,112.97,84,31,0
2026-09-03 22:15:00,112.968,112.999,112.968,112.987,53,30,0
2026-09-03 22:30:00,112.993,113.054,112.993,113.039,99,29,0
2026-09-03 22:45:00,113.043,113.191,113.043,113.178,192,29,0
2026-09-03 23:00:00,113.187,113.216,113.134,113.159,271,11,0
2026-09-03 23:15:00,113.157,113.173,113.079,113.082,268,11,0
2026-09-03 23:30:00,113.08,113.08,112.949,112.999,830,11,0
2026-09-03 23:45:00,112.997,112.997,112.852,112.861,598,11,0
2026-09-04 00:00:00,112.863,112.878,112.609,112.806,1997,11,0
2026-09-04 00:15:00,112.808,112.98,112.805,112.98,941,11,0
2026-09-04 00:30:00,112.978,113.073,112.88,112.942,1167,11,0
2026-09-04 00:45:00,112.939,112.957,112.805,112.954,1541,11,0
2026-09-04 01:00:00,112.955,113.022,112.892,113.017,1051,11,0
2026-09-04 01:15:00,113.02,113.144,112.991,113.054,1073,11,0
2026-09-04 01:30:00,113.052,113.187,113.035,113.163,1040,11,0
2026-09-04 01:45:00,113.162,113.162,113.04,113.04,494,11,0
2026-09-04 02:00:00,113.039,113.085,112.992,113.076,505,11,0
2026-09-04 02:15:00,113.074,113.149,113.045,113.111,490,11,0
2026-09-04 02:30:00,113.113,113.159,113.071,113.111,315,11,0
2026-09-04 02:45:00,113.11,113.177,113.087,113.16,377,11,0
2026-09-04 03:00:00,113.162,113.204,113.149,113.155,351,11,0
2026-09-04 03:15:00,113.154,113.182,113.145,113.18,199,11,0
2026-09-04 03:30:00,113.178,113.366,113.178,113.366,692,11,0
2026-09-04 03:45:00,113.365,113.395,113.323,113.364,541,11,0
2026-09-04 04:00:00,113.365,113.382,113.32,113.375,545,11,0
2026-09-04 04:15:00,113.376,113.425,113.364,113.386,386,11,0
2026-09-04 04:30:00,113.384,113.385,113.3,113.308,265,11,0
2026-09-04 04:45:00,113.31,113.368,113.304,113.342,244,11,0
2026-09-04 05:00:00,113.341,113.394,113.294,113.297,278,11,0
2026-09-04 05:15:00,113.298,113.361,113.278,113.313,274,11,0
2026-09-04 05:30:00,113.315,113.366,113.304,113.361,258,11,0
2026-09-04 05:45:00,113.362,113.405,113.33,113.358,472,11,0
2026-09-04 06:00:00,113.359,113.449,113.264,113.291,1368,11,0
2026-09-04 06:15:00,113.294,113.351,113.233,113.241,879,11,0
2026-09-04 06:30:00,113.242,113.276,113.184,113.198,888,11,0
2026-09-04 06:45:00,113.2,113.308,113.18,113.301,569,11,0
2026-09-04 07:00:00,113.299,113.399,113.29,113.333,748,11,0
2026-09-04 07:15:00,113.331,113.347,113.284,113.285,594,11,0
2026-09-04 07:30:00,113.287,113.317,113.252,113.262,653,11,0
2026-09-04 07:45:00,113.26,113.279,113.209,113.225,631,11,0
2026-09-04 08:00:00,113.224,113.3,113.222,113.283,515,11,0
2026-09-04 08:15:00,113.281,113.304,113.254,113.274,418,11,0
2026-09-04 08:30:00,113.272,113.304,113.236,113.274,461,11,0
2026-09-04 08:45:00,113.275,113.341,113.251,113.331,424,11,0
2026-09-04 09:00:00,113.332,113.356,113.27,113.285,363,11,0
2026-09-04 09:15:00,113.284,113.312,113.241,113.304,375,11,0
2026-09-04 09:30:00,113.305,113.43,113.305,113.389,693,11,0
2026-09-04 09:45:00,113.39,113.39,113.338,113.354,403,11,0
2026-09-04 10:00:00,113.352,113.358,113.299,113.3,340,11,0
2026-09-04 10:15:00,113.299,113.311,113.233,113.259,389,11,0
2026-09-04 10:30:00,113.257,113.296,113.223,113.262,386,11,0
2026-09-04 10:45:00,113.264,113.267,113.203,113.217,298,11,0
2026-09-04 11:00:00,113.216,113.249,113.182,113.196,408,11,0
2026-09-04 11:15:00,113.197,113.229,113.168,113.18,336,11,0
2026-09-04 11:30:00,113.179,113.197,113.161,113.161,292,11,0
2026-09-04 11:45:00,113.159,113.218,113.125,113.214,459,11,0
2026-09-04 12:00:00,113.215,113.235,113.183,113.187,522,11,0
2026-09-04 12:15:00,113.186,113.208,113.099,113.12,797,11,0
2026-09-04 12:30:00,113.122,113.413,112.656,112.747,3945,11,0
2026-09-04 12:45:00,112.749,112.819,112.024,112.267,7468,11,0
2026-09-04 13:00:00,112.269,112.624,112.267,112.614,2573,11,0
2026-09-04 13:15:00,112.612,112.622,112.417,112.43,2193,11,0
2026-09-04 13:30:00,112.432,112.479,112.261,112.402,2199,11,0
2026-09-04 13:45:00,112.403,112.513,112.374,112.47,1428,11,0
2026-09-04 14:00:00,112.469,112.674,112.468,112.617,1379,11,0
2026-09-04 14:15:00,112.619,112.668,112.591,112.638,1216,11,0
2026-09-04 14:30:00,112.64,112.663,112.516,112.651,1328,11,0
2026-09-04 14:45:00,112.653,112.808,112.649,112.776,1090,11,0
2026-09-04 15:00:00,112.773,112.81,112.673,112.673,862,11,0
2026-09-04 15:15:00,112.675,112.794,112.675,112.79,642,11,0
2026-09-04 15:30:00,112.792,112.819,112.765,112.808,550,11,0
2026-09-04 15:45:00,112.807,112.837,112.769,112.825,541,11,0
2026-09-04 16:00:00,112.827,112.831,112.787,112.811,449,11,0
2026-09-04 16:15:00,112.813,112.814,112.74,112.777,377,11,0
2026-09-04 16:30:00,112.775,112.782,112.751,112.762,328,11,0
2026-09-04 16:45:00,112.76,112.802,112.715,112.738,368,11,0
2026-09-04 17:00:00,112.74,112.851,112.74,112.805,505,11,0
2026-09-04 17:15:00,112.804,112.844,112.791,112.831,316,11,0
2026-09-04 17:30:00,112.832,112.853,112.804,112.82,324,11,0
2026-09-04 17:45:00,112.823,112.829,112.782,112.821,251,11,0
2026-09-04 18:00:00,112.819,112.837,112.795,112.829,272,11,0
2026-09-04 18:15:00,112.83,112.86,112.809,112.859,211,11,0
2026-09-04 18:30:00,112.858,112.901,112.853,112.889,252,11,0
2026-09-04 18:45:00,112.888,112.914,112.879,112.879,243,11,0
2026-09-04 19:00:00,112.881,112.918,112.881,112.91,203,11,0
2026-09-04 19:15:00,112.912,112.944,112.903,112.944,141,11,0
2026-09-04 19:30:00,112.942,112.966,112.93,112.96,157,11,0
2026-09-04 19:45:00,112.959,112.984,112.95,112.95,197,11,0
2026-09-04 20:00:00,112.951,112.963,112.932,112.937,148,11,0
2026-09-04 20:15:00,112.939,112.962,112.881,112.912,170,11,0
2026-09-04 20:30:00,112.91,112.946,112.897,112.899,217,11,0
2026-09-04 20:45:00,112.896,112.912,112.883,112.906,115,11,0
2026-09-06 21:00:00,112.715,112.785,112.712,112.785,27,74,0
2026-09-06 21:15:00,112.786,112.813,112.772,112.802,97,75,0
2026-09-06 21:30:00,112.801,112.875,112.799,112.874,88,57,0
2026-09-06 21:45:00,112.875,112.883,112.861,112.866,52,36,0
2026-09-06 22:00:00,112.857,112.933,112.818,112.91,98,49,0
2026-09-06 22:15:00,112.909,112.918,112.906,112.912,22,45,0
2026-09-06 22:30:00,112.917,112.932,112.91,112.913,39,43,0
2026-09-06 22:45:00,112.916,112.916,112.893,112.896,43,41,0
2026-09-06 23:00:00,112.911,112.912,112.858,112.858,172,11,0
2026-09-06 23:15:00,112.861,112.876,112.846,112.863,108,11,0
2026-09-06 23:30:00,112.865,112.891,112.844,112.891,169,11,0
2026-09-06 23:45:00,112.893,112.936,112.886,112.904,242,11,0
2026-09-07 00:00:00,112.903,112.928,112.819,112.833,752,11,0
2026-09-07 00:15:00,112.834,112.853,112.682,112.684,542,11,0
2026-09-07 00:30:00,112.682,112.717,112.629,112.707,706,11,0
2026-09-07 00:45:00,112.705,112.751,112.679,112.706,665,11,0
2026-09-07 01:00:00,112.703,112.765,112.679,112.742,844,11,0
2026-09-07 01:15:00,112.741,112.812,112.741,112.81,523,11,0
2026-09-07 01:30:00,112.812,112.854,112.805,112.81,385,11,0
2026-09-07 01:45:00,112.809,112.828,112.759,112.768,293,11,0
2026-09-07 02:00:00,112.77,112.846,112.755,112.845,248,11,0
2026-09-07 02:15:00,112.847,112.856,112.822,112.827,240,11,0
2026-09-07 02:30:00,112.825,112.891,112.814,112.885,189,11,0
2026-09-07 02:45:00,112.887,112.894,112.849,112.855,163,11,0
2026-09-07 03:00:00,112.853,112.868,112.81,112.81,193,11,0
2026-09-07 03:15:00,112.809,112.82,112.769,112.776,154,11,0
2026-09-07 03:30:00,112.774,112.821,112.771,112.812,171,11,0
2026-09-07 03:45:00,112.813,112.826,112.77,112.78,172,11,0
2026-09-07 04:00:00,112.781,112.851,112.781,112.844,142,11,0
2026-09-07 04:15:00,112.843,112.862,112.833,112.859,122,11,0
2026-09-07 04:30:00,112.861,112.863,112.79,112.795,233,11,0
2026-09-07 04:45:00,112.797,112.817,112.778,112.792,260,11,0
2026-09-07 05:00:00,112.79,112.81,112.763,112.796,255,11,0
2026-09-07 05:15:00,112.799,112.817,112.778,112.778,147,11,0
2026-09-07 05:30:00,112.777,112.78,112.735,112.752,230,11,0
2026-09-07 05:45:00,112.75,112.761,112.632,112.647,378,11,0
2026-09-07 06:00:00,112.648,112.684,112.621,112.66,452,11,0
2026-09-07 06:15:00,112.661,112.671,112.459,112.566,741,11,0
2026-09-07 06:30:00,112.564,112.585,112.521,112.574,588,11,0
2026-09-07 06:45:00,112.576,112.668,112.576,112.666,380,11,0
2026-09-07 07:00:00,112.668,112.699,112.621,112.648,404,11,0
2026-09-07 07:15:00,112.65,112.669,112.528,112.528,566,11,0
2026-09-07 07:30:00,112.527,112.607,112.516,112.607,476,11,0
2026-09-07 07:45:00,112.61,112.619,112.452,112.47,884,11,0
2026-09-07 08:00:00,112.472,112.482,111.801,111.926,4538,11,0
2026-09-07 08:15:00,111.924,111.997,111.499,111.509,3764,11,0
2026-09-07 08:30:00,111.508,111.73,111.454,111.705,2936,11,0
2026-09-07 08:45:00,111.703,111.793,111.573,111.722,1454,11,0
2026-09-07 09:00:00,111.725,111.751,111.648,111.726,841,11,0
2026-09-07 09:15:00,111.728,111.743,111.545,111.563,758,11,0
2026-09-07 09:30:00,111.562,111.705,111.562,111.681,629,11,0
2026-09-07 09:45:00,111.679,111.809,111.663,111.761,451,11,0
2026-09-07 10:00:00,111.759,111.854,111.752,111.849,579,11,0
2026-09-07 10:15:00,111.851,111.94,111.843,111.922,450,11,0
2026-09-07 10:30:00,111.921,111.985,111.9,111.959,402,11,0
2026-09-07 10:45:00,111.961,111.961,111.883,111.919,554,11,0
2026-09-07 11:00:00,111.922,111.99,111.918,111.954,520,11,0
2026-09-07 11:15:00,111.957,112.0,111.903,111.907,415,11,0
2026-09-07 11:30:00,111.905,111.924,111.862,111.916,337,11,0
2026-09-07 11:45:00,111.917,111.954,111.915,111.948,348,11,0
2026-09-07 12:00:00,111.946,111.984,111.925,111.977,308,11,0
2026-09-07 12:15:00,111.978,111.998,111.791,111.801,909,11,0
2026-09-07 12:30:00,111.804,111.821,111.681,111.692,923,11,0
2026-09-07 12:45:00,111.694,111.846,111.69,111.843,745,11,0
2026-09-07 13:00:00,111.841,111.876,111.731,111.744,571,11,0
2026-09-07 13:15:00,111.746,111.805,111.729,111.788,541,11,0
2026-09-07 13:30:00,111.786,111.83,111.74,111.781,564,11,0
2026-09-07 13:45:00,111.78,111.931,111.76,111.886,580,11,0
2026-09-07 14:00:00,111.887,111.992,111.869,111.9,764,11,0
2026-09-07 14:15:00,111.901,111.908,111.775,111.777,671,11,0
2026-09-07 14:30:00,111.779,111.809,111.758,111.801,534,11,0
2026-09-07 14:45:00,111.799,111.847,111.729,111.741,657,11,0
2026-09-07 15:00:00,111.742,111.827,111.74,111.769,763,11,0
2026-09-07 15:15:00,111.767,111.781,111.705,111.711,308,11,0
2026-09-07 15:30:00,111.709,111.77,111.687,111.742,284,11,0
2026-09-07 15:45:00,111.741,111.807,111.741,111.782,186,11,0
2026-09-07 16:00:00,111.785,111.8,111.764,111.773,123,11,0
2026-09-07 16:15:00,111.771,111.781,111.751,111.766,119,11,0
2026-09-07 16:30:00,111.765,111.765,111.711,111.711,111,11,0
2026-09-07 16:45:00,111.712,111.759,111.709,111.724,152,11,0
2026-09-07 17:00:00,111.723,111.741,111.719,111.723,123,11,0
2026-09-07 17:15:00,111.724,111.737,111.721,111.729,65,11,0
2026-09-07 17:30:00,111.73,111.748,111.73,111.742,57,11,0
2026-09-07 17:45:00,111.74,111.771,111.74,111.749,76,11,0
2026-09-07 18:00:00,111.75,111.75,111.737,111.743,31,11,0
2026-09-07 18:15:00,111.74,111.741,111.729,111.729,24,11,0
2026-09-07 18:30:00,111.728,111.729,111.719,111.722,22,11,0
2026-09-07 18:45:00,111.721,111.729,111.717,111.717,32,11,0
2026-09-07 19:00:00,111.718,111.728,111.718,111.723,35,11,0
2026-09-07 19:15:00,111.725,111.73,111.695,111.7,54,11,0
2026-09-07 19:30:00,111.702,111.723,111.702,111.719,55,11,0
2026-09-07 19:45:00,111.718,111.725,111.713,111.723,35,11,0
2026-09-07 20:00:00,111.721,111.752,111.718,111.751,60,11,0
2026-09-07 20:15:00,111.749,111.762,111.74,111.743,53,11,0
2026-09-07 20:30:00,111.745,111.761,111.723,111.761,56,11,0
2026-09-07 20:45:00,111.763,111.768,111.718,111.719,64,11,0
2026-09-07 21:00:00,111.718,111.722,111.716,111.719,50,38,0
2026-09-07 21:15:00,111.718,111.73,111.717,111.724,34,17,0
2026-09-07 21:30:00,111.722,111.724,111.688,111.713,56,21,0
2026-09-07 21:45:00,111.713,111.728,111.709,111.728,78,21,0
2026-09-07 22:00:00,111.729,111.741,111.69,111.733,60,30,0
2026-09-07 22:15:00,111.734,111.734,111.594,111.606,131,30,0
2026-09-07 22:30:00,111.603,111.668,111.603,111.655,145,29,0
2026-09-07 22:45:00,111.658,111.663,111.596,111.604,130,28,0
2026-09-07 23:00:00,111.613,111.615,111.484,111.498,492,11,0
2026-09-07 23:15:00,111.5,111.547,111.386,111.482,1053,11,0
2026-09-07 23:30:00,111.48,111.557,111.428,111.477,899,11,0
2026-09-07 23:45:00,111.48,111.545,111.412,111.43,604,11,0
2026-09-08 00:00:00,111.432,111.479,111.282,111.341,1692,11,0
2026-09-08 00:15:00,111.338,111.351,111.21,111.216,1214,11,0
2026-09-08 00:30:00,111.214,111.371,111.203,111.371,671,11,0
2026-09-08 00:45:00,111.369,111.395,111.256,111.376,926,11,0
2026-09-08 01:00:00,111.374,111.39,111.308,111.309,930,11,0
2026-09-08 01:15:00,111.311,111.332,111.16,111.167,922,11,0
2026-09-08 01:30:00,111.168,111.258,111.116,111.228,917,11,0
2026-09-08 01:45:00,111.226,111.292,111.116,111.117,697,11,0
2026-09-08 02:00:00,111.115,111.115,110.97,111.025,1074,11,0
2026-09-08 02:15:00,111.024,111.024,110.769,110.84,1512,11,0
2026-09-08 02:30:00,110.839,111.022,110.839,110.897,1047,11,0
2026-09-08 02:45:00,110.898,111.06,110.88,111.054,721,11,0
2026-09-08 03:00:00,111.056,111.062,110.948,111.027,636,11,0
2026-09-08 03:15:00,111.028,111.079,111.025,111.039,504,11,0
2026-09-08 03:30:00,111.037,111.064,110.972,110.979,432,11,0
2026-09-08 03:45:00,110.981,111.087,110.935,111.072,421,11,0
2026-09-08 04:00:00,111.074,111.167,111.0,111.075,670,11,0
2026-09-08 04:15:00,111.073,111.194,111.06,111.18,518,11,0
2026-09-08 04:30:00,111.178,111.251,111.146,111.21,447,11,0
2026-09-08 04:45:00,111.209,111.256,111.165,111.183,380,11,0
2026-09-08 05:00:00,111.184,111.202,111.082,111.093,420,11,0
2026-09-08 05:15:00,111.095,111.244,111.063,111.244,582,11,0
2026-09-08 05:30:00,111.246,111.304,111.22,111.226,623,11,0
2026-09-08 05:45:00,111.225,111.307,111.167,111.169,645,11,0
2026-09-08 06:00:00,111.167,111.394,111.156,111.384,1080,11,0
2026-09-08 06:15:00,111.387,111.55,111.371,111.5,1137,11,0
2026-09-08 06:30:00,111.501,111.607,111.465,111.467,1069,11,0
2026-09-08 06:45:00,111.465,111.495,111.395,111.459,868,11,0
2026-09-08 07:00:00,111.461,111.641,111.461,111.632,1419,11,0
2026-09-08 07:15:00,111.631,111.647,111.502,111.515,816,11,0
2026-09-08 07:30:00,111.514,111.598,111.489,111.543,911,11,0
2026-09-08 07:45:00,111.546,111.589,111.458,111.486,834,11,0
2026-09-08 08:00:00,111.484,111.669,111.455,111.584,1773,11,0
2026-09-08 08:15:00,111.586,111.648,111.47,111.544,985,11,0
2026-09-08 08:30:00,111.542,111.738,111.537,111.721,900,11,0
2026-09-08 08:45:00,111.722,111.818,111.631,111.7,1230,11,0
2026-09-08 09:00:00,111.701,111.716,111.608,111.658,721,11,0
2026-09-08 09:15:00,111.66,111.666,111.549,111.564,492,11,0
2026-09-08 09:30:00,111.566,111.637,111.439,111.53,1426,11,0
2026-09-08 09:45:00,111.531,111.554,111.467,111.527,664,11,0
2026-09-08 10:00:00,111.525,111.59,111.518,111.59,522,11,0
2026-09-08 10:15:00,111.591,111.637,111.547,111.623,654,11,0
2026-09-08 10:30:00,111.625,111.643,111.601,111.635,446,11,0
2026-09-08 10:45:00,111.634,111.685,111.587,111.675,427,11,0
2026-09-08 11:00:00,111.676,111.828,111.667,111.756,831,11,0
2026-09-08 11:15:00,111.754,111.765,111.698,111.707,511,11,0
2026-09-08 11:30:00,111.709,111.772,111.706,111.752,576,11,0
2026-09-08 11:45:00,111.751,111.829,111.743,111.76,498,11,0
2026-09-08 12:00:00,111.758,111.783,111.7,111.7,595,11,0
2026-09-08 12:15:00,111.698,111.712,111.508,111.538,1092,11,0
2026-09-08 12:30:00,111.536,111.655,111.485,111.593,1129,11,0
2026-09-08 12:45:00,111.595,111.614,111.513,111.538,946,11,0
2026-09-08 13:00:00,111.537,111.634,111.479,111.632,985,11,0
2026-09-08 13:15:00,111.633,111.709,111.584,111.59,830,11,0
2026-09-08 13:30:00,111.588,111.65,111.503,111.649,1018,11,0
2026-09-08 13:45:00,111.648,111.65,111.568,111.571,788,11,0
2026-09-08 14:00:00,111.572,111.832,111.559,111.832,957,11,0
2026-09-08 14:15:00,111.834,111.924,111.764,111.889,658,11,0
2026-09-08 14:30:00,111.887,111.911,111.836,111.906,742,11,0
2026-09-08 14:45:00,111.909,111.921,111.727,111.77,988,11,0
2026-09-08 15:00:00,111.767,111.981,111.767,111.979,673,11,0
2026-09-08 15:15:00,111.981,112.009,111.924,111.938,463,11,0
2026-09-08 15:30:00,111.937,111.939,111.856,111.905,399,11,0
2026-09-08 15:45:00,111.907,111.932,111.875,111.929,397,11,0
2026-09-08 16:00:00,111.928,111.934,111.876,111.901,310,11,0
2026-09-08 16:15:00,111.903,111.95,111.869,111.882,348,11,0
2026-09-08 16:30:00,111.881,111.894,111.854,111.88,245,11,0
2026-09-08 16:45:00,111.878,111.915,111.864,111.884,370,11,0
2026-09-08 17:00:00,111.883,111.919,111.847,111.888,312,11,0
2026-09-08 17:15:00,111.887,111.91,111.875,111.882,180,11,0
2026-09-08 17:30:00,111.883,111.919,111.863,111.887,216,11,0
2026-09-08 17:45:00,111.888,111.925,111.878,111.888,239,11,0
2026-09-08 18:00:00,111.889,111.987,111.886,111.98,231,11,0
2026-09-08 18:15:00,111.982,112.01,111.914,111.931,582,11,0
2026-09-08 18:30:00,111.932,111.947,111.798,111.826,649,11,0
2026-09-08 18:45:00,111.825,111.958,111.348,111.452,2204,11,0
2026-09-08 19:00:00,111.453,111.664,111.453,111.628,963,11,0
2026-09-08 19:15:00,111.627,111.684,111.609,111.669,410,11,0
2026-09-08 19:30:00,111.667,111.685,111.602,111.658,408,11,0
2026-09-08 19:45:00,111.66,111.742,111.66,111.718,376,11,0
2026-09-08 20:00:00,111.717,111.754,111.687,111.73,228,11,0
2026-09-08 20:15:00,111.732,111.746,111.7,111.712,229,11,0
2026-09-08 20:30:00,111.711,111.734,111.657,111.73,362,11,0
2026-09-08 20:45:00,111.729,111.751,111.708,111.715,145,11,0
2026-09-08 21:00:00,111.714,111.715,111.711,111.713,9,38,0
2026-09-08 21:15:00,111.711,111.711,111.655,111.655,49,38,0
2026-09-08 21:30:00,111.656,111.657,111.573,111.576,98,97,0
2026-09-08 21:45:00,111.573,111.6,111.554,111.596,108,89,0
2026-09-08 22:00:00,111.603,111.676,111.52,111.537,159,30,0
2026-09-08 22:15:00,111.537,111.539,111.478,111.478,90,29,0
2026-09-08 22:30:00,111.469,111.528,111.45,111.528,105,29,0
2026-09-08 22:45:00,111.53,111.543,111.5,111.519,102,28,0
2026-09-08 23:00:00,111.528,111.528,111.426,111.431,348,11,0
2026-09-08 23:15:00,111.428,111.452,111.388,111.428,308,11,0
2026-09-08 23:30:00,111.426,111.486,111.388,111.401,469,11,0
2026-09-08 23:45:00,111.4,111.436,111.358,111.387,610,11,0
2026-09-09 00:00:00,111.39,111.392,111.285,111.301,947,11,0
2026-09-09 00:15:00,111.299,111.338,111.254,111.313,719,11,0
2026-09-09 00:30:00,111.315,111.504,111.315,111.503,810,11,0
2026-09-09 00:45:00,111.502,111.588,111.481,111.488,773,11,0
2026-09-09 01:00:00,111.487,111.589,111.476,111.563,648,11,0
2026-09-09 01:15:00,111.561,111.615,111.519,111.6,490,11,0
2026-09-09 01:30:00,111.599,111.603,111.481,111.534,387,11,0
2026-09-09 01:45:00,111.536,111.536,111.444,111.449,471,11,0
2026-09-09 02:00:00,111.451,111.512,111.442,111.455,368,11,0
2026-09-09 02:15:00,111.457,111.529,111.454,111.507,481,11,0
2026-09-09 02:30:00,111.505,111.513,111.442,111.451,312,11,0
2026-09-09 02:45:00,111.449,111.452,111.393,111.428,297,11,0
2026-09-09 03:00:00,111.429,111.489,111.418,111.484,377,11,0
2026-09-09 03:15:00,111.487,111.499,111.447,111.455,230,11,0
2026-09-09 03:30:00,111.454,111.457,111.346,111.349,368,11,0
2026-09-09 03:45:00,111.351,111.407,111.323,111.387,466,11,0
2026-09-09 04:00:00,111.389,111.404,111.308,111.338,354,11,0
2026-09-09 04:15:00,111.337,111.354,111.306,111.321,329,11,0
2026-09-09 04:30:00,111.32,111.389,111.305,111.353,316,11,0
2026-09-09 04:45:00,111.351,111.428,111.35,111.42,318,11,0
2026-09-09 05:00:00,111.419,111.434,111.347,111.417,397,11,0
2026-09-09 05:15:00,111.42,111.425,111.321,111.328,296,11,0
2026-09-09 05:30:00,111.326,111.359,111.3,111.354,430,11,0
2026-09-09 05:45:00,111.356,111.374,111.249,111.293,551,11,0
2026-09-09 06:00:00,111.291,111.321,111.174,111.177,854,11,0
2026-09-09 06:15:00,111.176,111.205,111.053,111.205,1017,11,0
2026-09-09 06:30:00,111.207,111.345,111.207,111.342,795,11,0
2026-09-09 06:45:00,111.344,111.358,111.296,111.358,544,11,0
2026-09-09 07:00:00,111.356,111.368,111.177,111.225,926,11,0
2026-09-09 07:15:00,111.222,111.349,111.205,111.3,709,11,0
2026-09-09 07:30:00,111.298,111.348,111.191,111.218,727,11,0
2026-09-09 07:45:00,111.22,111.264,111.153,111.163,803,11,0
2026-09-09 08:00:00,111.165,111.329,111.151,111.298,921,11,0
2026-09-09 08:15:00,111.296,111.459,111.286,111.448,760,11,0
2026-09-09 08:30:00,111.446,111.542,111.445,111.504,685,11,0
2026-09-09 08:45:00,111.501,111.53,111.457,111.508,607,11,0
2026-09-09 09:00:00,111.506,111.522,111.432,111.432,409,11,0
2026-09-09 09:15:00,111.43,111.463,111.388,111.393,364,11,0
2026-09-09 09:30:00,111.391,111.423,111.346,111.348,365,11,0
2026-09-09 09:45:00,111.347,111.494,111.34,111.481,409,11,0
2026-09-09 10:00:00,111.48,111.48,111.426,111.461,504,11,0
2026-09-09 10:15:00,111.459,111.51,111.392,111.414,429,11,0
2026-09-09 10:30:00,111.416,111.46,111.391,111.46,183,11,0
2026-09-09 10:45:00,111.462,111.469,111.391,111.41,364,11,0
2026-09-09 11:00:00,111.413,111.441,111.329,111.349,461,11,0
2026-09-09 11:15:00,111.347,111.378,111.321,111.329,395,11,0
2026-09-09 11:30:00,111.328,111.395,111.325,111.373,412,11,0
2026-09-09 11:45:00,111.372,111.375,111.257,111.271,645,11,0
2026-09-09 12:00:00,111.272,111.364,111.257,111.331,624,11,0
2026-09-09 12:15:00,111.332,111.407,111.314,111.391,678,11,0
2026-09-09 12:30:00,111.389,111.418,111.34,111.36,496,11,0
2026-09-09 12:45:00,111.358,111.358,111.276,111.285,583,11,0
2026-09-09 13:00:00,111.286,111.295,111.207,111.214,608,11,0
2026-09-09 13:15:00,111.215,111.282,111.189,111.254,476,11,0
2026-09-09 13:30:00,111.252,111.286,111.218,111.224,664,11,0
2026-09-09 13:45:00,111.222,111.252,111.127,111.162,747,11,0
2026-09-09 14:00:00,111.16,111.182,111.045,111.045,833,11,0
2026-09-09 14:15:00,111.043,111.154,111.043,111.098,841,11,0
2026-09-09 14:30:00,111.1,111.126,111.042,111.11,600,11,0
2026-09-09 14:45:00,111.109,111.158,111.038,111.056,985,11,0
2026-09-09 15:00:00,111.059,111.362,111.032,111.334,2594,11,0
2026-09-09 15:15:00,111.336,111.336,111.169,111.182,1021,11,0
2026-09-09 15:30:00,111.18,111.188,111.059,111.14,1207,11,0
2026-09-09 15:45:00,111.142,111.209,111.11,111.205,704,11,0
2026-09-09 16:00:00,111.206,111.25,111.172,111.198,637,11,0
2026-09-09 16:15:00,111.196,111.296,111.196,111.263,555,11,0
2026-09-09 16:30:00,111.262,111.269,111.2,111.222,369,11,0
2026-09-09 16:45:00,111.22,111.24,111.198,111.235,317,11,0
2026-09-09 17:00:00,111.234,111.241,111.167,111.184,391,11,0
2026-09-09 17:15:00,111.182,111.237,111.182,111.224,270,11,0
2026-09-09 17:30:00,111.226,111.257,111.177,111.185,309,11,0
2026-09-09 17:45:00,111.183,111.211,111.172,111.189,254,11,0
2026-09-09 18:00:00,111.188,111.218,111.173,111.191,246,11,0
2026-09-09 18:15:00,111.193,111.2,111.16,111.197,204,11,0
2026-09-09 18:30:00,111.198,111.254,111.194,111.252,263,11,0
2026-09-09 18:45:00,111.254,111.31,111.249,111.256,345,11,0
2026-09-09 19:00:00,111.257,111.327,111.257,111.327,262,11,0
2026-09-09 19:15:00,111.325,111.325,111.248,111.258,201,11,0
2026-09-09 19:30:00,111.259,111.269,111.229,111.254,168,11,0
2026-09-09 19:45:00,111.256,111.277,111.235,111.259,224,11,0
2026-09-09 20:00:00,111.257,111.289,111.243,111.257,143,11,0
2026-09-09 20:15:00,111.259,111.259,111.225,111.233,120,11,0
2026-09-09 20:30:00,111.232,111.252,111.218,111.218,123,11,0
2026-09-09 20:45:00,111.22,111.236,111.212,111.213,135,11,0
2026-09-09 21:00:00,111.214,111.222,111.213,111.222,13,38,0
2026-09-09 21:15:00,111.221,111.223,111.21,111.21,147,41,0
2026-09-09 21:30:00,111.212,111.228,111.207,111.224,128,56,0
2026-09-09 21:45:00,111.223,111.24,111.222,111.24,45,41,0
2026-09-09 22:00:00,111.236,111.237,111.191,111.211,75,31,0
2026-09-09 22:15:00,111.206,111.207,111.132,111.14,79,30,0
2026-09-09 22:30:00,111.131,111.134,111.096,111.098,78,29,0
2026-09-09 22:45:00,111.099,111.124,111.098,111.11,64,29,0
2026-09-09 23:00:00,111.122,111.131,111.085,111.116,163,11,0
2026-09-09 23:15:00,111.117,111.158,111.11,111.148,128,11,0
2026-09-09 23:30:00,111.147,111.198,111.123,111.185,165,11,0
2026-09-09 23:45:00,111.184,111.277,111.179,111.228,358,11,0
2026-09-10 00:00:00,111.23,111.271,111.174,111.215,557,11,0
2026-09-10 00:15:00,111.217,111.287,111.213,111.283,565,11,0
2026-09-10 00:30:00,111.281,111.324,111.25,111.306,393,11,0
2026-09-10 00:45:00,111.303,111.337,111.258,111.322,671,11,0
2026-09-10 01:00:00,111.323,111.334,111.237,111.254,505,11,0
2026-09-10 01:15:00,111.256,111.307,111.227,111.305,396,11,0
2026-09-10 01:30:00,111.303,111.328,111.25,111.294,409,11,0
