time,open,high,low,close,tick_volume,spread,real_volume
2026-04-16 21:45:00,1.6443400000000001,1.64508,1.64413,1.64499,176,42,0
2026-04-16 22:00:00,1.64503,1.64569,1.64447,1.64548,150,25,0
2026-04-16 22:15:00,1.64546,1.64554,1.64519,1.64542,91,25,0
2026-04-16 22:30:00,1.6454,1.64544,1.64517,1.64543,84,25,0
2026-04-16 22:45:00,1.64541,1.64541,1.6451799999999999,1.64526,57,25,0
2026-04-16 23:00:00,1.6452900000000001,1.6454499999999999,1.64514,1.64528,115,17,0
2026-04-16 23:15:00,1.64527,1.64527,1.64481,1.6449500000000001,88,17,0
2026-04-16 23:30:00,1.645,1.64505,1.6448,1.64501,78,17,0
2026-04-16 23:45:00,1.64505,1.6457000000000002,1.645,1.64562,154,17,0
2026-04-17 00:00:00,1.6456499999999998,1.6461299999999999,1.64543,1.64573,391,17,0
2026-04-17 00:15:00,1.64574,1.64593,1.64494,1.6453600000000002,341,17,0
2026-04-17 00:30:00,1.64539,1.64553,1.64463,1.64463,272,17,0
2026-04-17 00:45:00,1.6446399999999999,1.64516,1.64431,1.6448,317,17,0
2026-04-17 01:00:00,1.64482,1.64489,1.64425,1.64447,361,17,0
2026-04-17 01:15:00,1.64445,1.6444800000000002,1.6439300000000001,1.64421,279,17,0
2026-04-17 01:30:00,1.64422,1.64453,1.6437300000000001,1.6437300000000001,320,17,0
2026-04-17 01:45:00,1.64375,1.64415,1.64363,1.64413,294,17,0
2026-04-17 02:00:00,1.64417,1.64426,1.64384,1.64405,219,17,0
2026-04-17 02:15:00,1.64406,1.6443400000000001,1.6439599999999999,1.64432,186,17,0
2026-04-17 02:30:00,1.64433,1.64433,1.6438199999999998,1.64415,182,17,0
2026-04-17 02:45:00,1.64417,1.64438,1.64405,1.6442700000000001,119,17,0
2026-04-17 03:00:00,1.64429,1.64435,1.64371,1.64422,167,17,0
2026-04-17 03:15:00,1.6442,1.64467,1.64405,1.64456,152,17,0
2026-04-17 03:30:00,1.64459,1.6447500000000002,1.64436,1.6444299999999998,170,17,0
2026-04-17 03:45:00,1.6444100000000001,1.64458,1.64432,1.6444299999999998,123,17,0
2026-04-17 04:00:00,1.64445,1.6444999999999999,1.64418,1.64418,108,17,0
2026-04-17 04:15:00,1.64417,1.64419,1.6433900000000001,1.6433900000000001,147,17,0
2026-04-17 04:30:00,1.6434199999999999,1.6437599999999999,1.6434199999999999,1.6437599999999999,108,17,0
2026-04-17 04:45:00,1.64377,1.6438700000000002,1.64345,1.64357,117,17,0
2026-04-17 05:00:00,1.6435499999999998,1.64386,1.64316,1.6431900000000002,272,17,0
2026-04-17 05:15:00,1.64316,1.6437,1.643,1.6435499999999998,227,17,0
2026-04-17 05:30:00,1.64352,1.64399,1.64341,1.64371,245,17,0
2026-04-17 05:45:00,1.6437,1.64371,1.64318,1.6433,182,17,0
2026-04-17 06:00:00,1.6432799999999999,1.6442,1.64318,1.6438199999999998,432,17,0
2026-04-17 06:15:00,1.64381,1.6439,1.64317,1.64348,384,17,0
2026-04-17 06:30:00,1.6435,1.6438700000000002,1.6431499999999999,1.6434199999999999,336,17,0
2026-04-17 06:45:00,1.64341,1.64415,1.6431900000000002,1.64408,319,17,0
2026-04-17 07:00:00,1.64406,1.64412,1.64345,1.64394,398,17,0
2026-04-17 07:15:00,1.6439300000000001,1.64451,1.64379,1.64379,334,17,0
2026-04-17 07:30:00,1.64377,1.64405,1.64365,1.6436899999999999,307,17,0
2026-04-17 07:45:00,1.64367,1.64374,1.6426699999999999,1.64273,347,17,0
2026-04-17 08:00:00,1.6427,1.6431200000000001,1.6425,1.64297,375,17,0
2026-04-17 08:15:00,1.6429399999999998,1.6433200000000001,1.64282,1.64286,261,17,0
2026-04-17 08:30:00,1.64288,1.64289,1.64221,1.64235,256,17,0
2026-04-17 08:45:00,1.64237,1.6427100000000001,1.6421700000000001,1.64262,320,17,0
2026-04-17 09:00:00,1.6426500000000002,1.6430099999999999,1.64226,1.643,375,17,0
2026-04-17 09:15:00,1.6430099999999999,1.64388,1.64296,1.6438700000000002,265,17,0
2026-04-17 09:30:00,1.6438899999999999,1.6444,1.64381,1.64413,287,17,0
2026-04-17 09:45:00,1.64415,1.64439,1.64391,1.64417,267,17,0
2026-04-17 10:00:00,1.64419,1.6443699999999999,1.64363,1.64386,241,17,0
2026-04-17 10:15:00,1.6438700000000002,1.6443699999999999,1.6438700000000002,1.64394,197,17,0
2026-04-17 10:30:00,1.64395,1.64446,1.6436,1.6444,237,17,0
2026-04-17 10:45:00,1.6443699999999999,1.64474,1.64391,1.64469,274,17,0
2026-04-17 11:00:00,1.64471,1.64531,1.6444999999999999,1.64523,252,17,0
2026-04-17 11:15:00,1.6452499999999999,1.6454900000000001,1.64485,1.64528,215,17,0
2026-04-17 11:30:00,1.6452499999999999,1.64527,1.6441599999999998,1.64435,286,17,0
2026-04-17 11:45:00,1.6443400000000001,1.64439,1.6440299999999999,1.64415,319,17,0
2026-04-17 12:00:00,1.64418,1.64453,1.64367,1.64386,421,17,0
2026-04-17 12:15:00,1.64388,1.64431,1.6436600000000001,1.6436600000000001,566,17,0
2026-04-17 12:30:00,1.64364,1.6438199999999998,1.6431200000000001,1.64363,553,17,0
2026-04-17 12:45:00,1.64365,1.6439300000000001,1.64049,1.64114,2364,17,0
2026-04-17 13:00:00,1.64116,1.64243,1.64054,1.64127,1555,17,0
2026-04-17 13:15:00,1.6412499999999999,1.64207,1.64062,1.6415199999999999,1536,17,0
2026-04-17 13:30:00,1.6414900000000001,1.64194,1.64052,1.6406800000000001,1361,17,0
2026-04-17 13:45:00,1.64065,1.64139,1.63974,1.64099,1345,17,0
2026-04-17 14:00:00,1.6410200000000001,1.6417000000000002,1.64036,1.64085,1062,17,0
2026-04-17 14:15:00,1.64086,1.6411799999999999,1.6398700000000002,1.64045,934,17,0
2026-04-17 14:30:00,1.6404800000000002,1.64108,1.6394199999999999,1.64028,926,17,0
2026-04-17 14:45:00,1.6402700000000001,1.64097,1.64001,1.64033,802,17,0
2026-04-17 15:00:00,1.64035,1.6419700000000002,1.64032,1.64185,1083,17,0
2026-04-17 15:15:00,1.64187,1.64288,1.64165,1.64171,798,17,0
2026-04-17 15:30:00,1.64169,1.64178,1.64066,1.64144,678,17,0
2026-04-17 15:45:00,1.64142,1.6414900000000001,1.64063,1.6410900000000002,629,17,0
2026-04-17 16:00:00,1.64107,1.64123,1.6406,1.64115,586,17,0
2026-04-17 16:15:00,1.64112,1.64154,1.64078,1.6408399999999999,483,17,0
2026-04-17 16:30:00,1.64082,1.64131,1.64058,1.64089,286,17,0
2026-04-17 16:45:00,1.64086,1.64147,1.64066,1.64131,285,17,0
2026-04-17 17:00:00,1.6413,1.64193,1.64113,1.6417899999999999,535,17,0
2026-04-17 17:15:00,1.6418,1.64234,1.6415899999999999,1.64176,628,17,0
2026-04-17 17:30:00,1.64178,1.6420400000000002,1.6415199999999999,1.64177,347,17,0
2026-04-17 17:45:00,1.64178,1.64182,1.64112,1.64139,246,17,0
2026-04-17 18:00:00,1.6413799999999998,1.64219,1.64135,1.6420599999999999,307,17,0
2026-04-17 18:15:00,1.64208,1.64242,1.64189,1.64209,398,17,0
2026-04-17 18:30:00,1.6420599999999999,1.6420599999999999,1.6413,1.6418,384,17,0
2026-04-17 18:45:00,1.64178,1.6423299999999998,1.6413600000000002,1.64212,538,17,0
2026-04-17 19:00:00,1.6421000000000001,1.64216,1.64171,1.6418599999999999,283,17,0
2026-04-17 19:15:00,1.64188,1.642,1.6415,1.64162,268,17,0
2026-04-17 19:30:00,1.6416300000000001,1.64173,1.64094,1.6413600000000002,323,17,0
2026-04-17 19:45:00,1.64134,1.64166,1.64092,1.64117,359,17,0
2026-04-17 20:00:00,1.6412,1.6415199999999999,1.6409,1.64119,227,17,0
2026-04-17 20:15:00,1.6411799999999999,1.64137,1.64097,1.64097,199,17,0
2026-04-17 20:30:00,1.64096,1.6420599999999999,1.6408399999999999,1.64139,248,17,0
2026-04-17 20:45:00,1.64143,1.64176,1.64089,1.64127,396,17,0
2026-04-19 21:00:00,1.6462400000000001,1.64654,1.64466,1.64481,98,172,0
2026-04-19 21:15:00,1.64483,1.64625,1.6435300000000002,1.64458,162,154,0
2026-04-19 21:30:00,1.64455,1.6465,1.64455,1.64527,231,152,0
2026-04-19 21:45:00,1.6451,1.64595,1.64279,1.64544,291,204,0
2026-04-19 22:00:00,1.64669,1.6478000000000002,1.6444999999999999,1.64517,619,17,0
2026-04-19 22:15:00,1.6452200000000001,1.64523,1.64405,1.64445,477,17,0
2026-04-19 22:30:00,1.64436,1.64445,1.64311,1.6435300000000002,402,17,0
2026-04-19 22:45:00,1.6436,1.64398,1.64343,1.6438000000000001,227,17,0
2026-04-19 23:00:00,1.6437599999999999,1.6442999999999999,1.64368,1.64397,239,17,0
2026-04-19 23:15:00,1.6440000000000001,1.64422,1.64379,1.64415,250,17,0
2026-04-19 23:30:00,1.64413,1.64517,1.6440299999999999,1.6449099999999999,327,17,0
2026-04-19 23:45:00,1.64489,1.6457899999999999,1.64489,1.64523,436,17,0
2026-04-20 00:00:00,1.64519,1.64618,1.64508,1.64596,748,17,0
2026-04-20 00:15:00,1.646,1.646,1.6446800000000001,1.6447699999999998,430,17,0
2026-04-20 00:30:00,1.64474,1.6449799999999999,1.64444,1.64462,330,17,0
2026-04-20 00:45:00,1.64465,1.64481,1.64391,1.64391,354,17,0
2026-04-20 01:00:00,1.64394,1.6440299999999999,1.64333,1.64341,486,17,0
2026-04-20 01:15:00,1.6434,1.64424,1.64337,1.64424,418,17,0
2026-04-20 01:30:00,1.6442700000000001,1.64436,1.64341,1.64375,484,17,0
2026-04-20 01:45:00,1.6437599999999999,1.6446100000000001,1.64364,1.64451,288,17,0
2026-04-20 02:00:00,1.64453,1.64492,1.6436600000000001,1.6438899999999999,349,17,0
2026-04-20 02:15:00,1.64391,1.64415,1.64337,1.64354,263,17,0
2026-04-20 02:30:00,1.64357,1.64375,1.6429399999999998,1.6433,269,17,0
2026-04-20 02:45:00,1.64329,1.64337,1.6429,1.6432099999999998,236,17,0
2026-04-20 03:00:00,1.64322,1.6436199999999999,1.64276,1.64307,278,17,0
2026-04-20 03:15:00,1.64309,1.64345,1.64302,1.64344,235,17,0
2026-04-20 03:30:00,1.64345,1.64377,1.6429200000000002,1.6432099999999998,240,17,0
2026-04-20 03:45:00,1.64324,1.64388,1.64324,1.6437599999999999,177,17,0
2026-04-20 04:00:00,1.64374,1.64399,1.6435300000000002,1.6438000000000001,154,17,0
2026-04-20 04:15:00,1.64377,1.6438899999999999,1.6433900000000001,1.64343,156,17,0
2026-04-20 04:30:00,1.64345,1.6438899999999999,1.6433200000000001,1.64337,182,17,0
2026-04-20 04:45:00,1.64336,1.64348,1.643,1.6432099999999998,200,17,0
2026-04-20 05:00:00,1.64323,1.64347,1.64307,1.64311,209,17,0
2026-04-20 05:15:00,1.6431,1.6438000000000001,1.6430099999999999,1.6437300000000001,279,17,0
2026-04-20 05:30:00,1.64375,1.6446,1.64345,1.64431,443,17,0
2026-04-20 05:45:00,1.64426,1.6444800000000002,1.6437599999999999,1.6442999999999999,439,17,0
2026-04-20 06:00:00,1.64428,1.6447500000000002,1.64384,1.64431,531,17,0
2026-04-20 06:15:00,1.64433,1.64486,1.64425,1.64483,378,17,0
2026-04-20 06:30:00,1.6448,1.64512,1.64426,1.64444,474,17,0
2026-04-20 06:45:00,1.64446,1.6449500000000001,1.6439300000000001,1.6440000000000001,561,17,0
2026-04-20 07:00:00,1.6439599999999999,1.64433,1.6431,1.6431,618,17,0
2026-04-20 07:15:00,1.64311,1.64379,1.6426500000000002,1.64374,534,17,0
2026-04-20 07:30:00,1.64372,1.64492,1.64364,1.6440299999999999,719,17,0
2026-04-20 07:45:00,1.64405,1.6455600000000001,1.64405,1.64505,516,17,0
2026-04-20 08:00:00,1.64506,1.64514,1.64442,1.64455,505,17,0
2026-04-20 08:15:00,1.64456,1.6452200000000001,1.64451,1.64521,443,17,0
2026-04-20 08:30:00,1.64523,1.64547,1.64479,1.64516,306,17,0
2026-04-20 08:45:00,1.64517,1.6451799999999999,1.64459,1.64492,367,17,0
2026-04-20 09:00:00,1.6449099999999999,1.64497,1.64411,1.64411,370,17,0
2026-04-20 09:15:00,1.6441,1.64425,1.64357,1.64386,355,17,0
2026-04-20 09:30:00,1.6438899999999999,1.64397,1.64356,1.6438199999999998,296,17,0
2026-04-20 09:45:00,1.64381,1.64413,1.64361,1.64365,266,17,0
2026-04-20 10:00:00,1.64363,1.64402,1.64327,1.64337,355,17,0
2026-04-20 10:15:00,1.64338,1.64385,1.64336,1.64365,244,17,0
2026-04-20 10:30:00,1.6436199999999999,1.64424,1.64343,1.64422,199,17,0
2026-04-20 10:45:00,1.6442,1.64479,1.6441,1.6446399999999999,278,17,0
2026-04-20 11:00:00,1.64462,1.64561,1.64459,1.6453799999999998,326,17,0
2026-04-20 11:15:00,1.6453600000000002,1.6454,1.64444,1.64459,279,17,0
2026-04-20 11:30:00,1.64462,1.64466,1.64341,1.6437,341,17,0
2026-04-20 11:45:00,1.64372,1.6438000000000001,1.6428,1.64304,384,17,0
2026-04-20 12:00:00,1.64306,1.6432099999999998,1.64277,1.64314,457,17,0
2026-04-20 12:15:00,1.6431200000000001,1.64331,1.6428099999999999,1.64306,337,17,0
2026-04-20 12:30:00,1.6430799999999999,1.64374,1.643,1.64344,338,17,0
2026-04-20 12:45:00,1.6434199999999999,1.64363,1.64302,1.64343,315,17,0
2026-04-20 13:00:00,1.64341,1.6439599999999999,1.64323,1.64351,622,17,0
2026-04-20 13:15:00,1.64349,1.6435300000000002,1.6421999999999999,1.6423999999999999,473,17,0
2026-04-20 13:30:00,1.64238,1.64344,1.64218,1.64334,706,17,0
2026-04-20 13:45:00,1.64337,1.6434600000000001,1.64239,1.64243,609,17,0
2026-04-20 14:00:00,1.64246,1.64325,1.6423999999999999,1.64299,587,17,0
2026-04-20 14:15:00,1.6430099999999999,1.64311,1.64216,1.6425800000000002,619,17,0
2026-04-20 14:30:00,1.64261,1.64367,1.64243,1.64298,575,17,0
2026-04-20 14:45:00,1.643,1.64419,1.64246,1.64334,1066,17,0
2026-04-20 15:00:00,1.64336,1.64405,1.64304,1.64344,632,17,0
2026-04-20 15:15:00,1.6434600000000001,1.6435300000000002,1.64209,1.64223,688,17,0
2026-04-20 15:30:00,1.64226,1.6432,1.64215,1.64276,584,17,0
2026-04-20 15:45:00,1.6427399999999999,1.64311,1.64249,1.64255,386,17,0
2026-04-20 16:00:00,1.6425800000000002,1.6431200000000001,1.6425800000000002,1.64277,351,17,0
2026-04-20 16:15:00,1.64275,1.64296,1.6423999999999999,1.6429,274,17,0
2026-04-20 16:30:00,1.6429200000000002,1.64333,1.64239,1.64323,329,17,0
2026-04-20 16:45:00,1.64325,1.6432600000000002,1.64266,1.6430500000000001,256,17,0
2026-04-20 17:00:00,1.64306,1.6432099999999998,1.64279,1.6430099999999999,301,17,0
2026-04-20 17:15:00,1.643,1.64311,1.6427800000000001,1.6429200000000002,188,17,0
2026-04-20 17:30:00,1.64293,1.6430099999999999,1.64256,1.6427800000000001,270,17,0
2026-04-20 17:45:00,1.64276,1.6427800000000001,1.64221,1.6423999999999999,203,17,0
2026-04-20 18:00:00,1.64243,1.6425800000000002,1.64215,1.64228,267,17,0
2026-04-20 18:15:00,1.6423100000000002,1.64232,1.64187,1.6421000000000001,265,17,0
2026-04-20 18:30:00,1.64208,1.6422400000000001,1.6419000000000001,1.6420400000000002,237,17,0
2026-04-20 18:45:00,1.6420599999999999,1.64208,1.64166,1.6417199999999998,175,17,0
2026-04-20 19:00:00,1.64169,1.64192,1.6416300000000001,1.64184,141,17,0
2026-04-20 19:15:00,1.64182,1.64201,1.6417000000000002,1.64201,106,17,0
2026-04-20 19:30:00,1.64202,1.64227,1.64191,1.64195,138,17,0
2026-04-20 19:45:00,1.64198,1.64198,1.6415,1.64155,175,17,0
2026-04-20 20:00:00,1.64154,1.64189,1.6415199999999999,1.64166,158,17,0
2026-04-20 20:15:00,1.64164,1.6419000000000001,1.64161,1.64189,66,17,0
2026-04-20 20:30:00,1.64187,1.6420400000000002,1.6417199999999998,1.6417199999999998,146,17,0
2026-04-20 20:45:00,1.64174,1.6419700000000002,1.64167,1.6418599999999999,173,15,0
2026-04-20 21:00:00,1.64187,1.64189,1.64154,1.64167,145,36,0
2026-04-20 21:15:00,1.64166,1.64185,1.64166,1.6418,186,66,0
2026-04-20 21:30:00,1.6417899999999999,1.64225,1.64177,1.64222,147,36,0
2026-04-20 21:45:00,1.6422400000000001,1.64238,1.64207,1.64207,100,16,0
2026-04-20 22:00:00,1.64147,1.64192,1.6412499999999999,1.64176,130,25,0
2026-04-20 22:15:00,1.64175,1.64192,1.64174,1.64192,44,25,0
2026-04-20 22:30:00,1.6419000000000001,1.6419899999999998,1.64181,1.64192,78,25,0
2026-04-20 22:45:00,1.64188,1.64227,1.64141,1.64147,268,25,0
2026-04-20 23:00:00,1.64148,1.6418599999999999,1.64144,1.64153,169,17,0
2026-04-20 23:15:00,1.64154,1.64194,1.64154,1.64185,86,17,0
2026-04-20 23:30:00,1.6418599999999999,1.6425,1.6418599999999999,1.6424699999999999,117,17,0
2026-04-20 23:45:00,1.64248,1.64262,1.6420599999999999,1.64259,221,17,0
2026-04-21 00:00:00,1.64257,1.64304,1.6417000000000002,1.64259,417,17,0
2026-04-21 00:15:00,1.64262,1.643,1.64212,1.64282,289,17,0
2026-04-21 00:30:00,1.6428,1.6433,1.64254,1.64282,298,17,0
2026-04-21 00:45:00,1.6428099999999999,1.6428099999999999,1.64191,1.64237,503,17,0
2026-04-21 01:00:00,1.64234,1.64261,1.64181,1.64202,314,17,0
2026-04-21 01:15:00,1.6420400000000002,1.64221,1.64124,1.64124,329,17,0
2026-04-21 01:30:00,1.64127,1.64209,1.64083,1.6418300000000001,373,17,0
2026-04-21 01:45:00,1.64181,1.64188,1.64126,1.64176,273,17,0
2026-04-21 02:00:00,1.64173,1.6418599999999999,1.64142,1.64174,232,17,0
2026-04-21 02:15:00,1.64176,1.6423999999999999,1.64157,1.64194,215,17,0
2026-04-21 02:30:00,1.64193,1.64252,1.64189,1.64236,216,17,0
2026-04-21 02:45:00,1.64237,1.64246,1.64201,1.64202,152,17,0
2026-04-21 03:00:00,1.6419899999999998,1.64238,1.64187,1.64238,176,17,0
2026-04-21 03:15:00,1.6423999999999999,1.64297,1.64222,1.6427800000000001,279,17,0
2026-04-21 03:30:00,1.6428099999999999,1.64311,1.6425,1.6429399999999998,179,17,0
2026-04-21 03:45:00,1.64291,1.64318,1.64243,1.6430099999999999,184,17,0
2026-04-21 04:00:00,1.64303,1.64311,1.64276,1.64296,140,17,0
2026-04-21 04:15:00,1.6429399999999998,1.64316,1.64288,1.64306,130,17,0
2026-04-21 04:30:00,1.64307,1.64329,1.6430099999999999,1.64309,92,17,0
2026-04-21 04:45:00,1.6431,1.64316,1.64288,1.64306,130,17,0
2026-04-21 05:00:00,1.64304,1.6430500000000001,1.6424699999999999,1.64268,242,17,0
2026-04-21 05:15:00,1.6426699999999999,1.6429,1.64249,1.64264,212,17,0
2026-04-21 05:30:00,1.64263,1.64311,1.64245,1.6428500000000001,223,17,0
2026-04-21 05:45:00,1.64284,1.6435499999999998,1.64266,1.64349,213,17,0
2026-04-21 06:00:00,1.64352,1.64424,1.64329,1.64367,478,17,0
2026-04-21 06:15:00,1.6436899999999999,1.6438899999999999,1.64334,1.6435,290,17,0
2026-04-21 06:30:00,1.64349,1.6436600000000001,1.6431499999999999,1.64336,237,17,0
2026-04-21 06:45:00,1.6433499999999999,1.64391,1.64329,1.64368,294,17,0
2026-04-21 07:00:00,1.6436600000000001,1.64447,1.6433200000000001,1.6442999999999999,565,17,0
2026-04-21 07:15:00,1.64428,1.64431,1.6439,1.6439,325,17,0
2026-04-21 07:30:00,1.6438700000000002,1.64442,1.64337,1.6441400000000002,376,17,0
2026-04-21 07:45:00,1.64415,1.6445699999999999,1.64372,1.6445699999999999,500,17,0
2026-04-21 08:00:00,1.6446,1.6457899999999999,1.64421,1.64577,762,17,0
2026-04-21 08:15:00,1.64574,1.64577,1.6439300000000001,1.6442,455,17,0
2026-04-21 08:30:00,1.64418,1.64432,1.6438000000000001,1.64395,382,17,0
2026-04-21 08:45:00,1.64397,1.64425,1.6437300000000001,1.64411,287,17,0
2026-04-21 09:00:00,1.64413,1.6447699999999998,1.6438899999999999,1.6444,364,17,0
2026-04-21 09:15:00,1.6444100000000001,1.64447,1.6439300000000001,1.64419,271,17,0
2026-04-21 09:30:00,1.6441599999999998,1.6442299999999999,1.64381,1.6442299999999999,212,17,0
2026-04-21 09:45:00,1.6442,1.64429,1.64372,1.64415,323,17,0
2026-04-21 10:00:00,1.64412,1.64425,1.64317,1.64324,301,17,0
2026-04-21 10:15:00,1.64325,1.64363,1.64309,1.64341,267,17,0
2026-04-21 10:30:00,1.6434199999999999,1.6435300000000002,1.64293,1.64309,219,17,0
2026-04-21 10:45:00,1.6431200000000001,1.64327,1.64262,1.6429200000000002,216,17,0
2026-04-21 11:00:00,1.64293,1.64372,1.6426699999999999,1.64284,487,17,0
2026-04-21 11:15:00,1.6428099999999999,1.64316,1.64236,1.64261,343,17,0
2026-04-21 11:30:00,1.64263,1.6427800000000001,1.64239,1.64272,229,17,0
2026-04-21 11:45:00,1.64273,1.64286,1.64207,1.64218,273,17,0
2026-04-21 12:00:00,1.64221,1.6428,1.6420400000000002,1.6428,354,17,0
2026-04-21 12:15:00,1.64279,1.64313,1.6425100000000001,1.64266,418,17,0
2026-04-21 12:30:00,1.6427,1.64345,1.64242,1.6432099999999998,632,17,0
2026-04-21 12:45:00,1.6431900000000002,1.6432,1.64223,1.64223,452,17,0
2026-04-21 13:00:00,1.64221,1.64268,1.6419000000000001,1.6424699999999999,432,17,0
2026-04-21 13:15:00,1.64245,1.64252,1.64164,1.64198,419,17,0
2026-04-21 13:30:00,1.64201,1.6423,1.64097,1.6409799999999999,674,17,0
2026-04-21 13:45:00,1.64096,1.6413600000000002,1.63977,1.63977,558,17,0
2026-04-21 14:00:00,1.63974,1.64018,1.63932,1.6395499999999998,486,17,0
2026-04-21 14:15:00,1.63954,1.63974,1.6386699999999998,1.6386699999999998,439,17,0
2026-04-21 14:30:00,1.6386500000000002,1.6393900000000001,1.63855,1.6393900000000001,724,17,0
2026-04-21 14:45:00,1.63938,1.6401599999999998,1.63893,1.6398700000000002,962,17,0
2026-04-21 15:00:00,1.63984,1.64078,1.6392799999999998,1.64005,878,17,0
2026-04-21 15:15:00,1.64008,1.6403400000000001,1.63938,1.64013,707,17,0
2026-04-21 15:30:00,1.6401599999999998,1.6412200000000001,1.6400000000000001,1.64071,730,17,0
2026-04-21 15:45:00,1.6406800000000001,1.64099,1.64029,1.64055,541,17,0
2026-04-21 16:00:00,1.64051,1.64117,1.63991,1.64104,663,17,0
2026-04-21 16:15:00,1.64101,1.64148,1.64081,1.6411799999999999,414,17,0
2026-04-21 16:30:00,1.6412,1.64191,1.64086,1.64177,395,17,0
2026-04-21 16:45:00,1.64174,1.64196,1.64117,1.64193,372,17,0
2026-04-21 17:00:00,1.64192,1.64344,1.64187,1.64343,1010,17,0
2026-04-21 17:15:00,1.64341,1.64379,1.64311,1.6432600000000002,636,17,0
2026-04-21 17:30:00,1.64323,1.6433,1.6416,1.6418599999999999,1073,17,0
2026-04-21 17:45:00,1.6418300000000001,1.64223,1.6417000000000002,1.64174,588,17,0
2026-04-21 18:00:00,1.6417199999999998,1.64185,1.64128,1.64128,407,17,0
2026-04-21 18:15:00,1.64123,1.64225,1.64123,1.64192,624,17,0
2026-04-21 18:30:00,1.64189,1.64202,1.64151,1.64189,325,17,0
2026-04-21 18:45:00,1.64188,1.64192,1.64074,1.64133,576,17,0
2026-04-21 19:00:00,1.6413,1.6418599999999999,1.64105,1.64154,576,17,0
2026-04-21 19:15:00,1.64151,1.6415899999999999,1.64058,1.64058,537,17,0
2026-04-21 19:30:00,1.64059,1.6439,1.64054,1.64345,950,17,0
2026-04-21 19:45:00,1.6434199999999999,1.64417,1.64225,1.64318,900,17,0
2026-04-21 20:00:00,1.6431499999999999,1.6434,1.64049,1.6411099999999998,1672,17,0
2026-04-21 20:15:00,1.6410900000000002,1.64147,1.64052,1.6409099999999999,554,17,0
2026-04-21 20:30:00,1.64094,1.64168,1.64083,1.64162,332,17,0
2026-04-21 20:45:00,1.6415899999999999,1.6415899999999999,1.64119,1.64123,334,17,0
2026-04-21 21:00:00,1.64124,1.64128,1.6406800000000001,1.6410900000000002,155,44,0
2026-04-21 21:15:00,1.64108,1.64113,1.6408,1.6411099999999998,318,122,0
2026-04-21 21:30:00,1.6410900000000002,1.6413600000000002,1.641,1.6410200000000001,199,90,0
2026-04-21 21:45:00,1.64101,1.64162,1.641,1.64127,245,58,0
2026-04-21 22:00:00,1.6415199999999999,1.6417199999999998,1.64089,1.641,175,25,0
2026-04-21 22:15:00,1.6409799999999999,1.64123,1.64074,1.64117,109,25,0
2026-04-21 22:30:00,1.64115,1.6411799999999999,1.64081,1.6411799999999999,114,25,0
2026-04-21 22:45:00,1.64119,1.64147,1.64119,1.6413600000000002,67,25,0
2026-04-21 23:00:00,1.6414,1.6414,1.64115,1.64135,91,17,0
2026-04-21 23:15:00,1.64132,1.64148,1.64116,1.64116,99,17,0
2026-04-21 23:30:00,1.64115,1.6412499999999999,1.64089,1.64108,101,17,0
2026-04-21 23:45:00,1.64104,1.64116,1.6407500000000002,1.64108,187,17,0
2026-04-22 00:00:00,1.64105,1.6412900000000001,1.64026,1.6409099999999999,457,17,0
2026-04-22 00:15:00,1.64094,1.64132,1.64076,1.64107,326,17,0
2026-04-22 00:30:00,1.6411,1.6411,1.6402999999999999,1.6403699999999999,279,17,0
2026-04-22 00:45:00,1.6403400000000001,1.64066,1.6396,1.63991,385,17,0
2026-04-22 01:00:00,1.63994,1.64018,1.63981,1.6400000000000001,381,17,0
2026-04-22 01:15:00,1.63997,1.6405699999999999,1.63975,1.64053,235,17,0
2026-04-22 01:30:00,1.64055,1.6407699999999998,1.64004,1.64054,318,17,0
2026-04-22 01:45:00,1.64052,1.6408399999999999,1.6402700000000001,1.64051,253,17,0
2026-04-22 02:00:00,1.64049,1.64051,1.6398700000000002,1.6399599999999999,278,17,0
2026-04-22 02:15:00,1.63998,1.64008,1.6397,1.63974,157,17,0
2026-04-22 02:30:00,1.63975,1.6406399999999999,1.6396899999999999,1.64035,226,17,0
2026-04-22 02:45:00,1.64033,1.64074,1.6400000000000001,1.64069,248,17,0
2026-04-22 03:00:00,1.64067,1.6409799999999999,1.64025,1.64044,231,17,0
2026-04-22 03:15:00,1.64047,1.64055,1.63994,1.63994,200,17,0
2026-04-22 03:30:00,1.63992,1.6402299999999999,1.63964,1.6400700000000001,169,17,0
2026-04-22 03:45:00,1.64009,1.6406399999999999,1.63982,1.6405699999999999,159,17,0
2026-04-22 04:00:00,1.64059,1.6406399999999999,1.64021,1.6402999999999999,147,17,0
2026-04-22 04:15:00,1.64032,1.6403400000000001,1.64002,1.64021,149,17,0
2026-04-22 04:30:00,1.6402299999999999,1.64035,1.63979,1.64006,135,17,0
2026-04-22 04:45:00,1.64008,1.6406100000000001,1.63977,1.64026,186,17,0
2026-04-22 05:00:00,1.64028,1.64029,1.63925,1.63948,224,17,0
2026-04-22 05:15:00,1.63951,1.63995,1.63863,1.63945,922,17,0
2026-04-22 05:30:00,1.6394199999999999,1.63945,1.63859,1.6386699999999998,411,17,0
2026-04-22 05:45:00,1.6386500000000002,1.63897,1.63856,1.6388099999999999,246,17,0
2026-04-22 06:00:00,1.63882,1.6393900000000001,1.63852,1.63916,435,17,0
2026-04-22 06:15:00,1.63914,1.63925,1.63871,1.63906,296,17,0
2026-04-22 06:30:00,1.63903,1.63904,1.63821,1.63827,339,17,0
2026-04-22 06:45:00,1.63829,1.639,1.63819,1.639,293,17,0
2026-04-22 07:00:00,1.63902,1.6394199999999999,1.63871,1.63941,361,17,0
2026-04-22 07:15:00,1.6394199999999999,1.64035,1.63927,1.64005,432,17,0
2026-04-22 07:30:00,1.64006,1.6406399999999999,1.63991,1.6405699999999999,323,17,0
2026-04-22 07:45:00,1.6406100000000001,1.64072,1.6395,1.6397300000000001,416,17,0
2026-04-22 08:00:00,1.63972,1.63975,1.63904,1.63923,431,17,0
2026-04-22 08:15:00,1.63924,1.6402,1.6391900000000001,1.6399599999999999,414,17,0
2026-04-22 08:30:00,1.63993,1.64026,1.63956,1.6398899999999998,372,17,0
2026-04-22 08:45:00,1.63991,1.64055,1.63991,1.64033,277,17,0
2026-04-22 09:00:00,1.64036,1.64063,1.63963,1.64026,414,17,0
2026-04-22 09:15:00,1.64025,1.6405699999999999,1.6396899999999999,1.6396899999999999,271,17,0
2026-04-22 09:30:00,1.63972,1.64001,1.6396600000000001,1.63982,242,17,0
2026-04-22 09:45:00,1.63983,1.64076,1.63983,1.64022,357,17,0
2026-04-22 10:00:00,1.6402299999999999,1.64103,1.64008,1.64076,425,17,0
2026-04-22 10:15:00,1.64074,1.6411,1.64062,1.64073,252,17,0
2026-04-22 10:30:00,1.64071,1.64105,1.6401,1.64097,232,17,0
2026-04-22 10:45:00,1.64096,1.64124,1.64073,1.6407500000000002,231,17,0
2026-04-22 11:00:00,1.64073,1.6408399999999999,1.64019,1.64031,275,17,0
2026-04-22 11:15:00,1.6402999999999999,1.64076,1.63991,1.64076,403,17,0
2026-04-22 11:30:00,1.64079,1.6409099999999999,1.64028,1.6404,342,17,0
2026-04-22 11:45:00,1.6404100000000001,1.6408,1.64015,1.6404999999999998,359,17,0
2026-04-22 12:00:00,1.64047,1.64047,1.63995,1.64013,383,17,0
2026-04-22 12:15:00,1.6401400000000002,1.64043,1.63974,1.64017,382,17,0
2026-04-22 12:30:00,1.64015,1.64072,1.64006,1.64059,492,17,0
2026-04-22 12:45:00,1.6406,1.6408,1.6402,1.64056,398,17,0
2026-04-22 13:00:00,1.64053,1.64066,1.63956,1.63974,514,17,0
2026-04-22 13:15:00,1.6397300000000001,1.6399599999999999,1.63902,1.6396899999999999,630,17,0
2026-04-22 13:30:00,1.6396600000000001,1.6397599999999999,1.6387,1.6392099999999998,682,17,0
2026-04-22 13:45:00,1.63924,1.63924,1.6383299999999998,1.6384699999999999,558,17,0
2026-04-22 14:00:00,1.63849,1.63849,1.63741,1.63748,524,17,0
2026-04-22 14:15:00,1.63747,1.6377000000000002,1.63704,1.63721,489,17,0
2026-04-22 14:30:00,1.63717,1.63846,1.63707,1.6379299999999999,626,17,0
2026-04-22 14:45:00,1.63789,1.63819,1.6365699999999999,1.63663,654,17,0
2026-04-22 15:00:00,1.6366,1.63706,1.63645,1.63674,530,17,0
2026-04-22 15:15:00,1.63673,1.6369500000000001,1.63632,1.63651,377,17,0
2026-04-22 15:30:00,1.63649,1.6367699999999998,1.63611,1.63624,448,17,0
2026-04-22 15:45:00,1.63626,1.63646,1.63529,1.63568,404,17,0
2026-04-22 16:00:00,1.63565,1.6359,1.6353499999999999,1.6359,363,17,0
2026-04-22 16:15:00,1.63591,1.6364100000000001,1.6358899999999998,1.63631,311,17,0
2026-04-22 16:30:00,1.6363400000000001,1.63649,1.63604,1.63639,394,17,0
2026-04-22 16:45:00,1.63642,1.6366800000000001,1.63592,1.63622,334,17,0
2026-04-22 17:00:00,1.63624,1.6362999999999999,1.63487,1.6354199999999999,447,17,0
2026-04-22 17:15:00,1.6354,1.6357599999999999,1.63514,1.63525,232,17,0
2026-04-22 17:30:00,1.63524,1.63568,1.6351200000000001,1.63565,192,17,0
2026-04-22 17:45:00,1.63564,1.6358700000000002,1.63513,1.63522,257,17,0
2026-04-22 18:00:00,1.6352600000000002,1.63552,1.63522,1.63547,212,17,0
2026-04-22 18:15:00,1.6354899999999999,1.6358700000000002,1.6354899999999999,1.63561,213,17,0
2026-04-22 18:30:00,1.63559,1.6356199999999999,1.63529,1.63532,149,17,0
2026-04-22 18:45:00,1.63534,1.6354600000000001,1.63514,1.63543,144,17,0
2026-04-22 19:00:00,1.6354199999999999,1.63583,1.6354199999999999,1.63556,257,17,0
2026-04-22 19:15:00,1.63557,1.63557,1.6350500000000001,1.63529,174,17,0
2026-04-22 19:30:00,1.63531,1.63534,1.6350500000000001,1.63517,162,17,0
2026-04-22 19:45:00,1.63516,1.63527,1.6349,1.63503,259,17,0
2026-04-22 20:00:00,1.63502,1.6352799999999998,1.6348500000000001,1.63527,214,17,0
2026-04-22 20:15:00,1.6352600000000002,1.63534,1.63506,1.63514,98,17,0
2026-04-22 20:30:00,1.63511,1.63511,1.63483,1.63484,153,17,0
2026-04-22 20:45:00,1.63487,1.63497,1.63459,1.63466,159,15,0
2026-04-22 21:00:00,1.63464,1.63464,1.63437,1.63437,34,30,0
2026-04-22 21:15:00,1.63435,1.6344400000000001,1.6341700000000001,1.6344400000000001,207,134,0
2026-04-22 21:30:00,1.6344400000000001,1.63459,1.6343299999999998,1.63443,190,118,0
2026-04-22 21:45:00,1.63442,1.63509,1.6343999999999999,1.63487,159,34,0
2026-04-22 22:00:00,1.63518,1.6354,1.63477,1.63511,123,25,0
2026-04-22 22:15:00,1.6351,1.63516,1.63504,1.63513,45,25,0
2026-04-22 22:30:00,1.6351499999999999,1.63551,1.63511,1.63543,107,25,0
2026-04-22 22:45:00,1.63545,1.63554,1.63525,1.63533,74,25,0
2026-04-22 23:00:00,1.63536,1.63558,1.63523,1.63531,117,17,0
2026-04-22 23:15:00,1.63533,1.63547,1.6351200000000001,1.63523,52,17,0
2026-04-22 23:30:00,1.63521,1.6354,1.6351200000000001,1.63523,58,17,0
2026-04-22 23:45:00,1.63524,1.6355300000000002,1.6351499999999999,1.6353900000000001,110,17,0
2026-04-23 00:00:00,1.6354199999999999,1.63734,1.63521,1.63733,779,17,0
2026-04-23 00:15:00,1.6373199999999999,1.63837,1.63491,1.6351900000000001,1792,17,0
2026-04-23 00:30:00,1.6351499999999999,1.6354199999999999,1.63446,1.63456,647,17,0
2026-04-23 00:45:00,1.6345800000000001,1.6357,1.63427,1.63517,745,17,0
2026-04-23 01:00:00,1.63514,1.63595,1.63514,1.63592,458,17,0
2026-04-23 01:15:00,1.6359,1.6367500000000001,1.63561,1.63673,398,17,0
2026-04-23 01:30:00,1.6367,1.63717,1.63613,1.63704,496,17,0
2026-04-23 01:45:00,1.6370200000000001,1.6372200000000001,1.63592,1.6361400000000001,480,17,0
2026-04-23 02:00:00,1.63617,1.63652,1.63574,1.63645,427,17,0
2026-04-23 02:15:00,1.6364800000000002,1.63663,1.63571,1.63625,583,17,0
2026-04-23 02:30:00,1.63629,1.63681,1.63612,1.63659,405,17,0
2026-04-23 02:45:00,1.6365699999999999,1.6374300000000002,1.63626,1.63701,451,17,0
2026-04-23 03:00:00,1.6369799999999999,1.63762,1.63678,1.63719,623,17,0
2026-04-23 03:15:00,1.6372,1.6384699999999999,1.6371,1.63787,549,17,0
2026-04-23 03:30:00,1.63788,1.63839,1.6377199999999998,1.63801,413,17,0
2026-04-23 03:45:00,1.6379899999999998,1.63875,1.63734,1.63794,384,17,0
2026-04-23 04:00:00,1.63795,1.63836,1.63753,1.63755,345,17,0
2026-04-23 04:15:00,1.63757,1.6375899999999999,1.6369,1.63696,256,17,0
2026-04-23 04:30:00,1.6369799999999999,1.63721,1.63683,1.63714,178,17,0
2026-04-23 04:45:00,1.63712,1.63731,1.6366800000000001,1.6367699999999998,222,17,0
2026-04-23 05:00:00,1.6367500000000001,1.6371799999999999,1.63674,1.6370900000000002,235,17,0
2026-04-23 05:15:00,1.63708,1.6373799999999998,1.63692,1.63715,192,17,0
2026-04-23 05:30:00,1.63712,1.6372499999999999,1.63655,1.63687,297,17,0
2026-04-23 05:45:00,1.63685,1.63685,1.63588,1.63633,343,17,0
2026-04-23 06:00:00,1.63631,1.6368800000000001,1.63599,1.63678,344,17,0
2026-04-23 06:15:00,1.63676,1.63676,1.6362299999999999,1.63665,281,17,0
2026-04-23 06:30:00,1.63667,1.6367699999999998,1.63635,1.6366100000000001,238,17,0
2026-04-23 06:45:00,1.63663,1.6369799999999999,1.63629,1.6364,298,17,0
2026-04-23 07:00:00,1.63642,1.6371099999999998,1.63636,1.63649,487,17,0
2026-04-23 07:15:00,1.63644,1.63665,1.63624,1.63631,334,17,0
2026-04-23 07:30:00,1.63632,1.63647,1.6357,1.63609,464,17,0
2026-04-23 07:45:00,1.63606,1.63608,1.6348500000000001,1.63495,431,17,0
2026-04-23 08:00:00,1.63498,1.63579,1.63497,1.63534,438,17,0
2026-04-23 08:15:00,1.63533,1.63561,1.6352,1.63547,302,17,0
2026-04-23 08:30:00,1.63548,1.63592,1.6352600000000002,1.63591,378,17,0
2026-04-23 08:45:00,1.63592,1.6359599999999999,1.6349900000000002,1.6356899999999999,309,17,0
2026-04-23 09:00:00,1.6357300000000001,1.6367,1.6357300000000001,1.63617,388,17,0
2026-04-23 09:15:00,1.63619,1.63644,1.63568,1.63579,411,17,0
2026-04-23 09:30:00,1.63577,1.6359,1.6354199999999999,1.63567,300,17,0
2026-04-23 09:45:00,1.6357,1.63629,1.63558,1.6360299999999999,277,17,0
2026-04-23 10:00:00,1.63605,1.63636,1.63588,1.6362299999999999,401,17,0
2026-04-23 10:15:00,1.6362,1.63665,1.63602,1.63655,285,17,0
2026-04-23 10:30:00,1.63652,1.63784,1.63624,1.63741,415,17,0
2026-04-23 10:45:00,1.63739,1.63751,1.63667,1.63713,406,17,0
2026-04-23 11:00:00,1.6371,1.63727,1.63667,1.63692,383,17,0
2026-04-23 11:15:00,1.63693,1.6369500000000001,1.63565,1.63591,367,17,0
2026-04-23 11:30:00,1.6359,1.6363400000000001,1.63517,1.6354899999999999,488,17,0
2026-04-23 11:45:00,1.6354600000000001,1.63571,1.63466,1.63495,659,17,0
2026-04-23 12:00:00,1.63498,1.6356000000000002,1.63462,1.63559,721,17,0
2026-04-23 12:15:00,1.63558,1.63591,1.6354,1.63588,449,17,0
2026-04-23 12:30:00,1.63579,1.63645,1.6353900000000001,1.6362999999999999,540,17,0
2026-04-23 12:45:00,1.63631,1.63703,1.6360700000000001,1.6361599999999998,901,17,0
2026-04-23 13:00:00,1.6361400000000001,1.63696,1.63592,1.63673,455,17,0
2026-04-23 13:15:00,1.6367,1.6368200000000002,1.63602,1.6362700000000001,434,17,0
2026-04-23 13:30:00,1.63624,1.63636,1.63551,1.63559,623,17,0
2026-04-23 13:45:00,1.63556,1.63602,1.6351,1.63583,727,17,0
2026-04-23 14:00:00,1.63584,1.63659,1.63534,1.63558,770,17,0
2026-04-23 14:15:00,1.63554,1.63554,1.63496,1.63513,638,17,0
2026-04-23 14:30:00,1.6351,1.6355,1.6349399999999998,1.6351499999999999,498,17,0
2026-04-23 14:45:00,1.63513,1.63578,1.63487,1.6353900000000001,609,17,0
2026-04-23 15:00:00,1.6354,1.6356600000000001,1.63497,1.6355300000000002,514,17,0
2026-04-23 15:15:00,1.63552,1.63561,1.63522,1.6354,387,17,0
2026-04-23 15:30:00,1.63543,1.63579,1.63523,1.63568,404,17,0
2026-04-23 15:45:00,1.63565,1.63611,1.63557,1.63563,587,17,0
2026-04-23 16:00:00,1.63561,1.6357300000000001,1.63532,1.6356199999999999,346,17,0
2026-04-23 16:15:00,1.63565,1.6358899999999998,1.63548,1.63586,277,17,0
2026-04-23 16:30:00,1.63584,1.63591,1.6355,1.63556,255,17,0
2026-04-23 16:45:00,1.63557,1.63558,1.63524,1.63552,261,17,0
2026-04-23 17:00:00,1.6355,1.63814,1.63524,1.63787,1254,17,0
2026-04-23 17:15:00,1.63789,1.63875,1.63742,1.63776,1029,17,0
2026-04-23 17:30:00,1.63773,1.63999,1.637,1.6397300000000001,1193,17,0
2026-04-23 17:45:00,1.63975,1.64101,1.63694,1.63721,2193,17,0
2026-04-23 18:00:00,1.6371799999999999,1.6371799999999999,1.63606,1.63633,1377,17,0
2026-04-23 18:15:00,1.63635,1.63674,1.63612,1.63649,617,17,0
2026-04-23 18:30:00,1.63646,1.63721,1.63625,1.63696,399,17,0
2026-04-23 18:45:00,1.63694,1.63819,1.63687,1.6380400000000002,353,17,0
2026-04-23 19:00:00,1.63808,1.6385399999999999,1.63801,1.63816,417,17,0
2026-04-23 19:15:00,1.63815,1.63822,1.63788,1.6381999999999999,234,17,0
2026-04-23 19:30:00,1.63823,1.6389399999999998,1.63791,1.6384400000000001,432,17,0
2026-04-23 19:45:00,1.6384699999999999,1.63857,1.6381299999999999,1.6383100000000002,402,17,0
2026-04-23 20:00:00,1.63835,1.63947,1.6381999999999999,1.6394199999999999,298,17,0
2026-04-23 20:15:00,1.63943,1.6395300000000002,1.63857,1.63861,181,17,0
2026-04-23 20:30:00,1.63863,1.6391200000000001,1.63861,1.63902,120,17,0
2026-04-23 20:45:00,1.63904,1.63907,1.6386699999999998,1.63883,198,17,0
2026-04-23 21:00:00,1.6388500000000001,1.6388500000000001,1.63841,1.63842,77,30,0
2026-04-23 21:15:00,1.63839,1.63852,1.638,1.638,283,158,0
2026-04-23 21:30:00,1.6379700000000001,1.63834,1.63716,1.63826,230,170,0
2026-04-23 21:45:00,1.6382400000000001,1.63853,1.63734,1.63734,139,90,0
2026-04-23 22:00:00,1.63801,1.6390500000000001,1.63801,1.63873,141,25,0
2026-04-23 22:15:00,1.6387399999999999,1.63893,1.6385,1.6387800000000001,91,25,0
2026-04-23 22:30:00,1.63877,1.63877,1.6381700000000001,1.63828,79,25,0
2026-04-23 22:45:00,1.63826,1.63836,1.63816,1.63822,70,25,0
2026-04-23 23:00:00,1.6382400000000001,1.63848,1.6381999999999999,1.63827,81,17,0
2026-04-23 23:15:00,1.63825,1.63849,1.63796,1.63796,95,17,0
2026-04-23 23:30:00,1.6379299999999999,1.63834,1.63787,1.6382400000000001,80,17,0
2026-04-23 23:45:00,1.63823,1.63889,1.63818,1.63879,131,17,0
2026-04-24 00:00:00,1.63877,1.63902,1.6381999999999999,1.63834,403,17,0
2026-04-24 00:15:00,1.63832,1.63868,1.6381999999999999,1.6382400000000001,240,17,0
2026-04-24 00:30:00,1.63826,1.63883,1.6380400000000002,1.6384699999999999,348,17,0
2026-04-24 00:45:00,1.63845,1.63872,1.63809,1.63836,367,17,0
2026-04-24 01:00:00,1.6383299999999998,1.63846,1.63771,1.63807,372,17,0
2026-04-24 01:15:00,1.6381000000000001,1.63866,1.63792,1.6382400000000001,269,17,0
2026-04-24 01:30:00,1.63827,1.63925,1.63814,1.63917,438,17,0
2026-04-24 01:45:00,1.6391499999999999,1.6391900000000001,1.63861,1.6386500000000002,324,17,0
2026-04-24 02:00:00,1.63863,1.63968,1.63863,1.63941,374,17,0
2026-04-24 02:15:00,1.6394199999999999,1.63988,1.63903,1.63988,391,17,0
2026-04-24 02:30:00,1.63986,1.63986,1.6391900000000001,1.63924,314,17,0
2026-04-24 02:45:00,1.63922,1.64001,1.6392099999999998,1.63992,224,17,0
2026-04-24 03:00:00,1.6399,1.64035,1.6396,1.6397300000000001,293,17,0
2026-04-24 03:15:00,1.63974,1.64074,1.63974,1.6404,320,17,0
2026-04-24 03:30:00,1.6403699999999999,1.64071,1.6399599999999999,1.64013,343,17,0
2026-04-24 03:45:00,1.64015,1.64042,1.63982,1.6403400000000001,238,17,0
2026-04-24 04:00:00,1.6403699999999999,1.64072,1.6396899999999999,1.63988,292,17,0
2026-04-24 04:15:00,1.63985,1.64021,1.6397,1.6400700000000001,210,17,0
2026-04-24 04:30:00,1.6400299999999999,1.64013,1.63968,1.6397,209,17,0
2026-04-24 04:45:00,1.63972,1.63977,1.63898,1.63922,256,17,0
2026-04-24 05:00:00,1.6392099999999998,1.63982,1.63902,1.6393,336,17,0
2026-04-24 05:15:00,1.63932,1.63943,1.6391,1.6392799999999998,241,17,0
2026-04-24 05:30:00,1.63924,1.63924,1.63868,1.6391200000000001,287,17,0
2026-04-24 05:45:00,1.63914,1.63936,1.6388500000000001,1.6391900000000001,258,17,0
2026-04-24 06:00:00,1.6392099999999998,1.6394199999999999,1.63828,1.6394199999999999,402,17,0
2026-04-24 06:15:00,1.63943,1.6404100000000001,1.63923,1.64033,338,17,0
2026-04-24 06:30:00,1.6402999999999999,1.6402999999999999,1.6395499999999998,1.6397,294,17,0
2026-04-24 06:45:00,1.63968,1.6399599999999999,1.6390799999999999,1.6392799999999998,288,17,0
2026-04-24 07:00:00,1.63931,1.6398700000000002,1.63862,1.63876,393,17,0
2026-04-24 07:15:00,1.6387800000000001,1.63887,1.63848,1.6386699999999998,264,17,0
2026-04-24 07:30:00,1.63871,1.6390799999999999,1.63853,1.63895,239,17,0
2026-04-24 07:45:00,1.63896,1.63923,1.63829,1.6388,347,17,0
2026-04-24 08:00:00,1.63882,1.63937,1.6384400000000001,1.63924,411,17,0
2026-04-24 08:15:00,1.63922,1.6394600000000001,1.6384400000000001,1.63943,554,17,0
2026-04-24 08:30:00,1.63945,1.63951,1.63887,1.6390799999999999,316,17,0
2026-04-24 08:45:00,1.63904,1.6392799999999998,1.6385800000000001,1.63899,351,17,0
2026-04-24 09:00:00,1.63902,1.6391200000000001,1.6385100000000001,1.63862,275,17,0
2026-04-24 09:15:00,1.63863,1.63929,1.63849,1.6390099999999999,416,17,0
2026-04-24 09:30:00,1.63904,1.6397,1.6388500000000001,1.63889,277,17,0
2026-04-24 09:45:00,1.63888,1.6390799999999999,1.6388500000000001,1.63904,203,17,0
2026-04-24 10:00:00,1.63902,1.63943,1.6388500000000001,1.6393900000000001,225,17,0
2026-04-24 10:15:00,1.6394,1.63968,1.6389200000000002,1.63961,263,17,0
2026-04-24 10:30:00,1.63959,1.63981,1.63937,1.63961,235,17,0
2026-04-24 10:45:00,1.63958,1.64052,1.6394,1.6403699999999999,238,17,0
2026-04-24 11:00:00,1.6403400000000001,1.64072,1.6392,1.6396899999999999,962,17,0
2026-04-24 11:15:00,1.63972,1.63979,1.6385399999999999,1.63863,943,17,0
2026-04-24 11:30:00,1.63861,1.63985,1.6384699999999999,1.63974,570,17,0
2026-04-24 11:45:00,1.6397599999999999,1.64056,1.63974,1.63977,384,17,0
2026-04-24 12:00:00,1.63974,1.6398700000000002,1.63918,1.63954,406,17,0
2026-04-24 12:15:00,1.63957,1.64045,1.6395,1.6400700000000001,491,17,0
2026-04-24 12:30:00,1.64004,1.6404999999999998,1.6398899999999998,1.6404999999999998,332,17,0
2026-04-24 12:45:00,1.64053,1.64126,1.64049,1.64094,525,17,0
2026-04-24 13:00:00,1.6409099999999999,1.64117,1.64024,1.64071,466,17,0
2026-04-24 13:15:00,1.6406800000000001,1.64113,1.64029,1.6411,430,17,0
2026-04-24 13:30:00,1.64107,1.64181,1.6406100000000001,1.6412499999999999,785,17,0
2026-04-24 13:45:00,1.64124,1.64162,1.64047,1.6407,620,17,0
2026-04-24 14:00:00,1.6406800000000001,1.64143,1.63974,1.6401,1076,17,0
2026-04-24 14:15:00,1.64012,1.64055,1.63983,1.64022,687,17,0
2026-04-24 14:30:00,1.64019,1.6407699999999998,1.6394,1.63943,671,17,0
2026-04-24 14:45:00,1.63944,1.63979,1.63914,1.63961,560,17,0
2026-04-24 15:00:00,1.63963,1.6397,1.63906,1.63944,451,17,0
2026-04-24 15:15:00,1.63941,1.63995,1.6391,1.63958,437,17,0
2026-04-24 15:30:00,1.63957,1.63988,1.6384699999999999,1.63886,622,17,0
2026-04-24 15:45:00,1.6389,1.63897,1.63781,1.63816,1019,17,0
2026-04-24 16:00:00,1.63818,1.63917,1.6381299999999999,1.63891,503,17,0
2026-04-24 16:15:00,1.6389200000000002,1.63904,1.63849,1.6385100000000001,303,17,0
2026-04-24 16:30:00,1.63848,1.63898,1.6383100000000002,1.63872,290,17,0
2026-04-24 16:45:00,1.63868,1.6390099999999999,1.6385,1.63869,294,17,0
2026-04-24 17:00:00,1.63866,1.63868,1.63819,1.63853,308,17,0
2026-04-24 17:15:00,1.6385100000000001,1.63869,1.63825,1.63828,238,17,0
2026-04-24 17:30:00,1.63829,1.63838,1.63792,1.6381299999999999,314,17,0
2026-04-24 17:45:00,1.63814,1.6385800000000001,1.63782,1.63849,254,17,0
2026-04-24 18:00:00,1.63852,1.63882,1.63839,1.6383999999999999,241,17,0
2026-04-24 18:15:00,1.63838,1.63866,1.6383299999999998,1.6385800000000001,227,17,0
2026-04-24 18:30:00,1.63857,1.63871,1.63828,1.63841,202,17,0
2026-04-24 18:45:00,1.63843,1.6387,1.63834,1.6385399999999999,191,17,0
2026-04-24 19:00:00,1.63852,1.63859,1.6383,1.63839,162,17,0
2026-04-24 19:15:00,1.63838,1.63871,1.63832,1.63853,155,17,0
2026-04-24 19:30:00,1.6385399999999999,1.63868,1.63841,1.6385,184,17,0
2026-04-24 19:45:00,1.63853,1.6387,1.63835,1.63862,210,17,0
2026-04-24 20:00:00,1.63863,1.63876,1.6384699999999999,1.63862,186,17,0
2026-04-24 20:15:00,1.6385999999999998,1.63891,1.63857,1.63891,107,17,0
2026-04-24 20:30:00,1.6389,1.6391200000000001,1.63879,1.6391200000000001,145,17,0
2026-04-24 20:45:00,1.6391499999999999,1.63925,1.63869,1.63916,261,17,0
2026-04-26 21:00:00,1.63728,1.638,1.63716,1.63768,60,371,0
2026-04-26 21:15:00,1.63758,1.63826,1.63717,1.63802,223,328,0
2026-04-26 21:30:00,1.6378599999999999,1.63864,1.6366,1.6372499999999999,216,317,0
2026-04-26 21:45:00,1.6373199999999999,1.6385800000000001,1.63699,1.63708,145,234,0
2026-04-26 22:00:00,1.63893,1.6396199999999999,1.6378300000000001,1.63945,356,17,0
2026-04-26 22:15:00,1.63944,1.6395,1.63909,1.6391200000000001,148,17,0
2026-04-26 22:30:00,1.63914,1.6391499999999999,1.63839,1.63859,185,17,0
2026-04-26 22:45:00,1.63861,1.63872,1.6384400000000001,1.6385399999999999,120,17,0
2026-04-26 23:00:00,1.63855,1.6386500000000002,1.63829,1.6385999999999998,99,17,0
2026-04-26 23:15:00,1.63859,1.63859,1.6383100000000002,1.63857,96,17,0
2026-04-26 23:30:00,1.6385800000000001,1.63875,1.63848,1.63853,87,17,0
2026-04-26 23:45:00,1.6385399999999999,1.63879,1.63836,1.63879,147,17,0
2026-04-27 00:00:00,1.63876,1.63902,1.6383,1.63843,430,17,0
2026-04-27 00:15:00,1.63846,1.63882,1.6383299999999998,1.63849,235,17,0
2026-04-27 00:30:00,1.6385100000000001,1.63859,1.63776,1.63776,219,17,0
2026-04-27 00:45:00,1.6377199999999998,1.63775,1.6368200000000002,1.63683,304,17,0
2026-04-27 01:00:00,1.6368,1.6368,1.63565,1.63642,915,17,0
2026-04-27 01:15:00,1.63645,1.63656,1.6355499999999998,1.63604,511,17,0
2026-04-27 01:30:00,1.63601,1.6360700000000001,1.63548,1.63578,418,17,0
2026-04-27 01:45:00,1.63575,1.6361400000000001,1.63544,1.6355300000000002,375,17,0
2026-04-27 02:00:00,1.6355499999999998,1.63591,1.63541,1.63554,290,17,0
2026-04-27 02:15:00,1.6355499999999998,1.6355499999999998,1.63511,1.63516,203,17,0
2026-04-27 02:30:00,1.63517,1.63527,1.6345100000000001,1.63523,304,17,0
2026-04-27 02:45:00,1.63525,1.63527,1.6347399999999999,1.6349399999999998,233,17,0
2026-04-27 03:00:00,1.63497,1.6350099999999999,1.63456,1.6349200000000002,301,17,0
2026-04-27 03:15:00,1.63491,1.6350099999999999,1.63468,1.63497,170,17,0
2026-04-27 03:30:00,1.6349399999999998,1.63502,1.63473,1.63473,187,17,0
2026-04-27 03:45:00,1.63469,1.6350099999999999,1.6345399999999999,1.6349399999999998,198,17,0
2026-04-27 04:00:00,1.63491,1.63543,1.63486,1.63534,133,17,0
2026-04-27 04:15:00,1.6353499999999999,1.63559,1.63502,1.63506,152,17,0
2026-04-27 04:30:00,1.63504,1.63517,1.6349,1.63517,130,17,0
2026-04-27 04:45:00,1.63518,1.63609,1.63517,1.63586,306,17,0
2026-04-27 05:00:00,1.6358700000000002,1.63606,1.6357,1.63599,200,17,0
2026-04-27 05:15:00,1.63602,1.6360999999999999,1.63575,1.63595,164,17,0
2026-04-27 05:30:00,1.63593,1.63642,1.6358899999999998,1.63625,214,17,0
2026-04-27 05:45:00,1.6362700000000001,1.63628,1.63599,1.63611,202,17,0
2026-04-27 06:00:00,1.63609,1.6371799999999999,1.63604,1.63629,433,17,0
2026-04-27 06:15:00,1.63631,1.63636,1.63572,1.63591,328,17,0
2026-04-27 06:30:00,1.63592,1.63679,1.63574,1.6366399999999999,366,17,0
2026-04-27 06:45:00,1.63665,1.63708,1.63618,1.63701,382,17,0
2026-04-27 07:00:00,1.63699,1.6370200000000001,1.63639,1.6364,447,17,0
2026-04-27 07:15:00,1.63642,1.6368800000000001,1.63583,1.63583,318,17,0
2026-04-27 07:30:00,1.63582,1.6360299999999999,1.6355300000000002,1.6357599999999999,325,17,0
2026-04-27 07:45:00,1.6357300000000001,1.63626,1.63541,1.63626,367,17,0
2026-04-27 08:00:00,1.63622,1.6364999999999998,1.6355,1.63583,569,17,0
2026-04-27 08:15:00,1.63585,1.63588,1.63427,1.63449,473,17,0
2026-04-27 08:30:00,1.6345100000000001,1.6348500000000001,1.6344400000000001,1.63475,353,17,0
2026-04-27 08:45:00,1.63476,1.63476,1.63419,1.63439,296,17,0
2026-04-27 09:00:00,1.6343999999999999,1.6345399999999999,1.63399,1.6341700000000001,287,17,0
2026-04-27 09:15:00,1.63418,1.6345800000000001,1.63398,1.63398,250,17,0
2026-04-27 09:30:00,1.6339700000000001,1.6344699999999999,1.63394,1.6343100000000002,190,17,0
2026-04-27 09:45:00,1.6343299999999998,1.63468,1.6338599999999999,1.63419,259,17,0
2026-04-27 10:00:00,1.6341700000000001,1.63418,1.6337199999999998,1.63374,224,17,0
2026-04-27 10:15:00,1.63378,1.63412,1.6335,1.63384,193,17,0
2026-04-27 10:30:00,1.6338300000000001,1.63432,1.63362,1.63396,218,17,0
2026-04-27 10:45:00,1.63394,1.63441,1.63384,1.63422,262,17,0
2026-04-27 11:00:00,1.6341999999999999,1.63452,1.6340400000000002,1.6343999999999999,283,17,0
2026-04-27 11:15:00,1.63439,1.63455,1.63402,1.6340599999999998,246,17,0
2026-04-27 11:30:00,1.63403,1.6343299999999998,1.63384,1.63384,203,17,0
2026-04-27 11:45:00,1.6338300000000001,1.63408,1.6337000000000002,1.6340400000000002,219,17,0
2026-04-27 12:00:00,1.63401,1.63401,1.6334300000000002,1.6335199999999999,345,17,0
2026-04-27 12:15:00,1.63355,1.63374,1.63341,1.6335199999999999,388,17,0
2026-04-27 12:30:00,1.63354,1.63419,1.63346,1.63354,355,17,0
2026-04-27 12:45:00,1.63353,1.63408,1.6333,1.63384,374,17,0
2026-04-27 13:00:00,1.63387,1.63423,1.6331799999999999,1.63369,559,17,0
2026-04-27 13:15:00,1.63371,1.63428,1.63365,1.6341,360,17,0
2026-04-27 13:30:00,1.63407,1.63427,1.63368,1.6338,525,17,0
2026-04-27 13:45:00,1.63377,1.6341999999999999,1.6329,1.63305,589,17,0
2026-04-27 14:00:00,1.63307,1.6333199999999999,1.63236,1.63236,540,17,0
2026-04-27 14:15:00,1.6323400000000001,1.63254,1.63199,1.63217,463,17,0
2026-04-27 14:30:00,1.63218,1.6324800000000002,1.6313,1.63131,509,17,0
2026-04-27 14:45:00,1.63129,1.63213,1.63129,1.63157,577,17,0
2026-04-27 15:00:00,1.6315499999999998,1.63254,1.63138,1.63195,480,17,0
2026-04-27 15:15:00,1.63198,1.63204,1.63151,1.63159,473,17,0
2026-04-27 15:30:00,1.63156,1.63212,1.63124,1.63127,369,17,0
2026-04-27 15:45:00,1.63129,1.63136,1.63089,1.63095,305,17,0
2026-04-27 16:00:00,1.6309399999999998,1.63117,1.63089,1.63096,255,17,0
2026-04-27 16:15:00,1.63097,1.6312,1.63077,1.63107,221,17,0
2026-04-27 16:30:00,1.63106,1.63117,1.63096,1.63116,162,17,0
2026-04-27 16:45:00,1.63113,1.63129,1.63084,1.6308799999999999,238,17,0
2026-04-27 17:00:00,1.63086,1.6311900000000001,1.6307800000000001,1.6311499999999999,248,17,0
2026-04-27 17:15:00,1.63114,1.63136,1.6308,1.63091,291,17,0
2026-04-27 17:30:00,1.6309200000000001,1.63097,1.63026,1.6303299999999998,268,17,0
2026-04-27 17:45:00,1.63034,1.63064,1.63034,1.63057,162,17,0
2026-04-27 18:00:00,1.63059,1.6308,1.63045,1.63057,181,17,0
2026-04-27 18:15:00,1.6305800000000001,1.63072,1.63043,1.6305399999999999,173,17,0
2026-04-27 18:30:00,1.63052,1.631,1.63052,1.631,142,17,0
2026-04-27 18:45:00,1.63096,1.6309900000000002,1.63068,1.63084,177,17,0
2026-04-27 19:00:00,1.63083,1.631,1.6305800000000001,1.6307800000000001,148,17,0
2026-04-27 19:15:00,1.63075,1.631,1.63068,1.6309200000000001,115,17,0
2026-04-27 19:30:00,1.63093,1.63123,1.63086,1.63111,114,17,0
2026-04-27 19:45:00,1.63113,1.63113,1.63071,1.63087,201,17,0
2026-04-27 20:00:00,1.6308799999999999,1.6311200000000001,1.63082,1.631,124,17,0
2026-04-27 20:15:00,1.63098,1.6310799999999999,1.6309200000000001,1.631,67,17,0
2026-04-27 20:30:00,1.63103,1.63131,1.631,1.63105,107,17,0
2026-04-27 20:45:00,1.63107,1.63124,1.6309399999999998,1.6309900000000002,115,15,0
2026-04-27 21:00:00,1.6309900000000002,1.6309900000000002,1.6306,1.63073,135,20,0
2026-04-27 21:15:00,1.63076,1.63079,1.6305100000000001,1.6307,103,86,0
2026-04-27 21:30:00,1.63073,1.63098,1.63071,1.63098,42,54,0
2026-04-27 21:45:00,1.63098,1.63111,1.63095,1.63095,46,28,0
2026-04-27 22:00:00,1.6311,1.6311,1.63049,1.63089,185,25,0
2026-04-27 22:15:00,1.6309,1.6309,1.6307800000000001,1.63079,48,25,0
2026-04-27 22:30:00,1.6307800000000001,1.63083,1.6305800000000001,1.63082,71,25,0
2026-04-27 22:45:00,1.63083,1.6309900000000002,1.6308,1.6309200000000001,58,25,0
2026-04-27 23:00:00,1.6309399999999998,1.63114,1.63084,1.6309200000000001,84,17,0
2026-04-27 23:15:00,1.63089,1.631,1.63077,1.63083,63,17,0
2026-04-27 23:30:00,1.6308099999999999,1.63082,1.63043,1.63043,56,17,0
2026-04-27 23:45:00,1.6304400000000001,1.63049,1.6302400000000001,1.6302400000000001,115,17,0
2026-04-28 00:00:00,1.63023,1.63052,1.62976,1.63025,314,17,0
2026-04-28 00:15:00,1.63028,1.6303299999999998,1.6295899999999999,1.62994,406,17,0
2026-04-28 00:30:00,1.62991,1.63032,1.62975,1.62988,319,17,0
2026-04-28 00:45:00,1.62989,1.62994,1.62892,1.6295,293,17,0
2026-04-28 01:00:00,1.62953,1.63084,1.62935,1.6301700000000001,456,17,0
2026-04-28 01:15:00,1.6301999999999999,1.6309399999999998,1.63008,1.63077,393,17,0
2026-04-28 01:30:00,1.6307800000000001,1.6309900000000002,1.6299000000000001,1.63041,330,17,0
2026-04-28 01:45:00,1.6303800000000002,1.6317599999999999,1.63032,1.6314600000000001,390,17,0
2026-04-28 02:00:00,1.63148,1.63233,1.6311499999999999,1.6311900000000001,378,17,0
2026-04-28 02:15:00,1.63116,1.63171,1.63102,1.63154,300,17,0
2026-04-28 02:30:00,1.6315300000000001,1.63227,1.6315300000000001,1.63165,323,17,0
2026-04-28 02:45:00,1.63164,1.6316899999999999,1.6310099999999998,1.63125,257,17,0
2026-04-28 03:00:00,1.63124,1.63164,1.63103,1.63141,452,17,0
2026-04-28 03:15:00,1.63138,1.63154,1.6309399999999998,1.63109,235,17,0
2026-04-28 03:30:00,1.63106,1.63116,1.63052,1.6308099999999999,264,17,0
2026-04-28 03:45:00,1.63082,1.63093,1.6301999999999999,1.6302400000000001,221,17,0
2026-04-28 04:00:00,1.63022,1.63063,1.6300400000000002,1.63019,194,17,0
2026-04-28 04:15:00,1.63021,1.6307800000000001,1.6299700000000001,1.63073,181,17,0
2026-04-28 04:30:00,1.63076,1.63086,1.63034,1.63034,176,17,0
2026-04-28 04:45:00,1.63032,1.6307,1.63019,1.63059,197,17,0
2026-04-28 05:00:00,1.63057,1.63159,1.6303999999999998,1.63136,325,17,0
2026-04-28 05:15:00,1.6313900000000001,1.63167,1.6311200000000001,1.63114,214,17,0
2026-04-28 05:30:00,1.63117,1.63182,1.63117,1.63171,366,17,0
2026-04-28 05:45:00,1.6316899999999999,1.63204,1.6308099999999999,1.63105,327,17,0
2026-04-28 06:00:00,1.6310799999999999,1.63185,1.63079,1.63083,505,17,0
2026-04-28 06:15:00,1.63086,1.63168,1.63077,1.63091,418,17,0
2026-04-28 06:30:00,1.63093,1.63123,1.63037,1.63083,446,17,0
2026-04-28 06:45:00,1.6308,1.6324100000000001,1.63073,1.63137,752,17,0
2026-04-28 07:00:00,1.6314,1.63143,1.63039,1.63071,627,17,0
2026-04-28 07:15:00,1.63073,1.63127,1.63053,1.63109,536,17,0
2026-04-28 07:30:00,1.63111,1.63118,1.6299700000000001,1.63015,387,17,0
2026-04-28 07:45:00,1.63016,1.63016,1.6293,1.62942,414,17,0
2026-04-28 08:00:00,1.6294499999999998,1.6317,1.6294499999999998,1.6313499999999999,709,17,0
2026-04-28 08:15:00,1.63138,1.6315,1.63014,1.63019,519,17,0
2026-04-28 08:30:00,1.63022,1.63034,1.6297199999999998,1.62992,368,17,0
2026-04-28 08:45:00,1.62994,1.6308500000000001,1.6299299999999999,1.6301700000000001,310,17,0
2026-04-28 09:00:00,1.63019,1.6312600000000002,1.63015,1.631,512,17,0
2026-04-28 09:15:00,1.63103,1.63107,1.6300599999999998,1.6301299999999999,386,17,0
2026-04-28 09:30:00,1.6301,1.6305399999999999,1.6298300000000001,1.6299700000000001,441,17,0
2026-04-28 09:45:00,1.62995,1.6303299999999998,1.62927,1.62951,395,17,0
2026-04-28 10:00:00,1.62954,1.6301,1.6293600000000001,1.6299700000000001,326,17,0
2026-04-28 10:15:00,1.62995,1.6312600000000002,1.62995,1.63111,388,17,0
2026-04-28 10:30:00,1.6311,1.6323699999999999,1.6311,1.63217,543,17,0
2026-04-28 10:45:00,1.63218,1.6324100000000001,1.6317599999999999,1.63202,349,17,0
2026-04-28 11:00:00,1.63199,1.63287,1.6318700000000002,1.6326399999999999,469,17,0
2026-04-28 11:15:00,1.63267,1.63321,1.63249,1.63265,427,17,0
2026-04-28 11:30:00,1.6326800000000001,1.6340599999999998,1.63259,1.63292,634,17,0
2026-04-28 11:45:00,1.6329,1.63341,1.63286,1.63305,640,17,0
2026-04-28 12:00:00,1.6330200000000001,1.63326,1.63211,1.6326100000000001,667,17,0
2026-04-28 12:15:00,1.63258,1.63335,1.63218,1.63269,884,17,0
2026-04-28 12:30:00,1.63265,1.6336300000000001,1.6325699999999999,1.6332900000000001,486,17,0
2026-04-28 12:45:00,1.63328,1.6335199999999999,1.63233,1.63238,483,17,0
2026-04-28 13:00:00,1.6324100000000001,1.6326399999999999,1.63206,1.6322999999999999,423,17,0
2026-04-28 13:15:00,1.63229,1.63245,1.63147,1.63177,598,17,0
2026-04-28 13:30:00,1.6318000000000001,1.63232,1.63111,1.63136,891,17,0
2026-04-28 13:45:00,1.6313900000000001,1.6318000000000001,1.63045,1.63122,640,17,0
2026-04-28 14:00:00,1.63125,1.6316199999999998,1.6310099999999998,1.63131,635,17,0
2026-04-28 14:15:00,1.63133,1.63161,1.63053,1.6312,591,17,0
2026-04-28 14:30:00,1.63122,1.6319,1.63059,1.63186,743,17,0
2026-04-28 14:45:00,1.63183,1.63303,1.63141,1.6324,1076,17,0
2026-04-28 15:00:00,1.63238,1.63296,1.6320999999999999,1.63251,778,17,0
2026-04-28 15:15:00,1.63252,1.63273,1.6322100000000002,1.63238,468,17,0
2026-04-28 15:30:00,1.6324,1.63243,1.6316199999999998,1.63164,568,17,0
2026-04-28 15:45:00,1.63166,1.63172,1.63109,1.63131,453,17,0
2026-04-28 16:00:00,1.63129,1.63163,1.63113,1.63137,440,17,0
2026-04-28 16:15:00,1.6313499999999999,1.6314600000000001,1.63087,1.63105,328,17,0
2026-04-28 16:30:00,1.63104,1.6312799999999998,1.63091,1.63105,293,17,0
2026-04-28 16:45:00,1.63106,1.63109,1.63053,1.6307,348,17,0
2026-04-28 17:00:00,1.6306699999999998,1.63106,1.63046,1.6305800000000001,332,17,0
2026-04-28 17:15:00,1.63059,1.63082,1.63059,1.63075,182,17,0
2026-04-28 17:30:00,1.63076,1.6308,1.63015,1.63034,198,17,0
2026-04-28 17:45:00,1.63032,1.6307399999999999,1.6302400000000001,1.6302400000000001,257,17,0
2026-04-28 18:00:00,1.63025,1.63052,1.63019,1.63034,210,17,0
2026-04-28 18:15:00,1.63032,1.63034,1.6300599999999998,1.6301700000000001,299,17,0
2026-04-28 18:30:00,1.63014,1.63053,1.63012,1.6303800000000002,160,17,0
2026-04-28 18:45:00,1.63037,1.63049,1.63022,1.63025,191,17,0
2026-04-28 19:00:00,1.63023,1.63041,1.63005,1.6302400000000001,164,17,0
2026-04-28 19:15:00,1.63023,1.63059,1.63018,1.6305399999999999,199,17,0
2026-04-28 19:30:00,1.63055,1.6307800000000001,1.63041,1.63062,162,17,0
2026-04-28 19:45:00,1.63063,1.6308799999999999,1.63056,1.6307800000000001,175,17,0
2026-04-28 20:00:00,1.6307399999999999,1.63089,1.6305399999999999,1.63087,157,17,0
2026-04-28 20:15:00,1.6309,1.6309200000000001,1.63072,1.63079,76,17,0
2026-04-28 20:30:00,1.63082,1.63105,1.6307800000000001,1.63083,107,17,0
2026-04-28 20:45:00,1.6308099999999999,1.63086,1.63061,1.6306699999999998,116,17,0
2026-04-28 21:00:00,1.6306500000000002,1.6306699999999998,1.6304400000000001,1.6304400000000001,42,32,0
2026-04-28 21:15:00,1.63045,1.63056,1.63025,1.6302699999999999,139,80,0
2026-04-28 21:30:00,1.63025,1.63063,1.63019,1.6305399999999999,147,66,0
2026-04-28 21:45:00,1.63053,1.631,1.6305,1.6308500000000001,105,38,0
2026-04-28 22:00:00,1.63091,1.6313,1.63076,1.6309900000000002,147,25,0
2026-04-28 22:15:00,1.631,1.6310799999999999,1.6309,1.6309,49,25,0
2026-04-28 22:30:00,1.6309200000000001,1.63109,1.6308799999999999,1.63102,56,25,0
2026-04-28 22:45:00,1.631,1.63118,1.6309399999999998,1.63114,35,25,0
2026-04-28 23:00:00,1.63117,1.63133,1.6311200000000001,1.63122,57,17,0
2026-04-28 23:15:00,1.63124,1.63124,1.63089,1.631,50,17,0
2026-04-28 23:30:00,1.63102,1.63102,1.63046,1.63056,71,17,0
2026-04-28 23:45:00,1.63055,1.63072,1.63042,1.63043,160,17,0
2026-04-29 00:00:00,1.6303999999999998,1.63066,1.63003,1.6300599999999998,373,17,0
2026-04-29 00:15:00,1.6300400000000002,1.63046,1.62999,1.6303999999999998,276,17,0
2026-04-29 00:30:00,1.63039,1.63043,1.62988,1.62994,211,17,0
2026-04-29 00:45:00,1.6299299999999999,1.63046,1.62982,1.63028,275,17,0
2026-04-29 01:00:00,1.6303100000000001,1.6317599999999999,1.63029,1.63111,780,17,0
2026-04-29 01:15:00,1.63109,1.63141,1.63073,1.6312799999999998,488,17,0
2026-04-29 01:30:00,1.63132,1.6339700000000001,1.63132,1.63254,1033,17,0
2026-04-29 01:45:00,1.63256,1.63392,1.63254,1.63349,605,17,0
2026-04-29 02:00:00,1.63346,1.63346,1.63255,1.63315,530,17,0
2026-04-29 02:15:00,1.6331099999999998,1.6341299999999999,1.63288,1.63375,469,17,0
2026-04-29 02:30:00,1.6337199999999998,1.63468,1.6336,1.6345399999999999,524,17,0
2026-04-29 02:45:00,1.6345100000000001,1.63518,1.63407,1.63507,339,17,0
2026-04-29 03:00:00,1.63504,1.63504,1.63408,1.63456,392,17,0
2026-04-29 03:15:00,1.63457,1.63495,1.63416,1.6348099999999999,313,17,0
2026-04-29 03:30:00,1.63483,1.6348799999999999,1.63422,1.63426,193,17,0
2026-04-29 03:45:00,1.63429,1.6346,1.63402,1.63455,233,17,0
2026-04-29 04:00:00,1.6345100000000001,1.63482,1.63428,1.6347800000000001,206,17,0
2026-04-29 04:15:00,1.63477,1.63482,1.63434,1.63459,123,17,0
2026-04-29 04:30:00,1.63456,1.6345800000000001,1.63408,1.6341299999999999,214,17,0
2026-04-29 04:45:00,1.6341,1.63419,1.63385,1.63409,129,17,0
2026-04-29 05:00:00,1.63412,1.63429,1.63389,1.63429,245,17,0
2026-04-29 05:15:00,1.63428,1.63443,1.63365,1.63374,231,17,0
2026-04-29 05:30:00,1.6337000000000002,1.63385,1.63346,1.6336300000000001,253,17,0
2026-04-29 05:45:00,1.6335899999999999,1.63403,1.6334,1.63401,275,17,0
2026-04-29 06:00:00,1.63403,1.63439,1.63391,1.63436,361,17,0
2026-04-29 06:15:00,1.63437,1.6349200000000002,1.6340400000000002,1.6341700000000001,374,17,0
2026-04-29 06:30:00,1.63419,1.63466,1.63405,1.63419,298,17,0
2026-04-29 06:45:00,1.6341700000000001,1.6344400000000001,1.63376,1.63401,315,17,0
2026-04-29 07:00:00,1.63398,1.6346699999999998,1.63384,1.63426,505,17,0
2026-04-29 07:15:00,1.63428,1.63476,1.63389,1.6343299999999998,368,17,0
2026-04-29 07:30:00,1.6343100000000002,1.63446,1.63341,1.63436,453,17,0
2026-04-29 07:45:00,1.6343299999999998,1.6349900000000002,1.6338599999999999,1.6340599999999998,448,17,0
2026-04-29 08:00:00,1.63403,1.6345100000000001,1.6332200000000001,1.63442,779,17,0
2026-04-29 08:15:00,1.63439,1.6344400000000001,1.63374,1.6339000000000001,431,17,0
2026-04-29 08:30:00,1.63392,1.6346,1.63385,1.6345,395,17,0
2026-04-29 08:45:00,1.63448,1.63511,1.63432,1.63509,300,17,0
2026-04-29 09:00:00,1.6351,1.63551,1.63477,1.63477,336,17,0
2026-04-29 09:15:00,1.6348,1.63554,1.6345399999999999,1.6354899999999999,315,17,0
2026-04-29 09:30:00,1.6355300000000002,1.63612,1.6354,1.63612,310,17,0
2026-04-29 09:45:00,1.63611,1.63646,1.63575,1.63595,383,17,0
2026-04-29 10:00:00,1.63597,1.6362100000000002,1.6351499999999999,1.6352600000000002,284,17,0
2026-04-29 10:15:00,1.63527,1.63527,1.6347,1.63475,246,17,0
2026-04-29 10:30:00,1.63473,1.63536,1.63398,1.6351900000000001,304,17,0
2026-04-29 10:45:00,1.63521,1.6356600000000001,1.63507,1.63551,243,17,0
2026-04-29 11:00:00,1.63554,1.63564,1.63529,1.63532,356,17,0
2026-04-29 11:15:00,1.63534,1.63538,1.6348,1.63532,323,17,0
2026-04-29 11:30:00,1.63534,1.6356600000000001,1.6351,1.63516,318,17,0
2026-04-29 11:45:00,1.63513,1.63551,1.6345,1.6345,304,17,0
2026-04-29 12:00:00,1.63449,1.63502,1.6337899999999999,1.63387,380,17,0
2026-04-29 12:15:00,1.6339000000000001,1.63437,1.63349,1.63425,463,17,0
2026-04-29 12:30:00,1.63421,1.63491,1.63419,1.63426,502,17,0
2026-04-29 12:45:00,1.63429,1.6350099999999999,1.63399,1.635,516,17,0
2026-04-29 13:00:00,1.63497,1.6351900000000001,1.6343100000000002,1.63464,495,17,0
2026-04-29 13:15:00,1.63462,1.63609,1.63459,1.6358899999999998,621,17,0
2026-04-29 13:30:00,1.63592,1.63744,1.63585,1.63731,807,17,0
2026-04-29 13:45:00,1.6373199999999999,1.63981,1.6373199999999999,1.63972,998,17,0
2026-04-29 14:00:00,1.6396899999999999,1.6403699999999999,1.63856,1.63873,852,17,0
2026-04-29 14:15:00,1.63875,1.63909,1.63776,1.63787,658,17,0
2026-04-29 14:30:00,1.63789,1.6386699999999998,1.6377000000000002,1.638,598,17,0
2026-04-29 14:45:00,1.63798,1.63868,1.63768,1.63845,689,17,0
2026-04-29 15:00:00,1.63843,1.63999,1.63808,1.63983,643,17,0
2026-04-29 15:15:00,1.63985,1.6399,1.639,1.63956,557,17,0
2026-04-29 15:30:00,1.63957,1.63982,1.63909,1.63916,588,17,0
2026-04-29 15:45:00,1.63917,1.64193,1.63893,1.64046,1179,17,0
2026-04-29 16:00:00,1.64043,1.64047,1.63889,1.63911,561,17,0
2026-04-29 16:15:00,1.6390799999999999,1.63954,1.63884,1.63945,480,17,0
2026-04-29 16:30:00,1.63947,1.63995,1.6391,1.63932,500,17,0
2026-04-29 16:45:00,1.6392799999999998,1.63981,1.63903,1.63948,367,17,0
2026-04-29 17:00:00,1.6395,1.63994,1.6389399999999998,1.6391200000000001,341,17,0
2026-04-29 17:15:00,1.6391499999999999,1.6395499999999998,1.63902,1.63924,369,17,0
2026-04-29 17:30:00,1.6392099999999998,1.63931,1.63855,1.63882,369,17,0
2026-04-29 17:45:00,1.6388099999999999,1.63904,1.6384699999999999,1.63875,368,17,0
2026-04-29 18:00:00,1.63872,1.6423299999999998,1.63863,1.64178,1231,17,0
2026-04-29 18:15:00,1.6418,1.6418599999999999,1.64083,1.64092,578,17,0
2026-04-29 18:30:00,1.6409,1.6424400000000001,1.64019,1.64225,1246,17,0
2026-04-29 18:45:00,1.64228,1.64228,1.64076,1.64076,745,17,0
2026-04-29 19:00:00,1.64074,1.64184,1.64049,1.64072,583,17,0
2026-04-29 19:15:00,1.6407500000000002,1.64101,1.64032,1.641,425,17,0
2026-04-29 19:30:00,1.64103,1.64155,1.6405699999999999,1.6409,430,17,0
2026-04-29 19:45:00,1.6408800000000001,1.64092,1.64047,1.64062,367,17,0
2026-04-29 20:00:00,1.6406,1.6409799999999999,1.64009,1.64096,677,17,0
2026-04-29 20:15:00,1.64093,1.6410900000000002,1.64002,1.64002,391,17,0
2026-04-29 20:30:00,1.64004,1.64031,1.63983,1.64017,250,17,0
2026-04-29 20:45:00,1.64019,1.64076,1.64008,1.64069,289,16,0
2026-04-29 21:00:00,1.6407,1.6407,1.64032,1.64033,40,16,0
2026-04-29 21:15:00,1.64035,1.64035,1.64019,1.6403400000000001,123,156,0
2026-04-29 21:30:00,1.64036,1.64074,1.64025,1.6403400000000001,256,100,0
2026-04-29 21:45:00,1.6403699999999999,1.6408399999999999,1.64035,1.6406,211,36,0
2026-04-29 22:00:00,1.64063,1.64087,1.6401,1.6402999999999999,200,25,0
2026-04-29 22:15:00,1.64032,1.6404100000000001,1.6396199999999999,1.64005,174,25,0
2026-04-29 22:30:00,1.6400299999999999,1.6400700000000001,1.63977,1.6400700000000001,100,25,0
2026-04-29 22:45:00,1.64008,1.6402999999999999,1.6398000000000001,1.64028,90,25,0
2026-04-29 23:00:00,1.64033,1.6403699999999999,1.63977,1.63984,96,17,0
2026-04-29 23:15:00,1.63986,1.6401,1.6396899999999999,1.63978,126,17,0
2026-04-29 23:30:00,1.6397599999999999,1.6397599999999999,1.6392,1.63958,192,17,0
2026-04-29 23:45:00,1.63961,1.63985,1.63909,1.6392,233,17,0
2026-04-30 00:00:00,1.63923,1.63999,1.6385399999999999,1.63968,577,17,0
2026-04-30 00:15:00,1.6397,1.63994,1.63936,1.63937,383,17,0
2026-04-30 00:30:00,1.63936,1.63982,1.63914,1.63977,294,17,0
2026-04-30 00:45:00,1.63978,1.63992,1.6393499999999999,1.63991,354,17,0
2026-04-30 01:00:00,1.63995,1.6407,1.6396,1.64047,451,17,0
2026-04-30 01:15:00,1.64049,1.64049,1.6396199999999999,1.63986,335,17,0
2026-04-30 01:30:00,1.63988,1.6401,1.6389399999999998,1.63922,498,17,0
2026-04-30 01:45:00,1.63923,1.63937,1.63812,1.63829,334,17,0
2026-04-30 02:00:00,1.63832,1.63838,1.6377000000000002,1.63777,339,17,0
2026-04-30 02:15:00,1.6377899999999999,1.63838,1.6377899999999999,1.63828,281,17,0
2026-04-30 02:30:00,1.6383100000000002,1.6389399999999998,1.63775,1.6380599999999998,741,17,0
2026-04-30 02:45:00,1.63803,1.63821,1.6369,1.6371,342,17,0
2026-04-30 03:00:00,1.63712,1.6373600000000001,1.6365699999999999,1.63719,358,17,0
2026-04-30 03:15:00,1.63721,1.63731,1.63659,1.63681,233,17,0
2026-04-30 03:30:00,1.6367699999999998,1.6370900000000002,1.6364,1.6366399999999999,270,17,0
2026-04-30 03:45:00,1.63666,1.6371099999999998,1.63652,1.6371099999999998,306,17,0
2026-04-30 04:00:00,1.63708,1.6379000000000001,1.63697,1.63766,437,17,0
2026-04-30 04:15:00,1.63765,1.63801,1.6374499999999999,1.6377000000000002,400,17,0
2026-04-30 04:30:00,1.63771,1.63812,1.63764,1.63784,418,17,0
2026-04-30 04:45:00,1.6378,1.63856,1.63755,1.63856,343,17,0
2026-04-30 05:00:00,1.63853,1.63853,1.63723,1.63776,428,17,0
2026-04-30 05:15:00,1.63778,1.63825,1.63778,1.6381000000000001,285,17,0
2026-04-30 05:30:00,1.63812,1.63826,1.6376300000000001,1.6380599999999998,361,17,0
2026-04-30 05:45:00,1.6381000000000001,1.63952,1.6379899999999998,1.6391200000000001,458,17,0
2026-04-30 06:00:00,1.63909,1.63967,1.6389200000000002,1.6393900000000001,436,17,0
2026-04-30 06:15:00,1.63938,1.6394199999999999,1.6388500000000001,1.6393,407,17,0
2026-04-30 06:30:00,1.63927,1.63975,1.63838,1.63967,562,17,0
2026-04-30 06:45:00,1.6396899999999999,1.64015,1.63924,1.6393499999999999,502,17,0
2026-04-30 07:00:00,1.63932,1.63957,1.6383,1.63837,676,17,0
2026-04-30 07:15:00,1.63839,1.63903,1.63837,1.63862,533,17,0
2026-04-30 07:30:00,1.63861,1.6391900000000001,1.6384699999999999,1.63884,496,17,0
2026-04-30 07:45:00,1.6388099999999999,1.63907,1.63809,1.63841,523,17,0
2026-04-30 08:00:00,1.6384400000000001,1.63923,1.63746,1.63873,842,17,0
2026-04-30 08:15:00,1.63871,1.6389399999999998,1.63798,1.6380400000000002,504,17,0
2026-04-30 08:30:00,1.6380599999999998,1.6385399999999999,1.63792,1.6383999999999999,505,17,0
2026-04-30 08:45:00,1.63837,1.6383999999999999,1.63751,1.63805,543,17,0
2026-04-30 09:00:00,1.63807,1.6381000000000001,1.63734,1.63771,589,17,0
2026-04-30 09:15:00,1.63768,1.63837,1.63754,1.638,606,17,0
2026-04-30 09:30:00,1.63802,1.63802,1.63593,1.6373,906,17,0
2026-04-30 09:45:00,1.63728,1.6373799999999998,1.6363699999999999,1.63665,544,17,0
2026-04-30 10:00:00,1.63662,1.6371099999999998,1.63604,1.63689,478,17,0
2026-04-30 10:15:00,1.63687,1.63687,1.63624,1.6364800000000002,550,17,0
2026-04-30 10:30:00,1.63646,1.63705,1.63612,1.6368399999999999,1010,17,0
2026-04-30 10:45:00,1.63685,1.63706,1.6362299999999999,1.63665,812,17,0
2026-04-30 11:00:00,1.6366100000000001,1.6368399999999999,1.6354600000000001,1.6359,975,17,0
2026-04-30 11:15:00,1.63593,1.63651,1.63496,1.63517,745,17,0
2026-04-30 11:30:00,1.6352,1.63703,1.6350500000000001,1.63703,755,17,0
2026-04-30 11:45:00,1.637,1.63744,1.63572,1.6362,658,17,0
2026-04-30 12:00:00,1.63617,1.63731,1.6354,1.63731,780,17,0
2026-04-30 12:15:00,1.63728,1.63731,1.6358700000000002,1.63662,835,17,0
2026-04-30 12:30:00,1.63666,1.63697,1.63558,1.63558,741,17,0
2026-04-30 12:45:00,1.63561,1.63599,1.63463,1.63532,721,17,0
2026-04-30 13:00:00,1.63529,1.63565,1.6341700000000001,1.63443,959,17,0
2026-04-30 13:15:00,1.63446,1.6345399999999999,1.63267,1.6328399999999998,581,17,0
2026-04-30 13:30:00,1.63281,1.63346,1.6326100000000001,1.63287,816,17,0
2026-04-30 13:45:00,1.6329,1.6332499999999999,1.63154,1.63215,874,17,0
2026-04-30 14:00:00,1.63212,1.6322,1.62985,1.63022,1050,17,0
2026-04-30 14:15:00,1.6301999999999999,1.63118,1.63011,1.6308799999999999,770,17,0
2026-04-30 14:30:00,1.63091,1.63304,1.63073,1.63212,876,17,0
2026-04-30 14:45:00,1.63208,1.63239,1.6305100000000001,1.63143,1302,17,0
2026-04-30 15:00:00,1.63141,1.63274,1.6311900000000001,1.6323699999999999,900,17,0
2026-04-30 15:15:00,1.63235,1.63267,1.63184,1.63197,516,17,0
2026-04-30 15:30:00,1.63195,1.6319599999999999,1.6312799999999998,1.63192,526,17,0
2026-04-30 15:45:00,1.6319,1.63277,1.63183,1.63277,444,17,0
2026-04-30 16:00:00,1.6328,1.6333600000000001,1.63198,1.63327,493,17,0
2026-04-30 16:15:00,1.63328,1.63351,1.63305,1.6330900000000002,326,17,0
2026-04-30 16:30:00,1.63308,1.63324,1.63228,1.6325699999999999,322,17,0
2026-04-30 16:45:00,1.63259,1.63287,1.63215,1.63249,312,17,0
2026-04-30 17:00:00,1.63246,1.63283,1.63225,1.63247,390,17,0
2026-04-30 17:15:00,1.6324800000000002,1.63265,1.63228,1.63239,300,17,0
2026-04-30 17:30:00,1.6323699999999999,1.63242,1.63205,1.6322,311,17,0
2026-04-30 17:45:00,1.63222,1.63225,1.63198,1.63201,228,17,0
2026-04-30 18:00:00,1.63197,1.63197,1.63086,1.63089,278,17,0
2026-04-30 18:15:00,1.63087,1.63118,1.63082,1.63102,190,17,0
2026-04-30 18:30:00,1.63103,1.63106,1.63071,1.6308799999999999,271,17,0
2026-04-30 18:45:00,1.63086,1.63089,1.6303,1.63037,237,17,0
2026-04-30 19:00:00,1.6303999999999998,1.6304400000000001,1.62994,1.63022,284,17,0
2026-04-30 19:15:00,1.63021,1.63035,1.6298,1.63008,202,17,0
2026-04-30 19:30:00,1.6301,1.63026,1.6299700000000001,1.63009,236,17,0
2026-04-30 19:45:00,1.63012,1.63035,1.63,1.63022,267,17,0
2026-04-30 20:00:00,1.63025,1.63025,1.62973,1.62988,323,17,0
2026-04-30 20:15:00,1.6298599999999999,1.63003,1.6295899999999999,1.62965,180,17,0
2026-04-30 20:30:00,1.62968,1.62981,1.62913,1.62933,212,17,0
2026-04-30 20:45:00,1.62931,1.62957,1.62877,1.62886,232,17,0
2026-04-30 21:00:00,1.62888,1.62888,1.62836,1.6283699999999999,121,22,0
2026-04-30 21:15:00,1.62836,1.6284,1.62815,1.62835,162,192,0
2026-04-30 21:30:00,1.62835,1.62877,1.62833,1.62874,92,186,0
2026-04-30 21:45:00,1.6287500000000001,1.62971,1.62836,1.62934,196,22,0
2026-04-30 22:00:00,1.62948,1.62975,1.62899,1.62914,170,25,0
2026-04-30 22:15:00,1.62913,1.62917,1.62903,1.62903,53,25,0
2026-04-30 22:30:00,1.62906,1.6294,1.62899,1.62939,140,25,0
2026-04-30 22:45:00,1.6293600000000001,1.6295,1.62923,1.62926,94,25,0
2026-04-30 23:00:00,1.6293199999999999,1.6294,1.62876,1.62876,135,17,0
2026-04-30 23:15:00,1.62878,1.6289799999999999,1.62874,1.62879,102,17,0
2026-04-30 23:30:00,1.62878,1.62878,1.62816,1.62826,80,17,0
2026-04-30 23:45:00,1.62828,1.6288,1.62802,1.62877,247,17,0
2026-05-01 00:00:00,1.6288,1.62926,1.6282999999999999,1.6289099999999999,474,17,0
2026-05-01 00:15:00,1.62888,1.62913,1.6286,1.62903,350,17,0
2026-05-01 00:30:00,1.62904,1.6296300000000001,1.62887,1.6290200000000001,298,17,0
2026-05-01 00:45:00,1.629,1.62927,1.6284399999999999,1.6285699999999999,407,17,0
2026-05-01 01:00:00,1.62856,1.6293600000000001,1.6285500000000002,1.62877,328,17,0
2026-05-01 01:15:00,1.62878,1.6293600000000001,1.6287500000000001,1.62919,238,17,0
2026-05-01 01:30:00,1.62917,1.62938,1.62892,1.6292,266,17,0
2026-05-01 01:45:00,1.62923,1.62934,1.6286,1.6288,269,17,0
2026-05-01 02:00:00,1.62878,1.62917,1.62842,1.6288399999999998,237,17,0
2026-05-01 02:15:00,1.62887,1.62907,1.62876,1.6289799999999999,169,17,0
2026-05-01 02:30:00,1.6289500000000001,1.62984,1.6289500000000001,1.62967,272,17,0
2026-05-01 02:45:00,1.62969,1.63009,1.62964,1.62967,198,17,0
2026-05-01 03:00:00,1.62969,1.62988,1.62957,1.62969,130,17,0
2026-05-01 03:15:00,1.62968,1.6297700000000002,1.62923,1.6293,110,17,0
2026-05-01 03:30:00,1.6292900000000001,1.63003,1.62928,1.62998,213,17,0
2026-05-01 03:45:00,1.62999,1.63042,1.6299299999999999,1.63021,193,17,0
2026-05-01 04:00:00,1.63019,1.6308500000000001,1.6301299999999999,1.63076,284,17,0
2026-05-01 04:15:00,1.63079,1.6309,1.63061,1.63072,153,17,0
2026-05-01 04:30:00,1.63069,1.63089,1.63043,1.6307,156,17,0
2026-05-01 04:45:00,1.63073,1.63073,1.6305100000000001,1.63068,139,17,0
2026-05-01 05:00:00,1.6306699999999998,1.6306699999999998,1.63021,1.6302400000000001,174,17,0
2026-05-01 05:15:00,1.63023,1.6307399999999999,1.63,1.63,159,17,0
2026-05-01 05:30:00,1.63001,1.6301999999999999,1.62989,1.62991,168,17,0
2026-05-01 05:45:00,1.62988,1.63055,1.6298300000000001,1.63043,171,17,0
2026-05-01 06:00:00,1.6303999999999998,1.63056,1.62953,1.62998,305,17,0
2026-05-01 06:15:00,1.62995,1.6301999999999999,1.6297700000000002,1.63008,253,17,0
2026-05-01 06:30:00,1.63005,1.63091,1.62995,1.63045,313,17,0
2026-05-01 06:45:00,1.63042,1.63152,1.63029,1.63086,951,17,0
2026-05-01 07:00:00,1.6308500000000001,1.6308500000000001,1.62965,1.62967,572,17,0
2026-05-01 07:15:00,1.62969,1.63026,1.6296,1.6297700000000002,424,17,0
2026-05-01 07:30:00,1.6297899999999998,1.63039,1.6297899999999998,1.6303,309,17,0
2026-05-01 07:45:00,1.63029,1.63089,1.6302400000000001,1.6307,340,17,0
2026-05-01 08:00:00,1.63072,1.6314,1.63053,1.6314,395,17,0
2026-05-01 08:15:00,1.6313900000000001,1.63217,1.63118,1.63172,323,17,0
2026-05-01 08:30:00,1.63174,1.63225,1.63166,1.6319599999999999,279,17,0
2026-05-01 08:45:00,1.63195,1.6322100000000002,1.6318899999999998,1.6320999999999999,221,17,0
2026-05-01 09:00:00,1.63208,1.63224,1.6314199999999999,1.63215,244,17,0
2026-05-01 09:15:00,1.63217,1.63246,1.63201,1.63236,245,17,0
2026-05-01 09:30:00,1.63238,1.6328399999999998,1.63218,1.6322299999999998,219,17,0
2026-05-01 09:45:00,1.63224,1.63293,1.6321400000000001,1.6326100000000001,275,17,0
2026-05-01 10:00:00,1.6326399999999999,1.63333,1.6325699999999999,1.63333,254,17,0
2026-05-01 10:15:00,1.63331,1.6334499999999998,1.63267,1.63299,242,17,0
2026-05-01 10:30:00,1.63296,1.6331099999999998,1.6328,1.63292,194,17,0
2026-05-01 10:45:00,1.63293,1.6334300000000002,1.63279,1.63334,220,17,0
2026-05-01 11:00:00,1.6333199999999999,1.63341,1.6328200000000002,1.6332200000000001,268,17,0
2026-05-01 11:15:00,1.63323,1.63334,1.63259,1.63299,326,17,0
2026-05-01 11:30:00,1.6330200000000001,1.63305,1.63253,1.63265,244,17,0
2026-05-01 11:45:00,1.63266,1.63303,1.63251,1.63279,268,17,0
2026-05-01 12:00:00,1.63281,1.6330900000000002,1.6319,1.63243,491,17,0
2026-05-01 12:15:00,1.63246,1.6329799999999999,1.6323400000000001,1.6326,520,17,0
2026-05-01 12:30:00,1.63256,1.6331799999999999,1.63253,1.63259,376,17,0
2026-05-01 12:45:00,1.6326,1.6326,1.63218,1.6323699999999999,276,17,0
2026-05-01 13:00:00,1.63236,1.63252,1.63167,1.6319599999999999,328,17,0
2026-05-01 13:15:00,1.63198,1.63209,1.6312600000000002,1.6312600000000002,336,17,0
2026-05-01 13:30:00,1.63129,1.6314899999999999,1.63071,1.63077,490,17,0
2026-05-01 13:45:00,1.63076,1.63118,1.63037,1.63063,803,17,0
2026-05-01 14:00:00,1.6305800000000001,1.6307800000000001,1.6295199999999999,1.6303999999999998,823,17,0
2026-05-01 14:15:00,1.63043,1.63071,1.63025,1.63055,441,17,0
2026-05-01 14:30:00,1.6305800000000001,1.6317599999999999,1.63049,1.6305800000000001,571,17,0
2026-05-01 14:45:00,1.63055,1.63109,1.63026,1.63048,575,17,0
2026-05-01 15:00:00,1.6305,1.63079,1.6298300000000001,1.62991,533,17,0
2026-05-01 15:15:00,1.6299000000000001,1.63002,1.62897,1.62913,384,17,0
2026-05-01 15:30:00,1.6291600000000002,1.62958,1.62896,1.62923,426,17,0
2026-05-01 15:45:00,1.6292,1.62962,1.62835,1.62858,611,17,0
2026-05-01 16:00:00,1.6286,1.6286,1.62822,1.62827,332,17,0
2026-05-01 16:15:00,1.62829,1.62851,1.6278700000000002,1.6281400000000001,434,17,0
2026-05-01 16:30:00,1.62817,1.62829,1.62767,1.62801,363,17,0
2026-05-01 16:45:00,1.6280299999999999,1.62815,1.6274600000000001,1.6276000000000002,335,17,0
2026-05-01 17:00:00,1.6276199999999998,1.62768,1.62698,1.62698,286,17,0
2026-05-01 17:15:00,1.6270099999999998,1.62763,1.62676,1.62732,398,17,0
2026-05-01 17:30:00,1.6273499999999999,1.62745,1.62684,1.62721,360,17,0
2026-05-01 17:45:00,1.6272,1.6273900000000001,1.627,1.62718,310,17,0
2026-05-01 18:00:00,1.6271499999999999,1.62756,1.62707,1.62745,339,17,0
2026-05-01 18:15:00,1.62748,1.62759,1.62662,1.6267200000000002,290,17,0
2026-05-01 18:30:00,1.6267399999999999,1.6271900000000001,1.62657,1.6270799999999999,309,17,0
2026-05-01 18:45:00,1.62709,1.62724,1.62646,1.62657,298,17,0
2026-05-01 19:00:00,1.6265800000000001,1.62671,1.62646,1.62657,204,17,0
2026-05-01 19:15:00,1.62655,1.62655,1.62603,1.6260599999999998,144,17,0
2026-05-01 19:30:00,1.6260400000000002,1.62633,1.62599,1.62619,147,17,0
2026-05-01 19:45:00,1.62623,1.6265100000000001,1.6261700000000001,1.62649,216,17,0
2026-05-01 20:00:00,1.6265100000000001,1.6267200000000002,1.62645,1.6266699999999998,150,17,0
2026-05-01 20:15:00,1.62669,1.62673,1.62643,1.62653,142,17,0
2026-05-01 20:30:00,1.62655,1.62725,1.62653,1.62704,172,17,0
2026-05-01 20:45:00,1.62707,1.62793,1.6268500000000001,1.6272600000000002,437,17,0
2026-05-03 21:00:00,1.62771,1.62777,1.62709,1.6272,31,127,0
2026-05-03 21:15:00,1.62723,1.62778,1.6250200000000001,1.6250200000000001,200,131,0
2026-05-03 21:30:00,1.62501,1.62599,1.6244100000000001,1.62485,124,341,0
2026-05-03 21:45:00,1.62499,1.62643,1.6243400000000001,1.62469,209,225,0
2026-05-03 22:00:00,1.62634,1.6265800000000001,1.6248200000000002,1.62594,400,17,0
2026-05-03 22:15:00,1.6259000000000001,1.62661,1.62557,1.62646,210,17,0
2026-05-03 22:30:00,1.62649,1.62703,1.6260400000000002,1.62642,236,17,0
2026-05-03 22:45:00,1.62644,1.62652,1.62583,1.62622,237,17,0
2026-05-03 23:00:00,1.62621,1.62661,1.6261700000000001,1.62652,147,17,0
2026-05-03 23:15:00,1.62649,1.62671,1.62622,1.62622,122,17,0
2026-05-03 23:30:00,1.62621,1.62637,1.62615,1.62622,77,17,0
2026-05-03 23:45:00,1.62621,1.62643,1.6261999999999999,1.62626,139,17,0
2026-05-04 00:00:00,1.62628,1.6268500000000001,1.6258,1.62594,361,17,0
2026-05-04 00:15:00,1.6259700000000001,1.62673,1.62592,1.6265100000000001,354,17,0
2026-05-04 00:30:00,1.62648,1.6266,1.62594,1.62629,268,17,0
2026-05-04 00:45:00,1.62628,1.6266699999999998,1.62619,1.6265399999999999,272,17,0
2026-05-04 01:00:00,1.6265100000000001,1.6275300000000001,1.62649,1.62703,430,17,0
2026-05-04 01:15:00,1.62702,1.62756,1.62683,1.6275,312,17,0
2026-05-04 01:30:00,1.62751,1.62755,1.62659,1.62673,312,17,0
2026-05-04 01:45:00,1.62675,1.62698,1.62637,1.62637,269,17,0
2026-05-04 02:00:00,1.6263800000000002,1.62691,1.62634,1.62677,318,17,0
2026-05-04 02:15:00,1.6268,1.6276899999999999,1.6268,1.62758,271,17,0
2026-05-04 02:30:00,1.6276000000000002,1.62764,1.62716,1.62725,266,17,0
2026-05-04 02:45:00,1.6272199999999999,1.6272199999999999,1.62646,1.62683,264,17,0
2026-05-04 03:00:00,1.62686,1.62705,1.6265800000000001,1.62691,206,17,0
2026-05-04 03:15:00,1.6269,1.6270799999999999,1.6266,1.62702,172,17,0
2026-05-04 03:30:00,1.6270099999999998,1.6272,1.62682,1.6268799999999999,165,17,0
2026-05-04 03:45:00,1.62691,1.62718,1.6261999999999999,1.62697,594,17,0
2026-05-04 04:00:00,1.62698,1.6272,1.62666,1.62709,325,17,0
2026-05-04 04:15:00,1.62711,1.62713,1.6266500000000002,1.6269900000000002,196,17,0
2026-05-04 04:30:00,1.6270099999999998,1.62707,1.62679,1.62686,114,17,0
2026-05-04 04:45:00,1.62689,1.62732,1.62686,1.6272,135,17,0
2026-05-04 05:00:00,1.6272199999999999,1.6273300000000002,1.62705,1.6271200000000001,186,17,0
2026-05-04 05:15:00,1.6271,1.62771,1.6271,1.62767,306,17,0
2026-05-04 05:30:00,1.62766,1.62799,1.6273900000000001,1.62751,234,17,0
2026-05-04 05:45:00,1.62752,1.62781,1.6273900000000001,1.62745,200,17,0
2026-05-04 06:00:00,1.62744,1.62815,1.62737,1.62782,295,17,0
2026-05-04 06:15:00,1.62784,1.6282299999999998,1.62771,1.62798,227,17,0
2026-05-04 06:30:00,1.6279400000000002,1.62917,1.6278899999999998,1.62912,391,17,0
2026-05-04 06:45:00,1.62915,1.62994,1.62904,1.62933,476,17,0
2026-05-04 07:00:00,1.6293600000000001,1.62998,1.62927,1.6298,555,17,0
2026-05-04 07:15:00,1.62981,1.62996,1.62923,1.62978,392,17,0
2026-05-04 07:30:00,1.6297700000000002,1.63018,1.6296599999999999,1.6298300000000001,344,17,0
2026-05-04 07:45:00,1.6298,1.62984,1.6291,1.6293600000000001,396,17,0
2026-05-04 08:00:00,1.62942,1.62957,1.62899,1.6293199999999999,425,17,0
2026-05-04 08:15:00,1.62931,1.6295199999999999,1.62862,1.6286800000000001,304,17,0
2026-05-04 08:30:00,1.62865,1.6288200000000002,1.62818,1.6285500000000002,311,17,0
2026-05-04 08:45:00,1.62852,1.62903,1.62842,1.62876,285,17,0
2026-05-04 09:00:00,1.62878,1.62887,1.6284,1.6284800000000001,275,17,0
2026-05-04 09:15:00,1.62845,1.6284999999999998,1.62778,1.62793,237,17,0
2026-05-04 09:30:00,1.6279400000000002,1.62817,1.62788,1.6279599999999999,214,17,0
2026-05-04 09:45:00,1.62798,1.62818,1.6277,1.62804,207,17,0
2026-05-04 10:00:00,1.62801,1.6313499999999999,1.62791,1.63079,1802,17,0
2026-05-04 10:15:00,1.63077,1.63096,1.62908,1.62951,1210,17,0
2026-05-04 10:30:00,1.6295199999999999,1.62989,1.62847,1.62919,1020,17,0
2026-05-04 10:45:00,1.62921,1.6294300000000002,1.62889,1.62903,386,17,0
2026-05-04 11:00:00,1.62901,1.62964,1.62854,1.629,643,17,0
2026-05-04 11:15:00,1.62899,1.6294499999999998,1.62874,1.6294,341,17,0
2026-05-04 11:30:00,1.62938,1.62987,1.62938,1.62954,504,17,0
2026-05-04 11:45:00,1.6295199999999999,1.63003,1.62877,1.6288200000000002,344,17,0
2026-05-04 12:00:00,1.62879,1.62904,1.62859,1.62885,361,17,0
2026-05-04 12:15:00,1.62888,1.62903,1.6282100000000002,1.6284399999999999,551,17,0
2026-05-04 12:30:00,1.62846,1.62881,1.62838,1.62838,370,17,0
2026-05-04 12:45:00,1.6284100000000001,1.6290200000000001,1.6283699999999999,1.6290200000000001,304,17,0
2026-05-04 13:00:00,1.62901,1.63037,1.6278700000000002,1.6293,997,17,0
2026-05-04 13:15:00,1.62928,1.62974,1.6290200000000001,1.62935,387,17,0
2026-05-04 13:30:00,1.6293199999999999,1.62992,1.62924,1.6298300000000001,562,17,0
2026-05-04 13:45:00,1.62981,1.63023,1.62949,1.63018,457,17,0
2026-05-04 14:00:00,1.63015,1.63035,1.62917,1.62931,530,17,0
2026-05-04 14:15:00,1.6293,1.62984,1.62879,1.62962,426,17,0
2026-05-04 14:30:00,1.62964,1.62976,1.62877,1.6293600000000001,497,17,0
2026-05-04 14:45:00,1.62937,1.62953,1.62851,1.62941,690,17,0
2026-05-04 15:00:00,1.6294300000000002,1.6303100000000001,1.62897,1.63022,625,17,0
2026-05-04 15:15:00,1.63025,1.63172,1.6299000000000001,1.63056,1127,17,0
2026-05-04 15:30:00,1.63053,1.63219,1.63045,1.6320299999999999,779,17,0
2026-05-04 15:45:00,1.63205,1.63274,1.6318700000000002,1.63232,819,17,0
2026-05-04 16:00:00,1.6323400000000001,1.63347,1.63206,1.6332,721,17,0
2026-05-04 16:15:00,1.63323,1.63338,1.6317599999999999,1.63209,798,17,0
2026-05-04 16:30:00,1.63211,1.63229,1.6314,1.63151,548,17,0
2026-05-04 16:45:00,1.6315300000000001,1.63205,1.63133,1.63205,414,17,0
2026-05-04 17:00:00,1.63202,1.63206,1.6306,1.6307,468,17,0
2026-05-04 17:15:00,1.63072,1.63089,1.6303800000000002,1.63068,465,17,0
2026-05-04 17:30:00,1.63069,1.6313900000000001,1.63055,1.63093,330,17,0
2026-05-04 17:45:00,1.6309200000000001,1.6311,1.6307800000000001,1.63098,230,17,0
2026-05-04 18:00:00,1.63096,1.6309900000000002,1.63048,1.63087,218,17,0
2026-05-04 18:15:00,1.63086,1.63118,1.6307,1.6307399999999999,282,17,0
2026-05-04 18:30:00,1.63072,1.6310799999999999,1.63056,1.631,277,17,0
2026-05-04 18:45:00,1.63104,1.6311499999999999,1.63077,1.6307800000000001,285,17,0
2026-05-04 19:00:00,1.63076,1.6312799999999998,1.63069,1.6308500000000001,351,17,0
2026-05-04 19:15:00,1.63083,1.63144,1.63076,1.6312799999999998,246,17,0
2026-05-04 19:30:00,1.63127,1.6312799999999998,1.63086,1.63106,181,17,0
2026-05-04 19:45:00,1.63105,1.6311200000000001,1.63053,1.63063,269,17,0
2026-05-04 20:00:00,1.6306500000000002,1.63105,1.6305,1.63097,192,17,0
2026-05-04 20:15:00,1.6309900000000002,1.6312799999999998,1.63083,1.6312799999999998,191,17,0
2026-05-04 20:30:00,1.63131,1.63147,1.6312,1.63136,142,17,0
2026-05-04 20:45:00,1.63134,1.63143,1.63116,1.63116,140,15,0
2026-05-04 21:00:00,1.6311200000000001,1.6311200000000001,1.63066,1.6309200000000001,139,40,0
2026-05-04 21:15:00,1.6308799999999999,1.63106,1.6307800000000001,1.63095,139,44,0
2026-05-04 21:30:00,1.63097,1.63097,1.63066,1.63068,59,58,0
2026-05-04 21:45:00,1.63066,1.63069,1.6303800000000002,1.63062,73,54,0
2026-05-04 22:00:00,1.63075,1.63118,1.63028,1.63102,138,25,0
2026-05-04 22:15:00,1.63104,1.63109,1.6309399999999998,1.6309900000000002,57,25,0
2026-05-04 22:30:00,1.631,1.63102,1.63082,1.63082,53,25,0
2026-05-04 22:45:00,1.63083,1.63103,1.6308,1.63087,49,25,0
2026-05-04 23:00:00,1.6309,1.63106,1.6308500000000001,1.63105,64,17,0
2026-05-04 23:15:00,1.6310099999999998,1.6311200000000001,1.6309399999999998,1.631,51,17,0
2026-05-04 23:30:00,1.6309900000000002,1.63116,1.63097,1.63104,60,17,0
2026-05-04 23:45:00,1.63102,1.63124,1.63087,1.63118,92,17,0
2026-05-05 00:00:00,1.63117,1.63121,1.6304699999999999,1.6310099999999998,319,17,0
2026-05-05 00:15:00,1.63103,1.6322100000000002,1.63103,1.63209,385,17,0
2026-05-05 00:30:00,1.6320700000000001,1.6324800000000002,1.63197,1.63218,222,17,0
2026-05-05 00:45:00,1.63216,1.63216,1.6316199999999998,1.63212,252,17,0
2026-05-05 01:00:00,1.6320999999999999,1.6324999999999998,1.6320000000000001,1.63202,301,17,0
2026-05-05 01:15:00,1.6320000000000001,1.63288,1.6320000000000001,1.63246,284,17,0
2026-05-05 01:30:00,1.63244,1.633,1.63229,1.63293,382,17,0
2026-05-05 01:45:00,1.6329099999999999,1.6329799999999999,1.63262,1.63283,246,17,0
2026-05-05 02:00:00,1.6328200000000002,1.63294,1.63159,1.63163,270,17,0
2026-05-05 02:15:00,1.63161,1.63201,1.6312799999999998,1.63199,175,17,0
2026-05-05 02:30:00,1.63197,1.63228,1.63165,1.63225,211,17,0
2026-05-05 02:45:00,1.6322299999999998,1.63253,1.63181,1.6322100000000002,241,17,0
2026-05-05 03:00:00,1.63225,1.63242,1.63198,1.63213,222,17,0
2026-05-05 03:15:00,1.6320999999999999,1.63267,1.63198,1.63255,151,17,0
2026-05-05 03:30:00,1.63254,1.63316,1.63254,1.63281,160,17,0
2026-05-05 03:45:00,1.63278,1.63337,1.6327099999999999,1.63331,148,17,0
2026-05-05 04:00:00,1.6332900000000001,1.63342,1.6327,1.63305,186,17,0
2026-05-05 04:15:00,1.63306,1.63328,1.63218,1.6322,238,17,0
2026-05-05 04:30:00,1.63228,1.63344,1.62964,1.63084,1005,17,0
2026-05-05 04:45:00,1.6308500000000001,1.6328200000000002,1.6308099999999999,1.6328200000000002,503,17,0
2026-05-05 05:00:00,1.63285,1.6337199999999998,1.63256,1.6337199999999998,471,17,0
2026-05-05 05:15:00,1.6337000000000002,1.6348799999999999,1.6336,1.63471,438,17,0
2026-05-05 05:30:00,1.63468,1.6371799999999999,1.63449,1.6368200000000002,1005,17,0
2026-05-05 05:45:00,1.63686,1.6369099999999999,1.6354600000000001,1.6363400000000001,595,17,0
2026-05-05 06:00:00,1.6363699999999999,1.6363699999999999,1.63484,1.6356899999999999,625,17,0
2026-05-05 06:15:00,1.63571,1.6360299999999999,1.63521,1.63525,467,17,0
2026-05-05 06:30:00,1.63523,1.6358000000000001,1.63503,1.63558,356,17,0
2026-05-05 06:45:00,1.6355499999999998,1.63579,1.63537,1.63574,301,17,0
2026-05-05 07:00:00,1.6357300000000001,1.6359599999999999,1.63493,1.63497,594,17,0
2026-05-05 07:15:00,1.63495,1.63517,1.6345800000000001,1.6348099999999999,394,17,0
2026-05-05 07:30:00,1.6347800000000001,1.6347800000000001,1.63344,1.6337899999999999,550,17,0
2026-05-05 07:45:00,1.63376,1.63436,1.63348,1.63427,365,17,0
2026-05-05 08:00:00,1.63426,1.63426,1.633,1.63317,450,17,0
2026-05-05 08:15:00,1.63321,1.63331,1.6323699999999999,1.63292,425,17,0
2026-05-05 08:30:00,1.6329500000000001,1.63328,1.63255,1.63269,377,17,0
2026-05-05 08:45:00,1.6327,1.63301,1.63225,1.63296,358,17,0
2026-05-05 09:00:00,1.63297,1.63314,1.63236,1.63285,454,17,0
2026-05-05 09:15:00,1.63288,1.6331099999999998,1.63255,1.63304,284,17,0
2026-05-05 09:30:00,1.63303,1.6331099999999998,1.63225,1.63289,378,17,0
2026-05-05 09:45:00,1.63287,1.6329,1.63171,1.6317599999999999,378,17,0
2026-05-05 10:00:00,1.6317300000000001,1.6320000000000001,1.63127,1.63134,230,17,0
2026-05-05 10:15:00,1.63137,1.63147,1.63089,1.63096,258,17,0
2026-05-05 10:30:00,1.63093,1.631,1.63012,1.63075,384,17,0
2026-05-05 10:45:00,1.63077,1.63109,1.6307,1.6307,206,17,0
2026-05-05 11:00:00,1.63073,1.63109,1.6305100000000001,1.6305800000000001,355,17,0
2026-05-05 11:15:00,1.63057,1.63089,1.6299000000000001,1.6299700000000001,353,17,0
2026-05-05 11:30:00,1.62995,1.63037,1.62984,1.62988,279,17,0
2026-05-05 11:45:00,1.62985,1.62985,1.6293199999999999,1.62968,274,17,0
2026-05-05 12:00:00,1.62971,1.6303100000000001,1.6292499999999999,1.6297199999999998,542,17,0
2026-05-05 12:15:00,1.62973,1.62994,1.62815,1.62859,474,17,0
2026-05-05 12:30:00,1.6285500000000002,1.62976,1.6284999999999998,1.62973,424,17,0
2026-05-05 12:45:00,1.62971,1.62984,1.6291799999999999,1.62941,341,17,0
2026-05-05 13:00:00,1.62939,1.6294,1.62869,1.62892,428,17,0
2026-05-05 13:15:00,1.6289099999999999,1.6294300000000002,1.6286,1.62927,326,17,0
2026-05-05 13:30:00,1.62924,1.62976,1.6291099999999998,1.62927,433,17,0
2026-05-05 13:45:00,1.62923,1.62937,1.6287,1.62899,449,17,0
2026-05-05 14:00:00,1.62903,1.62967,1.6279599999999999,1.6295600000000001,703,17,0
2026-05-05 14:15:00,1.6295899999999999,1.6298,1.62839,1.6285699999999999,713,17,0
2026-05-05 14:30:00,1.62859,1.62877,1.62801,1.62819,474,17,0
2026-05-05 14:45:00,1.62822,1.6288,1.62809,1.62835,527,17,0
2026-05-05 15:00:00,1.62832,1.6287,1.62736,1.62745,371,17,0
2026-05-05 15:15:00,1.62743,1.62781,1.62727,1.6276899999999999,339,17,0
2026-05-05 15:30:00,1.62765,1.62793,1.62704,1.6273300000000002,425,17,0
2026-05-05 15:45:00,1.62732,1.62755,1.62693,1.62707,294,17,0
2026-05-05 16:00:00,1.6271,1.6275300000000001,1.62706,1.6273300000000002,290,17,0
2026-05-05 16:15:00,1.62731,1.6273900000000001,1.62713,1.62714,253,17,0
2026-05-05 16:30:00,1.6271499999999999,1.62765,1.6271499999999999,1.62759,232,17,0
2026-05-05 16:45:00,1.62757,1.62793,1.62745,1.62774,214,17,0
2026-05-05 17:00:00,1.6277300000000001,1.62784,1.62751,1.62771,205,17,0
2026-05-05 17:15:00,1.6276899999999999,1.6279599999999999,1.6276000000000002,1.62774,186,17,0
2026-05-05 17:30:00,1.62772,1.62785,1.62743,1.62768,222,17,0
2026-05-05 17:45:00,1.62766,1.62784,1.6274899999999999,1.62754,148,17,0
2026-05-05 18:00:00,1.62756,1.6276000000000002,1.6271900000000001,1.6273300000000002,152,17,0
2026-05-05 18:15:00,1.62731,1.62748,1.62717,1.6273499999999999,124,17,0
2026-05-05 18:30:00,1.6273300000000002,1.62757,1.6272199999999999,1.62751,133,17,0
2026-05-05 18:45:00,1.6275,1.62782,1.62743,1.62766,118,17,0
2026-05-05 19:00:00,1.62764,1.6277599999999999,1.6275300000000001,1.62768,134,17,0
2026-05-05 19:15:00,1.62767,1.62774,1.62751,1.6277,131,17,0
2026-05-05 19:30:00,1.62768,1.6282100000000002,1.62754,1.6280299999999999,134,17,0
2026-05-05 19:45:00,1.62804,1.62845,1.62798,1.62809,227,17,0
2026-05-05 20:00:00,1.6280700000000001,1.62827,1.6280299999999999,1.62813,129,17,0
2026-05-05 20:15:00,1.62815,1.62818,1.6277,1.62781,133,17,0
2026-05-05 20:30:00,1.62778,1.62791,1.62775,1.62786,75,17,0
2026-05-05 20:45:00,1.6278700000000002,1.6280700000000001,1.6276899999999999,1.62771,123,17,0
2026-05-05 21:00:00,1.62771,1.62775,1.6273300000000002,1.62736,111,22,0
2026-05-05 21:15:00,1.6273499999999999,1.6275,1.6271499999999999,1.6275,168,158,0
2026-05-05 21:30:00,1.62751,1.62764,1.62734,1.62743,147,112,0
2026-05-05 21:45:00,1.62743,1.62828,1.6272199999999999,1.6272199999999999,176,42,0
2026-05-05 22:00:00,1.6273300000000002,1.62811,1.6273300000000002,1.62797,120,25,0
2026-05-05 22:15:00,1.6279599999999999,1.6280299999999999,1.62782,1.6278700000000002,56,25,0
2026-05-05 22:30:00,1.62784,1.62784,1.62759,1.62777,65,25,0
2026-05-05 22:45:00,1.6277599999999999,1.62785,1.62575,1.6265,396,25,0
2026-05-05 23:00:00,1.62649,1.62713,1.62599,1.62705,657,17,0
2026-05-05 23:15:00,1.62702,1.62702,1.6263800000000002,1.62646,412,17,0
2026-05-05 23:30:00,1.62645,1.62664,1.6261,1.62623,232,17,0
2026-05-05 23:45:00,1.62622,1.6263999999999998,1.62607,1.62626,222,17,0
2026-05-06 00:00:00,1.62623,1.6263,1.62483,1.62548,603,17,0
2026-05-06 00:15:00,1.6255,1.6257700000000002,1.62442,1.62481,471,17,0
2026-05-06 00:30:00,1.62485,1.62519,1.62331,1.62331,449,17,0
2026-05-06 00:45:00,1.62332,1.62344,1.6223,1.62236,430,17,0
2026-05-06 01:00:00,1.62234,1.6227399999999998,1.62215,1.62263,520,17,0
2026-05-06 01:15:00,1.6226,1.62271,1.62121,1.6217700000000002,514,17,0
2026-05-06 01:30:00,1.6218,1.6228099999999999,1.62157,1.6217700000000002,550,17,0
2026-05-06 01:45:00,1.62172,1.62172,1.62077,1.62133,569,17,0
2026-05-06 02:00:00,1.62135,1.62182,1.62117,1.62117,461,17,0
2026-05-06 02:15:00,1.62113,1.62128,1.6204,1.62051,393,17,0
2026-05-06 02:30:00,1.6205,1.62072,1.61999,1.62042,325,17,0
2026-05-06 02:45:00,1.6204399999999999,1.62049,1.6197,1.6197,340,17,0
2026-05-06 03:00:00,1.6196700000000002,1.61971,1.61844,1.6193499999999998,453,17,0
2026-05-06 03:15:00,1.61938,1.6195599999999999,1.6190099999999998,1.61947,253,17,0
2026-05-06 03:30:00,1.6195,1.6198299999999999,1.61923,1.61925,338,17,0
2026-05-06 03:45:00,1.61921,1.6201400000000001,1.61917,1.62008,248,17,0
2026-05-06 04:00:00,1.62005,1.62015,1.61911,1.61916,251,17,0
2026-05-06 04:15:00,1.6191499999999999,1.61985,1.6191499999999999,1.61952,310,17,0
2026-05-06 04:30:00,1.61955,1.62006,1.6186500000000001,1.6193499999999998,946,17,0
2026-05-06 04:45:00,1.61937,1.6200999999999999,1.6187200000000002,1.62005,715,17,0
2026-05-06 05:00:00,1.6200700000000001,1.62012,1.61883,1.6189900000000002,536,17,0
2026-05-06 05:15:00,1.6190099999999998,1.6195599999999999,1.619,1.6193,341,17,0
2026-05-06 05:30:00,1.61931,1.6194899999999999,1.619,1.61909,246,17,0
2026-05-06 05:45:00,1.6191200000000001,1.6191200000000001,1.61843,1.6187,273,17,0
2026-05-06 06:00:00,1.6187200000000002,1.62005,1.61867,1.6191,526,17,0
2026-05-06 06:15:00,1.61909,1.61937,1.6186500000000001,1.61879,358,17,0
2026-05-06 06:30:00,1.61876,1.61954,1.6187399999999998,1.61929,458,17,0
2026-05-06 06:45:00,1.61928,1.61936,1.61856,1.61859,241,17,0
2026-05-06 07:00:00,1.61857,1.62076,1.61841,1.6205500000000002,711,17,0
2026-05-06 07:15:00,1.62058,1.62127,1.62029,1.62056,509,17,0
2026-05-06 07:30:00,1.62054,1.62101,1.6202100000000002,1.6203699999999999,410,17,0
2026-05-06 07:45:00,1.6204,1.6209,1.62009,1.62067,608,17,0
2026-05-06 08:00:00,1.6206399999999999,1.62221,1.62054,1.6217000000000001,667,17,0
2026-05-06 08:15:00,1.62172,1.62187,1.6205699999999998,1.62104,378,17,0
2026-05-06 08:30:00,1.62107,1.62153,1.62022,1.62035,444,17,0
2026-05-06 08:45:00,1.6203400000000001,1.6208200000000001,1.6193300000000002,1.61998,1370,17,0
2026-05-06 09:00:00,1.62001,1.62183,1.6199400000000002,1.6214499999999998,767,17,0
2026-05-06 09:15:00,1.62144,1.62165,1.62005,1.62135,700,17,0
2026-05-06 09:30:00,1.62134,1.62168,1.62056,1.6215600000000001,605,17,0
2026-05-06 09:45:00,1.6215899999999999,1.62239,1.62138,1.62146,484,17,0
2026-05-06 10:00:00,1.6214300000000001,1.62276,1.62127,1.62263,569,17,0
2026-05-06 10:15:00,1.62266,1.6227200000000002,1.6218,1.62237,466,17,0
2026-05-06 10:30:00,1.6223800000000002,1.62252,1.62103,1.6212900000000001,587,17,0
2026-05-06 10:45:00,1.62127,1.62182,1.6206,1.6218,1132,17,0
2026-05-06 11:00:00,1.62183,1.62321,1.62183,1.6231,743,17,0
2026-05-06 11:15:00,1.62309,1.6234,1.6225399999999999,1.62304,527,17,0
2026-05-06 11:30:00,1.62305,1.62411,1.62252,1.62402,709,17,0
2026-05-06 11:45:00,1.62399,1.62416,1.62305,1.6232600000000001,696,17,0
2026-05-06 12:00:00,1.62323,1.62413,1.62323,1.6240700000000001,764,17,0
2026-05-06 12:15:00,1.62431,1.6251,1.6226500000000001,1.62297,1043,17,0
2026-05-06 12:30:00,1.62295,1.6239599999999998,1.6228799999999999,1.62357,588,17,0
2026-05-06 12:45:00,1.62354,1.62408,1.62341,1.62385,450,17,0
2026-05-06 13:00:00,1.62382,1.6249799999999999,1.62379,1.62405,835,17,0
2026-05-06 13:15:00,1.6240700000000001,1.6245,1.62377,1.62442,500,17,0
2026-05-06 13:30:00,1.62445,1.62478,1.62382,1.62397,694,17,0
2026-05-06 13:45:00,1.62395,1.62461,1.62378,1.62427,607,17,0
2026-05-06 14:00:00,1.62428,1.6245500000000002,1.62363,1.62378,648,17,0
2026-05-06 14:15:00,1.62377,1.6243400000000001,1.62357,1.62426,568,17,0
2026-05-06 14:30:00,1.62428,1.6244100000000001,1.6229900000000002,1.6230099999999998,611,17,0
2026-05-06 14:45:00,1.6229900000000002,1.6245699999999998,1.6229200000000001,1.62358,723,17,0
2026-05-06 15:00:00,1.62356,1.62428,1.62332,1.62415,618,17,0
2026-05-06 15:15:00,1.6241400000000001,1.62438,1.62366,1.6242299999999998,401,17,0
2026-05-06 15:30:00,1.6242,1.6249099999999999,1.62411,1.62467,418,17,0
2026-05-06 15:45:00,1.62469,1.6250200000000001,1.6244800000000001,1.6246,399,17,0
2026-05-06 16:00:00,1.62458,1.62511,1.62458,1.62486,358,17,0
2026-05-06 16:15:00,1.62488,1.62528,1.62474,1.62508,289,17,0
2026-05-06 16:30:00,1.62506,1.6250900000000001,1.62463,1.6249099999999999,245,17,0
2026-05-06 16:45:00,1.62494,1.62546,1.62487,1.62504,390,17,0
2026-05-06 17:00:00,1.6250200000000001,1.62517,1.62481,1.6249,280,17,0
2026-05-06 17:15:00,1.62487,1.62506,1.62467,1.62469,206,17,0
2026-05-06 17:30:00,1.6246800000000001,1.6248399999999998,1.6244,1.62458,278,17,0
2026-05-06 17:45:00,1.62456,1.62469,1.62426,1.62436,250,17,0
2026-05-06 18:00:00,1.62432,1.62432,1.6236199999999998,1.62397,244,17,0
2026-05-06 18:15:00,1.62393,1.624,1.62361,1.62366,204,17,0
2026-05-06 18:30:00,1.62365,1.6238299999999999,1.62347,1.62366,192,17,0
2026-05-06 18:45:00,1.62368,1.62379,1.62324,1.6234,282,17,0
2026-05-06 19:00:00,1.62344,1.62345,1.6230799999999999,1.62316,269,17,0
2026-05-06 19:15:00,1.6231900000000001,1.6234899999999999,1.6231900000000001,1.62341,155,17,0
2026-05-06 19:30:00,1.62344,1.62356,1.62323,1.62338,173,17,0
2026-05-06 19:45:00,1.6234,1.62348,1.62283,1.623,259,17,0
2026-05-06 20:00:00,1.62302,1.62341,1.62296,1.62323,232,17,0
2026-05-06 20:15:00,1.6232199999999999,1.62344,1.62309,1.6231,119,17,0
2026-05-06 20:30:00,1.62311,1.6232600000000001,1.62305,1.62313,122,17,0
2026-05-06 20:45:00,1.62314,1.62331,1.62302,1.62317,162,15,0
2026-05-06 21:00:00,1.6231499999999999,1.62321,1.62291,1.6229900000000002,86,16,0
2026-05-06 21:15:00,1.62298,1.6230799999999999,1.62262,1.62286,225,42,0
2026-05-06 21:30:00,1.6228799999999999,1.6232199999999999,1.62268,1.62268,220,98,0
2026-05-06 21:45:00,1.6226699999999998,1.62284,1.62223,1.62223,241,60,0
2026-05-06 22:00:00,1.62244,1.62351,1.62244,1.6232,119,25,0
2026-05-06 22:15:00,1.6231900000000001,1.62329,1.6231200000000001,1.6231900000000001,56,25,0
2026-05-06 22:30:00,1.62318,1.6237,1.62317,1.6235300000000001,76,25,0
2026-05-06 22:45:00,1.62351,1.6235300000000001,1.62337,1.62339,61,25,0
2026-05-06 23:00:00,1.6234,1.6235300000000001,1.62329,1.6233499999999998,96,17,0
2026-05-06 23:15:00,1.62337,1.6234899999999999,1.62329,1.62348,68,17,0
2026-05-06 23:30:00,1.6235,1.6235300000000001,1.6233,1.6233,51,17,0
2026-05-06 23:45:00,1.62332,1.62372,1.6229900000000002,1.62365,148,17,0
2026-05-07 00:00:00,1.6236199999999998,1.62419,1.62303,1.62343,550,17,0
2026-05-07 00:15:00,1.6234,1.62379,1.62313,1.62341,375,17,0
2026-05-07 00:30:00,1.6234,1.62411,1.6233499999999998,1.62382,299,17,0
2026-05-07 00:45:00,1.62381,1.6242,1.6235,1.62363,344,17,0
2026-05-07 01:00:00,1.62361,1.6242,1.62331,1.6236899999999999,528,17,0
2026-05-07 01:15:00,1.62367,1.62367,1.6231900000000001,1.6232799999999998,415,17,0
2026-05-07 01:30:00,1.6233,1.62379,1.62313,1.62314,384,17,0
2026-05-07 01:45:00,1.62316,1.6231900000000001,1.62253,1.62291,322,17,0
2026-05-07 02:00:00,1.62293,1.62321,1.62275,1.6232,321,17,0
2026-05-07 02:15:00,1.62318,1.62365,1.62318,1.6234199999999999,257,17,0
2026-05-07 02:30:00,1.62339,1.62344,1.6227,1.62283,266,17,0
2026-05-07 02:45:00,1.62282,1.62313,1.6227200000000002,1.62303,244,17,0
2026-05-07 03:00:00,1.62302,1.62341,1.62302,1.62316,216,17,0
2026-05-07 03:15:00,1.62314,1.6231499999999999,1.6228099999999999,1.62284,197,17,0
2026-05-07 03:30:00,1.62287,1.62295,1.62203,1.6222699999999999,245,17,0
2026-05-07 03:45:00,1.62223,1.62245,1.62212,1.62222,188,17,0
2026-05-07 04:00:00,1.62223,1.6223999999999998,1.6215899999999999,1.6219999999999999,253,17,0
2026-05-07 04:15:00,1.62201,1.62201,1.62127,1.62141,253,17,0
2026-05-07 04:30:00,1.6213899999999999,1.6216,1.62085,1.6209,241,17,0
2026-05-07 04:45:00,1.62094,1.62182,1.62094,1.62128,234,17,0
2026-05-07 05:00:00,1.62126,1.62157,1.62114,1.62124,232,17,0
2026-05-07 05:15:00,1.62123,1.6215199999999999,1.62111,1.6214300000000001,200,17,0
2026-05-07 05:30:00,1.62141,1.62148,1.6207799999999999,1.62092,212,17,0
2026-05-07 05:45:00,1.6209099999999999,1.6216300000000001,1.6209099999999999,1.62158,216,17,0
2026-05-07 06:00:00,1.62155,1.6221299999999998,1.62155,1.6219999999999999,310,17,0
2026-05-07 06:15:00,1.62199,1.6222400000000001,1.62164,1.62214,295,17,0
2026-05-07 06:30:00,1.6221700000000001,1.62219,1.61995,1.6200700000000001,535,17,0
2026-05-07 06:45:00,1.6200999999999999,1.6205699999999998,1.61999,1.62019,450,17,0
2026-05-07 07:00:00,1.6202299999999998,1.62086,1.61974,1.61999,730,17,0
2026-05-07 07:15:00,1.6200299999999999,1.6214499999999998,1.62001,1.62124,554,17,0
2026-05-07 07:30:00,1.62127,1.62178,1.6207,1.62076,469,17,0
2026-05-07 07:45:00,1.62073,1.62119,1.62018,1.6202800000000002,398,17,0
2026-05-07 08:00:00,1.62027,1.62032,1.6198700000000001,1.61992,435,17,0
2026-05-07 08:15:00,1.61991,1.6211799999999998,1.6197599999999999,1.62081,497,17,0
2026-05-07 08:30:00,1.62083,1.6215600000000001,1.62083,1.6214,393,17,0
2026-05-07 08:45:00,1.62141,1.6217899999999998,1.621,1.62162,325,17,0
2026-05-07 09:00:00,1.62164,1.6219999999999999,1.62137,1.6217000000000001,348,17,0
2026-05-07 09:15:00,1.62167,1.62222,1.62167,1.62222,238,17,0
2026-05-07 09:30:00,1.62225,1.62245,1.62164,1.62171,310,17,0
2026-05-07 09:45:00,1.62173,1.62221,1.62115,1.62115,362,17,0
2026-05-07 10:00:00,1.62113,1.62171,1.62079,1.62137,331,17,0
2026-05-07 10:15:00,1.6213600000000001,1.62155,1.62111,1.62154,277,17,0
2026-05-07 10:30:00,1.62151,1.62185,1.6211600000000002,1.62135,331,17,0
2026-05-07 10:45:00,1.62138,1.62171,1.62128,1.62164,313,17,0
2026-05-07 11:00:00,1.62161,1.6217000000000001,1.62131,1.6214499999999998,300,17,0
2026-05-07 11:15:00,1.62144,1.62209,1.62126,1.6213199999999999,316,17,0
2026-05-07 11:30:00,1.62134,1.62157,1.62099,1.62147,279,17,0
2026-05-07 11:45:00,1.62149,1.6215199999999999,1.62088,1.62146,271,17,0
2026-05-07 12:00:00,1.62148,1.6219999999999999,1.62124,1.62192,406,17,0
2026-05-07 12:15:00,1.62196,1.6231200000000001,1.62153,1.6226500000000001,444,17,0
2026-05-07 12:30:00,1.62266,1.62304,1.62235,1.62296,319,17,0
2026-05-07 12:45:00,1.6229900000000002,1.6234899999999999,1.62268,1.6231499999999999,413,17,0
2026-05-07 13:00:00,1.62316,1.62473,1.62316,1.6240299999999999,573,17,0
2026-05-07 13:15:00,1.62405,1.62417,1.62318,1.62339,434,17,0
2026-05-07 13:30:00,1.6234199999999999,1.62416,1.6234199999999999,1.6241400000000001,539,17,0
2026-05-07 13:45:00,1.62417,1.62456,1.62344,1.6235300000000001,568,17,0
2026-05-07 14:00:00,1.62351,1.6243699999999999,1.62306,1.62313,511,17,0
2026-05-07 14:15:00,1.6231,1.6234899999999999,1.62273,1.62276,519,17,0
2026-05-07 14:30:00,1.6227800000000001,1.62293,1.6225100000000001,1.62275,431,17,0
2026-05-07 14:45:00,1.62276,1.62388,1.62237,1.62237,634,17,0
2026-05-07 15:00:00,1.62239,1.6230099999999998,1.62239,1.6229,483,17,0
2026-05-07 15:15:00,1.62289,1.6243699999999999,1.62289,1.62374,532,17,0
2026-05-07 15:30:00,1.62371,1.62427,1.62325,1.62408,500,17,0
2026-05-07 15:45:00,1.6240700000000001,1.62488,1.6240299999999999,1.6248399999999998,454,17,0
2026-05-07 16:00:00,1.62481,1.62517,1.6244800000000001,1.62487,582,17,0
2026-05-07 16:15:00,1.6249,1.62538,1.62425,1.62435,543,17,0
2026-05-07 16:30:00,1.62433,1.62511,1.62425,1.62467,410,17,0
2026-05-07 16:45:00,1.62465,1.6248200000000002,1.62439,1.62461,363,17,0
2026-05-07 17:00:00,1.62459,1.62481,1.62415,1.62466,352,17,0
2026-05-07 17:15:00,1.6246800000000001,1.6252900000000001,1.62368,1.62486,684,17,0
2026-05-07 17:30:00,1.6249,1.62513,1.6239599999999998,1.62461,682,17,0
2026-05-07 17:45:00,1.62462,1.62479,1.6239,1.62392,483,17,0
2026-05-07 18:00:00,1.6239,1.62446,1.6239,1.62402,366,17,0
2026-05-07 18:15:00,1.62401,1.62485,1.62399,1.62476,268,17,0
2026-05-07 18:30:00,1.62474,1.62551,1.6245699999999998,1.6251799999999998,384,17,0
2026-05-07 18:45:00,1.6252,1.62619,1.62508,1.6250900000000001,714,17,0
2026-05-07 19:00:00,1.62512,1.6254300000000002,1.62487,1.62504,382,17,0
2026-05-07 19:15:00,1.62506,1.62596,1.6250499999999999,1.62549,557,17,0
2026-05-07 19:30:00,1.62546,1.62564,1.6252,1.62523,303,17,0
2026-05-07 19:45:00,1.62524,1.62629,1.62494,1.6262400000000001,587,17,0
2026-05-07 20:00:00,1.62625,1.6263100000000001,1.62478,1.62555,610,17,0
2026-05-07 20:15:00,1.62557,1.62582,1.62524,1.62569,200,17,0
2026-05-07 20:30:00,1.6256599999999999,1.6274,1.6254300000000002,1.62643,634,17,0
2026-05-07 20:45:00,1.6264699999999999,1.62744,1.62622,1.62646,390,15,0
2026-05-07 21:00:00,1.62644,1.62655,1.62588,1.6261100000000002,146,58,0
2026-05-07 21:15:00,1.62612,1.6261700000000001,1.62565,1.62578,178,166,0
2026-05-07 21:30:00,1.6257899999999998,1.62616,1.6257899999999998,1.62607,176,186,0
2026-05-07 21:45:00,1.62607,1.62697,1.62603,1.6268500000000001,173,68,0
2026-05-07 22:00:00,1.62698,1.62813,1.62637,1.62764,233,25,0
2026-05-07 22:15:00,1.6276199999999998,1.62767,1.6271499999999999,1.62736,243,25,0
2026-05-07 22:30:00,1.6273499999999999,1.62754,1.62703,1.62738,171,25,0
2026-05-07 22:45:00,1.62737,1.62766,1.62731,1.62766,108,25,0
2026-05-07 23:00:00,1.62771,1.62771,1.62711,1.62725,108,17,0
2026-05-07 23:15:00,1.62723,1.62737,1.62713,1.62736,101,17,0
2026-05-07 23:30:00,1.6273499999999999,1.6278899999999998,1.6271200000000001,1.62767,132,17,0
2026-05-07 23:45:00,1.62764,1.62768,1.6270799999999999,1.6272799999999998,208,17,0
2026-05-08 00:00:00,1.62725,1.62736,1.6269200000000001,1.62717,437,17,0
2026-05-08 00:15:00,1.6272,1.6287,1.6272,1.62806,551,17,0
2026-05-08 00:30:00,1.62809,1.62819,1.6272600000000002,1.62751,336,17,0
2026-05-08 00:45:00,1.6275,1.62785,1.6268799999999999,1.62694,421,17,0
2026-05-08 01:00:00,1.62696,1.6271,1.6261700000000001,1.62628,497,17,0
2026-05-08 01:15:00,1.6263,1.62671,1.6261,1.6266500000000002,402,17,0
2026-05-08 01:30:00,1.62663,1.62691,1.62634,1.62684,360,17,0
2026-05-08 01:45:00,1.62682,1.6273900000000001,1.6266500000000002,1.6270799999999999,296,17,0
2026-05-08 02:00:00,1.6271,1.6273300000000002,1.62642,1.62659,317,17,0
2026-05-08 02:15:00,1.62657,1.6271,1.62615,1.6265800000000001,368,17,0
2026-05-08 02:30:00,1.62657,1.62747,1.6264699999999999,1.62659,584,17,0
2026-05-08 02:45:00,1.62656,1.62656,1.6259700000000001,1.62635,337,17,0
2026-05-08 03:00:00,1.62634,1.62648,1.62581,1.62588,288,17,0
2026-05-08 03:15:00,1.62587,1.62602,1.6253,1.6254,225,17,0
2026-05-08 03:30:00,1.62537,1.62539,1.6245699999999998,1.62506,328,17,0
2026-05-08 03:45:00,1.6250499999999999,1.6255600000000001,1.6249099999999999,1.6254,268,17,0
2026-05-08 04:00:00,1.62542,1.62571,1.6253,1.6255199999999999,245,17,0
2026-05-08 04:15:00,1.62555,1.62574,1.62517,1.6256300000000001,259,17,0
2026-05-08 04:30:00,1.62561,1.62591,1.62544,1.62565,234,17,0
2026-05-08 04:45:00,1.6256599999999999,1.62569,1.62478,1.62517,297,17,0
2026-05-08 05:00:00,1.62515,1.6255899999999999,1.6250200000000001,1.62514,271,17,0
2026-05-08 05:15:00,1.62513,1.62513,1.62452,1.62458,237,17,0
2026-05-08 05:30:00,1.6245699999999998,1.62483,1.62429,1.62477,357,17,0
2026-05-08 05:45:00,1.6247500000000001,1.625,1.6245500000000002,1.62476,244,17,0
2026-05-08 06:00:00,1.62473,1.62534,1.6247,1.62514,407,17,0
2026-05-08 06:15:00,1.6251600000000002,1.6251799999999998,1.62467,1.6248,378,17,0
2026-05-08 06:30:00,1.62477,1.62499,1.6246,1.62472,336,17,0
2026-05-08 06:45:00,1.62476,1.62515,1.6246800000000001,1.62512,258,17,0
2026-05-08 07:00:00,1.62513,1.62578,1.6250200000000001,1.6257700000000002,412,17,0
2026-05-08 07:15:00,1.6257899999999998,1.62615,1.6256300000000001,1.62571,434,17,0
2026-05-08 07:30:00,1.62574,1.6260400000000002,1.62524,1.62588,358,17,0
2026-05-08 07:45:00,1.62585,1.62588,1.62517,1.62551,318,17,0
2026-05-08 08:00:00,1.62548,1.62585,1.6253600000000001,1.62574,392,17,0
2026-05-08 08:15:00,1.62575,1.6260400000000002,1.62514,1.62585,407,17,0
2026-05-08 08:30:00,1.62584,1.62629,1.62535,1.62619,414,17,0
2026-05-08 08:45:00,1.62622,1.62642,1.62588,1.62602,367,17,0
2026-05-08 09:00:00,1.62598,1.6265,1.62562,1.62589,356,17,0
2026-05-08 09:15:00,1.6259000000000001,1.62603,1.62562,1.62588,299,17,0
2026-05-08 09:30:00,1.62585,1.62648,1.62569,1.6263800000000002,289,17,0
2026-05-08 09:45:00,1.62637,1.62731,1.62625,1.6268500000000001,389,17,0
2026-05-08 10:00:00,1.62682,1.62695,1.62634,1.62637,268,17,0
2026-05-08 10:15:00,1.62635,1.6265399999999999,1.62582,1.62595,206,17,0
2026-05-08 10:30:00,1.62599,1.62605,1.62526,1.62527,245,17,0
2026-05-08 10:45:00,1.62528,1.62601,1.62527,1.62558,326,17,0
2026-05-08 11:00:00,1.62555,1.62565,1.6248399999999998,1.62565,257,17,0
2026-05-08 11:15:00,1.62562,1.6263800000000002,1.62551,1.62615,264,17,0
2026-05-08 11:30:00,1.62612,1.62642,1.62591,1.62642,257,17,0
2026-05-08 11:45:00,1.6263999999999998,1.6266,1.62578,1.6259000000000001,303,17,0
2026-05-08 12:00:00,1.62587,1.6263100000000001,1.62558,1.6261299999999999,390,17,0
2026-05-08 12:15:00,1.62614,1.62657,1.62603,1.62635,392,17,0
2026-05-08 12:30:00,1.62637,1.6265800000000001,1.62465,1.62524,1033,17,0
2026-05-08 12:45:00,1.62526,1.6267800000000001,1.6252499999999999,1.62655,632,17,0
2026-05-08 13:00:00,1.62659,1.62761,1.62618,1.62693,632,17,0
2026-05-08 13:15:00,1.62694,1.62713,1.626,1.62616,545,17,0
2026-05-08 13:30:00,1.62614,1.6265100000000001,1.62581,1.6261100000000002,669,17,0
2026-05-08 13:45:00,1.62609,1.62656,1.62592,1.6261700000000001,462,17,0
2026-05-08 14:00:00,1.62619,1.62626,1.62534,1.62549,636,17,0
2026-05-08 14:15:00,1.62551,1.62578,1.62512,1.62555,516,17,0
2026-05-08 14:30:00,1.62553,1.62571,1.6251,1.6254499999999998,511,17,0
2026-05-08 14:45:00,1.62548,1.62587,1.62499,1.6253600000000001,409,17,0
2026-05-08 15:00:00,1.62538,1.62605,1.62501,1.6255199999999999,507,17,0
2026-05-08 15:15:00,1.6255600000000001,1.626,1.62512,1.62514,389,17,0
2026-05-08 15:30:00,1.62512,1.626,1.6250499999999999,1.626,430,17,0
2026-05-08 15:45:00,1.6260400000000002,1.62623,1.6253199999999999,1.62564,383,17,0
2026-05-08 16:00:00,1.62562,1.62596,1.6253600000000001,1.62589,321,17,0
2026-05-08 16:15:00,1.62591,1.62599,1.62539,1.62539,201,17,0
2026-05-08 16:30:00,1.62541,1.62574,1.6253,1.62557,191,17,0
2026-05-08 16:45:00,1.62558,1.62571,1.62544,1.62562,194,17,0
2026-05-08 17:00:00,1.62565,1.62567,1.62546,1.62554,161,17,0
2026-05-08 17:15:00,1.6255199999999999,1.62558,1.6252,1.62524,167,17,0
2026-05-08 17:30:00,1.62521,1.6255899999999999,1.6250900000000001,1.6254300000000002,164,17,0
2026-05-08 17:45:00,1.62542,1.6255600000000001,1.62523,1.62531,194,17,0
2026-05-08 18:00:00,1.6253199999999999,1.62567,1.62493,1.62542,314,17,0
2026-05-08 18:15:00,1.6254300000000002,1.6257899999999998,1.62539,1.62569,144,17,0
2026-05-08 18:30:00,1.6257000000000001,1.62581,1.6255899999999999,1.62571,131,17,0
2026-05-08 18:45:00,1.6257000000000001,1.6262400000000001,1.62569,1.6262400000000001,181,17,0
2026-05-08 19:00:00,1.62621,1.62621,1.62592,1.62592,158,17,0
2026-05-08 19:15:00,1.6259000000000001,1.626,1.6258599999999999,1.626,84,17,0
2026-05-08 19:30:00,1.62599,1.62599,1.6255600000000001,1.62567,140,17,0
2026-05-08 19:45:00,1.6256300000000001,1.62584,1.62555,1.62561,209,17,0
2026-05-08 20:00:00,1.6255899999999999,1.6260400000000002,1.62548,1.62592,184,17,0
2026-05-08 20:15:00,1.6259299999999999,1.62605,1.62568,1.62588,118,17,0
2026-05-08 20:30:00,1.62589,1.62623,1.62585,1.62608,159,17,0
2026-05-08 20:45:00,1.62607,1.6262400000000001,1.62587,1.62608,186,17,0
2026-05-10 21:00:00,1.6241400000000001,1.62573,1.6238299999999999,1.6254499999999998,123,182,0
2026-05-10 21:15:00,1.62547,1.62608,1.62439,1.62487,216,100,0
2026-05-10 21:30:00,1.6249,1.6261,1.6244100000000001,1.62603,159,261,0
2026-05-10 21:45:00,1.62605,1.62725,1.6258,1.6267399999999999,227,314,0
2026-05-10 22:00:00,1.62869,1.62873,1.62641,1.62676,423,17,0
2026-05-10 22:15:00,1.62673,1.6272,1.62608,1.62622,271,17,0
2026-05-10 22:30:00,1.6261999999999999,1.6264699999999999,1.62574,1.62628,177,17,0
2026-05-10 22:45:00,1.62621,1.6263800000000002,1.62602,1.62615,142,17,0
2026-05-10 23:00:00,1.6261700000000001,1.62635,1.62592,1.62615,117,17,0
2026-05-10 23:15:00,1.62616,1.62618,1.62565,1.62592,109,17,0
2026-05-10 23:30:00,1.6259000000000001,1.62634,1.6257700000000002,1.6263,129,17,0
2026-05-10 23:45:00,1.62628,1.6267,1.62612,1.6265,238,17,0
2026-05-11 00:00:00,1.62653,1.6268099999999999,1.62625,1.6268,431,17,0
2026-05-11 00:15:00,1.6267800000000001,1.62691,1.62615,1.62622,338,17,0
2026-05-11 00:30:00,1.62625,1.6263999999999998,1.62572,1.62603,258,17,0
2026-05-11 00:45:00,1.626,1.6267800000000001,1.62572,1.6260599999999998,582,17,0
2026-05-11 01:00:00,1.62603,1.62686,1.62588,1.6266,549,17,0
2026-05-11 01:15:00,1.6265800000000001,1.62669,1.62603,1.6263800000000002,400,17,0
2026-05-11 01:30:00,1.62641,1.6274,1.62641,1.6271200000000001,421,17,0
2026-05-11 01:45:00,1.62714,1.62717,1.62607,1.62607,320,17,0
2026-05-11 02:00:00,1.6260400000000002,1.62625,1.62576,1.62602,311,17,0
2026-05-11 02:15:00,1.62601,1.6263800000000002,1.62573,1.62575,221,17,0
2026-05-11 02:30:00,1.62573,1.6263999999999998,1.62549,1.62616,266,17,0
2026-05-11 02:45:00,1.62615,1.62655,1.62615,1.62636,243,17,0
2026-05-11 03:00:00,1.62639,1.62649,1.62596,1.62601,271,17,0
2026-05-11 03:15:00,1.62603,1.62623,1.62573,1.62574,183,17,0
2026-05-11 03:30:00,1.62572,1.6261,1.6256599999999999,1.62575,172,17,0
2026-05-11 03:45:00,1.6257700000000002,1.62623,1.62576,1.62621,183,17,0
2026-05-11 04:00:00,1.62623,1.6265,1.6260599999999998,1.6262699999999999,191,17,0
2026-05-11 04:15:00,1.62628,1.62677,1.62618,1.6265399999999999,126,17,0
2026-05-11 04:30:00,1.62653,1.62662,1.6263100000000001,1.62633,129,17,0
2026-05-11 04:45:00,1.62632,1.62643,1.62576,1.62578,166,17,0
2026-05-11 05:00:00,1.6257700000000002,1.62605,1.62538,1.6254300000000002,182,17,0
2026-05-11 05:15:00,1.62542,1.62555,1.62514,1.6251600000000002,153,17,0
2026-05-11 05:30:00,1.62519,1.62581,1.6250900000000001,1.6257700000000002,218,17,0
2026-05-11 05:45:00,1.6258,1.62583,1.62499,1.62519,272,17,0
2026-05-11 06:00:00,1.62522,1.62557,1.62401,1.6242999999999999,363,17,0
2026-05-11 06:15:00,1.62433,1.62503,1.62433,1.62462,307,17,0
2026-05-11 06:30:00,1.62459,1.6251600000000002,1.62433,1.6245,311,17,0
2026-05-11 06:45:00,1.62453,1.62531,1.6244800000000001,1.6249500000000001,341,17,0
2026-05-11 07:00:00,1.62497,1.6254499999999998,1.6248399999999998,1.62519,372,17,0
2026-05-11 07:15:00,1.62521,1.62591,1.62494,1.62583,294,17,0
2026-05-11 07:30:00,1.6258,1.6261999999999999,1.62572,1.6259299999999999,298,17,0
2026-05-11 07:45:00,1.62595,1.62622,1.62572,1.62578,284,17,0
2026-05-11 08:00:00,1.62575,1.62612,1.62537,1.62591,376,17,0
2026-05-11 08:15:00,1.62588,1.6263,1.6254,1.6263,361,17,0
2026-05-11 08:30:00,1.62633,1.62642,1.62583,1.62596,245,17,0
2026-05-11 08:45:00,1.62599,1.62644,1.62592,1.62616,278,17,0
2026-05-11 09:00:00,1.6261700000000001,1.62641,1.62572,1.62628,229,17,0
2026-05-11 09:15:00,1.62629,1.62641,1.6258,1.6261999999999999,199,17,0
2026-05-11 09:30:00,1.62622,1.6265,1.6256599999999999,1.62569,214,17,0
2026-05-11 09:45:00,1.62567,1.6261,1.62554,1.626,223,17,0
2026-05-11 10:00:00,1.62603,1.62603,1.6256599999999999,1.62575,196,17,0
2026-05-11 10:15:00,1.62578,1.62584,1.6253,1.6254499999999998,185,17,0
2026-05-11 10:30:00,1.6254300000000002,1.6259000000000001,1.62501,1.62547,268,17,0
2026-05-11 10:45:00,1.62546,1.62548,1.62474,1.62487,270,17,0
2026-05-11 11:00:00,1.6249,1.62494,1.62438,1.62486,296,17,0
2026-05-11 11:15:00,1.62485,1.62512,1.62466,1.6247,179,17,0
2026-05-11 11:30:00,1.62467,1.62473,1.6242999999999999,1.62462,236,17,0
2026-05-11 11:45:00,1.62459,1.62533,1.62453,1.62467,275,17,0
2026-05-11 12:00:00,1.62463,1.62517,1.62431,1.6249500000000001,320,17,0
2026-05-11 12:15:00,1.62497,1.62524,1.62469,1.62497,306,17,0
2026-05-11 12:30:00,1.62499,1.6253600000000001,1.62483,1.62534,294,17,0
2026-05-11 12:45:00,1.6253199999999999,1.62596,1.6252,1.62548,330,17,0
2026-05-11 13:00:00,1.62549,1.62557,1.6250900000000001,1.62534,368,17,0
2026-05-11 13:15:00,1.6253199999999999,1.62537,1.6247099999999999,1.6250200000000001,377,17,0
2026-05-11 13:30:00,1.62499,1.62503,1.62429,1.6243699999999999,426,17,0
2026-05-11 13:45:00,1.62436,1.62458,1.6242100000000002,1.62447,369,17,0
2026-05-11 14:00:00,1.6244800000000001,1.62483,1.62419,1.62454,385,17,0
2026-05-11 14:15:00,1.62451,1.6245500000000002,1.62385,1.624,304,17,0
2026-05-11 14:30:00,1.62402,1.6249,1.62365,1.62374,577,17,0
2026-05-11 14:45:00,1.6237599999999999,1.6239599999999998,1.62332,1.6233300000000002,404,17,0
2026-05-11 15:00:00,1.62332,1.62402,1.6233,1.6238899999999998,346,17,0
2026-05-11 15:15:00,1.62386,1.62392,1.62313,1.62314,253,17,0
2026-05-11 15:30:00,1.62317,1.6232600000000001,1.6229200000000001,1.62317,280,17,0
2026-05-11 15:45:00,1.6231499999999999,1.62329,1.6228,1.62303,305,17,0
2026-05-11 16:00:00,1.62304,1.6232,1.6228500000000001,1.62297,171,17,0
2026-05-11 16:15:00,1.62295,1.6235300000000001,1.62295,1.6232799999999998,161,17,0
2026-05-11 16:30:00,1.62327,1.6243699999999999,1.6231499999999999,1.62408,347,17,0
2026-05-11 16:45:00,1.6240999999999999,1.62417,1.62348,1.6236899999999999,314,17,0
2026-05-11 17:00:00,1.62367,1.6242,1.62361,1.6239599999999998,260,17,0
2026-05-11 17:15:00,1.62397,1.6241400000000001,1.62375,1.6238000000000001,187,17,0
2026-05-11 17:30:00,1.6238299999999999,1.62388,1.6234600000000001,1.62348,150,17,0
2026-05-11 17:45:00,1.6234899999999999,1.62392,1.62345,1.62388,131,17,0
2026-05-11 18:00:00,1.6239,1.6239,1.62344,1.62381,169,17,0
2026-05-11 18:15:00,1.62382,1.6239400000000002,1.6236000000000002,1.62386,180,17,0
2026-05-11 18:30:00,1.6238899999999998,1.62416,1.62381,1.62405,172,17,0
2026-05-11 18:45:00,1.62404,1.62431,1.62399,1.62427,189,17,0
2026-05-11 19:00:00,1.6242999999999999,1.62449,1.6242100000000002,1.62439,164,17,0
2026-05-11 19:15:00,1.6243699999999999,1.6246800000000001,1.62428,1.62459,127,17,0
2026-05-11 19:30:00,1.62461,1.6247099999999999,1.62452,1.6247,159,17,0
2026-05-11 19:45:00,1.62473,1.62486,1.62454,1.62461,168,17,0
2026-05-11 20:00:00,1.6246,1.6251799999999998,1.6246,1.62493,219,17,0
2026-05-11 20:15:00,1.6249,1.62524,1.62488,1.62513,133,17,0
2026-05-11 20:30:00,1.62512,1.62524,1.62492,1.62497,84,17,0
2026-05-11 20:45:00,1.62496,1.62527,1.6249500000000001,1.62514,136,15,0
2026-05-11 21:00:00,1.62513,1.62513,1.6247099999999999,1.62479,111,38,0
2026-05-11 21:15:00,1.6248,1.62504,1.62473,1.6249099999999999,236,84,0
2026-05-11 21:30:00,1.62492,1.62515,1.6249099999999999,1.62511,75,96,0
2026-05-11 21:45:00,1.62512,1.6251600000000002,1.62454,1.62506,192,62,0
2026-05-11 22:00:00,1.62523,1.62538,1.62483,1.6252900000000001,122,25,0
2026-05-11 22:15:00,1.6253,1.6254499999999998,1.62524,1.6254499999999998,60,25,0
2026-05-11 22:30:00,1.62546,1.6255199999999999,1.62534,1.6254,47,25,0
2026-05-11 22:45:00,1.6254300000000002,1.6255199999999999,1.62537,1.62542,48,25,0
2026-05-11 23:00:00,1.62547,1.62554,1.62512,1.62512,66,17,0
2026-05-11 23:15:00,1.62513,1.62531,1.62503,1.62519,68,17,0
2026-05-11 23:30:00,1.6251600000000002,1.62526,1.6249,1.62499,102,17,0
2026-05-11 23:45:00,1.62497,1.6256599999999999,1.6249500000000001,1.62547,143,17,0
2026-05-12 00:00:00,1.62544,1.6261,1.62544,1.62603,387,17,0
2026-05-12 00:15:00,1.62605,1.6267399999999999,1.62583,1.6265100000000001,309,17,0
2026-05-12 00:30:00,1.62652,1.62675,1.62626,1.62653,282,17,0
2026-05-12 00:45:00,1.62655,1.62668,1.62585,1.62634,382,17,0
2026-05-12 01:00:00,1.62637,1.6265399999999999,1.62578,1.62588,360,17,0
2026-05-12 01:15:00,1.62591,1.6269900000000002,1.6259000000000001,1.62662,508,17,0
2026-05-12 01:30:00,1.6266,1.62786,1.62626,1.62677,667,17,0
2026-05-12 01:45:00,1.6267399999999999,1.6268,1.62619,1.62628,427,17,0
2026-05-12 02:00:00,1.6262400000000001,1.62645,1.62582,1.62589,399,17,0
2026-05-12 02:15:00,1.62592,1.6266500000000002,1.62592,1.62648,280,17,0
2026-05-12 02:30:00,1.6265100000000001,1.62657,1.62607,1.62609,270,17,0
2026-05-12 02:45:00,1.6260599999999998,1.6260599999999998,1.6255,1.62565,273,17,0
2026-05-12 03:00:00,1.62564,1.62602,1.62555,1.62572,258,17,0
2026-05-12 03:15:00,1.62574,1.62634,1.62574,1.62612,236,17,0
2026-05-12 03:30:00,1.62609,1.62623,1.6258599999999999,1.62594,174,17,0
2026-05-12 03:45:00,1.62591,1.62621,1.62574,1.62616,202,17,0
2026-05-12 04:00:00,1.62615,1.62615,1.6256,1.62562,230,17,0
2026-05-12 04:15:00,1.6256300000000001,1.62565,1.6250200000000001,1.62513,177,17,0
2026-05-12 04:30:00,1.62514,1.62544,1.625,1.62541,153,17,0
2026-05-12 04:45:00,1.6254,1.6257700000000002,1.62522,1.62562,239,17,0
2026-05-12 05:00:00,1.62564,1.6260599999999998,1.6253600000000001,1.6260599999999998,294,17,0
2026-05-12 05:15:00,1.62603,1.6263,1.6257899999999998,1.62594,299,17,0
2026-05-12 05:30:00,1.62592,1.6263999999999998,1.62571,1.62619,290,17,0
2026-05-12 05:45:00,1.62621,1.6268,1.6260599999999998,1.62673,448,17,0
2026-05-12 06:00:00,1.62676,1.62741,1.62662,1.62732,555,17,0
2026-05-12 06:15:00,1.62734,1.6284399999999999,1.62703,1.62828,462,17,0
2026-05-12 06:30:00,1.62825,1.62914,1.62809,1.62896,384,17,0
2026-05-12 06:45:00,1.62893,1.62937,1.62833,1.6291099999999998,474,17,0
2026-05-12 07:00:00,1.6290900000000001,1.62921,1.6275,1.62763,623,17,0
2026-05-12 07:15:00,1.62759,1.62831,1.62743,1.62743,514,17,0
2026-05-12 07:30:00,1.6274,1.62767,1.62679,1.6273300000000002,360,17,0
2026-05-12 07:45:00,1.62731,1.62802,1.62694,1.62763,516,17,0
2026-05-12 08:00:00,1.62765,1.6280000000000001,1.6272799999999998,1.62752,432,17,0
2026-05-12 08:15:00,1.62756,1.62759,1.6268,1.62687,449,17,0
2026-05-12 08:30:00,1.62684,1.62744,1.6267,1.6271200000000001,370,17,0
2026-05-12 08:45:00,1.6271,1.62737,1.6265100000000001,1.62717,415,17,0
2026-05-12 09:00:00,1.62718,1.62793,1.62705,1.62729,367,17,0
2026-05-12 09:15:00,1.62732,1.62759,1.6269900000000002,1.627,250,17,0
2026-05-12 09:30:00,1.62698,1.6274,1.6261100000000002,1.62637,584,17,0
2026-05-12 09:45:00,1.62634,1.62637,1.62583,1.62623,274,17,0
2026-05-12 10:00:00,1.62621,1.62635,1.6256599999999999,1.6256599999999999,267,17,0
2026-05-12 10:15:00,1.62567,1.62598,1.6255899999999999,1.62561,228,17,0
2026-05-12 10:30:00,1.62558,1.62587,1.62549,1.62574,223,17,0
2026-05-12 10:45:00,1.62576,1.62588,1.6250200000000001,1.6250499999999999,216,17,0
2026-05-12 11:00:00,1.62503,1.6253600000000001,1.62472,1.62492,461,17,0
2026-05-12 11:15:00,1.62494,1.62531,1.62486,1.62494,262,17,0
2026-05-12 11:30:00,1.62493,1.6250200000000001,1.62435,1.6246,257,17,0
2026-05-12 11:45:00,1.62461,1.6247500000000001,1.62415,1.6245,292,17,0
2026-05-12 12:00:00,1.62453,1.62542,1.6244,1.625,436,17,0
2026-05-12 12:15:00,1.62504,1.62584,1.62496,1.6255199999999999,354,17,0
2026-05-12 12:30:00,1.62555,1.62616,1.6251799999999998,1.62538,750,17,0
2026-05-12 12:45:00,1.62535,1.62537,1.6243699999999999,1.6245500000000002,464,17,0
2026-05-12 13:00:00,1.62456,1.6251600000000002,1.62446,1.62474,495,17,0
2026-05-12 13:15:00,1.6247500000000001,1.6250200000000001,1.62424,1.62463,459,17,0
2026-05-12 13:30:00,1.62461,1.6252499999999999,1.6242299999999998,1.6244100000000001,637,17,0
2026-05-12 13:45:00,1.62438,1.62548,1.6241400000000001,1.62513,644,17,0
2026-05-12 14:00:00,1.6251,1.62523,1.62279,1.62305,831,17,0
2026-05-12 14:15:00,1.6230799999999999,1.6238899999999998,1.6229,1.62374,493,17,0
2026-05-12 14:30:00,1.62371,1.62428,1.62263,1.6232199999999999,638,17,0
2026-05-12 14:45:00,1.62325,1.62392,1.6229200000000001,1.62309,683,17,0
2026-05-12 15:00:00,1.62306,1.62375,1.62271,1.62356,557,17,0
2026-05-12 15:15:00,1.62359,1.62479,1.6233499999999998,1.6242,598,17,0
2026-05-12 15:30:00,1.62418,1.6242,1.6235300000000001,1.62358,548,17,0
2026-05-12 15:45:00,1.62357,1.62439,1.6234899999999999,1.62438,393,17,0
2026-05-12 16:00:00,1.6244100000000001,1.6248,1.62427,1.62454,385,17,0
2026-05-12 16:15:00,1.62456,1.62513,1.62446,1.6249099999999999,317,17,0
2026-05-12 16:30:00,1.62492,1.6254300000000002,1.62488,1.6252499999999999,343,17,0
2026-05-12 16:45:00,1.62524,1.6257899999999998,1.62515,1.62531,369,17,0
2026-05-12 17:00:00,1.62528,1.62528,1.62458,1.6246399999999999,279,17,0
2026-05-12 17:15:00,1.62462,1.6246800000000001,1.62385,1.62408,276,17,0
2026-05-12 17:30:00,1.62409,1.6242999999999999,1.6239599999999998,1.62411,236,17,0
2026-05-12 17:45:00,1.62412,1.62424,1.62372,1.6238000000000001,246,17,0
2026-05-12 18:00:00,1.62382,1.62397,1.62338,1.62341,273,17,0
2026-05-12 18:15:00,1.62339,1.62343,1.62275,1.62296,271,17,0
2026-05-12 18:30:00,1.62294,1.62298,1.62255,1.62259,258,17,0
2026-05-12 18:45:00,1.62256,1.62275,1.6222699999999999,1.62264,241,17,0
2026-05-12 19:00:00,1.6226699999999998,1.62282,1.62205,1.62219,208,17,0
2026-05-12 19:15:00,1.62215,1.6226099999999999,1.62205,1.62242,227,17,0
2026-05-12 19:30:00,1.6223999999999998,1.6223999999999998,1.62196,1.6219999999999999,220,17,0
2026-05-12 19:45:00,1.62203,1.62218,1.6216599999999999,1.6218,254,17,0
2026-05-12 20:00:00,1.6217700000000002,1.6219999999999999,1.62176,1.62176,180,17,0
2026-05-12 20:15:00,1.62173,1.62181,1.6216300000000001,1.6218,75,17,0
2026-05-12 20:30:00,1.62182,1.62187,1.62151,1.62151,93,17,0
2026-05-12 20:45:00,1.62153,1.62175,1.6213,1.62146,155,15,0
2026-05-12 21:00:00,1.62144,1.62144,1.62029,1.62029,117,20,0
2026-05-12 21:15:00,1.6202800000000002,1.62072,1.62015,1.62036,173,126,0
2026-05-12 21:30:00,1.62035,1.6208,1.6202,1.6207099999999999,107,104,0
2026-05-12 21:45:00,1.62073,1.62123,1.62073,1.62096,74,44,0
2026-05-12 22:00:00,1.62126,1.6214,1.6208900000000002,1.62101,109,25,0
2026-05-12 22:15:00,1.62104,1.62104,1.62094,1.62097,33,25,0
2026-05-12 22:30:00,1.62094,1.6210200000000001,1.6208200000000001,1.62101,45,25,0
2026-05-12 22:45:00,1.621,1.6212900000000001,1.6209500000000001,1.62126,51,25,0
2026-05-12 23:00:00,1.6213199999999999,1.62147,1.62124,1.6214,79,17,0
2026-05-12 23:15:00,1.62142,1.62146,1.6210900000000001,1.6211,82,17,0
2026-05-12 23:30:00,1.62111,1.62147,1.62101,1.6213600000000001,95,17,0
2026-05-12 23:45:00,1.6213899999999999,1.6214499999999998,1.62099,1.62138,171,17,0
2026-05-13 00:00:00,1.62141,1.62174,1.62104,1.6216599999999999,397,17,0
2026-05-13 00:15:00,1.62165,1.62174,1.62141,1.62168,292,17,0
2026-05-13 00:30:00,1.62167,1.6219299999999999,1.62162,1.62187,262,17,0
2026-05-13 00:45:00,1.6219000000000001,1.6222400000000001,1.62187,1.62195,302,17,0
2026-05-13 01:00:00,1.62198,1.62228,1.62168,1.6219299999999999,331,17,0
2026-05-13 01:15:00,1.62191,1.62244,1.62171,1.62178,349,17,0
2026-05-13 01:30:00,1.62181,1.62199,1.62069,1.62088,403,17,0
2026-05-13 01:45:00,1.62087,1.6210200000000001,1.62,1.6204100000000001,331,17,0
2026-05-13 02:00:00,1.62042,1.62067,1.6201400000000001,1.62042,308,17,0
2026-05-13 02:15:00,1.62039,1.6207,1.62024,1.62051,212,17,0
2026-05-13 02:30:00,1.6204800000000001,1.62085,1.62039,1.62076,169,17,0
2026-05-13 02:45:00,1.6207799999999999,1.6214300000000001,1.62073,1.6213,257,17,0
2026-05-13 03:00:00,1.6213199999999999,1.62233,1.6213199999999999,1.62183,436,17,0
2026-05-13 03:15:00,1.6218599999999999,1.6223100000000001,1.62182,1.62214,238,17,0
2026-05-13 03:30:00,1.6221100000000002,1.6221100000000002,1.62123,1.62133,203,17,0
2026-05-13 03:45:00,1.6213199999999999,1.6217700000000002,1.62126,1.62173,204,17,0
2026-05-13 04:00:00,1.62175,1.62208,1.62153,1.6220599999999998,122,17,0
2026-05-13 04:15:00,1.62209,1.62218,1.62165,1.62194,156,17,0
2026-05-13 04:30:00,1.6219700000000001,1.6223800000000002,1.62167,1.62212,195,17,0
2026-05-13 04:45:00,1.6221299999999998,1.62226,1.62168,1.6218599999999999,172,17,0
2026-05-13 05:00:00,1.62185,1.62199,1.6215199999999999,1.6216599999999999,210,17,0
2026-05-13 05:15:00,1.62169,1.62195,1.6212499999999999,1.62134,278,17,0
2026-05-13 05:30:00,1.6213,1.62153,1.62093,1.6211,258,17,0
2026-05-13 05:45:00,1.62108,1.62108,1.62056,1.6207099999999999,288,17,0
2026-05-13 06:00:00,1.62069,1.6209099999999999,1.61974,1.61993,375,17,0
2026-05-13 06:15:00,1.61991,1.62073,1.61991,1.62029,284,17,0
2026-05-13 06:30:00,1.62032,1.62045,1.6196000000000002,1.61986,320,17,0
2026-05-13 06:45:00,1.61989,1.62019,1.6194600000000001,1.61957,311,17,0
2026-05-13 07:00:00,1.6196000000000002,1.6198299999999999,1.6187,1.6188500000000001,388,17,0
2026-05-13 07:15:00,1.61887,1.61909,1.61862,1.6186500000000001,274,17,0
2026-05-13 07:30:00,1.61866,1.61904,1.6183,1.61862,315,17,0
2026-05-13 07:45:00,1.61864,1.61894,1.61789,1.61826,377,17,0
2026-05-13 08:00:00,1.61828,1.61836,1.61748,1.6175899999999999,391,17,0
2026-05-13 08:15:00,1.61761,1.61787,1.61703,1.61703,230,17,0
2026-05-13 08:30:00,1.61701,1.61764,1.61685,1.61706,289,17,0
2026-05-13 08:45:00,1.61703,1.61712,1.61591,1.6160700000000001,370,17,0
2026-05-13 09:00:00,1.61609,1.61651,1.61574,1.61611,281,17,0
2026-05-13 09:15:00,1.61615,1.6165699999999998,1.61612,1.61638,303,17,0
2026-05-13 09:30:00,1.61635,1.61649,1.61602,1.61636,288,17,0
2026-05-13 09:45:00,1.61634,1.61646,1.61572,1.61572,261,17,0
2026-05-13 10:00:00,1.61571,1.61602,1.61517,1.61568,369,17,0
2026-05-13 10:15:00,1.6156700000000002,1.61595,1.61537,1.61591,330,17,0
2026-05-13 10:30:00,1.61589,1.6164100000000001,1.61585,1.61591,238,17,0
2026-05-13 10:45:00,1.6159400000000002,1.61627,1.61581,1.61589,286,17,0
2026-05-13 11:00:00,1.61591,1.61632,1.61581,1.61604,272,17,0
2026-05-13 11:15:00,1.6160700000000001,1.6162999999999998,1.6156899999999998,1.6156899999999998,189,17,0
2026-05-13 11:30:00,1.61572,1.61586,1.6152600000000001,1.61564,279,17,0
2026-05-13 11:45:00,1.6156199999999998,1.6156199999999998,1.6152600000000001,1.61537,219,17,0
2026-05-13 12:00:00,1.61539,1.6157599999999999,1.61528,1.61559,281,17,0
2026-05-13 12:15:00,1.6156199999999998,1.6162100000000001,1.6152600000000001,1.61579,441,17,0
2026-05-13 12:30:00,1.61586,1.61661,1.61539,1.61544,889,17,0
2026-05-13 12:45:00,1.6154199999999999,1.6159400000000002,1.61532,1.61578,374,17,0
2026-05-13 13:00:00,1.6157599999999999,1.61597,1.6149900000000001,1.6149900000000001,419,17,0
2026-05-13 13:15:00,1.61498,1.6153,1.61482,1.6152,336,17,0
2026-05-13 13:30:00,1.61518,1.61659,1.61518,1.61585,665,17,0
2026-05-13 13:45:00,1.6158700000000001,1.61688,1.61572,1.6158000000000001,662,17,0
2026-05-13 14:00:00,1.61582,1.61585,1.6147,1.61476,540,17,0
2026-05-13 14:15:00,1.61473,1.61493,1.61417,1.61418,484,17,0
2026-05-13 14:30:00,1.61417,1.61417,1.61328,1.6134,390,17,0
2026-05-13 14:45:00,1.61338,1.6139999999999999,1.6131199999999999,1.6131799999999998,565,17,0
2026-05-13 15:00:00,1.6131600000000001,1.61388,1.61287,1.61317,483,17,0
2026-05-13 15:15:00,1.6131600000000001,1.61317,1.61182,1.61182,336,17,0
2026-05-13 15:30:00,1.6118299999999999,1.61198,1.6110799999999998,1.6113300000000002,432,17,0
2026-05-13 15:45:00,1.61137,1.6126,1.61129,1.61253,362,17,0
2026-05-13 16:00:00,1.6125099999999999,1.61254,1.6118299999999999,1.61216,302,17,0
2026-05-13 16:15:00,1.6121699999999999,1.6124,1.61178,1.61236,381,17,0
2026-05-13 16:30:00,1.61238,1.61256,1.6120700000000001,1.61229,264,17,0
2026-05-13 16:45:00,1.6122999999999998,1.61261,1.61227,1.61259,215,17,0
2026-05-13 17:00:00,1.6126200000000002,1.61283,1.61231,1.61231,223,17,0
2026-05-13 17:15:00,1.61234,1.6124100000000001,1.6120100000000002,1.6122800000000002,186,17,0
2026-05-13 17:30:00,1.61226,1.61246,1.61202,1.61206,169,17,0
2026-05-13 17:45:00,1.61208,1.6128900000000002,1.61204,1.6128200000000001,205,17,0
2026-05-13 18:00:00,1.61284,1.6131,1.61216,1.61223,271,17,0
2026-05-13 18:15:00,1.61222,1.6130200000000001,1.61193,1.6128900000000002,282,17,0
2026-05-13 18:30:00,1.61287,1.61354,1.61266,1.61351,235,17,0
2026-05-13 18:45:00,1.61349,1.6138599999999999,1.61292,1.61315,308,17,0
2026-05-13 19:00:00,1.61317,1.61326,1.61295,1.61319,184,17,0
2026-05-13 19:15:00,1.6131600000000001,1.6137299999999999,1.61314,1.6137000000000001,191,17,0
2026-05-13 19:30:00,1.61372,1.61419,1.61371,1.6138599999999999,166,17,0
2026-05-13 19:45:00,1.6138400000000002,1.61433,1.61371,1.6143100000000001,204,17,0
2026-05-13 20:00:00,1.61429,1.61479,1.6141,1.61419,264,17,0
2026-05-13 20:15:00,1.61417,1.61417,1.61365,1.61403,130,17,0
2026-05-13 20:30:00,1.61401,1.61401,1.61351,1.61355,85,17,0
2026-05-13 20:45:00,1.61353,1.6138,1.61347,1.6137700000000001,153,15,0
2026-05-13 21:00:00,1.61376,1.6137700000000001,1.61337,1.61337,128,16,0
2026-05-13 21:15:00,1.6133899999999999,1.61357,1.61326,1.61348,149,44,0
2026-05-13 21:30:00,1.61349,1.61358,1.61337,1.61347,136,48,0
2026-05-13 21:45:00,1.61346,1.61415,1.61306,1.61382,154,48,0
2026-05-13 22:00:00,1.61409,1.61435,1.61374,1.61414,123,25,0
2026-05-13 22:15:00,1.61412,1.61417,1.61362,1.61375,61,25,0
2026-05-13 22:30:00,1.6137700000000001,1.61395,1.6137700000000001,1.61395,33,25,0
2026-05-13 22:45:00,1.61396,1.6139999999999999,1.6138,1.61392,53,25,0
2026-05-13 23:00:00,1.61395,1.61437,1.61375,1.61409,144,17,0
2026-05-13 23:15:00,1.61415,1.61442,1.6141299999999998,1.61415,98,17,0
2026-05-13 23:30:00,1.61412,1.61525,1.6141,1.6151499999999999,166,17,0
2026-05-13 23:45:00,1.61513,1.6153499999999998,1.6149,1.61498,178,17,0
2026-05-14 00:00:00,1.6149499999999999,1.6159,1.61483,1.6152199999999999,416,17,0
2026-05-14 00:15:00,1.6152,1.61539,1.61463,1.6149499999999999,412,17,0
2026-05-14 00:30:00,1.6149200000000001,1.61558,1.6147399999999998,1.61552,305,17,0
2026-05-14 00:45:00,1.61554,1.61622,1.61545,1.61577,352,17,0
2026-05-14 01:00:00,1.61574,1.61652,1.6156000000000001,1.61633,415,17,0
2026-05-14 01:15:00,1.61636,1.61651,1.6159400000000002,1.61611,361,17,0
2026-05-14 01:30:00,1.61608,1.6162999999999998,1.6158700000000001,1.61618,333,17,0
2026-05-14 01:45:00,1.6162,1.61659,1.6160999999999999,1.61653,364,17,0
2026-05-14 02:00:00,1.6165500000000002,1.61688,1.61584,1.61608,266,17,0
2026-05-14 02:15:00,1.61605,1.61634,1.61573,1.61574,220,17,0
2026-05-14 02:30:00,1.6157599999999999,1.6157599999999999,1.61516,1.6153499999999998,273,17,0
2026-05-14 02:45:00,1.61534,1.61601,1.61487,1.61493,330,17,0
2026-05-14 03:00:00,1.61494,1.6154199999999999,1.6149,1.61541,271,17,0
2026-05-14 03:15:00,1.6154199999999999,1.61586,1.6148099999999999,1.61505,234,17,0
2026-05-14 03:30:00,1.61502,1.61558,1.6148099999999999,1.6155,237,17,0
2026-05-14 03:45:00,1.6154899999999999,1.61551,1.61486,1.61514,188,17,0
2026-05-14 04:00:00,1.61511,1.61527,1.61464,1.61473,301,17,0
2026-05-14 04:15:00,1.61476,1.61491,1.61421,1.61444,207,17,0
2026-05-14 04:30:00,1.6144500000000002,1.61448,1.61391,1.61399,198,17,0
2026-05-14 04:45:00,1.6139700000000001,1.6143,1.6139000000000001,1.6142699999999999,179,17,0
2026-05-14 05:00:00,1.6142400000000001,1.6148099999999999,1.61419,1.61433,333,17,0
2026-05-14 05:15:00,1.61432,1.6143999999999998,1.61402,1.6141999999999999,234,17,0
2026-05-14 05:30:00,1.61418,1.6143800000000001,1.61367,1.61367,261,17,0
2026-05-14 05:45:00,1.61365,1.6142400000000001,1.61296,1.6138400000000002,537,17,0
2026-05-14 06:00:00,1.61382,1.61382,1.6127500000000001,1.6130499999999999,362,17,0
2026-05-14 06:15:00,1.61308,1.61389,1.61308,1.61319,322,17,0
2026-05-14 06:30:00,1.6131600000000001,1.6135000000000002,1.6129799999999999,1.6134300000000001,261,17,0
2026-05-14 06:45:00,1.61341,1.6139299999999999,1.61301,1.6137299999999999,401,17,0
2026-05-14 07:00:00,1.61375,1.61509,1.61361,1.61432,452,17,0
2026-05-14 07:15:00,1.6143,1.61444,1.61369,1.61376,305,17,0
2026-05-14 07:30:00,1.61375,1.6143100000000001,1.61364,1.61399,289,17,0
2026-05-14 07:45:00,1.61401,1.61656,1.61394,1.61645,615,17,0
2026-05-14 08:00:00,1.6164800000000001,1.6165699999999998,1.6143999999999998,1.61442,558,17,0
2026-05-14 08:15:00,1.6144500000000002,1.6151200000000001,1.6144500000000002,1.61477,314,17,0
2026-05-14 08:30:00,1.61475,1.61538,1.61467,1.61524,269,17,0
2026-05-14 08:45:00,1.61525,1.6152600000000001,1.61455,1.6147,197,17,0
2026-05-14 09:00:00,1.61468,1.6150799999999998,1.61453,1.61493,254,17,0
2026-05-14 09:15:00,1.61496,1.61565,1.61496,1.6152199999999999,245,17,0
2026-05-14 09:30:00,1.61525,1.61627,1.6151499999999999,1.6156000000000001,447,17,0
2026-05-14 09:45:00,1.6156199999999998,1.61566,1.61516,1.6155599999999999,231,17,0
2026-05-14 10:00:00,1.61558,1.61595,1.6151900000000001,1.61592,319,17,0
2026-05-14 10:15:00,1.6159,1.61643,1.6155599999999999,1.61599,324,17,0
2026-05-14 10:30:00,1.61601,1.61695,1.61598,1.6169099999999998,283,17,0
2026-05-14 10:45:00,1.6168900000000002,1.6168900000000002,1.61638,1.61652,356,17,0
2026-05-14 11:00:00,1.61653,1.61695,1.61615,1.61615,330,17,0
2026-05-14 11:15:00,1.61613,1.61643,1.6158299999999999,1.61643,235,17,0
2026-05-14 11:30:00,1.6164399999999999,1.6164399999999999,1.61563,1.61605,229,17,0
2026-05-14 11:45:00,1.61606,1.61613,1.61572,1.61608,264,17,0
2026-05-14 12:00:00,1.61611,1.61672,1.61595,1.61631,427,17,0
2026-05-14 12:15:00,1.61633,1.61646,1.6157599999999999,1.61639,295,17,0
2026-05-14 12:30:00,1.61642,1.61663,1.6158299999999999,1.61624,388,17,0
2026-05-14 12:45:00,1.61627,1.61687,1.61627,1.6167099999999999,337,17,0
2026-05-14 13:00:00,1.61673,1.61733,1.61652,1.61728,421,17,0
2026-05-14 13:15:00,1.61726,1.61826,1.61723,1.61816,342,17,0
2026-05-14 13:30:00,1.61818,1.6191,1.61812,1.61825,642,17,0
2026-05-14 13:45:00,1.6182699999999999,1.61884,1.61754,1.61882,780,17,0
2026-05-14 14:00:00,1.6188500000000001,1.619,1.61791,1.61798,545,17,0
2026-05-14 14:15:00,1.61802,1.6181299999999998,1.61754,1.61769,489,17,0
2026-05-14 14:30:00,1.61772,1.61801,1.61757,1.6179999999999999,346,17,0
2026-05-14 14:45:00,1.61798,1.6181100000000002,1.6156199999999998,1.61568,682,17,0
2026-05-14 15:00:00,1.61565,1.6166399999999999,1.61559,1.6159,577,17,0
2026-05-14 15:15:00,1.61588,1.61616,1.61554,1.61612,326,17,0
2026-05-14 15:30:00,1.61615,1.61639,1.61589,1.6162,293,17,0
2026-05-14 15:45:00,1.61619,1.6165500000000002,1.61613,1.61634,300,17,0
2026-05-14 16:00:00,1.61636,1.61686,1.61632,1.6168200000000001,292,17,0
2026-05-14 16:15:00,1.61684,1.6171600000000002,1.61631,1.6171,331,17,0
2026-05-14 16:30:00,1.61707,1.6173,1.61676,1.6171,349,17,0
2026-05-14 16:45:00,1.61713,1.61738,1.61676,1.61686,289,17,0
2026-05-14 17:00:00,1.61684,1.61684,1.6162800000000002,1.6166800000000001,332,17,0
2026-05-14 17:15:00,1.61669,1.61717,1.6166399999999999,1.61699,313,17,0
2026-05-14 17:30:00,1.61701,1.61706,1.61626,1.61638,261,17,0
2026-05-14 17:45:00,1.61635,1.6166,1.61616,1.6165699999999998,223,17,0
2026-05-14 18:00:00,1.61658,1.6173,1.61649,1.6165,363,17,0
2026-05-14 18:15:00,1.61647,1.61662,1.61619,1.6165,208,17,0
2026-05-14 18:30:00,1.61651,1.61654,1.61624,1.61633,169,17,0
2026-05-14 18:45:00,1.61632,1.61639,1.6160299999999999,1.61624,171,17,0
2026-05-14 19:00:00,1.6162100000000001,1.61633,1.61611,1.6162100000000001,152,17,0
2026-05-14 19:15:00,1.6162,1.61627,1.6161400000000001,1.61624,96,17,0
2026-05-14 19:30:00,1.6162800000000002,1.61653,1.6162100000000001,1.61636,140,17,0
2026-05-14 19:45:00,1.61639,1.61666,1.6162999999999998,1.6163699999999999,182,17,0
2026-05-14 20:00:00,1.61639,1.6164800000000001,1.61598,1.61608,135,17,0
2026-05-14 20:15:00,1.6160999999999999,1.61622,1.61586,1.6159400000000002,131,17,0
2026-05-14 20:30:00,1.61592,1.6161400000000001,1.61589,1.61606,111,17,0
2026-05-14 20:45:00,1.6160700000000001,1.61616,1.61593,1.61609,134,17,0
2026-05-14 21:00:00,1.6160999999999999,1.6160999999999999,1.6150799999999998,1.61538,129,36,0
2026-05-14 21:15:00,1.61537,1.61573,1.6153300000000002,1.6156199999999998,170,78,0
2026-05-14 21:30:00,1.61563,1.6162,1.6156199999999998,1.61618,178,38,0
2026-05-14 21:45:00,1.61618,1.61618,1.6155300000000001,1.61568,150,34,0
2026-05-14 22:00:00,1.61564,1.6161699999999999,1.61558,1.61597,122,25,0
2026-05-14 22:15:00,1.61598,1.61619,1.6158700000000001,1.61599,77,25,0
2026-05-14 22:30:00,1.616,1.61602,1.6158000000000001,1.61589,67,25,0
2026-05-14 22:45:00,1.6159,1.6159,1.6156000000000001,1.61565,82,25,0
2026-05-14 23:00:00,1.61568,1.6160999999999999,1.61531,1.6154,214,17,0
2026-05-14 23:15:00,1.61538,1.61561,1.61507,1.61507,168,17,0
2026-05-14 23:30:00,1.6150600000000002,1.61537,1.61491,1.6152600000000001,119,17,0
2026-05-14 23:45:00,1.61525,1.6165699999999998,1.61514,1.61649,211,17,0
2026-05-15 00:00:00,1.61652,1.61669,1.61545,1.6159400000000002,434,17,0
2026-05-15 00:15:00,1.61591,1.6160999999999999,1.61566,1.61605,279,17,0
2026-05-15 00:30:00,1.61608,1.61744,1.61605,1.61721,415,17,0
2026-05-15 00:45:00,1.6172,1.6181299999999998,1.6168900000000002,1.6173899999999999,508,17,0
2026-05-15 01:00:00,1.6174300000000001,1.6179000000000001,1.61722,1.61767,449,17,0
2026-05-15 01:15:00,1.6177000000000001,1.6190099999999998,1.6177000000000001,1.6190099999999998,572,17,0
2026-05-15 01:30:00,1.6189900000000002,1.6193300000000002,1.61819,1.61863,683,17,0
2026-05-15 01:45:00,1.6186500000000001,1.62052,1.6186,1.62035,588,17,0
2026-05-15 02:00:00,1.6203400000000001,1.62087,1.62016,1.62039,625,17,0
2026-05-15 02:15:00,1.62042,1.62067,1.6201699999999999,1.6205699999999998,409,17,0
2026-05-15 02:30:00,1.62059,1.6206,1.6200999999999999,1.6201400000000001,291,17,0
2026-05-15 02:45:00,1.62012,1.62019,1.619,1.62,443,17,0
2026-05-15 03:00:00,1.6200299999999999,1.6201400000000001,1.61961,1.61991,365,17,0
2026-05-15 03:15:00,1.61993,1.62039,1.6196700000000002,1.62024,268,17,0
2026-05-15 03:30:00,1.62025,1.62043,1.61968,1.61985,307,17,0
2026-05-15 03:45:00,1.61984,1.6201699999999999,1.61968,1.61971,207,17,0
2026-05-15 04:00:00,1.6197300000000001,1.62039,1.61966,1.6198000000000001,238,17,0
2026-05-15 04:15:00,1.61984,1.6204399999999999,1.61974,1.62043,205,17,0
2026-05-15 04:30:00,1.6204399999999999,1.62086,1.62,1.6208200000000001,287,17,0
2026-05-15 04:45:00,1.6208,1.62181,1.62076,1.62181,270,17,0
2026-05-15 05:00:00,1.6217899999999998,1.6246399999999999,1.62176,1.62436,783,17,0
2026-05-15 05:15:00,1.6243400000000001,1.6244399999999999,1.62352,1.6238299999999999,453,17,0
2026-05-15 05:30:00,1.6238000000000001,1.62417,1.62358,1.62401,435,17,0
2026-05-15 05:45:00,1.62404,1.62582,1.62402,1.62486,867,17,0
2026-05-15 06:00:00,1.62488,1.6255199999999999,1.6246800000000001,1.6252,766,17,0
2026-05-15 06:15:00,1.6251799999999998,1.62561,1.62486,1.62494,588,17,0
2026-05-15 06:30:00,1.62496,1.62497,1.6238299999999999,1.6239599999999998,524,17,0
2026-05-15 06:45:00,1.62393,1.62537,1.6236899999999999,1.62488,579,17,0
2026-05-15 07:00:00,1.62486,1.62507,1.6237,1.6237,657,17,0
2026-05-15 07:15:00,1.62368,1.6242100000000002,1.62271,1.62305,556,17,0
2026-05-15 07:30:00,1.62302,1.6241400000000001,1.62275,1.62286,497,17,0
2026-05-15 07:45:00,1.62289,1.62378,1.6227399999999998,1.6235300000000001,399,17,0
2026-05-15 08:00:00,1.6235,1.6246,1.62339,1.62427,501,17,0
2026-05-15 08:15:00,1.6242999999999999,1.6248200000000002,1.62398,1.62467,505,17,0
2026-05-15 08:30:00,1.6246800000000001,1.62527,1.62443,1.62483,570,17,0
2026-05-15 08:45:00,1.6248200000000002,1.62548,1.62472,1.6253199999999999,419,17,0
2026-05-15 09:00:00,1.6253,1.62641,1.6253,1.62605,583,17,0
2026-05-15 09:15:00,1.62608,1.62791,1.62607,1.62684,723,17,0
2026-05-15 09:30:00,1.62687,1.62709,1.62625,1.62679,453,17,0
2026-05-15 09:45:00,1.62682,1.62766,1.62671,1.62679,541,17,0
2026-05-15 10:00:00,1.62676,1.6270099999999998,1.6255199999999999,1.62557,462,17,0
2026-05-15 10:15:00,1.6255899999999999,1.62608,1.6250499999999999,1.62589,452,17,0
2026-05-15 10:30:00,1.62591,1.62591,1.62469,1.62472,485,17,0
2026-05-15 10:45:00,1.62469,1.6248,1.62318,1.6240999999999999,976,17,0
2026-05-15 11:00:00,1.62408,1.62537,1.6238299999999999,1.62531,513,17,0
2026-05-15 11:15:00,1.6252900000000001,1.6257000000000001,1.62492,1.6257000000000001,331,17,0
2026-05-15 11:30:00,1.62572,1.6266500000000002,1.62553,1.6265800000000001,396,17,0
2026-05-15 11:45:00,1.62657,1.6265800000000001,1.62574,1.62622,457,17,0
2026-05-15 12:00:00,1.62625,1.62669,1.62607,1.62648,469,17,0
2026-05-15 12:15:00,1.62649,1.62671,1.6255600000000001,1.6261299999999999,483,17,0
2026-05-15 12:30:00,1.6261,1.62666,1.62602,1.62646,471,17,0
2026-05-15 12:45:00,1.62649,1.62652,1.62514,1.6252900000000001,440,17,0
2026-05-15 13:00:00,1.62526,1.6258,1.62526,1.6256300000000001,467,17,0
2026-05-15 13:15:00,1.6256599999999999,1.6257899999999998,1.62486,1.62517,496,17,0
2026-05-15 13:30:00,1.62515,1.62716,1.62515,1.62669,800,17,0
2026-05-15 13:45:00,1.62666,1.6268099999999999,1.6254300000000002,1.6261700000000001,753,17,0
2026-05-15 14:00:00,1.6261999999999999,1.6265399999999999,1.62472,1.62473,851,17,0
2026-05-15 14:15:00,1.62474,1.62488,1.62371,1.62447,767,17,0
2026-05-15 14:30:00,1.6244399999999999,1.62447,1.62358,1.6240299999999999,728,17,0
2026-05-15 14:45:00,1.6240700000000001,1.62562,1.62402,1.6254300000000002,740,17,0
2026-05-15 15:00:00,1.6254,1.62592,1.62483,1.62537,665,17,0
2026-05-15 15:15:00,1.62538,1.62591,1.62514,1.62544,492,17,0
2026-05-15 15:30:00,1.62546,1.6262400000000001,1.62501,1.62602,577,17,0
2026-05-15 15:45:00,1.6260400000000002,1.62619,1.6257000000000001,1.6259000000000001,502,17,0
2026-05-15 16:00:00,1.62588,1.62602,1.62541,1.6254499999999998,436,17,0
2026-05-15 16:15:00,1.62546,1.62549,1.62507,1.62521,338,17,0
2026-05-15 16:30:00,1.6252,1.62531,1.62474,1.62477,330,17,0
2026-05-15 16:45:00,1.62479,1.62534,1.62449,1.6249500000000001,329,17,0
2026-05-15 17:00:00,1.6249799999999999,1.62517,1.62445,1.62467,315,17,0
2026-05-15 17:15:00,1.62465,1.62493,1.6242100000000002,1.62453,326,17,0
2026-05-15 17:30:00,1.6245500000000002,1.6246399999999999,1.62413,1.6246,268,17,0
2026-05-15 17:45:00,1.62461,1.62461,1.62404,1.6240700000000001,232,17,0
2026-05-15 18:00:00,1.6240299999999999,1.6242,1.62372,1.6240299999999999,284,17,0
2026-05-15 18:15:00,1.62404,1.6248,1.62404,1.62443,462,17,0
2026-05-15 18:30:00,1.6244,1.6251799999999998,1.62432,1.6243400000000001,442,17,0
2026-05-15 18:45:00,1.62433,1.6248200000000002,1.62431,1.62466,310,17,0
2026-05-15 19:00:00,1.62463,1.62533,1.6246,1.6253199999999999,259,17,0
2026-05-15 19:15:00,1.6253,1.6253199999999999,1.62496,1.62503,210,17,0
2026-05-15 19:30:00,1.62507,1.6252900000000001,1.6249500000000001,1.6251600000000002,246,17,0
2026-05-15 19:45:00,1.62514,1.62548,1.62506,1.62533,296,17,0
2026-05-15 20:00:00,1.6253600000000001,1.6259700000000001,1.6253,1.62575,265,17,0
2026-05-15 20:15:00,1.62572,1.62626,1.62571,1.6260599999999998,197,17,0
2026-05-15 20:30:00,1.62608,1.62676,1.62605,1.6264699999999999,136,17,0
2026-05-15 20:45:00,1.62645,1.62671,1.6261100000000002,1.62646,250,17,0
2026-05-17 21:00:00,1.62276,1.62276,1.62249,1.62253,21,580,0
2026-05-17 21:15:00,1.62257,1.6236899999999999,1.62169,1.62169,82,358,0
2026-05-17 21:30:00,1.62173,1.62307,1.62135,1.62296,141,359,0
2026-05-17 21:45:00,1.623,1.62413,1.62234,1.62294,140,236,0
2026-05-17 22:00:00,1.62513,1.6258,1.62439,1.62507,396,17,0
2026-05-17 22:15:00,1.62508,1.62546,1.6249099999999999,1.6250900000000001,320,17,0
2026-05-17 22:30:00,1.62512,1.62519,1.62469,1.625,215,17,0
2026-05-17 22:45:00,1.6249799999999999,1.62557,1.62486,1.6255,163,17,0
2026-05-17 23:00:00,1.62547,1.62567,1.62513,1.62557,232,17,0
2026-05-17 23:15:00,1.62558,1.6268799999999999,1.62558,1.62687,232,17,0
2026-05-17 23:30:00,1.6269,1.6280000000000001,1.6265,1.6275300000000001,537,17,0
2026-05-17 23:45:00,1.62755,1.6291600000000002,1.62754,1.6288200000000002,551,17,0
2026-05-18 00:00:00,1.62885,1.63068,1.62845,1.63019,1093,17,0
2026-05-18 00:15:00,1.63016,1.6305399999999999,1.6294499999999998,1.6303,825,17,0
2026-05-18 00:30:00,1.63028,1.63046,1.62987,1.63035,586,17,0
2026-05-18 00:45:00,1.6303800000000002,1.63069,1.62941,1.62967,623,17,0
2026-05-18 01:00:00,1.62964,1.63042,1.62946,1.63007,696,17,0
2026-05-18 01:15:00,1.63008,1.63039,1.62934,1.6298300000000001,700,17,0
2026-05-18 01:30:00,1.62981,1.63036,1.62914,1.63019,692,17,0
2026-05-18 01:45:00,1.63022,1.63055,1.62901,1.6296,633,17,0
2026-05-18 02:00:00,1.62964,1.63039,1.62927,1.62937,590,17,0
2026-05-18 02:15:00,1.62939,1.62971,1.62897,1.62968,394,17,0
2026-05-18 02:30:00,1.6297000000000001,1.6297899999999998,1.62887,1.62941,365,17,0
2026-05-18 02:45:00,1.62944,1.6305399999999999,1.62935,1.6301299999999999,390,17,0
2026-05-18 03:00:00,1.6301700000000001,1.63025,1.62948,1.6301999999999999,371,17,0
2026-05-18 03:15:00,1.63019,1.63055,1.62969,1.62971,295,17,0
2026-05-18 03:30:00,1.62973,1.6302699999999999,1.62896,1.62896,452,17,0
2026-05-18 03:45:00,1.62893,1.62957,1.62879,1.6289,296,17,0
2026-05-18 04:00:00,1.62889,1.6292499999999999,1.6286100000000001,1.62893,329,17,0
2026-05-18 04:15:00,1.6289500000000001,1.62939,1.62854,1.6292900000000001,252,17,0
2026-05-18 04:30:00,1.62933,1.62941,1.62877,1.62888,259,17,0
2026-05-18 04:45:00,1.62892,1.6295,1.62866,1.62941,293,17,0
2026-05-18 05:00:00,1.62937,1.62976,1.62908,1.62946,371,17,0
2026-05-18 05:15:00,1.62949,1.63002,1.62873,1.62873,443,17,0
2026-05-18 05:30:00,1.6287,1.6292900000000001,1.62862,1.62926,418,17,0
2026-05-18 05:45:00,1.6292499999999999,1.62976,1.62913,1.62968,403,17,0
2026-05-18 06:00:00,1.62971,1.62987,1.6289500000000001,1.6294300000000002,587,17,0
2026-05-18 06:15:00,1.62942,1.6296,1.6284399999999999,1.629,540,17,0
2026-05-18 06:30:00,1.62897,1.62917,1.62843,1.6289099999999999,431,17,0
2026-05-18 06:45:00,1.6289,1.629,1.62754,1.62756,380,17,0
2026-05-18 07:00:00,1.62754,1.62795,1.6273900000000001,1.62768,437,17,0
2026-05-18 07:15:00,1.62765,1.62829,1.6266500000000002,1.62671,556,17,0
2026-05-18 07:30:00,1.6267399999999999,1.62713,1.62599,1.62703,571,17,0
2026-05-18 07:45:00,1.62705,1.6274600000000001,1.62618,1.62632,495,17,0
2026-05-18 08:00:00,1.6263,1.6270799999999999,1.62585,1.62696,477,17,0
2026-05-18 08:15:00,1.6269900000000002,1.6272,1.62554,1.62582,458,17,0
2026-05-18 08:30:00,1.62584,1.6262699999999999,1.6251,1.6261700000000001,504,17,0
2026-05-18 08:45:00,1.62615,1.6262400000000001,1.62531,1.62619,394,17,0
2026-05-18 09:00:00,1.6261999999999999,1.62659,1.62596,1.62616,325,17,0
2026-05-18 09:15:00,1.62618,1.62618,1.62522,1.62554,305,17,0
2026-05-18 09:30:00,1.6255600000000001,1.6259299999999999,1.6254499999999998,1.62591,303,17,0
2026-05-18 09:45:00,1.6259299999999999,1.62603,1.62561,1.6259000000000001,270,17,0
2026-05-18 10:00:00,1.62589,1.62683,1.62572,1.62622,346,17,0
2026-05-18 10:15:00,1.62621,1.62645,1.62598,1.62642,257,17,0
2026-05-18 10:30:00,1.62639,1.62662,1.62598,1.62626,334,17,0
2026-05-18 10:45:00,1.62625,1.62653,1.6256,1.6263800000000002,278,17,0
2026-05-18 11:00:00,1.62634,1.62706,1.62614,1.62657,387,17,0
2026-05-18 11:15:00,1.6265800000000001,1.6267200000000002,1.62629,1.62644,228,17,0
2026-05-18 11:30:00,1.62646,1.62653,1.6249,1.6255899999999999,964,17,0
2026-05-18 11:45:00,1.62562,1.62652,1.62544,1.62582,620,17,0
2026-05-18 12:00:00,1.62585,1.6260599999999998,1.6250200000000001,1.62565,446,17,0
2026-05-18 12:15:00,1.6256300000000001,1.6256300000000001,1.62494,1.6252,414,17,0
2026-05-18 12:30:00,1.62522,1.62562,1.6234,1.62347,621,17,0
2026-05-18 12:45:00,1.6234899999999999,1.62372,1.6225,1.623,724,17,0
2026-05-18 13:00:00,1.62297,1.6237599999999999,1.6227200000000002,1.62347,566,17,0
2026-05-18 13:15:00,1.6234899999999999,1.62393,1.6231900000000001,1.62356,408,17,0
2026-05-18 13:30:00,1.62354,1.62463,1.6232600000000001,1.62428,732,17,0
2026-05-18 13:45:00,1.62426,1.6244399999999999,1.62352,1.62417,782,17,0
2026-05-18 14:00:00,1.6242,1.62581,1.6242,1.62562,843,17,0
2026-05-18 14:15:00,1.62561,1.6261299999999999,1.62473,1.62549,716,17,0
2026-05-18 14:30:00,1.62548,1.6267,1.6250900000000001,1.6262699999999999,727,17,0
2026-05-18 14:45:00,1.62629,1.62662,1.62574,1.62616,644,17,0
2026-05-18 15:00:00,1.6261299999999999,1.62729,1.62596,1.62706,826,17,0
2026-05-18 15:15:00,1.62709,1.6277300000000001,1.62684,1.62767,564,17,0
2026-05-18 15:30:00,1.6277,1.6278899999999998,1.62732,1.62772,529,17,0
2026-05-18 15:45:00,1.62774,1.62793,1.62696,1.62705,506,17,0
2026-05-18 16:00:00,1.62702,1.62744,1.6268099999999999,1.62691,458,17,0
2026-05-18 16:15:00,1.6268799999999999,1.62808,1.62652,1.6280000000000001,521,17,0
2026-05-18 16:30:00,1.62802,1.6282999999999999,1.62698,1.6272199999999999,442,17,0
2026-05-18 16:45:00,1.6272600000000002,1.62731,1.6263999999999998,1.6267399999999999,364,17,0
2026-05-18 17:00:00,1.62677,1.62716,1.6260400000000002,1.62639,363,17,0
2026-05-18 17:15:00,1.62641,1.6267200000000002,1.62621,1.6264699999999999,278,17,0
2026-05-18 17:30:00,1.62643,1.6268500000000001,1.62643,1.6267399999999999,282,17,0
2026-05-18 17:45:00,1.62673,1.62677,1.62602,1.62608,212,17,0
2026-05-18 18:00:00,1.6260599999999998,1.62676,1.62602,1.62673,365,17,0
2026-05-18 18:15:00,1.62677,1.6276000000000002,1.62677,1.6268799999999999,435,17,0
2026-05-18 18:30:00,1.62684,1.62711,1.6266699999999998,1.6268099999999999,325,17,0
2026-05-18 18:45:00,1.62679,1.62729,1.62662,1.62666,352,17,0
2026-05-18 19:00:00,1.62669,1.62693,1.62458,1.6257000000000001,1264,17,0
2026-05-18 19:15:00,1.62571,1.62614,1.62539,1.62585,446,17,0
2026-05-18 19:30:00,1.62582,1.62599,1.62488,1.62496,367,17,0
2026-05-18 19:45:00,1.6249799999999999,1.6254499999999998,1.62439,1.6253,399,17,0
2026-05-18 20:00:00,1.62528,1.62596,1.6252499999999999,1.62564,230,17,0
2026-05-18 20:15:00,1.62565,1.62596,1.62565,1.6257700000000002,161,17,0
2026-05-18 20:30:00,1.62576,1.62599,1.62573,1.62576,165,17,0
2026-05-18 20:45:00,1.62575,1.6259299999999999,1.62568,1.62571,154,17,0
2026-05-18 21:00:00,1.62572,1.62574,1.6254,1.62549,85,46,0
2026-05-18 21:15:00,1.6255199999999999,1.62553,1.62474,1.6251799999999998,196,150,0
2026-05-18 21:30:00,1.62515,1.62557,1.62514,1.62555,164,112,0
2026-05-18 21:45:00,1.62553,1.6259700000000001,1.62548,1.62588,127,62,0
2026-05-18 22:00:00,1.62616,1.62616,1.62533,1.6258,183,25,0
2026-05-18 22:15:00,1.6257899999999998,1.62587,1.62567,1.62572,63,25,0
2026-05-18 22:30:00,1.62571,1.62582,1.62551,1.62555,82,25,0
2026-05-18 22:45:00,1.6255600000000001,1.62567,1.6251600000000002,1.62519,74,25,0
2026-05-18 23:00:00,1.62523,1.6252499999999999,1.6249799999999999,1.6249799999999999,100,17,0
2026-05-18 23:15:00,1.625,1.6250200000000001,1.62431,1.625,146,17,0
2026-05-18 23:30:00,1.62499,1.6250900000000001,1.62465,1.6249500000000001,148,17,0
2026-05-18 23:45:00,1.6249799999999999,1.62544,1.6249799999999999,1.62531,210,17,0
2026-05-19 00:00:00,1.6252900000000001,1.62628,1.62496,1.62609,586,17,0
2026-05-19 00:15:00,1.62612,1.6266,1.62561,1.6261,475,17,0
2026-05-19 00:30:00,1.62607,1.62754,1.6259700000000001,1.62724,400,17,0
2026-05-19 00:45:00,1.62723,1.62838,1.62711,1.62828,397,17,0
2026-05-19 01:00:00,1.6282999999999999,1.62899,1.62826,1.62831,649,17,0
2026-05-19 01:15:00,1.62828,1.62928,1.62813,1.62897,484,17,0
2026-05-19 01:30:00,1.62899,1.6308799999999999,1.62899,1.62927,701,17,0
2026-05-19 01:45:00,1.6292499999999999,1.62994,1.62903,1.62985,502,17,0
2026-05-19 02:00:00,1.6298599999999999,1.6309200000000001,1.62969,1.6309,612,17,0
2026-05-19 02:15:00,1.63087,1.63141,1.62991,1.63048,439,17,0
2026-05-19 02:30:00,1.6305,1.6308,1.62989,1.62996,450,17,0
2026-05-19 02:45:00,1.62998,1.63055,1.62995,1.63025,304,17,0
2026-05-19 03:00:00,1.63021,1.6309,1.63021,1.6303,368,17,0
2026-05-19 03:15:00,1.63032,1.63036,1.62982,1.63026,276,17,0
2026-05-19 03:30:00,1.63029,1.6303800000000002,1.62974,1.63036,296,17,0
2026-05-19 03:45:00,1.63039,1.63114,1.6303299999999998,1.63095,301,17,0
2026-05-19 04:00:00,1.6309200000000001,1.6313499999999999,1.63077,1.63122,364,17,0
2026-05-19 04:15:00,1.63121,1.63188,1.6311900000000001,1.6317,281,17,0
2026-05-19 04:30:00,1.6316899999999999,1.63212,1.63133,1.6320700000000001,286,17,0
2026-05-19 04:45:00,1.63204,1.63238,1.63161,1.6320999999999999,312,17,0
2026-05-19 05:00:00,1.6320700000000001,1.6322100000000002,1.6315300000000001,1.63166,429,17,0
2026-05-19 05:15:00,1.63171,1.6326100000000001,1.63171,1.6322999999999999,482,17,0
2026-05-19 05:30:00,1.63228,1.6330900000000002,1.63228,1.6328200000000002,425,17,0
2026-05-19 05:45:00,1.63285,1.6331099999999998,1.63185,1.6322299999999998,451,17,0
2026-05-19 06:00:00,1.63219,1.63228,1.63114,1.6318899999999998,621,17,0
2026-05-19 06:15:00,1.6318700000000002,1.6325699999999999,1.6318700000000002,1.63209,435,17,0
2026-05-19 06:30:00,1.6320999999999999,1.63246,1.63127,1.63145,423,17,0
2026-05-19 06:45:00,1.6314600000000001,1.6315300000000001,1.6309,1.63104,353,17,0
2026-05-19 07:00:00,1.6310099999999998,1.6314899999999999,1.63049,1.63103,559,17,0
2026-05-19 07:15:00,1.6310099999999998,1.6310099999999998,1.63001,1.63035,357,17,0
2026-05-19 07:30:00,1.6303299999999998,1.63089,1.63001,1.63089,329,17,0
2026-05-19 07:45:00,1.6308799999999999,1.6328200000000002,1.63048,1.63279,536,17,0
2026-05-19 08:00:00,1.63278,1.63401,1.63269,1.63354,603,17,0
2026-05-19 08:15:00,1.63351,1.6338300000000001,1.63307,1.63374,473,17,0
2026-05-19 08:30:00,1.63371,1.6338300000000001,1.63292,1.6332,365,17,0
2026-05-19 08:45:00,1.6332200000000001,1.6332200000000001,1.63259,1.63299,367,17,0
2026-05-19 09:00:00,1.6330200000000001,1.6334,1.6324100000000001,1.6327099999999999,391,17,0
2026-05-19 09:15:00,1.6327,1.63366,1.6326800000000001,1.63303,454,17,0
2026-05-19 09:30:00,1.63306,1.6338300000000001,1.6329500000000001,1.63351,424,17,0
2026-05-19 09:45:00,1.63348,1.6336300000000001,1.6329099999999999,1.63294,377,17,0
2026-05-19 10:00:00,1.6329,1.63346,1.63258,1.63307,361,17,0
2026-05-19 10:15:00,1.6330900000000002,1.63333,1.63263,1.6328200000000002,280,17,0
2026-05-19 10:30:00,1.63285,1.63361,1.63216,1.6332499999999999,563,17,0
2026-05-19 10:45:00,1.63323,1.6335,1.63277,1.6330200000000001,531,17,0
2026-05-19 11:00:00,1.63305,1.63305,1.6323699999999999,1.6325699999999999,392,17,0
2026-05-19 11:15:00,1.63259,1.6327,1.63213,1.6321400000000001,329,17,0
2026-05-19 11:30:00,1.63213,1.63225,1.63175,1.63208,336,17,0
2026-05-19 11:45:00,1.63206,1.6324,1.63183,1.63216,313,17,0
2026-05-19 12:00:00,1.6321400000000001,1.6327,1.63201,1.63256,398,17,0
2026-05-19 12:15:00,1.63258,1.63265,1.63178,1.63192,354,17,0
2026-05-19 12:30:00,1.6318899999999998,1.6324,1.63166,1.6323400000000001,485,17,0
2026-05-19 12:45:00,1.63231,1.6327099999999999,1.63208,1.6326800000000001,391,17,0
2026-05-19 13:00:00,1.6327099999999999,1.6339299999999999,1.63263,1.63296,587,17,0
2026-05-19 13:15:00,1.63299,1.634,1.63287,1.63375,634,17,0
2026-05-19 13:30:00,1.6337199999999998,1.63407,1.63312,1.63374,845,17,0
2026-05-19 13:45:00,1.63375,1.63466,1.63289,1.63344,889,17,0
2026-05-19 14:00:00,1.63347,1.63496,1.6332900000000001,1.6349,895,17,0
2026-05-19 14:15:00,1.63493,1.63704,1.63493,1.6363400000000001,1011,17,0
2026-05-19 14:30:00,1.63635,1.6372,1.63568,1.63715,805,17,0
2026-05-19 14:45:00,1.63712,1.6381700000000001,1.63654,1.63659,832,17,0
2026-05-19 15:00:00,1.6366100000000001,1.6369099999999999,1.63617,1.6363400000000001,643,17,0
2026-05-19 15:15:00,1.63632,1.6363699999999999,1.63565,1.6357300000000001,527,17,0
2026-05-19 15:30:00,1.63574,1.63584,1.63421,1.63421,621,17,0
2026-05-19 15:45:00,1.63419,1.63449,1.63377,1.63405,433,17,0
2026-05-19 16:00:00,1.63401,1.63428,1.63362,1.634,491,17,0
2026-05-19 16:15:00,1.63399,1.6341299999999999,1.6327099999999999,1.63296,438,17,0
2026-05-19 16:30:00,1.6329799999999999,1.63301,1.6320000000000001,1.6322299999999998,493,17,0
2026-05-19 16:45:00,1.63222,1.6322999999999999,1.6319,1.63218,305,17,0
2026-05-19 17:00:00,1.63215,1.6322,1.63167,1.63175,349,17,0
2026-05-19 17:15:00,1.6317599999999999,1.6319599999999999,1.63148,1.63192,273,17,0
2026-05-19 17:30:00,1.63193,1.63235,1.63188,1.63235,276,17,0
2026-05-19 17:45:00,1.63236,1.63251,1.63209,1.63232,259,17,0
2026-05-19 18:00:00,1.63229,1.6325699999999999,1.63219,1.63235,234,17,0
2026-05-19 18:15:00,1.63236,1.63266,1.63226,1.63259,315,17,0
2026-05-19 18:30:00,1.63262,1.63287,1.6322999999999999,1.63236,296,17,0
2026-05-19 18:45:00,1.63235,1.63281,1.63232,1.63269,275,17,0
2026-05-19 19:00:00,1.63272,1.6327500000000001,1.6319599999999999,1.6320299999999999,267,17,0
2026-05-19 19:15:00,1.63201,1.63288,1.63201,1.63258,269,17,0
2026-05-19 19:30:00,1.6326,1.63267,1.63227,1.6323400000000001,236,17,0
2026-05-19 19:45:00,1.6322999999999999,1.63278,1.63227,1.63259,238,17,0
2026-05-19 20:00:00,1.6325699999999999,1.63277,1.63245,1.6326,169,17,0
2026-05-19 20:15:00,1.63259,1.63307,1.6325699999999999,1.63297,84,17,0
2026-05-19 20:30:00,1.63296,1.63301,1.63263,1.63274,91,17,0
2026-05-19 20:45:00,1.6327500000000001,1.6330900000000002,1.6327500000000001,1.6330200000000001,147,15,0
2026-05-19 21:00:00,1.633,1.633,1.63199,1.63206,95,20,0
2026-05-19 21:15:00,1.63208,1.63259,1.63206,1.6324800000000002,190,74,0
2026-05-19 21:30:00,1.63247,1.63258,1.63243,1.63255,94,66,0
2026-05-19 21:45:00,1.63256,1.6327500000000001,1.63242,1.63242,66,48,0
2026-05-19 22:00:00,1.63265,1.63316,1.6324999999999998,1.63303,119,25,0
2026-05-19 22:15:00,1.6330200000000001,1.6330900000000002,1.63267,1.6329500000000001,96,25,0
2026-05-19 22:30:00,1.63293,1.6335199999999999,1.63285,1.6332499999999999,113,25,0
2026-05-19 22:45:00,1.63327,1.6333600000000001,1.63306,1.6331799999999999,78,25,0
2026-05-19 23:00:00,1.63321,1.6332200000000001,1.63301,1.63317,74,17,0
2026-05-19 23:15:00,1.63319,1.63324,1.63303,1.63314,50,17,0
2026-05-19 23:30:00,1.6331099999999998,1.63323,1.63259,1.63314,202,17,0
2026-05-19 23:45:00,1.6331099999999998,1.63369,1.6329099999999999,1.63369,154,17,0
2026-05-20 00:00:00,1.6337199999999998,1.6352,1.6337199999999998,1.6350799999999999,568,17,0
2026-05-20 00:15:00,1.63506,1.63534,1.6342400000000001,1.63462,610,17,0
2026-05-20 00:30:00,1.63459,1.63469,1.63395,1.6341,548,17,0
2026-05-20 00:45:00,1.63414,1.63563,1.63376,1.63563,539,17,0
2026-05-20 01:00:00,1.63564,1.63567,1.63409,1.63443,712,17,0
2026-05-20 01:15:00,1.63446,1.63582,1.6343800000000002,1.6356899999999999,573,17,0
2026-05-20 01:30:00,1.6356600000000001,1.63598,1.6343999999999999,1.63445,686,17,0
2026-05-20 01:45:00,1.63443,1.63475,1.63287,1.633,724,17,0
2026-05-20 02:00:00,1.6329799999999999,1.6335199999999999,1.6325699999999999,1.63288,487,17,0
2026-05-20 02:15:00,1.6329099999999999,1.63342,1.63246,1.63317,469,17,0
2026-05-20 02:30:00,1.6331799999999999,1.63491,1.6331799999999999,1.63387,740,17,0
2026-05-20 02:45:00,1.6338599999999999,1.63456,1.6335199999999999,1.63439,394,17,0
2026-05-20 03:00:00,1.63441,1.63453,1.63392,1.63425,352,17,0
2026-05-20 03:15:00,1.63422,1.6342400000000001,1.6332499999999999,1.63337,330,17,0
2026-05-20 03:30:00,1.63335,1.63361,1.6330200000000001,1.63337,436,17,0
2026-05-20 03:45:00,1.63339,1.63357,1.6329500000000001,1.6333199999999999,280,17,0
2026-05-20 04:00:00,1.6333,1.6333,1.63244,1.63245,411,17,0
2026-05-20 04:15:00,1.6324800000000002,1.63333,1.6324800000000002,1.63305,242,17,0
2026-05-20 04:30:00,1.63308,1.63375,1.63308,1.63326,287,17,0
2026-05-20 04:45:00,1.63323,1.6336300000000001,1.63308,1.63338,256,17,0
2026-05-20 05:00:00,1.63339,1.63339,1.6325699999999999,1.63314,369,17,0
2026-05-20 05:15:00,1.63315,1.63353,1.63294,1.63331,325,17,0
2026-05-20 05:30:00,1.63328,1.63328,1.63244,1.63276,396,17,0
2026-05-20 05:45:00,1.63279,1.6331799999999999,1.63245,1.6325699999999999,287,17,0
2026-05-20 06:00:00,1.63258,1.63294,1.6323400000000001,1.63245,424,17,0
2026-05-20 06:15:00,1.63247,1.63272,1.6313900000000001,1.63245,532,17,0
2026-05-20 06:30:00,1.63242,1.6327,1.63213,1.63262,291,17,0
2026-05-20 06:45:00,1.6326,1.63269,1.63201,1.63209,299,17,0
2026-05-20 07:00:00,1.63206,1.6323400000000001,1.6308500000000001,1.63147,449,17,0
2026-05-20 07:15:00,1.63145,1.63174,1.631,1.63131,313,17,0
2026-05-20 07:30:00,1.63134,1.63168,1.63111,1.63118,350,17,0
2026-05-20 07:45:00,1.6311900000000001,1.63136,1.63059,1.6311,307,17,0
2026-05-20 08:00:00,1.63109,1.63109,1.63005,1.63016,407,17,0
2026-05-20 08:15:00,1.63019,1.63042,1.6297700000000002,1.62981,412,17,0
2026-05-20 08:30:00,1.62978,1.63002,1.62919,1.62949,388,17,0
2026-05-20 08:45:00,1.62951,1.62974,1.6290200000000001,1.62973,381,17,0
2026-05-20 09:00:00,1.62969,1.63008,1.62928,1.63008,324,17,0
2026-05-20 09:15:00,1.6300599999999998,1.63042,1.62958,1.6296300000000001,255,17,0
2026-05-20 09:30:00,1.6296,1.62974,1.62934,1.62973,225,17,0
2026-05-20 09:45:00,1.6297199999999998,1.6298300000000001,1.62908,1.62917,244,17,0
2026-05-20 10:00:00,1.6291600000000002,1.6291799999999999,1.62845,1.62856,272,17,0
2026-05-20 10:15:00,1.6285500000000002,1.62862,1.62824,1.6282999999999999,243,17,0
2026-05-20 10:30:00,1.62829,1.6286399999999999,1.62778,1.62818,347,17,0
2026-05-20 10:45:00,1.6282,1.62869,1.62809,1.6281400000000001,246,17,0
2026-05-20 11:00:00,1.62813,1.62832,1.62767,1.6279400000000002,272,17,0
2026-05-20 11:15:00,1.62791,1.62792,1.62697,1.62705,257,17,0
2026-05-20 11:30:00,1.62707,1.62707,1.62646,1.62679,272,17,0
2026-05-20 11:45:00,1.62676,1.6277300000000001,1.62676,1.6274899999999999,357,17,0
2026-05-20 12:00:00,1.62748,1.62757,1.62687,1.62694,282,17,0
2026-05-20 12:15:00,1.62691,1.62724,1.62671,1.62702,305,17,0
2026-05-20 12:30:00,1.627,1.62704,1.62633,1.6269900000000002,289,17,0
2026-05-20 12:45:00,1.62697,1.62772,1.62676,1.62747,346,17,0
2026-05-20 13:00:00,1.62748,1.62822,1.6271900000000001,1.6276000000000002,381,17,0
2026-05-20 13:15:00,1.62756,1.62801,1.62756,1.6277599999999999,338,17,0
2026-05-20 13:30:00,1.62778,1.62795,1.6269,1.6269900000000002,579,17,0
2026-05-20 13:45:00,1.62696,1.6278899999999998,1.62657,1.62758,607,17,0
2026-05-20 14:00:00,1.62755,1.62788,1.6271200000000001,1.6273499999999999,645,17,0
2026-05-20 14:15:00,1.62738,1.62738,1.62585,1.62623,1417,17,0
2026-05-20 14:30:00,1.6261999999999999,1.62632,1.6251799999999998,1.62521,790,17,0
2026-05-20 14:45:00,1.62519,1.62583,1.624,1.62408,730,17,0
2026-05-20 15:00:00,1.62411,1.62501,1.62368,1.62459,573,17,0
2026-05-20 15:15:00,1.62463,1.6248200000000002,1.62243,1.62463,1499,17,0
2026-05-20 15:30:00,1.62466,1.62469,1.62363,1.62377,668,17,0
2026-05-20 15:45:00,1.62374,1.62488,1.62359,1.62481,538,17,0
2026-05-20 16:00:00,1.6248,1.62487,1.62409,1.62426,385,17,0
2026-05-20 16:15:00,1.62428,1.62515,1.62402,1.6249099999999999,555,17,0
2026-05-20 16:30:00,1.62488,1.62537,1.6246800000000001,1.6246800000000001,491,17,0
2026-05-20 16:45:00,1.62465,1.62523,1.62452,1.6248,486,17,0
2026-05-20 17:00:00,1.62479,1.62501,1.6242,1.62449,497,17,0
2026-05-20 17:15:00,1.62451,1.62485,1.6242299999999998,1.62438,361,17,0
2026-05-20 17:30:00,1.62435,1.6248200000000002,1.62426,1.6245500000000002,296,17,0
2026-05-20 17:45:00,1.62453,1.6247,1.62438,1.6244,235,17,0
2026-05-20 18:00:00,1.62443,1.62478,1.6242299999999998,1.62443,302,17,0
2026-05-20 18:15:00,1.62446,1.62456,1.62416,1.62446,301,17,0
2026-05-20 18:30:00,1.62445,1.6250499999999999,1.6244,1.6250499999999999,234,17,0
2026-05-20 18:45:00,1.6250200000000001,1.62507,1.62451,1.6248200000000002,306,17,0
2026-05-20 19:00:00,1.62479,1.62488,1.62445,1.62465,207,17,0
2026-05-20 19:15:00,1.6246399999999999,1.62465,1.62439,1.6244800000000001,126,17,0
2026-05-20 19:30:00,1.6245,1.6247500000000001,1.62443,1.62459,180,17,0
2026-05-20 19:45:00,1.62461,1.62494,1.6240700000000001,1.62413,277,17,0
2026-05-20 20:00:00,1.62416,1.62488,1.62413,1.62477,221,17,0
2026-05-20 20:15:00,1.62476,1.62523,1.62476,1.62476,302,17,0
2026-05-20 20:30:00,1.62474,1.62503,1.6246800000000001,1.6248399999999998,155,17,0
2026-05-20 20:45:00,1.62487,1.62524,1.62486,1.62507,176,17,0
2026-05-20 21:00:00,1.62508,1.62508,1.62465,1.62467,278,28,0
2026-05-20 21:15:00,1.62469,1.6249,1.6246,1.62486,466,100,0
2026-05-20 21:30:00,1.62485,1.62507,1.62447,1.6244800000000001,281,74,0
2026-05-20 21:45:00,1.62447,1.6249500000000001,1.62412,1.62413,225,64,0
2026-05-20 22:00:00,1.62442,1.62585,1.62442,1.62572,193,25,0
2026-05-20 22:15:00,1.62571,1.62581,1.62546,1.62547,132,25,0
2026-05-20 22:30:00,1.62549,1.62549,1.6253199999999999,1.62537,73,25,0
2026-05-20 22:45:00,1.62538,1.62553,1.62535,1.6254,75,25,0
2026-05-20 23:00:00,1.6254300000000002,1.62583,1.6254300000000002,1.6256300000000001,74,17,0
2026-05-20 23:15:00,1.62564,1.62573,1.62551,1.62555,94,17,0
2026-05-20 23:30:00,1.62558,1.62572,1.6254499999999998,1.62554,72,17,0
2026-05-20 23:45:00,1.6255600000000001,1.626,1.6254499999999998,1.62591,163,17,0
2026-05-21 00:00:00,1.62589,1.6265,1.62582,1.62632,392,17,0
2026-05-21 00:15:00,1.6263100000000001,1.6268799999999999,1.62605,1.62637,346,17,0
2026-05-21 00:30:00,1.62636,1.62686,1.62634,1.6268099999999999,253,17,0
2026-05-21 00:45:00,1.6268,1.6270099999999998,1.6265,1.6267399999999999,244,17,0
2026-05-21 01:00:00,1.62671,1.62689,1.6259000000000001,1.62602,323,17,0
2026-05-21 01:15:00,1.62599,1.6265800000000001,1.62567,1.62626,310,17,0
2026-05-21 01:30:00,1.62623,1.63106,1.62623,1.6301,968,17,0
2026-05-21 01:45:00,1.6301299999999999,1.6343800000000002,1.63009,1.63292,1186,17,0
2026-05-21 02:00:00,1.63288,1.63382,1.63191,1.63301,995,17,0
2026-05-21 02:15:00,1.63304,1.63434,1.6324800000000002,1.6343299999999998,720,17,0
2026-05-21 02:30:00,1.6343100000000002,1.63504,1.6335899999999999,1.63457,785,17,0
2026-05-21 02:45:00,1.63456,1.63599,1.63418,1.6345,751,17,0
2026-05-21 03:00:00,1.63448,1.63457,1.6329500000000001,1.63328,459,17,0
2026-05-21 03:15:00,1.6333,1.63365,1.63283,1.6330200000000001,320,17,0
2026-05-21 03:30:00,1.633,1.63323,1.63244,1.63252,237,17,0
2026-05-21 03:45:00,1.6324999999999998,1.63256,1.6319599999999999,1.6320299999999999,257,17,0
2026-05-21 04:00:00,1.63206,1.63213,1.63137,1.63137,232,17,0
2026-05-21 04:15:00,1.6313900000000001,1.63156,1.63055,1.63055,216,17,0
2026-05-21 04:30:00,1.63053,1.63113,1.6303800000000002,1.63069,222,17,0
2026-05-21 04:45:00,1.63068,1.63087,1.6301299999999999,1.63062,272,17,0
2026-05-21 05:00:00,1.6306,1.63137,1.63028,1.63104,344,17,0
2026-05-21 05:15:00,1.63103,1.63193,1.63079,1.6318000000000001,345,17,0
2026-05-21 05:30:00,1.63178,1.63236,1.63152,1.63175,452,17,0
2026-05-21 05:45:00,1.6317300000000001,1.63262,1.63096,1.6311900000000001,552,17,0
2026-05-21 06:00:00,1.63117,1.63183,1.63064,1.63136,465,17,0
2026-05-21 06:15:00,1.6313900000000001,1.63193,1.63104,1.63163,538,17,0
2026-05-21 06:30:00,1.6316199999999998,1.6339299999999999,1.63147,1.6337000000000002,589,17,0
2026-05-21 06:45:00,1.63373,1.63398,1.63305,1.63354,513,17,0
2026-05-21 07:00:00,1.6335199999999999,1.6335199999999999,1.63243,1.63253,513,17,0
2026-05-21 07:15:00,1.6324800000000002,1.6324800000000002,1.6305,1.63107,836,17,0
2026-05-21 07:30:00,1.63113,1.63159,1.6307800000000001,1.63086,637,17,0
2026-05-21 07:45:00,1.63084,1.6309,1.6299700000000001,1.63049,429,17,0
2026-05-21 08:00:00,1.6304699999999999,1.63103,1.62985,1.62988,605,17,0
2026-05-21 08:15:00,1.62985,1.63117,1.62937,1.62973,814,17,0
2026-05-21 08:30:00,1.6297000000000001,1.6300599999999998,1.62886,1.6295199999999999,629,17,0
2026-05-21 08:45:00,1.6295,1.62976,1.6289,1.62971,444,17,0
2026-05-21 09:00:00,1.62974,1.62984,1.62853,1.62866,416,17,0
2026-05-21 09:15:00,1.62867,1.62899,1.62846,1.6287099999999999,380,17,0
2026-05-21 09:30:00,1.62873,1.6295199999999999,1.62869,1.62948,294,17,0
2026-05-21 09:45:00,1.62949,1.62978,1.62919,1.62934,254,17,0
2026-05-21 10:00:00,1.6293600000000001,1.62942,1.62838,1.62876,369,17,0
2026-05-21 10:15:00,1.62874,1.62984,1.6283400000000001,1.6297899999999998,641,17,0
2026-05-21 10:30:00,1.62982,1.6302699999999999,1.6288200000000002,1.62906,893,17,0
2026-05-21 10:45:00,1.62904,1.6293199999999999,1.62872,1.6290900000000001,665,17,0
2026-05-21 11:00:00,1.62912,1.62912,1.6280700000000001,1.62808,498,17,0
2026-05-21 11:15:00,1.62809,1.62819,1.6271,1.6275300000000001,537,17,0
2026-05-21 11:30:00,1.62755,1.62798,1.62724,1.62756,359,17,0
2026-05-21 11:45:00,1.62757,1.62792,1.62734,1.6276899999999999,372,17,0
2026-05-21 12:00:00,1.62766,1.62777,1.6271,1.6272,438,17,0
2026-05-21 12:15:00,1.62721,1.62781,1.6271200000000001,1.62731,384,17,0
2026-05-21 12:30:00,1.6273499999999999,1.62767,1.6267200000000002,1.62759,701,17,0
2026-05-21 12:45:00,1.62756,1.62781,1.62729,1.62754,474,17,0
2026-05-21 13:00:00,1.62756,1.62809,1.62721,1.6278899999999998,497,17,0
2026-05-21 13:15:00,1.6278700000000002,1.62799,1.6270099999999998,1.6270099999999998,392,17,0
2026-05-21 13:30:00,1.62698,1.6274,1.62639,1.62687,699,17,0
2026-05-21 13:45:00,1.62684,1.62694,1.62571,1.62592,876,17,0
2026-05-21 14:00:00,1.62589,1.6268799999999999,1.62578,1.62645,660,17,0
2026-05-21 14:15:00,1.62642,1.62657,1.62585,1.62592,595,17,0
2026-05-21 14:30:00,1.62589,1.62614,1.62542,1.62576,523,17,0
2026-05-21 14:45:00,1.62574,1.6259299999999999,1.62436,1.62445,597,17,0
2026-05-21 15:00:00,1.62443,1.6259000000000001,1.6244,1.62503,725,17,0
2026-05-21 15:15:00,1.6250499999999999,1.62554,1.6248,1.62506,443,17,0
2026-05-21 15:30:00,1.62503,1.62538,1.62435,1.62462,427,17,0
2026-05-21 15:45:00,1.62459,1.62474,1.62432,1.62462,365,17,0
2026-05-21 16:00:00,1.62459,1.62459,1.6233300000000002,1.62388,465,17,0
2026-05-21 16:15:00,1.62386,1.6244100000000001,1.62386,1.62431,363,17,0
2026-05-21 16:30:00,1.6243400000000001,1.62487,1.62425,1.6248399999999998,291,17,0
2026-05-21 16:45:00,1.6248200000000002,1.6252,1.6246,1.62462,284,17,0
2026-05-21 17:00:00,1.62459,1.62483,1.62317,1.62386,539,17,0
2026-05-21 17:15:00,1.62384,1.62401,1.62264,1.6227399999999998,858,17,0
2026-05-21 17:30:00,1.6227200000000002,1.62293,1.62198,1.62202,526,17,0
2026-05-21 17:45:00,1.6219999999999999,1.62283,1.6219999999999999,1.62283,505,17,0
2026-05-21 18:00:00,1.62282,1.62382,1.6226500000000001,1.62377,563,17,0
2026-05-21 18:15:00,1.62375,1.62393,1.62318,1.6233499999999998,350,17,0
2026-05-21 18:30:00,1.62334,1.6237599999999999,1.62316,1.62338,305,17,0
2026-05-21 18:45:00,1.62337,1.62489,1.6233300000000002,1.62449,661,17,0
2026-05-21 19:00:00,1.62447,1.6246399999999999,1.6240299999999999,1.62425,435,17,0
2026-05-21 19:15:00,1.62422,1.62426,1.6239400000000002,1.62415,217,17,0
2026-05-21 19:30:00,1.62413,1.6242999999999999,1.62363,1.62405,282,17,0
2026-05-21 19:45:00,1.6240700000000001,1.62459,1.6239400000000002,1.62424,353,17,0
2026-05-21 20:00:00,1.62422,1.6246800000000001,1.62413,1.62452,200,17,0
2026-05-21 20:15:00,1.62453,1.62473,1.62442,1.6246800000000001,124,17,0
2026-05-21 20:30:00,1.62469,1.62472,1.62439,1.62469,103,17,0
2026-05-21 20:45:00,1.62465,1.62493,1.6245,1.62476,166,17,0
2026-05-21 21:00:00,1.6247500000000001,1.6247500000000001,1.62409,1.62412,166,48,0
2026-05-21 21:15:00,1.6241400000000001,1.62445,1.62374,1.62422,211,74,0
2026-05-21 21:30:00,1.6242100000000002,1.62458,1.62412,1.6245500000000002,237,90,0
2026-05-21 21:45:00,1.62456,1.625,1.62419,1.6249,160,44,0
2026-05-21 22:00:00,1.62507,1.62507,1.6239400000000002,1.62422,140,25,0
2026-05-21 22:15:00,1.6242100000000002,1.6244100000000001,1.62415,1.62436,59,25,0
2026-05-21 22:30:00,1.62438,1.62456,1.62411,1.62431,92,25,0
2026-05-21 22:45:00,1.62432,1.6244399999999999,1.62418,1.6244100000000001,93,25,0
2026-05-21 23:00:00,1.6244399999999999,1.62469,1.6244,1.62463,67,17,0
2026-05-21 23:15:00,1.62462,1.62521,1.62461,1.62463,90,17,0
2026-05-21 23:30:00,1.6246,1.6251600000000002,1.6245500000000002,1.62514,86,17,0
2026-05-21 23:45:00,1.6251600000000002,1.6255899999999999,1.62492,1.62527,174,17,0
2026-05-22 00:00:00,1.6252900000000001,1.62582,1.62527,1.62582,350,17,0
2026-05-22 00:15:00,1.62584,1.62623,1.62526,1.62534,308,17,0
2026-05-22 00:30:00,1.6253199999999999,1.6259000000000001,1.62528,1.62538,257,17,0
2026-05-22 00:45:00,1.62535,1.6264699999999999,1.62526,1.62629,235,17,0
2026-05-22 01:00:00,1.6263100000000001,1.62725,1.6263100000000001,1.62683,359,17,0
2026-05-22 01:15:00,1.62682,1.6272600000000002,1.62616,1.62622,309,17,0
2026-05-22 01:30:00,1.62625,1.62704,1.62615,1.62671,388,17,0
2026-05-22 01:45:00,1.6267200000000002,1.62673,1.62575,1.62666,322,17,0
2026-05-22 02:00:00,1.62664,1.6266500000000002,1.62592,1.62607,243,17,0
2026-05-22 02:15:00,1.62608,1.62628,1.62592,1.62605,231,17,0
2026-05-22 02:30:00,1.6260599999999998,1.62629,1.62569,1.62581,190,17,0
2026-05-22 02:45:00,1.62582,1.62668,1.62581,1.6262699999999999,248,17,0
2026-05-22 03:00:00,1.6263,1.62702,1.6262400000000001,1.627,243,17,0
2026-05-22 03:15:00,1.6270099999999998,1.62706,1.6267,1.6267,220,17,0
2026-05-22 03:30:00,1.62668,1.6268500000000001,1.62641,1.6267800000000001,172,17,0
2026-05-22 03:45:00,1.62677,1.627,1.62618,1.62629,130,17,0
2026-05-22 04:00:00,1.62626,1.62657,1.62616,1.62621,158,17,0
2026-05-22 04:15:00,1.6261999999999999,1.62633,1.62609,1.62625,132,17,0
2026-05-22 04:30:00,1.6262400000000001,1.62675,1.6262400000000001,1.6265100000000001,119,17,0
2026-05-22 04:45:00,1.62652,1.62673,1.62645,1.6265800000000001,106,17,0
2026-05-22 05:00:00,1.62655,1.6266500000000002,1.6260599999999998,1.62621,213,17,0
2026-05-22 05:15:00,1.62618,1.62646,1.6261,1.62612,141,17,0
2026-05-22 05:30:00,1.62609,1.62637,1.62592,1.62615,220,17,0
2026-05-22 05:45:00,1.6261299999999999,1.62643,1.62546,1.62637,371,17,0
2026-05-22 06:00:00,1.62639,1.6268099999999999,1.6261,1.6268099999999999,379,17,0
2026-05-22 06:15:00,1.62683,1.62799,1.62671,1.6271499999999999,537,17,0
2026-05-22 06:30:00,1.62713,1.6272799999999998,1.62659,1.62725,331,17,0
2026-05-22 06:45:00,1.6272600000000002,1.62744,1.6267399999999999,1.6268500000000001,314,17,0
2026-05-22 07:00:00,1.62682,1.62797,1.62659,1.62748,434,17,0
2026-05-22 07:15:00,1.6274600000000001,1.62767,1.62696,1.6275300000000001,303,17,0
2026-05-22 07:30:00,1.62752,1.62786,1.6269900000000002,1.6272199999999999,323,17,0
2026-05-22 07:45:00,1.6272,1.62772,1.62705,1.62705,287,17,0
2026-05-22 08:00:00,1.6270099999999998,1.6276000000000002,1.627,1.62717,335,17,0
2026-05-22 08:15:00,1.62714,1.62716,1.6257700000000002,1.62675,501,17,0
2026-05-22 08:30:00,1.6267200000000002,1.6273,1.62625,1.62687,516,17,0
2026-05-22 08:45:00,1.62684,1.62713,1.6266500000000002,1.62713,261,17,0
2026-05-22 09:00:00,1.62716,1.62784,1.62702,1.6271900000000001,371,17,0
2026-05-22 09:15:00,1.6272199999999999,1.62788,1.62714,1.62724,349,17,0
2026-05-22 09:30:00,1.6272199999999999,1.62782,1.62717,1.6274899999999999,295,17,0
2026-05-22 09:45:00,1.62748,1.6277,1.62721,1.62759,228,17,0
2026-05-22 10:00:00,1.6276199999999998,1.62775,1.6270799999999999,1.62743,317,17,0
2026-05-22 10:15:00,1.62745,1.62745,1.6270099999999998,1.62738,246,17,0
2026-05-22 10:30:00,1.62737,1.62812,1.6272600000000002,1.62757,367,17,0
2026-05-22 10:45:00,1.62755,1.62768,1.62723,1.62757,233,17,0
2026-05-22 11:00:00,1.62756,1.62825,1.6272,1.6282,291,17,0
2026-05-22 11:15:00,1.62822,1.62822,1.62743,1.62758,258,17,0
2026-05-22 11:30:00,1.62761,1.62849,1.6276000000000002,1.62849,279,17,0
2026-05-22 11:45:00,1.62851,1.62853,1.6278700000000002,1.6282299999999998,402,17,0
2026-05-22 12:00:00,1.62825,1.6284999999999998,1.62677,1.62754,679,17,0
2026-05-22 12:15:00,1.62751,1.6282100000000002,1.62706,1.62797,657,17,0
2026-05-22 12:30:00,1.62793,1.62836,1.62761,1.62812,384,17,0
2026-05-22 12:45:00,1.62815,1.62815,1.62705,1.62705,321,17,0
2026-05-22 13:00:00,1.62702,1.62725,1.62637,1.62649,661,17,0
2026-05-22 13:15:00,1.62652,1.62771,1.62645,1.6277,457,17,0
2026-05-22 13:30:00,1.6277300000000001,1.62804,1.62745,1.6277300000000001,608,17,0
2026-05-22 13:45:00,1.62772,1.62838,1.62744,1.62754,525,17,0
2026-05-22 14:00:00,1.62757,1.62858,1.62747,1.6278899999999998,741,17,0
2026-05-22 14:15:00,1.62793,1.6286399999999999,1.62782,1.62816,517,17,0
2026-05-22 14:30:00,1.6281400000000001,1.6283400000000001,1.62778,1.62818,470,17,0
2026-05-22 14:45:00,1.62815,1.62819,1.6269900000000002,1.6272199999999999,486,17,0
2026-05-22 15:00:00,1.62725,1.62766,1.62706,1.62741,399,17,0
2026-05-22 15:15:00,1.6274199999999999,1.62764,1.6270799999999999,1.62734,298,17,0
2026-05-22 15:30:00,1.62731,1.62731,1.62656,1.62668,392,17,0
2026-05-22 15:45:00,1.62669,1.62709,1.62645,1.62702,338,17,0
2026-05-22 16:00:00,1.62705,1.6272799999999998,1.62663,1.6272199999999999,337,17,0
2026-05-22 16:15:00,1.62725,1.62747,1.62683,1.62691,291,17,0
2026-05-22 16:30:00,1.62694,1.62729,1.6267800000000001,1.62714,257,17,0
2026-05-22 16:45:00,1.6271200000000001,1.6272600000000002,1.6269,1.6272,242,17,0
2026-05-22 17:00:00,1.62717,1.6272199999999999,1.62677,1.62693,253,17,0
2026-05-22 17:15:00,1.6269200000000001,1.6273,1.6266699999999998,1.62679,449,17,0
2026-05-22 17:30:00,1.62677,1.6270099999999998,1.62656,1.6269200000000001,401,17,0
2026-05-22 17:45:00,1.62693,1.62695,1.62664,1.6269,230,17,0
2026-05-22 18:00:00,1.62689,1.62721,1.62663,1.6266500000000002,291,17,0
2026-05-22 18:15:00,1.6266699999999998,1.6268099999999999,1.6265399999999999,1.62669,150,17,0
2026-05-22 18:30:00,1.62671,1.62696,1.62652,1.62663,215,17,0
2026-05-22 18:45:00,1.62662,1.62684,1.6266,1.6266500000000002,151,17,0
2026-05-22 19:00:00,1.62668,1.6271,1.62668,1.6269,240,17,0
2026-05-22 19:15:00,1.6269200000000001,1.62717,1.62677,1.62713,136,17,0
2026-05-22 19:30:00,1.62709,1.62738,1.62704,1.62718,176,17,0
2026-05-22 19:45:00,1.6272,1.62745,1.62703,1.62723,213,17,0
2026-05-22 20:00:00,1.6272600000000002,1.6273499999999999,1.6271,1.62713,131,17,0
2026-05-22 20:15:00,1.62714,1.62751,1.62714,1.62751,115,17,0
2026-05-22 20:30:00,1.6274899999999999,1.62771,1.6271499999999999,1.6272600000000002,214,17,0
2026-05-22 20:45:00,1.62725,1.62772,1.62711,1.62754,345,17,0
2026-05-24 21:00:00,1.62325,1.62345,1.6230799999999999,1.6231499999999999,38,580,0
2026-05-24 21:15:00,1.62317,1.62385,1.62284,1.62324,86,452,0
2026-05-24 21:30:00,1.62338,1.62445,1.62302,1.62439,151,312,0
2026-05-24 21:45:00,1.6240299999999999,1.6246800000000001,1.62325,1.62445,170,284,0
2026-05-24 22:00:00,1.6253,1.62571,1.62435,1.62557,514,17,0
2026-05-24 22:15:00,1.62551,1.62668,1.62521,1.62663,308,17,0
2026-05-24 22:30:00,1.6266699999999998,1.62704,1.6265399999999999,1.62695,234,17,0
2026-05-24 22:45:00,1.62689,1.62689,1.62608,1.62649,151,17,0
2026-05-24 23:00:00,1.6264699999999999,1.6264699999999999,1.62596,1.62635,166,17,0
2026-05-24 23:15:00,1.62637,1.6265800000000001,1.62623,1.62645,84,17,0
2026-05-24 23:30:00,1.62646,1.62652,1.62589,1.62603,165,17,0
2026-05-24 23:45:00,1.62602,1.6266500000000002,1.6259299999999999,1.6265800000000001,246,17,0
2026-05-25 00:00:00,1.62662,1.6267200000000002,1.62595,1.62605,335,17,0
2026-05-25 00:15:00,1.6260599999999998,1.62643,1.6255199999999999,1.62553,280,17,0
2026-05-25 00:30:00,1.62551,1.62601,1.62542,1.62595,225,17,0
2026-05-25 00:45:00,1.6259700000000001,1.62599,1.62534,1.62544,384,17,0
2026-05-25 01:00:00,1.6254,1.6254,1.6243400000000001,1.6244399999999999,434,17,0
2026-05-25 01:15:00,1.62442,1.62477,1.6236000000000002,1.6236000000000002,325,17,0
2026-05-25 01:30:00,1.6236199999999998,1.62477,1.6234600000000001,1.62366,353,17,0
2026-05-25 01:45:00,1.62365,1.62422,1.62365,1.62408,239,17,0
2026-05-25 02:00:00,1.62405,1.62405,1.62344,1.6237300000000001,207,17,0
2026-05-25 02:15:00,1.62371,1.6238899999999998,1.62331,1.62355,181,17,0
2026-05-25 02:30:00,1.62358,1.62401,1.6234,1.6237300000000001,140,17,0
2026-05-25 02:45:00,1.62371,1.6244100000000001,1.62371,1.62432,160,17,0
2026-05-25 03:00:00,1.6242999999999999,1.62454,1.62409,1.6244800000000001,241,17,0
2026-05-25 03:15:00,1.62447,1.6248,1.62436,1.62451,210,17,0
2026-05-25 03:30:00,1.62452,1.6249799999999999,1.6244800000000001,1.62479,144,17,0
2026-05-25 03:45:00,1.62477,1.62503,1.62474,1.62493,136,17,0
2026-05-25 04:00:00,1.6249,1.6249,1.62445,1.6248200000000002,131,17,0
2026-05-25 04:15:00,1.62483,1.6249099999999999,1.62416,1.62422,143,17,0
2026-05-25 04:30:00,1.6242,1.62433,1.6238000000000001,1.62384,158,17,0
2026-05-25 04:45:00,1.62381,1.62395,1.62359,1.62384,142,17,0
2026-05-25 05:00:00,1.6238700000000001,1.62399,1.6234899999999999,1.62367,207,17,0
2026-05-25 05:15:00,1.62365,1.62424,1.62348,1.62422,116,17,0
2026-05-25 05:30:00,1.62424,1.62439,1.62365,1.62385,169,17,0
2026-05-25 05:45:00,1.6238700000000001,1.62453,1.6238299999999999,1.62425,193,17,0
2026-05-25 06:00:00,1.62429,1.6244399999999999,1.6237300000000001,1.62388,253,17,0
2026-05-25 06:15:00,1.62386,1.62438,1.62386,1.62419,204,17,0
2026-05-25 06:30:00,1.62417,1.6245500000000002,1.62395,1.62452,168,17,0
2026-05-25 06:45:00,1.6245,1.62486,1.62417,1.6243699999999999,246,17,0
2026-05-25 07:00:00,1.62436,1.62511,1.62433,1.62487,278,17,0
2026-05-25 07:15:00,1.62488,1.62596,1.62486,1.62535,473,17,0
2026-05-25 07:30:00,1.62534,1.62534,1.62466,1.62515,313,17,0
2026-05-25 07:45:00,1.62517,1.62526,1.62486,1.62512,164,17,0
2026-05-25 08:00:00,1.6251,1.62531,1.62489,1.62523,258,17,0
2026-05-25 08:15:00,1.62522,1.62533,1.62501,1.6251600000000002,177,17,0
2026-05-25 08:30:00,1.6251799999999998,1.62521,1.62449,1.62473,188,17,0
2026-05-25 08:45:00,1.6247099999999999,1.62489,1.62439,1.62459,178,17,0
2026-05-25 09:00:00,1.62456,1.62466,1.62411,1.62427,153,17,0
2026-05-25 09:15:00,1.62425,1.62469,1.6242299999999998,1.6246,94,17,0
2026-05-25 09:30:00,1.6245699999999998,1.6245699999999998,1.6239599999999998,1.62405,102,17,0
2026-05-25 09:45:00,1.62404,1.6242299999999998,1.62402,1.6242299999999998,91,17,0
2026-05-25 10:00:00,1.62422,1.6242299999999998,1.62402,1.62413,119,17,0
2026-05-25 10:15:00,1.62411,1.62427,1.6240299999999999,1.62425,96,17,0
2026-05-25 10:30:00,1.62424,1.6246800000000001,1.62424,1.62447,99,17,0
2026-05-25 10:45:00,1.62443,1.62466,1.62431,1.62453,103,17,0
2026-05-25 11:00:00,1.6245,1.62474,1.62435,1.62442,100,17,0
2026-05-25 11:15:00,1.6244100000000001,1.62459,1.62436,1.62443,82,17,0
2026-05-25 11:30:00,1.6244100000000001,1.6244100000000001,1.62366,1.62374,233,17,0
2026-05-25 11:45:00,1.6237599999999999,1.62404,1.62367,1.62395,202,17,0
2026-05-25 12:00:00,1.6239599999999998,1.62416,1.62371,1.62398,203,17,0
2026-05-25 12:15:00,1.6239599999999998,1.62413,1.6237,1.62375,186,17,0
2026-05-25 12:30:00,1.6237599999999999,1.62408,1.62374,1.62388,174,17,0
2026-05-25 12:45:00,1.62386,1.62463,1.62386,1.62456,224,17,0
2026-05-25 13:00:00,1.6246,1.6247,1.62395,1.62405,180,17,0
2026-05-25 13:15:00,1.6240299999999999,1.62408,1.6236199999999998,1.6236199999999998,129,17,0
2026-05-25 13:30:00,1.62361,1.62365,1.62345,1.62358,176,17,0
2026-05-25 13:45:00,1.62357,1.6238899999999998,1.62341,1.62347,168,17,0
2026-05-25 14:00:00,1.62344,1.62344,1.6230799999999999,1.62324,153,17,0
2026-05-25 14:15:00,1.6232600000000001,1.6233,1.62306,1.62311,95,17,0
2026-05-25 14:30:00,1.6231200000000001,1.62332,1.62302,1.62302,127,17,0
2026-05-25 14:45:00,1.62306,1.62329,1.6216300000000001,1.62175,254,17,0
2026-05-25 15:00:00,1.62178,1.62242,1.6217700000000002,1.6222400000000001,318,17,0
2026-05-25 15:15:00,1.62225,1.62266,1.62225,1.62266,209,17,0
2026-05-25 15:30:00,1.62264,1.62296,1.62263,1.6227200000000002,138,17,0
2026-05-25 15:45:00,1.62268,1.62309,1.62244,1.62297,116,17,0
2026-05-25 16:00:00,1.62295,1.62336,1.6228099999999999,1.6228099999999999,155,17,0
2026-05-25 16:15:00,1.62277,1.62305,1.6225800000000001,1.62284,127,17,0
2026-05-25 16:30:00,1.62283,1.62297,1.62268,1.62268,131,17,0
2026-05-25 16:45:00,1.62266,1.62284,1.62259,1.6227200000000002,144,17,0
2026-05-25 17:00:00,1.62273,1.62286,1.62262,1.62286,68,17,0
2026-05-25 17:15:00,1.62287,1.62294,1.62239,1.62244,92,17,0
2026-05-25 17:30:00,1.62243,1.62256,1.62234,1.6225100000000001,54,17,0
2026-05-25 17:45:00,1.6225,1.62259,1.6224699999999999,1.62253,50,17,0
2026-05-25 18:00:00,1.6225399999999999,1.6226099999999999,1.62244,1.6225100000000001,31,17,0
2026-05-25 18:15:00,1.62252,1.62264,1.6225100000000001,1.6226099999999999,28,17,0
2026-05-25 18:30:00,1.6226,1.62266,1.62253,1.62266,33,17,0
2026-05-25 18:45:00,1.6226500000000001,1.62269,1.6225399999999999,1.62268,44,17,0
2026-05-25 19:00:00,1.62266,1.62268,1.6224699999999999,1.62252,36,17,0
2026-05-25 19:15:00,1.6225100000000001,1.62255,1.62244,1.6224699999999999,31,17,0
2026-05-25 19:30:00,1.62246,1.62248,1.62237,1.62242,39,17,0
2026-05-25 19:45:00,1.62243,1.62244,1.62221,1.62235,55,17,0
2026-05-25 20:00:00,1.6223,1.62239,1.6222400000000001,1.62236,58,17,0
2026-05-25 20:15:00,1.62234,1.62243,1.62226,1.62243,56,17,0
2026-05-25 20:30:00,1.62246,1.62268,1.62228,1.62262,89,17,0
2026-05-25 20:45:00,1.62259,1.62268,1.62246,1.62246,114,15,0
2026-05-25 21:00:00,1.62242,1.6225399999999999,1.62221,1.62223,130,34,0
2026-05-25 21:15:00,1.62221,1.62245,1.6221999999999999,1.62234,136,72,0
2026-05-25 21:30:00,1.62234,1.62248,1.6221299999999998,1.62223,183,84,0
2026-05-25 21:45:00,1.62221,1.6227800000000001,1.6221700000000001,1.62269,204,46,0
2026-05-25 22:00:00,1.62268,1.62296,1.6219999999999999,1.6226500000000001,209,25,0
2026-05-25 22:15:00,1.62264,1.62293,1.62259,1.62268,87,25,0
2026-05-25 22:30:00,1.62269,1.62286,1.62255,1.62277,73,25,0
2026-05-25 22:45:00,1.6227800000000001,1.6227800000000001,1.62248,1.62257,52,25,0
2026-05-25 23:00:00,1.62263,1.6227200000000002,1.62235,1.6226699999999998,99,17,0
2026-05-25 23:15:00,1.62268,1.62269,1.62245,1.6226699999999998,92,17,0
2026-05-25 23:30:00,1.6226500000000001,1.6231499999999999,1.6226500000000001,1.6228799999999999,109,17,0
2026-05-25 23:45:00,1.6229,1.62325,1.6227399999999998,1.6232199999999999,183,17,0
2026-05-26 00:00:00,1.6231900000000001,1.62374,1.62314,1.62338,331,17,0
2026-05-26 00:15:00,1.62336,1.62392,1.6231499999999999,1.62324,243,17,0
2026-05-26 00:30:00,1.62323,1.6233499999999998,1.62287,1.62323,253,17,0
2026-05-26 00:45:00,1.62324,1.62372,1.62306,1.6231,256,17,0
2026-05-26 01:00:00,1.62309,1.6238899999999998,1.62287,1.62357,392,17,0
2026-05-26 01:15:00,1.62356,1.62409,1.62307,1.62329,338,17,0
2026-05-26 01:30:00,1.6232600000000001,1.62393,1.62314,1.62357,404,17,0
2026-05-26 01:45:00,1.62355,1.6236899999999999,1.62309,1.6236000000000002,311,17,0
2026-05-26 02:00:00,1.62361,1.62377,1.6233,1.62367,232,17,0
2026-05-26 02:15:00,1.6236899999999999,1.62372,1.62321,1.6233300000000002,170,17,0
2026-05-26 02:30:00,1.6233,1.62388,1.62318,1.6238700000000001,196,17,0
2026-05-26 02:45:00,1.62384,1.6238700000000001,1.6233,1.62338,186,17,0
2026-05-26 03:00:00,1.62341,1.62347,1.6226,1.62296,162,17,0
2026-05-26 03:15:00,1.6229900000000002,1.62311,1.62237,1.6226500000000001,197,17,0
2026-05-26 03:30:00,1.62262,1.62276,1.62241,1.62242,129,17,0
2026-05-26 03:45:00,1.62246,1.6226699999999998,1.62239,1.62256,134,17,0
2026-05-26 04:00:00,1.6225399999999999,1.6231,1.6223999999999998,1.62248,185,17,0
2026-05-26 04:15:00,1.6225,1.62276,1.62243,1.62276,117,17,0
2026-05-26 04:30:00,1.6227800000000001,1.62404,1.6227800000000001,1.6238700000000001,192,17,0
2026-05-26 04:45:00,1.6238899999999998,1.62397,1.62364,1.62395,153,17,0
2026-05-26 05:00:00,1.62397,1.62489,1.62392,1.62443,240,17,0
2026-05-26 05:15:00,1.6244100000000001,1.6244100000000001,1.6240700000000001,1.62412,129,17,0
2026-05-26 05:30:00,1.6240999999999999,1.62429,1.62379,1.6240999999999999,183,17,0
2026-05-26 05:45:00,1.62412,1.62424,1.6239,1.62402,164,17,0
2026-05-26 06:00:00,1.624,1.62419,1.6234600000000001,1.62357,275,17,0
2026-05-26 06:15:00,1.62355,1.62397,1.62284,1.62354,340,17,0
2026-05-26 06:30:00,1.62356,1.6238700000000001,1.62314,1.6233300000000002,287,17,0
2026-05-26 06:45:00,1.62331,1.62377,1.62316,1.62374,257,17,0
2026-05-26 07:00:00,1.6236899999999999,1.62459,1.62348,1.62351,563,17,0
2026-05-26 07:15:00,1.62354,1.6249099999999999,1.62354,1.6248200000000002,332,17,0
2026-05-26 07:30:00,1.62481,1.62546,1.62447,1.6251,499,17,0
2026-05-26 07:45:00,1.62508,1.6252499999999999,1.62433,1.62436,279,17,0
2026-05-26 08:00:00,1.62433,1.6249,1.62416,1.6245,356,17,0
2026-05-26 08:15:00,1.62449,1.62458,1.6240999999999999,1.62418,250,17,0
2026-05-26 08:30:00,1.6242,1.62456,1.62406,1.62429,274,17,0
2026-05-26 08:45:00,1.62431,1.62488,1.62427,1.62427,219,17,0
2026-05-26 09:00:00,1.62426,1.62528,1.62412,1.62506,302,17,0
2026-05-26 09:15:00,1.6250900000000001,1.62522,1.62476,1.6249799999999999,278,17,0
2026-05-26 09:30:00,1.62496,1.6253600000000001,1.6247099999999999,1.62531,247,17,0
2026-05-26 09:45:00,1.6252900000000001,1.6253199999999999,1.62467,1.62507,214,17,0
2026-05-26 10:00:00,1.6250900000000001,1.62555,1.6250900000000001,1.62526,212,17,0
2026-05-26 10:15:00,1.6252499999999999,1.62538,1.62467,1.62496,214,17,0
2026-05-26 10:30:00,1.62493,1.62493,1.62427,1.62439,335,17,0
2026-05-26 10:45:00,1.6244100000000001,1.62474,1.62419,1.62452,245,17,0
2026-05-26 11:00:00,1.6245500000000002,1.62469,1.62424,1.62433,189,17,0
2026-05-26 11:15:00,1.6243400000000001,1.6243400000000001,1.62392,1.62398,186,17,0
2026-05-26 11:30:00,1.624,1.62474,1.62388,1.6242,366,17,0
2026-05-26 11:45:00,1.62422,1.62438,1.6236899999999999,1.6238899999999998,249,17,0
2026-05-26 12:00:00,1.62393,1.62404,1.6234899999999999,1.6237300000000001,312,17,0
2026-05-26 12:15:00,1.62372,1.62375,1.6231900000000001,1.62325,207,17,0
2026-05-26 12:30:00,1.6232600000000001,1.62348,1.62304,1.62318,190,17,0
2026-05-26 12:45:00,1.62317,1.62331,1.6226,1.62264,208,17,0
2026-05-26 13:00:00,1.6226699999999998,1.6227399999999998,1.62201,1.62209,295,17,0
2026-05-26 13:15:00,1.6221,1.62228,1.62137,1.62138,286,17,0
2026-05-26 13:30:00,1.62141,1.62199,1.62104,1.6213,458,17,0
2026-05-26 13:45:00,1.62127,1.6219700000000001,1.62042,1.62154,679,17,0
2026-05-26 14:00:00,1.6215000000000002,1.6216300000000001,1.6207799999999999,1.62093,495,17,0
2026-05-26 14:15:00,1.6209099999999999,1.62172,1.62074,1.62158,402,17,0
2026-05-26 14:30:00,1.62162,1.62214,1.62121,1.62162,466,17,0
2026-05-26 14:45:00,1.62165,1.62219,1.62162,1.62168,431,17,0
2026-05-26 15:00:00,1.6217000000000001,1.6221299999999998,1.62161,1.62165,464,17,0
2026-05-26 15:15:00,1.62168,1.62259,1.62162,1.62257,316,17,0
2026-05-26 15:30:00,1.6225399999999999,1.62273,1.62221,1.6225800000000001,402,17,0
2026-05-26 15:45:00,1.6226,1.623,1.62257,1.62262,327,17,0
2026-05-26 16:00:00,1.6226,1.6228,1.62244,1.62268,216,17,0
2026-05-26 16:15:00,1.6227,1.6227800000000001,1.62239,1.6227,194,17,0
2026-05-26 16:30:00,1.6227200000000002,1.62317,1.62263,1.62289,204,17,0
2026-05-26 16:45:00,1.62286,1.62297,1.6226699999999998,1.6227399999999998,194,17,0
2026-05-26 17:00:00,1.62276,1.62293,1.62249,1.6228799999999999,173,17,0
2026-05-26 17:15:00,1.62289,1.62294,1.6226,1.6226099999999999,184,17,0
2026-05-26 17:30:00,1.62263,1.62284,1.62246,1.62283,172,17,0
2026-05-26 17:45:00,1.6228099999999999,1.6229,1.62263,1.6228500000000001,140,17,0
2026-05-26 18:00:00,1.62287,1.6229200000000001,1.62241,1.6225,161,17,0
2026-05-26 18:15:00,1.62248,1.6226,1.62234,1.62234,157,17,0
2026-05-26 18:30:00,1.6223100000000001,1.62249,1.62216,1.62241,180,17,0
2026-05-26 18:45:00,1.62243,1.62243,1.6221299999999998,1.6223100000000001,146,17,0
2026-05-26 19:00:00,1.62228,1.6226,1.62228,1.6224699999999999,144,17,0
2026-05-26 19:15:00,1.6225,1.62256,1.62228,1.62242,100,17,0
2026-05-26 19:30:00,1.6223999999999998,1.62242,1.62226,1.6222699999999999,84,17,0
2026-05-26 19:45:00,1.62229,1.62259,1.62216,1.62249,188,17,0
2026-05-26 20:00:00,1.62252,1.62266,1.62234,1.62266,119,17,0
2026-05-26 20:15:00,1.62269,1.62271,1.6225,1.6225,54,17,0
2026-05-26 20:30:00,1.62253,1.62264,1.6225,1.6225800000000001,49,17,0
2026-05-26 20:45:00,1.6226,1.62304,1.6226,1.6229,109,16,0
2026-05-26 21:00:00,1.6228799999999999,1.6228799999999999,1.6203699999999999,1.6214,301,18,0
2026-05-26 21:15:00,1.62142,1.62174,1.62135,1.62174,394,164,0
2026-05-26 21:30:00,1.62176,1.6220599999999998,1.62172,1.6220599999999998,112,128,0
2026-05-26 21:45:00,1.6220599999999998,1.62244,1.62202,1.6221700000000001,117,28,0
2026-05-26 22:00:00,1.62249,1.62306,1.62222,1.62293,190,25,0
2026-05-26 22:15:00,1.6228799999999999,1.62296,1.62264,1.62295,85,25,0
2026-05-26 22:30:00,1.62293,1.62298,1.6227399999999998,1.62291,60,25,0
2026-05-26 22:45:00,1.6229200000000001,1.62313,1.62287,1.62295,47,25,0
2026-05-26 23:00:00,1.6229900000000002,1.6229900000000002,1.62282,1.62296,47,17,0
2026-05-26 23:15:00,1.62297,1.62309,1.62283,1.6229200000000001,77,17,0
2026-05-26 23:30:00,1.6229,1.62294,1.6225,1.6225,59,17,0
2026-05-26 23:45:00,1.6224699999999999,1.6228099999999999,1.6223100000000001,1.62273,171,17,0
2026-05-27 00:00:00,1.6227,1.6233499999999998,1.62262,1.62287,335,17,0
2026-05-27 00:15:00,1.62289,1.6230799999999999,1.6221100000000002,1.6221299999999998,231,17,0
2026-05-27 00:30:00,1.62216,1.62218,1.6214300000000001,1.62148,206,17,0
2026-05-27 00:45:00,1.6215000000000002,1.6221,1.62114,1.62182,286,17,0
2026-05-27 01:00:00,1.62184,1.62201,1.6214499999999998,1.62161,297,17,0
2026-05-27 01:15:00,1.62164,1.62175,1.6212,1.6215199999999999,231,17,0
2026-05-27 01:30:00,1.62149,1.62591,1.62149,1.6244399999999999,1073,17,0
2026-05-27 01:45:00,1.62442,1.62636,1.62442,1.62565,483,17,0
2026-05-27 02:00:00,1.62554,1.6260599999999998,1.62432,1.62466,856,17,0
2026-05-27 02:15:00,1.62463,1.62561,1.62463,1.62547,356,17,0
2026-05-27 02:30:00,1.62546,1.6255600000000001,1.62478,1.62508,350,17,0
2026-05-27 02:45:00,1.62506,1.62521,1.62412,1.62496,312,17,0
2026-05-27 03:00:00,1.62493,1.62504,1.62424,1.62492,350,17,0
2026-05-27 03:15:00,1.62494,1.6255,1.62477,1.62513,243,17,0
2026-05-27 03:30:00,1.62512,1.62578,1.6248200000000002,1.62574,312,17,0
2026-05-27 03:45:00,1.62572,1.62583,1.6252900000000001,1.62548,200,17,0
2026-05-27 04:00:00,1.62551,1.62591,1.62499,1.62504,272,17,0
2026-05-27 04:15:00,1.62506,1.6256300000000001,1.62493,1.6256300000000001,251,17,0
2026-05-27 04:30:00,1.6256599999999999,1.6259299999999999,1.62517,1.62517,259,17,0
2026-05-27 04:45:00,1.62514,1.62564,1.62499,1.62557,214,17,0
2026-05-27 05:00:00,1.6255899999999999,1.626,1.62542,1.62558,264,17,0
2026-05-27 05:15:00,1.62557,1.6261700000000001,1.62553,1.62581,226,17,0
2026-05-27 05:30:00,1.6258,1.62668,1.62565,1.62633,410,17,0
2026-05-27 05:45:00,1.62636,1.62673,1.62608,1.62673,362,17,0
2026-05-27 06:00:00,1.62676,1.6274,1.6265800000000001,1.6274,390,17,0
2026-05-27 06:15:00,1.62738,1.62839,1.62724,1.62804,446,17,0
2026-05-27 06:30:00,1.62801,1.62818,1.6276000000000002,1.62812,365,17,0
2026-05-27 06:45:00,1.62813,1.62949,1.62812,1.62948,397,17,0
2026-05-27 07:00:00,1.62946,1.62974,1.6288399999999998,1.6293600000000001,442,17,0
2026-05-27 07:15:00,1.62934,1.6300400000000002,1.62888,1.6297899999999998,342,17,0
2026-05-27 07:30:00,1.6298,1.6310099999999998,1.6297199999999998,1.6308,392,17,0
2026-05-27 07:45:00,1.63076,1.63118,1.63019,1.63061,460,17,0
2026-05-27 08:00:00,1.63064,1.6317,1.63021,1.6313499999999999,490,17,0
2026-05-27 08:15:00,1.63133,1.63182,1.6308500000000001,1.63152,406,17,0
2026-05-27 08:30:00,1.6315499999999998,1.63157,1.63084,1.63109,313,17,0
2026-05-27 08:45:00,1.63111,1.63121,1.63037,1.6304699999999999,283,17,0
2026-05-27 09:00:00,1.63049,1.63076,1.6301700000000001,1.63034,306,17,0
2026-05-27 09:15:00,1.63032,1.63032,1.6296,1.6299000000000001,306,17,0
2026-05-27 09:30:00,1.62992,1.63014,1.6295899999999999,1.6301299999999999,186,17,0
2026-05-27 09:45:00,1.63011,1.63041,1.62991,1.63028,237,17,0
2026-05-27 10:00:00,1.63025,1.6303,1.6295899999999999,1.63001,251,17,0
2026-05-27 10:15:00,1.62999,1.63021,1.62955,1.62996,260,17,0
2026-05-27 10:30:00,1.62998,1.63046,1.6299299999999999,1.63036,229,17,0
2026-05-27 10:45:00,1.6303800000000002,1.6317599999999999,1.6302400000000001,1.6314199999999999,375,17,0
2026-05-27 11:00:00,1.63137,1.6317599999999999,1.63091,1.6315499999999998,327,17,0
2026-05-27 11:15:00,1.6315300000000001,1.63205,1.63145,1.6320000000000001,263,17,0
2026-05-27 11:30:00,1.63199,1.63232,1.63158,1.63158,321,17,0
2026-05-27 11:45:00,1.6316000000000002,1.6321400000000001,1.63138,1.6315499999999998,376,17,0
2026-05-27 12:00:00,1.63156,1.63303,1.63151,1.63303,413,17,0
2026-05-27 12:15:00,1.6330200000000001,1.63313,1.6308500000000001,1.63109,1279,17,0
2026-05-27 12:30:00,1.63107,1.63285,1.6309,1.63228,833,17,0
2026-05-27 12:45:00,1.6322999999999999,1.63278,1.63204,1.63211,491,17,0
2026-05-27 13:00:00,1.6321400000000001,1.6322,1.6314600000000001,1.63204,583,17,0
2026-05-27 13:15:00,1.63205,1.63251,1.63172,1.63219,528,17,0
2026-05-27 13:30:00,1.6322100000000002,1.63249,1.63134,1.63184,686,17,0
2026-05-27 13:45:00,1.63188,1.63236,1.6308799999999999,1.6308799999999999,687,17,0
2026-05-27 14:00:00,1.6309,1.63205,1.63076,1.63191,639,17,0
2026-05-27 14:15:00,1.63188,1.63258,1.63123,1.63229,648,17,0
2026-05-27 14:30:00,1.63232,1.63319,1.63206,1.6323400000000001,885,17,0
2026-05-27 14:45:00,1.63238,1.63239,1.6310799999999999,1.63109,768,17,0
2026-05-27 15:00:00,1.63107,1.63107,1.63009,1.63021,590,17,0
2026-05-27 15:15:00,1.63022,1.6303,1.6297000000000001,1.62994,420,17,0
2026-05-27 15:30:00,1.62992,1.6303999999999998,1.62967,1.63034,544,17,0
2026-05-27 15:45:00,1.63035,1.63057,1.62981,1.6298300000000001,413,17,0
2026-05-27 16:00:00,1.62981,1.62988,1.62941,1.62954,387,17,0
2026-05-27 16:15:00,1.62953,1.62955,1.6290900000000001,1.62912,271,17,0
2026-05-27 16:30:00,1.62913,1.62942,1.62907,1.62914,199,17,0
2026-05-27 16:45:00,1.62912,1.6293199999999999,1.6289099999999999,1.6292900000000001,203,17,0
2026-05-27 17:00:00,1.62927,1.6296300000000001,1.62924,1.62938,341,17,0
2026-05-27 17:15:00,1.62937,1.62953,1.6292,1.62942,238,17,0
2026-05-27 17:30:00,1.62939,1.6294,1.62903,1.6293600000000001,212,17,0
2026-05-27 17:45:00,1.62938,1.62944,1.62912,1.6294,197,17,0
2026-05-27 18:00:00,1.62942,1.62951,1.6292200000000001,1.62931,174,17,0
2026-05-27 18:15:00,1.6292900000000001,1.6294300000000002,1.62872,1.62876,194,17,0
2026-05-27 18:30:00,1.62878,1.62912,1.62878,1.6290200000000001,161,17,0
2026-05-27 18:45:00,1.62903,1.62908,1.62885,1.6289,173,17,0
2026-05-27 19:00:00,1.62889,1.62907,1.62839,1.6284399999999999,156,17,0
2026-05-27 19:15:00,1.62845,1.6289099999999999,1.6284100000000001,1.6288399999999998,124,17,0
2026-05-27 19:30:00,1.6288200000000002,1.6289099999999999,1.6284,1.62843,165,17,0
2026-05-27 19:45:00,1.6284100000000001,1.62852,1.62811,1.62818,179,17,0
2026-05-27 20:00:00,1.62816,1.6282999999999999,1.62805,1.62805,118,17,0
2026-05-27 20:15:00,1.62806,1.62812,1.62798,1.62806,64,17,0
2026-05-27 20:30:00,1.62804,1.62819,1.62801,1.62817,73,17,0
2026-05-27 20:45:00,1.62819,1.62819,1.6276899999999999,1.62779,124,15,0
2026-05-27 21:00:00,1.6277599999999999,1.6277599999999999,1.62731,1.62737,85,22,0
2026-05-27 21:15:00,1.62738,1.6273900000000001,1.6271,1.6271,128,170,0
2026-05-27 21:30:00,1.6271200000000001,1.62748,1.6270799999999999,1.62744,208,152,0
2026-05-27 21:45:00,1.62745,1.62866,1.6273499999999999,1.62847,178,36,0
2026-05-27 22:00:00,1.6285699999999999,1.6285699999999999,1.6277,1.62811,142,25,0
2026-05-27 22:15:00,1.62813,1.6282100000000002,1.6279599999999999,1.62804,90,25,0
2026-05-27 22:30:00,1.62806,1.62824,1.6279400000000002,1.6279400000000002,85,25,0
2026-05-27 22:45:00,1.62793,1.62797,1.6276199999999998,1.6277300000000001,72,25,0
2026-05-27 23:00:00,1.62777,1.62785,1.6276899999999999,1.6277599999999999,58,17,0
2026-05-27 23:15:00,1.6277300000000001,1.62806,1.6274,1.62778,234,17,0
2026-05-27 23:30:00,1.6277599999999999,1.62843,1.62765,1.6283400000000001,191,17,0
2026-05-27 23:45:00,1.62832,1.62865,1.6282299999999998,1.62865,221,17,0
2026-05-28 00:00:00,1.6286800000000001,1.62953,1.6286800000000001,1.62949,441,17,0
2026-05-28 00:15:00,1.62947,1.6295,1.62881,1.62921,287,17,0
2026-05-28 00:30:00,1.62923,1.63009,1.62923,1.6297899999999998,367,17,0
2026-05-28 00:45:00,1.6297700000000002,1.62987,1.62938,1.6294,291,17,0
2026-05-28 01:00:00,1.6294300000000002,1.6295899999999999,1.6289,1.62954,384,17,0
2026-05-28 01:15:00,1.62953,1.63057,1.62946,1.63042,360,17,0
2026-05-28 01:30:00,1.63046,1.63138,1.63046,1.63097,412,17,0
2026-05-28 01:45:00,1.63095,1.63105,1.63021,1.63073,413,17,0
2026-05-28 02:00:00,1.6307399999999999,1.6308500000000001,1.63008,1.63015,363,17,0
2026-05-28 02:15:00,1.63018,1.6303800000000002,1.63001,1.6300599999999998,215,17,0
2026-05-28 02:30:00,1.6300400000000002,1.63046,1.6298599999999999,1.6303,239,17,0
2026-05-28 02:45:00,1.6303299999999998,1.6307800000000001,1.6298,1.62988,288,17,0
2026-05-28 03:00:00,1.62987,1.6305800000000001,1.6292200000000001,1.6303800000000002,372,17,0
2026-05-28 03:15:00,1.63037,1.63147,1.63035,1.63103,496,17,0
2026-05-28 03:30:00,1.63105,1.6320700000000001,1.63093,1.6318700000000002,646,17,0
2026-05-28 03:45:00,1.6318899999999998,1.63244,1.63137,1.6314899999999999,509,17,0
2026-05-28 04:00:00,1.63151,1.6323400000000001,1.63123,1.63156,515,17,0
2026-05-28 04:15:00,1.63158,1.63235,1.6313499999999999,1.6320000000000001,486,17,0
2026-05-28 04:30:00,1.63202,1.63231,1.63172,1.6319,339,17,0
2026-05-28 04:45:00,1.63192,1.63206,1.63143,1.63157,272,17,0
2026-05-28 05:00:00,1.63156,1.63213,1.63072,1.63083,369,17,0
2026-05-28 05:15:00,1.6308500000000001,1.63103,1.62976,1.6298300000000001,307,17,0
2026-05-28 05:30:00,1.6297899999999998,1.63032,1.62912,1.63026,504,17,0
2026-05-28 05:45:00,1.6302400000000001,1.63028,1.62928,1.6298,346,17,0
2026-05-28 06:00:00,1.6297899999999998,1.62999,1.6293199999999999,1.62941,352,17,0
2026-05-28 06:15:00,1.62938,1.6297199999999998,1.62873,1.6295600000000001,387,17,0
2026-05-28 06:30:00,1.62953,1.6299000000000001,1.62944,1.6296599999999999,303,17,0
2026-05-28 06:45:00,1.62965,1.6305,1.62942,1.6304400000000001,265,17,0
2026-05-28 07:00:00,1.6303999999999998,1.63063,1.62999,1.63032,447,17,0
2026-05-28 07:15:00,1.63029,1.63052,1.62958,1.63052,386,17,0
2026-05-28 07:30:00,1.6305399999999999,1.63107,1.63019,1.63079,400,17,0
2026-05-28 07:45:00,1.63075,1.63083,1.6303,1.63035,318,17,0
2026-05-28 08:00:00,1.63032,1.63076,1.63014,1.63068,401,17,0
2026-05-28 08:15:00,1.6307,1.63152,1.63061,1.6314899999999999,326,17,0
2026-05-28 08:30:00,1.63147,1.6316899999999999,1.63123,1.63163,234,17,0
2026-05-28 08:45:00,1.6316199999999998,1.63208,1.63132,1.6319,205,17,0
2026-05-28 09:00:00,1.63191,1.6320700000000001,1.6314199999999999,1.63143,252,17,0
2026-05-28 09:15:00,1.63144,1.6315,1.6307399999999999,1.63096,243,17,0
2026-05-28 09:30:00,1.6309900000000002,1.63143,1.63096,1.63124,257,17,0
2026-05-28 09:45:00,1.6312799999999998,1.63145,1.6307399999999999,1.6308799999999999,270,17,0
2026-05-28 10:00:00,1.6309,1.63116,1.63039,1.63071,273,17,0
2026-05-28 10:15:00,1.63073,1.63114,1.6303999999999998,1.6311,278,17,0
2026-05-28 10:30:00,1.63113,1.63171,1.63097,1.63168,225,17,0
2026-05-28 10:45:00,1.63165,1.63236,1.63114,1.63148,474,17,0
2026-05-28 11:00:00,1.6315,1.6315,1.63095,1.6313,346,17,0
2026-05-28 11:15:00,1.63132,1.6314199999999999,1.63105,1.6312799999999998,197,17,0
2026-05-28 11:30:00,1.63129,1.6314600000000001,1.6309900000000002,1.63132,214,17,0
2026-05-28 11:45:00,1.63129,1.63262,1.63127,1.6319599999999999,364,17,0
2026-05-28 12:00:00,1.63193,1.63204,1.6315499999999998,1.63156,292,17,0
2026-05-28 12:15:00,1.6316000000000002,1.63256,1.6316000000000002,1.63246,294,17,0
2026-05-28 12:30:00,1.63245,1.6326,1.63145,1.63151,593,17,0
2026-05-28 12:45:00,1.6314899999999999,1.63188,1.6311499999999999,1.63154,427,17,0
2026-05-28 13:00:00,1.63152,1.63232,1.63111,1.63217,509,17,0
2026-05-28 13:15:00,1.63215,1.63232,1.6316199999999998,1.63192,291,17,0
2026-05-28 13:30:00,1.6319,1.63252,1.63161,1.63247,523,17,0
2026-05-28 13:45:00,1.63249,1.63251,1.63156,1.6317300000000001,487,17,0
2026-05-28 14:00:00,1.63171,1.63178,1.62886,1.62921,1357,17,0
2026-05-28 14:15:00,1.62919,1.63066,1.6289500000000001,1.62901,1190,17,0
2026-05-28 14:30:00,1.6289799999999999,1.63015,1.62885,1.62903,730,17,0
2026-05-28 14:45:00,1.62901,1.63001,1.62889,1.6293199999999999,740,17,0
2026-05-28 15:00:00,1.6293,1.62934,1.6275300000000001,1.62772,544,17,0
2026-05-28 15:15:00,1.62774,1.6279,1.6274199999999999,1.62768,363,17,0
2026-05-28 15:30:00,1.62771,1.6279,1.62716,1.6273300000000002,373,17,0
2026-05-28 15:45:00,1.62731,1.62764,1.62717,1.6272,252,17,0
2026-05-28 16:00:00,1.62716,1.6273,1.62645,1.62662,264,17,0
2026-05-28 16:15:00,1.6266500000000002,1.62682,1.6261,1.6261999999999999,375,17,0
2026-05-28 16:30:00,1.62618,1.62687,1.6261700000000001,1.6265100000000001,275,17,0
2026-05-28 16:45:00,1.62649,1.62676,1.62612,1.62612,249,17,0
2026-05-28 17:00:00,1.62609,1.62637,1.62605,1.62637,212,17,0
2026-05-28 17:15:00,1.62636,1.62652,1.62618,1.6261999999999999,197,17,0
2026-05-28 17:30:00,1.62622,1.62622,1.6259299999999999,1.62599,166,17,0
2026-05-28 17:45:00,1.62601,1.62629,1.62587,1.6262699999999999,162,17,0
2026-05-28 18:00:00,1.62629,1.62632,1.62592,1.62618,178,17,0
2026-05-28 18:15:00,1.62619,1.62643,1.62601,1.6263800000000002,245,17,0
2026-05-28 18:30:00,1.62641,1.62648,1.62628,1.62633,189,17,0
2026-05-28 18:45:00,1.62635,1.62652,1.62595,1.62605,143,17,0
2026-05-28 19:00:00,1.62608,1.6261999999999999,1.62584,1.62615,160,17,0
2026-05-28 19:15:00,1.62616,1.62616,1.62587,1.62587,97,17,0
2026-05-28 19:30:00,1.62585,1.62599,1.62568,1.62591,144,17,0
2026-05-28 19:45:00,1.62592,1.62632,1.62589,1.6262699999999999,199,17,0
2026-05-28 20:00:00,1.6263,1.62632,1.62594,1.62595,151,17,0
2026-05-28 20:15:00,1.6259700000000001,1.62618,1.62589,1.62607,93,17,0
2026-05-28 20:30:00,1.62609,1.6262699999999999,1.6260599999999998,1.62615,84,17,0
2026-05-28 20:45:00,1.62614,1.6264699999999999,1.62614,1.62634,113,16,0
2026-05-28 21:00:00,1.62635,1.62636,1.62587,1.62588,101,16,0
2026-05-28 21:15:00,1.6259000000000001,1.62609,1.6257899999999998,1.62581,207,128,0
2026-05-28 21:30:00,1.6258,1.6261,1.6258,1.62603,278,128,0
2026-05-28 21:45:00,1.62602,1.62698,1.62591,1.62591,265,32,0
2026-05-28 22:00:00,1.62578,1.6265,1.62558,1.62633,182,25,0
2026-05-28 22:15:00,1.62632,1.62641,1.62628,1.62636,26,25,0
2026-05-28 22:30:00,1.62635,1.62646,1.62625,1.62634,64,25,0
2026-05-28 22:45:00,1.62632,1.62645,1.62619,1.62642,51,25,0
2026-05-28 23:00:00,1.62642,1.6267,1.6261299999999999,1.6263,254,17,0
2026-05-28 23:15:00,1.62629,1.62661,1.6262400000000001,1.62657,144,17,0
2026-05-28 23:30:00,1.6265399999999999,1.62677,1.6261700000000001,1.6264699999999999,120,17,0
2026-05-28 23:45:00,1.62649,1.6269200000000001,1.6264699999999999,1.62664,158,17,0
2026-05-29 00:00:00,1.62666,1.62687,1.62637,1.6266500000000002,294,17,0
2026-05-29 00:15:00,1.62666,1.62673,1.6260599999999998,1.6263999999999998,228,17,0
2026-05-29 00:30:00,1.62644,1.6273499999999999,1.62644,1.62717,256,17,0
2026-05-29 00:45:00,1.62716,1.62725,1.6267399999999999,1.6267800000000001,231,17,0
2026-05-29 01:00:00,1.62679,1.62754,1.62641,1.62696,401,17,0
2026-05-29 01:15:00,1.62694,1.62695,1.62659,1.6269,297,17,0
2026-05-29 01:30:00,1.62693,1.62697,1.62599,1.62609,326,17,0
2026-05-29 01:45:00,1.62608,1.62645,1.6259000000000001,1.6261100000000002,291,17,0
2026-05-29 02:00:00,1.62608,1.62664,1.6259299999999999,1.62663,224,17,0
2026-05-29 02:15:00,1.62666,1.62731,1.62664,1.62731,160,17,0
2026-05-29 02:30:00,1.6272799999999998,1.6272799999999998,1.62648,1.6265399999999999,207,17,0
2026-05-29 02:45:00,1.62655,1.62707,1.6261,1.6268799999999999,306,17,0
2026-05-29 03:00:00,1.6268500000000001,1.62724,1.6266500000000002,1.62679,218,17,0
2026-05-29 03:15:00,1.62677,1.62686,1.62642,1.6268099999999999,197,17,0
2026-05-29 03:30:00,1.62682,1.62682,1.62625,1.62642,187,17,0
2026-05-29 03:45:00,1.62643,1.62668,1.62636,1.6265,201,17,0
2026-05-29 04:00:00,1.62648,1.62648,1.62599,1.6261299999999999,194,17,0
2026-05-29 04:15:00,1.62614,1.62616,1.62553,1.6255899999999999,169,17,0
2026-05-29 04:30:00,1.6255600000000001,1.6255899999999999,1.62497,1.62506,156,17,0
2026-05-29 04:45:00,1.62504,1.6251,1.62458,1.62472,145,17,0
2026-05-29 05:00:00,1.6247500000000001,1.62477,1.62438,1.6247099999999999,179,17,0
2026-05-29 05:15:00,1.6247500000000001,1.6249099999999999,1.62459,1.62467,152,17,0
2026-05-29 05:30:00,1.6246399999999999,1.62489,1.62428,1.62489,210,17,0
2026-05-29 05:45:00,1.62492,1.6252499999999999,1.6247500000000001,1.62515,208,17,0
2026-05-29 06:00:00,1.62517,1.62553,1.62478,1.62528,335,17,0
2026-05-29 06:15:00,1.62527,1.62661,1.62524,1.62622,351,17,0
2026-05-29 06:30:00,1.6261999999999999,1.62737,1.62595,1.6272,388,17,0
2026-05-29 06:45:00,1.62723,1.62743,1.6267800000000001,1.6273300000000002,278,17,0
2026-05-29 07:00:00,1.62731,1.6274600000000001,1.62662,1.62664,367,17,0
2026-05-29 07:15:00,1.62666,1.62669,1.626,1.62633,366,17,0
2026-05-29 07:30:00,1.62635,1.62752,1.62599,1.62646,508,17,0
2026-05-29 07:45:00,1.62649,1.6266699999999998,1.62555,1.6256599999999999,325,17,0
2026-05-29 08:00:00,1.62564,1.62635,1.6252499999999999,1.6262400000000001,445,17,0
2026-05-29 08:15:00,1.62623,1.6264699999999999,1.62582,1.6264699999999999,300,17,0
2026-05-29 08:30:00,1.62644,1.62684,1.62634,1.62669,284,17,0
2026-05-29 08:45:00,1.62671,1.6268500000000001,1.62535,1.6256,378,17,0
2026-05-29 09:00:00,1.6255899999999999,1.62675,1.62535,1.62612,350,17,0
2026-05-29 09:15:00,1.62614,1.6264699999999999,1.62592,1.62628,357,17,0
2026-05-29 09:30:00,1.62629,1.6267800000000001,1.6261999999999999,1.6267,290,17,0
2026-05-29 09:45:00,1.62668,1.6271,1.62637,1.62684,314,17,0
2026-05-29 10:00:00,1.62686,1.6273,1.62649,1.6271200000000001,307,17,0
2026-05-29 10:15:00,1.62714,1.62714,1.6266,1.62698,258,17,0
2026-05-29 10:30:00,1.627,1.62717,1.6268099999999999,1.62698,223,17,0
2026-05-29 10:45:00,1.6269900000000002,1.6272199999999999,1.62632,1.62657,257,17,0
2026-05-29 11:00:00,1.6265399999999999,1.62661,1.6259299999999999,1.6260400000000002,266,17,0
2026-05-29 11:15:00,1.62601,1.62619,1.6256599999999999,1.6258599999999999,223,17,0
2026-05-29 11:30:00,1.62583,1.6258599999999999,1.62504,1.62517,233,17,0
2026-05-29 11:45:00,1.62519,1.6252499999999999,1.62432,1.62445,357,17,0
2026-05-29 12:00:00,1.62446,1.62459,1.62298,1.6232799999999998,400,17,0
2026-05-29 12:15:00,1.6233,1.62379,1.62303,1.62341,296,17,0
2026-05-29 12:30:00,1.62338,1.62367,1.62316,1.62332,359,17,0
2026-05-29 12:45:00,1.6233,1.62338,1.6225100000000001,1.62255,317,17,0
2026-05-29 13:00:00,1.6225100000000001,1.62255,1.6219999999999999,1.62235,411,17,0
2026-05-29 13:15:00,1.62234,1.6225800000000001,1.62167,1.62168,316,17,0
2026-05-29 13:30:00,1.6217000000000001,1.62199,1.62059,1.6209500000000001,416,17,0
2026-05-29 13:45:00,1.62093,1.62103,1.62006,1.62036,535,17,0
2026-05-29 14:00:00,1.6203400000000001,1.62083,1.6201699999999999,1.62074,448,17,0
2026-05-29 14:15:00,1.62076,1.62155,1.62045,1.6213600000000001,554,17,0
2026-05-29 14:30:00,1.62133,1.62253,1.6213,1.62153,699,17,0
2026-05-29 14:45:00,1.6215600000000001,1.6231499999999999,1.62106,1.62189,1242,17,0
2026-05-29 15:00:00,1.62188,1.62259,1.6214,1.62212,915,17,0
2026-05-29 15:15:00,1.62214,1.6237300000000001,1.62208,1.6233,502,17,0
2026-05-29 15:30:00,1.62334,1.6242999999999999,1.62323,1.62374,749,17,0
2026-05-29 15:45:00,1.62371,1.62418,1.6234,1.62416,447,17,0
2026-05-29 16:00:00,1.62413,1.62422,1.62318,1.6235300000000001,354,17,0
2026-05-29 16:15:00,1.62355,1.6236899999999999,1.6231200000000001,1.6235300000000001,297,17,0
2026-05-29 16:30:00,1.62351,1.62359,1.6230799999999999,1.62325,366,17,0
2026-05-29 16:45:00,1.62327,1.6238000000000001,1.62327,1.62357,252,17,0
2026-05-29 17:00:00,1.62356,1.6238000000000001,1.62344,1.6234600000000001,219,17,0
2026-05-29 17:15:00,1.62345,1.6236899999999999,1.62334,1.6234899999999999,268,17,0
2026-05-29 17:30:00,1.6235,1.62361,1.62334,1.62336,216,17,0
2026-05-29 17:45:00,1.62338,1.62386,1.6232199999999999,1.62372,214,17,0
2026-05-29 18:00:00,1.6237300000000001,1.62385,1.62317,1.62348,218,17,0
2026-05-29 18:15:00,1.6234600000000001,1.62361,1.62334,1.6235300000000001,199,17,0
2026-05-29 18:30:00,1.6234899999999999,1.62359,1.62323,1.6234600000000001,172,17,0
2026-05-29 18:45:00,1.62344,1.6239400000000002,1.62344,1.6239,321,17,0
2026-05-29 19:00:00,1.62393,1.6241400000000001,1.6235,1.6235300000000001,187,17,0
2026-05-29 19:15:00,1.62356,1.6236899999999999,1.62334,1.6234,156,17,0
2026-05-29 19:30:00,1.62338,1.62341,1.62293,1.62293,146,17,0
2026-05-29 19:45:00,1.62294,1.62302,1.62266,1.62294,279,17,0
2026-05-29 20:00:00,1.62291,1.62318,1.62269,1.62317,184,17,0
2026-05-29 20:15:00,1.62318,1.6233499999999998,1.623,1.6231499999999999,115,17,0
2026-05-29 20:30:00,1.62317,1.6233,1.62297,1.6229900000000002,149,17,0
2026-05-29 20:45:00,1.62297,1.6234,1.62255,1.62329,327,17,0
2026-05-31 21:00:00,1.62401,1.62463,1.62379,1.62458,52,142,0
2026-05-31 21:15:00,1.62438,1.62478,1.6241400000000001,1.6244800000000001,119,112,0
2026-05-31 21:30:00,1.62446,1.62478,1.6213899999999999,1.6213899999999999,156,118,0
2026-05-31 21:45:00,1.6214300000000001,1.6241400000000001,1.62096,1.6241400000000001,151,94,0
2026-05-31 22:00:00,1.62433,1.6245,1.62271,1.62372,339,17,0
2026-05-31 22:15:00,1.6237,1.6237599999999999,1.6234600000000001,1.6236000000000002,148,17,0
2026-05-31 22:30:00,1.62355,1.62358,1.62306,1.62321,144,17,0
2026-05-31 22:45:00,1.6231200000000001,1.62332,1.623,1.62332,79,17,0
2026-05-31 23:00:00,1.6232799999999998,1.62339,1.62252,1.62255,149,17,0
2026-05-31 23:15:00,1.62252,1.6228099999999999,1.62244,1.62266,100,17,0
2026-05-31 23:30:00,1.62264,1.62266,1.62232,1.6225,130,17,0
2026-05-31 23:45:00,1.62248,1.6225800000000001,1.62173,1.62221,300,17,0
2026-06-01 00:00:00,1.62222,1.6227399999999998,1.62202,1.62202,371,17,0
2026-06-01 00:15:00,1.62205,1.6223,1.6216,1.62194,411,17,0
2026-06-01 00:30:00,1.62192,1.62222,1.62183,1.62201,247,17,0
2026-06-01 00:45:00,1.62199,1.62203,1.62099,1.62128,285,17,0
2026-06-01 01:00:00,1.62127,1.62131,1.62066,1.62107,279,17,0
2026-06-01 01:15:00,1.62106,1.6212,1.62076,1.6208900000000002,231,17,0
2026-06-01 01:30:00,1.62092,1.62096,1.62035,1.62053,263,17,0
2026-06-01 01:45:00,1.6205500000000002,1.6207,1.62026,1.6205500000000002,253,17,0
2026-06-01 02:00:00,1.6205699999999998,1.62063,1.62008,1.62053,281,17,0
2026-06-01 02:15:00,1.62049,1.6206,1.6201400000000001,1.62015,189,17,0
2026-06-01 02:30:00,1.62013,1.62108,1.62013,1.62103,337,17,0
2026-06-01 02:45:00,1.62101,1.6211,1.62077,1.6209799999999999,187,17,0
2026-06-01 03:00:00,1.62096,1.62157,1.62083,1.62153,199,17,0
2026-06-01 03:15:00,1.62151,1.62245,1.62119,1.62122,369,17,0
2026-06-01 03:30:00,1.6212,1.62174,1.62087,1.62168,223,17,0
2026-06-01 03:45:00,1.6216599999999999,1.62172,1.62135,1.62158,123,17,0
2026-06-01 04:00:00,1.62157,1.62157,1.621,1.62104,138,17,0
2026-06-01 04:15:00,1.62103,1.62115,1.6209099999999999,1.62106,91,17,0
2026-06-01 04:30:00,1.62104,1.6210900000000001,1.62088,1.62096,91,17,0
2026-06-01 04:45:00,1.6209799999999999,1.6212,1.62094,1.621,143,17,0
2026-06-01 05:00:00,1.62097,1.6214,1.6208200000000001,1.6212,258,17,0
2026-06-01 05:15:00,1.6211799999999998,1.6212499999999999,1.6209500000000001,1.62124,166,17,0
2026-06-01 05:30:00,1.6212499999999999,1.62126,1.62097,1.62104,189,17,0
2026-06-01 05:45:00,1.6210499999999999,1.62119,1.62077,1.62113,245,17,0
2026-06-01 06:00:00,1.6211600000000002,1.6217000000000001,1.62083,1.6217000000000001,269,17,0
2026-06-01 06:15:00,1.62168,1.6225,1.6216300000000001,1.6223999999999998,224,17,0
2026-06-01 06:30:00,1.62243,1.62331,1.62241,1.62309,258,17,0
2026-06-01 06:45:00,1.6231200000000001,1.62406,1.62276,1.62406,357,17,0
2026-06-01 07:00:00,1.6240299999999999,1.62415,1.6228799999999999,1.62323,427,17,0
2026-06-01 07:15:00,1.6232199999999999,1.62351,1.62293,1.62302,298,17,0
2026-06-01 07:30:00,1.623,1.6235300000000001,1.62249,1.62331,354,17,0
2026-06-01 07:45:00,1.6233,1.62392,1.62317,1.62347,266,17,0
2026-06-01 08:00:00,1.62345,1.62363,1.62289,1.62336,296,17,0
2026-06-01 08:15:00,1.62338,1.62371,1.6229900000000002,1.62323,246,17,0
2026-06-01 08:30:00,1.62325,1.62351,1.6229900000000002,1.62338,212,17,0
2026-06-01 08:45:00,1.62336,1.6236000000000002,1.62255,1.62264,245,17,0
2026-06-01 09:00:00,1.62262,1.6228799999999999,1.62209,1.62252,344,17,0
2026-06-01 09:15:00,1.6225,1.62295,1.62221,1.62291,274,17,0
2026-06-01 09:30:00,1.62289,1.6230099999999998,1.62242,1.62259,265,17,0
2026-06-01 09:45:00,1.6226099999999999,1.6232199999999999,1.6226099999999999,1.6228500000000001,270,17,0
2026-06-01 10:00:00,1.62282,1.62311,1.62268,1.62298,213,17,0
2026-06-01 10:15:00,1.623,1.62345,1.62293,1.62332,215,17,0
2026-06-01 10:30:00,1.6233,1.62354,1.6230799999999999,1.6233,211,17,0
2026-06-01 10:45:00,1.62331,1.6233499999999998,1.62287,1.6229900000000002,160,17,0
2026-06-01 11:00:00,1.62302,1.62325,1.6227,1.62296,239,17,0
2026-06-01 11:15:00,1.62294,1.62303,1.62252,1.62276,201,17,0
2026-06-01 11:30:00,1.62279,1.6234899999999999,1.62253,1.6233300000000002,228,17,0
2026-06-01 11:45:00,1.62331,1.6236199999999998,1.6231499999999999,1.62356,196,17,0
2026-06-01 12:00:00,1.6235300000000001,1.6239599999999998,1.62334,1.6239400000000002,236,17,0
2026-06-01 12:15:00,1.62392,1.6240999999999999,1.62372,1.62388,275,17,0
2026-06-01 12:30:00,1.6239,1.6245699999999998,1.62382,1.62413,315,17,0
2026-06-01 12:45:00,1.6240999999999999,1.62452,1.62408,1.6244399999999999,295,17,0
2026-06-01 13:00:00,1.62442,1.6274600000000001,1.62424,1.6270099999999998,1018,17,0
2026-06-01 13:15:00,1.62704,1.62764,1.62585,1.62695,1115,17,0
2026-06-01 13:30:00,1.6269200000000001,1.62709,1.6256,1.62629,936,17,0
2026-06-01 13:45:00,1.6262699999999999,1.62705,1.6258,1.62628,784,17,0
2026-06-01 14:00:00,1.62625,1.62705,1.6257000000000001,1.6265100000000001,833,17,0
2026-06-01 14:15:00,1.62653,1.62724,1.62594,1.62621,631,17,0
2026-06-01 14:30:00,1.62623,1.62686,1.6261100000000002,1.62668,547,17,0
2026-06-01 14:45:00,1.62666,1.62717,1.6264699999999999,1.62668,520,17,0
2026-06-01 15:00:00,1.6267,1.62671,1.62526,1.62534,554,17,0
2026-06-01 15:15:00,1.62531,1.62533,1.6248399999999998,1.62487,335,17,0
2026-06-01 15:30:00,1.62489,1.62492,1.6239599999999998,1.6245699999999998,785,17,0
2026-06-01 15:45:00,1.62454,1.6255600000000001,1.62454,1.6250200000000001,350,17,0
2026-06-01 16:00:00,1.62504,1.62522,1.62443,1.62513,312,17,0
2026-06-01 16:15:00,1.62515,1.6252,1.62454,1.6245699999999998,263,17,0
2026-06-01 16:30:00,1.62453,1.62513,1.6244100000000001,1.62477,310,17,0
2026-06-01 16:45:00,1.6247500000000001,1.62479,1.62371,1.6240999999999999,398,17,0
2026-06-01 17:00:00,1.62408,1.62426,1.62393,1.62415,275,17,0
2026-06-01 17:15:00,1.6241400000000001,1.6242100000000002,1.62306,1.62306,258,17,0
2026-06-01 17:30:00,1.62303,1.62351,1.62262,1.62314,477,17,0
2026-06-01 17:45:00,1.6231200000000001,1.62337,1.62302,1.6233,233,17,0
2026-06-01 18:00:00,1.62334,1.62374,1.6233300000000002,1.62371,153,17,0
2026-06-01 18:15:00,1.6237,1.62381,1.6236199999999998,1.6237599999999999,100,17,0
2026-06-01 18:30:00,1.62375,1.624,1.62375,1.62384,114,17,0
2026-06-01 18:45:00,1.62382,1.62402,1.62378,1.6238899999999998,137,17,0
2026-06-01 19:00:00,1.6238700000000001,1.6240999999999999,1.62385,1.6239,135,17,0
2026-06-01 19:15:00,1.62391,1.62397,1.6238000000000001,1.62393,109,17,0
2026-06-01 19:30:00,1.6239400000000002,1.62408,1.62379,1.62392,101,17,0
2026-06-01 19:45:00,1.62391,1.62415,1.6237599999999999,1.62406,225,17,0
2026-06-01 20:00:00,1.62405,1.62428,1.62401,1.6242,138,17,0
2026-06-01 20:15:00,1.62422,1.6244800000000001,1.62422,1.6244800000000001,81,17,0
2026-06-01 20:30:00,1.6245,1.6245,1.62418,1.62429,82,17,0
2026-06-01 20:45:00,1.62431,1.62445,1.62426,1.62429,134,16,0
2026-06-01 21:00:00,1.62425,1.62425,1.62101,1.62198,182,42,0
2026-06-01 21:15:00,1.6219999999999999,1.6228,1.6219999999999999,1.62271,170,230,0
2026-06-01 21:30:00,1.62273,1.62306,1.62273,1.62296,169,194,0
2026-06-01 21:45:00,1.62296,1.62374,1.62276,1.62305,171,40,0
2026-06-01 22:00:00,1.6235,1.62452,1.6232199999999999,1.6242999999999999,146,25,0
2026-06-01 22:15:00,1.62428,1.62462,1.62426,1.62456,77,25,0
2026-06-01 22:30:00,1.6245699999999998,1.6245699999999998,1.6242999999999999,1.6245500000000002,66,25,0
2026-06-01 22:45:00,1.6245699999999998,1.6246399999999999,1.6244,1.6244,52,25,0
2026-06-01 23:00:00,1.62442,1.6245699999999998,1.62432,1.62435,53,17,0
2026-06-01 23:15:00,1.62439,1.6245,1.62433,1.62433,41,17,0
2026-06-01 23:30:00,1.6242999999999999,1.62452,1.62385,1.62391,137,17,0
2026-06-01 23:45:00,1.62393,1.62449,1.6239,1.62397,125,17,0
2026-06-02 00:00:00,1.62399,1.62474,1.62378,1.62397,408,17,0
2026-06-02 00:15:00,1.624,1.6242999999999999,1.62382,1.62405,236,17,0
2026-06-02 00:30:00,1.62406,1.62442,1.6236000000000002,1.62439,240,17,0
2026-06-02 00:45:00,1.6244100000000001,1.6248200000000002,1.62372,1.62462,356,17,0
2026-06-02 01:00:00,1.62459,1.6249799999999999,1.6234600000000001,1.6236000000000002,388,17,0
2026-06-02 01:15:00,1.62363,1.624,1.62359,1.62366,328,17,0
2026-06-02 01:30:00,1.62368,1.6244399999999999,1.6232799999999998,1.6244399999999999,367,17,0
2026-06-02 01:45:00,1.62447,1.6258,1.62447,1.62555,445,17,0
2026-06-02 02:00:00,1.62553,1.6257899999999998,1.6251799999999998,1.62531,349,17,0
2026-06-02 02:15:00,1.62534,1.62537,1.62461,1.62473,242,17,0
2026-06-02 02:30:00,1.6247,1.62492,1.6245,1.62476,178,17,0
2026-06-02 02:45:00,1.62479,1.625,1.62446,1.6246800000000001,189,17,0
2026-06-02 03:00:00,1.62469,1.62531,1.6245500000000002,1.62519,235,17,0
2026-06-02 03:15:00,1.62517,1.62569,1.6249,1.62551,280,17,0
2026-06-02 03:30:00,1.62549,1.6256300000000001,1.62514,1.62558,221,17,0
2026-06-02 03:45:00,1.6256,1.62569,1.6248399999999998,1.6248399999999998,217,17,0
2026-06-02 04:00:00,1.62486,1.62524,1.62467,1.62514,192,17,0
2026-06-02 04:15:00,1.62513,1.62517,1.62485,1.62513,166,17,0
2026-06-02 04:30:00,1.62515,1.62548,1.62512,1.62523,125,17,0
2026-06-02 04:45:00,1.6252499999999999,1.6252499999999999,1.62472,1.62478,156,17,0
2026-06-02 05:00:00,1.62476,1.62499,1.62443,1.62456,194,17,0
2026-06-02 05:15:00,1.6245500000000002,1.6248,1.62416,1.6242,211,17,0
2026-06-02 05:30:00,1.62418,1.62454,1.62401,1.62453,234,17,0
2026-06-02 05:45:00,1.62451,1.6249,1.62447,1.62486,198,17,0
2026-06-02 06:00:00,1.62487,1.62487,1.62422,1.62443,325,17,0
2026-06-02 06:15:00,1.6244399999999999,1.62462,1.62417,1.62419,295,17,0
2026-06-02 06:30:00,1.6242100000000002,1.6242100000000002,1.62289,1.6233300000000002,394,17,0
2026-06-02 06:45:00,1.62336,1.6234,1.62282,1.62311,289,17,0
2026-06-02 07:00:00,1.62309,1.62313,1.62168,1.62173,398,17,0
2026-06-02 07:15:00,1.62171,1.62221,1.6214,1.62216,326,17,0
2026-06-02 07:30:00,1.62214,1.62221,1.6215199999999999,1.62174,256,17,0
2026-06-02 07:45:00,1.62173,1.6221299999999998,1.62169,1.62195,300,17,0
2026-06-02 08:00:00,1.62192,1.62195,1.62099,1.62124,352,17,0
2026-06-02 08:15:00,1.62126,1.62158,1.62107,1.6214,248,17,0
2026-06-02 08:30:00,1.62141,1.62147,1.6209500000000001,1.62144,245,17,0
2026-06-02 08:45:00,1.62142,1.62198,1.6213899999999999,1.62167,209,17,0
2026-06-02 09:00:00,1.62171,1.62208,1.62146,1.62175,274,17,0
2026-06-02 09:15:00,1.62172,1.62226,1.62164,1.6219999999999999,238,17,0
2026-06-02 09:30:00,1.6219700000000001,1.6220400000000001,1.62135,1.62135,215,17,0
2026-06-02 09:45:00,1.6213600000000001,1.62171,1.6207500000000001,1.6208399999999998,222,17,0
2026-06-02 10:00:00,1.62087,1.62123,1.62083,1.62115,265,17,0
2026-06-02 10:15:00,1.62113,1.6213,1.62096,1.6211,173,17,0
2026-06-02 10:30:00,1.62107,1.62107,1.6207799999999999,1.6209099999999999,132,17,0
2026-06-02 10:45:00,1.62092,1.62104,1.62072,1.62093,199,17,0
2026-06-02 11:00:00,1.6209099999999999,1.62149,1.6208399999999998,1.6214300000000001,219,17,0
2026-06-02 11:15:00,1.6214499999999998,1.6216,1.62115,1.62155,185,17,0
2026-06-02 11:30:00,1.62157,1.62183,1.62128,1.62167,219,17,0
2026-06-02 11:45:00,1.6217000000000001,1.62229,1.62168,1.62223,207,17,0
2026-06-02 12:00:00,1.6221999999999999,1.62242,1.6220400000000001,1.62241,250,17,0
2026-06-02 12:15:00,1.62242,1.62313,1.62236,1.62252,247,17,0
2026-06-02 12:30:00,1.6225,1.62327,1.62243,1.62309,288,17,0
2026-06-02 12:45:00,1.6231,1.62339,1.62297,1.62318,208,17,0
2026-06-02 13:00:00,1.62316,1.62344,1.62277,1.62324,378,17,0
2026-06-02 13:15:00,1.62323,1.6237300000000001,1.6231200000000001,1.62332,328,17,0
2026-06-02 13:30:00,1.62329,1.62338,1.6224699999999999,1.62275,431,17,0
2026-06-02 13:45:00,1.6227800000000001,1.62298,1.62239,1.6226099999999999,344,17,0
2026-06-02 14:00:00,1.62256,1.62303,1.62185,1.6221100000000002,495,17,0
2026-06-02 14:15:00,1.6221,1.62269,1.6219700000000001,1.62257,341,17,0
2026-06-02 14:30:00,1.62255,1.62262,1.62119,1.6214300000000001,432,17,0
2026-06-02 14:45:00,1.62141,1.62167,1.6204100000000001,1.6205,409,17,0
2026-06-02 15:00:00,1.6204800000000001,1.6207500000000001,1.6202800000000002,1.62054,315,17,0
2026-06-02 15:15:00,1.6205500000000002,1.62062,1.61958,1.61966,317,17,0
2026-06-02 15:30:00,1.6196700000000002,1.62006,1.6194600000000001,1.62004,298,17,0
2026-06-02 15:45:00,1.62002,1.62015,1.61968,1.62005,239,17,0
2026-06-02 16:00:00,1.62008,1.62008,1.61927,1.6197,267,17,0
2026-06-02 16:15:00,1.6196899999999999,1.6198700000000001,1.61943,1.6198000000000001,196,17,0
2026-06-02 16:30:00,1.61982,1.6202299999999998,1.61978,1.61997,214,17,0
2026-06-02 16:45:00,1.61998,1.62005,1.61959,1.61966,141,17,0
2026-06-02 17:00:00,1.61965,1.61997,1.61955,1.61997,187,17,0
2026-06-02 17:15:00,1.6199599999999998,1.62025,1.6197599999999999,1.61984,205,17,0
2026-06-02 17:30:00,1.61982,1.62,1.61961,1.61995,165,17,0
2026-06-02 17:45:00,1.6199400000000002,1.62018,1.61985,1.62015,143,17,0
2026-06-02 18:00:00,1.62013,1.62013,1.61954,1.61954,149,17,0
2026-06-02 18:15:00,1.6195599999999999,1.6196700000000002,1.61917,1.6193,185,17,0
2026-06-02 18:30:00,1.61931,1.61989,1.61931,1.61981,172,17,0
2026-06-02 18:45:00,1.6198299999999999,1.61998,1.61968,1.61971,114,17,0
2026-06-02 19:00:00,1.61974,1.6198700000000001,1.61961,1.6198700000000001,107,17,0
2026-06-02 19:15:00,1.61988,1.6199400000000002,1.6197300000000001,1.6199400000000002,83,17,0
2026-06-02 19:30:00,1.6199599999999998,1.62,1.61989,1.6199400000000002,70,17,0
2026-06-02 19:45:00,1.61993,1.61997,1.61955,1.61959,107,17,0
2026-06-02 20:00:00,1.61958,1.6198299999999999,1.61958,1.6198299999999999,90,17,0
2026-06-02 20:15:00,1.61985,1.61985,1.6196000000000002,1.6196899999999999,55,17,0
2026-06-02 20:30:00,1.61966,1.61977,1.61954,1.61958,75,17,0
2026-06-02 20:45:00,1.6196000000000002,1.61998,1.6195300000000001,1.61984,168,17,0
2026-06-02 21:00:00,1.61981,1.61986,1.6195599999999999,1.61975,248,34,0
2026-06-02 21:15:00,1.6197300000000001,1.6197300000000001,1.6191,1.6191499999999999,233,68,0
2026-06-02 21:30:00,1.61913,1.61982,1.6191200000000001,1.61981,145,42,0
2026-06-02 21:45:00,1.61982,1.61993,1.61889,1.61889,117,32,0
2026-06-02 22:00:00,1.61917,1.6197300000000001,1.61886,1.61968,134,25,0
2026-06-02 22:15:00,1.6196700000000002,1.61971,1.61945,1.61955,56,25,0
2026-06-02 22:30:00,1.61954,1.61972,1.61954,1.61965,41,25,0
2026-06-02 22:45:00,1.61964,1.61979,1.6195300000000001,1.61977,76,25,0
2026-06-02 23:00:00,1.6198299999999999,1.61986,1.61959,1.61986,132,17,0
2026-06-02 23:15:00,1.61985,1.6204,1.6198000000000001,1.62006,230,17,0
2026-06-02 23:30:00,1.62005,1.62039,1.61993,1.61995,188,17,0
2026-06-02 23:45:00,1.61998,1.6202100000000002,1.6199400000000002,1.62,180,17,0
2026-06-03 00:00:00,1.61997,1.6200700000000001,1.6195,1.6196899999999999,260,17,0
2026-06-03 00:15:00,1.61971,1.61981,1.61936,1.6196000000000002,159,17,0
2026-06-03 00:30:00,1.61959,1.6199,1.61955,1.6198000000000001,158,17,0
2026-06-03 00:45:00,1.61978,1.6198700000000001,1.61916,1.61928,177,17,0
2026-06-03 01:00:00,1.61931,1.62009,1.6192600000000001,1.61978,251,17,0
2026-06-03 01:15:00,1.61977,1.62,1.61947,1.61993,239,17,0
2026-06-03 01:30:00,1.6199599999999998,1.62168,1.61982,1.62019,509,17,0
2026-06-03 01:45:00,1.6202100000000002,1.6205500000000002,1.62019,1.62025,265,17,0
2026-06-03 02:00:00,1.62026,1.6204100000000001,1.61981,1.61993,193,17,0
2026-06-03 02:15:00,1.61992,1.61999,1.6196899999999999,1.61989,148,17,0
2026-06-03 02:30:00,1.61991,1.62061,1.61986,1.62059,212,17,0
2026-06-03 02:45:00,1.62061,1.62141,1.62061,1.6208,342,17,0
2026-06-03 03:00:00,1.6207799999999999,1.62111,1.62053,1.62087,213,17,0
2026-06-03 03:15:00,1.6208900000000002,1.62122,1.6207,1.62108,207,17,0
2026-06-03 03:30:00,1.6210499999999999,1.62162,1.6210200000000001,1.6211799999999998,203,17,0
2026-06-03 03:45:00,1.62121,1.6212900000000001,1.6210200000000001,1.6212499999999999,105,17,0
2026-06-03 04:00:00,1.62127,1.62127,1.62086,1.62093,118,17,0
2026-06-03 04:15:00,1.6209099999999999,1.62104,1.62062,1.6210200000000001,124,17,0
2026-06-03 04:30:00,1.621,1.62158,1.62096,1.62149,159,17,0
2026-06-03 04:45:00,1.6215000000000002,1.62184,1.6214499999999998,1.62158,161,17,0
2026-06-03 05:00:00,1.6215600000000001,1.6218599999999999,1.6211799999999998,1.62151,180,17,0
2026-06-03 05:15:00,1.6215000000000002,1.62212,1.62111,1.6219700000000001,208,17,0
2026-06-03 05:30:00,1.62198,1.62252,1.62194,1.62234,252,17,0
2026-06-03 05:45:00,1.62237,1.62237,1.6219000000000001,1.62192,229,17,0
2026-06-03 06:00:00,1.62194,1.6225800000000001,1.62158,1.62236,422,17,0
2026-06-03 06:15:00,1.62237,1.62381,1.62201,1.62314,459,17,0
2026-06-03 06:30:00,1.62311,1.6238299999999999,1.6227,1.62304,503,17,0
2026-06-03 06:45:00,1.62307,1.62327,1.62222,1.62236,364,17,0
2026-06-03 07:00:00,1.62233,1.6226099999999999,1.62135,1.6216,400,17,0
2026-06-03 07:15:00,1.62161,1.62189,1.62123,1.62189,281,17,0
2026-06-03 07:30:00,1.62187,1.6221,1.6212900000000001,1.6213899999999999,493,17,0
2026-06-03 07:45:00,1.6214300000000001,1.62149,1.6210200000000001,1.6210499999999999,267,17,0
2026-06-03 08:00:00,1.62103,1.62138,1.62063,1.62077,359,17,0
2026-06-03 08:15:00,1.62074,1.62147,1.62053,1.62081,329,17,0
2026-06-03 08:30:00,1.62079,1.6212,1.62053,1.6211600000000002,410,17,0
2026-06-03 08:45:00,1.62117,1.6213899999999999,1.62059,1.62099,305,17,0
2026-06-03 09:00:00,1.62097,1.62113,1.62038,1.6205,278,17,0
2026-06-03 09:15:00,1.62052,1.621,1.62036,1.62079,242,17,0
2026-06-03 09:30:00,1.62077,1.62103,1.62038,1.62074,237,17,0
2026-06-03 09:45:00,1.62077,1.62128,1.62032,1.6211,293,17,0
2026-06-03 10:00:00,1.62113,1.62123,1.61909,1.6198000000000001,654,17,0
2026-06-03 10:15:00,1.6198299999999999,1.6202299999999998,1.61952,1.62005,304,17,0
2026-06-03 10:30:00,1.62004,1.6208399999999998,1.6196899999999999,1.6207500000000001,230,17,0
2026-06-03 10:45:00,1.62077,1.62077,1.6202,1.62043,206,17,0
2026-06-03 11:00:00,1.6204399999999999,1.62066,1.62009,1.62047,244,17,0
2026-06-03 11:15:00,1.62049,1.62085,1.62036,1.6208,179,17,0
2026-06-03 11:30:00,1.62081,1.62133,1.62069,1.62115,202,17,0
2026-06-03 11:45:00,1.62117,1.6214300000000001,1.6209,1.6212,262,17,0
2026-06-03 12:00:00,1.62122,1.62178,1.621,1.6211799999999998,357,17,0
2026-06-03 12:15:00,1.62121,1.62153,1.62094,1.62112,329,17,0
2026-06-03 12:30:00,1.62111,1.6219299999999999,1.62097,1.62175,446,17,0
2026-06-03 12:45:00,1.6217700000000002,1.6219299999999999,1.62137,1.62169,354,17,0
2026-06-03 13:00:00,1.6217000000000001,1.62219,1.6215000000000002,1.62201,433,17,0
2026-06-03 13:15:00,1.62203,1.62343,1.62203,1.62318,406,17,0
2026-06-03 13:30:00,1.6231499999999999,1.62419,1.6231200000000001,1.62419,576,17,0
2026-06-03 13:45:00,1.6242,1.62517,1.62401,1.62477,808,17,0
2026-06-03 14:00:00,1.6247099999999999,1.6250200000000001,1.6236199999999998,1.62372,681,17,0
2026-06-03 14:15:00,1.62374,1.62411,1.6234,1.62372,540,17,0
2026-06-03 14:30:00,1.62374,1.62385,1.62303,1.62327,429,17,0
2026-06-03 14:45:00,1.6232600000000001,1.62472,1.62296,1.62462,591,17,0
2026-06-03 15:00:00,1.6246399999999999,1.62534,1.6243400000000001,1.62523,480,17,0
2026-06-03 15:15:00,1.62526,1.62551,1.62446,1.6249,491,17,0
2026-06-03 15:30:00,1.62492,1.62569,1.62486,1.62551,375,17,0
2026-06-03 15:45:00,1.62553,1.6260400000000002,1.6253199999999999,1.62564,300,17,0
2026-06-03 16:00:00,1.62565,1.62609,1.6254300000000002,1.62547,334,17,0
2026-06-03 16:15:00,1.6255,1.62584,1.62539,1.62571,279,17,0
2026-06-03 16:30:00,1.62573,1.62599,1.6253199999999999,1.62594,265,17,0
2026-06-03 16:45:00,1.62595,1.62635,1.62565,1.62565,284,17,0
2026-06-03 17:00:00,1.6256599999999999,1.62607,1.62537,1.62605,291,17,0
2026-06-03 17:15:00,1.6260400000000002,1.6263999999999998,1.6260400000000002,1.6263100000000001,172,17,0
2026-06-03 17:30:00,1.62629,1.6265,1.62608,1.62616,179,17,0
2026-06-03 17:45:00,1.62615,1.62621,1.6259000000000001,1.6260599999999998,183,17,0
2026-06-03 18:00:00,1.6260400000000002,1.62632,1.62589,1.6262699999999999,168,17,0
2026-06-03 18:15:00,1.62628,1.62632,1.62607,1.62623,140,17,0
2026-06-03 18:30:00,1.62622,1.62642,1.62622,1.62637,123,17,0
2026-06-03 18:45:00,1.62634,1.62655,1.62622,1.62646,119,17,0
2026-06-03 19:00:00,1.62645,1.62669,1.6263999999999998,1.62662,135,17,0
2026-06-03 19:15:00,1.6265800000000001,1.6267399999999999,1.62645,1.62652,142,17,0
2026-06-03 19:30:00,1.6265399999999999,1.6266500000000002,1.62643,1.62655,97,17,0
2026-06-03 19:45:00,1.62653,1.62669,1.62649,1.62659,125,17,0
2026-06-03 20:00:00,1.62661,1.62686,1.6265399999999999,1.62668,137,17,0
2026-06-03 20:15:00,1.6267200000000002,1.62736,1.6267200000000002,1.6273499999999999,185,17,0
2026-06-03 20:30:00,1.62738,1.62738,1.62705,1.6271499999999999,104,17,0
2026-06-03 20:45:00,1.6271200000000001,1.6272799999999998,1.6269200000000001,1.62709,145,17,0
2026-06-03 21:00:00,1.62707,1.62707,1.62607,1.62608,44,38,0
2026-06-03 21:15:00,1.6260599999999998,1.62668,1.62605,1.6265399999999999,201,94,0
2026-06-03 21:30:00,1.62656,1.62671,1.62646,1.6265800000000001,131,72,0
2026-06-03 21:45:00,1.6266,1.62673,1.62626,1.6265399999999999,203,48,0
2026-06-03 22:00:00,1.6268099999999999,1.6271,1.62656,1.62669,189,25,0
2026-06-03 22:15:00,1.62671,1.6269200000000001,1.62669,1.62689,96,25,0
2026-06-03 22:30:00,1.62686,1.62705,1.62669,1.62691,80,25,0
2026-06-03 22:45:00,1.6269,1.62705,1.62592,1.62619,199,25,0
2026-06-03 23:00:00,1.62635,1.62755,1.6262699999999999,1.62752,316,17,0
2026-06-03 23:15:00,1.62751,1.62791,1.6273300000000002,1.62784,155,17,0
2026-06-03 23:30:00,1.62782,1.6284100000000001,1.6277,1.62797,145,17,0
2026-06-03 23:45:00,1.62795,1.6280000000000001,1.6272600000000002,1.6272799999999998,254,17,0
2026-06-04 00:00:00,1.6273,1.62772,1.6269900000000002,1.62713,570,17,0
2026-06-04 00:15:00,1.6271499999999999,1.62767,1.62694,1.62734,387,17,0
2026-06-04 00:30:00,1.62731,1.62786,1.62723,1.6274899999999999,300,17,0
2026-06-04 00:45:00,1.6274600000000001,1.62786,1.62741,1.62768,252,17,0
2026-06-04 01:00:00,1.62771,1.6287099999999999,1.62768,1.62799,412,17,0
2026-06-04 01:15:00,1.6280000000000001,1.62842,1.6279599999999999,1.62809,374,17,0
2026-06-04 01:30:00,1.62805,1.62805,1.6267200000000002,1.62744,452,17,0
2026-06-04 01:45:00,1.62745,1.62809,1.62718,1.62801,365,17,0
2026-06-04 02:00:00,1.62797,1.6290499999999999,1.6279599999999999,1.6290499999999999,366,17,0
2026-06-04 02:15:00,1.62908,1.6294499999999998,1.62874,1.62907,382,17,0
2026-06-04 02:30:00,1.62904,1.62946,1.62904,1.62938,283,17,0
2026-06-04 02:45:00,1.62937,1.62937,1.62854,1.62888,245,17,0
2026-06-04 03:00:00,1.6289,1.62903,1.62859,1.62881,214,17,0
2026-06-04 03:15:00,1.62885,1.6289799999999999,1.62858,1.6287099999999999,198,17,0
2026-06-04 03:30:00,1.62869,1.62869,1.6284399999999999,1.62858,175,17,0
2026-06-04 03:45:00,1.6286100000000001,1.62893,1.62819,1.62826,190,17,0
2026-06-04 04:00:00,1.62824,1.6284800000000001,1.62799,1.62824,172,17,0
2026-06-04 04:15:00,1.62822,1.6284999999999998,1.62804,1.62816,141,17,0
2026-06-04 04:30:00,1.6281400000000001,1.62827,1.62788,1.6279400000000002,181,17,0
2026-06-04 04:45:00,1.62793,1.6285699999999999,1.62793,1.62842,139,17,0
2026-06-04 05:00:00,1.62838,1.6289099999999999,1.62832,1.6286100000000001,272,17,0
2026-06-04 05:15:00,1.62862,1.62906,1.62859,1.6289,201,17,0
2026-06-04 05:30:00,1.62893,1.6291799999999999,1.62815,1.6283400000000001,278,17,0
2026-06-04 05:45:00,1.62836,1.6286399999999999,1.6281400000000001,1.62827,234,17,0
2026-06-04 06:00:00,1.62828,1.6284399999999999,1.62765,1.62838,331,17,0
2026-06-04 06:15:00,1.62836,1.62838,1.62732,1.62736,397,17,0
2026-06-04 06:30:00,1.6273900000000001,1.62759,1.62698,1.62716,347,17,0
2026-06-04 06:45:00,1.6271200000000001,1.62738,1.6269,1.6271900000000001,277,17,0
2026-06-04 07:00:00,1.62717,1.6273300000000002,1.6269,1.6270099999999998,391,17,0
2026-06-04 07:15:00,1.62703,1.62724,1.62671,1.62705,352,17,0
2026-06-04 07:30:00,1.62703,1.62767,1.62698,1.6274899999999999,359,17,0
2026-06-04 07:45:00,1.6274600000000001,1.62752,1.6271,1.62736,297,17,0
2026-06-04 08:00:00,1.6273499999999999,1.62767,1.62705,1.6274600000000001,317,17,0
2026-06-04 08:15:00,1.62747,1.62847,1.6273900000000001,1.6282999999999999,299,17,0
2026-06-04 08:30:00,1.62828,1.6286800000000001,1.62795,1.6284100000000001,304,17,0
2026-06-04 08:45:00,1.62843,1.62887,1.62842,1.6285500000000002,217,17,0
2026-06-04 09:00:00,1.62854,1.6296300000000001,1.62854,1.6295600000000001,413,17,0
2026-06-04 09:15:00,1.62957,1.62967,1.62917,1.62934,257,17,0
2026-06-04 09:30:00,1.62933,1.6295600000000001,1.62904,1.62934,291,17,0
2026-06-04 09:45:00,1.62933,1.6296300000000001,1.62914,1.6295600000000001,278,17,0
2026-06-04 10:00:00,1.6295899999999999,1.63016,1.6295899999999999,1.62984,275,17,0
2026-06-04 10:15:00,1.62985,1.63005,1.62921,1.62938,248,17,0
2026-06-04 10:30:00,1.62937,1.62998,1.6293199999999999,1.6299700000000001,225,17,0
2026-06-04 10:45:00,1.62994,1.6303299999999998,1.62965,1.63015,277,17,0
2026-06-04 11:00:00,1.63012,1.63019,1.6296,1.6301,314,17,0
2026-06-04 11:15:00,1.63008,1.63008,1.62917,1.62946,406,17,0
2026-06-04 11:30:00,1.62949,1.6299000000000001,1.62927,1.62954,327,17,0
2026-06-04 11:45:00,1.6295199999999999,1.6296300000000001,1.62885,1.6289099999999999,335,17,0
2026-06-04 12:00:00,1.62888,1.62984,1.62888,1.62947,436,17,0
2026-06-04 12:15:00,1.62949,1.62988,1.62931,1.62976,283,17,0
2026-06-04 12:30:00,1.62989,1.63021,1.62935,1.62944,390,17,0
2026-06-04 12:45:00,1.6294300000000002,1.62975,1.62923,1.62957,289,17,0
2026-06-04 13:00:00,1.6296,1.62976,1.62893,1.62917,298,17,0
2026-06-04 13:15:00,1.6292,1.6294300000000002,1.62885,1.6293199999999999,302,17,0
2026-06-04 13:30:00,1.62933,1.6295600000000001,1.62867,1.62897,504,17,0
2026-06-04 13:45:00,1.6289500000000001,1.62937,1.6287,1.62904,439,17,0
2026-06-04 14:00:00,1.62901,1.62937,1.62873,1.6289099999999999,461,17,0
2026-06-04 14:15:00,1.62892,1.62906,1.62867,1.62886,340,17,0
2026-06-04 14:30:00,1.62889,1.6299700000000001,1.62889,1.62988,394,17,0
2026-06-04 14:45:00,1.6298599999999999,1.62998,1.62888,1.62893,408,17,0
2026-06-04 15:00:00,1.6289099999999999,1.62901,1.6279599999999999,1.62801,424,17,0
2026-06-04 15:15:00,1.6280299999999999,1.6282100000000002,1.62785,1.62818,260,17,0
2026-06-04 15:30:00,1.62815,1.62859,1.62805,1.6285500000000002,297,17,0
2026-06-04 15:45:00,1.62853,1.62867,1.62812,1.6282299999999998,276,17,0
2026-06-04 16:00:00,1.62824,1.62832,1.62792,1.62824,207,17,0
2026-06-04 16:15:00,1.6282100000000002,1.62838,1.62811,1.62813,196,17,0
2026-06-04 16:30:00,1.62815,1.62842,1.62791,1.62809,212,17,0
2026-06-04 16:45:00,1.6280999999999999,1.6281400000000001,1.62782,1.62791,143,17,0
2026-06-04 17:00:00,1.62793,1.62811,1.62784,1.6278899999999998,172,17,0
2026-06-04 17:15:00,1.62788,1.6278899999999998,1.6276899999999999,1.6278000000000001,139,17,0
2026-06-04 17:30:00,1.62778,1.62778,1.62741,1.62748,147,17,0
2026-06-04 17:45:00,1.6275,1.62775,1.62748,1.62775,113,17,0
2026-06-04 18:00:00,1.6277300000000001,1.6279,1.62758,1.62777,140,17,0
2026-06-04 18:15:00,1.62778,1.62782,1.62737,1.62757,99,17,0
2026-06-04 18:30:00,1.62759,1.62767,1.62734,1.6276000000000002,140,17,0
2026-06-04 18:45:00,1.62757,1.62763,1.62745,1.62759,119,17,0
2026-06-04 19:00:00,1.62758,1.62765,1.6274600000000001,1.6276199999999998,102,17,0
2026-06-04 19:15:00,1.62761,1.6277300000000001,1.6274600000000001,1.62751,88,17,0
2026-06-04 19:30:00,1.6275300000000001,1.62754,1.6272600000000002,1.6274,85,17,0
2026-06-04 19:45:00,1.6274199999999999,1.62756,1.62727,1.6273300000000002,145,17,0
2026-06-04 20:00:00,1.6273,1.62768,1.62729,1.6275300000000001,115,17,0
2026-06-04 20:15:00,1.6275,1.62764,1.6274199999999999,1.62747,85,17,0
2026-06-04 20:30:00,1.62748,1.62763,1.6274,1.62763,69,17,0
2026-06-04 20:45:00,1.62766,1.62781,1.62756,1.62756,108,16,0
2026-06-04 21:00:00,1.62754,1.62756,1.62642,1.62642,50,34,0
2026-06-04 21:15:00,1.62639,1.62698,1.62616,1.62695,274,134,0
2026-06-04 21:30:00,1.62696,1.6273300000000002,1.62683,1.6269900000000002,188,80,0
2026-06-04 21:45:00,1.6269900000000002,1.62782,1.62698,1.62768,166,42,0
2026-06-04 22:00:00,1.62786,1.62795,1.6275300000000001,1.62761,94,25,0
2026-06-04 22:15:00,1.6276199999999998,1.62779,1.62759,1.62777,46,25,0
2026-06-04 22:30:00,1.6277599999999999,1.62777,1.62761,1.62771,43,25,0
2026-06-04 22:45:00,1.62774,1.62795,1.62759,1.6277300000000001,61,25,0
2026-06-04 23:00:00,1.62778,1.62778,1.62741,1.62752,68,17,0
2026-06-04 23:15:00,1.6275300000000001,1.62772,1.62737,1.62764,78,17,0
2026-06-04 23:30:00,1.62768,1.62791,1.62764,1.62791,62,17,0
2026-06-04 23:45:00,1.6279400000000002,1.62877,1.6279400000000002,1.62846,177,17,0
2026-06-05 00:00:00,1.62849,1.63014,1.62849,1.6298300000000001,406,17,0
2026-06-05 00:15:00,1.62981,1.63018,1.62944,1.6300599999999998,379,17,0
2026-06-05 00:30:00,1.63008,1.63008,1.6291099999999998,1.62957,296,17,0
2026-06-05 00:45:00,1.6295600000000001,1.63025,1.6294300000000002,1.63022,324,17,0
2026-06-05 01:00:00,1.63018,1.6327,1.63011,1.63249,625,17,0
2026-06-05 01:15:00,1.63245,1.6339000000000001,1.6322999999999999,1.6334,647,17,0
2026-06-05 01:30:00,1.63342,1.63344,1.6324100000000001,1.63245,485,17,0
2026-06-05 01:45:00,1.63243,1.6325699999999999,1.63111,1.63129,348,17,0
2026-06-05 02:00:00,1.63127,1.63159,1.63086,1.63103,324,17,0
2026-06-05 02:15:00,1.6310099999999998,1.6314600000000001,1.6302400000000001,1.63034,282,17,0
2026-06-05 02:30:00,1.63036,1.63084,1.62996,1.6307,318,17,0
2026-06-05 02:45:00,1.63069,1.63077,1.62946,1.62987,283,17,0
2026-06-05 03:00:00,1.62985,1.63034,1.6295,1.62973,360,17,0
2026-06-05 03:15:00,1.62971,1.6298,1.62944,1.6297899999999998,209,17,0
2026-06-05 03:30:00,1.6297700000000002,1.63042,1.6295,1.6303999999999998,249,17,0
2026-06-05 03:45:00,1.6303800000000002,1.6309200000000001,1.62998,1.6307399999999999,273,17,0
2026-06-05 04:00:00,1.63071,1.6307800000000001,1.6301,1.6303999999999998,241,17,0
2026-06-05 04:15:00,1.63037,1.63037,1.62965,1.6299700000000001,247,17,0
2026-06-05 04:30:00,1.62995,1.62996,1.6295,1.6295600000000001,253,17,0
2026-06-05 04:45:00,1.62953,1.62968,1.62924,1.62967,188,17,0
2026-06-05 05:00:00,1.62964,1.63003,1.62948,1.6299700000000001,226,17,0
2026-06-05 05:15:00,1.62998,1.63039,1.62998,1.63035,186,17,0
2026-06-05 05:30:00,1.63039,1.6306699999999998,1.63003,1.63062,264,17,0
2026-06-05 05:45:00,1.63063,1.63174,1.63063,1.6314899999999999,296,17,0
2026-06-05 06:00:00,1.6314600000000001,1.6315,1.63089,1.6314,334,17,0
2026-06-05 06:15:00,1.63141,1.63222,1.63141,1.63182,388,17,0
2026-06-05 06:30:00,1.63179,1.63185,1.63116,1.63121,356,17,0
2026-06-05 06:45:00,1.63123,1.63137,1.6308099999999999,1.6311499999999999,244,17,0
2026-06-05 07:00:00,1.63117,1.63133,1.6302699999999999,1.6309900000000002,419,17,0
2026-06-05 07:15:00,1.6310099999999998,1.63143,1.63091,1.6310799999999999,349,17,0
2026-06-05 07:30:00,1.6311,1.6311200000000001,1.6305800000000001,1.63091,327,17,0
2026-06-05 07:45:00,1.63089,1.63136,1.6306699999999998,1.63132,248,17,0
2026-06-05 08:00:00,1.63133,1.63167,1.63093,1.6316199999999998,370,17,0
2026-06-05 08:15:00,1.63164,1.63172,1.63068,1.6307,289,17,0
2026-06-05 08:30:00,1.63068,1.63089,1.63055,1.6308,218,17,0
2026-06-05 08:45:00,1.63082,1.6318700000000002,1.63082,1.63185,272,17,0
2026-06-05 09:00:00,1.63188,1.63188,1.63064,1.63086,427,17,0
2026-06-05 09:15:00,1.63083,1.63138,1.6307800000000001,1.63116,330,17,0
2026-06-05 09:30:00,1.63118,1.63122,1.63052,1.63089,264,17,0
2026-06-05 09:45:00,1.63086,1.63086,1.6302699999999999,1.63049,259,17,0
2026-06-05 10:00:00,1.6305100000000001,1.6305399999999999,1.63021,1.63034,183,17,0
2026-06-05 10:15:00,1.63037,1.63071,1.62992,1.6299700000000001,208,17,0
2026-06-05 10:30:00,1.62995,1.63049,1.6297899999999998,1.6303,256,17,0
2026-06-05 10:45:00,1.63029,1.6304400000000001,1.6298,1.6299700000000001,202,17,0
2026-06-05 11:00:00,1.63,1.63012,1.62978,1.63012,213,17,0
2026-06-05 11:15:00,1.63014,1.6301700000000001,1.6294499999999998,1.62946,262,17,0
2026-06-05 11:30:00,1.62948,1.62962,1.6292,1.62934,258,17,0
2026-06-05 11:45:00,1.62937,1.63005,1.62928,1.62994,228,17,0
2026-06-05 12:00:00,1.6299700000000001,1.6305,1.6296599999999999,1.63037,258,17,0
2026-06-05 12:15:00,1.63039,1.63076,1.63014,1.63014,351,17,0
2026-06-05 12:30:00,1.63007,1.63091,1.62915,1.62964,1276,17,0
2026-06-05 12:45:00,1.6296300000000001,1.6317,1.62892,1.63122,882,17,0
2026-06-05 13:00:00,1.63121,1.63179,1.63089,1.63144,1020,17,0
2026-06-05 13:15:00,1.6314600000000001,1.63228,1.6314600000000001,1.6318000000000001,624,17,0
2026-06-05 13:30:00,1.63183,1.6335199999999999,1.6318000000000001,1.6334499999999998,817,17,0
2026-06-05 13:45:00,1.63347,1.63459,1.63305,1.63402,889,17,0
2026-06-05 14:00:00,1.6340599999999998,1.63476,1.63375,1.63441,1105,17,0
2026-06-05 14:15:00,1.6343800000000002,1.6352799999999998,1.6337199999999998,1.6348099999999999,703,17,0
2026-06-05 14:30:00,1.6347800000000001,1.6348099999999999,1.63305,1.6331799999999999,775,17,0
2026-06-05 14:45:00,1.63316,1.63335,1.63194,1.63242,707,17,0
2026-06-05 15:00:00,1.63239,1.63286,1.63204,1.63286,551,17,0
2026-06-05 15:15:00,1.63288,1.63335,1.6327500000000001,1.63312,568,17,0
2026-06-05 15:30:00,1.63313,1.6335199999999999,1.6329099999999999,1.63306,579,17,0
2026-06-05 15:45:00,1.63304,1.63384,1.6329500000000001,1.63384,479,17,0
2026-06-05 16:00:00,1.63387,1.63469,1.63366,1.63461,674,17,0
2026-06-05 16:15:00,1.63464,1.63468,1.63422,1.63448,543,17,0
2026-06-05 16:30:00,1.6344400000000001,1.63459,1.63408,1.63449,401,17,0
2026-06-05 16:45:00,1.6345100000000001,1.63473,1.63331,1.63335,534,17,0
2026-06-05 17:00:00,1.6333199999999999,1.63392,1.63319,1.63369,474,17,0
2026-06-05 17:15:00,1.63366,1.63399,1.6332499999999999,1.6332900000000001,356,17,0
2026-06-05 17:30:00,1.63331,1.63364,1.6328200000000002,1.63361,357,17,0
2026-06-05 17:45:00,1.6335899999999999,1.63378,1.6333600000000001,1.63353,320,17,0
2026-06-05 18:00:00,1.6335,1.63504,1.63348,1.63502,348,17,0
2026-06-05 18:15:00,1.635,1.63536,1.6348099999999999,1.6352,460,17,0
2026-06-05 18:30:00,1.63522,1.6359,1.63506,1.63557,354,17,0
2026-06-05 18:45:00,1.63559,1.6362100000000002,1.63548,1.63594,460,17,0
2026-06-05 19:00:00,1.63597,1.63619,1.63561,1.63604,398,17,0
2026-06-05 19:15:00,1.63606,1.6362999999999999,1.63567,1.6356899999999999,375,17,0
2026-06-05 19:30:00,1.63567,1.6362999999999999,1.63567,1.63612,374,17,0
2026-06-05 19:45:00,1.63615,1.63619,1.6356000000000002,1.63592,349,17,0
2026-06-05 20:00:00,1.6359,1.6366399999999999,1.6358700000000002,1.63654,365,17,0
2026-06-05 20:15:00,1.6364999999999998,1.6368200000000002,1.63631,1.63673,243,17,0
2026-06-05 20:30:00,1.6367099999999999,1.63697,1.63653,1.63656,245,17,0
2026-06-05 20:45:00,1.63658,1.63662,1.63561,1.63574,440,17,0
2026-06-07 21:00:00,1.6377000000000002,1.6377199999999998,1.63708,1.6375,38,135,0
2026-06-07 21:15:00,1.6375199999999999,1.6379000000000001,1.63643,1.6379000000000001,82,137,0
2026-06-07 21:30:00,1.6377199999999998,1.63812,1.6352799999999998,1.63606,176,122,0
2026-06-07 21:45:00,1.63619,1.63742,1.63498,1.63742,164,94,0
2026-06-07 22:00:00,1.63761,1.63762,1.63521,1.63643,537,17,0
2026-06-07 22:15:00,1.6363699999999999,1.63734,1.63604,1.6372200000000001,383,17,0
2026-06-07 22:30:00,1.6372,1.6372200000000001,1.63639,1.63659,292,17,0
2026-06-07 22:45:00,1.6365699999999999,1.63734,1.63654,1.63719,301,17,0
2026-06-07 23:00:00,1.6372499999999999,1.6372499999999999,1.63633,1.63644,330,17,0
2026-06-07 23:15:00,1.63646,1.63697,1.63643,1.63665,284,17,0
2026-06-07 23:30:00,1.63666,1.63681,1.6363400000000001,1.63645,202,17,0
2026-06-07 23:45:00,1.63649,1.63662,1.63586,1.63595,362,17,0
2026-06-08 00:00:00,1.63598,1.6362,1.6357,1.63574,407,17,0
2026-06-08 00:15:00,1.6357599999999999,1.6359,1.63464,1.63493,337,17,0
2026-06-08 00:30:00,1.63491,1.63491,1.63361,1.63395,427,17,0
2026-06-08 00:45:00,1.6339299999999999,1.63428,1.63374,1.6339000000000001,478,17,0
2026-06-08 01:00:00,1.6339299999999999,1.6343999999999999,1.6332200000000001,1.63374,591,17,0
2026-06-08 01:15:00,1.63377,1.6360299999999999,1.63373,1.63568,1077,17,0
2026-06-08 01:30:00,1.63565,1.63625,1.6348500000000001,1.6350799999999999,1268,17,0
2026-06-08 01:45:00,1.63504,1.63509,1.63439,1.6347800000000001,741,17,0
2026-06-08 02:00:00,1.63475,1.63584,1.6347,1.6354899999999999,556,17,0
2026-06-08 02:15:00,1.63552,1.6359599999999999,1.63524,1.63547,457,17,0
2026-06-08 02:30:00,1.63551,1.63584,1.63514,1.6351900000000001,564,17,0
2026-06-08 02:45:00,1.63521,1.63527,1.63462,1.63495,490,17,0
2026-06-08 03:00:00,1.63491,1.6357,1.63448,1.63559,382,17,0
2026-06-08 03:15:00,1.63558,1.63605,1.63531,1.63594,396,17,0
2026-06-08 03:30:00,1.63593,1.63619,1.63561,1.6358899999999998,334,17,0
2026-06-08 03:45:00,1.6358700000000002,1.63604,1.6353499999999999,1.6357,265,17,0
2026-06-08 04:00:00,1.63568,1.6360299999999999,1.63529,1.63531,329,17,0
2026-06-08 04:15:00,1.63529,1.63568,1.6348099999999999,1.63532,276,17,0
2026-06-08 04:30:00,1.63531,1.63606,1.63517,1.63598,358,17,0
2026-06-08 04:45:00,1.63601,1.6368800000000001,1.63598,1.63676,383,17,0
2026-06-08 05:00:00,1.63673,1.63723,1.6362700000000001,1.63701,441,17,0
2026-06-08 05:15:00,1.63704,1.63727,1.63597,1.6360700000000001,517,17,0
2026-06-08 05:30:00,1.63605,1.63758,1.63605,1.6374300000000002,829,17,0
2026-06-08 05:45:00,1.63742,1.63757,1.63672,1.6368200000000002,703,17,0
2026-06-08 06:00:00,1.6368,1.63681,1.63594,1.63645,672,17,0
2026-06-08 06:15:00,1.63646,1.63646,1.63537,1.63582,495,17,0
2026-06-08 06:30:00,1.63583,1.63639,1.6355499999999998,1.63557,491,17,0
2026-06-08 06:45:00,1.63559,1.63563,1.63468,1.6349399999999998,450,17,0
2026-06-08 07:00:00,1.63496,1.63511,1.63367,1.6339000000000001,822,17,0
2026-06-08 07:15:00,1.63388,1.6340400000000002,1.63269,1.6330200000000001,608,17,0
2026-06-08 07:30:00,1.633,1.6341,1.6328200000000002,1.63368,508,17,0
2026-06-08 07:45:00,1.63369,1.63401,1.63353,1.63389,389,17,0
2026-06-08 08:00:00,1.63387,1.63405,1.63306,1.6333199999999999,541,17,0
2026-06-08 08:15:00,1.63334,1.63367,1.63285,1.63306,468,17,0
2026-06-08 08:30:00,1.6331,1.63362,1.6328399999999998,1.63362,413,17,0
2026-06-08 08:45:00,1.6335899999999999,1.6343299999999998,1.63262,1.63278,590,17,0
2026-06-08 09:00:00,1.63281,1.63314,1.63232,1.63297,492,17,0
2026-06-08 09:15:00,1.633,1.63303,1.63232,1.63303,388,17,0
2026-06-08 09:30:00,1.63304,1.63384,1.63228,1.6323699999999999,770,17,0
2026-06-08 09:45:00,1.6324100000000001,1.6328,1.63181,1.6324,485,17,0
2026-06-08 10:00:00,1.63238,1.63289,1.63222,1.63245,490,17,0
2026-06-08 10:15:00,1.63242,1.63364,1.6324,1.63304,320,17,0
2026-06-08 10:30:00,1.63305,1.63324,1.63182,1.63211,822,17,0
2026-06-08 10:45:00,1.6320999999999999,1.633,1.6320999999999999,1.6327,416,17,0
2026-06-08 11:00:00,1.63272,1.63307,1.63111,1.63111,541,17,0
2026-06-08 11:15:00,1.6310799999999999,1.63143,1.6303999999999998,1.63137,818,17,0
2026-06-08 11:30:00,1.6313499999999999,1.63171,1.63091,1.63105,428,17,0
2026-06-08 11:45:00,1.6310799999999999,1.63178,1.6309399999999998,1.6317300000000001,320,17,0
2026-06-08 12:00:00,1.6317599999999999,1.6318000000000001,1.6307800000000001,1.63144,589,17,0
2026-06-08 12:15:00,1.63147,1.63181,1.63125,1.63159,408,17,0
2026-06-08 12:30:00,1.63158,1.63197,1.63134,1.6318899999999998,387,17,0
2026-06-08 12:45:00,1.6319,1.63259,1.63177,1.63238,377,17,0
2026-06-08 13:00:00,1.63235,1.6328,1.63216,1.63274,524,17,0
2026-06-08 13:15:00,1.63276,1.63342,1.6326399999999999,1.6333600000000001,495,17,0
2026-06-08 13:30:00,1.63339,1.63484,1.63331,1.6343,865,17,0
2026-06-08 13:45:00,1.63432,1.63567,1.6342400000000001,1.63534,799,17,0
2026-06-08 14:00:00,1.63537,1.63619,1.63477,1.63594,833,17,0
2026-06-08 14:15:00,1.63597,1.63686,1.6359,1.6361599999999998,734,17,0
2026-06-08 14:30:00,1.6361400000000001,1.6362299999999999,1.63498,1.635,690,17,0
2026-06-08 14:45:00,1.6349900000000002,1.6354,1.63462,1.63516,683,17,0
2026-06-08 15:00:00,1.63517,1.63565,1.63457,1.6355499999999998,535,17,0
2026-06-08 15:15:00,1.6355300000000002,1.63602,1.63527,1.63599,545,17,0
2026-06-08 15:30:00,1.63601,1.63629,1.6355300000000002,1.63571,580,17,0
2026-06-08 15:45:00,1.6357,1.63678,1.63559,1.63651,471,17,0
2026-06-08 16:00:00,1.63655,1.6368,1.63622,1.6363699999999999,486,17,0
2026-06-08 16:15:00,1.6363400000000001,1.6367,1.63608,1.63666,393,17,0
2026-06-08 16:30:00,1.63665,1.6367099999999999,1.6361400000000001,1.63633,393,17,0
2026-06-08 16:45:00,1.63631,1.63647,1.63608,1.63639,280,17,0
2026-06-08 17:00:00,1.63642,1.6376,1.63642,1.6373199999999999,470,17,0
2026-06-08 17:15:00,1.6373600000000001,1.6375199999999999,1.63669,1.6367,402,17,0
2026-06-08 17:30:00,1.63673,1.6374900000000001,1.6367099999999999,1.63748,414,17,0
2026-06-08 17:45:00,1.63746,1.63746,1.6367,1.63673,303,17,0
2026-06-08 18:00:00,1.6367500000000001,1.6367500000000001,1.63611,1.6366100000000001,335,17,0
2026-06-08 18:15:00,1.63659,1.63669,1.63626,1.63632,275,17,0
2026-06-08 18:30:00,1.6363400000000001,1.63685,1.63609,1.6364100000000001,314,17,0
2026-06-08 18:45:00,1.6364,1.6366100000000001,1.6362299999999999,1.63629,292,17,0
2026-06-08 19:00:00,1.63632,1.637,1.63632,1.6369799999999999,290,17,0
2026-06-08 19:15:00,1.63696,1.63719,1.63665,1.63696,276,17,0
2026-06-08 19:30:00,1.63694,1.6369500000000001,1.63663,1.63686,293,17,0
2026-06-08 19:45:00,1.6368800000000001,1.63703,1.63652,1.63658,331,17,0
2026-06-08 20:00:00,1.6365699999999999,1.63674,1.63643,1.63659,165,17,0
2026-06-08 20:15:00,1.6366,1.63701,1.63653,1.63663,206,17,0
2026-06-08 20:30:00,1.6366100000000001,1.63678,1.6365699999999999,1.63673,108,17,0
2026-06-08 20:45:00,1.63676,1.63701,1.63667,1.63674,174,17,0
2026-06-08 21:00:00,1.6367500000000001,1.63676,1.6362100000000002,1.63649,205,22,0
2026-06-08 21:15:00,1.6364800000000002,1.63658,1.63636,1.63636,277,100,0
2026-06-08 21:30:00,1.63638,1.63685,1.6363400000000001,1.6363699999999999,204,88,0
2026-06-08 21:45:00,1.63636,1.63707,1.63629,1.63674,201,36,0
2026-06-08 22:00:00,1.63686,1.6375899999999999,1.6365699999999999,1.63751,212,25,0
2026-06-08 22:15:00,1.63753,1.63774,1.63739,1.63742,69,25,0
2026-06-08 22:30:00,1.6374,1.6374900000000001,1.6372,1.6372900000000001,73,25,0
2026-06-08 22:45:00,1.6373,1.63739,1.63697,1.63704,61,25,0
2026-06-08 23:00:00,1.63706,1.6371799999999999,1.6370200000000001,1.63713,78,17,0
2026-06-08 23:15:00,1.63714,1.6373199999999999,1.63697,1.6371,122,17,0
2026-06-08 23:30:00,1.63712,1.63737,1.6369,1.63724,163,17,0
2026-06-08 23:45:00,1.63726,1.63812,1.63726,1.63766,259,17,0
2026-06-09 00:00:00,1.63768,1.63871,1.63764,1.6385399999999999,628,17,0
2026-06-09 00:15:00,1.63856,1.63876,1.6378599999999999,1.63798,463,17,0
2026-06-09 00:30:00,1.63795,1.6383,1.63751,1.63773,465,17,0
2026-06-09 00:45:00,1.6377199999999998,1.6378599999999999,1.63712,1.63713,393,17,0
2026-06-09 01:00:00,1.6371,1.63731,1.63674,1.63685,517,17,0
2026-06-09 01:15:00,1.63686,1.6369799999999999,1.63571,1.6359599999999999,543,17,0
2026-06-09 01:30:00,1.63599,1.63611,1.6350099999999999,1.63502,468,17,0
2026-06-09 01:45:00,1.6349900000000002,1.6354600000000001,1.63484,1.63498,431,17,0
2026-06-09 02:00:00,1.63495,1.6352799999999998,1.63464,1.63506,373,17,0
2026-06-09 02:15:00,1.63507,1.63705,1.635,1.6362700000000001,497,17,0
2026-06-09 02:30:00,1.6362299999999999,1.6367500000000001,1.63595,1.63651,412,17,0
2026-06-09 02:45:00,1.6364800000000002,1.63728,1.63615,1.6368,355,17,0
2026-06-09 03:00:00,1.6368200000000002,1.63755,1.63656,1.63755,464,17,0
2026-06-09 03:15:00,1.63754,1.6381700000000001,1.63713,1.63781,377,17,0
2026-06-09 03:30:00,1.6378,1.63819,1.6373,1.63774,381,17,0
2026-06-09 03:45:00,1.6377199999999998,1.63819,1.6374900000000001,1.6376,319,17,0
2026-06-09 04:00:00,1.63758,1.63801,1.63708,1.63716,238,17,0
2026-06-09 04:15:00,1.63715,1.6373799999999998,1.6367500000000001,1.6367699999999998,228,17,0
2026-06-09 04:30:00,1.63679,1.63708,1.63602,1.6363400000000001,324,17,0
2026-06-09 04:45:00,1.63635,1.63654,1.63615,1.63626,262,17,0
2026-06-09 05:00:00,1.63625,1.6363400000000001,1.6356899999999999,1.63606,377,17,0
2026-06-09 05:15:00,1.63604,1.63669,1.6359599999999999,1.63669,292,17,0
2026-06-09 05:30:00,1.6366800000000001,1.6366800000000001,1.63558,1.63583,530,17,0
2026-06-09 05:45:00,1.63581,1.6360000000000001,1.6354600000000001,1.63577,431,17,0
2026-06-09 06:00:00,1.6358000000000001,1.6358700000000002,1.63427,1.63435,509,17,0
2026-06-09 06:15:00,1.6343800000000002,1.63547,1.63375,1.63524,550,17,0
2026-06-09 06:30:00,1.6352799999999998,1.63537,1.6347399999999999,1.63533,448,17,0
2026-06-09 06:45:00,1.63536,1.63606,1.63518,1.63518,446,17,0
2026-06-09 07:00:00,1.6351499999999999,1.63584,1.63482,1.6357300000000001,553,17,0
2026-06-09 07:15:00,1.63571,1.63619,1.6352799999999998,1.63585,543,17,0
2026-06-09 07:30:00,1.6358700000000002,1.63673,1.6357,1.63619,446,17,0
2026-06-09 07:45:00,1.6362100000000002,1.63653,1.63591,1.6364100000000001,366,17,0
2026-06-09 08:00:00,1.63642,1.63726,1.6356899999999999,1.6360999999999999,626,17,0
2026-06-09 08:15:00,1.63611,1.63724,1.6360700000000001,1.63724,444,17,0
2026-06-09 08:30:00,1.63726,1.63748,1.63706,1.63741,308,17,0
2026-06-09 08:45:00,1.6373799999999998,1.63829,1.63728,1.63784,306,17,0
2026-06-09 09:00:00,1.63781,1.6385,1.63765,1.6383100000000002,378,17,0
2026-06-09 09:15:00,1.63829,1.6387,1.6379000000000001,1.6387,329,17,0
2026-06-09 09:30:00,1.63869,1.63937,1.6385399999999999,1.63916,326,17,0
2026-06-09 09:45:00,1.63913,1.63978,1.63877,1.6397599999999999,279,17,0
2026-06-09 10:00:00,1.63979,1.64056,1.63913,1.63961,575,17,0
2026-06-09 10:15:00,1.63964,1.63977,1.63855,1.63862,304,17,0
2026-06-09 10:30:00,1.63859,1.63929,1.63856,1.63913,213,17,0
2026-06-09 10:45:00,1.63914,1.63927,1.6388,1.63886,239,17,0
2026-06-09 11:00:00,1.63889,1.6393900000000001,1.63853,1.63936,338,17,0
2026-06-09 11:15:00,1.63937,1.6396899999999999,1.63904,1.63963,256,17,0
2026-06-09 11:30:00,1.63959,1.63959,1.6389399999999998,1.6390799999999999,253,17,0
2026-06-09 11:45:00,1.63911,1.63918,1.63891,1.63899,264,17,0
2026-06-09 12:00:00,1.63902,1.63922,1.6388500000000001,1.63899,275,17,0
2026-06-09 12:15:00,1.6390099999999999,1.63906,1.63848,1.63883,242,17,0
2026-06-09 12:30:00,1.63886,1.6394600000000001,1.63862,1.63923,292,17,0
2026-06-09 12:45:00,1.63925,1.6396199999999999,1.63903,1.6392,262,17,0
2026-06-09 13:00:00,1.63917,1.63965,1.6389399999999998,1.6395499999999998,402,17,0
2026-06-09 13:15:00,1.6395300000000002,1.64054,1.6395300000000002,1.64029,322,17,0
2026-06-09 13:30:00,1.64026,1.6413,1.6400700000000001,1.64107,578,17,0
2026-06-09 13:45:00,1.6410900000000002,1.6411099999999998,1.63947,1.6406100000000001,785,17,0
2026-06-09 14:00:00,1.64055,1.64119,1.63974,1.6409799999999999,809,17,0
2026-06-09 14:15:00,1.641,1.6419000000000001,1.6407699999999998,1.6412,880,17,0
2026-06-09 14:30:00,1.64123,1.64295,1.6410900000000002,1.6429399999999998,951,17,0
2026-06-09 14:45:00,1.6429200000000002,1.64405,1.64202,1.64202,1069,17,0
2026-06-09 15:00:00,1.6419899999999998,1.64273,1.64151,1.6416,887,17,0
2026-06-09 15:15:00,1.64158,1.64381,1.64144,1.6436899999999999,834,17,0
2026-06-09 15:30:00,1.64371,1.64426,1.64313,1.64348,1552,17,0
2026-06-09 15:45:00,1.64345,1.64445,1.64252,1.64426,1151,17,0
2026-06-09 16:00:00,1.6442700000000001,1.64471,1.64357,1.64419,1165,17,0
2026-06-09 16:15:00,1.64422,1.645,1.64364,1.64439,1086,17,0
2026-06-09 16:30:00,1.6444299999999998,1.64591,1.64424,1.6454,1900,17,0
2026-06-09 16:45:00,1.64543,1.6455199999999999,1.64451,1.6448,1363,17,0
2026-06-09 17:00:00,1.64478,1.6448800000000001,1.64406,1.6444,1099,17,0
2026-06-09 17:15:00,1.6444299999999998,1.6447,1.64345,1.6438000000000001,930,17,0
2026-06-09 17:30:00,1.64381,1.64391,1.6427,1.64311,594,17,0
2026-06-09 17:45:00,1.64309,1.64351,1.6427100000000001,1.64284,574,17,0
2026-06-09 18:00:00,1.6428099999999999,1.643,1.6423999999999999,1.64253,545,17,0
2026-06-09 18:15:00,1.64255,1.64291,1.64215,1.64229,464,17,0
2026-06-09 18:30:00,1.64228,1.64279,1.64194,1.64277,441,17,0
2026-06-09 18:45:00,1.64276,1.64283,1.64205,1.64223,343,17,0
2026-06-09 19:00:00,1.64221,1.64298,1.64205,1.6429,302,17,0
2026-06-09 19:15:00,1.64289,1.6435,1.64287,1.64302,413,17,0
2026-06-09 19:30:00,1.6430500000000001,1.64314,1.64261,1.64284,395,17,0
2026-06-09 19:45:00,1.64282,1.64317,1.64201,1.64227,549,17,0
2026-06-09 20:00:00,1.64225,1.6425100000000001,1.64205,1.64239,326,17,0
2026-06-09 20:15:00,1.64242,1.64242,1.64225,1.64241,135,17,0
2026-06-09 20:30:00,1.64242,1.64259,1.64236,1.64249,116,17,0
2026-06-09 20:45:00,1.6424699999999999,1.6426699999999999,1.6424699999999999,1.64254,158,15,0
2026-06-09 21:00:00,1.64252,1.64255,1.64219,1.6423,109,24,0
2026-06-09 21:15:00,1.64229,1.64237,1.6414499999999999,1.64196,276,104,0
2026-06-09 21:30:00,1.64195,1.64215,1.64168,1.64193,218,180,0
2026-06-09 21:45:00,1.64194,1.64229,1.64188,1.64215,208,74,0
2026-06-09 22:00:00,1.64241,1.64284,1.6419899999999998,1.6425999999999998,222,25,0
2026-06-09 22:15:00,1.6425800000000002,1.64296,1.64241,1.6429200000000002,112,25,0
2026-06-09 22:30:00,1.64289,1.64313,1.64275,1.64313,135,25,0
2026-06-09 22:45:00,1.64309,1.64372,1.64309,1.64349,184,25,0
2026-06-09 23:00:00,1.64354,1.6436600000000001,1.6429399999999998,1.6434600000000001,162,17,0
2026-06-09 23:15:00,1.64351,1.64397,1.64338,1.64388,181,17,0
2026-06-09 23:30:00,1.64391,1.64404,1.6435499999999998,1.64359,156,17,0
2026-06-09 23:45:00,1.6436199999999999,1.6436600000000001,1.64208,1.6421299999999999,437,17,0
2026-06-10 00:00:00,1.64215,1.64272,1.6413799999999998,1.6413799999999998,724,17,0
2026-06-10 00:15:00,1.64135,1.64195,1.64113,1.64165,516,17,0
2026-06-10 00:30:00,1.64166,1.6435499999999998,1.64165,1.6432,633,17,0
2026-06-10 00:45:00,1.64324,1.64347,1.64165,1.64207,716,17,0
2026-06-10 01:00:00,1.6420400000000002,1.64264,1.642,1.64203,727,17,0
2026-06-10 01:15:00,1.6420599999999999,1.64229,1.64162,1.64203,515,17,0
2026-06-10 01:30:00,1.64205,1.6423100000000002,1.64123,1.6419000000000001,678,17,0
2026-06-10 01:45:00,1.64187,1.64226,1.6413600000000002,1.64202,707,17,0
2026-06-10 02:00:00,1.64205,1.64286,1.64191,1.64243,568,17,0
2026-06-10 02:15:00,1.64241,1.6432099999999998,1.64236,1.64248,460,17,0
2026-06-10 02:30:00,1.6424400000000001,1.6433499999999999,1.64225,1.64318,513,17,0
2026-06-10 02:45:00,1.6432,1.64404,1.64295,1.6438700000000002,408,17,0
2026-06-10 03:00:00,1.64384,1.6439599999999999,1.64322,1.6435,426,17,0
2026-06-10 03:15:00,1.64348,1.64385,1.64324,1.64385,317,17,0
2026-06-10 03:30:00,1.64386,1.6442,1.64377,1.6439,337,17,0
2026-06-10 03:45:00,1.6438899999999999,1.64391,1.64358,1.64367,334,17,0
2026-06-10 04:00:00,1.64364,1.64439,1.64361,1.6443699999999999,296,17,0
2026-06-10 04:15:00,1.6443400000000001,1.6445699999999999,1.64394,1.64446,360,17,0
2026-06-10 04:30:00,1.64444,1.6455899999999999,1.64442,1.64546,404,17,0
2026-06-10 04:45:00,1.64548,1.6455199999999999,1.6449099999999999,1.6452499999999999,400,17,0
2026-06-10 05:00:00,1.64527,1.64657,1.64527,1.6464699999999999,493,17,0
2026-06-10 05:15:00,1.64645,1.64724,1.64567,1.64571,477,17,0
2026-06-10 05:30:00,1.64568,1.6463299999999998,1.64553,1.6462599999999998,604,17,0
2026-06-10 05:45:00,1.64625,1.64656,1.64573,1.64601,503,17,0
2026-06-10 06:00:00,1.64603,1.64603,1.64481,1.6458300000000001,463,17,0
2026-06-10 06:15:00,1.64584,1.64646,1.6455,1.64616,433,17,0
2026-06-10 06:30:00,1.64619,1.64622,1.64517,1.6453,378,17,0
2026-06-10 06:45:00,1.64531,1.6457600000000001,1.6448399999999999,1.64571,386,17,0
2026-06-10 07:00:00,1.64573,1.64591,1.64544,1.64582,445,17,0
2026-06-10 07:15:00,1.64584,1.64632,1.64584,1.64628,331,17,0
2026-06-10 07:30:00,1.6463100000000002,1.64645,1.64596,1.64605,316,17,0
2026-06-10 07:45:00,1.6460599999999999,1.6463999999999999,1.64585,1.64623,317,17,0
2026-06-10 08:00:00,1.64625,1.6473499999999999,1.64619,1.64673,565,17,0
2026-06-10 08:15:00,1.6467,1.6468500000000001,1.6462599999999998,1.64657,450,17,0
2026-06-10 08:30:00,1.64654,1.6473200000000001,1.64639,1.64726,358,17,0
2026-06-10 08:45:00,1.6473,1.64806,1.6469200000000002,1.64806,514,17,0
2026-06-10 09:00:00,1.64808,1.6489099999999999,1.64808,1.64883,529,17,0
2026-06-10 09:15:00,1.64886,1.64907,1.64788,1.64829,467,17,0
2026-06-10 09:30:00,1.6482700000000001,1.6488800000000001,1.64801,1.64863,427,17,0
2026-06-10 09:45:00,1.6486399999999999,1.64892,1.64838,1.64859,278,17,0
2026-06-10 10:00:00,1.64858,1.6489500000000001,1.6484999999999999,1.6489099999999999,225,17,0
2026-06-10 10:15:00,1.64892,1.64903,1.6484299999999998,1.6486,285,17,0
2026-06-10 10:30:00,1.64863,1.64879,1.64811,1.64811,379,17,0
2026-06-10 10:45:00,1.6481400000000002,1.64821,1.6473900000000001,1.6475,342,17,0
2026-06-10 11:00:00,1.64748,1.64839,1.64716,1.6473,1232,17,0
2026-06-10 11:15:00,1.6472799999999999,1.64828,1.64727,1.64806,820,17,0
2026-06-10 11:30:00,1.6480700000000001,1.64847,1.64784,1.6482700000000001,551,17,0
2026-06-10 11:45:00,1.64829,1.64844,1.64771,1.64787,475,17,0
2026-06-10 12:00:00,1.6479,1.6480299999999999,1.64683,1.64707,517,17,0
2026-06-10 12:15:00,1.6471,1.64765,1.64665,1.64665,527,17,0
2026-06-10 12:30:00,1.64663,1.64709,1.64483,1.6465,1412,17,0
2026-06-10 12:45:00,1.64652,1.64714,1.6455600000000001,1.6469399999999998,833,17,0
2026-06-10 13:00:00,1.6469200000000002,1.64715,1.64615,1.64615,684,17,0
2026-06-10 13:15:00,1.6461299999999999,1.64676,1.6457199999999998,1.64588,537,17,0
2026-06-10 13:30:00,1.6459000000000001,1.6463,1.64451,1.64451,1122,17,0
2026-06-10 13:45:00,1.6444800000000002,1.64516,1.6444100000000001,1.6447699999999998,962,17,0
2026-06-10 14:00:00,1.64473,1.64546,1.6444100000000001,1.64476,896,17,0
2026-06-10 14:15:00,1.64474,1.64548,1.6446800000000001,1.64503,808,17,0
2026-06-10 14:30:00,1.64506,1.64558,1.6445400000000001,1.64524,697,17,0
2026-06-10 14:45:00,1.64527,1.64567,1.64481,1.6452,949,17,0
2026-06-10 15:00:00,1.6451799999999999,1.6457199999999998,1.6444299999999998,1.6455899999999999,846,17,0
2026-06-10 15:15:00,1.64561,1.64622,1.6453,1.6455199999999999,763,17,0
2026-06-10 15:30:00,1.6455,1.64595,1.64436,1.64445,784,17,0
2026-06-10 15:45:00,1.6444800000000002,1.6467399999999999,1.64439,1.6449500000000001,1781,17,0
2026-06-10 16:00:00,1.64492,1.64566,1.64471,1.64555,830,17,0
2026-06-10 16:15:00,1.64558,1.64566,1.64508,1.6452499999999999,671,17,0
2026-06-10 16:30:00,1.64524,1.64575,1.64493,1.64567,558,17,0
2026-06-10 16:45:00,1.6456499999999998,1.64639,1.6455899999999999,1.64629,548,17,0
2026-06-10 17:00:00,1.6462599999999998,1.64657,1.6454900000000001,1.64638,576,17,0
2026-06-10 17:15:00,1.64639,1.6464699999999999,1.6461000000000001,1.64619,566,17,0
2026-06-10 17:30:00,1.64616,1.64707,1.6461299999999999,1.6470099999999999,548,17,0
2026-06-10 17:45:00,1.64699,1.64702,1.64589,1.6462400000000001,850,17,0
2026-06-10 18:00:00,1.64621,1.6463299999999998,1.64569,1.6460599999999999,562,17,0
2026-06-10 18:15:00,1.64609,1.64665,1.64602,1.64648,525,17,0
2026-06-10 18:30:00,1.64646,1.64707,1.6464400000000001,1.64702,435,17,0
2026-06-10 18:45:00,1.64704,1.6479599999999999,1.64704,1.64731,467,17,0
2026-06-10 19:00:00,1.6472799999999999,1.6479599999999999,1.64702,1.6479,476,17,0
2026-06-10 19:15:00,1.64788,1.64869,1.64784,1.64847,409,17,0
2026-06-10 19:30:00,1.64849,1.64892,1.64808,1.6487699999999998,443,17,0
2026-06-10 19:45:00,1.64876,1.64899,1.64835,1.64878,446,17,0
2026-06-10 20:00:00,1.6488,1.64897,1.64865,1.6487699999999998,292,17,0
2026-06-10 20:15:00,1.6488,1.6488800000000001,1.64846,1.64851,203,17,0
2026-06-10 20:30:00,1.64853,1.64867,1.64836,1.64856,176,17,0
2026-06-10 20:45:00,1.64853,1.64906,1.64851,1.64852,328,15,0
2026-06-10 21:00:00,1.64853,1.6485400000000001,1.64757,1.64775,109,36,0
2026-06-10 21:15:00,1.64771,1.64801,1.6475300000000002,1.6480000000000001,190,102,0
2026-06-10 21:30:00,1.64802,1.6481599999999998,1.6479300000000001,1.64808,144,86,0
2026-06-10 21:45:00,1.64808,1.6485400000000001,1.64799,1.64849,139,44,0
2026-06-10 22:00:00,1.6486,1.64887,1.6483400000000001,1.64874,238,25,0
2026-06-10 22:15:00,1.64873,1.64921,1.64871,1.64901,187,25,0
2026-06-10 22:30:00,1.649,1.649,1.64876,1.64892,146,25,0
2026-06-10 22:45:00,1.6489,1.64916,1.6485699999999999,1.64907,201,25,0
2026-06-10 23:00:00,1.6491099999999999,1.64932,1.64883,1.64919,334,17,0
2026-06-10 23:15:00,1.6491799999999999,1.6494900000000001,1.64794,1.6487699999999998,877,17,0
2026-06-10 23:30:00,1.64874,1.64907,1.6482,1.64858,387,17,0
2026-06-10 23:45:00,1.64859,1.64951,1.64851,1.64926,344,17,0
2026-06-11 00:00:00,1.64923,1.65015,1.6488800000000001,1.64957,735,17,0
2026-06-11 00:15:00,1.64955,1.64955,1.64831,1.6484100000000002,926,17,0
2026-06-11 00:30:00,1.64845,1.64954,1.64845,1.64954,679,17,0
2026-06-11 00:45:00,1.64951,1.64967,1.6490200000000002,1.64934,552,17,0
2026-06-11 01:00:00,1.64931,1.64946,1.64792,1.64837,861,17,0
2026-06-11 01:15:00,1.64839,1.64869,1.64817,1.64842,556,17,0
2026-06-11 01:30:00,1.6484,1.64896,1.6484,1.6488,423,17,0
2026-06-11 01:45:00,1.6487699999999998,1.64967,1.64867,1.64876,425,17,0
2026-06-11 02:00:00,1.6487699999999998,1.64955,1.64867,1.64944,508,17,0
2026-06-11 02:15:00,1.64943,1.64954,1.64889,1.64937,363,17,0
2026-06-11 02:30:00,1.64939,1.64944,1.64881,1.64897,446,17,0
2026-06-11 02:45:00,1.64898,1.6490200000000002,1.6486399999999999,1.6489099999999999,366,17,0
2026-06-11 03:00:00,1.6489,1.64964,1.64878,1.6493,407,17,0
2026-06-11 03:15:00,1.64931,1.64937,1.64876,1.6489099999999999,365,17,0
2026-06-11 03:30:00,1.64894,1.64919,1.6486399999999999,1.64879,386,17,0
2026-06-11 03:45:00,1.64876,1.64909,1.64871,1.64878,273,17,0
2026-06-11 04:00:00,1.6487500000000002,1.64886,1.6484299999999998,1.64856,294,17,0
2026-06-11 04:15:00,1.64858,1.64897,1.64846,1.64869,302,17,0
2026-06-11 04:30:00,1.64866,1.64866,1.64777,1.64783,285,17,0
2026-06-11 04:45:00,1.64784,1.64829,1.6474600000000001,1.6476600000000001,293,17,0
2026-06-11 05:00:00,1.64765,1.64791,1.64738,1.64741,322,17,0
2026-06-11 05:15:00,1.64743,1.64788,1.6471900000000002,1.6476,313,17,0
2026-06-11 05:30:00,1.6476199999999999,1.64794,1.64745,1.64756,384,17,0
2026-06-11 05:45:00,1.6475499999999998,1.6479,1.6473900000000001,1.64785,347,17,0
2026-06-11 06:00:00,1.64788,1.64851,1.64788,1.6480700000000001,438,17,0
2026-06-11 06:15:00,1.64806,1.64831,1.64738,1.64781,360,17,0
2026-06-11 06:30:00,1.64783,1.64817,1.6473499999999999,1.64748,372,17,0
2026-06-11 06:45:00,1.6475,1.64821,1.6474600000000001,1.64818,345,17,0
2026-06-11 07:00:00,1.6482,1.64909,1.6481,1.64901,427,17,0
2026-06-11 07:15:00,1.64905,1.64928,1.6484100000000002,1.6485400000000001,417,17,0
2026-06-11 07:30:00,1.64852,1.64886,1.64837,1.64867,316,17,0
2026-06-11 07:45:00,1.64869,1.64942,1.64869,1.64896,326,17,0
2026-06-11 08:00:00,1.64898,1.64943,1.6486100000000001,1.6490399999999998,434,17,0
2026-06-11 08:15:00,1.6490200000000002,1.64948,1.64898,1.64916,330,17,0
2026-06-11 08:30:00,1.6491799999999999,1.64942,1.64876,1.6493,265,17,0
2026-06-11 08:45:00,1.64931,1.6494499999999999,1.64885,1.64899,281,17,0
2026-06-11 09:00:00,1.649,1.6491099999999999,1.64846,1.6489500000000001,335,17,0
2026-06-11 09:15:00,1.64896,1.64919,1.64859,1.64869,337,17,0
2026-06-11 09:30:00,1.6487,1.64874,1.6479599999999999,1.64813,255,17,0
2026-06-11 09:45:00,1.64815,1.64853,1.6476199999999999,1.64848,325,17,0
2026-06-11 10:00:00,1.64846,1.64846,1.64778,1.64784,336,17,0
2026-06-11 10:15:00,1.64786,1.64802,1.6474199999999999,1.6478199999999998,280,17,0
2026-06-11 10:30:00,1.64784,1.6479300000000001,1.64757,1.64779,227,17,0
2026-06-11 10:45:00,1.64776,1.6484,1.64752,1.64833,226,17,0
2026-06-11 11:00:00,1.64837,1.64943,1.64831,1.64916,319,17,0
2026-06-11 11:15:00,1.64917,1.64947,1.64912,1.64926,207,17,0
2026-06-11 11:30:00,1.64928,1.64935,1.64863,1.64876,442,17,0
2026-06-11 11:45:00,1.64879,1.64909,1.6486399999999999,1.6489099999999999,251,17,0
2026-06-11 12:00:00,1.64893,1.64921,1.64849,1.6486800000000001,339,17,0
2026-06-11 12:15:00,1.6487,1.65007,1.6486399999999999,1.6495199999999999,1196,17,0
2026-06-11 12:30:00,1.6496499999999998,1.65102,1.6493600000000002,1.65066,1048,17,0
2026-06-11 12:45:00,1.65069,1.65122,1.6501299999999999,1.6511900000000002,868,17,0
2026-06-11 13:00:00,1.65122,1.6516600000000001,1.6503299999999999,1.65064,626,17,0
2026-06-11 13:15:00,1.65061,1.65069,1.6499700000000002,1.65069,570,17,0
2026-06-11 13:30:00,1.65072,1.65075,1.64953,1.64998,997,17,0
2026-06-11 13:45:00,1.64995,1.65001,1.6491099999999999,1.6493600000000002,1175,17,0
2026-06-11 14:00:00,1.64934,1.65039,1.64906,1.65021,890,17,0
2026-06-11 14:15:00,1.65023,1.6505,1.6491,1.64939,774,17,0
2026-06-11 14:30:00,1.6493600000000002,1.64942,1.64784,1.64848,826,17,0
2026-06-11 14:45:00,1.64846,1.64899,1.64801,1.64893,908,17,0
2026-06-11 15:00:00,1.6489500000000001,1.6491799999999999,1.6467,1.64726,1006,17,0
2026-06-11 15:15:00,1.64729,1.64752,1.64655,1.64738,772,17,0
2026-06-11 15:30:00,1.64741,1.64751,1.6459000000000001,1.64639,760,17,0
2026-06-11 15:45:00,1.64636,1.64663,1.64603,1.6463100000000002,575,17,0
2026-06-11 16:00:00,1.64628,1.64629,1.64527,1.6453799999999998,548,17,0
2026-06-11 16:15:00,1.64535,1.64615,1.6451500000000001,1.64611,500,17,0
2026-06-11 16:30:00,1.6461000000000001,1.6461999999999999,1.64526,1.64578,496,17,0
2026-06-11 16:45:00,1.6457600000000001,1.64682,1.64561,1.64679,431,17,0
2026-06-11 17:00:00,1.64676,1.6470099999999999,1.64608,1.6463299999999998,556,17,0
2026-06-11 17:15:00,1.64636,1.6467800000000001,1.64501,1.6451500000000001,871,17,0
2026-06-11 17:30:00,1.6451799999999999,1.64537,1.6434199999999999,1.6441599999999998,2562,17,0
2026-06-11 17:45:00,1.64419,1.6442999999999999,1.6433900000000001,1.64384,1142,17,0
2026-06-11 18:00:00,1.64385,1.64503,1.64377,1.6446100000000001,984,17,0
2026-06-11 18:15:00,1.64459,1.64472,1.64347,1.6440700000000001,940,17,0
2026-06-11 18:30:00,1.64405,1.64453,1.64372,1.64372,551,17,0
2026-06-11 18:45:00,1.64374,1.64425,1.64345,1.6442,572,17,0
2026-06-11 19:00:00,1.6442299999999999,1.64426,1.6429200000000002,1.6432099999999998,755,17,0
2026-06-11 19:15:00,1.64318,1.6436,1.64288,1.64344,530,17,0
2026-06-11 19:30:00,1.6434199999999999,1.64345,1.6422400000000001,1.64237,731,17,0
2026-06-11 19:45:00,1.64236,1.64282,1.64228,1.64277,506,17,0
2026-06-11 20:00:00,1.64275,1.64291,1.6421999999999999,1.64221,381,17,0
2026-06-11 20:15:00,1.6421999999999999,1.64254,1.64211,1.64249,230,17,0
2026-06-11 20:30:00,1.64252,1.64331,1.6423299999999998,1.64306,261,17,0
2026-06-11 20:45:00,1.6430799999999999,1.6435499999999998,1.64166,1.6419000000000001,411,15,0
2026-06-11 21:00:00,1.64191,1.64191,1.64105,1.64112,163,58,0
2026-06-11 21:15:00,1.6411099999999998,1.64154,1.64108,1.64154,234,212,0
2026-06-11 21:30:00,1.64153,1.64176,1.64144,1.6415,128,204,0
2026-06-11 21:45:00,1.64148,1.64223,1.64143,1.64215,250,78,0
2026-06-11 22:00:00,1.6422400000000001,1.64243,1.64132,1.6422400000000001,272,25,0
2026-06-11 22:15:00,1.64223,1.64229,1.64196,1.6419899999999998,132,25,0
2026-06-11 22:30:00,1.64198,1.64286,1.64194,1.6426500000000002,197,25,0
2026-06-11 22:45:00,1.64266,1.64275,1.64226,1.6427399999999999,191,25,0
2026-06-11 23:00:00,1.64279,1.6429,1.64254,1.64272,244,17,0
2026-06-11 23:15:00,1.64269,1.6432,1.64253,1.64303,228,17,0
2026-06-11 23:30:00,1.64306,1.64327,1.6423999999999999,1.64248,205,17,0
2026-06-11 23:45:00,1.6425100000000001,1.64263,1.6420400000000002,1.64239,280,17,0
2026-06-12 00:00:00,1.64242,1.64289,1.6423299999999998,1.64262,561,17,0
2026-06-12 00:15:00,1.6426500000000002,1.64307,1.64184,1.6419700000000002,390,17,0
2026-06-12 00:30:00,1.64194,1.64263,1.64166,1.64257,312,17,0
2026-06-12 00:45:00,1.64255,1.6430500000000001,1.64228,1.64228,398,17,0
2026-06-12 01:00:00,1.64225,1.64357,1.6421299999999999,1.64331,550,17,0
2026-06-12 01:15:00,1.64334,1.64465,1.6429200000000002,1.6444100000000001,487,17,0
2026-06-12 01:30:00,1.6444,1.6449099999999999,1.64415,1.64463,549,17,0
2026-06-12 01:45:00,1.6446100000000001,1.6446100000000001,1.64337,1.64363,365,17,0
2026-06-12 02:00:00,1.6436600000000001,1.64379,1.64304,1.6433900000000001,494,17,0
2026-06-12 02:15:00,1.64338,1.64478,1.64338,1.64465,363,17,0
2026-06-12 02:30:00,1.64467,1.6452200000000001,1.6446,1.64487,332,17,0
2026-06-12 02:45:00,1.64485,1.6449099999999999,1.64394,1.64394,260,17,0
2026-06-12 03:00:00,1.64391,1.6442299999999999,1.6438899999999999,1.64421,293,17,0
2026-06-12 03:15:00,1.6442299999999999,1.64424,1.64351,1.6440000000000001,376,17,0
2026-06-12 03:30:00,1.64398,1.64417,1.6432799999999999,1.64333,490,17,0
2026-06-12 03:45:00,1.64331,1.6438700000000002,1.64331,1.64383,287,17,0
2026-06-12 04:00:00,1.64385,1.6441400000000002,1.6432099999999998,1.6432600000000002,317,17,0
2026-06-12 04:15:00,1.6433,1.64379,1.64314,1.6431900000000002,220,17,0
2026-06-12 04:30:00,1.6431499999999999,1.64323,1.6427800000000001,1.64298,269,17,0
2026-06-12 04:45:00,1.64297,1.64354,1.64288,1.6433900000000001,277,17,0
2026-06-12 05:00:00,1.6434199999999999,1.64512,1.6433,1.64399,592,17,0
2026-06-12 05:15:00,1.64398,1.6444100000000001,1.64371,1.64438,444,17,0
2026-06-12 05:30:00,1.6444,1.6447500000000002,1.64422,1.6444100000000001,547,17,0
2026-06-12 05:45:00,1.64439,1.64533,1.64439,1.64444,464,17,0
2026-06-12 06:00:00,1.64447,1.6445400000000001,1.64306,1.6433200000000001,540,17,0
2026-06-12 06:15:00,1.6433499999999999,1.6446800000000001,1.6433499999999999,1.64426,512,17,0
2026-06-12 06:30:00,1.64424,1.6454900000000001,1.64408,1.64541,509,17,0
2026-06-12 06:45:00,1.64543,1.64566,1.6452499999999999,1.64551,428,17,0
2026-06-12 07:00:00,1.6454900000000001,1.64627,1.64517,1.64609,555,17,0
2026-06-12 07:15:00,1.64607,1.64625,1.64553,1.64587,534,17,0
2026-06-12 07:30:00,1.64584,1.64614,1.64519,1.6452499999999999,621,17,0
2026-06-12 07:45:00,1.64527,1.64557,1.6442,1.64479,790,17,0
2026-06-12 08:00:00,1.64476,1.6451799999999999,1.64442,1.6446800000000001,732,17,0
2026-06-12 08:15:00,1.64466,1.64487,1.6432600000000002,1.64439,1227,17,0
2026-06-12 08:30:00,1.6444100000000001,1.64452,1.6439,1.64436,702,17,0
2026-06-12 08:45:00,1.64435,1.6445400000000001,1.64347,1.64413,433,17,0
2026-06-12 09:00:00,1.64415,1.6442999999999999,1.64348,1.64372,467,17,0
2026-06-12 09:15:00,1.6437,1.64375,1.6425,1.64317,784,17,0
2026-06-12 09:30:00,1.6431499999999999,1.64398,1.64302,1.6439300000000001,499,17,0
2026-06-12 09:45:00,1.64395,1.64422,1.6438199999999998,1.64411,390,17,0
2026-06-12 10:00:00,1.64413,1.64426,1.64304,1.64375,499,17,0
2026-06-12 10:15:00,1.64377,1.6445699999999999,1.64361,1.6438899999999999,550,17,0
2026-06-12 10:30:00,1.64391,1.64394,1.64306,1.6433200000000001,465,17,0
2026-06-12 10:45:00,1.64333,1.6435499999999998,1.64293,1.6432600000000002,410,17,0
2026-06-12 11:00:00,1.64323,1.64439,1.6431499999999999,1.64436,376,17,0
2026-06-12 11:15:00,1.6443699999999999,1.64439,1.64374,1.64404,346,17,0
2026-06-12 11:30:00,1.64402,1.64408,1.64365,1.6436600000000001,333,17,0
2026-06-12 11:45:00,1.6437,1.64398,1.6432,1.6437300000000001,341,17,0
2026-06-12 12:00:00,1.6437599999999999,1.64419,1.64345,1.64368,505,17,0
2026-06-12 12:15:00,1.64365,1.64408,1.64359,1.6438899999999999,383,17,0
2026-06-12 12:30:00,1.64385,1.64394,1.6433499999999999,1.64352,351,17,0
2026-06-12 12:45:00,1.6435,1.64385,1.64309,1.64359,412,17,0
2026-06-12 13:00:00,1.64357,1.6436899999999999,1.6428500000000001,1.6428500000000001,414,17,0
2026-06-12 13:15:00,1.64286,1.64307,1.6423999999999999,1.6429399999999998,387,17,0
2026-06-12 13:30:00,1.6429,1.6445699999999999,1.6427399999999999,1.64455,1205,17,0
2026-06-12 13:45:00,1.64451,1.6449099999999999,1.6438899999999999,1.6439300000000001,1051,17,0
2026-06-12 14:00:00,1.6439,1.64404,1.6427,1.6431200000000001,932,17,0
2026-06-12 14:15:00,1.64311,1.64359,1.6427800000000001,1.6432099999999998,805,17,0
2026-06-12 14:30:00,1.6431900000000002,1.64364,1.6422400000000001,1.64364,845,17,0
2026-06-12 14:45:00,1.64367,1.64406,1.6411,1.64115,1186,17,0
2026-06-12 15:00:00,1.64112,1.64212,1.64093,1.64135,815,17,0
2026-06-12 15:15:00,1.64133,1.64184,1.64055,1.64096,666,17,0
2026-06-12 15:30:00,1.6409799999999999,1.64229,1.64078,1.64223,932,17,0
2026-06-12 15:45:00,1.6421999999999999,1.64255,1.64185,1.6423999999999999,695,17,0
2026-06-12 16:00:00,1.64242,1.6428,1.64128,1.64193,862,17,0
2026-06-12 16:15:00,1.64191,1.6419700000000002,1.6412,1.64158,729,17,0
2026-06-12 16:30:00,1.6415899999999999,1.6419700000000002,1.64133,1.64188,481,17,0
2026-06-12 16:45:00,1.6418599999999999,1.64194,1.64139,1.64194,399,17,0
2026-06-12 17:00:00,1.64192,1.6419700000000002,1.64121,1.64165,390,17,0
2026-06-12 17:15:00,1.64164,1.64196,1.64151,1.64178,330,17,0
2026-06-12 17:30:00,1.64176,1.64216,1.64176,1.6420400000000002,298,17,0
2026-06-12 17:45:00,1.64203,1.64222,1.64182,1.64208,263,17,0
2026-06-12 18:00:00,1.64205,1.6424400000000001,1.64188,1.64211,309,17,0
2026-06-12 18:15:00,1.6421299999999999,1.64225,1.6419700000000002,1.64201,271,17,0
2026-06-12 18:30:00,1.642,1.64214,1.64178,1.64192,244,17,0
2026-06-12 18:45:00,1.64194,1.64229,1.64194,1.64218,197,17,0
2026-06-12 19:00:00,1.64216,1.64221,1.6418300000000001,1.64194,212,17,0
2026-06-12 19:15:00,1.64196,1.6420400000000002,1.64175,1.64195,191,17,0
2026-06-12 19:30:00,1.64193,1.64209,1.64173,1.64205,264,17,0
2026-06-12 19:45:00,1.64209,1.64219,1.64112,1.6411799999999999,318,17,0
2026-06-12 20:00:00,1.64121,1.64139,1.64093,1.64128,209,17,0
2026-06-12 20:15:00,1.6412499999999999,1.6415199999999999,1.64113,1.64151,157,17,0
2026-06-12 20:30:00,1.64148,1.64173,1.64141,1.6417000000000002,163,17,0
2026-06-12 20:45:00,1.64167,1.6419700000000002,1.64154,1.64192,277,17,0
2026-06-14 21:00:00,1.6402,1.641,1.6402,1.641,46,490,0
2026-06-14 21:15:00,1.64106,1.6415199999999999,1.63855,1.63855,287,207,0
2026-06-14 21:30:00,1.6387,1.6387,1.63594,1.6360000000000001,144,580,0
2026-06-14 21:45:00,1.6362999999999999,1.63802,1.6358700000000002,1.63632,200,365,0
2026-06-14 22:00:00,1.6375899999999999,1.6396199999999999,1.6375899999999999,1.6393499999999999,701,17,0
2026-06-14 22:15:00,1.63932,1.64024,1.6390500000000001,1.64024,475,17,0
2026-06-14 22:30:00,1.64019,1.6406100000000001,1.6397599999999999,1.64036,426,17,0
2026-06-14 22:45:00,1.64038,1.64049,1.6397599999999999,1.64028,296,17,0
2026-06-14 23:00:00,1.64035,1.64082,1.64025,1.64055,294,17,0
2026-06-14 23:15:00,1.64056,1.64106,1.64052,1.64066,223,17,0
2026-06-14 23:30:00,1.64067,1.64076,1.64006,1.64019,192,17,0
2026-06-14 23:45:00,1.64015,1.64028,1.63941,1.63992,373,17,0
2026-06-15 00:00:00,1.6399599999999999,1.64021,1.63938,1.6395,526,17,0
2026-06-15 00:15:00,1.6395300000000002,1.63956,1.63826,1.63898,476,17,0
2026-06-15 00:30:00,1.639,1.6395300000000002,1.63883,1.63929,340,17,0
2026-06-15 00:45:00,1.6393,1.6410900000000002,1.6393,1.64104,413,17,0
2026-06-15 01:00:00,1.64101,1.64114,1.6400700000000001,1.64017,511,17,0
2026-06-15 01:15:00,1.64019,1.64067,1.63997,1.6400000000000001,360,17,0
2026-06-15 01:30:00,1.63998,1.64017,1.6396600000000001,1.63994,343,17,0
2026-06-15 01:45:00,1.63992,1.64002,1.6392600000000002,1.63965,350,17,0
2026-06-15 02:00:00,1.63963,1.63964,1.63897,1.6393499999999999,275,17,0
2026-06-15 02:15:00,1.6393900000000001,1.63972,1.63888,1.6389,254,17,0
2026-06-15 02:30:00,1.63888,1.6394,1.63866,1.63898,281,17,0
2026-06-15 02:45:00,1.63895,1.63911,1.63853,1.6391,187,17,0
2026-06-15 03:00:00,1.63911,1.63922,1.6386500000000002,1.6387399999999999,229,17,0
2026-06-15 03:15:00,1.63873,1.63875,1.63822,1.6385999999999998,207,17,0
2026-06-15 03:30:00,1.63864,1.63871,1.63792,1.63794,267,17,0
2026-06-15 03:45:00,1.63798,1.63869,1.6379700000000001,1.63857,195,17,0
2026-06-15 04:00:00,1.63855,1.63927,1.6385399999999999,1.6392600000000002,190,17,0
2026-06-15 04:15:00,1.63929,1.63949,1.63911,1.63943,192,17,0
2026-06-15 04:30:00,1.63945,1.63992,1.63945,1.63986,165,17,0
2026-06-15 04:45:00,1.6398700000000002,1.64006,1.6397,1.6397599999999999,166,17,0
2026-06-15 05:00:00,1.63978,1.64015,1.63956,1.63977,290,17,0
2026-06-15 05:15:00,1.63981,1.63985,1.6393,1.6394,229,17,0
2026-06-15 05:30:00,1.63943,1.64008,1.6393499999999999,1.63964,305,17,0
2026-06-15 05:45:00,1.6396600000000001,1.6406100000000001,1.63959,1.64051,257,17,0
2026-06-15 06:00:00,1.64049,1.64076,1.64022,1.64033,341,17,0
2026-06-15 06:15:00,1.64031,1.6408399999999999,1.64006,1.64066,325,17,0
2026-06-15 06:30:00,1.6406800000000001,1.6408800000000001,1.64043,1.6406399999999999,344,17,0
2026-06-15 06:45:00,1.64063,1.64086,1.64029,1.64039,246,17,0
2026-06-15 07:00:00,1.6404100000000001,1.6410200000000001,1.64006,1.6407,587,17,0
2026-06-15 07:15:00,1.64067,1.6412,1.64067,1.6412,332,17,0
2026-06-15 07:30:00,1.64121,1.6423299999999998,1.6412,1.64168,388,17,0
2026-06-15 07:45:00,1.64166,1.6419000000000001,1.64107,1.6411,337,17,0
2026-06-15 08:00:00,1.6410900000000002,1.6417199999999998,1.64097,1.64099,371,17,0
2026-06-15 08:15:00,1.64101,1.64113,1.6406,1.64082,331,17,0
2026-06-15 08:30:00,1.64085,1.64105,1.6401599999999998,1.64038,309,17,0
2026-06-15 08:45:00,1.6404100000000001,1.6409500000000001,1.64025,1.6406399999999999,318,17,0
2026-06-15 09:00:00,1.64066,1.64089,1.64025,1.64047,339,17,0
2026-06-15 09:15:00,1.6404999999999998,1.64127,1.6404800000000002,1.64114,281,17,0
2026-06-15 09:30:00,1.64116,1.64143,1.64116,1.6413799999999998,140,17,0
2026-06-15 09:45:00,1.64139,1.64142,1.6409500000000001,1.64142,190,17,0
2026-06-15 10:00:00,1.6414,1.64167,1.64133,1.64151,212,17,0
2026-06-15 10:15:00,1.64154,1.64195,1.64154,1.64168,191,17,0
2026-06-15 10:30:00,1.64171,1.64175,1.6412,1.64155,181,17,0
2026-06-15 10:45:00,1.64153,1.6416,1.6411,1.6416,187,17,0
2026-06-15 11:00:00,1.64158,1.64181,1.6414499999999999,1.6417000000000002,209,17,0
2026-06-15 11:15:00,1.64167,1.64188,1.64148,1.64162,210,17,0
2026-06-15 11:30:00,1.6415899999999999,1.64173,1.64139,1.6415899999999999,248,17,0
2026-06-15 11:45:00,1.64157,1.64194,1.64157,1.64167,212,17,0
2026-06-15 12:00:00,1.6417000000000002,1.64245,1.6415899999999999,1.6423,315,17,0
2026-06-15 12:15:00,1.6423100000000002,1.6426500000000002,1.6422400000000001,1.64257,247,17,0
2026-06-15 12:30:00,1.64254,1.64266,1.6421999999999999,1.64253,260,17,0
2026-06-15 12:45:00,1.64254,1.64295,1.64232,1.64235,345,17,0
2026-06-15 13:00:00,1.64238,1.64262,1.6423,1.64238,227,17,0
2026-06-15 13:15:00,1.64235,1.64241,1.64171,1.64175,238,17,0
2026-06-15 13:30:00,1.64176,1.6423299999999998,1.64146,1.64208,462,17,0
2026-06-15 13:45:00,1.64211,1.6421299999999999,1.64174,1.64211,404,17,0
2026-06-15 14:00:00,1.64214,1.64223,1.64143,1.64161,429,17,0
2026-06-15 14:15:00,1.6416300000000001,1.6417899999999999,1.64127,1.64154,374,17,0
2026-06-15 14:30:00,1.64151,1.64173,1.64079,1.64089,425,17,0
2026-06-15 14:45:00,1.6409099999999999,1.6409099999999999,1.63777,1.63802,813,17,0
2026-06-15 15:00:00,1.638,1.6381000000000001,1.63721,1.63769,461,17,0
2026-06-15 15:15:00,1.63771,1.6385,1.6377000000000002,1.6377899999999999,279,17,0
2026-06-15 15:30:00,1.63782,1.6385100000000001,1.6377899999999999,1.6381999999999999,382,17,0
2026-06-15 15:45:00,1.63822,1.63823,1.6379700000000001,1.63807,230,17,0
2026-06-15 16:00:00,1.63805,1.63837,1.6379000000000001,1.6383,190,17,0
2026-06-15 16:15:00,1.6383299999999998,1.63875,1.63809,1.6385,202,17,0
2026-06-15 16:30:00,1.63848,1.63875,1.63832,1.6384699999999999,205,17,0
2026-06-15 16:45:00,1.63848,1.6389399999999998,1.6383299999999998,1.63869,216,17,0
2026-06-15 17:00:00,1.63872,1.63884,1.63846,1.63863,209,17,0
2026-06-15 17:15:00,1.63864,1.63882,1.63848,1.63862,137,17,0
2026-06-15 17:30:00,1.6385999999999998,1.6393,1.6385800000000001,1.63917,193,17,0
2026-06-15 17:45:00,1.63916,1.63922,1.63883,1.63883,116,17,0
2026-06-15 18:00:00,1.6388,1.63933,1.6387800000000001,1.63931,184,17,0
2026-06-15 18:15:00,1.63929,1.63941,1.63909,1.63922,154,17,0
2026-06-15 18:30:00,1.63924,1.63948,1.6388500000000001,1.63896,225,17,0
2026-06-15 18:45:00,1.63899,1.63911,1.63879,1.63884,206,17,0
2026-06-15 19:00:00,1.6388500000000001,1.63927,1.63877,1.6392099999999998,214,17,0
2026-06-15 19:15:00,1.63922,1.6392799999999998,1.63899,1.63913,139,17,0
2026-06-15 19:30:00,1.6391499999999999,1.6391499999999999,1.6388500000000001,1.63889,140,17,0
2026-06-15 19:45:00,1.63886,1.6389200000000002,1.63838,1.63839,206,17,0
2026-06-15 20:00:00,1.63841,1.63888,1.63837,1.63888,153,17,0
2026-06-15 20:15:00,1.63887,1.63893,1.63877,1.63884,80,17,0
2026-06-15 20:30:00,1.63888,1.63907,1.63876,1.6390500000000001,98,17,0
2026-06-15 20:45:00,1.63903,1.6391900000000001,1.6389200000000002,1.639,124,15,0
2026-06-15 21:00:00,1.63898,1.63902,1.63841,1.63841,183,36,0
2026-06-15 21:15:00,1.63842,1.6385,1.6379700000000001,1.6379700000000001,167,122,0
2026-06-15 21:30:00,1.63798,1.63855,1.63766,1.63855,216,120,0
2026-06-15 21:45:00,1.63853,1.6387800000000001,1.63839,1.6385100000000001,146,72,0
2026-06-15 22:00:00,1.63883,1.63891,1.63838,1.6386699999999998,156,25,0
2026-06-15 22:15:00,1.63869,1.6392,1.6385999999999998,1.63914,90,25,0
2026-06-15 22:30:00,1.63916,1.6394600000000001,1.63898,1.6393900000000001,88,25,0
2026-06-15 22:45:00,1.6394,1.63947,1.63906,1.6391,69,25,0
2026-06-15 23:00:00,1.63914,1.63918,1.6387800000000001,1.63913,91,17,0
2026-06-15 23:15:00,1.6391200000000001,1.63923,1.639,1.63918,70,17,0
2026-06-15 23:30:00,1.6391900000000001,1.6392600000000002,1.63861,1.63861,102,17,0
2026-06-15 23:45:00,1.63859,1.6392600000000002,1.63859,1.63904,186,17,0
2026-06-16 00:00:00,1.63907,1.63949,1.639,1.63934,273,17,0
2026-06-16 00:15:00,1.63933,1.6397300000000001,1.63925,1.63968,173,17,0
2026-06-16 00:30:00,1.6396899999999999,1.63982,1.63936,1.63968,197,17,0
2026-06-16 00:45:00,1.6396600000000001,1.63985,1.63917,1.63937,234,17,0
2026-06-16 01:00:00,1.6394,1.64038,1.63909,1.64038,378,17,0
2026-06-16 01:15:00,1.64036,1.6406,1.63982,1.63991,270,17,0
2026-06-16 01:30:00,1.63993,1.6409799999999999,1.63956,1.64083,349,17,0
2026-06-16 01:45:00,1.64079,1.64092,1.64033,1.64072,265,17,0
2026-06-16 02:00:00,1.6407500000000002,1.64146,1.6406399999999999,1.64131,348,17,0
2026-06-16 02:15:00,1.64133,1.64158,1.64085,1.64093,210,17,0
2026-06-16 02:30:00,1.64094,1.64121,1.64074,1.64115,164,17,0
2026-06-16 02:45:00,1.6411799999999999,1.6412,1.64065,1.64065,159,17,0
2026-06-16 03:00:00,1.64062,1.6409,1.6406100000000001,1.64073,135,17,0
2026-06-16 03:15:00,1.6407500000000002,1.64117,1.64069,1.64071,214,17,0
2026-06-16 03:30:00,1.64072,1.64072,1.6401599999999998,1.64025,163,17,0
2026-06-16 03:45:00,1.64026,1.64074,1.64021,1.64063,153,17,0
2026-06-16 04:00:00,1.6406399999999999,1.64126,1.64063,1.6412200000000001,189,17,0
2026-06-16 04:15:00,1.64121,1.64198,1.64114,1.64143,324,17,0
2026-06-16 04:30:00,1.6414499999999999,1.64234,1.64094,1.64234,449,17,0
2026-06-16 04:45:00,1.64232,1.6430099999999999,1.64215,1.64215,300,17,0
2026-06-16 05:00:00,1.64212,1.64214,1.64161,1.64195,236,17,0
2026-06-16 05:15:00,1.64194,1.64196,1.64144,1.64151,183,17,0
2026-06-16 05:30:00,1.6414900000000001,1.64215,1.6411799999999999,1.6420400000000002,323,17,0
2026-06-16 05:45:00,1.64202,1.64365,1.6419899999999998,1.64225,589,17,0
2026-06-16 06:00:00,1.64222,1.64243,1.6416,1.64177,415,17,0
2026-06-16 06:15:00,1.64176,1.64239,1.64173,1.6422400000000001,283,17,0
2026-06-16 06:30:00,1.64222,1.6428099999999999,1.64203,1.6423,348,17,0
2026-06-16 06:45:00,1.64229,1.64263,1.64178,1.6423,398,17,0
2026-06-16 07:00:00,1.64232,1.64253,1.64151,1.6421000000000001,428,17,0
2026-06-16 07:15:00,1.64207,1.6425100000000001,1.64184,1.64189,321,17,0
2026-06-16 07:30:00,1.64192,1.64232,1.64192,1.6423,285,17,0
2026-06-16 07:45:00,1.64229,1.64237,1.64185,1.64202,267,17,0
2026-06-16 08:00:00,1.6419899999999998,1.64297,1.64194,1.64288,329,17,0
2026-06-16 08:15:00,1.64284,1.64303,1.64203,1.64219,288,17,0
2026-06-16 08:30:00,1.6421999999999999,1.64242,1.6417899999999999,1.64198,309,17,0
2026-06-16 08:45:00,1.64196,1.64202,1.6416300000000001,1.64196,254,17,0
2026-06-16 09:00:00,1.6419899999999998,1.64237,1.64185,1.64205,278,17,0
2026-06-16 09:15:00,1.64203,1.64232,1.6415199999999999,1.64164,207,17,0
2026-06-16 09:30:00,1.64166,1.64195,1.64142,1.64157,207,17,0
2026-06-16 09:45:00,1.64158,1.64167,1.6413799999999998,1.6413799999999998,181,17,0
2026-06-16 10:00:00,1.6413600000000002,1.64142,1.64096,1.64127,213,17,0
2026-06-16 10:15:00,1.6412900000000001,1.64132,1.64076,1.64108,261,17,0
2026-06-16 10:30:00,1.64107,1.64107,1.64024,1.6402999999999999,198,17,0
2026-06-16 10:45:00,1.64032,1.64063,1.6402299999999999,1.6404999999999998,223,17,0
2026-06-16 11:00:00,1.64052,1.64124,1.64044,1.64124,216,17,0
2026-06-16 11:15:00,1.6412499999999999,1.6412499999999999,1.64096,1.64096,217,17,0
2026-06-16 11:30:00,1.64094,1.6411,1.64069,1.6409099999999999,263,17,0
2026-06-16 11:45:00,1.6409,1.6409799999999999,1.64063,1.64081,224,17,0
2026-06-16 12:00:00,1.64079,1.64113,1.6406,1.64086,261,17,0
2026-06-16 12:15:00,1.64087,1.64127,1.64083,1.64092,280,17,0
2026-06-16 12:30:00,1.6409,1.6412200000000001,1.6408399999999999,1.64116,258,17,0
2026-06-16 12:45:00,1.64117,1.64117,1.6406100000000001,1.64078,283,17,0
2026-06-16 13:00:00,1.64074,1.64126,1.64043,1.64043,284,17,0
2026-06-16 13:15:00,1.64046,1.64096,1.64039,1.6406,305,17,0
2026-06-16 13:30:00,1.6406399999999999,1.6406399999999999,1.63924,1.6392600000000002,444,17,0
2026-06-16 13:45:00,1.63924,1.63924,1.63869,1.63897,371,17,0
2026-06-16 14:00:00,1.63899,1.6390099999999999,1.6381299999999999,1.63826,421,17,0
2026-06-16 14:15:00,1.63828,1.63964,1.63827,1.63964,477,17,0
2026-06-16 14:30:00,1.6396199999999999,1.64006,1.63947,1.63998,499,17,0
2026-06-16 14:45:00,1.64002,1.6401599999999998,1.63952,1.63983,510,17,0
2026-06-16 15:00:00,1.63985,1.64055,1.63971,1.63993,459,17,0
2026-06-16 15:15:00,1.63992,1.64038,1.63982,1.64009,303,17,0
2026-06-16 15:30:00,1.64011,1.64105,1.64005,1.6410200000000001,399,17,0
2026-06-16 15:45:00,1.64101,1.64166,1.64099,1.64119,453,17,0
2026-06-16 16:00:00,1.64117,1.64147,1.64103,1.64124,343,17,0
2026-06-16 16:15:00,1.6412499999999999,1.6415199999999999,1.64108,1.6413799999999998,284,17,0
2026-06-16 16:30:00,1.64141,1.64184,1.64141,1.64155,304,17,0
2026-06-16 16:45:00,1.64153,1.64174,1.6414,1.64167,220,17,0
2026-06-16 17:00:00,1.64165,1.64193,1.64143,1.64147,242,17,0
2026-06-16 17:15:00,1.64148,1.64216,1.64148,1.64198,206,17,0
2026-06-16 17:30:00,1.6419700000000002,1.6424400000000001,1.64187,1.64208,218,17,0
2026-06-16 17:45:00,1.64211,1.64214,1.6417199999999998,1.6418300000000001,166,17,0
2026-06-16 18:00:00,1.64184,1.64193,1.64154,1.64165,151,17,0
2026-06-16 18:15:00,1.64166,1.64173,1.6413600000000002,1.64141,147,17,0
2026-06-16 18:30:00,1.64139,1.6415,1.64132,1.6413799999999998,143,17,0
2026-06-16 18:45:00,1.64137,1.64168,1.64137,1.64162,143,17,0
2026-06-16 19:00:00,1.64161,1.6417899999999999,1.64148,1.64169,165,17,0
2026-06-16 19:15:00,1.64167,1.6418300000000001,1.6415899999999999,1.64164,159,17,0
2026-06-16 19:30:00,1.6416300000000001,1.64205,1.6416300000000001,1.64193,159,17,0
2026-06-16 19:45:00,1.64191,1.64264,1.64189,1.64262,263,17,0
2026-06-16 20:00:00,1.6426500000000002,1.64296,1.64262,1.64277,148,17,0
2026-06-16 20:15:00,1.64276,1.64295,1.64263,1.64272,72,17,0
2026-06-16 20:30:00,1.64275,1.64279,1.64249,1.64249,68,17,0
2026-06-16 20:45:00,1.6425100000000001,1.6427,1.64242,1.6424400000000001,104,15,0
2026-06-16 21:00:00,1.64242,1.6424400000000001,1.6421299999999999,1.64225,98,36,0
2026-06-16 21:15:00,1.64227,1.64249,1.64225,1.6424400000000001,297,56,0
2026-06-16 21:30:00,1.64243,1.64245,1.6421999999999999,1.64239,206,58,0
2026-06-16 21:45:00,1.64241,1.64266,1.64187,1.64215,168,50,0
2026-06-16 22:00:00,1.64228,1.6429399999999998,1.6415899999999999,1.64283,191,25,0
2026-06-16 22:15:00,1.6427800000000001,1.64286,1.64261,1.6428,65,25,0
2026-06-16 22:30:00,1.64279,1.64283,1.64235,1.64257,69,25,0
2026-06-16 22:45:00,1.64256,1.64263,1.64228,1.64262,49,25,0
2026-06-16 23:00:00,1.6426699999999999,1.6428500000000001,1.6426699999999999,1.6427399999999999,55,17,0
2026-06-16 23:15:00,1.64272,1.64276,1.64264,1.64269,20,17,0
2026-06-16 23:30:00,1.6427,1.64284,1.64266,1.64277,60,17,0
2026-06-16 23:45:00,1.64275,1.64333,1.64275,1.6431499999999999,179,17,0
2026-06-17 00:00:00,1.64316,1.64344,1.64287,1.64296,291,17,0
2026-06-17 00:15:00,1.6429399999999998,1.64313,1.64276,1.64302,206,17,0
2026-06-17 00:30:00,1.64303,1.6432099999999998,1.64284,1.64295,253,17,0
2026-06-17 00:45:00,1.64297,1.64317,1.6429399999999998,1.64296,161,17,0
2026-06-17 01:00:00,1.64298,1.6432,1.64238,1.64269,255,17,0
2026-06-17 01:15:00,1.64272,1.64291,1.6424699999999999,1.6428099999999999,179,17,0
2026-06-17 01:30:00,1.64283,1.64336,1.64283,1.64299,194,17,0
2026-06-17 01:45:00,1.64297,1.6431900000000002,1.64283,1.6429399999999998,143,17,0
2026-06-17 02:00:00,1.64293,1.6433200000000001,1.64279,1.64299,153,17,0
2026-06-17 02:15:00,1.643,1.64316,1.6428099999999999,1.64304,124,17,0
2026-06-17 02:30:00,1.6430500000000001,1.64363,1.64303,1.64348,156,17,0
2026-06-17 02:45:00,1.64347,1.64394,1.64344,1.6436899999999999,125,17,0
2026-06-17 03:00:00,1.64367,1.64436,1.64361,1.64436,146,17,0
2026-06-17 03:15:00,1.64439,1.6444800000000002,1.64398,1.64402,138,17,0
2026-06-17 03:30:00,1.64404,1.64404,1.6438899999999999,1.6440299999999999,108,17,0
2026-06-17 03:45:00,1.6440700000000001,1.64421,1.64395,1.64419,100,17,0
2026-06-17 04:00:00,1.64418,1.64418,1.6438899999999999,1.64392,104,17,0
2026-06-17 04:15:00,1.64394,1.64421,1.64381,1.64417,103,17,0
2026-06-17 04:30:00,1.64418,1.6444100000000001,1.6440000000000001,1.64436,115,17,0
2026-06-17 04:45:00,1.6443400000000001,1.6445400000000001,1.64419,1.6444800000000002,178,17,0
2026-06-17 05:00:00,1.64447,1.64466,1.64405,1.64455,137,17,0
2026-06-17 05:15:00,1.64452,1.64458,1.64429,1.6444999999999999,120,17,0
2026-06-17 05:30:00,1.6444800000000002,1.6449099999999999,1.6444100000000001,1.64479,145,17,0
2026-06-17 05:45:00,1.64481,1.6451,1.64467,1.64497,211,17,0
2026-06-17 06:00:00,1.64494,1.64526,1.6447699999999998,1.6450200000000001,298,17,0
2026-06-17 06:15:00,1.64501,1.6452,1.64473,1.64514,195,17,0
2026-06-17 06:30:00,1.64517,1.64521,1.64422,1.64422,216,17,0
2026-06-17 06:45:00,1.6442,1.64476,1.64412,1.64459,207,17,0
2026-06-17 07:00:00,1.64456,1.64532,1.64453,1.6449500000000001,277,17,0
2026-06-17 07:15:00,1.64493,1.64493,1.64386,1.64386,330,17,0
2026-06-17 07:30:00,1.64384,1.64394,1.64317,1.6432,300,17,0
2026-06-17 07:45:00,1.6432099999999998,1.6434,1.64291,1.6430799999999999,277,17,0
2026-06-17 08:00:00,1.64311,1.6436,1.6429200000000002,1.6433200000000001,310,17,0
2026-06-17 08:15:00,1.6433,1.6436,1.6432,1.64322,279,17,0
2026-06-17 08:30:00,1.64324,1.6435,1.6430500000000001,1.64345,278,17,0
2026-06-17 08:45:00,1.64343,1.64343,1.6428,1.64296,250,17,0
2026-06-17 09:00:00,1.64295,1.64311,1.6426500000000002,1.64309,185,17,0
2026-06-17 09:15:00,1.64307,1.64313,1.6427,1.6428,204,17,0
2026-06-17 09:30:00,1.6428099999999999,1.6430500000000001,1.64276,1.64299,153,17,0
2026-06-17 09:45:00,1.64296,1.6431200000000001,1.64282,1.64309,183,17,0
2026-06-17 10:00:00,1.64307,1.64368,1.64298,1.64359,219,17,0
2026-06-17 10:15:00,1.64357,1.64364,1.6429399999999998,1.6430799999999999,194,17,0
2026-06-17 10:30:00,1.6430500000000001,1.6434,1.64302,1.6433200000000001,159,17,0
2026-06-17 10:45:00,1.6433,1.6434199999999999,1.64272,1.64272,222,17,0
2026-06-17 11:00:00,1.6427,1.64298,1.64211,1.64214,251,17,0
2026-06-17 11:15:00,1.64216,1.64239,1.64194,1.64194,212,17,0
2026-06-17 11:30:00,1.64192,1.64202,1.64117,1.64133,279,17,0
2026-06-17 11:45:00,1.6413600000000002,1.64187,1.64133,1.64184,220,17,0
2026-06-17 12:00:00,1.64182,1.64202,1.64175,1.64187,203,17,0
2026-06-17 12:15:00,1.64189,1.6423299999999998,1.6418,1.64229,252,17,0
2026-06-17 12:30:00,1.6423299999999998,1.64239,1.64193,1.6421999999999999,250,17,0
2026-06-17 12:45:00,1.64222,1.64225,1.64168,1.64215,240,17,0
2026-06-17 13:00:00,1.6421299999999999,1.64215,1.64154,1.64184,239,17,0
2026-06-17 13:15:00,1.6418300000000001,1.64184,1.6412900000000001,1.64142,216,17,0
2026-06-17 13:30:00,1.6414499999999999,1.64147,1.64029,1.64039,382,17,0
2026-06-17 13:45:00,1.64042,1.64072,1.63992,1.64056,419,17,0
2026-06-17 14:00:00,1.64053,1.64063,1.6392799999999998,1.63933,497,17,0
2026-06-17 14:15:00,1.63932,1.63967,1.63911,1.63929,344,17,0
2026-06-17 14:30:00,1.6392600000000002,1.63958,1.639,1.63914,351,17,0
2026-06-17 14:45:00,1.63916,1.64024,1.6389,1.6398899999999998,749,17,0
2026-06-17 15:00:00,1.63988,1.64025,1.63956,1.6396899999999999,443,17,0
2026-06-17 15:15:00,1.63972,1.63985,1.63937,1.63943,325,17,0
2026-06-17 15:30:00,1.63941,1.63957,1.63877,1.63904,330,17,0
2026-06-17 15:45:00,1.63903,1.6395499999999998,1.63898,1.63941,283,17,0
2026-06-17 16:00:00,1.63937,1.6398000000000001,1.6392600000000002,1.63971,269,17,0
2026-06-17 16:15:00,1.6397,1.63982,1.6391900000000001,1.63922,164,17,0
2026-06-17 16:30:00,1.63923,1.6392600000000002,1.63889,1.63897,154,17,0
2026-06-17 16:45:00,1.63896,1.63909,1.63886,1.63897,154,17,0
2026-06-17 17:00:00,1.63899,1.6391499999999999,1.6386500000000002,1.63873,198,17,0
2026-06-17 17:15:00,1.6387399999999999,1.63898,1.63872,1.6387800000000001,163,17,0
2026-06-17 17:30:00,1.6388,1.6389399999999998,1.6385800000000001,1.63871,182,17,0
2026-06-17 17:45:00,1.63873,1.63907,1.6387,1.63889,198,17,0
2026-06-17 18:00:00,1.6389200000000002,1.6401,1.6378300000000001,1.6395,1898,17,0
2026-06-17 18:15:00,1.6394600000000001,1.64002,1.63846,1.63968,867,17,0
2026-06-17 18:30:00,1.63965,1.6404999999999998,1.63814,1.6385100000000001,2759,17,0
2026-06-17 18:45:00,1.63848,1.639,1.63735,1.63856,1427,17,0
2026-06-17 19:00:00,1.63853,1.639,1.63776,1.63787,1283,17,0
2026-06-17 19:15:00,1.6378599999999999,1.64054,1.63785,1.6404999999999998,940,17,0
2026-06-17 19:30:00,1.64052,1.64106,1.63977,1.64038,1048,17,0
2026-06-17 19:45:00,1.6403400000000001,1.64073,1.6397300000000001,1.64018,931,17,0
2026-06-17 20:00:00,1.6401400000000002,1.64015,1.63911,1.63952,449,17,0
2026-06-17 20:15:00,1.6395499999999998,1.6398700000000002,1.63924,1.6396899999999999,421,17,0
2026-06-17 20:30:00,1.63971,1.64005,1.63957,1.63993,257,17,0
2026-06-17 20:45:00,1.63991,1.63997,1.63971,1.63985,256,15,0
2026-06-17 21:00:00,1.63984,1.63985,1.6391200000000001,1.63937,193,34,0
2026-06-17 21:15:00,1.63937,1.6395499999999998,1.639,1.6390099999999999,173,80,0
2026-06-17 21:30:00,1.639,1.6395,1.63888,1.6394199999999999,170,86,0
2026-06-17 21:45:00,1.63944,1.63959,1.63932,1.63932,161,44,0
2026-06-17 22:00:00,1.63956,1.63988,1.63873,1.63958,272,25,0
2026-06-17 22:15:00,1.63948,1.6395499999999998,1.63917,1.63929,81,25,0
2026-06-17 22:30:00,1.6392600000000002,1.63978,1.6391499999999999,1.63958,98,25,0
2026-06-17 22:45:00,1.6395499999999998,1.64004,1.63917,1.63999,103,25,0
2026-06-17 23:00:00,1.64002,1.64002,1.63947,1.63949,110,17,0
2026-06-17 23:15:00,1.6395,1.63977,1.6394600000000001,1.63959,135,17,0
2026-06-17 23:30:00,1.63956,1.63974,1.63923,1.6394199999999999,153,17,0
2026-06-17 23:45:00,1.63945,1.6396600000000001,1.63922,1.63947,192,17,0
2026-06-18 00:00:00,1.63944,1.63944,1.6380599999999998,1.63812,619,17,0
2026-06-18 00:15:00,1.63809,1.63871,1.6379700000000001,1.6384400000000001,354,17,0
2026-06-18 00:30:00,1.63841,1.6386500000000002,1.6382400000000001,1.63852,298,17,0
2026-06-18 00:45:00,1.6385,1.63974,1.6383999999999999,1.6396600000000001,378,17,0
2026-06-18 01:00:00,1.63963,1.63971,1.63846,1.63857,425,17,0
2026-06-18 01:15:00,1.63855,1.6389399999999998,1.6379000000000001,1.63827,350,17,0
2026-06-18 01:30:00,1.63828,1.63829,1.63762,1.63796,264,17,0
2026-06-18 01:45:00,1.63798,1.63877,1.63761,1.63769,332,17,0
2026-06-18 02:00:00,1.63766,1.63767,1.63704,1.63724,269,17,0
2026-06-18 02:15:00,1.63727,1.63771,1.63723,1.6373799999999998,191,17,0
2026-06-18 02:30:00,1.6374,1.63753,1.63669,1.63703,261,17,0
2026-06-18 02:45:00,1.63701,1.63713,1.63636,1.63692,287,17,0
2026-06-18 03:00:00,1.63694,1.63697,1.63667,1.63686,230,17,0
2026-06-18 03:15:00,1.6368399999999999,1.63701,1.63673,1.63679,207,17,0
2026-06-18 03:30:00,1.63676,1.63705,1.6366399999999999,1.6369799999999999,173,17,0
2026-06-18 03:45:00,1.6369500000000001,1.6369500000000001,1.63655,1.6367500000000001,138,17,0
2026-06-18 04:00:00,1.6367699999999998,1.63724,1.63665,1.63717,186,17,0
2026-06-18 04:15:00,1.63716,1.63748,1.63708,1.63739,155,17,0
2026-06-18 04:30:00,1.63742,1.63819,1.6373199999999999,1.63816,186,17,0
2026-06-18 04:45:00,1.63818,1.63837,1.63777,1.63808,201,17,0
2026-06-18 05:00:00,1.63809,1.6383299999999998,1.63758,1.6376,166,17,0
2026-06-18 05:15:00,1.6376300000000001,1.63766,1.63708,1.63741,194,17,0
2026-06-18 05:30:00,1.63739,1.63765,1.63713,1.6374,236,17,0
2026-06-18 05:45:00,1.63742,1.63781,1.63704,1.6374,268,17,0
2026-06-18 06:00:00,1.63739,1.6384400000000001,1.63735,1.63829,396,17,0
2026-06-18 06:15:00,1.63828,1.63846,1.63762,1.63762,318,17,0
2026-06-18 06:30:00,1.63766,1.63816,1.63712,1.63717,417,17,0
2026-06-18 06:45:00,1.63719,1.6372499999999999,1.63663,1.6366800000000001,350,17,0
2026-06-18 07:00:00,1.6367099999999999,1.63741,1.63636,1.6369799999999999,449,17,0
2026-06-18 07:15:00,1.63701,1.63723,1.6366100000000001,1.6367099999999999,347,17,0
2026-06-18 07:30:00,1.63673,1.6375199999999999,1.63667,1.6366800000000001,409,17,0
2026-06-18 07:45:00,1.6367099999999999,1.63741,1.63659,1.63679,366,17,0
2026-06-18 08:00:00,1.63681,1.63733,1.63655,1.63679,482,17,0
2026-06-18 08:15:00,1.6367699999999998,1.63708,1.63655,1.6367500000000001,389,17,0
2026-06-18 08:30:00,1.63679,1.6373,1.63662,1.63713,366,17,0
2026-06-18 08:45:00,1.6371,1.6378,1.6370900000000002,1.6375199999999999,445,17,0
2026-06-18 09:00:00,1.63751,1.6377199999999998,1.63676,1.63699,622,17,0
2026-06-18 09:15:00,1.63696,1.63705,1.63636,1.6366,392,17,0
2026-06-18 09:30:00,1.63663,1.6368200000000002,1.63584,1.6359599999999999,393,17,0
2026-06-18 09:45:00,1.63597,1.63639,1.63548,1.63583,352,17,0
2026-06-18 10:00:00,1.63585,1.63625,1.6356000000000002,1.63592,498,17,0
2026-06-18 10:15:00,1.6359,1.63591,1.63531,1.6357,328,17,0
2026-06-18 10:30:00,1.63572,1.63581,1.63527,1.63577,289,17,0
2026-06-18 10:45:00,1.63578,1.63619,1.63545,1.6358899999999998,335,17,0
2026-06-18 11:00:00,1.63592,1.63651,1.63563,1.6356899999999999,387,17,0
2026-06-18 11:15:00,1.6356600000000001,1.63626,1.6356199999999999,1.63608,416,17,0
2026-06-18 11:30:00,1.63609,1.63639,1.6358700000000002,1.63604,361,17,0
2026-06-18 11:45:00,1.6360299999999999,1.63612,1.63581,1.63606,314,17,0
2026-06-18 12:00:00,1.63604,1.63631,1.6356199999999999,1.63568,394,17,0
2026-06-18 12:15:00,1.63565,1.6357,1.63511,1.63517,559,17,0
2026-06-18 12:30:00,1.6352,1.63552,1.63482,1.63482,384,17,0
2026-06-18 12:45:00,1.6347800000000001,1.63482,1.63395,1.63418,412,17,0
2026-06-18 13:00:00,1.6341999999999999,1.63489,1.63395,1.63436,467,17,0
2026-06-18 13:15:00,1.63432,1.63443,1.63375,1.63388,420,17,0
2026-06-18 13:30:00,1.6339000000000001,1.6339000000000001,1.63301,1.63337,743,17,0
2026-06-18 13:45:00,1.63339,1.63382,1.6328,1.6328200000000002,641,17,0
2026-06-18 14:00:00,1.6328,1.63419,1.63263,1.63407,726,17,0
2026-06-18 14:15:00,1.63408,1.63425,1.63265,1.63361,594,17,0
2026-06-18 14:30:00,1.63364,1.63389,1.63267,1.6330900000000002,558,17,0
2026-06-18 14:45:00,1.6331,1.63328,1.6321400000000001,1.63253,601,17,0
2026-06-18 15:00:00,1.63255,1.6334300000000002,1.63253,1.63337,479,17,0
2026-06-18 15:15:00,1.63341,1.63395,1.63307,1.6330900000000002,479,17,0
2026-06-18 15:30:00,1.63312,1.63394,1.63263,1.63376,586,17,0
2026-06-18 15:45:00,1.63378,1.63425,1.6337000000000002,1.63407,485,17,0
2026-06-18 16:00:00,1.63409,1.63427,1.6335600000000001,1.63377,430,17,0
2026-06-18 16:15:00,1.63375,1.6339700000000001,1.63354,1.63374,357,17,0
2026-06-18 16:30:00,1.63376,1.63384,1.6335199999999999,1.63364,309,17,0
2026-06-18 16:45:00,1.63362,1.6337199999999998,1.6332900000000001,1.6333600000000001,292,17,0
2026-06-18 17:00:00,1.63339,1.63347,1.63303,1.6331099999999998,254,17,0
2026-06-18 17:15:00,1.6330900000000002,1.63342,1.63293,1.63328,206,17,0
2026-06-18 17:30:00,1.6332900000000001,1.63333,1.63286,1.63308,203,17,0
2026-06-18 17:45:00,1.6330900000000002,1.63342,1.63307,1.63328,246,17,0
2026-06-18 18:00:00,1.63326,1.6335899999999999,1.63319,1.63335,223,17,0
2026-06-18 18:15:00,1.63338,1.6335199999999999,1.63319,1.6335199999999999,175,17,0
2026-06-18 18:30:00,1.63353,1.63367,1.63327,1.63327,156,17,0
2026-06-18 18:45:00,1.63328,1.63368,1.63326,1.63365,200,17,0
2026-06-18 19:00:00,1.63367,1.63432,1.6336300000000001,1.63414,295,17,0
2026-06-18 19:15:00,1.63412,1.6341299999999999,1.63366,1.63381,240,17,0
2026-06-18 19:30:00,1.63378,1.63384,1.63333,1.63333,237,17,0
2026-06-18 19:45:00,1.63335,1.63362,1.63305,1.63362,267,17,0
2026-06-18 20:00:00,1.63365,1.63377,1.6329799999999999,1.63323,208,17,0
2026-06-18 20:15:00,1.63321,1.63328,1.6331,1.63321,121,17,0
2026-06-18 20:30:00,1.6332200000000001,1.6335,1.6330900000000002,1.6334499999999998,103,17,0
2026-06-18 20:45:00,1.63344,1.63355,1.63327,1.63341,162,16,0
2026-06-18 21:00:00,1.63342,1.63342,1.6313,1.6317599999999999,207,20,0
2026-06-18 21:15:00,1.6317300000000001,1.63247,1.6317300000000001,1.63247,210,156,0
2026-06-18 21:30:00,1.63246,1.6332900000000001,1.63245,1.63327,177,44,0
2026-06-18 21:45:00,1.63328,1.63349,1.63319,1.63319,163,36,0
2026-06-18 22:00:00,1.63337,1.63391,1.63314,1.63373,197,25,0
2026-06-18 22:15:00,1.6337199999999998,1.6337199999999998,1.6333,1.6335,79,25,0
2026-06-18 22:30:00,1.63349,1.63367,1.6334,1.6335600000000001,59,25,0
2026-06-18 22:45:00,1.63354,1.63365,1.6333,1.63347,83,25,0
2026-06-18 23:00:00,1.63351,1.63351,1.63316,1.63331,67,17,0
2026-06-18 23:15:00,1.63334,1.6333600000000001,1.63306,1.63324,59,17,0
2026-06-18 23:30:00,1.6332,1.63385,1.6332,1.63375,125,17,0
2026-06-18 23:45:00,1.63377,1.63395,1.6336,1.6338300000000001,139,17,0
2026-06-19 00:00:00,1.6338599999999999,1.63479,1.63381,1.6346500000000002,337,17,0
2026-06-19 00:15:00,1.63463,1.6349,1.63446,1.63457,208,17,0
2026-06-19 00:30:00,1.6345800000000001,1.63477,1.63419,1.63435,246,17,0
2026-06-19 00:45:00,1.63437,1.6345800000000001,1.63373,1.63452,328,17,0
2026-06-19 01:00:00,1.6345399999999999,1.63516,1.63443,1.63504,256,17,0
2026-06-19 01:15:00,1.6350500000000001,1.6354,1.6346500000000002,1.63473,217,17,0
2026-06-19 01:30:00,1.63472,1.6352600000000002,1.63463,1.63524,236,17,0
2026-06-19 01:45:00,1.63527,1.63565,1.6348799999999999,1.6350099999999999,265,17,0
2026-06-19 02:00:00,1.63498,1.63507,1.6343299999999998,1.63434,268,17,0
2026-06-19 02:15:00,1.63436,1.63479,1.63402,1.63402,254,17,0
2026-06-19 02:30:00,1.634,1.63434,1.63376,1.6338599999999999,209,17,0
2026-06-19 02:45:00,1.63388,1.63418,1.63374,1.63375,155,17,0
2026-06-19 03:00:00,1.6337199999999998,1.6340400000000002,1.63339,1.6340400000000002,197,17,0
2026-06-19 03:15:00,1.63402,1.6343800000000002,1.63392,1.6343,326,17,0
2026-06-19 03:30:00,1.63428,1.63489,1.63428,1.63445,310,17,0
2026-06-19 03:45:00,1.6344699999999999,1.63533,1.6344699999999999,1.63511,258,17,0
2026-06-19 04:00:00,1.6350799999999999,1.63575,1.6349900000000002,1.63534,456,17,0
2026-06-19 04:15:00,1.6353499999999999,1.63563,1.63477,1.6348,280,17,0
2026-06-19 04:30:00,1.63477,1.63503,1.6345800000000001,1.6345800000000001,277,17,0
2026-06-19 04:45:00,1.63461,1.63487,1.6342400000000001,1.6343299999999998,278,17,0
2026-06-19 05:00:00,1.6343100000000002,1.6344400000000001,1.63367,1.63373,456,17,0
2026-06-19 05:15:00,1.63375,1.63401,1.63335,1.6335600000000001,377,17,0
2026-06-19 05:30:00,1.63355,1.63362,1.6328,1.63292,382,17,0
2026-06-19 05:45:00,1.6329500000000001,1.6329500000000001,1.63161,1.6318899999999998,372,17,0
2026-06-19 06:00:00,1.63191,1.63219,1.63147,1.63154,342,17,0
2026-06-19 06:15:00,1.63157,1.63186,1.6309900000000002,1.63103,281,17,0
2026-06-19 06:30:00,1.631,1.6318899999999998,1.63095,1.63166,315,17,0
2026-06-19 06:45:00,1.63165,1.63194,1.6314,1.63184,275,17,0
2026-06-19 07:00:00,1.63181,1.6322,1.6317,1.6320000000000001,350,17,0
2026-06-19 07:15:00,1.63199,1.63323,1.63198,1.63319,319,17,0
2026-06-19 07:30:00,1.6332,1.63323,1.6326,1.63266,259,17,0
2026-06-19 07:45:00,1.63265,1.63382,1.63263,1.63303,345,17,0
2026-06-19 08:00:00,1.63301,1.63324,1.63256,1.63258,415,17,0
2026-06-19 08:15:00,1.63256,1.6330900000000002,1.63232,1.6330900000000002,308,17,0
2026-06-19 08:30:00,1.6331,1.6341,1.6329500000000001,1.6337899999999999,345,17,0
2026-06-19 08:45:00,1.63377,1.63398,1.6332499999999999,1.6332499999999999,241,17,0
2026-06-19 09:00:00,1.63323,1.63335,1.6329099999999999,1.63305,353,17,0
2026-06-19 09:15:00,1.63307,1.63323,1.63255,1.63317,236,17,0
2026-06-19 09:30:00,1.63315,1.63334,1.63299,1.6332900000000001,236,17,0
2026-06-19 09:45:00,1.6333,1.63348,1.6329799999999999,1.63321,241,17,0
2026-06-19 10:00:00,1.63324,1.63341,1.6331,1.63331,204,17,0
2026-06-19 10:15:00,1.6332900000000001,1.63349,1.63293,1.63349,259,17,0
2026-06-19 10:30:00,1.63346,1.63429,1.6332900000000001,1.63422,262,17,0
2026-06-19 10:45:00,1.6342400000000001,1.63452,1.6340599999999998,1.63426,309,17,0
2026-06-19 11:00:00,1.63427,1.63487,1.63427,1.6347399999999999,261,17,0
2026-06-19 11:15:00,1.63472,1.6347399999999999,1.63452,1.63469,180,17,0
2026-06-19 11:30:00,1.63466,1.63496,1.63456,1.6348799999999999,168,17,0
2026-06-19 11:45:00,1.6349,1.6349399999999998,1.63421,1.63456,219,17,0
2026-06-19 12:00:00,1.63453,1.63498,1.63436,1.6349,256,17,0
2026-06-19 12:15:00,1.6349200000000002,1.6349900000000002,1.6347,1.6349,164,17,0
2026-06-19 12:30:00,1.6348799999999999,1.6350500000000001,1.6346500000000002,1.63473,183,17,0
2026-06-19 12:45:00,1.6347,1.63517,1.6331799999999999,1.63361,513,17,0
2026-06-19 13:00:00,1.6335899999999999,1.6341299999999999,1.63354,1.63392,338,17,0
2026-06-19 13:15:00,1.63391,1.63446,1.63371,1.6343800000000002,266,17,0
2026-06-19 13:30:00,1.63437,1.6347800000000001,1.63422,1.63477,316,17,0
2026-06-19 13:45:00,1.6347800000000001,1.63534,1.63472,1.6352600000000002,265,17,0
2026-06-19 14:00:00,1.63522,1.63532,1.6348099999999999,1.63483,237,17,0
2026-06-19 14:15:00,1.6348099999999999,1.63522,1.63463,1.63516,232,17,0
2026-06-19 14:30:00,1.63514,1.63593,1.6350500000000001,1.63575,247,17,0
2026-06-19 14:45:00,1.63571,1.6359,1.6350500000000001,1.63525,448,17,0
2026-06-19 15:00:00,1.6352799999999998,1.63611,1.63523,1.63582,310,17,0
2026-06-19 15:15:00,1.63581,1.63597,1.6356600000000001,1.63592,171,17,0
2026-06-19 15:30:00,1.63588,1.6359599999999999,1.63543,1.63543,212,17,0
2026-06-19 15:45:00,1.63541,1.6356600000000001,1.63517,1.6356600000000001,158,17,0
2026-06-19 16:00:00,1.63567,1.63598,1.63556,1.6356600000000001,150,17,0
2026-06-19 16:15:00,1.63565,1.6358899999999998,1.63533,1.6358000000000001,133,17,0
2026-06-19 16:30:00,1.63581,1.63583,1.63554,1.63561,112,17,0
2026-06-19 16:45:00,1.6356000000000002,1.63635,1.6356000000000002,1.63632,116,17,0
2026-06-19 17:00:00,1.63635,1.6365699999999999,1.6360299999999999,1.63619,156,17,0
2026-06-19 17:15:00,1.6361599999999998,1.63625,1.63592,1.6360999999999999,129,17,0
2026-06-19 17:30:00,1.63609,1.63689,1.63601,1.6367500000000001,104,17,0
2026-06-19 17:45:00,1.63672,1.63674,1.63598,1.63644,384,17,0
2026-06-19 18:00:00,1.6364100000000001,1.6365699999999999,1.63638,1.63647,167,17,0
2026-06-19 18:15:00,1.6364800000000002,1.63687,1.63646,1.63681,231,17,0
2026-06-19 18:30:00,1.63678,1.63689,1.63642,1.6368200000000002,146,17,0
2026-06-19 18:45:00,1.6368399999999999,1.6368800000000001,1.63626,1.6364800000000002,189,17,0
2026-06-19 19:00:00,1.63645,1.63658,1.63578,1.63585,1006,17,0
2026-06-19 19:15:00,1.6358700000000002,1.63653,1.63582,1.6362999999999999,613,17,0
2026-06-19 19:30:00,1.6362700000000001,1.6363400000000001,1.63594,1.63625,839,17,0
2026-06-19 19:45:00,1.63622,1.63679,1.6361599999999998,1.63669,1157,17,0
2026-06-19 20:00:00,1.6367099999999999,1.63676,1.63597,1.63629,3052,17,0
2026-06-19 20:15:00,1.6363400000000001,1.63676,1.6360299999999999,1.6365699999999999,1529,17,0
2026-06-19 20:30:00,1.63654,1.6366,1.6360000000000001,1.6362299999999999,805,17,0
2026-06-19 20:45:00,1.6362,1.637,1.63617,1.6362,177,17,0
2026-06-21 21:00:00,1.63362,1.63391,1.6314199999999999,1.63391,101,164,0
2026-06-21 21:15:00,1.6339299999999999,1.63409,1.63102,1.63148,127,148,0
2026-06-21 21:30:00,1.6315300000000001,1.63432,1.6315,1.63399,120,225,0
2026-06-21 21:45:00,1.63403,1.63461,1.63158,1.63348,186,142,0
2026-06-21 22:00:00,1.6341,1.6362299999999999,1.6339000000000001,1.6361599999999998,447,17,0
2026-06-21 22:15:00,1.6362299999999999,1.63644,1.63613,1.6363400000000001,154,17,0
2026-06-21 22:30:00,1.63628,1.63639,1.63604,1.63619,141,17,0
2026-06-21 22:45:00,1.6362,1.6362,1.6359,1.63619,89,17,0
2026-06-21 23:00:00,1.6362100000000002,1.63669,1.63617,1.6366800000000001,188,17,0
2026-06-21 23:15:00,1.63666,1.6367500000000001,1.63632,1.63642,130,17,0
2026-06-21 23:30:00,1.63638,1.63703,1.63638,1.63673,187,17,0
2026-06-21 23:45:00,1.6367,1.6370900000000002,1.6364800000000002,1.6368399999999999,194,17,0
2026-06-22 00:00:00,1.6368200000000002,1.6370900000000002,1.63663,1.63673,456,17,0
2026-06-22 00:15:00,1.6367099999999999,1.63679,1.63626,1.6362700000000001,307,17,0
2026-06-22 00:30:00,1.63624,1.63624,1.6356000000000002,1.63571,255,17,0
2026-06-22 00:45:00,1.6357,1.63578,1.63506,1.6351200000000001,317,17,0
2026-06-22 01:00:00,1.63509,1.6353,1.6344699999999999,1.6346500000000002,467,17,0
2026-06-22 01:15:00,1.63462,1.63495,1.6345,1.63484,357,17,0
2026-06-22 01:30:00,1.63487,1.6351200000000001,1.63445,1.63482,310,17,0
2026-06-22 01:45:00,1.6348099999999999,1.63533,1.63461,1.6353,269,17,0
2026-06-22 02:00:00,1.63531,1.63609,1.63524,1.6360700000000001,261,17,0
2026-06-22 02:15:00,1.63609,1.63659,1.63575,1.6361599999999998,271,17,0
2026-06-22 02:30:00,1.63618,1.6363400000000001,1.63585,1.63593,251,17,0
2026-06-22 02:45:00,1.63595,1.63615,1.63552,1.63578,217,17,0
2026-06-22 03:00:00,1.6358000000000001,1.63591,1.6351,1.63544,277,17,0
2026-06-22 03:15:00,1.6354199999999999,1.63561,1.6348799999999999,1.63498,196,17,0
2026-06-22 03:30:00,1.6349900000000002,1.63548,1.63487,1.63511,209,17,0
2026-06-22 03:45:00,1.6351,1.63581,1.63502,1.6354600000000001,241,17,0
2026-06-22 04:00:00,1.6354199999999999,1.63606,1.63529,1.63556,294,17,0
2026-06-22 04:15:00,1.63554,1.6356199999999999,1.63527,1.6355499999999998,207,17,0
2026-06-22 04:30:00,1.63558,1.63574,1.63531,1.63564,182,17,0
2026-06-22 04:45:00,1.63563,1.63563,1.63527,1.63544,205,17,0
2026-06-22 05:00:00,1.63541,1.6354899999999999,1.6348500000000001,1.6351900000000001,240,17,0
2026-06-22 05:15:00,1.63518,1.63521,1.63486,1.63506,195,17,0
2026-06-22 05:30:00,1.63503,1.63532,1.63491,1.6352799999999998,255,17,0
2026-06-22 05:45:00,1.6353,1.63598,1.6353,1.63575,311,17,0
2026-06-22 06:00:00,1.6357300000000001,1.63577,1.6349900000000002,1.63531,502,17,0
2026-06-22 06:15:00,1.63529,1.63629,1.63529,1.63629,425,17,0
2026-06-22 06:30:00,1.63631,1.6367699999999998,1.63619,1.63644,397,17,0
2026-06-22 06:45:00,1.6364100000000001,1.63643,1.6358700000000002,1.6360999999999999,335,17,0
2026-06-22 07:00:00,1.63609,1.63654,1.6359,1.63601,325,17,0
2026-06-22 07:15:00,1.63598,1.63618,1.63558,1.63577,277,17,0
2026-06-22 07:30:00,1.6358000000000001,1.6362100000000002,1.63503,1.6351200000000001,359,17,0
2026-06-22 07:45:00,1.63514,1.63563,1.63509,1.63538,310,17,0
2026-06-22 08:00:00,1.63536,1.6359599999999999,1.6351499999999999,1.63554,347,17,0
2026-06-22 08:15:00,1.63552,1.6364,1.63545,1.63638,336,17,0
2026-06-22 08:30:00,1.63636,1.63676,1.6360299999999999,1.63619,398,17,0
2026-06-22 08:45:00,1.63618,1.63679,1.63609,1.6367500000000001,323,17,0
2026-06-22 09:00:00,1.63678,1.6369099999999999,1.63639,1.63658,369,17,0
2026-06-22 09:15:00,1.6365699999999999,1.63696,1.6363400000000001,1.6367500000000001,266,17,0
2026-06-22 09:30:00,1.6367699999999998,1.63681,1.63631,1.63633,233,17,0
2026-06-22 09:45:00,1.63635,1.63715,1.63635,1.63715,289,17,0
2026-06-22 10:00:00,1.63712,1.63714,1.6362100000000002,1.63654,311,17,0
2026-06-22 10:15:00,1.6365699999999999,1.63659,1.6357,1.63588,252,17,0
2026-06-22 10:30:00,1.6359,1.63611,1.63563,1.63609,212,17,0
2026-06-22 10:45:00,1.63611,1.63631,1.6358700000000002,1.63631,198,17,0
2026-06-22 11:00:00,1.63633,1.63633,1.63509,1.63581,396,17,0
2026-06-22 11:15:00,1.63579,1.63581,1.6354899999999999,1.63571,190,17,0
2026-06-22 11:30:00,1.63572,1.6358899999999998,1.6354899999999999,1.6354899999999999,176,17,0
2026-06-22 11:45:00,1.63551,1.63572,1.63497,1.63503,224,17,0
2026-06-22 12:00:00,1.6349900000000002,1.63525,1.6343,1.63456,379,17,0
2026-06-22 12:15:00,1.63455,1.63477,1.6343800000000002,1.6345,274,17,0
2026-06-22 12:30:00,1.63453,1.63496,1.6343299999999998,1.63457,365,17,0
2026-06-22 12:45:00,1.6345800000000001,1.635,1.63428,1.63468,331,17,0
2026-06-22 13:00:00,1.6346500000000002,1.63468,1.63219,1.63258,781,17,0
2026-06-22 13:15:00,1.63254,1.6326399999999999,1.63206,1.63242,409,17,0
2026-06-22 13:30:00,1.63245,1.63292,1.6322,1.63256,576,17,0
2026-06-22 13:45:00,1.63254,1.63288,1.63186,1.63188,597,17,0
2026-06-22 14:00:00,1.63185,1.63205,1.63124,1.63181,673,17,0
2026-06-22 14:15:00,1.63177,1.6326399999999999,1.6315499999999998,1.63236,525,17,0
2026-06-22 14:30:00,1.63239,1.63319,1.6322,1.63294,577,17,0
2026-06-22 14:45:00,1.6329500000000001,1.63384,1.6326,1.6326800000000001,671,17,0
2026-06-22 15:00:00,1.63269,1.63269,1.6322299999999998,1.6324999999999998,434,17,0
2026-06-22 15:15:00,1.63247,1.63286,1.63238,1.6324,400,17,0
2026-06-22 15:30:00,1.6324100000000001,1.63308,1.63225,1.63289,397,17,0
2026-06-22 15:45:00,1.63287,1.63337,1.63272,1.6332,372,17,0
2026-06-22 16:00:00,1.6331799999999999,1.63335,1.63244,1.63251,348,17,0
2026-06-22 16:15:00,1.63249,1.63265,1.6320999999999999,1.63215,253,17,0
2026-06-22 16:30:00,1.6321400000000001,1.63242,1.63205,1.63229,279,17,0
2026-06-22 16:45:00,1.63228,1.63244,1.63205,1.63236,239,17,0
2026-06-22 17:00:00,1.6323400000000001,1.63256,1.6320999999999999,1.63228,229,17,0
2026-06-22 17:15:00,1.63226,1.63235,1.6320999999999999,1.63219,164,17,0
2026-06-22 17:30:00,1.6322,1.63249,1.63209,1.63212,175,17,0
2026-06-22 17:45:00,1.63213,1.63222,1.63197,1.63218,109,17,0
2026-06-22 18:00:00,1.6322100000000002,1.6324800000000002,1.63213,1.63239,146,17,0
2026-06-22 18:15:00,1.63238,1.63238,1.63198,1.63205,144,17,0
2026-06-22 18:30:00,1.63206,1.63206,1.63184,1.63192,141,17,0
2026-06-22 18:45:00,1.6318899999999998,1.63191,1.63156,1.63174,175,17,0
2026-06-22 19:00:00,1.63172,1.6320299999999999,1.6316199999999998,1.63185,173,17,0
2026-06-22 19:15:00,1.63183,1.6324,1.63181,1.6322999999999999,157,17,0
2026-06-22 19:30:00,1.63229,1.63244,1.63218,1.6322999999999999,134,17,0
2026-06-22 19:45:00,1.63228,1.6323699999999999,1.63185,1.63216,193,17,0
2026-06-22 20:00:00,1.63213,1.63243,1.63206,1.6323699999999999,144,17,0
2026-06-22 20:15:00,1.63236,1.63245,1.63224,1.6324100000000001,96,17,0
2026-06-22 20:30:00,1.63239,1.63239,1.63216,1.6323400000000001,75,17,0
2026-06-22 20:45:00,1.63231,1.6325699999999999,1.63226,1.63233,135,17,0
2026-06-22 21:00:00,1.6323400000000001,1.6323400000000001,1.6307800000000001,1.6312,224,22,0
2026-06-22 21:15:00,1.63121,1.63163,1.63117,1.6315300000000001,260,122,0
2026-06-22 21:30:00,1.63152,1.63161,1.6309900000000002,1.6313900000000001,227,122,0
2026-06-22 21:45:00,1.63136,1.63186,1.63121,1.6314899999999999,235,16,0
2026-06-22 22:00:00,1.63181,1.63231,1.63151,1.6321400000000001,121,25,0
2026-06-22 22:15:00,1.63215,1.63222,1.63201,1.63206,47,25,0
2026-06-22 22:30:00,1.6320700000000001,1.6326800000000001,1.63206,1.63259,83,25,0
2026-06-22 22:45:00,1.63258,1.63272,1.63254,1.6326800000000001,49,25,0
2026-06-22 23:00:00,1.63274,1.6331099999999998,1.63262,1.63308,93,17,0
2026-06-22 23:15:00,1.6331099999999998,1.63314,1.6326800000000001,1.63269,57,17,0
2026-06-22 23:30:00,1.63273,1.63323,1.63272,1.63319,68,17,0
2026-06-22 23:45:00,1.6331799999999999,1.63367,1.63312,1.63366,161,17,0
2026-06-23 00:00:00,1.63365,1.63477,1.63362,1.6347399999999999,381,17,0
2026-06-23 00:15:00,1.63471,1.63583,1.63469,1.63545,361,17,0
2026-06-23 00:30:00,1.63543,1.63543,1.6341299999999999,1.6341299999999999,357,17,0
2026-06-23 00:45:00,1.63411,1.63518,1.6339299999999999,1.63502,351,17,0
2026-06-23 01:00:00,1.6349900000000002,1.63516,1.63457,1.6350099999999999,376,17,0
2026-06-23 01:15:00,1.635,1.63578,1.63497,1.6354899999999999,342,17,0
2026-06-23 01:30:00,1.6354600000000001,1.6360299999999999,1.63534,1.63601,274,17,0
2026-06-23 01:45:00,1.63605,1.63679,1.63582,1.6362999999999999,485,17,0
2026-06-23 02:00:00,1.63628,1.63706,1.6360299999999999,1.6365699999999999,428,17,0
2026-06-23 02:15:00,1.63658,1.6367099999999999,1.63611,1.63636,353,17,0
2026-06-23 02:30:00,1.63638,1.63674,1.63617,1.6366,290,17,0
2026-06-23 02:45:00,1.63659,1.63825,1.63649,1.63807,326,17,0
2026-06-23 03:00:00,1.63808,1.6391200000000001,1.63774,1.63869,459,17,0
2026-06-23 03:15:00,1.63871,1.6389399999999998,1.63823,1.63829,362,17,0
2026-06-23 03:30:00,1.6383100000000002,1.63884,1.63814,1.63872,247,17,0
2026-06-23 03:45:00,1.6387,1.63887,1.63808,1.63812,219,17,0
2026-06-23 04:00:00,1.6381000000000001,1.63855,1.63784,1.63841,265,17,0
2026-06-23 04:15:00,1.6384400000000001,1.6384400000000001,1.63811,1.63822,214,17,0
2026-06-23 04:30:00,1.63825,1.63896,1.63825,1.63864,222,17,0
2026-06-23 04:45:00,1.63863,1.63936,1.63862,1.63918,231,17,0
2026-06-23 05:00:00,1.63916,1.64001,1.63914,1.63967,361,17,0
2026-06-23 05:15:00,1.6396600000000001,1.64058,1.6396600000000001,1.6402999999999999,329,17,0
2026-06-23 05:30:00,1.64032,1.64072,1.6396899999999999,1.6397300000000001,448,17,0
2026-06-23 05:45:00,1.63971,1.64043,1.63964,1.64035,414,17,0
2026-06-23 06:00:00,1.64033,1.64164,1.64012,1.64101,587,17,0
2026-06-23 06:15:00,1.64104,1.64295,1.64074,1.6423100000000002,590,17,0
2026-06-23 06:30:00,1.64234,1.64367,1.64234,1.6433200000000001,517,17,0
2026-06-23 06:45:00,1.64336,1.6434,1.6424699999999999,1.64259,466,17,0
2026-06-23 07:00:00,1.64255,1.64297,1.64215,1.64288,688,17,0
2026-06-23 07:15:00,1.64297,1.64357,1.64275,1.64347,481,17,0
2026-06-23 07:30:00,1.64343,1.64343,1.6420599999999999,1.64242,656,17,0
2026-06-23 07:45:00,1.64246,1.6432,1.64229,1.64253,576,17,0
2026-06-23 08:00:00,1.64256,1.64277,1.64203,1.64245,600,17,0
2026-06-23 08:15:00,1.6424400000000001,1.6426500000000002,1.64212,1.64248,497,17,0
2026-06-23 08:30:00,1.6424699999999999,1.64252,1.6415899999999999,1.64227,448,17,0
2026-06-23 08:45:00,1.6423,1.64302,1.6421999999999999,1.6422400000000001,407,17,0
2026-06-23 09:00:00,1.64222,1.64222,1.6410900000000002,1.6410900000000002,424,17,0
2026-06-23 09:15:00,1.64106,1.64144,1.64066,1.6408,339,17,0
2026-06-23 09:30:00,1.64082,1.6411799999999999,1.6403699999999999,1.64049,350,17,0
2026-06-23 09:45:00,1.64051,1.64059,1.64009,1.64012,277,17,0
2026-06-23 10:00:00,1.64015,1.6404100000000001,1.63957,1.63964,314,17,0
2026-06-23 10:15:00,1.63963,1.6404100000000001,1.6396199999999999,1.64022,288,17,0
2026-06-23 10:30:00,1.64024,1.6410200000000001,1.64024,1.6409799999999999,314,17,0
2026-06-23 10:45:00,1.64099,1.64164,1.6407500000000002,1.6415199999999999,479,17,0
2026-06-23 11:00:00,1.6415,1.6418300000000001,1.6408399999999999,1.6415,362,17,0
2026-06-23 11:15:00,1.6415199999999999,1.64153,1.64074,1.64113,376,17,0
2026-06-23 11:30:00,1.64116,1.64143,1.64081,1.64123,319,17,0
2026-06-23 11:45:00,1.64126,1.64234,1.64114,1.6423299999999998,462,17,0
2026-06-23 12:00:00,1.64237,1.64266,1.6417000000000002,1.64187,529,17,0
2026-06-23 12:15:00,1.6418599999999999,1.64198,1.64148,1.64193,443,17,0
2026-06-23 12:30:00,1.64194,1.64261,1.64174,1.6423,405,17,0
2026-06-23 12:45:00,1.64229,1.6425999999999998,1.6417199999999998,1.64178,408,17,0
2026-06-23 13:00:00,1.64176,1.64253,1.6412499999999999,1.64209,597,17,0
2026-06-23 13:15:00,1.64211,1.64318,1.64211,1.64236,516,17,0
2026-06-23 13:30:00,1.64239,1.64341,1.6423100000000002,1.64257,913,17,0
2026-06-23 13:45:00,1.64262,1.6427,1.6414900000000001,1.64169,665,17,0
2026-06-23 14:00:00,1.64171,1.64236,1.6412499999999999,1.64126,658,17,0
2026-06-23 14:15:00,1.6412900000000001,1.6419700000000002,1.6408,1.64148,563,17,0
2026-06-23 14:30:00,1.64151,1.6422400000000001,1.64151,1.64221,534,17,0
2026-06-23 14:45:00,1.64219,1.64241,1.6417199999999998,1.64223,642,17,0
2026-06-23 15:00:00,1.6422400000000001,1.64309,1.64191,1.6428500000000001,569,17,0
2026-06-23 15:15:00,1.64283,1.6433499999999999,1.6427800000000001,1.6431200000000001,445,17,0
2026-06-23 15:30:00,1.64313,1.64374,1.64296,1.64345,499,17,0
2026-06-23 15:45:00,1.64341,1.6440299999999999,1.64334,1.64378,357,17,0
2026-06-23 16:00:00,1.6437599999999999,1.64381,1.64334,1.64368,361,17,0
2026-06-23 16:15:00,1.64367,1.64422,1.64361,1.6442,271,17,0
2026-06-23 16:30:00,1.64422,1.64486,1.64411,1.64456,297,17,0
2026-06-23 16:45:00,1.64455,1.6451,1.64455,1.6449500000000001,256,17,0
2026-06-23 17:00:00,1.64494,1.6450399999999998,1.64465,1.64485,246,17,0
2026-06-23 17:15:00,1.64486,1.6454,1.64486,1.6453799999999998,174,17,0
2026-06-23 17:30:00,1.64535,1.6456,1.64519,1.64555,178,17,0
2026-06-23 17:45:00,1.64557,1.6460599999999999,1.6455199999999999,1.64595,170,17,0
2026-06-23 18:00:00,1.6459700000000002,1.6461299999999999,1.64578,1.6461299999999999,171,17,0
2026-06-23 18:15:00,1.64614,1.64642,1.64588,1.64642,151,17,0
2026-06-23 18:30:00,1.64641,1.6468500000000001,1.64628,1.64683,173,17,0
2026-06-23 18:45:00,1.6468099999999999,1.647,1.64639,1.64649,262,17,0
2026-06-23 19:00:00,1.64646,1.64662,1.64561,1.64578,318,17,0
2026-06-23 19:15:00,1.6458,1.64609,1.6454499999999999,1.6454900000000001,251,17,0
2026-06-23 19:30:00,1.6454499999999999,1.64567,1.64534,1.64553,253,17,0
2026-06-23 19:45:00,1.6455199999999999,1.646,1.64539,1.64593,264,17,0
2026-06-23 20:00:00,1.64595,1.6462400000000001,1.64571,1.6459000000000001,189,17,0
2026-06-23 20:15:00,1.64593,1.64598,1.64568,1.64571,96,17,0
2026-06-23 20:30:00,1.64573,1.6457899999999999,1.6454499999999999,1.64553,122,17,0
2026-06-23 20:45:00,1.64555,1.6457899999999999,1.64541,1.6454900000000001,153,17,0
2026-06-23 21:00:00,1.64548,1.64555,1.6453,1.64541,282,18,0
2026-06-23 21:15:00,1.64543,1.64548,1.6453600000000002,1.64542,232,32,0
2026-06-23 21:30:00,1.6454499999999999,1.64548,1.64526,1.6453,155,36,0
2026-06-23 21:45:00,1.6452900000000001,1.64539,1.6449,1.6452200000000001,215,42,0
2026-06-23 22:00:00,1.64539,1.6455899999999999,1.64482,1.6451099999999999,155,25,0
2026-06-23 22:15:00,1.64512,1.64534,1.6451099999999999,1.6453,59,25,0
2026-06-23 22:30:00,1.64531,1.64571,1.64531,1.6457000000000002,82,25,0
2026-06-23 22:45:00,1.6457199999999998,1.64587,1.64569,1.64587,62,25,0
2026-06-23 23:00:00,1.64591,1.6463700000000001,1.64589,1.64608,122,17,0
2026-06-23 23:15:00,1.6461000000000001,1.64619,1.64587,1.64603,59,17,0
2026-06-23 23:30:00,1.64604,1.6466699999999999,1.64603,1.64663,96,17,0
2026-06-23 23:45:00,1.64661,1.64661,1.64542,1.64542,360,17,0
2026-06-24 00:00:00,1.6454,1.64554,1.64459,1.64503,664,17,0
2026-06-24 00:15:00,1.64507,1.6451,1.64438,1.64438,382,17,0
2026-06-24 00:30:00,1.64435,1.6446399999999999,1.64413,1.64435,346,17,0
2026-06-24 00:45:00,1.64432,1.6444800000000002,1.64371,1.6441599999999998,405,17,0
2026-06-24 01:00:00,1.64413,1.6449799999999999,1.64413,1.6449099999999999,519,17,0
2026-06-24 01:15:00,1.6448800000000001,1.64532,1.6437,1.6437,428,17,0
2026-06-24 01:30:00,1.64367,1.6453600000000002,1.64252,1.6441,685,17,0
2026-06-24 01:45:00,1.64412,1.6456499999999998,1.64408,1.64462,521,17,0
2026-06-24 02:00:00,1.6446,1.6447699999999998,1.64408,1.6442299999999999,383,17,0
2026-06-24 02:15:00,1.64424,1.64501,1.6440000000000001,1.64473,314,17,0
2026-06-24 02:30:00,1.6447500000000002,1.64578,1.64458,1.6456499999999998,363,17,0
2026-06-24 02:45:00,1.64562,1.6467,1.64558,1.64654,470,17,0
2026-06-24 03:00:00,1.64652,1.64661,1.64535,1.64561,511,17,0
2026-06-24 03:15:00,1.6455899999999999,1.6458599999999999,1.64492,1.64505,433,17,0
2026-06-24 03:30:00,1.64508,1.6453600000000002,1.6447699999999998,1.64526,383,17,0
2026-06-24 03:45:00,1.64523,1.64588,1.64523,1.64578,305,17,0
2026-06-24 04:00:00,1.64581,1.64611,1.64564,1.6459899999999998,222,17,0
2026-06-24 04:15:00,1.6459700000000002,1.6459700000000002,1.6452499999999999,1.64531,251,17,0
2026-06-24 04:30:00,1.64528,1.64528,1.6443699999999999,1.64442,249,17,0
2026-06-24 04:45:00,1.64439,1.6447,1.6441,1.6444,218,17,0
2026-06-24 05:00:00,1.6443699999999999,1.64447,1.6438700000000002,1.64405,278,17,0
2026-06-24 05:15:00,1.64406,1.6444,1.64338,1.6443699999999999,415,17,0
2026-06-24 05:30:00,1.6443400000000001,1.6443400000000001,1.64356,1.64405,373,17,0
2026-06-24 05:45:00,1.64406,1.64474,1.64377,1.64463,311,17,0
2026-06-24 06:00:00,1.64466,1.64487,1.6439599999999999,1.64452,414,17,0
2026-06-24 06:15:00,1.64451,1.64469,1.64419,1.64445,354,17,0
2026-06-24 06:30:00,1.64442,1.6452499999999999,1.6441599999999998,1.64519,301,17,0
2026-06-24 06:45:00,1.6452,1.64566,1.64466,1.64469,395,17,0
2026-06-24 07:00:00,1.64466,1.64524,1.64432,1.6446100000000001,511,17,0
2026-06-24 07:15:00,1.64459,1.64481,1.64435,1.6446800000000001,356,17,0
2026-06-24 07:30:00,1.6446399999999999,1.64483,1.6441599999999998,1.64467,334,17,0
2026-06-24 07:45:00,1.64466,1.64533,1.6444100000000001,1.64521,432,17,0
2026-06-24 08:00:00,1.6451799999999999,1.64588,1.64482,1.6449799999999999,606,17,0
2026-06-24 08:15:00,1.64501,1.64593,1.6448399999999999,1.64581,492,17,0
2026-06-24 08:30:00,1.6458,1.64582,1.64516,1.64542,450,17,0
2026-06-24 08:45:00,1.64541,1.6462400000000001,1.64539,1.64584,291,17,0
2026-06-24 09:00:00,1.64582,1.64655,1.6458,1.64634,434,17,0
2026-06-24 09:15:00,1.6463100000000002,1.64709,1.6463100000000002,1.64661,323,17,0
2026-06-24 09:30:00,1.64663,1.6468500000000001,1.64589,1.64655,347,17,0
2026-06-24 09:45:00,1.6465800000000002,1.64723,1.64649,1.6469200000000002,300,17,0
2026-06-24 10:00:00,1.64689,1.64714,1.64662,1.6470099999999999,372,17,0
2026-06-24 10:15:00,1.64699,1.6471900000000002,1.64669,1.64669,326,17,0
2026-06-24 10:30:00,1.6467100000000001,1.6467100000000001,1.64602,1.64614,335,17,0
2026-06-24 10:45:00,1.6461299999999999,1.64634,1.6457899999999999,1.64582,253,17,0
2026-06-24 11:00:00,1.6458599999999999,1.64595,1.64528,1.64585,276,17,0
2026-06-24 11:15:00,1.64584,1.6463700000000001,1.64584,1.64614,293,17,0
2026-06-24 11:30:00,1.64611,1.64611,1.6449500000000001,1.64524,488,17,0
2026-06-24 11:45:00,1.6452200000000001,1.64533,1.6440700000000001,1.6443400000000001,553,17,0
2026-06-24 12:00:00,1.64432,1.64452,1.64317,1.64323,477,17,0
2026-06-24 12:15:00,1.64324,1.64445,1.6431499999999999,1.6444100000000001,529,17,0
2026-06-24 12:30:00,1.64444,1.64474,1.6437599999999999,1.64429,595,17,0
2026-06-24 12:45:00,1.6442700000000001,1.64462,1.6438199999999998,1.6440299999999999,434,17,0
2026-06-24 13:00:00,1.6440700000000001,1.64411,1.6435300000000002,1.64359,537,17,0
2026-06-24 13:15:00,1.64357,1.64401,1.64345,1.6439,512,17,0
2026-06-24 13:30:00,1.6439300000000001,1.64486,1.64357,1.6446399999999999,681,17,0
2026-06-24 13:45:00,1.64467,1.64481,1.64375,1.64418,784,17,0
2026-06-24 14:00:00,1.64421,1.6451500000000001,1.64413,1.64507,757,17,0
2026-06-24 14:15:00,1.6451,1.6457600000000001,1.6448399999999999,1.64558,650,17,0
2026-06-24 14:30:00,1.6455600000000001,1.64665,1.6452900000000001,1.64641,616,17,0
2026-06-24 14:45:00,1.64643,1.64648,1.64486,1.64528,775,17,0
2026-06-24 15:00:00,1.64526,1.64649,1.64521,1.64625,625,17,0
2026-06-24 15:15:00,1.64627,1.6468699999999998,1.6458300000000001,1.64623,591,17,0
2026-06-24 15:30:00,1.64621,1.64679,1.64602,1.64653,501,17,0
2026-06-24 15:45:00,1.64655,1.64665,1.64594,1.64594,417,17,0
2026-06-24 16:00:00,1.6459700000000002,1.6467100000000001,1.64592,1.64663,478,17,0
2026-06-24 16:15:00,1.64665,1.64676,1.646,1.64668,457,17,0
2026-06-24 16:30:00,1.6466699999999999,1.64672,1.64554,1.64582,626,17,0
2026-06-24 16:45:00,1.6458300000000001,1.64594,1.6455600000000001,1.6458300000000001,349,17,0
2026-06-24 17:00:00,1.64584,1.6464400000000001,1.64569,1.64641,331,17,0
2026-06-24 17:15:00,1.6464400000000001,1.64736,1.6463100000000002,1.64736,447,17,0
2026-06-24 17:30:00,1.64738,1.64811,1.6472099999999998,1.64811,467,17,0
2026-06-24 17:45:00,1.64809,1.6485400000000001,1.64806,1.64851,455,17,0
2026-06-24 18:00:00,1.64849,1.64907,1.64826,1.6482999999999999,509,17,0
2026-06-24 18:15:00,1.64829,1.64844,1.64809,1.64819,383,17,0
2026-06-24 18:30:00,1.64818,1.6487,1.64802,1.64856,324,17,0
2026-06-24 18:45:00,1.64858,1.6492900000000001,1.64858,1.64893,347,17,0
2026-06-24 19:00:00,1.6489099999999999,1.6495,1.64853,1.64901,399,17,0
2026-06-24 19:15:00,1.6490399999999998,1.64909,1.6482700000000001,1.64835,311,17,0
2026-06-24 19:30:00,1.6483400000000001,1.6484299999999998,1.6480299999999999,1.64821,262,17,0
2026-06-24 19:45:00,1.64819,1.64822,1.64709,1.6471,353,17,0
2026-06-24 20:00:00,1.6471200000000001,1.6474,1.6457199999999998,1.64604,463,17,0
2026-06-24 20:15:00,1.6460599999999999,1.64634,1.64595,1.64601,213,17,0
2026-06-24 20:30:00,1.64604,1.64614,1.64587,1.646,162,17,0
2026-06-24 20:45:00,1.64602,1.6461999999999999,1.64591,1.64594,215,15,0
2026-06-24 21:00:00,1.64596,1.64598,1.64555,1.64555,100,15,0
2026-06-24 21:15:00,1.64553,1.6455600000000001,1.64523,1.64533,207,88,0
2026-06-24 21:30:00,1.64535,1.64558,1.6451099999999999,1.64535,332,66,0
2026-06-24 21:45:00,1.64534,1.64557,1.64526,1.64541,252,36,0
2026-06-24 22:00:00,1.64578,1.64641,1.6456499999999998,1.6463700000000001,204,25,0
2026-06-24 22:15:00,1.64638,1.64642,1.64612,1.6463100000000002,80,25,0
2026-06-24 22:30:00,1.64629,1.64649,1.64618,1.6463299999999998,66,25,0
2026-06-24 22:45:00,1.64632,1.64657,1.64632,1.6464400000000001,52,25,0
2026-06-24 23:00:00,1.64648,1.6465999999999998,1.64627,1.64634,72,17,0
2026-06-24 23:15:00,1.6463700000000001,1.64646,1.64581,1.64593,120,17,0
2026-06-24 23:30:00,1.64595,1.6461000000000001,1.64592,1.64592,83,17,0
2026-06-24 23:45:00,1.64591,1.64593,1.64557,1.6457600000000001,184,17,0
2026-06-25 00:00:00,1.64573,1.64699,1.64567,1.6468699999999998,449,17,0
2026-06-25 00:15:00,1.64684,1.6470099999999999,1.64635,1.64641,319,17,0
2026-06-25 00:30:00,1.64639,1.64706,1.64635,1.64683,283,17,0
2026-06-25 00:45:00,1.64684,1.6470799999999999,1.64649,1.6467800000000001,355,17,0
2026-06-25 01:00:00,1.64675,1.64745,1.64648,1.64707,447,17,0
2026-06-25 01:15:00,1.6470799999999999,1.64723,1.64604,1.64691,475,17,0
2026-06-25 01:30:00,1.64695,1.64833,1.64492,1.64831,942,17,0
2026-06-25 01:45:00,1.6483400000000001,1.6485400000000001,1.6471,1.6477300000000001,583,17,0
2026-06-25 02:00:00,1.64771,1.6484999999999999,1.6472799999999999,1.64833,529,17,0
2026-06-25 02:15:00,1.64837,1.64851,1.64761,1.6484999999999999,395,17,0
2026-06-25 02:30:00,1.64852,1.6496499999999998,1.64819,1.6496499999999998,363,17,0
2026-06-25 02:45:00,1.64962,1.64962,1.64805,1.6482,331,17,0
2026-06-25 03:00:00,1.64818,1.6488399999999999,1.64811,1.64878,318,17,0
2026-06-25 03:15:00,1.6487699999999998,1.6488,1.64825,1.64862,333,17,0
2026-06-25 03:30:00,1.64865,1.64927,1.64845,1.6489500000000001,231,17,0
2026-06-25 03:45:00,1.64893,1.6491099999999999,1.64805,1.6484100000000002,264,17,0
2026-06-25 04:00:00,1.64839,1.6484999999999999,1.64786,1.64797,245,17,0
2026-06-25 04:15:00,1.64798,1.64799,1.6473200000000001,1.64763,230,17,0
2026-06-25 04:30:00,1.64765,1.6479300000000001,1.64725,1.64738,212,17,0
2026-06-25 04:45:00,1.64737,1.6474199999999999,1.6468699999999998,1.64691,199,17,0
2026-06-25 05:00:00,1.64689,1.64731,1.64653,1.6472,278,17,0
2026-06-25 05:15:00,1.64718,1.6475499999999998,1.64691,1.64695,217,17,0
2026-06-25 05:30:00,1.64698,1.64777,1.64672,1.64768,359,17,0
2026-06-25 05:45:00,1.6476600000000001,1.64856,1.64759,1.64853,335,17,0
2026-06-25 06:00:00,1.64851,1.64851,1.6476899999999999,1.64795,342,17,0
2026-06-25 06:15:00,1.64791,1.64835,1.6478899999999999,1.64805,360,17,0
2026-06-25 06:30:00,1.64808,1.64883,1.64768,1.64825,577,17,0
2026-06-25 06:45:00,1.64826,1.64836,1.64765,1.64765,340,17,0
2026-06-25 07:00:00,1.6476199999999999,1.64852,1.64699,1.647,515,17,0
2026-06-25 07:15:00,1.64698,1.64704,1.64601,1.64684,509,17,0
2026-06-25 07:30:00,1.6468099999999999,1.6470799999999999,1.6463700000000001,1.6470799999999999,329,17,0
2026-06-25 07:45:00,1.64709,1.64716,1.6462599999999998,1.6462599999999998,330,17,0
2026-06-25 08:00:00,1.6462400000000001,1.6467,1.64598,1.64649,455,17,0
2026-06-25 08:15:00,1.64648,1.64661,1.64588,1.64622,388,17,0
2026-06-25 08:30:00,1.6462400000000001,1.64675,1.6459899999999998,1.64652,412,17,0
2026-06-25 08:45:00,1.6465100000000001,1.64729,1.64635,1.6470099999999999,379,17,0
2026-06-25 09:00:00,1.64704,1.6470799999999999,1.6461999999999999,1.64657,356,17,0
2026-06-25 09:15:00,1.64659,1.6469399999999998,1.64659,1.6467100000000001,285,17,0
2026-06-25 09:30:00,1.64669,1.6473,1.64669,1.64704,320,17,0
2026-06-25 09:45:00,1.64703,1.64714,1.64636,1.6465100000000001,273,17,0
2026-06-25 10:00:00,1.64649,1.64664,1.64614,1.64661,291,17,0
2026-06-25 10:15:00,1.64659,1.64677,1.6462400000000001,1.6465,224,17,0
2026-06-25 10:30:00,1.6464699999999999,1.64665,1.64605,1.6463299999999998,230,17,0
2026-06-25 10:45:00,1.64635,1.64638,1.64585,1.646,247,17,0
2026-06-25 11:00:00,1.64598,1.64598,1.64547,1.6455600000000001,229,17,0
2026-06-25 11:15:00,1.64554,1.6456499999999998,1.6449,1.64503,257,17,0
2026-06-25 11:30:00,1.64505,1.64533,1.64472,1.64485,281,17,0
2026-06-25 11:45:00,1.6448399999999999,1.64542,1.64467,1.64533,366,17,0
2026-06-25 12:00:00,1.64531,1.6459000000000001,1.64508,1.64585,290,17,0
2026-06-25 12:15:00,1.64587,1.6461999999999999,1.64573,1.64605,267,17,0
2026-06-25 12:30:00,1.64608,1.6462599999999998,1.64458,1.64458,1001,17,0
2026-06-25 12:45:00,1.6446100000000001,1.6446800000000001,1.64318,1.64408,679,17,0
2026-06-25 13:00:00,1.64411,1.64476,1.64385,1.6443699999999999,529,17,0
2026-06-25 13:15:00,1.6444,1.64494,1.64405,1.64473,504,17,0
2026-06-25 13:30:00,1.64476,1.64623,1.64456,1.6459899999999998,742,17,0
2026-06-25 13:45:00,1.6459700000000002,1.6485699999999999,1.64577,1.64853,1166,17,0
2026-06-25 14:00:00,1.64851,1.6487699999999998,1.64676,1.6474,1259,17,0
2026-06-25 14:15:00,1.64743,1.64852,1.64696,1.6476,1080,17,0
2026-06-25 14:30:00,1.64761,1.64887,1.64695,1.64846,903,17,0
2026-06-25 14:45:00,1.6484299999999998,1.64892,1.64688,1.64699,856,17,0
2026-06-25 15:00:00,1.64696,1.64706,1.6457000000000002,1.6465100000000001,823,17,0
2026-06-25 15:15:00,1.64654,1.64684,1.64497,1.6456499999999998,819,17,0
2026-06-25 15:30:00,1.6456300000000001,1.64595,1.64535,1.6454900000000001,724,17,0
2026-06-25 15:45:00,1.64551,1.6457000000000002,1.6445699999999999,1.64485,576,17,0
2026-06-25 16:00:00,1.64483,1.645,1.64388,1.6439300000000001,527,17,0
2026-06-25 16:15:00,1.64391,1.64409,1.6434600000000001,1.6440700000000001,448,17,0
2026-06-25 16:30:00,1.64408,1.6447699999999998,1.6440000000000001,1.64473,413,17,0
2026-06-25 16:45:00,1.64471,1.6449,1.64433,1.6444,402,17,0
2026-06-25 17:00:00,1.6443699999999999,1.6447,1.64406,1.64428,342,17,0
2026-06-25 17:15:00,1.64426,1.6444100000000001,1.64375,1.64408,319,17,0
2026-06-25 17:30:00,1.6440700000000001,1.64438,1.64391,1.64412,251,17,0
2026-06-25 17:45:00,1.64413,1.6445400000000001,1.64404,1.64406,296,17,0
2026-06-25 18:00:00,1.6440299999999999,1.64512,1.64397,1.64496,485,17,0
2026-06-25 18:15:00,1.64493,1.64497,1.6442299999999999,1.64435,311,17,0
2026-06-25 18:30:00,1.6443699999999999,1.64514,1.6443699999999999,1.64503,360,17,0
2026-06-25 18:45:00,1.6450399999999998,1.64532,1.64445,1.64462,290,17,0
2026-06-25 19:00:00,1.6446,1.6452,1.64451,1.64492,279,17,0
2026-06-25 19:15:00,1.64493,1.6453,1.64493,1.64523,249,17,0
2026-06-25 19:30:00,1.64524,1.64585,1.64523,1.64561,300,17,0
2026-06-25 19:45:00,1.6456300000000001,1.646,1.64533,1.64533,321,17,0
2026-06-25 20:00:00,1.6453,1.6457000000000002,1.6449500000000001,1.64558,274,17,0
2026-06-25 20:15:00,1.64557,1.64557,1.64534,1.64539,104,17,0
2026-06-25 20:30:00,1.64543,1.64567,1.64543,1.6456499999999998,86,17,0
2026-06-25 20:45:00,1.64564,1.64569,1.64517,1.64517,166,15,0
2026-06-25 21:00:00,1.6451500000000001,1.6452200000000001,1.6444999999999999,1.64487,156,36,0
2026-06-25 21:15:00,1.6448800000000001,1.64496,1.64446,1.6448399999999999,266,62,0
2026-06-25 21:30:00,1.64486,1.64535,1.64471,1.64474,198,74,0
2026-06-25 21:45:00,1.64473,1.64575,1.64467,1.64546,173,74,0
2026-06-25 22:00:00,1.6458300000000001,1.64611,1.64508,1.64587,140,25,0
2026-06-25 22:15:00,1.64589,1.64596,1.6457000000000002,1.6457199999999998,77,25,0
2026-06-25 22:30:00,1.64573,1.64592,1.64573,1.6458300000000001,90,25,0
2026-06-25 22:45:00,1.64591,1.64593,1.64543,1.6457000000000002,107,25,0
2026-06-25 23:00:00,1.64569,1.64584,1.64532,1.64533,178,17,0
2026-06-25 23:15:00,1.64532,1.64533,1.6448399999999999,1.64521,166,17,0
2026-06-25 23:30:00,1.64523,1.6457600000000001,1.64521,1.6457600000000001,117,17,0
2026-06-25 23:45:00,1.6458,1.64659,1.64577,1.6464699999999999,222,17,0
2026-06-26 00:00:00,1.64643,1.64704,1.64625,1.64691,413,17,0
2026-06-26 00:15:00,1.64689,1.6477,1.64664,1.64752,386,17,0
2026-06-26 00:30:00,1.64754,1.64764,1.64695,1.6473900000000001,351,17,0
2026-06-26 00:45:00,1.64737,1.6475499999999998,1.6468699999999998,1.64737,320,17,0
2026-06-26 01:00:00,1.6473499999999999,1.64801,1.64675,1.64745,433,17,0
2026-06-26 01:15:00,1.64748,1.64748,1.64684,1.64723,360,17,0
2026-06-26 01:30:00,1.64727,1.6484299999999998,1.64727,1.6482,584,17,0
2026-06-26 01:45:00,1.6482299999999999,1.64898,1.6482299999999999,1.64856,564,17,0
2026-06-26 02:00:00,1.64853,1.64971,1.64844,1.6495600000000001,433,17,0
2026-06-26 02:15:00,1.64954,1.65144,1.64939,1.65099,582,17,0
2026-06-26 02:30:00,1.65096,1.6510799999999999,1.65,1.65004,391,17,0
2026-06-26 02:45:00,1.65005,1.65143,1.65001,1.65084,422,17,0
2026-06-26 03:00:00,1.6508099999999999,1.65158,1.65079,1.65102,449,17,0
2026-06-26 03:15:00,1.65104,1.65145,1.65096,1.6512799999999999,234,17,0
2026-06-26 03:30:00,1.6513,1.6516,1.65109,1.65109,372,17,0
2026-06-26 03:45:00,1.6511,1.65147,1.6498599999999999,1.64991,474,17,0
2026-06-26 04:00:00,1.64989,1.65025,1.64954,1.65021,450,17,0
2026-06-26 04:15:00,1.65019,1.65063,1.64961,1.65029,412,17,0
2026-06-26 04:30:00,1.65028,1.6512,1.65008,1.65099,379,17,0
2026-06-26 04:45:00,1.6509800000000001,1.6522700000000001,1.6507800000000001,1.65211,341,17,0
2026-06-26 05:00:00,1.6520700000000001,1.65219,1.6509399999999999,1.6510099999999999,385,17,0
2026-06-26 05:15:00,1.6509800000000001,1.6510099999999999,1.65015,1.65023,312,17,0
2026-06-26 05:30:00,1.65021,1.6508699999999998,1.65009,1.65065,368,17,0
2026-06-26 05:45:00,1.65064,1.6508500000000002,1.64994,1.65046,408,17,0
2026-06-26 06:00:00,1.65045,1.6513200000000001,1.6503100000000002,1.65088,434,17,0
2026-06-26 06:15:00,1.65084,1.6509399999999999,1.6499000000000001,1.6505,425,17,0
2026-06-26 06:30:00,1.6504699999999999,1.6504699999999999,1.64958,1.64962,450,17,0
2026-06-26 06:45:00,1.6496300000000002,1.6497199999999999,1.6486399999999999,1.64914,410,17,0
2026-06-26 07:00:00,1.64912,1.6499899999999998,1.64909,1.64996,494,17,0
2026-06-26 07:15:00,1.6499899999999998,1.65069,1.64995,1.65035,431,17,0
2026-06-26 07:30:00,1.6503299999999999,1.65179,1.6503100000000002,1.65168,437,17,0
2026-06-26 07:45:00,1.6517,1.65269,1.6517,1.65219,411,17,0
2026-06-26 08:00:00,1.65215,1.65306,1.6518899999999999,1.65272,638,17,0
2026-06-26 08:15:00,1.6527500000000002,1.65314,1.65244,1.6527500000000002,469,17,0
2026-06-26 08:30:00,1.65278,1.65347,1.65242,1.65339,432,17,0
2026-06-26 08:45:00,1.6533799999999998,1.6539000000000001,1.65296,1.6534,527,17,0
2026-06-26 09:00:00,1.6534200000000001,1.6536499999999998,1.6525699999999999,1.6529099999999999,444,17,0
2026-06-26 09:15:00,1.6528800000000001,1.65294,1.6521400000000002,1.6524100000000002,388,17,0
2026-06-26 09:30:00,1.65239,1.65269,1.65197,1.65246,316,17,0
2026-06-26 09:45:00,1.65247,1.6528399999999999,1.65206,1.65278,397,17,0
2026-06-26 10:00:00,1.65279,1.65303,1.6521,1.65217,354,17,0
2026-06-26 10:15:00,1.6522000000000001,1.6526100000000001,1.65212,1.6524100000000002,281,17,0
2026-06-26 10:30:00,1.65238,1.6526100000000001,1.65198,1.6522000000000001,293,17,0
2026-06-26 10:45:00,1.65222,1.65233,1.65177,1.65202,262,17,0
2026-06-26 11:00:00,1.65199,1.65215,1.6516,1.65198,295,17,0
2026-06-26 11:15:00,1.6520000000000001,1.65222,1.65165,1.6520000000000001,314,17,0
2026-06-26 11:30:00,1.65199,1.65199,1.65125,1.6515499999999999,327,17,0
2026-06-26 11:45:00,1.65154,1.6520299999999999,1.65136,1.65186,393,17,0
2026-06-26 12:00:00,1.6518899999999999,1.6520899999999998,1.65167,1.6518000000000002,318,17,0
2026-06-26 12:15:00,1.65178,1.65285,1.6514799999999998,1.65283,334,17,0
2026-06-26 12:30:00,1.6528399999999999,1.65414,1.65236,1.65387,421,17,0
2026-06-26 12:45:00,1.65385,1.6556600000000001,1.6537600000000001,1.6552799999999999,706,17,0
2026-06-26 13:00:00,1.65525,1.6552799999999999,1.6534499999999999,1.65362,639,17,0
2026-06-26 13:15:00,1.6536,1.65492,1.6535199999999999,1.65368,688,17,0
2026-06-26 13:30:00,1.6537,1.65464,1.65332,1.65341,800,17,0
2026-06-26 13:45:00,1.65339,1.6537,1.6523400000000001,1.65316,671,17,0
2026-06-26 14:00:00,1.65312,1.65324,1.6520299999999999,1.65218,716,17,0
2026-06-26 14:15:00,1.65217,1.65247,1.65136,1.65141,651,17,0
2026-06-26 14:30:00,1.65143,1.65242,1.65113,1.65237,565,17,0
2026-06-26 14:45:00,1.65236,1.65236,1.65088,1.6513,895,17,0
2026-06-26 15:00:00,1.6513200000000001,1.6522000000000001,1.65106,1.65197,700,17,0
2026-06-26 15:15:00,1.6519300000000001,1.65201,1.6513,1.65133,446,17,0
2026-06-26 15:30:00,1.65131,1.65151,1.65068,1.65082,505,17,0
2026-06-26 15:45:00,1.6508,1.6516199999999999,1.6505800000000002,1.65118,663,17,0
2026-06-26 16:00:00,1.65116,1.6512,1.6508099999999999,1.65091,334,17,0
2026-06-26 16:15:00,1.65089,1.651,1.65057,1.65072,367,17,0
2026-06-26 16:30:00,1.6507,1.6508099999999999,1.65016,1.65036,364,17,0
2026-06-26 16:45:00,1.6503700000000001,1.65065,1.6503,1.65045,233,17,0
2026-06-26 17:00:00,1.65042,1.65077,1.65035,1.65053,232,17,0
2026-06-26 17:15:00,1.65055,1.65088,1.65035,1.6504400000000001,215,17,0
2026-06-26 17:30:00,1.65045,1.65072,1.65025,1.6505,258,17,0
2026-06-26 17:45:00,1.65048,1.6507100000000001,1.65032,1.65066,164,17,0
2026-06-26 18:00:00,1.65069,1.6507800000000001,1.6505100000000001,1.65068,197,17,0
2026-06-26 18:15:00,1.6506699999999999,1.65113,1.6505999999999998,1.65111,177,17,0
2026-06-26 18:30:00,1.6510799999999999,1.65126,1.651,1.6511,169,17,0
2026-06-26 18:45:00,1.6511200000000001,1.65178,1.6511200000000001,1.65149,210,17,0
2026-06-26 19:00:00,1.6514799999999998,1.6515900000000001,1.65103,1.65103,172,17,0
2026-06-26 19:15:00,1.65104,1.65104,1.6506699999999999,1.6507399999999999,185,17,0
2026-06-26 19:30:00,1.65076,1.65095,1.6505999999999998,1.65068,169,17,0
2026-06-26 19:45:00,1.65066,1.65089,1.65038,1.65089,302,17,0
2026-06-26 20:00:00,1.65086,1.65126,1.6506699999999999,1.65097,316,17,0
2026-06-26 20:15:00,1.65093,1.65126,1.65089,1.65118,190,17,0
2026-06-26 20:30:00,1.6512099999999998,1.65197,1.6512099999999998,1.65134,337,17,0
2026-06-26 20:45:00,1.65131,1.6519300000000001,1.65111,1.65114,296,17,0
2026-06-28 21:00:00,1.6521400000000002,1.6521400000000002,1.64896,1.64954,51,136,0
2026-06-28 21:15:00,1.64948,1.6515499999999999,1.6488800000000001,1.65133,145,154,0
2026-06-28 21:30:00,1.65125,1.6519,1.64969,1.6508,217,153,0
2026-06-28 21:45:00,1.65039,1.65164,1.64912,1.65107,207,118,0
2026-06-28 22:00:00,1.6521400000000002,1.6522700000000001,1.65039,1.65093,324,17,0
2026-06-28 22:15:00,1.65089,1.65134,1.65089,1.65127,143,17,0
2026-06-28 22:30:00,1.6513,1.65141,1.6508500000000002,1.65116,125,17,0
2026-06-28 22:45:00,1.65115,1.6513,1.651,1.6513,92,17,0
2026-06-28 23:00:00,1.6513200000000001,1.65136,1.65075,1.65091,154,17,0
2026-06-28 23:15:00,1.6509200000000002,1.65115,1.6509200000000002,1.65093,85,17,0
2026-06-28 23:30:00,1.6509,1.6510799999999999,1.6506699999999999,1.65084,114,17,0
2026-06-28 23:45:00,1.6508699999999998,1.65114,1.65083,1.6509399999999999,194,17,0
2026-06-29 00:00:00,1.6509200000000002,1.65303,1.6508699999999998,1.65303,571,17,0
2026-06-29 00:15:00,1.65305,1.65377,1.65274,1.6535600000000001,410,17,0
2026-06-29 00:30:00,1.65354,1.65368,1.65312,1.65314,387,17,0
2026-06-29 00:45:00,1.65316,1.65419,1.65316,1.6537899999999999,387,17,0
2026-06-29 01:00:00,1.6538,1.65443,1.6534900000000001,1.65404,464,17,0
2026-06-29 01:15:00,1.65407,1.6543299999999999,1.65367,1.65432,433,17,0
2026-06-29 01:30:00,1.65428,1.65472,1.65273,1.65323,521,17,0
2026-06-29 01:45:00,1.6532,1.65373,1.6532,1.65361,383,17,0
2026-06-29 02:00:00,1.65358,1.65381,1.65321,1.6537600000000001,439,17,0
2026-06-29 02:15:00,1.65378,1.65387,1.6521599999999999,1.6524299999999998,350,17,0
2026-06-29 02:30:00,1.65244,1.65306,1.65237,1.65273,347,17,0
2026-06-29 02:45:00,1.65272,1.6528,1.6524100000000002,1.65259,238,17,0
2026-06-29 03:00:00,1.6525699999999999,1.6525699999999999,1.65208,1.65219,247,17,0
2026-06-29 03:15:00,1.65221,1.65222,1.65164,1.6516600000000001,205,17,0
2026-06-29 03:30:00,1.65163,1.65242,1.65158,1.65233,255,17,0
2026-06-29 03:45:00,1.65235,1.65255,1.65206,1.6524,235,17,0
2026-06-29 04:00:00,1.65242,1.65259,1.6521400000000002,1.65219,187,17,0
2026-06-29 04:15:00,1.65221,1.65237,1.65199,1.65226,148,17,0
2026-06-29 04:30:00,1.65228,1.65252,1.65212,1.65229,150,17,0
2026-06-29 04:45:00,1.65232,1.6524,1.65191,1.6522299999999999,235,17,0
2026-06-29 05:00:00,1.65225,1.65255,1.65202,1.65215,331,17,0
2026-06-29 05:15:00,1.65219,1.65246,1.6520299999999999,1.65236,201,17,0
2026-06-29 05:30:00,1.65235,1.6528399999999999,1.65221,1.65221,263,17,0
2026-06-29 05:45:00,1.6522299999999999,1.65266,1.65204,1.65235,294,17,0
2026-06-29 06:00:00,1.65232,1.65265,1.65211,1.6522700000000001,299,17,0
2026-06-29 06:15:00,1.65225,1.65236,1.65164,1.65183,255,17,0
2026-06-29 06:30:00,1.65185,1.65199,1.65147,1.65154,251,17,0
2026-06-29 06:45:00,1.65152,1.65346,1.6515,1.6532499999999999,371,17,0
2026-06-29 07:00:00,1.65323,1.65344,1.65239,1.65239,401,17,0
2026-06-29 07:15:00,1.65236,1.65298,1.6522999999999999,1.6526800000000001,368,17,0
2026-06-29 07:30:00,1.65266,1.65348,1.65266,1.65327,301,17,0
2026-06-29 07:45:00,1.6532900000000001,1.65359,1.65298,1.65359,303,17,0
2026-06-29 08:00:00,1.65361,1.65418,1.65354,1.65381,362,17,0
2026-06-29 08:15:00,1.6537899999999999,1.65429,1.6537199999999999,1.65423,261,17,0
2026-06-29 08:30:00,1.65421,1.65423,1.6532900000000001,1.65351,350,17,0
2026-06-29 08:45:00,1.6535199999999999,1.65373,1.6532499999999999,1.65357,345,17,0
2026-06-29 09:00:00,1.65359,1.65359,1.65293,1.6532200000000001,307,17,0
2026-06-29 09:15:00,1.65324,1.65343,1.65287,1.6528800000000001,280,17,0
2026-06-29 09:30:00,1.65286,1.6532,1.6528,1.65299,274,17,0
2026-06-29 09:45:00,1.653,1.65305,1.65266,1.65285,276,17,0
2026-06-29 10:00:00,1.65283,1.65309,1.65271,1.6528,246,17,0
2026-06-29 10:15:00,1.6528100000000001,1.65287,1.65255,1.65256,158,17,0
2026-06-29 10:30:00,1.65255,1.65282,1.65246,1.65267,177,17,0
2026-06-29 10:45:00,1.6526999999999998,1.6528100000000001,1.6524299999999998,1.6527699999999999,220,17,0
2026-06-29 11:00:00,1.65273,1.65344,1.6525699999999999,1.65343,254,17,0
2026-06-29 11:15:00,1.6534200000000001,1.6534900000000001,1.65267,1.65279,247,17,0
2026-06-29 11:30:00,1.6527699999999999,1.65305,1.6525699999999999,1.6526100000000001,311,17,0
2026-06-29 11:45:00,1.6525699999999999,1.65335,1.65233,1.6531500000000001,307,17,0
2026-06-29 12:00:00,1.65314,1.6533,1.6527500000000002,1.65285,213,17,0
2026-06-29 12:15:00,1.6528399999999999,1.65309,1.65242,1.65306,292,17,0
2026-06-29 12:30:00,1.65305,1.65377,1.65283,1.65367,278,17,0
2026-06-29 12:45:00,1.65369,1.65382,1.6532200000000001,1.65327,244,17,0
2026-06-29 13:00:00,1.65323,1.65373,1.65317,1.65367,227,17,0
2026-06-29 13:15:00,1.65368,1.65389,1.6534900000000001,1.65385,234,17,0
2026-06-29 13:30:00,1.65387,1.6546699999999999,1.65384,1.65448,505,17,0
2026-06-29 13:45:00,1.6545,1.65651,1.6543299999999999,1.65629,560,17,0
2026-06-29 14:00:00,1.65631,1.65831,1.65615,1.6582599999999998,673,17,0
2026-06-29 14:15:00,1.65828,1.65909,1.65801,1.65829,797,17,0
2026-06-29 14:30:00,1.65825,1.65915,1.65782,1.6586699999999999,652,17,0
2026-06-29 14:45:00,1.65869,1.66001,1.65839,1.65999,676,17,0
2026-06-29 15:00:00,1.65995,1.6600899999999998,1.65923,1.65924,525,17,0
2026-06-29 15:15:00,1.65926,1.65984,1.6591,1.65951,420,17,0
2026-06-29 15:30:00,1.65949,1.66026,1.6593,1.6593499999999999,463,17,0
2026-06-29 15:45:00,1.65933,1.65972,1.65906,1.65936,385,17,0
2026-06-29 16:00:00,1.65934,1.65944,1.65892,1.65893,310,17,0
2026-06-29 16:15:00,1.65889,1.65904,1.6587800000000001,1.65892,190,17,0
2026-06-29 16:30:00,1.65891,1.65916,1.6585,1.65854,200,17,0
2026-06-29 16:45:00,1.65856,1.6592099999999999,1.65845,1.65909,239,17,0
2026-06-29 17:00:00,1.65906,1.6590799999999999,1.65866,1.6587399999999999,196,17,0
2026-06-29 17:15:00,1.6587,1.6587399999999999,1.6585,1.65857,183,17,0
2026-06-29 17:30:00,1.6585800000000002,1.6588500000000002,1.65849,1.65872,168,17,0
2026-06-29 17:45:00,1.65873,1.65906,1.65866,1.65882,175,17,0
2026-06-29 18:00:00,1.6588,1.6588,1.65832,1.65845,185,17,0
2026-06-29 18:15:00,1.6584699999999999,1.6586400000000001,1.65835,1.6584400000000001,145,17,0
2026-06-29 18:30:00,1.65842,1.65854,1.65808,1.65819,148,17,0
2026-06-29 18:45:00,1.65821,1.65821,1.6579899999999999,1.65814,162,17,0
2026-06-29 19:00:00,1.65811,1.65836,1.65809,1.65816,122,17,0
2026-06-29 19:15:00,1.65815,1.65825,1.658,1.65812,98,17,0
2026-06-29 19:30:00,1.6581299999999999,1.65819,1.65789,1.65794,131,17,0
2026-06-29 19:45:00,1.6579199999999998,1.65845,1.6579199999999998,1.6582,180,17,0
2026-06-29 20:00:00,1.6581700000000001,1.65834,1.6581299999999999,1.65816,129,17,0
2026-06-29 20:15:00,1.65814,1.6585,1.65808,1.65849,57,17,0
2026-06-29 20:30:00,1.6585100000000002,1.6585100000000002,1.65827,1.6584699999999999,84,17,0
2026-06-29 20:45:00,1.65848,1.6588,1.65841,1.6587100000000001,90,15,0
2026-06-29 21:00:00,1.6586699999999999,1.6586699999999999,1.6572200000000001,1.65789,219,32,0
2026-06-29 21:15:00,1.65793,1.65812,1.6578,1.65795,242,104,0
2026-06-29 21:30:00,1.65794,1.65814,1.65789,1.65793,203,122,0
2026-06-29 21:45:00,1.6579199999999998,1.65827,1.65777,1.65798,180,42,0
2026-06-29 22:00:00,1.6581299999999999,1.6584400000000001,1.6578300000000001,1.65831,167,25,0
2026-06-29 22:15:00,1.65829,1.65838,1.65819,1.65823,45,25,0
2026-06-29 22:30:00,1.65822,1.65839,1.65821,1.6583700000000001,43,25,0
2026-06-29 22:45:00,1.65838,1.65868,1.65838,1.65865,53,25,0
2026-06-29 23:00:00,1.65869,1.6587100000000001,1.6584400000000001,1.65848,71,17,0
2026-06-29 23:15:00,1.6584699999999999,1.6584699999999999,1.65823,1.65842,55,17,0
2026-06-29 23:30:00,1.65841,1.65862,1.65836,1.6583700000000001,67,17,0
2026-06-29 23:45:00,1.65839,1.6593,1.65839,1.65915,160,17,0
2026-06-30 00:00:00,1.65918,1.6609699999999998,1.65918,1.66033,482,17,0
2026-06-30 00:15:00,1.66031,1.6605699999999999,1.65988,1.6604700000000001,276,17,0
2026-06-30 00:30:00,1.66045,1.66078,1.66017,1.66059,292,17,0
2026-06-30 00:45:00,1.6605699999999999,1.66182,1.6605699999999999,1.66093,512,17,0
2026-06-30 01:00:00,1.66089,1.66181,1.66078,1.66078,556,17,0
2026-06-30 01:15:00,1.6608100000000001,1.6608399999999999,1.65876,1.6588500000000002,446,17,0
2026-06-30 01:30:00,1.65883,1.65952,1.65829,1.65911,475,17,0
2026-06-30 01:45:00,1.6591,1.6601,1.6588699999999998,1.65985,447,17,0
2026-06-30 02:00:00,1.65983,1.6603400000000001,1.65941,1.6602000000000001,387,17,0
2026-06-30 02:15:00,1.6601599999999999,1.66055,1.6601,1.66053,260,17,0
2026-06-30 02:30:00,1.66051,1.66109,1.66046,1.66083,271,17,0
2026-06-30 02:45:00,1.6608100000000001,1.66093,1.65992,1.6602299999999999,294,17,0
2026-06-30 03:00:00,1.66021,1.66021,1.6593499999999999,1.65998,284,17,0
2026-06-30 03:15:00,1.65994,1.65994,1.65927,1.65943,256,17,0
2026-06-30 03:30:00,1.65945,1.6596199999999999,1.6592799999999999,1.6595,226,17,0
2026-06-30 03:45:00,1.65951,1.65954,1.6591399999999998,1.6593499999999999,177,17,0
2026-06-30 04:00:00,1.65931,1.65931,1.65872,1.65879,184,17,0
2026-06-30 04:15:00,1.65876,1.65889,1.65838,1.65843,132,17,0
2026-06-30 04:30:00,1.65842,1.65856,1.6582,1.6585,170,17,0
2026-06-30 04:45:00,1.6585299999999998,1.65857,1.65795,1.65804,240,17,0
2026-06-30 05:00:00,1.6580599999999999,1.6580599999999999,1.65713,1.65717,350,17,0
2026-06-30 05:15:00,1.6571799999999999,1.65758,1.65716,1.6573099999999998,177,17,0
2026-06-30 05:30:00,1.65734,1.65781,1.65725,1.6573799999999999,238,17,0
2026-06-30 05:45:00,1.65737,1.65758,1.65673,1.6574,433,17,0
2026-06-30 06:00:00,1.65737,1.6577600000000001,1.6569500000000001,1.6576,422,17,0
2026-06-30 06:15:00,1.6576300000000002,1.65764,1.6568399999999999,1.6569099999999999,342,17,0
2026-06-30 06:30:00,1.65689,1.65805,1.6568399999999999,1.65786,488,17,0
2026-06-30 06:45:00,1.6578300000000001,1.6579700000000002,1.65741,1.65768,392,17,0
2026-06-30 07:00:00,1.6576499999999998,1.6583999999999999,1.6576499999999998,1.6579899999999999,416,17,0
2026-06-30 07:15:00,1.65802,1.6585800000000002,1.65794,1.658,287,17,0
2026-06-30 07:30:00,1.65798,1.65805,1.65721,1.65754,346,17,0
2026-06-30 07:45:00,1.6575600000000001,1.65774,1.65712,1.65735,344,17,0
2026-06-30 08:00:00,1.65732,1.65737,1.65585,1.65601,557,17,0
2026-06-30 08:15:00,1.65599,1.65615,1.65529,1.65557,409,17,0
2026-06-30 08:30:00,1.6556,1.6560000000000001,1.65496,1.6555,416,17,0
2026-06-30 08:45:00,1.65552,1.65576,1.6551399999999998,1.65567,289,17,0
2026-06-30 09:00:00,1.6557,1.65577,1.65468,1.65483,341,17,0
2026-06-30 09:15:00,1.65479,1.65534,1.6545299999999998,1.65527,241,17,0
2026-06-30 09:30:00,1.6553,1.65541,1.65502,1.6551200000000001,233,17,0
2026-06-30 09:45:00,1.6551399999999998,1.6556600000000001,1.655,1.65549,273,17,0
2026-06-30 10:00:00,1.6554600000000002,1.65571,1.65503,1.65506,228,17,0
2026-06-30 10:15:00,1.65507,1.65513,1.65462,1.65506,239,17,0
2026-06-30 10:30:00,1.65503,1.65586,1.6549800000000001,1.6556600000000001,254,17,0
2026-06-30 10:45:00,1.65565,1.6556899999999999,1.6546699999999999,1.6548,277,17,0
2026-06-30 11:00:00,1.65477,1.65509,1.65445,1.65448,298,17,0
2026-06-30 11:15:00,1.6544400000000001,1.65488,1.65404,1.6545299999999998,324,17,0
2026-06-30 11:30:00,1.6545,1.65452,1.65373,1.65448,336,17,0
2026-06-30 11:45:00,1.6544699999999999,1.65452,1.6537199999999999,1.6540300000000001,243,17,0
2026-06-30 12:00:00,1.6540599999999999,1.65464,1.65369,1.65455,304,17,0
2026-06-30 12:15:00,1.6545299999999998,1.65488,1.65439,1.65482,298,17,0
2026-06-30 12:30:00,1.65483,1.6549800000000001,1.65443,1.6548,388,17,0
2026-06-30 12:45:00,1.65479,1.6555,1.6546699999999999,1.6552099999999998,287,17,0
2026-06-30 13:00:00,1.6551900000000002,1.6551900000000002,1.65443,1.65449,300,17,0
2026-06-30 13:15:00,1.6545100000000001,1.65484,1.65431,1.65452,336,17,0
2026-06-30 13:30:00,1.6545100000000001,1.65462,1.65388,1.65412,453,17,0
2026-06-30 13:45:00,1.65411,1.65414,1.6533799999999998,1.6534200000000001,471,17,0
2026-06-30 14:00:00,1.6534499999999999,1.6535600000000001,1.65211,1.6522700000000001,698,17,0
2026-06-30 14:15:00,1.65231,1.6526800000000001,1.65167,1.6516899999999999,663,17,0
2026-06-30 14:30:00,1.65167,1.65219,1.65117,1.65164,652,17,0
2026-06-30 14:45:00,1.6516199999999999,1.65231,1.64978,1.65086,1269,17,0
2026-06-30 15:00:00,1.6509,1.65106,1.64985,1.6506699999999999,800,17,0
2026-06-30 15:15:00,1.65069,1.6515,1.65069,1.6514799999999998,395,17,0
2026-06-30 15:30:00,1.65149,1.65183,1.65122,1.6514,418,17,0
2026-06-30 15:45:00,1.65137,1.65137,1.6509800000000001,1.65118,335,17,0
2026-06-30 16:00:00,1.6511900000000002,1.6515900000000001,1.6508699999999998,1.65129,349,17,0
2026-06-30 16:15:00,1.65131,1.65175,1.65122,1.65167,253,17,0
2026-06-30 16:30:00,1.65164,1.65195,1.65151,1.65176,239,17,0
2026-06-30 16:45:00,1.6517300000000001,1.65175,1.65114,1.6512799999999999,203,17,0
2026-06-30 17:00:00,1.65129,1.65156,1.6510799999999999,1.65116,193,17,0
2026-06-30 17:15:00,1.65118,1.65134,1.6510500000000001,1.6513200000000001,132,17,0
2026-06-30 17:30:00,1.65131,1.6513499999999999,1.6505800000000002,1.65059,145,17,0
2026-06-30 17:45:00,1.6505999999999998,1.65093,1.65055,1.65084,154,17,0
2026-06-30 18:00:00,1.65082,1.65106,1.65077,1.65106,169,17,0
2026-06-30 18:15:00,1.65103,1.65106,1.65082,1.65099,120,17,0
2026-06-30 18:30:00,1.651,1.65109,1.6505,1.65055,165,17,0
2026-06-30 18:45:00,1.65054,1.65054,1.65009,1.6502,185,17,0
2026-06-30 19:00:00,1.65018,1.6503700000000001,1.65002,1.6502,170,17,0
2026-06-30 19:15:00,1.65021,1.6502599999999998,1.64981,1.64985,141,17,0
2026-06-30 19:30:00,1.64988,1.65007,1.64966,1.6499700000000002,170,17,0
2026-06-30 19:45:00,1.64994,1.65041,1.64991,1.6503700000000001,246,17,0
2026-06-30 20:00:00,1.6503999999999999,1.65068,1.65025,1.65052,213,17,0
2026-06-30 20:15:00,1.6505,1.65056,1.65034,1.65055,105,17,0
2026-06-30 20:30:00,1.6505800000000002,1.6506699999999999,1.6504400000000001,1.6504400000000001,75,17,0
2026-06-30 20:45:00,1.65041,1.65055,1.6503700000000001,1.6505100000000001,124,15,0
2026-06-30 21:00:00,1.65049,1.65052,1.64994,1.64994,133,16,0
2026-06-30 21:15:00,1.64993,1.6503299999999999,1.6498599999999999,1.6503299999999999,272,114,0
2026-06-30 21:30:00,1.65036,1.65048,1.6501700000000001,1.65046,182,86,0
2026-06-30 21:45:00,1.6504699999999999,1.65106,1.65012,1.65012,185,16,0
2026-06-30 22:00:00,1.64991,1.65089,1.64982,1.65086,125,25,0
2026-06-30 22:15:00,1.6508699999999998,1.65102,1.6507,1.6509,76,25,0
2026-06-30 22:30:00,1.65089,1.65093,1.65082,1.65086,30,25,0
2026-06-30 22:45:00,1.6508500000000002,1.65096,1.6507399999999999,1.6507800000000001,68,25,0
2026-06-30 23:00:00,1.65082,1.65088,1.6505999999999998,1.65077,55,17,0
2026-06-30 23:15:00,1.6507399999999999,1.6508099999999999,1.65053,1.6507800000000001,74,17,0
2026-06-30 23:30:00,1.65075,1.65091,1.65065,1.6508099999999999,82,17,0
2026-06-30 23:45:00,1.6508,1.6512,1.6505100000000001,1.6511,175,17,0
2026-07-01 00:00:00,1.65107,1.65113,1.65075,1.65107,263,17,0
2026-07-01 00:15:00,1.6510500000000001,1.65244,1.651,1.65233,316,17,0
2026-07-01 00:30:00,1.6522999999999999,1.65258,1.6518000000000002,1.65256,290,17,0
2026-07-01 00:45:00,1.6525400000000001,1.65319,1.65252,1.65319,385,17,0
2026-07-01 01:00:00,1.65316,1.65389,1.65282,1.65358,387,17,0
2026-07-01 01:15:00,1.6535600000000001,1.6542599999999998,1.65339,1.6539899999999998,435,17,0
2026-07-01 01:30:00,1.65398,1.65459,1.6538,1.65445,308,17,0
2026-07-01 01:45:00,1.65446,1.6552799999999999,1.65435,1.65466,400,17,0
2026-07-01 02:00:00,1.65464,1.65676,1.65464,1.65631,462,17,0
2026-07-01 02:15:00,1.65633,1.65664,1.6554600000000002,1.6554600000000002,334,17,0
2026-07-01 02:30:00,1.65544,1.6556,1.65483,1.65495,294,17,0
2026-07-01 02:45:00,1.65496,1.65557,1.6546699999999999,1.6555,229,17,0
2026-07-01 03:00:00,1.65549,1.6558199999999998,1.6551200000000001,1.6552799999999999,255,17,0
2026-07-01 03:15:00,1.65526,1.65554,1.65503,1.65534,231,17,0
2026-07-01 03:30:00,1.6553499999999999,1.6553900000000001,1.65509,1.6553900000000001,195,17,0
2026-07-01 03:45:00,1.6554,1.6554,1.65472,1.6547399999999999,143,17,0
2026-07-01 04:00:00,1.65472,1.65587,1.6547100000000001,1.65586,216,17,0
2026-07-01 04:15:00,1.65584,1.6561599999999999,1.65577,1.6558000000000002,181,17,0
2026-07-01 04:30:00,1.65583,1.65586,1.65533,1.6554,210,17,0
2026-07-01 04:45:00,1.65541,1.65541,1.65499,1.6552,171,17,0
2026-07-01 05:00:00,1.6552099999999998,1.65541,1.65491,1.65538,221,17,0
2026-07-01 05:15:00,1.65537,1.65553,1.65484,1.6549,200,17,0
2026-07-01 05:30:00,1.6548699999999998,1.65499,1.65429,1.65457,295,17,0
2026-07-01 05:45:00,1.65459,1.65483,1.65394,1.65432,301,17,0
2026-07-01 06:00:00,1.65436,1.65507,1.65436,1.65484,369,17,0
2026-07-01 06:15:00,1.6548500000000002,1.65531,1.65482,1.65495,241,17,0
2026-07-01 06:30:00,1.65492,1.6554,1.65477,1.65488,262,17,0
2026-07-01 06:45:00,1.6548500000000002,1.65503,1.65462,1.65462,218,17,0
2026-07-01 07:00:00,1.65461,1.65466,1.65394,1.65448,423,17,0
2026-07-01 07:15:00,1.6544699999999999,1.65475,1.65402,1.65423,270,17,0
2026-07-01 07:30:00,1.65421,1.6550099999999999,1.65387,1.6549800000000001,328,17,0
2026-07-01 07:45:00,1.65495,1.65495,1.6537899999999999,1.6540599999999999,331,17,0
2026-07-01 08:00:00,1.6540300000000001,1.65472,1.65393,1.65421,289,17,0
2026-07-01 08:15:00,1.65423,1.6544400000000001,1.65327,1.6533600000000002,245,17,0
2026-07-01 08:30:00,1.65333,1.6536300000000002,1.65328,1.65332,292,17,0
2026-07-01 08:45:00,1.65334,1.6540300000000001,1.65332,1.65358,279,17,0
2026-07-01 09:00:00,1.65361,1.6538599999999999,1.65321,1.65326,283,17,0
2026-07-01 09:15:00,1.65328,1.6534499999999999,1.65266,1.6526999999999998,223,17,0
2026-07-01 09:30:00,1.65267,1.6528100000000001,1.65236,1.65267,261,17,0
2026-07-01 09:45:00,1.65265,1.65286,1.6522000000000001,1.65286,235,17,0
2026-07-01 10:00:00,1.6528399999999999,1.65314,1.6527699999999999,1.65309,221,17,0
2026-07-01 10:15:00,1.65307,1.6531799999999999,1.6528100000000001,1.6529,181,17,0
2026-07-01 10:30:00,1.6528800000000001,1.65296,1.65245,1.6525699999999999,212,17,0
2026-07-01 10:45:00,1.65255,1.65259,1.65208,1.6522000000000001,177,17,0
2026-07-01 11:00:00,1.65217,1.6522700000000001,1.65176,1.65194,238,17,0
2026-07-01 11:15:00,1.65195,1.6520000000000001,1.65167,1.65195,184,17,0
2026-07-01 11:30:00,1.65198,1.65263,1.65198,1.6521400000000002,242,17,0
2026-07-01 11:45:00,1.6521599999999999,1.6523400000000001,1.65152,1.65157,339,17,0
2026-07-01 12:00:00,1.6516,1.65228,1.65111,1.65114,359,17,0
2026-07-01 12:15:00,1.65111,1.65126,1.65039,1.65049,367,17,0
2026-07-01 12:30:00,1.65052,1.65066,1.6495199999999999,1.64978,447,17,0
2026-07-01 12:45:00,1.6497600000000001,1.65016,1.64966,1.64977,323,17,0
2026-07-01 13:00:00,1.64974,1.65061,1.6496300000000002,1.6500599999999999,553,17,0
2026-07-01 13:15:00,1.65004,1.65032,1.6491799999999999,1.64996,798,17,0
2026-07-01 13:30:00,1.6499899999999998,1.65073,1.64962,1.6497899999999999,952,17,0
2026-07-01 13:45:00,1.64981,1.65064,1.64971,1.65043,797,17,0
2026-07-01 14:00:00,1.6505,1.6510099999999999,1.64987,1.65012,799,17,0
2026-07-01 14:15:00,1.65009,1.6503,1.64913,1.6496499999999998,533,17,0
2026-07-01 14:30:00,1.64966,1.6503700000000001,1.6495,1.6503700000000001,495,17,0
2026-07-01 14:45:00,1.65039,1.65161,1.65029,1.65057,774,17,0
2026-07-01 15:00:00,1.6505999999999998,1.6509800000000001,1.65035,1.6505,506,17,0
2026-07-01 15:15:00,1.65048,1.65048,1.64978,1.6502400000000002,314,17,0
2026-07-01 15:30:00,1.65027,1.6505999999999998,1.64916,1.6492499999999999,473,17,0
2026-07-01 15:45:00,1.64926,1.6496,1.64909,1.64919,335,17,0
2026-07-01 16:00:00,1.6491500000000001,1.6494900000000001,1.64894,1.64931,376,17,0
2026-07-01 16:15:00,1.64934,1.64942,1.64863,1.64881,328,17,0
2026-07-01 16:30:00,1.64878,1.64914,1.64869,1.64903,229,17,0
2026-07-01 16:45:00,1.6490399999999998,1.64944,1.6490200000000002,1.6492900000000001,234,17,0
2026-07-01 17:00:00,1.64926,1.64991,1.64906,1.64943,275,17,0
2026-07-01 17:15:00,1.64942,1.6497600000000001,1.6492900000000001,1.64962,201,17,0
2026-07-01 17:30:00,1.6496,1.6497000000000002,1.64935,1.64947,144,17,0
2026-07-01 17:45:00,1.64946,1.64962,1.64931,1.64962,143,17,0
2026-07-01 18:00:00,1.6496,1.64996,1.64948,1.6498599999999999,192,17,0
2026-07-01 18:15:00,1.64984,1.65036,1.64982,1.64998,230,17,0
2026-07-01 18:30:00,1.64996,1.6501299999999999,1.6497600000000001,1.65005,157,17,0
2026-07-01 18:45:00,1.65008,1.65039,1.65005,1.6502599999999998,159,17,0
2026-07-01 19:00:00,1.65027,1.65027,1.64977,1.6498599999999999,164,17,0
2026-07-01 19:15:00,1.64985,1.6501000000000001,1.6498300000000001,1.65003,130,17,0
2026-07-01 19:30:00,1.65,1.65025,1.64993,1.65025,116,17,0
2026-07-01 19:45:00,1.6502400000000002,1.65066,1.6501700000000001,1.65059,197,17,0
2026-07-01 20:00:00,1.65056,1.6509200000000002,1.65056,1.65076,188,17,0
2026-07-01 20:15:00,1.6507800000000001,1.65091,1.65068,1.65084,96,17,0
2026-07-01 20:30:00,1.6508099999999999,1.6509399999999999,1.65066,1.65066,86,17,0
2026-07-01 20:45:00,1.6506699999999999,1.65068,1.6503,1.65036,144,16,0
2026-07-01 21:00:00,1.65038,1.65043,1.6495600000000001,1.6495600000000001,196,18,0
2026-07-01 21:15:00,1.64958,1.65,1.64958,1.6499000000000001,266,74,0
2026-07-01 21:30:00,1.64992,1.65004,1.64955,1.64996,229,64,0
2026-07-01 21:45:00,1.64993,1.65025,1.6495600000000001,1.6495600000000001,130,56,0
2026-07-01 22:00:00,1.6495199999999999,1.6507100000000001,1.6495199999999999,1.65039,103,25,0
2026-07-01 22:15:00,1.6503,1.6505800000000002,1.6503,1.65054,65,25,0
2026-07-01 22:30:00,1.6505100000000001,1.6507800000000001,1.6504699999999999,1.65075,61,25,0
2026-07-01 22:45:00,1.6507399999999999,1.6507399999999999,1.6503299999999999,1.65073,49,25,0
2026-07-01 23:00:00,1.65077,1.6508500000000002,1.65068,1.6508,45,17,0
2026-07-01 23:15:00,1.65077,1.6508699999999998,1.6507,1.65086,32,17,0
2026-07-01 23:30:00,1.6508699999999998,1.65102,1.6507800000000001,1.6508500000000002,53,17,0
2026-07-01 23:45:00,1.65086,1.6513900000000001,1.65083,1.65126,167,17,0
2026-07-02 00:00:00,1.65129,1.6528800000000001,1.65107,1.6527699999999999,559,17,0
2026-07-02 00:15:00,1.65273,1.65273,1.65184,1.65187,344,17,0
2026-07-02 00:30:00,1.65186,1.65253,1.6514799999999998,1.6524100000000002,298,17,0
2026-07-02 00:45:00,1.6524299999999998,1.6524299999999998,1.65115,1.6513200000000001,372,17,0
2026-07-02 01:00:00,1.65134,1.65134,1.64998,1.6499899999999998,392,17,0
2026-07-02 01:15:00,1.64998,1.65099,1.64998,1.65079,355,17,0
2026-07-02 01:30:00,1.65082,1.6510500000000001,1.65043,1.65091,380,17,0
2026-07-02 01:45:00,1.6509399999999999,1.65111,1.6503999999999999,1.6507399999999999,307,17,0
2026-07-02 02:00:00,1.65077,1.65097,1.65016,1.65021,311,17,0
2026-07-02 02:15:00,1.65023,1.65055,1.65002,1.6504400000000001,262,17,0
2026-07-02 02:30:00,1.6504699999999999,1.65069,1.65022,1.65028,213,17,0
2026-07-02 02:45:00,1.65029,1.65103,1.65021,1.65099,189,17,0
2026-07-02 03:00:00,1.65096,1.6520299999999999,1.6506699999999999,1.65187,278,17,0
2026-07-02 03:15:00,1.65184,1.65259,1.65164,1.65199,282,17,0
2026-07-02 03:30:00,1.6520000000000001,1.65202,1.65137,1.6516199999999999,235,17,0
2026-07-02 03:45:00,1.65165,1.65192,1.65118,1.65125,226,17,0
2026-07-02 04:00:00,1.65124,1.65175,1.6511,1.6516600000000001,274,17,0
2026-07-02 04:15:00,1.65164,1.65211,1.65164,1.65181,151,17,0
2026-07-02 04:30:00,1.65178,1.65225,1.65176,1.65198,175,17,0
2026-07-02 04:45:00,1.65199,1.65213,1.65137,1.6514799999999998,197,17,0
2026-07-02 05:00:00,1.65144,1.65181,1.65134,1.65138,186,17,0
2026-07-02 05:15:00,1.6514199999999999,1.6515900000000001,1.65099,1.6515499999999999,170,17,0
2026-07-02 05:30:00,1.65157,1.65181,1.65144,1.65154,244,17,0
2026-07-02 05:45:00,1.6515499999999999,1.6519,1.6513499999999999,1.65163,253,17,0
2026-07-02 06:00:00,1.6516,1.65195,1.6510099999999999,1.65174,437,17,0
2026-07-02 06:15:00,1.65171,1.65195,1.65143,1.65165,312,17,0
2026-07-02 06:30:00,1.6516199999999999,1.65231,1.65131,1.65225,263,17,0
2026-07-02 06:45:00,1.65224,1.65236,1.65168,1.65231,500,17,0
2026-07-02 07:00:00,1.65229,1.65294,1.65229,1.65276,419,17,0
2026-07-02 07:15:00,1.6527500000000002,1.6539700000000002,1.65272,1.65357,389,17,0
2026-07-02 07:30:00,1.6536,1.65393,1.65327,1.65385,364,17,0
2026-07-02 07:45:00,1.65388,1.65558,1.6537899999999999,1.65552,427,17,0
2026-07-02 08:00:00,1.65554,1.65563,1.6542,1.6542,649,17,0
2026-07-02 08:15:00,1.65423,1.65449,1.65289,1.65332,569,17,0
2026-07-02 08:30:00,1.6533099999999998,1.65359,1.65248,1.65266,428,17,0
2026-07-02 08:45:00,1.6526399999999999,1.65316,1.65228,1.65283,441,17,0
2026-07-02 09:00:00,1.6528,1.6532499999999999,1.65272,1.65324,368,17,0
2026-07-02 09:15:00,1.65323,1.6537600000000001,1.6530399999999998,1.65341,298,17,0
2026-07-02 09:30:00,1.6534,1.6534,1.6526399999999999,1.6529,324,17,0
2026-07-02 09:45:00,1.65292,1.65298,1.65249,1.6525400000000001,295,17,0
2026-07-02 10:00:00,1.65252,1.65316,1.65251,1.6526399999999999,332,17,0
2026-07-02 10:15:00,1.65263,1.65314,1.65249,1.65299,259,17,0
2026-07-02 10:30:00,1.65303,1.65348,1.65286,1.65348,218,17,0
2026-07-02 10:45:00,1.6534900000000001,1.6541700000000001,1.6534900000000001,1.65414,212,17,0
2026-07-02 11:00:00,1.6541700000000001,1.65463,1.65408,1.65456,257,17,0
2026-07-02 11:15:00,1.6545800000000002,1.6549800000000001,1.65456,1.6549399999999999,244,17,0
2026-07-02 11:30:00,1.65492,1.6553200000000001,1.6548500000000002,1.65499,235,17,0
2026-07-02 11:45:00,1.6549800000000001,1.6555900000000001,1.6548699999999998,1.6555900000000001,256,17,0
2026-07-02 12:00:00,1.65558,1.65579,1.6543299999999999,1.65438,434,17,0
2026-07-02 12:15:00,1.65439,1.65461,1.65396,1.65409,458,17,0
2026-07-02 12:30:00,1.65404,1.65449,1.6514799999999998,1.65299,2314,17,0
2026-07-02 12:45:00,1.6530200000000002,1.65393,1.65253,1.65364,1252,17,0
2026-07-02 13:00:00,1.65361,1.6543700000000001,1.65247,1.6528100000000001,1063,17,0
2026-07-02 13:15:00,1.6527699999999999,1.6529099999999999,1.65199,1.65204,676,17,0
2026-07-02 13:30:00,1.6520700000000001,1.6522700000000001,1.6496,1.6498,929,17,0
2026-07-02 13:45:00,1.64978,1.65056,1.6491799999999999,1.65,809,17,0
2026-07-02 14:00:00,1.65002,1.6516600000000001,1.64994,1.65052,875,17,0
2026-07-02 14:15:00,1.6505100000000001,1.6513200000000001,1.6497899999999999,1.65122,804,17,0
2026-07-02 14:30:00,1.6511900000000002,1.65164,1.65053,1.65138,849,17,0
2026-07-02 14:45:00,1.6514,1.65158,1.65009,1.65009,863,17,0
2026-07-02 15:00:00,1.6500599999999999,1.6516,1.64993,1.65061,735,17,0
2026-07-02 15:15:00,1.65065,1.65122,1.65032,1.65059,571,17,0
2026-07-02 15:30:00,1.65063,1.6506699999999999,1.6497199999999999,1.6504400000000001,495,17,0
2026-07-02 15:45:00,1.65045,1.6516899999999999,1.6503999999999999,1.65168,464,17,0
2026-07-02 16:00:00,1.65171,1.6521599999999999,1.6510099999999999,1.65117,507,17,0
2026-07-02 16:15:00,1.65116,1.65185,1.65116,1.65178,438,17,0
2026-07-02 16:30:00,1.65176,1.6524999999999999,1.65174,1.65186,445,17,0
2026-07-02 16:45:00,1.65183,1.6520000000000001,1.65144,1.65197,362,17,0
2026-07-02 17:00:00,1.6519599999999999,1.65246,1.65158,1.65183,376,17,0
2026-07-02 17:15:00,1.6518000000000002,1.65206,1.65157,1.65191,257,17,0
2026-07-02 17:30:00,1.6518899999999999,1.65265,1.65171,1.65262,344,17,0
2026-07-02 17:45:00,1.6526,1.65274,1.6523400000000001,1.65273,285,17,0
2026-07-02 18:00:00,1.6527500000000002,1.6528800000000001,1.65195,1.65217,345,17,0
2026-07-02 18:15:00,1.6521599999999999,1.65242,1.65199,1.65199,255,17,0
2026-07-02 18:30:00,1.65201,1.6522299999999999,1.65177,1.65185,221,17,0
2026-07-02 18:45:00,1.65187,1.65232,1.65181,1.6520700000000001,217,17,0
2026-07-02 19:00:00,1.6520899999999998,1.6528,1.65205,1.6526100000000001,267,17,0
2026-07-02 19:15:00,1.65262,1.65294,1.65252,1.65274,188,17,0
2026-07-02 19:30:00,1.65273,1.6527699999999999,1.65202,1.6520299999999999,206,17,0
2026-07-02 19:45:00,1.65204,1.65213,1.65137,1.65143,282,17,0
2026-07-02 20:00:00,1.6514600000000002,1.6518899999999999,1.6514600000000002,1.6517300000000001,173,17,0
2026-07-02 20:15:00,1.65171,1.65187,1.6515499999999999,1.65177,70,17,0
2026-07-02 20:30:00,1.6517300000000001,1.65174,1.65151,1.6517300000000001,70,17,0
2026-07-02 20:45:00,1.65174,1.65177,1.65151,1.65163,143,16,0
2026-07-02 21:00:00,1.6516199999999999,1.65165,1.6506699999999999,1.6508500000000002,117,15,0
2026-07-02 21:15:00,1.6508699999999998,1.65124,1.65084,1.65104,280,174,0
2026-07-02 21:30:00,1.65102,1.6514600000000002,1.6509399999999999,1.65126,259,174,0
2026-07-02 21:45:00,1.65125,1.65236,1.6509,1.6516199999999999,344,24,0
2026-07-02 22:00:00,1.65149,1.65237,1.65129,1.6519599999999999,142,25,0
2026-07-02 22:15:00,1.65194,1.65194,1.65181,1.65181,42,25,0
2026-07-02 22:30:00,1.6518000000000002,1.6518000000000002,1.65141,1.6514799999999998,86,25,0
2026-07-02 22:45:00,1.65149,1.65167,1.6513499999999999,1.65167,59,25,0
2026-07-02 23:00:00,1.6517300000000001,1.65175,1.65151,1.6516,77,17,0
2026-07-02 23:15:00,1.65161,1.65194,1.65152,1.6515499999999999,100,17,0
2026-07-02 23:30:00,1.65157,1.65163,1.65129,1.65134,163,17,0
2026-07-02 23:45:00,1.6513499999999999,1.65186,1.6512,1.6516,216,17,0
2026-07-03 00:00:00,1.6516199999999999,1.65208,1.6515,1.6516899999999999,365,17,0
2026-07-03 00:15:00,1.6517,1.65194,1.6515,1.65192,285,17,0
2026-07-03 00:30:00,1.65194,1.65253,1.65185,1.65226,323,17,0
2026-07-03 00:45:00,1.65225,1.6524,1.65183,1.65198,311,17,0
2026-07-03 01:00:00,1.65195,1.65219,1.65073,1.65073,497,17,0
2026-07-03 01:15:00,1.6507399999999999,1.6509200000000002,1.64988,1.65046,449,17,0
2026-07-03 01:30:00,1.65048,1.65059,1.6498300000000001,1.65007,410,17,0
2026-07-03 01:45:00,1.65008,1.65061,1.65002,1.65028,281,17,0
2026-07-03 02:00:00,1.65025,1.65062,1.6498599999999999,1.65021,314,17,0
2026-07-03 02:15:00,1.65023,1.65038,1.64977,1.6498599999999999,219,17,0
2026-07-03 02:30:00,1.64984,1.65014,1.64933,1.64937,271,17,0
2026-07-03 02:45:00,1.6493799999999998,1.6493799999999998,1.6489099999999999,1.64906,202,17,0
2026-07-03 03:00:00,1.64909,1.6492200000000001,1.6488800000000001,1.6489500000000001,193,17,0
2026-07-03 03:15:00,1.64897,1.64946,1.6489099999999999,1.64935,156,17,0
2026-07-03 03:30:00,1.64937,1.64977,1.6490200000000002,1.64977,145,17,0
2026-07-03 03:45:00,1.6497899999999999,1.64989,1.64959,1.6496,152,17,0
2026-07-03 04:00:00,1.64957,1.6497000000000002,1.64939,1.6495600000000001,94,17,0
2026-07-03 04:15:00,1.64957,1.64962,1.64879,1.6491,129,17,0
2026-07-03 04:30:00,1.64913,1.64928,1.6487,1.64894,170,17,0
2026-07-03 04:45:00,1.64896,1.64951,1.6489099999999999,1.64951,119,17,0
2026-07-03 05:00:00,1.64954,1.64992,1.64944,1.64959,306,17,0
2026-07-03 05:15:00,1.64958,1.64998,1.64942,1.64959,244,17,0
2026-07-03 05:30:00,1.64957,1.65005,1.64937,1.65002,190,17,0
2026-07-03 05:45:00,1.65,1.65016,1.64967,1.64977,220,17,0
2026-07-03 06:00:00,1.64975,1.64975,1.6488800000000001,1.64923,367,17,0
2026-07-03 06:15:00,1.6492,1.6495199999999999,1.6487,1.6487,327,17,0
2026-07-03 06:30:00,1.64872,1.64947,1.64869,1.6492499999999999,431,17,0
2026-07-03 06:45:00,1.64924,1.64975,1.64912,1.6496,270,17,0
2026-07-03 07:00:00,1.6496300000000002,1.6497000000000002,1.64905,1.64932,272,17,0
2026-07-03 07:15:00,1.64935,1.64939,1.64876,1.64876,260,17,0
2026-07-03 07:30:00,1.64878,1.64913,1.64878,1.64903,255,17,0
2026-07-03 07:45:00,1.6490399999999998,1.64927,1.64898,1.6492200000000001,253,17,0
2026-07-03 08:00:00,1.64924,1.64944,1.64889,1.64907,316,17,0
2026-07-03 08:15:00,1.6490399999999998,1.64924,1.6487699999999998,1.6491099999999999,234,17,0
2026-07-03 08:30:00,1.64913,1.6497899999999999,1.64913,1.64961,239,17,0
2026-07-03 08:45:00,1.6496,1.64998,1.64954,1.6499000000000001,193,17,0
2026-07-03 09:00:00,1.64994,1.65014,1.64901,1.6490399999999998,209,17,0
2026-07-03 09:15:00,1.64905,1.64953,1.64905,1.64946,199,17,0
2026-07-03 09:30:00,1.6494900000000001,1.64955,1.64926,1.6492900000000001,177,17,0
2026-07-03 09:45:00,1.64931,1.6496,1.64903,1.64919,190,17,0
2026-07-03 10:00:00,1.64916,1.6494499999999999,1.64883,1.64939,203,17,0
2026-07-03 10:15:00,1.64941,1.64964,1.6492900000000001,1.6495199999999999,147,17,0
2026-07-03 10:30:00,1.6495,1.64987,1.64946,1.64975,112,17,0
2026-07-03 10:45:00,1.64977,1.64993,1.64959,1.64962,126,17,0
2026-07-03 11:00:00,1.64966,1.6499899999999998,1.64966,1.6499700000000002,186,17,0
2026-07-03 11:15:00,1.64998,1.65027,1.64989,1.65023,198,17,0
2026-07-03 11:30:00,1.65021,1.65022,1.64993,1.64993,182,17,0
2026-07-03 11:45:00,1.64992,1.65008,1.64955,1.64995,218,17,0
2026-07-03 12:00:00,1.64998,1.65025,1.6498300000000001,1.65008,237,17,0
2026-07-03 12:15:00,1.65007,1.65015,1.64984,1.64989,169,17,0
2026-07-03 12:30:00,1.64988,1.6501700000000001,1.64978,1.65004,144,17,0
2026-07-03 12:45:00,1.65001,1.65012,1.64987,1.6500599999999999,149,17,0
2026-07-03 13:00:00,1.65005,1.65005,1.6494900000000001,1.64962,214,17,0
2026-07-03 13:15:00,1.64961,1.64964,1.6494,1.64948,176,17,0
2026-07-03 13:30:00,1.6494499999999999,1.6498599999999999,1.64939,1.6495199999999999,211,17,0
2026-07-03 13:45:00,1.64951,1.64957,1.64927,1.6493600000000002,180,17,0
2026-07-03 14:00:00,1.64935,1.64942,1.6491500000000001,1.64932,183,17,0
2026-07-03 14:15:00,1.64934,1.65011,1.6492200000000001,1.64969,197,17,0
2026-07-03 14:30:00,1.64968,1.64975,1.64941,1.64971,202,17,0
2026-07-03 14:45:00,1.64969,1.64993,1.64916,1.64974,270,17,0
2026-07-03 15:00:00,1.6497600000000001,1.64992,1.64947,1.64959,218,17,0
2026-07-03 15:15:00,1.6496,1.64962,1.64939,1.6494900000000001,138,17,0
2026-07-03 15:30:00,1.64951,1.6495199999999999,1.64899,1.64903,137,17,0
2026-07-03 15:45:00,1.6490200000000002,1.64917,1.64863,1.64871,159,17,0
2026-07-03 16:00:00,1.64873,1.64917,1.64866,1.6491500000000001,141,17,0
2026-07-03 16:15:00,1.64914,1.64914,1.64882,1.64892,78,17,0
2026-07-03 16:30:00,1.6489,1.6489,1.64873,1.64873,61,17,0
2026-07-03 16:45:00,1.64872,1.64873,1.64837,1.64846,83,17,0
2026-07-03 17:00:00,1.64848,1.64899,1.64845,1.64874,128,17,0
2026-07-03 17:15:00,1.6487699999999998,1.64898,1.6487699999999998,1.64887,71,17,0
2026-07-03 17:30:00,1.64886,1.64906,1.64867,1.64899,92,17,0
2026-07-03 17:45:00,1.64898,1.64901,1.64879,1.64885,99,17,0
2026-07-03 18:00:00,1.64883,1.64892,1.64855,1.6486,116,17,0
2026-07-03 18:15:00,1.6486100000000001,1.64879,1.6486100000000001,1.64867,86,17,0
2026-07-03 18:30:00,1.6486800000000001,1.64874,1.64863,1.64869,54,17,0
2026-07-03 18:45:00,1.6487,1.64882,1.64849,1.64858,108,17,0
2026-07-03 19:00:00,1.6485400000000001,1.64878,1.64825,1.64863,419,17,0
2026-07-03 19:15:00,1.6486100000000001,1.6487,1.64848,1.64859,643,17,0
2026-07-03 19:30:00,1.6485699999999999,1.64883,1.6484999999999999,1.64871,310,17,0
2026-07-03 19:45:00,1.6487,1.6489500000000001,1.6484,1.6487,211,17,0
2026-07-03 20:00:00,1.64866,1.64906,1.6484299999999998,1.64892,230,17,0
2026-07-03 20:15:00,1.64893,1.64917,1.64874,1.64903,184,17,0
2026-07-03 20:30:00,1.6490200000000002,1.6490200000000002,1.6487699999999998,1.64889,140,17,0
2026-07-03 20:45:00,1.64886,1.64887,1.6480700000000001,1.6482999999999999,167,17,0
2026-07-05 21:00:00,1.645,1.64598,1.64493,1.64493,114,419,0
2026-07-05 21:15:00,1.6450399999999998,1.6462599999999998,1.64438,1.64523,165,332,0
2026-07-05 21:30:00,1.6452200000000001,1.6464699999999999,1.6452200000000001,1.64641,329,291,0
2026-07-05 21:45:00,1.64643,1.64668,1.6457000000000002,1.64614,162,253,0
2026-07-05 22:00:00,1.6474600000000001,1.6484999999999999,1.64718,1.6484999999999999,231,17,0
2026-07-05 22:15:00,1.6485400000000001,1.64866,1.64844,1.6486100000000001,100,17,0
2026-07-05 22:30:00,1.6486,1.64869,1.64853,1.64863,61,17,0
2026-07-05 22:45:00,1.64862,1.64869,1.6484999999999999,1.64865,47,17,0
2026-07-05 23:00:00,1.64866,1.6487,1.64809,1.64855,112,17,0
2026-07-05 23:15:00,1.64851,1.64852,1.64829,1.6483400000000001,81,17,0
2026-07-05 23:30:00,1.64833,1.6486399999999999,1.6482999999999999,1.6485400000000001,94,17,0
2026-07-05 23:45:00,1.64852,1.6487,1.64829,1.64866,171,17,0
2026-07-06 00:00:00,1.64867,1.64987,1.64867,1.64919,443,17,0
2026-07-06 00:15:00,1.64916,1.6495199999999999,1.64882,1.64951,291,17,0
2026-07-06 00:30:00,1.64954,1.6498,1.64872,1.6487500000000002,337,17,0
2026-07-06 00:45:00,1.64874,1.6494900000000001,1.64848,1.64934,285,17,0
2026-07-06 01:00:00,1.64937,1.6497600000000001,1.6486800000000001,1.64879,417,17,0
2026-07-06 01:15:00,1.6488,1.64921,1.6484100000000002,1.64871,346,17,0
2026-07-06 01:30:00,1.6487,1.64901,1.64837,1.64851,400,17,0
2026-07-06 01:45:00,1.64848,1.64932,1.64848,1.6492200000000001,308,17,0
2026-07-06 02:00:00,1.6492499999999999,1.64928,1.64869,1.64906,301,17,0
2026-07-06 02:15:00,1.6490399999999998,1.6493799999999998,1.64879,1.64913,250,17,0
2026-07-06 02:30:00,1.6491,1.64974,1.6491,1.6497199999999999,269,17,0
2026-07-06 02:45:00,1.64973,1.6501700000000001,1.6493600000000002,1.65002,237,17,0
2026-07-06 03:00:00,1.65001,1.65068,1.64995,1.6506699999999999,178,17,0
2026-07-06 03:15:00,1.65064,1.65124,1.65043,1.6505999999999998,190,17,0
2026-07-06 03:30:00,1.6505800000000002,1.6509,1.65056,1.65062,184,17,0
2026-07-06 03:45:00,1.65061,1.65082,1.65038,1.65038,205,17,0
2026-07-06 04:00:00,1.65035,1.6505100000000001,1.65003,1.6500599999999999,164,17,0
2026-07-06 04:15:00,1.65007,1.65007,1.6492,1.64932,145,17,0
2026-07-06 04:30:00,1.64933,1.6493600000000002,1.64893,1.6491500000000001,167,17,0
2026-07-06 04:45:00,1.6491799999999999,1.64919,1.64878,1.6489,189,17,0
2026-07-06 05:00:00,1.64887,1.6491,1.64859,1.64862,218,17,0
2026-07-06 05:15:00,1.6486,1.64882,1.64829,1.64846,210,17,0
2026-07-06 05:30:00,1.64847,1.64889,1.6482299999999999,1.64833,277,17,0
2026-07-06 05:45:00,1.64831,1.6488,1.64831,1.64849,289,17,0
2026-07-06 06:00:00,1.64848,1.64867,1.64831,1.64836,310,17,0
2026-07-06 06:15:00,1.64838,1.6490200000000002,1.64824,1.6483400000000001,320,17,0
2026-07-06 06:30:00,1.64836,1.64836,1.6477300000000001,1.6480700000000001,265,17,0
2026-07-06 06:45:00,1.6481,1.64879,1.6479300000000001,1.64863,280,17,0
2026-07-06 07:00:00,1.64865,1.6486800000000001,1.64774,1.64831,375,17,0
2026-07-06 07:15:00,1.6483400000000001,1.6486,1.64801,1.64836,329,17,0
2026-07-06 07:30:00,1.6484,1.6484999999999999,1.64699,1.647,327,17,0
2026-07-06 07:45:00,1.64698,1.6472799999999999,1.64682,1.6470799999999999,272,17,0
2026-07-06 08:00:00,1.64704,1.64738,1.6466699999999999,1.6471900000000002,354,17,0
2026-07-06 08:15:00,1.64715,1.6474,1.64669,1.6472799999999999,306,17,0
2026-07-06 08:30:00,1.64727,1.64761,1.64697,1.6471,238,17,0
2026-07-06 08:45:00,1.6471200000000001,1.64737,1.6471,1.64733,232,17,0
2026-07-06 09:00:00,1.64731,1.64764,1.64716,1.64716,270,17,0
2026-07-06 09:15:00,1.64714,1.64743,1.64711,1.64718,206,17,0
2026-07-06 09:30:00,1.6472,1.64743,1.647,1.64717,194,17,0
2026-07-06 09:45:00,1.64714,1.64718,1.64653,1.6467800000000001,212,17,0
2026-07-06 10:00:00,1.64679,1.6468699999999998,1.64632,1.64632,193,17,0
2026-07-06 10:15:00,1.6463299999999998,1.64659,1.6461000000000001,1.6461000000000001,218,17,0
2026-07-06 10:30:00,1.64609,1.64682,1.64609,1.6468,160,17,0
2026-07-06 10:45:00,1.64682,1.64716,1.64664,1.64675,217,17,0
2026-07-06 11:00:00,1.64677,1.64702,1.6463700000000001,1.64655,254,17,0
2026-07-06 11:15:00,1.64653,1.6465800000000002,1.6461999999999999,1.6463700000000001,187,17,0
2026-07-06 11:30:00,1.64639,1.64646,1.64587,1.64592,203,17,0
2026-07-06 11:45:00,1.6459000000000001,1.64643,1.64585,1.64628,251,17,0
2026-07-06 12:00:00,1.6463,1.64657,1.64616,1.64627,233,17,0
2026-07-06 12:15:00,1.64625,1.6469200000000002,1.64612,1.64679,260,17,0
2026-07-06 12:30:00,1.6467800000000001,1.64799,1.64675,1.64799,234,17,0
2026-07-06 12:45:00,1.64797,1.6484,1.64756,1.64775,296,17,0
2026-07-06 13:00:00,1.6477300000000001,1.6482,1.64763,1.6481400000000002,282,17,0
2026-07-06 13:15:00,1.64811,1.6482,1.64768,1.6478000000000002,285,17,0
2026-07-06 13:30:00,1.64777,1.64779,1.64643,1.64646,449,17,0
2026-07-06 13:45:00,1.64645,1.6465800000000002,1.6458,1.64656,506,17,0
2026-07-06 14:00:00,1.64661,1.6469200000000002,1.64593,1.64605,559,17,0
2026-07-06 14:15:00,1.64608,1.64643,1.64578,1.6459000000000001,333,17,0
2026-07-06 14:30:00,1.64587,1.6463999999999999,1.6458599999999999,1.64594,328,17,0
2026-07-06 14:45:00,1.64596,1.6459899999999998,1.64524,1.6456499999999998,357,17,0
2026-07-06 15:00:00,1.64567,1.6457000000000002,1.64517,1.64547,331,17,0
2026-07-06 15:15:00,1.6454900000000001,1.64567,1.64503,1.64503,238,17,0
2026-07-06 15:30:00,1.64505,1.64521,1.64472,1.64503,231,17,0
2026-07-06 15:45:00,1.645,1.6454900000000001,1.64497,1.6454499999999999,222,17,0
2026-07-06 16:00:00,1.64546,1.6455899999999999,1.64534,1.64543,193,17,0
2026-07-06 16:15:00,1.64544,1.64584,1.6454,1.64582,139,17,0
2026-07-06 16:30:00,1.6458,1.6458,1.64544,1.6455,172,17,0
2026-07-06 16:45:00,1.64547,1.64573,1.64541,1.64547,134,17,0
2026-07-06 17:00:00,1.6454499999999999,1.64554,1.6449099999999999,1.64496,174,17,0
2026-07-06 17:15:00,1.6449500000000001,1.6454900000000001,1.6448800000000001,1.64508,183,17,0
2026-07-06 17:30:00,1.64507,1.6452200000000001,1.64476,1.6449799999999999,212,17,0
2026-07-06 17:45:00,1.645,1.64524,1.64493,1.64521,160,17,0
2026-07-06 18:00:00,1.64519,1.64519,1.6447500000000002,1.64486,155,17,0
2026-07-06 18:15:00,1.64485,1.6449099999999999,1.64465,1.64487,98,17,0
2026-07-06 18:30:00,1.6448800000000001,1.6448800000000001,1.64438,1.6444999999999999,180,17,0
2026-07-06 18:45:00,1.64449,1.64463,1.64445,1.64458,120,17,0
2026-07-06 19:00:00,1.6445400000000001,1.64473,1.64444,1.64462,141,17,0
2026-07-06 19:15:00,1.6446100000000001,1.64463,1.64431,1.6444100000000001,139,17,0
2026-07-06 19:30:00,1.64442,1.6446,1.64426,1.64429,114,17,0
2026-07-06 19:45:00,1.6442700000000001,1.64476,1.64421,1.6446100000000001,145,17,0
2026-07-06 20:00:00,1.64459,1.6450399999999998,1.6445699999999999,1.64485,122,17,0
2026-07-06 20:15:00,1.64487,1.64489,1.64478,1.64478,72,17,0
2026-07-06 20:30:00,1.6447699999999998,1.6449799999999999,1.64474,1.6447500000000002,56,17,0
2026-07-06 20:45:00,1.6447699999999998,1.64482,1.6444,1.6444,60,15,0
2026-07-06 21:00:00,1.64438,1.64439,1.6439599999999999,1.64397,143,40,0
2026-07-06 21:15:00,1.64395,1.64435,1.64392,1.64435,231,82,0
2026-07-06 21:30:00,1.64435,1.64492,1.64433,1.64492,139,44,0
2026-07-06 21:45:00,1.64494,1.6450399999999998,1.6447,1.64478,156,32,0
2026-07-06 22:00:00,1.64514,1.6452499999999999,1.64428,1.6448800000000001,105,25,0
2026-07-06 22:15:00,1.64486,1.6449099999999999,1.64478,1.64482,34,25,0
2026-07-06 22:30:00,1.6448399999999999,1.64486,1.64462,1.64476,42,25,0
2026-07-06 22:45:00,1.6447699999999998,1.64485,1.6446800000000001,1.64485,32,25,0
2026-07-06 23:00:00,1.6449099999999999,1.64497,1.6446,1.6446399999999999,64,17,0
2026-07-06 23:15:00,1.64465,1.64471,1.6444800000000002,1.6444800000000002,47,17,0
2026-07-06 23:30:00,1.64452,1.64459,1.64428,1.6443400000000001,78,17,0
2026-07-06 23:45:00,1.64436,1.64499,1.64432,1.64497,157,17,0
2026-07-07 00:00:00,1.645,1.64521,1.64482,1.6451,268,17,0
2026-07-07 00:15:00,1.6451099999999999,1.64524,1.64467,1.64508,237,17,0
2026-07-07 00:30:00,1.64507,1.6454,1.6448399999999999,1.6451500000000001,252,17,0
2026-07-07 00:45:00,1.6451799999999999,1.64609,1.64508,1.64601,343,17,0
2026-07-07 01:00:00,1.64603,1.64654,1.64598,1.64627,354,17,0
2026-07-07 01:15:00,1.64625,1.64648,1.64564,1.64568,305,17,0
2026-07-07 01:30:00,1.6457000000000002,1.64577,1.64516,1.64526,437,17,0
2026-07-07 01:45:00,1.64528,1.64528,1.64453,1.64494,347,17,0
2026-07-07 02:00:00,1.64492,1.6450399999999998,1.6447,1.64493,280,17,0
2026-07-07 02:15:00,1.64492,1.64582,1.6449,1.64578,187,17,0
2026-07-07 02:30:00,1.6458,1.64589,1.64524,1.6457000000000002,262,17,0
2026-07-07 02:45:00,1.64569,1.64602,1.6455899999999999,1.64588,190,17,0
2026-07-07 03:00:00,1.64585,1.64591,1.64544,1.6456300000000001,228,17,0
2026-07-07 03:15:00,1.6456499999999998,1.64646,1.6456,1.64638,262,17,0
2026-07-07 03:30:00,1.64642,1.6467800000000001,1.64619,1.64642,278,17,0
2026-07-07 03:45:00,1.64643,1.64725,1.64632,1.64634,267,17,0
2026-07-07 04:00:00,1.64635,1.6463700000000001,1.6459000000000001,1.64605,201,17,0
2026-07-07 04:15:00,1.6460599999999999,1.64673,1.6460599999999999,1.64668,177,17,0
2026-07-07 04:30:00,1.64669,1.64698,1.64662,1.64698,219,17,0
2026-07-07 04:45:00,1.64697,1.64722,1.6467100000000001,1.64722,176,17,0
2026-07-07 05:00:00,1.6471900000000002,1.64848,1.6471900000000002,1.6480000000000001,268,17,0
2026-07-07 05:15:00,1.64802,1.64818,1.64767,1.6477,323,17,0
2026-07-07 05:30:00,1.64767,1.64781,1.64726,1.64726,334,17,0
2026-07-07 05:45:00,1.64729,1.64741,1.64653,1.64673,303,17,0
2026-07-07 06:00:00,1.64676,1.64724,1.64661,1.64723,323,17,0
2026-07-07 06:15:00,1.6472099999999998,1.64738,1.64668,1.64691,260,17,0
2026-07-07 06:30:00,1.6469200000000002,1.64704,1.6461000000000001,1.6461999999999999,201,17,0
2026-07-07 06:45:00,1.64622,1.64636,1.6457199999999998,1.6457199999999998,182,17,0
2026-07-07 07:00:00,1.6457000000000002,1.6459000000000001,1.6453600000000002,1.64569,307,17,0
2026-07-07 07:15:00,1.64573,1.64609,1.64547,1.6456300000000001,264,17,0
2026-07-07 07:30:00,1.6456499999999998,1.64596,1.6453799999999998,1.64594,237,17,0
2026-07-07 07:45:00,1.6459700000000002,1.64675,1.64568,1.64664,253,17,0
2026-07-07 08:00:00,1.64661,1.6467,1.64614,1.64628,326,17,0
2026-07-07 08:15:00,1.64627,1.64645,1.6458,1.64621,278,17,0
2026-07-07 08:30:00,1.64618,1.64665,1.64615,1.64632,237,17,0
2026-07-07 08:45:00,1.6463100000000002,1.6465100000000001,1.646,1.6461700000000001,225,17,0
2026-07-07 09:00:00,1.6461999999999999,1.64632,1.64541,1.64567,319,17,0
2026-07-07 09:15:00,1.6457000000000002,1.64575,1.64532,1.64567,228,17,0
2026-07-07 09:30:00,1.64564,1.6457199999999998,1.64533,1.6454900000000001,218,17,0
2026-07-07 09:45:00,1.64548,1.6456,1.6452499999999999,1.64546,182,17,0
2026-07-07 10:00:00,1.64543,1.64577,1.64524,1.64571,242,17,0
2026-07-07 10:15:00,1.64569,1.6458,1.6454900000000001,1.64569,171,17,0
2026-07-07 10:30:00,1.6457199999999998,1.6458300000000001,1.64546,1.64548,166,17,0
2026-07-07 10:45:00,1.64546,1.64619,1.6454499999999999,1.64595,151,17,0
2026-07-07 11:00:00,1.64594,1.64622,1.64542,1.64542,192,17,0
2026-07-07 11:15:00,1.64544,1.64555,1.64514,1.64555,240,17,0
2026-07-07 11:30:00,1.64553,1.6457899999999999,1.6454,1.64547,206,17,0
2026-07-07 11:45:00,1.6454499999999999,1.64581,1.6451500000000001,1.64526,316,17,0
2026-07-07 12:00:00,1.6452900000000001,1.64569,1.64528,1.6455199999999999,315,17,0
2026-07-07 12:15:00,1.64555,1.64573,1.64527,1.64557,310,17,0
2026-07-07 12:30:00,1.64555,1.6456,1.64494,1.64533,326,17,0
2026-07-07 12:45:00,1.64534,1.6455600000000001,1.6451799999999999,1.64533,221,17,0
2026-07-07 13:00:00,1.64531,1.64582,1.64523,1.6456300000000001,261,17,0
2026-07-07 13:15:00,1.6456499999999998,1.6461700000000001,1.64561,1.64609,320,17,0
2026-07-07 13:30:00,1.64611,1.64641,1.64577,1.64595,527,17,0
2026-07-07 13:45:00,1.64594,1.64774,1.64589,1.6476600000000001,569,17,0
2026-07-07 14:00:00,1.64763,1.64768,1.6468,1.6471200000000001,619,17,0
2026-07-07 14:15:00,1.6471,1.6473,1.6465100000000001,1.6467100000000001,500,17,0
2026-07-07 14:30:00,1.64673,1.64723,1.64672,1.64703,455,17,0
2026-07-07 14:45:00,1.64706,1.64723,1.6468099999999999,1.6471900000000002,439,17,0
2026-07-07 15:00:00,1.6472099999999998,1.64779,1.64718,1.6473499999999999,471,17,0
2026-07-07 15:15:00,1.64733,1.64784,1.6472799999999999,1.64752,385,17,0
2026-07-07 15:30:00,1.64751,1.6476899999999999,1.64723,1.6473499999999999,297,17,0
2026-07-07 15:45:00,1.64733,1.64745,1.64702,1.6470799999999999,314,17,0
2026-07-07 16:00:00,1.64709,1.64725,1.64662,1.64673,307,17,0
2026-07-07 16:15:00,1.6467100000000001,1.6469,1.64614,1.64632,270,17,0
2026-07-07 16:30:00,1.64636,1.64684,1.64636,1.6464699999999999,211,17,0
2026-07-07 16:45:00,1.64646,1.64669,1.64638,1.6465999999999998,187,17,0
2026-07-07 17:00:00,1.64661,1.64673,1.64619,1.6464699999999999,183,17,0
2026-07-07 17:15:00,1.6464400000000001,1.64663,1.6463700000000001,1.64641,159,17,0
2026-07-07 17:30:00,1.64639,1.64641,1.6459700000000002,1.64611,164,17,0
2026-07-07 17:45:00,1.64609,1.64629,1.64602,1.64615,166,17,0
2026-07-07 18:00:00,1.64616,1.64634,1.64605,1.64625,168,17,0
2026-07-07 18:15:00,1.64622,1.64639,1.64616,1.64621,111,17,0
2026-07-07 18:30:00,1.64622,1.64655,1.64622,1.64645,146,17,0
2026-07-07 18:45:00,1.64642,1.64697,1.64636,1.6468,391,17,0
2026-07-07 19:00:00,1.64683,1.64788,1.6468,1.64788,363,17,0
2026-07-07 19:15:00,1.64791,1.64828,1.6476199999999999,1.6477300000000001,360,17,0
2026-07-07 19:30:00,1.6476899999999999,1.6476899999999999,1.6471,1.6471900000000002,248,17,0
2026-07-07 19:45:00,1.64715,1.64718,1.64666,1.64666,248,17,0
2026-07-07 20:00:00,1.6466699999999999,1.64682,1.6465999999999998,1.64675,128,17,0
2026-07-07 20:15:00,1.64677,1.64711,1.64669,1.64684,131,17,0
2026-07-07 20:30:00,1.64682,1.64689,1.6467100000000001,1.6467800000000001,86,17,0
2026-07-07 20:45:00,1.6468,1.6469200000000002,1.64669,1.6468099999999999,133,17,0
2026-07-07 21:00:00,1.64683,1.64684,1.64561,1.64561,297,20,0
2026-07-07 21:15:00,1.64562,1.6462400000000001,1.64554,1.64614,418,104,0
2026-07-07 21:30:00,1.64615,1.6463999999999999,1.64611,1.6463999999999999,193,88,0
2026-07-07 21:45:00,1.6463999999999999,1.6471200000000001,1.64621,1.6469399999999998,187,38,0
2026-07-07 22:00:00,1.64695,1.6476199999999999,1.6467800000000001,1.647,156,25,0
2026-07-07 22:15:00,1.6470099999999999,1.6470500000000001,1.64679,1.6468099999999999,85,25,0
2026-07-07 22:30:00,1.64679,1.64684,1.64653,1.64676,69,25,0
2026-07-07 22:45:00,1.64675,1.64686,1.6465800000000002,1.64672,78,25,0
2026-07-07 23:00:00,1.64672,1.64679,1.64638,1.6463999999999999,144,17,0
2026-07-07 23:15:00,1.64638,1.6464400000000001,1.6461700000000001,1.64629,101,17,0
2026-07-07 23:30:00,1.6463100000000002,1.64639,1.64603,1.6461299999999999,76,17,0
2026-07-07 23:45:00,1.64612,1.64706,1.6460599999999999,1.647,174,17,0
2026-07-08 00:00:00,1.64698,1.64734,1.6463100000000002,1.64657,444,17,0
2026-07-08 00:15:00,1.64655,1.64662,1.64587,1.64612,357,17,0
2026-07-08 00:30:00,1.64609,1.64655,1.64553,1.64562,362,17,0
2026-07-08 00:45:00,1.64561,1.64561,1.6447500000000002,1.64476,323,17,0
2026-07-08 01:00:00,1.64473,1.6452,1.64445,1.64452,373,17,0
2026-07-08 01:15:00,1.6445400000000001,1.64517,1.6445400000000001,1.64505,242,17,0
2026-07-08 01:30:00,1.6450200000000001,1.64527,1.64473,1.6448,311,17,0
2026-07-08 01:45:00,1.6447699999999998,1.6447699999999998,1.6436199999999999,1.64408,406,17,0
2026-07-08 02:00:00,1.64411,1.64451,1.6435499999999998,1.6439599999999999,516,17,0
2026-07-08 02:15:00,1.64397,1.64397,1.6433499999999999,1.64358,344,17,0
2026-07-08 02:30:00,1.6436199999999999,1.6446100000000001,1.64359,1.6444,304,17,0
2026-07-08 02:45:00,1.64439,1.64455,1.64417,1.6444299999999998,237,17,0
2026-07-08 03:00:00,1.64446,1.6444999999999999,1.64345,1.64352,308,17,0
2026-07-08 03:15:00,1.64354,1.64388,1.64333,1.6438199999999998,241,17,0
2026-07-08 03:30:00,1.64379,1.6440299999999999,1.6436,1.64372,224,17,0
2026-07-08 03:45:00,1.6437300000000001,1.6445699999999999,1.64372,1.6444999999999999,206,17,0
2026-07-08 04:00:00,1.6444800000000002,1.645,1.6444800000000002,1.64469,240,17,0
2026-07-08 04:15:00,1.64472,1.6447500000000002,1.64417,1.64445,183,17,0
2026-07-08 04:30:00,1.64444,1.64453,1.64417,1.64439,227,17,0
2026-07-08 04:45:00,1.6444,1.64465,1.64419,1.64458,239,17,0
2026-07-08 05:00:00,1.64455,1.64478,1.64398,1.6446800000000001,402,17,0
2026-07-08 05:15:00,1.64471,1.64471,1.64404,1.64425,234,17,0
2026-07-08 05:30:00,1.64422,1.64462,1.64408,1.64462,319,17,0
2026-07-08 05:45:00,1.6446399999999999,1.645,1.6444100000000001,1.64492,285,17,0
2026-07-08 06:00:00,1.64494,1.64535,1.64481,1.64535,319,17,0
2026-07-08 06:15:00,1.64537,1.64578,1.64501,1.6455199999999999,398,17,0
2026-07-08 06:30:00,1.64555,1.64621,1.64555,1.6459899999999998,356,17,0
2026-07-08 06:45:00,1.64598,1.64661,1.64596,1.6463999999999999,269,17,0
2026-07-08 07:00:00,1.64643,1.64747,1.64642,1.64709,394,17,0
2026-07-08 07:15:00,1.64711,1.6471900000000002,1.64663,1.64696,425,17,0
2026-07-08 07:30:00,1.64698,1.64703,1.6463700000000001,1.64638,350,17,0
2026-07-08 07:45:00,1.64636,1.64668,1.6460599999999999,1.64649,298,17,0
2026-07-08 08:00:00,1.6464699999999999,1.64698,1.6464699999999999,1.64677,348,17,0
2026-07-08 08:15:00,1.6467800000000001,1.6503,1.64672,1.64839,1918,17,0
2026-07-08 08:30:00,1.64837,1.6499000000000001,1.6480000000000001,1.64957,993,17,0
2026-07-08 08:45:00,1.64953,1.65008,1.64879,1.65001,835,17,0
2026-07-08 09:00:00,1.65003,1.6507399999999999,1.6496300000000002,1.64995,788,17,0
2026-07-08 09:15:00,1.64998,1.6500599999999999,1.64907,1.64932,714,17,0
2026-07-08 09:30:00,1.6493600000000002,1.64946,1.64844,1.64845,487,17,0
2026-07-08 09:45:00,1.64847,1.6487500000000002,1.6479,1.6486399999999999,400,17,0
2026-07-08 10:00:00,1.6486100000000001,1.6486100000000001,1.64799,1.64799,375,17,0
2026-07-08 10:15:00,1.6480000000000001,1.64846,1.64772,1.6481400000000002,366,17,0
2026-07-08 10:30:00,1.64815,1.64839,1.64737,1.64737,385,17,0
2026-07-08 10:45:00,1.6473499999999999,1.64795,1.6472099999999998,1.64791,350,17,0
2026-07-08 11:00:00,1.6478899999999999,1.64869,1.6478899999999999,1.64846,345,17,0
2026-07-08 11:15:00,1.64847,1.64897,1.6484299999999998,1.6489500000000001,248,17,0
2026-07-08 11:30:00,1.64892,1.64968,1.64772,1.64809,689,17,0
2026-07-08 11:45:00,1.64812,1.64833,1.6474199999999999,1.64783,591,17,0
2026-07-08 12:00:00,1.64786,1.64831,1.64682,1.6470500000000001,530,17,0
2026-07-08 12:15:00,1.64702,1.6470500000000001,1.64594,1.64594,425,17,0
2026-07-08 12:30:00,1.64592,1.64649,1.6457600000000001,1.64605,323,17,0
2026-07-08 12:45:00,1.64602,1.64656,1.64553,1.64653,477,17,0
2026-07-08 13:00:00,1.64656,1.64656,1.64584,1.64618,521,17,0
2026-07-08 13:15:00,1.64619,1.64727,1.64607,1.64726,460,17,0
2026-07-08 13:30:00,1.64725,1.6478199999999998,1.6468099999999999,1.6477,763,17,0
2026-07-08 13:45:00,1.64772,1.64874,1.64722,1.64808,587,17,0
2026-07-08 14:00:00,1.6480700000000001,1.6485400000000001,1.64798,1.64832,564,17,0
2026-07-08 14:15:00,1.64833,1.64847,1.6472799999999999,1.64764,538,17,0
2026-07-08 14:30:00,1.6476199999999999,1.64772,1.64706,1.6473900000000001,497,17,0
2026-07-08 14:45:00,1.64741,1.64932,1.64741,1.6487699999999998,639,17,0
2026-07-08 15:00:00,1.64878,1.64898,1.64805,1.64859,498,17,0
2026-07-08 15:15:00,1.64856,1.6496300000000002,1.64844,1.64932,521,17,0
2026-07-08 15:30:00,1.64933,1.64954,1.6486,1.6491099999999999,499,17,0
2026-07-08 15:45:00,1.64913,1.6493799999999998,1.6485400000000001,1.64898,391,17,0
2026-07-08 16:00:00,1.649,1.64912,1.64835,1.6484299999999998,386,17,0
2026-07-08 16:15:00,1.6484,1.6484999999999999,1.6481,1.64819,273,17,0
2026-07-08 16:30:00,1.64821,1.6486100000000001,1.64781,1.64785,431,17,0
2026-07-08 16:45:00,1.64784,1.64798,1.64749,1.64781,289,17,0
2026-07-08 17:00:00,1.64777,1.6479300000000001,1.64703,1.6474,340,17,0
2026-07-08 17:15:00,1.6473900000000001,1.64741,1.64682,1.64713,258,17,0
2026-07-08 17:30:00,1.6471200000000001,1.64763,1.6471200000000001,1.64747,195,17,0
2026-07-08 17:45:00,1.6475,1.6479599999999999,1.6475,1.64791,194,17,0
2026-07-08 18:00:00,1.6479300000000001,1.64795,1.64736,1.6473900000000001,321,17,0
2026-07-08 18:15:00,1.6474199999999999,1.64763,1.6470799999999999,1.64714,217,17,0
2026-07-08 18:30:00,1.64716,1.64748,1.64707,1.64713,183,17,0
2026-07-08 18:45:00,1.6471,1.64723,1.6469200000000002,1.64714,221,17,0
2026-07-08 19:00:00,1.64715,1.6472,1.6469200000000002,1.64714,154,17,0
2026-07-08 19:15:00,1.64713,1.64725,1.64702,1.6470500000000001,134,17,0
2026-07-08 19:30:00,1.64707,1.6471900000000002,1.64684,1.64691,162,17,0
2026-07-08 19:45:00,1.6469399999999998,1.64717,1.6468099999999999,1.64709,242,17,0
2026-07-08 20:00:00,1.64707,1.64731,1.64686,1.64722,187,17,0
2026-07-08 20:15:00,1.64724,1.64734,1.6471200000000001,1.64717,123,17,0
2026-07-08 20:30:00,1.64716,1.6476199999999999,1.64706,1.64717,165,17,0
2026-07-08 20:45:00,1.6472,1.64729,1.64707,1.6471900000000002,129,15,0
2026-07-08 21:00:00,1.64717,1.64717,1.64663,1.6466699999999999,115,22,0
2026-07-08 21:15:00,1.64669,1.6469399999999998,1.64629,1.64686,305,108,0
2026-07-08 21:30:00,1.6468699999999998,1.64714,1.64673,1.64714,150,140,0
2026-07-08 21:45:00,1.64713,1.64734,1.6465800000000002,1.64734,234,86,0
2026-07-08 22:00:00,1.64751,1.64751,1.64677,1.64716,149,25,0
2026-07-08 22:15:00,1.64715,1.64736,1.64695,1.64736,65,25,0
2026-07-08 22:30:00,1.6473499999999999,1.6474,1.64716,1.6473499999999999,58,25,0
2026-07-08 22:45:00,1.64734,1.6476600000000001,1.64722,1.64764,63,25,0
2026-07-08 23:00:00,1.64768,1.64785,1.6472099999999998,1.6472099999999998,63,17,0
2026-07-08 23:15:00,1.6472,1.64729,1.64716,1.64726,37,17,0
2026-07-08 23:30:00,1.64724,1.64725,1.64655,1.64663,95,17,0
2026-07-08 23:45:00,1.64661,1.64682,1.64643,1.64662,181,17,0
2026-07-09 00:00:00,1.64659,1.6469200000000002,1.64632,1.64666,320,17,0
2026-07-09 00:15:00,1.64664,1.64725,1.64656,1.64697,260,17,0
2026-07-09 00:30:00,1.64696,1.6481,1.6468,1.64801,298,17,0
2026-07-09 00:45:00,1.64799,1.64835,1.64772,1.64788,271,17,0
2026-07-09 01:00:00,1.6479,1.64849,1.64786,1.64839,358,17,0
2026-07-09 01:15:00,1.64842,1.64862,1.64788,1.64859,243,17,0
2026-07-09 01:30:00,1.64856,1.6490200000000002,1.64819,1.64852,330,17,0
2026-07-09 01:45:00,1.6484999999999999,1.64862,1.64801,1.64833,266,17,0
2026-07-09 02:00:00,1.64831,1.64862,1.64748,1.6475300000000002,349,17,0
2026-07-09 02:15:00,1.6475499999999998,1.64767,1.6472,1.64731,204,17,0
2026-07-09 02:30:00,1.6473200000000001,1.64798,1.6472,1.64788,270,17,0
2026-07-09 02:45:00,1.64787,1.6482700000000001,1.64784,1.6482,240,17,0
2026-07-09 03:00:00,1.6482299999999999,1.64855,1.64799,1.6484299999999998,261,17,0
2026-07-09 03:15:00,1.64844,1.64885,1.64806,1.64809,210,17,0
2026-07-09 03:30:00,1.64806,1.64813,1.6475,1.6475,275,17,0
2026-07-09 03:45:00,1.64752,1.64801,1.64736,1.64781,223,17,0
2026-07-09 04:00:00,1.64778,1.64786,1.64726,1.64743,277,17,0
2026-07-09 04:15:00,1.6474199999999999,1.64825,1.64727,1.64813,230,17,0
2026-07-09 04:30:00,1.6481400000000002,1.6482299999999999,1.6476199999999999,1.64774,192,17,0
2026-07-09 04:45:00,1.64776,1.64778,1.64699,1.64707,164,17,0
2026-07-09 05:00:00,1.64709,1.6478199999999998,1.64696,1.64763,356,17,0
2026-07-09 05:15:00,1.64765,1.6481,1.64761,1.64805,261,17,0
2026-07-09 05:30:00,1.64801,1.64842,1.64783,1.64812,312,17,0
2026-07-09 05:45:00,1.64815,1.64821,1.64741,1.64747,251,17,0
2026-07-09 06:00:00,1.64749,1.6480700000000001,1.6473,1.64797,359,17,0
2026-07-09 06:15:00,1.64799,1.64842,1.64785,1.64835,377,17,0
2026-07-09 06:30:00,1.64833,1.64899,1.6480700000000001,1.64894,341,17,0
2026-07-09 06:45:00,1.64897,1.64912,1.6485400000000001,1.64871,227,17,0
2026-07-09 07:00:00,1.64874,1.6489099999999999,1.64837,1.64883,332,17,0
2026-07-09 07:15:00,1.64881,1.6489500000000001,1.6485699999999999,1.6489,244,17,0
2026-07-09 07:30:00,1.6489099999999999,1.64914,1.64871,1.64881,237,17,0
2026-07-09 07:45:00,1.64882,1.64885,1.64815,1.64826,251,17,0
2026-07-09 08:00:00,1.64824,1.64882,1.6481599999999998,1.6484999999999999,322,17,0
2026-07-09 08:15:00,1.64851,1.64851,1.64795,1.64811,228,17,0
2026-07-09 08:30:00,1.64815,1.6482999999999999,1.64758,1.64776,239,17,0
2026-07-09 08:45:00,1.64778,1.6482,1.6474600000000001,1.6476199999999999,263,17,0
2026-07-09 09:00:00,1.64763,1.6479599999999999,1.64756,1.64772,255,17,0
2026-07-09 09:15:00,1.64774,1.64777,1.64724,1.64727,194,17,0
2026-07-09 09:30:00,1.64729,1.64794,1.6472799999999999,1.6477300000000001,224,17,0
2026-07-09 09:45:00,1.6477,1.64792,1.6475300000000002,1.64758,168,17,0
2026-07-09 10:00:00,1.64756,1.6476199999999999,1.64716,1.6475,193,17,0
2026-07-09 10:15:00,1.64752,1.64759,1.64724,1.6473900000000001,152,17,0
2026-07-09 10:30:00,1.64741,1.6477300000000001,1.6474,1.64763,172,17,0
2026-07-09 10:45:00,1.64765,1.64818,1.64761,1.6479,315,17,0
2026-07-09 11:00:00,1.64787,1.6482700000000001,1.6477,1.6481599999999998,299,17,0
2026-07-09 11:15:00,1.64818,1.6484,1.64802,1.64808,186,17,0
2026-07-09 11:30:00,1.64811,1.64839,1.6479599999999999,1.64812,209,17,0
2026-07-09 11:45:00,1.6481400000000002,1.64822,1.6477300000000001,1.64806,247,17,0
2026-07-09 12:00:00,1.64809,1.64817,1.64751,1.64804,361,17,0
2026-07-09 12:15:00,1.64805,1.64809,1.64754,1.64771,287,17,0
2026-07-09 12:30:00,1.64774,1.64819,1.64754,1.64806,322,17,0
2026-07-09 12:45:00,1.6480700000000001,1.64838,1.64776,1.6480000000000001,295,17,0
2026-07-09 13:00:00,1.64799,1.64799,1.64752,1.6478199999999998,315,17,0
2026-07-09 13:15:00,1.64781,1.64825,1.64775,1.64815,289,17,0
2026-07-09 13:30:00,1.64817,1.6482700000000001,1.64752,1.64761,434,17,0
2026-07-09 13:45:00,1.64764,1.6482,1.64764,1.64799,350,17,0
2026-07-09 14:00:00,1.6480299999999999,1.6484,1.6479300000000001,1.6482299999999999,391,17,0
2026-07-09 14:15:00,1.64826,1.6486100000000001,1.6477,1.64791,392,17,0
2026-07-09 14:30:00,1.64792,1.6483400000000001,1.64731,1.64743,405,17,0
2026-07-09 14:45:00,1.6474199999999999,1.64798,1.64725,1.64778,446,17,0
2026-07-09 15:00:00,1.64775,1.6478899999999999,1.64648,1.64653,391,17,0
2026-07-09 15:15:00,1.64656,1.64679,1.64645,1.6465800000000002,242,17,0
2026-07-09 15:30:00,1.64656,1.6473200000000001,1.64655,1.6473200000000001,269,17,0
2026-07-09 15:45:00,1.6473,1.6473900000000001,1.6468699999999998,1.64736,277,17,0
2026-07-09 16:00:00,1.64733,1.64741,1.6467100000000001,1.64683,237,17,0
2026-07-09 16:15:00,1.64684,1.64722,1.64679,1.6471200000000001,211,17,0
2026-07-09 16:30:00,1.64715,1.64783,1.6470799999999999,1.64775,174,17,0
2026-07-09 16:45:00,1.64774,1.64795,1.64745,1.6476199999999999,178,17,0
2026-07-09 17:00:00,1.64763,1.64763,1.64725,1.64731,170,17,0
2026-07-09 17:15:00,1.6473499999999999,1.64744,1.6471900000000002,1.64724,166,17,0
2026-07-09 17:30:00,1.64723,1.64729,1.6468099999999999,1.647,156,17,0
2026-07-09 17:45:00,1.64698,1.64698,1.64665,1.64684,118,17,0
2026-07-09 18:00:00,1.6468500000000001,1.6469200000000002,1.64663,1.64675,148,17,0
2026-07-09 18:15:00,1.64673,1.64693,1.64673,1.64679,123,17,0
2026-07-09 18:30:00,1.6468,1.64688,1.64661,1.6467100000000001,94,17,0
2026-07-09 18:45:00,1.64673,1.64688,1.64665,1.64675,112,17,0
2026-07-09 19:00:00,1.64673,1.6469399999999998,1.64666,1.6468099999999999,128,17,0
2026-07-09 19:15:00,1.64677,1.64677,1.64655,1.6465999999999998,110,17,0
2026-07-09 19:30:00,1.64663,1.64679,1.6465999999999998,1.6467100000000001,120,17,0
2026-07-09 19:45:00,1.64673,1.6469200000000002,1.6465100000000001,1.6467100000000001,154,17,0
2026-07-09 20:00:00,1.64673,1.64677,1.64652,1.64665,101,17,0
2026-07-09 20:15:00,1.64661,1.64673,1.64646,1.64665,50,17,0
2026-07-09 20:30:00,1.64663,1.64672,1.64646,1.64652,46,17,0
2026-07-09 20:45:00,1.6465100000000001,1.64669,1.6464699999999999,1.6464699999999999,126,17,0
2026-07-09 21:00:00,1.64645,1.6465,1.64634,1.64645,98,48,0
2026-07-09 21:15:00,1.6464699999999999,1.6464699999999999,1.64614,1.64636,263,56,0
2026-07-09 21:30:00,1.64635,1.6466699999999999,1.64625,1.64663,183,56,0
2026-07-09 21:45:00,1.64661,1.64697,1.6465999999999998,1.64669,144,16,0
2026-07-09 22:00:00,1.64695,1.64704,1.6463299999999998,1.64698,127,25,0
2026-07-09 22:15:00,1.64699,1.647,1.6468,1.647,44,25,0
2026-07-09 22:30:00,1.6470099999999999,1.6471200000000001,1.64698,1.6470099999999999,28,25,0
2026-07-09 22:45:00,1.647,1.6470799999999999,1.647,1.6470500000000001,11,25,0
2026-07-09 23:00:00,1.64711,1.64711,1.6469,1.64702,59,17,0
2026-07-09 23:15:00,1.64703,1.64706,1.64664,1.64668,43,17,0
2026-07-09 23:30:00,1.6466699999999999,1.64686,1.64666,1.64677,42,17,0
2026-07-09 23:45:00,1.6468,1.64689,1.6465999999999998,1.64663,65,17,0
2026-07-10 00:00:00,1.64661,1.6475300000000002,1.64638,1.64748,279,17,0
2026-07-10 00:15:00,1.64744,1.64783,1.64733,1.6477,219,17,0
2026-07-10 00:30:00,1.64772,1.64846,1.6476,1.64761,263,17,0
2026-07-10 00:45:00,1.64764,1.64784,1.64706,1.64707,362,17,0
2026-07-10 01:00:00,1.64704,1.64736,1.64682,1.64716,468,17,0
2026-07-10 01:15:00,1.64714,1.64716,1.6467100000000001,1.64682,338,17,0
2026-07-10 01:30:00,1.64684,1.6479,1.6468099999999999,1.6477300000000001,329,17,0
2026-07-10 01:45:00,1.64772,1.64776,1.6463999999999999,1.647,381,17,0
2026-07-10 02:00:00,1.64698,1.64736,1.6465100000000001,1.6465100000000001,354,17,0
2026-07-10 02:15:00,1.64653,1.64682,1.64582,1.6461299999999999,448,17,0
2026-07-10 02:30:00,1.64611,1.64646,1.64569,1.6458599999999999,334,17,0
2026-07-10 02:45:00,1.64587,1.64594,1.64419,1.64453,436,17,0
2026-07-10 03:00:00,1.64455,1.64487,1.64428,1.64479,306,17,0
2026-07-10 03:15:00,1.64478,1.6452,1.6447699999999998,1.64501,219,17,0
2026-07-10 03:30:00,1.64503,1.64527,1.6448800000000001,1.6449799999999999,201,17,0
2026-07-10 03:45:00,1.645,1.64524,1.64479,1.64487,212,17,0
2026-07-10 04:00:00,1.6448800000000001,1.6451799999999999,1.64482,1.6451099999999999,171,17,0
2026-07-10 04:15:00,1.6451,1.64541,1.64503,1.6451,172,17,0
2026-07-10 04:30:00,1.64508,1.64526,1.64497,1.64514,116,17,0
2026-07-10 04:45:00,1.64517,1.64537,1.64507,1.6453,170,17,0
2026-07-10 05:00:00,1.6452900000000001,1.6454,1.64506,1.64514,203,17,0
2026-07-10 05:15:00,1.6451500000000001,1.64604,1.64512,1.64595,241,17,0
2026-07-10 05:30:00,1.64598,1.64639,1.64598,1.64619,258,17,0
2026-07-10 05:45:00,1.64616,1.64646,1.64575,1.64623,271,17,0
2026-07-10 06:00:00,1.64622,1.64629,1.6455899999999999,1.6457899999999999,338,17,0
2026-07-10 06:15:00,1.64582,1.64656,1.64566,1.64627,312,17,0
2026-07-10 06:30:00,1.64625,1.64627,1.6457600000000001,1.64602,301,17,0
2026-07-10 06:45:00,1.64604,1.64627,1.6459000000000001,1.6462599999999998,237,17,0
2026-07-10 07:00:00,1.64629,1.64643,1.64595,1.64598,290,17,0
2026-07-10 07:15:00,1.646,1.6463999999999999,1.64596,1.64632,244,17,0
2026-07-10 07:30:00,1.6463100000000002,1.64656,1.64591,1.6465100000000001,240,17,0
2026-07-10 07:45:00,1.64653,1.64715,1.6465100000000001,1.64666,288,17,0
2026-07-10 08:00:00,1.64664,1.64716,1.64625,1.64627,394,17,0
2026-07-10 08:15:00,1.64628,1.64664,1.64601,1.6465800000000002,305,17,0
2026-07-10 08:30:00,1.64656,1.64686,1.6464699999999999,1.64657,298,17,0
2026-07-10 08:45:00,1.64659,1.64665,1.64623,1.6462599999999998,250,17,0
2026-07-10 09:00:00,1.64628,1.64654,1.6461299999999999,1.64634,298,17,0
2026-07-10 09:15:00,1.6463100000000002,1.64656,1.6460599999999999,1.64648,178,17,0
2026-07-10 09:30:00,1.6465,1.64656,1.64571,1.6457199999999998,197,17,0
2026-07-10 09:45:00,1.64574,1.6457600000000001,1.64496,1.64514,212,17,0
2026-07-10 10:00:00,1.6451099999999999,1.64513,1.64447,1.6446,210,17,0
2026-07-10 10:15:00,1.64462,1.64478,1.64451,1.64456,167,17,0
2026-07-10 10:30:00,1.64458,1.6449,1.6444,1.64483,180,17,0
2026-07-10 10:45:00,1.64485,1.64555,1.64485,1.64539,263,17,0
2026-07-10 11:00:00,1.64543,1.64553,1.6451099999999999,1.64517,231,17,0
2026-07-10 11:15:00,1.64516,1.64589,1.64506,1.64587,253,17,0
2026-07-10 11:30:00,1.64589,1.64604,1.64534,1.6454499999999999,270,17,0
2026-07-10 11:45:00,1.64543,1.64543,1.64476,1.64487,256,17,0
2026-07-10 12:00:00,1.6449,1.6449500000000001,1.64433,1.64449,435,17,0
2026-07-10 12:15:00,1.64452,1.6446800000000001,1.6442999999999999,1.64446,274,17,0
2026-07-10 12:30:00,1.64445,1.6447500000000002,1.64409,1.64474,287,17,0
2026-07-10 12:45:00,1.64473,1.64478,1.64429,1.6444,230,17,0
2026-07-10 13:00:00,1.64442,1.6444999999999999,1.64322,1.64322,298,17,0
2026-07-10 13:15:00,1.6431900000000002,1.6434,1.64296,1.6433200000000001,283,17,0
2026-07-10 13:30:00,1.6433499999999999,1.6434,1.6426500000000002,1.64338,434,17,0
2026-07-10 13:45:00,1.64337,1.64383,1.6431200000000001,1.6436,421,17,0
2026-07-10 14:00:00,1.64358,1.64398,1.6432099999999998,1.6439300000000001,353,17,0
2026-07-10 14:15:00,1.64394,1.6440700000000001,1.64347,1.6439599999999999,383,17,0
2026-07-10 14:30:00,1.6439300000000001,1.64547,1.6438899999999999,1.64421,1071,17,0
2026-07-10 14:45:00,1.64424,1.64472,1.64381,1.64439,444,17,0
2026-07-10 15:00:00,1.6444,1.6446800000000001,1.6441599999999998,1.6441599999999998,416,17,0
2026-07-10 15:15:00,1.64413,1.64415,1.64322,1.64333,403,17,0
2026-07-10 15:30:00,1.64331,1.64379,1.64325,1.64356,387,17,0
2026-07-10 15:45:00,1.64357,1.64383,1.64351,1.64359,307,17,0
2026-07-10 16:00:00,1.64356,1.6436199999999999,1.6427800000000001,1.6427800000000001,342,17,0
2026-07-10 16:15:00,1.64276,1.64289,1.6425,1.64256,304,17,0
2026-07-10 16:30:00,1.64255,1.64255,1.64212,1.64228,234,17,0
2026-07-10 16:45:00,1.64226,1.64262,1.64221,1.64249,230,17,0
2026-07-10 17:00:00,1.6425100000000001,1.64263,1.64222,1.64228,229,17,0
2026-07-10 17:15:00,1.6422400000000001,1.64238,1.6418599999999999,1.64212,203,17,0
2026-07-10 17:30:00,1.64214,1.6421700000000001,1.64188,1.64192,143,17,0
2026-07-10 17:45:00,1.64193,1.64227,1.64187,1.6420400000000002,154,17,0
2026-07-10 18:00:00,1.64201,1.64211,1.6417199999999998,1.64196,206,17,0
2026-07-10 18:15:00,1.64194,1.6421299999999999,1.64169,1.64169,144,17,0
2026-07-10 18:30:00,1.64168,1.64168,1.6414900000000001,1.6416,141,17,0
2026-07-10 18:45:00,1.64161,1.6419899999999998,1.64157,1.6419899999999998,125,17,0
2026-07-10 19:00:00,1.64201,1.64209,1.64194,1.64201,118,17,0
2026-07-10 19:15:00,1.64202,1.64214,1.6419899999999998,1.6420400000000002,86,17,0
2026-07-10 19:30:00,1.64205,1.6421700000000001,1.642,1.6420400000000002,99,17,0
2026-07-10 19:45:00,1.64205,1.6420599999999999,1.64169,1.64188,119,17,0
2026-07-10 20:00:00,1.6419000000000001,1.64196,1.6417199999999998,1.64189,161,17,0
2026-07-10 20:15:00,1.6419000000000001,1.642,1.64173,1.64182,114,17,0
2026-07-10 20:30:00,1.64178,1.64189,1.64153,1.64154,116,17,0
2026-07-10 20:45:00,1.64151,1.64169,1.6414499999999999,1.6416,108,17,0
2026-07-12 21:00:00,1.6402700000000001,1.6402999999999999,1.6385399999999999,1.63988,76,141,0
2026-07-12 21:15:00,1.63991,1.64054,1.6391200000000001,1.64035,128,172,0
2026-07-12 21:30:00,1.64038,1.64104,1.64024,1.64104,90,115,0
2026-07-12 21:45:00,1.641,1.64127,1.6390500000000001,1.64127,153,113,0
2026-07-12 22:00:00,1.64165,1.64283,1.6415199999999999,1.6428099999999999,520,17,0
2026-07-12 22:15:00,1.64283,1.64303,1.6424699999999999,1.64248,260,17,0
2026-07-12 22:30:00,1.64238,1.64255,1.6419899999999998,1.64242,197,17,0
2026-07-12 22:45:00,1.64241,1.6425,1.64218,1.64242,103,17,0
2026-07-12 23:00:00,1.64243,1.64245,1.6420400000000002,1.64207,124,17,0
2026-07-12 23:15:00,1.64205,1.64253,1.64205,1.64227,81,17,0
2026-07-12 23:30:00,1.64228,1.64257,1.64226,1.64254,99,17,0
2026-07-12 23:45:00,1.64256,1.64302,1.64255,1.64276,211,17,0
2026-07-13 00:00:00,1.64273,1.64282,1.64191,1.64203,395,17,0
2026-07-13 00:15:00,1.64202,1.6429,1.64191,1.64287,294,17,0
2026-07-13 00:30:00,1.64289,1.64338,1.64277,1.64291,361,17,0
2026-07-13 00:45:00,1.64293,1.6436600000000001,1.64275,1.64344,380,17,0
2026-07-13 01:00:00,1.6434,1.64385,1.6432799999999999,1.6433,479,17,0
2026-07-13 01:15:00,1.6432600000000002,1.6433,1.64262,1.6426699999999999,437,17,0
2026-07-13 01:30:00,1.6427,1.64323,1.64261,1.64311,396,17,0
2026-07-13 01:45:00,1.64309,1.64356,1.64279,1.6433499999999999,401,17,0
2026-07-13 02:00:00,1.64331,1.6436899999999999,1.64303,1.6431900000000002,370,17,0
2026-07-13 02:15:00,1.64322,1.6432600000000002,1.6425,1.64264,289,17,0
2026-07-13 02:30:00,1.6426699999999999,1.64331,1.64262,1.6431200000000001,281,17,0
2026-07-13 02:45:00,1.64314,1.64384,1.6430500000000001,1.6438000000000001,237,17,0
2026-07-13 03:00:00,1.6438199999999998,1.64503,1.6438199999999998,1.64483,295,17,0
2026-07-13 03:15:00,1.64482,1.6450200000000001,1.64459,1.6447699999999998,219,17,0
2026-07-13 03:30:00,1.64479,1.64499,1.64451,1.64474,226,17,0
2026-07-13 03:45:00,1.64472,1.64493,1.6445699999999999,1.6447699999999998,222,17,0
2026-07-13 04:00:00,1.64476,1.64568,1.64476,1.6454499999999999,220,17,0
2026-07-13 04:15:00,1.64543,1.64558,1.6450200000000001,1.64517,189,17,0
2026-07-13 04:30:00,1.6451500000000001,1.64524,1.64493,1.64524,150,17,0
2026-07-13 04:45:00,1.6452499999999999,1.6452499999999999,1.64479,1.6449,155,17,0
2026-07-13 05:00:00,1.64489,1.6450900000000002,1.64417,1.6443699999999999,317,17,0
2026-07-13 05:15:00,1.64438,1.64582,1.6443400000000001,1.6458,313,17,0
2026-07-13 05:30:00,1.64582,1.64596,1.64476,1.64493,385,17,0
2026-07-13 05:45:00,1.6449,1.64534,1.6447500000000002,1.645,367,17,0
2026-07-13 06:00:00,1.64503,1.6458,1.64444,1.64574,401,17,0
2026-07-13 06:15:00,1.64575,1.64582,1.64523,1.64582,314,17,0
2026-07-13 06:30:00,1.64581,1.64589,1.64519,1.64567,324,17,0
2026-07-13 06:45:00,1.6457000000000002,1.64595,1.64539,1.64543,280,17,0
2026-07-13 07:00:00,1.64539,1.64573,1.6451500000000001,1.64547,430,17,0
2026-07-13 07:15:00,1.64544,1.64585,1.64534,1.64581,311,17,0
2026-07-13 07:30:00,1.64582,1.64718,1.64582,1.64709,426,17,0
2026-07-13 07:45:00,1.64711,1.6473200000000001,1.6468,1.6468,326,17,0
2026-07-13 08:00:00,1.64676,1.6476600000000001,1.64649,1.6474,601,17,0
2026-07-13 08:15:00,1.64741,1.64778,1.64729,1.64778,412,17,0
2026-07-13 08:30:00,1.6478199999999998,1.64799,1.6475,1.64757,318,17,0
2026-07-13 08:45:00,1.6476,1.64767,1.6471,1.64727,254,17,0
2026-07-13 09:00:00,1.64729,1.6474600000000001,1.64695,1.64697,244,17,0
2026-07-13 09:15:00,1.64696,1.64711,1.64663,1.647,248,17,0
2026-07-13 09:30:00,1.64698,1.64709,1.64646,1.64668,244,17,0
2026-07-13 09:45:00,1.64669,1.6468699999999998,1.64662,1.6466699999999999,223,17,0
2026-07-13 10:00:00,1.64666,1.64713,1.64653,1.6470099999999999,264,17,0
2026-07-13 10:15:00,1.64703,1.64718,1.64676,1.6469200000000002,215,17,0
2026-07-13 10:30:00,1.64693,1.64693,1.64642,1.64645,235,17,0
2026-07-13 10:45:00,1.64646,1.6465,1.64622,1.64622,245,17,0
2026-07-13 11:00:00,1.64619,1.64625,1.6455199999999999,1.6456499999999998,316,17,0
2026-07-13 11:15:00,1.6456300000000001,1.6457000000000002,1.6450399999999998,1.6450900000000002,263,17,0
2026-07-13 11:30:00,1.6451099999999999,1.6451500000000001,1.64462,1.64486,252,17,0
2026-07-13 11:45:00,1.64489,1.64542,1.64487,1.64532,225,17,0
2026-07-13 12:00:00,1.64534,1.64601,1.64526,1.64598,337,17,0
2026-07-13 12:15:00,1.64596,1.6459700000000002,1.64555,1.6457899999999999,316,17,0
2026-07-13 12:30:00,1.64578,1.64622,1.6456499999999998,1.64587,318,17,0
2026-07-13 12:45:00,1.64588,1.64588,1.64521,1.64557,323,17,0
2026-07-13 13:00:00,1.64554,1.6459000000000001,1.64541,1.64578,359,17,0
2026-07-13 13:15:00,1.64577,1.64604,1.64543,1.6454900000000001,285,17,0
2026-07-13 13:30:00,1.64551,1.64666,1.6454,1.6462400000000001,514,17,0
2026-07-13 13:45:00,1.64622,1.64642,1.6453799999999998,1.64554,514,17,0
2026-07-13 14:00:00,1.64555,1.6457199999999998,1.6449799999999999,1.64524,526,17,0
2026-07-13 14:15:00,1.64523,1.64582,1.6442299999999999,1.6443699999999999,895,17,0
2026-07-13 14:30:00,1.64436,1.64456,1.64395,1.64439,478,17,0
2026-07-13 14:45:00,1.64442,1.64471,1.64406,1.64439,429,17,0
2026-07-13 15:00:00,1.6444,1.64444,1.64322,1.6432799999999999,399,17,0
2026-07-13 15:15:00,1.6433,1.64361,1.64313,1.6433200000000001,279,17,0
2026-07-13 15:30:00,1.64329,1.6439,1.6431900000000002,1.6439,326,17,0
2026-07-13 15:45:00,1.6438700000000002,1.6442999999999999,1.6437300000000001,1.6442299999999999,303,17,0
2026-07-13 16:00:00,1.64421,1.64425,1.6435499999999998,1.6438000000000001,252,17,0
2026-07-13 16:15:00,1.64384,1.6442700000000001,1.64375,1.6441599999999998,278,17,0
2026-07-13 16:30:00,1.6441400000000002,1.64542,1.64412,1.64485,553,17,0
2026-07-13 16:45:00,1.64487,1.64542,1.64473,1.64524,363,17,0
2026-07-13 17:00:00,1.6452200000000001,1.64537,1.6446,1.6446,238,17,0
2026-07-13 17:15:00,1.6445699999999999,1.64465,1.6442700000000001,1.64449,163,17,0
2026-07-13 17:30:00,1.64447,1.6447,1.6444100000000001,1.64459,188,17,0
2026-07-13 17:45:00,1.64456,1.64514,1.64439,1.64501,207,17,0
2026-07-13 18:00:00,1.645,1.64544,1.6449799999999999,1.64535,225,17,0
2026-07-13 18:15:00,1.6453600000000002,1.64573,1.6453,1.6453600000000002,197,17,0
2026-07-13 18:30:00,1.64537,1.64543,1.6451799999999999,1.64523,202,17,0
2026-07-13 18:45:00,1.6452200000000001,1.64524,1.6449799999999999,1.645,172,17,0
2026-07-13 19:00:00,1.64496,1.64541,1.6448800000000001,1.64541,182,17,0
2026-07-13 19:15:00,1.64543,1.6457600000000001,1.6454,1.64568,173,17,0
2026-07-13 19:30:00,1.64567,1.6459899999999998,1.6456,1.64564,137,17,0
2026-07-13 19:45:00,1.64562,1.6458,1.64528,1.64543,155,17,0
2026-07-13 20:00:00,1.64547,1.6457000000000002,1.6454499999999999,1.64557,124,17,0
2026-07-13 20:15:00,1.64555,1.64577,1.64532,1.64537,141,17,0
2026-07-13 20:30:00,1.6454,1.64544,1.64496,1.6449799999999999,86,17,0
2026-07-13 20:45:00,1.645,1.64516,1.645,1.64508,81,15,0
2026-07-13 21:00:00,1.64506,1.64508,1.64492,1.64497,65,28,0
2026-07-13 21:15:00,1.64499,1.64507,1.64486,1.6449,140,40,0
2026-07-13 21:30:00,1.6449,1.6449099999999999,1.64472,1.64486,179,98,0
2026-07-13 21:45:00,1.64486,1.64499,1.6448399999999999,1.6449799999999999,151,76,0
2026-07-13 22:00:00,1.64497,1.64512,1.64463,1.64494,140,25,0
2026-07-13 22:15:00,1.6449500000000001,1.64505,1.64485,1.64505,61,25,0
2026-07-13 22:30:00,1.64507,1.6454900000000001,1.64507,1.64533,75,25,0
2026-07-13 22:45:00,1.64534,1.64543,1.6452,1.64528,79,25,0
2026-07-13 23:00:00,1.64531,1.6456300000000001,1.64526,1.64526,103,17,0
2026-07-13 23:15:00,1.64528,1.6455600000000001,1.64527,1.64544,78,17,0
2026-07-13 23:30:00,1.64547,1.64564,1.64531,1.64544,109,17,0
2026-07-13 23:45:00,1.6454499999999999,1.64571,1.6450399999999998,1.64507,206,17,0
2026-07-14 00:00:00,1.6450399999999998,1.64623,1.6449500000000001,1.64561,494,17,0
2026-07-14 00:15:00,1.64558,1.64603,1.6452900000000001,1.6455600000000001,493,17,0
2026-07-14 00:30:00,1.64553,1.64585,1.64517,1.6456,428,17,0
2026-07-14 00:45:00,1.6456300000000001,1.64581,1.64523,1.6454,469,17,0
2026-07-14 01:00:00,1.64537,1.64589,1.6452900000000001,1.64566,335,17,0
2026-07-14 01:15:00,1.64568,1.64577,1.64482,1.64519,382,17,0
2026-07-14 01:30:00,1.6452,1.64619,1.6451099999999999,1.64555,407,17,0
2026-07-14 01:45:00,1.64553,1.64584,1.64505,1.64562,355,17,0
2026-07-14 02:00:00,1.6456,1.64577,1.64505,1.64531,367,17,0
2026-07-14 02:15:00,1.6452900000000001,1.64567,1.6451500000000001,1.64517,296,17,0
2026-07-14 02:30:00,1.64519,1.64537,1.64449,1.64463,333,17,0
2026-07-14 02:45:00,1.6446100000000001,1.64521,1.6445400000000001,1.6451099999999999,263,17,0
2026-07-14 03:00:00,1.6450900000000002,1.64547,1.64494,1.6454,275,17,0
2026-07-14 03:15:00,1.64542,1.64544,1.64466,1.6446800000000001,256,17,0
2026-07-14 03:30:00,1.64469,1.6447,1.6440700000000001,1.64442,336,17,0
2026-07-14 03:45:00,1.6444299999999998,1.64445,1.64351,1.64394,307,17,0
2026-07-14 04:00:00,1.64391,1.64392,1.6433200000000001,1.64364,250,17,0
2026-07-14 04:15:00,1.64365,1.6441599999999998,1.6435300000000002,1.64409,238,17,0
2026-07-14 04:30:00,1.64412,1.64429,1.64318,1.64333,238,17,0
2026-07-14 04:45:00,1.64334,1.64344,1.6428,1.64288,216,17,0
2026-07-14 05:00:00,1.6428500000000001,1.643,1.64272,1.64283,229,17,0
2026-07-14 05:15:00,1.64282,1.6431499999999999,1.64273,1.6428500000000001,206,17,0
2026-07-14 05:30:00,1.64284,1.64284,1.64223,1.6427100000000001,285,17,0
2026-07-14 05:45:00,1.6426699999999999,1.64297,1.6424699999999999,1.64272,284,17,0
2026-07-14 06:00:00,1.64275,1.64288,1.64238,1.64256,347,17,0
2026-07-14 06:15:00,1.64257,1.64288,1.64253,1.64282,238,17,0
2026-07-14 06:30:00,1.6428500000000001,1.6430099999999999,1.6424400000000001,1.6427800000000001,297,17,0
2026-07-14 06:45:00,1.64276,1.64327,1.6426699999999999,1.64323,246,17,0
2026-07-14 07:00:00,1.64325,1.64327,1.64211,1.64219,359,17,0
2026-07-14 07:15:00,1.64221,1.64225,1.64173,1.64184,388,17,0
2026-07-14 07:30:00,1.6418599999999999,1.64208,1.6412499999999999,1.6413799999999998,376,17,0
2026-07-14 07:45:00,1.6414,1.6417899999999999,1.64133,1.64176,358,17,0
2026-07-14 08:00:00,1.64178,1.6428,1.6417199999999998,1.64269,368,17,0
2026-07-14 08:15:00,1.64266,1.64277,1.64242,1.64268,285,17,0
2026-07-14 08:30:00,1.6427100000000001,1.64287,1.64215,1.64238,343,17,0
2026-07-14 08:45:00,1.64241,1.64241,1.64167,1.64169,333,17,0
2026-07-14 09:00:00,1.64167,1.64182,1.64011,1.64011,355,17,0
2026-07-14 09:15:00,1.64012,1.6404800000000002,1.6400299999999999,1.64042,334,17,0
2026-07-14 09:30:00,1.6404,1.6404,1.6397599999999999,1.63994,250,17,0
2026-07-14 09:45:00,1.63995,1.6400299999999999,1.63957,1.63999,279,17,0
2026-07-14 10:00:00,1.64001,1.64021,1.63948,1.64021,316,17,0
2026-07-14 10:15:00,1.6402299999999999,1.64044,1.64005,1.6403699999999999,282,17,0
2026-07-14 10:30:00,1.64039,1.6413799999999998,1.64035,1.64119,359,17,0
2026-07-14 10:45:00,1.6412,1.64134,1.64107,1.64123,227,17,0
2026-07-14 11:00:00,1.64121,1.6418,1.64115,1.64175,335,17,0
2026-07-14 11:15:00,1.64177,1.64195,1.6415,1.64164,275,17,0
2026-07-14 11:30:00,1.64162,1.64234,1.6415,1.64227,257,17,0
2026-07-14 11:45:00,1.64228,1.64268,1.64225,1.64243,332,17,0
2026-07-14 12:00:00,1.6424699999999999,1.64311,1.64237,1.6431,345,17,0
2026-07-14 12:15:00,1.64309,1.6434,1.6425800000000002,1.64296,465,17,0
2026-07-14 12:30:00,1.64311,1.64318,1.64045,1.6410200000000001,1803,17,0
2026-07-14 12:45:00,1.641,1.64252,1.6407699999999998,1.64228,909,17,0
2026-07-14 13:00:00,1.64226,1.64232,1.64153,1.64173,691,17,0
2026-07-14 13:15:00,1.64176,1.64223,1.64104,1.64141,594,17,0
2026-07-14 13:30:00,1.64144,1.6415,1.64036,1.6407,746,17,0
2026-07-14 13:45:00,1.64073,1.6409099999999999,1.6400700000000001,1.64019,549,17,0
2026-07-14 14:00:00,1.64015,1.64031,1.6394,1.6400000000000001,654,17,0
2026-07-14 14:15:00,1.64002,1.64062,1.63856,1.63947,718,17,0
2026-07-14 14:30:00,1.63944,1.63945,1.6379299999999999,1.63861,761,17,0
2026-07-14 14:45:00,1.63863,1.6388099999999999,1.6377899999999999,1.6380599999999998,576,17,0
2026-07-14 15:00:00,1.63805,1.63811,1.63739,1.63739,567,17,0
2026-07-14 15:15:00,1.6373799999999998,1.63776,1.6372200000000001,1.63741,317,17,0
2026-07-14 15:30:00,1.6374300000000002,1.6390099999999999,1.6372900000000001,1.63861,527,17,0
2026-07-14 15:45:00,1.63864,1.63898,1.63852,1.63869,452,17,0
2026-07-14 16:00:00,1.63868,1.6392799999999998,1.63868,1.63873,372,17,0
2026-07-14 16:15:00,1.63877,1.639,1.63866,1.63869,285,17,0
2026-07-14 16:30:00,1.6386500000000002,1.6388,1.63839,1.6384400000000001,221,17,0
2026-07-14 16:45:00,1.63845,1.63869,1.63821,1.63821,196,17,0
2026-07-14 17:00:00,1.63819,1.63841,1.63801,1.63815,275,17,0
2026-07-14 17:15:00,1.63816,1.6381999999999999,1.63769,1.63801,261,17,0
2026-07-14 17:30:00,1.638,1.63803,1.63778,1.63789,162,17,0
2026-07-14 17:45:00,1.63787,1.6381700000000001,1.6375600000000001,1.63762,176,17,0
2026-07-14 18:00:00,1.63761,1.63775,1.63754,1.6376,187,17,0
2026-07-14 18:15:00,1.63758,1.63775,1.6375199999999999,1.63758,170,17,0
2026-07-14 18:30:00,1.6376,1.6379700000000001,1.63753,1.6379000000000001,228,17,0
2026-07-14 18:45:00,1.63791,1.63801,1.63775,1.63776,180,17,0
2026-07-14 19:00:00,1.63774,1.63811,1.63774,1.63803,175,17,0
2026-07-14 19:15:00,1.63801,1.63821,1.63798,1.63809,171,17,0
2026-07-14 19:30:00,1.63812,1.63827,1.6379899999999998,1.6380599999999998,208,17,0
2026-07-14 19:45:00,1.63807,1.63807,1.63776,1.6378300000000001,151,17,0
2026-07-14 20:00:00,1.6378599999999999,1.63821,1.6377000000000002,1.6379899999999998,168,17,0
2026-07-14 20:15:00,1.6379700000000001,1.63812,1.6378,1.63787,88,17,0
2026-07-14 20:30:00,1.63789,1.6379899999999998,1.63773,1.63773,85,17,0
2026-07-14 20:45:00,1.63774,1.63774,1.63737,1.63741,102,17,0
2026-07-14 21:00:00,1.63742,1.63742,1.6372200000000001,1.6373799999999998,47,26,0
2026-07-14 21:15:00,1.6374,1.63742,1.6369,1.63703,264,34,0
2026-07-14 21:30:00,1.6370200000000001,1.6371799999999999,1.63686,1.6371799999999999,165,152,0
2026-07-14 21:45:00,1.6371799999999999,1.6372499999999999,1.63712,1.6372200000000001,108,140,0
2026-07-14 22:00:00,1.63721,1.6375600000000001,1.6371799999999999,1.63751,160,25,0
2026-07-14 22:15:00,1.6374900000000001,1.63753,1.63723,1.63735,65,25,0
2026-07-14 22:30:00,1.6373600000000001,1.63767,1.6373600000000001,1.63766,71,25,0
2026-07-14 22:45:00,1.63767,1.63776,1.6375199999999999,1.63776,48,25,0
2026-07-14 23:00:00,1.6378,1.6379700000000001,1.63777,1.63777,90,17,0
2026-07-14 23:15:00,1.63776,1.63777,1.6374,1.6374,91,17,0
2026-07-14 23:30:00,1.63739,1.63744,1.63727,1.63744,113,17,0
2026-07-14 23:45:00,1.63742,1.63776,1.63734,1.6375600000000001,102,17,0
2026-07-15 00:00:00,1.63753,1.63761,1.6372200000000001,1.63739,343,17,0
2026-07-15 00:15:00,1.6374,1.63742,1.63659,1.6367699999999998,263,17,0
2026-07-15 00:30:00,1.63679,1.63766,1.63669,1.63741,198,17,0
2026-07-15 00:45:00,1.6374,1.63742,1.63665,1.63673,307,17,0
2026-07-15 01:00:00,1.6367099999999999,1.6375899999999999,1.6366,1.6371799999999999,422,17,0
2026-07-15 01:15:00,1.63717,1.63774,1.63678,1.63761,348,17,0
2026-07-15 01:30:00,1.6376300000000001,1.638,1.63746,1.6379700000000001,373,17,0
2026-07-15 01:45:00,1.63794,1.63796,1.63663,1.63666,327,17,0
2026-07-15 02:00:00,1.63663,1.63717,1.6366100000000001,1.63707,293,17,0
2026-07-15 02:15:00,1.6371,1.63737,1.63686,1.6369,245,17,0
2026-07-15 02:30:00,1.63693,1.63693,1.63631,1.6364999999999998,257,17,0
2026-07-15 02:45:00,1.6364800000000002,1.63701,1.63619,1.6362700000000001,311,17,0
2026-07-15 03:00:00,1.63629,1.63678,1.63619,1.6366,252,17,0
2026-07-15 03:15:00,1.63658,1.63694,1.6365699999999999,1.63685,234,17,0
2026-07-15 03:30:00,1.6368800000000001,1.6372,1.63685,1.63713,173,17,0
2026-07-15 03:45:00,1.63716,1.63716,1.6366399999999999,1.63693,156,17,0
2026-07-15 04:00:00,1.6369099999999999,1.63733,1.63662,1.6372,153,17,0
2026-07-15 04:15:00,1.6372200000000001,1.63777,1.6371799999999999,1.63775,124,17,0
2026-07-15 04:30:00,1.63773,1.6379000000000001,1.63765,1.63775,118,17,0
2026-07-15 04:45:00,1.63773,1.63776,1.63751,1.6376,133,17,0
2026-07-15 05:00:00,1.63757,1.63764,1.6372200000000001,1.63757,237,17,0
2026-07-15 05:15:00,1.6375899999999999,1.63798,1.6373,1.63767,210,17,0
2026-07-15 05:30:00,1.63766,1.6378300000000001,1.63726,1.63728,261,17,0
2026-07-15 05:45:00,1.63731,1.63751,1.63707,1.6373,245,17,0
2026-07-15 06:00:00,1.63733,1.63767,1.63721,1.63728,262,17,0
2026-07-15 06:15:00,1.6373,1.63741,1.63679,1.63697,233,17,0
2026-07-15 06:30:00,1.63693,1.63719,1.63678,1.63703,249,17,0
2026-07-15 06:45:00,1.6370200000000001,1.63712,1.63601,1.63609,360,17,0
2026-07-15 07:00:00,1.63612,1.63628,1.63521,1.63523,412,17,0
2026-07-15 07:15:00,1.63524,1.63656,1.63522,1.63619,373,17,0
2026-07-15 07:30:00,1.63622,1.63631,1.63534,1.63538,333,17,0
2026-07-15 07:45:00,1.63537,1.63548,1.63476,1.63496,214,17,0
2026-07-15 08:00:00,1.63493,1.6353,1.6347800000000001,1.635,342,17,0
2026-07-15 08:15:00,1.63498,1.6354,1.63471,1.63482,278,17,0
2026-07-15 08:30:00,1.63479,1.63509,1.63453,1.63503,264,17,0
2026-07-15 08:45:00,1.6350500000000001,1.63531,1.63469,1.63476,239,17,0
2026-07-15 09:00:00,1.6348,1.63482,1.63441,1.6344400000000001,248,17,0
2026-07-15 09:15:00,1.63445,1.6347800000000001,1.63421,1.6346699999999998,263,17,0
2026-07-15 09:30:00,1.6346500000000002,1.6348099999999999,1.63426,1.63428,245,17,0
2026-07-15 09:45:00,1.63429,1.63459,1.6341700000000001,1.63418,255,17,0
2026-07-15 10:00:00,1.63422,1.6346699999999998,1.63392,1.63394,272,17,0
2026-07-15 10:15:00,1.63395,1.63495,1.63388,1.6348099999999999,324,17,0
2026-07-15 10:30:00,1.63479,1.63479,1.63419,1.6344400000000001,268,17,0
2026-07-15 10:45:00,1.63445,1.6346699999999998,1.63423,1.6345100000000001,208,17,0
2026-07-15 11:00:00,1.63452,1.63482,1.63439,1.6344699999999999,246,17,0
2026-07-15 11:15:00,1.63449,1.6348099999999999,1.63436,1.63457,209,17,0
2026-07-15 11:30:00,1.63459,1.63479,1.6343,1.6343299999999998,204,17,0
2026-07-15 11:45:00,1.63436,1.63445,1.6334,1.63353,395,17,0
2026-07-15 12:00:00,1.6335600000000001,1.63391,1.6333199999999999,1.63357,352,17,0
2026-07-15 12:15:00,1.6335600000000001,1.63429,1.63348,1.63423,276,17,0
2026-07-15 12:30:00,1.6341999999999999,1.6341999999999999,1.6334300000000002,1.63368,682,17,0
2026-07-15 12:45:00,1.63365,1.63398,1.6334300000000002,1.63348,343,17,0
2026-07-15 13:00:00,1.6334499999999998,1.6339000000000001,1.63333,1.6338599999999999,402,17,0
2026-07-15 13:15:00,1.63389,1.6340599999999998,1.63331,1.63376,324,17,0
2026-07-15 13:30:00,1.6337899999999999,1.63411,1.63344,1.6340400000000002,414,17,0
2026-07-15 13:45:00,1.63405,1.63477,1.6338,1.6341999999999999,553,17,0
2026-07-15 14:00:00,1.63418,1.6346500000000002,1.63381,1.63457,429,17,0
2026-07-15 14:15:00,1.6345800000000001,1.6348799999999999,1.6341700000000001,1.6343,469,17,0
2026-07-15 14:30:00,1.63427,1.63477,1.6341999999999999,1.63466,432,17,0
2026-07-15 14:45:00,1.63464,1.6349,1.6338,1.63398,624,17,0
2026-07-15 15:00:00,1.63401,1.63463,1.63399,1.6343800000000002,397,17,0
2026-07-15 15:15:00,1.63435,1.63449,1.6335199999999999,1.63354,384,17,0
2026-07-15 15:30:00,1.63357,1.6337000000000002,1.6330900000000002,1.6333,414,17,0
2026-07-15 15:45:00,1.63331,1.6340400000000002,1.63319,1.63402,338,17,0
2026-07-15 16:00:00,1.634,1.6344400000000001,1.63384,1.63442,345,17,0
2026-07-15 16:15:00,1.63446,1.63531,1.63445,1.63517,287,17,0
2026-07-15 16:30:00,1.6351900000000001,1.6359599999999999,1.63509,1.63588,302,17,0
2026-07-15 16:45:00,1.6358700000000002,1.63638,1.63568,1.63606,404,17,0
2026-07-15 17:00:00,1.6360299999999999,1.6360700000000001,1.63564,1.63598,279,17,0
2026-07-15 17:15:00,1.6359599999999999,1.63608,1.63577,1.63583,236,17,0
2026-07-15 17:30:00,1.63586,1.63613,1.63529,1.63541,471,17,0
2026-07-15 17:45:00,1.6353900000000001,1.63572,1.6350500000000001,1.63554,353,17,0
2026-07-15 18:00:00,1.63551,1.6355499999999998,1.63503,1.63518,242,17,0
2026-07-15 18:15:00,1.63516,1.6352600000000002,1.63498,1.63525,188,17,0
2026-07-15 18:30:00,1.63524,1.63556,1.63502,1.6355300000000002,211,17,0
2026-07-15 18:45:00,1.63557,1.63612,1.6355499999999998,1.63601,249,17,0
2026-07-15 19:00:00,1.63599,1.63626,1.6357300000000001,1.6362100000000002,228,17,0
2026-07-15 19:15:00,1.6362299999999999,1.63673,1.6362299999999999,1.63666,168,17,0
2026-07-15 19:30:00,1.63663,1.63669,1.63602,1.6360700000000001,253,17,0
2026-07-15 19:45:00,1.63604,1.63622,1.63595,1.63601,200,17,0
2026-07-15 20:00:00,1.63598,1.63606,1.63567,1.6360000000000001,157,17,0
2026-07-15 20:15:00,1.63601,1.6360999999999999,1.6357,1.6358000000000001,97,17,0
2026-07-15 20:30:00,1.63581,1.63581,1.63565,1.6357599999999999,83,17,0
2026-07-15 20:45:00,1.63579,1.63612,1.63574,1.63605,124,16,0
2026-07-15 21:00:00,1.6360700000000001,1.6360700000000001,1.6358000000000001,1.63583,70,20,0
2026-07-15 21:15:00,1.63581,1.63597,1.63572,1.63594,199,66,0
2026-07-15 21:30:00,1.63595,1.6359599999999999,1.63571,1.63574,180,82,0
2026-07-15 21:45:00,1.63575,1.6359599999999999,1.63574,1.63592,193,108,0
2026-07-15 22:00:00,1.63597,1.6366399999999999,1.63595,1.63651,104,25,0
2026-07-15 22:15:00,1.63649,1.63654,1.63636,1.63652,45,25,0
2026-07-15 22:30:00,1.63651,1.63667,1.63642,1.63663,44,25,0
2026-07-15 22:45:00,1.63662,1.63673,1.6365699999999999,1.6367099999999999,36,25,0
2026-07-15 23:00:00,1.63674,1.6367699999999998,1.63655,1.6366100000000001,71,17,0
2026-07-15 23:15:00,1.6365699999999999,1.6366800000000001,1.63615,1.63626,138,17,0
2026-07-15 23:30:00,1.63624,1.63632,1.63602,1.63625,82,17,0
2026-07-15 23:45:00,1.63624,1.63665,1.63624,1.63665,108,17,0
2026-07-16 00:00:00,1.63666,1.6367099999999999,1.63624,1.63665,322,17,0
2026-07-16 00:15:00,1.63669,1.63751,1.6366,1.63751,230,17,0
2026-07-16 00:30:00,1.6375199999999999,1.63852,1.63746,1.63843,250,17,0
2026-07-16 00:45:00,1.63841,1.63961,1.6383999999999999,1.6393900000000001,414,17,0
2026-07-16 01:00:00,1.63936,1.6402299999999999,1.63923,1.63984,355,17,0
2026-07-16 01:15:00,1.63983,1.6406100000000001,1.6397599999999999,1.64051,341,17,0
2026-07-16 01:30:00,1.64049,1.64049,1.63959,1.63977,314,17,0
2026-07-16 01:45:00,1.63975,1.63984,1.63923,1.63975,282,17,0
2026-07-16 02:00:00,1.63972,1.64055,1.63972,1.6401,349,17,0
2026-07-16 02:15:00,1.64008,1.6402999999999999,1.63916,1.63916,286,17,0
2026-07-16 02:30:00,1.63914,1.63964,1.63914,1.63944,232,17,0
2026-07-16 02:45:00,1.63943,1.63943,1.63875,1.63877,200,17,0
2026-07-16 03:00:00,1.63879,1.6388500000000001,1.63837,1.6385800000000001,237,17,0
2026-07-16 03:15:00,1.63859,1.6387,1.63835,1.63843,189,17,0
2026-07-16 03:30:00,1.63841,1.63852,1.6379700000000001,1.6385,201,17,0
2026-07-16 03:45:00,1.63853,1.63863,1.6378,1.63784,150,17,0
2026-07-16 04:00:00,1.63782,1.63791,1.63701,1.6370900000000002,220,17,0
2026-07-16 04:15:00,1.63712,1.63735,1.63703,1.63721,170,17,0
2026-07-16 04:30:00,1.6372200000000001,1.63769,1.6369799999999999,1.6376,216,17,0
2026-07-16 04:45:00,1.63758,1.6381999999999999,1.63755,1.63814,151,17,0
2026-07-16 05:00:00,1.63816,1.63884,1.63814,1.63832,184,17,0
2026-07-16 05:15:00,1.6383,1.6383,1.63787,1.63812,216,17,0
2026-07-16 05:30:00,1.6381299999999999,1.6391,1.63803,1.63899,321,17,0
2026-07-16 05:45:00,1.63895,1.63906,1.63857,1.63875,280,17,0
2026-07-16 06:00:00,1.63877,1.63922,1.63868,1.63898,394,17,0
2026-07-16 06:15:00,1.63896,1.63898,1.6385800000000001,1.63873,235,17,0
2026-07-16 06:30:00,1.6387399999999999,1.63925,1.63863,1.63889,266,17,0
2026-07-16 06:45:00,1.63887,1.6392600000000002,1.6383,1.6383299999999998,262,17,0
2026-07-16 07:00:00,1.6383100000000002,1.63882,1.6381999999999999,1.6388099999999999,328,17,0
2026-07-16 07:15:00,1.63882,1.6390099999999999,1.63839,1.63893,301,17,0
2026-07-16 07:30:00,1.63891,1.63938,1.63873,1.63923,238,17,0
2026-07-16 07:45:00,1.6392099999999998,1.63961,1.63877,1.63897,298,17,0
2026-07-16 08:00:00,1.6389399999999998,1.63895,1.63828,1.63893,349,17,0
2026-07-16 08:15:00,1.63895,1.63897,1.63829,1.63877,305,17,0
2026-07-16 08:30:00,1.6387800000000001,1.63893,1.63863,1.63889,222,17,0
2026-07-16 08:45:00,1.63888,1.63889,1.6381299999999999,1.63822,227,17,0
2026-07-16 09:00:00,1.63819,1.63822,1.63747,1.63747,251,17,0
2026-07-16 09:15:00,1.6374499999999999,1.63773,1.63715,1.6377199999999998,222,17,0
2026-07-16 09:30:00,1.6377000000000002,1.6383100000000002,1.63751,1.63826,269,17,0
2026-07-16 09:45:00,1.63827,1.63853,1.63795,1.63808,220,17,0
2026-07-16 10:00:00,1.6380599999999998,1.6381299999999999,1.6375199999999999,1.63754,229,17,0
2026-07-16 10:15:00,1.63755,1.63758,1.63715,1.63715,162,17,0
2026-07-16 10:30:00,1.63713,1.63713,1.63655,1.6367099999999999,188,17,0
2026-07-16 10:45:00,1.63669,1.63696,1.63608,1.6362999999999999,181,17,0
2026-07-16 11:00:00,1.63628,1.6365699999999999,1.63597,1.63605,272,17,0
2026-07-16 11:15:00,1.63606,1.6366,1.63592,1.63659,263,17,0
2026-07-16 11:30:00,1.6366100000000001,1.63674,1.63647,1.6365699999999999,262,17,0
2026-07-16 11:45:00,1.63659,1.63789,1.63625,1.63655,609,17,0
2026-07-16 12:00:00,1.63653,1.63669,1.63604,1.63628,457,17,0
2026-07-16 12:15:00,1.6362999999999999,1.63654,1.63579,1.63642,454,17,0
2026-07-16 12:30:00,1.6364999999999998,1.63654,1.6357300000000001,1.63594,521,17,0
2026-07-16 12:45:00,1.63597,1.63631,1.63578,1.6358700000000002,391,17,0
2026-07-16 13:00:00,1.63584,1.6358700000000002,1.63461,1.63493,419,17,0
2026-07-16 13:15:00,1.6349399999999998,1.63495,1.63423,1.63469,374,17,0
2026-07-16 13:30:00,1.63471,1.6357599999999999,1.63455,1.63543,491,17,0
2026-07-16 13:45:00,1.6354,1.63561,1.63476,1.6348099999999999,542,17,0
2026-07-16 14:00:00,1.63479,1.6349,1.6337199999999998,1.6340400000000002,528,17,0
2026-07-16 14:15:00,1.6340599999999998,1.63411,1.633,1.63308,375,17,0
2026-07-16 14:30:00,1.6331099999999998,1.63326,1.63225,1.6324100000000001,383,17,0
2026-07-16 14:45:00,1.63243,1.63409,1.63238,1.63351,580,17,0
2026-07-16 15:00:00,1.63355,1.63392,1.63326,1.63387,466,17,0
2026-07-16 15:15:00,1.63384,1.63408,1.63338,1.63366,326,17,0
2026-07-16 15:30:00,1.6337000000000002,1.63445,1.63349,1.63445,354,17,0
2026-07-16 15:45:00,1.63446,1.6349200000000002,1.6343299999999998,1.6348,361,17,0
2026-07-16 16:00:00,1.63479,1.6353,1.6347,1.63527,293,17,0
2026-07-16 16:15:00,1.63529,1.63563,1.63516,1.63524,326,17,0
2026-07-16 16:30:00,1.63525,1.63525,1.63498,1.63518,228,17,0
2026-07-16 16:45:00,1.63517,1.6353900000000001,1.63483,1.6349,195,17,0
2026-07-16 17:00:00,1.6348799999999999,1.6352799999999998,1.63484,1.6352799999999998,240,17,0
2026-07-16 17:15:00,1.6352600000000002,1.63541,1.63509,1.6352799999999998,176,17,0
2026-07-16 17:30:00,1.63527,1.63544,1.63513,1.6353900000000001,163,17,0
2026-07-16 17:45:00,1.63541,1.6354899999999999,1.6350099999999999,1.63534,210,17,0
2026-07-16 18:00:00,1.63533,1.63547,1.6348799999999999,1.63513,211,17,0
2026-07-16 18:15:00,1.6351499999999999,1.63523,1.63493,1.63496,184,17,0
2026-07-16 18:30:00,1.6349900000000002,1.63545,1.6349900000000002,1.63523,202,17,0
2026-07-16 18:45:00,1.63524,1.63525,1.63495,1.6351,112,17,0
2026-07-16 19:00:00,1.6350799999999999,1.6355,1.6349900000000002,1.63543,165,17,0
2026-07-16 19:15:00,1.63541,1.63543,1.6350500000000001,1.63518,164,17,0
2026-07-16 19:30:00,1.6352,1.63568,1.6352,1.63551,149,17,0
2026-07-16 19:45:00,1.6354899999999999,1.63582,1.63529,1.63529,225,17,0
2026-07-16 20:00:00,1.63532,1.63559,1.63529,1.6354199999999999,137,17,0
2026-07-16 20:15:00,1.63543,1.6355,1.63524,1.6352600000000002,54,17,0
2026-07-16 20:30:00,1.63527,1.63564,1.6352600000000002,1.63538,105,17,0
2026-07-16 20:45:00,1.6353900000000001,1.63544,1.63511,1.63513,95,16,0
2026-07-16 21:00:00,1.63511,1.63514,1.63496,1.63498,45,22,0
2026-07-16 21:15:00,1.6349900000000002,1.63509,1.63487,1.63503,173,46,0
2026-07-16 21:30:00,1.6350500000000001,1.63513,1.63472,1.6349,148,38,0
2026-07-16 21:45:00,1.63491,1.63502,1.63487,1.63498,104,52,0
2026-07-16 22:00:00,1.6350500000000001,1.63538,1.6349200000000002,1.63538,102,25,0
2026-07-16 22:15:00,1.63537,1.63548,1.6353,1.63544,32,25,0
2026-07-16 22:30:00,1.63545,1.63557,1.63544,1.6355,26,25,0
2026-07-16 22:45:00,1.63551,1.63554,1.6353499999999999,1.63548,39,25,0
2026-07-16 23:00:00,1.63552,1.63557,1.63529,1.63538,82,17,0
2026-07-16 23:15:00,1.63541,1.63561,1.6352600000000002,1.63534,70,17,0
2026-07-16 23:30:00,1.63536,1.6354600000000001,1.63527,1.63533,73,17,0
2026-07-16 23:45:00,1.6353499999999999,1.63548,1.63486,1.6349,135,17,0
2026-07-17 00:00:00,1.6348799999999999,1.63577,1.63479,1.6356899999999999,269,17,0
2026-07-17 00:15:00,1.63572,1.6358700000000002,1.63524,1.6358000000000001,290,17,0
2026-07-17 00:30:00,1.63577,1.6364,1.63561,1.63632,257,17,0
2026-07-17 00:45:00,1.63631,1.63631,1.63529,1.63545,310,17,0
2026-07-17 01:00:00,1.63543,1.63572,1.63507,1.6352600000000002,376,17,0
2026-07-17 01:15:00,1.63525,1.6354899999999999,1.63489,1.63516,284,17,0
2026-07-17 01:30:00,1.63517,1.63635,1.63517,1.6363400000000001,325,17,0
2026-07-17 01:45:00,1.6363699999999999,1.6384699999999999,1.6362999999999999,1.63803,526,17,0
2026-07-17 02:00:00,1.638,1.63848,1.6377899999999999,1.63789,460,17,0
2026-07-17 02:15:00,1.63791,1.6381700000000001,1.63778,1.63796,223,17,0
2026-07-17 02:30:00,1.63795,1.63884,1.63791,1.6382400000000001,288,17,0
2026-07-17 02:45:00,1.63821,1.63897,1.6379899999999998,1.63861,297,17,0
2026-07-17 03:00:00,1.6385800000000001,1.6385800000000001,1.63769,1.63787,285,17,0
2026-07-17 03:15:00,1.6378599999999999,1.6378599999999999,1.63707,1.63716,215,17,0
2026-07-17 03:30:00,1.6371799999999999,1.63803,1.6371799999999999,1.63788,200,17,0
2026-07-17 03:45:00,1.63789,1.63826,1.63788,1.6381700000000001,187,17,0
2026-07-17 04:00:00,1.63818,1.63864,1.63818,1.63845,225,17,0
2026-07-17 04:15:00,1.63843,1.63904,1.6383100000000002,1.63879,232,17,0
2026-07-17 04:30:00,1.6388099999999999,1.6392,1.63868,1.63871,302,17,0
2026-07-17 04:45:00,1.6386699999999998,1.63872,1.63832,1.6385100000000001,188,17,0
2026-07-17 05:00:00,1.63852,1.63888,1.63842,1.63845,256,17,0
2026-07-17 05:15:00,1.63843,1.63904,1.63842,1.63871,251,17,0
2026-07-17 05:30:00,1.63869,1.6398899999999998,1.6385100000000001,1.63974,360,17,0
2026-07-17 05:45:00,1.6397599999999999,1.63983,1.6391200000000001,1.6392799999999998,344,17,0
2026-07-17 06:00:00,1.63925,1.63949,1.63848,1.6387,516,17,0
2026-07-17 06:15:00,1.63872,1.6387800000000001,1.63792,1.6380400000000002,487,17,0
2026-07-17 06:30:00,1.6380599999999998,1.63869,1.63782,1.63856,321,17,0
2026-07-17 06:45:00,1.63855,1.63931,1.63855,1.6389200000000002,316,17,0
2026-07-17 07:00:00,1.63895,1.63907,1.63818,1.63821,393,17,0
2026-07-17 07:15:00,1.63819,1.63837,1.63798,1.638,310,17,0
2026-07-17 07:30:00,1.6379700000000001,1.6385399999999999,1.6379299999999999,1.63828,276,17,0
2026-07-17 07:45:00,1.6383,1.6389200000000002,1.6383,1.63871,245,17,0
2026-07-17 08:00:00,1.63868,1.63893,1.63816,1.6388500000000001,369,17,0
2026-07-17 08:15:00,1.63882,1.6397599999999999,1.6385,1.6397599999999999,528,17,0
2026-07-17 08:30:00,1.6397300000000001,1.6408399999999999,1.63964,1.64051,397,17,0
2026-07-17 08:45:00,1.64053,1.6408399999999999,1.64038,1.64074,403,17,0
2026-07-17 09:00:00,1.64071,1.64195,1.64069,1.64112,460,17,0
2026-07-17 09:15:00,1.64115,1.64119,1.64029,1.6402999999999999,276,17,0
2026-07-17 09:30:00,1.6402700000000001,1.6409,1.64024,1.64086,302,17,0
2026-07-17 09:45:00,1.6408399999999999,1.64103,1.64072,1.64082,296,17,0
2026-07-17 10:00:00,1.6408399999999999,1.64101,1.64049,1.64058,336,17,0
2026-07-17 10:15:00,1.6406100000000001,1.64074,1.63993,1.6400299999999999,283,17,0
2026-07-17 10:30:00,1.64004,1.64004,1.63949,1.63971,233,17,0
2026-07-17 10:45:00,1.6396899999999999,1.63971,1.63918,1.63925,283,17,0
2026-07-17 11:00:00,1.63927,1.6400000000000001,1.63927,1.6398899999999998,325,17,0
2026-07-17 11:15:00,1.63988,1.64031,1.63978,1.63978,236,17,0
2026-07-17 11:30:00,1.6398000000000001,1.63986,1.6391200000000001,1.6392799999999998,242,17,0
2026-07-17 11:45:00,1.63929,1.63929,1.63836,1.63873,287,17,0
2026-07-17 12:00:00,1.63876,1.63943,1.63857,1.6393900000000001,312,17,0
2026-07-17 12:15:00,1.63937,1.63981,1.63909,1.6392799999999998,287,17,0
2026-07-17 12:30:00,1.63925,1.63937,1.63888,1.6390500000000001,300,17,0
2026-07-17 12:45:00,1.6390799999999999,1.63984,1.63907,1.6398000000000001,327,17,0
2026-07-17 13:00:00,1.63982,1.6402299999999999,1.6395300000000002,1.63956,396,17,0
2026-07-17 13:15:00,1.63958,1.6396,1.63876,1.63902,336,17,0
2026-07-17 13:30:00,1.63899,1.64015,1.63884,1.64015,648,17,0
2026-07-17 13:45:00,1.64013,1.64022,1.63869,1.63877,626,17,0
2026-07-17 14:00:00,1.6387399999999999,1.63911,1.6379700000000001,1.6390500000000001,600,17,0
2026-07-17 14:15:00,1.63907,1.6391200000000001,1.6385,1.63862,499,17,0
2026-07-17 14:30:00,1.63859,1.6390500000000001,1.63843,1.63861,513,17,0
2026-07-17 14:45:00,1.63864,1.63898,1.63828,1.63862,457,17,0
2026-07-17 15:00:00,1.63864,1.63906,1.63812,1.63872,455,17,0
2026-07-17 15:15:00,1.63871,1.63882,1.6380599999999998,1.63809,400,17,0
2026-07-17 15:30:00,1.63811,1.6387399999999999,1.63787,1.63818,455,17,0
2026-07-17 15:45:00,1.63821,1.6385399999999999,1.6379000000000001,1.6379700000000001,323,17,0
2026-07-17 16:00:00,1.63794,1.63834,1.63753,1.6375899999999999,434,17,0
2026-07-17 16:15:00,1.6376,1.63765,1.63703,1.63755,294,17,0
2026-07-17 16:30:00,1.63757,1.6380599999999998,1.6375199999999999,1.63774,267,17,0
2026-07-17 16:45:00,1.63776,1.63789,1.6376,1.6377899999999999,234,17,0
2026-07-17 17:00:00,1.63778,1.6377899999999999,1.63716,1.63742,238,17,0
2026-07-17 17:15:00,1.6374499999999999,1.6374499999999999,1.63706,1.63721,196,17,0
2026-07-17 17:30:00,1.6372,1.63753,1.63713,1.63746,169,17,0
2026-07-17 17:45:00,1.63744,1.63774,1.6372200000000001,1.63762,179,17,0
2026-07-17 18:00:00,1.6376,1.6378,1.6374300000000002,1.6377000000000002,206,17,0
2026-07-17 18:15:00,1.63771,1.63782,1.63761,1.63761,213,17,0
2026-07-17 18:30:00,1.63758,1.63808,1.63748,1.63802,177,17,0
2026-07-17 18:45:00,1.63805,1.63808,1.63757,1.63775,177,17,0
2026-07-17 19:00:00,1.63776,1.63812,1.63776,1.6381000000000001,129,17,0
2026-07-17 19:15:00,1.63809,1.63827,1.63787,1.63789,157,17,0
2026-07-17 19:30:00,1.63787,1.638,1.63764,1.63769,185,17,0
2026-07-17 19:45:00,1.63767,1.63796,1.63754,1.63794,252,17,0
2026-07-17 20:00:00,1.63796,1.6383299999999998,1.63796,1.63808,182,17,0
2026-07-17 20:15:00,1.6381000000000001,1.6383999999999999,1.63807,1.63828,97,17,0
2026-07-17 20:30:00,1.63825,1.63866,1.63822,1.6384400000000001,102,17,0
2026-07-17 20:45:00,1.6383999999999999,1.63845,1.638,1.63827,114,17,0
2026-07-19 21:00:00,1.6390500000000001,1.6398000000000001,1.63811,1.63952,89,156,0
2026-07-19 21:15:00,1.6395499999999998,1.63993,1.6391900000000001,1.63993,71,130,0
2026-07-19 21:30:00,1.63991,1.64013,1.63924,1.63974,117,121,0
2026-07-19 21:45:00,1.6397599999999999,1.64026,1.63893,1.6396600000000001,124,109,0
2026-07-19 22:00:00,1.6400000000000001,1.6400000000000001,1.63868,1.6391900000000001,371,17,0
2026-07-19 22:15:00,1.63918,1.6394600000000001,1.63846,1.63872,375,17,0
2026-07-19 22:30:00,1.6387,1.63873,1.63781,1.63796,267,17,0
2026-07-19 22:45:00,1.63794,1.6383299999999998,1.6379299999999999,1.63808,146,17,0
2026-07-19 23:00:00,1.63809,1.63809,1.6374900000000001,1.63762,167,17,0
2026-07-19 23:15:00,1.6376300000000001,1.63768,1.63742,1.63753,121,17,0
2026-07-19 23:30:00,1.6375600000000001,1.63828,1.63741,1.6374499999999999,159,17,0
2026-07-19 23:45:00,1.63748,1.63794,1.6373600000000001,1.63737,254,17,0
2026-07-20 00:00:00,1.63735,1.63823,1.6368399999999999,1.63694,443,17,0
2026-07-20 00:15:00,1.63692,1.63694,1.63642,1.6366800000000001,331,17,0
2026-07-20 00:30:00,1.6367,1.6369799999999999,1.6363699999999999,1.63683,298,17,0
2026-07-20 00:45:00,1.6368399999999999,1.63716,1.6367699999999998,1.63686,310,17,0
2026-07-20 01:00:00,1.63683,1.63685,1.6358000000000001,1.63654,397,17,0
2026-07-20 01:15:00,1.63651,1.63663,1.63608,1.6364100000000001,335,17,0
2026-07-20 01:30:00,1.63643,1.6366,1.63613,1.63635,399,17,0
2026-07-20 01:45:00,1.6363400000000001,1.6367099999999999,1.63604,1.63643,332,17,0
2026-07-20 02:00:00,1.6364,1.63654,1.63571,1.63584,393,17,0
2026-07-20 02:15:00,1.63582,1.63674,1.63581,1.63651,309,17,0
2026-07-20 02:30:00,1.63653,1.6366399999999999,1.6356199999999999,1.63578,325,17,0
2026-07-20 02:45:00,1.6358000000000001,1.63618,1.6356600000000001,1.6361400000000001,229,17,0
2026-07-20 03:00:00,1.63615,1.6366399999999999,1.63608,1.63646,203,17,0
2026-07-20 03:15:00,1.63647,1.6364999999999998,1.6360299999999999,1.63611,216,17,0
2026-07-20 03:30:00,1.63612,1.63626,1.6358899999999998,1.6360299999999999,196,17,0
2026-07-20 03:45:00,1.6360000000000001,1.63608,1.63577,1.63598,166,17,0
2026-07-20 04:00:00,1.6359599999999999,1.63599,1.6356600000000001,1.63568,175,17,0
2026-07-20 04:15:00,1.63565,1.6359,1.63534,1.63537,186,17,0
2026-07-20 04:30:00,1.63538,1.63552,1.63511,1.63516,168,17,0
2026-07-20 04:45:00,1.6352,1.63559,1.6351499999999999,1.63558,108,17,0
2026-07-20 05:00:00,1.63556,1.6366100000000001,1.63544,1.6362100000000002,254,17,0
2026-07-20 05:15:00,1.63625,1.63636,1.63602,1.63626,205,17,0
2026-07-20 05:30:00,1.6362700000000001,1.6364999999999998,1.63598,1.63615,232,17,0
2026-07-20 05:45:00,1.63617,1.63651,1.63601,1.63638,221,17,0
2026-07-20 06:00:00,1.63636,1.6367099999999999,1.63629,1.6366800000000001,293,17,0
2026-07-20 06:15:00,1.63669,1.63719,1.63644,1.63701,270,17,0
2026-07-20 06:30:00,1.637,1.637,1.63586,1.6358700000000002,303,17,0
2026-07-20 06:45:00,1.6359,1.63598,1.63565,1.63591,229,17,0
2026-07-20 07:00:00,1.6358700000000002,1.6360999999999999,1.6356600000000001,1.6358700000000002,309,17,0
2026-07-20 07:15:00,1.6358899999999998,1.63599,1.6350799999999999,1.63534,344,17,0
2026-07-20 07:30:00,1.63532,1.6353499999999999,1.63435,1.63435,459,17,0
2026-07-20 07:45:00,1.63436,1.6347399999999999,1.63428,1.63472,327,17,0
2026-07-20 08:00:00,1.63473,1.6347399999999999,1.63405,1.63411,307,17,0
2026-07-20 08:15:00,1.63412,1.63453,1.63396,1.63426,270,17,0
2026-07-20 08:30:00,1.63427,1.63464,1.63427,1.63453,230,17,0
2026-07-20 08:45:00,1.63452,1.63461,1.6339700000000001,1.6339700000000001,211,17,0
2026-07-20 09:00:00,1.63395,1.63439,1.6338599999999999,1.63394,264,17,0
2026-07-20 09:15:00,1.63392,1.63392,1.63338,1.63348,201,17,0
2026-07-20 09:30:00,1.6335,1.6335199999999999,1.6330200000000001,1.63316,168,17,0
2026-07-20 09:45:00,1.63313,1.63324,1.63304,1.6330900000000002,189,17,0
2026-07-20 10:00:00,1.6331099999999998,1.63327,1.63254,1.63254,228,17,0
2026-07-20 10:15:00,1.63252,1.63254,1.6314,1.63166,201,17,0
2026-07-20 10:30:00,1.63168,1.6319,1.6316000000000002,1.63177,171,17,0
2026-07-20 10:45:00,1.63178,1.63184,1.6313499999999999,1.63136,170,17,0
2026-07-20 11:00:00,1.63134,1.63164,1.63116,1.63145,235,17,0
2026-07-20 11:15:00,1.63144,1.63151,1.63114,1.6313900000000001,159,17,0
2026-07-20 11:30:00,1.6314,1.6314,1.63069,1.63069,614,17,0
2026-07-20 11:45:00,1.63071,1.6309900000000002,1.63023,1.6305,291,17,0
2026-07-20 12:00:00,1.6304699999999999,1.6311499999999999,1.63041,1.6304400000000001,459,17,0
2026-07-20 12:15:00,1.63042,1.63075,1.63029,1.6303999999999998,318,17,0
2026-07-20 12:30:00,1.63037,1.631,1.63037,1.63087,288,17,0
2026-07-20 12:45:00,1.6309,1.6312,1.63064,1.63073,300,17,0
2026-07-20 13:00:00,1.63076,1.63079,1.6300400000000002,1.63025,307,17,0
2026-07-20 13:15:00,1.6302400000000001,1.63035,1.62958,1.62981,286,17,0
2026-07-20 13:30:00,1.6297899999999998,1.6297899999999998,1.62839,1.62873,419,17,0
2026-07-20 13:45:00,1.62874,1.6291600000000002,1.6281400000000001,1.6281400000000001,419,17,0
2026-07-20 14:00:00,1.62812,1.6286,1.6278000000000001,1.6278299999999999,460,17,0
2026-07-20 14:15:00,1.62781,1.62815,1.6275300000000001,1.62767,415,17,0
2026-07-20 14:30:00,1.6276899999999999,1.6279,1.62747,1.6276899999999999,466,17,0
2026-07-20 14:45:00,1.62772,1.62965,1.62756,1.62934,571,17,0
2026-07-20 15:00:00,1.62937,1.63005,1.6291600000000002,1.62976,541,17,0
2026-07-20 15:15:00,1.62974,1.62978,1.62917,1.62921,310,17,0
2026-07-20 15:30:00,1.62919,1.62974,1.6290900000000001,1.6295600000000001,357,17,0
2026-07-20 15:45:00,1.62953,1.63003,1.6293199999999999,1.62947,268,17,0
2026-07-20 16:00:00,1.62944,1.6294499999999998,1.6290499999999999,1.6291099999999998,262,17,0
2026-07-20 16:15:00,1.62912,1.6295600000000001,1.6290499999999999,1.62938,220,17,0
2026-07-20 16:30:00,1.6293600000000001,1.62976,1.62926,1.6294300000000002,305,17,0
2026-07-20 16:45:00,1.62944,1.6295899999999999,1.62921,1.62933,225,17,0
2026-07-20 17:00:00,1.62935,1.62971,1.62923,1.62971,200,17,0
2026-07-20 17:15:00,1.6297199999999998,1.62984,1.62947,1.62957,171,17,0
2026-07-20 17:30:00,1.62955,1.62978,1.62946,1.6297199999999998,147,17,0
2026-07-20 17:45:00,1.62974,1.62976,1.6294,1.6296,155,17,0
2026-07-20 18:00:00,1.62958,1.6296599999999999,1.62944,1.62955,131,17,0
2026-07-20 18:15:00,1.62953,1.6300400000000002,1.62938,1.62998,189,17,0
2026-07-20 18:30:00,1.63002,1.63032,1.63001,1.63028,190,17,0
2026-07-20 18:45:00,1.63026,1.63035,1.63005,1.63014,181,17,0
2026-07-20 19:00:00,1.63015,1.63073,1.63008,1.63072,208,17,0
2026-07-20 19:15:00,1.63075,1.6308500000000001,1.63048,1.63053,195,17,0
2026-07-20 19:30:00,1.6305100000000001,1.63076,1.63042,1.6305800000000001,236,17,0
2026-07-20 19:45:00,1.63056,1.63079,1.6305399999999999,1.63073,195,17,0
2026-07-20 20:00:00,1.6307,1.63114,1.63057,1.6309900000000002,143,17,0
2026-07-20 20:15:00,1.63102,1.6311499999999999,1.63093,1.63104,102,17,0
2026-07-20 20:30:00,1.63106,1.63109,1.6308099999999999,1.63087,50,17,0
2026-07-20 20:45:00,1.63084,1.63096,1.6306,1.6306,72,17,0
2026-07-20 21:00:00,1.6305800000000001,1.6306699999999998,1.6305100000000001,1.63061,73,30,0
2026-07-20 21:15:00,1.63062,1.63064,1.63026,1.6303999999999998,224,34,0
2026-07-20 21:30:00,1.63041,1.63048,1.62906,1.62964,231,78,0
2026-07-20 21:45:00,1.6296599999999999,1.62991,1.6296300000000001,1.62991,155,194,0
2026-07-20 22:00:00,1.63,1.63154,1.63,1.63147,194,25,0
2026-07-20 22:15:00,1.6314600000000001,1.63171,1.63137,1.63163,59,25,0
2026-07-20 22:30:00,1.63161,1.6316899999999999,1.6314199999999999,1.63154,70,25,0
2026-07-20 22:45:00,1.63133,1.63178,1.63102,1.63143,116,25,0
2026-07-20 23:00:00,1.63145,1.63156,1.63069,1.63093,140,17,0
2026-07-20 23:15:00,1.6309,1.6309,1.63052,1.6308,89,17,0
2026-07-20 23:30:00,1.63082,1.63082,1.63039,1.6303999999999998,67,17,0
2026-07-20 23:45:00,1.63042,1.63086,1.63041,1.63063,186,17,0
2026-07-21 00:00:00,1.6306500000000002,1.6314899999999999,1.6306500000000002,1.6308799999999999,428,17,0
2026-07-21 00:15:00,1.63087,1.63106,1.63021,1.6302699999999999,310,17,0
2026-07-21 00:30:00,1.63029,1.63034,1.62975,1.6298,236,17,0
2026-07-21 00:45:00,1.6297700000000002,1.6299299999999999,1.6293199999999999,1.6299299999999999,295,17,0
2026-07-21 01:00:00,1.62989,1.63011,1.6291600000000002,1.6294,329,17,0
2026-07-21 01:15:00,1.62939,1.62949,1.6290900000000001,1.62928,297,17,0
2026-07-21 01:30:00,1.62926,1.6294,1.62879,1.6294,357,17,0
2026-07-21 01:45:00,1.62938,1.62949,1.62908,1.6292900000000001,239,17,0
2026-07-21 02:00:00,1.62928,1.62939,1.62847,1.62867,316,17,0
2026-07-21 02:15:00,1.62869,1.62946,1.62843,1.62946,286,17,0
2026-07-21 02:30:00,1.62944,1.62944,1.62843,1.62856,233,17,0
2026-07-21 02:45:00,1.62852,1.6287099999999999,1.62828,1.62851,167,17,0
2026-07-21 03:00:00,1.62853,1.6288,1.62847,1.62865,133,17,0
2026-07-21 03:15:00,1.62863,1.62893,1.62856,1.62876,145,17,0
2026-07-21 03:30:00,1.62878,1.6292200000000001,1.6287,1.62919,173,17,0
2026-07-21 03:45:00,1.6291799999999999,1.62939,1.6290200000000001,1.62935,183,17,0
2026-07-21 04:00:00,1.62931,1.62931,1.629,1.6292499999999999,169,17,0
2026-07-21 04:15:00,1.62926,1.62976,1.62924,1.62967,127,17,0
2026-07-21 04:30:00,1.6296599999999999,1.62969,1.62901,1.6292499999999999,156,17,0
2026-07-21 04:45:00,1.62926,1.62957,1.62904,1.62928,137,17,0
2026-07-21 05:00:00,1.6292499999999999,1.6293199999999999,1.6290200000000001,1.6292499999999999,170,17,0
2026-07-21 05:15:00,1.62928,1.6294300000000002,1.6289,1.629,157,17,0
2026-07-21 05:30:00,1.62899,1.6292900000000001,1.6289,1.6291600000000002,170,17,0
2026-07-21 05:45:00,1.6291799999999999,1.6293199999999999,1.6289,1.6290499999999999,200,17,0
2026-07-21 06:00:00,1.6290200000000001,1.62906,1.6284800000000001,1.6289099999999999,272,17,0
2026-07-21 06:15:00,1.62893,1.6290900000000001,1.62856,1.62862,272,17,0
2026-07-21 06:30:00,1.62865,1.62872,1.62799,1.62832,293,17,0
2026-07-21 06:45:00,1.62829,1.62847,1.62741,1.62747,248,17,0
2026-07-21 07:00:00,1.6275,1.62756,1.62684,1.62729,384,17,0
2026-07-21 07:15:00,1.62731,1.62812,1.6272600000000002,1.62801,328,17,0
2026-07-21 07:30:00,1.62802,1.6280700000000001,1.62747,1.62766,249,17,0
2026-07-21 07:45:00,1.62768,1.6277,1.62711,1.62738,231,17,0
2026-07-21 08:00:00,1.6273499999999999,1.6274600000000001,1.62689,1.62702,288,17,0
2026-07-21 08:15:00,1.627,1.6271200000000001,1.62673,1.62683,239,17,0
2026-07-21 08:30:00,1.62684,1.62704,1.62662,1.6268,262,17,0
2026-07-21 08:45:00,1.62682,1.62687,1.62619,1.62639,185,17,0
2026-07-21 09:00:00,1.62637,1.62659,1.62633,1.62643,208,17,0
2026-07-21 09:15:00,1.62644,1.62644,1.62596,1.62633,239,17,0
2026-07-21 09:30:00,1.6263100000000001,1.62659,1.62623,1.62626,233,17,0
2026-07-21 09:45:00,1.6262699999999999,1.62653,1.62615,1.6261999999999999,197,17,0
2026-07-21 10:00:00,1.6261700000000001,1.62645,1.6260400000000002,1.6262400000000001,305,17,0
2026-07-21 10:15:00,1.62623,1.62637,1.62588,1.62636,223,17,0
2026-07-21 10:30:00,1.62634,1.6269900000000002,1.62634,1.62697,195,17,0
2026-07-21 10:45:00,1.62693,1.6273,1.62684,1.62684,300,17,0
2026-07-21 11:00:00,1.62682,1.62756,1.6268,1.62738,308,17,0
2026-07-21 11:15:00,1.62736,1.6277300000000001,1.62721,1.62768,223,17,0
2026-07-21 11:30:00,1.6276899999999999,1.6276899999999999,1.62724,1.6274199999999999,231,17,0
2026-07-21 11:45:00,1.6273900000000001,1.62751,1.62705,1.62705,204,17,0
2026-07-21 12:00:00,1.62702,1.62764,1.6268799999999999,1.6275,302,17,0
2026-07-21 12:15:00,1.62747,1.62809,1.62731,1.6280700000000001,295,17,0
2026-07-21 12:30:00,1.62804,1.6280700000000001,1.62744,1.6277,286,17,0
2026-07-21 12:45:00,1.62771,1.62771,1.6270099999999998,1.62717,283,17,0
2026-07-21 13:00:00,1.62714,1.6273900000000001,1.62702,1.62703,261,17,0
2026-07-21 13:15:00,1.62704,1.6280000000000001,1.62695,1.62786,335,17,0
2026-07-21 13:30:00,1.62784,1.62876,1.6276899999999999,1.6286399999999999,538,17,0
2026-07-21 13:45:00,1.62863,1.62899,1.62846,1.6288399999999998,502,17,0
2026-07-21 14:00:00,1.62883,1.62886,1.62832,1.62842,409,17,0
2026-07-21 14:15:00,1.6284100000000001,1.62872,1.6276199999999998,1.62766,382,17,0
2026-07-21 14:30:00,1.62763,1.62808,1.62734,1.6279400000000002,400,17,0
2026-07-21 14:45:00,1.6279599999999999,1.62846,1.62788,1.62826,468,17,0
2026-07-21 15:00:00,1.62824,1.62829,1.6277,1.6277300000000001,323,17,0
2026-07-21 15:15:00,1.62775,1.62792,1.62744,1.6274600000000001,269,17,0
2026-07-21 15:30:00,1.62745,1.62752,1.6270099999999998,1.62727,307,17,0
2026-07-21 15:45:00,1.62724,1.62782,1.62724,1.62782,226,17,0
2026-07-21 16:00:00,1.62785,1.6280999999999999,1.62772,1.62809,177,17,0
2026-07-21 16:15:00,1.62808,1.62866,1.62801,1.6286399999999999,142,17,0
2026-07-21 16:30:00,1.62867,1.62879,1.62852,1.62856,157,17,0
2026-07-21 16:45:00,1.62854,1.62859,1.62797,1.62806,149,17,0
2026-07-21 17:00:00,1.62805,1.62828,1.62792,1.62828,137,17,0
2026-07-21 17:15:00,1.62827,1.62832,1.62815,1.62818,106,17,0
2026-07-21 17:30:00,1.62817,1.62836,1.62817,1.6282100000000002,89,17,0
2026-07-21 17:45:00,1.62822,1.62833,1.62806,1.62811,115,17,0
2026-07-21 18:00:00,1.62808,1.62812,1.62786,1.6278899999999998,130,17,0
2026-07-21 18:15:00,1.62791,1.62792,1.6276000000000002,1.62772,123,17,0
2026-07-21 18:30:00,1.6277,1.62782,1.6275,1.6275,115,17,0
2026-07-21 18:45:00,1.6275300000000001,1.62778,1.62751,1.62766,117,17,0
2026-07-21 19:00:00,1.62763,1.6277300000000001,1.62751,1.62757,123,17,0
2026-07-21 19:15:00,1.62755,1.62781,1.62745,1.62774,108,17,0
2026-07-21 19:30:00,1.62772,1.6284,1.62771,1.6284,162,17,0
2026-07-21 19:45:00,1.62843,1.62852,1.62797,1.62797,185,17,0
2026-07-21 20:00:00,1.6279400000000002,1.62866,1.62785,1.62865,181,17,0
2026-07-21 20:15:00,1.62866,1.6292,1.6286399999999999,1.62869,131,17,0
2026-07-21 20:30:00,1.6287099999999999,1.62894,1.62869,1.62879,78,17,0
2026-07-21 20:45:00,1.62878,1.6288200000000002,1.62856,1.62856,97,17,0
2026-07-21 21:00:00,1.62858,1.6286,1.6279400000000002,1.6279599999999999,166,24,0
2026-07-21 21:15:00,1.6279599999999999,1.62825,1.6279599999999999,1.62819,137,76,0
2026-07-21 21:30:00,1.62817,1.6282299999999998,1.62788,1.62813,142,64,0
2026-07-21 21:45:00,1.6281400000000001,1.6282299999999998,1.6280299999999999,1.6282299999999998,79,66,0
2026-07-21 22:00:00,1.62824,1.62876,1.6282299999999998,1.62858,150,25,0
2026-07-21 22:15:00,1.6285699999999999,1.6285699999999999,1.62847,1.6285699999999999,31,25,0
2026-07-21 22:30:00,1.62859,1.6287500000000001,1.6285699999999999,1.6287500000000001,54,25,0
2026-07-21 22:45:00,1.62877,1.62896,1.62877,1.62887,52,25,0
2026-07-21 23:00:00,1.62892,1.62907,1.62873,1.62879,56,17,0
2026-07-21 23:15:00,1.62878,1.6289799999999999,1.62863,1.6289799999999999,58,17,0
2026-07-21 23:30:00,1.62897,1.62897,1.62888,1.62897,51,17,0
2026-07-21 23:45:00,1.6289799999999999,1.62913,1.6287,1.6287099999999999,116,17,0
2026-07-22 00:00:00,1.6286800000000001,1.62904,1.62853,1.6286100000000001,318,17,0
2026-07-22 00:15:00,1.62858,1.6287099999999999,1.62835,1.62846,265,17,0
2026-07-22 00:30:00,1.62843,1.6286,1.62817,1.62854,202,17,0
2026-07-22 00:45:00,1.62852,1.62863,1.62693,1.6269900000000002,304,17,0
2026-07-22 01:00:00,1.62696,1.62697,1.6264699999999999,1.6267800000000001,387,17,0
2026-07-22 01:15:00,1.62675,1.62765,1.62673,1.62765,266,17,0
2026-07-22 01:30:00,1.62767,1.62788,1.62741,1.62759,288,17,0
2026-07-22 01:45:00,1.62758,1.62761,1.62717,1.62761,207,17,0
2026-07-22 02:00:00,1.62763,1.62867,1.62754,1.62846,276,17,0
2026-07-22 02:15:00,1.62847,1.6286,1.62793,1.62802,208,17,0
2026-07-22 02:30:00,1.62798,1.6288,1.6278000000000001,1.62835,266,17,0
2026-07-22 02:45:00,1.6283400000000001,1.6285699999999999,1.62813,1.62836,184,17,0
2026-07-22 03:00:00,1.62838,1.62915,1.62832,1.62904,242,17,0
2026-07-22 03:15:00,1.6290499999999999,1.62907,1.62833,1.6283699999999999,249,17,0
2026-07-22 03:30:00,1.6283400000000001,1.6292499999999999,1.6282299999999998,1.62921,216,17,0
2026-07-22 03:45:00,1.62919,1.62976,1.62906,1.6297199999999998,191,17,0
2026-07-22 04:00:00,1.62969,1.63005,1.62949,1.62981,193,17,0
2026-07-22 04:15:00,1.62984,1.6299000000000001,1.62969,1.6297700000000002,149,17,0
2026-07-22 04:30:00,1.62975,1.62988,1.62954,1.62961,123,17,0
2026-07-22 04:45:00,1.6296300000000001,1.6300400000000002,1.6296300000000001,1.62988,113,17,0
2026-07-22 05:00:00,1.62987,1.63016,1.62978,1.62999,185,17,0
2026-07-22 05:15:00,1.63,1.6300599999999998,1.62978,1.6300599999999998,166,17,0
2026-07-22 05:30:00,1.63009,1.63075,1.63007,1.6307399999999999,230,17,0
2026-07-22 05:45:00,1.63073,1.63087,1.6303800000000002,1.63053,247,17,0
2026-07-22 06:00:00,1.6305,1.63068,1.6302699999999999,1.63064,292,17,0
2026-07-22 06:15:00,1.63066,1.63183,1.6306,1.63171,321,17,0
2026-07-22 06:30:00,1.6316899999999999,1.63191,1.6311499999999999,1.6313499999999999,246,17,0
2026-07-22 06:45:00,1.63137,1.63163,1.63091,1.63117,245,17,0
2026-07-22 07:00:00,1.63116,1.63121,1.63053,1.63053,321,17,0
2026-07-22 07:15:00,1.63055,1.6306,1.6299000000000001,1.63012,299,17,0
2026-07-22 07:30:00,1.63009,1.63076,1.62974,1.6303100000000001,440,17,0
2026-07-22 07:45:00,1.63035,1.63071,1.6301299999999999,1.63071,345,17,0
2026-07-22 08:00:00,1.63073,1.63102,1.63068,1.63082,376,17,0
2026-07-22 08:15:00,1.63083,1.63106,1.6305800000000001,1.6305800000000001,275,17,0
2026-07-22 08:30:00,1.63057,1.63079,1.63037,1.63062,244,17,0
2026-07-22 08:45:00,1.63061,1.63071,1.6303100000000001,1.63056,235,17,0
2026-07-22 09:00:00,1.63059,1.63064,1.63029,1.63035,245,17,0
2026-07-22 09:15:00,1.6303299999999998,1.63059,1.6301299999999999,1.6303800000000002,217,17,0
2026-07-22 09:30:00,1.6303999999999998,1.6314199999999999,1.6303,1.63097,271,17,0
2026-07-22 09:45:00,1.6309900000000002,1.63117,1.6306500000000002,1.6306500000000002,231,17,0
2026-07-22 10:00:00,1.63062,1.63077,1.63037,1.63073,206,17,0
2026-07-22 10:15:00,1.6307399999999999,1.6308099999999999,1.63043,1.63064,226,17,0
2026-07-22 10:30:00,1.6306500000000002,1.63082,1.6305,1.63053,177,17,0
2026-07-22 10:45:00,1.63052,1.6309,1.6305100000000001,1.63068,213,17,0
2026-07-22 11:00:00,1.63072,1.63084,1.63045,1.6307,244,17,0
2026-07-22 11:15:00,1.63071,1.63104,1.63071,1.63104,184,17,0
2026-07-22 11:30:00,1.63106,1.6315499999999998,1.6308500000000001,1.63134,296,17,0
2026-07-22 11:45:00,1.63136,1.63152,1.63064,1.6308099999999999,303,17,0
2026-07-22 12:00:00,1.63083,1.6312799999999998,1.63071,1.6312799999999998,290,17,0
2026-07-22 12:15:00,1.6312600000000002,1.6316000000000002,1.63117,1.63151,232,17,0
2026-07-22 12:30:00,1.6315300000000001,1.63209,1.63136,1.63205,248,17,0
2026-07-22 12:45:00,1.63204,1.6335899999999999,1.63202,1.63319,393,17,0
2026-07-22 13:00:00,1.63316,1.6331799999999999,1.63229,1.63232,323,17,0
2026-07-22 13:15:00,1.63233,1.63258,1.63178,1.63213,309,17,0
2026-07-22 13:30:00,1.6320999999999999,1.6320999999999999,1.63137,1.63144,440,17,0
2026-07-22 13:45:00,1.63141,1.63204,1.63132,1.6316199999999998,432,17,0
2026-07-22 14:00:00,1.63159,1.63183,1.63137,1.63182,383,17,0
2026-07-22 14:15:00,1.6318000000000001,1.63195,1.63148,1.6316899999999999,369,17,0
2026-07-22 14:30:00,1.63168,1.63171,1.63079,1.6310099999999998,386,17,0
2026-07-22 14:45:00,1.63097,1.63109,1.63041,1.63071,464,17,0
2026-07-22 15:00:00,1.6307,1.63077,1.63043,1.63071,282,17,0
2026-07-22 15:15:00,1.6307399999999999,1.6310099999999998,1.63071,1.63087,194,17,0
2026-07-22 15:30:00,1.63084,1.63089,1.63018,1.63037,250,17,0
2026-07-22 15:45:00,1.63035,1.63056,1.63028,1.6303999999999998,224,17,0
2026-07-22 16:00:00,1.6303800000000002,1.6305399999999999,1.63008,1.63021,219,17,0
2026-07-22 16:15:00,1.63022,1.63127,1.63022,1.63111,214,17,0
2026-07-22 16:30:00,1.63113,1.63124,1.63093,1.63107,169,17,0
2026-07-22 16:45:00,1.63109,1.6311900000000001,1.6307,1.6308799999999999,170,17,0
2026-07-22 17:00:00,1.63086,1.6313,1.6306699999999998,1.63125,166,17,0
2026-07-22 17:15:00,1.6312799999999998,1.63141,1.63117,1.63127,162,17,0
2026-07-22 17:30:00,1.63124,1.6315300000000001,1.6311499999999999,1.6314600000000001,134,17,0
2026-07-22 17:45:00,1.63145,1.6317,1.63136,1.63167,146,17,0
2026-07-22 18:00:00,1.63168,1.63184,1.63148,1.63183,154,17,0
2026-07-22 18:15:00,1.63185,1.63185,1.63131,1.63134,162,17,0
2026-07-22 18:30:00,1.63131,1.6314899999999999,1.63122,1.63125,133,17,0
2026-07-22 18:45:00,1.63124,1.63134,1.63116,1.63127,112,17,0
2026-07-22 19:00:00,1.6312600000000002,1.63147,1.63125,1.6314600000000001,113,17,0
2026-07-22 19:15:00,1.63147,1.6315,1.63121,1.6312600000000002,95,17,0
2026-07-22 19:30:00,1.63127,1.63148,1.63127,1.63138,84,17,0
2026-07-22 19:45:00,1.6314,1.6315499999999998,1.63106,1.63121,169,17,0
2026-07-22 20:00:00,1.6312,1.63122,1.6306500000000002,1.6306500000000002,310,17,0
2026-07-22 20:15:00,1.6306699999999998,1.63086,1.63064,1.63064,90,17,0
2026-07-22 20:30:00,1.6306500000000002,1.63109,1.63061,1.63109,84,17,0
2026-07-22 20:45:00,1.6311200000000001,1.63114,1.63068,1.6307,109,17,0
2026-07-22 21:00:00,1.63066,1.63075,1.63053,1.63064,188,42,0
2026-07-22 21:15:00,1.63062,1.63069,1.63042,1.63052,169,66,0
2026-07-22 21:30:00,1.6305100000000001,1.6306699999999998,1.63049,1.6305,173,78,0
2026-07-22 21:45:00,1.6305,1.63059,1.6302400000000001,1.63045,189,122,0
2026-07-22 22:00:00,1.63049,1.63213,1.63048,1.63213,135,25,0
2026-07-22 22:15:00,1.63216,1.6324100000000001,1.6320299999999999,1.6324,89,25,0
2026-07-22 22:30:00,1.6324100000000001,1.63242,1.63212,1.63236,61,25,0
2026-07-22 22:45:00,1.6323699999999999,1.63239,1.63211,1.6322299999999998,67,25,0
2026-07-22 23:00:00,1.63225,1.63242,1.6322100000000002,1.6322299999999998,75,17,0
2026-07-22 23:15:00,1.63224,1.63235,1.6322,1.63232,61,17,0
2026-07-22 23:30:00,1.6322999999999999,1.63251,1.63218,1.6324999999999998,57,17,0
2026-07-22 23:45:00,1.6324800000000002,1.6328200000000002,1.63242,1.63265,133,17,0
2026-07-23 00:00:00,1.63263,1.6328,1.6324,1.63269,238,17,0
2026-07-23 00:15:00,1.6327,1.63278,1.6320999999999999,1.63233,175,17,0
2026-07-23 00:30:00,1.6323400000000001,1.63253,1.63224,1.63243,170,17,0
2026-07-23 00:45:00,1.63247,1.63254,1.63222,1.63228,201,17,0
2026-07-23 01:00:00,1.63225,1.63232,1.63168,1.63171,337,17,0
2026-07-23 01:15:00,1.6317,1.63192,1.63141,1.63184,223,17,0
2026-07-23 01:30:00,1.6311200000000001,1.6311200000000001,1.6263,1.6274,1110,17,0
2026-07-23 01:45:00,1.62741,1.62825,1.62691,1.6282,543,17,0
2026-07-23 02:00:00,1.62822,1.62829,1.62718,1.6280000000000001,403,17,0
2026-07-23 02:15:00,1.62802,1.6289799999999999,1.62797,1.6289,287,17,0
2026-07-23 02:30:00,1.62888,1.62914,1.62846,1.62853,364,17,0
2026-07-23 02:45:00,1.6285500000000002,1.62886,1.6282299999999998,1.62876,300,17,0
2026-07-23 03:00:00,1.62874,1.62942,1.62874,1.62906,306,17,0
2026-07-23 03:15:00,1.6290499999999999,1.62926,1.6286,1.62887,244,17,0
2026-07-23 03:30:00,1.6289099999999999,1.6291,1.62859,1.6286100000000001,213,17,0
2026-07-23 03:45:00,1.6286,1.6288200000000002,1.62831,1.6283699999999999,240,17,0
2026-07-23 04:00:00,1.62839,1.62893,1.62829,1.62862,258,17,0
2026-07-23 04:15:00,1.6286,1.62904,1.62846,1.6289,210,17,0
2026-07-23 04:30:00,1.6289099999999999,1.6293600000000001,1.6288399999999998,1.62921,171,17,0
2026-07-23 04:45:00,1.6292200000000001,1.62976,1.62912,1.6295899999999999,207,17,0
2026-07-23 05:00:00,1.62962,1.63003,1.6294499999999998,1.62971,234,17,0
2026-07-23 05:15:00,1.6297199999999998,1.63,1.62926,1.6293199999999999,207,17,0
2026-07-23 05:30:00,1.6293,1.62988,1.6293,1.6297000000000001,213,17,0
2026-07-23 05:45:00,1.62971,1.62998,1.62967,1.6299000000000001,229,17,0
2026-07-23 06:00:00,1.62991,1.63023,1.6295199999999999,1.6300400000000002,274,17,0
2026-07-23 06:15:00,1.63002,1.63008,1.6293600000000001,1.6295600000000001,269,17,0
2026-07-23 06:30:00,1.62954,1.62967,1.62923,1.6295600000000001,236,17,0
2026-07-23 06:45:00,1.6295899999999999,1.63082,1.6295199999999999,1.63082,229,17,0
2026-07-23 07:00:00,1.6308099999999999,1.63147,1.6306699999999998,1.6307399999999999,522,17,0
2026-07-23 07:15:00,1.63076,1.63077,1.6300599999999998,1.6305800000000001,331,17,0
2026-07-23 07:30:00,1.6306,1.63201,1.63056,1.6317599999999999,336,17,0
2026-07-23 07:45:00,1.63178,1.63206,1.6311200000000001,1.63118,458,17,0
2026-07-23 08:00:00,1.6311499999999999,1.63159,1.6307,1.6311200000000001,391,17,0
2026-07-23 08:15:00,1.6311,1.6314600000000001,1.63086,1.6308799999999999,317,17,0
2026-07-23 08:30:00,1.63089,1.63098,1.6296,1.62975,365,17,0
2026-07-23 08:45:00,1.6297899999999998,1.6301700000000001,1.6296300000000001,1.6298599999999999,345,17,0
2026-07-23 09:00:00,1.6298300000000001,1.62989,1.6292499999999999,1.62987,331,17,0
2026-07-23 09:15:00,1.62989,1.63028,1.62976,1.63022,238,17,0
2026-07-23 09:30:00,1.6301999999999999,1.63045,1.6299700000000001,1.63025,257,17,0
2026-07-23 09:45:00,1.63026,1.6308,1.63002,1.63068,227,17,0
2026-07-23 10:00:00,1.63069,1.63095,1.63048,1.6305,256,17,0
2026-07-23 10:15:00,1.63049,1.63061,1.62999,1.63005,254,17,0
2026-07-23 10:30:00,1.63007,1.63029,1.6298300000000001,1.62989,238,17,0
2026-07-23 10:45:00,1.6299000000000001,1.6300400000000002,1.62939,1.62967,242,17,0
2026-07-23 11:00:00,1.6297000000000001,1.62994,1.6295,1.62981,272,17,0
2026-07-23 11:15:00,1.6298,1.62991,1.6292,1.6292,272,17,0
2026-07-23 11:30:00,1.6292200000000001,1.6298,1.62899,1.62971,549,17,0
2026-07-23 11:45:00,1.62969,1.62974,1.62904,1.62933,416,17,0
2026-07-23 12:00:00,1.6293,1.62978,1.62892,1.62975,344,17,0
2026-07-23 12:15:00,1.6297000000000001,1.63042,1.6291,1.62996,606,17,0
2026-07-23 12:30:00,1.6301299999999999,1.63123,1.6300599999999998,1.63098,538,17,0
2026-07-23 12:45:00,1.63096,1.63133,1.63059,1.6312,477,17,0
2026-07-23 13:00:00,1.63123,1.6321400000000001,1.63083,1.6312600000000002,635,17,0
2026-07-23 13:15:00,1.63129,1.63188,1.63102,1.63172,508,17,0
2026-07-23 13:30:00,1.6317,1.63172,1.63016,1.6303299999999998,701,17,0
2026-07-23 13:45:00,1.63034,1.63116,1.6303,1.63091,602,17,0
2026-07-23 14:00:00,1.6308799999999999,1.6313,1.63014,1.63046,721,17,0
2026-07-23 14:15:00,1.63049,1.6305100000000001,1.62954,1.62988,671,17,0
2026-07-23 14:30:00,1.6299000000000001,1.6303999999999998,1.62948,1.6301299999999999,520,17,0
2026-07-23 14:45:00,1.6301,1.63083,1.63003,1.63062,559,17,0
2026-07-23 15:00:00,1.63059,1.63114,1.63041,1.6310099999999998,498,17,0
2026-07-23 15:15:00,1.63103,1.63171,1.6305100000000001,1.63171,489,17,0
2026-07-23 15:30:00,1.6317300000000001,1.63206,1.63084,1.6311,584,17,0
2026-07-23 15:45:00,1.6311200000000001,1.63117,1.63043,1.6305800000000001,378,17,0
2026-07-23 16:00:00,1.63055,1.6309200000000001,1.6303,1.6304400000000001,309,17,0
2026-07-23 16:15:00,1.63045,1.63087,1.6302699999999999,1.63068,294,17,0
2026-07-23 16:30:00,1.63072,1.63091,1.6306699999999998,1.63072,257,17,0
2026-07-23 16:45:00,1.6307399999999999,1.63095,1.6306,1.63075,223,17,0
2026-07-23 17:00:00,1.63073,1.6312,1.63073,1.63109,246,17,0
2026-07-23 17:15:00,1.6311,1.6311200000000001,1.63076,1.6309900000000002,226,17,0
2026-07-23 17:30:00,1.6310099999999998,1.63165,1.631,1.6315,210,17,0
2026-07-23 17:45:00,1.6315300000000001,1.63159,1.6313499999999999,1.6315499999999998,207,17,0
2026-07-23 18:00:00,1.63156,1.63209,1.6315,1.63209,194,17,0
2026-07-23 18:15:00,1.63211,1.63252,1.63208,1.63249,193,17,0
2026-07-23 18:30:00,1.63251,1.63273,1.6323400000000001,1.63266,151,17,0
2026-07-23 18:45:00,1.63265,1.6331799999999999,1.63254,1.6329500000000001,153,17,0
2026-07-23 19:00:00,1.63292,1.63348,1.63292,1.6333600000000001,154,17,0
2026-07-23 19:15:00,1.63338,1.63358,1.63324,1.63344,160,17,0
2026-07-23 19:30:00,1.63341,1.6336,1.6332900000000001,1.6336,170,17,0
2026-07-23 19:45:00,1.63357,1.63374,1.63314,1.63319,185,17,0
2026-07-23 20:00:00,1.63316,1.63317,1.63292,1.63306,156,17,0
2026-07-23 20:15:00,1.63308,1.6331099999999998,1.6328399999999998,1.63297,88,17,0
2026-07-23 20:30:00,1.63299,1.63304,1.63281,1.63293,101,17,0
2026-07-23 20:45:00,1.63292,1.6329500000000001,1.63269,1.6327099999999999,116,15,0
2026-07-23 21:00:00,1.63272,1.63277,1.63239,1.63247,190,15,0
2026-07-23 21:15:00,1.63245,1.6326800000000001,1.63243,1.63252,207,34,0
2026-07-23 21:30:00,1.6324999999999998,1.63254,1.63168,1.63209,155,50,0
2026-07-23 21:45:00,1.6320999999999999,1.6322100000000002,1.6319,1.63219,204,114,0
2026-07-23 22:00:00,1.6322100000000002,1.63308,1.63216,1.6329,81,25,0
2026-07-23 22:15:00,1.6329099999999999,1.6329500000000001,1.63279,1.6328399999999998,57,25,0
2026-07-23 22:30:00,1.63285,1.6329,1.63254,1.63288,49,25,0
2026-07-23 22:45:00,1.63286,1.63297,1.6328399999999998,1.6328399999999998,29,25,0
2026-07-23 23:00:00,1.63287,1.6331,1.63287,1.6330200000000001,57,17,0
2026-07-23 23:15:00,1.63299,1.63299,1.63278,1.6328399999999998,54,17,0
2026-07-23 23:30:00,1.6328,1.6328,1.6326,1.63267,85,17,0
2026-07-23 23:45:00,1.63269,1.63301,1.6326,1.63281,135,17,0
2026-07-24 00:00:00,1.6328,1.6329,1.63229,1.6327099999999999,355,17,0
2026-07-24 00:15:00,1.63274,1.633,1.63251,1.63276,247,17,0
2026-07-24 00:30:00,1.63278,1.6329099999999999,1.63183,1.6319599999999999,238,17,0
2026-07-24 00:45:00,1.63194,1.63198,1.63145,1.63161,318,17,0
2026-07-24 01:00:00,1.63163,1.6324100000000001,1.6316000000000002,1.6321400000000001,329,17,0
2026-07-24 01:15:00,1.63216,1.6326,1.63216,1.6323400000000001,233,17,0
2026-07-24 01:30:00,1.63233,1.6324100000000001,1.63125,1.6313,283,17,0
2026-07-24 01:45:00,1.63129,1.63201,1.63123,1.63178,266,17,0
2026-07-24 02:00:00,1.63175,1.6323699999999999,1.6315499999999998,1.63158,301,17,0
2026-07-24 02:15:00,1.63157,1.63164,1.6310099999999998,1.6311900000000001,228,17,0
2026-07-24 02:30:00,1.63121,1.6316000000000002,1.63114,1.63158,178,17,0
2026-07-24 02:45:00,1.6316000000000002,1.63204,1.6314899999999999,1.6320299999999999,274,17,0
2026-07-24 03:00:00,1.63204,1.63205,1.6308799999999999,1.63089,241,17,0
2026-07-24 03:15:00,1.6309,1.6315,1.6308799999999999,1.6315,213,17,0
2026-07-24 03:30:00,1.63147,1.63197,1.6312799999999998,1.63197,197,17,0
2026-07-24 03:45:00,1.63199,1.6320999999999999,1.6318000000000001,1.63188,145,17,0
2026-07-24 04:00:00,1.63191,1.63197,1.63148,1.63165,171,17,0
2026-07-24 04:15:00,1.63167,1.63167,1.63141,1.63147,118,17,0
2026-07-24 04:30:00,1.6314899999999999,1.63202,1.63147,1.63186,160,17,0
2026-07-24 04:45:00,1.63185,1.6319,1.63164,1.63174,138,17,0
2026-07-24 05:00:00,1.63171,1.6318000000000001,1.63097,1.63103,219,17,0
2026-07-24 05:15:00,1.63105,1.63125,1.63091,1.63102,183,17,0
2026-07-24 05:30:00,1.6309900000000002,1.63132,1.6306699999999998,1.63127,269,17,0
2026-07-24 05:45:00,1.6313,1.63151,1.63097,1.63151,205,17,0
2026-07-24 06:00:00,1.63148,1.63148,1.63098,1.63106,247,17,0
2026-07-24 06:15:00,1.6310799999999999,1.6314600000000001,1.6309200000000001,1.6309200000000001,264,17,0
2026-07-24 06:30:00,1.6309399999999998,1.63113,1.6308,1.63086,186,17,0
2026-07-24 06:45:00,1.6308799999999999,1.6311,1.63045,1.63046,213,17,0
2026-07-24 07:00:00,1.63048,1.6308799999999999,1.62992,1.63076,425,17,0
2026-07-24 07:15:00,1.6308500000000001,1.6310799999999999,1.63049,1.6309,330,17,0
2026-07-24 07:30:00,1.63093,1.63141,1.63084,1.63124,354,17,0
2026-07-24 07:45:00,1.63122,1.63134,1.6306500000000002,1.63069,260,17,0
2026-07-24 08:00:00,1.6306500000000002,1.63082,1.6298599999999999,1.63001,290,17,0
2026-07-24 08:15:00,1.6300400000000002,1.63007,1.62928,1.6293600000000001,262,17,0
2026-07-24 08:30:00,1.62938,1.62957,1.62923,1.62931,226,17,0
2026-07-24 08:45:00,1.62933,1.62933,1.6287,1.6289799999999999,247,17,0
2026-07-24 09:00:00,1.6289500000000001,1.62957,1.6286800000000001,1.6294300000000002,265,17,0
2026-07-24 09:15:00,1.62944,1.62946,1.62897,1.62912,232,17,0
2026-07-24 09:30:00,1.62915,1.62947,1.62904,1.62926,217,17,0
2026-07-24 09:45:00,1.62927,1.6294,1.62876,1.62877,204,17,0
2026-07-24 10:00:00,1.6287500000000001,1.6291,1.62858,1.62863,212,17,0
2026-07-24 10:15:00,1.6286100000000001,1.62881,1.6282999999999999,1.6282999999999999,195,17,0
2026-07-24 10:30:00,1.62832,1.62854,1.62822,1.62843,205,17,0
2026-07-24 10:45:00,1.62845,1.6284999999999998,1.62791,1.6280000000000001,205,17,0
2026-07-24 11:00:00,1.62799,1.6283699999999999,1.6277,1.6283699999999999,211,17,0
2026-07-24 11:15:00,1.62839,1.6286,1.62819,1.62839,181,17,0
2026-07-24 11:30:00,1.6283699999999999,1.62838,1.6280299999999999,1.62818,181,17,0
2026-07-24 11:45:00,1.62822,1.62831,1.6273,1.6276000000000002,323,17,0
2026-07-24 12:00:00,1.62757,1.6282100000000002,1.62752,1.62813,335,17,0
2026-07-24 12:15:00,1.62815,1.62873,1.62805,1.6287,282,17,0
2026-07-24 12:30:00,1.62872,1.62961,1.62872,1.62944,323,17,0
2026-07-24 12:45:00,1.62947,1.62984,1.62931,1.62968,293,17,0
2026-07-24 13:00:00,1.62965,1.6299700000000001,1.62934,1.6297700000000002,394,17,0
2026-07-24 13:15:00,1.62975,1.6300599999999998,1.62961,1.6297199999999998,325,17,0
2026-07-24 13:30:00,1.62974,1.63039,1.62965,1.62996,459,17,0
2026-07-24 13:45:00,1.62994,1.63064,1.6297700000000002,1.6304400000000001,492,17,0
2026-07-24 14:00:00,1.63042,1.6304699999999999,1.6289799999999999,1.62907,466,17,0
2026-07-24 14:15:00,1.6290900000000001,1.62964,1.62886,1.6293600000000001,448,17,0
2026-07-24 14:30:00,1.62937,1.6295,1.6288399999999998,1.62896,364,17,0
2026-07-24 14:45:00,1.62897,1.6291799999999999,1.62817,1.62827,445,17,0
2026-07-24 15:00:00,1.62824,1.6283400000000001,1.6272600000000002,1.6273900000000001,537,17,0
2026-07-24 15:15:00,1.62741,1.6280700000000001,1.62695,1.62797,521,17,0
2026-07-24 15:30:00,1.62795,1.62859,1.6278700000000002,1.6284100000000001,378,17,0
2026-07-24 15:45:00,1.62839,1.62851,1.62734,1.6273499999999999,321,17,0
2026-07-24 16:00:00,1.62732,1.62759,1.62698,1.62758,235,17,0
2026-07-24 16:15:00,1.62761,1.62778,1.6272799999999998,1.62736,191,17,0
2026-07-24 16:30:00,1.62734,1.6279400000000002,1.62732,1.62792,244,17,0
2026-07-24 16:45:00,1.6279,1.62808,1.62748,1.62754,235,17,0
2026-07-24 17:00:00,1.62755,1.6278299999999999,1.6274199999999999,1.62751,286,17,0
2026-07-24 17:15:00,1.6275300000000001,1.62763,1.62734,1.62744,185,17,0
2026-07-24 17:30:00,1.6274600000000001,1.62756,1.62709,1.6275,170,17,0
2026-07-24 17:45:00,1.62751,1.62759,1.62731,1.6274199999999999,141,17,0
2026-07-24 18:00:00,1.62745,1.62757,1.62727,1.6274899999999999,155,17,0
2026-07-24 18:15:00,1.62752,1.6279400000000002,1.62747,1.62791,146,17,0
2026-07-24 18:30:00,1.6278899999999998,1.6283699999999999,1.62788,1.6283400000000001,198,17,0
2026-07-24 18:45:00,1.62833,1.6283699999999999,1.62802,1.62818,172,17,0
2026-07-24 19:00:00,1.6282,1.6287099999999999,1.6282,1.6287099999999999,160,17,0
2026-07-24 19:15:00,1.62872,1.6288200000000002,1.62854,1.6287500000000001,139,17,0
2026-07-24 19:30:00,1.62873,1.6288,1.62843,1.62862,247,17,0
2026-07-24 19:45:00,1.6286399999999999,1.62907,1.62856,1.62877,150,17,0
2026-07-24 20:00:00,1.62879,1.6292,1.62879,1.6289799999999999,102,17,0
2026-07-24 20:15:00,1.6289500000000001,1.6289500000000001,1.62847,1.6285699999999999,79,17,0
2026-07-24 20:30:00,1.62856,1.6287099999999999,1.62833,1.6285699999999999,93,17,0
2026-07-24 20:45:00,1.62854,1.6287,1.6283400000000001,1.62838,129,17,0
2026-07-26 21:00:00,1.62698,1.62703,1.62451,1.6263100000000001,96,149,0
2026-07-26 21:15:00,1.62634,1.6268,1.6242100000000002,1.62636,214,174,0
2026-07-26 21:30:00,1.62626,1.62689,1.62508,1.6257000000000001,103,133,0
2026-07-26 21:45:00,1.62575,1.62671,1.62469,1.62547,199,140,0
2026-07-26 22:00:00,1.62659,1.62795,1.62603,1.62795,444,17,0
2026-07-26 22:15:00,1.62792,1.62825,1.6276199999999998,1.62812,189,17,0
2026-07-26 22:30:00,1.6280999999999999,1.62894,1.62809,1.62881,170,17,0
2026-07-26 22:45:00,1.6288,1.62908,1.62862,1.62886,129,17,0
2026-07-26 23:00:00,1.6288200000000002,1.62899,1.62859,1.62859,137,17,0
2026-07-26 23:15:00,1.62858,1.6290499999999999,1.62858,1.62901,84,17,0
2026-07-26 23:30:00,1.62899,1.62904,1.62847,1.62874,125,17,0
2026-07-26 23:45:00,1.62877,1.6291099999999998,1.62859,1.6291,223,17,0
2026-07-27 00:00:00,1.62907,1.62944,1.62838,1.62886,533,17,0
2026-07-27 00:15:00,1.62887,1.62995,1.62887,1.62992,416,17,0
2026-07-27 00:30:00,1.6299000000000001,1.63011,1.6297700000000002,1.62996,285,17,0
2026-07-27 00:45:00,1.6299299999999999,1.6303100000000001,1.6292900000000001,1.63028,362,17,0
2026-07-27 01:00:00,1.63025,1.63064,1.62978,1.62982,400,17,0
2026-07-27 01:15:00,1.6298,1.63012,1.62961,1.6300400000000002,307,17,0
2026-07-27 01:30:00,1.63002,1.6303999999999998,1.62978,1.63036,367,17,0
2026-07-27 01:45:00,1.63034,1.63066,1.62926,1.62931,380,17,0
2026-07-27 02:00:00,1.62927,1.6297199999999998,1.62908,1.62971,345,17,0
2026-07-27 02:15:00,1.62968,1.62994,1.62958,1.62968,198,17,0
2026-07-27 02:30:00,1.62971,1.62989,1.6293600000000001,1.62954,203,17,0
2026-07-27 02:45:00,1.6295600000000001,1.62992,1.62949,1.6296,168,17,0
2026-07-27 03:00:00,1.62961,1.6297199999999998,1.6294,1.62951,216,17,0
2026-07-27 03:15:00,1.62953,1.6297000000000001,1.62928,1.6297000000000001,156,17,0
2026-07-27 03:30:00,1.62968,1.63018,1.62968,1.6298300000000001,243,17,0
2026-07-27 03:45:00,1.62984,1.6298599999999999,1.62939,1.62939,135,17,0
2026-07-27 04:00:00,1.62938,1.62976,1.6291799999999999,1.62958,171,17,0
2026-07-27 04:15:00,1.6295899999999999,1.63018,1.62951,1.62998,121,17,0
2026-07-27 04:30:00,1.62995,1.63003,1.62961,1.6298,159,17,0
2026-07-27 04:45:00,1.62978,1.62991,1.62965,1.62981,129,17,0
2026-07-27 05:00:00,1.6297899999999998,1.6298,1.62915,1.6294,207,17,0
2026-07-27 05:15:00,1.6294300000000002,1.6295600000000001,1.62901,1.62901,147,17,0
2026-07-27 05:30:00,1.62899,1.62903,1.6287,1.62901,199,17,0
2026-07-27 05:45:00,1.62899,1.62899,1.6285500000000002,1.62887,131,17,0
2026-07-27 06:00:00,1.6289099999999999,1.62951,1.62885,1.62937,291,17,0
2026-07-27 06:15:00,1.62938,1.62953,1.62881,1.62883,259,17,0
2026-07-27 06:30:00,1.62887,1.62888,1.62816,1.62838,316,17,0
2026-07-27 06:45:00,1.6283699999999999,1.62847,1.6280999999999999,1.62825,257,17,0
2026-07-27 07:00:00,1.62828,1.62838,1.62761,1.62771,367,17,0
2026-07-27 07:15:00,1.62774,1.6280700000000001,1.6274899999999999,1.62797,390,17,0
2026-07-27 07:30:00,1.6279400000000002,1.62867,1.6279,1.6283699999999999,341,17,0
2026-07-27 07:45:00,1.62838,1.62852,1.6276899999999999,1.6278700000000002,308,17,0
2026-07-27 08:00:00,1.62784,1.62791,1.62748,1.62777,350,17,0
2026-07-27 08:15:00,1.62775,1.6279,1.62756,1.6277,215,17,0
2026-07-27 08:30:00,1.6276899999999999,1.62815,1.62765,1.6280999999999999,190,17,0
2026-07-27 08:45:00,1.62809,1.62839,1.6279599999999999,1.6280999999999999,208,17,0
2026-07-27 09:00:00,1.62808,1.6282999999999999,1.6279400000000002,1.62806,200,17,0
2026-07-27 09:15:00,1.62805,1.62827,1.62761,1.6276199999999998,180,17,0
2026-07-27 09:30:00,1.6276000000000002,1.62785,1.62752,1.62758,179,17,0
2026-07-27 09:45:00,1.62756,1.6277,1.6273900000000001,1.6275300000000001,137,17,0
2026-07-27 10:00:00,1.62756,1.62793,1.6274600000000001,1.6274600000000001,222,17,0
2026-07-27 10:15:00,1.62748,1.62775,1.62745,1.62764,176,17,0
2026-07-27 10:30:00,1.6276199999999998,1.62777,1.6273499999999999,1.62745,168,17,0
2026-07-27 10:45:00,1.6274600000000001,1.6276199999999998,1.62727,1.62729,177,17,0
2026-07-27 11:00:00,1.6273,1.62743,1.62697,1.62697,194,17,0
2026-07-27 11:15:00,1.62696,1.6271200000000001,1.6267,1.62693,160,17,0
2026-07-27 11:30:00,1.62694,1.6274199999999999,1.62669,1.62738,282,17,0
2026-07-27 11:45:00,1.6273900000000001,1.6273900000000001,1.62695,1.62705,248,17,0
2026-07-27 12:00:00,1.62702,1.62736,1.62684,1.6272799999999998,251,17,0
2026-07-27 12:15:00,1.62729,1.62752,1.62704,1.62717,200,17,0
2026-07-27 12:30:00,1.62721,1.62727,1.6267200000000002,1.6267200000000002,230,17,0
2026-07-27 12:45:00,1.62673,1.6270099999999998,1.62664,1.62695,226,17,0
2026-07-27 13:00:00,1.62693,1.62732,1.62671,1.62684,320,17,0
2026-07-27 13:15:00,1.6268099999999999,1.62695,1.6263100000000001,1.62653,245,17,0
2026-07-27 13:30:00,1.6265100000000001,1.6266,1.62569,1.6259700000000001,482,17,0
2026-07-27 13:45:00,1.62595,1.62595,1.6253199999999999,1.62573,408,17,0
2026-07-27 14:00:00,1.6257000000000001,1.6261299999999999,1.62567,1.62591,424,17,0
2026-07-27 14:15:00,1.62589,1.62706,1.62561,1.62704,442,17,0
2026-07-27 14:30:00,1.6270099999999998,1.62767,1.62697,1.6274199999999999,503,17,0
2026-07-27 14:45:00,1.6273900000000001,1.6273900000000001,1.62621,1.6263,504,17,0
2026-07-27 15:00:00,1.62626,1.6263999999999998,1.62595,1.62614,419,17,0
2026-07-27 15:15:00,1.62616,1.6267200000000002,1.62587,1.62659,349,17,0
2026-07-27 15:30:00,1.62661,1.62727,1.62657,1.62704,415,17,0
2026-07-27 15:45:00,1.62702,1.62706,1.62656,1.62673,331,17,0
2026-07-27 16:00:00,1.6267,1.62713,1.6266500000000002,1.62697,288,17,0
2026-07-27 16:15:00,1.62695,1.62732,1.62653,1.62668,397,17,0
2026-07-27 16:30:00,1.6266500000000002,1.6267800000000001,1.6264699999999999,1.6266699999999998,284,17,0
2026-07-27 16:45:00,1.62666,1.62705,1.62664,1.62683,223,17,0
2026-07-27 17:00:00,1.62682,1.6273,1.6268,1.6269900000000002,282,17,0
2026-07-27 17:15:00,1.627,1.6272,1.62687,1.6269900000000002,226,17,0
2026-07-27 17:30:00,1.62698,1.6271,1.6268799999999999,1.62698,178,17,0
2026-07-27 17:45:00,1.62696,1.6271499999999999,1.62693,1.62698,158,17,0
2026-07-27 18:00:00,1.627,1.62727,1.62698,1.62713,157,17,0
2026-07-27 18:15:00,1.6271499999999999,1.62732,1.62693,1.6269900000000002,166,17,0
2026-07-27 18:30:00,1.62698,1.62725,1.62693,1.62706,184,17,0
2026-07-27 18:45:00,1.62705,1.62717,1.62662,1.62664,226,17,0
2026-07-27 19:00:00,1.62661,1.62675,1.62622,1.62633,157,17,0
2026-07-27 19:15:00,1.62635,1.62641,1.62619,1.62628,127,17,0
2026-07-27 19:30:00,1.62626,1.62634,1.6261,1.6261299999999999,149,17,0
2026-07-27 19:45:00,1.62614,1.62629,1.62591,1.62592,129,17,0
2026-07-27 20:00:00,1.6259000000000001,1.6266,1.62589,1.62649,116,17,0
2026-07-27 20:15:00,1.6265,1.62663,1.6265,1.62659,38,17,0
2026-07-27 20:30:00,1.6266,1.62666,1.62629,1.62636,79,17,0
2026-07-27 20:45:00,1.62634,1.62642,1.62601,1.62601,91,17,0
2026-07-27 21:00:00,1.6260400000000002,1.62616,1.62582,1.62592,194,32,0
2026-07-27 21:15:00,1.6259000000000001,1.62595,1.62568,1.6257700000000002,236,122,0
2026-07-27 21:30:00,1.62578,1.62605,1.62575,1.62591,255,134,0
2026-07-27 21:45:00,1.6259299999999999,1.62618,1.6258599999999999,1.62616,166,104,0
2026-07-27 22:00:00,1.62616,1.62695,1.62616,1.62695,131,25,0
2026-07-27 22:15:00,1.62694,1.6269900000000002,1.62675,1.62675,41,25,0
2026-07-27 22:30:00,1.62677,1.62694,1.6267200000000002,1.62687,45,25,0
2026-07-27 22:45:00,1.6268799999999999,1.62697,1.62686,1.62697,25,25,0
2026-07-27 23:00:00,1.6270099999999998,1.6274600000000001,1.6270099999999998,1.6272799999999998,98,17,0
2026-07-27 23:15:00,1.6272600000000002,1.6273,1.62716,1.6271900000000001,51,17,0
2026-07-27 23:30:00,1.62721,1.62743,1.62721,1.62743,55,17,0
2026-07-27 23:45:00,1.6274,1.6274199999999999,1.62709,1.62713,120,17,0
2026-07-28 00:00:00,1.6271,1.62826,1.62698,1.62812,348,17,0
2026-07-28 00:15:00,1.62811,1.62852,1.62799,1.62815,254,17,0
2026-07-28 00:30:00,1.62813,1.62816,1.627,1.6270799999999999,298,17,0
2026-07-28 00:45:00,1.62711,1.62799,1.62711,1.62732,333,17,0
2026-07-28 01:00:00,1.62729,1.62767,1.62695,1.62767,379,17,0
2026-07-28 01:15:00,1.6276899999999999,1.6280299999999999,1.62689,1.62702,311,17,0
2026-07-28 01:30:00,1.62698,1.62704,1.62623,1.62668,362,17,0
2026-07-28 01:45:00,1.6267,1.6272600000000002,1.62662,1.62706,324,17,0
2026-07-28 02:00:00,1.62703,1.6271499999999999,1.6261999999999999,1.6261999999999999,304,17,0
2026-07-28 02:15:00,1.6262400000000001,1.62643,1.62573,1.62625,316,17,0
2026-07-28 02:30:00,1.62629,1.6265800000000001,1.62601,1.62655,297,17,0
2026-07-28 02:45:00,1.62653,1.62691,1.62639,1.62673,282,17,0
2026-07-28 03:00:00,1.6267399999999999,1.62831,1.6265100000000001,1.6280299999999999,482,17,0
2026-07-28 03:15:00,1.62801,1.62833,1.6273300000000002,1.62764,329,17,0
2026-07-28 03:30:00,1.62766,1.62955,1.62717,1.62926,708,17,0
2026-07-28 03:45:00,1.62924,1.6293600000000001,1.62847,1.62924,387,17,0
2026-07-28 04:00:00,1.62927,1.6309200000000001,1.62927,1.63061,584,17,0
2026-07-28 04:15:00,1.63063,1.63122,1.63036,1.63089,326,17,0
2026-07-28 04:30:00,1.6309200000000001,1.63107,1.6305399999999999,1.6305800000000001,220,17,0
2026-07-28 04:45:00,1.63059,1.6308500000000001,1.6305,1.6307,179,17,0
2026-07-28 05:00:00,1.63068,1.63124,1.63053,1.63124,338,17,0
2026-07-28 05:15:00,1.63122,1.6317599999999999,1.631,1.6313499999999999,356,17,0
2026-07-28 05:30:00,1.63131,1.63144,1.63072,1.63086,371,17,0
2026-07-28 05:45:00,1.63084,1.63136,1.6308099999999999,1.6312799999999998,210,17,0
2026-07-28 06:00:00,1.63131,1.63222,1.63105,1.6312600000000002,388,17,0
2026-07-28 06:15:00,1.63124,1.63145,1.63082,1.63103,327,17,0
2026-07-28 06:30:00,1.631,1.6311900000000001,1.6303999999999998,1.6306500000000002,296,17,0
2026-07-28 06:45:00,1.63068,1.63077,1.63007,1.6307399999999999,241,17,0
2026-07-28 07:00:00,1.63072,1.63097,1.63056,1.63072,360,17,0
2026-07-28 07:15:00,1.6307399999999999,1.6307399999999999,1.63005,1.63045,300,17,0
2026-07-28 07:30:00,1.63042,1.63104,1.63041,1.6309,247,17,0
2026-07-28 07:45:00,1.63089,1.6313,1.63061,1.63069,287,17,0
2026-07-28 08:00:00,1.6306699999999998,1.63165,1.6305800000000001,1.63133,381,17,0
2026-07-28 08:15:00,1.63131,1.63148,1.6308,1.63103,330,17,0
2026-07-28 08:30:00,1.63106,1.6312600000000002,1.63089,1.63113,261,17,0
2026-07-28 08:45:00,1.63111,1.63127,1.63057,1.63076,259,17,0
2026-07-28 09:00:00,1.63075,1.6307800000000001,1.63018,1.63018,202,17,0
2026-07-28 09:15:00,1.63015,1.63034,1.62981,1.62988,183,17,0
2026-07-28 09:30:00,1.62991,1.63016,1.6298300000000001,1.62998,199,17,0
2026-07-28 09:45:00,1.62994,1.63048,1.62976,1.63039,252,17,0
2026-07-28 10:00:00,1.63037,1.63059,1.63016,1.6304699999999999,280,17,0
2026-07-28 10:15:00,1.6305100000000001,1.6307,1.63026,1.63026,204,17,0
2026-07-28 10:30:00,1.6302400000000001,1.6309900000000002,1.63015,1.63091,272,17,0
2026-07-28 10:45:00,1.63093,1.63127,1.63083,1.63096,247,17,0
2026-07-28 11:00:00,1.63093,1.6311200000000001,1.6305800000000001,1.63104,255,17,0
2026-07-28 11:15:00,1.63105,1.6318899999999998,1.63055,1.63186,315,17,0
2026-07-28 11:30:00,1.63184,1.63211,1.63132,1.63152,265,17,0
2026-07-28 11:45:00,1.63156,1.63183,1.6312,1.6316199999999998,289,17,0
2026-07-28 12:00:00,1.6316000000000002,1.63161,1.6308500000000001,1.6309399999999998,295,17,0
2026-07-28 12:15:00,1.63097,1.6311900000000001,1.63042,1.63046,227,17,0
2026-07-28 12:30:00,1.6304699999999999,1.6309399999999998,1.63039,1.63057,268,17,0
2026-07-28 12:45:00,1.6305399999999999,1.6308500000000001,1.6302699999999999,1.63072,227,17,0
2026-07-28 13:00:00,1.63073,1.63089,1.63035,1.63037,255,17,0
2026-07-28 13:15:00,1.63039,1.63064,1.6301700000000001,1.63064,245,17,0
2026-07-28 13:30:00,1.63066,1.63185,1.63062,1.6314600000000001,439,17,0
2026-07-28 13:45:00,1.63143,1.63205,1.63131,1.6313900000000001,532,17,0
2026-07-28 14:00:00,1.6313499999999999,1.63188,1.6308799999999999,1.63183,498,17,0
2026-07-28 14:15:00,1.63186,1.63321,1.6317300000000001,1.63227,540,17,0
2026-07-28 14:30:00,1.6322999999999999,1.6326800000000001,1.63216,1.6325699999999999,480,17,0
2026-07-28 14:45:00,1.63253,1.63416,1.63227,1.63416,517,17,0
2026-07-28 15:00:00,1.63419,1.6343299999999998,1.6332200000000001,1.63334,573,17,0
2026-07-28 15:15:00,1.63337,1.63369,1.63274,1.63274,608,17,0
2026-07-28 15:30:00,1.63272,1.63326,1.63219,1.63297,456,17,0
2026-07-28 15:45:00,1.633,1.6331099999999998,1.63251,1.63251,341,17,0
2026-07-28 16:00:00,1.63253,1.6326800000000001,1.63228,1.6323400000000001,324,17,0
2026-07-28 16:15:00,1.63235,1.63254,1.63213,1.63254,217,17,0
2026-07-28 16:30:00,1.63255,1.63273,1.63227,1.63263,210,17,0
2026-07-28 16:45:00,1.6326100000000001,1.63267,1.63202,1.63211,203,17,0
2026-07-28 17:00:00,1.63209,1.63254,1.63186,1.63254,242,17,0
2026-07-28 17:15:00,1.63251,1.63258,1.63212,1.63256,192,17,0
2026-07-28 17:30:00,1.6325699999999999,1.63297,1.63247,1.63292,126,17,0
2026-07-28 17:45:00,1.6329,1.63294,1.63267,1.63269,136,17,0
2026-07-28 18:00:00,1.6327099999999999,1.63285,1.63262,1.63265,166,17,0
2026-07-28 18:15:00,1.63266,1.63277,1.6324800000000002,1.6327099999999999,156,17,0
2026-07-28 18:30:00,1.63269,1.63272,1.63247,1.63255,101,17,0
2026-07-28 18:45:00,1.63254,1.63269,1.6324,1.63245,123,17,0
2026-07-28 19:00:00,1.63243,1.6324999999999998,1.63222,1.6324100000000001,151,17,0
2026-07-28 19:15:00,1.63242,1.63247,1.63227,1.63229,110,17,0
2026-07-28 19:30:00,1.63228,1.63259,1.63227,1.63255,105,17,0
2026-07-28 19:45:00,1.6325699999999999,1.63277,1.63252,1.63262,117,17,0
2026-07-28 20:00:00,1.6326100000000001,1.6327,1.63239,1.63256,89,17,0
2026-07-28 20:15:00,1.6325699999999999,1.63287,1.63243,1.63244,71,17,0
2026-07-28 20:30:00,1.63243,1.6326,1.63239,1.63253,68,17,0
2026-07-28 20:45:00,1.63252,1.6327099999999999,1.63244,1.63252,83,16,0
2026-07-28 21:00:00,1.63249,1.63251,1.63197,1.6322100000000002,125,32,0
2026-07-28 21:15:00,1.63222,1.6323400000000001,1.63213,1.63216,209,64,0
2026-07-28 21:30:00,1.63217,1.63225,1.63213,1.63218,136,96,0
2026-07-28 21:45:00,1.63216,1.6322999999999999,1.6320299999999999,1.63226,197,96,0
2026-07-28 22:00:00,1.6322999999999999,1.6328200000000002,1.63228,1.63263,121,25,0
2026-07-28 22:15:00,1.63265,1.63304,1.63254,1.63269,104,25,0
2026-07-28 22:30:00,1.6327099999999999,1.63316,1.6326399999999999,1.6330200000000001,124,25,0
2026-07-28 22:45:00,1.63301,1.63306,1.63247,1.63262,93,25,0
2026-07-28 23:00:00,1.63265,1.63274,1.63211,1.63216,136,17,0
2026-07-28 23:15:00,1.6321400000000001,1.6322999999999999,1.6319,1.63202,101,17,0
2026-07-28 23:30:00,1.63201,1.63218,1.6317599999999999,1.6317599999999999,88,17,0
2026-07-28 23:45:00,1.63177,1.63259,1.6316899999999999,1.63246,218,17,0
2026-07-29 00:00:00,1.6324999999999998,1.63299,1.63233,1.6329799999999999,351,17,0
2026-07-29 00:15:00,1.63299,1.6333,1.63253,1.6329,358,17,0
2026-07-29 00:30:00,1.63287,1.63319,1.6327,1.63294,266,17,0
2026-07-29 00:45:00,1.63293,1.63428,1.6327099999999999,1.63422,375,17,0
2026-07-29 01:00:00,1.63423,1.63445,1.63365,1.6344400000000001,392,17,0
2026-07-29 01:15:00,1.63446,1.63461,1.6337899999999999,1.63396,337,17,0
2026-07-29 01:30:00,1.63391,1.64112,1.63391,1.63856,1484,17,0
2026-07-29 01:45:00,1.63853,1.64012,1.63839,1.63981,809,17,0
2026-07-29 02:00:00,1.63977,1.64024,1.63927,1.6392799999999998,662,17,0
2026-07-29 02:15:00,1.6393,1.6394,1.63796,1.6384699999999999,535,17,0
2026-07-29 02:30:00,1.63845,1.63985,1.63842,1.63964,403,17,0
2026-07-29 02:45:00,1.6396199999999999,1.6402299999999999,1.63954,1.63985,414,17,0
2026-07-29 03:00:00,1.63983,1.64031,1.63931,1.63993,350,17,0
2026-07-29 03:15:00,1.63995,1.64113,1.63995,1.6411099999999998,301,17,0
2026-07-29 03:30:00,1.6410900000000002,1.64147,1.64046,1.6406,327,17,0
2026-07-29 03:45:00,1.64059,1.64089,1.64013,1.6404999999999998,290,17,0
2026-07-29 04:00:00,1.6404800000000002,1.6413600000000002,1.64045,1.64119,325,17,0
2026-07-29 04:15:00,1.6412,1.64209,1.6411799999999999,1.64169,381,17,0
2026-07-29 04:30:00,1.64171,1.64175,1.6407500000000002,1.6412200000000001,381,17,0
2026-07-29 04:45:00,1.64123,1.64147,1.63949,1.63982,424,17,0
2026-07-29 05:00:00,1.63979,1.63991,1.63925,1.63925,326,17,0
2026-07-29 05:15:00,1.6392799999999998,1.63981,1.6391499999999999,1.6395,325,17,0
2026-07-29 05:30:00,1.63949,1.63957,1.63829,1.63879,351,17,0
2026-07-29 05:45:00,1.63877,1.63895,1.63848,1.63861,345,17,0
2026-07-29 06:00:00,1.63859,1.63869,1.63789,1.6379299999999999,313,17,0
2026-07-29 06:15:00,1.63796,1.63866,1.63777,1.63823,282,17,0
2026-07-29 06:30:00,1.63826,1.63845,1.638,1.63828,262,17,0
2026-07-29 06:45:00,1.63829,1.63862,1.6380599999999998,1.63848,215,17,0
2026-07-29 07:00:00,1.6385,1.6385800000000001,1.6378599999999999,1.63852,353,17,0
2026-07-29 07:15:00,1.63849,1.63907,1.63849,1.63863,296,17,0
2026-07-29 07:30:00,1.6385999999999998,1.6397,1.6385999999999998,1.6394600000000001,252,17,0
2026-07-29 07:45:00,1.63948,1.64056,1.63936,1.64042,326,17,0
2026-07-29 08:00:00,1.6404100000000001,1.64106,1.6403699999999999,1.64097,292,17,0
2026-07-29 08:15:00,1.64096,1.6414,1.64073,1.64116,290,17,0
2026-07-29 08:30:00,1.6411799999999999,1.64153,1.6410900000000002,1.64131,223,17,0
2026-07-29 08:45:00,1.6412900000000001,1.6415199999999999,1.6410900000000002,1.64132,229,17,0
2026-07-29 09:00:00,1.6412900000000001,1.64139,1.64104,1.6410900000000002,193,17,0
2026-07-29 09:15:00,1.64112,1.64142,1.64081,1.6408800000000001,219,17,0
2026-07-29 09:30:00,1.64089,1.64137,1.64081,1.64097,218,17,0
2026-07-29 09:45:00,1.64096,1.64108,1.6407,1.64107,221,17,0
2026-07-29 10:00:00,1.64105,1.64132,1.64063,1.64063,307,17,0
2026-07-29 10:15:00,1.64062,1.6407500000000002,1.64026,1.64045,231,17,0
2026-07-29 10:30:00,1.64043,1.64085,1.64043,1.6404800000000002,199,17,0
2026-07-29 10:45:00,1.64047,1.6407500000000002,1.6402,1.6402,204,17,0
2026-07-29 11:00:00,1.64019,1.64038,1.63997,1.63997,186,17,0
2026-07-29 11:15:00,1.6399599999999999,1.63999,1.6393900000000001,1.63952,181,17,0
2026-07-29 11:30:00,1.6395499999999998,1.64031,1.6395499999999998,1.63983,253,17,0
2026-07-29 11:45:00,1.63982,1.64013,1.6391900000000001,1.63922,268,17,0
2026-07-29 12:00:00,1.6392,1.63975,1.63899,1.63974,296,17,0
2026-07-29 12:15:00,1.63975,1.64019,1.63938,1.6395,537,17,0
2026-07-29 12:30:00,1.63952,1.63974,1.6390500000000001,1.63956,287,17,0
2026-07-29 12:45:00,1.63958,1.63981,1.63884,1.6389,266,17,0
2026-07-29 13:00:00,1.6389200000000002,1.63943,1.63863,1.63936,284,17,0
2026-07-29 13:15:00,1.63938,1.63957,1.6390099999999999,1.63924,309,17,0
2026-07-29 13:30:00,1.6392600000000002,1.6398000000000001,1.63884,1.63975,440,17,0
2026-07-29 13:45:00,1.63972,1.63997,1.63913,1.6392099999999998,459,17,0
2026-07-29 14:00:00,1.6391900000000001,1.63995,1.6388500000000001,1.6398899999999998,471,17,0
2026-07-29 14:15:00,1.6399,1.64029,1.6393499999999999,1.64028,440,17,0
2026-07-29 14:30:00,1.64029,1.64182,1.64029,1.64176,435,17,0
2026-07-29 14:45:00,1.64174,1.6437599999999999,1.64162,1.64358,780,17,0
2026-07-29 15:00:00,1.64357,1.64375,1.6427,1.6430099999999999,536,17,0
2026-07-29 15:15:00,1.64298,1.64334,1.64257,1.64291,385,17,0
2026-07-29 15:30:00,1.64288,1.64307,1.64225,1.64255,402,17,0
2026-07-29 15:45:00,1.64254,1.64289,1.64221,1.64259,301,17,0
2026-07-29 16:00:00,1.64256,1.6434199999999999,1.64254,1.64337,309,17,0
2026-07-29 16:15:00,1.6434,1.64347,1.64293,1.6431,276,17,0
2026-07-29 16:30:00,1.64314,1.6438199999999998,1.64298,1.6436899999999999,259,17,0
2026-07-29 16:45:00,1.6437,1.6438199999999998,1.6430500000000001,1.64318,239,17,0
2026-07-29 17:00:00,1.64316,1.64352,1.64297,1.6430799999999999,322,17,0
2026-07-29 17:15:00,1.6430500000000001,1.64322,1.64288,1.6431900000000002,248,17,0
2026-07-29 17:30:00,1.6432099999999998,1.64359,1.6432,1.64336,256,17,0
2026-07-29 17:45:00,1.64334,1.6435499999999998,1.6431499999999999,1.64331,348,17,0
2026-07-29 18:00:00,1.64334,1.6433499999999999,1.64089,1.6423,1787,17,0
2026-07-29 18:15:00,1.64227,1.64304,1.64184,1.6425,769,17,0
2026-07-29 18:30:00,1.64246,1.6433499999999999,1.6402,1.6402999999999999,1941,17,0
2026-07-29 18:45:00,1.6402700000000001,1.64046,1.63934,1.63961,1245,17,0
2026-07-29 19:00:00,1.63959,1.64106,1.63897,1.63998,1021,17,0
2026-07-29 19:15:00,1.64001,1.64379,1.63983,1.64327,1280,17,0
2026-07-29 19:30:00,1.64324,1.6470099999999999,1.64314,1.6468099999999999,1454,17,0
2026-07-29 19:45:00,1.6467800000000001,1.64805,1.64656,1.64757,1131,17,0
2026-07-29 20:00:00,1.64756,1.64802,1.6469399999999998,1.64784,770,17,0
2026-07-29 20:15:00,1.64779,1.64899,1.64779,1.64885,526,17,0
2026-07-29 20:30:00,1.64889,1.64967,1.64881,1.6494900000000001,461,17,0
2026-07-29 20:45:00,1.64947,1.64954,1.64846,1.64846,675,15,0
2026-07-29 21:00:00,1.64847,1.64852,1.64794,1.64801,99,42,0
2026-07-29 21:15:00,1.6480299999999999,1.6482999999999999,1.6480299999999999,1.6481400000000002,288,72,0
2026-07-29 21:30:00,1.64813,1.64817,1.64781,1.64812,135,128,0
2026-07-29 21:45:00,1.64811,1.64821,1.64798,1.64813,177,114,0
2026-07-29 22:00:00,1.6482,1.64897,1.64781,1.64855,310,25,0
2026-07-29 22:15:00,1.6485699999999999,1.64863,1.6481,1.64848,128,25,0
2026-07-29 22:30:00,1.64844,1.64844,1.6481,1.64836,101,25,0
2026-07-29 22:45:00,1.64835,1.64852,1.64831,1.64846,51,25,0
2026-07-29 23:00:00,1.64848,1.64848,1.64757,1.64808,208,17,0
2026-07-29 23:15:00,1.6480700000000001,1.64817,1.64792,1.6479599999999999,122,17,0
2026-07-29 23:30:00,1.64795,1.64795,1.6476,1.64761,119,17,0
2026-07-29 23:45:00,1.64763,1.64784,1.64733,1.64777,223,17,0
2026-07-30 00:00:00,1.64775,1.64798,1.6461999999999999,1.64657,532,17,0
2026-07-30 00:15:00,1.64659,1.64748,1.64649,1.64663,549,17,0
2026-07-30 00:30:00,1.64666,1.64839,1.6465999999999998,1.64832,457,17,0
2026-07-30 00:45:00,1.64829,1.6484299999999998,1.6468699999999998,1.647,488,17,0
2026-07-30 01:00:00,1.64696,1.64733,1.64614,1.6468500000000001,556,17,0
2026-07-30 01:15:00,1.64684,1.64697,1.64589,1.64622,428,17,0
2026-07-30 01:30:00,1.64619,1.64621,1.64514,1.64544,389,17,0
2026-07-30 01:45:00,1.64543,1.64589,1.64539,1.64584,276,17,0
2026-07-30 02:00:00,1.6458300000000001,1.6458300000000001,1.6451799999999999,1.6455600000000001,258,17,0
2026-07-30 02:15:00,1.6456,1.64569,1.64487,1.64512,269,17,0
2026-07-30 02:30:00,1.64514,1.64625,1.64514,1.64619,284,17,0
2026-07-30 02:45:00,1.64616,1.64682,1.64594,1.64675,297,17,0
2026-07-30 03:00:00,1.64676,1.64715,1.64632,1.6470799999999999,298,17,0
2026-07-30 03:15:00,1.6471,1.64734,1.6467399999999999,1.6468,297,17,0
2026-07-30 03:30:00,1.6468099999999999,1.6472,1.6465800000000002,1.6468,277,17,0
2026-07-30 03:45:00,1.64679,1.64722,1.6467399999999999,1.6472,233,17,0
2026-07-30 04:00:00,1.64717,1.64738,1.64686,1.64738,227,17,0
2026-07-30 04:15:00,1.64741,1.64744,1.64696,1.64696,231,17,0
2026-07-30 04:30:00,1.64698,1.64756,1.64695,1.6474,180,17,0
2026-07-30 04:45:00,1.64737,1.64765,1.64715,1.64751,200,17,0
2026-07-30 05:00:00,1.6475300000000002,1.64804,1.6473900000000001,1.64745,324,17,0
2026-07-30 05:15:00,1.64743,1.6475,1.6471900000000002,1.64731,296,17,0
2026-07-30 05:30:00,1.6473200000000001,1.6473499999999999,1.64684,1.64699,326,17,0
2026-07-30 05:45:00,1.64696,1.64771,1.64663,1.6474199999999999,305,17,0
2026-07-30 06:00:00,1.6473900000000001,1.6476,1.64698,1.64747,367,17,0
2026-07-30 06:15:00,1.6474600000000001,1.64765,1.6465,1.64683,330,17,0
2026-07-30 06:30:00,1.6468500000000001,1.64698,1.6463999999999999,1.64683,323,17,0
2026-07-30 06:45:00,1.64686,1.6469,1.64605,1.64623,292,17,0
2026-07-30 07:00:00,1.6462599999999998,1.64629,1.64397,1.64406,665,17,0
2026-07-30 07:15:00,1.64405,1.6448399999999999,1.64401,1.64463,417,17,0
2026-07-30 07:30:00,1.64466,1.64528,1.64444,1.64444,386,17,0
2026-07-30 07:45:00,1.64445,1.6456,1.6443400000000001,1.64554,352,17,0
2026-07-30 08:00:00,1.6455199999999999,1.64592,1.64524,1.6455899999999999,458,17,0
2026-07-30 08:15:00,1.64561,1.6457000000000002,1.6449500000000001,1.6453,381,17,0
2026-07-30 08:30:00,1.64531,1.64531,1.64456,1.6452499999999999,355,17,0
2026-07-30 08:45:00,1.64527,1.6453,1.6447,1.64489,323,17,0
2026-07-30 09:00:00,1.64486,1.6452900000000001,1.64421,1.6443400000000001,387,17,0
2026-07-30 09:15:00,1.6443699999999999,1.6447,1.64429,1.6446800000000001,329,17,0
2026-07-30 09:30:00,1.64465,1.64492,1.64421,1.64431,330,17,0
2026-07-30 09:45:00,1.64428,1.6444100000000001,1.64365,1.6442,353,17,0
2026-07-30 10:00:00,1.64417,1.64424,1.64359,1.64368,399,17,0
2026-07-30 10:15:00,1.6436899999999999,1.6448,1.6436600000000001,1.64463,444,17,0
2026-07-30 10:30:00,1.64466,1.64527,1.6444,1.64519,405,17,0
2026-07-30 10:45:00,1.64516,1.64519,1.64433,1.6444800000000002,355,17,0
2026-07-30 11:00:00,1.64445,1.64492,1.64435,1.64449,369,17,0
2026-07-30 11:15:00,1.64451,1.64451,1.6435300000000002,1.64361,287,17,0
2026-07-30 11:30:00,1.6436,1.64378,1.6431900000000002,1.64363,303,17,0
2026-07-30 11:45:00,1.6436199999999999,1.64367,1.64318,1.64351,261,17,0
2026-07-30 12:00:00,1.6435499999999998,1.6439300000000001,1.64324,1.64384,369,17,0
2026-07-30 12:15:00,1.64385,1.6441400000000002,1.64374,1.64388,314,17,0
2026-07-30 12:30:00,1.64391,1.6449099999999999,1.6436899999999999,1.64447,602,17,0
2026-07-30 12:45:00,1.6444800000000002,1.64497,1.64406,1.64473,551,17,0
2026-07-30 13:00:00,1.6447,1.6448399999999999,1.6439599999999999,1.64397,512,17,0
2026-07-30 13:15:00,1.64399,1.6444299999999998,1.64398,1.6441599999999998,408,17,0
2026-07-30 13:30:00,1.64418,1.64424,1.64157,1.6419000000000001,1106,17,0
2026-07-30 13:45:00,1.64193,1.64283,1.6415600000000001,1.64189,1115,17,0
2026-07-30 14:00:00,1.64191,1.64322,1.64169,1.64249,1300,17,0
2026-07-30 14:15:00,1.64252,1.6425800000000002,1.6412499999999999,1.64252,1124,17,0
2026-07-30 14:30:00,1.64254,1.6427,1.64086,1.64116,769,17,0
2026-07-30 14:45:00,1.64117,1.64344,1.64115,1.64228,889,17,0
2026-07-30 15:00:00,1.64226,1.64229,1.64115,1.64211,792,17,0
2026-07-30 15:15:00,1.6421299999999999,1.64266,1.64192,1.64221,536,17,0
2026-07-30 15:30:00,1.64219,1.6423100000000002,1.64113,1.6412499999999999,439,17,0
2026-07-30 15:45:00,1.64127,1.64127,1.6404999999999998,1.6409099999999999,401,17,0
2026-07-30 16:00:00,1.64089,1.64092,1.64013,1.64019,454,17,0
2026-07-30 16:15:00,1.64017,1.64073,1.64012,1.6406399999999999,280,17,0
2026-07-30 16:30:00,1.64065,1.64087,1.64032,1.64071,287,17,0
2026-07-30 16:45:00,1.64073,1.64079,1.64032,1.64072,248,17,0
2026-07-30 17:00:00,1.6407,1.6407,1.64001,1.64006,236,17,0
2026-07-30 17:15:00,1.64002,1.64022,1.63959,1.64017,229,17,0
2026-07-30 17:30:00,1.64015,1.6403400000000001,1.63959,1.64026,372,17,0
2026-07-30 17:45:00,1.6402299999999999,1.64036,1.63981,1.64001,325,17,0
2026-07-30 18:00:00,1.64002,1.64025,1.6398899999999998,1.64018,220,17,0
2026-07-30 18:15:00,1.64019,1.64059,1.64017,1.6404,151,17,0
2026-07-30 18:30:00,1.64042,1.64082,1.64036,1.6407500000000002,152,17,0
2026-07-30 18:45:00,1.64073,1.64104,1.6406800000000001,1.64099,164,17,0
2026-07-30 19:00:00,1.6410200000000001,1.6410200000000001,1.6400000000000001,1.64024,248,17,0
2026-07-30 19:15:00,1.6402299999999999,1.6404,1.64005,1.64015,146,17,0
2026-07-30 19:30:00,1.6401599999999998,1.64028,1.63983,1.63983,144,17,0
2026-07-30 19:45:00,1.63984,1.64025,1.63978,1.6398899999999998,206,17,0
2026-07-30 20:00:00,1.63991,1.63994,1.6395300000000002,1.63971,201,17,0
2026-07-30 20:15:00,1.6397300000000001,1.63988,1.6396,1.63975,127,17,0
2026-07-30 20:30:00,1.6397300000000001,1.63994,1.63959,1.6398000000000001,138,17,0
2026-07-30 20:45:00,1.63983,1.64019,1.63975,1.63985,141,16,0
2026-07-30 21:00:00,1.63986,1.6398700000000002,1.6393,1.6393,52,26,0
2026-07-30 21:15:00,1.63927,1.63927,1.6389,1.63904,123,232,0
2026-07-30 21:30:00,1.63903,1.63924,1.63896,1.6392099999999998,53,278,0
2026-07-30 21:45:00,1.6392099999999998,1.63959,1.6392,1.63959,64,183,0
2026-07-30 22:00:00,1.63954,1.64024,1.63954,1.6401,180,25,0
2026-07-30 22:15:00,1.64008,1.6402299999999999,1.6400299999999999,1.6401,75,25,0
2026-07-30 22:30:00,1.64008,1.6401400000000002,1.6397300000000001,1.6401,113,25,0
2026-07-30 22:45:00,1.64009,1.64026,1.64004,1.64013,85,25,0
2026-07-30 23:00:00,1.64018,1.64051,1.63957,1.64024,197,17,0
2026-07-30 23:15:00,1.64022,1.6404800000000002,1.64008,1.64026,170,17,0
2026-07-30 23:30:00,1.64025,1.6404999999999998,1.64021,1.6404100000000001,176,17,0
2026-07-30 23:45:00,1.64039,1.6407,1.63992,1.64033,199,17,0
2026-07-31 00:00:00,1.6402999999999999,1.64072,1.63961,1.63971,489,17,0
2026-07-31 00:15:00,1.6397300000000001,1.63975,1.63925,1.6393,325,17,0
2026-07-31 00:30:00,1.6392799999999998,1.6392799999999998,1.6379000000000001,1.63802,328,17,0
2026-07-31 00:45:00,1.63805,1.6389200000000002,1.63805,1.6383999999999999,451,17,0
2026-07-31 01:00:00,1.63837,1.6385399999999999,1.63794,1.63832,428,17,0
2026-07-31 01:15:00,1.6383,1.6393499999999999,1.63829,1.6392799999999998,320,17,0
2026-07-31 01:30:00,1.6392600000000002,1.6398000000000001,1.63902,1.63909,325,17,0
2026-07-31 01:45:00,1.6390799999999999,1.6392799999999998,1.63859,1.63859,311,17,0
2026-07-31 02:00:00,1.63861,1.63974,1.63861,1.63972,322,17,0
2026-07-31 02:15:00,1.6397,1.64006,1.63922,1.63922,238,17,0
2026-07-31 02:30:00,1.63925,1.63937,1.63864,1.63864,199,17,0
2026-07-31 02:45:00,1.63866,1.6392099999999998,1.63859,1.63873,276,17,0
2026-07-31 03:00:00,1.6387399999999999,1.6395499999999998,1.63871,1.63951,309,17,0
2026-07-31 03:15:00,1.63949,1.63965,1.63864,1.63864,205,17,0
2026-07-31 03:30:00,1.63861,1.6387,1.63791,1.63818,229,17,0
2026-07-31 03:45:00,1.63816,1.63886,1.63809,1.63879,223,17,0
2026-07-31 04:00:00,1.6388,1.6388099999999999,1.63821,1.63845,233,17,0
2026-07-31 04:15:00,1.63843,1.63845,1.6375899999999999,1.63776,182,17,0
2026-07-31 04:30:00,1.63774,1.63802,1.63721,1.63721,206,17,0
2026-07-31 04:45:00,1.6371799999999999,1.63765,1.63705,1.6376300000000001,198,17,0
2026-07-31 05:00:00,1.63768,1.6377199999999998,1.63699,1.637,196,17,0
2026-07-31 05:15:00,1.63701,1.63706,1.63666,1.63689,169,17,0
2026-07-31 05:30:00,1.6369099999999999,1.63734,1.6368,1.63692,215,17,0
2026-07-31 05:45:00,1.6369500000000001,1.6374300000000002,1.63678,1.63679,256,17,0
2026-07-31 06:00:00,1.6368200000000002,1.63751,1.63676,1.63742,335,17,0
2026-07-31 06:15:00,1.63741,1.63776,1.63687,1.63689,339,17,0
2026-07-31 06:30:00,1.63692,1.63734,1.63683,1.63733,451,17,0
2026-07-31 06:45:00,1.6373,1.6378,1.63723,1.63753,395,17,0
2026-07-31 07:00:00,1.63755,1.63801,1.6374900000000001,1.63774,364,17,0
2026-07-31 07:15:00,1.63773,1.63792,1.63707,1.6372200000000001,336,17,0
2026-07-31 07:30:00,1.63724,1.63774,1.63724,1.63765,322,17,0
2026-07-31 07:45:00,1.63762,1.63775,1.63701,1.6377000000000002,399,17,0
2026-07-31 08:00:00,1.63773,1.63805,1.63741,1.63795,374,17,0
2026-07-31 08:15:00,1.63794,1.63795,1.63679,1.63679,392,17,0
2026-07-31 08:30:00,1.6368,1.6370200000000001,1.63628,1.63651,303,17,0
2026-07-31 08:45:00,1.63654,1.63716,1.63612,1.63622,536,17,0
2026-07-31 09:00:00,1.63619,1.63646,1.63588,1.63611,736,17,0
2026-07-31 09:15:00,1.63613,1.63659,1.63591,1.6362100000000002,387,17,0
2026-07-31 09:30:00,1.63619,1.63689,1.63609,1.63654,411,17,0
2026-07-31 09:45:00,1.63652,1.6365699999999999,1.63548,1.6356199999999999,307,17,0
2026-07-31 10:00:00,1.63561,1.63611,1.6354199999999999,1.63581,250,17,0
2026-07-31 10:15:00,1.6358000000000001,1.6360999999999999,1.63558,1.63575,264,17,0
2026-07-31 10:30:00,1.63578,1.63582,1.6354899999999999,1.6356899999999999,236,17,0
2026-07-31 10:45:00,1.63567,1.63617,1.63564,1.63595,199,17,0
2026-07-31 11:00:00,1.63593,1.63602,1.6354199999999999,1.63578,254,17,0
2026-07-31 11:15:00,1.63579,1.63606,1.6353900000000001,1.63574,324,17,0
2026-07-31 11:30:00,1.63572,1.63647,1.63572,1.63633,319,17,0
2026-07-31 11:45:00,1.6363400000000001,1.6366,1.63619,1.63632,298,17,0
2026-07-31 12:00:00,1.63629,1.63685,1.6361599999999998,1.63681,290,17,0
2026-07-31 12:15:00,1.6368,1.63728,1.6368,1.63705,267,17,0
2026-07-31 12:30:00,1.63708,1.63855,1.6370200000000001,1.63826,379,17,0
2026-07-31 12:45:00,1.6382400000000001,1.63846,1.63801,1.6383299999999998,326,17,0
2026-07-31 13:00:00,1.63832,1.63861,1.63795,1.6379700000000001,403,17,0
2026-07-31 13:15:00,1.6379899999999998,1.63827,1.6373600000000001,1.6373799999999998,608,17,0
2026-07-31 13:30:00,1.6374,1.63798,1.63396,1.6358899999999998,1502,17,0
2026-07-31 13:45:00,1.63585,1.63764,1.63567,1.63751,1012,17,0
2026-07-31 14:00:00,1.63747,1.6402700000000001,1.63703,1.64004,1162,17,0
2026-07-31 14:15:00,1.64006,1.64017,1.63859,1.63918,880,17,0
2026-07-31 14:30:00,1.63916,1.63931,1.638,1.638,615,17,0
2026-07-31 14:45:00,1.63802,1.63834,1.63733,1.63811,1036,17,0
2026-07-31 15:00:00,1.63814,1.63839,1.63754,1.63781,788,17,0
2026-07-31 15:15:00,1.63784,1.6391900000000001,1.6375,1.6389200000000002,522,17,0
2026-07-31 15:30:00,1.63895,1.63899,1.6381299999999999,1.63873,532,17,0
2026-07-31 15:45:00,1.63872,1.63986,1.63871,1.6398000000000001,449,17,0
2026-07-31 16:00:00,1.63981,1.63981,1.63914,1.6392099999999998,338,17,0
2026-07-31 16:15:00,1.63918,1.63949,1.63864,1.6387,326,17,0
2026-07-31 16:30:00,1.63872,1.6388,1.6385399999999999,1.63879,251,17,0
2026-07-31 16:45:00,1.6388099999999999,1.63934,1.6387800000000001,1.63931,259,17,0
2026-07-31 17:00:00,1.63934,1.6393499999999999,1.63879,1.63897,254,17,0
2026-07-31 17:15:00,1.63896,1.6391499999999999,1.63842,1.6385100000000001,290,17,0
2026-07-31 17:30:00,1.63852,1.63938,1.63848,1.6393,385,17,0
2026-07-31 17:45:00,1.63932,1.6395300000000002,1.6390500000000001,1.63943,411,17,0
2026-07-31 18:00:00,1.6394199999999999,1.63954,1.63903,1.63907,330,17,0
2026-07-31 18:15:00,1.6390500000000001,1.6390500000000001,1.63877,1.6388,219,17,0
2026-07-31 18:30:00,1.63883,1.63887,1.6385999999999998,1.63864,189,17,0
2026-07-31 18:45:00,1.63863,1.63868,1.63834,1.6385399999999999,193,17,0
2026-07-31 19:00:00,1.63857,1.6389,1.6383999999999999,1.63845,182,17,0
2026-07-31 19:15:00,1.6384400000000001,1.6385,1.63805,1.63809,144,17,0
2026-07-31 19:30:00,1.63811,1.63823,1.63789,1.63803,173,17,0
2026-07-31 19:45:00,1.6380599999999998,1.63895,1.63788,1.63891,326,17,0
2026-07-31 20:00:00,1.6389399999999998,1.63899,1.63823,1.63866,422,17,0
2026-07-31 20:15:00,1.6386699999999998,1.6392099999999998,1.63852,1.6390500000000001,518,17,0
2026-07-31 20:30:00,1.6390799999999999,1.63922,1.6385100000000001,1.6391499999999999,572,17,0
2026-07-31 20:45:00,1.63916,1.64096,1.63872,1.64078,969,17,0
2026-08-02 21:00:00,1.63853,1.63859,1.6359,1.6371799999999999,58,132,0
2026-08-02 21:15:00,1.63701,1.63863,1.63701,1.6381999999999999,208,134,0
2026-08-02 21:30:00,1.63822,1.63855,1.6362299999999999,1.63782,236,149,0
2026-08-02 21:45:00,1.6375899999999999,1.63816,1.63629,1.63717,269,251,0
2026-08-02 22:00:00,1.63937,1.6404999999999998,1.63911,1.6395300000000002,498,17,0
2026-08-02 22:15:00,1.63947,1.64008,1.63837,1.6390099999999999,393,17,0
2026-08-02 22:30:00,1.63902,1.63904,1.63827,1.63876,308,17,0
2026-08-02 22:45:00,1.63871,1.63903,1.6385800000000001,1.63895,199,17,0
2026-08-02 23:00:00,1.63898,1.63914,1.6387800000000001,1.63898,265,17,0
2026-08-02 23:15:00,1.63896,1.63917,1.63864,1.6386500000000002,196,17,0
2026-08-02 23:30:00,1.6386699999999998,1.63903,1.63856,1.6387,184,17,0
2026-08-02 23:45:00,1.63873,1.63902,1.63812,1.63839,254,17,0
2026-08-03 00:00:00,1.63837,1.63846,1.63791,1.63822,425,17,0
2026-08-03 00:15:00,1.63821,1.6393,1.6379000000000001,1.6392600000000002,411,17,0
2026-08-03 00:30:00,1.63927,1.6393499999999999,1.6385800000000001,1.63898,663,17,0
2026-08-03 00:45:00,1.6390099999999999,1.63977,1.6389,1.639,669,17,0
2026-08-03 01:00:00,1.63903,1.63983,1.63896,1.63968,549,17,0
2026-08-03 01:15:00,1.6396600000000001,1.63983,1.63923,1.6394,332,17,0
2026-08-03 01:30:00,1.63937,1.6397599999999999,1.63909,1.63924,318,17,0
2026-08-03 01:45:00,1.6392600000000002,1.63967,1.6391200000000001,1.6394600000000001,281,17,0
2026-08-03 02:00:00,1.63948,1.6401400000000002,1.6394199999999999,1.64011,274,17,0
2026-08-03 02:15:00,1.6401,1.64079,1.63991,1.6407500000000002,207,17,0
2026-08-03 02:30:00,1.64072,1.6408,1.6398700000000002,1.64004,262,17,0
2026-08-03 02:45:00,1.6400299999999999,1.64019,1.6398000000000001,1.63997,176,17,0
2026-08-03 03:00:00,1.63994,1.64011,1.63974,1.64002,186,17,0
2026-08-03 03:15:00,1.6400299999999999,1.6401400000000002,1.6399,1.6399,168,17,0
2026-08-03 03:30:00,1.63988,1.6402299999999999,1.63959,1.63978,203,17,0
2026-08-03 03:45:00,1.63977,1.64032,1.63958,1.64024,184,17,0
2026-08-03 04:00:00,1.6402299999999999,1.6403400000000001,1.6398899999999998,1.63998,162,17,0
2026-08-03 04:15:00,1.6400000000000001,1.64035,1.6400000000000001,1.64035,115,17,0
2026-08-03 04:30:00,1.64032,1.6404800000000002,1.6401599999999998,1.64029,124,17,0
2026-08-03 04:45:00,1.64031,1.64046,1.6400299999999999,1.64046,116,17,0
2026-08-03 05:00:00,1.6404800000000002,1.6404999999999998,1.63997,1.64019,164,17,0
2026-08-03 05:15:00,1.64021,1.64042,1.6400000000000001,1.64005,129,17,0
2026-08-03 05:30:00,1.6400700000000001,1.64032,1.64004,1.6400700000000001,137,17,0
2026-08-03 05:45:00,1.64008,1.6402,1.63959,1.63968,149,17,0
2026-08-03 06:00:00,1.63965,1.6398000000000001,1.6392,1.6392,214,17,0
2026-08-03 06:15:00,1.63918,1.63968,1.6390500000000001,1.63961,240,17,0
2026-08-03 06:30:00,1.6396,1.63963,1.6392099999999998,1.6396199999999999,289,17,0
2026-08-03 06:45:00,1.6396,1.64043,1.6396,1.6402700000000001,293,17,0
2026-08-03 07:00:00,1.64025,1.64069,1.63985,1.64069,395,17,0
2026-08-03 07:15:00,1.6407,1.64154,1.64063,1.64127,543,17,0
2026-08-03 07:30:00,1.6412900000000001,1.6421700000000001,1.64127,1.64214,401,17,0
2026-08-03 07:45:00,1.64216,1.64263,1.6420400000000002,1.6423999999999999,344,17,0
2026-08-03 08:00:00,1.64242,1.64283,1.64239,1.64276,289,17,0
2026-08-03 08:15:00,1.64279,1.64334,1.64262,1.6432799999999999,299,17,0
2026-08-03 08:30:00,1.6432600000000002,1.64352,1.64307,1.64352,250,17,0
2026-08-03 08:45:00,1.6435300000000002,1.64402,1.6435,1.64383,269,17,0
2026-08-03 09:00:00,1.6438000000000001,1.64431,1.64368,1.64425,288,17,0
2026-08-03 09:15:00,1.6442299999999999,1.6444999999999999,1.6438199999999998,1.6444999999999999,266,17,0
2026-08-03 09:30:00,1.64447,1.64517,1.64428,1.64506,274,17,0
2026-08-03 09:45:00,1.64508,1.64519,1.6447699999999998,1.64505,261,17,0
2026-08-03 10:00:00,1.64508,1.6454499999999999,1.64497,1.6452900000000001,267,17,0
2026-08-03 10:15:00,1.64531,1.64601,1.6450900000000002,1.64592,340,17,0
2026-08-03 10:30:00,1.64594,1.64595,1.64546,1.64582,211,17,0
2026-08-03 10:45:00,1.64584,1.64616,1.64577,1.6458599999999999,241,17,0
2026-08-03 11:00:00,1.6458300000000001,1.64653,1.6458300000000001,1.64611,245,17,0
2026-08-03 11:15:00,1.64612,1.64628,1.6458,1.64598,228,17,0
2026-08-03 11:30:00,1.64596,1.64616,1.6451500000000001,1.64521,216,17,0
2026-08-03 11:45:00,1.64523,1.64561,1.64514,1.64546,240,17,0
2026-08-03 12:00:00,1.64543,1.64634,1.64534,1.64621,338,17,0
2026-08-03 12:15:00,1.64618,1.6465999999999998,1.64612,1.64652,259,17,0
2026-08-03 12:30:00,1.6465,1.64714,1.6464400000000001,1.6468,312,17,0
2026-08-03 12:45:00,1.6467800000000001,1.64716,1.64656,1.64715,286,17,0
2026-08-03 13:00:00,1.6471200000000001,1.6480700000000001,1.6470799999999999,1.64804,369,17,0
2026-08-03 13:15:00,1.64801,1.64849,1.6478199999999998,1.64844,425,17,0
2026-08-03 13:30:00,1.64846,1.6493600000000002,1.6482999999999999,1.64896,632,17,0
2026-08-03 13:45:00,1.6489500000000001,1.65036,1.64855,1.64873,614,17,0
2026-08-03 14:00:00,1.6487699999999998,1.6488399999999999,1.64699,1.6470799999999999,628,17,0
2026-08-03 14:15:00,1.64709,1.6473200000000001,1.64672,1.64673,426,17,0
2026-08-03 14:30:00,1.6467100000000001,1.6467100000000001,1.64603,1.64612,398,17,0
2026-08-03 14:45:00,1.6461000000000001,1.64618,1.64497,1.64508,500,17,0
2026-08-03 15:00:00,1.6451,1.6451099999999999,1.64412,1.64412,466,17,0
2026-08-03 15:15:00,1.64409,1.64449,1.64379,1.6443699999999999,327,17,0
2026-08-03 15:30:00,1.64439,1.64446,1.64341,1.64398,409,17,0
2026-08-03 15:45:00,1.64401,1.64421,1.64365,1.64421,260,17,0
2026-08-03 16:00:00,1.64424,1.64444,1.6440000000000001,1.64406,237,17,0
2026-08-03 16:15:00,1.6440700000000001,1.64408,1.64374,1.6439300000000001,209,17,0
2026-08-03 16:30:00,1.6439,1.64428,1.64386,1.64412,183,17,0
2026-08-03 16:45:00,1.64413,1.64459,1.64405,1.64442,184,17,0
2026-08-03 17:00:00,1.64445,1.6449099999999999,1.64444,1.64467,161,17,0
2026-08-03 17:15:00,1.64465,1.64489,1.64452,1.64478,140,17,0
2026-08-03 17:30:00,1.6447699999999998,1.64492,1.64473,1.64486,142,17,0
2026-08-03 17:45:00,1.64485,1.6450399999999998,1.6447699999999998,1.64482,139,17,0
2026-08-03 18:00:00,1.64483,1.64505,1.64478,1.645,148,17,0
2026-08-03 18:15:00,1.64499,1.6452,1.64494,1.6450399999999998,128,17,0
2026-08-03 18:30:00,1.64501,1.64526,1.6449799999999999,1.6450200000000001,141,17,0
2026-08-03 18:45:00,1.64503,1.64517,1.6448800000000001,1.6449099999999999,193,17,0
2026-08-03 19:00:00,1.6448800000000001,1.6449099999999999,1.64453,1.64482,164,17,0
2026-08-03 19:15:00,1.64483,1.6449500000000001,1.64472,1.64479,111,17,0
2026-08-03 19:30:00,1.6448,1.6448,1.6445400000000001,1.6446399999999999,107,17,0
2026-08-03 19:45:00,1.64462,1.64462,1.6442,1.64433,112,17,0
2026-08-03 20:00:00,1.64431,1.6444,1.64401,1.64418,131,17,0
2026-08-03 20:15:00,1.6441599999999998,1.64424,1.6441,1.64424,92,17,0
2026-08-03 20:30:00,1.6442700000000001,1.64429,1.64405,1.64412,75,17,0
2026-08-03 20:45:00,1.64411,1.64411,1.64375,1.6437599999999999,256,17,0
2026-08-03 21:00:00,1.6437300000000001,1.6438000000000001,1.64357,1.6438000000000001,171,26,0
2026-08-03 21:15:00,1.64374,1.64375,1.6434199999999999,1.6435499999999998,219,32,0
2026-08-03 21:30:00,1.64354,1.6435499999999998,1.64324,1.64343,145,118,0
2026-08-03 21:45:00,1.64345,1.64363,1.64343,1.64358,114,122,0
2026-08-03 22:00:00,1.64363,1.6444100000000001,1.64363,1.64433,141,25,0
2026-08-03 22:15:00,1.6443400000000001,1.64444,1.64412,1.64422,73,25,0
2026-08-03 22:30:00,1.64421,1.64426,1.64402,1.64402,61,25,0
2026-08-03 22:45:00,1.64401,1.6441599999999998,1.64401,1.64411,46,25,0
2026-08-03 23:00:00,1.6441599999999998,1.64444,1.6441599999999998,1.6444299999999998,53,17,0
2026-08-03 23:15:00,1.6444100000000001,1.64455,1.64431,1.64455,46,17,0
2026-08-03 23:30:00,1.64456,1.64472,1.64445,1.6446399999999999,74,17,0
2026-08-03 23:45:00,1.64463,1.64465,1.64412,1.6444,166,17,0
2026-08-04 00:00:00,1.64444,1.64462,1.64357,1.64392,314,17,0
2026-08-04 00:15:00,1.6438899999999999,1.64398,1.6436,1.64374,193,17,0
2026-08-04 00:30:00,1.64372,1.64375,1.64313,1.64316,218,17,0
2026-08-04 00:45:00,1.6431499999999999,1.64367,1.64311,1.6435499999999998,352,17,0
2026-08-04 01:00:00,1.64357,1.64394,1.64337,1.64358,303,17,0
2026-08-04 01:15:00,1.64356,1.6440700000000001,1.64348,1.64405,258,17,0
2026-08-04 01:30:00,1.6440299999999999,1.64409,1.64248,1.64256,400,17,0
2026-08-04 01:45:00,1.64257,1.64261,1.64126,1.6413799999999998,381,17,0
2026-08-04 02:00:00,1.6413600000000002,1.64189,1.6406,1.64069,402,17,0
2026-08-04 02:15:00,1.64067,1.64099,1.64052,1.64072,307,17,0
2026-08-04 02:30:00,1.64074,1.6407699999999998,1.6401400000000002,1.64026,286,17,0
2026-08-04 02:45:00,1.64028,1.6406,1.6402299999999999,1.64039,212,17,0
2026-08-04 03:00:00,1.64042,1.6404999999999998,1.63992,1.64031,220,17,0
2026-08-04 03:15:00,1.64029,1.6404100000000001,1.6392799999999998,1.6393499999999999,248,17,0
2026-08-04 03:30:00,1.63931,1.63977,1.6392,1.63965,236,17,0
2026-08-04 03:45:00,1.63963,1.6397599999999999,1.63931,1.6395499999999998,174,17,0
2026-08-04 04:00:00,1.6395300000000002,1.6397300000000001,1.6393,1.6395,149,17,0
2026-08-04 04:15:00,1.63952,1.63952,1.6392600000000002,1.6394199999999999,127,17,0
2026-08-04 04:30:00,1.6394,1.63998,1.63931,1.63998,120,17,0
2026-08-04 04:45:00,1.63999,1.63999,1.6396199999999999,1.6397599999999999,109,17,0
2026-08-04 05:00:00,1.63974,1.63998,1.6393499999999999,1.63951,185,17,0
2026-08-04 05:15:00,1.63952,1.63988,1.6393900000000001,1.63959,201,17,0
2026-08-04 05:30:00,1.63957,1.63994,1.63923,1.6398000000000001,226,17,0
2026-08-04 05:45:00,1.63981,1.6400299999999999,1.63931,1.63947,377,17,0
2026-08-04 06:00:00,1.63944,1.64013,1.6389,1.6399599999999999,403,17,0
2026-08-04 06:15:00,1.63997,1.6401400000000002,1.63918,1.63929,263,17,0
2026-08-04 06:30:00,1.6393,1.64025,1.63924,1.64015,236,17,0
2026-08-04 06:45:00,1.64012,1.64086,1.64012,1.6404999999999998,265,17,0
2026-08-04 07:00:00,1.6404800000000002,1.6404800000000002,1.6394,1.6395,367,17,0
2026-08-04 07:15:00,1.63949,1.64011,1.63943,1.6399599999999999,288,17,0
2026-08-04 07:30:00,1.63997,1.64026,1.6398700000000002,1.6400700000000001,231,17,0
2026-08-04 07:45:00,1.64008,1.64028,1.63965,1.64018,223,17,0
2026-08-04 08:00:00,1.64019,1.64019,1.6393900000000001,1.63948,282,17,0
2026-08-04 08:15:00,1.63945,1.63947,1.63896,1.6391,232,17,0
2026-08-04 08:30:00,1.63907,1.63909,1.63842,1.6384699999999999,242,17,0
2026-08-04 08:45:00,1.63845,1.63879,1.63845,1.6385800000000001,212,17,0
2026-08-04 09:00:00,1.63857,1.63879,1.63834,1.6384699999999999,207,17,0
2026-08-04 09:15:00,1.63845,1.6388099999999999,1.6380400000000002,1.6380400000000002,205,17,0
2026-08-04 09:30:00,1.63802,1.6383,1.63781,1.63789,203,17,0
2026-08-04 09:45:00,1.63788,1.63795,1.6375899999999999,1.63761,169,17,0
2026-08-04 10:00:00,1.6375899999999999,1.63774,1.63739,1.63744,214,17,0
2026-08-04 10:15:00,1.6374499999999999,1.63771,1.6373600000000001,1.63757,165,17,0
2026-08-04 10:30:00,1.63755,1.63777,1.6372900000000001,1.63744,214,17,0
2026-08-04 10:45:00,1.63746,1.63747,1.63696,1.6374,385,17,0
2026-08-04 11:00:00,1.6373799999999998,1.6375600000000001,1.63726,1.6375,216,17,0
2026-08-04 11:15:00,1.63747,1.6377199999999998,1.6371,1.63727,218,17,0
2026-08-04 11:30:00,1.6372499999999999,1.63769,1.6368800000000001,1.63742,409,17,0
2026-08-04 11:45:00,1.6374499999999999,1.63778,1.63726,1.6375199999999999,407,17,0
2026-08-04 12:00:00,1.63754,1.63801,1.63739,1.63776,306,17,0
2026-08-04 12:15:00,1.63775,1.63803,1.63762,1.6379299999999999,172,17,0
2026-08-04 12:30:00,1.63796,1.63798,1.6374300000000002,1.6377199999999998,246,17,0
2026-08-04 12:45:00,1.63771,1.63776,1.63694,1.63708,239,17,0
2026-08-04 13:00:00,1.6371,1.63737,1.6368200000000002,1.63685,284,17,0
2026-08-04 13:15:00,1.63686,1.6372,1.6361599999999998,1.63719,490,17,0
2026-08-04 13:30:00,1.63716,1.6380599999999998,1.63704,1.638,469,17,0
2026-08-04 13:45:00,1.63798,1.63803,1.63761,1.6377199999999998,318,17,0
2026-08-04 14:00:00,1.63775,1.63791,1.63735,1.63748,402,17,0
2026-08-04 14:15:00,1.6374499999999999,1.6378,1.63716,1.6372,355,17,0
2026-08-04 14:30:00,1.63717,1.63769,1.63696,1.6373600000000001,357,17,0
2026-08-04 14:45:00,1.63733,1.63744,1.63687,1.6371099999999998,445,17,0
2026-08-04 15:00:00,1.6370900000000002,1.63757,1.6370900000000002,1.63747,309,17,0
2026-08-04 15:15:00,1.6374499999999999,1.63771,1.63724,1.63742,240,17,0
2026-08-04 15:30:00,1.6374499999999999,1.63789,1.6373600000000001,1.63766,354,17,0
2026-08-04 15:45:00,1.63768,1.6379000000000001,1.63764,1.63787,224,17,0
2026-08-04 16:00:00,1.63789,1.6379000000000001,1.63728,1.63728,185,17,0
2026-08-04 16:15:00,1.63727,1.63735,1.6367099999999999,1.63676,180,17,0
2026-08-04 16:30:00,1.6367500000000001,1.63685,1.6364999999999998,1.63652,127,17,0
2026-08-04 16:45:00,1.6364999999999998,1.63667,1.6362100000000002,1.63652,161,17,0
2026-08-04 17:00:00,1.63654,1.63673,1.63646,1.63658,154,17,0
2026-08-04 17:15:00,1.63655,1.6366,1.63638,1.63653,125,17,0
2026-08-04 17:30:00,1.63651,1.6367,1.63649,1.6367,126,17,0
2026-08-04 17:45:00,1.63673,1.63699,1.63663,1.63696,150,17,0
2026-08-04 18:00:00,1.6369500000000001,1.63716,1.6368,1.6368,187,17,0
2026-08-04 18:15:00,1.63681,1.6371099999999998,1.63681,1.6370200000000001,125,17,0
2026-08-04 18:30:00,1.637,1.6372,1.637,1.63719,100,17,0
2026-08-04 18:45:00,1.63716,1.63717,1.63662,1.63681,199,17,0
2026-08-04 19:00:00,1.63678,1.63683,1.63646,1.63647,166,17,0
2026-08-04 19:15:00,1.63649,1.63658,1.63595,1.6362299999999999,143,17,0
2026-08-04 19:30:00,1.6362100000000002,1.6362700000000001,1.63597,1.63609,122,17,0
2026-08-04 19:45:00,1.63605,1.6364100000000001,1.63594,1.6363699999999999,137,17,0
2026-08-04 20:00:00,1.63635,1.6364100000000001,1.63611,1.6361400000000001,117,17,0
2026-08-04 20:15:00,1.63618,1.6366100000000001,1.63618,1.63651,124,17,0
2026-08-04 20:30:00,1.63653,1.63659,1.63644,1.63647,72,17,0
2026-08-04 20:45:00,1.63644,1.63665,1.63629,1.63649,101,15,0
2026-08-04 21:00:00,1.63651,1.63652,1.6360700000000001,1.63612,223,24,0
2026-08-04 21:15:00,1.63612,1.6364,1.63611,1.63639,305,80,0
2026-08-04 21:30:00,1.63642,1.63645,1.6362999999999999,1.63636,135,80,0
2026-08-04 21:45:00,1.6363699999999999,1.63642,1.6362100000000002,1.63632,145,100,0
2026-08-04 22:00:00,1.63632,1.63655,1.63604,1.63636,132,25,0
2026-08-04 22:15:00,1.6363400000000001,1.6363400000000001,1.63605,1.63615,63,25,0
2026-08-04 22:30:00,1.63613,1.63624,1.63599,1.6361400000000001,61,25,0
2026-08-04 22:45:00,1.63612,1.63638,1.63586,1.6358899999999998,109,25,0
2026-08-04 23:00:00,1.63592,1.63645,1.63592,1.6360299999999999,162,17,0
2026-08-04 23:15:00,1.63601,1.63606,1.63578,1.6358700000000002,83,17,0
2026-08-04 23:30:00,1.6359,1.6362100000000002,1.6358899999999998,1.63608,94,17,0
2026-08-04 23:45:00,1.6360700000000001,1.63645,1.63604,1.63645,117,17,0
2026-08-05 00:00:00,1.63647,1.6368,1.6362999999999999,1.63649,270,17,0
2026-08-05 00:15:00,1.63647,1.63651,1.63532,1.63538,281,17,0
2026-08-05 00:30:00,1.63541,1.63654,1.63541,1.63652,236,17,0
2026-08-05 00:45:00,1.63654,1.63716,1.63649,1.6371,316,17,0
2026-08-05 01:00:00,1.63708,1.63747,1.6364100000000001,1.63673,317,17,0
2026-08-05 01:15:00,1.6367500000000001,1.63731,1.63662,1.6369500000000001,302,17,0
2026-08-05 01:30:00,1.6369799999999999,1.63724,1.63673,1.6368800000000001,297,17,0
2026-08-05 01:45:00,1.63686,1.63699,1.63647,1.63649,247,17,0
2026-08-05 02:00:00,1.63647,1.63735,1.63611,1.63735,390,17,0
2026-08-05 02:15:00,1.63734,1.6377899999999999,1.63731,1.63741,262,17,0
2026-08-05 02:30:00,1.6374,1.6374300000000002,1.6366800000000001,1.6367099999999999,367,17,0
2026-08-05 02:45:00,1.63673,1.63683,1.6364800000000002,1.6367,220,17,0
2026-08-05 03:00:00,1.6367099999999999,1.63685,1.6362100000000002,1.63625,213,17,0
2026-08-05 03:15:00,1.63626,1.6367699999999998,1.63625,1.63667,192,17,0
2026-08-05 03:30:00,1.63665,1.63667,1.63617,1.63632,183,17,0
2026-08-05 03:45:00,1.63631,1.6367,1.6362100000000002,1.63667,215,17,0
2026-08-05 04:00:00,1.6366800000000001,1.6366800000000001,1.6357300000000001,1.6357300000000001,205,17,0
2026-08-05 04:15:00,1.63572,1.63586,1.6354,1.63574,221,17,0
2026-08-05 04:30:00,1.63572,1.63644,1.63563,1.6364100000000001,230,17,0
2026-08-05 04:45:00,1.63642,1.63667,1.6360700000000001,1.6366100000000001,220,17,0
2026-08-05 05:00:00,1.63663,1.6368399999999999,1.63645,1.63676,186,17,0
2026-08-05 05:15:00,1.63673,1.63703,1.63663,1.63703,145,17,0
2026-08-05 05:30:00,1.637,1.63704,1.63672,1.63672,189,17,0
2026-08-05 05:45:00,1.6367099999999999,1.63705,1.63663,1.63663,225,17,0
2026-08-05 06:00:00,1.63667,1.6368200000000002,1.6362299999999999,1.6362999999999999,267,17,0
2026-08-05 06:15:00,1.63631,1.6375199999999999,1.63626,1.6374900000000001,328,17,0
2026-08-05 06:30:00,1.63746,1.63778,1.63704,1.63774,317,17,0
2026-08-05 06:45:00,1.63771,1.63798,1.63758,1.63766,228,17,0
2026-08-05 07:00:00,1.63764,1.6378599999999999,1.63741,1.6378,406,17,0
2026-08-05 07:15:00,1.63782,1.6383299999999998,1.63782,1.6380400000000002,336,17,0
2026-08-05 07:30:00,1.63803,1.63837,1.63776,1.6378599999999999,227,17,0
2026-08-05 07:45:00,1.63788,1.63788,1.63713,1.63719,295,17,0
2026-08-05 08:00:00,1.63716,1.63769,1.63712,1.63764,264,17,0
2026-08-05 08:15:00,1.63765,1.638,1.63748,1.6379299999999999,269,17,0
2026-08-05 08:30:00,1.63794,1.63814,1.63733,1.6374,295,17,0
2026-08-05 08:45:00,1.63741,1.63782,1.63733,1.63778,280,17,0
2026-08-05 09:00:00,1.6378,1.63781,1.6374,1.63778,243,17,0
2026-08-05 09:15:00,1.6378,1.63827,1.63776,1.63818,234,17,0
2026-08-05 09:30:00,1.63815,1.6383999999999999,1.63774,1.63775,246,17,0
2026-08-05 09:45:00,1.63774,1.6378,1.6375,1.63764,178,17,0
2026-08-05 10:00:00,1.63765,1.638,1.63754,1.6378,172,17,0
2026-08-05 10:15:00,1.63778,1.6382400000000001,1.63773,1.6382400000000001,207,17,0
2026-08-05 10:30:00,1.63822,1.63857,1.63822,1.63846,185,17,0
2026-08-05 10:45:00,1.6384400000000001,1.63861,1.6383299999999998,1.6385,185,17,0
2026-08-05 11:00:00,1.63849,1.6386699999999998,1.6382400000000001,1.6386500000000002,220,17,0
2026-08-05 11:15:00,1.63862,1.63896,1.6385800000000001,1.6388,232,17,0
2026-08-05 11:30:00,1.63883,1.6391900000000001,1.6384699999999999,1.63868,319,17,0
2026-08-05 11:45:00,1.6386500000000002,1.63877,1.63818,1.6387399999999999,281,17,0
2026-08-05 12:00:00,1.63872,1.63876,1.63825,1.63845,284,17,0
2026-08-05 12:15:00,1.63846,1.63862,1.63821,1.6384400000000001,313,17,0
2026-08-05 12:30:00,1.6384699999999999,1.63856,1.6378300000000001,1.63802,298,17,0
2026-08-05 12:45:00,1.6379899999999998,1.6383,1.63776,1.6381299999999999,314,17,0
2026-08-05 13:00:00,1.63811,1.63835,1.63767,1.63795,378,17,0
2026-08-05 13:15:00,1.63796,1.63871,1.63792,1.63848,273,17,0
2026-08-05 13:30:00,1.63849,1.63884,1.6374499999999999,1.63747,565,17,0
2026-08-05 13:45:00,1.63746,1.6376,1.63629,1.6365699999999999,488,17,0
2026-08-05 14:00:00,1.63658,1.6369099999999999,1.63558,1.6362299999999999,642,17,0
2026-08-05 14:15:00,1.63622,1.6364800000000002,1.63593,1.63602,438,17,0
2026-08-05 14:30:00,1.63599,1.6360999999999999,1.63574,1.63598,371,17,0
2026-08-05 14:45:00,1.63599,1.6370900000000002,1.63563,1.63693,636,17,0
2026-08-05 15:00:00,1.6369500000000001,1.63715,1.63618,1.63656,427,17,0
2026-08-05 15:15:00,1.63659,1.63699,1.63649,1.63693,362,17,0
2026-08-05 15:30:00,1.63692,1.63715,1.6366100000000001,1.63706,335,17,0
2026-08-05 15:45:00,1.6370900000000002,1.63774,1.6369500000000001,1.63766,375,17,0
2026-08-05 16:00:00,1.63768,1.63773,1.6372200000000001,1.6374300000000002,313,17,0
2026-08-05 16:15:00,1.63741,1.63742,1.63696,1.63721,198,17,0
2026-08-05 16:30:00,1.63717,1.6372200000000001,1.63679,1.63706,177,17,0
2026-08-05 16:45:00,1.63705,1.63727,1.637,1.63719,178,17,0
2026-08-05 17:00:00,1.63716,1.63723,1.63696,1.6370900000000002,165,17,0
2026-08-05 17:15:00,1.6371,1.63742,1.6371,1.63734,161,17,0
2026-08-05 17:30:00,1.63733,1.63741,1.63704,1.63704,162,17,0
2026-08-05 17:45:00,1.63706,1.63712,1.63655,1.63666,162,17,0
2026-08-05 18:00:00,1.63669,1.63669,1.63632,1.6364800000000002,162,17,0
2026-08-05 18:15:00,1.63646,1.63666,1.63633,1.63652,151,17,0
2026-08-05 18:30:00,1.63654,1.63676,1.6364,1.63652,145,17,0
2026-08-05 18:45:00,1.63651,1.63652,1.63617,1.63624,132,17,0
2026-08-05 19:00:00,1.63628,1.63628,1.6360700000000001,1.6362,130,17,0
2026-08-05 19:15:00,1.6362100000000002,1.63626,1.63604,1.63606,105,17,0
2026-08-05 19:30:00,1.6360700000000001,1.63643,1.63605,1.63638,134,17,0
2026-08-05 19:45:00,1.6364,1.63714,1.63631,1.6371099999999998,168,17,0
2026-08-05 20:00:00,1.6370900000000002,1.6372499999999999,1.6368800000000001,1.6369099999999999,175,17,0
2026-08-05 20:15:00,1.63692,1.63708,1.63681,1.6368399999999999,91,17,0
2026-08-05 20:30:00,1.63687,1.6370200000000001,1.63681,1.63681,96,17,0
2026-08-05 20:45:00,1.6368,1.63707,1.6367699999999998,1.63699,166,15,0
2026-08-05 21:00:00,1.637,1.637,1.6364999999999998,1.6366100000000001,124,16,0
2026-08-05 21:15:00,1.6366399999999999,1.63686,1.63659,1.63685,103,90,0
2026-08-05 21:30:00,1.6368399999999999,1.6368800000000001,1.63674,1.63674,100,90,0
2026-08-05 21:45:00,1.63673,1.6368800000000001,1.6366399999999999,1.63687,183,104,0
2026-08-05 22:00:00,1.6369,1.6373799999999998,1.6369,1.63714,167,25,0
2026-08-05 22:15:00,1.63713,1.6373,1.63689,1.63727,81,25,0
2026-08-05 22:30:00,1.6372499999999999,1.6372499999999999,1.63681,1.6368399999999999,67,25,0
2026-08-05 22:45:00,1.6368200000000002,1.63712,1.6368200000000002,1.637,59,25,0
2026-08-05 23:00:00,1.63705,1.6373,1.637,1.6373,76,17,0
2026-08-05 23:15:00,1.6373199999999999,1.6374,1.6371099999999998,1.63721,66,17,0
2026-08-05 23:30:00,1.6372499999999999,1.63754,1.63723,1.63724,84,17,0
2026-08-05 23:45:00,1.63727,1.63764,1.6371099999999998,1.63758,146,17,0
2026-08-06 00:00:00,1.6375600000000001,1.6378,1.6368800000000001,1.63728,277,17,0
2026-08-06 00:15:00,1.63731,1.63802,1.63716,1.6379899999999998,259,17,0
2026-08-06 00:30:00,1.63794,1.63794,1.63705,1.6373,236,17,0
2026-08-06 00:45:00,1.6372900000000001,1.63758,1.63697,1.63744,275,17,0
2026-08-06 01:00:00,1.63741,1.63776,1.63693,1.63742,388,17,0
2026-08-06 01:15:00,1.63744,1.63792,1.63716,1.6378300000000001,275,17,0
2026-08-06 01:30:00,1.63781,1.63781,1.63719,1.63755,285,17,0
2026-08-06 01:45:00,1.63753,1.6375899999999999,1.6370200000000001,1.63731,234,17,0
2026-08-06 02:00:00,1.63733,1.63764,1.63681,1.6376,295,17,0
2026-08-06 02:15:00,1.63762,1.6378,1.6375199999999999,1.63758,178,17,0
2026-08-06 02:30:00,1.6376,1.63771,1.63719,1.6372,197,17,0
2026-08-06 02:45:00,1.6372200000000001,1.63746,1.63704,1.63733,179,17,0
2026-08-06 03:00:00,1.63731,1.63789,1.6372900000000001,1.63787,163,17,0
2026-08-06 03:15:00,1.63785,1.6385999999999998,1.63782,1.6385100000000001,185,17,0
2026-08-06 03:30:00,1.6385,1.63877,1.63828,1.6387399999999999,171,17,0
2026-08-06 03:45:00,1.63873,1.63888,1.63859,1.6386500000000002,178,17,0
2026-08-06 04:00:00,1.63863,1.63886,1.63863,1.63882,120,17,0
2026-08-06 04:15:00,1.6388,1.639,1.63875,1.63897,101,17,0
2026-08-06 04:30:00,1.6389399999999998,1.63927,1.63886,1.63899,151,17,0
2026-08-06 04:45:00,1.63898,1.63904,1.6385800000000001,1.63863,123,17,0
2026-08-06 05:00:00,1.6385999999999998,1.63899,1.63843,1.63886,164,17,0
2026-08-06 05:15:00,1.63887,1.6392,1.63882,1.6391,142,17,0
2026-08-06 05:30:00,1.63914,1.63938,1.63872,1.6387800000000001,198,17,0
2026-08-06 05:45:00,1.6388,1.63895,1.63853,1.63873,184,17,0
2026-08-06 06:00:00,1.6387399999999999,1.6393,1.63869,1.63917,275,17,0
2026-08-06 06:15:00,1.6391900000000001,1.63956,1.63911,1.63944,261,17,0
2026-08-06 06:30:00,1.6394199999999999,1.6399,1.6394,1.6396600000000001,210,17,0
2026-08-06 06:45:00,1.63964,1.6397599999999999,1.63938,1.63944,205,17,0
2026-08-06 07:00:00,1.6394199999999999,1.63945,1.63879,1.63911,269,17,0
2026-08-06 07:15:00,1.6391499999999999,1.63937,1.63882,1.6391200000000001,243,17,0
2026-08-06 07:30:00,1.63914,1.64045,1.63914,1.6402299999999999,280,17,0
2026-08-06 07:45:00,1.64021,1.64044,1.63995,1.6402,306,17,0
2026-08-06 08:00:00,1.64024,1.64032,1.6396899999999999,1.6396899999999999,320,17,0
2026-08-06 08:15:00,1.6397,1.63984,1.6394600000000001,1.6395,219,17,0
2026-08-06 08:30:00,1.63948,1.63954,1.63897,1.6391499999999999,270,17,0
2026-08-06 08:45:00,1.63913,1.63914,1.6385,1.6385999999999998,286,17,0
2026-08-06 09:00:00,1.63863,1.6392,1.63857,1.63883,258,17,0
2026-08-06 09:15:00,1.6388,1.63897,1.63864,1.6388099999999999,216,17,0
2026-08-06 09:30:00,1.6388,1.63896,1.63852,1.6389399999999998,220,17,0
2026-08-06 09:45:00,1.6389200000000002,1.6389200000000002,1.63838,1.63843,190,17,0
2026-08-06 10:00:00,1.63841,1.6390799999999999,1.6383999999999999,1.63875,183,17,0
2026-08-06 10:15:00,1.63876,1.6389399999999998,1.63875,1.63887,159,17,0
2026-08-06 10:30:00,1.63883,1.63911,1.6387800000000001,1.6389200000000002,142,17,0
2026-08-06 10:45:00,1.63893,1.63893,1.63856,1.63868,167,17,0
2026-08-06 11:00:00,1.6387,1.63951,1.6387,1.6392799999999998,233,17,0
2026-08-06 11:15:00,1.6392600000000002,1.6398700000000002,1.6391200000000001,1.63979,228,17,0
2026-08-06 11:30:00,1.63975,1.64025,1.6394199999999999,1.6394199999999999,218,17,0
2026-08-06 11:45:00,1.63943,1.63958,1.63907,1.63911,268,17,0
2026-08-06 12:00:00,1.63909,1.63914,1.6387399999999999,1.63887,237,17,0
2026-08-06 12:15:00,1.63889,1.63914,1.6388099999999999,1.63887,230,17,0
2026-08-06 12:30:00,1.6388500000000001,1.63941,1.6388500000000001,1.63914,290,17,0
2026-08-06 12:45:00,1.6391200000000001,1.63961,1.63904,1.63932,296,17,0
2026-08-06 13:00:00,1.63931,1.64021,1.63918,1.64019,336,17,0
2026-08-06 13:15:00,1.64017,1.6402700000000001,1.6398000000000001,1.63988,290,17,0
2026-08-06 13:30:00,1.63985,1.64015,1.6396,1.6397,430,17,0
2026-08-06 13:45:00,1.63967,1.63971,1.6390799999999999,1.6394199999999999,385,17,0
2026-08-06 14:00:00,1.6393900000000001,1.6393900000000001,1.63856,1.6386699999999998,431,17,0
2026-08-06 14:15:00,1.6387,1.63918,1.6383,1.63852,361,17,0
2026-08-06 14:30:00,1.6385100000000001,1.63891,1.63818,1.63841,336,17,0
2026-08-06 14:45:00,1.63839,1.63868,1.63805,1.63808,394,17,0
2026-08-06 15:00:00,1.63807,1.63832,1.63785,1.63796,352,17,0
2026-08-06 15:15:00,1.63798,1.63842,1.6378300000000001,1.63808,370,17,0
2026-08-06 15:30:00,1.63805,1.63864,1.63803,1.63864,341,17,0
2026-08-06 15:45:00,1.6386699999999998,1.63933,1.63822,1.63931,434,17,0
2026-08-06 16:00:00,1.6393,1.63945,1.63903,1.6394199999999999,318,17,0
2026-08-06 16:15:00,1.63944,1.6397599999999999,1.63897,1.63902,276,17,0
2026-08-06 16:30:00,1.63904,1.6391499999999999,1.63869,1.63899,195,17,0
2026-08-06 16:45:00,1.63897,1.63903,1.63836,1.63836,196,17,0
2026-08-06 17:00:00,1.63838,1.6384699999999999,1.63819,1.63842,181,17,0
2026-08-06 17:15:00,1.6383999999999999,1.63842,1.63819,1.63835,164,17,0
2026-08-06 17:30:00,1.63837,1.63837,1.63809,1.63818,171,17,0
2026-08-06 17:45:00,1.63816,1.6383,1.63803,1.6383,155,17,0
2026-08-06 18:00:00,1.63828,1.63834,1.63809,1.63809,126,17,0
2026-08-06 18:15:00,1.63807,1.63829,1.6379000000000001,1.63803,134,17,0
2026-08-06 18:30:00,1.63805,1.63835,1.6380400000000002,1.63827,114,17,0
2026-08-06 18:45:00,1.63829,1.6385100000000001,1.63821,1.63835,146,17,0
2026-08-06 19:00:00,1.63837,1.63837,1.63792,1.6379899999999998,147,17,0
2026-08-06 19:15:00,1.638,1.6384400000000001,1.63788,1.638,221,17,0
2026-08-06 19:30:00,1.63802,1.63852,1.6379899999999998,1.63845,158,17,0
2026-08-06 19:45:00,1.6384400000000001,1.63868,1.6383,1.6383299999999998,179,17,0
2026-08-06 20:00:00,1.6383100000000002,1.63843,1.63815,1.63822,114,17,0
2026-08-06 20:15:00,1.63823,1.6385,1.63822,1.63848,98,17,0
2026-08-06 20:30:00,1.63849,1.63882,1.63848,1.6388,59,17,0
2026-08-06 20:45:00,1.63883,1.63883,1.63857,1.63862,124,16,0
2026-08-06 21:00:00,1.63863,1.6386500000000002,1.63835,1.63836,229,22,0
2026-08-06 21:15:00,1.63834,1.63843,1.6377899999999999,1.63801,198,50,0
2026-08-06 21:30:00,1.63803,1.6381999999999999,1.6379000000000001,1.63795,142,76,0
2026-08-06 21:45:00,1.6379700000000001,1.6381000000000001,1.6378599999999999,1.6381000000000001,140,142,0
2026-08-06 22:00:00,1.63812,1.63886,1.63812,1.63853,100,25,0
2026-08-06 22:15:00,1.63852,1.63879,1.63852,1.63871,40,25,0
2026-08-06 22:30:00,1.63873,1.63879,1.6387,1.6387399999999999,46,25,0
2026-08-06 22:45:00,1.63873,1.63887,1.63861,1.63887,42,25,0
2026-08-06 23:00:00,1.63891,1.63893,1.6388099999999999,1.6389200000000002,57,17,0
2026-08-06 23:15:00,1.6389399999999998,1.6389399999999998,1.6387800000000001,1.6389,29,17,0
2026-08-06 23:30:00,1.63889,1.63889,1.63853,1.63857,52,17,0
2026-08-06 23:45:00,1.6385800000000001,1.63861,1.63829,1.63846,92,17,0
2026-08-07 00:00:00,1.6384400000000001,1.6389399999999998,1.63822,1.6389399999999998,239,17,0
2026-08-07 00:15:00,1.6389200000000002,1.63941,1.6388099999999999,1.6391200000000001,217,17,0
2026-08-07 00:30:00,1.63913,1.63927,1.63877,1.63916,207,17,0
2026-08-07 00:45:00,1.63914,1.6393499999999999,1.63882,1.63882,229,17,0
2026-08-07 01:00:00,1.63879,1.63884,1.63852,1.6388099999999999,283,17,0
2026-08-07 01:15:00,1.63883,1.63938,1.6387800000000001,1.6391,254,17,0
2026-08-07 01:30:00,1.6391200000000001,1.63981,1.6391200000000001,1.63945,328,17,0
2026-08-07 01:45:00,1.6394199999999999,1.63944,1.63899,1.6391200000000001,232,17,0
2026-08-07 02:00:00,1.6391499999999999,1.63981,1.63897,1.6396199999999999,230,17,0
2026-08-07 02:15:00,1.63961,1.64004,1.63961,1.63993,131,17,0
2026-08-07 02:30:00,1.6399,1.64047,1.63988,1.6404,191,17,0
2026-08-07 02:45:00,1.64042,1.64043,1.63972,1.64025,184,17,0
2026-08-07 03:00:00,1.6402700000000001,1.64032,1.63985,1.64009,139,17,0
2026-08-07 03:15:00,1.6400700000000001,1.64042,1.6400299999999999,1.64035,139,17,0
2026-08-07 03:30:00,1.6403699999999999,1.6404100000000001,1.64001,1.64024,146,17,0
2026-08-07 03:45:00,1.64025,1.64031,1.64011,1.64024,113,17,0
2026-08-07 04:00:00,1.64022,1.64033,1.63978,1.6399599999999999,123,17,0
2026-08-07 04:15:00,1.63993,1.6400000000000001,1.63947,1.63947,129,17,0
2026-08-07 04:30:00,1.63945,1.63995,1.63927,1.63995,146,17,0
2026-08-07 04:45:00,1.6399599999999999,1.64005,1.63984,1.63994,92,17,0
2026-08-07 05:00:00,1.63993,1.64001,1.63965,1.63982,124,17,0
2026-08-07 05:15:00,1.63984,1.64005,1.63968,1.63981,121,17,0
2026-08-07 05:30:00,1.63978,1.6398000000000001,1.63954,1.63968,158,17,0
2026-08-07 05:45:00,1.6396600000000001,1.6396600000000001,1.63911,1.63933,153,17,0
2026-08-07 06:00:00,1.63931,1.6395499999999998,1.63904,1.63913,231,17,0
2026-08-07 06:15:00,1.63914,1.63933,1.63876,1.63876,214,17,0
2026-08-07 06:30:00,1.6387399999999999,1.6389,1.6383100000000002,1.63839,203,17,0
2026-08-07 06:45:00,1.63838,1.63861,1.63807,1.63821,156,17,0
2026-08-07 07:00:00,1.63819,1.6383100000000002,1.6375,1.6376300000000001,240,17,0
2026-08-07 07:15:00,1.63764,1.63835,1.63764,1.63805,227,17,0
2026-08-07 07:30:00,1.6380400000000002,1.63807,1.63755,1.63755,199,17,0
2026-08-07 07:45:00,1.6375600000000001,1.6378300000000001,1.63754,1.63771,169,17,0
2026-08-07 08:00:00,1.63773,1.63774,1.63701,1.63704,194,17,0
2026-08-07 08:15:00,1.63708,1.63761,1.63699,1.63755,202,17,0
2026-08-07 08:30:00,1.63757,1.63775,1.6373199999999999,1.6374900000000001,215,17,0
2026-08-07 08:45:00,1.63747,1.6375600000000001,1.63723,1.63748,201,17,0
2026-08-07 09:00:00,1.63746,1.63777,1.63714,1.63775,249,17,0
2026-08-07 09:15:00,1.63776,1.63784,1.63726,1.6373600000000001,186,17,0
2026-08-07 09:30:00,1.63733,1.63744,1.63706,1.63719,172,17,0
2026-08-07 09:45:00,1.6371799999999999,1.63767,1.63701,1.6374,191,17,0
2026-08-07 10:00:00,1.6373799999999998,1.6374499999999999,1.63704,1.63739,188,17,0
2026-08-07 10:15:00,1.63741,1.6378,1.6374,1.63778,145,17,0
2026-08-07 10:30:00,1.6378,1.63808,1.63775,1.63791,161,17,0
2026-08-07 10:45:00,1.6379000000000001,1.6383299999999998,1.63789,1.63815,189,17,0
2026-08-07 11:00:00,1.6381700000000001,1.63821,1.6378300000000001,1.63809,200,17,0
2026-08-07 11:15:00,1.63808,1.6383,1.63795,1.6381299999999999,171,17,0
2026-08-07 11:30:00,1.63812,1.63819,1.63767,1.63781,179,17,0
2026-08-07 11:45:00,1.63782,1.63812,1.63781,1.638,164,17,0
2026-08-07 12:00:00,1.63802,1.63846,1.63802,1.63811,226,17,0
2026-08-07 12:15:00,1.6381000000000001,1.63818,1.6378,1.63785,303,17,0
2026-08-07 12:30:00,1.63803,1.63889,1.63575,1.63649,1461,17,0
2026-08-07 12:45:00,1.63647,1.63744,1.63588,1.6372499999999999,708,17,0
2026-08-07 13:00:00,1.63728,1.6376300000000001,1.63686,1.63728,549,17,0
2026-08-07 13:15:00,1.63731,1.63788,1.63726,1.63734,457,17,0
2026-08-07 13:30:00,1.6373199999999999,1.63753,1.63672,1.6369799999999999,584,17,0
2026-08-07 13:45:00,1.63701,1.63726,1.63654,1.63701,548,17,0
2026-08-07 14:00:00,1.63704,1.63712,1.63635,1.63693,602,17,0
2026-08-07 14:15:00,1.6369500000000001,1.63703,1.63525,1.6353499999999999,498,17,0
2026-08-07 14:30:00,1.63532,1.6362700000000001,1.63532,1.63615,469,17,0
2026-08-07 14:45:00,1.6361400000000001,1.6365699999999999,1.6357300000000001,1.6363699999999999,553,17,0
2026-08-07 15:00:00,1.63638,1.6370200000000001,1.63631,1.63672,417,17,0
2026-08-07 15:15:00,1.63674,1.6369099999999999,1.63626,1.63632,302,17,0
2026-08-07 15:30:00,1.63635,1.63699,1.63618,1.6369099999999999,309,17,0
2026-08-07 15:45:00,1.6369,1.637,1.6362999999999999,1.63644,279,17,0
2026-08-07 16:00:00,1.63643,1.63656,1.6360299999999999,1.63606,245,17,0
2026-08-07 16:15:00,1.6360700000000001,1.63669,1.63588,1.63655,318,17,0
2026-08-07 16:30:00,1.63653,1.63679,1.6362,1.63633,226,17,0
2026-08-07 16:45:00,1.6363400000000001,1.63652,1.6359,1.63594,198,17,0
2026-08-07 17:00:00,1.6359599999999999,1.6360700000000001,1.63561,1.63598,161,17,0
2026-08-07 17:15:00,1.63599,1.6360299999999999,1.63577,1.63579,127,17,0
2026-08-07 17:30:00,1.6358000000000001,1.6360000000000001,1.63567,1.6357300000000001,126,17,0
2026-08-07 17:45:00,1.6357,1.63591,1.6356899999999999,1.63591,86,17,0
2026-08-07 18:00:00,1.6358899999999998,1.63613,1.63582,1.63612,112,17,0
2026-08-07 18:15:00,1.6361400000000001,1.6362100000000002,1.6359599999999999,1.63615,96,17,0
2026-08-07 18:30:00,1.6361400000000001,1.63626,1.63611,1.6361400000000001,84,17,0
2026-08-07 18:45:00,1.6361599999999998,1.6362100000000002,1.63594,1.63601,94,17,0
2026-08-07 19:00:00,1.63598,1.63601,1.63547,1.63554,165,17,0
2026-08-07 19:15:00,1.63552,1.6356000000000002,1.63523,1.63523,160,17,0
2026-08-07 19:30:00,1.6352600000000002,1.63544,1.63517,1.63533,145,17,0
2026-08-07 19:45:00,1.63531,1.63538,1.63518,1.6353,133,17,0
2026-08-07 20:00:00,1.63531,1.6356000000000002,1.63514,1.6354899999999999,122,17,0
2026-08-07 20:15:00,1.6355,1.63559,1.63531,1.63557,84,17,0
2026-08-07 20:30:00,1.63559,1.63599,1.63559,1.6358700000000002,91,17,0
2026-08-07 20:45:00,1.6359,1.63592,1.6354,1.6355,343,17,0
2026-08-09 21:00:00,1.63626,1.6362700000000001,1.6356899999999999,1.63613,43,128,0
2026-08-09 21:15:00,1.63609,1.63609,1.63364,1.6345,212,178,0
2026-08-09 21:30:00,1.63459,1.6360299999999999,1.6343999999999999,1.63599,197,143,0
2026-08-09 21:45:00,1.63601,1.6360999999999999,1.6328,1.63556,183,94,0
2026-08-09 22:00:00,1.6356899999999999,1.63594,1.63491,1.63509,232,17,0
2026-08-09 22:15:00,1.6351,1.63538,1.63509,1.6351200000000001,92,17,0
2026-08-09 22:30:00,1.6351,1.63537,1.6349900000000002,1.63536,92,17,0
2026-08-09 22:45:00,1.6353499999999999,1.63547,1.63534,1.63543,35,17,0
2026-08-09 23:00:00,1.6354199999999999,1.6356199999999999,1.6354199999999999,1.63554,85,17,0
2026-08-09 23:15:00,1.63556,1.63556,1.63532,1.6354899999999999,55,17,0
2026-08-09 23:30:00,1.63547,1.63567,1.63541,1.6356199999999999,100,17,0
2026-08-09 23:45:00,1.63565,1.6362299999999999,1.63561,1.63619,169,17,0
2026-08-10 00:00:00,1.63622,1.63622,1.63473,1.6349,343,17,0
2026-08-10 00:15:00,1.6348799999999999,1.63552,1.63482,1.6354899999999999,319,17,0
2026-08-10 00:30:00,1.63547,1.6361400000000001,1.6352600000000002,1.63601,243,17,0
2026-08-10 00:45:00,1.63598,1.63666,1.6358700000000002,1.6365699999999999,288,17,0
2026-08-10 01:00:00,1.6366,1.63703,1.6363400000000001,1.63638,374,17,0
2026-08-10 01:15:00,1.6364100000000001,1.63646,1.63563,1.63585,281,17,0
2026-08-10 01:30:00,1.6358700000000002,1.63629,1.63584,1.63599,305,17,0
2026-08-10 01:45:00,1.63597,1.63598,1.63538,1.63548,232,17,0
2026-08-10 02:00:00,1.63545,1.63575,1.6352600000000002,1.63545,213,17,0
2026-08-10 02:15:00,1.63544,1.6358000000000001,1.63543,1.63563,152,17,0
2026-08-10 02:30:00,1.63564,1.6359,1.63552,1.63588,140,17,0
2026-08-10 02:45:00,1.6359,1.63597,1.63574,1.63584,134,17,0
2026-08-10 03:00:00,1.63581,1.6364800000000002,1.63578,1.6364100000000001,167,17,0
2026-08-10 03:15:00,1.63642,1.63643,1.63609,1.6362299999999999,160,17,0
2026-08-10 03:30:00,1.63625,1.63635,1.6358000000000001,1.63593,127,17,0
2026-08-10 03:45:00,1.63592,1.63602,1.63581,1.63602,87,17,0
2026-08-10 04:00:00,1.6360299999999999,1.63643,1.63595,1.6362,140,17,0
2026-08-10 04:15:00,1.6362100000000002,1.63653,1.63617,1.63629,103,17,0
2026-08-10 04:30:00,1.6362700000000001,1.63633,1.63606,1.63606,126,17,0
2026-08-10 04:45:00,1.63605,1.63608,1.63584,1.63593,107,17,0
2026-08-10 05:00:00,1.6359599999999999,1.6360000000000001,1.6353900000000001,1.63551,151,17,0
2026-08-10 05:15:00,1.6355300000000002,1.63571,1.6353900000000001,1.6356199999999999,108,17,0
2026-08-10 05:30:00,1.63558,1.63559,1.63482,1.6349,212,17,0
2026-08-10 05:45:00,1.6349200000000002,1.6350799999999999,1.63452,1.6345399999999999,205,17,0
2026-08-10 06:00:00,1.63452,1.6350500000000001,1.63439,1.63502,235,17,0
2026-08-10 06:15:00,1.6349900000000002,1.6349900000000002,1.6345399999999999,1.63468,237,17,0
2026-08-10 06:30:00,1.63466,1.6351499999999999,1.6346500000000002,1.63504,184,17,0
2026-08-10 06:45:00,1.63503,1.63529,1.63479,1.63507,190,17,0
2026-08-10 07:00:00,1.63506,1.6353499999999999,1.6349200000000002,1.6353499999999999,271,17,0
2026-08-10 07:15:00,1.63537,1.6354199999999999,1.63504,1.63518,211,17,0
2026-08-10 07:30:00,1.63516,1.63563,1.63487,1.63557,268,17,0
2026-08-10 07:45:00,1.6355300000000002,1.6355300000000002,1.6349200000000002,1.6349900000000002,270,17,0
2026-08-10 08:00:00,1.63496,1.6351,1.63462,1.6347800000000001,227,17,0
2026-08-10 08:15:00,1.63477,1.6349900000000002,1.63463,1.6347800000000001,188,17,0
2026-08-10 08:30:00,1.6348,1.63536,1.63462,1.63534,189,17,0
2026-08-10 08:45:00,1.6353499999999999,1.63547,1.63487,1.63521,211,17,0
2026-08-10 09:00:00,1.63523,1.63579,1.63517,1.63551,191,17,0
2026-08-10 09:15:00,1.63552,1.6356899999999999,1.6351900000000001,1.6353,128,17,0
2026-08-10 09:30:00,1.63533,1.63568,1.6353,1.6356000000000002,179,17,0
2026-08-10 09:45:00,1.63558,1.63601,1.63558,1.63581,165,17,0
2026-08-10 10:00:00,1.6358000000000001,1.63612,1.63559,1.6357,223,17,0
2026-08-10 10:15:00,1.63571,1.63606,1.63564,1.63583,172,17,0
2026-08-10 10:30:00,1.63581,1.63601,1.63527,1.63538,198,17,0
2026-08-10 10:45:00,1.63536,1.63538,1.63496,1.63507,154,17,0
2026-08-10 11:00:00,1.6351,1.63551,1.63493,1.63541,210,17,0
2026-08-10 11:15:00,1.6353900000000001,1.63543,1.63509,1.6352600000000002,219,17,0
2026-08-10 11:30:00,1.63527,1.6353499999999999,1.6349,1.6351499999999999,169,17,0
2026-08-10 11:45:00,1.6351200000000001,1.63551,1.6351200000000001,1.6354600000000001,203,17,0
2026-08-10 12:00:00,1.63543,1.63601,1.6353900000000001,1.63584,272,17,0
2026-08-10 12:15:00,1.6358700000000002,1.63629,1.63582,1.63594,222,17,0
2026-08-10 12:30:00,1.63592,1.6362700000000001,1.63584,1.6359,183,17,0
2026-08-10 12:45:00,1.6358899999999998,1.6365699999999999,1.6358899999999998,1.6362100000000002,203,17,0
2026-08-10 13:00:00,1.6362,1.63651,1.63604,1.63639,252,17,0
2026-08-10 13:15:00,1.6364,1.63703,1.6364,1.6368,262,17,0
2026-08-10 13:30:00,1.6367699999999998,1.63703,1.6364800000000002,1.63669,371,17,0
2026-08-10 13:45:00,1.63667,1.63701,1.6358700000000002,1.63592,398,17,0
2026-08-10 14:00:00,1.6358899999999998,1.63608,1.6351900000000001,1.6351900000000001,330,17,0
2026-08-10 14:15:00,1.63518,1.63565,1.6351,1.63525,307,17,0
2026-08-10 14:30:00,1.6352799999999998,1.63557,1.6351499999999999,1.63534,273,17,0
2026-08-10 14:45:00,1.63537,1.6356000000000002,1.635,1.63557,413,17,0
2026-08-10 15:00:00,1.6355499999999998,1.6357599999999999,1.6349399999999998,1.63502,354,17,0
2026-08-10 15:15:00,1.63504,1.6352,1.63461,1.63472,287,17,0
2026-08-10 15:30:00,1.6347399999999999,1.63493,1.6345800000000001,1.63464,235,17,0
2026-08-10 15:45:00,1.6346699999999998,1.6351,1.63464,1.63496,220,17,0
2026-08-10 16:00:00,1.63495,1.6353,1.6348099999999999,1.6351900000000001,181,17,0
2026-08-10 16:15:00,1.6352,1.6352,1.6347800000000001,1.63503,142,17,0
2026-08-10 16:30:00,1.6350500000000001,1.63554,1.6349900000000002,1.6353,281,17,0
2026-08-10 16:45:00,1.63531,1.6354600000000001,1.63507,1.63527,192,17,0
2026-08-10 17:00:00,1.6352600000000002,1.63557,1.63522,1.6354,138,17,0
2026-08-10 17:15:00,1.63536,1.63577,1.63522,1.6356899999999999,185,17,0
2026-08-10 17:30:00,1.6357,1.6360700000000001,1.63568,1.6360299999999999,97,17,0
2026-08-10 17:45:00,1.63601,1.63611,1.63597,1.63606,118,17,0
2026-08-10 18:00:00,1.63608,1.63612,1.63595,1.63605,95,17,0
2026-08-10 18:15:00,1.63604,1.63604,1.63584,1.6358899999999998,105,17,0
2026-08-10 18:30:00,1.6359,1.6359,1.6355,1.63556,124,17,0
2026-08-10 18:45:00,1.63557,1.63578,1.63554,1.63558,137,17,0
2026-08-10 19:00:00,1.63559,1.63571,1.6354899999999999,1.63558,128,17,0
2026-08-10 19:15:00,1.63557,1.63567,1.6354899999999999,1.6356600000000001,98,17,0
2026-08-10 19:30:00,1.63567,1.6358000000000001,1.6354899999999999,1.6355499999999998,94,17,0
2026-08-10 19:45:00,1.63556,1.6360299999999999,1.6355,1.6359599999999999,130,17,0
2026-08-10 20:00:00,1.63597,1.63618,1.63593,1.63618,65,17,0
2026-08-10 20:15:00,1.63617,1.6363699999999999,1.63617,1.6362299999999999,56,17,0
2026-08-10 20:30:00,1.63622,1.6363400000000001,1.6362,1.6362299999999999,29,17,0
2026-08-10 20:45:00,1.63625,1.6362999999999999,1.6360999999999999,1.63619,76,15,0
2026-08-10 21:00:00,1.6361400000000001,1.6361400000000001,1.63491,1.63509,137,28,0
2026-08-10 21:15:00,1.63506,1.63559,1.63506,1.6355300000000002,374,98,0
2026-08-10 21:30:00,1.63554,1.63564,1.63551,1.6356000000000002,138,90,0
2026-08-10 21:45:00,1.6356199999999999,1.6356600000000001,1.6355,1.6356600000000001,112,86,0
2026-08-10 22:00:00,1.6357,1.63625,1.6357,1.63597,174,25,0
2026-08-10 22:15:00,1.63599,1.63612,1.63597,1.63599,42,25,0
2026-08-10 22:30:00,1.63601,1.63601,1.63588,1.63592,33,25,0
2026-08-10 22:45:00,1.63591,1.63591,1.63579,1.63582,23,25,0
2026-08-10 23:00:00,1.63586,1.63594,1.6356000000000002,1.6358700000000002,70,17,0
2026-08-10 23:15:00,1.63586,1.63598,1.63574,1.6358700000000002,50,17,0
2026-08-10 23:30:00,1.63588,1.63612,1.63582,1.6360299999999999,74,17,0
2026-08-10 23:45:00,1.6360000000000001,1.63673,1.63581,1.63645,188,17,0
2026-08-11 00:00:00,1.63647,1.6365699999999999,1.63628,1.6363400000000001,243,17,0
2026-08-11 00:15:00,1.63632,1.63655,1.63613,1.63613,199,17,0
2026-08-11 00:30:00,1.6361400000000001,1.63645,1.63604,1.63626,176,17,0
2026-08-11 00:45:00,1.63624,1.63654,1.63615,1.63639,154,17,0
2026-08-11 01:00:00,1.63642,1.63699,1.63578,1.63578,286,17,0
2026-08-11 01:15:00,1.6358000000000001,1.6361400000000001,1.63544,1.6355,269,17,0
2026-08-11 01:30:00,1.63547,1.63574,1.6351900000000001,1.63572,248,17,0
2026-08-11 01:45:00,1.6357,1.6359,1.6354,1.6357599999999999,203,17,0
2026-08-11 02:00:00,1.63574,1.63586,1.63521,1.63531,267,17,0
2026-08-11 02:15:00,1.6353,1.63574,1.63523,1.63561,199,17,0
2026-08-11 02:30:00,1.6356000000000002,1.63567,1.6353900000000001,1.6354899999999999,209,17,0
2026-08-11 02:45:00,1.63548,1.63599,1.63548,1.6359599999999999,200,17,0
2026-08-11 03:00:00,1.63593,1.63593,1.6356000000000002,1.63578,169,17,0
2026-08-11 03:15:00,1.63581,1.63585,1.63514,1.63534,145,17,0
2026-08-11 03:30:00,1.6353499999999999,1.6355300000000002,1.63525,1.63543,112,17,0
2026-08-11 03:45:00,1.63544,1.63561,1.63527,1.6354600000000001,115,17,0
2026-08-11 04:00:00,1.63543,1.63563,1.6352600000000002,1.6352600000000002,169,17,0
2026-08-11 04:15:00,1.63527,1.63529,1.63497,1.63498,127,17,0
2026-08-11 04:30:00,1.63496,1.63971,1.63489,1.638,881,17,0
2026-08-11 04:45:00,1.63798,1.6386699999999998,1.63715,1.63715,442,17,0
2026-08-11 05:00:00,1.6371799999999999,1.6381999999999999,1.63714,1.63809,309,17,0
2026-08-11 05:15:00,1.6381299999999999,1.63879,1.63802,1.63855,332,17,0
2026-08-11 05:30:00,1.6385800000000001,1.63879,1.63683,1.6371799999999999,566,17,0
2026-08-11 05:45:00,1.63717,1.63723,1.6351499999999999,1.63577,558,17,0
2026-08-11 06:00:00,1.63581,1.63583,1.6350799999999999,1.63554,395,17,0
2026-08-11 06:15:00,1.6355300000000002,1.63577,1.63537,1.6357,396,17,0
2026-08-11 06:30:00,1.63568,1.6359,1.63525,1.63577,331,17,0
2026-08-11 06:45:00,1.6357599999999999,1.63593,1.63532,1.63581,284,17,0
2026-08-11 07:00:00,1.63584,1.63617,1.63531,1.63537,297,17,0
2026-08-11 07:15:00,1.6353900000000001,1.63597,1.63533,1.6353900000000001,249,17,0
2026-08-11 07:30:00,1.63536,1.63599,1.63523,1.63595,261,17,0
2026-08-11 07:45:00,1.63593,1.63649,1.63591,1.63629,263,17,0
2026-08-11 08:00:00,1.63626,1.6363699999999999,1.63574,1.6358899999999998,285,17,0
2026-08-11 08:15:00,1.6358700000000002,1.6358700000000002,1.63516,1.63551,250,17,0
2026-08-11 08:30:00,1.63554,1.63591,1.63544,1.6358700000000002,226,17,0
2026-08-11 08:45:00,1.63588,1.6359,1.63537,1.63571,200,17,0
2026-08-11 09:00:00,1.6357300000000001,1.6358700000000002,1.63547,1.63575,191,17,0
2026-08-11 09:15:00,1.63574,1.63577,1.63522,1.6355499999999998,195,17,0
2026-08-11 09:30:00,1.6355300000000002,1.6355300000000002,1.6349900000000002,1.63525,191,17,0
2026-08-11 09:45:00,1.63527,1.63531,1.63472,1.63482,156,17,0
2026-08-11 10:00:00,1.6348,1.63483,1.6343,1.6343800000000002,212,17,0
2026-08-11 10:15:00,1.63437,1.6344699999999999,1.63385,1.63403,293,17,0
2026-08-11 10:30:00,1.63401,1.63432,1.63382,1.63382,227,17,0
2026-08-11 10:45:00,1.6338300000000001,1.63391,1.63347,1.63369,197,17,0
2026-08-11 11:00:00,1.63367,1.63371,1.63283,1.63358,547,17,0
2026-08-11 11:15:00,1.6335600000000001,1.63382,1.6333,1.6334300000000002,234,17,0
2026-08-11 11:30:00,1.6334499999999998,1.63381,1.63341,1.63367,211,17,0
2026-08-11 11:45:00,1.63364,1.63392,1.6336,1.63378,198,17,0
2026-08-11 12:00:00,1.63376,1.6339000000000001,1.63324,1.6336,275,17,0
2026-08-11 12:15:00,1.63362,1.63378,1.63331,1.63331,291,17,0
2026-08-11 12:30:00,1.63328,1.63366,1.63303,1.63331,242,17,0
2026-08-11 12:45:00,1.63328,1.63389,1.63326,1.6337899999999999,208,17,0
2026-08-11 13:00:00,1.6338,1.63385,1.63334,1.63354,234,17,0
2026-08-11 13:15:00,1.63355,1.63373,1.6333600000000001,1.63338,218,17,0
2026-08-11 13:30:00,1.63334,1.6336,1.63316,1.63321,327,17,0
2026-08-11 13:45:00,1.6332,1.63384,1.63317,1.63327,328,17,0
2026-08-11 14:00:00,1.6333,1.6334300000000002,1.6329099999999999,1.63324,336,17,0
2026-08-11 14:15:00,1.63323,1.6332499999999999,1.63256,1.6326,269,17,0
2026-08-11 14:30:00,1.63259,1.6329799999999999,1.63245,1.6329099999999999,257,17,0
2026-08-11 14:45:00,1.63294,1.63396,1.6328399999999998,1.6339299999999999,353,17,0
2026-08-11 15:00:00,1.63389,1.63471,1.63381,1.63459,332,17,0
2026-08-11 15:15:00,1.63456,1.63461,1.63428,1.63456,279,17,0
2026-08-11 15:30:00,1.63453,1.63497,1.6343999999999999,1.63479,350,17,0
2026-08-11 15:45:00,1.6348099999999999,1.6349399999999998,1.63462,1.63462,198,17,0
2026-08-11 16:00:00,1.63463,1.6346699999999998,1.63437,1.6344400000000001,138,17,0
2026-08-11 16:15:00,1.63446,1.63448,1.6340400000000002,1.63432,155,17,0
2026-08-11 16:30:00,1.6343100000000002,1.6344400000000001,1.6341999999999999,1.63426,143,17,0
2026-08-11 16:45:00,1.63428,1.6343800000000002,1.6339700000000001,1.6340400000000002,144,17,0
2026-08-11 17:00:00,1.63402,1.63421,1.6338300000000001,1.63419,174,17,0
2026-08-11 17:15:00,1.63422,1.6343299999999998,1.63415,1.6341700000000001,130,17,0
2026-08-11 17:30:00,1.63418,1.63435,1.6341700000000001,1.6343100000000002,106,17,0
2026-08-11 17:45:00,1.63432,1.63446,1.63416,1.63442,110,17,0
2026-08-11 18:00:00,1.63441,1.6346,1.63436,1.6345,120,17,0
2026-08-11 18:15:00,1.63448,1.63536,1.6344699999999999,1.63534,168,17,0
2026-08-11 18:30:00,1.63532,1.63552,1.6351200000000001,1.63541,168,17,0
2026-08-11 18:45:00,1.63543,1.63545,1.6348099999999999,1.63486,158,17,0
2026-08-11 19:00:00,1.63483,1.63504,1.63471,1.63475,144,17,0
2026-08-11 19:15:00,1.63476,1.6348,1.6346500000000002,1.63468,100,17,0
2026-08-11 19:30:00,1.63471,1.63473,1.6343999999999999,1.6345399999999999,112,17,0
2026-08-11 19:45:00,1.63452,1.63472,1.63449,1.6346,134,17,0
2026-08-11 20:00:00,1.63462,1.6346699999999998,1.63437,1.6344400000000001,75,17,0
2026-08-11 20:15:00,1.63445,1.6345,1.6343299999999998,1.63439,42,17,0
2026-08-11 20:30:00,1.6343999999999999,1.63443,1.6342400000000001,1.63425,62,17,0
2026-08-11 20:45:00,1.63426,1.63446,1.63423,1.63426,100,17,0
2026-08-11 21:00:00,1.63422,1.63437,1.63396,1.63401,210,22,0
2026-08-11 21:15:00,1.63403,1.63432,1.63389,1.63427,239,60,0
2026-08-11 21:30:00,1.63427,1.63428,1.63375,1.63411,240,70,0
2026-08-11 21:45:00,1.63412,1.6341700000000001,1.6339700000000001,1.6341700000000001,140,98,0
2026-08-11 22:00:00,1.6341999999999999,1.63469,1.6338300000000001,1.6343800000000002,138,25,0
2026-08-11 22:15:00,1.63437,1.63437,1.63403,1.63419,49,25,0
2026-08-11 22:30:00,1.63408,1.63421,1.63381,1.63403,81,25,0
2026-08-11 22:45:00,1.63402,1.6340400000000002,1.63391,1.63402,32,25,0
2026-08-11 23:00:00,1.63403,1.63418,1.63384,1.63384,73,17,0
2026-08-11 23:15:00,1.6338300000000001,1.6339299999999999,1.63376,1.63384,32,17,0
2026-08-11 23:30:00,1.63385,1.63408,1.63374,1.63407,50,17,0
2026-08-11 23:45:00,1.63403,1.63425,1.63387,1.6341,100,17,0
2026-08-12 00:00:00,1.63407,1.63412,1.63374,1.6338,200,17,0
2026-08-12 00:15:00,1.6338300000000001,1.63391,1.63323,1.6334300000000002,172,17,0
2026-08-12 00:30:00,1.63344,1.6335,1.63303,1.6332900000000001,151,17,0
2026-08-12 00:45:00,1.6333,1.6337199999999998,1.6333,1.6335199999999999,214,17,0
2026-08-12 01:00:00,1.63349,1.63374,1.63334,1.63351,210,17,0
2026-08-12 01:15:00,1.63349,1.63391,1.6333,1.63391,199,17,0
2026-08-12 01:30:00,1.63389,1.63402,1.6337000000000002,1.63389,161,17,0
2026-08-12 01:45:00,1.6339000000000001,1.63486,1.63389,1.6345100000000001,211,17,0
2026-08-12 02:00:00,1.63453,1.63525,1.63453,1.63489,188,17,0
2026-08-12 02:15:00,1.6349,1.6351,1.6346,1.63475,187,17,0
2026-08-12 02:30:00,1.63473,1.63507,1.6345,1.63456,182,17,0
2026-08-12 02:45:00,1.63457,1.6348,1.6343999999999999,1.6347,140,17,0
2026-08-12 03:00:00,1.63468,1.63476,1.63437,1.63437,138,17,0
2026-08-12 03:15:00,1.6343800000000002,1.63463,1.6343,1.63443,90,17,0
2026-08-12 03:30:00,1.63445,1.63475,1.63426,1.63475,121,17,0
2026-08-12 03:45:00,1.63472,1.63491,1.63453,1.6345800000000001,107,17,0
2026-08-12 04:00:00,1.63459,1.6347,1.63443,1.6345100000000001,95,17,0
2026-08-12 04:15:00,1.6345,1.63461,1.63439,1.63449,101,17,0
2026-08-12 04:30:00,1.6345,1.63493,1.63436,1.6348,131,17,0
2026-08-12 04:45:00,1.6347800000000001,1.63482,1.6345800000000001,1.6347399999999999,93,17,0
2026-08-12 05:00:00,1.63475,1.6348,1.63469,1.63472,76,17,0
2026-08-12 05:15:00,1.6347399999999999,1.63476,1.63455,1.63466,81,17,0
2026-08-12 05:30:00,1.6346500000000002,1.63471,1.6343,1.63437,130,17,0
2026-08-12 05:45:00,1.63436,1.63436,1.63362,1.63364,101,17,0
2026-08-12 06:00:00,1.63362,1.63409,1.63341,1.6340599999999998,215,17,0
2026-08-12 06:15:00,1.63409,1.6345800000000001,1.6340400000000002,1.63448,225,17,0
2026-08-12 06:30:00,1.6345,1.63463,1.63408,1.63429,241,17,0
2026-08-12 06:45:00,1.6343100000000002,1.6344400000000001,1.63405,1.6341,196,17,0
2026-08-12 07:00:00,1.63412,1.6341700000000001,1.63364,1.63384,234,17,0
2026-08-12 07:15:00,1.63385,1.63432,1.63369,1.63396,188,17,0
2026-08-12 07:30:00,1.63398,1.6349200000000002,1.6339700000000001,1.6345,211,17,0
2026-08-12 07:45:00,1.6345100000000001,1.63472,1.63446,1.63464,176,17,0
2026-08-12 08:00:00,1.63466,1.63472,1.63427,1.6345100000000001,201,17,0
2026-08-12 08:15:00,1.63453,1.63472,1.6343,1.6344699999999999,166,17,0
2026-08-12 08:30:00,1.63448,1.6349200000000002,1.63448,1.6349200000000002,159,17,0
2026-08-12 08:45:00,1.6349,1.63493,1.63407,1.63418,177,17,0
2026-08-12 09:00:00,1.63415,1.63415,1.63374,1.63385,187,17,0
2026-08-12 09:15:00,1.63382,1.6338599999999999,1.63286,1.63368,417,17,0
2026-08-12 09:30:00,1.63367,1.63381,1.63306,1.6331,361,17,0
2026-08-12 09:45:00,1.6330900000000002,1.63315,1.6326800000000001,1.63288,362,17,0
2026-08-12 10:00:00,1.63285,1.63297,1.6321400000000001,1.63217,276,17,0
2026-08-12 10:15:00,1.63219,1.6324800000000002,1.6320700000000001,1.6324,216,17,0
2026-08-12 10:30:00,1.63242,1.63254,1.63216,1.63251,156,17,0
2026-08-12 10:45:00,1.63252,1.63301,1.63238,1.63255,285,17,0
2026-08-12 11:00:00,1.63252,1.6327500000000001,1.6323400000000001,1.6327500000000001,177,17,0
2026-08-12 11:15:00,1.63279,1.63285,1.63238,1.6324800000000002,169,17,0
2026-08-12 11:30:00,1.63249,1.63256,1.63222,1.6323400000000001,162,17,0
2026-08-12 11:45:00,1.6323699999999999,1.63278,1.6322100000000002,1.6324999999999998,189,17,0
2026-08-12 12:00:00,1.63252,1.63281,1.63251,1.63267,204,17,0
2026-08-12 12:15:00,1.63265,1.63267,1.63178,1.63193,328,17,0
2026-08-12 12:30:00,1.6319,1.63374,1.63045,1.63076,1528,17,0
2026-08-12 12:45:00,1.63073,1.63177,1.63066,1.63077,656,17,0
2026-08-12 13:00:00,1.6308,1.63109,1.63043,1.6307800000000001,580,17,0
2026-08-12 13:15:00,1.6308,1.63136,1.63073,1.6310799999999999,479,17,0
2026-08-12 13:30:00,1.63106,1.63122,1.6303299999999998,1.63041,563,17,0
2026-08-12 13:45:00,1.63039,1.63084,1.63012,1.63055,467,17,0
2026-08-12 14:00:00,1.63057,1.6306,1.63019,1.6303299999999998,392,17,0
2026-08-12 14:15:00,1.63034,1.63066,1.63001,1.63053,355,17,0
2026-08-12 14:30:00,1.6305,1.63168,1.63042,1.63136,538,17,0
2026-08-12 14:45:00,1.63138,1.63254,1.63118,1.63199,514,17,0
2026-08-12 15:00:00,1.63202,1.6325699999999999,1.63145,1.63145,402,17,0
2026-08-12 15:15:00,1.6314199999999999,1.63158,1.6309399999999998,1.6315,302,17,0
2026-08-12 15:30:00,1.6315300000000001,1.6324100000000001,1.63145,1.63224,224,17,0
2026-08-12 15:45:00,1.63222,1.63246,1.63211,1.6322299999999998,220,17,0
2026-08-12 16:00:00,1.63225,1.63225,1.63182,1.63204,251,17,0
2026-08-12 16:15:00,1.6320299999999999,1.63208,1.63182,1.63201,165,17,0
2026-08-12 16:30:00,1.6320000000000001,1.6321400000000001,1.6318000000000001,1.6318899999999998,175,17,0
2026-08-12 16:45:00,1.63191,1.63216,1.6318000000000001,1.63201,209,17,0
2026-08-12 17:00:00,1.63199,1.63212,1.63161,1.63188,196,17,0
2026-08-12 17:15:00,1.6318899999999998,1.6320299999999999,1.63177,1.63197,133,17,0
2026-08-12 17:30:00,1.6320000000000001,1.63201,1.63158,1.6316899999999999,128,17,0
2026-08-12 17:45:00,1.63172,1.63178,1.6314899999999999,1.6315,144,17,0
2026-08-12 18:00:00,1.63148,1.63152,1.6312799999999998,1.63147,135,17,0
2026-08-12 18:15:00,1.6314899999999999,1.6316000000000002,1.63148,1.6315,72,17,0
2026-08-12 18:30:00,1.63148,1.6315499999999998,1.63129,1.63145,69,17,0
2026-08-12 18:45:00,1.63148,1.6314899999999999,1.6311,1.63144,115,17,0
2026-08-12 19:00:00,1.6314600000000001,1.63156,1.63134,1.63141,116,17,0
2026-08-12 19:15:00,1.6313900000000001,1.63158,1.6313499999999999,1.6313499999999999,87,17,0
2026-08-12 19:30:00,1.63134,1.63177,1.63127,1.6317300000000001,99,17,0
2026-08-12 19:45:00,1.6317,1.6318000000000001,1.6311499999999999,1.63121,146,17,0
2026-08-12 20:00:00,1.6311900000000001,1.63164,1.63116,1.63164,126,17,0
2026-08-12 20:15:00,1.6316199999999998,1.63174,1.63161,1.6316899999999999,55,17,0
2026-08-12 20:30:00,1.63167,1.63181,1.63165,1.63177,41,17,0
2026-08-12 20:45:00,1.6318000000000001,1.63183,1.63161,1.63166,91,15,0
2026-08-12 21:00:00,1.63164,1.6316899999999999,1.6315,1.63156,197,26,0
2026-08-12 21:15:00,1.63158,1.63165,1.6314600000000001,1.6316000000000002,230,38,0
2026-08-12 21:30:00,1.6316199999999998,1.63163,1.6315,1.6316000000000002,110,40,0
2026-08-12 21:45:00,1.63158,1.6316199999999998,1.63157,1.6316199999999998,56,48,0
2026-08-12 22:00:00,1.6316199999999998,1.63225,1.6316000000000002,1.63206,111,25,0
2026-08-12 22:15:00,1.63205,1.6321400000000001,1.6318700000000002,1.6319,44,25,0
2026-08-12 22:30:00,1.63193,1.63202,1.63184,1.6320000000000001,41,25,0
2026-08-12 22:45:00,1.63199,1.63204,1.63186,1.63194,39,25,0
2026-08-12 23:00:00,1.63198,1.63204,1.63186,1.6319599999999999,36,17,0
2026-08-12 23:15:00,1.63195,1.63199,1.6319,1.63192,36,17,0
2026-08-12 23:30:00,1.63191,1.63193,1.6317599999999999,1.63179,51,17,0
2026-08-12 23:45:00,1.6318000000000001,1.63213,1.63179,1.63192,103,17,0
2026-08-13 00:00:00,1.6318899999999998,1.63218,1.63148,1.6316899999999999,262,17,0
2026-08-13 00:15:00,1.63167,1.63228,1.63152,1.63219,173,17,0
2026-08-13 00:30:00,1.63216,1.63254,1.63209,1.6322999999999999,225,17,0
2026-08-13 00:45:00,1.63232,1.63274,1.63215,1.63251,260,17,0
2026-08-13 01:00:00,1.63254,1.63288,1.63249,1.63281,262,17,0
2026-08-13 01:15:00,1.63283,1.63346,1.63279,1.63331,190,17,0
2026-08-13 01:30:00,1.6332900000000001,1.6332900000000001,1.6328,1.63305,220,17,0
2026-08-13 01:45:00,1.63306,1.63344,1.6328,1.63315,263,17,0
2026-08-13 02:00:00,1.63312,1.6337000000000002,1.6331,1.63367,186,17,0
2026-08-13 02:15:00,1.63365,1.63371,1.63327,1.6334,163,17,0
2026-08-13 02:30:00,1.63342,1.6339000000000001,1.6333,1.63358,219,17,0
2026-08-13 02:45:00,1.63362,1.6337199999999998,1.63341,1.6335899999999999,138,17,0
2026-08-13 03:00:00,1.63358,1.63486,1.63349,1.6345800000000001,382,17,0
2026-08-13 03:15:00,1.6346,1.63477,1.63442,1.63457,212,17,0
2026-08-13 03:30:00,1.63455,1.63464,1.63432,1.6346,146,17,0
2026-08-13 03:45:00,1.63461,1.63475,1.63418,1.6347399999999999,150,17,0
2026-08-13 04:00:00,1.63476,1.63487,1.6344699999999999,1.6348500000000001,152,17,0
2026-08-13 04:15:00,1.63487,1.63507,1.63471,1.6347399999999999,117,17,0
2026-08-13 04:30:00,1.63477,1.63507,1.63477,1.63497,105,17,0
2026-08-13 04:45:00,1.63498,1.635,1.63448,1.6349399999999998,214,17,0
2026-08-13 05:00:00,1.63496,1.63502,1.6343999999999999,1.63443,183,17,0
2026-08-13 05:15:00,1.63442,1.6348799999999999,1.63442,1.6348799999999999,128,17,0
2026-08-13 05:30:00,1.6348500000000001,1.63536,1.63482,1.63523,161,17,0
2026-08-13 05:45:00,1.6352,1.63524,1.63471,1.6348099999999999,196,17,0
2026-08-13 06:00:00,1.63484,1.63487,1.63407,1.6341,275,17,0
2026-08-13 06:15:00,1.63411,1.63436,1.63389,1.63396,265,17,0
2026-08-13 06:30:00,1.63398,1.63446,1.63384,1.63425,310,17,0
2026-08-13 06:45:00,1.6342400000000001,1.63436,1.63375,1.63401,240,17,0
2026-08-13 07:00:00,1.63399,1.63445,1.63371,1.63423,280,17,0
2026-08-13 07:15:00,1.63421,1.63457,1.63412,1.6343299999999998,224,17,0
2026-08-13 07:30:00,1.63436,1.63507,1.6343299999999998,1.6347,230,17,0
2026-08-13 07:45:00,1.63473,1.63516,1.63473,1.63509,229,17,0
2026-08-13 08:00:00,1.63506,1.6354600000000001,1.6347800000000001,1.6353900000000001,269,17,0
2026-08-13 08:15:00,1.63537,1.63544,1.63507,1.63523,186,17,0
2026-08-13 08:30:00,1.63522,1.63527,1.63503,1.6352,155,17,0
2026-08-13 08:45:00,1.63522,1.63538,1.63493,1.6349900000000002,148,17,0
2026-08-13 09:00:00,1.63496,1.63527,1.63475,1.63516,176,17,0
2026-08-13 09:15:00,1.63517,1.6353,1.63495,1.63495,211,17,0
2026-08-13 09:30:00,1.6349399999999998,1.6350500000000001,1.6346500000000002,1.63466,146,17,0
2026-08-13 09:45:00,1.6347,1.63475,1.63391,1.63425,219,17,0
2026-08-13 10:00:00,1.63422,1.63476,1.63422,1.63468,191,17,0
2026-08-13 10:15:00,1.6346699999999998,1.63514,1.63445,1.63513,182,17,0
2026-08-13 10:30:00,1.63514,1.63531,1.63502,1.63521,163,17,0
2026-08-13 10:45:00,1.6352,1.63536,1.6350099999999999,1.63516,178,17,0
2026-08-13 11:00:00,1.63518,1.63568,1.63514,1.63536,179,17,0
2026-08-13 11:15:00,1.63533,1.6355499999999998,1.6352600000000002,1.6355499999999998,164,17,0
2026-08-13 11:30:00,1.6355300000000002,1.6355499999999998,1.63521,1.63525,153,17,0
2026-08-13 11:45:00,1.6352600000000002,1.63548,1.63506,1.6352799999999998,200,17,0
2026-08-13 12:00:00,1.6353,1.6356899999999999,1.6352799999999998,1.63556,213,17,0
2026-08-13 12:15:00,1.6355300000000002,1.63575,1.63532,1.63536,219,17,0
2026-08-13 12:30:00,1.63531,1.63558,1.63367,1.63405,627,17,0
2026-08-13 12:45:00,1.63402,1.63442,1.6339000000000001,1.6339000000000001,388,17,0
2026-08-13 13:00:00,1.6339299999999999,1.63427,1.6333199999999999,1.63341,441,17,0
2026-08-13 13:15:00,1.63339,1.63398,1.63339,1.63395,334,17,0
2026-08-13 13:30:00,1.6339700000000001,1.63443,1.6334300000000002,1.63378,478,17,0
2026-08-13 13:45:00,1.6337899999999999,1.63437,1.6335,1.6343299999999998,405,17,0
2026-08-13 14:00:00,1.63432,1.6343299999999998,1.6332900000000001,1.6338599999999999,541,17,0
2026-08-13 14:15:00,1.63388,1.63411,1.6334499999999998,1.63362,435,17,0
2026-08-13 14:30:00,1.6336,1.6342400000000001,1.6333199999999999,1.6334,404,17,0
2026-08-13 14:45:00,1.63339,1.63396,1.63312,1.63396,347,17,0
2026-08-13 15:00:00,1.63394,1.6344699999999999,1.6337000000000002,1.63411,405,17,0
2026-08-13 15:15:00,1.63409,1.63446,1.63378,1.6343,364,17,0
2026-08-13 15:30:00,1.63427,1.63445,1.6337899999999999,1.63387,344,17,0
2026-08-13 15:45:00,1.63389,1.63412,1.63366,1.6338,247,17,0
2026-08-13 16:00:00,1.63382,1.63408,1.6335600000000001,1.63405,212,17,0
2026-08-13 16:15:00,1.6340400000000002,1.63411,1.63353,1.63355,243,17,0
2026-08-13 16:30:00,1.63354,1.63354,1.6332,1.63333,180,17,0
2026-08-13 16:45:00,1.63334,1.63344,1.63299,1.63314,150,17,0
2026-08-13 17:00:00,1.63312,1.63317,1.6329,1.6329500000000001,166,17,0
2026-08-13 17:15:00,1.63294,1.6332499999999999,1.63286,1.6332499999999999,110,17,0
2026-08-13 17:30:00,1.63323,1.6335,1.63323,1.63333,112,17,0
2026-08-13 17:45:00,1.6333199999999999,1.63361,1.6331099999999998,1.63358,120,17,0
2026-08-13 18:00:00,1.6335899999999999,1.6338,1.6335899999999999,1.63366,139,17,0
2026-08-13 18:15:00,1.63365,1.63376,1.6335,1.63353,86,17,0
2026-08-13 18:30:00,1.6335199999999999,1.6337199999999998,1.63347,1.6335,102,17,0
2026-08-13 18:45:00,1.6335199999999999,1.63357,1.63344,1.63351,78,17,0
2026-08-13 19:00:00,1.63348,1.63367,1.63321,1.63328,130,17,0
2026-08-13 19:15:00,1.6333199999999999,1.6334,1.63314,1.63324,133,17,0
2026-08-13 19:30:00,1.63321,1.63327,1.63307,1.6331799999999999,117,17,0
2026-08-13 19:45:00,1.63319,1.63326,1.63285,1.63289,135,17,0
2026-08-13 20:00:00,1.63292,1.63296,1.63278,1.63294,80,17,0
2026-08-13 20:15:00,1.63292,1.63301,1.63277,1.63296,68,17,0
2026-08-13 20:30:00,1.6329500000000001,1.63306,1.63289,1.6329099999999999,52,17,0
2026-08-13 20:45:00,1.63293,1.63308,1.6328200000000002,1.6328200000000002,96,17,0
2026-08-13 21:00:00,1.63281,1.63286,1.63266,1.6327099999999999,174,42,0
2026-08-13 21:15:00,1.63269,1.63274,1.63235,1.6326399999999999,231,98,0
2026-08-13 21:30:00,1.63267,1.6328,1.6324800000000002,1.6328,190,114,0
2026-08-13 21:45:00,1.63283,1.63287,1.6326399999999999,1.63287,114,98,0
2026-08-13 22:00:00,1.63289,1.63314,1.63283,1.63305,84,25,0
2026-08-13 22:15:00,1.63306,1.63319,1.6329,1.63293,55,25,0
2026-08-13 22:30:00,1.6329500000000001,1.63296,1.63281,1.63288,28,25,0
2026-08-13 22:45:00,1.63287,1.63287,1.63269,1.63277,28,25,0
2026-08-13 23:00:00,1.6328200000000002,1.63293,1.6326800000000001,1.6328,111,17,0
2026-08-13 23:15:00,1.63279,1.63297,1.63274,1.63289,58,17,0
2026-08-13 23:30:00,1.6329099999999999,1.6331,1.63276,1.63303,84,17,0
2026-08-13 23:45:00,1.63305,1.63305,1.6327099999999999,1.63278,113,17,0
2026-08-14 00:00:00,1.6328,1.63292,1.6324100000000001,1.63286,244,17,0
2026-08-14 00:15:00,1.6328399999999998,1.63308,1.63263,1.63287,175,17,0
2026-08-14 00:30:00,1.6329,1.6335899999999999,1.6329,1.63353,168,17,0
2026-08-14 00:45:00,1.6335,1.634,1.63349,1.63392,247,17,0
2026-08-14 01:00:00,1.63394,1.63449,1.63382,1.63429,295,17,0
2026-08-14 01:15:00,1.63427,1.6343,1.63344,1.63368,295,17,0
2026-08-14 01:30:00,1.63367,1.63446,1.63367,1.63426,239,17,0
2026-08-14 01:45:00,1.63423,1.6343999999999999,1.63398,1.6343299999999998,192,17,0
2026-08-14 02:00:00,1.63435,1.6346,1.63405,1.63434,211,17,0
2026-08-14 02:15:00,1.63435,1.63469,1.63428,1.63468,155,17,0
2026-08-14 02:30:00,1.63469,1.63475,1.63411,1.63418,173,17,0
2026-08-14 02:45:00,1.6341999999999999,1.63464,1.6341299999999999,1.63449,176,17,0
2026-08-14 03:00:00,1.63448,1.63471,1.6341999999999999,1.63429,166,17,0
2026-08-14 03:15:00,1.63428,1.63446,1.6339299999999999,1.63394,159,17,0
2026-08-14 03:30:00,1.6339299999999999,1.63411,1.6338300000000001,1.6338300000000001,160,17,0
2026-08-14 03:45:00,1.63381,1.63407,1.63374,1.6338300000000001,120,17,0
2026-08-14 04:00:00,1.63381,1.6340400000000002,1.63373,1.63399,130,17,0
2026-08-14 04:15:00,1.63398,1.63407,1.63354,1.63355,106,17,0
2026-08-14 04:30:00,1.6335899999999999,1.6338599999999999,1.6335199999999999,1.63381,95,17,0
2026-08-14 04:45:00,1.63382,1.63392,1.63368,1.63375,77,17,0
2026-08-14 05:00:00,1.6337199999999998,1.63398,1.63362,1.63389,105,17,0
2026-08-14 05:15:00,1.6338599999999999,1.63403,1.6335899999999999,1.63362,104,17,0
2026-08-14 05:30:00,1.6336,1.63371,1.63337,1.6335199999999999,175,17,0
2026-08-14 05:45:00,1.63351,1.63354,1.6329,1.63294,181,17,0
2026-08-14 06:00:00,1.63297,1.63339,1.63292,1.63326,227,17,0
2026-08-14 06:15:00,1.63323,1.6336300000000001,1.63299,1.63337,241,17,0
2026-08-14 06:30:00,1.63338,1.63344,1.63315,1.63327,171,17,0
2026-08-14 06:45:00,1.63324,1.63331,1.63283,1.63319,172,17,0
2026-08-14 07:00:00,1.6332,1.6335,1.63304,1.63319,254,17,0
2026-08-14 07:15:00,1.6331799999999999,1.63365,1.63307,1.63364,213,17,0
2026-08-14 07:30:00,1.63361,1.63369,1.63297,1.63316,182,17,0
2026-08-14 07:45:00,1.63315,1.6332200000000001,1.63287,1.63321,225,17,0
2026-08-14 08:00:00,1.6331799999999999,1.63375,1.63303,1.6335600000000001,241,17,0
2026-08-14 08:15:00,1.63354,1.63391,1.63337,1.63375,253,17,0
2026-08-14 08:30:00,1.6337199999999998,1.6337199999999998,1.63328,1.63366,203,17,0
2026-08-14 08:45:00,1.63367,1.6337199999999998,1.63348,1.6337199999999998,160,17,0
2026-08-14 09:00:00,1.63371,1.63371,1.63328,1.6333,185,17,0
2026-08-14 09:15:00,1.63328,1.63338,1.63305,1.63305,148,17,0
2026-08-14 09:30:00,1.63303,1.63338,1.6329,1.63307,176,17,0
2026-08-14 09:45:00,1.63308,1.6334,1.6328399999999998,1.63304,187,17,0
2026-08-14 10:00:00,1.633,1.63301,1.63253,1.6327500000000001,190,17,0
2026-08-14 10:15:00,1.63276,1.63315,1.63273,1.63276,139,17,0
2026-08-14 10:30:00,1.6327500000000001,1.6331799999999999,1.6327,1.6331799999999999,130,17,0
2026-08-14 10:45:00,1.6332,1.6332499999999999,1.63294,1.6330900000000002,136,17,0
2026-08-14 11:00:00,1.63308,1.6332900000000001,1.633,1.63315,159,17,0
2026-08-14 11:15:00,1.63317,1.6333,1.63287,1.63294,216,17,0
2026-08-14 11:30:00,1.63296,1.63361,1.6329,1.63341,273,17,0
2026-08-14 11:45:00,1.6334300000000002,1.63391,1.63316,1.63321,264,17,0
2026-08-14 12:00:00,1.63324,1.63368,1.63316,1.63349,277,17,0
2026-08-14 12:15:00,1.63348,1.63354,1.63267,1.63278,248,17,0
2026-08-14 12:30:00,1.63274,1.63378,1.63269,1.63376,557,17,0
2026-08-14 12:45:00,1.63377,1.63381,1.6332900000000001,1.63338,287,17,0
2026-08-14 13:00:00,1.6333600000000001,1.63346,1.63289,1.63338,281,17,0
2026-08-14 13:15:00,1.6334,1.63344,1.63286,1.63288,301,17,0
2026-08-14 13:30:00,1.63289,1.63351,1.6327500000000001,1.6331799999999999,521,17,0
2026-08-14 13:45:00,1.63316,1.63355,1.6330200000000001,1.6330900000000002,440,17,0
2026-08-14 14:00:00,1.63306,1.63337,1.63259,1.6331799999999999,410,17,0
2026-08-14 14:15:00,1.63316,1.63347,1.63308,1.6333199999999999,313,17,0
2026-08-14 14:30:00,1.6333,1.634,1.63314,1.6338599999999999,356,17,0
2026-08-14 14:45:00,1.63387,1.63418,1.6326399999999999,1.6330200000000001,401,17,0
2026-08-14 15:00:00,1.63301,1.6331099999999998,1.6324100000000001,1.6327099999999999,366,17,0
2026-08-14 15:15:00,1.6327,1.6330900000000002,1.63255,1.6330900000000002,274,17,0
2026-08-14 15:30:00,1.6331099999999998,1.63361,1.63306,1.63337,239,17,0
2026-08-14 15:45:00,1.6333600000000001,1.63342,1.63296,1.6332200000000001,230,17,0
2026-08-14 16:00:00,1.63324,1.6332499999999999,1.63285,1.63315,226,17,0
2026-08-14 16:15:00,1.63313,1.63347,1.6330900000000002,1.6332200000000001,199,17,0
2026-08-14 16:30:00,1.63319,1.6335199999999999,1.63299,1.6334300000000002,223,17,0
2026-08-14 16:45:00,1.63341,1.6336,1.6332200000000001,1.63339,183,17,0
2026-08-14 17:00:00,1.63337,1.63349,1.63323,1.63338,190,17,0
2026-08-14 17:15:00,1.63335,1.63335,1.63293,1.63301,143,17,0
2026-08-14 17:30:00,1.633,1.63333,1.63296,1.63333,133,17,0
2026-08-14 17:45:00,1.63334,1.63337,1.6330900000000002,1.6331799999999999,118,17,0
2026-08-14 18:00:00,1.63319,1.6334499999999998,1.63319,1.63338,117,17,0
2026-08-14 18:15:00,1.6333600000000001,1.63338,1.63316,1.63328,87,17,0
2026-08-14 18:30:00,1.6332900000000001,1.6333600000000001,1.6331,1.6331799999999999,94,17,0
2026-08-14 18:45:00,1.63321,1.6332900000000001,1.63297,1.6330200000000001,96,17,0
2026-08-14 19:00:00,1.63305,1.6332,1.63288,1.6331,123,17,0
2026-08-14 19:15:00,1.6330900000000002,1.63327,1.63297,1.633,103,17,0
2026-08-14 19:30:00,1.63297,1.63312,1.6328200000000002,1.63293,111,17,0
2026-08-14 19:45:00,1.63292,1.633,1.6328,1.63289,127,17,0
2026-08-14 20:00:00,1.6329099999999999,1.6332200000000001,1.6329,1.63294,100,17,0
2026-08-14 20:15:00,1.63293,1.63319,1.63289,1.63316,63,17,0
2026-08-14 20:30:00,1.63319,1.63338,1.63313,1.63313,92,17,0
2026-08-14 20:45:00,1.63314,1.63331,1.63296,1.63306,429,17,0
2026-08-16 21:00:00,1.63213,1.63215,1.63062,1.63083,85,139,0
2026-08-16 21:15:00,1.6308500000000001,1.63211,1.6308500000000001,1.63168,142,116,0
2026-08-16 21:30:00,1.63167,1.6322100000000002,1.63116,1.63152,174,137,0
2026-08-16 21:45:00,1.6315,1.63222,1.63023,1.63137,225,114,0
2026-08-16 22:00:00,1.63258,1.63297,1.63232,1.6327,173,17,0
2026-08-16 22:15:00,1.63276,1.6330200000000001,1.63269,1.63285,69,17,0
2026-08-16 22:30:00,1.63286,1.63297,1.63273,1.6328,73,17,0
2026-08-16 22:45:00,1.63279,1.6329500000000001,1.63266,1.63288,74,17,0
2026-08-16 23:00:00,1.63289,1.63292,1.6327,1.63286,76,17,0
2026-08-16 23:15:00,1.63288,1.6329500000000001,1.63281,1.6329099999999999,56,17,0
2026-08-16 23:30:00,1.6329,1.6331799999999999,1.6328399999999998,1.63294,81,17,0
2026-08-16 23:45:00,1.6329500000000001,1.63348,1.6329500000000001,1.63347,92,17,0
2026-08-17 00:00:00,1.63346,1.63346,1.6327099999999999,1.6327099999999999,257,17,0
2026-08-17 00:15:00,1.63269,1.6328200000000002,1.6322100000000002,1.63227,254,17,0
2026-08-17 00:30:00,1.63229,1.63246,1.63205,1.6324,200,17,0
2026-08-17 00:45:00,1.63238,1.6329500000000001,1.63238,1.6326800000000001,257,17,0
2026-08-17 01:00:00,1.63269,1.6333,1.6326100000000001,1.63319,282,17,0
2026-08-17 01:15:00,1.63317,1.63321,1.63247,1.6326399999999999,252,17,0
2026-08-17 01:30:00,1.63262,1.63274,1.63218,1.6322299999999998,230,17,0
2026-08-17 01:45:00,1.63222,1.63225,1.63184,1.63218,213,17,0
2026-08-17 02:00:00,1.6322100000000002,1.63262,1.6320999999999999,1.6324999999999998,211,17,0
2026-08-17 02:15:00,1.63253,1.63278,1.63244,1.63249,129,17,0
2026-08-17 02:30:00,1.63247,1.63277,1.63226,1.6327099999999999,172,17,0
2026-08-17 02:45:00,1.6327,1.63281,1.63254,1.63272,153,17,0
2026-08-17 03:00:00,1.63269,1.6327500000000001,1.63225,1.63245,189,17,0
2026-08-17 03:15:00,1.6324800000000002,1.6324999999999998,1.63195,1.63195,129,17,0
2026-08-17 03:30:00,1.63193,1.63219,1.63163,1.63171,142,17,0
2026-08-17 03:45:00,1.63174,1.63179,1.63124,1.63133,171,17,0
2026-08-17 04:00:00,1.6313499999999999,1.6313900000000001,1.63093,1.63111,202,17,0
2026-08-17 04:15:00,1.63109,1.63111,1.63053,1.631,184,17,0
2026-08-17 04:30:00,1.63103,1.63125,1.63093,1.63093,131,17,0
2026-08-17 04:45:00,1.63091,1.63122,1.6308799999999999,1.63118,105,17,0
2026-08-17 05:00:00,1.6311900000000001,1.63132,1.63086,1.63098,147,17,0
2026-08-17 05:15:00,1.631,1.63105,1.6306,1.63061,151,17,0
2026-08-17 05:30:00,1.6305800000000001,1.6306699999999998,1.6288399999999998,1.6290900000000001,373,17,0
2026-08-17 05:45:00,1.62908,1.62957,1.62847,1.62901,391,17,0
2026-08-17 06:00:00,1.6289799999999999,1.62921,1.62863,1.6292,406,17,0
2026-08-17 06:15:00,1.62921,1.62939,1.6286399999999999,1.6288200000000002,349,17,0
2026-08-17 06:30:00,1.6288,1.6289,1.6284800000000001,1.62863,254,17,0
2026-08-17 06:45:00,1.6286,1.62876,1.6280299999999999,1.62806,320,17,0
2026-08-17 07:00:00,1.62808,1.62873,1.6277599999999999,1.6286800000000001,459,17,0
2026-08-17 07:15:00,1.6287,1.6294300000000002,1.62836,1.6292900000000001,367,17,0
2026-08-17 07:30:00,1.6293199999999999,1.6302400000000001,1.62928,1.6299000000000001,442,17,0
2026-08-17 07:45:00,1.62989,1.63007,1.62967,1.62994,298,17,0
2026-08-17 08:00:00,1.62996,1.63068,1.62996,1.63035,317,17,0
2026-08-17 08:15:00,1.63037,1.63076,1.63026,1.63062,247,17,0
2026-08-17 08:30:00,1.63059,1.63059,1.62934,1.62951,325,17,0
2026-08-17 08:45:00,1.6295199999999999,1.62958,1.62878,1.629,372,17,0
2026-08-17 09:00:00,1.6289799999999999,1.62907,1.62822,1.6283699999999999,317,17,0
2026-08-17 09:15:00,1.62839,1.6289,1.62828,1.6289,236,17,0
2026-08-17 09:30:00,1.62887,1.62887,1.62754,1.62754,273,17,0
2026-08-17 09:45:00,1.6275300000000001,1.62767,1.6273499999999999,1.6273900000000001,177,17,0
2026-08-17 10:00:00,1.62738,1.62748,1.62711,1.6271499999999999,224,17,0
2026-08-17 10:15:00,1.62713,1.62741,1.62668,1.6267399999999999,229,17,0
2026-08-17 10:30:00,1.62677,1.6270799999999999,1.62662,1.6268,293,17,0
2026-08-17 10:45:00,1.62682,1.62718,1.6266500000000002,1.6267399999999999,195,17,0
2026-08-17 11:00:00,1.62675,1.6267800000000001,1.62635,1.62646,205,17,0
2026-08-17 11:15:00,1.62649,1.62652,1.62605,1.6263999999999998,203,17,0
2026-08-17 11:30:00,1.62643,1.627,1.62642,1.6268500000000001,214,17,0
2026-08-17 11:45:00,1.62686,1.627,1.62673,1.6268799999999999,214,17,0
2026-08-17 12:00:00,1.6268500000000001,1.62724,1.62683,1.62709,275,17,0
2026-08-17 12:15:00,1.62707,1.6278899999999998,1.6270099999999998,1.62764,400,17,0
2026-08-17 12:30:00,1.6276000000000002,1.6285699999999999,1.62747,1.62833,353,17,0
2026-08-17 12:45:00,1.6283400000000001,1.62872,1.62832,1.62836,272,17,0
2026-08-17 13:00:00,1.62833,1.6293600000000001,1.62824,1.6291,327,17,0
2026-08-17 13:15:00,1.6291099999999998,1.62957,1.6289500000000001,1.62951,264,17,0
2026-08-17 13:30:00,1.62949,1.6301,1.62926,1.62992,389,17,0
2026-08-17 13:45:00,1.62995,1.6301,1.62935,1.6293600000000001,388,17,0
2026-08-17 14:00:00,1.62938,1.62962,1.6284100000000001,1.62847,356,17,0
2026-08-17 14:15:00,1.62845,1.62872,1.62785,1.62817,411,17,0
2026-08-17 14:30:00,1.62815,1.62824,1.62752,1.62792,369,17,0
2026-08-17 14:45:00,1.62795,1.62947,1.62781,1.6291600000000002,615,17,0
2026-08-17 15:00:00,1.62914,1.6291799999999999,1.6286800000000001,1.6288399999999998,379,17,0
2026-08-17 15:15:00,1.62881,1.6290900000000001,1.6287,1.6288200000000002,233,17,0
2026-08-17 15:30:00,1.6288,1.62948,1.62874,1.6294499999999998,258,17,0
2026-08-17 15:45:00,1.62942,1.6296599999999999,1.62923,1.6295,228,17,0
2026-08-17 16:00:00,1.62948,1.6295600000000001,1.62904,1.62919,207,17,0
2026-08-17 16:15:00,1.6292,1.62942,1.6290499999999999,1.62906,139,17,0
2026-08-17 16:30:00,1.62907,1.62928,1.62899,1.62926,128,17,0
2026-08-17 16:45:00,1.62924,1.6293600000000001,1.62912,1.6293600000000001,128,17,0
2026-08-17 17:00:00,1.62934,1.6294300000000002,1.6291799999999999,1.6292,144,17,0
2026-08-17 17:15:00,1.62921,1.6296,1.6291,1.62947,181,17,0
2026-08-17 17:30:00,1.62948,1.6297700000000002,1.6294499999999998,1.6295199999999999,206,17,0
2026-08-17 17:45:00,1.6295,1.6296,1.62934,1.6294300000000002,128,17,0
2026-08-17 18:00:00,1.62946,1.62965,1.62933,1.62938,173,17,0
2026-08-17 18:15:00,1.6294,1.62965,1.62933,1.6294300000000002,151,17,0
2026-08-17 18:30:00,1.62941,1.62958,1.62934,1.6294300000000002,163,17,0
2026-08-17 18:45:00,1.6294499999999998,1.6295,1.62914,1.62941,162,17,0
2026-08-17 19:00:00,1.62942,1.62978,1.62942,1.62975,144,17,0
2026-08-17 19:15:00,1.62974,1.62974,1.62935,1.6294,126,17,0
2026-08-17 19:30:00,1.62939,1.62967,1.62939,1.62957,102,17,0
2026-08-17 19:45:00,1.62958,1.62976,1.6295600000000001,1.6297000000000001,104,17,0
2026-08-17 20:00:00,1.62967,1.6298,1.62955,1.62968,89,17,0
2026-08-17 20:15:00,1.62967,1.6297000000000001,1.62955,1.62964,59,17,0
2026-08-17 20:30:00,1.62965,1.62985,1.62961,1.6298300000000001,82,17,0
2026-08-17 20:45:00,1.62984,1.63001,1.62978,1.6298,107,16,0
2026-08-17 21:00:00,1.62981,1.62985,1.62889,1.62893,182,32,0
2026-08-17 21:15:00,1.6289099999999999,1.62941,1.62889,1.6292900000000001,218,90,0
2026-08-17 21:30:00,1.6293,1.6293600000000001,1.62913,1.62927,98,94,0
2026-08-17 21:45:00,1.6292499999999999,1.62941,1.6292499999999999,1.62941,80,78,0
2026-08-17 22:00:00,1.6294300000000002,1.6298300000000001,1.6294300000000002,1.6296599999999999,93,25,0
2026-08-17 22:15:00,1.62967,1.6297199999999998,1.6295199999999999,1.6295600000000001,53,25,0
2026-08-17 22:30:00,1.62958,1.6295899999999999,1.62934,1.62937,47,25,0
2026-08-17 22:45:00,1.6293600000000001,1.6295199999999999,1.62933,1.62933,48,25,0
2026-08-17 23:00:00,1.6293600000000001,1.6295199999999999,1.62934,1.6294,38,17,0
2026-08-17 23:15:00,1.62939,1.62954,1.62935,1.6294,63,17,0
2026-08-17 23:30:00,1.62942,1.6296,1.62933,1.6295899999999999,70,17,0
2026-08-17 23:45:00,1.6296,1.6296300000000001,1.62935,1.62938,81,17,0
2026-08-18 00:00:00,1.62935,1.62957,1.6292200000000001,1.6292900000000001,196,17,0
2026-08-18 00:15:00,1.6293199999999999,1.62937,1.62887,1.6291099999999998,152,17,0
2026-08-18 00:30:00,1.6291,1.62915,1.6286,1.6286,194,17,0
2026-08-18 00:45:00,1.62862,1.62919,1.6286,1.62914,189,17,0
2026-08-18 01:00:00,1.62913,1.62921,1.6286,1.6286,263,17,0
2026-08-18 01:15:00,1.62859,1.62899,1.62849,1.62887,203,17,0
2026-08-18 01:30:00,1.6289099999999999,1.6290499999999999,1.6286399999999999,1.62903,149,17,0
2026-08-18 01:45:00,1.62907,1.62928,1.62896,1.62924,239,17,0
2026-08-18 02:00:00,1.6292499999999999,1.6293199999999999,1.62896,1.62923,216,17,0
2026-08-18 02:15:00,1.62921,1.62924,1.62874,1.6288200000000002,192,17,0
2026-08-18 02:30:00,1.6288399999999998,1.62889,1.62829,1.6284999999999998,168,17,0
2026-08-18 02:45:00,1.62851,1.62853,1.62817,1.62839,152,17,0
2026-08-18 03:00:00,1.62838,1.6284999999999998,1.6282299999999998,1.62831,156,17,0
2026-08-18 03:15:00,1.62829,1.62885,1.62825,1.62885,147,17,0
2026-08-18 03:30:00,1.62883,1.62926,1.62872,1.62921,198,17,0
2026-08-18 03:45:00,1.6292,1.62948,1.62915,1.62934,128,17,0
2026-08-18 04:00:00,1.62933,1.6294,1.62904,1.6291099999999998,160,17,0
2026-08-18 04:15:00,1.62913,1.6296,1.6291099999999998,1.6294,204,17,0
2026-08-18 04:30:00,1.62938,1.62953,1.6293,1.62946,97,17,0
2026-08-18 04:45:00,1.62949,1.6299299999999999,1.62949,1.6296599999999999,131,17,0
2026-08-18 05:00:00,1.62967,1.63042,1.62967,1.63036,133,17,0
2026-08-18 05:15:00,1.63032,1.63046,1.62994,1.63046,160,17,0
2026-08-18 05:30:00,1.63048,1.63049,1.63,1.63018,136,17,0
2026-08-18 05:45:00,1.6301700000000001,1.63021,1.62967,1.62981,168,17,0
2026-08-18 06:00:00,1.62984,1.63018,1.62947,1.62947,352,17,0
2026-08-18 06:15:00,1.62949,1.6303800000000002,1.62949,1.63016,244,17,0
2026-08-18 06:30:00,1.6301299999999999,1.63015,1.62941,1.6299000000000001,298,17,0
2026-08-18 06:45:00,1.62992,1.6304400000000001,1.62967,1.62967,270,17,0
2026-08-18 07:00:00,1.62965,1.6298,1.6292900000000001,1.62947,346,17,0
2026-08-18 07:15:00,1.62949,1.62992,1.62933,1.6297199999999998,271,17,0
2026-08-18 07:30:00,1.6297000000000001,1.63012,1.6295199999999999,1.6295199999999999,270,17,0
2026-08-18 07:45:00,1.62951,1.62965,1.62933,1.62947,197,17,0
2026-08-18 08:00:00,1.62944,1.62971,1.62901,1.6291,320,17,0
2026-08-18 08:15:00,1.62908,1.62957,1.629,1.6293199999999999,183,17,0
2026-08-18 08:30:00,1.6292900000000001,1.62949,1.62914,1.62915,173,17,0
2026-08-18 08:45:00,1.6291799999999999,1.62989,1.6291799999999999,1.62953,193,17,0
2026-08-18 09:00:00,1.62955,1.62961,1.6293600000000001,1.62949,196,17,0
2026-08-18 09:15:00,1.6295,1.62974,1.62906,1.6291099999999998,203,17,0
2026-08-18 09:30:00,1.6291,1.6293,1.6286800000000001,1.6291,248,17,0
2026-08-18 09:45:00,1.62912,1.62912,1.62842,1.6287,199,17,0
2026-08-18 10:00:00,1.62867,1.62874,1.62839,1.62852,212,17,0
2026-08-18 10:15:00,1.6284999999999998,1.62885,1.62845,1.62873,143,17,0
2026-08-18 10:30:00,1.62874,1.6288200000000002,1.62852,1.62865,143,17,0
2026-08-18 10:45:00,1.62867,1.62892,1.62867,1.62883,138,17,0
2026-08-18 11:00:00,1.62886,1.62901,1.62867,1.62867,152,17,0
2026-08-18 11:15:00,1.62869,1.62872,1.62849,1.62867,133,17,0
2026-08-18 11:30:00,1.6287,1.6287500000000001,1.6284399999999999,1.6284399999999999,154,17,0
2026-08-18 11:45:00,1.62843,1.62845,1.62795,1.6280299999999999,151,17,0
2026-08-18 12:00:00,1.62806,1.62808,1.62767,1.62778,262,17,0
2026-08-18 12:15:00,1.6277599999999999,1.6278700000000002,1.6274600000000001,1.62748,230,17,0
2026-08-18 12:30:00,1.6275,1.62779,1.6274,1.6276000000000002,213,17,0
2026-08-18 12:45:00,1.62757,1.6278299999999999,1.6274600000000001,1.62756,243,17,0
2026-08-18 13:00:00,1.62758,1.62785,1.6272799999999998,1.62743,262,17,0
2026-08-18 13:15:00,1.6274600000000001,1.62767,1.6273,1.62764,255,17,0
2026-08-18 13:30:00,1.6276199999999998,1.62798,1.62696,1.6275,521,17,0
2026-08-18 13:45:00,1.62748,1.62843,1.62748,1.62765,426,17,0
2026-08-18 14:00:00,1.6276199999999998,1.62903,1.6276199999999998,1.62878,434,17,0
2026-08-18 14:15:00,1.62876,1.62947,1.6286100000000001,1.62944,347,17,0
2026-08-18 14:30:00,1.62946,1.63053,1.6293600000000001,1.63052,371,17,0
2026-08-18 14:45:00,1.6305,1.63158,1.63042,1.63131,528,17,0
2026-08-18 15:00:00,1.63129,1.63166,1.63089,1.63156,466,17,0
2026-08-18 15:15:00,1.63158,1.6319599999999999,1.63134,1.63158,342,17,0
2026-08-18 15:30:00,1.6315499999999998,1.6318000000000001,1.6314600000000001,1.63163,359,17,0
2026-08-18 15:45:00,1.63161,1.63183,1.63136,1.63174,303,17,0
2026-08-18 16:00:00,1.63171,1.63252,1.6316199999999998,1.63247,241,17,0
2026-08-18 16:15:00,1.6324999999999998,1.6329799999999999,1.63244,1.63283,255,17,0
2026-08-18 16:30:00,1.63285,1.63319,1.63266,1.6331099999999998,209,17,0
2026-08-18 16:45:00,1.63313,1.63323,1.63259,1.6326,170,17,0
2026-08-18 17:00:00,1.63262,1.633,1.6325699999999999,1.63259,208,17,0
2026-08-18 17:15:00,1.63258,1.6330200000000001,1.63249,1.63301,168,17,0
2026-08-18 17:30:00,1.63305,1.6332499999999999,1.6329,1.63317,141,17,0
2026-08-18 17:45:00,1.63316,1.6334499999999998,1.63314,1.63344,78,17,0
2026-08-18 18:00:00,1.63346,1.63399,1.63346,1.63381,151,17,0
2026-08-18 18:15:00,1.6337899999999999,1.63436,1.63369,1.63405,175,17,0
2026-08-18 18:30:00,1.6340400000000002,1.63407,1.63381,1.6339299999999999,122,17,0
2026-08-18 18:45:00,1.63392,1.63409,1.6338300000000001,1.63385,131,17,0
2026-08-18 19:00:00,1.63387,1.634,1.63353,1.63358,152,17,0
2026-08-18 19:15:00,1.6335899999999999,1.6339000000000001,1.6335899999999999,1.63371,102,17,0
2026-08-18 19:30:00,1.63369,1.63388,1.63355,1.6337199999999998,139,17,0
2026-08-18 19:45:00,1.63373,1.6339000000000001,1.63358,1.63382,185,17,0
2026-08-18 20:00:00,1.63385,1.63387,1.63357,1.63362,111,17,0
2026-08-18 20:15:00,1.63361,1.63387,1.6336,1.63375,64,17,0
2026-08-18 20:30:00,1.63374,1.63377,1.6335600000000001,1.63365,78,17,0
2026-08-18 20:45:00,1.63364,1.63373,1.63346,1.63346,128,15,0
2026-08-18 21:00:00,1.63347,1.63355,1.6331,1.63316,221,26,0
2026-08-18 21:15:00,1.63317,1.63321,1.63287,1.6329799999999999,200,168,0
2026-08-18 21:30:00,1.63297,1.63327,1.63287,1.63306,234,134,0
2026-08-18 21:45:00,1.63307,1.6333600000000001,1.63299,1.63334,164,116,0
2026-08-18 22:00:00,1.63337,1.63368,1.6331,1.63366,109,25,0
2026-08-18 22:15:00,1.63367,1.63371,1.63353,1.63366,65,25,0
2026-08-18 22:30:00,1.63367,1.63403,1.63365,1.63384,83,25,0
2026-08-18 22:45:00,1.6338599999999999,1.63412,1.63378,1.63409,50,25,0
2026-08-18 23:00:00,1.6341299999999999,1.63457,1.63412,1.63453,67,17,0
2026-08-18 23:15:00,1.63455,1.63472,1.63452,1.63461,67,17,0
2026-08-18 23:30:00,1.6346,1.63475,1.6343299999999998,1.6347399999999999,107,17,0
2026-08-18 23:45:00,1.63472,1.6348099999999999,1.63442,1.63469,146,17,0
2026-08-19 00:00:00,1.63466,1.63551,1.63457,1.63473,376,17,0
2026-08-19 00:15:00,1.63476,1.63495,1.6341700000000001,1.6343,271,17,0
2026-08-19 00:30:00,1.63429,1.63493,1.6342400000000001,1.63472,279,17,0
2026-08-19 00:45:00,1.63471,1.63597,1.63471,1.63597,323,17,0
2026-08-19 01:00:00,1.63594,1.63594,1.6351499999999999,1.63564,368,17,0
2026-08-19 01:15:00,1.63567,1.6368200000000002,1.6356600000000001,1.6358700000000002,465,17,0
2026-08-19 01:30:00,1.6359,1.63629,1.6357300000000001,1.63593,271,17,0
2026-08-19 01:45:00,1.63592,1.63644,1.63579,1.63608,262,17,0
2026-08-19 02:00:00,1.63611,1.63629,1.63578,1.63606,245,17,0
2026-08-19 02:15:00,1.63609,1.6366,1.63585,1.6364800000000002,401,17,0
2026-08-19 02:30:00,1.6364999999999998,1.63689,1.63599,1.6360000000000001,258,17,0
2026-08-19 02:45:00,1.6360299999999999,1.63622,1.63532,1.63613,381,17,0
2026-08-19 03:00:00,1.63615,1.63699,1.63615,1.63689,210,17,0
2026-08-19 03:15:00,1.6369,1.63704,1.63674,1.63704,119,17,0
2026-08-19 03:30:00,1.63701,1.63717,1.63672,1.6371099999999998,173,17,0
2026-08-19 03:45:00,1.63713,1.63737,1.63713,1.63735,152,17,0
2026-08-19 04:00:00,1.63733,1.6377199999999998,1.63721,1.63757,165,17,0
2026-08-19 04:15:00,1.6375899999999999,1.63798,1.63748,1.6378599999999999,161,17,0
2026-08-19 04:30:00,1.63782,1.63852,1.63771,1.63852,172,17,0
2026-08-19 04:45:00,1.6385,1.6391200000000001,1.63795,1.6379899999999998,229,17,0
2026-08-19 05:00:00,1.63802,1.63897,1.63773,1.6389399999999998,269,17,0
2026-08-19 05:15:00,1.63896,1.63911,1.63843,1.6384699999999999,236,17,0
2026-08-19 05:30:00,1.63848,1.63927,1.63838,1.6390799999999999,268,17,0
2026-08-19 05:45:00,1.6391,1.63954,1.6388500000000001,1.63924,275,17,0
2026-08-19 06:00:00,1.63927,1.63992,1.63906,1.6398700000000002,293,17,0
2026-08-19 06:15:00,1.63988,1.63988,1.6385999999999998,1.6387800000000001,365,17,0
2026-08-19 06:30:00,1.63877,1.63952,1.63853,1.63929,311,17,0
2026-08-19 06:45:00,1.63927,1.6400000000000001,1.63888,1.6389399999999998,417,17,0
2026-08-19 07:00:00,1.6389200000000002,1.63936,1.63826,1.6393499999999999,455,17,0
2026-08-19 07:15:00,1.63934,1.6400000000000001,1.63932,1.63988,305,17,0
2026-08-19 07:30:00,1.63985,1.6401599999999998,1.6395499999999998,1.63986,316,17,0
2026-08-19 07:45:00,1.6398700000000002,1.6402,1.63967,1.63997,290,17,0
2026-08-19 08:00:00,1.6400000000000001,1.64026,1.63879,1.63898,520,17,0
2026-08-19 08:15:00,1.63899,1.63904,1.63827,1.6383999999999999,332,17,0
2026-08-19 08:30:00,1.63843,1.63887,1.63836,1.63872,253,17,0
2026-08-19 08:45:00,1.63875,1.63902,1.63852,1.63866,266,17,0
2026-08-19 09:00:00,1.63868,1.63875,1.63789,1.63825,307,17,0
2026-08-19 09:15:00,1.63827,1.63889,1.63826,1.63883,306,17,0
2026-08-19 09:30:00,1.6388500000000001,1.63917,1.63873,1.6391200000000001,236,17,0
2026-08-19 09:45:00,1.6391,1.63947,1.6389,1.63936,235,17,0
2026-08-19 10:00:00,1.63937,1.64009,1.63927,1.63964,234,17,0
2026-08-19 10:15:00,1.63965,1.64039,1.63959,1.64009,213,17,0
2026-08-19 10:30:00,1.64012,1.64029,1.63997,1.6401,196,17,0
2026-08-19 10:45:00,1.64011,1.64018,1.63986,1.64011,226,17,0
2026-08-19 11:00:00,1.64009,1.64032,1.63982,1.6398899999999998,263,17,0
2026-08-19 11:15:00,1.63988,1.6404800000000002,1.63988,1.64043,169,17,0
2026-08-19 11:30:00,1.6404100000000001,1.6406100000000001,1.64012,1.6405699999999999,254,17,0
2026-08-19 11:45:00,1.64056,1.64074,1.64009,1.64013,275,17,0
2026-08-19 12:00:00,1.64012,1.64036,1.6396,1.6397300000000001,268,17,0
2026-08-19 12:15:00,1.63971,1.63978,1.6390799999999999,1.6392,297,17,0
2026-08-19 12:30:00,1.63918,1.6392,1.63827,1.63896,862,17,0
2026-08-19 12:45:00,1.63898,1.6397300000000001,1.6384400000000001,1.6389399999999998,792,17,0
2026-08-19 13:00:00,1.63896,1.6392,1.63582,1.63598,1014,17,0
2026-08-19 13:15:00,1.63601,1.6368200000000002,1.63586,1.63642,731,17,0
2026-08-19 13:30:00,1.6364100000000001,1.6371,1.63588,1.63644,869,17,0
2026-08-19 13:45:00,1.63642,1.6379899999999998,1.63615,1.63741,820,17,0
2026-08-19 14:00:00,1.63744,1.6377199999999998,1.63663,1.6373199999999999,736,17,0
2026-08-19 14:15:00,1.63735,1.63876,1.6372900000000001,1.63787,707,17,0
2026-08-19 14:30:00,1.6379000000000001,1.6385999999999998,1.63764,1.638,595,17,0
2026-08-19 14:45:00,1.6380400000000002,1.6385999999999998,1.63748,1.63798,720,17,0
2026-08-19 15:00:00,1.6379899999999998,1.63825,1.63686,1.63728,598,17,0
2026-08-19 15:15:00,1.63726,1.6375600000000001,1.63669,1.63706,461,17,0
2026-08-19 15:30:00,1.63704,1.6375899999999999,1.63697,1.63733,376,17,0
2026-08-19 15:45:00,1.63735,1.63803,1.6373,1.63769,333,17,0
2026-08-19 16:00:00,1.6377199999999998,1.6377899999999999,1.63734,1.63753,280,17,0
2026-08-19 16:15:00,1.63751,1.63784,1.63723,1.63778,237,17,0
2026-08-19 16:30:00,1.63777,1.63803,1.63773,1.6378599999999999,191,17,0
2026-08-19 16:45:00,1.63785,1.6381700000000001,1.63773,1.63807,200,17,0
2026-08-19 17:00:00,1.6381000000000001,1.63845,1.6377199999999998,1.63836,280,17,0
2026-08-19 17:15:00,1.63835,1.6387,1.63835,1.6385800000000001,173,17,0
2026-08-19 17:30:00,1.63857,1.6388,1.63839,1.6387399999999999,177,17,0
2026-08-19 17:45:00,1.63873,1.6392099999999998,1.63855,1.63893,298,17,0
2026-08-19 18:00:00,1.6389,1.6393499999999999,1.6386699999999998,1.6393499999999999,491,17,0
2026-08-19 18:15:00,1.63934,1.63957,1.63922,1.63922,216,17,0
2026-08-19 18:30:00,1.63918,1.6394,1.63903,1.63929,219,17,0
2026-08-19 18:45:00,1.63927,1.63933,1.63861,1.6389399999999998,239,17,0
2026-08-19 19:00:00,1.63893,1.63893,1.63837,1.63875,272,17,0
2026-08-19 19:15:00,1.63879,1.6389,1.63861,1.63877,173,17,0
2026-08-19 19:30:00,1.63875,1.6389200000000002,1.63815,1.63821,242,17,0
2026-08-19 19:45:00,1.6382400000000001,1.6391900000000001,1.63822,1.6390500000000001,306,17,0
2026-08-19 20:00:00,1.63903,1.63922,1.63886,1.63917,172,17,0
2026-08-19 20:15:00,1.63918,1.63931,1.63897,1.63898,98,17,0
2026-08-19 20:30:00,1.639,1.6391499999999999,1.6389399999999998,1.63903,93,17,0
2026-08-19 20:45:00,1.63904,1.63909,1.63877,1.63896,102,15,0
2026-08-19 21:00:00,1.63895,1.63895,1.63856,1.63873,84,15,0
2026-08-19 21:15:00,1.63875,1.63888,1.6385399999999999,1.63875,195,56,0
2026-08-19 21:30:00,1.63876,1.6388099999999999,1.63872,1.63877,106,62,0
2026-08-19 21:45:00,1.6388,1.63888,1.63866,1.63879,133,50,0
2026-08-19 22:00:00,1.63882,1.63936,1.63877,1.63902,155,25,0
2026-08-19 22:15:00,1.63903,1.63906,1.63871,1.63871,55,25,0
2026-08-19 22:30:00,1.63869,1.63869,1.63829,1.63849,73,25,0
2026-08-19 22:45:00,1.63848,1.63861,1.6383,1.63861,77,25,0
2026-08-19 23:00:00,1.63862,1.63866,1.63798,1.63818,184,17,0
2026-08-19 23:15:00,1.6381700000000001,1.6384400000000001,1.63816,1.63842,120,17,0
2026-08-19 23:30:00,1.63841,1.63879,1.63835,1.6385999999999998,134,17,0
2026-08-19 23:45:00,1.63859,1.63896,1.63859,1.63889,139,17,0
2026-08-20 00:00:00,1.63893,1.63931,1.63871,1.6388099999999999,380,17,0
2026-08-20 00:15:00,1.63883,1.63909,1.6386500000000002,1.63887,333,17,0
2026-08-20 00:30:00,1.63886,1.63933,1.63886,1.63922,235,17,0
2026-08-20 00:45:00,1.63925,1.6406,1.63925,1.64035,376,17,0
2026-08-20 01:00:00,1.64032,1.64045,1.6396899999999999,1.6398899999999998,423,17,0
2026-08-20 01:15:00,1.63992,1.64002,1.6389200000000002,1.63907,428,17,0
2026-08-20 01:30:00,1.63904,1.6436600000000001,1.63904,1.64165,1150,17,0
2026-08-20 01:45:00,1.64162,1.64232,1.6409099999999999,1.64103,691,17,0
2026-08-20 02:00:00,1.64106,1.64154,1.6406100000000001,1.64148,477,17,0
2026-08-20 02:15:00,1.64146,1.64166,1.64115,1.6414900000000001,361,17,0
2026-08-20 02:30:00,1.6415199999999999,1.64174,1.64135,1.64143,282,17,0
2026-08-20 02:45:00,1.64144,1.64166,1.64082,1.64106,223,17,0
2026-08-20 03:00:00,1.64105,1.64131,1.64085,1.64101,238,17,0
2026-08-20 03:15:00,1.641,1.64108,1.64049,1.64054,226,17,0
2026-08-20 03:30:00,1.64056,1.64089,1.64056,1.6407,199,17,0
2026-08-20 03:45:00,1.64073,1.64073,1.64024,1.64043,136,17,0
2026-08-20 04:00:00,1.64042,1.64044,1.6395,1.63961,180,17,0
2026-08-20 04:15:00,1.6396,1.64001,1.6396,1.6399599999999999,162,17,0
2026-08-20 04:30:00,1.63998,1.6406,1.63998,1.64058,158,17,0
2026-08-20 04:45:00,1.64056,1.64115,1.64054,1.64079,188,17,0
2026-08-20 05:00:00,1.64081,1.64103,1.6406100000000001,1.64083,201,17,0
2026-08-20 05:15:00,1.6408399999999999,1.641,1.6403699999999999,1.64073,222,17,0
2026-08-20 05:30:00,1.64076,1.64097,1.64052,1.6406800000000001,275,17,0
2026-08-20 05:45:00,1.64069,1.64103,1.64038,1.64101,245,17,0
2026-08-20 06:00:00,1.64103,1.64116,1.6403400000000001,1.6409500000000001,294,17,0
2026-08-20 06:15:00,1.6409799999999999,1.64119,1.6406,1.64065,253,17,0
2026-08-20 06:30:00,1.6406399999999999,1.6409,1.64043,1.64071,243,17,0
2026-08-20 06:45:00,1.6406800000000001,1.64107,1.64053,1.64089,334,17,0
2026-08-20 07:00:00,1.64086,1.6412200000000001,1.64026,1.6404,363,17,0
2026-08-20 07:15:00,1.64039,1.6408800000000001,1.6402,1.64031,333,17,0
2026-08-20 07:30:00,1.64035,1.64127,1.64035,1.64126,398,17,0
2026-08-20 07:45:00,1.64124,1.64141,1.64086,1.64134,353,17,0
2026-08-20 08:00:00,1.6413600000000002,1.64162,1.64107,1.6410900000000002,366,17,0
2026-08-20 08:15:00,1.64108,1.6411099999999998,1.6406399999999999,1.64087,344,17,0
2026-08-20 08:30:00,1.6409,1.6416300000000001,1.6409,1.6416300000000001,337,17,0
2026-08-20 08:45:00,1.64162,1.64222,1.64153,1.64205,292,17,0
2026-08-20 09:00:00,1.64203,1.64219,1.64171,1.64194,335,17,0
2026-08-20 09:15:00,1.64196,1.64196,1.64139,1.64166,418,17,0
2026-08-20 09:30:00,1.64165,1.6421700000000001,1.6415899999999999,1.64209,320,17,0
2026-08-20 09:45:00,1.6421000000000001,1.64256,1.6417899999999999,1.6421999999999999,299,17,0
2026-08-20 10:00:00,1.64223,1.64238,1.64177,1.64205,283,17,0
2026-08-20 10:15:00,1.64203,1.64221,1.64158,1.64169,316,17,0
2026-08-20 10:30:00,1.64166,1.64193,1.64146,1.64187,273,17,0
2026-08-20 10:45:00,1.6418599999999999,1.64227,1.64164,1.6419899999999998,331,17,0
2026-08-20 11:00:00,1.642,1.64269,1.64176,1.6425999999999998,370,17,0
2026-08-20 11:15:00,1.6425800000000002,1.64275,1.64241,1.6426699999999999,321,17,0
2026-08-20 11:30:00,1.6426500000000002,1.64276,1.64236,1.64272,375,17,0
2026-08-20 11:45:00,1.6427100000000001,1.64359,1.64266,1.64359,468,17,0
2026-08-20 12:00:00,1.64356,1.6442299999999999,1.6433499999999999,1.64404,564,17,0
2026-08-20 12:15:00,1.64402,1.6444299999999998,1.6436,1.64367,422,17,0
2026-08-20 12:30:00,1.64377,1.64378,1.6429,1.64297,538,17,0
2026-08-20 12:45:00,1.64299,1.6431200000000001,1.6420599999999999,1.64234,422,17,0
2026-08-20 13:00:00,1.64232,1.64235,1.64153,1.64161,405,17,0
2026-08-20 13:15:00,1.6416,1.64176,1.64092,1.64114,414,17,0
2026-08-20 13:30:00,1.6411099999999998,1.64116,1.6399,1.6400700000000001,542,17,0
2026-08-20 13:45:00,1.6401,1.64105,1.6400700000000001,1.64051,548,17,0
2026-08-20 14:00:00,1.6404800000000002,1.64073,1.63952,1.6399599999999999,600,17,0
2026-08-20 14:15:00,1.63998,1.64065,1.6399599999999999,1.64044,522,17,0
2026-08-20 14:30:00,1.6404100000000001,1.64058,1.63968,1.63991,422,17,0
2026-08-20 14:45:00,1.63993,1.64056,1.63982,1.6404999999999998,520,17,0
2026-08-20 15:00:00,1.6404800000000002,1.6404999999999998,1.6393,1.6404100000000001,885,17,0
2026-08-20 15:15:00,1.64038,1.6404100000000001,1.6393900000000001,1.63941,478,17,0
2026-08-20 15:30:00,1.63944,1.64087,1.63941,1.6406100000000001,532,17,0
2026-08-20 15:45:00,1.6405699999999999,1.64069,1.64035,1.6403699999999999,427,17,0
2026-08-20 16:00:00,1.64035,1.6409,1.64035,1.64063,300,17,0
2026-08-20 16:15:00,1.64065,1.64108,1.64049,1.64082,256,17,0
2026-08-20 16:30:00,1.6408399999999999,1.64101,1.64069,1.64089,280,17,0
2026-08-20 16:45:00,1.6408800000000001,1.6412499999999999,1.64071,1.6411,210,17,0
2026-08-20 17:00:00,1.64107,1.6414,1.64104,1.64123,178,17,0
2026-08-20 17:15:00,1.6412499999999999,1.64131,1.64104,1.64131,146,17,0
2026-08-20 17:30:00,1.64132,1.64132,1.64106,1.64116,137,17,0
2026-08-20 17:45:00,1.64115,1.6414,1.64114,1.64132,128,17,0
2026-08-20 18:00:00,1.64133,1.6421299999999999,1.64131,1.64211,210,17,0
2026-08-20 18:15:00,1.64212,1.64239,1.64202,1.64216,139,17,0
2026-08-20 18:30:00,1.6421700000000001,1.64226,1.64194,1.64203,137,17,0
2026-08-20 18:45:00,1.64205,1.64207,1.64177,1.64192,147,17,0
2026-08-20 19:00:00,1.6419000000000001,1.64198,1.64174,1.6418599999999999,181,17,0
2026-08-20 19:15:00,1.64187,1.64201,1.64175,1.64177,126,17,0
2026-08-20 19:30:00,1.64175,1.6421700000000001,1.64166,1.6418,169,17,0
2026-08-20 19:45:00,1.6417899999999999,1.64191,1.64151,1.6417899999999999,195,17,0
2026-08-20 20:00:00,1.64176,1.64185,1.64157,1.64169,105,17,0
2026-08-20 20:15:00,1.64168,1.64185,1.64157,1.64178,68,17,0
2026-08-20 20:30:00,1.64181,1.6418599999999999,1.64165,1.6417000000000002,48,17,0
2026-08-20 20:45:00,1.6417199999999998,1.6418300000000001,1.6416300000000001,1.64174,129,15,0
2026-08-20 21:00:00,1.64173,1.64173,1.64148,1.64153,168,18,0
2026-08-20 21:15:00,1.64154,1.64155,1.64137,1.64153,243,88,0
2026-08-20 21:30:00,1.64153,1.64158,1.64134,1.64143,201,86,0
2026-08-20 21:45:00,1.64143,1.64157,1.64127,1.64157,284,132,0
2026-08-20 22:00:00,1.6416,1.64229,1.64116,1.64209,116,25,0
2026-08-20 22:15:00,1.64211,1.64212,1.6417899999999999,1.64208,74,25,0
2026-08-20 22:30:00,1.64207,1.64207,1.64175,1.64187,66,25,0
2026-08-20 22:45:00,1.6419000000000001,1.64192,1.64166,1.64188,83,25,0
2026-08-20 23:00:00,1.64192,1.64196,1.64173,1.64194,82,17,0
2026-08-20 23:15:00,1.64195,1.64209,1.64176,1.6417899999999999,61,17,0
2026-08-20 23:30:00,1.64181,1.64189,1.64157,1.64185,70,17,0
2026-08-20 23:45:00,1.64184,1.64187,1.64144,1.64168,141,17,0
2026-08-21 00:00:00,1.64166,1.64166,1.64044,1.6406100000000001,303,17,0
2026-08-21 00:15:00,1.64062,1.64086,1.6404100000000001,1.6407,211,17,0
2026-08-21 00:30:00,1.64071,1.6408,1.64025,1.64031,190,17,0
2026-08-21 00:45:00,1.6402999999999999,1.64059,1.64009,1.64052,247,17,0
2026-08-21 01:00:00,1.64054,1.64081,1.64029,1.64032,310,17,0
2026-08-21 01:15:00,1.64033,1.64045,1.63949,1.63965,302,17,0
2026-08-21 01:30:00,1.63968,1.6398700000000002,1.6394600000000001,1.6395499999999998,225,17,0
2026-08-21 01:45:00,1.6395300000000002,1.63957,1.63862,1.6386500000000002,268,17,0
2026-08-21 02:00:00,1.63866,1.6387399999999999,1.63841,1.63857,215,17,0
2026-08-21 02:15:00,1.6385399999999999,1.6385999999999998,1.63754,1.63802,294,17,0
2026-08-21 02:30:00,1.63798,1.63839,1.6378300000000001,1.63837,189,17,0
2026-08-21 02:45:00,1.63836,1.6384699999999999,1.63771,1.63816,273,17,0
2026-08-21 03:00:00,1.63815,1.6382400000000001,1.6379000000000001,1.63808,189,17,0
2026-08-21 03:15:00,1.63807,1.63807,1.63742,1.63787,176,17,0
2026-08-21 03:30:00,1.6379000000000001,1.638,1.63708,1.6372200000000001,190,17,0
2026-08-21 03:45:00,1.6372,1.63755,1.6371099999999998,1.6374900000000001,159,17,0
2026-08-21 04:00:00,1.63751,1.6375899999999999,1.6373199999999999,1.63739,131,17,0
2026-08-21 04:15:00,1.63737,1.6377000000000002,1.63733,1.63765,104,17,0
2026-08-21 04:30:00,1.63766,1.63788,1.63747,1.63748,91,17,0
2026-08-21 04:45:00,1.6374900000000001,1.63774,1.63719,1.6374900000000001,141,17,0
2026-08-21 05:00:00,1.63746,1.63776,1.63744,1.63767,147,17,0
2026-08-21 05:15:00,1.63769,1.6377199999999998,1.63748,1.6374900000000001,123,17,0
2026-08-21 05:30:00,1.6375199999999999,1.63768,1.63716,1.6372499999999999,188,17,0
2026-08-21 05:45:00,1.63727,1.63766,1.637,1.63715,251,17,0
2026-08-21 06:00:00,1.6371799999999999,1.63733,1.63656,1.6365699999999999,252,17,0
2026-08-21 06:15:00,1.63659,1.63717,1.63647,1.6365699999999999,297,17,0
2026-08-21 06:30:00,1.6366,1.63685,1.63615,1.63674,284,17,0
2026-08-21 06:45:00,1.63672,1.6371099999999998,1.63666,1.63708,292,17,0
2026-08-21 07:00:00,1.63705,1.6371099999999998,1.6363699999999999,1.63663,332,17,0
2026-08-21 07:15:00,1.63666,1.63701,1.6360999999999999,1.6362299999999999,294,17,0
2026-08-21 07:30:00,1.6362,1.6364,1.63531,1.63559,461,17,0
2026-08-21 07:45:00,1.63556,1.63556,1.63468,1.6348500000000001,373,17,0
2026-08-21 08:00:00,1.63482,1.63524,1.6345800000000001,1.6346500000000002,354,17,0
2026-08-21 08:15:00,1.63462,1.63463,1.63339,1.63364,393,17,0
2026-08-21 08:30:00,1.63367,1.63419,1.63367,1.63402,360,17,0
2026-08-21 08:45:00,1.6340400000000002,1.63477,1.6340400000000002,1.63446,367,17,0
2026-08-21 09:00:00,1.6344400000000001,1.6345,1.63389,1.6341999999999999,408,17,0
2026-08-21 09:15:00,1.63419,1.6351,1.63409,1.63498,288,17,0
2026-08-21 09:30:00,1.63497,1.63521,1.63445,1.63456,280,17,0
2026-08-21 09:45:00,1.63455,1.63457,1.6340400000000002,1.63436,217,17,0
2026-08-21 10:00:00,1.63434,1.63434,1.63375,1.63421,291,17,0
2026-08-21 10:15:00,1.6341999999999999,1.63459,1.63414,1.63428,235,17,0
2026-08-21 10:30:00,1.6343,1.6346699999999998,1.6341,1.63439,268,17,0
2026-08-21 10:45:00,1.63436,1.63468,1.63434,1.63439,236,17,0
2026-08-21 11:00:00,1.63437,1.6345399999999999,1.63419,1.63443,227,17,0
2026-08-21 11:15:00,1.6344400000000001,1.6346,1.63354,1.63367,386,17,0
2026-08-21 11:30:00,1.63365,1.63367,1.63249,1.6327500000000001,463,17,0
2026-08-21 11:45:00,1.63276,1.6333199999999999,1.63276,1.63328,289,17,0
2026-08-21 12:00:00,1.63326,1.6332900000000001,1.63192,1.63192,371,17,0
2026-08-21 12:15:00,1.63193,1.6320000000000001,1.63143,1.63143,314,17,0
2026-08-21 12:30:00,1.63145,1.63204,1.6313900000000001,1.6315300000000001,373,17,0
2026-08-21 12:45:00,1.6315,1.6315,1.63118,1.63136,255,17,0
2026-08-21 13:00:00,1.63133,1.63133,1.63073,1.63082,339,17,0
2026-08-21 13:15:00,1.63079,1.63125,1.63042,1.63068,350,17,0
2026-08-21 13:30:00,1.63071,1.63098,1.63032,1.63039,463,17,0
2026-08-21 13:45:00,1.63041,1.63048,1.62869,1.62923,468,17,0
2026-08-21 14:00:00,1.62926,1.6296300000000001,1.6290499999999999,1.62927,446,17,0
2026-08-21 14:15:00,1.62928,1.6294499999999998,1.62838,1.62845,381,17,0
2026-08-21 14:30:00,1.62843,1.62982,1.62843,1.6297700000000002,526,17,0
2026-08-21 14:45:00,1.62976,1.62989,1.62899,1.62933,529,17,0
2026-08-21 15:00:00,1.6293600000000001,1.62942,1.6284800000000001,1.62917,490,17,0
2026-08-21 15:15:00,1.6291799999999999,1.62931,1.62816,1.6284100000000001,431,17,0
2026-08-21 15:30:00,1.62839,1.62846,1.62731,1.62761,369,17,0
2026-08-21 15:45:00,1.62763,1.62827,1.62751,1.62811,276,17,0
2026-08-21 16:00:00,1.6281400000000001,1.6286,1.62799,1.62859,250,17,0
2026-08-21 16:15:00,1.6286100000000001,1.6290499999999999,1.62838,1.6289,295,17,0
2026-08-21 16:30:00,1.62892,1.62908,1.6285699999999999,1.62872,184,17,0
2026-08-21 16:45:00,1.62874,1.629,1.62862,1.62862,159,17,0
2026-08-21 17:00:00,1.6286100000000001,1.62866,1.6275300000000001,1.62786,242,17,0
2026-08-21 17:15:00,1.62784,1.6279400000000002,1.6276000000000002,1.6278899999999998,164,17,0
2026-08-21 17:30:00,1.62788,1.6279599999999999,1.6273300000000002,1.62756,182,17,0
2026-08-21 17:45:00,1.62754,1.6276000000000002,1.62725,1.62727,146,17,0
2026-08-21 18:00:00,1.6272600000000002,1.6273499999999999,1.62704,1.6273499999999999,116,17,0
2026-08-21 18:15:00,1.62734,1.62751,1.62717,1.6274899999999999,117,17,0
2026-08-21 18:30:00,1.62747,1.62763,1.6273499999999999,1.6276000000000002,102,17,0
2026-08-21 18:45:00,1.62763,1.62764,1.6273,1.62743,105,17,0
2026-08-21 19:00:00,1.6274199999999999,1.62771,1.62724,1.6276000000000002,156,17,0
2026-08-21 19:15:00,1.62763,1.6279400000000002,1.6276199999999998,1.6278700000000002,123,17,0
2026-08-21 19:30:00,1.6279,1.6282,1.6279,1.62808,144,17,0
2026-08-21 19:45:00,1.62806,1.6282100000000002,1.62782,1.62815,143,17,0
2026-08-21 20:00:00,1.62816,1.6282100000000002,1.62793,1.62798,130,17,0
2026-08-21 20:15:00,1.62801,1.62804,1.6279,1.6279599999999999,50,17,0
2026-08-21 20:30:00,1.6279400000000002,1.62811,1.62791,1.62811,75,17,0
2026-08-21 20:45:00,1.62813,1.62846,1.62813,1.62828,245,17,0
2026-08-23 21:00:00,1.62967,1.62971,1.62938,1.62961,18,140,0
2026-08-23 21:15:00,1.62968,1.62974,1.62747,1.6292,183,127,0
2026-08-23 21:30:00,1.6292499999999999,1.6295,1.62798,1.62818,232,121,0
2026-08-23 21:45:00,1.62826,1.6296,1.62805,1.62825,243,123,0
2026-08-23 22:00:00,1.6289,1.6292200000000001,1.62835,1.62878,229,17,0
2026-08-23 22:15:00,1.62873,1.6289,1.6286800000000001,1.6289,73,17,0
2026-08-23 22:30:00,1.62888,1.62892,1.62829,1.62831,122,17,0
2026-08-23 22:45:00,1.62832,1.62856,1.62828,1.62849,51,17,0
2026-08-23 23:00:00,1.62846,1.6289099999999999,1.6284,1.62856,96,17,0
2026-08-23 23:15:00,1.6285699999999999,1.62886,1.62854,1.6288,67,17,0
2026-08-23 23:30:00,1.62879,1.62892,1.6284800000000001,1.62892,74,17,0
2026-08-23 23:45:00,1.6289099999999999,1.6289799999999999,1.62867,1.6289099999999999,144,17,0
2026-08-24 00:00:00,1.62889,1.6291799999999999,1.62846,1.62881,349,17,0
2026-08-24 00:15:00,1.62877,1.6295899999999999,1.62877,1.62913,286,17,0
2026-08-24 00:30:00,1.6291099999999998,1.62935,1.62878,1.62921,238,17,0
2026-08-24 00:45:00,1.6292200000000001,1.62923,1.62829,1.62829,257,17,0
2026-08-24 01:00:00,1.62832,1.62876,1.62802,1.62853,382,17,0
2026-08-24 01:15:00,1.6284999999999998,1.6293,1.62835,1.62887,363,17,0
2026-08-24 01:30:00,1.62886,1.62957,1.62886,1.62957,263,17,0
2026-08-24 01:45:00,1.6295899999999999,1.6298,1.62914,1.62971,297,17,0
2026-08-24 02:00:00,1.62974,1.63015,1.62921,1.62931,326,17,0
2026-08-24 02:15:00,1.6292900000000001,1.6295199999999999,1.62915,1.62941,205,17,0
2026-08-24 02:30:00,1.62942,1.62969,1.6293199999999999,1.6295199999999999,153,17,0
2026-08-24 02:45:00,1.62955,1.63032,1.62954,1.63014,234,17,0
2026-08-24 03:00:00,1.63016,1.6305800000000001,1.6300599999999998,1.6303,178,17,0
2026-08-24 03:15:00,1.63028,1.6303,1.6299299999999999,1.6302400000000001,169,17,0
2026-08-24 03:30:00,1.63022,1.63029,1.62995,1.6302400000000001,189,17,0
2026-08-24 03:45:00,1.63022,1.6303100000000001,1.63005,1.63021,150,17,0
2026-08-24 04:00:00,1.63018,1.63018,1.62978,1.6299700000000001,192,17,0
2026-08-24 04:15:00,1.62999,1.63034,1.62971,1.62975,256,17,0
2026-08-24 04:30:00,1.62973,1.63008,1.62968,1.62976,221,17,0
2026-08-24 04:45:00,1.62974,1.62999,1.6296,1.6299700000000001,188,17,0
2026-08-24 05:00:00,1.62998,1.63,1.6294300000000002,1.6294499999999998,153,17,0
2026-08-24 05:15:00,1.62947,1.6295199999999999,1.6292,1.6294499999999998,168,17,0
2026-08-24 05:30:00,1.6294300000000002,1.6298300000000001,1.62927,1.62933,239,17,0
2026-08-24 05:45:00,1.6293,1.62942,1.6288399999999998,1.6292,207,17,0
2026-08-24 06:00:00,1.6292200000000001,1.62948,1.6291099999999998,1.6292499999999999,282,17,0
2026-08-24 06:15:00,1.6292200000000001,1.62984,1.62912,1.62964,308,17,0
2026-08-24 06:30:00,1.6296599999999999,1.62968,1.6290499999999999,1.62917,258,17,0
2026-08-24 06:45:00,1.6291799999999999,1.62931,1.62853,1.62886,309,17,0
2026-08-24 07:00:00,1.62889,1.62897,1.62839,1.6284,318,17,0
2026-08-24 07:15:00,1.6283699999999999,1.6292,1.62832,1.62917,313,17,0
2026-08-24 07:30:00,1.62919,1.6293600000000001,1.62856,1.62863,321,17,0
2026-08-24 07:45:00,1.6286100000000001,1.6288399999999998,1.62808,1.62847,363,17,0
2026-08-24 08:00:00,1.62845,1.62877,1.6282299999999998,1.6284,333,17,0
2026-08-24 08:15:00,1.62842,1.6289,1.6283400000000001,1.6287500000000001,304,17,0
2026-08-24 08:30:00,1.62873,1.629,1.62851,1.62879,282,17,0
2026-08-24 08:45:00,1.62877,1.62886,1.6284999999999998,1.62874,235,17,0
2026-08-24 09:00:00,1.6287500000000001,1.62903,1.62831,1.6284100000000001,243,17,0
2026-08-24 09:15:00,1.62843,1.6285500000000002,1.62832,1.62842,184,17,0
2026-08-24 09:30:00,1.6284399999999999,1.6284800000000001,1.62824,1.62831,190,17,0
2026-08-24 09:45:00,1.62828,1.6284399999999999,1.62806,1.62826,221,17,0
2026-08-24 10:00:00,1.62824,1.62828,1.62797,1.6280700000000001,159,17,0
2026-08-24 10:15:00,1.62805,1.62827,1.62793,1.62824,165,17,0
2026-08-24 10:30:00,1.6282,1.6286100000000001,1.6281400000000001,1.6286,162,17,0
2026-08-24 10:45:00,1.62862,1.6291799999999999,1.62862,1.6290200000000001,205,17,0
2026-08-24 11:00:00,1.62901,1.6295600000000001,1.62893,1.62944,224,17,0
2026-08-24 11:15:00,1.6294499999999998,1.62949,1.6291,1.62928,209,17,0
2026-08-24 11:30:00,1.6293,1.62935,1.6278700000000002,1.62832,481,17,0
2026-08-24 11:45:00,1.62833,1.62862,1.6281400000000001,1.62831,279,17,0
2026-08-24 12:00:00,1.62833,1.62912,1.62833,1.6288,352,17,0
2026-08-24 12:15:00,1.62879,1.6290499999999999,1.6286399999999999,1.62867,272,17,0
2026-08-24 12:30:00,1.62863,1.6290900000000001,1.62851,1.62908,332,17,0
2026-08-24 12:45:00,1.6291,1.62924,1.62883,1.62924,207,17,0
2026-08-24 13:00:00,1.62921,1.62924,1.62865,1.62892,318,17,0
2026-08-24 13:15:00,1.62894,1.6290900000000001,1.62833,1.6284800000000001,264,17,0
2026-08-24 13:30:00,1.62851,1.62889,1.6280700000000001,1.62886,458,17,0
2026-08-24 13:45:00,1.6288399999999998,1.62921,1.62818,1.62818,428,17,0
2026-08-24 14:00:00,1.62816,1.6292499999999999,1.6280299999999999,1.6290200000000001,421,17,0
2026-08-24 14:15:00,1.62906,1.62957,1.62901,1.62957,373,17,0
2026-08-24 14:30:00,1.6295899999999999,1.6300599999999998,1.62941,1.6300599999999998,366,17,0
2026-08-24 14:45:00,1.6300400000000002,1.6307,1.63002,1.63063,422,17,0
2026-08-24 15:00:00,1.6306500000000002,1.63109,1.63048,1.63098,294,17,0
2026-08-24 15:15:00,1.63097,1.6314,1.63068,1.63089,354,17,0
2026-08-24 15:30:00,1.63086,1.63132,1.63082,1.6311200000000001,320,17,0
2026-08-24 15:45:00,1.63113,1.63148,1.63084,1.63124,254,17,0
2026-08-24 16:00:00,1.6312,1.6315300000000001,1.63097,1.63147,288,17,0
2026-08-24 16:15:00,1.63148,1.6316000000000002,1.6311499999999999,1.6313,160,17,0
2026-08-24 16:30:00,1.63129,1.63158,1.63127,1.63147,124,17,0
2026-08-24 16:45:00,1.63145,1.6315499999999998,1.6310799999999999,1.63152,160,17,0
2026-08-24 17:00:00,1.63148,1.6317599999999999,1.63103,1.63136,312,17,0
2026-08-24 17:15:00,1.63137,1.63184,1.63127,1.63184,294,17,0
2026-08-24 17:30:00,1.63182,1.6319599999999999,1.63165,1.63192,185,17,0
2026-08-24 17:45:00,1.63194,1.63247,1.63185,1.6322,222,17,0
2026-08-24 18:00:00,1.6322299999999998,1.63224,1.63171,1.63185,187,17,0
2026-08-24 18:15:00,1.63183,1.63183,1.63122,1.6313,216,17,0
2026-08-24 18:30:00,1.63132,1.63167,1.63121,1.63134,168,17,0
2026-08-24 18:45:00,1.63137,1.63192,1.63137,1.6318000000000001,197,17,0
2026-08-24 19:00:00,1.63177,1.63177,1.63151,1.63161,132,17,0
2026-08-24 19:15:00,1.6316000000000002,1.63161,1.63136,1.6314600000000001,94,17,0
2026-08-24 19:30:00,1.63145,1.63154,1.6313900000000001,1.63144,78,17,0
2026-08-24 19:45:00,1.63145,1.63152,1.6313,1.63132,123,17,0
2026-08-24 20:00:00,1.6313,1.63134,1.63113,1.63127,95,17,0
2026-08-24 20:15:00,1.6312600000000002,1.63147,1.63125,1.63144,35,17,0
2026-08-24 20:30:00,1.63145,1.63152,1.6312799999999998,1.63136,46,17,0
2026-08-24 20:45:00,1.6313499999999999,1.63138,1.63116,1.6311900000000001,97,15,0
2026-08-24 21:00:00,1.6312,1.63123,1.63091,1.63106,207,16,0
2026-08-24 21:15:00,1.63104,1.6311200000000001,1.6309399999999998,1.63102,251,56,0
2026-08-24 21:30:00,1.63102,1.6311200000000001,1.6309,1.6310799999999999,124,58,0
2026-08-24 21:45:00,1.6311,1.63111,1.631,1.6311,116,62,0
2026-08-24 22:00:00,1.63111,1.63154,1.63087,1.63138,89,25,0
2026-08-24 22:15:00,1.6313900000000001,1.6314,1.6312799999999998,1.63132,30,25,0
2026-08-24 22:30:00,1.6313,1.63136,1.63118,1.63123,42,25,0
2026-08-24 22:45:00,1.63122,1.63134,1.63121,1.6313,26,25,0
2026-08-24 23:00:00,1.63133,1.6316199999999998,1.6312799999999998,1.63151,55,17,0
2026-08-24 23:15:00,1.63148,1.63159,1.63144,1.6315300000000001,32,17,0
2026-08-24 23:30:00,1.63154,1.63154,1.63103,1.63103,63,17,0
2026-08-24 23:45:00,1.6310099999999998,1.6310099999999998,1.63073,1.63087,124,17,0
2026-08-25 00:00:00,1.6308799999999999,1.6309399999999998,1.6305100000000001,1.6306699999999998,258,17,0
2026-08-25 00:15:00,1.63066,1.63083,1.63043,1.63049,242,17,0
2026-08-25 00:30:00,1.6305,1.6306500000000002,1.62996,1.63009,230,17,0
2026-08-25 00:45:00,1.63008,1.63079,1.62998,1.6300599999999998,270,17,0
2026-08-25 01:00:00,1.63008,1.63052,1.62969,1.6297700000000002,348,17,0
2026-08-25 01:15:00,1.6298,1.63061,1.6298,1.63015,279,17,0
2026-08-25 01:30:00,1.63018,1.6306699999999998,1.62996,1.6303999999999998,310,17,0
2026-08-25 01:45:00,1.6303800000000002,1.63069,1.63009,1.6305800000000001,246,17,0
2026-08-25 02:00:00,1.6306,1.63069,1.63014,1.63019,301,17,0
2026-08-25 02:15:00,1.63018,1.63042,1.6301,1.6301,159,17,0
2026-08-25 02:30:00,1.63008,1.63046,1.62968,1.62992,275,17,0
2026-08-25 02:45:00,1.6299299999999999,1.63021,1.62969,1.63014,318,17,0
2026-08-25 03:00:00,1.63011,1.63035,1.62937,1.6298,294,17,0
2026-08-25 03:15:00,1.62982,1.62988,1.6292900000000001,1.6294499999999998,198,17,0
2026-08-25 03:30:00,1.62946,1.63003,1.62933,1.62992,180,17,0
2026-08-25 03:45:00,1.6299299999999999,1.6305100000000001,1.6299299999999999,1.6305100000000001,162,17,0
2026-08-25 04:00:00,1.63052,1.63084,1.6304400000000001,1.63046,185,17,0
2026-08-25 04:15:00,1.6304699999999999,1.63105,1.6304699999999999,1.6308500000000001,110,17,0
2026-08-25 04:30:00,1.63087,1.6309,1.63042,1.6306500000000002,159,17,0
2026-08-25 04:45:00,1.63066,1.63075,1.6302699999999999,1.6303299999999998,141,17,0
2026-08-25 05:00:00,1.6303100000000001,1.6303299999999998,1.62976,1.62996,157,17,0
2026-08-25 05:15:00,1.62995,1.62995,1.62942,1.62958,129,17,0
2026-08-25 05:30:00,1.62955,1.6297700000000002,1.62937,1.6297700000000002,193,17,0
2026-08-25 05:45:00,1.62978,1.6303100000000001,1.62953,1.63009,217,17,0
2026-08-25 06:00:00,1.6300599999999998,1.6304699999999999,1.6295899999999999,1.63036,338,17,0
2026-08-25 06:15:00,1.63037,1.63084,1.6303,1.63079,226,17,0
2026-08-25 06:30:00,1.63082,1.63111,1.63035,1.63089,290,17,0
2026-08-25 06:45:00,1.63091,1.6312600000000002,1.63083,1.6309200000000001,235,17,0
2026-08-25 07:00:00,1.6309,1.63172,1.63072,1.6316899999999999,336,17,0
2026-08-25 07:15:00,1.63171,1.63186,1.63123,1.63133,230,17,0
2026-08-25 07:30:00,1.63136,1.6319599999999999,1.63131,1.6318700000000002,227,17,0
2026-08-25 07:45:00,1.63188,1.63198,1.6317,1.63195,215,17,0
2026-08-25 08:00:00,1.63192,1.63315,1.63182,1.6328,382,17,0
2026-08-25 08:15:00,1.63281,1.63281,1.63113,1.63179,621,17,0
2026-08-25 08:30:00,1.63177,1.63254,1.63177,1.63232,352,17,0
2026-08-25 08:45:00,1.6323400000000001,1.63235,1.63179,1.63204,290,17,0
2026-08-25 09:00:00,1.6320000000000001,1.63247,1.63193,1.63231,359,17,0
2026-08-25 09:15:00,1.6322999999999999,1.6322999999999999,1.63171,1.63179,270,17,0
2026-08-25 09:30:00,1.6318000000000001,1.63213,1.63106,1.63111,390,17,0
2026-08-25 09:45:00,1.63109,1.6312600000000002,1.6305399999999999,1.63084,278,17,0
2026-08-25 10:00:00,1.63087,1.63125,1.63087,1.63093,234,17,0
2026-08-25 10:15:00,1.6309200000000001,1.63103,1.63057,1.63063,179,17,0
2026-08-25 10:30:00,1.6306,1.63069,1.63034,1.63055,189,17,0
2026-08-25 10:45:00,1.63056,1.63059,1.63029,1.6303800000000002,166,17,0
2026-08-25 11:00:00,1.6303999999999998,1.6307399999999999,1.6302699999999999,1.6302699999999999,209,17,0
2026-08-25 11:15:00,1.63025,1.63029,1.62985,1.63008,209,17,0
2026-08-25 11:30:00,1.63009,1.6301,1.6296300000000001,1.6297000000000001,181,17,0
2026-08-25 11:45:00,1.62967,1.6299299999999999,1.62946,1.6298,240,17,0
2026-08-25 12:00:00,1.62982,1.63032,1.6297700000000002,1.6301999999999999,307,17,0
2026-08-25 12:15:00,1.63019,1.63068,1.6301,1.63063,248,17,0
2026-08-25 12:30:00,1.6306500000000002,1.631,1.63057,1.63071,210,17,0
2026-08-25 12:45:00,1.6307399999999999,1.6309,1.6304400000000001,1.63056,216,17,0
2026-08-25 13:00:00,1.6306,1.63082,1.62994,1.63003,398,17,0
2026-08-25 13:15:00,1.6300599999999998,1.63075,1.62974,1.63073,356,17,0
2026-08-25 13:30:00,1.6307,1.63117,1.6302400000000001,1.6309900000000002,363,17,0
2026-08-25 13:45:00,1.63097,1.63131,1.63056,1.63082,386,17,0
2026-08-25 14:00:00,1.63079,1.6309900000000002,1.63053,1.63075,363,17,0
2026-08-25 14:15:00,1.63073,1.63089,1.63037,1.63048,333,17,0
2026-08-25 14:30:00,1.63049,1.63093,1.62989,1.63008,407,17,0
2026-08-25 14:45:00,1.6300599999999998,1.63105,1.6295600000000001,1.6305800000000001,560,17,0
2026-08-25 15:00:00,1.63056,1.6313,1.6302400000000001,1.6313,278,17,0
2026-08-25 15:15:00,1.63131,1.63136,1.6309,1.6309,234,17,0
2026-08-25 15:30:00,1.63087,1.6309900000000002,1.63014,1.63048,397,17,0
2026-08-25 15:45:00,1.63049,1.63089,1.63034,1.63036,275,17,0
2026-08-25 16:00:00,1.6303800000000002,1.63063,1.63021,1.6305399999999999,193,17,0
2026-08-25 16:15:00,1.63057,1.6308,1.6304699999999999,1.63079,166,17,0
2026-08-25 16:30:00,1.6308,1.6309,1.6306,1.6308500000000001,138,17,0
2026-08-25 16:45:00,1.63086,1.6312,1.63076,1.6311,137,17,0
2026-08-25 17:00:00,1.63109,1.63129,1.63103,1.63121,122,17,0
2026-08-25 17:15:00,1.6311900000000001,1.6311900000000001,1.6309399999999998,1.63109,105,17,0
2026-08-25 17:30:00,1.63106,1.6310799999999999,1.63076,1.6308500000000001,121,17,0
2026-08-25 17:45:00,1.63086,1.6309900000000002,1.63077,1.63098,109,17,0
2026-08-25 18:00:00,1.63097,1.631,1.6308099999999999,1.63097,114,17,0
2026-08-25 18:15:00,1.6309399999999998,1.63097,1.6307800000000001,1.6308,92,17,0
2026-08-25 18:30:00,1.6308099999999999,1.63086,1.63064,1.63068,69,17,0
2026-08-25 18:45:00,1.6307,1.6307,1.6304400000000001,1.63052,113,17,0
2026-08-25 19:00:00,1.6305,1.6307,1.63041,1.6305,126,17,0
2026-08-25 19:15:00,1.63048,1.6306,1.63021,1.63021,136,17,0
2026-08-25 19:30:00,1.63022,1.63023,1.6295899999999999,1.62964,129,17,0
2026-08-25 19:45:00,1.62962,1.62965,1.62934,1.62955,189,17,0
2026-08-25 20:00:00,1.6295600000000001,1.6296,1.62933,1.6293600000000001,141,17,0
2026-08-25 20:15:00,1.62939,1.62939,1.62889,1.62907,165,17,0
2026-08-25 20:30:00,1.62904,1.62942,1.62897,1.62942,95,17,0
2026-08-25 20:45:00,1.62941,1.62951,1.6292,1.62944,124,15,0
2026-08-25 21:00:00,1.62942,1.62948,1.62914,1.62917,242,18,0
2026-08-25 21:15:00,1.62915,1.62937,1.62915,1.62934,439,56,0
2026-08-25 21:30:00,1.62935,1.6293600000000001,1.629,1.62901,177,60,0
2026-08-25 21:45:00,1.6290200000000001,1.6294,1.6289799999999999,1.6293600000000001,359,90,0
2026-08-25 22:00:00,1.62935,1.62982,1.62914,1.62973,124,25,0
2026-08-25 22:15:00,1.62971,1.62987,1.6295899999999999,1.62987,75,25,0
2026-08-25 22:30:00,1.62985,1.63002,1.6297000000000001,1.62971,74,25,0
2026-08-25 22:45:00,1.6297199999999998,1.6297199999999998,1.6295199999999999,1.62954,44,25,0
2026-08-25 23:00:00,1.6295899999999999,1.62968,1.6294300000000002,1.62949,66,17,0
2026-08-25 23:15:00,1.62951,1.62953,1.62927,1.62928,42,17,0
2026-08-25 23:30:00,1.62927,1.62937,1.6291799999999999,1.62921,54,17,0
2026-08-25 23:45:00,1.6292200000000001,1.6294300000000002,1.62893,1.6294300000000002,123,17,0
2026-08-26 00:00:00,1.62941,1.62958,1.62878,1.6288200000000002,258,17,0
2026-08-26 00:15:00,1.62881,1.6292499999999999,1.62849,1.62908,207,17,0
2026-08-26 00:30:00,1.6291,1.62946,1.62901,1.6292200000000001,203,17,0
2026-08-26 00:45:00,1.62924,1.62967,1.62896,1.6295600000000001,228,17,0
2026-08-26 01:00:00,1.6295899999999999,1.62976,1.62931,1.62974,335,17,0
2026-08-26 01:15:00,1.62976,1.62987,1.62949,1.6297700000000002,268,17,0
2026-08-26 01:30:00,1.62893,1.62893,1.6263800000000002,1.6272799999999998,792,17,0
2026-08-26 01:45:00,1.6272600000000002,1.6272799999999998,1.6251,1.6261,813,17,0
2026-08-26 02:00:00,1.62612,1.6265399999999999,1.62535,1.62565,552,17,0
2026-08-26 02:15:00,1.62562,1.62568,1.6250499999999999,1.6250499999999999,369,17,0
2026-08-26 02:30:00,1.62504,1.62506,1.6240299999999999,1.62479,388,17,0
2026-08-26 02:45:00,1.6247500000000001,1.62542,1.6247,1.62524,249,17,0
2026-08-26 03:00:00,1.62521,1.62533,1.62485,1.62496,271,17,0
2026-08-26 03:15:00,1.6249799999999999,1.62511,1.62391,1.6240299999999999,256,17,0
2026-08-26 03:30:00,1.62406,1.62417,1.62329,1.6233300000000002,270,17,0
2026-08-26 03:45:00,1.6233499999999998,1.62416,1.6232799999999998,1.62404,208,17,0
2026-08-26 04:00:00,1.6240299999999999,1.62453,1.62379,1.6244100000000001,187,17,0
2026-08-26 04:15:00,1.62438,1.62453,1.6240299999999999,1.62453,147,17,0
2026-08-26 04:30:00,1.62454,1.62497,1.62449,1.62481,133,17,0
2026-08-26 04:45:00,1.6248200000000002,1.62514,1.6247099999999999,1.62479,204,17,0
2026-08-26 05:00:00,1.6248,1.6248,1.62431,1.62449,194,17,0
2026-08-26 05:15:00,1.62446,1.62458,1.62428,1.6243699999999999,170,17,0
2026-08-26 05:30:00,1.6243400000000001,1.62459,1.6239,1.6239400000000002,270,17,0
2026-08-26 05:45:00,1.62391,1.6240999999999999,1.62357,1.62385,247,17,0
2026-08-26 06:00:00,1.6238700000000001,1.62413,1.6233,1.62348,299,17,0
2026-08-26 06:15:00,1.62351,1.62443,1.62323,1.62443,370,17,0
2026-08-26 06:30:00,1.62445,1.62539,1.62445,1.6249099999999999,329,17,0
2026-08-26 06:45:00,1.62489,1.62517,1.62476,1.62517,280,17,0
2026-08-26 07:00:00,1.62514,1.6253,1.6249,1.62511,338,17,0
2026-08-26 07:15:00,1.62508,1.62596,1.62508,1.62585,297,17,0
2026-08-26 07:30:00,1.62588,1.62602,1.62554,1.6255600000000001,225,17,0
2026-08-26 07:45:00,1.62553,1.6255600000000001,1.62504,1.62535,289,17,0
2026-08-26 08:00:00,1.62537,1.62549,1.6247500000000001,1.6248200000000002,293,17,0
2026-08-26 08:15:00,1.62483,1.62555,1.62474,1.62534,263,17,0
2026-08-26 08:30:00,1.62533,1.62561,1.62524,1.62547,233,17,0
2026-08-26 08:45:00,1.62546,1.6255,1.62515,1.6251600000000002,211,17,0
2026-08-26 09:00:00,1.6251799999999998,1.6253199999999999,1.62449,1.6245,282,17,0
2026-08-26 09:15:00,1.62451,1.62507,1.6242299999999998,1.62474,294,17,0
2026-08-26 09:30:00,1.6247500000000001,1.6250200000000001,1.6245500000000002,1.62483,219,17,0
2026-08-26 09:45:00,1.6248200000000002,1.62483,1.62436,1.62442,162,17,0
2026-08-26 10:00:00,1.62439,1.6244399999999999,1.62424,1.62433,187,17,0
2026-08-26 10:15:00,1.62432,1.62458,1.62408,1.62426,201,17,0
2026-08-26 10:30:00,1.6242299999999998,1.6244,1.6240299999999999,1.6243699999999999,186,17,0
2026-08-26 10:45:00,1.62436,1.62436,1.62404,1.6240700000000001,139,17,0
2026-08-26 11:00:00,1.6240999999999999,1.62449,1.62409,1.6242100000000002,189,17,0
2026-08-26 11:15:00,1.62422,1.62429,1.62368,1.6239599999999998,213,17,0
2026-08-26 11:30:00,1.6239400000000002,1.6242100000000002,1.62391,1.62419,208,17,0
2026-08-26 11:45:00,1.6242100000000002,1.6243699999999999,1.62399,1.62408,229,17,0
2026-08-26 12:00:00,1.62405,1.6243400000000001,1.6238000000000001,1.62427,245,17,0
2026-08-26 12:15:00,1.62426,1.62433,1.6238000000000001,1.6239400000000002,235,17,0
2026-08-26 12:30:00,1.62391,1.6245,1.62364,1.62435,641,17,0
2026-08-26 12:45:00,1.62432,1.62458,1.62402,1.6240299999999999,484,17,0
2026-08-26 13:00:00,1.6240700000000001,1.62431,1.62363,1.62428,474,17,0
2026-08-26 13:15:00,1.62425,1.6246,1.62411,1.62428,365,17,0
2026-08-26 13:30:00,1.62426,1.62446,1.62379,1.62386,455,17,0
2026-08-26 13:45:00,1.62388,1.6238899999999998,1.6233300000000002,1.62381,383,17,0
2026-08-26 14:00:00,1.62379,1.6244399999999999,1.62378,1.6241400000000001,469,17,0
2026-08-26 14:15:00,1.62411,1.62432,1.6238700000000001,1.62405,391,17,0
2026-08-26 14:30:00,1.62406,1.6242999999999999,1.62368,1.6240999999999999,333,17,0
2026-08-26 14:45:00,1.62413,1.62524,1.6239400000000002,1.62513,390,17,0
2026-08-26 15:00:00,1.62512,1.6257700000000002,1.62494,1.62568,368,17,0
2026-08-26 15:15:00,1.62571,1.6259299999999999,1.6255,1.62564,267,17,0
2026-08-26 15:30:00,1.6256300000000001,1.6256599999999999,1.62513,1.62521,229,17,0
2026-08-26 15:45:00,1.62519,1.6256,1.6250499999999999,1.62524,254,17,0
2026-08-26 16:00:00,1.62523,1.62538,1.6249,1.6251799999999998,193,17,0
2026-08-26 16:15:00,1.62514,1.6251600000000002,1.62474,1.62492,149,17,0
2026-08-26 16:30:00,1.62493,1.6251799999999998,1.6248200000000002,1.6251600000000002,154,17,0
2026-08-26 16:45:00,1.6251799999999998,1.6253,1.62497,1.62497,171,17,0
2026-08-26 17:00:00,1.625,1.6251,1.62481,1.62481,121,17,0
2026-08-26 17:15:00,1.62479,1.62479,1.62431,1.62442,147,17,0
2026-08-26 17:30:00,1.6244,1.6245500000000002,1.62429,1.62451,110,17,0
2026-08-26 17:45:00,1.62452,1.62459,1.6242999999999999,1.62443,101,17,0
2026-08-26 18:00:00,1.6244,1.62445,1.62416,1.62435,103,17,0
2026-08-26 18:15:00,1.6243699999999999,1.6245699999999998,1.6243699999999999,1.62456,77,17,0
2026-08-26 18:30:00,1.62458,1.62462,1.62447,1.6245500000000002,86,17,0
2026-08-26 18:45:00,1.62456,1.62461,1.62443,1.6246,90,17,0
2026-08-26 19:00:00,1.6245699999999998,1.6245699999999998,1.62431,1.62451,89,17,0
2026-08-26 19:15:00,1.6245,1.6245500000000002,1.62435,1.62436,76,17,0
2026-08-26 19:30:00,1.62435,1.62458,1.6243400000000001,1.62454,74,17,0
2026-08-26 19:45:00,1.6245500000000002,1.62478,1.62445,1.6244800000000001,124,17,0
2026-08-26 20:00:00,1.62447,1.62449,1.62424,1.62424,85,17,0
2026-08-26 20:15:00,1.62425,1.62445,1.62424,1.62436,124,17,0
2026-08-26 20:30:00,1.6243400000000001,1.6245699999999998,1.62428,1.6244800000000001,67,17,0
2026-08-26 20:45:00,1.62446,1.62452,1.6242299999999998,1.62433,93,15,0
2026-08-26 21:00:00,1.62431,1.6243400000000001,1.62393,1.62393,169,36,0
2026-08-26 21:15:00,1.62392,1.6242,1.6238700000000001,1.62401,267,92,0
2026-08-26 21:30:00,1.62402,1.6240999999999999,1.62397,1.62401,135,132,0
2026-08-26 21:45:00,1.62401,1.6242,1.62363,1.62377,280,110,0
2026-08-26 22:00:00,1.62377,1.62404,1.62354,1.62393,132,25,0
2026-08-26 22:15:00,1.62392,1.62392,1.62368,1.6238299999999999,60,25,0
2026-08-26 22:30:00,1.62382,1.62388,1.6234,1.6234199999999999,47,25,0
2026-08-26 22:45:00,1.62341,1.62341,1.62294,1.6230799999999999,92,25,0
2026-08-26 23:00:00,1.6231200000000001,1.62317,1.6223999999999998,1.6225100000000001,137,17,0
2026-08-26 23:15:00,1.62252,1.6230799999999999,1.62252,1.62304,130,17,0
2026-08-26 23:30:00,1.62298,1.62298,1.62253,1.6225800000000001,86,17,0
2026-08-26 23:45:00,1.62262,1.62295,1.62223,1.62294,158,17,0
2026-08-27 00:00:00,1.6229200000000001,1.62429,1.62282,1.62402,348,17,0
2026-08-27 00:15:00,1.62405,1.62417,1.62338,1.62368,254,17,0
2026-08-27 00:30:00,1.6237,1.624,1.6233499999999998,1.62393,278,17,0
2026-08-27 00:45:00,1.62392,1.62395,1.62316,1.62321,353,17,0
2026-08-27 01:00:00,1.6231900000000001,1.6233300000000002,1.62256,1.62318,426,17,0
2026-08-27 01:15:00,1.6231499999999999,1.6236000000000002,1.6225100000000001,1.62294,337,17,0
2026-08-27 01:30:00,1.62296,1.6234199999999999,1.6223,1.62338,391,17,0
2026-08-27 01:45:00,1.62336,1.6234899999999999,1.62268,1.6227,269,17,0
2026-08-27 02:00:00,1.6227200000000002,1.6231200000000001,1.6225800000000001,1.6226099999999999,231,17,0
2026-08-27 02:15:00,1.62263,1.62266,1.62221,1.62236,212,17,0
2026-08-27 02:30:00,1.62234,1.62266,1.62216,1.62244,219,17,0
2026-08-27 02:45:00,1.62246,1.62283,1.6221700000000001,1.62268,193,17,0
2026-08-27 03:00:00,1.62266,1.62303,1.62259,1.62264,216,17,0
2026-08-27 03:15:00,1.62263,1.6227200000000002,1.6221299999999998,1.62253,175,17,0
2026-08-27 03:30:00,1.62252,1.62262,1.62243,1.6226,151,17,0
2026-08-27 03:45:00,1.6225800000000001,1.6227,1.62244,1.62249,105,17,0
2026-08-27 04:00:00,1.6225100000000001,1.62257,1.62205,1.6221,165,17,0
2026-08-27 04:15:00,1.62212,1.62242,1.6219700000000001,1.62242,111,17,0
2026-08-27 04:30:00,1.62243,1.62297,1.62243,1.62269,126,17,0
2026-08-27 04:45:00,1.6227,1.6227200000000002,1.62195,1.62208,178,17,0
2026-08-27 05:00:00,1.62205,1.62266,1.62201,1.62262,163,17,0
2026-08-27 05:15:00,1.62264,1.6229900000000002,1.6225399999999999,1.62268,199,17,0
2026-08-27 05:30:00,1.6226699999999998,1.62296,1.62263,1.6226500000000001,179,17,0
2026-08-27 05:45:00,1.62264,1.6227200000000002,1.62234,1.62256,239,17,0
2026-08-27 06:00:00,1.62252,1.62275,1.6220400000000001,1.62209,225,17,0
2026-08-27 06:15:00,1.6221,1.62218,1.62173,1.62182,180,17,0
2026-08-27 06:30:00,1.6218,1.62244,1.62176,1.6221999999999999,215,17,0
2026-08-27 06:45:00,1.62219,1.62275,1.62182,1.62205,301,17,0
2026-08-27 07:00:00,1.62209,1.6222400000000001,1.62185,1.62202,324,17,0
2026-08-27 07:15:00,1.62205,1.62295,1.62205,1.6228099999999999,319,17,0
2026-08-27 07:30:00,1.62282,1.62291,1.62243,1.6225,293,17,0
2026-08-27 07:45:00,1.6224699999999999,1.62297,1.62241,1.62297,310,17,0
2026-08-27 08:00:00,1.62296,1.62296,1.6220599999999998,1.6221,315,17,0
2026-08-27 08:15:00,1.62209,1.62214,1.6212,1.62134,333,17,0
2026-08-27 08:30:00,1.6213199999999999,1.6217899999999998,1.62128,1.62165,308,17,0
2026-08-27 08:45:00,1.6216599999999999,1.6218,1.6213899999999999,1.6215899999999999,242,17,0
2026-08-27 09:00:00,1.62158,1.6221,1.62144,1.62209,354,17,0
2026-08-27 09:15:00,1.62207,1.6222400000000001,1.62174,1.62182,269,17,0
2026-08-27 09:30:00,1.62184,1.62232,1.6218,1.62228,290,17,0
2026-08-27 09:45:00,1.62229,1.6226500000000001,1.62212,1.62218,247,17,0
2026-08-27 10:00:00,1.62215,1.6221999999999999,1.62162,1.62185,271,17,0
2026-08-27 10:15:00,1.6218599999999999,1.6221700000000001,1.62175,1.62202,242,17,0
2026-08-27 10:30:00,1.6219999999999999,1.6219999999999999,1.62119,1.62153,240,17,0
2026-08-27 10:45:00,1.62154,1.62154,1.62097,1.62117,214,17,0
2026-08-27 11:00:00,1.6212,1.62137,1.62097,1.6210900000000001,227,17,0
2026-08-27 11:15:00,1.62106,1.6212,1.6209,1.62103,162,17,0
2026-08-27 11:30:00,1.6210499999999999,1.6211,1.62029,1.62042,305,17,0
2026-08-27 11:45:00,1.62043,1.62062,1.61972,1.61975,296,17,0
2026-08-27 12:00:00,1.61978,1.6199400000000002,1.6191499999999999,1.6191499999999999,404,17,0
2026-08-27 12:15:00,1.61917,1.61945,1.61886,1.61928,308,17,0
2026-08-27 12:30:00,1.61932,1.61986,1.61905,1.61985,327,17,0
2026-08-27 12:45:00,1.6198700000000001,1.62026,1.6195,1.6196000000000002,271,17,0
2026-08-27 13:00:00,1.61959,1.61999,1.61944,1.61965,326,17,0
2026-08-27 13:15:00,1.61966,1.62056,1.61952,1.62054,388,17,0
2026-08-27 13:30:00,1.62051,1.6209,1.62019,1.6204800000000001,484,17,0
2026-08-27 13:45:00,1.62051,1.62108,1.62008,1.6202800000000002,446,17,0
2026-08-27 14:00:00,1.62026,1.6204100000000001,1.6196700000000002,1.62027,460,17,0
2026-08-27 14:15:00,1.62025,1.62027,1.61959,1.6196899999999999,328,17,0
2026-08-27 14:30:00,1.6196700000000002,1.62001,1.61947,1.6196000000000002,353,17,0
2026-08-27 14:45:00,1.61958,1.62029,1.61925,1.6192600000000001,442,17,0
2026-08-27 15:00:00,1.61923,1.61971,1.61907,1.61955,387,17,0
2026-08-27 15:15:00,1.61957,1.6196199999999998,1.6193300000000002,1.61945,241,17,0
2026-08-27 15:30:00,1.6194199999999999,1.6196199999999998,1.61893,1.61913,247,17,0
2026-08-27 15:45:00,1.6191200000000001,1.6192199999999999,1.61894,1.61905,220,17,0
2026-08-27 16:00:00,1.61904,1.6194199999999999,1.6187399999999998,1.6193499999999998,220,17,0
2026-08-27 16:15:00,1.6193300000000002,1.6195599999999999,1.61924,1.6194600000000001,166,17,0
2026-08-27 16:30:00,1.61945,1.61957,1.61928,1.6194,134,17,0
2026-08-27 16:45:00,1.61937,1.61939,1.6188799999999999,1.6189,194,17,0
2026-08-27 17:00:00,1.61891,1.61916,1.61891,1.6189200000000001,138,17,0
2026-08-27 17:15:00,1.6189,1.61895,1.61878,1.6188,124,17,0
2026-08-27 17:30:00,1.61879,1.61887,1.61857,1.6187200000000002,88,17,0
2026-08-27 17:45:00,1.61873,1.61875,1.61853,1.61862,133,17,0
2026-08-27 18:00:00,1.61864,1.6188,1.61852,1.61875,162,17,0
2026-08-27 18:15:00,1.6187399999999998,1.61917,1.6187399999999998,1.6191499999999999,117,17,0
2026-08-27 18:30:00,1.61916,1.6191900000000001,1.61894,1.61897,119,17,0
2026-08-27 18:45:00,1.6189900000000002,1.61909,1.6187399999999998,1.61883,108,17,0
2026-08-27 19:00:00,1.6188500000000001,1.6190099999999998,1.61876,1.61884,115,17,0
2026-08-27 19:15:00,1.61882,1.61907,1.6188099999999999,1.61903,103,17,0
2026-08-27 19:30:00,1.61905,1.61905,1.6188500000000001,1.6189200000000001,98,17,0
2026-08-27 19:45:00,1.61891,1.6189200000000001,1.6187399999999998,1.61882,119,17,0
2026-08-27 20:00:00,1.6188099999999999,1.61911,1.61876,1.619,119,17,0
2026-08-27 20:15:00,1.6189900000000002,1.61913,1.61895,1.6191200000000001,74,17,0
2026-08-27 20:30:00,1.61911,1.6193300000000002,1.61911,1.61931,50,17,0
2026-08-27 20:45:00,1.61934,1.61936,1.6191,1.6191499999999999,87,17,0
2026-08-27 21:00:00,1.61913,1.6191900000000001,1.6189,1.619,195,50,0
2026-08-27 21:15:00,1.61898,1.6191900000000001,1.61894,1.61918,260,78,0
2026-08-27 21:30:00,1.61917,1.61921,1.61909,1.61909,104,80,0
2026-08-27 21:45:00,1.6191,1.61923,1.61902,1.61923,106,82,0
2026-08-27 22:00:00,1.6192,1.6196899999999999,1.619,1.61965,103,25,0
2026-08-27 22:15:00,1.61966,1.6196899999999999,1.61944,1.61945,35,25,0
2026-08-27 22:30:00,1.61944,1.6194899999999999,1.61931,1.61937,49,25,0
2026-08-27 22:45:00,1.61936,1.61958,1.61934,1.6194600000000001,41,25,0
2026-08-27 23:00:00,1.6194899999999999,1.6198000000000001,1.61948,1.6198000000000001,51,17,0
2026-08-27 23:15:00,1.61982,1.61984,1.61972,1.6197599999999999,33,17,0
2026-08-27 23:30:00,1.61974,1.6198000000000001,1.61961,1.61961,35,17,0
2026-08-27 23:45:00,1.6196199999999998,1.61974,1.6194600000000001,1.6194600000000001,84,17,0
2026-08-28 00:00:00,1.61944,1.61955,1.61898,1.61898,217,17,0
2026-08-28 00:15:00,1.61896,1.61924,1.61879,1.6188,177,17,0
2026-08-28 00:30:00,1.61878,1.61893,1.61863,1.61889,121,17,0
2026-08-28 00:45:00,1.61887,1.61941,1.61876,1.6192,185,17,0
2026-08-28 01:00:00,1.6192199999999999,1.61937,1.6184500000000002,1.61868,270,17,0
2026-08-28 01:15:00,1.61867,1.61925,1.61846,1.61916,242,17,0
2026-08-28 01:30:00,1.61914,1.6191900000000001,1.6186,1.61883,258,17,0
2026-08-28 01:45:00,1.6188,1.6189900000000002,1.61855,1.6186099999999999,229,17,0
2026-08-28 02:00:00,1.6185800000000001,1.61862,1.61798,1.6179999999999999,196,17,0
2026-08-28 02:15:00,1.61798,1.61798,1.617,1.6175199999999998,182,17,0
2026-08-28 02:30:00,1.61751,1.61769,1.61719,1.61764,180,17,0
2026-08-28 02:45:00,1.6176599999999999,1.61774,1.617,1.61719,178,17,0
2026-08-28 03:00:00,1.61722,1.6173,1.61694,1.61703,130,17,0
2026-08-28 03:15:00,1.61701,1.61714,1.61681,1.61703,101,17,0
2026-08-28 03:30:00,1.61704,1.61754,1.617,1.61751,98,17,0
2026-08-28 03:45:00,1.6175199999999998,1.61771,1.6171799999999998,1.61719,121,17,0
2026-08-28 04:00:00,1.61722,1.61741,1.61706,1.61711,133,17,0
2026-08-28 04:15:00,1.61708,1.6172499999999999,1.6169099999999998,1.61721,90,17,0
2026-08-28 04:30:00,1.61723,1.61754,1.61723,1.61751,76,17,0
2026-08-28 04:45:00,1.61747,1.6178,1.61731,1.6177000000000001,119,17,0
2026-08-28 05:00:00,1.61768,1.61834,1.61747,1.61834,173,17,0
2026-08-28 05:15:00,1.61836,1.6185100000000001,1.61801,1.61807,128,17,0
2026-08-28 05:30:00,1.61809,1.6186,1.61787,1.61828,225,17,0
2026-08-28 05:45:00,1.6182699999999999,1.61833,1.61792,1.61832,159,17,0
2026-08-28 06:00:00,1.6183100000000001,1.61848,1.61781,1.61782,239,17,0
2026-08-28 06:15:00,1.61778,1.61778,1.61733,1.61755,226,17,0
2026-08-28 06:30:00,1.61757,1.6185100000000001,1.61748,1.61802,368,17,0
2026-08-28 06:45:00,1.6179999999999999,1.61802,1.61734,1.61789,260,17,0
2026-08-28 07:00:00,1.61792,1.61839,1.61774,1.61809,329,17,0
2026-08-28 07:15:00,1.61807,1.61864,1.61807,1.61828,285,17,0
2026-08-28 07:30:00,1.61826,1.61826,1.61781,1.61818,253,17,0
2026-08-28 07:45:00,1.61817,1.6186500000000001,1.61807,1.61844,215,17,0
2026-08-28 08:00:00,1.6184699999999999,1.61903,1.61842,1.6189,225,17,0
2026-08-28 08:15:00,1.6188799999999999,1.6188799999999999,1.6182699999999999,1.6184699999999999,230,17,0
2026-08-28 08:30:00,1.61846,1.61884,1.6183999999999998,1.61856,229,17,0
2026-08-28 08:45:00,1.61855,1.6187,1.61829,1.6187,194,17,0
2026-08-28 09:00:00,1.61868,1.61869,1.61802,1.61806,261,17,0
2026-08-28 09:15:00,1.61805,1.61818,1.61767,1.61778,200,17,0
2026-08-28 09:30:00,1.6177899999999998,1.61805,1.6175199999999998,1.6175199999999998,170,17,0
2026-08-28 09:45:00,1.61755,1.61769,1.61722,1.61737,184,17,0
2026-08-28 10:00:00,1.61735,1.61742,1.6170200000000001,1.61712,185,17,0
2026-08-28 10:15:00,1.61713,1.61735,1.6170900000000001,1.61735,194,17,0
2026-08-28 10:30:00,1.61733,1.6176599999999999,1.6173,1.61758,166,17,0
2026-08-28 10:45:00,1.61757,1.61796,1.61747,1.61778,171,17,0
2026-08-28 11:00:00,1.6178,1.61808,1.6178,1.61796,197,17,0
2026-08-28 11:15:00,1.6179700000000001,1.61832,1.6178599999999999,1.6183100000000001,151,17,0
2026-08-28 11:30:00,1.6183,1.61856,1.61819,1.6184500000000002,157,17,0
2026-08-28 11:45:00,1.6185,1.6188099999999999,1.61835,1.6188099999999999,205,17,0
2026-08-28 12:00:00,1.61879,1.61883,1.61819,1.61819,228,17,0
2026-08-28 12:15:00,1.61817,1.61818,1.61742,1.61787,241,17,0
2026-08-28 12:30:00,1.61789,1.6183100000000001,1.6176599999999999,1.61768,286,17,0
2026-08-28 12:45:00,1.61769,1.6179999999999999,1.61741,1.6175199999999998,374,17,0
2026-08-28 13:00:00,1.61753,1.61767,1.61693,1.6170499999999999,278,17,0
2026-08-28 13:15:00,1.61707,1.6178,1.61703,1.6176599999999999,245,17,0
2026-08-28 13:30:00,1.61769,1.61772,1.6171799999999998,1.6173,292,17,0
2026-08-28 13:45:00,1.61731,1.6180400000000001,1.61731,1.6180400000000001,384,17,0
2026-08-28 14:00:00,1.61807,1.61873,1.6170200000000001,1.61837,1799,17,0
2026-08-28 14:15:00,1.61836,1.6185100000000001,1.61714,1.6176599999999999,1062,17,0
2026-08-28 14:30:00,1.61769,1.61776,1.61695,1.6172900000000001,990,17,0
2026-08-28 14:45:00,1.61726,1.61772,1.617,1.6170499999999999,732,17,0
2026-08-28 15:00:00,1.61706,1.61818,1.61661,1.6181,653,17,0
2026-08-28 15:15:00,1.61809,1.61816,1.6172900000000001,1.61764,490,17,0
2026-08-28 15:30:00,1.61762,1.61828,1.61751,1.61821,439,17,0
2026-08-28 15:45:00,1.61822,1.61887,1.61781,1.61875,444,17,0
2026-08-28 16:00:00,1.61873,1.61895,1.61798,1.6184500000000002,492,17,0
2026-08-28 16:15:00,1.61844,1.61898,1.61814,1.61825,539,17,0
2026-08-28 16:30:00,1.61823,1.61862,1.61789,1.61843,409,17,0
2026-08-28 16:45:00,1.61842,1.61842,1.61775,1.61808,313,17,0
2026-08-28 17:00:00,1.6181,1.6183999999999998,1.6179700000000001,1.61798,317,17,0
2026-08-28 17:15:00,1.6179999999999999,1.6182400000000001,1.6179299999999999,1.61802,206,17,0
2026-08-28 17:30:00,1.61803,1.61835,1.61784,1.61789,212,17,0
2026-08-28 17:45:00,1.61787,1.61789,1.61748,1.61787,211,17,0
2026-08-28 18:00:00,1.61784,1.61809,1.61765,1.61788,203,17,0
2026-08-28 18:15:00,1.6178599999999999,1.6184500000000002,1.6178,1.61814,207,17,0
2026-08-28 18:30:00,1.61817,1.6183,1.6176599999999999,1.6176599999999999,201,17,0
2026-08-28 18:45:00,1.61767,1.61782,1.61754,1.61755,173,17,0
2026-08-28 19:00:00,1.61754,1.6177000000000001,1.6172900000000001,1.6176300000000001,182,17,0
2026-08-28 19:15:00,1.6176,1.61771,1.6175199999999998,1.61753,122,17,0
2026-08-28 19:30:00,1.61754,1.61768,1.61727,1.61735,125,17,0
2026-08-28 19:45:00,1.6173600000000001,1.61762,1.61717,1.61742,173,17,0
2026-08-28 20:00:00,1.6173899999999999,1.6176300000000001,1.61731,1.61753,152,17,0
2026-08-28 20:15:00,1.61751,1.61769,1.6173899999999999,1.61768,87,17,0
2026-08-28 20:30:00,1.61771,1.61785,1.61746,1.61749,100,17,0
2026-08-28 20:45:00,1.6175199999999998,1.6175199999999998,1.61701,1.6170499999999999,144,17,0
2026-08-30 21:00:00,1.61711,1.6171799999999998,1.61595,1.61711,76,131,0
2026-08-30 21:15:00,1.6170900000000001,1.61719,1.61584,1.6168,151,126,0
2026-08-30 21:30:00,1.61683,1.61737,1.61666,1.61712,77,101,0
2026-08-30 21:45:00,1.61713,1.61731,1.61548,1.6170499999999999,163,93,0
2026-08-30 22:00:00,1.6172,1.61767,1.61692,1.6175199999999998,241,17,0
2026-08-30 22:15:00,1.61746,1.61756,1.61704,1.61737,92,17,0
2026-08-30 22:30:00,1.6173199999999999,1.61771,1.61731,1.61755,113,17,0
2026-08-30 22:45:00,1.61753,1.61785,1.61753,1.61772,58,17,0
2026-08-30 23:00:00,1.61773,1.61787,1.61753,1.6177700000000002,123,17,0
2026-08-30 23:15:00,1.61775,1.61787,1.61771,1.6178,88,17,0
2026-08-30 23:30:00,1.61781,1.61819,1.61774,1.61815,109,17,0
2026-08-30 23:45:00,1.61817,1.6186500000000001,1.61808,1.6186500000000001,231,17,0
2026-08-31 00:00:00,1.61862,1.61928,1.6184699999999999,1.61871,435,17,0
2026-08-31 00:15:00,1.6187,1.61936,1.61848,1.61921,337,17,0
2026-08-31 00:30:00,1.61924,1.61924,1.61819,1.61834,324,17,0
2026-08-31 00:45:00,1.61835,1.61856,1.6179999999999999,1.61816,319,17,0
2026-08-31 01:00:00,1.61818,1.6187200000000002,1.61809,1.61809,475,17,0
2026-08-31 01:15:00,1.6181299999999998,1.61849,1.61785,1.6181999999999999,398,17,0
2026-08-31 01:30:00,1.61822,1.61855,1.61754,1.61758,460,17,0
2026-08-31 01:45:00,1.6176,1.61781,1.61712,1.61727,328,17,0
2026-08-31 02:00:00,1.6172900000000001,1.61782,1.61706,1.6177000000000001,372,17,0
2026-08-31 02:15:00,1.61771,1.61807,1.6173899999999999,1.61749,314,17,0
2026-08-31 02:30:00,1.61751,1.61823,1.61735,1.61812,385,17,0
2026-08-31 02:45:00,1.6181299999999998,1.61814,1.61757,1.6175899999999999,235,17,0
2026-08-31 03:00:00,1.61757,1.61757,1.61665,1.61667,233,17,0
2026-08-31 03:15:00,1.61666,1.61711,1.61653,1.61696,199,17,0
2026-08-31 03:30:00,1.61699,1.6173,1.6169,1.61719,171,17,0
2026-08-31 03:45:00,1.61721,1.61726,1.617,1.61719,125,17,0
2026-08-31 04:00:00,1.61723,1.61768,1.6172,1.6173,153,17,0
2026-08-31 04:15:00,1.6172900000000001,1.6175899999999999,1.6172499999999999,1.61733,148,17,0
2026-08-31 04:30:00,1.61735,1.61773,1.61726,1.61768,122,17,0
2026-08-31 04:45:00,1.61769,1.61769,1.61733,1.61735,116,17,0
2026-08-31 05:00:00,1.61737,1.61794,1.61737,1.61772,153,17,0
2026-08-31 05:15:00,1.61774,1.6177899999999998,1.6171,1.61741,194,17,0
2026-08-31 05:30:00,1.61738,1.61776,1.61724,1.61733,230,17,0
2026-08-31 05:45:00,1.61734,1.61741,1.6170499999999999,1.6173199999999999,214,17,0
2026-08-31 06:00:00,1.61728,1.61775,1.61715,1.61738,290,17,0
2026-08-31 06:15:00,1.61735,1.61764,1.61713,1.6173,257,17,0
2026-08-31 06:30:00,1.61731,1.61826,1.6173,1.6179000000000001,278,17,0
2026-08-31 06:45:00,1.61789,1.6183999999999998,1.61765,1.61807,258,17,0
2026-08-31 07:00:00,1.6181100000000002,1.6185100000000001,1.61783,1.61814,379,17,0
2026-08-31 07:15:00,1.6181100000000002,1.6187399999999998,1.61792,1.6187399999999998,345,17,0
2026-08-31 07:30:00,1.6187200000000002,1.6200999999999999,1.61869,1.62006,370,17,0
2026-08-31 07:45:00,1.62004,1.62056,1.61997,1.6202800000000002,272,17,0
2026-08-31 08:00:00,1.62025,1.62029,1.61959,1.61986,371,17,0
2026-08-31 08:15:00,1.61985,1.6202,1.61985,1.62005,241,17,0
2026-08-31 08:30:00,1.62004,1.6202999999999999,1.61995,1.62008,263,17,0
2026-08-31 08:45:00,1.6200999999999999,1.6202100000000002,1.61947,1.61964,268,17,0
2026-08-31 09:00:00,1.61965,1.62018,1.61965,1.62006,221,17,0
2026-08-31 09:15:00,1.62005,1.6200999999999999,1.6197300000000001,1.61991,211,17,0
2026-08-31 09:30:00,1.61993,1.61997,1.61947,1.61947,214,17,0
2026-08-31 09:45:00,1.61945,1.6198700000000001,1.61939,1.6197599999999999,192,17,0
2026-08-31 10:00:00,1.61979,1.61995,1.61957,1.6198299999999999,247,17,0
2026-08-31 10:15:00,1.61984,1.62024,1.61966,1.62022,207,17,0
2026-08-31 10:30:00,1.6202,1.62045,1.62011,1.6202299999999998,182,17,0
2026-08-31 10:45:00,1.62024,1.6205500000000002,1.6202,1.62049,179,17,0
2026-08-31 11:00:00,1.6204800000000001,1.6206800000000001,1.6204100000000001,1.62058,219,17,0
2026-08-31 11:15:00,1.6205500000000002,1.6205699999999998,1.61958,1.61958,249,17,0
2026-08-31 11:30:00,1.6195599999999999,1.61972,1.61939,1.61954,251,17,0
2026-08-31 11:45:00,1.61952,1.61992,1.61931,1.61945,225,17,0
2026-08-31 12:00:00,1.61943,1.61955,1.6188799999999999,1.61904,315,17,0
2026-08-31 12:15:00,1.61902,1.61934,1.6187,1.6193,324,17,0
2026-08-31 12:30:00,1.61929,1.6200299999999999,1.61907,1.61998,360,17,0
2026-08-31 12:45:00,1.61999,1.62019,1.61957,1.61957,277,17,0
2026-08-31 13:00:00,1.61961,1.61971,1.6191499999999999,1.61938,324,17,0
2026-08-31 13:15:00,1.61937,1.61951,1.61903,1.61905,274,17,0
2026-08-31 13:30:00,1.61904,1.61947,1.6189900000000002,1.6191499999999999,389,17,0
2026-08-31 13:45:00,1.61918,1.61964,1.61882,1.6195,410,17,0
2026-08-31 14:00:00,1.61947,1.61997,1.6192,1.6198000000000001,357,17,0
2026-08-31 14:15:00,1.61977,1.61982,1.61914,1.61925,314,17,0
2026-08-31 14:30:00,1.61924,1.61972,1.6191499999999999,1.61961,391,17,0
2026-08-31 14:45:00,1.61958,1.6212,1.61917,1.62093,806,17,0
2026-08-31 15:00:00,1.6209,1.62169,1.62076,1.6213600000000001,540,17,0
2026-08-31 15:15:00,1.62137,1.62176,1.62127,1.6215199999999999,286,17,0
2026-08-31 15:30:00,1.62155,1.62174,1.62122,1.62134,297,17,0
2026-08-31 15:45:00,1.6213600000000001,1.6214499999999998,1.62088,1.62107,213,17,0
2026-08-31 16:00:00,1.6210499999999999,1.62121,1.6205500000000002,1.62059,229,17,0
2026-08-31 16:15:00,1.62056,1.62069,1.6204399999999999,1.62063,146,17,0
2026-08-31 16:30:00,1.62062,1.6208399999999998,1.6206,1.62073,151,17,0
2026-08-31 16:45:00,1.6207099999999999,1.6208,1.62058,1.62062,146,17,0
2026-08-31 17:00:00,1.6206,1.621,1.6206,1.6209099999999999,115,17,0
2026-08-31 17:15:00,1.6208900000000002,1.62126,1.62087,1.62114,107,17,0
2026-08-31 17:30:00,1.62115,1.6212,1.6207,1.6207500000000001,100,17,0
2026-08-31 17:45:00,1.62074,1.62092,1.62062,1.62087,98,17,0
2026-08-31 18:00:00,1.62088,1.62111,1.62087,1.62106,103,17,0
2026-08-31 18:15:00,1.6210900000000001,1.62127,1.62106,1.62121,109,17,0
2026-08-31 18:30:00,1.62119,1.6212499999999999,1.62104,1.6212,143,17,0
2026-08-31 18:45:00,1.62119,1.62131,1.62115,1.62128,134,17,0
2026-08-31 19:00:00,1.6212900000000001,1.62153,1.6212900000000001,1.6215000000000002,113,17,0
2026-08-31 19:15:00,1.62153,1.62154,1.62122,1.6212900000000001,83,17,0
2026-08-31 19:30:00,1.62127,1.6213600000000001,1.62108,1.6210900000000001,91,17,0
2026-08-31 19:45:00,1.6211,1.62115,1.62072,1.62096,187,17,0
2026-08-31 20:00:00,1.62097,1.62106,1.62081,1.62103,128,17,0
2026-08-31 20:15:00,1.62106,1.62112,1.62093,1.6210200000000001,47,17,0
2026-08-31 20:30:00,1.6210499999999999,1.62107,1.6208,1.62083,82,17,0
2026-08-31 20:45:00,1.62085,1.62107,1.62072,1.62094,103,15,0
2026-08-31 21:00:00,1.62093,1.62093,1.62067,1.62069,158,18,0
2026-08-31 21:15:00,1.6207,1.6208200000000001,1.6205500000000002,1.6207500000000001,199,58,0
2026-08-31 21:30:00,1.62076,1.62085,1.6207099999999999,1.6208200000000001,145,62,0
2026-08-31 21:45:00,1.62081,1.62087,1.62079,1.62087,38,58,0
2026-08-31 22:00:00,1.62088,1.6211799999999998,1.62072,1.62117,88,24,0
2026-08-31 22:15:00,1.6211600000000002,1.62122,1.62113,1.6211799999999998,30,25,0
2026-08-31 22:30:00,1.6212,1.62123,1.6208,1.62094,65,25,0
2026-08-31 22:45:00,1.62096,1.62104,1.62072,1.6207500000000001,57,25,0
2026-08-31 23:00:00,1.6208,1.62083,1.62029,1.6203699999999999,90,17,0
2026-08-31 23:15:00,1.62039,1.6205699999999998,1.62033,1.62045,71,17,0
2026-08-31 23:30:00,1.62047,1.62065,1.62022,1.62062,107,17,0
2026-08-31 23:45:00,1.6206,1.62067,1.62005,1.62013,163,17,0
2026-09-01 00:00:00,1.62011,1.62011,1.6191499999999999,1.61941,405,17,0
2026-09-01 00:15:00,1.6194,1.6194899999999999,1.6186099999999999,1.6188799999999999,302,17,0
2026-09-01 00:30:00,1.61889,1.61984,1.61889,1.61977,265,17,0
2026-09-01 00:45:00,1.6197300000000001,1.62031,1.6197300000000001,1.62016,261,17,0
2026-09-01 01:00:00,1.62012,1.62054,1.6199599999999998,1.62015,362,17,0
2026-09-01 01:15:00,1.62013,1.62029,1.61972,1.61998,258,17,0
2026-09-01 01:30:00,1.6199400000000002,1.6202,1.6183800000000002,1.6183999999999998,325,17,0
2026-09-01 01:45:00,1.61841,1.61898,1.61841,1.6186,322,17,0
2026-09-01 02:00:00,1.6185800000000001,1.6188799999999999,1.61825,1.61826,287,17,0
2026-09-01 02:15:00,1.61825,1.6189200000000001,1.61814,1.61883,215,17,0
2026-09-01 02:30:00,1.61884,1.61911,1.61867,1.61875,227,17,0
2026-09-01 02:45:00,1.6187399999999998,1.6188799999999999,1.6183800000000002,1.6183800000000002,169,17,0
2026-09-01 03:00:00,1.6183999999999998,1.61929,1.6183999999999998,1.61924,216,17,0
2026-09-01 03:15:00,1.61923,1.61947,1.61916,1.6194,166,17,0
2026-09-01 03:30:00,1.61941,1.6194600000000001,1.6186500000000001,1.61907,217,17,0
2026-09-01 03:45:00,1.61905,1.61927,1.6185800000000001,1.61927,208,17,0
2026-09-01 04:00:00,1.61929,1.6195300000000001,1.61891,1.61891,181,17,0
2026-09-01 04:15:00,1.6189200000000001,1.6190799999999999,1.61877,1.6190099999999998,136,17,0
2026-09-01 04:30:00,1.619,1.6191,1.61867,1.6187399999999998,108,17,0
2026-09-01 04:45:00,1.61877,1.61921,1.61857,1.6191,150,17,0
2026-09-01 05:00:00,1.61913,1.61913,1.61873,1.61889,185,17,0
2026-09-01 05:15:00,1.61887,1.6191200000000001,1.61876,1.61893,148,17,0
2026-09-01 05:30:00,1.61895,1.61914,1.6187200000000002,1.61894,282,17,0
2026-09-01 05:45:00,1.61897,1.6192199999999999,1.61875,1.61921,245,17,0
2026-09-01 06:00:00,1.6191900000000001,1.61925,1.61852,1.61887,278,17,0
2026-09-01 06:15:00,1.6188500000000001,1.61928,1.61875,1.61917,281,17,0
2026-09-01 06:30:00,1.6192,1.61968,1.6189,1.6194199999999999,320,17,0
2026-09-01 06:45:00,1.61943,1.61984,1.61923,1.6196700000000002,302,17,0
2026-09-01 07:00:00,1.61968,1.6201699999999999,1.6195300000000001,1.61957,416,17,0
2026-09-01 07:15:00,1.61955,1.61964,1.6193499999999998,1.6196000000000002,270,17,0
2026-09-01 07:30:00,1.6196199999999998,1.62061,1.6196199999999998,1.62032,415,17,0
2026-09-01 07:45:00,1.6202999999999999,1.62066,1.6201699999999999,1.6206,305,17,0
2026-09-01 08:00:00,1.62058,1.6208,1.61988,1.6199,501,17,0
2026-09-01 08:15:00,1.61992,1.62101,1.61985,1.62099,362,17,0
2026-09-01 08:30:00,1.62096,1.62225,1.62092,1.62225,503,17,0
2026-09-01 08:45:00,1.62223,1.62298,1.6219700000000001,1.62283,369,17,0
2026-09-01 09:00:00,1.62287,1.6234899999999999,1.62273,1.6234899999999999,397,17,0
2026-09-01 09:15:00,1.6234600000000001,1.62409,1.62336,1.6238899999999998,312,17,0
2026-09-01 09:30:00,1.62391,1.62425,1.6233499999999998,1.62338,341,17,0
2026-09-01 09:45:00,1.62339,1.62358,1.6226099999999999,1.6229,333,17,0
2026-09-01 10:00:00,1.62287,1.62295,1.6225100000000001,1.62262,286,17,0
2026-09-01 10:15:00,1.6226,1.62283,1.62222,1.62225,252,17,0
2026-09-01 10:30:00,1.62226,1.6224699999999999,1.62194,1.62246,211,17,0
2026-09-01 10:45:00,1.62243,1.62304,1.62236,1.6226,267,17,0
2026-09-01 11:00:00,1.6225800000000001,1.62298,1.6223999999999998,1.62253,262,17,0
2026-09-01 11:15:00,1.62255,1.6227800000000001,1.62243,1.6226099999999999,261,17,0
2026-09-01 11:30:00,1.6226,1.62283,1.62237,1.6225399999999999,203,17,0
2026-09-01 11:45:00,1.62255,1.6225800000000001,1.6221700000000001,1.62245,291,17,0
2026-09-01 12:00:00,1.6224699999999999,1.62296,1.62239,1.62264,374,17,0
2026-09-01 12:15:00,1.6226099999999999,1.62287,1.62189,1.6221100000000002,349,17,0
2026-09-01 12:30:00,1.6221299999999998,1.62229,1.62171,1.62183,312,17,0
2026-09-01 12:45:00,1.62184,1.6218599999999999,1.6204800000000001,1.6205,339,17,0
2026-09-01 13:00:00,1.62053,1.62194,1.6204100000000001,1.6219299999999999,475,17,0
2026-09-01 13:15:00,1.62191,1.62191,1.62122,1.62161,313,17,0
2026-09-01 13:30:00,1.6215899999999999,1.6220400000000001,1.6214499999999998,1.62146,480,17,0
2026-09-01 13:45:00,1.6214300000000001,1.62172,1.62122,1.6213899999999999,435,17,0
2026-09-01 14:00:00,1.62142,1.62187,1.6207500000000001,1.6216599999999999,561,17,0
2026-09-01 14:15:00,1.62164,1.62174,1.6208399999999998,1.62124,438,17,0
2026-09-01 14:30:00,1.6212499999999999,1.62146,1.62061,1.62107,435,17,0
2026-09-01 14:45:00,1.62106,1.62191,1.6207,1.62079,616,17,0
2026-09-01 15:00:00,1.6208200000000001,1.62127,1.62047,1.62051,457,17,0
2026-09-01 15:15:00,1.62053,1.62066,1.61989,1.62009,323,17,0
2026-09-01 15:30:00,1.62012,1.6203699999999999,1.6190600000000002,1.6190600000000002,307,17,0
2026-09-01 15:45:00,1.6190799999999999,1.6193300000000002,1.61873,1.61928,300,17,0
2026-09-01 16:00:00,1.61925,1.61959,1.6192,1.61954,286,17,0
2026-09-01 16:15:00,1.61955,1.62011,1.61917,1.62001,410,17,0
2026-09-01 16:30:00,1.6200299999999999,1.62059,1.6200299999999999,1.62051,354,17,0
2026-09-01 16:45:00,1.6205,1.6205699999999998,1.62009,1.62026,213,17,0
2026-09-01 17:00:00,1.62027,1.62088,1.62019,1.6206,256,17,0
2026-09-01 17:15:00,1.62061,1.6212499999999999,1.62056,1.62119,221,17,0
2026-09-01 17:30:00,1.62121,1.62138,1.62096,1.62134,238,17,0
2026-09-01 17:45:00,1.6213600000000001,1.62137,1.6210900000000001,1.62128,139,17,0
2026-09-01 18:00:00,1.62126,1.62187,1.62126,1.62151,166,17,0
2026-09-01 18:15:00,1.62148,1.62158,1.6213899999999999,1.62153,147,17,0
2026-09-01 18:30:00,1.62154,1.62192,1.6215199999999999,1.6218599999999999,160,17,0
2026-09-01 18:45:00,1.62184,1.62199,1.62142,1.6215600000000001,204,17,0
2026-09-01 19:00:00,1.62154,1.62219,1.62154,1.6219299999999999,194,17,0
2026-09-01 19:15:00,1.62195,1.62221,1.62183,1.62205,120,17,0
2026-09-01 19:30:00,1.6220599999999998,1.62212,1.62182,1.62189,122,17,0
2026-09-01 19:45:00,1.62188,1.62243,1.6218599999999999,1.6223800000000002,142,17,0
2026-09-01 20:00:00,1.62237,1.62243,1.62218,1.62221,92,17,0
2026-09-01 20:15:00,1.62219,1.62246,1.62215,1.62246,65,17,0
2026-09-01 20:30:00,1.62243,1.62246,1.62215,1.6223,84,17,0
2026-09-01 20:45:00,1.62226,1.62252,1.62226,1.62242,115,17,0
2026-09-01 21:00:00,1.62243,1.62243,1.62087,1.62088,152,16,0
2026-09-01 21:15:00,1.62086,1.62141,1.62052,1.62053,191,158,0
2026-09-01 21:30:00,1.62051,1.6214499999999998,1.6204100000000001,1.6212499999999999,272,142,0
2026-09-01 21:45:00,1.62123,1.62138,1.62113,1.62137,225,151,0
2026-09-01 22:00:00,1.6214,1.62244,1.6214,1.62237,150,25,0
2026-09-01 22:15:00,1.62236,1.62243,1.6221100000000002,1.62218,81,25,0
2026-09-01 22:30:00,1.6221700000000001,1.62222,1.62183,1.62214,64,25,0
2026-09-01 22:45:00,1.6221100000000002,1.62212,1.62185,1.62185,37,25,0
2026-09-01 23:00:00,1.62188,1.62214,1.62182,1.62212,41,17,0
2026-09-01 23:15:00,1.6221100000000002,1.62235,1.62208,1.62226,47,17,0
2026-09-01 23:30:00,1.6222699999999999,1.6222699999999999,1.6220400000000001,1.6221,43,17,0
2026-09-01 23:45:00,1.6221100000000002,1.62225,1.62184,1.6219999999999999,121,17,0
2026-09-02 00:00:00,1.62198,1.62223,1.62161,1.62221,329,17,0
2026-09-02 00:15:00,1.62222,1.6223800000000002,1.6217700000000002,1.6221999999999999,333,17,0
2026-09-02 00:30:00,1.62222,1.62237,1.6221299999999998,1.62215,187,17,0
2026-09-02 00:45:00,1.6221700000000001,1.6223,1.6219700000000001,1.62199,207,17,0
2026-09-02 01:00:00,1.62198,1.6222699999999999,1.62172,1.62198,341,17,0
2026-09-02 01:15:00,1.62196,1.62196,1.62069,1.6208,357,17,0
2026-09-02 01:30:00,1.62053,1.62053,1.61918,1.61939,716,17,0
2026-09-02 01:45:00,1.61936,1.61997,1.61909,1.6197300000000001,387,17,0
2026-09-02 02:00:00,1.6197,1.6214,1.6196700000000002,1.62123,774,17,0
2026-09-02 02:15:00,1.62126,1.62158,1.62036,1.62158,457,17,0
2026-09-02 02:30:00,1.62154,1.6219700000000001,1.6211,1.6211600000000002,360,17,0
2026-09-02 02:45:00,1.6211799999999998,1.6215199999999999,1.6210499999999999,1.62147,212,17,0
2026-09-02 03:00:00,1.62144,1.62164,1.6205699999999998,1.62076,273,17,0
2026-09-02 03:15:00,1.6207500000000001,1.62128,1.62074,1.62101,271,17,0
2026-09-02 03:30:00,1.62104,1.6218599999999999,1.62097,1.62167,312,17,0
2026-09-02 03:45:00,1.6216599999999999,1.62196,1.62153,1.62158,213,17,0
2026-09-02 04:00:00,1.6215600000000001,1.62271,1.62154,1.62221,297,17,0
2026-09-02 04:15:00,1.62219,1.6228099999999999,1.62195,1.62257,239,17,0
2026-09-02 04:30:00,1.62259,1.62295,1.6225,1.6228,211,17,0
2026-09-02 04:45:00,1.62277,1.62296,1.62244,1.62283,250,17,0
2026-09-02 05:00:00,1.6228099999999999,1.6230799999999999,1.62192,1.62194,279,17,0
2026-09-02 05:15:00,1.62191,1.6219700000000001,1.6213600000000001,1.6213899999999999,357,17,0
2026-09-02 05:30:00,1.62142,1.62161,1.62128,1.62144,262,17,0
2026-09-02 05:45:00,1.62147,1.6215000000000002,1.62114,1.62122,237,17,0
2026-09-02 06:00:00,1.62119,1.62158,1.62033,1.62072,409,17,0
2026-09-02 06:15:00,1.62069,1.62093,1.62012,1.6205699999999998,466,17,0
2026-09-02 06:30:00,1.62056,1.62067,1.62012,1.62033,375,17,0
2026-09-02 06:45:00,1.6203699999999999,1.62099,1.61992,1.6202999999999999,408,17,0
2026-09-02 07:00:00,1.62032,1.62046,1.6198299999999999,1.62018,479,17,0
2026-09-02 07:15:00,1.6202100000000002,1.6205,1.6198299999999999,1.6204100000000001,374,17,0
2026-09-02 07:30:00,1.62042,1.62047,1.61945,1.61979,350,17,0
2026-09-02 07:45:00,1.61982,1.62076,1.61982,1.62053,345,17,0
2026-09-02 08:00:00,1.62056,1.62173,1.62024,1.62173,449,17,0
2026-09-02 08:15:00,1.62176,1.62314,1.62168,1.62307,427,17,0
2026-09-02 08:30:00,1.62309,1.62367,1.62282,1.6233,408,17,0
2026-09-02 08:45:00,1.6232600000000001,1.62447,1.6232600000000001,1.6237,484,17,0
2026-09-02 09:00:00,1.6237300000000001,1.62406,1.6233300000000002,1.62401,423,17,0
2026-09-02 09:15:00,1.62399,1.62511,1.62392,1.62506,338,17,0
2026-09-02 09:30:00,1.62503,1.62513,1.62428,1.62451,289,17,0
2026-09-02 09:45:00,1.62449,1.6246,1.62399,1.62432,306,17,0
2026-09-02 10:00:00,1.62431,1.62456,1.62413,1.62426,309,17,0
2026-09-02 10:15:00,1.62427,1.62449,1.6236199999999998,1.62374,279,17,0
2026-09-02 10:30:00,1.62375,1.62377,1.6232600000000001,1.6232600000000001,251,17,0
2026-09-02 10:45:00,1.62323,1.62339,1.62234,1.6223800000000002,270,17,0
2026-09-02 11:00:00,1.62239,1.62255,1.62171,1.62176,369,17,0
2026-09-02 11:15:00,1.6217899999999998,1.62232,1.62153,1.6216,362,17,0
2026-09-02 11:30:00,1.62158,1.62164,1.6211799999999998,1.62134,181,17,0
2026-09-02 11:45:00,1.6211,1.62111,1.6202100000000002,1.62025,307,17,0
2026-09-02 12:00:00,1.62029,1.62045,1.6198000000000001,1.6198700000000001,408,17,0
2026-09-02 12:15:00,1.61984,1.6201400000000001,1.6195300000000001,1.61963,447,17,0
2026-09-02 12:30:00,1.61966,1.62066,1.61964,1.6202800000000002,326,17,0
2026-09-02 12:45:00,1.62025,1.62043,1.6195300000000001,1.61972,415,17,0
2026-09-02 13:00:00,1.61974,1.61977,1.61882,1.61925,372,17,0
2026-09-02 13:15:00,1.61927,1.61963,1.61878,1.6193,577,17,0
2026-09-02 13:30:00,1.6193300000000002,1.6194199999999999,1.61807,1.61807,651,17,0
2026-09-02 13:45:00,1.61808,1.61835,1.6170900000000001,1.61788,740,17,0
2026-09-02 14:00:00,1.61785,1.61812,1.61703,1.61756,615,17,0
2026-09-02 14:15:00,1.6175199999999998,1.61799,1.61734,1.61792,477,17,0
2026-09-02 14:30:00,1.61794,1.61801,1.61724,1.6173,425,17,0
2026-09-02 14:45:00,1.61733,1.61753,1.61667,1.61688,569,17,0
2026-09-02 15:00:00,1.61685,1.6170900000000001,1.61629,1.6166,502,17,0
2026-09-02 15:15:00,1.6165699999999998,1.61674,1.61606,1.61613,387,17,0
2026-09-02 15:30:00,1.61611,1.61703,1.61597,1.61703,346,17,0
2026-09-02 15:45:00,1.61701,1.61712,1.61674,1.61693,254,17,0
2026-09-02 16:00:00,1.6169099999999998,1.61706,1.61667,1.61672,227,17,0
2026-09-02 16:15:00,1.61674,1.61708,1.6167099999999999,1.61708,220,17,0
2026-09-02 16:30:00,1.61707,1.61714,1.6167,1.61683,164,17,0
2026-09-02 16:45:00,1.61684,1.61686,1.61645,1.61645,178,17,0
2026-09-02 17:00:00,1.61643,1.6166800000000001,1.61642,1.6164800000000001,184,17,0
2026-09-02 17:15:00,1.61647,1.61669,1.61643,1.61645,148,17,0
2026-09-02 17:30:00,1.61647,1.6166,1.61618,1.6162,159,17,0
2026-09-02 17:45:00,1.6162100000000001,1.61634,1.61605,1.61615,156,17,0
2026-09-02 18:00:00,1.61616,1.61626,1.61597,1.61624,127,17,0
2026-09-02 18:15:00,1.61626,1.61643,1.61591,1.61636,192,17,0
2026-09-02 18:30:00,1.61635,1.61635,1.61609,1.61615,107,17,0
2026-09-02 18:45:00,1.6161400000000001,1.61632,1.61612,1.61627,100,17,0
2026-09-02 19:00:00,1.61625,1.61627,1.6159400000000002,1.6159400000000002,122,17,0
2026-09-02 19:15:00,1.61595,1.61612,1.6159400000000002,1.61605,95,17,0
2026-09-02 19:30:00,1.61606,1.61612,1.61591,1.61593,91,17,0
2026-09-02 19:45:00,1.6159,1.61598,1.61573,1.6159,114,17,0
2026-09-02 20:00:00,1.61593,1.61608,1.6158299999999999,1.61605,101,17,0
2026-09-02 20:15:00,1.6160700000000001,1.6162,1.61604,1.61604,79,17,0
2026-09-02 20:30:00,1.6160299999999999,1.61612,1.61599,1.61606,56,17,0
2026-09-02 20:45:00,1.61608,1.61624,1.61602,1.6160299999999999,88,17,0
2026-09-02 21:00:00,1.61602,1.61602,1.61534,1.6154,258,34,0
2026-09-02 21:15:00,1.61541,1.61566,1.6152600000000001,1.6154600000000001,264,196,0
2026-09-02 21:30:00,1.61547,1.6158299999999999,1.61547,1.61578,100,174,0
2026-09-02 21:45:00,1.61577,1.6159400000000002,1.61558,1.61558,107,142,0
2026-09-02 22:00:00,1.6156000000000001,1.61636,1.6155599999999999,1.6160700000000001,107,25,0
2026-09-02 22:15:00,1.61605,1.61622,1.616,1.61606,61,25,0
2026-09-02 22:30:00,1.6160700000000001,1.61656,1.616,1.61649,71,25,0
2026-09-02 22:45:00,1.6165,1.61656,1.61639,1.61647,47,25,0
2026-09-02 23:00:00,1.6164800000000001,1.61701,1.6163699999999999,1.61699,76,17,0
2026-09-02 23:15:00,1.617,1.6171600000000002,1.61676,1.6168,71,17,0
2026-09-02 23:30:00,1.6168200000000001,1.6168900000000002,1.61651,1.61672,82,17,0
2026-09-02 23:45:00,1.61674,1.6171600000000002,1.61649,1.61712,176,17,0
2026-09-03 00:00:00,1.6170900000000001,1.6176599999999999,1.61684,1.6169099999999998,387,17,0
2026-09-03 00:15:00,1.6168900000000002,1.61745,1.61676,1.6171600000000002,282,17,0
2026-09-03 00:30:00,1.6171799999999998,1.61761,1.6171799999999998,1.61733,224,17,0
2026-09-03 00:45:00,1.61731,1.61764,1.6171,1.61723,325,17,0
2026-09-03 01:00:00,1.6172499999999999,1.61745,1.61711,1.61731,339,17,0
2026-09-03 01:15:00,1.61728,1.6173899999999999,1.6169,1.61721,275,17,0
2026-09-03 01:30:00,1.61722,1.6173600000000001,1.6168,1.61728,339,17,0
2026-09-03 01:45:00,1.6172499999999999,1.61731,1.61673,1.61681,265,17,0
2026-09-03 02:00:00,1.61683,1.61756,1.61669,1.61744,308,17,0
2026-09-03 02:15:00,1.61741,1.61767,1.6173,1.6173,314,17,0
2026-09-03 02:30:00,1.6173199999999999,1.61772,1.61717,1.61757,313,17,0
2026-09-03 02:45:00,1.6175899999999999,1.6183999999999998,1.61742,1.6183800000000002,269,17,0
2026-09-03 03:00:00,1.6183999999999998,1.61862,1.6181299999999998,1.61835,297,17,0
2026-09-03 03:15:00,1.61834,1.61859,1.61769,1.61787,291,17,0
2026-09-03 03:30:00,1.61784,1.61814,1.61722,1.6178,203,17,0
2026-09-03 03:45:00,1.61781,1.61781,1.61724,1.6172900000000001,192,17,0
2026-09-03 04:00:00,1.6173199999999999,1.6175199999999998,1.61695,1.61731,167,17,0
2026-09-03 04:15:00,1.6173,1.61745,1.61708,1.6172900000000001,153,17,0
2026-09-03 04:30:00,1.61731,1.6175899999999999,1.61715,1.61724,227,17,0
2026-09-03 04:45:00,1.61722,1.61767,1.61722,1.61758,156,17,0
2026-09-03 05:00:00,1.61755,1.61821,1.6175199999999998,1.6178599999999999,210,17,0
2026-09-03 05:15:00,1.61784,1.61968,1.6177899999999998,1.61943,390,17,0
2026-09-03 05:30:00,1.6194600000000001,1.62019,1.6191900000000001,1.61968,402,17,0
2026-09-03 05:45:00,1.6196700000000002,1.61995,1.6191900000000001,1.6193,316,17,0
2026-09-03 06:00:00,1.61927,1.61992,1.6191900000000001,1.6194600000000001,406,17,0
2026-09-03 06:15:00,1.61948,1.61954,1.61917,1.6195300000000001,276,17,0
2026-09-03 06:30:00,1.6195599999999999,1.61985,1.6192600000000001,1.61939,457,17,0
2026-09-03 06:45:00,1.61941,1.61961,1.6191,1.61959,315,17,0
2026-09-03 07:00:00,1.61961,1.6197599999999999,1.61917,1.61928,537,17,0
2026-09-03 07:15:00,1.61929,1.6193,1.6179999999999999,1.61823,360,17,0
2026-09-03 07:30:00,1.6182400000000001,1.61876,1.61742,1.6175199999999998,470,17,0
2026-09-03 07:45:00,1.61751,1.6181999999999999,1.6170900000000001,1.6171600000000002,382,17,0
2026-09-03 08:00:00,1.6171799999999998,1.6173,1.61551,1.6160999999999999,741,17,0
2026-09-03 08:15:00,1.61612,1.61631,1.61578,1.61591,374,17,0
2026-09-03 08:30:00,1.61588,1.61606,1.6151,1.61565,318,17,0
2026-09-03 08:45:00,1.6156199999999998,1.61642,1.6156199999999998,1.61642,329,17,0
2026-09-03 09:00:00,1.6164399999999999,1.61651,1.61523,1.61525,377,17,0
2026-09-03 09:15:00,1.61524,1.61527,1.61436,1.61441,324,17,0
2026-09-03 09:30:00,1.6143800000000001,1.61524,1.6143,1.61505,305,17,0
2026-09-03 09:45:00,1.61504,1.6153499999999998,1.61497,1.61528,328,17,0
2026-09-03 10:00:00,1.6152600000000001,1.61566,1.6152199999999999,1.61559,248,17,0
2026-09-03 10:15:00,1.61561,1.61571,1.61509,1.61539,286,17,0
2026-09-03 10:30:00,1.61536,1.61574,1.61464,1.61464,276,17,0
2026-09-03 10:45:00,1.6146500000000001,1.61473,1.61369,1.6137899999999998,319,17,0
2026-09-03 11:00:00,1.61382,1.61426,1.61365,1.61392,458,17,0
2026-09-03 11:15:00,1.6139000000000001,1.61418,1.6136,1.61375,416,17,0
2026-09-03 11:30:00,1.6137299999999999,1.6143800000000001,1.61372,1.6143100000000001,284,17,0
2026-09-03 11:45:00,1.61429,1.6148099999999999,1.6141,1.6145399999999999,276,17,0
2026-09-03 12:00:00,1.61457,1.6149200000000001,1.61449,1.6147399999999998,358,17,0
2026-09-03 12:15:00,1.61475,1.6149200000000001,1.61453,1.61468,354,17,0
2026-09-03 12:30:00,1.6147399999999998,1.61476,1.6135199999999998,1.61399,1017,17,0
2026-09-03 12:45:00,1.61402,1.61442,1.6133899999999999,1.61357,701,17,0
2026-09-03 13:00:00,1.61354,1.61449,1.61335,1.61362,552,17,0
2026-09-03 13:15:00,1.6135899999999999,1.61514,1.61357,1.6147,574,17,0
2026-09-03 13:30:00,1.61471,1.6159599999999998,1.61463,1.61529,649,17,0
2026-09-03 13:45:00,1.6152600000000001,1.61632,1.61517,1.6162,575,17,0
2026-09-03 14:00:00,1.61616,1.61704,1.6157599999999999,1.61679,666,17,0
2026-09-03 14:15:00,1.6167799999999999,1.6170499999999999,1.6162100000000001,1.61646,470,17,0
2026-09-03 14:30:00,1.6164800000000001,1.6165,1.61559,1.6159,529,17,0
2026-09-03 14:45:00,1.61589,1.6162,1.6151900000000001,1.61531,625,17,0
2026-09-03 15:00:00,1.61528,1.61566,1.61473,1.61538,532,17,0
2026-09-03 15:15:00,1.61537,1.61547,1.61483,1.6148500000000001,431,17,0
2026-09-03 15:30:00,1.6148799999999999,1.61538,1.61468,1.61478,362,17,0
2026-09-03 15:45:00,1.61476,1.6150799999999998,1.61448,1.6146,274,17,0
2026-09-03 16:00:00,1.61457,1.61478,1.61442,1.61443,285,17,0
2026-09-03 16:15:00,1.61442,1.61513,1.61442,1.61509,267,17,0
2026-09-03 16:30:00,1.6150799999999998,1.6151900000000001,1.61494,1.61511,219,17,0
2026-09-03 16:45:00,1.61507,1.61538,1.61496,1.61496,205,17,0
2026-09-03 17:00:00,1.61497,1.6153,1.61484,1.6152199999999999,199,17,0
2026-09-03 17:15:00,1.61523,1.6152600000000001,1.61476,1.61476,173,17,0
2026-09-03 17:30:00,1.6147399999999998,1.6148,1.6145399999999999,1.6147200000000002,143,17,0
2026-09-03 17:45:00,1.61469,1.6147399999999998,1.61443,1.6145800000000001,125,17,0
2026-09-03 18:00:00,1.61455,1.61455,1.61421,1.6142699999999999,149,17,0
2026-09-03 18:15:00,1.61429,1.61436,1.61416,1.61432,141,17,0
2026-09-03 18:30:00,1.6143399999999999,1.61457,1.61428,1.61437,132,17,0
2026-09-03 18:45:00,1.6143800000000001,1.6145399999999999,1.6141999999999999,1.61448,125,17,0
2026-09-03 19:00:00,1.61446,1.61455,1.61437,1.61448,151,17,0
2026-09-03 19:15:00,1.61446,1.61448,1.61422,1.6144699999999998,148,17,0
2026-09-03 19:30:00,1.61448,1.6146,1.61415,1.61425,150,17,0
2026-09-03 19:45:00,1.6142699999999999,1.6146099999999999,1.61415,1.61437,154,17,0
2026-09-03 20:00:00,1.61439,1.61452,1.6143800000000001,1.61446,84,17,0
2026-09-03 20:15:00,1.61443,1.61455,1.6141999999999999,1.61432,104,17,0
2026-09-03 20:30:00,1.61433,1.6145100000000001,1.61428,1.61442,95,17,0
2026-09-03 20:45:00,1.61443,1.61459,1.61441,1.61443,75,17,0
2026-09-03 21:00:00,1.61444,1.6144500000000002,1.61414,1.6143800000000001,122,30,0
2026-09-03 21:15:00,1.61437,1.6143999999999998,1.61369,1.61418,210,42,0
2026-09-03 21:30:00,1.61419,1.6141999999999999,1.6139999999999999,1.61418,127,68,0
2026-09-03 21:45:00,1.61417,1.61418,1.61391,1.61415,336,84,0
2026-09-03 22:00:00,1.6141999999999999,1.61468,1.61418,1.6144500000000002,101,25,0
2026-09-03 22:15:00,1.61446,1.6146099999999999,1.61442,1.6146,37,25,0
2026-09-03 22:30:00,1.61459,1.61464,1.61452,1.61452,27,25,0
2026-09-03 22:45:00,1.6145100000000001,1.61452,1.6142699999999999,1.6143,46,25,0
2026-09-03 23:00:00,1.6143399999999999,1.61448,1.61418,1.6143999999999998,70,17,0
2026-09-03 23:15:00,1.61439,1.61441,1.61416,1.61417,56,17,0
2026-09-03 23:30:00,1.6141999999999999,1.61459,1.6141999999999999,1.6145800000000001,100,17,0
2026-09-03 23:45:00,1.61455,1.6148799999999999,1.61448,1.6148799999999999,126,17,0
2026-09-04 00:00:00,1.6148500000000001,1.61511,1.61463,1.6147,290,17,0
2026-09-04 00:15:00,1.61469,1.61477,1.61394,1.61408,236,17,0
2026-09-04 00:30:00,1.61405,1.6145800000000001,1.61398,1.61409,297,17,0
2026-09-04 00:45:00,1.61412,1.6143399999999999,1.61365,1.61368,248,17,0
2026-09-04 01:00:00,1.61371,1.61426,1.61353,1.61383,336,17,0
2026-09-04 01:15:00,1.6138599999999999,1.6138599999999999,1.61226,1.61273,441,17,0
2026-09-04 01:30:00,1.61274,1.6128200000000001,1.6118700000000001,1.6119400000000002,360,17,0
2026-09-04 01:45:00,1.6119599999999998,1.61266,1.6119599999999998,1.6122100000000001,260,17,0
2026-09-04 02:00:00,1.61225,1.61326,1.61219,1.61297,238,17,0
2026-09-04 02:15:00,1.61301,1.6133600000000001,1.61301,1.61315,210,17,0
2026-09-04 02:30:00,1.6131799999999998,1.61331,1.6128900000000002,1.6129799999999999,174,17,0
2026-09-04 02:45:00,1.613,1.6131,1.61276,1.6130200000000001,182,17,0
2026-09-04 03:00:00,1.613,1.6133600000000001,1.6127799999999999,1.61319,185,17,0
2026-09-04 03:15:00,1.6131799999999998,1.61321,1.6128200000000001,1.6131,130,17,0
2026-09-04 03:30:00,1.61308,1.61324,1.61297,1.61301,174,17,0
2026-09-04 03:45:00,1.61303,1.61327,1.61236,1.61239,191,17,0
2026-09-04 04:00:00,1.61242,1.61247,1.6121400000000001,1.6121699999999999,231,17,0
2026-09-04 04:15:00,1.61216,1.61231,1.6118700000000001,1.6118700000000001,149,17,0
2026-09-04 04:30:00,1.61185,1.61261,1.61163,1.6125099999999999,180,17,0
2026-09-04 04:45:00,1.6125,1.6127099999999999,1.61242,1.61247,131,17,0
2026-09-04 05:00:00,1.61249,1.6127099999999999,1.61242,1.61252,123,17,0
2026-09-04 05:15:00,1.6125,1.61317,1.6124100000000001,1.6131600000000001,157,17,0
2026-09-04 05:30:00,1.6131799999999998,1.6131799999999998,1.6124800000000001,1.6126399999999999,216,17,0
2026-09-04 05:45:00,1.61263,1.6129799999999999,1.61245,1.61277,217,17,0
2026-09-04 06:00:00,1.61279,1.61319,1.61256,1.61269,367,17,0
2026-09-04 06:15:00,1.61272,1.61392,1.61272,1.61348,333,17,0
2026-09-04 06:30:00,1.61346,1.61388,1.6132499999999999,1.61369,276,17,0
2026-09-04 06:45:00,1.6137000000000001,1.61412,1.6135199999999998,1.61389,270,17,0
2026-09-04 07:00:00,1.61387,1.61455,1.61375,1.61385,359,17,0
2026-09-04 07:15:00,1.6138599999999999,1.6143100000000001,1.6138,1.61412,304,17,0
2026-09-04 07:30:00,1.6141,1.61425,1.61365,1.61387,268,17,0
2026-09-04 07:45:00,1.61389,1.61418,1.61364,1.61403,283,17,0
2026-09-04 08:00:00,1.61401,1.61416,1.6136,1.6137299999999999,293,17,0
2026-09-04 08:15:00,1.61371,1.61394,1.6135899999999999,1.61378,204,17,0
2026-09-04 08:30:00,1.6137700000000001,1.6140400000000001,1.6137000000000001,1.6137700000000001,254,17,0
2026-09-04 08:45:00,1.61378,1.6143999999999998,1.61378,1.6143999999999998,235,17,0
2026-09-04 09:00:00,1.6143800000000001,1.6144500000000002,1.6140400000000001,1.61428,252,17,0
2026-09-04 09:15:00,1.6142699999999999,1.6144500000000002,1.61421,1.61433,188,17,0
2026-09-04 09:30:00,1.6143100000000001,1.61456,1.61402,1.61409,222,17,0
2026-09-04 09:45:00,1.6141,1.6141,1.61347,1.61347,227,17,0
2026-09-04 10:00:00,1.61345,1.61367,1.6133199999999999,1.61364,184,17,0
2026-09-04 10:15:00,1.6136599999999999,1.6138599999999999,1.61345,1.61354,184,17,0
2026-09-04 10:30:00,1.6135199999999998,1.6137000000000001,1.6133,1.61353,204,17,0
2026-09-04 10:45:00,1.6135199999999998,1.61392,1.6132900000000001,1.61388,199,17,0
2026-09-04 11:00:00,1.6138599999999999,1.61406,1.6137000000000001,1.61371,160,17,0
2026-09-04 11:15:00,1.6137000000000001,1.61387,1.61356,1.6137700000000001,181,17,0
2026-09-04 11:30:00,1.61378,1.6138,1.6130900000000001,1.61322,200,17,0
2026-09-04 11:45:00,1.6132300000000002,1.61334,1.61295,1.61306,222,17,0
2026-09-04 12:00:00,1.6131,1.61355,1.6130200000000001,1.61328,324,17,0
2026-09-04 12:15:00,1.61327,1.6134,1.61218,1.61236,403,17,0
2026-09-04 12:30:00,1.61243,1.61593,1.61231,1.61326,1821,17,0
2026-09-04 12:45:00,1.6132900000000001,1.61353,1.61215,1.6127799999999999,891,17,0
2026-09-04 13:00:00,1.6127500000000001,1.6138599999999999,1.61265,1.61295,616,17,0
2026-09-04 13:15:00,1.61292,1.6133199999999999,1.61172,1.61189,578,17,0
2026-09-04 13:30:00,1.6118700000000001,1.61261,1.61147,1.61234,645,17,0
2026-09-04 13:45:00,1.61233,1.61296,1.61213,1.61272,580,17,0
2026-09-04 14:00:00,1.6127099999999999,1.61324,1.61245,1.6124800000000001,577,17,0
2026-09-04 14:15:00,1.6125,1.6131199999999999,1.61235,1.6127799999999999,470,17,0
2026-09-04 14:30:00,1.61277,1.6130499999999999,1.6122,1.61232,420,17,0
2026-09-04 14:45:00,1.61231,1.61272,1.61224,1.6124399999999999,475,17,0
2026-09-04 15:00:00,1.61247,1.61276,1.61192,1.61204,447,17,0
2026-09-04 15:15:00,1.6120100000000002,1.61226,1.61191,1.61197,332,17,0
2026-09-04 15:30:00,1.61199,1.61209,1.61155,1.6115599999999999,262,17,0
2026-09-04 15:45:00,1.61159,1.61197,1.61143,1.6116899999999998,257,17,0
2026-09-04 16:00:00,1.6117,1.61179,1.61148,1.6117,234,17,0
2026-09-04 16:15:00,1.61172,1.61198,1.6116000000000001,1.61184,188,17,0
2026-09-04 16:30:00,1.61185,1.61192,1.61168,1.61184,159,17,0
2026-09-04 16:45:00,1.6118299999999999,1.61186,1.61154,1.61158,147,17,0
2026-09-04 17:00:00,1.61157,1.61177,1.61145,1.61158,187,17,0
2026-09-04 17:15:00,1.61159,1.61163,1.61143,1.61155,130,17,0
2026-09-04 17:30:00,1.61154,1.61175,1.61144,1.61175,120,17,0
2026-09-04 17:45:00,1.61174,1.61213,1.6116700000000002,1.6120299999999999,121,17,0
2026-09-04 18:00:00,1.6120100000000002,1.6122,1.6119400000000002,1.612,177,17,0
2026-09-04 18:15:00,1.61197,1.61202,1.61189,1.61195,102,17,0
2026-09-04 18:30:00,1.61197,1.61206,1.61185,1.6118999999999999,110,17,0
2026-09-04 18:45:00,1.61189,1.61191,1.61166,1.61168,98,17,0
2026-09-04 19:00:00,1.6116700000000002,1.61181,1.61161,1.61173,97,17,0
2026-09-04 19:15:00,1.61171,1.6118000000000001,1.6115599999999999,1.61158,88,17,0
2026-09-04 19:30:00,1.6116000000000001,1.61164,1.61139,1.61139,101,17,0
2026-09-04 19:45:00,1.6114000000000002,1.61152,1.61131,1.61145,119,17,0
2026-09-04 20:00:00,1.6114600000000001,1.61159,1.61139,1.61145,100,17,0
2026-09-04 20:15:00,1.61143,1.61179,1.61143,1.61177,85,17,0
2026-09-04 20:30:00,1.61178,1.61179,1.61163,1.61166,57,17,0
2026-09-04 20:45:00,1.61168,1.6120299999999999,1.61161,1.61195,102,17,0
2026-09-06 21:00:00,1.61163,1.61246,1.61163,1.61238,43,199,0
2026-09-06 21:15:00,1.6124,1.6124,1.60989,1.61131,158,199,0
2026-09-06 21:30:00,1.61132,1.61155,1.6096599999999999,1.61104,169,247,0
2026-09-06 21:45:00,1.61107,1.61157,1.60885,1.61102,243,162,0
2026-09-06 22:00:00,1.61129,1.61168,1.61101,1.61154,145,17,0
2026-09-06 22:15:00,1.61155,1.61159,1.61151,1.61159,14,17,0
2026-09-06 22:30:00,1.61158,1.61171,1.61158,1.61166,31,17,0
2026-09-06 22:45:00,1.6116700000000002,1.61171,1.6115,1.6116899999999998,41,17,0
2026-09-06 23:00:00,1.6117,1.6117,1.6113,1.61136,62,17,0
2026-09-06 23:15:00,1.61139,1.61164,1.61139,1.6114899999999999,38,17,0
2026-09-06 23:30:00,1.61147,1.6115599999999999,1.61138,1.6114000000000002,60,17,0
2026-09-06 23:45:00,1.61138,1.61163,1.6112600000000001,1.61144,120,17,0
2026-09-07 00:00:00,1.6114199999999999,1.61177,1.6111900000000001,1.6114600000000001,331,17,0
2026-09-07 00:15:00,1.61148,1.61199,1.61145,1.61198,213,17,0
2026-09-07 00:30:00,1.612,1.61238,1.61124,1.61145,295,17,0
2026-09-07 00:45:00,1.6114600000000001,1.61211,1.6113499999999998,1.61189,268,17,0
2026-09-07 01:00:00,1.6118700000000001,1.61223,1.61166,1.6118299999999999,369,17,0
2026-09-07 01:15:00,1.6118000000000001,1.61205,1.61174,1.61181,281,17,0
2026-09-07 01:30:00,1.6118299999999999,1.6124399999999999,1.61152,1.61208,287,17,0
2026-09-07 01:45:00,1.61209,1.61234,1.61202,1.61226,218,17,0
2026-09-07 02:00:00,1.61225,1.61267,1.61223,1.6125099999999999,213,17,0
2026-09-07 02:15:00,1.61249,1.61279,1.61223,1.61223,150,17,0
2026-09-07 02:30:00,1.61225,1.61258,1.6122100000000001,1.61238,159,17,0
2026-09-07 02:45:00,1.6123699999999999,1.61267,1.61224,1.61243,136,17,0
2026-09-07 03:00:00,1.6124100000000001,1.61259,1.6118999999999999,1.61253,180,17,0
2026-09-07 03:15:00,1.61252,1.61267,1.61212,1.61213,154,17,0
2026-09-07 03:30:00,1.6121400000000001,1.61226,1.61179,1.61188,140,17,0
2026-09-07 03:45:00,1.61186,1.61186,1.61157,1.61163,92,17,0
2026-09-07 04:00:00,1.61165,1.61186,1.61162,1.6116700000000002,114,17,0
2026-09-07 04:15:00,1.61168,1.61197,1.61168,1.6118299999999999,79,17,0
2026-09-07 04:30:00,1.61184,1.6120100000000002,1.6116700000000002,1.61192,125,17,0
2026-09-07 04:45:00,1.6118999999999999,1.61197,1.61141,1.6114199999999999,126,17,0
2026-09-07 05:00:00,1.61144,1.61157,1.61127,1.6114600000000001,130,17,0
2026-09-07 05:15:00,1.61144,1.61144,1.61082,1.61087,111,17,0
2026-09-07 05:30:00,1.61084,1.61091,1.61068,1.61082,188,17,0
2026-09-07 05:45:00,1.61083,1.6108799999999999,1.6106099999999999,1.6108799999999999,182,17,0
2026-09-07 06:00:00,1.61089,1.61102,1.61044,1.61048,237,17,0
2026-09-07 06:15:00,1.6104699999999998,1.6107399999999998,1.61035,1.61035,247,17,0
2026-09-07 06:30:00,1.6103800000000001,1.6104699999999998,1.6097000000000001,1.6097000000000001,275,17,0
2026-09-07 06:45:00,1.60969,1.61006,1.6095000000000002,1.6098,214,17,0
2026-09-07 07:00:00,1.60979,1.6098599999999998,1.60945,1.60947,271,17,0
2026-09-07 07:15:00,1.60949,1.60985,1.60922,1.6092499999999998,218,17,0
2026-09-07 07:30:00,1.60928,1.60953,1.60907,1.60949,301,17,0
2026-09-07 07:45:00,1.60951,1.60951,1.60879,1.60931,410,17,0
2026-09-07 08:00:00,1.60928,1.61003,1.60924,1.61003,426,17,0
2026-09-07 08:15:00,1.61006,1.6109,1.61003,1.6108099999999999,383,17,0
2026-09-07 08:30:00,1.6108,1.6108799999999999,1.61032,1.6104,342,17,0
2026-09-07 08:45:00,1.61042,1.6107,1.6096300000000001,1.60982,276,17,0
2026-09-07 09:00:00,1.6098,1.6099700000000001,1.60961,1.60972,204,17,0
2026-09-07 09:15:00,1.6097299999999999,1.60999,1.6096300000000001,1.60988,159,17,0
2026-09-07 09:30:00,1.6099,1.6101999999999999,1.6096300000000001,1.6098599999999998,193,17,0
2026-09-07 09:45:00,1.60987,1.61001,1.6098,1.60998,153,17,0
2026-09-07 10:00:00,1.61001,1.61035,1.60985,1.61025,186,17,0
2026-09-07 10:15:00,1.6102400000000001,1.6104500000000002,1.61001,1.61014,153,17,0
2026-09-07 10:30:00,1.61016,1.6104,1.61003,1.61005,124,17,0
2026-09-07 10:45:00,1.6100400000000001,1.61028,1.60992,1.6102400000000001,210,17,0
2026-09-07 11:00:00,1.61023,1.61069,1.61022,1.61052,224,17,0
2026-09-07 11:15:00,1.6105399999999999,1.61068,1.61022,1.61059,211,17,0
2026-09-07 11:30:00,1.6106099999999999,1.61105,1.6105800000000001,1.61093,182,17,0
2026-09-07 11:45:00,1.6109200000000001,1.61111,1.61073,1.61111,164,17,0
2026-09-07 12:00:00,1.61109,1.61117,1.6108799999999999,1.6110799999999998,172,17,0
2026-09-07 12:15:00,1.61107,1.6110799999999998,1.61076,1.61077,177,17,0
2026-09-07 12:30:00,1.61075,1.61139,1.61075,1.61129,196,17,0
2026-09-07 12:45:00,1.61128,1.61147,1.61094,1.61098,195,17,0
2026-09-07 13:00:00,1.61096,1.61109,1.61089,1.6109900000000001,154,17,0
2026-09-07 13:15:00,1.611,1.6110799999999998,1.6103100000000001,1.6104500000000002,182,17,0
2026-09-07 13:30:00,1.61043,1.61093,1.61043,1.6107,202,17,0
2026-09-07 13:45:00,1.61071,1.61093,1.61028,1.61028,247,17,0
2026-09-07 14:00:00,1.6103,1.6108099999999999,1.61015,1.6107399999999998,214,17,0
2026-09-07 14:15:00,1.61075,1.61091,1.6106099999999999,1.61073,194,17,0
2026-09-07 14:30:00,1.61071,1.61101,1.6107,1.61082,171,17,0
2026-09-07 14:45:00,1.6108,1.61111,1.61063,1.61103,175,17,0
2026-09-07 15:00:00,1.611,1.61102,1.61049,1.61066,240,17,0
2026-09-07 15:15:00,1.61067,1.6109900000000001,1.61067,1.6109900000000001,115,17,0
2026-09-07 15:30:00,1.61101,1.61109,1.61077,1.61078,107,17,0
2026-09-07 15:45:00,1.61075,1.61096,1.61073,1.6109200000000001,67,17,0
2026-09-07 16:00:00,1.6109,1.61094,1.61073,1.61078,71,17,0
2026-09-07 16:15:00,1.6108,1.61082,1.61055,1.61073,62,17,0
2026-09-07 16:30:00,1.6107399999999998,1.61075,1.61051,1.61062,51,17,0
2026-09-07 16:45:00,1.6106500000000001,1.61071,1.61044,1.61051,60,17,0
2026-09-07 17:00:00,1.61049,1.61049,1.6103100000000001,1.61037,38,17,0
2026-09-07 17:15:00,1.61035,1.61044,1.61032,1.6104,40,17,0
2026-09-07 17:30:00,1.61039,1.61042,1.61035,1.61039,27,17,0
2026-09-07 17:45:00,1.6104,1.61043,1.6103100000000001,1.61043,23,17,0
2026-09-07 18:00:00,1.61039,1.61039,1.61033,1.6103399999999999,20,17,0
2026-09-07 18:15:00,1.61035,1.61044,1.6103399999999999,1.61039,21,17,0
2026-09-07 18:30:00,1.6104,1.61043,1.61033,1.61033,15,17,0
2026-09-07 18:45:00,1.61032,1.61035,1.61019,1.61026,30,17,0
2026-09-07 19:00:00,1.61025,1.61037,1.61018,1.61033,22,17,0
2026-09-07 19:15:00,1.61032,1.61035,1.6102699999999999,1.6102699999999999,15,17,0
2026-09-07 19:30:00,1.6103,1.61033,1.61012,1.61014,41,17,0
2026-09-07 19:45:00,1.6101299999999998,1.6101999999999999,1.61012,1.61018,24,17,0
2026-09-07 20:00:00,1.61017,1.61017,1.61008,1.61014,30,17,0
2026-09-07 20:15:00,1.61012,1.61018,1.6101,1.61012,14,17,0
2026-09-07 20:30:00,1.6101100000000002,1.6101100000000002,1.60994,1.60996,28,17,0
2026-09-07 20:45:00,1.60994,1.60996,1.60983,1.6098400000000002,45,17,0
2026-09-07 21:00:00,1.60985,1.60987,1.60949,1.6096599999999999,131,40,0
2026-09-07 21:15:00,1.60965,1.6097299999999999,1.60944,1.60949,164,110,0
2026-09-07 21:30:00,1.60948,1.60975,1.6092499999999998,1.60933,178,104,0
2026-09-07 21:45:00,1.60935,1.6097299999999999,1.60935,1.6097299999999999,156,106,0
2026-09-07 22:00:00,1.6097000000000001,1.61017,1.6097000000000001,1.61006,83,25,0
2026-09-07 22:15:00,1.61005,1.6103,1.6100400000000001,1.61029,41,25,0
2026-09-07 22:30:00,1.6103,1.6104699999999998,1.6102400000000001,1.6102400000000001,51,25,0
2026-09-07 22:45:00,1.61025,1.6103800000000001,1.61022,1.61033,31,25,0
2026-09-07 23:00:00,1.6103800000000001,1.61057,1.61026,1.61029,94,17,0
2026-09-07 23:15:00,1.6103,1.61069,1.61014,1.6103399999999999,159,17,0
2026-09-07 23:30:00,1.61035,1.6103800000000001,1.60987,1.60995,105,17,0
2026-09-07 23:45:00,1.60996,1.61032,1.6097700000000001,1.6101,116,17,0
2026-09-08 00:00:00,1.61007,1.61064,1.61007,1.61052,353,17,0
2026-09-08 00:15:00,1.61053,1.61096,1.6103100000000001,1.6109200000000001,303,17,0
2026-09-08 00:30:00,1.61089,1.61124,1.61075,1.61096,264,17,0
2026-09-08 00:45:00,1.61098,1.6110799999999998,1.6107399999999998,1.61082,244,17,0
2026-09-08 01:00:00,1.61084,1.6113499999999998,1.6107399999999998,1.61097,310,17,0
2026-09-08 01:15:00,1.61096,1.6117,1.61096,1.6117,236,17,0
2026-09-08 01:30:00,1.61171,1.61222,1.61171,1.61208,285,17,0
2026-09-08 01:45:00,1.61206,1.61215,1.6116700000000002,1.61208,184,17,0
2026-09-08 02:00:00,1.61206,1.61246,1.61202,1.61238,270,17,0
2026-09-08 02:15:00,1.61239,1.61303,1.61235,1.613,291,17,0
2026-09-08 02:30:00,1.61297,1.6131600000000001,1.61249,1.6127099999999999,289,17,0
2026-09-08 02:45:00,1.6127,1.61274,1.6120999999999999,1.61222,218,17,0
2026-09-08 03:00:00,1.6122,1.61265,1.6121699999999999,1.61227,156,17,0
2026-09-08 03:15:00,1.6122999999999998,1.61258,1.61225,1.61254,174,17,0
2026-09-08 03:30:00,1.6125099999999999,1.61261,1.61216,1.61216,146,17,0
2026-09-08 03:45:00,1.61213,1.6122100000000001,1.6108,1.6109900000000001,394,17,0
2026-09-08 04:00:00,1.61101,1.6115,1.61041,1.6114899999999999,310,17,0
2026-09-08 04:15:00,1.61148,1.61148,1.6108099999999999,1.6113300000000002,198,17,0
2026-09-08 04:30:00,1.61134,1.61157,1.61107,1.6113,193,17,0
2026-09-08 04:45:00,1.61128,1.6113499999999998,1.61075,1.61075,164,17,0
2026-09-08 05:00:00,1.6107399999999998,1.61137,1.61067,1.61137,174,17,0
2026-09-08 05:15:00,1.6113499999999998,1.6113499999999998,1.6109499999999999,1.61121,222,17,0
2026-09-08 05:30:00,1.61123,1.6114000000000002,1.6109200000000001,1.61093,288,17,0
2026-09-08 05:45:00,1.61096,1.61141,1.61084,1.6113300000000002,290,17,0
2026-09-08 06:00:00,1.61137,1.61157,1.6109,1.6113499999999998,381,17,0
2026-09-08 06:15:00,1.61136,1.6118299999999999,1.6111900000000001,1.61174,410,17,0
2026-09-08 06:30:00,1.61172,1.61208,1.61116,1.6113499999999998,335,17,0
2026-09-08 06:45:00,1.61138,1.61185,1.6113,1.61144,282,17,0
2026-09-08 07:00:00,1.6114199999999999,1.6114899999999999,1.6100400000000001,1.61015,384,17,0
2026-09-08 07:15:00,1.61017,1.6103399999999999,1.60982,1.60982,368,17,0
2026-09-08 07:30:00,1.6098400000000002,1.61022,1.60971,1.6099999999999999,348,17,0
2026-09-08 07:45:00,1.61001,1.61052,1.60996,1.6099999999999999,334,17,0
2026-09-08 08:00:00,1.61002,1.61082,1.60991,1.61049,446,17,0
2026-09-08 08:15:00,1.6104699999999998,1.6108500000000001,1.61015,1.61063,375,17,0
2026-09-08 08:30:00,1.6106500000000001,1.6110799999999998,1.61064,1.61064,291,17,0
2026-09-08 08:45:00,1.6106500000000001,1.6108,1.6103100000000001,1.6103399999999999,350,17,0
2026-09-08 09:00:00,1.61032,1.6105399999999999,1.60999,1.61025,369,17,0
2026-09-08 09:15:00,1.61026,1.6115,1.6101999999999999,1.6115,304,17,0
2026-09-08 09:30:00,1.61148,1.61151,1.61063,1.61082,422,17,0
2026-09-08 09:45:00,1.61083,1.61087,1.60988,1.61001,282,17,0
2026-09-08 10:00:00,1.6099700000000001,1.61052,1.60988,1.61022,280,17,0
2026-09-08 10:15:00,1.6102400000000001,1.61026,1.6093600000000001,1.60975,346,17,0
2026-09-08 10:30:00,1.60974,1.61036,1.60974,1.61007,201,17,0
2026-09-08 10:45:00,1.61005,1.61016,1.60978,1.61002,203,17,0
2026-09-08 11:00:00,1.60999,1.6100400000000001,1.6095000000000002,1.6098,291,17,0
2026-09-08 11:15:00,1.60983,1.61008,1.6096599999999999,1.60999,238,17,0
2026-09-08 11:30:00,1.6099999999999999,1.61026,1.60968,1.60995,283,17,0
2026-09-08 11:45:00,1.6099700000000001,1.61019,1.6095199999999998,1.60976,244,17,0
2026-09-08 12:00:00,1.60974,1.6101,1.60969,1.6099299999999999,305,17,0
2026-09-08 12:15:00,1.60992,1.60998,1.6094,1.6094300000000001,270,17,0
2026-09-08 12:30:00,1.60941,1.60953,1.60856,1.60884,344,17,0
2026-09-08 12:45:00,1.60887,1.60901,1.60832,1.6085099999999999,285,17,0
2026-09-08 13:00:00,1.60854,1.60915,1.60823,1.6087099999999999,414,17,0
2026-09-08 13:15:00,1.60872,1.6090499999999999,1.6082,1.60825,305,17,0
2026-09-08 13:30:00,1.60823,1.60895,1.60806,1.60894,414,17,0
2026-09-08 13:45:00,1.60892,1.60903,1.6085,1.60858,379,17,0
2026-09-08 14:00:00,1.60856,1.60888,1.6082800000000002,1.60874,400,17,0
2026-09-08 14:15:00,1.60873,1.60896,1.60859,1.60881,315,17,0
2026-09-08 14:30:00,1.6088200000000001,1.60894,1.60842,1.60868,303,17,0
2026-09-08 14:45:00,1.60866,1.61036,1.60833,1.61012,445,17,0
2026-09-08 15:00:00,1.61016,1.61036,1.60976,1.61028,321,17,0
2026-09-08 15:15:00,1.61029,1.61053,1.61019,1.61022,247,17,0
2026-09-08 15:30:00,1.6102400000000001,1.61064,1.6101299999999998,1.61062,249,17,0
2026-09-08 15:45:00,1.6106099999999999,1.61084,1.61046,1.61075,205,17,0
2026-09-08 16:00:00,1.61077,1.6112,1.6107,1.61093,217,17,0
2026-09-08 16:15:00,1.6109499999999999,1.6110600000000002,1.6105,1.61057,197,17,0
2026-09-08 16:30:00,1.6106,1.61063,1.6103800000000001,1.61046,150,17,0
2026-09-08 16:45:00,1.61044,1.61046,1.61007,1.6102400000000001,176,17,0
2026-09-08 17:00:00,1.61023,1.61025,1.6099,1.6101299999999998,159,17,0
2026-09-08 17:15:00,1.6101100000000002,1.6101100000000002,1.6099700000000001,1.60998,84,17,0
2026-09-08 17:30:00,1.60995,1.6100400000000001,1.6098599999999998,1.6099299999999999,87,17,0
2026-09-08 17:45:00,1.60992,1.60992,1.6096599999999999,1.60969,84,17,0
2026-09-08 18:00:00,1.60969,1.60969,1.60945,1.60947,104,17,0
2026-09-08 18:15:00,1.60946,1.60951,1.60937,1.60948,94,17,0
2026-09-08 18:30:00,1.60947,1.60962,1.60946,1.60946,89,17,0
2026-09-08 18:45:00,1.60945,1.61001,1.6094,1.61001,358,17,0
2026-09-08 19:00:00,1.61003,1.61016,1.60991,1.61001,196,17,0
2026-09-08 19:15:00,1.6099999999999999,1.6106,1.60996,1.61049,159,17,0
2026-09-08 19:30:00,1.6105,1.61073,1.61046,1.61052,148,17,0
2026-09-08 19:45:00,1.61049,1.6107900000000002,1.6104500000000002,1.6104699999999998,180,17,0
2026-09-08 20:00:00,1.61049,1.61056,1.61042,1.61051,102,17,0
2026-09-08 20:15:00,1.61052,1.61073,1.61049,1.61071,44,17,0
2026-09-08 20:30:00,1.61068,1.6108,1.6103800000000001,1.6103800000000001,62,17,0
2026-09-08 20:45:00,1.61036,1.61063,1.61035,1.61043,69,17,0
2026-09-08 21:00:00,1.61042,1.6104699999999998,1.60981,1.6098599999999998,180,32,0
2026-09-08 21:15:00,1.60987,1.61019,1.6098599999999998,1.60994,222,72,0
2026-09-08 21:30:00,1.6099700000000001,1.61015,1.60974,1.60987,171,70,0
2026-09-08 21:45:00,1.60989,1.61007,1.60983,1.61006,151,84,0
2026-09-08 22:00:00,1.61006,1.61064,1.6098599999999998,1.61059,134,25,0
2026-09-08 22:15:00,1.6105800000000001,1.6106500000000001,1.61055,1.61057,38,25,0
2026-09-08 22:30:00,1.6105800000000001,1.6106,1.61048,1.6105800000000001,28,25,0
2026-09-08 22:45:00,1.61059,1.61059,1.6104,1.6104,23,25,0
2026-09-08 23:00:00,1.61043,1.61056,1.61036,1.61056,45,17,0
2026-09-08 23:15:00,1.61057,1.61069,1.61015,1.61016,58,17,0
2026-09-08 23:30:00,1.61014,1.6103100000000001,1.61003,1.61026,88,17,0
2026-09-08 23:45:00,1.61022,1.61055,1.6101100000000002,1.61021,169,17,0
2026-09-09 00:00:00,1.61018,1.61022,1.60956,1.60988,327,17,0
2026-09-09 00:15:00,1.6098599999999998,1.60996,1.60961,1.6099,257,17,0
2026-09-09 00:30:00,1.60989,1.61017,1.60958,1.60964,229,17,0
2026-09-09 00:45:00,1.60962,1.60978,1.60941,1.60967,204,17,0
2026-09-09 01:00:00,1.6096599999999999,1.61008,1.6096,1.60983,263,17,0
2026-09-09 01:15:00,1.6098400000000002,1.61018,1.60968,1.6099299999999999,234,17,0
2026-09-09 01:30:00,1.6099,1.61069,1.60983,1.6106500000000001,163,17,0
2026-09-09 01:45:00,1.61068,1.61075,1.60975,1.61016,271,17,0
2026-09-09 02:00:00,1.61018,1.61056,1.61014,1.6105,184,17,0
2026-09-09 02:15:00,1.61051,1.61051,1.60972,1.61018,182,17,0
2026-09-09 02:30:00,1.61016,1.61042,1.60995,1.6099700000000001,169,17,0
2026-09-09 02:45:00,1.6099999999999999,1.61041,1.60995,1.60995,193,17,0
2026-09-09 03:00:00,1.6099700000000001,1.6101,1.60955,1.6101,184,17,0
2026-09-09 03:15:00,1.61009,1.6103100000000001,1.61002,1.61025,141,17,0
2026-09-09 03:30:00,1.61026,1.61039,1.60991,1.61001,141,17,0
2026-09-09 03:45:00,1.61003,1.6101,1.60969,1.61001,151,17,0
2026-09-09 04:00:00,1.6099999999999999,1.61025,1.60987,1.60999,117,17,0
2026-09-09 04:15:00,1.60998,1.61012,1.60951,1.60992,138,17,0
2026-09-09 04:30:00,1.6099,1.61015,1.60954,1.60954,147,17,0
2026-09-09 04:45:00,1.60953,1.60969,1.60886,1.60886,121,17,0
2026-09-09 05:00:00,1.60888,1.60906,1.60866,1.60887,196,17,0
2026-09-09 05:15:00,1.6088900000000002,1.6092,1.60863,1.60879,207,17,0
2026-09-09 05:30:00,1.60876,1.60929,1.60876,1.6092499999999998,232,17,0
2026-09-09 05:45:00,1.60928,1.60945,1.6088,1.6090900000000001,208,17,0
2026-09-09 06:00:00,1.60908,1.60921,1.60824,1.6086,269,17,0
2026-09-09 06:15:00,1.60858,1.60961,1.60858,1.6095199999999998,264,17,0
2026-09-09 06:30:00,1.6095000000000002,1.60962,1.60919,1.6095199999999998,248,17,0
2026-09-09 06:45:00,1.60954,1.60978,1.60917,1.6092300000000002,224,17,0
2026-09-09 07:00:00,1.60922,1.60945,1.60879,1.60918,298,17,0
2026-09-09 07:15:00,1.60919,1.6093899999999999,1.6083699999999999,1.60858,317,17,0
2026-09-09 07:30:00,1.6085500000000001,1.60935,1.60842,1.60935,281,17,0
2026-09-09 07:45:00,1.60938,1.61008,1.60937,1.6097700000000001,328,17,0
2026-09-09 08:00:00,1.60979,1.61052,1.60971,1.61052,337,17,0
2026-09-09 08:15:00,1.61051,1.61077,1.61035,1.6105800000000001,232,17,0
2026-09-09 08:30:00,1.6106,1.6107399999999998,1.6103,1.6106,255,17,0
2026-09-09 08:45:00,1.6106099999999999,1.61084,1.61023,1.61025,231,17,0
2026-09-09 09:00:00,1.61026,1.61114,1.61022,1.6107900000000002,265,17,0
2026-09-09 09:15:00,1.6108,1.61137,1.61078,1.61082,238,17,0
2026-09-09 09:30:00,1.6108099999999999,1.6112,1.61078,1.61078,217,17,0
2026-09-09 09:45:00,1.61077,1.61093,1.61056,1.61077,217,17,0
2026-09-09 10:00:00,1.61076,1.61181,1.61071,1.6117599999999999,297,17,0
2026-09-09 10:15:00,1.61178,1.6118000000000001,1.6114899999999999,1.61172,222,17,0
2026-09-09 10:30:00,1.61174,1.61193,1.6116700000000002,1.6118999999999999,80,17,0
2026-09-09 10:45:00,1.61192,1.61239,1.61192,1.61202,190,17,0
2026-09-09 11:00:00,1.61204,1.6121400000000001,1.6118299999999999,1.61197,209,17,0
2026-09-09 11:15:00,1.61198,1.61287,1.61195,1.61287,239,17,0
2026-09-09 11:30:00,1.6128900000000002,1.61313,1.6124,1.61243,306,17,0
2026-09-09 11:45:00,1.6124100000000001,1.6128200000000001,1.61224,1.6125,347,17,0
2026-09-09 12:00:00,1.61252,1.613,1.61252,1.61292,327,17,0
2026-09-09 12:15:00,1.61294,1.61326,1.61218,1.61239,318,17,0
2026-09-09 12:30:00,1.61242,1.6125099999999999,1.61193,1.61236,263,17,0
2026-09-09 12:45:00,1.61238,1.6124399999999999,1.61199,1.61222,247,17,0
2026-09-09 13:00:00,1.61225,1.6122800000000002,1.61173,1.61202,284,17,0
2026-09-09 13:15:00,1.612,1.61209,1.61082,1.6109200000000001,279,17,0
2026-09-09 13:30:00,1.61093,1.6112600000000001,1.61029,1.6110799999999998,435,17,0
2026-09-09 13:45:00,1.61109,1.61163,1.6109499999999999,1.61158,415,17,0
2026-09-09 14:00:00,1.6115599999999999,1.61168,1.61109,1.61157,334,17,0
2026-09-09 14:15:00,1.61159,1.6120999999999999,1.6112199999999999,1.6112199999999999,401,17,0
2026-09-09 14:30:00,1.61124,1.61148,1.61084,1.61125,302,17,0
2026-09-09 14:45:00,1.61127,1.61141,1.6106,1.61082,369,17,0
2026-09-09 15:00:00,1.61083,1.61181,1.6108099999999999,1.6112600000000001,754,17,0
2026-09-09 15:15:00,1.61128,1.6117,1.61096,1.6111499999999999,467,17,0
2026-09-09 15:30:00,1.61112,1.6113300000000002,1.6108099999999999,1.61128,444,17,0
2026-09-09 15:45:00,1.6112600000000001,1.6113,1.61064,1.61087,276,17,0
2026-09-09 16:00:00,1.61084,1.61136,1.61078,1.6113499999999998,246,17,0
2026-09-09 16:15:00,1.61134,1.61173,1.61124,1.61144,226,17,0
2026-09-09 16:30:00,1.61145,1.6117599999999999,1.61127,1.61128,195,17,0
2026-09-09 16:45:00,1.61129,1.6116700000000002,1.61124,1.61148,190,17,0
2026-09-09 17:00:00,1.61147,1.61165,1.6113499999999998,1.61144,181,17,0
2026-09-09 17:15:00,1.61143,1.6120100000000002,1.6111499999999999,1.61198,174,17,0
2026-09-09 17:30:00,1.61199,1.61199,1.6115300000000001,1.61154,133,17,0
2026-09-09 17:45:00,1.61155,1.61161,1.61136,1.61136,67,17,0
2026-09-09 18:00:00,1.61137,1.61143,1.61123,1.61131,91,17,0
2026-09-09 18:15:00,1.6113300000000002,1.61141,1.61123,1.61141,78,17,0
2026-09-09 18:30:00,1.6114199999999999,1.61143,1.61121,1.6113499999999998,101,17,0
2026-09-09 18:45:00,1.61132,1.61136,1.61112,1.6112600000000001,100,17,0
2026-09-09 19:00:00,1.61124,1.61129,1.6110600000000002,1.61113,101,17,0
2026-09-09 19:15:00,1.61112,1.61138,1.61105,1.61136,86,17,0
2026-09-09 19:30:00,1.61134,1.61152,1.6112600000000001,1.6114000000000002,79,17,0
2026-09-09 19:45:00,1.61137,1.6116700000000002,1.61134,1.61158,135,17,0
2026-09-09 20:00:00,1.61159,1.61164,1.61144,1.6116000000000001,85,17,0
2026-09-09 20:15:00,1.61158,1.61161,1.61152,1.61159,39,17,0
2026-09-09 20:30:00,1.61158,1.61164,1.6114899999999999,1.61152,41,17,0
2026-09-09 20:45:00,1.61155,1.6117,1.6114000000000002,1.61145,80,17,0
2026-09-09 21:00:00,1.61143,1.61148,1.61104,1.61129,157,32,0
2026-09-09 21:15:00,1.61127,1.6114199999999999,1.61124,1.61138,216,36,0
2026-09-09 21:30:00,1.61138,1.6114000000000002,1.6109200000000001,1.6109200000000001,178,46,0
2026-09-09 21:45:00,1.61089,1.61107,1.61089,1.61107,141,214,0
2026-09-09 22:00:00,1.61112,1.6121400000000001,1.61112,1.61192,125,25,0
2026-09-09 22:15:00,1.6119400000000002,1.61205,1.6118299999999999,1.6120299999999999,49,25,0
2026-09-09 22:30:00,1.6120100000000002,1.61208,1.61189,1.6119599999999998,50,25,0
2026-09-09 22:45:00,1.61197,1.61224,1.61197,1.6120999999999999,40,25,0
2026-09-09 23:00:00,1.6121699999999999,1.61227,1.61191,1.61192,58,17,0
2026-09-09 23:15:00,1.6119400000000002,1.61197,1.61155,1.61155,88,17,0
2026-09-09 23:30:00,1.61157,1.61175,1.611,1.61101,107,17,0
2026-09-09 23:45:00,1.61104,1.61109,1.61073,1.61089,144,17,0
2026-09-10 00:00:00,1.61086,1.61113,1.61062,1.611,266,17,0
2026-09-10 00:15:00,1.61103,1.61157,1.61102,1.6115599999999999,219,17,0
2026-09-10 00:30:00,1.61154,1.61166,1.61144,1.61154,160,17,0
2026-09-10 00:45:00,1.61157,1.61216,1.6115300000000001,1.61216,234,17,0
2026-09-10 01:00:00,1.6121699999999999,1.61256,1.61209,1.6124,280,17,0
2026-09-10 01:15:00,1.61238,1.6132300000000002,1.61216,1.61321,270,17,0
2026-09-10 01:30:00,1.61324,1.61383,1.6127799999999999,1.61287,299,17,0
