time,open,high,low,close,tick_volume,spread,real_volume
2026-04-16 16:15:00,1.85519,1.85556,1.8548499999999999,1.85511,384,18,0
2026-04-16 16:30:00,1.85507,1.8550900000000001,1.85381,1.85416,654,18,0
2026-04-16 16:45:00,1.8541400000000001,1.85439,1.8532,1.85354,453,18,0
2026-04-16 17:00:00,1.85358,1.85366,1.85309,1.8531300000000002,421,18,0
2026-04-16 17:15:00,1.85309,1.8537599999999999,1.8530799999999998,1.85346,388,18,0
2026-04-16 17:30:00,1.85347,1.85386,1.85325,1.85365,237,18,0
2026-04-16 17:45:00,1.85362,1.8536899999999998,1.853,1.85339,298,18,0
2026-04-16 18:00:00,1.85338,1.85412,1.8533300000000001,1.85354,472,18,0
2026-04-16 18:15:00,1.85351,1.85372,1.85309,1.8535599999999999,346,18,0
2026-04-16 18:30:00,1.85358,1.85389,1.85328,1.8534899999999999,330,18,0
2026-04-16 18:45:00,1.85347,1.85393,1.85337,1.85373,291,18,0
2026-04-16 19:00:00,1.8537599999999999,1.8540999999999999,1.8535,1.8536000000000001,245,18,0
2026-04-16 19:15:00,1.85361,1.8538000000000001,1.8531499999999999,1.85316,190,18,0
2026-04-16 19:30:00,1.8531300000000002,1.8532899999999999,1.85291,1.8529499999999999,213,18,0
2026-04-16 19:45:00,1.85293,1.85388,1.8527,1.8538700000000001,307,18,0
2026-04-16 20:00:00,1.85385,1.85422,1.85321,1.85338,235,18,0
2026-04-16 20:15:00,1.85339,1.85345,1.8525,1.85262,212,18,0
2026-04-16 20:30:00,1.8526500000000001,1.85341,1.85251,1.8532,178,18,0
2026-04-16 20:45:00,1.85317,1.85345,1.85307,1.8532199999999999,106,18,0
2026-04-16 21:00:00,1.8532,1.85321,1.85318,1.8531900000000001,8,48,0
2026-04-16 21:15:00,1.85318,1.8533,1.85316,1.85327,71,48,0
2026-04-16 21:30:00,1.85324,1.8534000000000002,1.8531300000000002,1.85339,76,48,0
2026-04-16 21:45:00,1.8534000000000002,1.8534899999999999,1.85325,1.85346,108,48,0
2026-04-16 22:00:00,1.85358,1.85425,1.8531,1.85399,116,18,0
2026-04-16 22:15:00,1.854,1.8540100000000002,1.85355,1.85377,98,18,0
2026-04-16 22:30:00,1.8537,1.85386,1.85359,1.8537,81,18,0
2026-04-16 22:45:00,1.85368,1.85377,1.8534899999999999,1.8534899999999999,51,18,0
2026-04-16 23:00:00,1.85352,1.85362,1.85334,1.8535,72,18,0
2026-04-16 23:15:00,1.85351,1.85368,1.85343,1.85343,61,18,0
2026-04-16 23:30:00,1.85341,1.85341,1.85312,1.8531300000000002,61,18,0
2026-04-16 23:45:00,1.85311,1.85311,1.8528099999999998,1.853,124,18,0
2026-04-17 00:00:00,1.85297,1.85297,1.85232,1.85259,257,18,0
2026-04-17 00:15:00,1.85257,1.85284,1.85241,1.85275,166,18,0
2026-04-17 00:30:00,1.85277,1.85297,1.8527,1.85293,137,18,0
2026-04-17 00:45:00,1.85294,1.85303,1.85222,1.85232,212,18,0
2026-04-17 01:00:00,1.85233,1.85249,1.85179,1.8519299999999999,270,18,0
2026-04-17 01:15:00,1.85194,1.8520400000000001,1.8517700000000001,1.85202,159,18,0
2026-04-17 01:30:00,1.8520400000000001,1.85214,1.85181,1.85205,148,18,0
2026-04-17 01:45:00,1.85208,1.8524,1.8518,1.85183,147,18,0
2026-04-17 02:00:00,1.8518400000000002,1.85192,1.85153,1.85172,106,18,0
2026-04-17 02:15:00,1.85174,1.85195,1.8516599999999999,1.8517700000000001,95,18,0
2026-04-17 02:30:00,1.85175,1.85202,1.85175,1.8519,87,18,0
2026-04-17 02:45:00,1.85191,1.85203,1.85161,1.85172,94,18,0
2026-04-17 03:00:00,1.85171,1.8518599999999998,1.85151,1.85151,126,18,0
2026-04-17 03:15:00,1.85154,1.85154,1.8513600000000001,1.85148,107,18,0
2026-04-17 03:30:00,1.85149,1.85163,1.85131,1.8515700000000002,111,18,0
2026-04-17 03:45:00,1.85158,1.8521800000000002,1.85158,1.85206,101,18,0
2026-04-17 04:00:00,1.8520400000000001,1.85212,1.8518599999999998,1.8518599999999998,82,18,0
2026-04-17 04:15:00,1.85185,1.85188,1.8511,1.8511,167,18,0
2026-04-17 04:30:00,1.85113,1.8514,1.85094,1.85126,112,18,0
2026-04-17 04:45:00,1.85128,1.85128,1.85076,1.85076,107,18,0
2026-04-17 05:00:00,1.85073,1.85083,1.84988,1.8500999999999999,199,18,0
2026-04-17 05:15:00,1.85007,1.85016,1.8496700000000001,1.85011,159,18,0
2026-04-17 05:30:00,1.85013,1.85013,1.84941,1.84951,164,18,0
2026-04-17 05:45:00,1.8495,1.84988,1.8495,1.84961,147,18,0
2026-04-17 06:00:00,1.84958,1.84958,1.84822,1.84822,364,18,0
2026-04-17 06:15:00,1.84819,1.8489200000000001,1.84787,1.8484,367,18,0
2026-04-17 06:30:00,1.84839,1.84863,1.84802,1.84844,321,18,0
2026-04-17 06:45:00,1.8484500000000001,1.8484699999999998,1.84806,1.8483,338,18,0
2026-04-17 07:00:00,1.8483399999999999,1.84978,1.8483399999999999,1.84971,507,18,0
2026-04-17 07:15:00,1.84972,1.84996,1.84878,1.84897,387,18,0
2026-04-17 07:30:00,1.84896,1.85009,1.8489,1.8500299999999998,461,18,0
2026-04-17 07:45:00,1.8500100000000002,1.85054,1.84982,1.85038,479,18,0
2026-04-17 08:00:00,1.8503500000000002,1.8503500000000002,1.84887,1.8493300000000001,374,18,0
2026-04-17 08:15:00,1.84935,1.8495,1.84851,1.84914,341,18,0
2026-04-17 08:30:00,1.8491300000000002,1.8498,1.84897,1.84977,367,18,0
2026-04-17 08:45:00,1.8497400000000002,1.85015,1.84918,1.84986,370,18,0
2026-04-17 09:00:00,1.84988,1.85056,1.84968,1.85034,429,18,0
2026-04-17 09:15:00,1.8503500000000002,1.85148,1.8502399999999999,1.85134,360,18,0
2026-04-17 09:30:00,1.85135,1.85149,1.85049,1.85094,356,18,0
2026-04-17 09:45:00,1.85092,1.85099,1.85036,1.85065,347,18,0
2026-04-17 10:00:00,1.8506200000000002,1.85129,1.8505099999999999,1.85121,332,18,0
2026-04-17 10:15:00,1.8512,1.85154,1.85102,1.85129,231,18,0
2026-04-17 10:30:00,1.8513,1.8514300000000001,1.85042,1.85047,268,18,0
2026-04-17 10:45:00,1.85045,1.85067,1.84968,1.85025,286,18,0
2026-04-17 11:00:00,1.85022,1.85038,1.84965,1.8499400000000001,293,18,0
2026-04-17 11:15:00,1.84991,1.85052,1.84985,1.85016,330,18,0
2026-04-17 11:30:00,1.85013,1.85039,1.84916,1.85032,369,18,0
2026-04-17 11:45:00,1.85034,1.8507,1.84962,1.8496700000000001,376,18,0
2026-04-17 12:00:00,1.84964,1.85057,1.84951,1.85054,467,18,0
2026-04-17 12:15:00,1.85056,1.85232,1.8505099999999999,1.85198,662,18,0
2026-04-17 12:30:00,1.85195,1.8530600000000002,1.8517000000000001,1.8518400000000002,657,18,0
2026-04-17 12:45:00,1.8518599999999998,1.85676,1.8518599999999998,1.85548,2011,18,0
2026-04-17 13:00:00,1.85549,1.85697,1.85465,1.8552499999999998,1581,18,0
2026-04-17 13:15:00,1.85524,1.8554300000000001,1.8542399999999999,1.85457,1241,18,0
2026-04-17 13:30:00,1.8546,1.85511,1.85407,1.85457,1233,18,0
2026-04-17 13:45:00,1.85461,1.8563399999999999,1.85341,1.8552,1350,18,0
2026-04-17 14:00:00,1.8552300000000002,1.85596,1.85402,1.85458,926,18,0
2026-04-17 14:15:00,1.8546,1.8551600000000001,1.85412,1.85484,827,18,0
2026-04-17 14:30:00,1.85486,1.8561100000000001,1.8542100000000001,1.85595,992,18,0
2026-04-17 14:45:00,1.8559700000000001,1.8564,1.8539400000000001,1.8542999999999998,955,18,0
2026-04-17 15:00:00,1.8542800000000002,1.85446,1.85337,1.85337,941,18,0
2026-04-17 15:15:00,1.85336,1.85405,1.8525800000000001,1.85317,773,18,0
2026-04-17 15:30:00,1.8531900000000001,1.8532899999999999,1.85187,1.8523800000000001,791,18,0
2026-04-17 15:45:00,1.85241,1.8531499999999999,1.8521800000000002,1.8525,727,18,0
2026-04-17 16:00:00,1.8524699999999998,1.8527200000000001,1.85194,1.8527,637,18,0
2026-04-17 16:15:00,1.85267,1.8531,1.85226,1.85226,454,18,0
2026-04-17 16:30:00,1.85229,1.85271,1.85215,1.85271,406,18,0
2026-04-17 16:45:00,1.85269,1.85323,1.85232,1.85236,404,18,0
2026-04-17 17:00:00,1.8523800000000001,1.85283,1.8517700000000001,1.85252,631,18,0
2026-04-17 17:15:00,1.85255,1.8529,1.85208,1.85217,649,18,0
2026-04-17 17:30:00,1.85214,1.8526500000000001,1.8520400000000001,1.85242,428,18,0
2026-04-17 17:45:00,1.8524,1.85269,1.85225,1.85257,361,18,0
2026-04-17 18:00:00,1.8525399999999999,1.85262,1.85199,1.85208,334,18,0
2026-04-17 18:15:00,1.8521100000000001,1.8535300000000001,1.85198,1.85296,461,18,0
2026-04-17 18:30:00,1.85293,1.853,1.8520400000000001,1.8521800000000002,428,18,0
2026-04-17 18:45:00,1.85222,1.8523,1.85134,1.85134,563,18,0
2026-04-17 19:00:00,1.85133,1.85154,1.85111,1.8513199999999999,363,18,0
2026-04-17 19:15:00,1.85133,1.85135,1.85058,1.85077,342,18,0
2026-04-17 19:30:00,1.85079,1.8511199999999999,1.85,1.8503699999999998,555,18,0
2026-04-17 19:45:00,1.8504,1.85121,1.85012,1.8509600000000002,499,18,0
2026-04-17 20:00:00,1.8509799999999998,1.85104,1.84981,1.85033,394,18,0
2026-04-17 20:15:00,1.8502999999999998,1.85031,1.84928,1.84943,209,18,0
2026-04-17 20:30:00,1.84944,1.8502100000000001,1.84944,1.85012,276,18,0
2026-04-17 20:45:00,1.85011,1.85086,1.8496299999999999,1.85081,521,18,0
2026-04-19 21:15:00,1.8456299999999999,1.84646,1.8456299999999999,1.8464399999999999,52,80,0
2026-04-19 21:30:00,1.84645,1.84654,1.8458,1.846,95,80,0
2026-04-19 21:45:00,1.84602,1.84642,1.84593,1.84642,70,80,0
2026-04-19 22:00:00,1.84674,1.84843,1.8459400000000001,1.84796,475,18,0
2026-04-19 22:15:00,1.8479700000000001,1.84848,1.84753,1.8475700000000002,391,18,0
2026-04-19 22:30:00,1.84755,1.8486500000000001,1.84748,1.84851,287,18,0
2026-04-19 22:45:00,1.8485399999999998,1.84862,1.84789,1.8481,190,18,0
2026-04-19 23:00:00,1.84812,1.8486500000000001,1.84809,1.84864,185,18,0
2026-04-19 23:15:00,1.84862,1.84876,1.8481999999999998,1.84824,178,18,0
2026-04-19 23:30:00,1.84822,1.84848,1.84789,1.84801,218,18,0
2026-04-19 23:45:00,1.84805,1.84809,1.8476599999999999,1.8477700000000001,276,18,0
2026-04-20 00:00:00,1.8477999999999999,1.8482699999999999,1.84734,1.84788,526,18,0
2026-04-20 00:15:00,1.84789,1.84848,1.84785,1.8481,371,18,0
2026-04-20 00:30:00,1.84812,1.8483800000000001,1.8476599999999999,1.8479,248,18,0
2026-04-20 00:45:00,1.8479299999999999,1.84828,1.8477700000000001,1.84803,202,18,0
2026-04-20 01:00:00,1.84805,1.84867,1.84798,1.8480400000000001,387,18,0
2026-04-20 01:15:00,1.84806,1.8484099999999999,1.84796,1.84823,213,18,0
2026-04-20 01:30:00,1.84826,1.8491499999999998,1.84826,1.8489,262,18,0
2026-04-20 01:45:00,1.84891,1.84923,1.8488799999999999,1.84916,251,18,0
2026-04-20 02:00:00,1.8491499999999998,1.8493300000000001,1.84897,1.8492,204,18,0
2026-04-20 02:15:00,1.84916,1.8493300000000001,1.84896,1.8493300000000001,117,18,0
2026-04-20 02:30:00,1.84936,1.84951,1.84911,1.8492600000000001,132,18,0
2026-04-20 02:45:00,1.84924,1.84932,1.84891,1.84928,140,18,0
2026-04-20 03:00:00,1.84925,1.84946,1.84914,1.84927,163,18,0
2026-04-20 03:15:00,1.8493,1.84935,1.84912,1.8492600000000001,103,18,0
2026-04-20 03:30:00,1.84925,1.8495300000000001,1.84916,1.84936,135,18,0
2026-04-20 03:45:00,1.84938,1.8495599999999999,1.8493,1.84945,130,18,0
2026-04-20 04:00:00,1.84943,1.84946,1.84914,1.8491900000000001,88,18,0
2026-04-20 04:15:00,1.84917,1.8492199999999999,1.84885,1.8489,89,18,0
2026-04-20 04:30:00,1.84889,1.84896,1.84862,1.84887,112,18,0
2026-04-20 04:45:00,1.84889,1.84941,1.84889,1.84935,151,18,0
2026-04-20 05:00:00,1.84931,1.84938,1.84859,1.8486500000000001,154,18,0
2026-04-20 05:15:00,1.84864,1.84882,1.84853,1.84867,159,18,0
2026-04-20 05:30:00,1.8486500000000001,1.8487200000000001,1.84764,1.8476599999999999,280,18,0
2026-04-20 05:45:00,1.84764,1.8483100000000001,1.84764,1.8483100000000001,293,18,0
2026-04-20 06:00:00,1.8482699999999999,1.84843,1.84722,1.8474300000000001,499,18,0
2026-04-20 06:15:00,1.84741,1.84748,1.84692,1.8471199999999999,310,18,0
2026-04-20 06:30:00,1.8471600000000001,1.8487200000000001,1.8471600000000001,1.8487200000000001,478,18,0
2026-04-20 06:45:00,1.84871,1.8497400000000002,1.84821,1.84968,629,18,0
2026-04-20 07:00:00,1.84972,1.8502800000000001,1.84914,1.8500299999999998,629,18,0
2026-04-20 07:15:00,1.85002,1.85054,1.84964,1.84997,483,18,0
2026-04-20 07:30:00,1.8500100000000002,1.85023,1.84938,1.84952,634,18,0
2026-04-20 07:45:00,1.84954,1.84954,1.8481999999999998,1.84886,439,18,0
2026-04-20 08:00:00,1.8489,1.84925,1.84816,1.8483100000000001,540,18,0
2026-04-20 08:15:00,1.84829,1.84835,1.84768,1.84825,438,18,0
2026-04-20 08:30:00,1.84826,1.84859,1.84753,1.84796,388,18,0
2026-04-20 08:45:00,1.8479100000000002,1.8486099999999999,1.84776,1.8481,445,18,0
2026-04-20 09:00:00,1.84808,1.8488799999999999,1.84802,1.84832,465,18,0
2026-04-20 09:15:00,1.84829,1.8484500000000001,1.8479299999999999,1.84808,409,18,0
2026-04-20 09:30:00,1.8481,1.84855,1.8480400000000001,1.84851,320,18,0
2026-04-20 09:45:00,1.84848,1.85056,1.84846,1.85046,471,18,0
2026-04-20 10:00:00,1.85049,1.8505099999999999,1.84955,1.85018,404,18,0
2026-04-20 10:15:00,1.85019,1.85058,1.84992,1.85058,338,18,0
2026-04-20 10:30:00,1.85059,1.85059,1.84984,1.85012,247,18,0
2026-04-20 10:45:00,1.85015,1.85083,1.8500999999999999,1.8506399999999998,353,18,0
2026-04-20 11:00:00,1.85067,1.85077,1.84978,1.85042,443,18,0
2026-04-20 11:15:00,1.8504,1.85065,1.8502,1.8505,316,18,0
2026-04-20 11:30:00,1.8504800000000001,1.8507,1.84988,1.8504,378,18,0
2026-04-20 11:45:00,1.85042,1.85093,1.85039,1.85063,442,18,0
2026-04-20 12:00:00,1.85066,1.85077,1.84985,1.84989,538,18,0
2026-04-20 12:15:00,1.84992,1.8502399999999999,1.8496000000000001,1.84996,417,18,0
2026-04-20 12:30:00,1.84995,1.85068,1.8498,1.85042,513,18,0
2026-04-20 12:45:00,1.85043,1.85092,1.85029,1.85052,454,18,0
2026-04-20 13:00:00,1.85053,1.85162,1.8502800000000001,1.85144,812,18,0
2026-04-20 13:15:00,1.85145,1.85192,1.8508,1.8511199999999999,581,18,0
2026-04-20 13:30:00,1.85115,1.8513199999999999,1.85027,1.85108,731,18,0
2026-04-20 13:45:00,1.8510499999999999,1.85127,1.85027,1.85092,683,18,0
2026-04-20 14:00:00,1.8508900000000001,1.85093,1.84952,1.8498999999999999,698,18,0
2026-04-20 14:15:00,1.84991,1.84992,1.84869,1.84918,617,18,0
2026-04-20 14:30:00,1.8491499999999998,1.84924,1.84774,1.8483399999999999,652,18,0
2026-04-20 14:45:00,1.8483100000000001,1.84842,1.8469600000000002,1.84738,1265,18,0
2026-04-20 15:00:00,1.84742,1.8476599999999999,1.8465099999999999,1.8472499999999998,733,18,0
2026-04-20 15:15:00,1.84729,1.8481100000000001,1.84683,1.8479299999999999,802,18,0
2026-04-20 15:30:00,1.8479,1.8484699999999998,1.8474,1.8474599999999999,638,18,0
2026-04-20 15:45:00,1.84747,1.84853,1.847,1.8481,681,18,0
2026-04-20 16:00:00,1.8480699999999999,1.8484099999999999,1.8474,1.84741,484,18,0
2026-04-20 16:15:00,1.8474,1.84758,1.84683,1.84706,377,18,0
2026-04-20 16:30:00,1.8470900000000001,1.8476,1.84693,1.84742,436,18,0
2026-04-20 16:45:00,1.84741,1.84747,1.8467799999999999,1.84715,400,18,0
2026-04-20 17:00:00,1.84717,1.84764,1.84699,1.84713,397,18,0
2026-04-20 17:15:00,1.84715,1.84718,1.84654,1.8465500000000001,269,18,0
2026-04-20 17:30:00,1.84657,1.84699,1.84609,1.8466399999999998,390,18,0
2026-04-20 17:45:00,1.84666,1.84674,1.84612,1.8462399999999999,251,18,0
2026-04-20 18:00:00,1.8462100000000001,1.8464800000000001,1.84582,1.84645,379,18,0
2026-04-20 18:15:00,1.84643,1.8466900000000002,1.8457599999999998,1.8459400000000001,338,18,0
2026-04-20 18:30:00,1.84591,1.84659,1.84575,1.84641,361,18,0
2026-04-20 18:45:00,1.84643,1.84663,1.84609,1.84612,351,18,0
2026-04-20 19:00:00,1.84615,1.84691,1.84615,1.84672,268,18,0
2026-04-20 19:15:00,1.84674,1.84687,1.8465799999999999,1.84676,221,18,0
2026-04-20 19:30:00,1.84677,1.84713,1.84665,1.84695,286,18,0
2026-04-20 19:45:00,1.84693,1.84694,1.84632,1.84663,333,18,0
2026-04-20 20:00:00,1.84661,1.847,1.84606,1.8466900000000002,224,18,0
2026-04-20 20:15:00,1.84667,1.84717,1.84667,1.847,123,18,0
2026-04-20 20:30:00,1.84703,1.84747,1.84699,1.84729,182,18,0
2026-04-20 20:45:00,1.84733,1.84749,1.84632,1.84643,220,18,0
2026-04-20 21:00:00,1.84641,1.84643,1.84641,1.84643,5,48,0
2026-04-20 21:15:00,1.84642,1.84654,1.84633,1.84649,74,48,0
2026-04-20 21:30:00,1.84652,1.84674,1.8463699999999998,1.84674,104,71,0
2026-04-20 21:45:00,1.84676,1.84726,1.84647,1.84647,124,48,0
2026-04-20 22:00:00,1.84668,1.8467799999999999,1.84616,1.84652,114,28,0
2026-04-20 22:15:00,1.8465500000000001,1.84668,1.8465,1.84661,26,28,0
2026-04-20 22:30:00,1.84667,1.8468,1.84645,1.84656,66,28,0
2026-04-20 22:45:00,1.84661,1.84683,1.8462399999999999,1.8463500000000002,154,18,0
2026-04-20 23:00:00,1.8463699999999998,1.8465799999999999,1.8462,1.8462,96,18,0
2026-04-20 23:15:00,1.84622,1.8462800000000001,1.8460800000000002,1.8462,53,18,0
2026-04-20 23:30:00,1.84619,1.8464,1.8461699999999999,1.84627,75,18,0
2026-04-20 23:45:00,1.8463,1.84632,1.8460299999999998,1.84607,115,18,0
2026-04-21 00:00:00,1.8460999999999999,1.84616,1.84521,1.84544,252,18,0
2026-04-21 00:15:00,1.8454199999999998,1.84551,1.8452199999999999,1.84536,158,18,0
2026-04-21 00:30:00,1.84535,1.84545,1.84504,1.84539,167,18,0
2026-04-21 00:45:00,1.84538,1.84558,1.84489,1.845,328,18,0
2026-04-21 01:00:00,1.84497,1.8453300000000001,1.84494,1.8452600000000001,184,18,0
2026-04-21 01:15:00,1.84525,1.84558,1.84504,1.8454000000000002,191,18,0
2026-04-21 01:30:00,1.84539,1.84571,1.84527,1.8454700000000002,175,18,0
2026-04-21 01:45:00,1.8454899999999999,1.84551,1.845,1.8450199999999999,171,18,0
2026-04-21 02:00:00,1.84503,1.84535,1.84496,1.84534,128,18,0
2026-04-21 02:15:00,1.8453300000000001,1.84535,1.84511,1.84528,104,18,0
2026-04-21 02:30:00,1.8452600000000001,1.8452600000000001,1.84496,1.84517,159,18,0
2026-04-21 02:45:00,1.84518,1.8452,1.84501,1.8450600000000001,126,18,0
2026-04-21 03:00:00,1.84505,1.8451,1.84471,1.84471,134,18,0
2026-04-21 03:15:00,1.84467,1.8448600000000002,1.84448,1.8448099999999998,134,18,0
2026-04-21 03:30:00,1.84484,1.84496,1.84464,1.8449,107,18,0
2026-04-21 03:45:00,1.84489,1.84489,1.84462,1.8447900000000002,86,18,0
2026-04-21 04:00:00,1.8448,1.84496,1.84458,1.8446099999999999,84,18,0
2026-04-21 04:15:00,1.84458,1.84464,1.84444,1.84447,76,18,0
2026-04-21 04:30:00,1.84449,1.84457,1.84433,1.84449,75,18,0
2026-04-21 04:45:00,1.8445200000000002,1.84459,1.8443399999999999,1.8444099999999999,74,18,0
2026-04-21 05:00:00,1.84443,1.8446799999999999,1.84429,1.8446799999999999,179,18,0
2026-04-21 05:15:00,1.84467,1.84535,1.84451,1.84531,172,18,0
2026-04-21 05:30:00,1.84528,1.84539,1.84485,1.84487,162,18,0
2026-04-21 05:45:00,1.84485,1.84509,1.8444500000000001,1.8449,253,18,0
2026-04-21 06:00:00,1.8449200000000001,1.8464399999999999,1.8449200000000001,1.84585,575,18,0
2026-04-21 06:15:00,1.8458299999999999,1.84586,1.84527,1.84554,339,18,0
2026-04-21 06:30:00,1.84552,1.84554,1.84483,1.84516,318,18,0
2026-04-21 06:45:00,1.84519,1.84532,1.84448,1.8449499999999999,325,18,0
2026-04-21 07:00:00,1.84497,1.84521,1.84413,1.8447900000000002,494,18,0
2026-04-21 07:15:00,1.8448099999999998,1.84523,1.84453,1.8450600000000001,361,18,0
2026-04-21 07:30:00,1.8451,1.84544,1.84473,1.84527,447,18,0
2026-04-21 07:45:00,1.8452899999999999,1.84562,1.84403,1.84436,626,18,0
2026-04-21 08:00:00,1.84433,1.84476,1.84207,1.84242,1303,18,0
2026-04-21 08:15:00,1.8424399999999999,1.84364,1.84218,1.8430900000000001,704,18,0
2026-04-21 08:30:00,1.84307,1.8446,1.8429799999999998,1.8441999999999998,650,18,0
2026-04-21 08:45:00,1.84424,1.8445,1.84399,1.84413,352,18,0
2026-04-21 09:00:00,1.8441,1.8445,1.84337,1.84425,444,18,0
2026-04-21 09:15:00,1.84424,1.84448,1.84389,1.8439999999999999,360,18,0
2026-04-21 09:30:00,1.84402,1.8444500000000001,1.84398,1.8444500000000001,251,18,0
2026-04-21 09:45:00,1.84446,1.84484,1.84414,1.8444,327,18,0
2026-04-21 10:00:00,1.84437,1.84505,1.84403,1.84429,400,18,0
2026-04-21 10:15:00,1.84426,1.84473,1.84395,1.84426,368,18,0
2026-04-21 10:30:00,1.8442699999999999,1.8448,1.84406,1.84467,247,18,0
2026-04-21 10:45:00,1.8446500000000001,1.84552,1.84448,1.84538,358,18,0
2026-04-21 11:00:00,1.84541,1.84582,1.8448799999999999,1.84491,582,18,0
2026-04-21 11:15:00,1.84487,1.84599,1.84469,1.84592,369,18,0
2026-04-21 11:30:00,1.84588,1.84642,1.84578,1.84606,308,18,0
2026-04-21 11:45:00,1.8460800000000002,1.8462800000000001,1.84572,1.84584,337,18,0
2026-04-21 12:00:00,1.8458700000000001,1.8465500000000001,1.84581,1.8464399999999999,427,18,0
2026-04-21 12:15:00,1.84641,1.84641,1.8456700000000001,1.8462399999999999,369,18,0
2026-04-21 12:30:00,1.8462100000000001,1.8462100000000001,1.8448099999999998,1.84514,697,18,0
2026-04-21 12:45:00,1.84512,1.84545,1.84473,1.84482,594,18,0
2026-04-21 13:00:00,1.8448,1.84552,1.8448,1.84493,417,18,0
2026-04-21 13:15:00,1.8449,1.84538,1.84444,1.84455,432,18,0
2026-04-21 13:30:00,1.84458,1.84552,1.84458,1.84487,594,18,0
2026-04-21 13:45:00,1.8448600000000002,1.8452199999999999,1.8442699999999999,1.8445399999999998,585,18,0
2026-04-21 14:00:00,1.84459,1.8448099999999998,1.84408,1.84449,499,18,0
2026-04-21 14:15:00,1.84451,1.84501,1.84369,1.84385,555,18,0
2026-04-21 14:30:00,1.84389,1.84596,1.84351,1.84565,761,18,0
2026-04-21 14:45:00,1.8456700000000001,1.84598,1.84364,1.84381,1014,18,0
2026-04-21 15:00:00,1.84379,1.8443,1.84299,1.84399,823,18,0
2026-04-21 15:15:00,1.84403,1.8441,1.84326,1.8435899999999998,641,18,0
2026-04-21 15:30:00,1.84355,1.84361,1.84284,1.84321,584,18,0
2026-04-21 15:45:00,1.84325,1.84353,1.84303,1.84318,518,18,0
2026-04-21 16:00:00,1.84315,1.84362,1.84311,1.84335,549,18,0
2026-04-21 16:15:00,1.84338,1.84368,1.8430499999999999,1.84324,420,18,0
2026-04-21 16:30:00,1.84321,1.84389,1.84313,1.84376,453,18,0
2026-04-21 16:45:00,1.84374,1.84394,1.84324,1.8435000000000001,379,18,0
2026-04-21 17:00:00,1.84349,1.84395,1.84311,1.84315,712,18,0
2026-04-21 17:15:00,1.84318,1.84388,1.8425500000000001,1.8437999999999999,729,18,0
2026-04-21 17:30:00,1.84376,1.84619,1.84376,1.84562,1168,18,0
2026-04-21 17:45:00,1.8456000000000001,1.8456299999999999,1.84446,1.8447,709,18,0
2026-04-21 18:00:00,1.84473,1.84485,1.84375,1.84375,564,18,0
2026-04-21 18:15:00,1.8437299999999999,1.84383,1.8428499999999999,1.84313,849,18,0
2026-04-21 18:30:00,1.84315,1.84374,1.84315,1.84324,511,18,0
2026-04-21 18:45:00,1.84322,1.84478,1.84301,1.8443399999999999,981,18,0
2026-04-21 19:00:00,1.84433,1.8453300000000001,1.84421,1.84477,791,18,0
2026-04-21 19:15:00,1.8448,1.84525,1.84439,1.84525,702,18,0
2026-04-21 19:30:00,1.8452199999999999,1.84527,1.84246,1.84254,1021,18,0
2026-04-21 19:45:00,1.84252,1.8431899999999999,1.8424800000000001,1.8431199999999999,735,18,0
2026-04-21 20:00:00,1.84314,1.84485,1.8422399999999999,1.8441,1566,18,0
2026-04-21 20:15:00,1.84414,1.8450600000000001,1.84395,1.84467,452,18,0
2026-04-21 20:30:00,1.8447,1.84497,1.84457,1.8448,358,18,0
2026-04-21 20:45:00,1.84478,1.84516,1.8441800000000002,1.84516,300,18,0
2026-04-21 21:15:00,1.84514,1.84514,1.8439100000000002,1.8439100000000002,94,48,0
2026-04-21 21:30:00,1.84388,1.8443800000000001,1.84362,1.8443800000000001,145,109,0
2026-04-21 21:45:00,1.8444,1.84463,1.84437,1.8444099999999999,93,48,0
2026-04-21 22:00:00,1.84448,1.8449,1.84446,1.8448,153,28,0
2026-04-21 22:15:00,1.8448099999999998,1.84489,1.84467,1.8447200000000001,80,18,0
2026-04-21 22:30:00,1.8447,1.8450199999999999,1.84462,1.84485,119,18,0
2026-04-21 22:45:00,1.84484,1.84493,1.84449,1.8446799999999999,120,18,0
2026-04-21 23:00:00,1.84467,1.84478,1.8445399999999998,1.8446099999999999,118,18,0
2026-04-21 23:15:00,1.84462,1.84482,1.84453,1.8446799999999999,66,18,0
2026-04-21 23:30:00,1.84469,1.84482,1.84464,1.8448099999999998,68,18,0
2026-04-21 23:45:00,1.84485,1.84501,1.8448099999999998,1.84494,92,18,0
2026-04-22 00:00:00,1.84496,1.84611,1.84496,1.84589,295,18,0
2026-04-22 00:15:00,1.84586,1.84611,1.8454199999999998,1.84554,213,18,0
2026-04-22 00:30:00,1.8455300000000001,1.8462,1.8455300000000001,1.8460800000000002,230,18,0
2026-04-22 00:45:00,1.84606,1.84611,1.84469,1.8447900000000002,325,18,0
2026-04-22 01:00:00,1.84482,1.84555,1.84463,1.8447,277,18,0
2026-04-22 01:15:00,1.84471,1.84537,1.8446,1.84514,200,18,0
2026-04-22 01:30:00,1.8451300000000002,1.84586,1.84503,1.84505,220,18,0
2026-04-22 01:45:00,1.84501,1.84552,1.84501,1.8454000000000002,163,18,0
2026-04-22 02:00:00,1.84543,1.84559,1.84524,1.84548,165,18,0
2026-04-22 02:15:00,1.8454700000000002,1.84548,1.84505,1.8452,132,18,0
2026-04-22 02:30:00,1.84523,1.84534,1.84507,1.8452,138,18,0
2026-04-22 02:45:00,1.84521,1.8452899999999999,1.8447,1.84473,155,18,0
2026-04-22 03:00:00,1.84471,1.84528,1.8445200000000002,1.8449900000000001,183,18,0
2026-04-22 03:15:00,1.84497,1.84509,1.84477,1.84508,110,18,0
2026-04-22 03:30:00,1.84509,1.8454000000000002,1.84509,1.84527,116,18,0
2026-04-22 03:45:00,1.8452600000000001,1.8452600000000001,1.8449,1.84494,127,18,0
2026-04-22 04:00:00,1.8449499999999999,1.8452,1.8449499999999999,1.84512,128,18,0
2026-04-22 04:15:00,1.84511,1.8451300000000002,1.8448799999999999,1.8449,99,18,0
2026-04-22 04:30:00,1.84489,1.84501,1.84469,1.84489,113,18,0
2026-04-22 04:45:00,1.8448799999999999,1.84498,1.8444500000000001,1.84451,116,18,0
2026-04-22 05:00:00,1.8445,1.84508,1.84442,1.84494,138,18,0
2026-04-22 05:15:00,1.84498,1.8468,1.8449,1.84618,700,18,0
2026-04-22 05:30:00,1.8462,1.84623,1.84559,1.846,258,18,0
2026-04-22 05:45:00,1.84598,1.84615,1.8458,1.84602,180,18,0
2026-04-22 06:00:00,1.8460800000000002,1.84688,1.8457400000000002,1.84688,380,18,0
2026-04-22 06:15:00,1.84687,1.84693,1.84623,1.84654,367,18,0
2026-04-22 06:30:00,1.8465099999999999,1.8466900000000002,1.84543,1.84558,430,18,0
2026-04-22 06:45:00,1.84561,1.84591,1.84543,1.84564,299,18,0
2026-04-22 07:00:00,1.84566,1.84595,1.84538,1.8455300000000001,411,18,0
2026-04-22 07:15:00,1.84552,1.84564,1.84489,1.84531,432,18,0
2026-04-22 07:30:00,1.84534,1.84625,1.84534,1.84607,399,18,0
2026-04-22 07:45:00,1.84609,1.84667,1.84599,1.84654,433,18,0
2026-04-22 08:00:00,1.84657,1.8466900000000002,1.84581,1.84595,476,18,0
2026-04-22 08:15:00,1.84599,1.8462100000000001,1.8455599999999999,1.84571,458,18,0
2026-04-22 08:30:00,1.84568,1.84613,1.8453,1.8457599999999998,415,18,0
2026-04-22 08:45:00,1.84579,1.84652,1.84579,1.84611,341,18,0
2026-04-22 09:00:00,1.8460800000000002,1.84713,1.8458700000000001,1.84701,477,18,0
2026-04-22 09:15:00,1.84702,1.8472,1.8465099999999999,1.8468,279,18,0
2026-04-22 09:30:00,1.8468200000000001,1.84711,1.8466200000000002,1.8466900000000002,264,18,0
2026-04-22 09:45:00,1.84667,1.84687,1.84577,1.84588,372,18,0
2026-04-22 10:00:00,1.84586,1.84607,1.84528,1.8454700000000002,438,18,0
2026-04-22 10:15:00,1.8454899999999999,1.8459699999999999,1.84541,1.84565,253,18,0
2026-04-22 10:30:00,1.84568,1.84609,1.84559,1.84599,294,18,0
2026-04-22 10:45:00,1.84598,1.84634,1.8458299999999999,1.84605,329,18,0
2026-04-22 11:00:00,1.84602,1.84602,1.8451499999999998,1.84517,398,18,0
2026-04-22 11:15:00,1.84518,1.84546,1.84482,1.84494,405,18,0
2026-04-22 11:30:00,1.8449200000000001,1.84508,1.84428,1.8445200000000002,377,18,0
2026-04-22 11:45:00,1.8445399999999998,1.845,1.84449,1.8448799999999999,462,18,0
2026-04-22 12:00:00,1.84485,1.8452199999999999,1.8444500000000001,1.8447200000000001,419,18,0
2026-04-22 12:15:00,1.8447,1.84541,1.84456,1.8446500000000001,429,18,0
2026-04-22 12:30:00,1.84462,1.84475,1.84356,1.84401,488,18,0
2026-04-22 12:45:00,1.8440400000000001,1.84503,1.84399,1.84423,513,18,0
2026-04-22 13:00:00,1.84425,1.84478,1.8439,1.84429,654,18,0
2026-04-22 13:15:00,1.8443100000000001,1.8463699999999998,1.84425,1.84626,813,18,0
2026-04-22 13:30:00,1.8462800000000001,1.8467099999999999,1.84569,1.8460100000000002,831,18,0
2026-04-22 13:45:00,1.84604,1.84626,1.84476,1.84519,706,18,0
2026-04-22 14:00:00,1.84521,1.8454700000000002,1.8446500000000001,1.84512,539,18,0
2026-04-22 14:15:00,1.8451,1.84561,1.8448099999999998,1.84523,637,18,0
2026-04-22 14:30:00,1.84521,1.84579,1.8446799999999999,1.84509,718,18,0
2026-04-22 14:45:00,1.84512,1.84565,1.84463,1.8446500000000001,697,18,0
2026-04-22 15:00:00,1.84469,1.84519,1.8440699999999999,1.84517,629,18,0
2026-04-22 15:15:00,1.8452,1.84536,1.8448600000000002,1.84524,421,18,0
2026-04-22 15:30:00,1.84527,1.84536,1.84449,1.84464,480,18,0
2026-04-22 15:45:00,1.8446500000000001,1.8450600000000001,1.8443399999999999,1.84459,357,18,0
2026-04-22 16:00:00,1.84462,1.84471,1.84378,1.84388,446,18,0
2026-04-22 16:15:00,1.8439,1.84429,1.84372,1.84415,427,18,0
2026-04-22 16:30:00,1.84417,1.84436,1.84395,1.84415,345,18,0
2026-04-22 16:45:00,1.84412,1.84447,1.8441100000000001,1.84424,357,18,0
2026-04-22 17:00:00,1.84425,1.84543,1.84415,1.84531,533,18,0
2026-04-22 17:15:00,1.8452899999999999,1.8458700000000001,1.84507,1.8453,328,18,0
2026-04-22 17:30:00,1.8453300000000001,1.84541,1.84514,1.84525,274,18,0
2026-04-22 17:45:00,1.8452600000000001,1.8458999999999999,1.8451,1.8458299999999999,321,18,0
2026-04-22 18:00:00,1.8458,1.84636,1.84571,1.84616,309,18,0
2026-04-22 18:15:00,1.84619,1.84619,1.84561,1.84572,231,18,0
2026-04-22 18:30:00,1.84575,1.84589,1.84572,1.8458700000000001,193,18,0
2026-04-22 18:45:00,1.84589,1.84595,1.84541,1.84546,259,18,0
2026-04-22 19:00:00,1.84548,1.84573,1.84509,1.84523,344,18,0
2026-04-22 19:15:00,1.84521,1.84602,1.84511,1.8458999999999999,261,18,0
2026-04-22 19:30:00,1.84588,1.84609,1.84572,1.846,260,18,0
2026-04-22 19:45:00,1.8460100000000002,1.84627,1.84575,1.84613,348,18,0
2026-04-22 20:00:00,1.8460999999999999,1.84634,1.8454899999999999,1.84581,193,18,0
2026-04-22 20:15:00,1.8458,1.84596,1.8455300000000001,1.8458,132,18,0
2026-04-22 20:30:00,1.84581,1.84629,1.84565,1.84575,202,18,0
2026-04-22 20:45:00,1.84577,1.846,1.8456000000000001,1.84573,257,18,0
2026-04-22 21:00:00,1.8457400000000002,1.8457400000000002,1.84572,1.84572,4,48,0
2026-04-22 21:15:00,1.84571,1.84571,1.84554,1.8456700000000001,61,48,0
2026-04-22 21:30:00,1.84568,1.84575,1.8456299999999999,1.8457,96,48,0
2026-04-22 21:45:00,1.84572,1.84602,1.84572,1.84582,94,48,0
2026-04-22 22:00:00,1.84578,1.84578,1.8452600000000001,1.84568,95,18,0
2026-04-22 22:15:00,1.84566,1.84572,1.8455300000000001,1.8455300000000001,37,18,0
2026-04-22 22:30:00,1.84551,1.84565,1.84538,1.84543,80,18,0
2026-04-22 22:45:00,1.8454199999999998,1.84554,1.8452,1.8452899999999999,127,18,0
2026-04-22 23:00:00,1.8453300000000001,1.8454899999999999,1.8452199999999999,1.84525,123,18,0
2026-04-22 23:15:00,1.84523,1.8452899999999999,1.84517,1.84527,58,18,0
2026-04-22 23:30:00,1.84528,1.84531,1.84517,1.8452899999999999,37,18,0
2026-04-22 23:45:00,1.84531,1.84541,1.8451300000000002,1.84518,96,18,0
2026-04-23 00:00:00,1.84521,1.84562,1.84414,1.84416,495,18,0
2026-04-23 00:15:00,1.84413,1.84557,1.84327,1.8452600000000001,1242,18,0
2026-04-23 00:30:00,1.84525,1.84571,1.84523,1.8455,421,18,0
2026-04-23 00:45:00,1.84552,1.84586,1.84524,1.84575,368,18,0
2026-04-23 01:00:00,1.84572,1.84595,1.8454700000000002,1.84557,311,18,0
2026-04-23 01:15:00,1.84558,1.84558,1.84496,1.84496,206,18,0
2026-04-23 01:30:00,1.8449900000000001,1.84525,1.84469,1.84525,271,18,0
2026-04-23 01:45:00,1.84523,1.84531,1.84467,1.84473,237,18,0
2026-04-23 02:00:00,1.84475,1.8448600000000002,1.84435,1.84437,237,18,0
2026-04-23 02:15:00,1.8443800000000001,1.84483,1.84414,1.84447,291,18,0
2026-04-23 02:30:00,1.84446,1.84462,1.84429,1.8443100000000001,225,18,0
2026-04-23 02:45:00,1.84429,1.84444,1.84367,1.84374,254,18,0
2026-04-23 03:00:00,1.84371,1.84408,1.84344,1.84348,314,18,0
2026-04-23 03:15:00,1.84351,1.8437700000000001,1.84351,1.84368,213,18,0
2026-04-23 03:30:00,1.8436599999999999,1.84374,1.84342,1.84358,194,18,0
2026-04-23 03:45:00,1.8436,1.8439999999999999,1.84352,1.84399,170,18,0
2026-04-23 04:00:00,1.84398,1.84398,1.8436599999999999,1.84374,158,18,0
2026-04-23 04:15:00,1.84372,1.8437700000000001,1.84361,1.8436599999999999,140,18,0
2026-04-23 04:30:00,1.84367,1.8439,1.8436599999999999,1.84388,93,18,0
2026-04-23 04:45:00,1.84389,1.84414,1.8438400000000001,1.84402,107,18,0
2026-04-23 05:00:00,1.84405,1.84432,1.8439,1.84425,135,18,0
2026-04-23 05:15:00,1.84428,1.84448,1.84398,1.84421,125,18,0
2026-04-23 05:30:00,1.84423,1.84423,1.84375,1.8437999999999999,180,18,0
2026-04-23 05:45:00,1.84381,1.8441800000000002,1.84371,1.84416,190,18,0
2026-04-23 06:00:00,1.84419,1.84419,1.8433899999999999,1.8436599999999999,309,18,0
2026-04-23 06:15:00,1.84365,1.84394,1.84351,1.84369,232,18,0
2026-04-23 06:30:00,1.84367,1.84467,1.84363,1.84449,247,18,0
2026-04-23 06:45:00,1.84446,1.8446,1.84406,1.84406,293,18,0
2026-04-23 07:00:00,1.84408,1.84462,1.8437999999999999,1.84408,515,18,0
2026-04-23 07:15:00,1.8441,1.8442699999999999,1.8436599999999999,1.84385,351,18,0
2026-04-23 07:30:00,1.84382,1.8438400000000001,1.843,1.84318,461,18,0
2026-04-23 07:45:00,1.8431899999999999,1.84336,1.84286,1.84336,424,18,0
2026-04-23 08:00:00,1.84335,1.84347,1.84245,1.84245,477,18,0
2026-04-23 08:15:00,1.84246,1.8427799999999999,1.8423,1.8425099999999999,294,18,0
2026-04-23 08:30:00,1.8425500000000001,1.8447200000000001,1.8425500000000001,1.84432,675,18,0
2026-04-23 08:45:00,1.84435,1.84509,1.84435,1.84497,437,18,0
2026-04-23 09:00:00,1.84494,1.84503,1.84385,1.84409,433,18,0
2026-04-23 09:15:00,1.8440699999999999,1.8456000000000001,1.8440400000000001,1.8452899999999999,463,18,0
2026-04-23 09:30:00,1.84532,1.84611,1.8452199999999999,1.84578,390,18,0
2026-04-23 09:45:00,1.84577,1.84584,1.8447900000000002,1.84487,427,18,0
2026-04-23 10:00:00,1.84483,1.84539,1.84437,1.8444,446,18,0
2026-04-23 10:15:00,1.84442,1.84564,1.84433,1.8455,390,18,0
2026-04-23 10:30:00,1.8455300000000001,1.8456299999999999,1.84497,1.84519,364,18,0
2026-04-23 10:45:00,1.84517,1.84523,1.84403,1.84416,428,18,0
2026-04-23 11:00:00,1.8441800000000002,1.84464,1.84371,1.84408,337,18,0
2026-04-23 11:15:00,1.8440699999999999,1.84482,1.84394,1.8445,409,18,0
2026-04-23 11:30:00,1.8445200000000002,1.8454700000000002,1.8443,1.8452600000000001,464,18,0
2026-04-23 11:45:00,1.84528,1.84619,1.84516,1.8456000000000001,677,18,0
2026-04-23 12:00:00,1.84557,1.8470499999999999,1.8452899999999999,1.84703,706,18,0
2026-04-23 12:15:00,1.847,1.847,1.84545,1.84566,481,18,0
2026-04-23 12:30:00,1.8456299999999999,1.8461400000000001,1.84546,1.84552,486,18,0
2026-04-23 12:45:00,1.84551,1.84584,1.84439,1.84482,893,18,0
2026-04-23 13:00:00,1.8447900000000002,1.8450600000000001,1.84439,1.84459,516,18,0
2026-04-23 13:15:00,1.84456,1.84561,1.84443,1.8452199999999999,619,18,0
2026-04-23 13:30:00,1.84519,1.84703,1.84519,1.84622,665,18,0
2026-04-23 13:45:00,1.84611,1.84708,1.84572,1.84665,733,18,0
2026-04-23 14:00:00,1.84666,1.84703,1.84592,1.84602,617,18,0
2026-04-23 14:15:00,1.84599,1.84706,1.84578,1.84663,608,18,0
2026-04-23 14:30:00,1.8466200000000002,1.84749,1.8464,1.84749,515,18,0
2026-04-23 14:45:00,1.8474599999999999,1.84848,1.84727,1.8475000000000001,674,18,0
2026-04-23 15:00:00,1.84747,1.8479299999999999,1.8471199999999999,1.84727,570,18,0
2026-04-23 15:15:00,1.8473000000000002,1.84768,1.8467099999999999,1.84745,476,18,0
2026-04-23 15:30:00,1.8474599999999999,1.84755,1.84645,1.84645,473,18,0
2026-04-23 15:45:00,1.8464800000000001,1.8467,1.8458999999999999,1.8460299999999998,560,18,0
2026-04-23 16:00:00,1.8460100000000002,1.8468900000000001,1.84568,1.84686,486,18,0
2026-04-23 16:15:00,1.84684,1.84718,1.84613,1.84702,405,18,0
2026-04-23 16:30:00,1.847,1.84718,1.8466399999999998,1.84691,323,18,0
2026-04-23 16:45:00,1.84688,1.84729,1.84663,1.8472300000000001,368,18,0
2026-04-23 17:00:00,1.84721,1.84745,1.8452199999999999,1.84544,948,18,0
2026-04-23 17:15:00,1.8454199999999998,1.84558,1.8447900000000002,1.84505,987,18,0
2026-04-23 17:30:00,1.84508,1.8453,1.84385,1.8439100000000002,1054,18,0
2026-04-23 17:45:00,1.84389,1.84565,1.84379,1.8455300000000001,1606,18,0
2026-04-23 18:00:00,1.8455599999999999,1.8460100000000002,1.84532,1.84558,1068,18,0
2026-04-23 18:15:00,1.84559,1.84579,1.84521,1.84551,614,18,0
2026-04-23 18:30:00,1.84548,1.84582,1.84516,1.8454000000000002,546,18,0
2026-04-23 18:45:00,1.8454199999999998,1.84544,1.84456,1.84487,557,18,0
2026-04-23 19:00:00,1.84489,1.84497,1.8445,1.84453,543,18,0
2026-04-23 19:15:00,1.8445399999999998,1.84475,1.84433,1.84433,392,18,0
2026-04-23 19:30:00,1.8443100000000001,1.8444099999999999,1.8437299999999999,1.84387,499,18,0
2026-04-23 19:45:00,1.84385,1.84443,1.84381,1.8440400000000001,386,18,0
2026-04-23 20:00:00,1.84405,1.8444,1.84389,1.84402,214,18,0
2026-04-23 20:15:00,1.84399,1.8443100000000001,1.8437999999999999,1.84386,145,18,0
2026-04-23 20:30:00,1.84389,1.8442699999999999,1.84387,1.8440699999999999,98,18,0
2026-04-23 20:45:00,1.84408,1.8445,1.84375,1.8443800000000001,223,18,0
2026-04-23 21:00:00,1.84437,1.84443,1.84437,1.84443,5,48,0
2026-04-23 21:15:00,1.84443,1.84446,1.84428,1.8443,26,52,0
2026-04-23 21:30:00,1.8443100000000001,1.84448,1.84341,1.84363,158,116,0
2026-04-23 21:45:00,1.8436599999999999,1.84426,1.84365,1.84414,89,48,0
2026-04-23 22:00:00,1.84417,1.84463,1.8440400000000001,1.84462,125,28,0
2026-04-23 22:15:00,1.84459,1.8447,1.8444099999999999,1.8444099999999999,47,28,0
2026-04-23 22:30:00,1.8444500000000001,1.84453,1.84428,1.84446,70,18,0
2026-04-23 22:45:00,1.84448,1.84459,1.84443,1.8445399999999998,22,18,0
2026-04-23 23:00:00,1.8445200000000002,1.8445399999999998,1.84436,1.8444500000000001,57,18,0
2026-04-23 23:15:00,1.84443,1.84469,1.8443100000000001,1.8445200000000002,95,18,0
2026-04-23 23:30:00,1.84449,1.84469,1.84449,1.84459,44,18,0
2026-04-23 23:45:00,1.8446,1.84476,1.84449,1.8445399999999998,117,18,0
2026-04-24 00:00:00,1.84456,1.84494,1.8444,1.8447,282,18,0
2026-04-24 00:15:00,1.84474,1.8448799999999999,1.8446500000000001,1.84485,144,18,0
2026-04-24 00:30:00,1.8448600000000002,1.84501,1.8445200000000002,1.84453,166,18,0
2026-04-24 00:45:00,1.84451,1.84493,1.84449,1.84475,225,18,0
2026-04-24 01:00:00,1.84474,1.84501,1.8446799999999999,1.84478,218,18,0
2026-04-24 01:15:00,1.84476,1.84496,1.8446500000000001,1.8448,144,18,0
2026-04-24 01:30:00,1.84478,1.84493,1.84439,1.8447,239,18,0
2026-04-24 01:45:00,1.84466,1.84536,1.84466,1.84536,140,18,0
2026-04-24 02:00:00,1.84539,1.84539,1.84489,1.84497,184,18,0
2026-04-24 02:15:00,1.845,1.845,1.84444,1.84449,133,18,0
2026-04-24 02:30:00,1.8445200000000002,1.84482,1.84449,1.84476,154,18,0
2026-04-24 02:45:00,1.84475,1.84501,1.84473,1.84497,113,18,0
2026-04-24 03:00:00,1.84496,1.84505,1.8447200000000001,1.84487,151,18,0
2026-04-24 03:15:00,1.8448600000000002,1.84508,1.8448,1.84498,122,18,0
2026-04-24 03:30:00,1.84497,1.84523,1.84482,1.84508,149,18,0
2026-04-24 03:45:00,1.8450600000000001,1.84539,1.84491,1.84524,160,18,0
2026-04-24 04:00:00,1.84525,1.8454199999999998,1.84516,1.8454000000000002,169,18,0
2026-04-24 04:15:00,1.84539,1.84543,1.84501,1.84503,103,18,0
2026-04-24 04:30:00,1.84501,1.8454899999999999,1.8448799999999999,1.84546,162,18,0
2026-04-24 04:45:00,1.8454899999999999,1.84569,1.84546,1.84559,146,18,0
2026-04-24 05:00:00,1.84558,1.84571,1.84541,1.84554,172,18,0
2026-04-24 05:15:00,1.8455300000000001,1.8456299999999999,1.84532,1.84534,106,18,0
2026-04-24 05:30:00,1.84537,1.8457,1.84534,1.84565,171,18,0
2026-04-24 05:45:00,1.84562,1.84565,1.8452199999999999,1.84539,147,18,0
2026-04-24 06:00:00,1.84543,1.8461400000000001,1.8453,1.84613,269,18,0
2026-04-24 06:15:00,1.84615,1.84619,1.8454899999999999,1.84558,260,18,0
2026-04-24 06:30:00,1.84557,1.84638,1.8454899999999999,1.84627,279,18,0
2026-04-24 06:45:00,1.84625,1.84625,1.84565,1.84578,266,18,0
2026-04-24 07:00:00,1.8458,1.84622,1.84552,1.84602,359,18,0
2026-04-24 07:15:00,1.84604,1.84613,1.84554,1.84566,277,18,0
2026-04-24 07:30:00,1.84569,1.8460999999999999,1.84538,1.8460299999999998,281,18,0
2026-04-24 07:45:00,1.84605,1.84622,1.8456700000000001,1.8458299999999999,321,18,0
2026-04-24 08:00:00,1.8458,1.84599,1.84482,1.84483,336,18,0
2026-04-24 08:15:00,1.8448099999999998,1.84589,1.84478,1.8454000000000002,538,18,0
2026-04-24 08:30:00,1.84538,1.8454700000000002,1.8443399999999999,1.8444,327,18,0
2026-04-24 08:45:00,1.8443800000000001,1.8449499999999999,1.84422,1.84469,349,18,0
2026-04-24 09:00:00,1.8447200000000001,1.84487,1.8441800000000002,1.84484,303,18,0
2026-04-24 09:15:00,1.84482,1.84518,1.84476,1.8450199999999999,348,18,0
2026-04-24 09:30:00,1.84504,1.84585,1.84476,1.8456700000000001,346,18,0
2026-04-24 09:45:00,1.84568,1.8458299999999999,1.84535,1.84544,234,18,0
2026-04-24 10:00:00,1.8454700000000002,1.84589,1.8449900000000001,1.84552,332,18,0
2026-04-24 10:15:00,1.8455,1.8461699999999999,1.8454000000000002,1.84607,309,18,0
2026-04-24 10:30:00,1.84605,1.84619,1.84557,1.84557,293,18,0
2026-04-24 10:45:00,1.84558,1.8458700000000001,1.84518,1.84581,334,18,0
2026-04-24 11:00:00,1.8458299999999999,1.84681,1.84538,1.8467099999999999,937,18,0
2026-04-24 11:15:00,1.84673,1.8481800000000002,1.84595,1.8481800000000002,918,18,0
2026-04-24 11:30:00,1.84821,1.84828,1.84619,1.84627,607,18,0
2026-04-24 11:45:00,1.84625,1.84663,1.8456700000000001,1.84598,425,18,0
2026-04-24 12:00:00,1.84602,1.84646,1.8455599999999999,1.84639,488,18,0
2026-04-24 12:15:00,1.84641,1.84673,1.84585,1.84632,510,18,0
2026-04-24 12:30:00,1.84631,1.8463500000000002,1.84525,1.84595,438,18,0
2026-04-24 12:45:00,1.8459699999999999,1.8473000000000002,1.8452199999999999,1.84703,675,18,0
2026-04-24 13:00:00,1.84706,1.84749,1.8465500000000001,1.84749,584,18,0
2026-04-24 13:15:00,1.84753,1.84761,1.84641,1.84717,561,18,0
2026-04-24 13:30:00,1.84714,1.84758,1.84683,1.84733,741,18,0
2026-04-24 13:45:00,1.84735,1.8484500000000001,1.84715,1.84798,639,18,0
2026-04-24 14:00:00,1.84794,1.8491900000000001,1.84768,1.84856,1020,18,0
2026-04-24 14:15:00,1.84853,1.8498,1.8482699999999999,1.84862,671,18,0
2026-04-24 14:30:00,1.8486500000000001,1.8487200000000001,1.8479,1.84792,567,18,0
2026-04-24 14:45:00,1.84795,1.8480400000000001,1.84661,1.84751,763,18,0
2026-04-24 15:00:00,1.84748,1.84781,1.8472,1.84753,512,18,0
2026-04-24 15:15:00,1.84756,1.8476599999999999,1.84708,1.8472300000000001,449,18,0
2026-04-24 15:30:00,1.84726,1.84805,1.8460999999999999,1.84794,843,18,0
2026-04-24 15:45:00,1.8479,1.84876,1.84745,1.8481999999999998,925,18,0
2026-04-24 16:00:00,1.84816,1.8485200000000002,1.8478599999999998,1.84814,536,18,0
2026-04-24 16:15:00,1.84812,1.84822,1.84778,1.8478400000000001,407,18,0
2026-04-24 16:30:00,1.84787,1.8488,1.84787,1.84869,443,18,0
2026-04-24 16:45:00,1.8487200000000001,1.84897,1.8483100000000001,1.84871,409,18,0
2026-04-24 17:00:00,1.84873,1.84876,1.8481100000000001,1.84814,406,18,0
2026-04-24 17:15:00,1.84816,1.84825,1.84776,1.84798,322,18,0
2026-04-24 17:30:00,1.8479700000000001,1.84853,1.84782,1.84801,367,18,0
2026-04-24 17:45:00,1.8480400000000001,1.84849,1.84776,1.84792,340,18,0
2026-04-24 18:00:00,1.84796,1.8486099999999999,1.84792,1.8482699999999999,303,18,0
2026-04-24 18:15:00,1.84829,1.84849,1.84817,1.84828,296,18,0
2026-04-24 18:30:00,1.84825,1.8483800000000001,1.84808,1.84835,219,18,0
2026-04-24 18:45:00,1.84837,1.84874,1.8481800000000002,1.8486799999999999,259,18,0
2026-04-24 19:00:00,1.8487200000000001,1.8490600000000001,1.84867,1.8488099999999998,359,18,0
2026-04-24 19:15:00,1.84878,1.84905,1.84842,1.8485200000000002,335,18,0
2026-04-24 19:30:00,1.84849,1.8487900000000002,1.84842,1.8486799999999999,402,18,0
2026-04-24 19:45:00,1.8486500000000001,1.84927,1.8485800000000001,1.8492199999999999,309,18,0
2026-04-24 20:00:00,1.84923,1.8496000000000001,1.84912,1.84931,270,18,0
2026-04-24 20:15:00,1.8493,1.84979,1.84896,1.84973,183,18,0
2026-04-24 20:30:00,1.84971,1.8502100000000001,1.84925,1.8500999999999999,207,18,0
2026-04-24 20:45:00,1.85013,1.85025,1.84901,1.84957,325,18,0
2026-04-26 21:00:00,1.8468,1.84707,1.84676,1.84683,5,171,0
2026-04-26 21:15:00,1.84679,1.84703,1.8466900000000002,1.84691,25,137,0
2026-04-26 21:30:00,1.847,1.84741,1.8467799999999999,1.84731,82,123,0
2026-04-26 21:45:00,1.84733,1.84774,1.84596,1.8472499999999998,347,92,0
2026-04-26 22:00:00,1.84754,1.8492600000000001,1.84754,1.8485,251,28,0
2026-04-26 22:15:00,1.8485200000000002,1.84857,1.84828,1.8485200000000002,94,28,0
2026-04-26 22:30:00,1.8485,1.8485,1.84809,1.84824,116,18,0
2026-04-26 22:45:00,1.84825,1.8484,1.84817,1.8483100000000001,123,18,0
2026-04-26 23:00:00,1.84833,1.84862,1.8483100000000001,1.84849,106,18,0
2026-04-26 23:15:00,1.84848,1.8487200000000001,1.84837,1.84837,70,18,0
2026-04-26 23:30:00,1.84839,1.8484099999999999,1.84823,1.8483,51,18,0
2026-04-26 23:45:00,1.84832,1.84844,1.84821,1.84825,140,18,0
2026-04-27 00:00:00,1.84829,1.8484699999999998,1.84796,1.8483100000000001,249,18,0
2026-04-27 00:15:00,1.84829,1.8484,1.84801,1.84823,166,18,0
2026-04-27 00:30:00,1.84825,1.8483100000000001,1.84789,1.84799,141,18,0
2026-04-27 00:45:00,1.84802,1.84833,1.84785,1.84826,189,18,0
2026-04-27 01:00:00,1.8482699999999999,1.8491300000000002,1.84823,1.84882,528,18,0
2026-04-27 01:15:00,1.84884,1.84918,1.8487900000000002,1.84901,298,18,0
2026-04-27 01:30:00,1.8490199999999999,1.84912,1.84889,1.84891,195,18,0
2026-04-27 01:45:00,1.8488799999999999,1.8492899999999999,1.84878,1.84897,233,18,0
2026-04-27 02:00:00,1.84898,1.8495599999999999,1.84853,1.84954,186,18,0
2026-04-27 02:15:00,1.84955,1.8496700000000001,1.84911,1.84921,153,18,0
2026-04-27 02:30:00,1.8492199999999999,1.84964,1.84921,1.84964,130,18,0
2026-04-27 02:45:00,1.8496299999999999,1.84991,1.8496299999999999,1.84972,147,18,0
2026-04-27 03:00:00,1.8497400000000002,1.85049,1.8496899999999998,1.8504399999999999,169,18,0
2026-04-27 03:15:00,1.85041,1.85043,1.8502,1.8503699999999998,146,18,0
2026-04-27 03:30:00,1.85039,1.8506,1.8502999999999998,1.85057,123,18,0
2026-04-27 03:45:00,1.85054,1.85073,1.8504399999999999,1.8504399999999999,148,18,0
2026-04-27 04:00:00,1.85041,1.85047,1.85026,1.85041,113,18,0
2026-04-27 04:15:00,1.8504,1.85072,1.8504,1.85052,87,18,0
2026-04-27 04:30:00,1.85053,1.85058,1.85031,1.85031,81,18,0
2026-04-27 04:45:00,1.85029,1.85032,1.84999,1.85012,149,18,0
2026-04-27 05:00:00,1.85011,1.8501400000000001,1.84962,1.84962,126,18,0
2026-04-27 05:15:00,1.8496000000000001,1.84968,1.84948,1.84951,112,18,0
2026-04-27 05:30:00,1.8495300000000001,1.8497,1.8493,1.84962,195,18,0
2026-04-27 05:45:00,1.84961,1.84981,1.84907,1.84907,177,18,0
2026-04-27 06:00:00,1.84909,1.84911,1.84779,1.84788,269,18,0
2026-04-27 06:15:00,1.84787,1.84844,1.8477000000000001,1.84832,231,18,0
2026-04-27 06:30:00,1.84829,1.84864,1.84776,1.84846,341,18,0
2026-04-27 06:45:00,1.84848,1.84914,1.84832,1.8483800000000001,340,18,0
2026-04-27 07:00:00,1.84835,1.84894,1.8480699999999999,1.84866,441,18,0
2026-04-27 07:15:00,1.84867,1.84874,1.84728,1.84728,393,18,0
2026-04-27 07:30:00,1.84726,1.84764,1.8470499999999999,1.8474,288,18,0
2026-04-27 07:45:00,1.84741,1.8475899999999998,1.84674,1.84684,462,18,0
2026-04-27 08:00:00,1.84686,1.8469600000000002,1.8454899999999999,1.84558,598,18,0
2026-04-27 08:15:00,1.8456000000000001,1.84591,1.84512,1.84524,417,18,0
2026-04-27 08:30:00,1.8452600000000001,1.84545,1.84457,1.8449499999999999,342,18,0
2026-04-27 08:45:00,1.8449900000000001,1.84561,1.8449200000000001,1.8454899999999999,338,18,0
2026-04-27 09:00:00,1.8455,1.8456299999999999,1.84498,1.84523,304,18,0
2026-04-27 09:15:00,1.84521,1.84523,1.84446,1.84463,274,18,0
2026-04-27 09:30:00,1.8446,1.84493,1.8443100000000001,1.8443399999999999,293,18,0
2026-04-27 09:45:00,1.84433,1.84462,1.8439100000000002,1.8439100000000002,314,18,0
2026-04-27 10:00:00,1.84388,1.8443800000000001,1.8437299999999999,1.84399,362,18,0
2026-04-27 10:15:00,1.84398,1.84489,1.84374,1.84482,246,18,0
2026-04-27 10:30:00,1.8448099999999998,1.84514,1.8446,1.8449,240,18,0
2026-04-27 10:45:00,1.84487,1.84559,1.84485,1.84519,364,18,0
2026-04-27 11:00:00,1.84516,1.84561,1.84439,1.84528,526,18,0
2026-04-27 11:15:00,1.84525,1.84591,1.8448600000000002,1.84557,409,18,0
2026-04-27 11:30:00,1.84558,1.8457400000000002,1.84521,1.84534,363,18,0
2026-04-27 11:45:00,1.84536,1.8454899999999999,1.8449,1.84512,396,18,0
2026-04-27 12:00:00,1.84514,1.84593,1.8450600000000001,1.84551,528,18,0
2026-04-27 12:15:00,1.84554,1.8460299999999998,1.8446,1.8449499999999999,474,18,0
2026-04-27 12:30:00,1.84498,1.84566,1.84459,1.84503,566,18,0
2026-04-27 12:45:00,1.84501,1.84512,1.8428,1.8428,716,18,0
2026-04-27 13:00:00,1.84283,1.84376,1.8414899999999998,1.8434,1049,18,0
2026-04-27 13:15:00,1.84337,1.84425,1.84334,1.84416,471,18,0
2026-04-27 13:30:00,1.8441800000000002,1.84424,1.84303,1.84307,580,18,0
2026-04-27 13:45:00,1.8430900000000001,1.84351,1.8426399999999998,1.84322,631,18,0
2026-04-27 14:00:00,1.8431899999999999,1.84371,1.84294,1.84344,647,18,0
2026-04-27 14:15:00,1.8434599999999999,1.84425,1.8431899999999999,1.84416,603,18,0
2026-04-27 14:30:00,1.8441800000000002,1.8449,1.84413,1.84446,663,18,0
2026-04-27 14:45:00,1.84448,1.84573,1.84423,1.84536,711,18,0
2026-04-27 15:00:00,1.84537,1.8456700000000001,1.84508,1.84559,541,18,0
2026-04-27 15:15:00,1.8455599999999999,1.84565,1.84498,1.84508,523,18,0
2026-04-27 15:30:00,1.84511,1.84541,1.84493,1.84498,408,18,0
2026-04-27 15:45:00,1.84494,1.84504,1.8444500000000001,1.84504,437,18,0
2026-04-27 16:00:00,1.8450600000000001,1.84558,1.84494,1.84494,414,18,0
2026-04-27 16:15:00,1.8449499999999999,1.8453300000000001,1.8448,1.8451300000000002,478,18,0
2026-04-27 16:30:00,1.84516,1.84541,1.84475,1.84501,337,18,0
2026-04-27 16:45:00,1.8449900000000001,1.84518,1.84401,1.84409,371,18,0
2026-04-27 17:00:00,1.84412,1.8441800000000002,1.84324,1.84361,420,18,0
2026-04-27 17:15:00,1.84364,1.84395,1.8430900000000001,1.8438400000000001,367,18,0
2026-04-27 17:30:00,1.84381,1.84448,1.8437700000000001,1.84388,328,18,0
2026-04-27 17:45:00,1.84389,1.84419,1.84379,1.84392,250,18,0
2026-04-27 18:00:00,1.8439100000000002,1.84401,1.84345,1.84348,244,18,0
2026-04-27 18:15:00,1.84349,1.84351,1.8428200000000001,1.84345,311,18,0
2026-04-27 18:30:00,1.8434300000000001,1.8439999999999999,1.84341,1.84371,252,18,0
2026-04-27 18:45:00,1.84368,1.84402,1.84354,1.84396,326,18,0
2026-04-27 19:00:00,1.84394,1.84444,1.8437000000000001,1.84444,279,18,0
2026-04-27 19:15:00,1.84442,1.84451,1.84397,1.84439,231,18,0
2026-04-27 19:30:00,1.84436,1.8446799999999999,1.84425,1.8444,219,18,0
2026-04-27 19:45:00,1.84442,1.84517,1.84439,1.84476,305,18,0
2026-04-27 20:00:00,1.8447900000000002,1.84519,1.84476,1.84496,167,18,0
2026-04-27 20:15:00,1.84494,1.8450600000000001,1.84421,1.84432,99,18,0
2026-04-27 20:30:00,1.8443100000000001,1.84448,1.8440400000000001,1.8440699999999999,115,18,0
2026-04-27 20:45:00,1.84408,1.84408,1.84374,1.84381,149,18,0
2026-04-27 21:00:00,1.84383,1.84383,1.84383,1.84383,1,48,0
2026-04-27 21:15:00,1.84385,1.84389,1.84382,1.84389,14,48,0
2026-04-27 21:30:00,1.84387,1.84395,1.8438400000000001,1.84395,52,64,0
2026-04-27 21:45:00,1.84394,1.8444099999999999,1.84389,1.84435,101,48,0
2026-04-27 22:00:00,1.84432,1.84432,1.84385,1.84408,153,18,0
2026-04-27 22:15:00,1.84405,1.84416,1.8437999999999999,1.84396,93,18,0
2026-04-27 22:30:00,1.84395,1.84401,1.84388,1.8439999999999999,55,18,0
2026-04-27 22:45:00,1.84398,1.84405,1.84382,1.84396,69,18,0
2026-04-27 23:00:00,1.84397,1.84406,1.84381,1.84392,120,18,0
2026-04-27 23:15:00,1.8439100000000002,1.8439999999999999,1.84382,1.8439100000000002,40,18,0
2026-04-27 23:30:00,1.8439,1.84396,1.84379,1.84389,32,18,0
2026-04-27 23:45:00,1.8439,1.84408,1.84385,1.84396,116,18,0
2026-04-28 00:00:00,1.84399,1.84409,1.84304,1.8430499999999999,235,18,0
2026-04-28 00:15:00,1.84304,1.84376,1.84304,1.84347,203,18,0
2026-04-28 00:30:00,1.8435000000000001,1.84362,1.84329,1.8436,168,18,0
2026-04-28 00:45:00,1.84361,1.84382,1.8433199999999998,1.84362,173,18,0
2026-04-28 01:00:00,1.8436,1.8436,1.8432,1.8434300000000001,281,18,0
2026-04-28 01:15:00,1.84344,1.8439299999999998,1.84334,1.84389,157,18,0
2026-04-28 01:30:00,1.84386,1.84419,1.84379,1.84405,190,18,0
2026-04-28 01:45:00,1.84406,1.84412,1.84376,1.84387,213,18,0
2026-04-28 02:00:00,1.84385,1.84428,1.8437700000000001,1.84402,175,18,0
2026-04-28 02:15:00,1.84405,1.84433,1.8440400000000001,1.84432,159,18,0
2026-04-28 02:30:00,1.8443,1.8443399999999999,1.8440699999999999,1.84417,162,18,0
2026-04-28 02:45:00,1.84416,1.8441800000000002,1.84375,1.84408,109,18,0
2026-04-28 03:00:00,1.8440699999999999,1.84473,1.84397,1.84446,284,18,0
2026-04-28 03:15:00,1.84444,1.8452600000000001,1.8444,1.84523,178,18,0
2026-04-28 03:30:00,1.8452600000000001,1.8452600000000001,1.84485,1.84493,159,18,0
2026-04-28 03:45:00,1.84491,1.84503,1.84448,1.84448,133,18,0
2026-04-28 04:00:00,1.8445,1.8446799999999999,1.84437,1.8445399999999998,165,18,0
2026-04-28 04:15:00,1.84453,1.8449499999999999,1.84453,1.84483,114,18,0
2026-04-28 04:30:00,1.8448,1.84485,1.84453,1.8448099999999998,131,18,0
2026-04-28 04:45:00,1.84477,1.84485,1.8444099999999999,1.84447,131,18,0
2026-04-28 05:00:00,1.84448,1.84457,1.84421,1.8444099999999999,187,18,0
2026-04-28 05:15:00,1.84442,1.84459,1.84424,1.84437,129,18,0
2026-04-28 05:30:00,1.84439,1.8445200000000002,1.84367,1.84381,207,18,0
2026-04-28 05:45:00,1.84379,1.84381,1.84329,1.84338,193,18,0
2026-04-28 06:00:00,1.84334,1.84337,1.84276,1.8431600000000001,332,18,0
2026-04-28 06:15:00,1.84317,1.84344,1.84279,1.84326,382,18,0
2026-04-28 06:30:00,1.84325,1.8434300000000001,1.8427099999999998,1.84274,415,18,0
2026-04-28 06:45:00,1.84276,1.8430900000000001,1.84211,1.84286,651,18,0
2026-04-28 07:00:00,1.84283,1.84283,1.8415599999999999,1.8416299999999999,538,18,0
2026-04-28 07:15:00,1.84166,1.84294,1.8415300000000001,1.8426200000000001,450,18,0
2026-04-28 07:30:00,1.8426399999999998,1.84275,1.84196,1.8423699999999998,457,18,0
2026-04-28 07:45:00,1.84236,1.8425799999999999,1.84205,1.8423500000000002,478,18,0
2026-04-28 08:00:00,1.84238,1.8426200000000001,1.84191,1.84256,671,18,0
2026-04-28 08:15:00,1.8425799999999999,1.84313,1.84246,1.84313,548,18,0
2026-04-28 08:30:00,1.84315,1.84335,1.84259,1.8428900000000001,330,18,0
2026-04-28 08:45:00,1.84286,1.8433199999999998,1.84254,1.84295,453,18,0
2026-04-28 09:00:00,1.84292,1.8429600000000002,1.8424,1.8424,504,18,0
2026-04-28 09:15:00,1.84243,1.84246,1.84188,1.84214,394,18,0
2026-04-28 09:30:00,1.84212,1.84222,1.84165,1.84193,461,18,0
2026-04-28 09:45:00,1.8418999999999999,1.8420999999999998,1.84152,1.84192,473,18,0
2026-04-28 10:00:00,1.8419400000000001,1.84225,1.84143,1.84173,389,18,0
2026-04-28 10:15:00,1.84172,1.84254,1.8415599999999999,1.8423500000000002,459,18,0
2026-04-28 10:30:00,1.84232,1.84329,1.84229,1.8430900000000001,488,18,0
2026-04-28 10:45:00,1.84306,1.8431199999999999,1.84223,1.84249,517,18,0
2026-04-28 11:00:00,1.8425099999999999,1.84315,1.84236,1.84297,518,18,0
2026-04-28 11:15:00,1.84299,1.84324,1.84219,1.84252,505,18,0
2026-04-28 11:30:00,1.84253,1.84256,1.8413,1.8415300000000001,582,18,0
2026-04-28 11:45:00,1.84151,1.8418299999999999,1.84069,1.84143,738,18,0
2026-04-28 12:00:00,1.84146,1.8422399999999999,1.84111,1.84205,684,18,0
2026-04-28 12:15:00,1.84207,1.84254,1.8411300000000002,1.84254,806,18,0
2026-04-28 12:30:00,1.8425099999999999,1.84409,1.84225,1.8439299999999998,604,18,0
2026-04-28 12:45:00,1.84396,1.84523,1.84388,1.84494,610,18,0
2026-04-28 13:00:00,1.8449,1.84497,1.84376,1.8446099999999999,598,18,0
2026-04-28 13:15:00,1.84459,1.8452600000000001,1.84344,1.84511,675,18,0
2026-04-28 13:30:00,1.84514,1.84541,1.84436,1.84455,898,18,0
2026-04-28 13:45:00,1.8445200000000002,1.84501,1.8440400000000001,1.8441800000000002,605,18,0
2026-04-28 14:00:00,1.84414,1.84496,1.8434300000000001,1.84446,626,18,0
2026-04-28 14:15:00,1.8444500000000001,1.84505,1.8440699999999999,1.84489,706,18,0
2026-04-28 14:30:00,1.8449,1.84584,1.84474,1.84578,776,18,0
2026-04-28 14:45:00,1.84575,1.84768,1.84544,1.84768,1192,18,0
2026-04-28 15:00:00,1.84765,1.84808,1.84695,1.8471600000000001,742,18,0
2026-04-28 15:15:00,1.8471899999999999,1.84763,1.8467500000000001,1.8472,540,18,0
2026-04-28 15:30:00,1.8471600000000001,1.8474599999999999,1.8468200000000001,1.8472300000000001,540,18,0
2026-04-28 15:45:00,1.8472,1.84751,1.84697,1.84714,482,18,0
2026-04-28 16:00:00,1.8471199999999999,1.84752,1.8468200000000001,1.84693,487,18,0
2026-04-28 16:15:00,1.8469,1.8481100000000001,1.84674,1.8480400000000001,418,18,0
2026-04-28 16:30:00,1.84802,1.84883,1.8479299999999999,1.84863,402,18,0
2026-04-28 16:45:00,1.8486,1.8492600000000001,1.84851,1.84882,425,18,0
2026-04-28 17:00:00,1.8488099999999998,1.84891,1.84812,1.84836,368,18,0
2026-04-28 17:15:00,1.84837,1.84867,1.8480400000000001,1.84855,304,18,0
2026-04-28 17:30:00,1.84856,1.8490799999999998,1.8481800000000002,1.8483100000000001,386,18,0
2026-04-28 17:45:00,1.84828,1.84901,1.84828,1.84871,390,18,0
2026-04-28 18:00:00,1.84873,1.84894,1.84832,1.8489200000000001,352,18,0
2026-04-28 18:15:00,1.8489,1.8492199999999999,1.8489,1.84916,318,18,0
2026-04-28 18:30:00,1.8491300000000002,1.84972,1.8488,1.84972,265,18,0
2026-04-28 18:45:00,1.84971,1.8500100000000002,1.84938,1.84958,314,18,0
2026-04-28 19:00:00,1.84959,1.84968,1.84932,1.84958,232,18,0
2026-04-28 19:15:00,1.84955,1.84958,1.84912,1.84924,235,18,0
2026-04-28 19:30:00,1.84923,1.84939,1.84894,1.84918,235,18,0
2026-04-28 19:45:00,1.84916,1.8498,1.8488799999999999,1.84961,222,18,0
2026-04-28 20:00:00,1.8496000000000001,1.8501699999999999,1.84946,1.85012,215,18,0
2026-04-28 20:15:00,1.85009,1.85033,1.84998,1.85027,127,18,0
2026-04-28 20:30:00,1.85029,1.85036,1.8498,1.84988,122,18,0
2026-04-28 20:45:00,1.84985,1.8501699999999999,1.8495599999999999,1.84961,219,18,0
2026-04-28 21:00:00,1.84959,1.84959,1.84935,1.84935,12,48,0
2026-04-28 21:15:00,1.84932,1.84932,1.84874,1.84874,24,83,0
2026-04-28 21:30:00,1.84871,1.84871,1.8482699999999999,1.84863,66,136,0
2026-04-28 21:45:00,1.84862,1.8489499999999999,1.8485800000000001,1.8485800000000001,134,48,0
2026-04-28 22:00:00,1.8489,1.84968,1.8489,1.84968,91,28,0
2026-04-28 22:15:00,1.8497,1.8498299999999999,1.84959,1.8498299999999999,52,28,0
2026-04-28 22:30:00,1.8498700000000001,1.8500999999999999,1.84964,1.8500100000000002,67,18,0
2026-04-28 22:45:00,1.85,1.85,1.84979,1.84981,29,18,0
2026-04-28 23:00:00,1.84981,1.84999,1.84978,1.84993,56,18,0
2026-04-28 23:15:00,1.84992,1.8500999999999999,1.84989,1.8498999999999999,39,18,0
2026-04-28 23:30:00,1.84991,1.85007,1.8498700000000001,1.85005,43,18,0
2026-04-28 23:45:00,1.85002,1.85008,1.84991,1.85,82,18,0
2026-04-29 00:00:00,1.84997,1.8501400000000001,1.8497400000000002,1.84979,163,18,0
2026-04-29 00:15:00,1.8497599999999998,1.84996,1.84971,1.84977,142,18,0
2026-04-29 00:30:00,1.84979,1.85011,1.84979,1.84996,115,18,0
2026-04-29 00:45:00,1.84997,1.85034,1.8497599999999998,1.85018,165,18,0
2026-04-29 01:00:00,1.85015,1.85019,1.8494000000000002,1.8495599999999999,353,18,0
2026-04-29 01:15:00,1.8495300000000001,1.84996,1.8494000000000002,1.84951,230,18,0
2026-04-29 01:30:00,1.84947,1.85019,1.84945,1.85008,370,18,0
2026-04-29 01:45:00,1.8500999999999999,1.8501699999999999,1.84938,1.8494199999999998,263,18,0
2026-04-29 02:00:00,1.84945,1.8497599999999998,1.84943,1.84957,223,18,0
2026-04-29 02:15:00,1.8496000000000001,1.8497599999999998,1.84938,1.84948,244,18,0
2026-04-29 02:30:00,1.84945,1.8494899999999999,1.84882,1.8489499999999999,192,18,0
2026-04-29 02:45:00,1.84897,1.8491900000000001,1.84869,1.84893,157,18,0
2026-04-29 03:00:00,1.8488799999999999,1.84911,1.8487900000000002,1.84903,161,18,0
2026-04-29 03:15:00,1.84901,1.84944,1.84898,1.84937,141,18,0
2026-04-29 03:30:00,1.84938,1.84947,1.8491499999999998,1.8491900000000001,99,18,0
2026-04-29 03:45:00,1.8492,1.8493300000000001,1.84907,1.8491,112,18,0
2026-04-29 04:00:00,1.84912,1.84951,1.84905,1.84931,97,18,0
2026-04-29 04:15:00,1.8493,1.84939,1.84923,1.84935,48,18,0
2026-04-29 04:30:00,1.84936,1.84957,1.84923,1.8494199999999998,117,18,0
2026-04-29 04:45:00,1.84944,1.8495,1.8492199999999999,1.84923,74,18,0
2026-04-29 05:00:00,1.8492,1.84944,1.8490600000000001,1.84907,126,18,0
2026-04-29 05:15:00,1.8490799999999998,1.84917,1.8488,1.8489200000000001,107,18,0
2026-04-29 05:30:00,1.84893,1.84905,1.8484500000000001,1.84867,200,18,0
2026-04-29 05:45:00,1.8486799999999999,1.8488,1.84849,1.8485399999999998,170,18,0
2026-04-29 06:00:00,1.84853,1.8487900000000002,1.84796,1.84803,234,18,0
2026-04-29 06:15:00,1.8480400000000001,1.8480699999999999,1.84762,1.84779,302,18,0
2026-04-29 06:30:00,1.84781,1.8481999999999998,1.84748,1.84792,308,18,0
2026-04-29 06:45:00,1.84789,1.84821,1.84774,1.8479299999999999,305,18,0
2026-04-29 07:00:00,1.8479,1.84828,1.84762,1.8478400000000001,490,18,0
2026-04-29 07:15:00,1.8478599999999998,1.8479299999999999,1.8471899999999999,1.84742,340,18,0
2026-04-29 07:30:00,1.8474300000000001,1.84762,1.84706,1.84711,350,18,0
2026-04-29 07:45:00,1.84713,1.8474599999999999,1.84684,1.8473600000000001,348,18,0
2026-04-29 08:00:00,1.84733,1.84733,1.84575,1.84632,615,18,0
2026-04-29 08:15:00,1.8463500000000002,1.84734,1.84633,1.8472,365,18,0
2026-04-29 08:30:00,1.84717,1.84744,1.84686,1.84744,393,18,0
2026-04-29 08:45:00,1.8474599999999999,1.84758,1.8469799999999998,1.84721,326,18,0
2026-04-29 09:00:00,1.8471899999999999,1.84734,1.84691,1.8470900000000001,337,18,0
2026-04-29 09:15:00,1.84706,1.84792,1.84702,1.84754,244,18,0
2026-04-29 09:30:00,1.84751,1.84802,1.84729,1.84769,372,18,0
2026-04-29 09:45:00,1.84768,1.84894,1.84755,1.84874,468,18,0
2026-04-29 10:00:00,1.8487200000000001,1.84941,1.8483399999999999,1.8486500000000001,428,18,0
2026-04-29 10:15:00,1.84863,1.8490199999999999,1.8484099999999999,1.84859,332,18,0
2026-04-29 10:30:00,1.8486099999999999,1.84885,1.84844,1.84883,228,18,0
2026-04-29 10:45:00,1.8488,1.8491,1.8486099999999999,1.84877,320,18,0
2026-04-29 11:00:00,1.84874,1.84874,1.84704,1.84779,583,18,0
2026-04-29 11:15:00,1.8477700000000001,1.84832,1.84755,1.8477700000000001,423,18,0
2026-04-29 11:30:00,1.84774,1.8484699999999998,1.84761,1.84761,358,18,0
2026-04-29 11:45:00,1.8476,1.8477299999999999,1.84718,1.84731,275,18,0
2026-04-29 12:00:00,1.84728,1.84764,1.8469600000000002,1.84724,344,18,0
2026-04-29 12:15:00,1.84727,1.8479299999999999,1.84684,1.84755,480,18,0
2026-04-29 12:30:00,1.84758,1.84758,1.84645,1.8467500000000001,480,18,0
2026-04-29 12:45:00,1.84677,1.8469,1.84589,1.8463,650,18,0
2026-04-29 13:00:00,1.84629,1.84744,1.84615,1.8473000000000002,538,18,0
2026-04-29 13:15:00,1.84726,1.84798,1.84643,1.8467500000000001,650,18,0
2026-04-29 13:30:00,1.84673,1.84717,1.846,1.8467500000000001,712,18,0
2026-04-29 13:45:00,1.84676,1.84832,1.84596,1.8461400000000001,1332,18,0
2026-04-29 14:00:00,1.84618,1.84663,1.84561,1.84581,803,18,0
2026-04-29 14:15:00,1.84585,1.8465099999999999,1.84541,1.84595,764,18,0
2026-04-29 14:30:00,1.84598,1.84776,1.84582,1.84605,717,18,0
2026-04-29 14:45:00,1.8460299999999998,1.84681,1.84507,1.8465099999999999,938,18,0
2026-04-29 15:00:00,1.8465500000000001,1.84661,1.84537,1.8454000000000002,658,18,0
2026-04-29 15:15:00,1.8454199999999998,1.84578,1.84456,1.84518,590,18,0
2026-04-29 15:30:00,1.84521,1.84564,1.84497,1.84535,565,18,0
2026-04-29 15:45:00,1.84539,1.8457599999999998,1.84416,1.8441999999999998,918,18,0
2026-04-29 16:00:00,1.84421,1.84489,1.84405,1.84416,542,18,0
2026-04-29 16:15:00,1.8441800000000002,1.8449,1.8440400000000001,1.84474,531,18,0
2026-04-29 16:30:00,1.84471,1.84471,1.84394,1.84416,580,18,0
2026-04-29 16:45:00,1.84419,1.8444500000000001,1.84322,1.84348,484,18,0
2026-04-29 17:00:00,1.8435000000000001,1.84422,1.84292,1.8441999999999998,449,18,0
2026-04-29 17:15:00,1.84417,1.84457,1.84401,1.8444,463,18,0
2026-04-29 17:30:00,1.84439,1.8447,1.84403,1.84417,472,18,0
2026-04-29 17:45:00,1.84413,1.84494,1.84413,1.84436,502,18,0
2026-04-29 18:00:00,1.84448,1.84517,1.8433199999999998,1.84395,970,18,0
2026-04-29 18:15:00,1.84397,1.84459,1.84353,1.84367,672,18,0
2026-04-29 18:30:00,1.84365,1.84412,1.84276,1.84279,1262,18,0
2026-04-29 18:45:00,1.8428200000000001,1.8441800000000002,1.8424,1.84369,1033,18,0
2026-04-29 19:00:00,1.84372,1.8445,1.8431199999999999,1.84435,821,18,0
2026-04-29 19:15:00,1.84439,1.8445,1.84383,1.8439100000000002,680,18,0
2026-04-29 19:30:00,1.84394,1.84398,1.8433000000000002,1.8435700000000002,463,18,0
2026-04-29 19:45:00,1.84353,1.8440699999999999,1.84338,1.8437999999999999,364,18,0
2026-04-29 20:00:00,1.84376,1.84399,1.84335,1.8437000000000001,431,18,0
2026-04-29 20:15:00,1.84371,1.84413,1.84341,1.84383,278,18,0
2026-04-29 20:30:00,1.84385,1.8440400000000001,1.8429,1.84376,260,18,0
2026-04-29 20:45:00,1.84379,1.8439999999999999,1.8429600000000002,1.84365,320,18,0
2026-04-29 21:00:00,1.84367,1.84375,1.84367,1.84374,8,48,0
2026-04-29 21:15:00,1.84372,1.84372,1.8433000000000002,1.8434300000000001,29,48,0
2026-04-29 21:30:00,1.84344,1.8439299999999998,1.84341,1.84389,145,73,0
2026-04-29 21:45:00,1.84387,1.84387,1.84315,1.84315,141,48,0
2026-04-29 22:00:00,1.8433000000000002,1.84356,1.84288,1.8435000000000001,172,28,0
2026-04-29 22:15:00,1.84351,1.84381,1.8434599999999999,1.84379,140,18,0
2026-04-29 22:30:00,1.84378,1.84385,1.84345,1.84352,133,18,0
2026-04-29 22:45:00,1.84345,1.84395,1.84342,1.84395,124,18,0
2026-04-29 23:00:00,1.84392,1.84396,1.84355,1.84382,166,18,0
2026-04-29 23:15:00,1.8438400000000001,1.84408,1.84382,1.84405,97,18,0
2026-04-29 23:30:00,1.84406,1.84424,1.84389,1.84406,152,18,0
2026-04-29 23:45:00,1.84403,1.84408,1.84363,1.84372,189,18,0
2026-04-30 00:00:00,1.84375,1.8441999999999998,1.8436599999999999,1.84397,570,18,0
2026-04-30 00:15:00,1.84398,1.8443100000000001,1.84376,1.84376,309,18,0
2026-04-30 00:30:00,1.8437999999999999,1.84401,1.84344,1.84356,231,18,0
2026-04-30 00:45:00,1.84358,1.84408,1.8435000000000001,1.84375,287,18,0
2026-04-30 01:00:00,1.8437299999999999,1.8439100000000002,1.84344,1.84354,259,18,0
2026-04-30 01:15:00,1.84356,1.8439,1.8434599999999999,1.8437700000000001,217,18,0
2026-04-30 01:30:00,1.84375,1.84389,1.84348,1.84348,283,18,0
2026-04-30 01:45:00,1.84349,1.84381,1.84321,1.8434300000000001,279,18,0
2026-04-30 02:00:00,1.84342,1.8437700000000001,1.84331,1.84365,205,18,0
2026-04-30 02:15:00,1.84363,1.8437299999999999,1.84327,1.84337,174,18,0
2026-04-30 02:30:00,1.84334,1.84335,1.8427099999999998,1.84273,449,18,0
2026-04-30 02:45:00,1.84274,1.8431,1.8425099999999999,1.84306,252,18,0
2026-04-30 03:00:00,1.84308,1.8431899999999999,1.84267,1.84277,258,18,0
2026-04-30 03:15:00,1.8428,1.84292,1.8426,1.8428,202,18,0
2026-04-30 03:30:00,1.84283,1.84311,1.84261,1.84297,187,18,0
2026-04-30 03:45:00,1.8429600000000002,1.84303,1.8428,1.84292,204,18,0
2026-04-30 04:00:00,1.84291,1.84299,1.8424800000000001,1.84291,266,18,0
2026-04-30 04:15:00,1.84292,1.84295,1.8418999999999999,1.842,256,18,0
2026-04-30 04:30:00,1.8419699999999999,1.84198,1.84148,1.8419699999999999,317,18,0
2026-04-30 04:45:00,1.842,1.84218,1.8417400000000002,1.84189,219,18,0
2026-04-30 05:00:00,1.8418999999999999,1.84234,1.8418299999999999,1.8422100000000001,243,18,0
2026-04-30 05:15:00,1.84219,1.84226,1.8416000000000001,1.84178,180,18,0
2026-04-30 05:30:00,1.8417599999999998,1.84219,1.84139,1.8416700000000001,267,18,0
2026-04-30 05:45:00,1.84166,1.84198,1.84161,1.84179,259,18,0
2026-04-30 06:00:00,1.8417599999999998,1.8422100000000001,1.84108,1.84152,427,18,0
2026-04-30 06:15:00,1.8415,1.84238,1.84141,1.8423,483,18,0
2026-04-30 06:30:00,1.84234,1.84338,1.84229,1.84315,573,18,0
2026-04-30 06:45:00,1.84317,1.84358,1.84272,1.84277,544,18,0
2026-04-30 07:00:00,1.8428,1.84354,1.8428,1.84335,681,18,0
2026-04-30 07:15:00,1.8433199999999998,1.84334,1.8425,1.84301,503,18,0
2026-04-30 07:30:00,1.843,1.8433899999999999,1.84273,1.84324,490,18,0
2026-04-30 07:45:00,1.84321,1.8437000000000001,1.84286,1.8431,499,18,0
2026-04-30 08:00:00,1.84308,1.8446,1.84308,1.84413,719,18,0
2026-04-30 08:15:00,1.84416,1.84435,1.8433199999999998,1.8443100000000001,510,18,0
2026-04-30 08:30:00,1.8443399999999999,1.84459,1.8435000000000001,1.84402,659,18,0
2026-04-30 08:45:00,1.8440400000000001,1.84439,1.84291,1.84313,574,18,0
2026-04-30 09:00:00,1.8431,1.84367,1.84249,1.84367,668,18,0
2026-04-30 09:15:00,1.8436599999999999,1.84422,1.84276,1.84415,582,18,0
2026-04-30 09:30:00,1.8441800000000002,1.84487,1.8434300000000001,1.84432,905,18,0
2026-04-30 09:45:00,1.8443399999999999,1.84489,1.8443,1.84455,501,18,0
2026-04-30 10:00:00,1.84453,1.8446500000000001,1.8437700000000001,1.8439,600,18,0
2026-04-30 10:15:00,1.8439100000000002,1.84536,1.84382,1.8452199999999999,687,18,0
2026-04-30 10:30:00,1.84525,1.84572,1.8444500000000001,1.84559,1266,18,0
2026-04-30 10:45:00,1.8455599999999999,1.84676,1.8449900000000001,1.84676,1023,18,0
2026-04-30 11:00:00,1.84672,1.84695,1.84487,1.84612,1182,18,0
2026-04-30 11:15:00,1.8460999999999999,1.84812,1.8459400000000001,1.84795,919,18,0
2026-04-30 11:30:00,1.84792,1.8483399999999999,1.8472300000000001,1.84747,918,18,0
2026-04-30 11:45:00,1.84744,1.8476599999999999,1.84569,1.84638,879,18,0
2026-04-30 12:00:00,1.84642,1.84654,1.84539,1.84591,698,18,0
2026-04-30 12:15:00,1.84588,1.8468499999999999,1.84516,1.84667,942,18,0
2026-04-30 12:30:00,1.84663,1.84691,1.84591,1.84634,846,18,0
2026-04-30 12:45:00,1.8463699999999998,1.84796,1.84636,1.84699,838,18,0
2026-04-30 13:00:00,1.8469600000000002,1.8470499999999999,1.84584,1.8463500000000002,1066,18,0
2026-04-30 13:15:00,1.8463699999999998,1.8467500000000001,1.8457400000000002,1.8467500000000001,668,18,0
2026-04-30 13:30:00,1.8467099999999999,1.84681,1.84579,1.84641,838,18,0
2026-04-30 13:45:00,1.84639,1.8468,1.84607,1.84618,820,18,0
2026-04-30 14:00:00,1.84616,1.84714,1.84503,1.84707,1050,18,0
2026-04-30 14:15:00,1.84706,1.8493,1.84694,1.8492199999999999,937,18,0
2026-04-30 14:30:00,1.8491900000000001,1.84986,1.84792,1.8481100000000001,1487,18,0
2026-04-30 14:45:00,1.84808,1.8497,1.84715,1.8485,1876,18,0
2026-04-30 15:00:00,1.8485200000000002,1.8497,1.84833,1.8485200000000002,1443,18,0
2026-04-30 15:15:00,1.8485,1.84875,1.8477999999999999,1.84815,788,18,0
2026-04-30 15:30:00,1.84812,1.8483399999999999,1.84753,1.84767,758,18,0
2026-04-30 15:45:00,1.8477000000000001,1.8479100000000002,1.84653,1.84782,731,18,0
2026-04-30 16:00:00,1.8478400000000001,1.84848,1.8474,1.8479700000000001,629,18,0
2026-04-30 16:15:00,1.84798,1.84806,1.84738,1.84778,502,18,0
2026-04-30 16:30:00,1.8477700000000001,1.84787,1.84687,1.84769,430,18,0
2026-04-30 16:45:00,1.84767,1.84796,1.84734,1.8478599999999998,409,18,0
2026-04-30 17:00:00,1.84789,1.8485399999999998,1.84781,1.8481,525,18,0
2026-04-30 17:15:00,1.8481100000000001,1.84851,1.84756,1.84844,447,18,0
2026-04-30 17:30:00,1.8484699999999998,1.8489499999999999,1.8481100000000001,1.8485800000000001,472,18,0
2026-04-30 17:45:00,1.8486,1.8488,1.84814,1.84817,361,18,0
2026-04-30 18:00:00,1.84819,1.84887,1.8479700000000001,1.84808,415,18,0
2026-04-30 18:15:00,1.84812,1.84863,1.84772,1.8477299999999999,409,18,0
2026-04-30 18:30:00,1.8477000000000001,1.8483,1.8474599999999999,1.84803,458,18,0
2026-04-30 18:45:00,1.8480400000000001,1.84839,1.84758,1.84758,424,18,0
2026-04-30 19:00:00,1.84754,1.84875,1.84745,1.84875,494,18,0
2026-04-30 19:15:00,1.84873,1.8489900000000001,1.84794,1.84828,395,18,0
2026-04-30 19:30:00,1.84825,1.8487200000000001,1.84805,1.84822,418,18,0
2026-04-30 19:45:00,1.84824,1.84848,1.84751,1.84756,444,18,0
2026-04-30 20:00:00,1.8475899999999998,1.84803,1.84731,1.84779,351,18,0
2026-04-30 20:15:00,1.84775,1.8481999999999998,1.84751,1.84783,162,18,0
2026-04-30 20:30:00,1.8478599999999998,1.84794,1.84708,1.84747,178,18,0
2026-04-30 20:45:00,1.8475000000000001,1.84762,1.84667,1.84706,207,18,0
2026-04-30 21:00:00,1.84707,1.84714,1.84707,1.84714,5,48,0
2026-04-30 21:15:00,1.84715,1.84718,1.8470900000000001,1.8470900000000001,15,48,0
2026-04-30 21:30:00,1.8470900000000001,1.84733,1.84707,1.84731,82,63,0
2026-04-30 21:45:00,1.84733,1.84816,1.84733,1.84816,132,48,0
2026-04-30 22:00:00,1.84825,1.84825,1.84758,1.84782,120,28,0
2026-04-30 22:15:00,1.84789,1.84792,1.84782,1.84788,33,18,0
2026-04-30 22:30:00,1.84785,1.84795,1.8475000000000001,1.8475899999999998,81,18,0
2026-04-30 22:45:00,1.8476,1.8476,1.84711,1.8472300000000001,138,18,0
2026-04-30 23:00:00,1.8472,1.84762,1.8470900000000001,1.84711,138,18,0
2026-04-30 23:15:00,1.8471199999999999,1.8471899999999999,1.84706,1.8470900000000001,51,18,0
2026-04-30 23:30:00,1.84708,1.84718,1.84686,1.84691,63,18,0
2026-04-30 23:45:00,1.8468900000000001,1.84721,1.8468900000000001,1.8469799999999998,177,18,0
2026-05-01 00:00:00,1.847,1.8472499999999998,1.84649,1.84663,358,18,0
2026-05-01 00:15:00,1.84659,1.84677,1.8465,1.84657,229,18,0
2026-05-01 00:30:00,1.8465500000000001,1.84708,1.84653,1.84663,206,18,0
2026-05-01 00:45:00,1.84661,1.8471600000000001,1.8460100000000002,1.84708,292,18,0
2026-05-01 01:00:00,1.8471199999999999,1.84729,1.8465799999999999,1.84674,313,18,0
2026-05-01 01:15:00,1.8467799999999999,1.8468900000000001,1.8464399999999999,1.84666,214,18,0
2026-05-01 01:30:00,1.84665,1.8471899999999999,1.8466399999999998,1.84692,242,18,0
2026-05-01 01:45:00,1.8468900000000001,1.8471600000000001,1.84676,1.84703,187,18,0
2026-05-01 02:00:00,1.84702,1.84715,1.84687,1.84688,131,18,0
2026-05-01 02:15:00,1.8469,1.84707,1.8467799999999999,1.8468,117,18,0
2026-05-01 02:30:00,1.84679,1.84699,1.84667,1.8467500000000001,152,18,0
2026-05-01 02:45:00,1.84674,1.847,1.84647,1.84694,146,18,0
2026-05-01 03:00:00,1.84691,1.84714,1.8467799999999999,1.84697,126,18,0
2026-05-01 03:15:00,1.84695,1.8473199999999999,1.84681,1.84718,107,18,0
2026-05-01 03:30:00,1.8471899999999999,1.84744,1.8468,1.84688,277,18,0
2026-05-01 03:45:00,1.8469,1.84706,1.8466900000000002,1.84699,155,18,0
2026-05-01 04:00:00,1.84702,1.84733,1.84684,1.84703,188,18,0
2026-05-01 04:15:00,1.847,1.8471899999999999,1.84677,1.84679,135,18,0
2026-05-01 04:30:00,1.84676,1.8472499999999998,1.8467099999999999,1.84704,123,18,0
2026-05-01 04:45:00,1.84706,1.84722,1.84704,1.84717,81,18,0
2026-05-01 05:00:00,1.84715,1.84715,1.84676,1.8467799999999999,151,18,0
2026-05-01 05:15:00,1.84676,1.8468,1.84646,1.84659,132,18,0
2026-05-01 05:30:00,1.84657,1.84704,1.8464,1.8466399999999998,152,18,0
2026-05-01 05:45:00,1.84661,1.84666,1.846,1.84602,151,18,0
2026-05-01 06:00:00,1.8460299999999998,1.84627,1.84575,1.8461400000000001,301,18,0
2026-05-01 06:15:00,1.84612,1.8466,1.8458999999999999,1.8464800000000001,271,18,0
2026-05-01 06:30:00,1.8464399999999999,1.84693,1.84607,1.84681,320,18,0
2026-05-01 06:45:00,1.84684,1.84853,1.84684,1.8479100000000002,1068,18,0
2026-05-01 07:00:00,1.84789,1.8485399999999998,1.8475000000000001,1.84778,744,18,0
2026-05-01 07:15:00,1.8477999999999999,1.8480400000000001,1.84729,1.84779,546,18,0
2026-05-01 07:30:00,1.84783,1.84783,1.84707,1.84752,471,18,0
2026-05-01 07:45:00,1.84748,1.8481999999999998,1.8467500000000001,1.84706,578,18,0
2026-05-01 08:00:00,1.8470900000000001,1.8475899999999998,1.84681,1.84695,496,18,0
2026-05-01 08:15:00,1.84694,1.84762,1.84683,1.84692,416,18,0
2026-05-01 08:30:00,1.84691,1.84715,1.84666,1.84699,335,18,0
2026-05-01 08:45:00,1.84702,1.84751,1.8466,1.84676,290,18,0
2026-05-01 09:00:00,1.8467799999999999,1.8467799999999999,1.84626,1.84626,372,18,0
2026-05-01 09:15:00,1.84623,1.8463699999999998,1.84557,1.84572,308,18,0
2026-05-01 09:30:00,1.84569,1.8465099999999999,1.84569,1.84642,290,18,0
2026-05-01 09:45:00,1.84643,1.84643,1.84546,1.8456000000000001,318,18,0
2026-05-01 10:00:00,1.8456299999999999,1.84666,1.84554,1.8465799999999999,332,18,0
2026-05-01 10:15:00,1.8466,1.84692,1.84645,1.84668,254,18,0
2026-05-01 10:30:00,1.84665,1.84666,1.84593,1.84633,295,18,0
2026-05-01 10:45:00,1.84634,1.84661,1.84604,1.84627,312,18,0
2026-05-01 11:00:00,1.84623,1.8467500000000001,1.84591,1.8464800000000001,340,18,0
2026-05-01 11:15:00,1.8465099999999999,1.84733,1.84641,1.84717,396,18,0
2026-05-01 11:30:00,1.84714,1.84729,1.84653,1.8466399999999998,307,18,0
2026-05-01 11:45:00,1.84666,1.84775,1.8463,1.84775,366,18,0
2026-05-01 12:00:00,1.84776,1.84884,1.84729,1.84846,703,18,0
2026-05-01 12:15:00,1.84843,1.8489499999999999,1.84785,1.8486,632,18,0
2026-05-01 12:30:00,1.8485800000000001,1.8490799999999998,1.84812,1.84826,535,18,0
2026-05-01 12:45:00,1.84822,1.8486500000000001,1.84796,1.84849,480,18,0
2026-05-01 13:00:00,1.84851,1.8489,1.84787,1.84794,477,18,0
2026-05-01 13:15:00,1.84798,1.8480699999999999,1.84693,1.84706,495,18,0
2026-05-01 13:30:00,1.8470499999999999,1.84771,1.84653,1.84722,643,18,0
2026-05-01 13:45:00,1.84726,1.84962,1.8471199999999999,1.84939,1097,18,0
2026-05-01 14:00:00,1.84945,1.8523399999999999,1.84923,1.8517000000000001,1090,18,0
2026-05-01 14:15:00,1.85168,1.85286,1.85129,1.85185,788,18,0
2026-05-01 14:30:00,1.85188,1.85188,1.85011,1.85061,840,18,0
2026-05-01 14:45:00,1.8506,1.85068,1.8484099999999999,1.84896,839,18,0
2026-05-01 15:00:00,1.8489900000000001,1.8492,1.8481999999999998,1.84884,812,18,0
2026-05-01 15:15:00,1.84885,1.84901,1.84836,1.8489200000000001,630,18,0
2026-05-01 15:30:00,1.8489499999999999,1.84941,1.84853,1.8489,570,18,0
2026-05-01 15:45:00,1.84891,1.84948,1.84817,1.84851,1022,18,0
2026-05-01 16:00:00,1.8484699999999998,1.84934,1.8484099999999999,1.84917,534,18,0
2026-05-01 16:15:00,1.8492199999999999,1.8494199999999998,1.8483100000000001,1.84843,828,18,0
2026-05-01 16:30:00,1.84839,1.8486099999999999,1.8478599999999998,1.84821,580,18,0
2026-05-01 16:45:00,1.84825,1.84825,1.8475700000000002,1.8475899999999998,460,18,0
2026-05-01 17:00:00,1.84756,1.8477700000000001,1.84713,1.84717,371,18,0
2026-05-01 17:15:00,1.84715,1.84735,1.8467799999999999,1.8472499999999998,448,18,0
2026-05-01 17:30:00,1.84728,1.8473000000000002,1.84609,1.8462100000000001,351,18,0
2026-05-01 17:45:00,1.84623,1.84697,1.8460999999999999,1.8467099999999999,421,18,0
2026-05-01 18:00:00,1.8467500000000001,1.8468499999999999,1.8457,1.8457400000000002,454,18,0
2026-05-01 18:15:00,1.8457599999999998,1.846,1.8448799999999999,1.84519,511,18,0
2026-05-01 18:30:00,1.8452199999999999,1.84564,1.8448,1.84558,604,18,0
2026-05-01 18:45:00,1.84555,1.8456700000000001,1.8449900000000001,1.8449900000000001,475,18,0
2026-05-01 19:00:00,1.84497,1.84541,1.84475,1.8451499999999998,334,18,0
2026-05-01 19:15:00,1.84517,1.8452199999999999,1.8449499999999999,1.8449499999999999,242,18,0
2026-05-01 19:30:00,1.8449200000000001,1.84497,1.8446,1.84467,217,18,0
2026-05-01 19:45:00,1.8446799999999999,1.84484,1.84439,1.84458,271,18,0
2026-05-01 20:00:00,1.8446099999999999,1.8446799999999999,1.8441999999999998,1.8444099999999999,175,18,0
2026-05-01 20:15:00,1.84442,1.84442,1.84406,1.84429,145,18,0
2026-05-01 20:30:00,1.84428,1.84475,1.84403,1.84443,303,18,0
2026-05-01 20:45:00,1.84446,1.84474,1.8440400000000001,1.8447200000000001,400,18,0
2026-05-03 21:15:00,1.84756,1.8477700000000001,1.84756,1.8477700000000001,19,123,0
2026-05-03 21:30:00,1.84742,1.84798,1.84721,1.84798,30,80,0
2026-05-03 21:45:00,1.84801,1.84813,1.84742,1.8477000000000001,73,80,0
2026-05-03 22:00:00,1.8484099999999999,1.8484099999999999,1.8459400000000001,1.8459400000000001,252,28,0
2026-05-03 22:15:00,1.84596,1.84605,1.84566,1.84579,135,18,0
2026-05-03 22:30:00,1.8457599999999998,1.846,1.84559,1.8458999999999999,172,18,0
2026-05-03 22:45:00,1.84588,1.84609,1.84568,1.8460100000000002,98,18,0
2026-05-03 23:00:00,1.8460299999999998,1.8460800000000002,1.84577,1.8458999999999999,134,18,0
2026-05-03 23:15:00,1.84591,1.84592,1.84535,1.84559,106,18,0
2026-05-03 23:30:00,1.8456000000000001,1.8457,1.84523,1.8453300000000001,114,18,0
2026-05-03 23:45:00,1.8453,1.84562,1.8452199999999999,1.84534,205,18,0
2026-05-04 00:00:00,1.84531,1.84531,1.8447900000000002,1.84489,284,18,0
2026-05-04 00:15:00,1.8449200000000001,1.84508,1.84449,1.84471,235,18,0
2026-05-04 00:30:00,1.84473,1.84535,1.84466,1.8452899999999999,160,18,0
2026-05-04 00:45:00,1.8452600000000001,1.84606,1.84523,1.84604,237,18,0
2026-05-04 01:00:00,1.84606,1.8462100000000001,1.84554,1.84564,314,18,0
2026-05-04 01:15:00,1.84568,1.84639,1.84557,1.84561,304,18,0
2026-05-04 01:30:00,1.84558,1.84596,1.84557,1.84579,233,18,0
2026-05-04 01:45:00,1.8458,1.84602,1.84562,1.84599,174,18,0
2026-05-04 02:00:00,1.8460100000000002,1.84684,1.84579,1.84674,198,18,0
2026-05-04 02:15:00,1.8467500000000001,1.8467500000000001,1.8460100000000002,1.84606,171,18,0
2026-05-04 02:30:00,1.84605,1.8463699999999998,1.84605,1.8462399999999999,162,18,0
2026-05-04 02:45:00,1.8462100000000001,1.8465,1.8462,1.8462,154,18,0
2026-05-04 03:00:00,1.84623,1.84653,1.84622,1.84643,167,18,0
2026-05-04 03:15:00,1.84647,1.84654,1.84623,1.84642,130,18,0
2026-05-04 03:30:00,1.84643,1.84646,1.84616,1.84622,106,18,0
2026-05-04 03:45:00,1.84625,1.84753,1.84625,1.84715,834,18,0
2026-05-04 04:00:00,1.84718,1.84726,1.84667,1.84673,252,18,0
2026-05-04 04:15:00,1.84672,1.84673,1.84618,1.8463,154,18,0
2026-05-04 04:30:00,1.84634,1.84645,1.84613,1.8462399999999999,107,18,0
2026-05-04 04:45:00,1.8462,1.84646,1.84618,1.84646,113,18,0
2026-05-04 05:00:00,1.8464800000000001,1.8466399999999998,1.84627,1.84634,172,18,0
2026-05-04 05:15:00,1.84636,1.84697,1.8462399999999999,1.84656,272,18,0
2026-05-04 05:30:00,1.8465799999999999,1.8467500000000001,1.84638,1.84672,172,18,0
2026-05-04 05:45:00,1.84674,1.8470900000000001,1.8466399999999998,1.84703,152,18,0
2026-05-04 06:00:00,1.84701,1.84775,1.84692,1.84775,312,18,0
2026-05-04 06:15:00,1.84778,1.8481100000000001,1.84754,1.84775,255,18,0
2026-05-04 06:30:00,1.84776,1.8477999999999999,1.84657,1.8466900000000002,492,18,0
2026-05-04 06:45:00,1.8467099999999999,1.84672,1.84598,1.84631,484,18,0
2026-05-04 07:00:00,1.84633,1.84645,1.84548,1.84577,563,18,0
2026-05-04 07:15:00,1.8457599999999998,1.84638,1.84569,1.84584,386,18,0
2026-05-04 07:30:00,1.8458700000000001,1.84627,1.8453300000000001,1.84566,352,18,0
2026-05-04 07:45:00,1.84569,1.84604,1.84518,1.8456299999999999,454,18,0
2026-05-04 08:00:00,1.8456000000000001,1.84566,1.8448,1.84497,423,18,0
2026-05-04 08:15:00,1.84496,1.84505,1.8443399999999999,1.84453,276,18,0
2026-05-04 08:30:00,1.8445,1.8453300000000001,1.84448,1.84471,323,18,0
2026-05-04 08:45:00,1.8447,1.8449200000000001,1.84419,1.8443100000000001,291,18,0
2026-05-04 09:00:00,1.8443,1.84464,1.84401,1.84436,379,18,0
2026-05-04 09:15:00,1.8443800000000001,1.84453,1.84383,1.8445200000000002,317,18,0
2026-05-04 09:30:00,1.84451,1.84487,1.84443,1.8448,232,18,0
2026-05-04 09:45:00,1.84476,1.8449,1.84429,1.84448,240,18,0
2026-05-04 10:00:00,1.8444500000000001,1.8445399999999998,1.8415300000000001,1.8423699999999998,1265,18,0
2026-05-04 10:15:00,1.84234,1.84342,1.84157,1.8431899999999999,954,18,0
2026-05-04 10:30:00,1.84317,1.8443399999999999,1.84304,1.84341,977,18,0
2026-05-04 10:45:00,1.8433899999999999,1.8434,1.84218,1.84256,406,18,0
2026-05-04 11:00:00,1.8426,1.843,1.84209,1.84212,558,18,0
2026-05-04 11:15:00,1.84215,1.8431899999999999,1.84204,1.84318,357,18,0
2026-05-04 11:30:00,1.84315,1.84341,1.84254,1.84326,463,18,0
2026-05-04 11:45:00,1.84325,1.84386,1.84304,1.84369,344,18,0
2026-05-04 12:00:00,1.8437299999999999,1.84469,1.8433899999999999,1.84447,445,18,0
2026-05-04 12:15:00,1.84444,1.8454700000000002,1.84437,1.84531,599,18,0
2026-05-04 12:30:00,1.8452899999999999,1.8460999999999999,1.8449900000000001,1.8459400000000001,438,18,0
2026-05-04 12:45:00,1.84595,1.84645,1.84581,1.84592,407,18,0
2026-05-04 13:00:00,1.84588,1.8463699999999998,1.84505,1.84626,879,18,0
2026-05-04 13:15:00,1.84623,1.84623,1.8450600000000001,1.84507,432,18,0
2026-05-04 13:30:00,1.8451,1.8465500000000001,1.8446799999999999,1.8461400000000001,703,18,0
2026-05-04 13:45:00,1.84612,1.84659,1.84521,1.84521,532,18,0
2026-05-04 14:00:00,1.84524,1.84536,1.84419,1.84496,612,18,0
2026-05-04 14:15:00,1.84494,1.8459400000000001,1.84487,1.84559,538,18,0
2026-05-04 14:30:00,1.8456000000000001,1.84604,1.8445200000000002,1.8445200000000002,525,18,0
2026-05-04 14:45:00,1.84451,1.84516,1.84409,1.84419,675,18,0
2026-05-04 15:00:00,1.84422,1.84497,1.84351,1.84371,636,18,0
2026-05-04 15:15:00,1.84374,1.84409,1.84166,1.84189,946,18,0
2026-05-04 15:30:00,1.84186,1.8420100000000001,1.84116,1.84181,676,18,0
2026-05-04 15:45:00,1.8418299999999999,1.84239,1.8411300000000002,1.84166,864,18,0
2026-05-04 16:00:00,1.84169,1.84198,1.84002,1.8401,758,18,0
2026-05-04 16:15:00,1.84006,1.84222,1.83988,1.8412600000000001,818,18,0
2026-05-04 16:30:00,1.8412899999999999,1.8417599999999998,1.84087,1.84087,564,18,0
2026-05-04 16:45:00,1.8408799999999998,1.8412199999999999,1.84055,1.84055,473,18,0
2026-05-04 17:00:00,1.84058,1.84213,1.8405399999999998,1.84199,519,18,0
2026-05-04 17:15:00,1.8420100000000001,1.84303,1.8419400000000001,1.8427099999999998,502,18,0
2026-05-04 17:30:00,1.8426900000000002,1.84273,1.84172,1.84191,366,18,0
2026-05-04 17:45:00,1.84193,1.84216,1.84159,1.84188,243,18,0
2026-05-04 18:00:00,1.84186,1.84189,1.8413,1.8414199999999998,318,18,0
2026-05-04 18:15:00,1.84145,1.84145,1.84035,1.84051,323,18,0
2026-05-04 18:30:00,1.84053,1.8412,1.84053,1.84107,372,18,0
2026-05-04 18:45:00,1.8410600000000001,1.84143,1.8407200000000001,1.84139,443,18,0
2026-05-04 19:00:00,1.8414199999999998,1.8423699999999998,1.84137,1.84218,516,18,0
2026-05-04 19:15:00,1.8422,1.8427099999999998,1.8421699999999999,1.8424,323,18,0
2026-05-04 19:30:00,1.84241,1.84272,1.84238,1.8425,242,18,0
2026-05-04 19:45:00,1.84247,1.84275,1.84241,1.84267,259,18,0
2026-05-04 20:00:00,1.8427099999999998,1.84301,1.8425500000000001,1.84274,182,18,0
2026-05-04 20:15:00,1.84272,1.84318,1.84272,1.8427799999999999,169,18,0
2026-05-04 20:30:00,1.8428,1.8432300000000001,1.8426900000000002,1.84308,128,18,0
2026-05-04 20:45:00,1.84306,1.84342,1.84249,1.84329,147,18,0
2026-05-04 21:15:00,1.84328,1.84328,1.84254,1.84254,30,48,0
2026-05-04 21:30:00,1.84257,1.84291,1.84257,1.84273,80,62,0
2026-05-04 21:45:00,1.84272,1.84301,1.84267,1.84301,146,48,0
2026-05-04 22:00:00,1.84307,1.84321,1.84273,1.84303,138,28,0
2026-05-04 22:15:00,1.8430499999999999,1.84329,1.84293,1.8430499999999999,89,18,0
2026-05-04 22:30:00,1.84302,1.84313,1.8428900000000001,1.843,40,18,0
2026-05-04 22:45:00,1.84291,1.84302,1.84274,1.84302,61,18,0
2026-05-04 23:00:00,1.843,1.84301,1.84284,1.84288,94,18,0
2026-05-04 23:15:00,1.8429,1.84301,1.8428900000000001,1.84301,39,18,0
2026-05-04 23:30:00,1.84304,1.84315,1.84303,1.8430900000000001,53,18,0
2026-05-04 23:45:00,1.8431,1.8431899999999999,1.8428200000000001,1.8428900000000001,105,18,0
2026-05-05 00:00:00,1.84286,1.84315,1.84277,1.84308,233,18,0
2026-05-05 00:15:00,1.8431,1.8431,1.8424399999999999,1.84263,194,18,0
2026-05-05 00:30:00,1.8426399999999998,1.8427799999999999,1.84259,1.8427099999999998,116,18,0
2026-05-05 00:45:00,1.84274,1.8431,1.84263,1.84273,148,18,0
2026-05-05 01:00:00,1.84276,1.8428,1.84218,1.84218,222,18,0
2026-05-05 01:15:00,1.8422,1.84243,1.84198,1.84215,148,18,0
2026-05-05 01:30:00,1.84212,1.8425099999999999,1.8420800000000002,1.8421699999999999,251,18,0
2026-05-05 01:45:00,1.84214,1.8423699999999998,1.84211,1.84232,145,18,0
2026-05-05 02:00:00,1.84236,1.8424800000000001,1.8422,1.84227,155,18,0
2026-05-05 02:15:00,1.8422399999999999,1.84273,1.8422100000000001,1.84265,99,18,0
2026-05-05 02:30:00,1.84268,1.8428900000000001,1.8425500000000001,1.84284,129,18,0
2026-05-05 02:45:00,1.84281,1.84284,1.8422399999999999,1.84238,137,18,0
2026-05-05 03:00:00,1.8423500000000002,1.84253,1.84214,1.84249,128,18,0
2026-05-05 03:15:00,1.84252,1.84256,1.8421699999999999,1.8421699999999999,100,18,0
2026-05-05 03:30:00,1.84218,1.84226,1.8420299999999998,1.84215,96,18,0
2026-05-05 03:45:00,1.84218,1.8423,1.8420800000000002,1.84211,88,18,0
2026-05-05 04:00:00,1.84209,1.8424,1.84204,1.84239,102,18,0
2026-05-05 04:15:00,1.8424,1.84252,1.84234,1.84246,78,18,0
2026-05-05 04:30:00,1.84243,1.84263,1.84213,1.84225,238,18,0
2026-05-05 04:45:00,1.8422399999999999,1.84234,1.8416299999999999,1.8418,185,18,0
2026-05-05 05:00:00,1.84177,1.84211,1.84169,1.84196,189,18,0
2026-05-05 05:15:00,1.84192,1.84236,1.84186,1.84223,153,18,0
2026-05-05 05:30:00,1.84225,1.8427099999999998,1.84202,1.84257,321,18,0
2026-05-05 05:45:00,1.84254,1.8426399999999998,1.84164,1.84185,224,18,0
2026-05-05 06:00:00,1.84181,1.8427,1.84169,1.84242,461,18,0
2026-05-05 06:15:00,1.84241,1.84252,1.8411300000000002,1.8416299999999999,431,18,0
2026-05-05 06:30:00,1.84159,1.84313,1.8415599999999999,1.8426200000000001,532,18,0
2026-05-05 06:45:00,1.84259,1.8431,1.8423500000000002,1.84267,451,18,0
2026-05-05 07:00:00,1.8427099999999998,1.8437999999999999,1.84265,1.84347,603,18,0
2026-05-05 07:15:00,1.84349,1.84399,1.84326,1.84326,399,18,0
2026-05-05 07:30:00,1.84327,1.84421,1.8431,1.84321,534,18,0
2026-05-05 07:45:00,1.8431899999999999,1.84383,1.84314,1.84369,413,18,0
2026-05-05 08:00:00,1.84371,1.8441,1.8435000000000001,1.84394,440,18,0
2026-05-05 08:15:00,1.84396,1.84451,1.84374,1.8441100000000001,449,18,0
2026-05-05 08:30:00,1.84414,1.84449,1.84317,1.8433000000000002,369,18,0
2026-05-05 08:45:00,1.84331,1.84425,1.84313,1.84392,392,18,0
2026-05-05 09:00:00,1.84394,1.84416,1.84338,1.8435700000000002,598,18,0
2026-05-05 09:15:00,1.84356,1.8438400000000001,1.84293,1.84354,446,18,0
2026-05-05 09:30:00,1.84352,1.8442699999999999,1.84349,1.8441100000000001,434,18,0
2026-05-05 09:45:00,1.84413,1.8443,1.84306,1.84314,465,18,0
2026-05-05 10:00:00,1.8431600000000001,1.84317,1.84267,1.84302,328,18,0
2026-05-05 10:15:00,1.84299,1.84354,1.84291,1.84318,384,18,0
2026-05-05 10:30:00,1.84321,1.84354,1.8428900000000001,1.84302,329,18,0
2026-05-05 10:45:00,1.84304,1.84379,1.84299,1.8437700000000001,252,18,0
2026-05-05 11:00:00,1.84379,1.8439100000000002,1.8431,1.84334,490,18,0
2026-05-05 11:15:00,1.8433199999999998,1.84348,1.84227,1.8431,474,18,0
2026-05-05 11:30:00,1.84308,1.84348,1.84257,1.84261,411,18,0
2026-05-05 11:45:00,1.84259,1.84321,1.84243,1.84318,365,18,0
2026-05-05 12:00:00,1.84321,1.84394,1.84226,1.84389,706,18,0
2026-05-05 12:15:00,1.8439,1.84485,1.84388,1.8446,581,18,0
2026-05-05 12:30:00,1.84455,1.84489,1.84422,1.84455,444,18,0
2026-05-05 12:45:00,1.84459,1.84521,1.8445,1.84487,405,18,0
2026-05-05 13:00:00,1.84485,1.84524,1.84464,1.84476,482,18,0
2026-05-05 13:15:00,1.84473,1.84518,1.8441999999999998,1.8441999999999998,484,18,0
2026-05-05 13:30:00,1.84421,1.84561,1.84408,1.84494,622,18,0
2026-05-05 13:45:00,1.84493,1.8455599999999999,1.84463,1.8448,615,18,0
2026-05-05 14:00:00,1.8449,1.8461400000000001,1.8446799999999999,1.8454899999999999,925,18,0
2026-05-05 14:15:00,1.84551,1.84552,1.84455,1.84501,863,18,0
2026-05-05 14:30:00,1.84504,1.84591,1.84466,1.84578,747,18,0
2026-05-05 14:45:00,1.8457599999999998,1.84703,1.84516,1.84699,942,18,0
2026-05-05 15:00:00,1.84702,1.84728,1.84661,1.84686,604,18,0
2026-05-05 15:15:00,1.8468499999999999,1.8471,1.84649,1.84674,461,18,0
2026-05-05 15:30:00,1.84677,1.84756,1.84666,1.84726,513,18,0
2026-05-05 15:45:00,1.84728,1.8476,1.84706,1.84722,449,18,0
2026-05-05 16:00:00,1.8472,1.8475700000000002,1.84686,1.8469600000000002,410,18,0
2026-05-05 16:15:00,1.84699,1.8473000000000002,1.8468499999999999,1.847,388,18,0
2026-05-05 16:30:00,1.8469799999999998,1.8472,1.84653,1.8466200000000002,399,18,0
2026-05-05 16:45:00,1.8466,1.8468900000000001,1.8460299999999998,1.84618,338,18,0
2026-05-05 17:00:00,1.84615,1.84672,1.8458999999999999,1.8460999999999999,394,18,0
2026-05-05 17:15:00,1.84609,1.84629,1.84554,1.84575,280,18,0
2026-05-05 17:30:00,1.84573,1.8458999999999999,1.8454700000000002,1.8454700000000002,319,18,0
2026-05-05 17:45:00,1.84544,1.84564,1.8451,1.84534,328,18,0
2026-05-05 18:00:00,1.8453,1.84562,1.84516,1.84532,310,18,0
2026-05-05 18:15:00,1.84531,1.84544,1.84517,1.8452199999999999,165,18,0
2026-05-05 18:30:00,1.84523,1.84523,1.84474,1.845,213,18,0
2026-05-05 18:45:00,1.84503,1.84532,1.8447200000000001,1.84482,250,18,0
2026-05-05 19:00:00,1.84485,1.8451300000000002,1.84474,1.8448600000000002,236,18,0
2026-05-05 19:15:00,1.84485,1.84489,1.84449,1.84455,189,18,0
2026-05-05 19:30:00,1.84453,1.84497,1.8445,1.84484,227,18,0
2026-05-05 19:45:00,1.84485,1.84496,1.84456,1.8449,256,18,0
2026-05-05 20:00:00,1.84493,1.8450600000000001,1.84449,1.84449,184,18,0
2026-05-05 20:15:00,1.84446,1.84446,1.8439100000000002,1.84419,120,18,0
2026-05-05 20:30:00,1.84415,1.84437,1.84412,1.84429,73,18,0
2026-05-05 20:45:00,1.84426,1.84442,1.84352,1.84372,211,18,0
2026-05-05 21:00:00,1.8437000000000001,1.8437299999999999,1.84368,1.8437299999999999,9,48,0
2026-05-05 21:15:00,1.84374,1.84378,1.8437000000000001,1.84374,30,48,0
2026-05-05 21:30:00,1.84375,1.8439299999999998,1.84375,1.8439299999999998,103,49,0
2026-05-05 21:45:00,1.8439299999999998,1.84446,1.8436599999999999,1.84388,194,48,0
2026-05-05 22:00:00,1.84386,1.84447,1.8437299999999999,1.84424,106,28,0
2026-05-05 22:15:00,1.8441999999999998,1.84425,1.84395,1.8440400000000001,69,18,0
2026-05-05 22:30:00,1.84397,1.84416,1.8439100000000002,1.84408,60,18,0
2026-05-05 22:45:00,1.84415,1.84548,1.84392,1.84498,538,18,0
2026-05-05 23:00:00,1.84501,1.8466200000000002,1.8448600000000002,1.84646,476,18,0
2026-05-05 23:15:00,1.8464800000000001,1.84654,1.84558,1.84571,301,18,0
2026-05-05 23:30:00,1.8457,1.84586,1.8456000000000001,1.8456000000000001,177,18,0
2026-05-05 23:45:00,1.84564,1.84591,1.84559,1.84573,206,18,0
2026-05-06 00:00:00,1.8457599999999998,1.846,1.84555,1.8457,431,18,0
2026-05-06 00:15:00,1.8457400000000002,1.84622,1.8457,1.84596,300,18,0
2026-05-06 00:30:00,1.84599,1.84636,1.84592,1.8460800000000002,288,18,0
2026-05-06 00:45:00,1.84604,1.84606,1.8456000000000001,1.84565,250,18,0
2026-05-06 01:00:00,1.84569,1.84593,1.8456000000000001,1.84584,304,18,0
2026-05-06 01:15:00,1.84586,1.84631,1.84585,1.84592,206,18,0
2026-05-06 01:30:00,1.8459400000000001,1.8462800000000001,1.84565,1.8462800000000001,220,18,0
2026-05-06 01:45:00,1.84625,1.84627,1.84558,1.84558,225,18,0
2026-05-06 02:00:00,1.8456000000000001,1.84616,1.8456000000000001,1.84569,239,18,0
2026-05-06 02:15:00,1.84568,1.8458700000000001,1.8454700000000002,1.84552,176,18,0
2026-05-06 02:30:00,1.8455,1.84561,1.84519,1.84534,138,18,0
2026-05-06 02:45:00,1.8453300000000001,1.8454199999999998,1.84521,1.84538,164,18,0
2026-05-06 03:00:00,1.84536,1.8454700000000002,1.84507,1.84523,214,18,0
2026-05-06 03:15:00,1.84521,1.84538,1.84507,1.8451300000000002,181,18,0
2026-05-06 03:30:00,1.84511,1.8453,1.8449200000000001,1.84523,186,18,0
2026-05-06 03:45:00,1.84521,1.8452199999999999,1.84457,1.84475,161,18,0
2026-05-06 04:00:00,1.84477,1.8448099999999998,1.84455,1.84469,153,18,0
2026-05-06 04:15:00,1.84466,1.84606,1.84453,1.84606,338,18,0
2026-05-06 04:30:00,1.8460299999999998,1.84742,1.84579,1.84596,929,18,0
2026-05-06 04:45:00,1.84593,1.8470900000000001,1.84572,1.84629,782,18,0
2026-05-06 05:00:00,1.84626,1.8466200000000002,1.8460299999999998,1.84626,451,18,0
2026-05-06 05:15:00,1.84625,1.84657,1.8459400000000001,1.8464,324,18,0
2026-05-06 05:30:00,1.84639,1.8467,1.8460100000000002,1.8461699999999999,226,18,0
2026-05-06 05:45:00,1.8461400000000001,1.8462399999999999,1.84591,1.8461699999999999,265,18,0
2026-05-06 06:00:00,1.84616,1.8470499999999999,1.84616,1.84684,447,18,0
2026-05-06 06:15:00,1.84686,1.84731,1.84673,1.8470499999999999,423,18,0
2026-05-06 06:30:00,1.84708,1.8471,1.8460800000000002,1.84619,497,18,0
2026-05-06 06:45:00,1.84615,1.8466200000000002,1.84582,1.84613,495,18,0
2026-05-06 07:00:00,1.84615,1.84688,1.8456700000000001,1.84657,697,18,0
2026-05-06 07:15:00,1.8466,1.8473000000000002,1.84649,1.84708,574,18,0
2026-05-06 07:30:00,1.8471,1.84753,1.8465799999999999,1.84753,431,18,0
2026-05-06 07:45:00,1.84755,1.8483100000000001,1.84754,1.84821,642,18,0
2026-05-06 08:00:00,1.84819,1.8488,1.8477299999999999,1.8477299999999999,621,18,0
2026-05-06 08:15:00,1.84771,1.84857,1.84742,1.84853,415,18,0
2026-05-06 08:30:00,1.84849,1.84972,1.84846,1.8491499999999998,587,18,0
2026-05-06 08:45:00,1.84914,1.85134,1.84911,1.85093,1318,18,0
2026-05-06 09:00:00,1.8508900000000001,1.85138,1.84997,1.8511,770,18,0
2026-05-06 09:15:00,1.8511199999999999,1.85176,1.8508499999999999,1.85154,703,18,0
2026-05-06 09:30:00,1.85156,1.85244,1.85111,1.8517000000000001,647,18,0
2026-05-06 09:45:00,1.85167,1.85217,1.85149,1.85171,538,18,0
2026-05-06 10:00:00,1.85174,1.8518599999999998,1.85097,1.851,495,18,0
2026-05-06 10:15:00,1.85099,1.85202,1.85099,1.85195,507,18,0
2026-05-06 10:30:00,1.85196,1.8525800000000001,1.8517299999999999,1.85242,610,18,0
2026-05-06 10:45:00,1.85243,1.8532199999999999,1.85175,1.85296,959,18,0
2026-05-06 11:00:00,1.8529900000000001,1.85416,1.8529,1.85348,881,18,0
2026-05-06 11:15:00,1.8535,1.85467,1.85343,1.85456,725,18,0
2026-05-06 11:30:00,1.85459,1.8549099999999998,1.85334,1.85354,709,18,0
2026-05-06 11:45:00,1.85351,1.85389,1.85168,1.85205,759,18,0
2026-05-06 12:00:00,1.85208,1.85246,1.85141,1.85164,832,18,0
2026-05-06 12:15:00,1.85158,1.85307,1.85133,1.85251,950,18,0
2026-05-06 12:30:00,1.8525399999999999,1.8532199999999999,1.8525399999999999,1.85297,614,18,0
2026-05-06 12:45:00,1.85296,1.85298,1.85235,1.8525399999999999,674,18,0
2026-05-06 13:00:00,1.85252,1.85312,1.8520400000000001,1.85262,984,18,0
2026-05-06 13:15:00,1.85264,1.85298,1.85127,1.85208,665,18,0
2026-05-06 13:30:00,1.8520699999999999,1.85312,1.8515000000000001,1.85239,820,18,0
2026-05-06 13:45:00,1.85236,1.853,1.8521999999999998,1.8529900000000001,679,18,0
2026-05-06 14:00:00,1.85301,1.8531900000000001,1.85219,1.85297,790,18,0
2026-05-06 14:15:00,1.853,1.85305,1.85216,1.85221,700,18,0
2026-05-06 14:30:00,1.85219,1.85405,1.8520400000000001,1.85396,849,18,0
2026-05-06 14:45:00,1.854,1.85436,1.85215,1.85216,792,18,0
2026-05-06 15:00:00,1.85215,1.85267,1.85194,1.85215,736,18,0
2026-05-06 15:15:00,1.85214,1.85284,1.8517700000000001,1.8523800000000001,556,18,0
2026-05-06 15:30:00,1.85241,1.85297,1.8518400000000002,1.85232,545,18,0
2026-05-06 15:45:00,1.85235,1.85257,1.85181,1.8519299999999999,600,18,0
2026-05-06 16:00:00,1.85189,1.8526500000000001,1.8514,1.85217,592,18,0
2026-05-06 16:15:00,1.85215,1.85256,1.8518599999999998,1.85217,451,18,0
2026-05-06 16:30:00,1.85221,1.85228,1.85176,1.85212,410,18,0
2026-05-06 16:45:00,1.85214,1.8521999999999998,1.85135,1.85189,583,18,0
2026-05-06 17:00:00,1.85192,1.85409,1.85178,1.8538999999999999,486,18,0
2026-05-06 17:15:00,1.85388,1.85422,1.85348,1.85348,408,18,0
2026-05-06 17:30:00,1.85346,1.85357,1.85297,1.85314,386,18,0
2026-05-06 17:45:00,1.85312,1.85389,1.8526799999999999,1.85362,470,18,0
2026-05-06 18:00:00,1.85364,1.85365,1.85311,1.8532199999999999,457,18,0
2026-05-06 18:15:00,1.85324,1.8537,1.8532199999999999,1.85358,295,18,0
2026-05-06 18:30:00,1.85361,1.85388,1.85334,1.85361,271,18,0
2026-05-06 18:45:00,1.85358,1.8538299999999999,1.8532199999999999,1.85359,384,18,0
2026-05-06 19:00:00,1.8535599999999999,1.85371,1.85328,1.85345,373,18,0
2026-05-06 19:15:00,1.85347,1.85362,1.85324,1.85334,262,18,0
2026-05-06 19:30:00,1.85332,1.85332,1.85283,1.8530799999999998,255,18,0
2026-05-06 19:45:00,1.85309,1.85343,1.85294,1.85339,332,18,0
2026-05-06 20:00:00,1.8534000000000002,1.8537,1.85311,1.8531900000000001,219,18,0
2026-05-06 20:15:00,1.85323,1.8533,1.85269,1.85269,173,18,0
2026-05-06 20:30:00,1.85271,1.85273,1.85223,1.85223,109,18,0
2026-05-06 20:45:00,1.85221,1.85303,1.85217,1.85283,160,18,0
2026-05-06 21:15:00,1.85284,1.85284,1.85274,1.85282,18,48,0
2026-05-06 21:30:00,1.85283,1.85283,1.85271,1.8527200000000001,87,48,0
2026-05-06 21:45:00,1.85274,1.85283,1.8525,1.8525,87,48,0
2026-05-06 22:00:00,1.85248,1.85297,1.85248,1.85285,60,28,0
2026-05-06 22:15:00,1.85283,1.85291,1.85259,1.8527900000000002,64,28,0
2026-05-06 22:30:00,1.85278,1.85289,1.8527200000000001,1.85286,47,18,0
2026-05-06 22:45:00,1.85285,1.85305,1.85282,1.85297,89,18,0
2026-05-06 23:00:00,1.85305,1.8532199999999999,1.8529900000000001,1.8531499999999999,85,18,0
2026-05-06 23:15:00,1.85316,1.85316,1.8529499999999999,1.85302,46,18,0
2026-05-06 23:30:00,1.85304,1.8533300000000001,1.853,1.85325,59,18,0
2026-05-06 23:45:00,1.85328,1.85334,1.8530799999999998,1.8531300000000002,106,18,0
2026-05-07 00:00:00,1.85311,1.85404,1.85304,1.85397,397,18,0
2026-05-07 00:15:00,1.8539400000000001,1.8540100000000002,1.85352,1.8536299999999999,262,18,0
2026-05-07 00:30:00,1.85361,1.85379,1.8534899999999999,1.85372,232,18,0
2026-05-07 00:45:00,1.8536899999999998,1.85379,1.85331,1.85344,196,18,0
2026-05-07 01:00:00,1.8534199999999998,1.8540299999999998,1.85324,1.85391,264,18,0
2026-05-07 01:15:00,1.85392,1.8542399999999999,1.8538700000000001,1.8541699999999999,249,18,0
2026-05-07 01:30:00,1.8541400000000001,1.85431,1.8539400000000001,1.85418,232,18,0
2026-05-07 01:45:00,1.85419,1.85453,1.85411,1.85433,222,18,0
2026-05-07 02:00:00,1.85431,1.85476,1.85431,1.85445,207,18,0
2026-05-07 02:15:00,1.85446,1.85483,1.8544100000000001,1.85477,151,18,0
2026-05-07 02:30:00,1.85479,1.85531,1.85472,1.85531,203,18,0
2026-05-07 02:45:00,1.85534,1.8553600000000001,1.85466,1.85487,172,18,0
2026-05-07 03:00:00,1.85484,1.85484,1.8543699999999999,1.85438,119,18,0
2026-05-07 03:15:00,1.8543699999999999,1.85452,1.8542,1.8542800000000002,133,18,0
2026-05-07 03:30:00,1.85425,1.85432,1.854,1.8540999999999999,118,18,0
2026-05-07 03:45:00,1.85411,1.85418,1.85373,1.85375,144,18,0
2026-05-07 04:00:00,1.85372,1.85388,1.8535,1.8535599999999999,152,18,0
2026-05-07 04:15:00,1.85358,1.85388,1.85351,1.8537599999999999,110,18,0
2026-05-07 04:30:00,1.85378,1.8538700000000001,1.85361,1.85364,120,18,0
2026-05-07 04:45:00,1.85366,1.85384,1.8536299999999999,1.85375,112,18,0
2026-05-07 05:00:00,1.85378,1.85408,1.8537400000000002,1.854,133,18,0
2026-05-07 05:15:00,1.85402,1.85402,1.8535300000000001,1.85361,109,18,0
2026-05-07 05:30:00,1.85364,1.85388,1.85359,1.85368,141,18,0
2026-05-07 05:45:00,1.8536700000000002,1.85399,1.8535599999999999,1.85371,162,18,0
2026-05-07 06:00:00,1.85368,1.85404,1.85359,1.85384,257,18,0
2026-05-07 06:15:00,1.85386,1.8546,1.8537599999999999,1.85416,289,18,0
2026-05-07 06:30:00,1.85413,1.85495,1.85395,1.85468,490,18,0
2026-05-07 06:45:00,1.8546399999999998,1.85483,1.85405,1.85431,473,18,0
2026-05-07 07:00:00,1.8543500000000002,1.8562699999999999,1.85431,1.85594,766,18,0
2026-05-07 07:15:00,1.8559700000000001,1.8573499999999998,1.85574,1.8571,671,18,0
2026-05-07 07:30:00,1.85707,1.8571900000000001,1.8558,1.85585,481,18,0
2026-05-07 07:45:00,1.85587,1.8559999999999999,1.8553199999999999,1.8556599999999999,477,18,0
2026-05-07 08:00:00,1.85568,1.8561800000000002,1.85529,1.85551,478,18,0
2026-05-07 08:15:00,1.85553,1.85578,1.85508,1.8555199999999998,501,18,0
2026-05-07 08:30:00,1.8555000000000001,1.85575,1.85535,1.85553,318,18,0
2026-05-07 08:45:00,1.8555000000000001,1.8559700000000001,1.85529,1.85578,348,18,0
2026-05-07 09:00:00,1.85579,1.85591,1.85544,1.85569,332,18,0
2026-05-07 09:15:00,1.8557000000000001,1.85617,1.8555899999999999,1.85575,286,18,0
2026-05-07 09:30:00,1.8557299999999999,1.85595,1.85508,1.85519,262,18,0
2026-05-07 09:45:00,1.85517,1.85544,1.8547500000000001,1.85522,382,18,0
2026-05-07 10:00:00,1.8552,1.85591,1.8550499999999999,1.8558599999999998,384,18,0
2026-05-07 10:15:00,1.8559,1.85652,1.8557700000000001,1.85623,452,18,0
2026-05-07 10:30:00,1.8562400000000001,1.85667,1.8559999999999999,1.85629,342,18,0
2026-05-07 10:45:00,1.8563,1.85643,1.85555,1.85558,535,18,0
2026-05-07 11:00:00,1.85562,1.85578,1.85447,1.85456,522,18,0
2026-05-07 11:15:00,1.85457,1.8549799999999999,1.85423,1.85443,441,18,0
2026-05-07 11:30:00,1.85439,1.85582,1.85439,1.85551,403,18,0
2026-05-07 11:45:00,1.85553,1.85579,1.85481,1.8557299999999999,419,18,0
2026-05-07 12:00:00,1.85576,1.8564,1.8555000000000001,1.85636,473,18,0
2026-05-07 12:15:00,1.85633,1.8568799999999999,1.85603,1.8567200000000001,600,18,0
2026-05-07 12:30:00,1.8566799999999999,1.85739,1.85659,1.85709,491,18,0
2026-05-07 12:45:00,1.85712,1.85792,1.85683,1.85713,628,18,0
2026-05-07 13:00:00,1.85717,1.8580100000000002,1.8568500000000001,1.8573499999999998,649,18,0
2026-05-07 13:15:00,1.85739,1.85759,1.8571900000000001,1.85731,516,18,0
2026-05-07 13:30:00,1.85728,1.85772,1.8568,1.85754,724,18,0
2026-05-07 13:45:00,1.85757,1.85775,1.85639,1.85717,888,18,0
2026-05-07 14:00:00,1.8572,1.85764,1.85703,1.85717,685,18,0
2026-05-07 14:15:00,1.85718,1.85736,1.85683,1.85693,555,18,0
2026-05-07 14:30:00,1.85696,1.85704,1.85583,1.8559299999999999,648,18,0
2026-05-07 14:45:00,1.85592,1.85822,1.85592,1.85816,777,18,0
2026-05-07 15:00:00,1.85813,1.8584800000000001,1.8574000000000002,1.85743,619,18,0
2026-05-07 15:15:00,1.85745,1.85813,1.8560699999999999,1.8563399999999999,709,18,0
2026-05-07 15:30:00,1.85637,1.85677,1.85594,1.85655,616,18,0
2026-05-07 15:45:00,1.85652,1.8566500000000001,1.8553199999999999,1.85547,537,18,0
2026-05-07 16:00:00,1.85544,1.85558,1.85477,1.85488,634,18,0
2026-05-07 16:15:00,1.8548499999999999,1.8548499999999999,1.8537,1.8542800000000002,619,18,0
2026-05-07 16:30:00,1.85426,1.85427,1.85311,1.85311,472,18,0
2026-05-07 16:45:00,1.85312,1.85343,1.8526099999999999,1.85277,442,18,0
2026-05-07 17:00:00,1.8528,1.85283,1.8516599999999999,1.85202,502,18,0
2026-05-07 17:15:00,1.85199,1.85203,1.85034,1.85079,684,18,0
2026-05-07 17:30:00,1.8508200000000001,1.85138,1.85026,1.85121,712,18,0
2026-05-07 17:45:00,1.85118,1.8518400000000002,1.8507,1.8518400000000002,533,18,0
2026-05-07 18:00:00,1.85181,1.85213,1.85141,1.8516599999999999,445,18,0
2026-05-07 18:15:00,1.85162,1.85194,1.8514599999999999,1.85189,330,18,0
2026-05-07 18:30:00,1.85191,1.85236,1.8513199999999999,1.85163,467,18,0
2026-05-07 18:45:00,1.85165,1.85185,1.85095,1.85163,704,18,0
2026-05-07 19:00:00,1.85167,1.85167,1.85099,1.8513899999999999,429,18,0
2026-05-07 19:15:00,1.85138,1.85162,1.85025,1.8507500000000001,563,18,0
2026-05-07 19:30:00,1.8507799999999999,1.85176,1.8507,1.85127,320,18,0
2026-05-07 19:45:00,1.85126,1.8515899999999998,1.85084,1.85145,549,18,0
2026-05-07 20:00:00,1.85149,1.8526,1.85135,1.8518400000000002,511,18,0
2026-05-07 20:15:00,1.85182,1.8519999999999999,1.8514599999999999,1.8516599999999999,199,18,0
2026-05-07 20:30:00,1.85162,1.85162,1.85032,1.85097,423,18,0
2026-05-07 20:45:00,1.85101,1.85127,1.85067,1.8512300000000002,288,18,0
2026-05-07 21:15:00,1.85122,1.85127,1.8510499999999999,1.8510499999999999,16,48,0
2026-05-07 21:30:00,1.85106,1.85127,1.85072,1.85126,104,48,0
2026-05-07 21:45:00,1.8512499999999998,1.8513600000000001,1.8510499999999999,1.85107,105,48,0
2026-05-07 22:00:00,1.85126,1.85129,1.85043,1.8510499999999999,167,28,0
2026-05-07 22:15:00,1.85101,1.85148,1.8509,1.85106,210,28,0
2026-05-07 22:30:00,1.8511,1.8511600000000001,1.85081,1.85097,120,18,0
2026-05-07 22:45:00,1.85095,1.85107,1.85077,1.8508499999999999,87,18,0
2026-05-07 23:00:00,1.85086,1.85108,1.8508499999999999,1.85099,102,18,0
2026-05-07 23:15:00,1.8509799999999998,1.85124,1.85087,1.8512300000000002,65,18,0
2026-05-07 23:30:00,1.85124,1.85141,1.8510900000000001,1.85141,84,18,0
2026-05-07 23:45:00,1.8514,1.85179,1.8512499999999998,1.85165,166,18,0
2026-05-08 00:00:00,1.85168,1.85194,1.8513899999999999,1.85145,317,18,0
2026-05-08 00:15:00,1.85148,1.8515000000000001,1.851,1.8512499999999998,288,18,0
2026-05-08 00:30:00,1.85126,1.85138,1.85103,1.85103,201,18,0
2026-05-08 00:45:00,1.85107,1.85111,1.8507500000000001,1.85087,225,18,0
2026-05-08 01:00:00,1.8509,1.8514,1.85076,1.85111,298,18,0
2026-05-08 01:15:00,1.85114,1.8515700000000002,1.85091,1.8515000000000001,234,18,0
2026-05-08 01:30:00,1.85151,1.85163,1.85121,1.8513600000000001,202,18,0
2026-05-08 01:45:00,1.85137,1.85171,1.85137,1.85161,179,18,0
2026-05-08 02:00:00,1.85163,1.85191,1.85155,1.85179,182,18,0
2026-05-08 02:15:00,1.8518,1.85191,1.85164,1.85164,183,18,0
2026-05-08 02:30:00,1.8516599999999999,1.8518599999999998,1.85117,1.85156,313,18,0
2026-05-08 02:45:00,1.8515700000000002,1.8521,1.85155,1.85155,223,18,0
2026-05-08 03:00:00,1.85158,1.85169,1.85145,1.85164,155,18,0
2026-05-08 03:15:00,1.85162,1.85165,1.85115,1.85127,127,18,0
2026-05-08 03:30:00,1.85128,1.85162,1.85128,1.85152,176,18,0
2026-05-08 03:45:00,1.85153,1.85162,1.8511600000000001,1.8512499999999998,172,18,0
2026-05-08 04:00:00,1.85124,1.8516,1.85068,1.85148,236,18,0
2026-05-08 04:15:00,1.85147,1.8518,1.85129,1.8518,154,18,0
2026-05-08 04:30:00,1.85178,1.85206,1.8517299999999999,1.85203,144,18,0
2026-05-08 04:45:00,1.85202,1.8527,1.85195,1.85229,236,18,0
2026-05-08 05:00:00,1.8523,1.85282,1.8523,1.8525399999999999,195,18,0
2026-05-08 05:15:00,1.85257,1.85311,1.85257,1.85309,209,18,0
2026-05-08 05:30:00,1.8531,1.85337,1.85305,1.85318,225,18,0
2026-05-08 05:45:00,1.8532199999999999,1.8535,1.85317,1.8534199999999998,170,18,0
2026-05-08 06:00:00,1.8534000000000002,1.85407,1.85327,1.85388,372,18,0
2026-05-08 06:15:00,1.8538999999999999,1.85458,1.8538999999999999,1.85449,412,18,0
2026-05-08 06:30:00,1.85447,1.85513,1.8542800000000002,1.85501,439,18,0
2026-05-08 06:45:00,1.8550200000000001,1.85508,1.8545,1.8548,372,18,0
2026-05-08 07:00:00,1.85477,1.8551,1.85445,1.85445,494,18,0
2026-05-08 07:15:00,1.85447,1.8545500000000001,1.85381,1.8542100000000001,428,18,0
2026-05-08 07:30:00,1.85422,1.85503,1.85396,1.85479,328,18,0
2026-05-08 07:45:00,1.85477,1.85504,1.85447,1.85465,374,18,0
2026-05-08 08:00:00,1.85463,1.85556,1.8543500000000002,1.85556,432,18,0
2026-05-08 08:15:00,1.85555,1.85725,1.85541,1.85717,470,18,0
2026-05-08 08:30:00,1.85718,1.85827,1.85707,1.8582100000000001,473,18,0
2026-05-08 08:45:00,1.85818,1.85846,1.858,1.85824,503,18,0
2026-05-08 09:00:00,1.85827,1.85867,1.8581699999999999,1.85829,410,18,0
2026-05-08 09:15:00,1.85832,1.85894,1.8581699999999999,1.85819,357,18,0
2026-05-08 09:30:00,1.85816,1.8584100000000001,1.8580299999999998,1.8582800000000002,303,18,0
2026-05-08 09:45:00,1.8582999999999998,1.8583699999999999,1.85752,1.8576700000000002,367,18,0
2026-05-08 10:00:00,1.8576899999999998,1.85809,1.8576899999999998,1.85792,271,18,0
2026-05-08 10:15:00,1.85793,1.85806,1.8576899999999998,1.85781,265,18,0
2026-05-08 10:30:00,1.85778,1.85784,1.85757,1.85773,285,18,0
2026-05-08 10:45:00,1.8576899999999998,1.85774,1.8566500000000001,1.85678,463,18,0
2026-05-08 11:00:00,1.8568099999999998,1.8571499999999999,1.85636,1.85675,409,18,0
2026-05-08 11:15:00,1.85673,1.85707,1.85667,1.8568099999999998,268,18,0
2026-05-08 11:30:00,1.85682,1.85698,1.85659,1.85691,259,18,0
2026-05-08 11:45:00,1.8568799999999999,1.85737,1.8567200000000001,1.85717,339,18,0
2026-05-08 12:00:00,1.85716,1.85904,1.857,1.85887,547,18,0
2026-05-08 12:15:00,1.8589,1.85956,1.8580299999999998,1.85867,584,18,0
2026-05-08 12:30:00,1.8586399999999998,1.86421,1.8584399999999999,1.8634300000000001,1297,18,0
2026-05-08 12:45:00,1.86341,1.86429,1.86273,1.8636599999999999,807,18,0
2026-05-08 13:00:00,1.86368,1.86523,1.8633199999999999,1.86484,857,18,0
2026-05-08 13:15:00,1.8648099999999999,1.86626,1.86468,1.86552,664,18,0
2026-05-08 13:30:00,1.86555,1.86676,1.865,1.86626,908,18,0
2026-05-08 13:45:00,1.86629,1.86772,1.86629,1.86758,743,18,0
2026-05-08 14:00:00,1.86755,1.86757,1.86441,1.86479,778,18,0
2026-05-08 14:15:00,1.86475,1.86541,1.8645100000000001,1.8646099999999999,710,18,0
2026-05-08 14:30:00,1.8645800000000001,1.8656700000000002,1.8643,1.86564,713,18,0
2026-05-08 14:45:00,1.86566,1.86593,1.86467,1.86524,739,18,0
2026-05-08 15:00:00,1.86521,1.86559,1.86467,1.8649200000000001,665,18,0
2026-05-08 15:15:00,1.86494,1.8653300000000002,1.8645800000000001,1.8651200000000001,461,18,0
2026-05-08 15:30:00,1.86509,1.86528,1.86452,1.86473,607,18,0
2026-05-08 15:45:00,1.8647200000000002,1.8647200000000002,1.86334,1.8635899999999999,561,18,0
2026-05-08 16:00:00,1.86356,1.86457,1.86356,1.8644500000000002,513,18,0
2026-05-08 16:15:00,1.86448,1.86484,1.8644500000000002,1.86463,235,18,0
2026-05-08 16:30:00,1.86464,1.8646500000000001,1.86348,1.86394,354,18,0
2026-05-08 16:45:00,1.8639700000000001,1.8645399999999999,1.86392,1.86396,347,18,0
2026-05-08 17:00:00,1.86395,1.86409,1.86367,1.8639000000000001,275,18,0
2026-05-08 17:15:00,1.86388,1.86407,1.8634,1.8638400000000002,322,18,0
2026-05-08 17:30:00,1.86382,1.86394,1.86364,1.86364,226,18,0
2026-05-08 17:45:00,1.86367,1.86417,1.8636300000000001,1.86369,257,18,0
2026-05-08 18:00:00,1.8636599999999999,1.8648799999999999,1.86354,1.86475,446,18,0
2026-05-08 18:15:00,1.8647399999999998,1.8647399999999998,1.8641999999999999,1.8642400000000001,266,18,0
2026-05-08 18:30:00,1.86423,1.8643,1.86356,1.8638,238,18,0
2026-05-08 18:45:00,1.86376,1.86388,1.86326,1.8634300000000001,340,18,0
2026-05-08 19:00:00,1.8634,1.86376,1.86314,1.86337,273,18,0
2026-05-08 19:15:00,1.8634,1.8635000000000002,1.86321,1.86347,161,18,0
2026-05-08 19:30:00,1.86345,1.86374,1.8631799999999998,1.8637000000000001,299,18,0
2026-05-08 19:45:00,1.86372,1.86449,1.86369,1.86442,304,18,0
2026-05-08 20:00:00,1.86444,1.8648,1.86433,1.86466,212,18,0
2026-05-08 20:15:00,1.86469,1.86497,1.86423,1.8647399999999998,201,18,0
2026-05-08 20:30:00,1.8647200000000002,1.86484,1.8633600000000001,1.86378,237,18,0
2026-05-08 20:45:00,1.86374,1.86455,1.86374,1.86407,251,18,0
2026-05-10 21:00:00,1.85578,1.85595,1.85569,1.85569,9,133,0
2026-05-10 21:15:00,1.85591,1.85659,1.8551,1.85562,51,114,0
2026-05-10 21:30:00,1.8558400000000002,1.8581400000000001,1.8558400000000002,1.85774,236,119,0
2026-05-10 21:45:00,1.85789,1.85789,1.8549799999999999,1.85629,349,86,0
2026-05-10 22:00:00,1.8566099999999999,1.85953,1.8564,1.8592300000000002,458,28,0
2026-05-10 22:15:00,1.85924,1.85941,1.85857,1.85937,210,28,0
2026-05-10 22:30:00,1.8593199999999999,1.85972,1.85924,1.85948,174,18,0
2026-05-10 22:45:00,1.85946,1.8601299999999998,1.85946,1.8601100000000002,146,18,0
2026-05-10 23:00:00,1.8601299999999998,1.8601999999999999,1.85988,1.8599700000000001,159,18,0
2026-05-10 23:15:00,1.85998,1.86021,1.8599700000000001,1.86009,89,18,0
2026-05-10 23:30:00,1.86007,1.86037,1.85978,1.8603,125,18,0
2026-05-10 23:45:00,1.8603100000000001,1.86039,1.85971,1.8599999999999999,195,18,0
2026-05-11 00:00:00,1.86002,1.86042,1.85974,1.86041,334,18,0
2026-05-11 00:15:00,1.8604500000000002,1.86073,1.86008,1.8606099999999999,208,18,0
2026-05-11 00:30:00,1.86063,1.86073,1.86041,1.8605,201,18,0
2026-05-11 00:45:00,1.8604699999999998,1.8606500000000001,1.86001,1.8606500000000001,390,18,0
2026-05-11 01:00:00,1.86069,1.86089,1.86044,1.86076,416,18,0
2026-05-11 01:15:00,1.8607399999999998,1.86086,1.8603800000000001,1.86069,243,18,0
2026-05-11 01:30:00,1.86068,1.8608,1.86019,1.8603,274,18,0
2026-05-11 01:45:00,1.8602699999999999,1.86048,1.8601299999999998,1.86023,206,18,0
2026-05-11 02:00:00,1.86021,1.8606,1.86019,1.86056,197,18,0
2026-05-11 02:15:00,1.86053,1.8605399999999999,1.8603100000000001,1.86041,124,18,0
2026-05-11 02:30:00,1.8603800000000001,1.8605800000000001,1.86025,1.8602699999999999,152,18,0
2026-05-11 02:45:00,1.86026,1.8604699999999998,1.8599999999999999,1.86003,174,18,0
2026-05-11 03:00:00,1.86001,1.86005,1.85979,1.86001,153,18,0
2026-05-11 03:15:00,1.85999,1.8600400000000001,1.85985,1.85994,131,18,0
2026-05-11 03:30:00,1.85991,1.86015,1.8599,1.86012,107,18,0
2026-05-11 03:45:00,1.86014,1.86029,1.85995,1.86006,140,18,0
2026-05-11 04:00:00,1.8601,1.86029,1.86006,1.86022,141,18,0
2026-05-11 04:15:00,1.8601999999999999,1.8604500000000002,1.8601999999999999,1.86039,123,18,0
2026-05-11 04:30:00,1.8603800000000001,1.8605399999999999,1.86023,1.86023,108,18,0
2026-05-11 04:45:00,1.86021,1.8602699999999999,1.85948,1.8596300000000001,134,18,0
2026-05-11 05:00:00,1.85961,1.8601299999999998,1.85961,1.85991,152,18,0
2026-05-11 05:15:00,1.85992,1.86018,1.85991,1.85994,131,18,0
2026-05-11 05:30:00,1.8599,1.86002,1.85955,1.85971,120,18,0
2026-05-11 05:45:00,1.85968,1.85988,1.8593899999999999,1.8598400000000002,229,18,0
2026-05-11 06:00:00,1.85985,1.85996,1.85906,1.85917,356,18,0
2026-05-11 06:15:00,1.85915,1.85926,1.85755,1.85797,449,18,0
2026-05-11 06:30:00,1.85795,1.8590499999999999,1.85784,1.85897,394,18,0
2026-05-11 06:45:00,1.85894,1.86015,1.85884,1.86012,343,18,0
2026-05-11 07:00:00,1.86016,1.86053,1.85893,1.85893,607,18,0
2026-05-11 07:15:00,1.85896,1.8594,1.85874,1.85904,421,18,0
2026-05-11 07:30:00,1.85901,1.85917,1.85868,1.85908,330,18,0
2026-05-11 07:45:00,1.85911,1.85956,1.8588900000000002,1.85917,388,18,0
2026-05-11 08:00:00,1.85921,1.85964,1.85887,1.85947,405,18,0
2026-05-11 08:15:00,1.8595000000000002,1.86076,1.85947,1.86063,474,18,0
2026-05-11 08:30:00,1.8606,1.86091,1.85983,1.8599999999999999,365,18,0
2026-05-11 08:45:00,1.85998,1.86039,1.8597700000000001,1.85991,421,18,0
2026-05-11 09:00:00,1.85988,1.8606099999999999,1.85982,1.8604,332,18,0
2026-05-11 09:15:00,1.86039,1.8606099999999999,1.85996,1.85998,252,18,0
2026-05-11 09:30:00,1.85995,1.86018,1.85942,1.8594300000000001,320,18,0
2026-05-11 09:45:00,1.85945,1.85945,1.85876,1.85876,304,18,0
2026-05-11 10:00:00,1.85873,1.85888,1.85762,1.85779,420,18,0
2026-05-11 10:15:00,1.8577599999999999,1.85835,1.85768,1.85831,307,18,0
2026-05-11 10:30:00,1.8582800000000002,1.8588,1.8565,1.8570799999999998,695,18,0
2026-05-11 10:45:00,1.85711,1.8582,1.85591,1.8562400000000001,763,18,0
2026-05-11 11:00:00,1.8562699999999999,1.8596300000000001,1.8562699999999999,1.85944,670,18,0
2026-05-11 11:15:00,1.85942,1.85975,1.8590200000000001,1.85956,271,18,0
2026-05-11 11:30:00,1.85953,1.85988,1.8591199999999999,1.8597000000000001,512,18,0
2026-05-11 11:45:00,1.85974,1.86039,1.85908,1.85955,534,18,0
2026-05-11 12:00:00,1.85958,1.85972,1.85868,1.8589,527,18,0
2026-05-11 12:15:00,1.85892,1.8605,1.8585500000000001,1.8605,579,18,0
2026-05-11 12:30:00,1.86053,1.8621699999999999,1.8603800000000001,1.86082,711,18,0
2026-05-11 12:45:00,1.8607900000000002,1.8608,1.85991,1.8601100000000002,591,18,0
2026-05-11 13:00:00,1.86015,1.86177,1.86015,1.86168,505,18,0
2026-05-11 13:15:00,1.8617,1.86179,1.8611,1.86137,432,18,0
2026-05-11 13:30:00,1.86139,1.86206,1.8611,1.86178,531,18,0
2026-05-11 13:45:00,1.8617599999999999,1.86184,1.86064,1.86064,531,18,0
2026-05-11 14:00:00,1.86067,1.8612199999999999,1.86052,1.86097,600,18,0
2026-05-11 14:15:00,1.861,1.8612199999999999,1.85965,1.85972,581,18,0
2026-05-11 14:30:00,1.85974,1.8601999999999999,1.8593,1.85999,718,18,0
2026-05-11 14:45:00,1.86001,1.86368,1.85953,1.86364,932,18,0
2026-05-11 15:00:00,1.86361,1.8643999999999998,1.8633600000000001,1.86378,666,18,0
2026-05-11 15:15:00,1.86382,1.8658299999999999,1.86369,1.86502,538,18,0
2026-05-11 15:30:00,1.865,1.86558,1.86453,1.86473,496,18,0
2026-05-11 15:45:00,1.8647,1.86543,1.86449,1.86511,463,18,0
2026-05-11 16:00:00,1.86509,1.86518,1.8647200000000002,1.8650600000000002,263,18,0
2026-05-11 16:15:00,1.86504,1.8650600000000002,1.86437,1.86449,219,18,0
2026-05-11 16:30:00,1.86448,1.86466,1.8637299999999999,1.86387,438,18,0
2026-05-11 16:45:00,1.86385,1.86412,1.8633,1.86375,488,18,0
2026-05-11 17:00:00,1.8637700000000001,1.86419,1.86355,1.86385,503,18,0
2026-05-11 17:15:00,1.8638400000000002,1.86436,1.8638,1.8641100000000002,340,18,0
2026-05-11 17:30:00,1.86408,1.86425,1.8638400000000002,1.86388,251,18,0
2026-05-11 17:45:00,1.8639000000000001,1.86426,1.86382,1.86421,229,18,0
2026-05-11 18:00:00,1.86418,1.86429,1.86394,1.86415,271,18,0
2026-05-11 18:15:00,1.86417,1.86452,1.86364,1.8641,315,18,0
2026-05-11 18:30:00,1.86408,1.86435,1.86356,1.86356,303,18,0
2026-05-11 18:45:00,1.86355,1.86364,1.86315,1.86327,353,18,0
2026-05-11 19:00:00,1.8632499999999999,1.8633899999999999,1.86303,1.8631,319,18,0
2026-05-11 19:15:00,1.86311,1.86334,1.86249,1.86253,334,18,0
2026-05-11 19:30:00,1.8625699999999998,1.8630900000000001,1.86238,1.8628200000000001,324,18,0
2026-05-11 19:45:00,1.86284,1.86287,1.86235,1.8624399999999999,308,18,0
2026-05-11 20:00:00,1.86247,1.86281,1.8614600000000001,1.86199,323,18,0
2026-05-11 20:15:00,1.86198,1.8624800000000001,1.86177,1.86243,186,18,0
2026-05-11 20:30:00,1.86246,1.86247,1.8613,1.86148,187,18,0
2026-05-11 20:45:00,1.86145,1.86213,1.86134,1.8613499999999998,197,18,0
2026-05-11 21:00:00,1.86137,1.8614199999999999,1.86137,1.8614199999999999,4,48,0
2026-05-11 21:15:00,1.86143,1.86151,1.8614199999999999,1.8614199999999999,22,48,0
2026-05-11 21:30:00,1.8614199999999999,1.86155,1.8605399999999999,1.86055,95,49,0
2026-05-11 21:45:00,1.86053,1.8608500000000001,1.86052,1.86068,88,48,0
2026-05-11 22:00:00,1.86066,1.86069,1.86032,1.86053,80,28,0
2026-05-11 22:15:00,1.86056,1.8606099999999999,1.86043,1.86055,84,18,0
2026-05-11 22:30:00,1.86049,1.8608099999999999,1.86049,1.8607399999999998,59,18,0
2026-05-11 22:45:00,1.86073,1.86105,1.86073,1.86091,81,18,0
2026-05-11 23:00:00,1.86094,1.86124,1.8608799999999999,1.8611,100,18,0
2026-05-11 23:15:00,1.8610799999999998,1.86109,1.8609499999999999,1.86101,34,18,0
2026-05-11 23:30:00,1.861,1.86114,1.86084,1.86086,67,18,0
2026-05-11 23:45:00,1.86087,1.86103,1.86059,1.8607900000000002,143,18,0
2026-05-12 00:00:00,1.86076,1.8609900000000001,1.86044,1.86093,212,18,0
2026-05-12 00:15:00,1.86094,1.86112,1.86077,1.86094,187,18,0
2026-05-12 00:30:00,1.8609499999999999,1.86121,1.8608500000000001,1.8609200000000001,158,18,0
2026-05-12 00:45:00,1.86094,1.86097,1.86049,1.8606099999999999,206,18,0
2026-05-12 01:00:00,1.8605800000000001,1.8607399999999998,1.86036,1.86037,216,18,0
2026-05-12 01:15:00,1.86035,1.86044,1.85992,1.85992,227,18,0
2026-05-12 01:30:00,1.85989,1.86075,1.85951,1.8597299999999999,418,18,0
2026-05-12 01:45:00,1.85969,1.8599999999999999,1.8595899999999999,1.8598400000000002,256,18,0
2026-05-12 02:00:00,1.85987,1.8604699999999998,1.85982,1.86042,216,18,0
2026-05-12 02:15:00,1.8604,1.8604,1.86001,1.86025,131,18,0
2026-05-12 02:30:00,1.86023,1.86036,1.8599299999999999,1.86007,135,18,0
2026-05-12 02:45:00,1.8601,1.86042,1.86003,1.86035,131,18,0
2026-05-12 03:00:00,1.8603399999999999,1.86037,1.85999,1.86033,152,18,0
2026-05-12 03:15:00,1.8603399999999999,1.86044,1.85995,1.86001,116,18,0
2026-05-12 03:30:00,1.86003,1.8601299999999998,1.85976,1.86009,109,18,0
2026-05-12 03:45:00,1.86006,1.86007,1.85975,1.85987,102,18,0
2026-05-12 04:00:00,1.85985,1.85992,1.85941,1.85942,149,18,0
2026-05-12 04:15:00,1.8594300000000001,1.85964,1.8594300000000001,1.85949,89,18,0
2026-05-12 04:30:00,1.8595000000000002,1.85996,1.85949,1.85996,86,18,0
2026-05-12 04:45:00,1.8599700000000001,1.86015,1.8599,1.85994,135,18,0
2026-05-12 05:00:00,1.8599299999999999,1.8599700000000001,1.8584,1.85854,229,18,0
2026-05-12 05:15:00,1.85858,1.85886,1.8583699999999999,1.85845,249,18,0
2026-05-12 05:30:00,1.85847,1.85853,1.85812,1.85816,204,18,0
2026-05-12 05:45:00,1.85818,1.8584399999999999,1.85777,1.85779,494,18,0
2026-05-12 06:00:00,1.85782,1.8583699999999999,1.85702,1.85764,557,18,0
2026-05-12 06:15:00,1.85762,1.8578299999999999,1.8565,1.85651,471,18,0
2026-05-12 06:30:00,1.85648,1.85693,1.85578,1.85599,459,18,0
2026-05-12 06:45:00,1.8559999999999999,1.8563800000000001,1.85454,1.85463,452,18,0
2026-05-12 07:00:00,1.85466,1.85529,1.85348,1.85365,746,18,0
2026-05-12 07:15:00,1.8536700000000002,1.85412,1.85336,1.85368,523,18,0
2026-05-12 07:30:00,1.8536700000000002,1.85372,1.8520400000000001,1.8520400000000001,488,18,0
2026-05-12 07:45:00,1.85202,1.85252,1.85194,1.85232,571,18,0
2026-05-12 08:00:00,1.85235,1.85241,1.85073,1.85099,569,18,0
2026-05-12 08:15:00,1.8509600000000002,1.85461,1.85095,1.85191,819,18,0
2026-05-12 08:30:00,1.85192,1.85253,1.85144,1.85205,636,18,0
2026-05-12 08:45:00,1.85203,1.8547099999999999,1.8519999999999999,1.85411,1386,18,0
2026-05-12 09:00:00,1.85408,1.85472,1.85335,1.85427,666,18,0
2026-05-12 09:15:00,1.8542399999999999,1.85513,1.8540299999999998,1.85513,480,18,0
2026-05-12 09:30:00,1.8551600000000001,1.8569499999999999,1.8547099999999999,1.8557700000000001,962,18,0
2026-05-12 09:45:00,1.8558,1.85652,1.85568,1.8559999999999999,685,18,0
2026-05-12 10:00:00,1.8560400000000001,1.85652,1.85581,1.85637,432,18,0
2026-05-12 10:15:00,1.85636,1.85663,1.85598,1.8565800000000001,349,18,0
2026-05-12 10:30:00,1.8566099999999999,1.85766,1.85644,1.8566,450,18,0
2026-05-12 10:45:00,1.8566099999999999,1.85696,1.85507,1.8551199999999999,514,18,0
2026-05-12 11:00:00,1.8551,1.85642,1.85397,1.85508,716,18,0
2026-05-12 11:15:00,1.85506,1.8557700000000001,1.8549,1.85564,430,18,0
2026-05-12 11:30:00,1.8556300000000001,1.8559299999999999,1.85511,1.85545,426,18,0
2026-05-12 11:45:00,1.8554300000000001,1.85581,1.85348,1.85427,630,18,0
2026-05-12 12:00:00,1.85425,1.85431,1.85298,1.8532,550,18,0
2026-05-12 12:15:00,1.85323,1.85348,1.85255,1.8532600000000001,496,18,0
2026-05-12 12:30:00,1.85323,1.85503,1.8524500000000002,1.8549600000000002,919,18,0
2026-05-12 12:45:00,1.85494,1.85565,1.85434,1.85463,638,18,0
2026-05-12 13:00:00,1.85466,1.8554300000000001,1.85447,1.8549799999999999,702,18,0
2026-05-12 13:15:00,1.85495,1.85519,1.85406,1.85439,797,18,0
2026-05-12 13:30:00,1.85436,1.85503,1.8540299999999998,1.8544100000000001,865,18,0
2026-05-12 13:45:00,1.85442,1.8547799999999999,1.85237,1.85296,893,18,0
2026-05-12 14:00:00,1.85298,1.8558,1.85273,1.85511,1061,18,0
2026-05-12 14:15:00,1.8550900000000001,1.85522,1.8541400000000001,1.85449,717,18,0
2026-05-12 14:30:00,1.8545099999999999,1.85476,1.8536700000000002,1.85407,777,18,0
2026-05-12 14:45:00,1.8540299999999998,1.85413,1.85252,1.85384,898,18,0
2026-05-12 15:00:00,1.8538700000000001,1.8543500000000002,1.85276,1.85382,815,18,0
2026-05-12 15:15:00,1.8538000000000001,1.85415,1.85244,1.8530799999999998,752,18,0
2026-05-12 15:30:00,1.85311,1.85483,1.85311,1.85474,671,18,0
2026-05-12 15:45:00,1.85477,1.85517,1.8544100000000001,1.8548200000000001,519,18,0
2026-05-12 16:00:00,1.85481,1.85518,1.85416,1.85472,511,18,0
2026-05-12 16:15:00,1.85474,1.85499,1.85407,1.85407,453,18,0
2026-05-12 16:30:00,1.85409,1.85456,1.85368,1.8542,492,18,0
2026-05-12 16:45:00,1.85423,1.85453,1.8536000000000001,1.8536000000000001,509,18,0
2026-05-12 17:00:00,1.8536299999999999,1.8545,1.85361,1.8544800000000001,437,18,0
2026-05-12 17:15:00,1.8545099999999999,1.85461,1.85404,1.85436,379,18,0
2026-05-12 17:30:00,1.8543500000000002,1.8544800000000001,1.85395,1.85405,262,18,0
2026-05-12 17:45:00,1.85404,1.8542,1.85358,1.85408,344,18,0
2026-05-12 18:00:00,1.85411,1.85438,1.85338,1.8538299999999999,423,18,0
2026-05-12 18:15:00,1.85381,1.85432,1.8536299999999999,1.8540299999999998,362,18,0
2026-05-12 18:30:00,1.85402,1.85454,1.85366,1.85386,401,18,0
2026-05-12 18:45:00,1.85388,1.8540999999999999,1.85358,1.85377,351,18,0
2026-05-12 19:00:00,1.85379,1.8543500000000002,1.85379,1.85423,315,18,0
2026-05-12 19:15:00,1.8542399999999999,1.85433,1.85391,1.85427,290,18,0
2026-05-12 19:30:00,1.8542800000000002,1.8548900000000001,1.85425,1.85481,300,18,0
2026-05-12 19:45:00,1.8548200000000001,1.855,1.85457,1.85469,317,18,0
2026-05-12 20:00:00,1.85467,1.8551,1.85457,1.85481,154,18,0
2026-05-12 20:15:00,1.8548200000000001,1.85492,1.8546200000000002,1.8546399999999998,98,18,0
2026-05-12 20:30:00,1.85465,1.85465,1.85431,1.85433,94,18,0
2026-05-12 20:45:00,1.8542999999999998,1.85458,1.8536700000000002,1.85436,194,18,0
2026-05-12 21:00:00,1.8543500000000002,1.8543500000000002,1.8542999999999998,1.85431,5,48,0
2026-05-12 21:15:00,1.8542999999999998,1.8543500000000002,1.85425,1.85432,20,48,0
2026-05-12 21:30:00,1.85433,1.85434,1.8541400000000001,1.85427,53,48,0
2026-05-12 21:45:00,1.8542399999999999,1.85426,1.8540299999999998,1.8540299999999998,92,48,0
2026-05-12 22:00:00,1.8540100000000002,1.85445,1.85385,1.85399,124,28,0
2026-05-12 22:15:00,1.8539400000000001,1.85415,1.85393,1.85397,62,18,0
2026-05-12 22:30:00,1.85397,1.8542100000000001,1.85396,1.85418,45,18,0
2026-05-12 22:45:00,1.85419,1.8543500000000002,1.85407,1.85418,104,18,0
2026-05-12 23:00:00,1.85422,1.85432,1.85406,1.85407,111,18,0
2026-05-12 23:15:00,1.85408,1.85413,1.85396,1.85406,40,18,0
2026-05-12 23:30:00,1.85405,1.85416,1.8538700000000001,1.8539400000000001,66,18,0
2026-05-12 23:45:00,1.85396,1.85407,1.85384,1.85388,128,18,0
2026-05-13 00:00:00,1.85384,1.85413,1.85345,1.85352,291,18,0
2026-05-13 00:15:00,1.8535,1.8538700000000001,1.85346,1.85358,266,18,0
2026-05-13 00:30:00,1.85361,1.85385,1.85339,1.85365,225,18,0
2026-05-13 00:45:00,1.85362,1.85385,1.8534199999999998,1.85368,265,18,0
2026-05-13 01:00:00,1.85372,1.85385,1.85309,1.85309,274,18,0
2026-05-13 01:15:00,1.8531,1.85362,1.85291,1.85339,271,18,0
2026-05-13 01:30:00,1.85336,1.85357,1.85317,1.85328,256,18,0
2026-05-13 01:45:00,1.8533,1.8538299999999999,1.85328,1.85344,230,18,0
2026-05-13 02:00:00,1.8534199999999998,1.8536000000000001,1.85275,1.85277,258,18,0
2026-05-13 02:15:00,1.8527900000000002,1.8527900000000002,1.8525800000000001,1.8527200000000001,136,18,0
2026-05-13 02:30:00,1.85271,1.85312,1.85266,1.8529499999999999,154,18,0
2026-05-13 02:45:00,1.8529900000000001,1.8531300000000002,1.8527,1.8529200000000001,187,18,0
2026-05-13 03:00:00,1.8529499999999999,1.8530600000000002,1.85264,1.8529499999999999,219,18,0
2026-05-13 03:15:00,1.85297,1.85301,1.8526099999999999,1.8528,160,18,0
2026-05-13 03:30:00,1.85283,1.85337,1.85283,1.8530600000000002,128,18,0
2026-05-13 03:45:00,1.85304,1.85324,1.85282,1.85317,166,18,0
2026-05-13 04:00:00,1.8531900000000001,1.85331,1.8529900000000001,1.85311,123,18,0
2026-05-13 04:15:00,1.85312,1.85337,1.85312,1.85324,99,18,0
2026-05-13 04:30:00,1.85323,1.85335,1.85311,1.8532199999999999,111,18,0
2026-05-13 04:45:00,1.85324,1.85338,1.8532,1.8532899999999999,94,18,0
2026-05-13 05:00:00,1.85331,1.85409,1.8532899999999999,1.85408,150,18,0
2026-05-13 05:15:00,1.85406,1.85484,1.85395,1.8547099999999999,171,18,0
2026-05-13 05:30:00,1.85474,1.85533,1.85467,1.8551,203,18,0
2026-05-13 05:45:00,1.8550900000000001,1.85571,1.85499,1.8555000000000001,247,18,0
2026-05-13 06:00:00,1.85548,1.85569,1.85449,1.85473,368,18,0
2026-05-13 06:15:00,1.85474,1.85518,1.85423,1.85479,339,18,0
2026-05-13 06:30:00,1.85476,1.85501,1.85415,1.85415,379,18,0
2026-05-13 06:45:00,1.85418,1.8543699999999999,1.8531300000000002,1.85357,462,18,0
2026-05-13 07:00:00,1.8536000000000001,1.85495,1.85345,1.85395,560,18,0
2026-05-13 07:15:00,1.85398,1.85461,1.85391,1.85458,413,18,0
2026-05-13 07:30:00,1.85459,1.85463,1.8537400000000002,1.85388,453,18,0
2026-05-13 07:45:00,1.85391,1.85442,1.8528,1.8528799999999999,476,18,0
2026-05-13 08:00:00,1.85284,1.85378,1.85269,1.85377,417,18,0
2026-05-13 08:15:00,1.85378,1.85409,1.85348,1.85388,342,18,0
2026-05-13 08:30:00,1.85389,1.85407,1.85317,1.85317,310,18,0
2026-05-13 08:45:00,1.8531900000000001,1.8542999999999998,1.8524500000000002,1.8526500000000001,679,18,0
2026-05-13 09:00:00,1.85263,1.8529200000000001,1.85191,1.85277,521,18,0
2026-05-13 09:15:00,1.85276,1.85294,1.85174,1.85198,397,18,0
2026-05-13 09:30:00,1.85195,1.85226,1.85114,1.85122,341,18,0
2026-05-13 09:45:00,1.85121,1.8518,1.8508,1.8516599999999999,358,18,0
2026-05-13 10:00:00,1.8517000000000001,1.85176,1.84843,1.85009,1145,18,0
2026-05-13 10:15:00,1.85011,1.8515700000000002,1.8490199999999999,1.84991,1027,18,0
2026-05-13 10:30:00,1.8498999999999999,1.85079,1.8492600000000001,1.8506200000000002,466,18,0
2026-05-13 10:45:00,1.8506,1.85118,1.84889,1.84911,597,18,0
2026-05-13 11:00:00,1.8491,1.84989,1.84853,1.84905,538,18,0
2026-05-13 11:15:00,1.84903,1.84959,1.84897,1.8491300000000002,301,18,0
2026-05-13 11:30:00,1.84911,1.84964,1.8488,1.8492199999999999,328,18,0
2026-05-13 11:45:00,1.8491900000000001,1.84947,1.8487900000000002,1.8490799999999998,420,18,0
2026-05-13 12:00:00,1.8491,1.84954,1.8490199999999999,1.84928,401,18,0
2026-05-13 12:15:00,1.84924,1.8494199999999998,1.8482699999999999,1.84853,555,18,0
2026-05-13 12:30:00,1.84855,1.8486099999999999,1.84751,1.84774,821,18,0
2026-05-13 12:45:00,1.84771,1.8478400000000001,1.84697,1.84748,587,18,0
2026-05-13 13:00:00,1.84751,1.8489200000000001,1.84751,1.84808,582,18,0
2026-05-13 13:15:00,1.84805,1.8488799999999999,1.8479999999999999,1.84853,498,18,0
2026-05-13 13:30:00,1.84851,1.85222,1.84851,1.85216,918,18,0
2026-05-13 13:45:00,1.85214,1.8528799999999999,1.85164,1.85235,895,18,0
2026-05-13 14:00:00,1.8523399999999999,1.85297,1.85209,1.85224,776,18,0
2026-05-13 14:15:00,1.8522699999999999,1.85229,1.85067,1.85103,592,18,0
2026-05-13 14:30:00,1.85099,1.8513899999999999,1.8498299999999999,1.8501699999999999,560,18,0
2026-05-13 14:45:00,1.85016,1.85215,1.85016,1.85181,842,18,0
2026-05-13 15:00:00,1.85182,1.85228,1.85145,1.85145,577,18,0
2026-05-13 15:15:00,1.85147,1.8520400000000001,1.85133,1.85155,387,18,0
2026-05-13 15:30:00,1.8515700000000002,1.85267,1.8513,1.85217,562,18,0
2026-05-13 15:45:00,1.85219,1.85286,1.85203,1.8523399999999999,483,18,0
2026-05-13 16:00:00,1.8523100000000001,1.8529,1.85198,1.85248,464,18,0
2026-05-13 16:15:00,1.8524699999999998,1.85271,1.85206,1.85243,542,18,0
2026-05-13 16:30:00,1.85241,1.85252,1.8518,1.85182,410,18,0
2026-05-13 16:45:00,1.8518599999999998,1.85228,1.85154,1.85214,414,18,0
2026-05-13 17:00:00,1.8521,1.8526,1.85172,1.8521999999999998,347,18,0
2026-05-13 17:15:00,1.8521800000000002,1.85232,1.85201,1.8523,277,18,0
2026-05-13 17:30:00,1.8522699999999999,1.85252,1.8521100000000001,1.85216,273,18,0
2026-05-13 17:45:00,1.85219,1.8525399999999999,1.85192,1.85216,305,18,0
2026-05-13 18:00:00,1.8521800000000002,1.8527,1.85215,1.85237,305,18,0
2026-05-13 18:15:00,1.8523399999999999,1.85323,1.85226,1.85316,362,18,0
2026-05-13 18:30:00,1.8531900000000001,1.8538000000000001,1.85305,1.85362,296,18,0
2026-05-13 18:45:00,1.85364,1.85393,1.85341,1.85371,465,18,0
2026-05-13 19:00:00,1.8537,1.85385,1.85321,1.8533300000000001,275,18,0
2026-05-13 19:15:00,1.85334,1.8534000000000002,1.85303,1.85328,256,18,0
2026-05-13 19:30:00,1.8532600000000001,1.85334,1.8528099999999998,1.8529,249,18,0
2026-05-13 19:45:00,1.8528799999999999,1.85336,1.8528799999999999,1.85312,295,18,0
2026-05-13 20:00:00,1.8531300000000002,1.85347,1.85297,1.85341,261,18,0
2026-05-13 20:15:00,1.85339,1.85371,1.85337,1.85366,89,18,0
2026-05-13 20:30:00,1.8536899999999998,1.8536899999999998,1.85309,1.85312,148,18,0
2026-05-13 20:45:00,1.85314,1.85352,1.85311,1.85327,132,18,0
2026-05-13 21:00:00,1.8532600000000001,1.85327,1.85321,1.85321,7,48,0
2026-05-13 21:15:00,1.8532,1.8532,1.8529900000000001,1.8530600000000002,14,48,0
2026-05-13 21:30:00,1.8530799999999998,1.85323,1.85307,1.85318,72,48,0
2026-05-13 21:45:00,1.8531900000000001,1.85321,1.8526799999999999,1.8526799999999999,90,48,0
2026-05-13 22:00:00,1.8529,1.85375,1.8529,1.85375,103,28,0
2026-05-13 22:15:00,1.85379,1.85385,1.8535599999999999,1.8536700000000002,75,18,0
2026-05-13 22:30:00,1.85365,1.85399,1.85357,1.85391,60,18,0
2026-05-13 22:45:00,1.85393,1.85393,1.85347,1.85348,98,18,0
2026-05-13 23:00:00,1.85352,1.8536299999999999,1.85318,1.85361,102,18,0
2026-05-13 23:15:00,1.8536299999999999,1.8537,1.85354,1.85355,76,18,0
2026-05-13 23:30:00,1.85357,1.85357,1.85334,1.85352,79,18,0
2026-05-13 23:45:00,1.8535300000000001,1.8535599999999999,1.8534000000000002,1.85347,96,18,0
2026-05-14 00:00:00,1.85343,1.85399,1.85335,1.85392,230,18,0
2026-05-14 00:15:00,1.85393,1.8542100000000001,1.85388,1.85404,155,18,0
2026-05-14 00:30:00,1.85407,1.8541699999999999,1.85377,1.85393,162,18,0
2026-05-14 00:45:00,1.8539400000000001,1.85413,1.85389,1.8539400000000001,158,18,0
2026-05-14 01:00:00,1.85393,1.85399,1.8535300000000001,1.85375,252,18,0
2026-05-14 01:15:00,1.85372,1.8538700000000001,1.85354,1.85379,181,18,0
2026-05-14 01:30:00,1.85377,1.85399,1.8537,1.8538299999999999,215,18,0
2026-05-14 01:45:00,1.85379,1.85379,1.8531900000000001,1.8532600000000001,182,18,0
2026-05-14 02:00:00,1.85325,1.85358,1.85324,1.8534000000000002,156,18,0
2026-05-14 02:15:00,1.85337,1.85371,1.8532899999999999,1.8536899999999998,136,18,0
2026-05-14 02:30:00,1.85366,1.85371,1.8534899999999999,1.85352,119,18,0
2026-05-14 02:45:00,1.8535,1.85354,1.8532,1.85325,152,18,0
2026-05-14 03:00:00,1.8532600000000001,1.85357,1.8532199999999999,1.8535599999999999,140,18,0
2026-05-14 03:15:00,1.8535300000000001,1.85399,1.85351,1.85396,131,18,0
2026-05-14 03:30:00,1.85395,1.85407,1.8538700000000001,1.85404,122,18,0
2026-05-14 03:45:00,1.8540299999999998,1.8542100000000001,1.85388,1.8539400000000001,152,18,0
2026-05-14 04:00:00,1.85395,1.8542,1.8536700000000002,1.8538000000000001,261,18,0
2026-05-14 04:15:00,1.8538299999999999,1.85395,1.85361,1.85384,148,18,0
2026-05-14 04:30:00,1.8538299999999999,1.85388,1.85359,1.8536700000000002,125,18,0
2026-05-14 04:45:00,1.85368,1.8538999999999999,1.85357,1.8536000000000001,128,18,0
2026-05-14 05:00:00,1.8536299999999999,1.8537599999999999,1.85256,1.8527900000000002,311,18,0
2026-05-14 05:15:00,1.85278,1.85293,1.85232,1.85244,174,18,0
2026-05-14 05:30:00,1.85242,1.85248,1.8519299999999999,1.85206,167,18,0
2026-05-14 05:45:00,1.85205,1.85253,1.8519700000000001,1.85209,310,18,0
2026-05-14 06:00:00,1.8521800000000002,1.85311,1.8521800000000002,1.8527,316,18,0
2026-05-14 06:15:00,1.85267,1.85311,1.85255,1.85303,329,18,0
2026-05-14 06:30:00,1.85305,1.85305,1.8524699999999998,1.85293,308,18,0
2026-05-14 06:45:00,1.85296,1.85386,1.85296,1.85327,423,18,0
2026-05-14 07:00:00,1.8532600000000001,1.85327,1.85226,1.85244,447,18,0
2026-05-14 07:15:00,1.85241,1.85243,1.85187,1.8521,330,18,0
2026-05-14 07:30:00,1.85213,1.85284,1.85206,1.8525800000000001,303,18,0
2026-05-14 07:45:00,1.85255,1.85293,1.85187,1.85194,387,18,0
2026-05-14 08:00:00,1.85191,1.85203,1.8513600000000001,1.8517700000000001,437,18,0
2026-05-14 08:15:00,1.85179,1.85235,1.85172,1.85235,383,18,0
2026-05-14 08:30:00,1.8523800000000001,1.85274,1.8520699999999999,1.85239,426,18,0
2026-05-14 08:45:00,1.8523800000000001,1.85256,1.8521100000000001,1.85256,285,18,0
2026-05-14 09:00:00,1.85257,1.85263,1.85196,1.8524,341,18,0
2026-05-14 09:15:00,1.85236,1.85266,1.85221,1.85225,184,18,0
2026-05-14 09:30:00,1.85222,1.85273,1.85169,1.85243,411,18,0
2026-05-14 09:45:00,1.8524,1.85275,1.8516599999999999,1.85179,342,18,0
2026-05-14 10:00:00,1.85175,1.85305,1.85153,1.85257,394,18,0
2026-05-14 10:15:00,1.85256,1.85325,1.85236,1.8532199999999999,370,18,0
2026-05-14 10:30:00,1.85323,1.8533,1.85267,1.8529499999999999,273,18,0
2026-05-14 10:45:00,1.85297,1.85361,1.85286,1.85309,381,18,0
2026-05-14 11:00:00,1.85305,1.85388,1.85294,1.8538000000000001,346,18,0
2026-05-14 11:15:00,1.85381,1.8539400000000001,1.8530600000000002,1.8532199999999999,294,18,0
2026-05-14 11:30:00,1.85324,1.85375,1.8532,1.85375,249,18,0
2026-05-14 11:45:00,1.85378,1.8542,1.8514,1.8520400000000001,448,18,0
2026-05-14 12:00:00,1.85201,1.85427,1.85155,1.85427,810,18,0
2026-05-14 12:15:00,1.85426,1.8548900000000001,1.85412,1.8546,462,18,0
2026-05-14 12:30:00,1.85457,1.85457,1.85325,1.8535599999999999,514,18,0
2026-05-14 12:45:00,1.85355,1.85412,1.85347,1.8535,387,18,0
2026-05-14 13:00:00,1.8534899999999999,1.85388,1.85309,1.8532,473,18,0
2026-05-14 13:15:00,1.8531900000000001,1.85332,1.85228,1.85275,464,18,0
2026-05-14 13:30:00,1.85273,1.85273,1.85124,1.85202,820,18,0
2026-05-14 13:45:00,1.8519999999999999,1.85301,1.85169,1.8528099999999998,995,18,0
2026-05-14 14:00:00,1.85278,1.8529499999999999,1.85221,1.8524,719,18,0
2026-05-14 14:15:00,1.85241,1.85327,1.8520400000000001,1.85327,624,18,0
2026-05-14 14:30:00,1.8533,1.85364,1.85283,1.85283,536,18,0
2026-05-14 14:45:00,1.85285,1.85354,1.85074,1.8509799999999998,957,18,0
2026-05-14 15:00:00,1.85094,1.85192,1.85054,1.85084,749,18,0
2026-05-14 15:15:00,1.85083,1.85113,1.85039,1.8509,479,18,0
2026-05-14 15:30:00,1.85088,1.85102,1.84884,1.84912,622,18,0
2026-05-14 15:45:00,1.84911,1.84978,1.84911,1.84945,428,18,0
2026-05-14 16:00:00,1.8494199999999998,1.84964,1.84668,1.84683,874,18,0
2026-05-14 16:15:00,1.84679,1.84701,1.8451300000000002,1.84561,998,18,0
2026-05-14 16:30:00,1.84559,1.84565,1.84336,1.84348,682,18,0
2026-05-14 16:45:00,1.84352,1.8444,1.84349,1.84428,597,18,0
2026-05-14 17:00:00,1.8443,1.84453,1.84303,1.84345,577,18,0
2026-05-14 17:15:00,1.84341,1.84356,1.84234,1.84272,458,18,0
2026-05-14 17:30:00,1.8427,1.8427799999999999,1.84109,1.84118,481,18,0
2026-05-14 17:45:00,1.84117,1.84117,1.83996,1.8401399999999999,492,18,0
2026-05-14 18:00:00,1.84016,1.8403399999999999,1.83866,1.83877,515,18,0
2026-05-14 18:15:00,1.8388,1.83931,1.83793,1.8391600000000001,481,18,0
2026-05-14 18:30:00,1.83917,1.83976,1.8388200000000001,1.83913,425,18,0
2026-05-14 18:45:00,1.83914,1.83949,1.8388,1.83941,372,18,0
2026-05-14 19:00:00,1.83944,1.83999,1.83937,1.83972,276,18,0
2026-05-14 19:15:00,1.8397299999999999,1.83995,1.83962,1.83962,228,18,0
2026-05-14 19:30:00,1.83965,1.83979,1.83868,1.8389600000000002,361,18,0
2026-05-14 19:45:00,1.83897,1.83922,1.83833,1.83864,383,18,0
2026-05-14 20:00:00,1.83867,1.83897,1.83784,1.8382100000000001,290,18,0
2026-05-14 20:15:00,1.83818,1.8385,1.8378999999999999,1.83799,173,18,0
2026-05-14 20:30:00,1.83803,1.83846,1.83786,1.83833,164,18,0
2026-05-14 20:45:00,1.8383,1.8383099999999999,1.8377,1.8379699999999999,186,18,0
2026-05-14 21:00:00,1.83796,1.83806,1.83796,1.83802,13,48,0
2026-05-14 21:15:00,1.8380100000000001,1.83805,1.83793,1.83793,23,67,0
2026-05-14 21:30:00,1.83792,1.8385099999999999,1.8378100000000002,1.83849,95,102,0
2026-05-14 21:45:00,1.83847,1.83879,1.83793,1.83879,152,48,0
2026-05-14 22:00:00,1.83891,1.83899,1.83758,1.83764,144,28,0
2026-05-14 22:15:00,1.83765,1.83779,1.83751,1.8377,52,28,0
2026-05-14 22:30:00,1.83768,1.83779,1.83755,1.83772,75,18,0
2026-05-14 22:45:00,1.83773,1.8378999999999999,1.8376000000000001,1.83784,67,18,0
2026-05-14 23:00:00,1.8378299999999999,1.8378700000000001,1.83662,1.8368600000000002,183,18,0
2026-05-14 23:15:00,1.83689,1.8371,1.83664,1.8371,146,18,0
2026-05-14 23:30:00,1.83709,1.83853,1.83709,1.83845,158,18,0
2026-05-14 23:45:00,1.83849,1.83849,1.83761,1.8377,229,18,0
2026-05-15 00:00:00,1.83773,1.8380999999999998,1.83725,1.83762,403,18,0
2026-05-15 00:15:00,1.83766,1.83812,1.83764,1.83793,280,18,0
2026-05-15 00:30:00,1.83791,1.83793,1.83676,1.83735,342,18,0
2026-05-15 00:45:00,1.83737,1.8378700000000001,1.83731,1.8377599999999998,291,18,0
2026-05-15 01:00:00,1.8377400000000002,1.8380100000000001,1.83764,1.8377400000000002,306,18,0
2026-05-15 01:15:00,1.83772,1.83772,1.83657,1.8366799999999999,360,18,0
2026-05-15 01:30:00,1.8366500000000001,1.83735,1.8365200000000002,1.8371300000000002,394,18,0
2026-05-15 01:45:00,1.83714,1.83718,1.83673,1.83674,297,18,0
2026-05-15 02:00:00,1.8367200000000001,1.83676,1.83636,1.8366500000000001,265,18,0
2026-05-15 02:15:00,1.83664,1.83697,1.8363,1.83674,274,18,0
2026-05-15 02:30:00,1.8367499999999999,1.83741,1.83655,1.83741,223,18,0
2026-05-15 02:45:00,1.83743,1.838,1.83723,1.8374700000000002,292,18,0
2026-05-15 03:00:00,1.83746,1.8378100000000002,1.83746,1.83769,235,18,0
2026-05-15 03:15:00,1.8377,1.83789,1.8376000000000001,1.83772,140,18,0
2026-05-15 03:30:00,1.83773,1.83778,1.83739,1.83757,179,18,0
2026-05-15 03:45:00,1.8375599999999999,1.83786,1.83741,1.83779,126,18,0
2026-05-15 04:00:00,1.8377599999999998,1.83779,1.83731,1.83743,135,18,0
2026-05-15 04:15:00,1.83742,1.83758,1.83728,1.83728,150,18,0
2026-05-15 04:30:00,1.8372600000000001,1.83755,1.83719,1.8372199999999999,193,18,0
2026-05-15 04:45:00,1.83724,1.83737,1.83687,1.8368799999999998,179,18,0
2026-05-15 05:00:00,1.83684,1.83741,1.8366799999999999,1.83692,435,18,0
2026-05-15 05:15:00,1.8369,1.83712,1.83643,1.83683,314,18,0
2026-05-15 05:30:00,1.8368600000000002,1.8368600000000002,1.83555,1.8357999999999999,395,18,0
2026-05-15 05:45:00,1.83576,1.83576,1.8349199999999999,1.83499,564,18,0
2026-05-15 06:00:00,1.8349600000000001,1.83568,1.83443,1.8346,693,18,0
2026-05-15 06:15:00,1.83464,1.8347,1.83287,1.83298,641,18,0
2026-05-15 06:30:00,1.8329499999999999,1.83556,1.83287,1.83549,598,18,0
2026-05-15 06:45:00,1.83552,1.83616,1.83535,1.83592,512,18,0
2026-05-15 07:00:00,1.83596,1.83696,1.8356,1.83657,748,18,0
2026-05-15 07:15:00,1.83653,1.83785,1.8361100000000001,1.83739,720,18,0
2026-05-15 07:30:00,1.83742,1.83799,1.83701,1.8372000000000002,611,18,0
2026-05-15 07:45:00,1.83718,1.83784,1.8370600000000001,1.83709,543,18,0
2026-05-15 08:00:00,1.83712,1.83737,1.83639,1.83656,599,18,0
2026-05-15 08:15:00,1.83658,1.83658,1.8352,1.83526,520,18,0
2026-05-15 08:30:00,1.83525,1.8353899999999999,1.83454,1.83537,510,18,0
2026-05-15 08:45:00,1.8354,1.83547,1.8342,1.83468,567,18,0
2026-05-15 09:00:00,1.8347099999999998,1.8347099999999998,1.8332199999999998,1.83358,619,18,0
2026-05-15 09:15:00,1.83361,1.83448,1.83335,1.8344200000000002,628,18,0
2026-05-15 09:30:00,1.8344,1.8351,1.83423,1.8350499999999998,551,18,0
2026-05-15 09:45:00,1.83506,1.83633,1.8348499999999999,1.83575,543,18,0
2026-05-15 10:00:00,1.83578,1.83691,1.83578,1.8367499999999999,443,18,0
2026-05-15 10:15:00,1.83671,1.8371300000000002,1.83609,1.83663,509,18,0
2026-05-15 10:30:00,1.83659,1.83779,1.83642,1.83779,487,18,0
2026-05-15 10:45:00,1.83777,1.83963,1.83772,1.83901,901,18,0
2026-05-15 11:00:00,1.83904,1.83914,1.8380100000000001,1.8386200000000001,568,18,0
2026-05-15 11:15:00,1.83861,1.83908,1.8383099999999999,1.8384200000000002,438,18,0
2026-05-15 11:30:00,1.83845,1.8385099999999999,1.83717,1.83769,459,18,0
2026-05-15 11:45:00,1.8376700000000001,1.83795,1.83704,1.8371300000000002,496,18,0
2026-05-15 12:00:00,1.8371,1.83769,1.83653,1.8367200000000001,506,18,0
2026-05-15 12:15:00,1.83669,1.8378299999999999,1.83655,1.83712,562,18,0
2026-05-15 12:30:00,1.8371,1.83717,1.83522,1.83548,730,18,0
2026-05-15 12:45:00,1.83545,1.83687,1.83545,1.8365200000000002,653,18,0
2026-05-15 13:00:00,1.83655,1.83727,1.83629,1.83712,710,18,0
2026-05-15 13:15:00,1.83709,1.83789,1.83681,1.83761,629,18,0
2026-05-15 13:30:00,1.83764,1.83816,1.83636,1.83644,891,18,0
2026-05-15 13:45:00,1.83642,1.8366,1.83524,1.8354300000000001,880,18,0
2026-05-15 14:00:00,1.8354,1.8366799999999999,1.8351,1.8366099999999999,836,18,0
2026-05-15 14:15:00,1.83658,1.8379400000000001,1.83649,1.83667,805,18,0
2026-05-15 14:30:00,1.8366500000000001,1.83707,1.83537,1.83574,714,18,0
2026-05-15 14:45:00,1.83576,1.83698,1.83563,1.83605,850,18,0
2026-05-15 15:00:00,1.83603,1.83621,1.8347099999999998,1.83498,726,18,0
2026-05-15 15:15:00,1.83495,1.83513,1.8328,1.83324,724,18,0
2026-05-15 15:30:00,1.83328,1.83344,1.83186,1.83215,836,18,0
2026-05-15 15:45:00,1.83217,1.83301,1.8318699999999999,1.83301,569,18,0
2026-05-15 16:00:00,1.83305,1.83317,1.83174,1.8318400000000001,559,18,0
2026-05-15 16:15:00,1.83183,1.83188,1.8311,1.83115,501,18,0
2026-05-15 16:30:00,1.83114,1.83158,1.83084,1.83128,471,18,0
2026-05-15 16:45:00,1.8313000000000001,1.83147,1.83066,1.83087,433,18,0
2026-05-15 17:00:00,1.8308900000000001,1.8312300000000001,1.83022,1.8312,477,18,0
2026-05-15 17:15:00,1.83121,1.83203,1.83109,1.8315299999999999,393,18,0
2026-05-15 17:30:00,1.8315000000000001,1.83205,1.83144,1.83182,364,18,0
2026-05-15 17:45:00,1.83179,1.83215,1.83121,1.83142,318,18,0
2026-05-15 18:00:00,1.83141,1.83239,1.83141,1.83221,384,18,0
2026-05-15 18:15:00,1.83222,1.83255,1.83185,1.83229,474,18,0
2026-05-15 18:30:00,1.8322699999999998,1.83239,1.8319999999999999,1.83239,440,18,0
2026-05-15 18:45:00,1.83237,1.83258,1.83186,1.83212,341,18,0
2026-05-15 19:00:00,1.83215,1.83223,1.83197,1.83215,292,18,0
2026-05-15 19:15:00,1.8321399999999999,1.8324799999999999,1.83185,1.8320400000000001,275,18,0
2026-05-15 19:30:00,1.83208,1.83246,1.8319800000000002,1.8321100000000001,308,18,0
2026-05-15 19:45:00,1.83209,1.83256,1.83145,1.83174,372,18,0
2026-05-15 20:00:00,1.83171,1.83202,1.8315000000000001,1.8318699999999999,253,18,0
2026-05-15 20:15:00,1.8319,1.83192,1.83148,1.83148,171,18,0
2026-05-15 20:30:00,1.83149,1.83221,1.8312599999999999,1.83194,205,18,0
2026-05-15 20:45:00,1.83196,1.83197,1.83131,1.8319,323,18,0
2026-05-17 21:15:00,1.83176,1.83195,1.83136,1.83168,29,80,0
2026-05-17 21:30:00,1.83149,1.83201,1.8314,1.8319,121,80,0
2026-05-17 21:45:00,1.83194,1.8320699999999999,1.83192,1.8320400000000001,126,80,0
2026-05-17 22:00:00,1.83231,1.8324799999999999,1.83115,1.83138,349,18,0
2026-05-17 22:15:00,1.83135,1.83147,1.83056,1.83087,182,18,0
2026-05-17 22:30:00,1.8309199999999999,1.831,1.83033,1.83079,232,18,0
2026-05-17 22:45:00,1.8307799999999999,1.8312300000000001,1.83077,1.8312300000000001,145,18,0
2026-05-17 23:00:00,1.8312599999999999,1.8315700000000001,1.83113,1.83152,204,18,0
2026-05-17 23:15:00,1.83151,1.83168,1.83128,1.83129,132,18,0
2026-05-17 23:30:00,1.83128,1.83161,1.8311899999999999,1.83148,234,18,0
2026-05-17 23:45:00,1.83145,1.8316400000000002,1.8313000000000001,1.8315700000000001,266,18,0
2026-05-18 00:00:00,1.8316,1.83219,1.8313700000000002,1.83178,534,18,0
2026-05-18 00:15:00,1.83182,1.8319,1.83138,1.8313899999999999,352,18,0
2026-05-18 00:30:00,1.83138,1.8317,1.83101,1.8310499999999998,312,18,0
2026-05-18 00:45:00,1.83108,1.83127,1.83091,1.83124,283,18,0
2026-05-18 01:00:00,1.8312599999999999,1.83136,1.83041,1.8304200000000002,383,18,0
2026-05-18 01:15:00,1.83045,1.83068,1.83022,1.83061,375,18,0
2026-05-18 01:30:00,1.83059,1.831,1.83054,1.8308200000000001,310,18,0
2026-05-18 01:45:00,1.83083,1.8313000000000001,1.8308200000000001,1.83087,277,18,0
2026-05-18 02:00:00,1.83088,1.83129,1.83075,1.83128,275,18,0
2026-05-18 02:15:00,1.83129,1.8313700000000002,1.83099,1.83111,191,18,0
2026-05-18 02:30:00,1.83108,1.8313000000000001,1.83095,1.83107,211,18,0
2026-05-18 02:45:00,1.8310499999999998,1.8310499999999998,1.8306499999999999,1.83087,226,18,0
2026-05-18 03:00:00,1.83084,1.83086,1.83054,1.83068,223,18,0
2026-05-18 03:15:00,1.8307,1.83087,1.8305799999999999,1.83084,183,18,0
2026-05-18 03:30:00,1.8308499999999999,1.83088,1.83056,1.8307600000000002,242,18,0
2026-05-18 03:45:00,1.83075,1.83095,1.83049,1.8307,223,18,0
2026-05-18 04:00:00,1.83072,1.8313199999999998,1.83072,1.8312,225,18,0
2026-05-18 04:15:00,1.83121,1.8313000000000001,1.83074,1.8307799999999999,169,18,0
2026-05-18 04:30:00,1.8307600000000002,1.83114,1.83074,1.83107,174,18,0
2026-05-18 04:45:00,1.8310499999999998,1.83125,1.831,1.83122,149,18,0
2026-05-18 05:00:00,1.8312300000000001,1.83167,1.83099,1.83167,217,18,0
2026-05-18 05:15:00,1.8316400000000002,1.83175,1.83129,1.8317,244,18,0
2026-05-18 05:30:00,1.83172,1.83243,1.83172,1.83219,224,18,0
2026-05-18 05:45:00,1.8321800000000001,1.83236,1.8319299999999998,1.8321100000000001,251,18,0
2026-05-18 06:00:00,1.83209,1.83362,1.83202,1.83362,400,18,0
2026-05-18 06:15:00,1.83361,1.8345799999999999,1.8335599999999999,1.83438,445,18,0
2026-05-18 06:30:00,1.83436,1.83495,1.83418,1.83481,370,18,0
2026-05-18 06:45:00,1.8347799999999999,1.8355299999999999,1.8342100000000001,1.83541,471,18,0
2026-05-18 07:00:00,1.83544,1.83565,1.83465,1.8348,507,18,0
2026-05-18 07:15:00,1.83479,1.83494,1.83429,1.83448,494,18,0
2026-05-18 07:30:00,1.83446,1.83529,1.8344200000000002,1.83506,500,18,0
2026-05-18 07:45:00,1.8350300000000002,1.83572,1.83491,1.83524,481,18,0
2026-05-18 08:00:00,1.83526,1.83586,1.83498,1.8351899999999999,397,18,0
2026-05-18 08:15:00,1.8351600000000001,1.83623,1.83487,1.83623,411,18,0
2026-05-18 08:30:00,1.83626,1.83809,1.83626,1.83712,538,18,0
2026-05-18 08:45:00,1.8371499999999998,1.8386,1.83709,1.8374899999999998,509,18,0
2026-05-18 09:00:00,1.83746,1.8376000000000001,1.83689,1.83717,490,18,0
2026-05-18 09:15:00,1.83714,1.83757,1.83681,1.83698,311,18,0
2026-05-18 09:30:00,1.8369499999999999,1.83707,1.83642,1.83643,279,18,0
2026-05-18 09:45:00,1.83642,1.83649,1.83582,1.8363399999999999,324,18,0
2026-05-18 10:00:00,1.83636,1.83687,1.83581,1.83597,377,18,0
2026-05-18 10:15:00,1.83596,1.8361,1.83558,1.83589,267,18,0
2026-05-18 10:30:00,1.8359100000000002,1.83594,1.83515,1.83549,353,18,0
2026-05-18 10:45:00,1.83548,1.8355000000000001,1.8343699999999998,1.8344399999999998,347,18,0
2026-05-18 11:00:00,1.83447,1.83616,1.83443,1.83616,530,18,0
2026-05-18 11:15:00,1.8361399999999999,1.83655,1.83603,1.83637,302,18,0
2026-05-18 11:30:00,1.8363800000000001,1.8388,1.8363800000000001,1.8384800000000001,997,18,0
2026-05-18 11:45:00,1.8385099999999999,1.83876,1.8380100000000001,1.83865,686,18,0
2026-05-18 12:00:00,1.8386200000000001,1.83926,1.8384800000000001,1.8388499999999999,474,18,0
2026-05-18 12:15:00,1.83883,1.8394,1.8385099999999999,1.83924,551,18,0
2026-05-18 12:30:00,1.83928,1.84033,1.83908,1.83995,729,18,0
2026-05-18 12:45:00,1.83996,1.8405399999999998,1.83944,1.8402500000000002,736,18,0
2026-05-18 13:00:00,1.84028,1.84039,1.83938,1.83958,706,18,0
2026-05-18 13:15:00,1.8395899999999998,1.83978,1.8389799999999998,1.83933,474,18,0
2026-05-18 13:30:00,1.83937,1.83948,1.83865,1.8389600000000002,704,18,0
2026-05-18 13:45:00,1.83893,1.84138,1.83893,1.84044,886,18,0
2026-05-18 14:00:00,1.8404099999999999,1.84083,1.83997,1.84028,930,18,0
2026-05-18 14:15:00,1.8403100000000001,1.84155,1.83998,1.84063,786,18,0
2026-05-18 14:30:00,1.84067,1.84087,1.83954,1.84056,794,18,0
2026-05-18 14:45:00,1.84058,1.8412600000000001,1.84023,1.8404,676,18,0
2026-05-18 15:00:00,1.8403800000000001,1.84119,1.8395700000000001,1.841,880,18,0
2026-05-18 15:15:00,1.84097,1.84146,1.84067,1.8411,544,18,0
2026-05-18 15:30:00,1.84114,1.8427799999999999,1.841,1.8422399999999999,506,18,0
2026-05-18 15:45:00,1.84222,1.8449900000000001,1.8422100000000001,1.84394,754,18,0
2026-05-18 16:00:00,1.8439100000000002,1.84727,1.84365,1.84702,755,18,0
2026-05-18 16:15:00,1.84699,1.84762,1.8451300000000002,1.84521,853,18,0
2026-05-18 16:30:00,1.84519,1.8458299999999999,1.84489,1.84505,515,18,0
2026-05-18 16:45:00,1.84504,1.8458700000000001,1.84487,1.84519,457,18,0
2026-05-18 17:00:00,1.84517,1.84582,1.84497,1.84507,519,18,0
2026-05-18 17:15:00,1.84503,1.84554,1.84501,1.84535,347,18,0
2026-05-18 17:30:00,1.84532,1.8455,1.84493,1.84505,281,18,0
2026-05-18 17:45:00,1.84504,1.84507,1.84401,1.84401,269,18,0
2026-05-18 18:00:00,1.84403,1.84405,1.84337,1.8437700000000001,372,18,0
2026-05-18 18:15:00,1.84378,1.8439,1.84293,1.84369,450,18,0
2026-05-18 18:30:00,1.84372,1.8439299999999998,1.84308,1.84338,326,18,0
2026-05-18 18:45:00,1.8434,1.8435000000000001,1.8426,1.8426900000000002,357,18,0
2026-05-18 19:00:00,1.84266,1.8452199999999999,1.84246,1.84422,1274,18,0
2026-05-18 19:15:00,1.84423,1.84471,1.84402,1.84426,438,18,0
2026-05-18 19:30:00,1.8442699999999999,1.84485,1.84425,1.84473,326,18,0
2026-05-18 19:45:00,1.84474,1.8455,1.8447,1.845,400,18,0
2026-05-18 20:00:00,1.84503,1.8458,1.84503,1.84579,235,18,0
2026-05-18 20:15:00,1.8458,1.84592,1.84546,1.84564,124,18,0
2026-05-18 20:30:00,1.8456299999999999,1.8458999999999999,1.84539,1.84582,151,18,0
2026-05-18 20:45:00,1.8458299999999999,1.84591,1.8454000000000002,1.8454199999999998,116,18,0
2026-05-18 21:00:00,1.84541,1.84541,1.84532,1.84532,6,48,0
2026-05-18 21:15:00,1.84531,1.84531,1.8452,1.8452,9,48,0
2026-05-18 21:30:00,1.84523,1.84537,1.8452,1.84536,69,48,0
2026-05-18 21:45:00,1.84537,1.84554,1.8452600000000001,1.84534,101,48,0
2026-05-18 22:00:00,1.84539,1.84579,1.84524,1.8453,165,28,0
2026-05-18 22:15:00,1.84532,1.84565,1.8452899999999999,1.8454000000000002,63,18,0
2026-05-18 22:30:00,1.8454700000000002,1.84568,1.84544,1.84548,48,18,0
2026-05-18 22:45:00,1.84546,1.84557,1.8454000000000002,1.8454000000000002,43,18,0
2026-05-18 23:00:00,1.84539,1.8455,1.8453300000000001,1.84537,89,18,0
2026-05-18 23:15:00,1.84536,1.84552,1.8453300000000001,1.8455,65,18,0
2026-05-18 23:30:00,1.8454899999999999,1.8456000000000001,1.84538,1.8456000000000001,66,18,0
2026-05-18 23:45:00,1.84559,1.84559,1.8451300000000002,1.84519,115,18,0
2026-05-19 00:00:00,1.84523,1.84537,1.84493,1.84524,426,18,0
2026-05-19 00:15:00,1.8452199999999999,1.84532,1.84487,1.84512,306,18,0
2026-05-19 00:30:00,1.84514,1.84538,1.84482,1.84501,239,18,0
2026-05-19 00:45:00,1.8449900000000001,1.84509,1.8446799999999999,1.8447200000000001,249,18,0
2026-05-19 01:00:00,1.84469,1.8448600000000002,1.84455,1.84462,289,18,0
2026-05-19 01:15:00,1.84464,1.8448099999999998,1.8445399999999998,1.8448099999999998,262,18,0
2026-05-19 01:30:00,1.8447900000000002,1.845,1.8441800000000002,1.8449499999999999,330,18,0
2026-05-19 01:45:00,1.84494,1.8449499999999999,1.84448,1.84448,251,18,0
2026-05-19 02:00:00,1.84449,1.84449,1.84367,1.84396,308,18,0
2026-05-19 02:15:00,1.84397,1.84455,1.84378,1.84437,239,18,0
2026-05-19 02:30:00,1.84435,1.8445200000000002,1.8441999999999998,1.84446,291,18,0
2026-05-19 02:45:00,1.84443,1.84448,1.84395,1.8441,234,18,0
2026-05-19 03:00:00,1.84408,1.84412,1.84358,1.84369,239,18,0
2026-05-19 03:15:00,1.8437000000000001,1.84417,1.8436599999999999,1.84396,179,18,0
2026-05-19 03:30:00,1.84394,1.84426,1.84385,1.84402,191,18,0
2026-05-19 03:45:00,1.84399,1.8441100000000001,1.8437299999999999,1.8437299999999999,197,18,0
2026-05-19 04:00:00,1.84374,1.84396,1.8436599999999999,1.8439,187,18,0
2026-05-19 04:15:00,1.84392,1.84403,1.8437299999999999,1.84387,184,18,0
2026-05-19 04:30:00,1.8439,1.84423,1.8439,1.84396,199,18,0
2026-05-19 04:45:00,1.84398,1.84406,1.84351,1.84351,236,18,0
2026-05-19 05:00:00,1.84348,1.8437000000000001,1.84326,1.84349,231,18,0
2026-05-19 05:15:00,1.8434599999999999,1.84349,1.84284,1.84321,282,18,0
2026-05-19 05:30:00,1.8431899999999999,1.84386,1.84299,1.84362,303,18,0
2026-05-19 05:45:00,1.84361,1.84432,1.84345,1.84424,289,18,0
2026-05-19 06:00:00,1.8441800000000002,1.8441800000000002,1.84247,1.84272,506,18,0
2026-05-19 06:15:00,1.84274,1.84392,1.8427099999999998,1.84369,344,18,0
2026-05-19 06:30:00,1.8436599999999999,1.84376,1.84229,1.84242,364,18,0
2026-05-19 06:45:00,1.8424,1.8424,1.84162,1.8418700000000001,376,18,0
2026-05-19 07:00:00,1.84185,1.84185,1.84078,1.84139,527,18,0
2026-05-19 07:15:00,1.84138,1.84159,1.84082,1.8412199999999999,309,18,0
2026-05-19 07:30:00,1.84121,1.84204,1.84107,1.8417,385,18,0
2026-05-19 07:45:00,1.84172,1.84266,1.84172,1.84254,451,18,0
2026-05-19 08:00:00,1.84257,1.8426399999999998,1.84137,1.84155,507,18,0
2026-05-19 08:15:00,1.84154,1.84277,1.84154,1.8425799999999999,438,18,0
2026-05-19 08:30:00,1.84256,1.84307,1.84206,1.84241,373,18,0
2026-05-19 08:45:00,1.84238,1.84283,1.84171,1.8427099999999998,333,18,0
2026-05-19 09:00:00,1.84268,1.8434599999999999,1.84252,1.84268,366,18,0
2026-05-19 09:15:00,1.84266,1.84385,1.84245,1.8437299999999999,401,18,0
2026-05-19 09:30:00,1.84371,1.84459,1.84331,1.84451,376,18,0
2026-05-19 09:45:00,1.84447,1.8452600000000001,1.84417,1.84517,393,18,0
2026-05-19 10:00:00,1.8451499999999998,1.8454899999999999,1.84453,1.84544,371,18,0
2026-05-19 10:15:00,1.84545,1.84638,1.8454000000000002,1.8459400000000001,296,18,0
2026-05-19 10:30:00,1.84593,1.8461699999999999,1.8443399999999999,1.84443,507,18,0
2026-05-19 10:45:00,1.84444,1.84534,1.84428,1.84498,617,18,0
2026-05-19 11:00:00,1.84496,1.8450199999999999,1.8439299999999998,1.84397,520,18,0
2026-05-19 11:15:00,1.84395,1.84403,1.8424800000000001,1.8427099999999998,446,18,0
2026-05-19 11:30:00,1.8427,1.84313,1.84245,1.8425799999999999,398,18,0
2026-05-19 11:45:00,1.8426,1.84322,1.8424800000000001,1.8431,379,18,0
2026-05-19 12:00:00,1.84307,1.84489,1.84286,1.84489,543,18,0
2026-05-19 12:15:00,1.8448600000000002,1.84508,1.84412,1.84487,411,18,0
2026-05-19 12:30:00,1.84473,1.84764,1.8446500000000001,1.84697,925,18,0
2026-05-19 12:45:00,1.847,1.8473000000000002,1.84478,1.8454000000000002,631,18,0
2026-05-19 13:00:00,1.84537,1.84568,1.84368,1.84399,692,18,0
2026-05-19 13:15:00,1.84402,1.8441800000000002,1.8425,1.8427799999999999,635,18,0
2026-05-19 13:30:00,1.8428200000000001,1.84389,1.8428200000000001,1.84353,852,18,0
2026-05-19 13:45:00,1.84354,1.84493,1.84297,1.8446,793,18,0
2026-05-19 14:00:00,1.84464,1.8448,1.8426399999999998,1.84275,854,18,0
2026-05-19 14:15:00,1.84274,1.8428900000000001,1.84204,1.8427,694,18,0
2026-05-19 14:30:00,1.84273,1.84318,1.84196,1.84273,786,18,0
2026-05-19 14:45:00,1.84272,1.84456,1.8420100000000001,1.84409,898,18,0
2026-05-19 15:00:00,1.84406,1.84447,1.84351,1.8437999999999999,632,18,0
2026-05-19 15:15:00,1.84383,1.84383,1.8429600000000002,1.84336,535,18,0
2026-05-19 15:30:00,1.84338,1.84389,1.84287,1.84293,526,18,0
2026-05-19 15:45:00,1.8428900000000001,1.84353,1.84283,1.84297,445,18,0
2026-05-19 16:00:00,1.84293,1.84293,1.8422,1.84226,562,18,0
2026-05-19 16:15:00,1.84223,1.84238,1.84179,1.84213,474,18,0
2026-05-19 16:30:00,1.8420999999999998,1.84239,1.84189,1.8421699999999999,463,18,0
2026-05-19 16:45:00,1.84215,1.84249,1.84186,1.84215,378,18,0
2026-05-19 17:00:00,1.84214,1.8440400000000001,1.84214,1.8440400000000001,371,18,0
2026-05-19 17:15:00,1.84406,1.84415,1.84361,1.8437999999999999,282,18,0
2026-05-19 17:30:00,1.84376,1.84388,1.84314,1.8435899999999998,299,18,0
2026-05-19 17:45:00,1.84361,1.84406,1.8433899999999999,1.84376,302,18,0
2026-05-19 18:00:00,1.84378,1.84387,1.84337,1.84353,301,18,0
2026-05-19 18:15:00,1.84351,1.8435899999999998,1.84273,1.84276,385,18,0
2026-05-19 18:30:00,1.84273,1.84297,1.8423500000000002,1.84295,341,18,0
2026-05-19 18:45:00,1.84293,1.84297,1.84186,1.84186,320,18,0
2026-05-19 19:00:00,1.8418299999999999,1.84249,1.84181,1.84239,332,18,0
2026-05-19 19:15:00,1.84236,1.8425099999999999,1.84218,1.84226,304,18,0
2026-05-19 19:30:00,1.84229,1.84259,1.84196,1.8420800000000002,323,18,0
2026-05-19 19:45:00,1.84206,1.8428499999999999,1.84195,1.84233,265,18,0
2026-05-19 20:00:00,1.8423500000000002,1.84249,1.84193,1.8422100000000001,205,18,0
2026-05-19 20:15:00,1.84219,1.8424,1.84216,1.84231,105,18,0
2026-05-19 20:30:00,1.84234,1.8428200000000001,1.8423,1.8423,114,18,0
2026-05-19 20:45:00,1.84227,1.84227,1.8406799999999999,1.84083,248,18,0
2026-05-19 21:00:00,1.84084,1.84089,1.84069,1.84071,26,48,0
2026-05-19 21:15:00,1.84071,1.8407200000000001,1.84063,1.84067,36,122,0
2026-05-19 21:30:00,1.8406799999999999,1.8410600000000001,1.84066,1.84105,119,73,0
2026-05-19 21:45:00,1.8410600000000001,1.84152,1.8407,1.84152,173,48,0
2026-05-19 22:00:00,1.84173,1.84173,1.8412,1.8412899999999999,145,28,0
2026-05-19 22:15:00,1.84127,1.8413300000000001,1.84105,1.8410600000000001,68,28,0
2026-05-19 22:30:00,1.84105,1.84132,1.8409499999999999,1.8411,111,18,0
2026-05-19 22:45:00,1.84108,1.84121,1.8410600000000001,1.84118,51,18,0
2026-05-19 23:00:00,1.84121,1.8414700000000002,1.8411499999999998,1.8414700000000002,93,18,0
2026-05-19 23:15:00,1.84148,1.84155,1.8414199999999998,1.84151,52,18,0
2026-05-19 23:30:00,1.84152,1.84192,1.84152,1.84166,114,18,0
2026-05-19 23:45:00,1.84168,1.8419400000000001,1.84158,1.8416299999999999,175,18,0
2026-05-20 00:00:00,1.84161,1.8419699999999999,1.84152,1.8418999999999999,431,18,0
2026-05-20 00:15:00,1.84192,1.84275,1.84181,1.84263,386,18,0
2026-05-20 00:30:00,1.84267,1.84287,1.84199,1.8420800000000002,347,18,0
2026-05-20 00:45:00,1.84212,1.8424800000000001,1.84171,1.84191,343,18,0
2026-05-20 01:00:00,1.84195,1.84214,1.8416000000000001,1.84175,384,18,0
2026-05-20 01:15:00,1.84172,1.84189,1.8409,1.8409200000000001,288,18,0
2026-05-20 01:30:00,1.84091,1.8412600000000001,1.84048,1.84076,338,18,0
2026-05-20 01:45:00,1.8408,1.84155,1.8406799999999999,1.8412600000000001,415,18,0
2026-05-20 02:00:00,1.8413,1.8415300000000001,1.84119,1.8414199999999998,235,18,0
2026-05-20 02:15:00,1.84141,1.84219,1.84127,1.84171,313,18,0
2026-05-20 02:30:00,1.8416700000000001,1.84178,1.8410600000000001,1.84168,438,18,0
2026-05-20 02:45:00,1.84169,1.84204,1.8416700000000001,1.84184,240,18,0
2026-05-20 03:00:00,1.84181,1.84184,1.84159,1.84173,256,18,0
2026-05-20 03:15:00,1.84177,1.84242,1.84172,1.84231,241,18,0
2026-05-20 03:30:00,1.84234,1.8431600000000001,1.84225,1.84297,282,18,0
2026-05-20 03:45:00,1.84299,1.84313,1.84286,1.84299,227,18,0
2026-05-20 04:00:00,1.843,1.84363,1.84295,1.8434,279,18,0
2026-05-20 04:15:00,1.8433899999999999,1.84355,1.8430900000000001,1.8431,210,18,0
2026-05-20 04:30:00,1.8431199999999999,1.8431199999999999,1.84243,1.8426399999999998,213,18,0
2026-05-20 04:45:00,1.84265,1.84268,1.8422,1.8423,185,18,0
2026-05-20 05:00:00,1.84233,1.84286,1.84233,1.8427099999999998,251,18,0
2026-05-20 05:15:00,1.84273,1.84293,1.84246,1.84247,238,18,0
2026-05-20 05:30:00,1.8425,1.8428200000000001,1.8420999999999998,1.84225,290,18,0
2026-05-20 05:45:00,1.8422399999999999,1.84281,1.8420299999999998,1.84236,345,18,0
2026-05-20 06:00:00,1.84238,1.84253,1.84022,1.84238,619,18,0
2026-05-20 06:15:00,1.8424,1.84422,1.8424,1.8433899999999999,591,18,0
2026-05-20 06:30:00,1.84342,1.84345,1.84207,1.84214,453,18,0
2026-05-20 06:45:00,1.8421699999999999,1.84263,1.8416700000000001,1.8425,429,18,0
2026-05-20 07:00:00,1.84253,1.8435700000000002,1.8418,1.84315,570,18,0
2026-05-20 07:15:00,1.8431199999999999,1.84417,1.8425799999999999,1.84409,533,18,0
2026-05-20 07:30:00,1.84406,1.8441,1.8431899999999999,1.84358,413,18,0
2026-05-20 07:45:00,1.84355,1.84394,1.8432300000000001,1.84335,401,18,0
2026-05-20 08:00:00,1.84337,1.84362,1.8421699999999999,1.8422399999999999,532,18,0
2026-05-20 08:15:00,1.84222,1.8425,1.84157,1.8424800000000001,450,18,0
2026-05-20 08:30:00,1.8425099999999999,1.84317,1.84231,1.8429600000000002,488,18,0
2026-05-20 08:45:00,1.84294,1.84311,1.8424399999999999,1.84288,394,18,0
2026-05-20 09:00:00,1.8429,1.84406,1.8429,1.84394,390,18,0
2026-05-20 09:15:00,1.84397,1.84412,1.84324,1.84326,307,18,0
2026-05-20 09:30:00,1.84324,1.84388,1.84317,1.84375,259,18,0
2026-05-20 09:45:00,1.84378,1.84419,1.84338,1.84362,347,18,0
2026-05-20 10:00:00,1.84365,1.84426,1.8433899999999999,1.84421,339,18,0
2026-05-20 10:15:00,1.8441800000000002,1.84435,1.84367,1.8437000000000001,309,18,0
2026-05-20 10:30:00,1.84372,1.8446099999999999,1.84361,1.8444099999999999,396,18,0
2026-05-20 10:45:00,1.84443,1.8448,1.84424,1.84439,326,18,0
2026-05-20 11:00:00,1.84436,1.8447200000000001,1.84422,1.8442699999999999,320,18,0
2026-05-20 11:15:00,1.8443,1.8443,1.84376,1.84392,294,18,0
2026-05-20 11:30:00,1.8439,1.8440699999999999,1.8432300000000001,1.84341,357,18,0
2026-05-20 11:45:00,1.8434,1.84379,1.84265,1.8428200000000001,380,18,0
2026-05-20 12:00:00,1.8428499999999999,1.84402,1.84279,1.8438400000000001,340,18,0
2026-05-20 12:15:00,1.84381,1.84482,1.84337,1.8447,429,18,0
2026-05-20 12:30:00,1.84471,1.84482,1.84375,1.8437700000000001,412,18,0
2026-05-20 12:45:00,1.84378,1.8443399999999999,1.84352,1.8436,373,18,0
2026-05-20 13:00:00,1.84356,1.84405,1.84311,1.84379,435,18,0
2026-05-20 13:15:00,1.84382,1.84383,1.84272,1.84277,432,18,0
2026-05-20 13:30:00,1.8428,1.84365,1.84272,1.84365,530,18,0
2026-05-20 13:45:00,1.84368,1.8450199999999999,1.8436,1.84439,711,18,0
2026-05-20 14:00:00,1.84443,1.8446500000000001,1.8430499999999999,1.84424,738,18,0
2026-05-20 14:15:00,1.8442699999999999,1.8479999999999999,1.84417,1.84565,1957,18,0
2026-05-20 14:30:00,1.84562,1.8469799999999998,1.84523,1.84581,1413,18,0
2026-05-20 14:45:00,1.84584,1.84688,1.8452199999999999,1.84559,1610,18,0
2026-05-20 15:00:00,1.84561,1.84649,1.84528,1.8462100000000001,1239,18,0
2026-05-20 15:15:00,1.8461699999999999,1.8488,1.84609,1.8477999999999999,2461,18,0
2026-05-20 15:30:00,1.8477700000000001,1.84873,1.84747,1.84775,905,18,0
2026-05-20 15:45:00,1.84779,1.84866,1.84694,1.84767,860,18,0
2026-05-20 16:00:00,1.84765,1.84871,1.8475899999999998,1.84789,590,18,0
2026-05-20 16:15:00,1.84787,1.84789,1.84646,1.8468,684,18,0
2026-05-20 16:30:00,1.84683,1.84735,1.84627,1.84735,595,18,0
2026-05-20 16:45:00,1.8473199999999999,1.84789,1.84707,1.84779,639,18,0
2026-05-20 17:00:00,1.84778,1.8488,1.84747,1.8486500000000001,665,18,0
2026-05-20 17:15:00,1.84862,1.8489499999999999,1.8479299999999999,1.84836,533,18,0
2026-05-20 17:30:00,1.84839,1.84853,1.84787,1.84814,493,18,0
2026-05-20 17:45:00,1.84812,1.8485399999999998,1.8477299999999999,1.8477299999999999,373,18,0
2026-05-20 18:00:00,1.84769,1.84785,1.84731,1.84761,427,18,0
2026-05-20 18:15:00,1.84764,1.84802,1.8471,1.84748,468,18,0
2026-05-20 18:30:00,1.84751,1.84822,1.84751,1.84768,378,18,0
2026-05-20 18:45:00,1.84771,1.84832,1.84768,1.84796,436,18,0
2026-05-20 19:00:00,1.84798,1.84824,1.8477000000000001,1.84789,310,18,0
2026-05-20 19:15:00,1.8479,1.84816,1.84789,1.84812,224,18,0
2026-05-20 19:30:00,1.84815,1.84843,1.8475700000000002,1.84764,329,18,0
2026-05-20 19:45:00,1.84761,1.84778,1.84652,1.8465799999999999,398,18,0
2026-05-20 20:00:00,1.84661,1.8471600000000001,1.84636,1.84702,243,18,0
2026-05-20 20:15:00,1.847,1.84726,1.8464800000000001,1.8467500000000001,203,18,0
2026-05-20 20:30:00,1.84673,1.8467500000000001,1.8462,1.84653,171,18,0
2026-05-20 20:45:00,1.84656,1.8467,1.84615,1.84619,244,18,0
2026-05-20 21:00:00,1.8462,1.8462,1.84615,1.84616,6,48,0
2026-05-20 21:15:00,1.8461699999999999,1.84622,1.8461699999999999,1.84622,11,48,0
2026-05-20 21:30:00,1.8462100000000001,1.84657,1.84619,1.84627,96,48,0
2026-05-20 21:45:00,1.84625,1.84654,1.84622,1.8464399999999999,72,48,0
2026-05-20 22:00:00,1.84645,1.84683,1.84615,1.84654,149,18,0
2026-05-20 22:15:00,1.84656,1.8467,1.84633,1.8463699999999998,117,18,0
2026-05-20 22:30:00,1.8463500000000002,1.84656,1.84634,1.84652,49,18,0
2026-05-20 22:45:00,1.84653,1.8467,1.8464800000000001,1.8465799999999999,50,18,0
2026-05-20 23:00:00,1.84661,1.8468,1.84661,1.8467500000000001,46,18,0
2026-05-20 23:15:00,1.84673,1.84673,1.84647,1.8466,63,18,0
2026-05-20 23:30:00,1.84659,1.8466,1.8463699999999998,1.8464800000000001,38,18,0
2026-05-20 23:45:00,1.8465099999999999,1.84673,1.84642,1.8466,132,18,0
2026-05-21 00:00:00,1.8465799999999999,1.84659,1.8462800000000001,1.84645,296,18,0
2026-05-21 00:15:00,1.84642,1.8465099999999999,1.8460800000000002,1.8464800000000001,273,18,0
2026-05-21 00:30:00,1.8465099999999999,1.8471,1.8464399999999999,1.847,188,18,0
2026-05-21 00:45:00,1.84703,1.8473600000000001,1.84697,1.84718,198,18,0
2026-05-21 01:00:00,1.8472,1.8477999999999999,1.8472,1.84762,269,18,0
2026-05-21 01:15:00,1.8476599999999999,1.8479100000000002,1.84764,1.8477299999999999,191,18,0
2026-05-21 01:30:00,1.84776,1.8483,1.8475000000000001,1.84801,409,18,0
2026-05-21 01:45:00,1.84799,1.84813,1.84761,1.84782,355,18,0
2026-05-21 02:00:00,1.84783,1.84813,1.84781,1.84781,280,18,0
2026-05-21 02:15:00,1.84779,1.84789,1.84722,1.84729,239,18,0
2026-05-21 02:30:00,1.84728,1.8473600000000001,1.84676,1.84694,258,18,0
2026-05-21 02:45:00,1.8469,1.8477700000000001,1.8467500000000001,1.8475899999999998,236,18,0
2026-05-21 03:00:00,1.84762,1.84796,1.84762,1.8477000000000001,167,18,0
2026-05-21 03:15:00,1.8476599999999999,1.84798,1.8476,1.8478599999999998,160,18,0
2026-05-21 03:30:00,1.8478400000000001,1.8479999999999999,1.84779,1.8479299999999999,136,18,0
2026-05-21 03:45:00,1.84796,1.84802,1.8476,1.84768,166,18,0
2026-05-21 04:00:00,1.84765,1.8478599999999998,1.84761,1.84783,151,18,0
2026-05-21 04:15:00,1.84782,1.8478599999999998,1.84733,1.84756,139,18,0
2026-05-21 04:30:00,1.84758,1.84782,1.8475000000000001,1.84779,155,18,0
2026-05-21 04:45:00,1.8477700000000001,1.8482699999999999,1.8477000000000001,1.84816,175,18,0
2026-05-21 05:00:00,1.84815,1.84835,1.84805,1.84835,189,18,0
2026-05-21 05:15:00,1.84832,1.8484699999999998,1.8481,1.8482699999999999,153,18,0
2026-05-21 05:30:00,1.8483,1.84849,1.84814,1.84843,218,18,0
2026-05-21 05:45:00,1.84842,1.84855,1.84794,1.8484699999999998,334,18,0
2026-05-21 06:00:00,1.84843,1.8492,1.84836,1.84898,268,18,0
2026-05-21 06:15:00,1.8489499999999999,1.8489499999999999,1.84813,1.84853,460,18,0
2026-05-21 06:30:00,1.84851,1.84855,1.8479700000000001,1.84813,319,18,0
2026-05-21 06:45:00,1.8481,1.84886,1.84799,1.84874,290,18,0
2026-05-21 07:00:00,1.8487200000000001,1.84941,1.8487200000000001,1.84914,427,18,0
2026-05-21 07:15:00,1.8491,1.8491300000000002,1.8471199999999999,1.84738,732,18,0
2026-05-21 07:30:00,1.84741,1.84855,1.84741,1.84853,508,18,0
2026-05-21 07:45:00,1.8485,1.84971,1.8485,1.8493,427,18,0
2026-05-21 08:00:00,1.84934,1.8513600000000001,1.84921,1.85079,635,18,0
2026-05-21 08:15:00,1.8508200000000001,1.85152,1.84965,1.85046,766,18,0
2026-05-21 08:30:00,1.85033,1.85033,1.84866,1.84884,627,18,0
2026-05-21 08:45:00,1.84886,1.84977,1.8486099999999999,1.8494000000000002,614,18,0
2026-05-21 09:00:00,1.84938,1.8504399999999999,1.84924,1.8502100000000001,546,18,0
2026-05-21 09:15:00,1.85019,1.85074,1.84995,1.8501699999999999,422,18,0
2026-05-21 09:30:00,1.85018,1.85047,1.84961,1.84973,379,18,0
2026-05-21 09:45:00,1.8497400000000002,1.8502,1.84959,1.8502,343,18,0
2026-05-21 10:00:00,1.85018,1.8506200000000002,1.84998,1.85026,329,18,0
2026-05-21 10:15:00,1.85023,1.8502999999999998,1.84836,1.84851,669,18,0
2026-05-21 10:30:00,1.8485399999999998,1.8485399999999998,1.84692,1.84787,897,18,0
2026-05-21 10:45:00,1.84789,1.84816,1.8471199999999999,1.8475700000000002,635,18,0
2026-05-21 11:00:00,1.84755,1.8486,1.84754,1.84842,505,18,0
2026-05-21 11:15:00,1.8484099999999999,1.8492199999999999,1.84829,1.84921,484,18,0
2026-05-21 11:30:00,1.8491900000000001,1.84924,1.84833,1.84846,378,18,0
2026-05-21 11:45:00,1.84844,1.84887,1.8472,1.84769,383,18,0
2026-05-21 12:00:00,1.84771,1.84839,1.8468900000000001,1.84714,469,18,0
2026-05-21 12:15:00,1.84713,1.8477999999999999,1.8465500000000001,1.84704,428,18,0
2026-05-21 12:30:00,1.8469799999999998,1.84815,1.8469799999999998,1.84813,745,18,0
2026-05-21 12:45:00,1.84814,1.8485399999999998,1.8473000000000002,1.84737,558,18,0
2026-05-21 13:00:00,1.84738,1.8487200000000001,1.84734,1.8477700000000001,663,18,0
2026-05-21 13:15:00,1.84774,1.84822,1.84734,1.8481,575,18,0
2026-05-21 13:30:00,1.84813,1.84816,1.84616,1.84643,697,18,0
2026-05-21 13:45:00,1.84639,1.84882,1.84618,1.8476599999999999,1009,18,0
2026-05-21 14:00:00,1.84769,1.8486500000000001,1.8475000000000001,1.8483100000000001,843,18,0
2026-05-21 14:15:00,1.84833,1.84898,1.84778,1.84846,773,18,0
2026-05-21 14:30:00,1.84848,1.84968,1.84848,1.8493,647,18,0
2026-05-21 14:45:00,1.8493300000000001,1.84945,1.8477299999999999,1.84896,729,18,0
2026-05-21 15:00:00,1.84897,1.84907,1.8473600000000001,1.8479100000000002,900,18,0
2026-05-21 15:15:00,1.84794,1.8486500000000001,1.84755,1.84755,556,18,0
2026-05-21 15:30:00,1.8475700000000002,1.84813,1.84691,1.84742,532,18,0
2026-05-21 15:45:00,1.84738,1.8481999999999998,1.84726,1.84808,485,18,0
2026-05-21 16:00:00,1.8481100000000001,1.8486,1.84762,1.84833,560,18,0
2026-05-21 16:15:00,1.84836,1.84848,1.8477999999999999,1.84817,512,18,0
2026-05-21 16:30:00,1.84819,1.84876,1.84783,1.84874,360,18,0
2026-05-21 16:45:00,1.84876,1.84877,1.84762,1.8480400000000001,369,18,0
2026-05-21 17:00:00,1.84808,1.84938,1.84792,1.84938,734,18,0
2026-05-21 17:15:00,1.8494000000000002,1.85084,1.8494000000000002,1.8506399999999998,1490,18,0
2026-05-21 17:30:00,1.85061,1.8518400000000002,1.85013,1.8517299999999999,1035,18,0
2026-05-21 17:45:00,1.85171,1.85241,1.85147,1.85178,894,18,0
2026-05-21 18:00:00,1.85175,1.85195,1.85066,1.85144,917,18,0
2026-05-21 18:15:00,1.8514599999999999,1.85153,1.85097,1.85099,594,18,0
2026-05-21 18:30:00,1.8509799999999998,1.85179,1.8508,1.8514599999999999,502,18,0
2026-05-21 18:45:00,1.85148,1.85167,1.84951,1.85007,1152,18,0
2026-05-21 19:00:00,1.85009,1.85054,1.8499400000000001,1.8504800000000001,707,18,0
2026-05-21 19:15:00,1.85047,1.85144,1.85047,1.85135,374,18,0
2026-05-21 19:30:00,1.8513600000000001,1.8515899999999998,1.85081,1.85083,402,18,0
2026-05-21 19:45:00,1.85081,1.85138,1.85043,1.851,470,18,0
2026-05-21 20:00:00,1.85097,1.85148,1.85087,1.85104,275,18,0
2026-05-21 20:15:00,1.8510499999999999,1.8510499999999999,1.85049,1.85073,142,18,0
2026-05-21 20:30:00,1.8507500000000001,1.85081,1.8505,1.85053,118,18,0
2026-05-21 20:45:00,1.85056,1.85079,1.84962,1.84989,247,18,0
2026-05-21 21:00:00,1.84991,1.84998,1.8498999999999999,1.8499400000000001,12,48,0
2026-05-21 21:15:00,1.84993,1.84996,1.8498299999999999,1.84986,32,70,0
2026-05-21 21:30:00,1.84986,1.8501699999999999,1.84984,1.85008,118,76,0
2026-05-21 21:45:00,1.85009,1.85026,1.8497400000000002,1.85025,155,48,0
2026-05-21 22:00:00,1.85005,1.85049,1.8495,1.8502,120,28,0
2026-05-21 22:15:00,1.8502100000000001,1.8502100000000001,1.85008,1.85015,35,18,0
2026-05-21 22:30:00,1.85009,1.85023,1.84989,1.85022,67,18,0
2026-05-21 22:45:00,1.8502399999999999,1.85043,1.85023,1.85031,58,18,0
2026-05-21 23:00:00,1.85034,1.8505,1.85026,1.85047,77,18,0
2026-05-21 23:15:00,1.85045,1.85045,1.8502999999999998,1.8503500000000002,52,18,0
2026-05-21 23:30:00,1.85032,1.8504399999999999,1.8502100000000001,1.8503699999999998,49,18,0
2026-05-21 23:45:00,1.8503500000000002,1.85053,1.85023,1.85032,99,18,0
2026-05-22 00:00:00,1.85036,1.85134,1.85031,1.85097,331,18,0
2026-05-22 00:15:00,1.8509799999999998,1.85108,1.85069,1.85073,196,18,0
2026-05-22 00:30:00,1.85076,1.85102,1.8505099999999999,1.8506399999999998,174,18,0
2026-05-22 00:45:00,1.85065,1.85091,1.8503500000000002,1.8503699999999998,233,18,0
2026-05-22 01:00:00,1.85041,1.851,1.85036,1.85079,251,18,0
2026-05-22 01:15:00,1.8508,1.85094,1.85072,1.8508200000000001,222,18,0
2026-05-22 01:30:00,1.8507799999999999,1.85106,1.85054,1.8509799999999998,227,18,0
2026-05-22 01:45:00,1.8509600000000002,1.85128,1.8508900000000001,1.8510900000000001,200,18,0
2026-05-22 02:00:00,1.85108,1.8513,1.85103,1.85129,154,18,0
2026-05-22 02:15:00,1.85128,1.8513199999999999,1.8511199999999999,1.85115,125,18,0
2026-05-22 02:30:00,1.85113,1.85154,1.85113,1.85145,156,18,0
2026-05-22 02:45:00,1.8514599999999999,1.85148,1.85106,1.85124,172,18,0
2026-05-22 03:00:00,1.85127,1.85138,1.85102,1.8511600000000001,184,18,0
2026-05-22 03:15:00,1.85115,1.85128,1.85101,1.85106,159,18,0
2026-05-22 03:30:00,1.85103,1.85129,1.85102,1.85127,132,18,0
2026-05-22 03:45:00,1.85128,1.85158,1.85128,1.85156,152,18,0
2026-05-22 04:00:00,1.85155,1.85183,1.8514599999999999,1.85178,194,18,0
2026-05-22 04:15:00,1.85179,1.85179,1.8514300000000001,1.85151,170,18,0
2026-05-22 04:30:00,1.85149,1.8519,1.85142,1.85187,106,18,0
2026-05-22 04:45:00,1.8518400000000002,1.85196,1.85171,1.8518,77,18,0
2026-05-22 05:00:00,1.85179,1.85199,1.85172,1.85172,121,18,0
2026-05-22 05:15:00,1.8517299999999999,1.8518599999999998,1.85171,1.8518,115,18,0
2026-05-22 05:30:00,1.85178,1.8520400000000001,1.85178,1.85196,121,18,0
2026-05-22 05:45:00,1.85195,1.85199,1.85086,1.8512300000000002,324,18,0
2026-05-22 06:00:00,1.85126,1.85167,1.85049,1.85167,359,18,0
2026-05-22 06:15:00,1.85163,1.85187,1.85122,1.8517000000000001,322,18,0
2026-05-22 06:30:00,1.85172,1.85179,1.8508,1.85121,314,18,0
2026-05-22 06:45:00,1.85122,1.85133,1.85084,1.8511,316,18,0
2026-05-22 07:00:00,1.85106,1.85106,1.85025,1.85025,386,18,0
2026-05-22 07:15:00,1.85026,1.85152,1.85026,1.8514599999999999,336,18,0
2026-05-22 07:30:00,1.85148,1.8517000000000001,1.85087,1.8510900000000001,349,18,0
2026-05-22 07:45:00,1.85108,1.85126,1.85087,1.85126,203,18,0
2026-05-22 08:00:00,1.8512300000000002,1.85196,1.85114,1.8514599999999999,329,18,0
2026-05-22 08:15:00,1.85147,1.85229,1.85147,1.85181,431,18,0
2026-05-22 08:30:00,1.85182,1.85182,1.85087,1.85141,491,18,0
2026-05-22 08:45:00,1.85142,1.85153,1.8504,1.85061,287,18,0
2026-05-22 09:00:00,1.85063,1.8511,1.8504,1.8504800000000001,380,18,0
2026-05-22 09:15:00,1.85046,1.85119,1.85046,1.85091,295,18,0
2026-05-22 09:30:00,1.8509,1.85171,1.85087,1.85138,286,18,0
2026-05-22 09:45:00,1.8513899999999999,1.8518400000000002,1.8512300000000002,1.85168,248,18,0
2026-05-22 10:00:00,1.8516599999999999,1.85241,1.85165,1.8521100000000001,247,18,0
2026-05-22 10:15:00,1.8520699999999999,1.8524699999999998,1.85202,1.85213,222,18,0
2026-05-22 10:30:00,1.8521100000000001,1.85225,1.85169,1.85208,287,18,0
2026-05-22 10:45:00,1.85206,1.8522699999999999,1.85169,1.85194,262,18,0
2026-05-22 11:00:00,1.8519700000000001,1.85208,1.8515700000000002,1.85174,267,18,0
2026-05-22 11:15:00,1.85175,1.85181,1.8513,1.85131,223,18,0
2026-05-22 11:30:00,1.85133,1.85214,1.85131,1.8521,237,18,0
2026-05-22 11:45:00,1.85209,1.8523100000000001,1.8517299999999999,1.85209,407,18,0
2026-05-22 12:00:00,1.8520699999999999,1.85284,1.85162,1.85266,709,18,0
2026-05-22 12:15:00,1.85269,1.8534899999999999,1.85232,1.8531,626,18,0
2026-05-22 12:30:00,1.8530600000000002,1.85309,1.85242,1.85307,416,18,0
2026-05-22 12:45:00,1.8530799999999998,1.85463,1.8530799999999998,1.85463,399,18,0
2026-05-22 13:00:00,1.85466,1.8566799999999999,1.85392,1.85531,887,18,0
2026-05-22 13:15:00,1.85533,1.85605,1.8549099999999998,1.85571,543,18,0
2026-05-22 13:30:00,1.85568,1.85576,1.85457,1.85467,795,18,0
2026-05-22 13:45:00,1.8547,1.8548,1.8537599999999999,1.85393,520,18,0
2026-05-22 14:00:00,1.85391,1.8541699999999999,1.8528099999999998,1.85312,771,18,0
2026-05-22 14:15:00,1.85309,1.8538999999999999,1.85304,1.85373,609,18,0
2026-05-22 14:30:00,1.8537,1.85549,1.85357,1.85545,559,18,0
2026-05-22 14:45:00,1.85547,1.85667,1.8547,1.85633,898,18,0
2026-05-22 15:00:00,1.85635,1.85673,1.8557299999999999,1.85633,613,18,0
2026-05-22 15:15:00,1.85636,1.85705,1.85623,1.8567399999999998,478,18,0
2026-05-22 15:30:00,1.85676,1.8575599999999999,1.8563100000000001,1.8573300000000001,453,18,0
2026-05-22 15:45:00,1.85736,1.8574199999999998,1.85656,1.85662,415,18,0
2026-05-22 16:00:00,1.85663,1.85711,1.8562699999999999,1.8565,495,18,0
2026-05-22 16:15:00,1.8564699999999998,1.85717,1.85616,1.85716,418,18,0
2026-05-22 16:30:00,1.85718,1.8572899999999999,1.8564,1.85656,337,18,0
2026-05-22 16:45:00,1.8565399999999999,1.8566799999999999,1.85609,1.85625,338,18,0
2026-05-22 17:00:00,1.85626,1.85682,1.8562400000000001,1.85671,323,18,0
2026-05-22 17:15:00,1.85673,1.85703,1.85617,1.85696,573,18,0
2026-05-22 17:30:00,1.8569900000000001,1.8578299999999999,1.8569900000000001,1.85766,518,18,0
2026-05-22 17:45:00,1.85768,1.8577,1.85718,1.8572899999999999,288,18,0
2026-05-22 18:00:00,1.85731,1.85745,1.85614,1.85632,387,18,0
2026-05-22 18:15:00,1.8563100000000001,1.85667,1.8562400000000001,1.8562699999999999,231,18,0
2026-05-22 18:30:00,1.85625,1.85671,1.8560699999999999,1.8565,237,18,0
2026-05-22 18:45:00,1.85649,1.8569,1.85636,1.85689,221,18,0
2026-05-22 19:00:00,1.85691,1.85691,1.8560400000000001,1.8561100000000001,368,18,0
2026-05-22 19:15:00,1.85614,1.85632,1.8556599999999999,1.8556599999999999,157,18,0
2026-05-22 19:30:00,1.85568,1.85598,1.85547,1.85595,270,18,0
2026-05-22 19:45:00,1.8559700000000001,1.8565800000000001,1.85587,1.8565399999999999,257,18,0
2026-05-22 20:00:00,1.85655,1.85656,1.85625,1.8565,184,18,0
2026-05-22 20:15:00,1.85653,1.8567200000000001,1.8564500000000002,1.85671,85,18,0
2026-05-22 20:30:00,1.8566799999999999,1.8567,1.85636,1.8564500000000002,188,18,0
2026-05-22 20:45:00,1.85648,1.8569499999999999,1.85569,1.8559,293,18,0
2026-05-24 21:15:00,1.85744,1.8578999999999999,1.85705,1.85774,38,129,0
2026-05-24 21:30:00,1.85775,1.85778,1.85655,1.8575599999999999,115,122,0
2026-05-24 21:45:00,1.85752,1.85831,1.85745,1.85831,193,100,0
2026-05-24 22:00:00,1.85873,1.86084,1.85843,1.86039,299,28,0
2026-05-24 22:15:00,1.8604,1.86091,1.8601,1.8607900000000002,198,28,0
2026-05-24 22:30:00,1.86078,1.86093,1.86023,1.86042,200,28,0
2026-05-24 22:45:00,1.8603800000000001,1.86089,1.8603,1.86089,158,18,0
2026-05-24 23:00:00,1.8608799999999999,1.8612,1.86084,1.86098,122,18,0
2026-05-24 23:15:00,1.8609900000000001,1.86101,1.86053,1.86053,86,18,0
2026-05-24 23:30:00,1.86056,1.86111,1.8605,1.86102,149,18,0
2026-05-24 23:45:00,1.86101,1.8610600000000002,1.86056,1.86059,176,18,0
2026-05-25 00:00:00,1.86056,1.86096,1.86053,1.86077,234,18,0
2026-05-25 00:15:00,1.86076,1.86134,1.8607399999999998,1.8611,284,18,0
2026-05-25 00:30:00,1.86112,1.86125,1.8606,1.8607200000000002,164,18,0
2026-05-25 00:45:00,1.86075,1.86159,1.8603399999999999,1.86046,365,18,0
2026-05-25 01:00:00,1.86044,1.86091,1.86025,1.8608,347,18,0
2026-05-25 01:15:00,1.86084,1.86094,1.86059,1.86089,208,18,0
2026-05-25 01:30:00,1.8609200000000001,1.86094,1.86023,1.8602400000000001,252,18,0
2026-05-25 01:45:00,1.86026,1.86043,1.8598599999999998,1.8599700000000001,187,18,0
2026-05-25 02:00:00,1.8599999999999999,1.8601,1.8597299999999999,1.8597299999999999,208,18,0
2026-05-25 02:15:00,1.85976,1.86005,1.85962,1.8599700000000001,155,18,0
2026-05-25 02:30:00,1.85999,1.86007,1.85975,1.85992,113,18,0
2026-05-25 02:45:00,1.85994,1.85995,1.8595899999999999,1.85974,110,18,0
2026-05-25 03:00:00,1.8597299999999999,1.85987,1.85946,1.85981,170,18,0
2026-05-25 03:15:00,1.85983,1.8603800000000001,1.8597700000000001,1.86029,157,18,0
2026-05-25 03:30:00,1.8603,1.8607900000000002,1.8602699999999999,1.8606500000000001,172,18,0
2026-05-25 03:45:00,1.86066,1.86083,1.86046,1.8605800000000001,161,18,0
2026-05-25 04:00:00,1.86057,1.8608,1.8604500000000002,1.86073,84,18,0
2026-05-25 04:15:00,1.8607399999999998,1.86089,1.86063,1.8608799999999999,103,18,0
2026-05-25 04:30:00,1.86089,1.86127,1.86078,1.86127,141,18,0
2026-05-25 04:45:00,1.86128,1.8616000000000001,1.8612199999999999,1.86134,134,18,0
2026-05-25 05:00:00,1.8613499999999998,1.8618999999999999,1.86131,1.8616899999999998,194,18,0
2026-05-25 05:15:00,1.8617,1.862,1.8616000000000001,1.86197,84,18,0
2026-05-25 05:30:00,1.86193,1.86225,1.8617,1.86193,159,18,0
2026-05-25 05:45:00,1.86195,1.86225,1.86175,1.8617599999999999,188,18,0
2026-05-25 06:00:00,1.86173,1.86235,1.8615300000000001,1.8622100000000001,242,18,0
2026-05-25 06:15:00,1.86222,1.86222,1.86151,1.86165,185,18,0
2026-05-25 06:30:00,1.86163,1.86197,1.86155,1.8616700000000002,227,18,0
2026-05-25 06:45:00,1.8616899999999998,1.86226,1.8616899999999998,1.86226,205,18,0
2026-05-25 07:00:00,1.86229,1.86254,1.86181,1.86222,358,18,0
2026-05-25 07:15:00,1.8622100000000001,1.86223,1.86136,1.8615,441,18,0
2026-05-25 07:30:00,1.86148,1.8621699999999999,1.86148,1.8619400000000002,446,18,0
2026-05-25 07:45:00,1.8619599999999998,1.86287,1.86181,1.86285,399,18,0
2026-05-25 08:00:00,1.86288,1.8636599999999999,1.8624399999999999,1.86317,608,18,0
2026-05-25 08:15:00,1.86319,1.86338,1.86304,1.8633600000000001,328,18,0
2026-05-25 08:30:00,1.86337,1.86348,1.86307,1.86317,360,18,0
2026-05-25 08:45:00,1.86315,1.86369,1.8629799999999999,1.86368,335,18,0
2026-05-25 09:00:00,1.86364,1.86388,1.8635199999999998,1.86382,258,18,0
2026-05-25 09:15:00,1.8638,1.86412,1.8636300000000001,1.86394,238,18,0
2026-05-25 09:30:00,1.8639700000000001,1.86409,1.8637000000000001,1.86378,220,18,0
2026-05-25 09:45:00,1.86375,1.86396,1.86369,1.8637899999999998,234,18,0
2026-05-25 10:00:00,1.8638,1.86398,1.8636,1.86361,261,18,0
2026-05-25 10:15:00,1.86358,1.86392,1.86346,1.86351,225,18,0
2026-05-25 10:30:00,1.86347,1.86367,1.86337,1.8636599999999999,187,18,0
2026-05-25 10:45:00,1.86368,1.86372,1.86345,1.86361,196,18,0
2026-05-25 11:00:00,1.86358,1.86391,1.86345,1.8639000000000001,206,18,0
2026-05-25 11:15:00,1.86392,1.86401,1.8637000000000001,1.86385,205,18,0
2026-05-25 11:30:00,1.86387,1.8645399999999999,1.8638599999999999,1.86443,408,18,0
2026-05-25 11:45:00,1.8644500000000002,1.8648500000000001,1.86409,1.86415,326,18,0
2026-05-25 12:00:00,1.86417,1.8647200000000002,1.86412,1.86459,428,18,0
2026-05-25 12:15:00,1.8646099999999999,1.86483,1.8643399999999999,1.8643800000000001,298,18,0
2026-05-25 12:30:00,1.86437,1.86483,1.8642699999999999,1.86457,365,18,0
2026-05-25 12:45:00,1.86459,1.86462,1.86367,1.86385,398,18,0
2026-05-25 13:00:00,1.86387,1.86414,1.86331,1.86347,381,18,0
2026-05-25 13:15:00,1.8635000000000002,1.86369,1.8633600000000001,1.86351,386,18,0
2026-05-25 13:30:00,1.86354,1.86419,1.8635199999999998,1.86371,373,18,0
2026-05-25 13:45:00,1.8637000000000001,1.86416,1.8632499999999999,1.86326,361,18,0
2026-05-25 14:00:00,1.8632300000000002,1.86342,1.86256,1.8627099999999999,381,18,0
2026-05-25 14:15:00,1.86274,1.8630900000000001,1.86266,1.8630200000000001,341,18,0
2026-05-25 14:30:00,1.86303,1.8631799999999998,1.86267,1.8628200000000001,320,18,0
2026-05-25 14:45:00,1.86281,1.86324,1.86269,1.86307,455,18,0
2026-05-25 15:00:00,1.86304,1.86314,1.86224,1.86277,593,18,0
2026-05-25 15:15:00,1.86279,1.86341,1.8626800000000001,1.86338,361,18,0
2026-05-25 15:30:00,1.86335,1.86346,1.86296,1.863,192,18,0
2026-05-25 15:45:00,1.86303,1.86303,1.86258,1.8627500000000001,193,18,0
2026-05-25 16:00:00,1.86273,1.86287,1.86247,1.8627799999999999,202,18,0
2026-05-25 16:15:00,1.86276,1.86304,1.86267,1.8627500000000001,141,18,0
2026-05-25 16:30:00,1.86276,1.8633600000000001,1.8627500000000001,1.86335,241,18,0
2026-05-25 16:45:00,1.8633600000000001,1.8639299999999999,1.86331,1.86382,230,18,0
2026-05-25 17:00:00,1.8638,1.86394,1.86369,1.8639299999999999,109,18,0
2026-05-25 17:15:00,1.86395,1.8643100000000001,1.86395,1.86405,96,18,0
2026-05-25 17:30:00,1.86407,1.86426,1.8638400000000002,1.8642400000000001,79,18,0
2026-05-25 17:45:00,1.8641999999999999,1.8641999999999999,1.86387,1.86406,83,18,0
2026-05-25 18:00:00,1.86408,1.8641100000000002,1.86378,1.86403,87,18,0
2026-05-25 18:15:00,1.86407,1.86416,1.8639999999999999,1.86403,74,18,0
2026-05-25 18:30:00,1.8640400000000001,1.86432,1.86403,1.8643100000000001,63,18,0
2026-05-25 18:45:00,1.86429,1.8644500000000002,1.8641100000000002,1.8643800000000001,62,18,0
2026-05-25 19:00:00,1.86439,1.86439,1.86414,1.86421,47,18,0
2026-05-25 19:15:00,1.8641999999999999,1.86435,1.86419,1.8643,44,18,0
2026-05-25 19:30:00,1.86429,1.86429,1.86396,1.86417,112,18,0
2026-05-25 19:45:00,1.86421,1.86426,1.86394,1.86395,45,18,0
2026-05-25 20:00:00,1.86396,1.8640400000000001,1.86391,1.86395,33,18,0
2026-05-25 20:15:00,1.86396,1.86418,1.8639299999999999,1.86418,38,18,0
2026-05-25 20:30:00,1.8641999999999999,1.8641999999999999,1.86396,1.86406,61,18,0
2026-05-25 20:45:00,1.86408,1.86425,1.86403,1.86406,65,18,0
2026-05-25 21:00:00,1.86405,1.86408,1.86405,1.86408,3,48,0
2026-05-25 21:15:00,1.86407,1.86407,1.8634300000000001,1.8634300000000001,31,48,0
2026-05-25 21:30:00,1.8633899999999999,1.86369,1.86324,1.86364,112,57,0
2026-05-25 21:45:00,1.86365,1.8639000000000001,1.8635899999999999,1.8639000000000001,139,48,0
2026-05-25 22:00:00,1.86389,1.8639999999999999,1.86334,1.86381,135,28,0
2026-05-25 22:15:00,1.8638599999999999,1.86398,1.86382,1.8638599999999999,58,18,0
2026-05-25 22:30:00,1.86383,1.8640400000000001,1.8637000000000001,1.86401,38,18,0
2026-05-25 22:45:00,1.86399,1.86402,1.86372,1.86372,47,18,0
2026-05-25 23:00:00,1.8637299999999999,1.8639000000000001,1.8636300000000001,1.8637299999999999,67,18,0
2026-05-25 23:15:00,1.86374,1.86376,1.8633899999999999,1.86344,78,18,0
2026-05-25 23:30:00,1.86341,1.8636,1.8633199999999999,1.8635000000000002,139,18,0
2026-05-25 23:45:00,1.86348,1.86383,1.8630200000000001,1.8631,337,18,0
2026-05-26 00:00:00,1.86308,1.86326,1.86253,1.86261,482,18,0
2026-05-26 00:15:00,1.8626399999999999,1.86283,1.86234,1.8628200000000001,410,18,0
2026-05-26 00:30:00,1.86279,1.86288,1.86243,1.86258,182,18,0
2026-05-26 00:45:00,1.8626,1.86273,1.86245,1.86258,197,18,0
2026-05-26 01:00:00,1.86259,1.86263,1.86205,1.8624800000000001,272,18,0
2026-05-26 01:15:00,1.8625,1.8625699999999998,1.86216,1.8622800000000002,229,18,0
2026-05-26 01:30:00,1.8622999999999998,1.86238,1.8617,1.8618299999999999,232,18,0
2026-05-26 01:45:00,1.86185,1.8621400000000001,1.86175,1.8621400000000001,187,18,0
2026-05-26 02:00:00,1.86213,1.86247,1.86211,1.8621400000000001,149,18,0
2026-05-26 02:15:00,1.86215,1.8622999999999998,1.86208,1.86216,139,18,0
2026-05-26 02:30:00,1.8621699999999999,1.8624100000000001,1.86204,1.8620700000000001,132,18,0
2026-05-26 02:45:00,1.86206,1.86238,1.8618999999999999,1.86232,139,18,0
2026-05-26 03:00:00,1.86235,1.86253,1.86218,1.8623699999999999,113,18,0
2026-05-26 03:15:00,1.86235,1.8627,1.86235,1.86243,111,18,0
2026-05-26 03:30:00,1.86242,1.86247,1.8622800000000002,1.86229,79,18,0
2026-05-26 03:45:00,1.8622999999999998,1.8624,1.8621400000000001,1.86219,98,18,0
2026-05-26 04:00:00,1.86223,1.86224,1.86204,1.8622,94,18,0
2026-05-26 04:15:00,1.8621699999999999,1.8621699999999999,1.8618999999999999,1.86193,72,18,0
2026-05-26 04:30:00,1.86197,1.86212,1.8618700000000001,1.86204,98,18,0
2026-05-26 04:45:00,1.86202,1.8620299999999999,1.8616899999999998,1.86171,115,18,0
2026-05-26 05:00:00,1.86168,1.86191,1.8616000000000001,1.86168,156,18,0
2026-05-26 05:15:00,1.86164,1.86168,1.86151,1.8615599999999999,102,18,0
2026-05-26 05:30:00,1.86152,1.8616700000000002,1.86148,1.86155,120,18,0
2026-05-26 05:45:00,1.86151,1.8615599999999999,1.86123,1.86132,114,18,0
2026-05-26 06:00:00,1.86129,1.86136,1.86101,1.86132,223,18,0
2026-05-26 06:15:00,1.8613,1.86208,1.86123,1.86148,338,18,0
2026-05-26 06:30:00,1.86145,1.8615599999999999,1.86077,1.86112,363,18,0
2026-05-26 06:45:00,1.86114,1.8614000000000002,1.86083,1.86131,320,18,0
2026-05-26 07:00:00,1.86127,1.86158,1.8599999999999999,1.8604699999999998,602,18,0
2026-05-26 07:15:00,1.86049,1.86067,1.85989,1.86019,349,18,0
2026-05-26 07:30:00,1.86022,1.8605,1.85941,1.85941,511,18,0
2026-05-26 07:45:00,1.85938,1.86012,1.85928,1.85999,375,18,0
2026-05-26 08:00:00,1.86002,1.86055,1.85978,1.8599299999999999,413,18,0
2026-05-26 08:15:00,1.85989,1.86007,1.85944,1.85955,286,18,0
2026-05-26 08:30:00,1.85953,1.85983,1.85938,1.85953,339,18,0
2026-05-26 08:45:00,1.8595199999999998,1.86029,1.85948,1.8598400000000002,332,18,0
2026-05-26 09:00:00,1.85982,1.86032,1.8595000000000002,1.8601999999999999,375,18,0
2026-05-26 09:15:00,1.86022,1.86069,1.85989,1.86067,377,18,0
2026-05-26 09:30:00,1.86069,1.8610799999999998,1.86015,1.86019,268,18,0
2026-05-26 09:45:00,1.8601999999999999,1.86071,1.8601100000000002,1.86055,272,18,0
2026-05-26 10:00:00,1.86057,1.8605800000000001,1.86025,1.86042,289,18,0
2026-05-26 10:15:00,1.8604,1.8609200000000001,1.86021,1.86091,296,18,0
2026-05-26 10:30:00,1.86087,1.8614199999999999,1.86086,1.8609900000000001,380,18,0
2026-05-26 10:45:00,1.86097,1.8613,1.8607,1.86078,362,18,0
2026-05-26 11:00:00,1.8608,1.86162,1.8607,1.86109,303,18,0
2026-05-26 11:15:00,1.86112,1.86162,1.86086,1.86087,264,18,0
2026-05-26 11:30:00,1.86091,1.8609900000000001,1.86012,1.86015,484,18,0
2026-05-26 11:45:00,1.86017,1.86041,1.8598400000000002,1.86023,386,18,0
2026-05-26 12:00:00,1.86021,1.86078,1.86001,1.86033,467,18,0
2026-05-26 12:15:00,1.8603100000000001,1.86168,1.8602699999999999,1.8615599999999999,349,18,0
2026-05-26 12:30:00,1.86154,1.8616000000000001,1.86096,1.86139,350,18,0
2026-05-26 12:45:00,1.86137,1.86162,1.86067,1.86073,353,18,0
2026-05-26 13:00:00,1.86069,1.86084,1.86014,1.86052,426,18,0
2026-05-26 13:15:00,1.86051,1.8610799999999998,1.86012,1.8601299999999998,395,18,0
2026-05-26 13:30:00,1.86015,1.8604500000000002,1.85874,1.85886,642,18,0
2026-05-26 13:45:00,1.85888,1.85938,1.85833,1.85868,625,18,0
2026-05-26 14:00:00,1.85869,1.8588200000000001,1.85764,1.85773,610,18,0
2026-05-26 14:15:00,1.85771,1.8580999999999999,1.85751,1.85798,477,18,0
2026-05-26 14:30:00,1.8579599999999998,1.85874,1.85785,1.85785,591,18,0
2026-05-26 14:45:00,1.8578700000000001,1.85811,1.85678,1.85678,768,18,0
2026-05-26 15:00:00,1.8568,1.85728,1.85639,1.85652,758,18,0
2026-05-26 15:15:00,1.8565,1.8566,1.85567,1.8562400000000001,523,18,0
2026-05-26 15:30:00,1.8562699999999999,1.85643,1.85515,1.85522,483,18,0
2026-05-26 15:45:00,1.8552499999999998,1.85538,1.85457,1.85457,417,18,0
2026-05-26 16:00:00,1.85458,1.85561,1.8545,1.85533,405,18,0
2026-05-26 16:15:00,1.85534,1.8563100000000001,1.85533,1.85626,336,18,0
2026-05-26 16:30:00,1.8562400000000001,1.8567399999999998,1.85558,1.85558,409,18,0
2026-05-26 16:45:00,1.8555700000000002,1.85655,1.85535,1.85636,472,18,0
2026-05-26 17:00:00,1.85635,1.8569900000000001,1.85628,1.8566799999999999,381,18,0
2026-05-26 17:15:00,1.8566500000000001,1.85676,1.8564,1.85656,321,18,0
2026-05-26 17:30:00,1.8565399999999999,1.85732,1.85643,1.85671,313,18,0
2026-05-26 17:45:00,1.85667,1.85734,1.8566,1.85718,319,18,0
2026-05-26 18:00:00,1.8572,1.8572,1.85663,1.85698,280,18,0
2026-05-26 18:15:00,1.857,1.8573300000000001,1.8567200000000001,1.8568799999999999,288,18,0
2026-05-26 18:30:00,1.85686,1.85727,1.8568500000000001,1.85717,311,18,0
2026-05-26 18:45:00,1.8571499999999999,1.85727,1.85676,1.85696,323,18,0
2026-05-26 19:00:00,1.85698,1.85724,1.8568799999999999,1.8571900000000001,242,18,0
2026-05-26 19:15:00,1.85721,1.8573300000000001,1.85709,1.85724,167,18,0
2026-05-26 19:30:00,1.8572600000000001,1.8577599999999999,1.8572600000000001,1.8577599999999999,194,18,0
2026-05-26 19:45:00,1.85777,1.85802,1.85703,1.85712,252,18,0
2026-05-26 20:00:00,1.85711,1.85788,1.85704,1.85775,184,18,0
2026-05-26 20:15:00,1.85774,1.8578700000000001,1.85738,1.85738,119,18,0
2026-05-26 20:30:00,1.85741,1.85763,1.85712,1.85714,94,18,0
2026-05-26 20:45:00,1.85717,1.85757,1.8568799999999999,1.85701,167,18,0
2026-05-26 21:00:00,1.8569900000000001,1.8569900000000001,1.85697,1.85697,7,48,0
2026-05-26 21:15:00,1.85698,1.85701,1.85698,1.8569900000000001,20,48,0
2026-05-26 21:30:00,1.85698,1.8572,1.8569499999999999,1.8571900000000001,106,48,0
2026-05-26 21:45:00,1.8572,1.85737,1.85687,1.85696,94,48,0
2026-05-26 22:00:00,1.85701,1.85754,1.85701,1.8572199999999999,142,18,0
2026-05-26 22:15:00,1.85721,1.85757,1.85707,1.85754,85,18,0
2026-05-26 22:30:00,1.8575300000000001,1.8575300000000001,1.85738,1.85746,39,18,0
2026-05-26 22:45:00,1.85744,1.85755,1.85721,1.85732,99,18,0
2026-05-26 23:00:00,1.8573,1.85755,1.85724,1.85728,71,18,0
2026-05-26 23:15:00,1.85727,1.85762,1.85727,1.85759,54,18,0
2026-05-26 23:30:00,1.8575599999999999,1.85792,1.8575300000000001,1.85766,63,18,0
2026-05-26 23:45:00,1.85768,1.85797,1.85765,1.85772,127,18,0
2026-05-27 00:00:00,1.8577,1.85808,1.85763,1.8580299999999998,244,18,0
2026-05-27 00:15:00,1.8580100000000002,1.85805,1.85757,1.85764,203,18,0
2026-05-27 00:30:00,1.85766,1.85766,1.85727,1.85747,201,18,0
2026-05-27 00:45:00,1.85748,1.85772,1.8573300000000001,1.8576899999999998,252,18,0
2026-05-27 01:00:00,1.85765,1.85797,1.85748,1.8578000000000001,217,18,0
2026-05-27 01:15:00,1.85782,1.85792,1.85765,1.8578000000000001,190,18,0
2026-05-27 01:30:00,1.85777,1.8579400000000001,1.85752,1.8576000000000001,345,18,0
2026-05-27 01:45:00,1.85761,1.85761,1.85732,1.85737,154,18,0
2026-05-27 02:00:00,1.85739,1.85771,1.8572199999999999,1.8573300000000001,312,18,0
2026-05-27 02:15:00,1.85731,1.8575300000000001,1.85718,1.85734,166,18,0
2026-05-27 02:30:00,1.8573300000000001,1.8575300000000001,1.8572899999999999,1.85738,138,18,0
2026-05-27 02:45:00,1.8574000000000002,1.8578299999999999,1.8573499999999998,1.8578299999999999,170,18,0
2026-05-27 03:00:00,1.85781,1.85825,1.8576700000000002,1.85809,216,18,0
2026-05-27 03:15:00,1.85807,1.8582100000000001,1.858,1.85813,132,18,0
2026-05-27 03:30:00,1.8581400000000001,1.8581699999999999,1.85797,1.8581699999999999,118,18,0
2026-05-27 03:45:00,1.85819,1.85823,1.85799,1.8582,139,18,0
2026-05-27 04:00:00,1.85819,1.85826,1.85806,1.8580999999999999,108,18,0
2026-05-27 04:15:00,1.85809,1.8582800000000002,1.85788,1.8578999999999999,118,18,0
2026-05-27 04:30:00,1.85791,1.85811,1.85791,1.85808,107,18,0
2026-05-27 04:45:00,1.85809,1.85809,1.85771,1.85774,101,18,0
2026-05-27 05:00:00,1.85772,1.85804,1.85772,1.85795,128,18,0
2026-05-27 05:15:00,1.8579400000000001,1.85811,1.85782,1.85804,111,18,0
2026-05-27 05:30:00,1.85807,1.8580999999999999,1.8576700000000002,1.85809,175,18,0
2026-05-27 05:45:00,1.85806,1.85822,1.85773,1.85779,183,18,0
2026-05-27 06:00:00,1.85777,1.85818,1.85728,1.85779,270,18,0
2026-05-27 06:15:00,1.85782,1.85797,1.85721,1.8575,286,18,0
2026-05-27 06:30:00,1.85752,1.85858,1.8572199999999999,1.8585500000000001,285,18,0
2026-05-27 06:45:00,1.85853,1.85886,1.85833,1.85884,361,18,0
2026-05-27 07:00:00,1.85881,1.8591,1.8585099999999999,1.85854,366,18,0
2026-05-27 07:15:00,1.8585500000000001,1.85915,1.85834,1.85876,365,18,0
2026-05-27 07:30:00,1.8587500000000001,1.85899,1.8585500000000001,1.8587799999999999,284,18,0
2026-05-27 07:45:00,1.85877,1.85887,1.8579400000000001,1.85869,310,18,0
2026-05-27 08:00:00,1.85867,1.85961,1.85854,1.8590499999999999,416,18,0
2026-05-27 08:15:00,1.8590900000000001,1.85941,1.8584,1.85885,387,18,0
2026-05-27 08:30:00,1.8588200000000001,1.8590200000000001,1.85816,1.85899,296,18,0
2026-05-27 08:45:00,1.85895,1.85949,1.85869,1.85927,267,18,0
2026-05-27 09:00:00,1.85924,1.85971,1.8590499999999999,1.85933,351,18,0
2026-05-27 09:15:00,1.85935,1.85956,1.85873,1.85908,262,18,0
2026-05-27 09:30:00,1.85906,1.85922,1.85853,1.85853,194,18,0
2026-05-27 09:45:00,1.85854,1.85935,1.85813,1.85853,301,18,0
2026-05-27 10:00:00,1.8585500000000001,1.85881,1.85832,1.85853,267,18,0
2026-05-27 10:15:00,1.8585,1.85853,1.8580299999999998,1.85809,280,18,0
2026-05-27 10:30:00,1.85808,1.85928,1.85798,1.85928,299,18,0
2026-05-27 10:45:00,1.85931,1.85957,1.8590900000000001,1.8594300000000001,304,18,0
2026-05-27 11:00:00,1.85946,1.85956,1.8586,1.85907,312,18,0
2026-05-27 11:15:00,1.85908,1.85935,1.8589,1.85913,317,18,0
2026-05-27 11:30:00,1.8591,1.85941,1.8587799999999999,1.85907,312,18,0
2026-05-27 11:45:00,1.85911,1.85911,1.85802,1.8582800000000002,340,18,0
2026-05-27 12:00:00,1.85825,1.85863,1.85802,1.85836,460,18,0
2026-05-27 12:15:00,1.85838,1.86068,1.85822,1.85982,1364,18,0
2026-05-27 12:30:00,1.8598599999999998,1.85995,1.8589,1.8590499999999999,772,18,0
2026-05-27 12:45:00,1.85904,1.8591199999999999,1.85824,1.8582999999999998,541,18,0
2026-05-27 13:00:00,1.8582800000000002,1.8593899999999999,1.8582800000000002,1.85929,611,18,0
2026-05-27 13:15:00,1.85931,1.86008,1.85886,1.85981,530,18,0
2026-05-27 13:30:00,1.85978,1.86002,1.85924,1.85969,609,18,0
2026-05-27 13:45:00,1.85971,1.86008,1.85867,1.8590900000000001,641,18,0
2026-05-27 14:00:00,1.85913,1.86002,1.8591,1.86001,595,18,0
2026-05-27 14:15:00,1.8599700000000001,1.86021,1.85915,1.85942,634,18,0
2026-05-27 14:30:00,1.85945,1.86014,1.85859,1.85931,962,18,0
2026-05-27 14:45:00,1.85933,1.85961,1.8580299999999998,1.8582999999999998,1198,18,0
2026-05-27 15:00:00,1.85827,1.85861,1.85725,1.85792,817,18,0
2026-05-27 15:15:00,1.85793,1.85798,1.85707,1.85739,518,18,0
2026-05-27 15:30:00,1.85736,1.85797,1.8566,1.8566799999999999,556,18,0
2026-05-27 15:45:00,1.85669,1.85723,1.85669,1.85714,492,18,0
2026-05-27 16:00:00,1.85713,1.85714,1.8565399999999999,1.8565800000000001,549,18,0
2026-05-27 16:15:00,1.8566099999999999,1.85677,1.85633,1.8567200000000001,367,18,0
2026-05-27 16:30:00,1.8567399999999998,1.85717,1.85663,1.8567900000000002,336,18,0
2026-05-27 16:45:00,1.8568099999999998,1.85707,1.85671,1.85684,283,18,0
2026-05-27 17:00:00,1.85687,1.85711,1.85603,1.85625,469,18,0
2026-05-27 17:15:00,1.8562400000000001,1.85633,1.8556,1.85588,368,18,0
2026-05-27 17:30:00,1.85585,1.85609,1.85528,1.85585,309,18,0
2026-05-27 17:45:00,1.85583,1.85696,1.85583,1.8568,370,18,0
2026-05-27 18:00:00,1.85678,1.85711,1.85666,1.85691,293,18,0
2026-05-27 18:15:00,1.85693,1.8576899999999998,1.8569200000000001,1.85745,276,18,0
2026-05-27 18:30:00,1.85748,1.8576700000000002,1.85713,1.85758,271,18,0
2026-05-27 18:45:00,1.85755,1.85793,1.8575,1.8578000000000001,279,18,0
2026-05-27 19:00:00,1.85782,1.85793,1.85705,1.8571900000000001,293,18,0
2026-05-27 19:15:00,1.8572,1.85768,1.8572,1.85748,219,18,0
2026-05-27 19:30:00,1.85746,1.85788,1.85743,1.85779,246,18,0
2026-05-27 19:45:00,1.85778,1.85788,1.85746,1.85754,210,18,0
2026-05-27 20:00:00,1.8575599999999999,1.85802,1.85737,1.85782,165,18,0
2026-05-27 20:15:00,1.8578299999999999,1.8578700000000001,1.8575599999999999,1.85784,92,18,0
2026-05-27 20:30:00,1.8578700000000001,1.85866,1.85784,1.85861,115,18,0
2026-05-27 20:45:00,1.8586399999999998,1.85867,1.85798,1.85824,146,18,0
2026-05-27 21:00:00,1.85826,1.85827,1.8581699999999999,1.8581699999999999,9,48,0
2026-05-27 21:15:00,1.85816,1.85816,1.8576700000000002,1.8576700000000002,22,48,0
2026-05-27 21:30:00,1.85765,1.8578999999999999,1.85728,1.85782,107,64,0
2026-05-27 21:45:00,1.85779,1.85809,1.85775,1.85793,73,48,0
2026-05-27 22:00:00,1.85791,1.8582,1.85765,1.8579400000000001,130,28,0
2026-05-27 22:15:00,1.85793,1.8580299999999998,1.85778,1.85786,71,18,0
2026-05-27 22:30:00,1.8578700000000001,1.8580100000000002,1.85781,1.85789,66,18,0
2026-05-27 22:45:00,1.85781,1.85798,1.85766,1.85797,68,18,0
2026-05-27 23:00:00,1.85795,1.85797,1.85784,1.8579599999999998,47,18,0
2026-05-27 23:15:00,1.85799,1.85805,1.8575300000000001,1.85768,177,18,0
2026-05-27 23:30:00,1.85765,1.8576700000000002,1.85736,1.85744,140,18,0
2026-05-27 23:45:00,1.85746,1.85746,1.85687,1.85705,167,18,0
2026-05-28 00:00:00,1.85703,1.85775,1.85694,1.8577,296,18,0
2026-05-28 00:15:00,1.85771,1.85771,1.85743,1.85764,204,18,0
2026-05-28 00:30:00,1.8576700000000002,1.8576700000000002,1.85714,1.85731,230,18,0
2026-05-28 00:45:00,1.8573300000000001,1.8574199999999998,1.8567900000000002,1.8571499999999999,333,18,0
2026-05-28 01:00:00,1.85714,1.8572,1.85676,1.85709,271,18,0
2026-05-28 01:15:00,1.85711,1.85714,1.85683,1.8569499999999999,193,18,0
2026-05-28 01:30:00,1.85698,1.85711,1.85639,1.85639,197,18,0
2026-05-28 01:45:00,1.8563800000000001,1.8563800000000001,1.85568,1.8559299999999999,227,18,0
2026-05-28 02:00:00,1.85596,1.85642,1.85589,1.85639,240,18,0
2026-05-28 02:15:00,1.8563800000000001,1.85669,1.8563,1.85662,145,18,0
2026-05-28 02:30:00,1.85664,1.8568099999999998,1.85633,1.85637,155,18,0
2026-05-28 02:45:00,1.85639,1.8564,1.85606,1.85616,174,18,0
2026-05-28 03:00:00,1.85617,1.85625,1.8551600000000001,1.8552300000000002,215,18,0
2026-05-28 03:15:00,1.85524,1.85551,1.8550200000000001,1.8550200000000001,286,18,0
2026-05-28 03:30:00,1.85501,1.8554,1.8545,1.8546200000000002,534,18,0
2026-05-28 03:45:00,1.85461,1.8547,1.85371,1.85377,367,18,0
2026-05-28 04:00:00,1.85375,1.85427,1.8536000000000001,1.85402,370,18,0
2026-05-28 04:15:00,1.85404,1.85413,1.8536899999999998,1.85377,343,18,0
2026-05-28 04:30:00,1.85375,1.85398,1.85364,1.8538999999999999,262,18,0
2026-05-28 04:45:00,1.85393,1.85405,1.85377,1.85402,165,18,0
2026-05-28 05:00:00,1.85404,1.85436,1.854,1.8542800000000002,191,18,0
2026-05-28 05:15:00,1.85425,1.8549099999999998,1.85419,1.8548200000000001,227,18,0
2026-05-28 05:30:00,1.85484,1.85581,1.8548200000000001,1.85564,329,18,0
2026-05-28 05:45:00,1.85562,1.85585,1.85556,1.85564,185,18,0
2026-05-28 06:00:00,1.85561,1.85606,1.85535,1.85602,337,18,0
2026-05-28 06:15:00,1.8559999999999999,1.85628,1.85583,1.85594,292,18,0
2026-05-28 06:30:00,1.85596,1.85709,1.8559299999999999,1.85684,366,18,0
2026-05-28 06:45:00,1.8568500000000001,1.8569499999999999,1.85626,1.85635,318,18,0
2026-05-28 07:00:00,1.8563800000000001,1.85697,1.85636,1.85659,426,18,0
2026-05-28 07:15:00,1.85655,1.85655,1.85558,1.85639,364,18,0
2026-05-28 07:30:00,1.85642,1.85683,1.85639,1.85652,361,18,0
2026-05-28 07:45:00,1.85649,1.8566500000000001,1.85619,1.8565800000000001,358,18,0
2026-05-28 08:00:00,1.85662,1.8569499999999999,1.8560400000000001,1.85623,362,18,0
2026-05-28 08:15:00,1.8561999999999999,1.85716,1.85615,1.85687,317,18,0
2026-05-28 08:30:00,1.85684,1.85704,1.8565,1.85663,292,18,0
2026-05-28 08:45:00,1.85662,1.85728,1.8565,1.85717,291,18,0
2026-05-28 09:00:00,1.8571900000000001,1.85778,1.8570799999999998,1.8576899999999998,345,18,0
2026-05-28 09:15:00,1.85773,1.85774,1.85711,1.85713,324,18,0
2026-05-28 09:30:00,1.85714,1.85734,1.85675,1.85698,293,18,0
2026-05-28 09:45:00,1.85694,1.85744,1.85677,1.85711,343,18,0
2026-05-28 10:00:00,1.85712,1.85757,1.85673,1.8569900000000001,390,18,0
2026-05-28 10:15:00,1.85701,1.85736,1.85657,1.85734,371,18,0
2026-05-28 10:30:00,1.85732,1.85734,1.85625,1.8565399999999999,284,18,0
2026-05-28 10:45:00,1.85651,1.8569499999999999,1.85576,1.85592,589,18,0
2026-05-28 11:00:00,1.85594,1.85659,1.85594,1.8562400000000001,431,18,0
2026-05-28 11:15:00,1.85623,1.85683,1.85572,1.85599,325,18,0
2026-05-28 11:30:00,1.85596,1.8564500000000002,1.8557000000000001,1.8563800000000001,308,18,0
2026-05-28 11:45:00,1.85636,1.85686,1.85619,1.85644,405,18,0
2026-05-28 12:00:00,1.8564,1.8569499999999999,1.85622,1.85652,389,18,0
2026-05-28 12:15:00,1.8565399999999999,1.85676,1.85595,1.85669,364,18,0
2026-05-28 12:30:00,1.8566799999999999,1.85804,1.85643,1.85741,725,18,0
2026-05-28 12:45:00,1.8574199999999998,1.85791,1.8572600000000001,1.85764,618,18,0
2026-05-28 13:00:00,1.85761,1.8582100000000001,1.8571499999999999,1.85716,622,18,0
2026-05-28 13:15:00,1.8571900000000001,1.85829,1.85716,1.85759,461,18,0
2026-05-28 13:30:00,1.85761,1.85791,1.8572,1.8573,621,18,0
2026-05-28 13:45:00,1.85728,1.85793,1.8568799999999999,1.857,571,18,0
2026-05-28 14:00:00,1.85701,1.85975,1.85657,1.85907,1448,18,0
2026-05-28 14:15:00,1.8591,1.8591600000000001,1.85718,1.85771,1464,18,0
2026-05-28 14:30:00,1.85774,1.85797,1.85612,1.8562699999999999,930,18,0
2026-05-28 14:45:00,1.85626,1.8571,1.8551600000000001,1.85589,1020,18,0
2026-05-28 15:00:00,1.8558599999999998,1.8561100000000001,1.85452,1.8546200000000002,817,18,0
2026-05-28 15:15:00,1.85458,1.8549,1.8542,1.85468,677,18,0
2026-05-28 15:30:00,1.8546399999999998,1.85506,1.85415,1.85461,617,18,0
2026-05-28 15:45:00,1.8546,1.85472,1.85375,1.8537599999999999,491,18,0
2026-05-28 16:00:00,1.85378,1.85445,1.85352,1.8544399999999999,527,18,0
2026-05-28 16:15:00,1.85442,1.8547500000000001,1.8540100000000002,1.8542100000000001,781,18,0
2026-05-28 16:30:00,1.8542399999999999,1.85438,1.8538000000000001,1.8540999999999999,519,18,0
2026-05-28 16:45:00,1.8541400000000001,1.85439,1.8537400000000002,1.85418,528,18,0
2026-05-28 17:00:00,1.85416,1.85418,1.85284,1.85312,490,18,0
2026-05-28 17:15:00,1.85314,1.8536700000000002,1.85284,1.85289,475,18,0
2026-05-28 17:30:00,1.8529,1.8538000000000001,1.85285,1.8530600000000002,324,18,0
2026-05-28 17:45:00,1.85307,1.85348,1.8529200000000001,1.85327,483,18,0
2026-05-28 18:00:00,1.85325,1.85327,1.85241,1.85257,462,18,0
2026-05-28 18:15:00,1.8526,1.85302,1.8521999999999998,1.8525,593,18,0
2026-05-28 18:30:00,1.85246,1.85252,1.85183,1.85205,397,18,0
2026-05-28 18:45:00,1.85203,1.8523100000000001,1.8519700000000001,1.85228,328,18,0
2026-05-28 19:00:00,1.8522699999999999,1.8523,1.85175,1.8518,334,18,0
2026-05-28 19:15:00,1.85179,1.8519299999999999,1.85158,1.85164,222,18,0
2026-05-28 19:30:00,1.85165,1.8517700000000001,1.8514300000000001,1.85165,381,18,0
2026-05-28 19:45:00,1.8516599999999999,1.8520699999999999,1.85153,1.85205,406,18,0
2026-05-28 20:00:00,1.85202,1.85242,1.85196,1.85215,253,18,0
2026-05-28 20:15:00,1.85213,1.85224,1.85199,1.85212,107,18,0
2026-05-28 20:30:00,1.85216,1.8528799999999999,1.85212,1.8525,134,18,0
2026-05-28 20:45:00,1.85249,1.85276,1.8523,1.85252,164,18,0
2026-05-28 21:00:00,1.85253,1.8525399999999999,1.8525,1.8525,4,48,0
2026-05-28 21:15:00,1.85251,1.85251,1.85243,1.85243,9,48,0
2026-05-28 21:30:00,1.85242,1.8524500000000002,1.85154,1.85185,92,48,0
2026-05-28 21:45:00,1.85187,1.85263,1.85183,1.85263,159,53,0
2026-05-28 22:00:00,1.85291,1.8532,1.85277,1.85307,122,28,0
2026-05-28 22:15:00,1.85305,1.8531499999999999,1.85287,1.85293,72,18,0
2026-05-28 22:30:00,1.8529200000000001,1.85294,1.85264,1.8527200000000001,84,18,0
2026-05-28 22:45:00,1.8527,1.8527200000000001,1.85257,1.85263,67,18,0
2026-05-28 23:00:00,1.8526099999999999,1.853,1.8526099999999999,1.85271,123,18,0
2026-05-28 23:15:00,1.8527200000000001,1.85289,1.85271,1.8527900000000002,54,18,0
2026-05-28 23:30:00,1.8528099999999998,1.85291,1.85274,1.85291,86,18,0
2026-05-28 23:45:00,1.8528799999999999,1.85301,1.8527900000000002,1.8528799999999999,155,18,0
2026-05-29 00:00:00,1.85285,1.85291,1.85255,1.85273,234,18,0
2026-05-29 00:15:00,1.8527200000000001,1.85317,1.8527,1.85273,168,18,0
2026-05-29 00:30:00,1.8527200000000001,1.8527200000000001,1.85235,1.85257,150,18,0
2026-05-29 00:45:00,1.85256,1.85284,1.85244,1.85259,216,18,0
2026-05-29 01:00:00,1.8525800000000001,1.8529499999999999,1.8523,1.85282,269,18,0
2026-05-29 01:15:00,1.85284,1.8531300000000002,1.85269,1.85303,245,18,0
2026-05-29 01:30:00,1.85302,1.8530799999999998,1.8526099999999999,1.8526799999999999,236,18,0
2026-05-29 01:45:00,1.85269,1.8528,1.85237,1.85259,240,18,0
2026-05-29 02:00:00,1.85256,1.8526,1.8522699999999999,1.85256,204,18,0
2026-05-29 02:15:00,1.8525800000000001,1.8526,1.85233,1.8524699999999998,164,18,0
2026-05-29 02:30:00,1.8524500000000002,1.85284,1.85233,1.85278,149,18,0
2026-05-29 02:45:00,1.8528,1.85283,1.85235,1.85239,123,18,0
2026-05-29 03:00:00,1.85243,1.85257,1.8523100000000001,1.85233,168,18,0
2026-05-29 03:15:00,1.85236,1.85236,1.8521100000000001,1.85233,128,18,0
2026-05-29 03:30:00,1.85236,1.8524,1.85216,1.85236,162,18,0
2026-05-29 03:45:00,1.85233,1.85233,1.85203,1.85214,155,18,0
2026-05-29 04:00:00,1.85212,1.85232,1.85209,1.85229,120,18,0
2026-05-29 04:15:00,1.85228,1.85244,1.8521999999999998,1.85239,160,18,0
2026-05-29 04:30:00,1.8524,1.8524500000000002,1.85228,1.85243,114,18,0
2026-05-29 04:45:00,1.85241,1.8529200000000001,1.85237,1.85291,122,18,0
2026-05-29 05:00:00,1.85293,1.8529900000000001,1.85276,1.85284,149,18,0
2026-05-29 05:15:00,1.8528099999999998,1.8529900000000001,1.85274,1.85286,147,18,0
2026-05-29 05:30:00,1.85283,1.85283,1.85235,1.8524699999999998,144,18,0
2026-05-29 05:45:00,1.8525,1.85278,1.85225,1.85266,174,18,0
2026-05-29 06:00:00,1.85263,1.8531,1.85251,1.85305,313,18,0
2026-05-29 06:15:00,1.85304,1.85359,1.85278,1.85355,285,18,0
2026-05-29 06:30:00,1.85352,1.8542100000000001,1.85335,1.85386,331,18,0
2026-05-29 06:45:00,1.85384,1.85415,1.8535,1.85399,283,18,0
2026-05-29 07:00:00,1.85396,1.854,1.85325,1.85331,468,18,0
2026-05-29 07:15:00,1.85328,1.85328,1.85224,1.85235,419,18,0
2026-05-29 07:30:00,1.85236,1.85259,1.85162,1.85259,481,18,0
2026-05-29 07:45:00,1.8526099999999999,1.8528799999999999,1.8521999999999998,1.8527200000000001,312,18,0
2026-05-29 08:00:00,1.8526799999999999,1.85325,1.85235,1.85251,491,18,0
2026-05-29 08:15:00,1.85248,1.8527200000000001,1.85214,1.85216,367,18,0
2026-05-29 08:30:00,1.85219,1.85228,1.8513199999999999,1.85153,291,18,0
2026-05-29 08:45:00,1.85152,1.85167,1.8510900000000001,1.85141,334,18,0
2026-05-29 09:00:00,1.8514300000000001,1.85208,1.8511,1.8518400000000002,358,18,0
2026-05-29 09:15:00,1.8518599999999998,1.8526799999999999,1.85171,1.85228,385,18,0
2026-05-29 09:30:00,1.85229,1.85236,1.8515899999999998,1.85189,332,18,0
2026-05-29 09:45:00,1.85187,1.85266,1.85179,1.85253,359,18,0
2026-05-29 10:00:00,1.8525399999999999,1.85257,1.85199,1.85206,377,18,0
2026-05-29 10:15:00,1.85208,1.85239,1.85178,1.85183,262,18,0
2026-05-29 10:30:00,1.85181,1.85224,1.85172,1.85219,242,18,0
2026-05-29 10:45:00,1.85221,1.8526500000000001,1.85168,1.85263,297,18,0
2026-05-29 11:00:00,1.8526099999999999,1.8530799999999998,1.8525399999999999,1.85298,341,18,0
2026-05-29 11:15:00,1.8529499999999999,1.85358,1.85252,1.8533300000000001,436,18,0
2026-05-29 11:30:00,1.85331,1.85348,1.85266,1.85341,409,18,0
2026-05-29 11:45:00,1.85339,1.85352,1.85224,1.85311,497,18,0
2026-05-29 12:00:00,1.85307,1.85385,1.85298,1.8533,476,18,0
2026-05-29 12:15:00,1.85328,1.85385,1.85316,1.8535,417,18,0
2026-05-29 12:30:00,1.85348,1.8564699999999998,1.85348,1.8564699999999998,704,18,0
2026-05-29 12:45:00,1.8565,1.85689,1.8558599999999998,1.85621,632,18,0
2026-05-29 13:00:00,1.8561800000000002,1.8564,1.85575,1.85616,626,18,0
2026-05-29 13:15:00,1.8561299999999998,1.85652,1.85551,1.85592,590,18,0
2026-05-29 13:30:00,1.85591,1.8564,1.85541,1.8564,626,18,0
2026-05-29 13:45:00,1.8563800000000001,1.8569900000000001,1.8559,1.8561,744,18,0
2026-05-29 14:00:00,1.85614,1.85705,1.85519,1.85558,713,18,0
2026-05-29 14:15:00,1.85555,1.85565,1.85461,1.8550200000000001,819,18,0
2026-05-29 14:30:00,1.855,1.8558,1.85343,1.85454,929,18,0
2026-05-29 14:45:00,1.85458,1.85691,1.85439,1.8565,2053,18,0
2026-05-29 15:00:00,1.85653,1.8586200000000002,1.85643,1.8582800000000002,1202,18,0
2026-05-29 15:15:00,1.85832,1.8586399999999998,1.8571499999999999,1.85731,790,18,0
2026-05-29 15:30:00,1.85734,1.85807,1.85617,1.85656,878,18,0
2026-05-29 15:45:00,1.8565399999999999,1.85754,1.8563800000000001,1.8573,566,18,0
2026-05-29 16:00:00,1.85728,1.8574899999999999,1.8569,1.85725,418,18,0
2026-05-29 16:15:00,1.85727,1.85835,1.85718,1.85816,367,18,0
2026-05-29 16:30:00,1.85813,1.85838,1.85762,1.85798,570,18,0
2026-05-29 16:45:00,1.85797,1.85847,1.85772,1.85823,438,18,0
2026-05-29 17:00:00,1.8582100000000001,1.85849,1.85795,1.85805,373,18,0
2026-05-29 17:15:00,1.85807,1.85815,1.8572,1.85737,363,18,0
2026-05-29 17:30:00,1.85738,1.85745,1.85667,1.8568799999999999,377,18,0
2026-05-29 17:45:00,1.8568500000000001,1.8568799999999999,1.85581,1.85581,363,18,0
2026-05-29 18:00:00,1.85583,1.85616,1.85568,1.8558,334,18,0
2026-05-29 18:15:00,1.85582,1.8561299999999998,1.8556599999999999,1.85603,357,18,0
2026-05-29 18:30:00,1.85606,1.85643,1.85602,1.85626,260,18,0
2026-05-29 18:45:00,1.85623,1.8573,1.8558400000000002,1.85698,488,18,0
2026-05-29 19:00:00,1.85697,1.8572899999999999,1.8568099999999998,1.8571499999999999,336,18,0
2026-05-29 19:15:00,1.85718,1.85723,1.8560699999999999,1.8563800000000001,264,18,0
2026-05-29 19:30:00,1.85639,1.8571,1.85639,1.85686,263,18,0
2026-05-29 19:45:00,1.85689,1.8575599999999999,1.85648,1.85707,471,18,0
2026-05-29 20:00:00,1.85704,1.85704,1.8561299999999998,1.8566799999999999,364,18,0
2026-05-29 20:15:00,1.85667,1.8568099999999998,1.8563100000000001,1.8563800000000001,111,18,0
2026-05-29 20:30:00,1.85641,1.8568,1.85635,1.8565800000000001,149,18,0
2026-05-29 20:45:00,1.85656,1.85675,1.85589,1.85621,594,18,0
2026-05-31 21:15:00,1.85572,1.85643,1.85521,1.8563800000000001,48,135,0
2026-05-31 21:30:00,1.8564500000000002,1.8565399999999999,1.85556,1.85623,143,80,0
2026-05-31 21:45:00,1.85622,1.8565399999999999,1.85617,1.85642,98,71,0
2026-05-31 22:00:00,1.85636,1.85636,1.85495,1.8556300000000001,321,28,0
2026-05-31 22:15:00,1.85565,1.85565,1.85533,1.8555000000000001,188,18,0
2026-05-31 22:30:00,1.85548,1.85554,1.8552300000000002,1.8555000000000001,312,18,0
2026-05-31 22:45:00,1.8554599999999999,1.85561,1.85518,1.85521,387,18,0
2026-05-31 23:00:00,1.85518,1.85564,1.8551600000000001,1.85531,251,18,0
2026-05-31 23:15:00,1.85534,1.85554,1.85529,1.85551,127,18,0
2026-05-31 23:30:00,1.85549,1.85583,1.85538,1.85583,208,18,0
2026-05-31 23:45:00,1.8558599999999998,1.85616,1.85519,1.8557000000000001,642,18,0
2026-06-01 00:00:00,1.8557299999999999,1.85644,1.8553600000000001,1.85629,674,18,0
2026-06-01 00:15:00,1.85632,1.85651,1.85608,1.8562400000000001,447,18,0
2026-06-01 00:30:00,1.85623,1.85652,1.85616,1.85649,255,18,0
2026-06-01 00:45:00,1.85652,1.8568,1.85612,1.8568,279,18,0
2026-06-01 01:00:00,1.85682,1.85752,1.85652,1.85718,352,18,0
2026-06-01 01:15:00,1.8571499999999999,1.85731,1.85694,1.85703,300,18,0
2026-06-01 01:30:00,1.85705,1.8574199999999998,1.85684,1.85739,264,18,0
2026-06-01 01:45:00,1.8574000000000002,1.85763,1.85709,1.85761,183,18,0
2026-06-01 02:00:00,1.85758,1.85777,1.85744,1.85768,133,18,0
2026-06-01 02:15:00,1.8576899999999998,1.85795,1.85766,1.85777,125,18,0
2026-06-01 02:30:00,1.85779,1.85797,1.85771,1.85777,182,18,0
2026-06-01 02:45:00,1.85778,1.85799,1.8577599999999999,1.85795,136,18,0
2026-06-01 03:00:00,1.85798,1.85823,1.85798,1.85799,170,18,0
2026-06-01 03:15:00,1.8580100000000002,1.85812,1.85772,1.8579400000000001,227,18,0
2026-06-01 03:30:00,1.8579599999999998,1.85825,1.85763,1.85763,191,18,0
2026-06-01 03:45:00,1.85766,1.85781,1.8574899999999999,1.8577,179,18,0
2026-06-01 04:00:00,1.85773,1.8578999999999999,1.85768,1.85777,122,18,0
2026-06-01 04:15:00,1.85778,1.85808,1.85777,1.858,79,18,0
2026-06-01 04:30:00,1.8580100000000002,1.8582,1.85798,1.85815,94,18,0
2026-06-01 04:45:00,1.8581400000000001,1.8582100000000001,1.85797,1.85806,97,18,0
2026-06-01 05:00:00,1.85807,1.85865,1.85804,1.8584800000000001,191,18,0
2026-06-01 05:15:00,1.85852,1.85887,1.85852,1.8588,117,18,0
2026-06-01 05:30:00,1.85879,1.85911,1.85868,1.8590900000000001,143,18,0
2026-06-01 05:45:00,1.8591,1.85922,1.85893,1.85894,140,18,0
2026-06-01 06:00:00,1.85899,1.85915,1.85857,1.85881,341,18,0
2026-06-01 06:15:00,1.85877,1.85877,1.85772,1.85818,247,18,0
2026-06-01 06:30:00,1.8582,1.85937,1.8582,1.85906,331,18,0
2026-06-01 06:45:00,1.8590499999999999,1.86016,1.859,1.8596300000000001,461,18,0
2026-06-01 07:00:00,1.8596599999999999,1.85974,1.85858,1.85885,420,18,0
2026-06-01 07:15:00,1.85884,1.8595899999999999,1.8587,1.85951,362,18,0
2026-06-01 07:30:00,1.8595000000000002,1.85983,1.85941,1.85957,317,18,0
2026-06-01 07:45:00,1.85954,1.85976,1.8591199999999999,1.8593600000000001,422,18,0
2026-06-01 08:00:00,1.85933,1.86064,1.8592300000000002,1.86057,403,18,0
2026-06-01 08:15:00,1.8606099999999999,1.86125,1.86041,1.86093,340,18,0
2026-06-01 08:30:00,1.8609,1.8611900000000001,1.86042,1.86112,294,18,0
2026-06-01 08:45:00,1.86114,1.86145,1.8607399999999998,1.8608799999999999,348,18,0
2026-06-01 09:00:00,1.86086,1.8613,1.86069,1.8608099999999999,372,18,0
2026-06-01 09:15:00,1.86078,1.86109,1.86023,1.8604500000000002,363,18,0
2026-06-01 09:30:00,1.86042,1.86059,1.85989,1.8602400000000001,405,18,0
2026-06-01 09:45:00,1.86025,1.86044,1.85978,1.8598,311,18,0
2026-06-01 10:00:00,1.85978,1.85996,1.85935,1.85983,284,18,0
2026-06-01 10:15:00,1.85985,1.86018,1.85944,1.85989,330,18,0
2026-06-01 10:30:00,1.85991,1.86087,1.85989,1.86087,292,18,0
2026-06-01 10:45:00,1.8608799999999999,1.86118,1.86064,1.8609900000000001,286,18,0
2026-06-01 11:00:00,1.86101,1.86168,1.86101,1.8615,321,18,0
2026-06-01 11:15:00,1.8615300000000001,1.86164,1.86121,1.8615,306,18,0
2026-06-01 11:30:00,1.8614600000000001,1.86242,1.86138,1.86229,347,18,0
2026-06-01 11:45:00,1.86226,1.86235,1.86197,1.86225,297,18,0
2026-06-01 12:00:00,1.86223,1.86254,1.86177,1.8618000000000001,392,18,0
2026-06-01 12:15:00,1.86181,1.8631799999999998,1.86177,1.86311,376,18,0
2026-06-01 12:30:00,1.8631,1.86345,1.8623699999999999,1.8625099999999999,582,18,0
2026-06-01 12:45:00,1.8624800000000001,1.8627500000000001,1.8610799999999998,1.86138,561,18,0
2026-06-01 13:00:00,1.8614000000000002,1.86182,1.85971,1.86001,1081,18,0
2026-06-01 13:15:00,1.86003,1.8612199999999999,1.85832,1.85863,1171,18,0
2026-06-01 13:30:00,1.85866,1.85933,1.8578299999999999,1.85872,984,18,0
2026-06-01 13:45:00,1.8587500000000001,1.85879,1.8566500000000001,1.8568,940,18,0
2026-06-01 14:00:00,1.85684,1.8582100000000001,1.8562400000000001,1.85804,863,18,0
2026-06-01 14:15:00,1.8580100000000002,1.85847,1.85716,1.85807,716,18,0
2026-06-01 14:30:00,1.85811,1.85877,1.85775,1.85853,628,18,0
2026-06-01 14:45:00,1.85852,1.85972,1.85786,1.85972,719,18,0
2026-06-01 15:00:00,1.85971,1.8598,1.85869,1.85869,660,18,0
2026-06-01 15:15:00,1.85867,1.85968,1.85865,1.85955,470,18,0
2026-06-01 15:30:00,1.85953,1.86063,1.85951,1.8605800000000001,783,18,0
2026-06-01 15:45:00,1.86059,1.86109,1.86009,1.8609499999999999,390,18,0
2026-06-01 16:00:00,1.86093,1.8613,1.8604,1.86049,422,18,0
2026-06-01 16:15:00,1.86046,1.8606099999999999,1.85996,1.86035,371,18,0
2026-06-01 16:30:00,1.8603399999999999,1.86128,1.8603399999999999,1.8604699999999998,512,18,0
2026-06-01 16:45:00,1.86046,1.86158,1.86043,1.86123,551,18,0
2026-06-01 17:00:00,1.86125,1.8613300000000002,1.86059,1.86096,418,18,0
2026-06-01 17:15:00,1.8609200000000001,1.8620100000000002,1.86078,1.8620100000000002,391,18,0
2026-06-01 17:30:00,1.86204,1.8626,1.86162,1.86231,599,18,0
2026-06-01 17:45:00,1.8622999999999998,1.8626200000000002,1.8621400000000001,1.86225,348,18,0
2026-06-01 18:00:00,1.86227,1.86263,1.86208,1.8622999999999998,236,18,0
2026-06-01 18:15:00,1.86229,1.8626,1.86215,1.8625500000000001,203,18,0
2026-06-01 18:30:00,1.86256,1.86286,1.86245,1.8627799999999999,216,18,0
2026-06-01 18:45:00,1.86276,1.8628200000000001,1.86242,1.8625699999999998,310,18,0
2026-06-01 19:00:00,1.86256,1.86292,1.8624,1.86274,211,18,0
2026-06-01 19:15:00,1.86276,1.86287,1.86254,1.86254,240,18,0
2026-06-01 19:30:00,1.86256,1.86266,1.86235,1.86252,230,18,0
2026-06-01 19:45:00,1.86254,1.86254,1.86164,1.86235,359,18,0
2026-06-01 20:00:00,1.8623699999999999,1.8624800000000001,1.8622,1.86227,204,18,0
2026-06-01 20:15:00,1.86231,1.86259,1.86226,1.86254,92,18,0
2026-06-01 20:30:00,1.8625099999999999,1.86254,1.86213,1.86224,95,18,0
2026-06-01 20:45:00,1.86223,1.86242,1.86199,1.862,158,18,0
2026-06-01 21:00:00,1.86202,1.8620700000000001,1.86202,1.8620700000000001,4,48,0
2026-06-01 21:15:00,1.86208,1.86208,1.86182,1.86195,88,59,0
2026-06-01 21:30:00,1.8619400000000002,1.86233,1.86192,1.8622,171,108,0
2026-06-01 21:45:00,1.86222,1.86256,1.8614600000000001,1.86165,224,56,0
2026-06-01 22:00:00,1.86174,1.8626399999999999,1.86174,1.8624800000000001,136,28,0
2026-06-01 22:15:00,1.86243,1.86267,1.8624,1.8624800000000001,51,28,0
2026-06-01 22:30:00,1.86249,1.86276,1.86249,1.86267,93,18,0
2026-06-01 22:45:00,1.8626800000000001,1.86276,1.86242,1.8625,146,18,0
2026-06-01 23:00:00,1.86249,1.86286,1.86249,1.86269,143,18,0
2026-06-01 23:15:00,1.8626800000000001,1.86281,1.86258,1.86259,58,18,0
2026-06-01 23:30:00,1.86256,1.86294,1.86245,1.86294,129,18,0
2026-06-01 23:45:00,1.86292,1.86303,1.86284,1.86287,70,18,0
2026-06-02 00:00:00,1.8629099999999998,1.8630499999999999,1.86259,1.8628200000000001,205,18,0
2026-06-02 00:15:00,1.86281,1.86311,1.86281,1.863,166,18,0
2026-06-02 00:30:00,1.8630200000000001,1.86304,1.86277,1.86288,173,18,0
2026-06-02 00:45:00,1.86285,1.86288,1.86239,1.86249,213,18,0
2026-06-02 01:00:00,1.86253,1.8633,1.86252,1.86313,270,18,0
2026-06-02 01:15:00,1.86311,1.86311,1.86279,1.8629099999999998,256,18,0
2026-06-02 01:30:00,1.86293,1.86344,1.86292,1.86304,236,18,0
2026-06-02 01:45:00,1.86303,1.86303,1.86249,1.86249,242,18,0
2026-06-02 02:00:00,1.8624800000000001,1.86265,1.86243,1.8625699999999998,165,18,0
2026-06-02 02:15:00,1.86256,1.8628900000000002,1.8624800000000001,1.86288,167,18,0
2026-06-02 02:30:00,1.8629,1.8629799999999999,1.8627,1.86274,136,18,0
2026-06-02 02:45:00,1.86273,1.86292,1.8627099999999999,1.86279,122,18,0
2026-06-02 03:00:00,1.8628200000000001,1.86295,1.86277,1.86294,126,18,0
2026-06-02 03:15:00,1.86293,1.8629799999999999,1.86273,1.86287,143,18,0
2026-06-02 03:30:00,1.86284,1.86311,1.86281,1.86308,121,18,0
2026-06-02 03:45:00,1.8630499999999999,1.8632300000000002,1.86297,1.86311,123,18,0
2026-06-02 04:00:00,1.86307,1.8632900000000001,1.86307,1.86319,114,18,0
2026-06-02 04:15:00,1.8631799999999998,1.8635199999999998,1.8631799999999998,1.86348,112,18,0
2026-06-02 04:30:00,1.86346,1.8638,1.86345,1.8638,96,18,0
2026-06-02 04:45:00,1.86382,1.86399,1.8637899999999998,1.86389,118,18,0
2026-06-02 05:00:00,1.86388,1.8641,1.8637299999999999,1.8639700000000001,150,18,0
2026-06-02 05:15:00,1.86399,1.86405,1.8636300000000001,1.86387,157,18,0
2026-06-02 05:30:00,1.8638599999999999,1.86421,1.8638599999999999,1.86405,151,18,0
2026-06-02 05:45:00,1.86402,1.86403,1.86364,1.86364,116,18,0
2026-06-02 06:00:00,1.86367,1.86511,1.86367,1.86478,337,18,0
2026-06-02 06:15:00,1.86476,1.8655,1.86476,1.86537,319,18,0
2026-06-02 06:30:00,1.86534,1.8654199999999999,1.86456,1.86462,391,18,0
2026-06-02 06:45:00,1.86464,1.86489,1.86437,1.86487,311,18,0
2026-06-02 07:00:00,1.86489,1.8649900000000001,1.86408,1.86408,424,18,0
2026-06-02 07:15:00,1.86406,1.8645399999999999,1.8637700000000001,1.86446,384,18,0
2026-06-02 07:30:00,1.86444,1.86478,1.86419,1.86462,350,18,0
2026-06-02 07:45:00,1.86464,1.86486,1.86421,1.86437,402,18,0
2026-06-02 08:00:00,1.86439,1.86464,1.86395,1.86425,451,18,0
2026-06-02 08:15:00,1.8642400000000001,1.86455,1.86405,1.86423,326,18,0
2026-06-02 08:30:00,1.8642400000000001,1.86446,1.86385,1.8641,300,18,0
2026-06-02 08:45:00,1.86407,1.86442,1.86392,1.86418,296,18,0
2026-06-02 09:00:00,1.86421,1.8650099999999998,1.86394,1.86498,288,18,0
2026-06-02 09:15:00,1.8649900000000001,1.86564,1.86494,1.86559,296,18,0
2026-06-02 09:30:00,1.8655599999999999,1.86572,1.86489,1.8651,302,18,0
2026-06-02 09:45:00,1.86511,1.86561,1.8649499999999999,1.86555,286,18,0
2026-06-02 10:00:00,1.86558,1.86595,1.86505,1.86595,317,18,0
2026-06-02 10:15:00,1.86592,1.866,1.86502,1.8654199999999999,244,18,0
2026-06-02 10:30:00,1.8654,1.86568,1.8653300000000002,1.8654600000000001,220,18,0
2026-06-02 10:45:00,1.86548,1.86571,1.86528,1.86547,283,18,0
2026-06-02 11:00:00,1.8655,1.86584,1.86541,1.8656199999999998,325,18,0
2026-06-02 11:15:00,1.86563,1.86564,1.8652199999999999,1.86539,286,18,0
2026-06-02 11:30:00,1.86537,1.86537,1.8648099999999999,1.86507,313,18,0
2026-06-02 11:45:00,1.8650600000000002,1.86518,1.8647399999999998,1.86478,353,18,0
2026-06-02 12:00:00,1.8648099999999999,1.86491,1.86401,1.86428,373,18,0
2026-06-02 12:15:00,1.8643,1.86538,1.86417,1.8653499999999998,383,18,0
2026-06-02 12:30:00,1.86536,1.86548,1.86436,1.86453,430,18,0
2026-06-02 12:45:00,1.8645100000000001,1.86469,1.86389,1.8639999999999999,389,18,0
2026-06-02 13:00:00,1.8639700000000001,1.86439,1.86322,1.86326,575,18,0
2026-06-02 13:15:00,1.86327,1.86426,1.8632300000000002,1.8632900000000001,458,18,0
2026-06-02 13:30:00,1.8633,1.8633600000000001,1.86173,1.86269,726,18,0
2026-06-02 13:45:00,1.8627,1.86347,1.8626,1.86294,521,18,0
2026-06-02 14:00:00,1.86297,1.86362,1.8622800000000002,1.86358,614,18,0
2026-06-02 14:15:00,1.86356,1.86417,1.86322,1.8638599999999999,544,18,0
2026-06-02 14:30:00,1.86383,1.86396,1.86333,1.86356,554,18,0
2026-06-02 14:45:00,1.86354,1.86364,1.86279,1.86328,625,18,0
2026-06-02 15:00:00,1.86331,1.8641999999999999,1.86317,1.8632499999999999,504,18,0
2026-06-02 15:15:00,1.8632300000000002,1.86371,1.8630200000000001,1.86317,492,18,0
2026-06-02 15:30:00,1.8632,1.86344,1.8627500000000001,1.86293,380,18,0
2026-06-02 15:45:00,1.8629099999999998,1.86357,1.86261,1.8631799999999998,371,18,0
2026-06-02 16:00:00,1.86315,1.86341,1.86263,1.8632499999999999,379,18,0
2026-06-02 16:15:00,1.86324,1.86326,1.8625,1.86254,370,18,0
2026-06-02 16:30:00,1.8625699999999998,1.86311,1.8625099999999999,1.8627500000000001,306,18,0
2026-06-02 16:45:00,1.86273,1.86303,1.86243,1.8626399999999999,301,18,0
2026-06-02 17:00:00,1.8626200000000002,1.8631600000000001,1.86245,1.8629799999999999,384,18,0
2026-06-02 17:15:00,1.86297,1.86306,1.8622,1.8624100000000001,272,18,0
2026-06-02 17:30:00,1.86242,1.8627500000000001,1.86235,1.8626800000000001,231,18,0
2026-06-02 17:45:00,1.86267,1.8627099999999999,1.86229,1.86247,197,18,0
2026-06-02 18:00:00,1.8624399999999999,1.8626399999999999,1.86209,1.8622100000000001,238,18,0
2026-06-02 18:15:00,1.86218,1.86249,1.86181,1.86246,304,18,0
2026-06-02 18:30:00,1.8624800000000001,1.86281,1.86225,1.8622800000000002,272,18,0
2026-06-02 18:45:00,1.86227,1.86307,1.86224,1.86284,262,18,0
2026-06-02 19:00:00,1.86286,1.8631799999999998,1.8628,1.8631799999999998,161,18,0
2026-06-02 19:15:00,1.86319,1.8633,1.86297,1.86306,153,18,0
2026-06-02 19:30:00,1.86303,1.86347,1.86299,1.86346,146,18,0
2026-06-02 19:45:00,1.86349,1.8635899999999999,1.86296,1.8633600000000001,242,18,0
2026-06-02 20:00:00,1.8633899999999999,1.8637000000000001,1.86321,1.8635199999999998,166,18,0
2026-06-02 20:15:00,1.86354,1.86354,1.86311,1.8632300000000002,113,18,0
2026-06-02 20:30:00,1.8632499999999999,1.86361,1.86304,1.8635899999999999,92,18,0
2026-06-02 20:45:00,1.86361,1.8637299999999999,1.86297,1.86307,226,18,0
2026-06-02 21:00:00,1.86306,1.86314,1.86304,1.86314,9,48,0
2026-06-02 21:15:00,1.86315,1.8631600000000001,1.86299,1.86308,89,48,0
2026-06-02 21:30:00,1.8630900000000001,1.86327,1.86308,1.86321,94,48,0
2026-06-02 21:45:00,1.8632,1.86346,1.86315,1.86346,85,48,0
2026-06-02 22:00:00,1.86344,1.86358,1.86293,1.8634300000000001,125,28,0
2026-06-02 22:15:00,1.86344,1.8635199999999998,1.8633,1.86349,51,18,0
2026-06-02 22:30:00,1.86348,1.86351,1.86331,1.86338,58,18,0
2026-06-02 22:45:00,1.86335,1.86335,1.8629099999999998,1.86307,130,18,0
2026-06-02 23:00:00,1.86306,1.86314,1.86277,1.8628,124,18,0
2026-06-02 23:15:00,1.8627799999999999,1.8628,1.86216,1.8624100000000001,150,18,0
2026-06-02 23:30:00,1.86239,1.86254,1.8620100000000002,1.8625099999999999,210,18,0
2026-06-02 23:45:00,1.86252,1.8625500000000001,1.86226,1.86247,172,18,0
2026-06-03 00:00:00,1.8625,1.8631199999999999,1.8624399999999999,1.86297,197,18,0
2026-06-03 00:15:00,1.86294,1.86322,1.8627799999999999,1.86308,164,18,0
2026-06-03 00:30:00,1.86306,1.86353,1.86306,1.86349,164,18,0
2026-06-03 00:45:00,1.86351,1.86367,1.8633600000000001,1.8636300000000001,141,18,0
2026-06-03 01:00:00,1.8636599999999999,1.86369,1.8631199999999999,1.8633199999999999,246,18,0
2026-06-03 01:15:00,1.86331,1.8635899999999999,1.86326,1.8635899999999999,145,18,0
2026-06-03 01:30:00,1.86357,1.8637700000000001,1.8633600000000001,1.86375,192,18,0
2026-06-03 01:45:00,1.86376,1.86395,1.86354,1.86371,149,18,0
2026-06-03 02:00:00,1.8637299999999999,1.8639700000000001,1.8637000000000001,1.86388,123,18,0
2026-06-03 02:15:00,1.8638599999999999,1.86401,1.86376,1.8639999999999999,111,18,0
2026-06-03 02:30:00,1.8639700000000001,1.86412,1.86385,1.86394,129,18,0
2026-06-03 02:45:00,1.8639299999999999,1.86406,1.86372,1.8637899999999998,196,18,0
2026-06-03 03:00:00,1.8638,1.86396,1.86368,1.86368,109,18,0
2026-06-03 03:15:00,1.86367,1.86376,1.86364,1.86367,104,18,0
2026-06-03 03:30:00,1.8636599999999999,1.86414,1.86365,1.86408,92,18,0
2026-06-03 03:45:00,1.8641100000000002,1.86422,1.86407,1.86417,69,18,0
2026-06-03 04:00:00,1.86418,1.86422,1.86376,1.86383,92,18,0
2026-06-03 04:15:00,1.86381,1.86392,1.8637299999999999,1.86376,91,18,0
2026-06-03 04:30:00,1.86375,1.86406,1.8637299999999999,1.86405,83,18,0
2026-06-03 04:45:00,1.8640400000000001,1.8641,1.8639000000000001,1.86391,98,18,0
2026-06-03 05:00:00,1.86389,1.86417,1.8637700000000001,1.86415,145,18,0
2026-06-03 05:15:00,1.86418,1.86449,1.86402,1.86403,120,18,0
2026-06-03 05:30:00,1.86405,1.86405,1.8633899999999999,1.8634,197,18,0
2026-06-03 05:45:00,1.8633600000000001,1.86341,1.86279,1.86281,190,18,0
2026-06-03 06:00:00,1.86277,1.8631,1.86212,1.86222,382,18,0
2026-06-03 06:15:00,1.86225,1.8626200000000002,1.86191,1.86252,407,18,0
2026-06-03 06:30:00,1.86249,1.8629799999999999,1.86226,1.86296,421,18,0
2026-06-03 06:45:00,1.86294,1.86314,1.8621699999999999,1.8629799999999999,317,18,0
2026-06-03 07:00:00,1.86301,1.8635899999999999,1.86277,1.86335,434,18,0
2026-06-03 07:15:00,1.86333,1.86348,1.86269,1.8629,300,18,0
2026-06-03 07:30:00,1.8628900000000002,1.86402,1.86238,1.86388,550,18,0
2026-06-03 07:45:00,1.8638599999999999,1.86398,1.8633199999999999,1.86369,405,18,0
2026-06-03 08:00:00,1.8637299999999999,1.8638599999999999,1.8631199999999999,1.8631799999999998,404,18,0
2026-06-03 08:15:00,1.86321,1.86349,1.8628,1.8633899999999999,311,18,0
2026-06-03 08:30:00,1.8633600000000001,1.86387,1.8626,1.86273,496,18,0
2026-06-03 08:45:00,1.86276,1.8633,1.8626200000000002,1.86266,335,18,0
2026-06-03 09:00:00,1.8626800000000001,1.86315,1.86265,1.86314,323,18,0
2026-06-03 09:15:00,1.86315,1.86355,1.86277,1.86283,380,18,0
2026-06-03 09:30:00,1.8628200000000001,1.86315,1.86245,1.86299,307,18,0
2026-06-03 09:45:00,1.8629799999999999,1.86337,1.86287,1.86337,254,18,0
2026-06-03 10:00:00,1.8633899999999999,1.8638599999999999,1.86292,1.86331,675,18,0
2026-06-03 10:15:00,1.86333,1.86333,1.86229,1.86256,338,18,0
2026-06-03 10:30:00,1.8625500000000001,1.86256,1.86209,1.86225,281,18,0
2026-06-03 10:45:00,1.8622800000000002,1.86306,1.86227,1.86297,262,18,0
2026-06-03 11:00:00,1.86299,1.86353,1.86292,1.8635000000000002,320,18,0
2026-06-03 11:15:00,1.86349,1.86382,1.8633,1.8636599999999999,227,18,0
2026-06-03 11:30:00,1.86364,1.86394,1.8627500000000001,1.8628,253,18,0
2026-06-03 11:45:00,1.86277,1.86374,1.86276,1.86327,357,18,0
2026-06-03 12:00:00,1.86324,1.8633899999999999,1.8629,1.86315,377,18,0
2026-06-03 12:15:00,1.86308,1.86327,1.8622800000000002,1.8624,338,18,0
2026-06-03 12:30:00,1.86242,1.863,1.86161,1.86287,540,18,0
2026-06-03 12:45:00,1.86288,1.86292,1.86227,1.86254,407,18,0
2026-06-03 13:00:00,1.8625500000000001,1.86294,1.86231,1.86259,469,18,0
2026-06-03 13:15:00,1.8625699999999998,1.8629799999999999,1.86215,1.86265,547,18,0
2026-06-03 13:30:00,1.86267,1.8628200000000001,1.862,1.86213,732,18,0
2026-06-03 13:45:00,1.8620999999999999,1.86308,1.86181,1.86285,653,18,0
2026-06-03 14:00:00,1.86276,1.8628900000000002,1.8621400000000001,1.86259,566,18,0
2026-06-03 14:15:00,1.8625699999999998,1.86261,1.86199,1.86223,589,18,0
2026-06-03 14:30:00,1.86227,1.86292,1.86197,1.8625,545,18,0
2026-06-03 14:45:00,1.8624800000000001,1.86486,1.86226,1.86473,724,18,0
2026-06-03 15:00:00,1.86476,1.86497,1.8642400000000001,1.86449,514,18,0
2026-06-03 15:15:00,1.8645100000000001,1.86523,1.86442,1.8650600000000002,507,18,0
2026-06-03 15:30:00,1.86503,1.86577,1.86483,1.86571,412,18,0
2026-06-03 15:45:00,1.8657,1.86633,1.86554,1.8661400000000001,415,18,0
2026-06-03 16:00:00,1.8661699999999999,1.86624,1.86482,1.8650099999999998,482,18,0
2026-06-03 16:15:00,1.8649900000000001,1.86509,1.8645399999999999,1.8649499999999999,404,18,0
2026-06-03 16:30:00,1.86497,1.8651,1.8641999999999999,1.86446,332,18,0
2026-06-03 16:45:00,1.86448,1.8653499999999998,1.8644500000000002,1.8648500000000001,410,18,0
2026-06-03 17:00:00,1.86486,1.86505,1.86439,1.86452,405,18,0
2026-06-03 17:15:00,1.86449,1.86456,1.86394,1.8641100000000002,238,18,0
2026-06-03 17:30:00,1.86409,1.8642699999999999,1.86387,1.8641,184,18,0
2026-06-03 17:45:00,1.86408,1.86441,1.86389,1.86418,219,18,0
2026-06-03 18:00:00,1.86415,1.86449,1.86407,1.86415,187,18,0
2026-06-03 18:15:00,1.8641999999999999,1.86463,1.86406,1.8643999999999998,233,18,0
2026-06-03 18:30:00,1.86441,1.86443,1.86388,1.86396,221,18,0
2026-06-03 18:45:00,1.8639299999999999,1.86416,1.8638599999999999,1.8641299999999998,242,18,0
2026-06-03 19:00:00,1.86409,1.86435,1.86402,1.8642400000000001,232,18,0
2026-06-03 19:15:00,1.8642699999999999,1.8645,1.86396,1.86407,236,18,0
2026-06-03 19:30:00,1.86408,1.8645100000000001,1.86408,1.8643,195,18,0
2026-06-03 19:45:00,1.86428,1.86476,1.86428,1.86476,249,18,0
2026-06-03 20:00:00,1.8647399999999998,1.86479,1.86433,1.86459,186,18,0
2026-06-03 20:15:00,1.86457,1.8646,1.86425,1.86436,155,18,0
2026-06-03 20:30:00,1.86439,1.86444,1.8640400000000001,1.86442,132,18,0
2026-06-03 20:45:00,1.8643999999999998,1.86467,1.86437,1.86446,139,18,0
2026-06-03 21:00:00,1.8644500000000002,1.8644500000000002,1.86439,1.86444,12,48,0
2026-06-03 21:15:00,1.86444,1.86444,1.86361,1.86396,118,48,0
2026-06-03 21:30:00,1.86399,1.86423,1.86383,1.86421,142,56,0
2026-06-03 21:45:00,1.86422,1.86423,1.86369,1.86388,142,48,0
2026-06-03 22:00:00,1.86385,1.86441,1.86374,1.8639299999999999,123,28,0
2026-06-03 22:15:00,1.86391,1.8639999999999999,1.86368,1.8639000000000001,97,28,0
2026-06-03 22:30:00,1.8639299999999999,1.86399,1.86371,1.86391,70,18,0
2026-06-03 22:45:00,1.8639000000000001,1.86493,1.86387,1.8643399999999999,243,18,0
2026-06-03 23:00:00,1.86437,1.86455,1.86406,1.86426,214,18,0
2026-06-03 23:15:00,1.86429,1.86453,1.86417,1.8645100000000001,112,18,0
2026-06-03 23:30:00,1.8645399999999999,1.86487,1.8645100000000001,1.86482,149,18,0
2026-06-03 23:45:00,1.86484,1.86539,1.86484,1.8651900000000001,235,18,0
2026-06-04 00:00:00,1.86518,1.86524,1.8646099999999999,1.86479,546,18,0
2026-06-04 00:15:00,1.86477,1.86524,1.86466,1.8649499999999999,315,18,0
2026-06-04 00:30:00,1.86497,1.86561,1.86486,1.86554,287,18,0
2026-06-04 00:45:00,1.86552,1.86557,1.86475,1.8650600000000002,395,18,0
2026-06-04 01:00:00,1.8650799999999998,1.86528,1.8648500000000001,1.86511,343,18,0
2026-06-04 01:15:00,1.8650799999999998,1.8653300000000002,1.86491,1.86517,225,18,0
2026-06-04 01:30:00,1.8651900000000001,1.86534,1.86504,1.86524,218,18,0
2026-06-04 01:45:00,1.86527,1.86574,1.86527,1.86563,205,18,0
2026-06-04 02:00:00,1.86566,1.86566,1.86531,1.8654600000000001,190,18,0
2026-06-04 02:15:00,1.8654199999999999,1.86598,1.8652600000000001,1.86582,203,18,0
2026-06-04 02:30:00,1.8658000000000001,1.86584,1.86565,1.8656700000000002,135,18,0
2026-06-04 02:45:00,1.86568,1.86579,1.8655300000000001,1.86566,182,18,0
2026-06-04 03:00:00,1.8656899999999998,1.86572,1.86537,1.8654,167,18,0
2026-06-04 03:15:00,1.8654199999999999,1.8654899999999999,1.8651900000000001,1.8653,119,18,0
2026-06-04 03:30:00,1.86531,1.86564,1.8652199999999999,1.86537,119,18,0
2026-06-04 03:45:00,1.86536,1.8656700000000002,1.86525,1.86554,128,18,0
2026-06-04 04:00:00,1.86557,1.86585,1.86552,1.86581,114,18,0
2026-06-04 04:15:00,1.86582,1.8659400000000002,1.86574,1.86591,88,18,0
2026-06-04 04:30:00,1.86593,1.86699,1.86591,1.86683,261,18,0
2026-06-04 04:45:00,1.8668200000000001,1.86711,1.86679,1.8670900000000001,127,18,0
2026-06-04 05:00:00,1.86711,1.86726,1.867,1.8671600000000002,161,18,0
2026-06-04 05:15:00,1.86714,1.86722,1.86659,1.86663,164,18,0
2026-06-04 05:30:00,1.86662,1.8670200000000001,1.86627,1.867,204,18,0
2026-06-04 05:45:00,1.86701,1.86701,1.86666,1.8667500000000001,170,18,0
2026-06-04 06:00:00,1.86672,1.86755,1.86653,1.8675199999999998,361,18,0
2026-06-04 06:15:00,1.86749,1.86749,1.86688,1.86724,265,18,0
2026-06-04 06:30:00,1.8672,1.8677700000000002,1.86701,1.8675000000000002,352,18,0
2026-06-04 06:45:00,1.86751,1.86764,1.86687,1.86748,385,18,0
2026-06-04 07:00:00,1.86745,1.86794,1.86711,1.86753,423,18,0
2026-06-04 07:15:00,1.86756,1.8679000000000001,1.8671,1.86767,364,18,0
2026-06-04 07:30:00,1.86764,1.86787,1.8672,1.86765,494,18,0
2026-06-04 07:45:00,1.86762,1.8685399999999999,1.86735,1.86834,389,18,0
2026-06-04 08:00:00,1.86837,1.86917,1.86825,1.8687399999999998,474,18,0
2026-06-04 08:15:00,1.86873,1.86907,1.86832,1.86907,405,18,0
2026-06-04 08:30:00,1.8690799999999999,1.86917,1.86835,1.86871,360,18,0
2026-06-04 08:45:00,1.86869,1.8691200000000001,1.86869,1.86873,298,18,0
2026-06-04 09:00:00,1.86875,1.86932,1.86852,1.86859,429,18,0
2026-06-04 09:15:00,1.86857,1.86862,1.8680400000000001,1.86814,395,18,0
2026-06-04 09:30:00,1.86812,1.86876,1.8679999999999999,1.86834,379,18,0
2026-06-04 09:45:00,1.86836,1.86843,1.8674300000000001,1.86747,381,18,0
2026-06-04 10:00:00,1.86744,1.86776,1.86727,1.8676,393,18,0
2026-06-04 10:15:00,1.86757,1.86782,1.86721,1.86774,293,18,0
2026-06-04 10:30:00,1.86775,1.8679000000000001,1.86745,1.8678,325,18,0
2026-06-04 10:45:00,1.8677899999999998,1.8685399999999999,1.86746,1.86833,426,18,0
2026-06-04 11:00:00,1.86836,1.86928,1.8682699999999999,1.86916,461,18,0
2026-06-04 11:15:00,1.8691499999999999,1.8699599999999998,1.869,1.86944,465,18,0
2026-06-04 11:30:00,1.86948,1.8696000000000002,1.86889,1.86959,450,18,0
2026-06-04 11:45:00,1.86958,1.86989,1.8693,1.86975,420,18,0
2026-06-04 12:00:00,1.86978,1.87024,1.8691200000000001,1.86952,526,18,0
2026-06-04 12:15:00,1.86955,1.86979,1.8689,1.86925,426,18,0
2026-06-04 12:30:00,1.86929,1.86972,1.8690600000000002,1.8691900000000001,433,18,0
2026-06-04 12:45:00,1.86917,1.86934,1.86882,1.86886,418,18,0
2026-06-04 13:00:00,1.86883,1.86884,1.86825,1.86863,428,18,0
2026-06-04 13:15:00,1.8686099999999999,1.86909,1.86842,1.86883,346,18,0
2026-06-04 13:30:00,1.86884,1.86884,1.86707,1.86754,606,18,0
2026-06-04 13:45:00,1.86751,1.8681299999999998,1.86723,1.86772,628,18,0
2026-06-04 14:00:00,1.8677000000000001,1.86799,1.86707,1.86715,511,18,0
2026-06-04 14:15:00,1.86714,1.86733,1.8665699999999998,1.86679,441,18,0
2026-06-04 14:30:00,1.86681,1.86749,1.86669,1.8673,438,18,0
2026-06-04 14:45:00,1.8673199999999999,1.8679299999999999,1.86633,1.8675899999999999,617,18,0
2026-06-04 15:00:00,1.86761,1.86762,1.86695,1.8672,594,18,0
2026-06-04 15:15:00,1.86722,1.86809,1.86719,1.8672,437,18,0
2026-06-04 15:30:00,1.86722,1.86734,1.86647,1.86647,396,18,0
2026-06-04 15:45:00,1.86643,1.86681,1.86618,1.8664800000000001,436,18,0
2026-06-04 16:00:00,1.8665,1.8665699999999998,1.86598,1.86652,447,18,0
2026-06-04 16:15:00,1.86654,1.86742,1.8664800000000001,1.867,380,18,0
2026-06-04 16:30:00,1.86703,1.8670499999999999,1.86669,1.86703,449,18,0
2026-06-04 16:45:00,1.86701,1.86717,1.86654,1.86673,392,18,0
2026-06-04 17:00:00,1.8667,1.8669,1.86651,1.86658,366,18,0
2026-06-04 17:15:00,1.86659,1.8668,1.86631,1.8665699999999998,289,18,0
2026-06-04 17:30:00,1.86658,1.86692,1.86639,1.8664800000000001,305,18,0
2026-06-04 17:45:00,1.86645,1.86663,1.8661699999999999,1.8662,322,18,0
2026-06-04 18:00:00,1.8661699999999999,1.86639,1.86609,1.86627,256,18,0
2026-06-04 18:15:00,1.86625,1.8662800000000002,1.86581,1.8658700000000001,232,18,0
2026-06-04 18:30:00,1.86586,1.8659,1.8652600000000001,1.86554,334,18,0
2026-06-04 18:45:00,1.8655300000000001,1.86591,1.8654600000000001,1.86565,276,18,0
2026-06-04 19:00:00,1.8656199999999998,1.86595,1.8655599999999999,1.86581,302,18,0
2026-06-04 19:15:00,1.8658000000000001,1.8660700000000001,1.86574,1.86605,182,18,0
2026-06-04 19:30:00,1.86604,1.8660700000000001,1.86578,1.8659599999999998,207,18,0
2026-06-04 19:45:00,1.86599,1.86627,1.8658299999999999,1.86613,233,18,0
2026-06-04 20:00:00,1.86615,1.86694,1.86615,1.8669,140,18,0
2026-06-04 20:15:00,1.86694,1.867,1.86645,1.86646,104,18,0
2026-06-04 20:30:00,1.86647,1.86662,1.8664,1.8665500000000002,106,18,0
2026-06-04 20:45:00,1.86656,1.86695,1.8665500000000002,1.86679,95,18,0
2026-06-04 21:00:00,1.8668,1.8668,1.8665,1.86663,25,48,0
2026-06-04 21:15:00,1.86665,1.86667,1.86625,1.8665500000000002,118,57,0
2026-06-04 21:30:00,1.86656,1.86685,1.86654,1.86666,108,84,0
2026-06-04 21:45:00,1.8666399999999999,1.8670200000000001,1.86618,1.86638,205,55,0
2026-06-04 22:00:00,1.86643,1.8668,1.86609,1.8667500000000001,89,28,0
2026-06-04 22:15:00,1.8667099999999999,1.86684,1.8665699999999998,1.8667500000000001,57,18,0
2026-06-04 22:30:00,1.86674,1.8668,1.8666399999999999,1.8667799999999999,59,18,0
2026-06-04 22:45:00,1.8667099999999999,1.8668200000000001,1.8667099999999999,1.8668,22,18,0
2026-06-04 23:00:00,1.86677,1.8668200000000001,1.8666800000000001,1.86679,60,18,0
2026-06-04 23:15:00,1.8668,1.86681,1.8666399999999999,1.86665,58,18,0
2026-06-04 23:30:00,1.8666399999999999,1.86683,1.86658,1.86681,45,18,0
2026-06-04 23:45:00,1.8667799999999999,1.8667799999999999,1.86653,1.86658,112,18,0
2026-06-05 00:00:00,1.86656,1.86656,1.86597,1.86606,257,18,0
2026-06-05 00:15:00,1.8660299999999999,1.8664100000000001,1.86598,1.8664,215,18,0
2026-06-05 00:30:00,1.86639,1.86669,1.8661699999999999,1.8661699999999999,193,18,0
2026-06-05 00:45:00,1.8662,1.86659,1.86609,1.86658,173,18,0
2026-06-05 01:00:00,1.8666,1.8667099999999999,1.8664800000000001,1.8665500000000002,249,18,0
2026-06-05 01:15:00,1.8665699999999998,1.86686,1.8662999999999998,1.86647,277,18,0
2026-06-05 01:30:00,1.8664800000000001,1.86681,1.86638,1.86647,230,18,0
2026-06-05 01:45:00,1.86646,1.86651,1.86622,1.8662999999999998,173,18,0
2026-06-05 02:00:00,1.8662800000000002,1.8665500000000002,1.86618,1.86645,155,18,0
2026-06-05 02:15:00,1.8664800000000001,1.86658,1.86625,1.8664399999999999,140,18,0
2026-06-05 02:30:00,1.86646,1.86647,1.86606,1.86608,148,18,0
2026-06-05 02:45:00,1.8660999999999999,1.8662100000000001,1.8660299999999999,1.8660299999999999,134,18,0
2026-06-05 03:00:00,1.86601,1.86631,1.86595,1.86625,137,18,0
2026-06-05 03:15:00,1.86627,1.86677,1.86625,1.86666,149,18,0
2026-06-05 03:30:00,1.8666800000000001,1.86679,1.8665699999999998,1.8667099999999999,129,18,0
2026-06-05 03:45:00,1.86674,1.8668900000000002,1.86672,1.8668900000000002,112,18,0
2026-06-05 04:00:00,1.86688,1.86693,1.86672,1.86685,82,18,0
2026-06-05 04:15:00,1.86687,1.86708,1.86669,1.86672,123,18,0
2026-06-05 04:30:00,1.8667500000000001,1.86714,1.8667500000000001,1.86714,113,18,0
2026-06-05 04:45:00,1.86712,1.86723,1.86703,1.86703,107,18,0
2026-06-05 05:00:00,1.86704,1.8671,1.8669,1.86704,111,18,0
2026-06-05 05:15:00,1.86706,1.8671799999999998,1.86703,1.86713,101,18,0
2026-06-05 05:30:00,1.86714,1.86726,1.8670900000000001,1.86715,132,18,0
2026-06-05 05:45:00,1.86712,1.86727,1.8667500000000001,1.86681,133,18,0
2026-06-05 06:00:00,1.86683,1.86719,1.86661,1.86717,249,18,0
2026-06-05 06:15:00,1.8672,1.86731,1.86679,1.8669799999999999,246,18,0
2026-06-05 06:30:00,1.86699,1.86728,1.8668,1.86714,257,18,0
2026-06-05 06:45:00,1.8671,1.86731,1.86693,1.86731,249,18,0
2026-06-05 07:00:00,1.86728,1.86744,1.86677,1.86715,382,18,0
2026-06-05 07:15:00,1.86717,1.8672900000000001,1.8665,1.86688,364,18,0
2026-06-05 07:30:00,1.86687,1.86714,1.86659,1.86667,381,18,0
2026-06-05 07:45:00,1.8666399999999999,1.8673899999999999,1.86659,1.86713,357,18,0
2026-06-05 08:00:00,1.8671,1.86776,1.86662,1.86776,411,18,0
2026-06-05 08:15:00,1.86773,1.8682400000000001,1.86747,1.8682400000000001,403,18,0
2026-06-05 08:30:00,1.8682699999999999,1.86889,1.8680400000000001,1.8683,323,18,0
2026-06-05 08:45:00,1.86833,1.86886,1.86833,1.8686500000000001,273,18,0
2026-06-05 09:00:00,1.86863,1.86977,1.8681,1.86917,476,18,0
2026-06-05 09:15:00,1.86918,1.8694899999999999,1.86844,1.86848,473,18,0
2026-06-05 09:30:00,1.8685,1.86855,1.86755,1.86798,357,18,0
2026-06-05 09:45:00,1.86796,1.8683,1.86758,1.86812,322,18,0
2026-06-05 10:00:00,1.86815,1.86871,1.8680400000000001,1.86857,302,18,0
2026-06-05 10:15:00,1.86859,1.86985,1.86798,1.8698000000000001,366,18,0
2026-06-05 10:30:00,1.86982,1.87031,1.86928,1.86955,389,18,0
2026-06-05 10:45:00,1.8695599999999999,1.86985,1.86911,1.8696199999999998,338,18,0
2026-06-05 11:00:00,1.86959,1.8699,1.86928,1.86945,343,18,0
2026-06-05 11:15:00,1.8694199999999999,1.8697300000000001,1.86911,1.8694199999999999,352,18,0
2026-06-05 11:30:00,1.86944,1.86965,1.86878,1.8690799999999999,396,18,0
2026-06-05 11:45:00,1.8690600000000002,1.8699,1.8690600000000002,1.8692199999999999,383,18,0
2026-06-05 12:00:00,1.8691900000000001,1.8696700000000002,1.8683999999999998,1.8690600000000002,432,18,0
2026-06-05 12:15:00,1.86903,1.87024,1.8685399999999999,1.86993,535,18,0
2026-06-05 12:30:00,1.86988,1.86988,1.86365,1.86467,1494,18,0
2026-06-05 12:45:00,1.8646500000000001,1.86473,1.86229,1.86232,1126,18,0
2026-06-05 13:00:00,1.86229,1.86418,1.86181,1.86358,1315,18,0
2026-06-05 13:15:00,1.86356,1.86433,1.86185,1.86222,808,18,0
2026-06-05 13:30:00,1.86224,1.863,1.86191,1.86272,913,18,0
2026-06-05 13:45:00,1.86274,1.86403,1.86261,1.86277,1053,18,0
2026-06-05 14:00:00,1.86272,1.8638599999999999,1.8618700000000001,1.86227,1017,18,0
2026-06-05 14:15:00,1.86231,1.86301,1.86205,1.86256,710,18,0
2026-06-05 14:30:00,1.86259,1.8631600000000001,1.86202,1.86222,715,18,0
2026-06-05 14:45:00,1.86219,1.86299,1.86177,1.86286,780,18,0
2026-06-05 15:00:00,1.86284,1.86295,1.86193,1.86193,656,18,0
2026-06-05 15:15:00,1.86191,1.86239,1.86171,1.86222,653,18,0
2026-06-05 15:30:00,1.86224,1.86272,1.86162,1.8617599999999999,565,18,0
2026-06-05 15:45:00,1.86178,1.86198,1.8607200000000002,1.8610600000000002,617,18,0
2026-06-05 16:00:00,1.86109,1.86121,1.85964,1.85999,679,18,0
2026-06-05 16:15:00,1.85996,1.8610600000000002,1.8596599999999999,1.86059,551,18,0
2026-06-05 16:30:00,1.86056,1.86078,1.86005,1.86019,406,18,0
2026-06-05 16:45:00,1.86021,1.86116,1.86001,1.86116,605,18,0
2026-06-05 17:00:00,1.86117,1.8614600000000001,1.86096,1.86134,539,18,0
2026-06-05 17:15:00,1.8613300000000002,1.86141,1.86025,1.86036,399,18,0
2026-06-05 17:30:00,1.86033,1.86033,1.85972,1.8598,426,18,0
2026-06-05 17:45:00,1.85978,1.86002,1.8595000000000002,1.8599999999999999,495,18,0
2026-06-05 18:00:00,1.86003,1.86016,1.85918,1.85946,443,18,0
2026-06-05 18:15:00,1.85947,1.8602400000000001,1.85944,1.8599299999999999,410,18,0
2026-06-05 18:30:00,1.85991,1.86037,1.85956,1.85979,368,18,0
2026-06-05 18:45:00,1.85976,1.8607,1.85965,1.8602400000000001,465,18,0
2026-06-05 19:00:00,1.86026,1.8602699999999999,1.85971,1.8599,372,18,0
2026-06-05 19:15:00,1.85992,1.85992,1.85929,1.85955,366,18,0
2026-06-05 19:30:00,1.85957,1.85994,1.85934,1.85981,381,18,0
2026-06-05 19:45:00,1.85982,1.86001,1.85927,1.85954,362,18,0
2026-06-05 20:00:00,1.8595199999999998,1.8598,1.85914,1.85928,360,18,0
2026-06-05 20:15:00,1.8593199999999999,1.85956,1.85904,1.85934,276,18,0
2026-06-05 20:30:00,1.85933,1.85985,1.8591199999999999,1.85945,229,18,0
2026-06-05 20:45:00,1.85949,1.85955,1.8587799999999999,1.85955,352,18,0
2026-06-07 21:15:00,1.8571499999999999,1.85751,1.85664,1.85684,159,100,0
2026-06-07 21:30:00,1.85691,1.8572899999999999,1.85571,1.8569200000000001,286,81,0
2026-06-07 21:45:00,1.85694,1.8573,1.8559999999999999,1.8569,311,80,0
2026-06-07 22:00:00,1.85714,1.85842,1.85694,1.85832,320,28,0
2026-06-07 22:15:00,1.85834,1.85861,1.85799,1.85822,247,18,0
2026-06-07 22:30:00,1.85819,1.85852,1.85804,1.8585099999999999,197,18,0
2026-06-07 22:45:00,1.8585,1.85885,1.85829,1.85876,206,18,0
2026-06-07 23:00:00,1.85877,1.85914,1.85874,1.85879,183,18,0
2026-06-07 23:15:00,1.85881,1.8592499999999998,1.85872,1.8592499999999998,177,18,0
2026-06-07 23:30:00,1.8592300000000002,1.8594300000000001,1.85913,1.8594300000000001,138,18,0
2026-06-07 23:45:00,1.85941,1.85951,1.8591,1.85947,178,18,0
2026-06-08 00:00:00,1.85944,1.8597299999999999,1.85941,1.8597299999999999,205,18,0
2026-06-08 00:15:00,1.85972,1.85979,1.85955,1.85965,210,18,0
2026-06-08 00:30:00,1.85967,1.86028,1.85965,1.86028,213,18,0
2026-06-08 00:45:00,1.8602699999999999,1.86052,1.8601,1.8605,272,18,0
2026-06-08 01:00:00,1.86053,1.8608,1.86016,1.86016,324,18,0
2026-06-08 01:15:00,1.86019,1.8602699999999999,1.85884,1.85897,567,18,0
2026-06-08 01:30:00,1.85895,1.85983,1.85809,1.85964,750,18,0
2026-06-08 01:45:00,1.85967,1.86006,1.85945,1.8598599999999998,383,18,0
2026-06-08 02:00:00,1.85987,1.8599999999999999,1.85917,1.85957,334,18,0
2026-06-08 02:15:00,1.85956,1.86001,1.8594,1.85988,248,18,0
2026-06-08 02:30:00,1.85989,1.86007,1.85956,1.86003,328,18,0
2026-06-08 02:45:00,1.85999,1.8605399999999999,1.85991,1.86025,292,18,0
2026-06-08 03:00:00,1.8602699999999999,1.8603399999999999,1.85991,1.8601999999999999,208,18,0
2026-06-08 03:15:00,1.86021,1.86021,1.85998,1.86016,128,18,0
2026-06-08 03:30:00,1.86012,1.86046,1.86002,1.8603100000000001,139,18,0
2026-06-08 03:45:00,1.86032,1.8606099999999999,1.86025,1.8603800000000001,124,18,0
2026-06-08 04:00:00,1.86039,1.8605,1.8602400000000001,1.8604699999999998,144,18,0
2026-06-08 04:15:00,1.86048,1.8607399999999998,1.86041,1.86069,128,18,0
2026-06-08 04:30:00,1.8607,1.86073,1.86003,1.8601299999999998,195,18,0
2026-06-08 04:45:00,1.86012,1.8602699999999999,1.85976,1.85988,148,18,0
2026-06-08 05:00:00,1.8599,1.86021,1.85956,1.85962,257,18,0
2026-06-08 05:15:00,1.85965,1.8603,1.85965,1.85978,268,18,0
2026-06-08 05:30:00,1.8598,1.85981,1.8590499999999999,1.8592,432,18,0
2026-06-08 05:45:00,1.85921,1.8593199999999999,1.85845,1.8587500000000001,373,18,0
2026-06-08 06:00:00,1.85872,1.85885,1.85798,1.85827,504,18,0
2026-06-08 06:15:00,1.85824,1.85904,1.8582,1.85896,382,18,0
2026-06-08 06:30:00,1.85894,1.85897,1.8579599999999998,1.858,455,18,0
2026-06-08 06:45:00,1.85798,1.85834,1.8573499999999998,1.85777,338,18,0
2026-06-08 07:00:00,1.85774,1.85927,1.8576000000000001,1.85913,525,18,0
2026-06-08 07:15:00,1.8590900000000001,1.86028,1.85885,1.85937,484,18,0
2026-06-08 07:30:00,1.85938,1.86016,1.85938,1.8599700000000001,470,18,0
2026-06-08 07:45:00,1.85999,1.86032,1.85921,1.8592300000000002,487,18,0
2026-06-08 08:00:00,1.8592,1.85981,1.85906,1.8592499999999998,522,18,0
2026-06-08 08:15:00,1.85926,1.85967,1.85874,1.85967,411,18,0
2026-06-08 08:30:00,1.85964,1.85978,1.8586399999999998,1.8589,440,18,0
2026-06-08 08:45:00,1.85892,1.85907,1.8582999999999998,1.85833,562,18,0
2026-06-08 09:00:00,1.85835,1.85883,1.85734,1.85741,436,18,0
2026-06-08 09:15:00,1.85743,1.8575599999999999,1.85683,1.8568799999999999,307,18,0
2026-06-08 09:30:00,1.8569,1.85778,1.8564699999999998,1.85755,677,18,0
2026-06-08 09:45:00,1.85752,1.85852,1.8571,1.8585099999999999,435,18,0
2026-06-08 10:00:00,1.85854,1.85899,1.8582,1.85881,472,18,0
2026-06-08 10:15:00,1.8587799999999999,1.859,1.85831,1.85874,312,18,0
2026-06-08 10:30:00,1.8587500000000001,1.8607900000000002,1.8587500000000001,1.85955,650,18,0
2026-06-08 10:45:00,1.8595199999999998,1.86032,1.8594300000000001,1.85992,419,18,0
2026-06-08 11:00:00,1.8599299999999999,1.86179,1.85982,1.86173,584,18,0
2026-06-08 11:15:00,1.86171,1.8621400000000001,1.8614000000000002,1.86185,679,18,0
2026-06-08 11:30:00,1.8618700000000001,1.86227,1.86152,1.8618700000000001,425,18,0
2026-06-08 11:45:00,1.86189,1.8622800000000002,1.86165,1.86198,399,18,0
2026-06-08 12:00:00,1.8620100000000002,1.8625,1.86105,1.8611,588,18,0
2026-06-08 12:15:00,1.86112,1.8613,1.86016,1.86077,538,18,0
2026-06-08 12:30:00,1.86078,1.86078,1.8597299999999999,1.8602400000000001,446,18,0
2026-06-08 12:45:00,1.86026,1.86026,1.85915,1.85978,494,18,0
2026-06-08 13:00:00,1.8598,1.86113,1.85957,1.86091,699,18,0
2026-06-08 13:15:00,1.8609,1.862,1.86048,1.8612199999999999,604,18,0
2026-06-08 13:30:00,1.86121,1.8618299999999999,1.8607200000000002,1.86129,692,18,0
2026-06-08 13:45:00,1.86131,1.86191,1.86109,1.86109,639,18,0
2026-06-08 14:00:00,1.8611,1.86152,1.86093,1.86116,620,18,0
2026-06-08 14:15:00,1.86117,1.86165,1.86041,1.8607900000000002,653,18,0
2026-06-08 14:30:00,1.86077,1.86087,1.85998,1.86041,624,18,0
2026-06-08 14:45:00,1.8604,1.8606,1.8598400000000002,1.86016,718,18,0
2026-06-08 15:00:00,1.86019,1.8609200000000001,1.86008,1.86077,586,18,0
2026-06-08 15:15:00,1.8608,1.86143,1.86064,1.86103,580,18,0
2026-06-08 15:30:00,1.8610600000000002,1.86123,1.8604,1.8612199999999999,493,18,0
2026-06-08 15:45:00,1.8612,1.86213,1.86116,1.86181,404,18,0
2026-06-08 16:00:00,1.86184,1.86208,1.8614000000000002,1.86154,402,18,0
2026-06-08 16:15:00,1.86155,1.86199,1.8615300000000001,1.8615599999999999,352,18,0
2026-06-08 16:30:00,1.86154,1.8620999999999999,1.86152,1.86181,372,18,0
2026-06-08 16:45:00,1.86182,1.86185,1.86141,1.86173,372,18,0
2026-06-08 17:00:00,1.8617599999999999,1.86225,1.86162,1.86222,373,18,0
2026-06-08 17:15:00,1.86225,1.86234,1.86193,1.86223,321,18,0
2026-06-08 17:30:00,1.8622100000000001,1.8625,1.86204,1.86224,363,18,0
2026-06-08 17:45:00,1.86226,1.86234,1.86168,1.86185,325,18,0
2026-06-08 18:00:00,1.86188,1.86195,1.86151,1.8616700000000002,400,18,0
2026-06-08 18:15:00,1.86165,1.86215,1.86162,1.8620999999999999,262,18,0
2026-06-08 18:30:00,1.86213,1.8624100000000001,1.86193,1.86195,305,18,0
2026-06-08 18:45:00,1.8619599999999998,1.8620299999999999,1.8613300000000002,1.86139,312,18,0
2026-06-08 19:00:00,1.86137,1.86174,1.86132,1.86139,299,18,0
2026-06-08 19:15:00,1.86137,1.8615599999999999,1.8613,1.86137,272,18,0
2026-06-08 19:30:00,1.8613499999999998,1.86168,1.86127,1.86161,271,18,0
2026-06-08 19:45:00,1.86157,1.86166,1.8609200000000001,1.86113,284,18,0
2026-06-08 20:00:00,1.8611499999999999,1.86143,1.86104,1.86125,186,18,0
2026-06-08 20:15:00,1.8612199999999999,1.86127,1.86093,1.86117,133,18,0
2026-06-08 20:30:00,1.8612,1.86157,1.86111,1.86155,118,18,0
2026-06-08 20:45:00,1.86154,1.86154,1.86089,1.86098,178,18,0
2026-06-08 21:00:00,1.8609900000000001,1.8609900000000001,1.86094,1.86094,5,48,0
2026-06-08 21:15:00,1.86091,1.86109,1.86078,1.8610600000000002,169,48,0
2026-06-08 21:30:00,1.86107,1.8610799999999998,1.8609499999999999,1.86102,111,48,0
2026-06-08 21:45:00,1.86103,1.86103,1.86028,1.86039,159,48,0
2026-06-08 22:00:00,1.86042,1.86129,1.86035,1.861,170,28,0
2026-06-08 22:15:00,1.86105,1.86118,1.8609900000000001,1.86111,97,18,0
2026-06-08 22:30:00,1.8611,1.86128,1.86105,1.8610600000000002,70,18,0
2026-06-08 22:45:00,1.86103,1.86118,1.86103,1.86116,55,18,0
2026-06-08 23:00:00,1.8611499999999999,1.86123,1.86114,1.86118,33,18,0
2026-06-08 23:15:00,1.86117,1.86131,1.86105,1.8611900000000001,76,18,0
2026-06-08 23:30:00,1.86116,1.8613300000000002,1.86111,1.86132,102,18,0
2026-06-08 23:45:00,1.8613499999999998,1.86137,1.86089,1.8609499999999999,125,18,0
2026-06-09 00:00:00,1.86093,1.86114,1.86053,1.861,298,18,0
2026-06-09 00:15:00,1.86098,1.86103,1.8607900000000002,1.86084,198,18,0
2026-06-09 00:30:00,1.8608500000000001,1.86097,1.86068,1.8607900000000002,212,18,0
2026-06-09 00:45:00,1.86077,1.8607900000000002,1.86019,1.86062,214,18,0
2026-06-09 01:00:00,1.8606500000000001,1.8616000000000001,1.8605399999999999,1.8614600000000001,299,18,0
2026-06-09 01:15:00,1.86145,1.86158,1.86116,1.8612600000000001,284,18,0
2026-06-09 01:30:00,1.86128,1.8615599999999999,1.86125,1.86145,234,18,0
2026-06-09 01:45:00,1.86144,1.8618299999999999,1.8614199999999999,1.8618299999999999,220,18,0
2026-06-09 02:00:00,1.86181,1.8620999999999999,1.86161,1.86182,197,18,0
2026-06-09 02:15:00,1.86181,1.86181,1.86162,1.8617599999999999,159,18,0
2026-06-09 02:30:00,1.86179,1.86185,1.86159,1.86174,174,18,0
2026-06-09 02:45:00,1.8617599999999999,1.86179,1.86158,1.86164,146,18,0
2026-06-09 03:00:00,1.86163,1.86184,1.86152,1.8618000000000001,197,18,0
2026-06-09 03:15:00,1.8618299999999999,1.86189,1.8615599999999999,1.8616700000000002,160,18,0
2026-06-09 03:30:00,1.86166,1.86208,1.86166,1.8620700000000001,163,18,0
2026-06-09 03:45:00,1.86206,1.8621699999999999,1.86168,1.86181,159,18,0
2026-06-09 04:00:00,1.86184,1.862,1.86177,1.86191,123,18,0
2026-06-09 04:15:00,1.86193,1.86219,1.8618700000000001,1.86218,117,18,0
2026-06-09 04:30:00,1.86216,1.86252,1.8619400000000002,1.86243,155,18,0
2026-06-09 04:45:00,1.8624100000000001,1.86303,1.86233,1.86285,166,18,0
2026-06-09 05:00:00,1.86287,1.86295,1.86254,1.86258,213,18,0
2026-06-09 05:15:00,1.8626,1.8628,1.86252,1.8626200000000002,174,18,0
2026-06-09 05:30:00,1.86265,1.86297,1.86246,1.86265,304,18,0
2026-06-09 05:45:00,1.86263,1.86287,1.86188,1.86204,246,18,0
2026-06-09 06:00:00,1.86205,1.8630200000000001,1.86162,1.863,409,18,0
2026-06-09 06:15:00,1.86297,1.86319,1.86269,1.8628900000000002,328,18,0
2026-06-09 06:30:00,1.86287,1.8629,1.86215,1.86256,320,18,0
2026-06-09 06:45:00,1.86253,1.86266,1.86212,1.86226,332,18,0
2026-06-09 07:00:00,1.86222,1.86256,1.86204,1.86223,475,18,0
2026-06-09 07:15:00,1.86222,1.8629099999999998,1.8621400000000001,1.8626800000000001,386,18,0
2026-06-09 07:30:00,1.8627099999999999,1.86315,1.86235,1.86314,384,18,0
2026-06-09 07:45:00,1.86315,1.8639299999999999,1.86301,1.8631199999999999,380,18,0
2026-06-09 08:00:00,1.8631,1.8646099999999999,1.86293,1.86385,492,18,0
2026-06-09 08:15:00,1.86387,1.86489,1.86387,1.86455,356,18,0
2026-06-09 08:30:00,1.86456,1.86521,1.8644500000000002,1.86449,322,18,0
2026-06-09 08:45:00,1.86448,1.8651,1.86415,1.86475,285,18,0
2026-06-09 09:00:00,1.86478,1.86545,1.86439,1.8652600000000001,351,18,0
2026-06-09 09:15:00,1.86529,1.86605,1.8651900000000001,1.86563,322,18,0
2026-06-09 09:30:00,1.86566,1.8657599999999999,1.8651900000000001,1.8655,279,18,0
2026-06-09 09:45:00,1.8655300000000001,1.866,1.86528,1.86563,238,18,0
2026-06-09 10:00:00,1.8656000000000001,1.86625,1.86538,1.86582,379,18,0
2026-06-09 10:15:00,1.86585,1.86645,1.8656000000000001,1.86632,316,18,0
2026-06-09 10:30:00,1.86634,1.86654,1.86605,1.8665,239,18,0
2026-06-09 10:45:00,1.8664800000000001,1.8664800000000001,1.86586,1.86624,246,18,0
2026-06-09 11:00:00,1.86627,1.8667799999999999,1.86624,1.86647,263,18,0
2026-06-09 11:15:00,1.86646,1.86661,1.86616,1.8664,265,18,0
2026-06-09 11:30:00,1.8664100000000001,1.86646,1.86543,1.86588,267,18,0
2026-06-09 11:45:00,1.86586,1.8662100000000001,1.86565,1.8657,361,18,0
2026-06-09 12:00:00,1.86568,1.8661699999999999,1.8655599999999999,1.86572,442,18,0
2026-06-09 12:15:00,1.86573,1.86578,1.86534,1.8656000000000001,341,18,0
2026-06-09 12:30:00,1.86557,1.8661699999999999,1.86523,1.86558,335,18,0
2026-06-09 12:45:00,1.86557,1.8659599999999998,1.86548,1.86582,325,18,0
2026-06-09 13:00:00,1.86586,1.8667500000000001,1.86582,1.86669,491,18,0
2026-06-09 13:15:00,1.8667,1.86715,1.86643,1.8669099999999998,385,18,0
2026-06-09 13:30:00,1.86693,1.86717,1.86651,1.86674,613,18,0
2026-06-09 13:45:00,1.86672,1.8679700000000001,1.8667,1.8673199999999999,708,18,0
2026-06-09 14:00:00,1.86735,1.8685399999999999,1.8669799999999999,1.86788,613,18,0
2026-06-09 14:15:00,1.86791,1.8689,1.86723,1.86875,598,18,0
2026-06-09 14:30:00,1.86878,1.8702800000000002,1.86869,1.86989,669,18,0
2026-06-09 14:45:00,1.86985,1.87002,1.86776,1.86834,967,18,0
2026-06-09 15:00:00,1.86836,1.86905,1.86821,1.8683100000000001,630,18,0
2026-06-09 15:15:00,1.86833,1.86833,1.86765,1.86768,542,18,0
2026-06-09 15:30:00,1.8677000000000001,1.86799,1.8668900000000002,1.8679700000000001,746,18,0
2026-06-09 15:45:00,1.86794,1.86862,1.86746,1.86842,672,18,0
2026-06-09 16:00:00,1.8684500000000002,1.86893,1.86796,1.86852,717,18,0
2026-06-09 16:15:00,1.86849,1.86867,1.86724,1.8673899999999999,609,18,0
2026-06-09 16:30:00,1.86735,1.86799,1.8656199999999998,1.86616,1133,18,0
2026-06-09 16:45:00,1.8662,1.86663,1.86534,1.86662,773,18,0
2026-06-09 17:00:00,1.86665,1.86754,1.86651,1.8668900000000002,628,18,0
2026-06-09 17:15:00,1.86687,1.86826,1.8668200000000001,1.86805,594,18,0
2026-06-09 17:30:00,1.86803,1.8680400000000001,1.86741,1.86741,422,18,0
2026-06-09 17:45:00,1.8674300000000001,1.86768,1.86692,1.8670900000000001,453,18,0
2026-06-09 18:00:00,1.86712,1.86733,1.8667099999999999,1.8669099999999998,371,18,0
2026-06-09 18:15:00,1.86692,1.86749,1.86665,1.8674,368,18,0
2026-06-09 18:30:00,1.8673899999999999,1.86828,1.86734,1.86801,338,18,0
2026-06-09 18:45:00,1.86805,1.8681100000000002,1.8675899999999999,1.86775,267,18,0
2026-06-09 19:00:00,1.8677700000000002,1.8679299999999999,1.86742,1.8677000000000001,308,18,0
2026-06-09 19:15:00,1.86773,1.86778,1.86708,1.8671799999999998,280,18,0
2026-06-09 19:30:00,1.86717,1.86727,1.86658,1.8667099999999999,272,18,0
2026-06-09 19:45:00,1.86674,1.8670200000000001,1.86593,1.86593,368,18,0
2026-06-09 20:00:00,1.8659,1.86624,1.86565,1.8658700000000001,228,18,0
2026-06-09 20:15:00,1.86589,1.86687,1.86574,1.86672,173,18,0
2026-06-09 20:30:00,1.8667500000000001,1.8667799999999999,1.8663699999999999,1.86639,79,18,0
2026-06-09 20:45:00,1.86636,1.86647,1.86589,1.8659599999999998,141,18,0
2026-06-09 21:00:00,1.8659400000000002,1.86595,1.86588,1.8659,10,48,0
2026-06-09 21:15:00,1.86591,1.866,1.86563,1.86563,100,48,0
2026-06-09 21:30:00,1.86566,1.86591,1.86525,1.86525,155,48,0
2026-06-09 21:45:00,1.86523,1.86523,1.8644500000000002,1.8644500000000002,149,48,0
2026-06-09 22:00:00,1.8646500000000001,1.8657599999999999,1.86457,1.86557,166,28,0
2026-06-09 22:15:00,1.8656000000000001,1.86577,1.86555,1.86559,91,28,0
2026-06-09 22:30:00,1.86561,1.86565,1.86536,1.8656000000000001,106,28,0
2026-06-09 22:45:00,1.86555,1.86574,1.86547,1.86573,133,18,0
2026-06-09 23:00:00,1.86572,1.86592,1.8657,1.86581,91,18,0
2026-06-09 23:15:00,1.86582,1.86592,1.8656000000000001,1.86565,123,18,0
2026-06-09 23:30:00,1.86566,1.8658299999999999,1.86565,1.86581,88,18,0
2026-06-09 23:45:00,1.86577,1.86592,1.86561,1.86566,193,18,0
2026-06-10 00:00:00,1.86564,1.86634,1.86561,1.86606,428,18,0
2026-06-10 00:15:00,1.86604,1.86606,1.86577,1.86602,223,18,0
2026-06-10 00:30:00,1.866,1.8662100000000001,1.86552,1.8655599999999999,271,18,0
2026-06-10 00:45:00,1.86558,1.86618,1.86545,1.86601,356,18,0
2026-06-10 01:00:00,1.86599,1.86635,1.8659400000000002,1.86608,390,18,0
2026-06-10 01:15:00,1.86611,1.86631,1.8659599999999998,1.8660299999999999,285,18,0
2026-06-10 01:30:00,1.86606,1.86611,1.8657599999999999,1.86608,279,18,0
2026-06-10 01:45:00,1.8660999999999999,1.86612,1.86563,1.86577,280,18,0
2026-06-10 02:00:00,1.86575,1.8658000000000001,1.8655300000000001,1.8656700000000002,225,18,0
2026-06-10 02:15:00,1.8656899999999998,1.8661699999999999,1.86568,1.86609,190,18,0
2026-06-10 02:30:00,1.86612,1.8665,1.86606,1.8665,238,18,0
2026-06-10 02:45:00,1.86651,1.86654,1.86622,1.86635,172,18,0
2026-06-10 03:00:00,1.86636,1.86676,1.86633,1.8666800000000001,202,18,0
2026-06-10 03:15:00,1.86667,1.8669099999999998,1.86666,1.8668200000000001,175,18,0
2026-06-10 03:30:00,1.86683,1.8669,1.86663,1.86663,144,18,0
2026-06-10 03:45:00,1.86661,1.86723,1.86661,1.86707,193,18,0
2026-06-10 04:00:00,1.8670499999999999,1.86714,1.8666399999999999,1.86672,161,18,0
2026-06-10 04:15:00,1.8667500000000001,1.8669099999999998,1.86666,1.86684,175,18,0
2026-06-10 04:30:00,1.86685,1.86694,1.86624,1.86636,213,18,0
2026-06-10 04:45:00,1.86633,1.86645,1.86623,1.8663699999999999,173,18,0
2026-06-10 05:00:00,1.86638,1.8668,1.8662800000000002,1.86649,232,18,0
2026-06-10 05:15:00,1.8665,1.86653,1.86625,1.86652,223,18,0
2026-06-10 05:30:00,1.86656,1.86723,1.8665500000000002,1.867,322,18,0
2026-06-10 05:45:00,1.8669799999999999,1.86717,1.8667500000000001,1.86695,214,18,0
2026-06-10 06:00:00,1.8669799999999999,1.86755,1.86695,1.8673899999999999,375,18,0
2026-06-10 06:15:00,1.86737,1.86765,1.867,1.86754,365,18,0
2026-06-10 06:30:00,1.86756,1.86762,1.86679,1.86684,279,18,0
2026-06-10 06:45:00,1.86681,1.86695,1.86579,1.86582,308,18,0
2026-06-10 07:00:00,1.86579,1.86643,1.86559,1.8664100000000001,478,18,0
2026-06-10 07:15:00,1.86643,1.86665,1.86571,1.8658700000000001,308,18,0
2026-06-10 07:30:00,1.86584,1.86627,1.8654600000000001,1.86563,365,18,0
2026-06-10 07:45:00,1.8656199999999998,1.86618,1.8652600000000001,1.86615,371,18,0
2026-06-10 08:00:00,1.86619,1.8662100000000001,1.8649499999999999,1.86504,479,18,0
2026-06-10 08:15:00,1.86507,1.86551,1.86462,1.8651900000000001,433,18,0
2026-06-10 08:30:00,1.86516,1.86573,1.86513,1.86552,326,18,0
2026-06-10 08:45:00,1.8654899999999999,1.8655300000000001,1.8647399999999998,1.86482,379,18,0
2026-06-10 09:00:00,1.86484,1.86517,1.86429,1.86443,400,18,0
2026-06-10 09:15:00,1.86444,1.8651,1.8643,1.8648799999999999,349,18,0
2026-06-10 09:30:00,1.86487,1.8655,1.86486,1.86528,400,18,0
2026-06-10 09:45:00,1.86531,1.86584,1.8652600000000001,1.86565,365,18,0
2026-06-10 10:00:00,1.8656199999999998,1.86606,1.8654899999999999,1.86592,294,18,0
2026-06-10 10:15:00,1.86591,1.86598,1.86558,1.86574,281,18,0
2026-06-10 10:30:00,1.8657599999999999,1.86593,1.8652600000000001,1.86532,293,18,0
2026-06-10 10:45:00,1.86531,1.86591,1.86496,1.86524,315,18,0
2026-06-10 11:00:00,1.86527,1.86585,1.86354,1.8647200000000002,994,18,0
2026-06-10 11:15:00,1.8647399999999998,1.8651900000000001,1.86402,1.8642400000000001,655,18,0
2026-06-10 11:30:00,1.86421,1.86435,1.86331,1.86357,472,18,0
2026-06-10 11:45:00,1.8635899999999999,1.86439,1.86345,1.86395,403,18,0
2026-06-10 12:00:00,1.8639700000000001,1.8651,1.86361,1.86473,492,18,0
2026-06-10 12:15:00,1.8647,1.86559,1.86436,1.8649,652,18,0
2026-06-10 12:30:00,1.86511,1.86653,1.86459,1.86616,1078,18,0
2026-06-10 12:45:00,1.86618,1.8669799999999999,1.86571,1.8658299999999999,741,18,0
2026-06-10 13:00:00,1.8658000000000001,1.86659,1.86536,1.86547,668,18,0
2026-06-10 13:15:00,1.86544,1.8661400000000001,1.86511,1.8651900000000001,549,18,0
2026-06-10 13:30:00,1.86516,1.86658,1.86498,1.86653,976,18,0
2026-06-10 13:45:00,1.86661,1.86676,1.86527,1.86591,890,18,0
2026-06-10 14:00:00,1.8659400000000002,1.86679,1.86566,1.86652,799,18,0
2026-06-10 14:15:00,1.8665500000000002,1.86676,1.86577,1.8662100000000001,719,18,0
2026-06-10 14:30:00,1.86624,1.86684,1.86611,1.86632,636,18,0
2026-06-10 14:45:00,1.86635,1.867,1.86529,1.8664399999999999,755,18,0
2026-06-10 15:00:00,1.86646,1.86647,1.86559,1.86597,654,18,0
2026-06-10 15:15:00,1.86599,1.8662,1.8654899999999999,1.86593,614,18,0
2026-06-10 15:30:00,1.8659599999999998,1.8659599999999998,1.8652,1.86531,545,18,0
2026-06-10 15:45:00,1.86532,1.8654,1.86358,1.86494,1062,18,0
2026-06-10 16:00:00,1.86491,1.8655300000000001,1.8647200000000002,1.86537,574,18,0
2026-06-10 16:15:00,1.86536,1.86548,1.86502,1.86521,452,18,0
2026-06-10 16:30:00,1.8651900000000001,1.8655300000000001,1.8649499999999999,1.86513,405,18,0
2026-06-10 16:45:00,1.86516,1.86527,1.86491,1.86514,357,18,0
2026-06-10 17:00:00,1.86517,1.86573,1.86489,1.8649,404,18,0
2026-06-10 17:15:00,1.86491,1.86491,1.8645399999999999,1.8646099999999999,365,18,0
2026-06-10 17:30:00,1.86459,1.86475,1.86432,1.86437,367,18,0
2026-06-10 17:45:00,1.86436,1.8653,1.8643100000000001,1.8653,469,18,0
2026-06-10 18:00:00,1.86528,1.86582,1.86516,1.86532,434,18,0
2026-06-10 18:15:00,1.86531,1.86539,1.8646099999999999,1.8648099999999999,383,18,0
2026-06-10 18:30:00,1.86482,1.86514,1.86453,1.8646099999999999,391,18,0
2026-06-10 18:45:00,1.8646,1.86478,1.8643399999999999,1.86449,363,18,0
2026-06-10 19:00:00,1.86448,1.86455,1.86383,1.8638400000000002,321,18,0
2026-06-10 19:15:00,1.86387,1.8641100000000002,1.86381,1.86406,224,18,0
2026-06-10 19:30:00,1.86405,1.8649499999999999,1.8639999999999999,1.8649499999999999,282,18,0
2026-06-10 19:45:00,1.86493,1.86505,1.86443,1.86464,270,18,0
2026-06-10 20:00:00,1.86463,1.86491,1.8644500000000002,1.86469,242,18,0
2026-06-10 20:15:00,1.8647,1.8647200000000002,1.8639299999999999,1.86403,196,18,0
2026-06-10 20:30:00,1.86406,1.8643800000000001,1.86388,1.86396,158,18,0
2026-06-10 20:45:00,1.8639999999999999,1.8641299999999998,1.8636599999999999,1.86367,130,18,0
2026-06-10 21:00:00,1.86369,1.86371,1.86369,1.86371,2,48,0
2026-06-10 21:15:00,1.86372,1.86376,1.8635000000000002,1.86357,212,48,0
2026-06-10 21:30:00,1.8636,1.86395,1.8635899999999999,1.86375,110,67,0
2026-06-10 21:45:00,1.86372,1.86428,1.86365,1.8641100000000002,142,48,0
2026-06-10 22:00:00,1.86429,1.86437,1.86246,1.8625699999999998,193,28,0
2026-06-10 22:15:00,1.86256,1.86288,1.8625099999999999,1.8627099999999999,186,18,0
2026-06-10 22:30:00,1.86267,1.86307,1.8626399999999999,1.86293,222,18,0
2026-06-10 22:45:00,1.8629099999999998,1.863,1.86225,1.86227,206,18,0
2026-06-10 23:00:00,1.86225,1.86247,1.862,1.86204,244,18,0
2026-06-10 23:15:00,1.86202,1.8632300000000002,1.86202,1.86319,482,18,0
2026-06-10 23:30:00,1.86322,1.86346,1.86296,1.8633,269,18,0
2026-06-10 23:45:00,1.8633199999999999,1.86351,1.8631199999999999,1.86327,280,18,0
2026-06-11 00:00:00,1.8633,1.86354,1.8632,1.8634,462,18,0
2026-06-11 00:15:00,1.8634300000000001,1.8638599999999999,1.86334,1.86353,402,18,0
2026-06-11 00:30:00,1.8635199999999998,1.8636,1.86322,1.8633199999999999,263,18,0
2026-06-11 00:45:00,1.86334,1.8637299999999999,1.8633199999999999,1.86364,262,18,0
2026-06-11 01:00:00,1.8636599999999999,1.8645800000000001,1.86351,1.86456,446,18,0
2026-06-11 01:15:00,1.8645399999999999,1.86539,1.8645399999999999,1.86525,293,18,0
2026-06-11 01:30:00,1.8652199999999999,1.86554,1.86509,1.86529,234,18,0
2026-06-11 01:45:00,1.86532,1.8655300000000001,1.86462,1.8647200000000002,225,18,0
2026-06-11 02:00:00,1.86473,1.86491,1.86469,1.8647,169,18,0
2026-06-11 02:15:00,1.86468,1.8648099999999999,1.8642400000000001,1.86435,191,18,0
2026-06-11 02:30:00,1.8643800000000001,1.86457,1.86423,1.86436,202,18,0
2026-06-11 02:45:00,1.8643800000000001,1.8647399999999998,1.8642400000000001,1.86455,184,18,0
2026-06-11 03:00:00,1.86456,1.8647200000000002,1.86418,1.86421,218,18,0
2026-06-11 03:15:00,1.86423,1.8644699999999998,1.86423,1.86439,165,18,0
2026-06-11 03:30:00,1.86442,1.86455,1.8641999999999999,1.8642699999999999,148,18,0
2026-06-11 03:45:00,1.8642400000000001,1.8646099999999999,1.86417,1.86449,133,18,0
2026-06-11 04:00:00,1.8645,1.86459,1.8643399999999999,1.86443,170,18,0
2026-06-11 04:15:00,1.86446,1.8648500000000001,1.86446,1.86475,149,18,0
2026-06-11 04:30:00,1.86478,1.86531,1.86476,1.8652600000000001,137,18,0
2026-06-11 04:45:00,1.86527,1.86539,1.86507,1.86516,129,18,0
2026-06-11 05:00:00,1.86514,1.86527,1.86502,1.8652199999999999,173,18,0
2026-06-11 05:15:00,1.86521,1.86531,1.8650099999999998,1.86516,149,18,0
2026-06-11 05:30:00,1.86514,1.86538,1.86509,1.8653300000000002,196,18,0
2026-06-11 05:45:00,1.86536,1.8656199999999998,1.8652199999999999,1.86534,232,18,0
2026-06-11 06:00:00,1.86537,1.86599,1.86523,1.8659400000000002,324,18,0
2026-06-11 06:15:00,1.86593,1.86599,1.8655,1.8658299999999999,229,18,0
2026-06-11 06:30:00,1.86586,1.8663699999999999,1.86578,1.86624,317,18,0
2026-06-11 06:45:00,1.8662100000000001,1.86672,1.86609,1.8665500000000002,262,18,0
2026-06-11 07:00:00,1.86658,1.8677000000000001,1.86658,1.86769,436,18,0
2026-06-11 07:15:00,1.86767,1.86866,1.86767,1.8686099999999999,374,18,0
2026-06-11 07:30:00,1.86859,1.8689,1.86802,1.86812,387,18,0
2026-06-11 07:45:00,1.86815,1.8686099999999999,1.86795,1.86817,371,18,0
2026-06-11 08:00:00,1.8681299999999998,1.8684699999999999,1.86787,1.86826,394,18,0
2026-06-11 08:15:00,1.8682400000000001,1.86826,1.8674,1.86756,353,18,0
2026-06-11 08:30:00,1.86754,1.86802,1.86738,1.86768,307,18,0
2026-06-11 08:45:00,1.8677000000000001,1.86776,1.8670200000000001,1.8673899999999999,363,18,0
2026-06-11 09:00:00,1.86742,1.8681,1.8671,1.86809,396,18,0
2026-06-11 09:15:00,1.86806,1.86816,1.86749,1.86768,341,18,0
2026-06-11 09:30:00,1.8676599999999999,1.86769,1.86723,1.86723,273,18,0
2026-06-11 09:45:00,1.86726,1.8681299999999998,1.8668900000000002,1.86785,292,18,0
2026-06-11 10:00:00,1.86788,1.8679000000000001,1.86693,1.8671,314,18,0
2026-06-11 10:15:00,1.86711,1.8672900000000001,1.86673,1.86697,294,18,0
2026-06-11 10:30:00,1.86699,1.8673,1.86688,1.8671,246,18,0
2026-06-11 10:45:00,1.86712,1.8676599999999999,1.86701,1.86723,234,18,0
2026-06-11 11:00:00,1.8672499999999999,1.86802,1.86701,1.86737,447,18,0
2026-06-11 11:15:00,1.86735,1.8676,1.86688,1.86741,293,18,0
2026-06-11 11:30:00,1.86738,1.86774,1.86723,1.86751,359,18,0
2026-06-11 11:45:00,1.86753,1.86791,1.86731,1.8677899999999998,301,18,0
2026-06-11 12:00:00,1.86781,1.86815,1.8674300000000001,1.8679700000000001,365,18,0
2026-06-11 12:15:00,1.86796,1.8680400000000001,1.86593,1.86674,1071,18,0
2026-06-11 12:30:00,1.86676,1.86773,1.8658700000000001,1.86712,884,18,0
2026-06-11 12:45:00,1.8670900000000001,1.86864,1.8668900000000002,1.8683,876,18,0
2026-06-11 13:00:00,1.86833,1.86836,1.86735,1.8675000000000002,582,18,0
2026-06-11 13:15:00,1.86751,1.86802,1.86649,1.8678,616,18,0
2026-06-11 13:30:00,1.86783,1.86893,1.8676599999999999,1.86859,835,18,0
2026-06-11 13:45:00,1.8685800000000001,1.8698700000000001,1.8684500000000002,1.8692,860,18,0
2026-06-11 14:00:00,1.86918,1.8697599999999999,1.8685,1.8693499999999998,675,18,0
2026-06-11 14:15:00,1.86938,1.86945,1.86789,1.86794,636,18,0
2026-06-11 14:30:00,1.86791,1.86792,1.86684,1.86775,693,18,0
2026-06-11 14:45:00,1.8677899999999998,1.8689,1.8675199999999998,1.8677700000000002,755,18,0
2026-06-11 15:00:00,1.86775,1.86787,1.86658,1.8666,808,18,0
2026-06-11 15:15:00,1.86662,1.86814,1.86658,1.86798,608,18,0
2026-06-11 15:30:00,1.86801,1.86818,1.86754,1.86782,518,18,0
2026-06-11 15:45:00,1.86787,1.86792,1.8671,1.86727,498,18,0
2026-06-11 16:00:00,1.86726,1.8677000000000001,1.86694,1.86741,512,18,0
2026-06-11 16:15:00,1.8674300000000001,1.8674300000000001,1.86679,1.8671,456,18,0
2026-06-11 16:30:00,1.86708,1.8671,1.8667,1.86692,368,18,0
2026-06-11 16:45:00,1.86695,1.86728,1.86686,1.86717,341,18,0
2026-06-11 17:00:00,1.86719,1.8675000000000002,1.86693,1.86741,435,18,0
2026-06-11 17:15:00,1.86744,1.86911,1.8671600000000002,1.8690600000000002,827,18,0
2026-06-11 17:30:00,1.8691,1.87323,1.86891,1.87268,2131,18,0
2026-06-11 17:45:00,1.87271,1.8731900000000001,1.87153,1.87183,1036,18,0
2026-06-11 18:00:00,1.87185,1.87207,1.8709500000000001,1.87194,787,18,0
2026-06-11 18:15:00,1.8719700000000001,1.87286,1.87187,1.87225,895,18,0
2026-06-11 18:30:00,1.87228,1.8727399999999998,1.87181,1.87257,609,18,0
2026-06-11 18:45:00,1.8726099999999999,1.87332,1.87256,1.8727399999999998,558,18,0
2026-06-11 19:00:00,1.8727200000000002,1.8734199999999999,1.8727200000000002,1.87324,696,18,0
2026-06-11 19:15:00,1.8732600000000001,1.87375,1.87302,1.87367,555,18,0
2026-06-11 19:30:00,1.8736899999999999,1.87409,1.8728500000000001,1.8728799999999999,793,18,0
2026-06-11 19:45:00,1.8728500000000001,1.87294,1.87236,1.8725100000000001,464,18,0
2026-06-11 20:00:00,1.8725,1.87311,1.87242,1.87273,334,18,0
2026-06-11 20:15:00,1.8727200000000002,1.87327,1.8726099999999999,1.8731499999999999,231,18,0
2026-06-11 20:30:00,1.8731200000000001,1.87347,1.873,1.87347,218,18,0
2026-06-11 20:45:00,1.87344,1.87372,1.87303,1.87318,316,18,0
2026-06-11 21:00:00,1.8731900000000001,1.8732600000000001,1.8731900000000001,1.87324,8,48,0
2026-06-11 21:15:00,1.87325,1.8733300000000002,1.87256,1.8730799999999999,184,48,0
2026-06-11 21:30:00,1.8730799999999999,1.87364,1.87305,1.87364,81,48,0
2026-06-11 21:45:00,1.87365,1.87368,1.87311,1.87355,134,48,0
2026-06-11 22:00:00,1.8735300000000001,1.87474,1.8735300000000001,1.8744,135,28,0
2026-06-11 22:15:00,1.87438,1.8744800000000001,1.87406,1.87418,146,18,0
2026-06-11 22:30:00,1.87411,1.87413,1.87347,1.8738700000000001,190,18,0
2026-06-11 22:45:00,1.87386,1.8743699999999999,1.87386,1.87429,170,18,0
2026-06-11 23:00:00,1.87427,1.87445,1.87395,1.87398,200,18,0
2026-06-11 23:15:00,1.87401,1.87439,1.87391,1.8743400000000001,190,18,0
2026-06-11 23:30:00,1.87436,1.87449,1.87416,1.8743699999999999,194,18,0
2026-06-11 23:45:00,1.87436,1.8744800000000001,1.8739400000000002,1.87418,277,18,0
2026-06-12 00:00:00,1.87419,1.87451,1.8737300000000001,1.87427,539,18,0
2026-06-12 00:15:00,1.87424,1.8742999999999999,1.8739,1.87412,358,18,0
2026-06-12 00:30:00,1.87415,1.87416,1.87347,1.87361,330,18,0
2026-06-12 00:45:00,1.87359,1.87417,1.87359,1.87392,362,18,0
2026-06-12 01:00:00,1.87395,1.87408,1.8732199999999999,1.87356,560,18,0
2026-06-12 01:15:00,1.87354,1.87361,1.87311,1.87334,381,18,0
2026-06-12 01:30:00,1.87331,1.87377,1.87329,1.87336,487,18,0
2026-06-12 01:45:00,1.8734,1.87378,1.8731200000000001,1.8735300000000001,410,18,0
2026-06-12 02:00:00,1.8735,1.87425,1.87343,1.87415,330,18,0
2026-06-12 02:15:00,1.87417,1.87419,1.8734600000000001,1.87352,285,18,0
2026-06-12 02:30:00,1.87355,1.8738700000000001,1.87334,1.87385,276,18,0
2026-06-12 02:45:00,1.87388,1.8739400000000002,1.8736899999999999,1.87381,211,18,0
2026-06-12 03:00:00,1.87378,1.8738899999999998,1.87356,1.87381,247,18,0
2026-06-12 03:15:00,1.87382,1.87425,1.87374,1.87409,344,18,0
2026-06-12 03:30:00,1.87406,1.87449,1.8739599999999998,1.87439,333,18,0
2026-06-12 03:45:00,1.87438,1.8744,1.87405,1.8742100000000002,281,18,0
2026-06-12 04:00:00,1.8742299999999998,1.8743400000000001,1.87395,1.87433,267,18,0
2026-06-12 04:15:00,1.8742999999999999,1.87446,1.87424,1.87438,217,18,0
2026-06-12 04:30:00,1.87439,1.87449,1.87422,1.87431,225,18,0
2026-06-12 04:45:00,1.8743400000000001,1.87451,1.87377,1.87388,249,18,0
2026-06-12 05:00:00,1.8739,1.87409,1.87341,1.87357,373,18,0
2026-06-12 05:15:00,1.87358,1.8737,1.87331,1.8734899999999999,298,18,0
2026-06-12 05:30:00,1.87347,1.87384,1.8733499999999998,1.87359,383,18,0
2026-06-12 05:45:00,1.87361,1.8737,1.8730799999999999,1.87337,324,18,0
2026-06-12 06:00:00,1.87336,1.87392,1.8732600000000001,1.87381,408,18,0
2026-06-12 06:15:00,1.87384,1.8739400000000002,1.87364,1.87381,279,18,0
2026-06-12 06:30:00,1.8738299999999999,1.8738299999999999,1.87282,1.87283,498,18,0
2026-06-12 06:45:00,1.87286,1.8735300000000001,1.87279,1.8735,449,18,0
2026-06-12 07:00:00,1.87352,1.87392,1.8731900000000001,1.87343,489,18,0
2026-06-12 07:15:00,1.87344,1.8739,1.87303,1.8738000000000001,470,18,0
2026-06-12 07:30:00,1.87377,1.8739,1.87276,1.873,597,18,0
2026-06-12 07:45:00,1.87303,1.8738899999999998,1.87276,1.8738899999999998,663,18,0
2026-06-12 08:00:00,1.87392,1.8744100000000001,1.87339,1.87432,596,18,0
2026-06-12 08:15:00,1.87435,1.87542,1.87416,1.87489,858,18,0
2026-06-12 08:30:00,1.87487,1.8757899999999998,1.87487,1.8756,650,18,0
2026-06-12 08:45:00,1.87564,1.87589,1.87527,1.87554,473,18,0
2026-06-12 09:00:00,1.8755600000000001,1.87602,1.87522,1.87601,502,18,0
2026-06-12 09:15:00,1.8760400000000002,1.87653,1.87578,1.87603,649,18,0
2026-06-12 09:30:00,1.87602,1.8765,1.87589,1.87623,441,18,0
2026-06-12 09:45:00,1.8762699999999999,1.87645,1.8759700000000001,1.87625,366,18,0
2026-06-12 10:00:00,1.8762699999999999,1.8765100000000001,1.87569,1.87584,385,18,0
2026-06-12 10:15:00,1.87585,1.87621,1.87511,1.87523,515,18,0
2026-06-12 10:30:00,1.87527,1.8758599999999999,1.87523,1.8753,430,18,0
2026-06-12 10:45:00,1.8752900000000001,1.8757700000000002,1.87521,1.87546,411,18,0
2026-06-12 11:00:00,1.87544,1.8767,1.8753600000000001,1.87668,410,18,0
2026-06-12 11:15:00,1.8767,1.87682,1.87594,1.87619,386,18,0
2026-06-12 11:30:00,1.87616,1.8762699999999999,1.87564,1.87576,353,18,0
2026-06-12 11:45:00,1.8757700000000002,1.87601,1.8754300000000002,1.8756300000000001,417,18,0
2026-06-12 12:00:00,1.8756599999999999,1.8756599999999999,1.87428,1.8743699999999999,487,18,0
2026-06-12 12:15:00,1.8743400000000001,1.87492,1.87347,1.87347,491,18,0
2026-06-12 12:30:00,1.8735,1.8737599999999999,1.87296,1.87303,503,18,0
2026-06-12 12:45:00,1.87302,1.8732600000000001,1.87245,1.87264,528,18,0
2026-06-12 13:00:00,1.87262,1.8732600000000001,1.87215,1.8723100000000001,504,18,0
2026-06-12 13:15:00,1.87234,1.87415,1.87233,1.87411,534,18,0
2026-06-12 13:30:00,1.8741400000000001,1.87449,1.87277,1.8736199999999998,1128,18,0
2026-06-12 13:45:00,1.87366,1.87425,1.87306,1.8732600000000001,778,18,0
2026-06-12 14:00:00,1.87329,1.8738000000000001,1.8731,1.87332,848,18,0
2026-06-12 14:15:00,1.8733,1.87381,1.87249,1.87249,698,18,0
2026-06-12 14:30:00,1.8724699999999999,1.87317,1.87216,1.87273,744,18,0
2026-06-12 14:45:00,1.8727200000000002,1.87392,1.8721700000000001,1.8734600000000001,1135,18,0
2026-06-12 15:00:00,1.8734899999999999,1.87356,1.8730099999999998,1.8732799999999998,731,18,0
2026-06-12 15:15:00,1.8732600000000001,1.87392,1.8728799999999999,1.8739,755,18,0
2026-06-12 15:30:00,1.8738700000000001,1.8739,1.87324,1.87325,694,18,0
2026-06-12 15:45:00,1.87324,1.87416,1.87305,1.8738000000000001,550,18,0
2026-06-12 16:00:00,1.87384,1.87418,1.873,1.87354,717,18,0
2026-06-12 16:15:00,1.87357,1.87412,1.87334,1.8740299999999999,520,18,0
2026-06-12 16:30:00,1.87401,1.8747,1.87401,1.87463,416,18,0
2026-06-12 16:45:00,1.87462,1.87472,1.87405,1.87429,407,18,0
2026-06-12 17:00:00,1.87432,1.87487,1.87432,1.8747,425,18,0
2026-06-12 17:15:00,1.87467,1.87508,1.87456,1.8749099999999999,336,18,0
2026-06-12 17:30:00,1.87489,1.87514,1.87463,1.87507,329,18,0
2026-06-12 17:45:00,1.87508,1.87535,1.87499,1.8752,277,18,0
2026-06-12 18:00:00,1.87517,1.8754,1.8749799999999999,1.87507,343,18,0
2026-06-12 18:15:00,1.87506,1.87547,1.8749500000000001,1.87547,320,18,0
2026-06-12 18:30:00,1.87549,1.87575,1.87539,1.8754,261,18,0
2026-06-12 18:45:00,1.87542,1.87553,1.87513,1.87521,289,18,0
2026-06-12 19:00:00,1.87523,1.8754,1.87503,1.87515,244,18,0
2026-06-12 19:15:00,1.87513,1.8753,1.87496,1.87517,199,18,0
2026-06-12 19:30:00,1.87515,1.87517,1.87462,1.8750499999999999,303,18,0
2026-06-12 19:45:00,1.87506,1.87528,1.8745,1.87486,352,18,0
2026-06-12 20:00:00,1.87489,1.87499,1.8745500000000002,1.87461,184,18,0
2026-06-12 20:15:00,1.87462,1.87467,1.87424,1.87428,120,18,0
2026-06-12 20:30:00,1.87425,1.8747099999999999,1.87419,1.87462,165,18,0
2026-06-12 20:45:00,1.87459,1.8753199999999999,1.87459,1.87514,269,18,0
2026-06-14 21:15:00,1.87458,1.87562,1.87458,1.8750900000000001,167,130,0
2026-06-14 21:30:00,1.87539,1.87635,1.87453,1.87622,356,118,0
2026-06-14 21:45:00,1.87626,1.87635,1.87316,1.8751,424,114,0
2026-06-14 22:00:00,1.87554,1.87851,1.8753,1.8772,670,28,0
2026-06-14 22:15:00,1.87718,1.87778,1.87669,1.87748,298,28,0
2026-06-14 22:30:00,1.87747,1.87764,1.87686,1.87751,285,18,0
2026-06-14 22:45:00,1.8774899999999999,1.87798,1.87745,1.87786,278,18,0
2026-06-14 23:00:00,1.8778299999999999,1.8780299999999999,1.87747,1.87755,260,18,0
2026-06-14 23:15:00,1.87757,1.87779,1.87743,1.87778,140,18,0
2026-06-14 23:30:00,1.87777,1.8778700000000002,1.87748,1.87782,131,18,0
2026-06-14 23:45:00,1.87785,1.87808,1.87767,1.87797,276,18,0
2026-06-15 00:00:00,1.87799,1.8785699999999999,1.87786,1.87842,408,18,0
2026-06-15 00:15:00,1.8784399999999999,1.879,1.8784399999999999,1.87872,323,18,0
2026-06-15 00:30:00,1.87869,1.87869,1.87829,1.8784800000000001,279,18,0
2026-06-15 00:45:00,1.87849,1.87858,1.87797,1.87805,327,18,0
2026-06-15 01:00:00,1.87802,1.87835,1.8779400000000002,1.87815,351,18,0
2026-06-15 01:15:00,1.87816,1.87831,1.87784,1.87791,300,18,0
2026-06-15 01:30:00,1.87793,1.87799,1.8776899999999999,1.87771,246,18,0
2026-06-15 01:45:00,1.87774,1.87812,1.87743,1.87751,258,18,0
2026-06-15 02:00:00,1.8775300000000001,1.87779,1.87713,1.87724,309,18,0
2026-06-15 02:15:00,1.87721,1.87744,1.8771,1.87732,233,18,0
2026-06-15 02:30:00,1.8773300000000002,1.87751,1.8772199999999999,1.87723,208,18,0
2026-06-15 02:45:00,1.87725,1.87734,1.87714,1.8771900000000001,154,18,0
2026-06-15 03:00:00,1.87718,1.87736,1.8771,1.87714,147,18,0
2026-06-15 03:15:00,1.87716,1.87758,1.87714,1.87758,160,18,0
2026-06-15 03:30:00,1.8776000000000002,1.87767,1.8774199999999999,1.8774899999999999,195,18,0
2026-06-15 03:45:00,1.87747,1.87759,1.8772199999999999,1.87734,207,18,0
2026-06-15 04:00:00,1.87737,1.8775300000000001,1.87707,1.87723,164,18,0
2026-06-15 04:15:00,1.8772199999999999,1.8776000000000002,1.8772,1.8776000000000002,176,18,0
2026-06-15 04:30:00,1.8776199999999998,1.87802,1.87751,1.8780000000000001,150,18,0
2026-06-15 04:45:00,1.87798,1.87804,1.87764,1.87765,177,18,0
2026-06-15 05:00:00,1.87768,1.8780299999999999,1.87758,1.87766,299,18,0
2026-06-15 05:15:00,1.87765,1.8776899999999999,1.8774,1.87747,262,18,0
2026-06-15 05:30:00,1.8774899999999999,1.87759,1.87725,1.87736,228,18,0
2026-06-15 05:45:00,1.87738,1.8779,1.87729,1.8778899999999998,226,18,0
2026-06-15 06:00:00,1.87792,1.87853,1.8778700000000002,1.8783400000000001,439,18,0
2026-06-15 06:15:00,1.87835,1.87854,1.87811,1.8782299999999998,319,18,0
2026-06-15 06:30:00,1.87825,1.87825,1.87764,1.87801,413,18,0
2026-06-15 06:45:00,1.87802,1.8782100000000002,1.8777599999999999,1.87797,294,18,0
2026-06-15 07:00:00,1.87799,1.87842,1.87744,1.87755,552,18,0
2026-06-15 07:15:00,1.87751,1.87817,1.87745,1.87774,381,18,0
2026-06-15 07:30:00,1.87775,1.8778299999999999,1.87694,1.87759,497,18,0
2026-06-15 07:45:00,1.8776199999999998,1.87784,1.8771499999999999,1.87738,418,18,0
2026-06-15 08:00:00,1.8773499999999999,1.87736,1.87656,1.87664,355,18,0
2026-06-15 08:15:00,1.8766699999999998,1.87687,1.87645,1.8765800000000001,291,18,0
2026-06-15 08:30:00,1.87661,1.8768099999999999,1.87554,1.87592,362,18,0
2026-06-15 08:45:00,1.87591,1.8761,1.8751799999999998,1.87558,355,18,0
2026-06-15 09:00:00,1.8756,1.87634,1.8755899999999999,1.8760400000000002,307,18,0
2026-06-15 09:15:00,1.87601,1.87648,1.8759000000000001,1.87592,267,18,0
2026-06-15 09:30:00,1.87595,1.87628,1.8757700000000002,1.87602,272,18,0
2026-06-15 09:45:00,1.87605,1.8763999999999998,1.8754,1.87592,354,18,0
2026-06-15 10:00:00,1.87595,1.87625,1.87562,1.87623,302,18,0
2026-06-15 10:15:00,1.8761999999999999,1.87632,1.8759299999999999,1.8762699999999999,278,18,0
2026-06-15 10:30:00,1.87629,1.87637,1.87574,1.87583,236,18,0
2026-06-15 10:45:00,1.87585,1.87598,1.87508,1.87531,339,18,0
2026-06-15 11:00:00,1.87533,1.8761299999999999,1.87533,1.876,312,18,0
2026-06-15 11:15:00,1.87596,1.87656,1.8758599999999999,1.87619,350,18,0
2026-06-15 11:30:00,1.8761700000000001,1.87642,1.87594,1.87609,332,18,0
2026-06-15 11:45:00,1.8761,1.87679,1.87575,1.87679,446,18,0
2026-06-15 12:00:00,1.87682,1.87706,1.87607,1.87607,438,18,0
2026-06-15 12:15:00,1.8760400000000002,1.8761299999999999,1.87553,1.87592,369,18,0
2026-06-15 12:30:00,1.8759000000000001,1.87652,1.87539,1.87589,366,18,0
2026-06-15 12:45:00,1.87587,1.87652,1.8756300000000001,1.87639,460,18,0
2026-06-15 13:00:00,1.87641,1.8771499999999999,1.87628,1.87695,365,18,0
2026-06-15 13:15:00,1.8769200000000001,1.87828,1.8769200000000001,1.87828,365,18,0
2026-06-15 13:30:00,1.87829,1.87851,1.87772,1.87793,619,18,0
2026-06-15 13:45:00,1.8779400000000002,1.87849,1.87768,1.87771,533,18,0
2026-06-15 14:00:00,1.87768,1.8785500000000002,1.87765,1.8781400000000001,525,18,0
2026-06-15 14:15:00,1.87817,1.87877,1.87813,1.8786399999999999,498,18,0
2026-06-15 14:30:00,1.87866,1.87947,1.87833,1.87938,566,18,0
2026-06-15 14:45:00,1.8793600000000001,1.87954,1.87793,1.8779599999999999,789,18,0
2026-06-15 15:00:00,1.87793,1.87828,1.87724,1.87751,511,18,0
2026-06-15 15:15:00,1.87747,1.8783699999999999,1.87741,1.8782999999999999,377,18,0
2026-06-15 15:30:00,1.87828,1.8784,1.87748,1.87748,409,18,0
2026-06-15 15:45:00,1.87752,1.87811,1.8770099999999998,1.87717,400,18,0
2026-06-15 16:00:00,1.8772,1.87825,1.8772,1.87799,387,18,0
2026-06-15 16:15:00,1.87795,1.87852,1.8778899999999998,1.87851,376,18,0
2026-06-15 16:30:00,1.87852,1.87852,1.8774199999999999,1.87754,328,18,0
2026-06-15 16:45:00,1.8775300000000001,1.8779,1.8772600000000002,1.87744,332,18,0
2026-06-15 17:00:00,1.87747,1.87765,1.8770799999999999,1.87757,331,18,0
2026-06-15 17:15:00,1.8775300000000001,1.8776899999999999,1.87727,1.87731,254,18,0
2026-06-15 17:30:00,1.8773300000000002,1.87784,1.87732,1.8776899999999999,246,18,0
2026-06-15 17:45:00,1.87766,1.8778299999999999,1.8772600000000002,1.8774199999999999,230,18,0
2026-06-15 18:00:00,1.8774,1.87779,1.87737,1.87751,307,18,0
2026-06-15 18:15:00,1.8775,1.87754,1.8768799999999999,1.87704,249,18,0
2026-06-15 18:30:00,1.8770799999999999,1.8771,1.87663,1.87687,300,18,0
2026-06-15 18:45:00,1.87684,1.8770099999999998,1.8765100000000001,1.87675,310,18,0
2026-06-15 19:00:00,1.8767200000000002,1.8767800000000001,1.87626,1.8763800000000002,324,18,0
2026-06-15 19:15:00,1.87635,1.87646,1.8758,1.87595,287,18,0
2026-06-15 19:30:00,1.8759299999999999,1.8763800000000002,1.8758599999999999,1.87623,311,18,0
2026-06-15 19:45:00,1.8761999999999999,1.8764699999999999,1.876,1.87609,330,18,0
2026-06-15 20:00:00,1.87607,1.87626,1.87581,1.87618,254,18,0
2026-06-15 20:15:00,1.87615,1.87615,1.87542,1.87557,112,18,0
2026-06-15 20:30:00,1.8755600000000001,1.87573,1.8755,1.8755899999999999,129,18,0
2026-06-15 20:45:00,1.8756,1.87642,1.87557,1.87622,247,18,0
2026-06-15 21:00:00,1.87621,1.87621,1.87609,1.87614,63,48,0
2026-06-15 21:15:00,1.87615,1.87618,1.87598,1.87598,306,48,0
2026-06-15 21:30:00,1.8759700000000001,1.87632,1.8759700000000001,1.8761700000000001,167,48,0
2026-06-15 21:45:00,1.8761700000000001,1.87625,1.87528,1.8754499999999998,205,48,0
2026-06-15 22:00:00,1.87521,1.87661,1.87521,1.8763800000000002,196,28,0
2026-06-15 22:15:00,1.87637,1.8765,1.8761,1.8761100000000002,71,28,0
2026-06-15 22:30:00,1.8761,1.8763,1.8761,1.8762400000000001,51,28,0
2026-06-15 22:45:00,1.87623,1.87663,1.87623,1.87653,64,18,0
2026-06-15 23:00:00,1.87652,1.8768799999999999,1.8765100000000001,1.8767200000000002,67,18,0
2026-06-15 23:15:00,1.87671,1.8767800000000001,1.87666,1.87676,59,18,0
2026-06-15 23:30:00,1.87679,1.87679,1.8766,1.87675,60,18,0
2026-06-15 23:45:00,1.87679,1.8771,1.87666,1.87702,98,18,0
2026-06-16 00:00:00,1.87698,1.87698,1.8764699999999999,1.87669,204,18,0
2026-06-16 00:15:00,1.8767,1.87677,1.87659,1.87666,194,18,0
2026-06-16 00:30:00,1.8766699999999998,1.87696,1.8766699999999998,1.87676,193,18,0
2026-06-16 00:45:00,1.8767399999999999,1.87682,1.87642,1.87663,214,18,0
2026-06-16 01:00:00,1.87666,1.87711,1.87657,1.87659,322,18,0
2026-06-16 01:15:00,1.8765800000000001,1.8767800000000001,1.87642,1.87675,200,18,0
2026-06-16 01:30:00,1.8767200000000002,1.87691,1.87623,1.8763,228,18,0
2026-06-16 01:45:00,1.8762699999999999,1.87675,1.87587,1.8761100000000002,239,18,0
2026-06-16 02:00:00,1.87612,1.87615,1.87562,1.87571,218,18,0
2026-06-16 02:15:00,1.87569,1.87582,1.87541,1.87568,184,18,0
2026-06-16 02:30:00,1.87572,1.87595,1.87568,1.87582,184,18,0
2026-06-16 02:45:00,1.8758599999999999,1.87596,1.87567,1.87581,166,18,0
2026-06-16 03:00:00,1.87585,1.87607,1.87578,1.87601,184,18,0
2026-06-16 03:15:00,1.87599,1.8761999999999999,1.87585,1.87609,237,18,0
2026-06-16 03:30:00,1.87605,1.87633,1.87602,1.87626,168,18,0
2026-06-16 03:45:00,1.87628,1.8763800000000002,1.87599,1.8761299999999999,142,18,0
2026-06-16 04:00:00,1.87615,1.87639,1.87589,1.8759299999999999,198,18,0
2026-06-16 04:15:00,1.87594,1.87691,1.87594,1.87691,271,18,0
2026-06-16 04:30:00,1.87694,1.8771900000000001,1.8767200000000002,1.87713,258,18,0
2026-06-16 04:45:00,1.8771200000000001,1.8772,1.87695,1.877,206,18,0
2026-06-16 05:00:00,1.87698,1.8771,1.8768,1.87703,186,18,0
2026-06-16 05:15:00,1.87705,1.87743,1.87702,1.87743,144,18,0
2026-06-16 05:30:00,1.8774600000000001,1.87757,1.87705,1.87718,242,18,0
2026-06-16 05:45:00,1.87721,1.8772799999999998,1.87666,1.87683,289,18,0
2026-06-16 06:00:00,1.8768,1.87751,1.87676,1.87738,303,18,0
2026-06-16 06:15:00,1.8773499999999999,1.8774600000000001,1.8769,1.8771499999999999,228,18,0
2026-06-16 06:30:00,1.8771200000000001,1.87785,1.87697,1.87737,395,18,0
2026-06-16 06:45:00,1.87734,1.87788,1.8773300000000002,1.87788,304,18,0
2026-06-16 07:00:00,1.87791,1.8784399999999999,1.87774,1.87839,447,18,0
2026-06-16 07:15:00,1.87836,1.8785500000000002,1.87805,1.87817,356,18,0
2026-06-16 07:30:00,1.8782,1.8782999999999999,1.87788,1.87805,411,18,0
2026-06-16 07:45:00,1.87806,1.87873,1.87793,1.87872,365,18,0
2026-06-16 08:00:00,1.8787500000000001,1.8796300000000001,1.87842,1.8796,425,18,0
2026-06-16 08:15:00,1.87962,1.87969,1.879,1.87964,337,18,0
2026-06-16 08:30:00,1.87961,1.87989,1.87899,1.87926,365,18,0
2026-06-16 08:45:00,1.8792499999999999,1.87967,1.8789,1.87961,279,18,0
2026-06-16 09:00:00,1.8796300000000001,1.87998,1.879,1.8792499999999999,406,18,0
2026-06-16 09:15:00,1.87928,1.87933,1.87845,1.87873,324,18,0
2026-06-16 09:30:00,1.8787500000000001,1.87904,1.87862,1.87877,259,18,0
2026-06-16 09:45:00,1.87876,1.87893,1.87853,1.87853,234,18,0
2026-06-16 10:00:00,1.87856,1.87865,1.87819,1.87847,358,18,0
2026-06-16 10:15:00,1.87843,1.8786399999999999,1.87819,1.87828,303,18,0
2026-06-16 10:30:00,1.87826,1.87845,1.8778000000000001,1.87845,271,18,0
2026-06-16 10:45:00,1.87846,1.87946,1.8782,1.87944,369,18,0
2026-06-16 11:00:00,1.8794300000000002,1.87944,1.87859,1.87901,393,18,0
2026-06-16 11:15:00,1.879,1.8793199999999999,1.8786,1.87899,332,18,0
2026-06-16 11:30:00,1.87901,1.87913,1.87817,1.8784999999999998,346,18,0
2026-06-16 11:45:00,1.8784800000000001,1.87896,1.87832,1.8789099999999999,308,18,0
2026-06-16 12:00:00,1.87893,1.87919,1.8785699999999999,1.8791600000000002,441,18,0
2026-06-16 12:15:00,1.87913,1.87934,1.8788,1.87917,385,18,0
2026-06-16 12:30:00,1.8792,1.8797000000000001,1.8790499999999999,1.87933,360,18,0
2026-06-16 12:45:00,1.87935,1.8799000000000001,1.87934,1.8797700000000002,388,18,0
2026-06-16 13:00:00,1.8797899999999998,1.88003,1.87889,1.87904,456,18,0
2026-06-16 13:15:00,1.87903,1.87915,1.87854,1.87901,436,18,0
2026-06-16 13:30:00,1.87897,1.87926,1.8780700000000001,1.8780700000000001,561,18,0
2026-06-16 13:45:00,1.87805,1.8780999999999999,1.8772799999999998,1.87771,491,18,0
2026-06-16 14:00:00,1.8777300000000001,1.87833,1.87723,1.8773,527,18,0
2026-06-16 14:15:00,1.87732,1.87764,1.8768,1.8768799999999999,461,18,0
2026-06-16 14:30:00,1.8769,1.8777,1.87656,1.8775300000000001,532,18,0
2026-06-16 14:45:00,1.87755,1.8783699999999999,1.87725,1.8778000000000001,669,18,0
2026-06-16 15:00:00,1.87781,1.8787,1.8774,1.8775,554,18,0
2026-06-16 15:15:00,1.87751,1.87771,1.87716,1.87741,378,18,0
2026-06-16 15:30:00,1.87744,1.8779,1.87723,1.87758,391,18,0
2026-06-16 15:45:00,1.87761,1.87926,1.87743,1.87877,584,18,0
2026-06-16 16:00:00,1.8788,1.8792,1.8786,1.8790499999999999,453,18,0
2026-06-16 16:15:00,1.87908,1.87923,1.87826,1.8782999999999999,380,18,0
2026-06-16 16:30:00,1.87833,1.8785500000000002,1.87813,1.87825,321,18,0
2026-06-16 16:45:00,1.87822,1.87847,1.8778299999999999,1.8780000000000001,296,18,0
2026-06-16 17:00:00,1.87802,1.87802,1.87757,1.87765,301,18,0
2026-06-16 17:15:00,1.87766,1.8782999999999999,1.87763,1.87828,254,18,0
2026-06-16 17:30:00,1.87831,1.87892,1.87827,1.87888,278,18,0
2026-06-16 17:45:00,1.87892,1.8791600000000002,1.8788,1.8791600000000002,195,18,0
2026-06-16 18:00:00,1.8791799999999999,1.87946,1.8789799999999999,1.87904,248,18,0
2026-06-16 18:15:00,1.87908,1.8791600000000002,1.87874,1.87874,199,18,0
2026-06-16 18:30:00,1.8787500000000001,1.8788399999999998,1.87833,1.8784399999999999,172,18,0
2026-06-16 18:45:00,1.87847,1.87887,1.87826,1.87885,196,18,0
2026-06-16 19:00:00,1.8788399999999998,1.87915,1.87881,1.87888,245,18,0
2026-06-16 19:15:00,1.87889,1.87893,1.87845,1.87877,204,18,0
2026-06-16 19:30:00,1.8788,1.87915,1.87872,1.87897,198,18,0
2026-06-16 19:45:00,1.87896,1.8790900000000001,1.87862,1.87906,276,18,0
2026-06-16 20:00:00,1.87908,1.8791600000000002,1.87856,1.8785699999999999,167,18,0
2026-06-16 20:15:00,1.87856,1.87876,1.87838,1.8787099999999999,98,18,0
2026-06-16 20:30:00,1.87873,1.87957,1.8787,1.87937,137,18,0
2026-06-16 20:45:00,1.87939,1.8794,1.87867,1.8786800000000001,157,18,0
2026-06-16 21:00:00,1.87867,1.8786800000000001,1.87862,1.87863,8,48,0
2026-06-16 21:15:00,1.8786100000000001,1.8787,1.87859,1.87869,59,48,0
2026-06-16 21:30:00,1.8787099999999999,1.87878,1.87825,1.87825,116,48,0
2026-06-16 21:45:00,1.87825,1.8786399999999999,1.87817,1.8786399999999999,125,48,0
2026-06-16 22:00:00,1.87881,1.87881,1.87822,1.87846,106,18,0
2026-06-16 22:15:00,1.87847,1.87852,1.87836,1.87846,90,18,0
2026-06-16 22:30:00,1.8784800000000001,1.87854,1.87845,1.87852,45,18,0
2026-06-16 22:45:00,1.87853,1.8785500000000002,1.8784800000000001,1.87854,27,18,0
2026-06-16 23:00:00,1.87853,1.87888,1.87852,1.87877,59,18,0
2026-06-16 23:15:00,1.87879,1.87897,1.8786800000000001,1.8789500000000001,79,18,0
2026-06-16 23:30:00,1.87896,1.87896,1.87866,1.8786800000000001,93,18,0
2026-06-16 23:45:00,1.87867,1.87889,1.87867,1.87869,114,18,0
2026-06-17 00:00:00,1.87872,1.8793199999999999,1.8787099999999999,1.8792,197,18,0
2026-06-17 00:15:00,1.87924,1.8794,1.87879,1.87879,123,18,0
2026-06-17 00:30:00,1.87883,1.87901,1.87873,1.8789,141,18,0
2026-06-17 00:45:00,1.87888,1.8789500000000001,1.8786,1.8789500000000001,154,18,0
2026-06-17 01:00:00,1.87892,1.87939,1.87886,1.87926,231,18,0
2026-06-17 01:15:00,1.8792499999999999,1.8794499999999998,1.8791799999999999,1.87934,148,18,0
2026-06-17 01:30:00,1.87935,1.8795199999999999,1.87927,1.87938,154,18,0
2026-06-17 01:45:00,1.87942,1.87954,1.87894,1.87899,179,18,0
2026-06-17 02:00:00,1.8789799999999999,1.879,1.87873,1.8788200000000002,140,18,0
2026-06-17 02:15:00,1.87886,1.87947,1.87881,1.87947,152,18,0
2026-06-17 02:30:00,1.8794499999999998,1.87958,1.8793600000000001,1.87946,106,18,0
2026-06-17 02:45:00,1.87949,1.87949,1.8791099999999998,1.87919,121,18,0
2026-06-17 03:00:00,1.87921,1.87949,1.87914,1.87934,121,18,0
2026-06-17 03:15:00,1.8793,1.87947,1.87921,1.87939,93,18,0
2026-06-17 03:30:00,1.87937,1.87951,1.8792499999999999,1.87947,85,18,0
2026-06-17 03:45:00,1.87946,1.87968,1.8794300000000002,1.8796599999999999,113,18,0
2026-06-17 04:00:00,1.87965,1.87984,1.87957,1.87981,90,18,0
2026-06-17 04:15:00,1.87982,1.87987,1.87973,1.87973,81,18,0
2026-06-17 04:30:00,1.87976,1.87981,1.8796,1.8796599999999999,79,18,0
2026-06-17 04:45:00,1.87967,1.8798599999999999,1.8795899999999999,1.87964,113,18,0
2026-06-17 05:00:00,1.87967,1.87987,1.8796,1.87971,114,18,0
2026-06-17 05:15:00,1.87968,1.87992,1.8793199999999999,1.87967,129,18,0
2026-06-17 05:30:00,1.87968,1.8797899999999998,1.87944,1.8796,146,18,0
2026-06-17 05:45:00,1.87958,1.87982,1.87934,1.87946,210,18,0
2026-06-17 06:00:00,1.87949,1.8801999999999999,1.87805,1.87858,391,18,0
2026-06-17 06:15:00,1.8785500000000002,1.87877,1.87818,1.87838,246,18,0
2026-06-17 06:30:00,1.8784100000000001,1.87849,1.8775300000000001,1.8779400000000002,292,18,0
2026-06-17 06:45:00,1.87797,1.8784800000000001,1.87782,1.8784800000000001,282,18,0
2026-06-17 07:00:00,1.87851,1.87897,1.8783400000000001,1.87866,305,18,0
2026-06-17 07:15:00,1.87869,1.8788399999999998,1.87786,1.87799,336,18,0
2026-06-17 07:30:00,1.87795,1.87819,1.8776899999999999,1.8777599999999999,336,18,0
2026-06-17 07:45:00,1.87775,1.8782999999999999,1.87767,1.87819,308,18,0
2026-06-17 08:00:00,1.87817,1.87822,1.8774600000000001,1.8778700000000002,399,18,0
2026-06-17 08:15:00,1.8779,1.87799,1.87709,1.8776000000000002,360,18,0
2026-06-17 08:30:00,1.87759,1.87774,1.8771900000000001,1.87761,298,18,0
2026-06-17 08:45:00,1.87763,1.87791,1.87718,1.87791,247,18,0
2026-06-17 09:00:00,1.87788,1.87793,1.8774600000000001,1.87771,219,18,0
2026-06-17 09:15:00,1.8776899999999999,1.87784,1.87732,1.8776000000000002,262,18,0
2026-06-17 09:30:00,1.87764,1.87799,1.87758,1.87786,194,18,0
2026-06-17 09:45:00,1.8778899999999998,1.87829,1.87781,1.87829,176,18,0
2026-06-17 10:00:00,1.87826,1.87854,1.87801,1.8784100000000001,240,18,0
2026-06-17 10:15:00,1.87839,1.87854,1.8780000000000001,1.87833,245,18,0
2026-06-17 10:30:00,1.87831,1.87899,1.87831,1.87866,235,18,0
2026-06-17 10:45:00,1.87869,1.87928,1.87845,1.87866,265,18,0
2026-06-17 11:00:00,1.8786800000000001,1.87903,1.87839,1.87839,267,18,0
2026-06-17 11:15:00,1.8784,1.87876,1.8782999999999999,1.87843,291,18,0
2026-06-17 11:30:00,1.8784100000000001,1.8784100000000001,1.8776000000000002,1.87779,310,18,0
2026-06-17 11:45:00,1.87781,1.87829,1.8776199999999998,1.87771,344,18,0
2026-06-17 12:00:00,1.87772,1.87809,1.8776000000000002,1.87782,361,18,0
2026-06-17 12:15:00,1.87779,1.87799,1.87764,1.87785,277,18,0
2026-06-17 12:30:00,1.87781,1.87901,1.87759,1.87867,365,18,0
2026-06-17 12:45:00,1.8786800000000001,1.87964,1.8786800000000001,1.87934,315,18,0
2026-06-17 13:00:00,1.87931,1.87931,1.87873,1.8788200000000002,326,18,0
2026-06-17 13:15:00,1.87881,1.8794499999999998,1.87856,1.87899,390,18,0
2026-06-17 13:30:00,1.879,1.8793,1.87852,1.87878,506,18,0
2026-06-17 13:45:00,1.8787500000000001,1.8794499999999998,1.8783400000000001,1.8788,535,18,0
2026-06-17 14:00:00,1.87877,1.8789099999999999,1.87737,1.87756,559,18,0
2026-06-17 14:15:00,1.87757,1.8781400000000001,1.8772,1.87752,436,18,0
2026-06-17 14:30:00,1.87754,1.87764,1.87686,1.8773499999999999,466,18,0
2026-06-17 14:45:00,1.87738,1.8779599999999999,1.8759299999999999,1.87748,880,18,0
2026-06-17 15:00:00,1.87745,1.87802,1.8767200000000002,1.87793,522,18,0
2026-06-17 15:15:00,1.8779,1.87893,1.87777,1.8786800000000001,446,18,0
2026-06-17 15:30:00,1.8787,1.8789799999999999,1.8786100000000001,1.87893,369,18,0
2026-06-17 15:45:00,1.87896,1.87947,1.8788200000000002,1.87912,391,18,0
2026-06-17 16:00:00,1.87915,1.87937,1.8787500000000001,1.879,350,18,0
2026-06-17 16:15:00,1.87897,1.87951,1.8789099999999999,1.8794499999999998,272,18,0
2026-06-17 16:30:00,1.87948,1.87949,1.8788,1.87912,252,18,0
2026-06-17 16:45:00,1.87913,1.87938,1.87908,1.87924,206,18,0
2026-06-17 17:00:00,1.87926,1.87938,1.87892,1.87917,358,18,0
2026-06-17 17:15:00,1.87919,1.87921,1.87877,1.8790200000000001,237,18,0
2026-06-17 17:30:00,1.87899,1.87915,1.8787500000000001,1.87906,232,18,0
2026-06-17 17:45:00,1.8790900000000001,1.88029,1.8790900000000001,1.8801,286,18,0
2026-06-17 18:00:00,1.88007,1.88007,1.87614,1.87666,1799,18,0
2026-06-17 18:15:00,1.87668,1.87754,1.8765800000000001,1.87714,918,18,0
2026-06-17 18:30:00,1.8771200000000001,1.87845,1.87571,1.87785,3017,18,0
2026-06-17 18:45:00,1.87782,1.8779599999999999,1.876,1.87629,1433,18,0
2026-06-17 19:00:00,1.87626,1.87633,1.87144,1.8727399999999998,2186,18,0
2026-06-17 19:15:00,1.87277,1.87341,1.87244,1.87259,1441,18,0
2026-06-17 19:30:00,1.87256,1.87302,1.87187,1.87302,1480,18,0
2026-06-17 19:45:00,1.87303,1.87531,1.87303,1.87514,1249,18,0
2026-06-17 20:00:00,1.87517,1.8752,1.87384,1.87411,538,18,0
2026-06-17 20:15:00,1.8740999999999999,1.8744,1.8733499999999998,1.8734899999999999,470,18,0
2026-06-17 20:30:00,1.87351,1.87494,1.87348,1.87461,292,18,0
2026-06-17 20:45:00,1.87459,1.87489,1.87431,1.87431,229,18,0
2026-06-17 21:00:00,1.8742999999999999,1.8742999999999999,1.87395,1.87395,14,48,0
2026-06-17 21:15:00,1.8739400000000002,1.87411,1.87379,1.87405,90,83,0
2026-06-17 21:30:00,1.87404,1.87418,1.87377,1.87379,142,80,0
2026-06-17 21:45:00,1.87382,1.8744399999999999,1.8736899999999999,1.87378,178,48,0
2026-06-17 22:00:00,1.8739,1.8741400000000001,1.87324,1.8738700000000001,312,28,0
2026-06-17 22:15:00,1.87388,1.87399,1.87368,1.8737599999999999,93,28,0
2026-06-17 22:30:00,1.8737300000000001,1.8742999999999999,1.8737300000000001,1.87426,90,28,0
2026-06-17 22:45:00,1.87422,1.87452,1.87418,1.8743699999999999,71,18,0
2026-06-17 23:00:00,1.8743400000000001,1.8748,1.8743400000000001,1.8748,102,18,0
2026-06-17 23:15:00,1.87483,1.87539,1.87483,1.8752900000000001,133,18,0
2026-06-17 23:30:00,1.87527,1.8755199999999999,1.87497,1.8755199999999999,191,18,0
2026-06-17 23:45:00,1.87549,1.87562,1.8751600000000002,1.87555,235,18,0
2026-06-18 00:00:00,1.87558,1.87702,1.87548,1.87629,604,18,0
2026-06-18 00:15:00,1.8763,1.87656,1.8761700000000001,1.87656,324,18,0
2026-06-18 00:30:00,1.8765800000000001,1.87659,1.87608,1.87636,269,18,0
2026-06-18 00:45:00,1.87635,1.87635,1.8755199999999999,1.8757899999999998,434,18,0
2026-06-18 01:00:00,1.87582,1.8767,1.8757700000000002,1.8765100000000001,376,18,0
2026-06-18 01:15:00,1.8765,1.87716,1.8765,1.87716,296,18,0
2026-06-18 01:30:00,1.8771900000000001,1.87758,1.87713,1.87758,267,18,0
2026-06-18 01:45:00,1.87757,1.8777,1.8770799999999999,1.87716,284,18,0
2026-06-18 02:00:00,1.87718,1.87747,1.87693,1.87744,261,18,0
2026-06-18 02:15:00,1.87741,1.87747,1.87706,1.87729,219,18,0
2026-06-18 02:30:00,1.8772799999999998,1.87738,1.87697,1.87713,225,18,0
2026-06-18 02:45:00,1.87714,1.8773,1.87687,1.8771200000000001,224,18,0
2026-06-18 03:00:00,1.87714,1.8772600000000002,1.87704,1.8770799999999999,197,18,0
2026-06-18 03:15:00,1.8771200000000001,1.87741,1.87695,1.8773900000000001,210,18,0
2026-06-18 03:30:00,1.8774,1.87752,1.87714,1.87734,179,18,0
2026-06-18 03:45:00,1.8773499999999999,1.87774,1.8773499999999999,1.8776199999999998,153,18,0
2026-06-18 04:00:00,1.87765,1.8777599999999999,1.8772799999999998,1.87731,215,18,0
2026-06-18 04:15:00,1.87727,1.87752,1.87724,1.87745,194,18,0
2026-06-18 04:30:00,1.87747,1.87752,1.87731,1.87743,224,18,0
2026-06-18 04:45:00,1.8774199999999999,1.8777,1.8773900000000001,1.8774600000000001,193,18,0
2026-06-18 05:00:00,1.87748,1.87752,1.8771499999999999,1.8773,190,18,0
2026-06-18 05:15:00,1.87732,1.87767,1.8771900000000001,1.87738,207,18,0
2026-06-18 05:30:00,1.8773499999999999,1.87756,1.87711,1.8774899999999999,206,18,0
2026-06-18 05:45:00,1.8775,1.8775,1.8767399999999999,1.8767399999999999,234,18,0
2026-06-18 06:00:00,1.8767200000000002,1.87858,1.87669,1.8785500000000002,473,18,0
2026-06-18 06:15:00,1.87852,1.8790200000000001,1.87811,1.8790200000000001,432,18,0
2026-06-18 06:30:00,1.87904,1.87935,1.87842,1.87886,492,18,0
2026-06-18 06:45:00,1.87883,1.8789,1.8775300000000001,1.8775300000000001,442,18,0
2026-06-18 07:00:00,1.87755,1.87791,1.87628,1.87649,530,18,0
2026-06-18 07:15:00,1.87652,1.8766500000000002,1.87551,1.87561,414,18,0
2026-06-18 07:30:00,1.87558,1.87569,1.875,1.87541,488,18,0
2026-06-18 07:45:00,1.8754300000000002,1.87591,1.87512,1.87519,470,18,0
2026-06-18 08:00:00,1.87522,1.87528,1.8738700000000001,1.8739,559,18,0
2026-06-18 08:15:00,1.87393,1.87438,1.8732199999999999,1.87329,455,18,0
2026-06-18 08:30:00,1.8733300000000002,1.87341,1.87191,1.87198,497,18,0
2026-06-18 08:45:00,1.8719999999999999,1.87208,1.86988,1.87032,630,18,0
2026-06-18 09:00:00,1.87035,1.8709099999999999,1.86939,1.86945,767,18,0
2026-06-18 09:15:00,1.86947,1.8708200000000001,1.8694600000000001,1.8697,584,18,0
2026-06-18 09:30:00,1.8696700000000002,1.87056,1.8688,1.8702,551,18,0
2026-06-18 09:45:00,1.87019,1.8705699999999998,1.86993,1.86993,386,18,0
2026-06-18 10:00:00,1.8699400000000002,1.8702,1.86873,1.86951,661,18,0
2026-06-18 10:15:00,1.8694899999999999,1.86957,1.86871,1.86894,480,18,0
2026-06-18 10:30:00,1.86893,1.8689900000000002,1.86836,1.86853,413,18,0
2026-06-18 10:45:00,1.86856,1.8689200000000001,1.8681,1.86829,427,18,0
2026-06-18 11:00:00,1.86832,1.86902,1.86633,1.86663,770,18,0
2026-06-18 11:15:00,1.8666399999999999,1.86785,1.86645,1.86776,665,18,0
2026-06-18 11:30:00,1.86775,1.86819,1.8670900000000001,1.86746,728,18,0
2026-06-18 11:45:00,1.86744,1.86744,1.8658299999999999,1.86683,535,18,0
2026-06-18 12:00:00,1.86684,1.86893,1.86674,1.86871,634,18,0
2026-06-18 12:15:00,1.86868,1.86975,1.8686099999999999,1.8692199999999999,806,18,0
2026-06-18 12:30:00,1.86917,1.8693300000000002,1.8681,1.86826,626,18,0
2026-06-18 12:45:00,1.86828,1.8685,1.86787,1.8681100000000002,595,18,0
2026-06-18 13:00:00,1.8681299999999998,1.86848,1.8674,1.8683999999999998,735,18,0
2026-06-18 13:15:00,1.86843,1.86894,1.86783,1.86894,695,18,0
2026-06-18 13:30:00,1.86891,1.86978,1.86864,1.86971,954,18,0
2026-06-18 13:45:00,1.8697300000000001,1.8697599999999999,1.86873,1.86882,756,18,0
2026-06-18 14:00:00,1.86879,1.8702,1.86857,1.8696899999999999,776,18,0
2026-06-18 14:15:00,1.86968,1.8703400000000001,1.8691900000000001,1.8702999999999999,697,18,0
2026-06-18 14:30:00,1.87027,1.87027,1.86882,1.86882,666,18,0
2026-06-18 14:45:00,1.86879,1.87117,1.86879,1.87107,748,18,0
2026-06-18 15:00:00,1.8710900000000001,1.87124,1.87038,1.87101,694,18,0
2026-06-18 15:15:00,1.8709799999999999,1.87178,1.87061,1.8706800000000001,584,18,0
2026-06-18 15:30:00,1.87067,1.87128,1.87054,1.87074,610,18,0
2026-06-18 15:45:00,1.8707099999999999,1.87144,1.87042,1.87051,600,18,0
2026-06-18 16:00:00,1.8705,1.8706800000000001,1.86884,1.8690600000000002,628,18,0
2026-06-18 16:15:00,1.86909,1.8693,1.86806,1.8685800000000001,516,18,0
2026-06-18 16:30:00,1.8686,1.86903,1.86836,1.8688,449,18,0
2026-06-18 16:45:00,1.86879,1.8693300000000002,1.8686,1.8690099999999998,452,18,0
2026-06-18 17:00:00,1.86904,1.86948,1.86868,1.86918,398,18,0
2026-06-18 17:15:00,1.86917,1.86964,1.8690600000000002,1.8694,383,18,0
2026-06-18 17:30:00,1.86937,1.86937,1.86856,1.86928,436,18,0
2026-06-18 17:45:00,1.86925,1.86925,1.86784,1.8678599999999999,418,18,0
2026-06-18 18:00:00,1.86785,1.86809,1.86768,1.8677000000000001,371,18,0
2026-06-18 18:15:00,1.86769,1.86782,1.86744,1.8675899999999999,381,18,0
2026-06-18 18:30:00,1.86757,1.86767,1.86677,1.86683,319,18,0
2026-06-18 18:45:00,1.86684,1.86726,1.8666800000000001,1.86679,364,18,0
2026-06-18 19:00:00,1.8668,1.86688,1.8656700000000002,1.8658299999999999,461,18,0
2026-06-18 19:15:00,1.86582,1.86639,1.8657,1.86599,344,18,0
2026-06-18 19:30:00,1.8660299999999999,1.8664399999999999,1.86586,1.86601,517,18,0
2026-06-18 19:45:00,1.86599,1.8664,1.86573,1.86588,358,18,0
2026-06-18 20:00:00,1.86591,1.86646,1.86554,1.86624,242,18,0
2026-06-18 20:15:00,1.86623,1.86636,1.86588,1.86602,150,18,0
2026-06-18 20:30:00,1.866,1.86663,1.8658000000000001,1.86661,210,18,0
2026-06-18 20:45:00,1.8665699999999998,1.86669,1.86624,1.86653,228,18,0
2026-06-18 21:00:00,1.86652,1.86667,1.86652,1.86665,11,48,0
2026-06-18 21:15:00,1.8666399999999999,1.8666399999999999,1.86544,1.8656199999999998,129,48,0
2026-06-18 21:30:00,1.8656000000000001,1.8662800000000002,1.8655300000000001,1.8662800000000002,126,76,0
2026-06-18 21:45:00,1.8662800000000002,1.86638,1.8661699999999999,1.86635,102,48,0
2026-06-18 22:00:00,1.8665500000000002,1.86672,1.86615,1.86633,184,43,0
2026-06-18 22:15:00,1.86634,1.86639,1.86604,1.86631,106,28,0
2026-06-18 22:30:00,1.86632,1.86643,1.86622,1.86629,52,28,0
2026-06-18 22:45:00,1.86627,1.86643,1.86624,1.8662999999999998,46,18,0
2026-06-18 23:00:00,1.86627,1.86642,1.86602,1.86631,65,18,0
2026-06-18 23:15:00,1.8662800000000002,1.8664399999999999,1.86601,1.8664399999999999,64,18,0
2026-06-18 23:30:00,1.86645,1.86692,1.86625,1.8667500000000001,112,18,0
2026-06-18 23:45:00,1.86677,1.86694,1.86661,1.8667099999999999,144,18,0
2026-06-19 00:00:00,1.86674,1.86754,1.86674,1.86748,290,18,0
2026-06-19 00:15:00,1.86751,1.86756,1.86711,1.86713,169,18,0
2026-06-19 00:30:00,1.86715,1.86755,1.86703,1.86721,251,18,0
2026-06-19 00:45:00,1.8671799999999998,1.8676,1.86707,1.86745,231,18,0
2026-06-19 01:00:00,1.86746,1.8677000000000001,1.86742,1.86757,231,18,0
2026-06-19 01:15:00,1.8676,1.86776,1.8673600000000001,1.86758,206,18,0
2026-06-19 01:30:00,1.8675899999999999,1.86771,1.86727,1.86742,173,18,0
2026-06-19 01:45:00,1.8673899999999999,1.86747,1.86658,1.86667,184,18,0
2026-06-19 02:00:00,1.86665,1.86677,1.86643,1.86658,169,18,0
2026-06-19 02:15:00,1.86656,1.86712,1.86631,1.86696,183,18,0
2026-06-19 02:30:00,1.867,1.8673,1.86686,1.86687,186,18,0
2026-06-19 02:45:00,1.86688,1.8669799999999999,1.86676,1.8668200000000001,136,18,0
2026-06-19 03:00:00,1.86685,1.8668900000000002,1.86624,1.8662800000000002,191,18,0
2026-06-19 03:15:00,1.86629,1.86629,1.86547,1.86568,253,18,0
2026-06-19 03:30:00,1.8656899999999998,1.8662,1.8655599999999999,1.8662,214,18,0
2026-06-19 03:45:00,1.8662100000000001,1.86622,1.86591,1.86602,193,18,0
2026-06-19 04:00:00,1.86606,1.8661699999999999,1.86575,1.86611,248,18,0
2026-06-19 04:15:00,1.8661400000000001,1.8661400000000001,1.8656199999999998,1.86582,166,18,0
2026-06-19 04:30:00,1.86585,1.8659,1.86469,1.86469,274,18,0
2026-06-19 04:45:00,1.8647,1.86475,1.86415,1.8643800000000001,321,18,0
2026-06-19 05:00:00,1.86439,1.86443,1.8638599999999999,1.86401,414,18,0
2026-06-19 05:15:00,1.8639999999999999,1.86414,1.86341,1.86387,286,18,0
2026-06-19 05:30:00,1.8639000000000001,1.86579,1.8639000000000001,1.86577,405,18,0
2026-06-19 05:45:00,1.8658000000000001,1.8672900000000001,1.86579,1.86649,509,18,0
2026-06-19 06:00:00,1.86646,1.86713,1.86504,1.8656199999999998,607,18,0
2026-06-19 06:15:00,1.8656000000000001,1.86615,1.86529,1.8653300000000002,439,18,0
2026-06-19 06:30:00,1.86536,1.8659,1.8648,1.8651,462,18,0
2026-06-19 06:45:00,1.8651200000000001,1.86634,1.86476,1.8662800000000002,313,18,0
2026-06-19 07:00:00,1.86632,1.86717,1.8662999999999998,1.86656,523,18,0
2026-06-19 07:15:00,1.8665699999999998,1.86683,1.86559,1.86622,512,18,0
2026-06-19 07:30:00,1.86626,1.86749,1.8662100000000001,1.86694,448,18,0
2026-06-19 07:45:00,1.86693,1.86731,1.86652,1.86653,392,18,0
2026-06-19 08:00:00,1.86651,1.86753,1.86636,1.86727,441,18,0
2026-06-19 08:15:00,1.86728,1.86913,1.86724,1.86911,531,18,0
2026-06-19 08:30:00,1.86913,1.87073,1.86903,1.8702100000000002,528,18,0
2026-06-19 08:45:00,1.87022,1.8709799999999999,1.86988,1.87022,455,18,0
2026-06-19 09:00:00,1.87025,1.8709099999999999,1.87002,1.87059,526,18,0
2026-06-19 09:15:00,1.87058,1.87138,1.87046,1.87063,397,18,0
2026-06-19 09:30:00,1.87061,1.8718,1.87061,1.8716,314,18,0
2026-06-19 09:45:00,1.87162,1.87201,1.87113,1.8714,343,18,0
2026-06-19 10:00:00,1.8713899999999999,1.87155,1.87062,1.87063,292,18,0
2026-06-19 10:15:00,1.8706399999999999,1.87092,1.8702800000000002,1.8706800000000001,357,18,0
2026-06-19 10:30:00,1.8707099999999999,1.87085,1.87045,1.87065,381,18,0
2026-06-19 10:45:00,1.8706800000000001,1.8719299999999999,1.87061,1.87192,431,18,0
2026-06-19 11:00:00,1.87188,1.87255,1.87141,1.8719999999999999,497,18,0
2026-06-19 11:15:00,1.87203,1.87255,1.8719000000000001,1.8721700000000001,340,18,0
2026-06-19 11:30:00,1.87216,1.87233,1.87174,1.8723,291,18,0
2026-06-19 11:45:00,1.87233,1.87234,1.87149,1.8716599999999999,334,18,0
2026-06-19 12:00:00,1.8717000000000001,1.8726,1.87157,1.87216,366,18,0
2026-06-19 12:15:00,1.87218,1.8726,1.87195,1.87202,333,18,0
2026-06-19 12:30:00,1.87199,1.8724699999999999,1.87178,1.87195,376,18,0
2026-06-19 12:45:00,1.8719700000000001,1.8731200000000001,1.87196,1.87303,636,18,0
2026-06-19 13:00:00,1.87306,1.8742999999999999,1.87306,1.8737300000000001,456,18,0
2026-06-19 13:15:00,1.87372,1.87399,1.8731900000000001,1.87397,467,18,0
2026-06-19 13:30:00,1.8739599999999998,1.874,1.87208,1.8721700000000001,498,18,0
2026-06-19 13:45:00,1.87219,1.87329,1.87196,1.87296,472,18,0
2026-06-19 14:00:00,1.87293,1.8730799999999999,1.87236,1.87262,477,18,0
2026-06-19 14:15:00,1.8726,1.87408,1.8725800000000001,1.87388,379,18,0
2026-06-19 14:30:00,1.87391,1.87514,1.87363,1.87499,430,18,0
2026-06-19 14:45:00,1.8750200000000001,1.8763,1.87316,1.87555,1152,18,0
2026-06-19 15:00:00,1.87558,1.87614,1.87438,1.87481,668,18,0
2026-06-19 15:15:00,1.8748200000000002,1.87575,1.8748200000000002,1.8752499999999999,328,18,0
2026-06-19 15:30:00,1.87528,1.8752900000000001,1.87424,1.87476,352,18,0
2026-06-19 15:45:00,1.87478,1.8751600000000002,1.87397,1.8740700000000001,281,18,0
2026-06-19 16:00:00,1.87409,1.87432,1.8738000000000001,1.87427,250,18,0
2026-06-19 16:15:00,1.8742299999999998,1.87463,1.8738700000000001,1.87446,164,18,0
2026-06-19 16:30:00,1.87447,1.8747500000000001,1.87435,1.87461,167,18,0
2026-06-19 16:45:00,1.87463,1.87531,1.87463,1.87519,157,18,0
2026-06-19 17:00:00,1.87522,1.8757899999999998,1.87513,1.8753600000000001,253,18,0
2026-06-19 17:15:00,1.87538,1.87554,1.87514,1.87546,271,18,0
2026-06-19 17:30:00,1.8754499999999998,1.87598,1.87539,1.8755,200,18,0
2026-06-19 17:45:00,1.87547,1.87598,1.8751,1.8751799999999998,301,18,0
2026-06-19 18:00:00,1.87515,1.87584,1.8750499999999999,1.87562,293,18,0
2026-06-19 18:15:00,1.87565,1.87583,1.87544,1.8756599999999999,135,18,0
2026-06-19 18:30:00,1.87568,1.87585,1.8756,1.8757700000000002,167,18,0
2026-06-19 18:45:00,1.8757899999999998,1.8758599999999999,1.8753,1.87553,113,18,0
2026-06-19 19:00:00,1.8755600000000001,1.87572,1.87534,1.87562,78,18,0
2026-06-19 19:15:00,1.8755899999999999,1.8758,1.8749,1.87568,213,18,0
2026-06-19 19:30:00,1.87569,1.87569,1.87504,1.87521,88,18,0
2026-06-19 19:45:00,1.87517,1.87588,1.87517,1.87571,264,18,0
2026-06-19 20:00:00,1.87567,1.8758,1.87488,1.87565,602,18,0
2026-06-19 20:15:00,1.8756300000000001,1.87599,1.87513,1.87531,424,18,0
2026-06-19 20:30:00,1.87528,1.8755,1.87426,1.87478,437,18,0
2026-06-19 20:45:00,1.87479,1.8751,1.87264,1.87334,551,18,0
2026-06-21 21:15:00,1.86799,1.86897,1.8673199999999999,1.86808,115,125,0
2026-06-21 21:30:00,1.86808,1.86957,1.86784,1.86957,154,90,0
2026-06-21 21:45:00,1.8696000000000002,1.87036,1.86883,1.86905,223,80,0
2026-06-21 22:00:00,1.86921,1.87219,1.86921,1.87148,380,28,0
2026-06-21 22:15:00,1.8715000000000002,1.87234,1.87148,1.87205,196,18,0
2026-06-21 22:30:00,1.8720599999999998,1.8722699999999999,1.87178,1.8721700000000001,163,18,0
2026-06-21 22:45:00,1.87218,1.87244,1.8721,1.87243,86,18,0
2026-06-21 23:00:00,1.87246,1.87249,1.87215,1.87219,99,18,0
2026-06-21 23:15:00,1.87218,1.8723100000000001,1.87191,1.8723,119,18,0
2026-06-21 23:30:00,1.8723100000000001,1.8723800000000002,1.87158,1.87176,124,18,0
2026-06-21 23:45:00,1.8717899999999998,1.87199,1.87149,1.8719700000000001,163,18,0
2026-06-22 00:00:00,1.87199,1.87298,1.87199,1.87252,448,18,0
2026-06-22 00:15:00,1.8725399999999999,1.87284,1.8721,1.8725100000000001,299,18,0
2026-06-22 00:30:00,1.87253,1.87298,1.87233,1.87275,170,18,0
2026-06-22 00:45:00,1.87279,1.87368,1.87266,1.87367,325,18,0
2026-06-22 01:00:00,1.8737,1.87488,1.8737,1.87458,470,18,0
2026-06-22 01:15:00,1.8745500000000002,1.87459,1.87406,1.87449,306,18,0
2026-06-22 01:30:00,1.8744800000000001,1.87486,1.8742,1.8748,254,18,0
2026-06-22 01:45:00,1.87478,1.87479,1.87429,1.87431,209,18,0
2026-06-22 02:00:00,1.8743400000000001,1.87485,1.87428,1.8744,228,18,0
2026-06-22 02:15:00,1.8743699999999999,1.87452,1.87426,1.87451,179,18,0
2026-06-22 02:30:00,1.87453,1.8752,1.87452,1.87508,158,18,0
2026-06-22 02:45:00,1.87507,1.87508,1.87477,1.87481,156,18,0
2026-06-22 03:00:00,1.8748399999999998,1.87493,1.87462,1.87477,244,18,0
2026-06-22 03:15:00,1.87476,1.87503,1.87472,1.8748200000000002,158,18,0
2026-06-22 03:30:00,1.8748399999999998,1.87511,1.87447,1.8745,179,18,0
2026-06-22 03:45:00,1.87452,1.87486,1.87391,1.87415,219,18,0
2026-06-22 04:00:00,1.87418,1.87449,1.8736199999999998,1.87363,314,18,0
2026-06-22 04:15:00,1.87361,1.87378,1.87327,1.8736199999999998,218,18,0
2026-06-22 04:30:00,1.8736000000000002,1.87391,1.87359,1.87374,149,18,0
2026-06-22 04:45:00,1.87371,1.87398,1.87357,1.87374,203,18,0
2026-06-22 05:00:00,1.87377,1.87405,1.87371,1.87388,199,18,0
2026-06-22 05:15:00,1.87386,1.87442,1.87382,1.87431,168,18,0
2026-06-22 05:30:00,1.87433,1.87445,1.87422,1.87431,209,18,0
2026-06-22 05:45:00,1.87428,1.87469,1.87379,1.87395,354,18,0
2026-06-22 06:00:00,1.87392,1.87447,1.8734,1.87419,533,18,0
2026-06-22 06:15:00,1.87422,1.8744399999999999,1.87371,1.87393,460,18,0
2026-06-22 06:30:00,1.8739,1.8742,1.87311,1.87314,484,18,0
2026-06-22 06:45:00,1.87311,1.87364,1.8728799999999999,1.87341,389,18,0
2026-06-22 07:00:00,1.87344,1.87364,1.8725800000000001,1.87331,528,18,0
2026-06-22 07:15:00,1.8733300000000002,1.87357,1.8716599999999999,1.87173,449,18,0
2026-06-22 07:30:00,1.87169,1.87169,1.87051,1.87059,496,18,0
2026-06-22 07:45:00,1.8706,1.8707,1.86993,1.87053,437,18,0
2026-06-22 08:00:00,1.87056,1.8707799999999999,1.86917,1.86995,580,18,0
2026-06-22 08:15:00,1.86993,1.8722699999999999,1.86903,1.87033,955,18,0
2026-06-22 08:30:00,1.87032,1.8727,1.8702299999999998,1.87131,922,18,0
2026-06-22 08:45:00,1.87133,1.87262,1.87117,1.87235,585,18,0
2026-06-22 09:00:00,1.87237,1.87447,1.8722699999999999,1.87411,807,18,0
2026-06-22 09:15:00,1.87415,1.87435,1.87361,1.87399,398,18,0
2026-06-22 09:30:00,1.87402,1.87481,1.8737599999999999,1.87432,504,18,0
2026-06-22 09:45:00,1.87431,1.87494,1.8742999999999999,1.87447,462,18,0
2026-06-22 10:00:00,1.8745,1.8765800000000001,1.87439,1.8759000000000001,723,18,0
2026-06-22 10:15:00,1.87587,1.87655,1.87557,1.87612,544,18,0
2026-06-22 10:30:00,1.87614,1.87614,1.87523,1.87591,457,18,0
2026-06-22 10:45:00,1.8759299999999999,1.87643,1.87557,1.87583,431,18,0
2026-06-22 11:00:00,1.87584,1.87693,1.87542,1.8763,637,18,0
2026-06-22 11:15:00,1.87633,1.87671,1.87609,1.87642,308,18,0
2026-06-22 11:30:00,1.87643,1.87716,1.87635,1.87673,329,18,0
2026-06-22 11:45:00,1.87671,1.87679,1.8756,1.8756,383,18,0
2026-06-22 12:00:00,1.8755600000000001,1.87652,1.87548,1.87598,671,18,0
2026-06-22 12:15:00,1.87595,1.87679,1.87534,1.8766,546,18,0
2026-06-22 12:30:00,1.87666,1.87843,1.8755199999999999,1.8780299999999999,759,18,0
2026-06-22 12:45:00,1.87806,1.87866,1.8768099999999999,1.87713,578,18,0
2026-06-22 13:00:00,1.8771200000000001,1.87781,1.87629,1.8777,1111,18,0
2026-06-22 13:15:00,1.87768,1.8788,1.8775300000000001,1.87826,718,18,0
2026-06-22 13:30:00,1.87829,1.8788200000000002,1.87644,1.87655,757,18,0
2026-06-22 13:45:00,1.87656,1.8772799999999998,1.87513,1.8756599999999999,888,18,0
2026-06-22 14:00:00,1.87569,1.8777,1.8752499999999999,1.87694,1089,18,0
2026-06-22 14:15:00,1.8769,1.87721,1.87607,1.87655,813,18,0
2026-06-22 14:30:00,1.8765800000000001,1.8765800000000001,1.87426,1.87501,839,18,0
2026-06-22 14:45:00,1.8749799999999999,1.87696,1.87483,1.87661,1400,18,0
2026-06-22 15:00:00,1.87657,1.87755,1.8763,1.87755,709,18,0
2026-06-22 15:15:00,1.87757,1.87806,1.8771,1.8771499999999999,528,18,0
2026-06-22 15:30:00,1.87718,1.87806,1.87705,1.87778,402,18,0
2026-06-22 15:45:00,1.87775,1.87784,1.87657,1.87676,499,18,0
2026-06-22 16:00:00,1.8767800000000001,1.8768799999999999,1.87565,1.87634,528,18,0
2026-06-22 16:15:00,1.87633,1.87637,1.8750499999999999,1.8756,503,18,0
2026-06-22 16:30:00,1.87558,1.87573,1.8752499999999999,1.8754300000000002,332,18,0
2026-06-22 16:45:00,1.8754,1.87616,1.87528,1.87583,352,18,0
2026-06-22 17:00:00,1.87584,1.87629,1.8757700000000002,1.876,232,18,0
2026-06-22 17:15:00,1.87602,1.8761299999999999,1.8755600000000001,1.87557,244,18,0
2026-06-22 17:30:00,1.8756,1.8756300000000001,1.8750200000000001,1.87528,248,18,0
2026-06-22 17:45:00,1.87527,1.87569,1.8751799999999998,1.87538,205,18,0
2026-06-22 18:00:00,1.87537,1.87569,1.87534,1.87535,155,18,0
2026-06-22 18:15:00,1.8753600000000001,1.87554,1.87511,1.87519,244,18,0
2026-06-22 18:30:00,1.87517,1.8751799999999998,1.87452,1.87452,188,18,0
2026-06-22 18:45:00,1.87451,1.8748,1.87429,1.8746800000000001,322,18,0
2026-06-22 19:00:00,1.8747099999999999,1.87531,1.87469,1.87528,260,18,0
2026-06-22 19:15:00,1.8752900000000001,1.87565,1.87524,1.87553,220,18,0
2026-06-22 19:30:00,1.87554,1.87595,1.87541,1.8757000000000001,180,18,0
2026-06-22 19:45:00,1.87568,1.8761700000000001,1.8755600000000001,1.87574,270,18,0
2026-06-22 20:00:00,1.87572,1.8763999999999998,1.8756599999999999,1.8763100000000001,169,18,0
2026-06-22 20:15:00,1.87629,1.87659,1.87612,1.87625,147,18,0
2026-06-22 20:30:00,1.87626,1.87657,1.8760599999999998,1.87641,90,18,0
2026-06-22 20:45:00,1.87639,1.87639,1.87578,1.8758,127,18,0
2026-06-22 21:00:00,1.87582,1.8759000000000001,1.87582,1.8759000000000001,7,48,0
2026-06-22 21:15:00,1.87592,1.87595,1.8755899999999999,1.87564,98,48,0
2026-06-22 21:30:00,1.8756300000000001,1.87608,1.87562,1.87608,95,52,0
2026-06-22 21:45:00,1.87609,1.87657,1.87608,1.87609,105,48,0
2026-06-22 22:00:00,1.87615,1.87646,1.8759000000000001,1.87609,162,28,0
2026-06-22 22:15:00,1.8760599999999998,1.87614,1.87589,1.87589,57,28,0
2026-06-22 22:30:00,1.87592,1.87594,1.87558,1.87564,64,18,0
2026-06-22 22:45:00,1.8756599999999999,1.87592,1.87481,1.87494,229,18,0
2026-06-22 23:00:00,1.8749799999999999,1.87542,1.8747099999999999,1.8752900000000001,161,18,0
2026-06-22 23:15:00,1.8753,1.87539,1.87523,1.8753199999999999,53,18,0
2026-06-22 23:30:00,1.87535,1.87549,1.8752900000000001,1.8754,36,18,0
2026-06-22 23:45:00,1.87538,1.8755600000000001,1.8753600000000001,1.8754300000000002,105,18,0
2026-06-23 00:00:00,1.87546,1.87576,1.8752900000000001,1.8753,260,18,0
2026-06-23 00:15:00,1.87527,1.87539,1.8747500000000001,1.8749,205,18,0
2026-06-23 00:30:00,1.87487,1.8752,1.8748,1.8751799999999998,195,18,0
2026-06-23 00:45:00,1.87521,1.8753199999999999,1.8750499999999999,1.87523,263,18,0
2026-06-23 01:00:00,1.87521,1.8755199999999999,1.87494,1.8752,308,18,0
2026-06-23 01:15:00,1.87521,1.87575,1.87513,1.87564,236,18,0
2026-06-23 01:30:00,1.87562,1.8758,1.87537,1.87557,224,18,0
2026-06-23 01:45:00,1.8755600000000001,1.87573,1.87531,1.87554,262,18,0
2026-06-23 02:00:00,1.8755600000000001,1.87569,1.87512,1.87569,292,18,0
2026-06-23 02:15:00,1.87568,1.87587,1.87568,1.8757899999999998,151,18,0
2026-06-23 02:30:00,1.8758,1.87596,1.87569,1.87589,177,18,0
2026-06-23 02:45:00,1.8758599999999999,1.8759299999999999,1.87571,1.87584,197,18,0
2026-06-23 03:00:00,1.8758599999999999,1.87602,1.87569,1.8759000000000001,232,18,0
2026-06-23 03:15:00,1.87588,1.87609,1.87542,1.87603,239,18,0
2026-06-23 03:30:00,1.87605,1.87608,1.87587,1.87598,176,18,0
2026-06-23 03:45:00,1.87602,1.87668,1.87598,1.87661,169,18,0
2026-06-23 04:00:00,1.87662,1.87668,1.87632,1.87653,170,18,0
2026-06-23 04:15:00,1.87655,1.87655,1.87616,1.87637,163,18,0
2026-06-23 04:30:00,1.87639,1.87639,1.87605,1.87615,164,18,0
2026-06-23 04:45:00,1.8761700000000001,1.87622,1.87576,1.87605,160,18,0
2026-06-23 05:00:00,1.87602,1.8760599999999998,1.87569,1.87592,220,18,0
2026-06-23 05:15:00,1.87589,1.8761299999999999,1.87582,1.87607,209,18,0
2026-06-23 05:30:00,1.87603,1.87643,1.87594,1.87612,255,18,0
2026-06-23 05:45:00,1.87616,1.87696,1.87568,1.8768799999999999,313,18,0
2026-06-23 06:00:00,1.87684,1.87738,1.8761700000000001,1.8772199999999999,533,18,0
2026-06-23 06:15:00,1.87721,1.87791,1.87702,1.87738,483,18,0
2026-06-23 06:30:00,1.87736,1.87736,1.87652,1.87662,459,18,0
2026-06-23 06:45:00,1.87664,1.87705,1.87634,1.87639,416,18,0
2026-06-23 07:00:00,1.87637,1.87782,1.87596,1.8774199999999999,770,18,0
2026-06-23 07:15:00,1.87747,1.87771,1.8764699999999999,1.8770099999999998,512,18,0
2026-06-23 07:30:00,1.87698,1.87698,1.87528,1.8754499999999998,646,18,0
2026-06-23 07:45:00,1.8754300000000002,1.8756,1.8742999999999999,1.87473,541,18,0
2026-06-23 08:00:00,1.87476,1.8757899999999998,1.87476,1.87506,591,18,0
2026-06-23 08:15:00,1.87508,1.8751,1.87397,1.87425,531,18,0
2026-06-23 08:30:00,1.87422,1.87422,1.8733,1.8740299999999999,515,18,0
2026-06-23 08:45:00,1.8740700000000001,1.8748200000000002,1.87397,1.8746800000000001,421,18,0
2026-06-23 09:00:00,1.87472,1.8753600000000001,1.87417,1.8742299999999998,443,18,0
2026-06-23 09:15:00,1.8742,1.87476,1.8739,1.87476,375,18,0
2026-06-23 09:30:00,1.87479,1.87547,1.87479,1.87528,447,18,0
2026-06-23 09:45:00,1.87527,1.87615,1.87487,1.876,395,18,0
2026-06-23 10:00:00,1.87598,1.87605,1.8748200000000002,1.8750499999999999,382,18,0
2026-06-23 10:15:00,1.8750200000000001,1.87527,1.87439,1.87442,347,18,0
2026-06-23 10:30:00,1.87439,1.87479,1.87436,1.8744399999999999,281,18,0
2026-06-23 10:45:00,1.87446,1.87564,1.87388,1.87539,489,18,0
2026-06-23 11:00:00,1.87541,1.87625,1.87524,1.87592,485,18,0
2026-06-23 11:15:00,1.8759299999999999,1.87595,1.8746399999999999,1.8746399999999999,429,18,0
2026-06-23 11:30:00,1.87467,1.8747,1.87427,1.87458,387,18,0
2026-06-23 11:45:00,1.8745500000000002,1.87478,1.87395,1.87411,420,18,0
2026-06-23 12:00:00,1.8740700000000001,1.8753199999999999,1.87395,1.87521,504,18,0
2026-06-23 12:15:00,1.87522,1.87547,1.87454,1.87474,548,18,0
2026-06-23 12:30:00,1.87476,1.87547,1.87445,1.8745,478,18,0
2026-06-23 12:45:00,1.87452,1.87477,1.8737,1.8742,508,18,0
2026-06-23 13:00:00,1.8742299999999998,1.87493,1.8739,1.8739,520,18,0
2026-06-23 13:15:00,1.87392,1.87472,1.87361,1.87395,573,18,0
2026-06-23 13:30:00,1.87393,1.8744100000000001,1.87355,1.8737,789,18,0
2026-06-23 13:45:00,1.87367,1.87404,1.87269,1.87351,716,18,0
2026-06-23 14:00:00,1.87348,1.87483,1.8733300000000002,1.87446,844,18,0
2026-06-23 14:15:00,1.8744800000000001,1.8748,1.87409,1.87432,616,18,0
2026-06-23 14:30:00,1.8743400000000001,1.87483,1.87293,1.87306,667,18,0
2026-06-23 14:45:00,1.87304,1.87452,1.87289,1.8739,873,18,0
2026-06-23 15:00:00,1.87392,1.87418,1.87305,1.87348,703,18,0
2026-06-23 15:15:00,1.8735,1.8738299999999999,1.8733499999999998,1.8734,498,18,0
2026-06-23 15:30:00,1.87343,1.8739400000000002,1.87228,1.87279,520,18,0
2026-06-23 15:45:00,1.87282,1.87316,1.87232,1.87262,399,18,0
2026-06-23 16:00:00,1.87264,1.87331,1.87256,1.87323,415,18,0
2026-06-23 16:15:00,1.87324,1.87347,1.87282,1.87293,380,18,0
2026-06-23 16:30:00,1.8729,1.87374,1.87273,1.87371,281,18,0
2026-06-23 16:45:00,1.8736899999999999,1.87372,1.8733,1.8734,323,18,0
2026-06-23 17:00:00,1.87337,1.87374,1.8730099999999998,1.87364,320,18,0
2026-06-23 17:15:00,1.87366,1.87378,1.87324,1.87374,270,18,0
2026-06-23 17:30:00,1.87377,1.87419,1.87357,1.87402,321,18,0
2026-06-23 17:45:00,1.874,1.87417,1.87351,1.87365,243,18,0
2026-06-23 18:00:00,1.87364,1.8738299999999999,1.87347,1.87354,251,18,0
2026-06-23 18:15:00,1.87357,1.87385,1.8734600000000001,1.8738299999999999,222,18,0
2026-06-23 18:30:00,1.87381,1.87427,1.87327,1.8740999999999999,297,18,0
2026-06-23 18:45:00,1.87412,1.8744800000000001,1.87399,1.87447,294,18,0
2026-06-23 19:00:00,1.8745,1.8755,1.8744,1.8752900000000001,359,18,0
2026-06-23 19:15:00,1.8753199999999999,1.87562,1.87489,1.8753600000000001,246,18,0
2026-06-23 19:30:00,1.8753199999999999,1.87557,1.87508,1.87527,322,18,0
2026-06-23 19:45:00,1.87526,1.87535,1.8747,1.87474,290,18,0
2026-06-23 20:00:00,1.87472,1.87596,1.8746800000000001,1.87557,239,18,0
2026-06-23 20:15:00,1.8755899999999999,1.8760400000000002,1.87553,1.87588,131,18,0
2026-06-23 20:30:00,1.87583,1.87601,1.87562,1.87565,97,18,0
2026-06-23 20:45:00,1.87568,1.87592,1.8755600000000001,1.87582,137,18,0
2026-06-23 21:00:00,1.87584,1.87584,1.87583,1.87584,3,48,0
2026-06-23 21:15:00,1.87583,1.87596,1.87582,1.87589,83,48,0
2026-06-23 21:30:00,1.8759000000000001,1.87608,1.87582,1.87584,87,48,0
2026-06-23 21:45:00,1.87587,1.87594,1.87557,1.87561,110,48,0
2026-06-23 22:00:00,1.8755899999999999,1.8761,1.87542,1.87589,126,18,0
2026-06-23 22:15:00,1.8759000000000001,1.87591,1.87576,1.8758,60,18,0
2026-06-23 22:30:00,1.87582,1.87599,1.87573,1.8759000000000001,65,18,0
2026-06-23 22:45:00,1.87594,1.87598,1.8758,1.8758,43,18,0
2026-06-23 23:00:00,1.8757899999999998,1.87592,1.8756,1.87561,82,18,0
2026-06-23 23:15:00,1.87564,1.8757000000000001,1.8755600000000001,1.8756599999999999,40,18,0
2026-06-23 23:30:00,1.87565,1.87594,1.87554,1.87591,77,18,0
2026-06-23 23:45:00,1.87589,1.87602,1.8754,1.87551,208,18,0
2026-06-24 00:00:00,1.87548,1.87605,1.87548,1.87589,437,18,0
2026-06-24 00:15:00,1.8758599999999999,1.8759700000000001,1.87508,1.87515,295,18,0
2026-06-24 00:30:00,1.87517,1.8754300000000002,1.87513,1.8753,212,18,0
2026-06-24 00:45:00,1.8752900000000001,1.8756,1.87507,1.87553,248,18,0
2026-06-24 01:00:00,1.8755,1.87555,1.87497,1.8751799999999998,300,18,0
2026-06-24 01:15:00,1.87517,1.8751799999999998,1.8746399999999999,1.87473,232,18,0
2026-06-24 01:30:00,1.87469,1.8752499999999999,1.87447,1.87486,322,18,0
2026-06-24 01:45:00,1.8748399999999998,1.87542,1.8746399999999999,1.87534,258,18,0
2026-06-24 02:00:00,1.87533,1.87554,1.87503,1.87539,248,18,0
2026-06-24 02:15:00,1.87542,1.8759000000000001,1.87538,1.87565,210,18,0
2026-06-24 02:30:00,1.87562,1.87575,1.8754499999999998,1.87553,177,18,0
2026-06-24 02:45:00,1.87551,1.8757000000000001,1.87519,1.8752,241,18,0
2026-06-24 03:00:00,1.87517,1.87599,1.8750200000000001,1.87583,351,18,0
2026-06-24 03:15:00,1.87582,1.87633,1.8757000000000001,1.87629,276,18,0
2026-06-24 03:30:00,1.8763100000000001,1.87635,1.87585,1.8761299999999999,242,18,0
2026-06-24 03:45:00,1.8761100000000002,1.8762699999999999,1.87598,1.87605,143,18,0
2026-06-24 04:00:00,1.8760400000000002,1.8760400000000002,1.8753600000000001,1.87548,182,18,0
2026-06-24 04:15:00,1.8755,1.8756300000000001,1.87528,1.87546,205,18,0
2026-06-24 04:30:00,1.87544,1.87547,1.8751600000000002,1.8752,167,18,0
2026-06-24 04:45:00,1.87522,1.8752499999999999,1.8750200000000001,1.87524,174,18,0
2026-06-24 05:00:00,1.87527,1.87561,1.87512,1.8755600000000001,164,18,0
2026-06-24 05:15:00,1.87557,1.87562,1.87534,1.8754,223,18,0
2026-06-24 05:30:00,1.87542,1.87553,1.87534,1.8754300000000002,205,18,0
2026-06-24 05:45:00,1.8754499999999998,1.8759299999999999,1.8754499999999998,1.8757700000000002,204,18,0
2026-06-24 06:00:00,1.87576,1.87757,1.8756300000000001,1.8774899999999999,386,18,0
2026-06-24 06:15:00,1.8774600000000001,1.8774600000000001,1.87583,1.87622,474,18,0
2026-06-24 06:30:00,1.87619,1.87666,1.87578,1.87635,397,18,0
2026-06-24 06:45:00,1.87632,1.8763800000000002,1.87523,1.8754300000000002,396,18,0
2026-06-24 07:00:00,1.8754,1.87553,1.87443,1.8746399999999999,547,18,0
2026-06-24 07:15:00,1.8746,1.8760599999999998,1.8746,1.87582,541,18,0
2026-06-24 07:30:00,1.87584,1.8771499999999999,1.87584,1.87705,558,18,0
2026-06-24 07:45:00,1.8770799999999999,1.87731,1.87603,1.87609,501,18,0
2026-06-24 08:00:00,1.8760599999999998,1.87663,1.8753,1.87555,629,18,0
2026-06-24 08:15:00,1.87553,1.87643,1.87537,1.87643,558,18,0
2026-06-24 08:30:00,1.87642,1.87729,1.87641,1.87686,517,18,0
2026-06-24 08:45:00,1.87687,1.87758,1.87669,1.87697,370,18,0
2026-06-24 09:00:00,1.87698,1.8772799999999998,1.8763,1.8770099999999998,453,18,0
2026-06-24 09:15:00,1.877,1.87734,1.8760599999999998,1.87639,440,18,0
2026-06-24 09:30:00,1.87637,1.87652,1.8753600000000001,1.87569,440,18,0
2026-06-24 09:45:00,1.87572,1.87594,1.87504,1.87511,323,18,0
2026-06-24 10:00:00,1.87507,1.87511,1.87385,1.87424,382,18,0
2026-06-24 10:15:00,1.8742299999999998,1.87436,1.87228,1.87257,523,18,0
2026-06-24 10:30:00,1.87259,1.87286,1.87181,1.87243,409,18,0
2026-06-24 10:45:00,1.87245,1.8725800000000001,1.8713600000000001,1.87137,379,18,0
2026-06-24 11:00:00,1.8713899999999999,1.87168,1.8706,1.8714,390,18,0
2026-06-24 11:15:00,1.8714300000000001,1.87214,1.8713199999999999,1.87208,374,18,0
2026-06-24 11:30:00,1.8721100000000002,1.87246,1.87184,1.87233,463,18,0
2026-06-24 11:45:00,1.87236,1.8733,1.87222,1.87269,613,18,0
2026-06-24 12:00:00,1.8726699999999998,1.87337,1.8726099999999999,1.87294,601,18,0
2026-06-24 12:15:00,1.8729,1.8737,1.87233,1.87358,542,18,0
2026-06-24 12:30:00,1.87359,1.87388,1.87127,1.87202,766,18,0
2026-06-24 12:45:00,1.8720599999999998,1.87305,1.8720400000000001,1.87245,604,18,0
2026-06-24 13:00:00,1.87248,1.87304,1.87212,1.87229,676,18,0
2026-06-24 13:15:00,1.87226,1.87392,1.87226,1.87379,666,18,0
2026-06-24 13:30:00,1.8737599999999999,1.87392,1.8719000000000001,1.87257,773,18,0
2026-06-24 13:45:00,1.87256,1.8731900000000001,1.87161,1.87273,812,18,0
2026-06-24 14:00:00,1.87276,1.8734899999999999,1.87137,1.87209,714,18,0
2026-06-24 14:15:00,1.8720599999999998,1.87279,1.8715199999999999,1.87264,714,18,0
2026-06-24 14:30:00,1.87266,1.87311,1.87191,1.87283,669,18,0
2026-06-24 14:45:00,1.87287,1.8734600000000001,1.87065,1.87214,813,18,0
2026-06-24 15:00:00,1.87218,1.87311,1.87205,1.87284,675,18,0
2026-06-24 15:15:00,1.87287,1.87413,1.87276,1.87345,651,18,0
2026-06-24 15:30:00,1.87347,1.87418,1.87317,1.87391,561,18,0
2026-06-24 15:45:00,1.87392,1.87393,1.873,1.8733300000000002,415,18,0
2026-06-24 16:00:00,1.87336,1.87364,1.87298,1.87341,450,18,0
2026-06-24 16:15:00,1.8734,1.87371,1.8731499999999999,1.87366,405,18,0
2026-06-24 16:30:00,1.8737,1.87374,1.87207,1.87273,481,18,0
2026-06-24 16:45:00,1.87276,1.8727800000000001,1.87205,1.87255,357,18,0
2026-06-24 17:00:00,1.87257,1.87279,1.8723,1.87246,397,18,0
2026-06-24 17:15:00,1.87244,1.8728099999999999,1.8722400000000001,1.87241,330,18,0
2026-06-24 17:30:00,1.87243,1.87316,1.87235,1.8726699999999998,419,18,0
2026-06-24 17:45:00,1.8726500000000001,1.8728500000000001,1.87218,1.8726099999999999,404,18,0
2026-06-24 18:00:00,1.87259,1.8732600000000001,1.8725399999999999,1.8732199999999999,366,18,0
2026-06-24 18:15:00,1.87324,1.87377,1.8732199999999999,1.8736199999999998,316,18,0
2026-06-24 18:30:00,1.87361,1.87393,1.8733499999999998,1.87382,313,18,0
2026-06-24 18:45:00,1.8738299999999999,1.87426,1.87348,1.87365,346,18,0
2026-06-24 19:00:00,1.87367,1.8738000000000001,1.87341,1.87351,349,18,0
2026-06-24 19:15:00,1.87348,1.87382,1.87332,1.8735300000000001,230,18,0
2026-06-24 19:30:00,1.87355,1.87372,1.8733,1.87338,261,18,0
2026-06-24 19:45:00,1.87341,1.87361,1.87289,1.87295,282,18,0
2026-06-24 20:00:00,1.8729200000000001,1.8732600000000001,1.87284,1.87318,246,18,0
2026-06-24 20:15:00,1.87317,1.87371,1.8731200000000001,1.87357,155,18,0
2026-06-24 20:30:00,1.87355,1.8738899999999998,1.87351,1.8737300000000001,162,18,0
2026-06-24 20:45:00,1.87375,1.87426,1.87358,1.8739,210,18,0
2026-06-24 21:00:00,1.87391,1.87391,1.87358,1.87358,12,48,0
2026-06-24 21:15:00,1.87357,1.87357,1.87273,1.87327,161,80,0
2026-06-24 21:30:00,1.8732600000000001,1.87344,1.87273,1.87303,210,73,0
2026-06-24 21:45:00,1.8730099999999998,1.87348,1.87297,1.87343,142,48,0
2026-06-24 22:00:00,1.87365,1.8736899999999999,1.87318,1.87341,146,43,0
2026-06-24 22:15:00,1.87338,1.87355,1.87338,1.87354,62,28,0
2026-06-24 22:30:00,1.87356,1.8738700000000001,1.87356,1.87381,42,28,0
2026-06-24 22:45:00,1.87379,1.8739400000000002,1.8737,1.87379,45,18,0
2026-06-24 23:00:00,1.87381,1.8738700000000001,1.87355,1.87356,55,18,0
2026-06-24 23:15:00,1.87359,1.87372,1.8734199999999999,1.87371,58,18,0
2026-06-24 23:30:00,1.8737,1.87378,1.8734899999999999,1.8737300000000001,91,18,0
2026-06-24 23:45:00,1.87375,1.87391,1.87368,1.8737,198,18,0
2026-06-25 00:00:00,1.87372,1.87429,1.8734899999999999,1.87406,406,18,0
2026-06-25 00:15:00,1.87404,1.8740700000000001,1.87378,1.87402,236,18,0
2026-06-25 00:30:00,1.87398,1.87409,1.87377,1.87379,213,18,0
2026-06-25 00:45:00,1.8738000000000001,1.8740700000000001,1.87365,1.8737,248,18,0
2026-06-25 01:00:00,1.8737300000000001,1.87487,1.8736199999999998,1.8747,385,18,0
2026-06-25 01:15:00,1.87472,1.87551,1.87463,1.8748200000000002,373,18,0
2026-06-25 01:30:00,1.87483,1.87496,1.87438,1.8747,349,18,0
2026-06-25 01:45:00,1.87472,1.87493,1.87458,1.87463,251,18,0
2026-06-25 02:00:00,1.87461,1.87507,1.8745500000000002,1.87489,340,18,0
2026-06-25 02:15:00,1.8749,1.87527,1.87469,1.87526,239,18,0
2026-06-25 02:30:00,1.87523,1.87538,1.8750900000000001,1.8750900000000001,208,18,0
2026-06-25 02:45:00,1.87508,1.87527,1.87496,1.87527,181,18,0
2026-06-25 03:00:00,1.8752900000000001,1.87553,1.87519,1.87524,200,18,0
2026-06-25 03:15:00,1.87526,1.87554,1.8751,1.8754499999999998,207,18,0
2026-06-25 03:30:00,1.87544,1.87549,1.87514,1.87538,160,18,0
2026-06-25 03:45:00,1.87539,1.87574,1.87526,1.87539,209,18,0
2026-06-25 04:00:00,1.87541,1.87573,1.87528,1.87561,226,18,0
2026-06-25 04:15:00,1.8756,1.87583,1.8755600000000001,1.8756599999999999,127,18,0
2026-06-25 04:30:00,1.87565,1.87571,1.8753199999999999,1.87535,128,18,0
2026-06-25 04:45:00,1.8753600000000001,1.8756,1.8752900000000001,1.8755899999999999,113,18,0
2026-06-25 05:00:00,1.87562,1.87605,1.87562,1.87584,199,18,0
2026-06-25 05:15:00,1.87585,1.87587,1.87558,1.87573,171,18,0
2026-06-25 05:30:00,1.8757000000000001,1.8761,1.87533,1.87605,230,18,0
2026-06-25 05:45:00,1.87601,1.8760599999999998,1.87574,1.8758599999999999,184,18,0
2026-06-25 06:00:00,1.87583,1.87619,1.8757700000000002,1.87615,279,18,0
2026-06-25 06:15:00,1.87612,1.87625,1.87531,1.87531,330,18,0
2026-06-25 06:30:00,1.8752900000000001,1.8753199999999999,1.87483,1.87497,359,18,0
2026-06-25 06:45:00,1.87496,1.8756300000000001,1.8749099999999999,1.87544,420,18,0
2026-06-25 07:00:00,1.87542,1.87656,1.87542,1.87558,430,18,0
2026-06-25 07:15:00,1.8756,1.87608,1.8753600000000001,1.87587,442,18,0
2026-06-25 07:30:00,1.87589,1.87629,1.8758599999999999,1.87608,359,18,0
2026-06-25 07:45:00,1.8761,1.87637,1.87571,1.8760400000000002,352,18,0
2026-06-25 08:00:00,1.87601,1.87639,1.87538,1.87575,574,18,0
2026-06-25 08:15:00,1.87573,1.87661,1.87533,1.87649,442,18,0
2026-06-25 08:30:00,1.87652,1.87694,1.87637,1.87687,368,18,0
2026-06-25 08:45:00,1.8768500000000001,1.87689,1.8761100000000002,1.87646,363,18,0
2026-06-25 09:00:00,1.87649,1.8771200000000001,1.876,1.87691,373,18,0
2026-06-25 09:15:00,1.8769200000000001,1.87738,1.8769200000000001,1.87738,287,18,0
2026-06-25 09:30:00,1.87737,1.8776199999999998,1.8767399999999999,1.8767800000000001,310,18,0
2026-06-25 09:45:00,1.87676,1.87676,1.87616,1.87646,298,18,0
2026-06-25 10:00:00,1.87648,1.87648,1.8750499999999999,1.87512,337,18,0
2026-06-25 10:15:00,1.8750900000000001,1.87554,1.8747,1.8755,303,18,0
2026-06-25 10:30:00,1.87548,1.8756599999999999,1.8750900000000001,1.87511,272,18,0
2026-06-25 10:45:00,1.87514,1.8752900000000001,1.8746800000000001,1.87526,344,18,0
2026-06-25 11:00:00,1.8752499999999999,1.8752900000000001,1.8746,1.87496,277,18,0
2026-06-25 11:15:00,1.8749799999999999,1.87507,1.87427,1.8743400000000001,311,18,0
2026-06-25 11:30:00,1.87432,1.87453,1.87384,1.87418,323,18,0
2026-06-25 11:45:00,1.87416,1.87417,1.8729,1.87321,401,18,0
2026-06-25 12:00:00,1.8732199999999999,1.87392,1.87313,1.8739,386,18,0
2026-06-25 12:15:00,1.87393,1.87424,1.8735,1.87415,376,18,0
2026-06-25 12:30:00,1.87418,1.87534,1.87398,1.87479,1013,18,0
2026-06-25 12:45:00,1.87481,1.87591,1.8745699999999998,1.87551,718,18,0
2026-06-25 13:00:00,1.87554,1.87587,1.8749,1.87578,581,18,0
2026-06-25 13:15:00,1.8758,1.87635,1.87528,1.87598,624,18,0
2026-06-25 13:30:00,1.87599,1.87618,1.87431,1.87431,702,18,0
2026-06-25 13:45:00,1.87429,1.87503,1.87406,1.87445,899,18,0
2026-06-25 14:00:00,1.87447,1.87625,1.87397,1.87531,1170,18,0
2026-06-25 14:15:00,1.87528,1.87601,1.87451,1.87477,768,18,0
2026-06-25 14:30:00,1.8747500000000001,1.8749500000000001,1.87412,1.8749500000000001,798,18,0
2026-06-25 14:45:00,1.87497,1.87524,1.87425,1.87478,801,18,0
2026-06-25 15:00:00,1.8747500000000001,1.8759299999999999,1.87451,1.87462,815,18,0
2026-06-25 15:15:00,1.87459,1.8753,1.87415,1.8752,771,18,0
2026-06-25 15:30:00,1.87523,1.87565,1.8750499999999999,1.8754,672,18,0
2026-06-25 15:45:00,1.87539,1.87569,1.87479,1.87503,564,18,0
2026-06-25 16:00:00,1.87507,1.87515,1.874,1.8740700000000001,588,18,0
2026-06-25 16:15:00,1.87409,1.8742,1.87364,1.87384,451,18,0
2026-06-25 16:30:00,1.8738299999999999,1.87416,1.87348,1.87404,491,18,0
2026-06-25 16:45:00,1.87406,1.87409,1.87337,1.87359,418,18,0
2026-06-25 17:00:00,1.8736000000000002,1.8738000000000001,1.87314,1.8734600000000001,388,18,0
2026-06-25 17:15:00,1.87343,1.8736000000000002,1.87311,1.87358,314,18,0
2026-06-25 17:30:00,1.87357,1.8738899999999998,1.8734,1.87365,301,18,0
2026-06-25 17:45:00,1.8736199999999998,1.87393,1.8734899999999999,1.8738000000000001,348,18,0
2026-06-25 18:00:00,1.8738299999999999,1.8742100000000002,1.8732799999999998,1.8741400000000001,444,18,0
2026-06-25 18:15:00,1.87413,1.87427,1.8737,1.8737599999999999,263,18,0
2026-06-25 18:30:00,1.8738000000000001,1.8738899999999998,1.8734199999999999,1.87374,332,18,0
2026-06-25 18:45:00,1.8737300000000001,1.8742,1.8733499999999998,1.87339,312,18,0
2026-06-25 19:00:00,1.87337,1.8737300000000001,1.8731900000000001,1.87355,305,18,0
2026-06-25 19:15:00,1.87358,1.87384,1.87347,1.8737300000000001,243,18,0
2026-06-25 19:30:00,1.87374,1.87402,1.87348,1.8736199999999998,307,18,0
2026-06-25 19:45:00,1.87358,1.87375,1.8733,1.87344,362,18,0
2026-06-25 20:00:00,1.87347,1.87365,1.87306,1.87334,269,18,0
2026-06-25 20:15:00,1.87336,1.87368,1.87327,1.87368,142,18,0
2026-06-25 20:30:00,1.87367,1.87367,1.8731900000000001,1.87323,96,18,0
2026-06-25 20:45:00,1.87324,1.87348,1.87263,1.87275,148,18,0
2026-06-25 21:00:00,1.8727399999999998,1.8728,1.87252,1.87259,30,48,0
2026-06-25 21:15:00,1.87256,1.8727800000000001,1.87249,1.8727399999999998,197,132,0
2026-06-25 21:30:00,1.8727399999999998,1.8729200000000001,1.87268,1.8728099999999999,59,87,0
2026-06-25 21:45:00,1.87284,1.87309,1.8727399999999998,1.87283,124,48,0
2026-06-25 22:00:00,1.87294,1.87324,1.87282,1.87318,174,28,0
2026-06-25 22:15:00,1.87321,1.87331,1.87316,1.87316,76,28,0
2026-06-25 22:30:00,1.87317,1.87321,1.87307,1.87313,70,18,0
2026-06-25 22:45:00,1.87318,1.87329,1.8717700000000002,1.87191,343,18,0
2026-06-25 23:00:00,1.87199,1.87257,1.87187,1.8723999999999998,347,18,0
2026-06-25 23:15:00,1.87242,1.8725800000000001,1.8723,1.8725800000000001,128,18,0
2026-06-25 23:30:00,1.8726099999999999,1.8728500000000001,1.8725,1.87284,116,18,0
2026-06-25 23:45:00,1.87283,1.8728799999999999,1.87221,1.8725800000000001,199,18,0
2026-06-26 00:00:00,1.8726099999999999,1.8731200000000001,1.8726,1.8731200000000001,333,18,0
2026-06-26 00:15:00,1.8730799999999999,1.87321,1.8726099999999999,1.8726500000000001,226,18,0
2026-06-26 00:30:00,1.87268,1.87286,1.87253,1.87282,212,18,0
2026-06-26 00:45:00,1.8728099999999999,1.87303,1.87268,1.87296,212,18,0
2026-06-26 01:00:00,1.8729900000000002,1.87324,1.87296,1.8730799999999999,283,18,0
2026-06-26 01:15:00,1.87305,1.87332,1.87302,1.8731,232,18,0
2026-06-26 01:30:00,1.87313,1.87327,1.8725,1.87275,280,18,0
2026-06-26 01:45:00,1.87277,1.8729900000000002,1.87236,1.8727800000000001,281,18,0
2026-06-26 02:00:00,1.87277,1.8730799999999999,1.8726699999999998,1.8728500000000001,268,18,0
2026-06-26 02:15:00,1.87283,1.87296,1.8726099999999999,1.8728500000000001,281,18,0
2026-06-26 02:30:00,1.87284,1.87289,1.8724699999999999,1.8725,222,18,0
2026-06-26 02:45:00,1.87249,1.87255,1.8721700000000001,1.8724699999999999,255,18,0
2026-06-26 03:00:00,1.87249,1.8728500000000001,1.87245,1.87284,249,18,0
2026-06-26 03:15:00,1.87286,1.87304,1.87282,1.8728500000000001,160,18,0
2026-06-26 03:30:00,1.87287,1.87289,1.87246,1.87289,224,18,0
2026-06-26 03:45:00,1.87291,1.8732600000000001,1.87264,1.87321,252,18,0
2026-06-26 04:00:00,1.87324,1.87329,1.87309,1.8732,225,18,0
2026-06-26 04:15:00,1.8731900000000001,1.8734199999999999,1.8731499999999999,1.87329,175,18,0
2026-06-26 04:30:00,1.8732799999999998,1.87329,1.87294,1.87305,210,18,0
2026-06-26 04:45:00,1.87304,1.8733300000000002,1.87297,1.8733300000000002,170,18,0
2026-06-26 05:00:00,1.87329,1.87341,1.87306,1.87341,190,18,0
2026-06-26 05:15:00,1.8734,1.87358,1.87309,1.8735,184,18,0
2026-06-26 05:30:00,1.8735300000000001,1.87375,1.8734600000000001,1.8734600000000001,203,18,0
2026-06-26 05:45:00,1.87344,1.8734899999999999,1.8731499999999999,1.87329,241,18,0
2026-06-26 06:00:00,1.87332,1.87372,1.8732600000000001,1.87372,342,18,0
2026-06-26 06:15:00,1.87371,1.87392,1.87336,1.87392,291,18,0
2026-06-26 06:30:00,1.87388,1.87402,1.8729200000000001,1.8730099999999998,406,18,0
2026-06-26 06:45:00,1.87303,1.87357,1.87268,1.87268,362,18,0
2026-06-26 07:00:00,1.87271,1.87321,1.8723,1.87295,516,18,0
2026-06-26 07:15:00,1.87294,1.87329,1.87244,1.87253,387,18,0
2026-06-26 07:30:00,1.87249,1.87477,1.87246,1.87425,481,18,0
2026-06-26 07:45:00,1.87422,1.8747500000000001,1.87384,1.87467,443,18,0
2026-06-26 08:00:00,1.87469,1.87476,1.8734600000000001,1.87355,607,18,0
2026-06-26 08:15:00,1.87357,1.87408,1.8727399999999998,1.87408,596,18,0
2026-06-26 08:30:00,1.87405,1.8745699999999998,1.87354,1.8745699999999998,467,18,0
2026-06-26 08:45:00,1.87461,1.8751600000000002,1.87429,1.8747500000000001,533,18,0
2026-06-26 09:00:00,1.87478,1.87487,1.874,1.87417,474,18,0
2026-06-26 09:15:00,1.87418,1.8746,1.87377,1.87447,435,18,0
2026-06-26 09:30:00,1.8744800000000001,1.8755600000000001,1.87436,1.87534,367,18,0
2026-06-26 09:45:00,1.87538,1.87581,1.875,1.8750200000000001,402,18,0
2026-06-26 10:00:00,1.87504,1.87515,1.87424,1.87476,407,18,0
2026-06-26 10:15:00,1.87473,1.8749500000000001,1.8743400000000001,1.8746,357,18,0
2026-06-26 10:30:00,1.87462,1.87485,1.87417,1.8744800000000001,377,18,0
2026-06-26 10:45:00,1.87449,1.87506,1.8743400000000001,1.87478,354,18,0
2026-06-26 11:00:00,1.87481,1.87537,1.87449,1.87493,418,18,0
2026-06-26 11:15:00,1.87492,1.87499,1.87436,1.87447,437,18,0
2026-06-26 11:30:00,1.8744800000000001,1.8749,1.8742999999999999,1.87478,460,18,0
2026-06-26 11:45:00,1.8747500000000001,1.87504,1.87439,1.87488,417,18,0
2026-06-26 12:00:00,1.87487,1.87504,1.87443,1.87452,399,18,0
2026-06-26 12:15:00,1.87454,1.87467,1.87304,1.87337,566,18,0
2026-06-26 12:30:00,1.8734,1.87378,1.87221,1.87309,611,18,0
2026-06-26 12:45:00,1.87305,1.87377,1.8720599999999998,1.87282,937,18,0
2026-06-26 13:00:00,1.87284,1.87436,1.8725,1.87354,745,18,0
2026-06-26 13:15:00,1.8735300000000001,1.8736899999999999,1.8716,1.8736000000000002,963,18,0
2026-06-26 13:30:00,1.87357,1.8736899999999999,1.87295,1.87304,784,18,0
2026-06-26 13:45:00,1.87303,1.87447,1.87294,1.87447,638,18,0
2026-06-26 14:00:00,1.87443,1.87513,1.8742299999999998,1.8750900000000001,689,18,0
2026-06-26 14:15:00,1.87511,1.87527,1.87454,1.87458,581,18,0
2026-06-26 14:30:00,1.87456,1.8754300000000002,1.87438,1.8754300000000002,669,18,0
2026-06-26 14:45:00,1.87541,1.87541,1.87358,1.8739,1262,18,0
2026-06-26 15:00:00,1.87393,1.87508,1.87364,1.87486,680,18,0
2026-06-26 15:15:00,1.87483,1.8754,1.8744399999999999,1.8749799999999999,521,18,0
2026-06-26 15:30:00,1.8750200000000001,1.87531,1.87474,1.87477,474,18,0
2026-06-26 15:45:00,1.8748,1.87538,1.8745500000000002,1.87512,656,18,0
2026-06-26 16:00:00,1.8750900000000001,1.8750900000000001,1.87429,1.87453,420,18,0
2026-06-26 16:15:00,1.8745,1.87483,1.87406,1.87483,446,18,0
2026-06-26 16:30:00,1.87479,1.8751799999999998,1.87413,1.8742,476,18,0
2026-06-26 16:45:00,1.87418,1.87435,1.8739,1.87406,265,18,0
2026-06-26 17:00:00,1.8740700000000001,1.8741400000000001,1.87359,1.8738899999999998,258,18,0
2026-06-26 17:15:00,1.87388,1.8738899999999998,1.87325,1.87334,268,18,0
2026-06-26 17:30:00,1.87332,1.8734899999999999,1.8730099999999998,1.8734,283,18,0
2026-06-26 17:45:00,1.87343,1.8734600000000001,1.87302,1.87316,200,18,0
2026-06-26 18:00:00,1.8731900000000001,1.87352,1.87313,1.87341,253,18,0
2026-06-26 18:15:00,1.8734,1.8734,1.87304,1.87324,187,18,0
2026-06-26 18:30:00,1.87321,1.87339,1.87279,1.87295,179,18,0
2026-06-26 18:45:00,1.87291,1.87332,1.87283,1.87323,269,18,0
2026-06-26 19:00:00,1.8732,1.87329,1.87273,1.87283,216,18,0
2026-06-26 19:15:00,1.87282,1.87297,1.8723100000000001,1.87244,222,18,0
2026-06-26 19:30:00,1.87241,1.8726500000000001,1.8723100000000001,1.87246,184,18,0
2026-06-26 19:45:00,1.87248,1.87277,1.8713600000000001,1.8715199999999999,339,18,0
2026-06-26 20:00:00,1.87155,1.8720400000000001,1.8713199999999999,1.87202,208,18,0
2026-06-26 20:15:00,1.87201,1.87245,1.87201,1.87236,110,18,0
2026-06-26 20:30:00,1.87235,1.87241,1.8714300000000001,1.87229,291,18,0
2026-06-26 20:45:00,1.87226,1.87294,1.87207,1.8729200000000001,400,18,0
2026-06-28 21:15:00,1.87306,1.87306,1.87147,1.87214,99,100,0
2026-06-28 21:30:00,1.87218,1.87256,1.87175,1.8721,146,80,0
2026-06-28 21:45:00,1.87182,1.87298,1.87135,1.87284,204,80,0
2026-06-28 22:00:00,1.87347,1.87347,1.87218,1.8722699999999999,222,18,0
2026-06-28 22:15:00,1.87225,1.87229,1.87205,1.87207,139,18,0
2026-06-28 22:30:00,1.87201,1.87235,1.87188,1.87221,89,18,0
2026-06-28 22:45:00,1.8721999999999999,1.87235,1.87187,1.8721999999999999,68,18,0
2026-06-28 23:00:00,1.87219,1.87229,1.8719999999999999,1.87203,113,18,0
2026-06-28 23:15:00,1.87201,1.87202,1.87189,1.87198,57,18,0
2026-06-28 23:30:00,1.8719700000000001,1.87242,1.8719299999999999,1.87218,158,18,0
2026-06-28 23:45:00,1.87216,1.87256,1.87216,1.87235,235,18,0
2026-06-29 00:00:00,1.8723800000000002,1.87359,1.8722400000000001,1.87324,442,18,0
2026-06-29 00:15:00,1.8732,1.87345,1.8730799999999999,1.87331,281,18,0
2026-06-29 00:30:00,1.87329,1.8733300000000002,1.87263,1.8728500000000001,272,18,0
2026-06-29 00:45:00,1.8728799999999999,1.87323,1.87253,1.87295,241,18,0
2026-06-29 01:00:00,1.87298,1.87338,1.87298,1.8731200000000001,270,18,0
2026-06-29 01:15:00,1.8731499999999999,1.8731499999999999,1.87282,1.8729900000000002,230,18,0
2026-06-29 01:30:00,1.873,1.87325,1.8729,1.87313,201,18,0
2026-06-29 01:45:00,1.8731499999999999,1.8731900000000001,1.87255,1.87271,205,18,0
2026-06-29 02:00:00,1.8727399999999998,1.87316,1.87271,1.8728099999999999,189,18,0
2026-06-29 02:15:00,1.87282,1.87324,1.87279,1.87317,183,18,0
2026-06-29 02:30:00,1.87314,1.87321,1.87289,1.8730799999999999,165,18,0
2026-06-29 02:45:00,1.87306,1.87324,1.87297,1.8731499999999999,129,18,0
2026-06-29 03:00:00,1.8731900000000001,1.87336,1.8730099999999998,1.8731200000000001,140,18,0
2026-06-29 03:15:00,1.8731499999999999,1.87329,1.87296,1.87306,92,18,0
2026-06-29 03:30:00,1.8730799999999999,1.8732,1.87293,1.87296,118,18,0
2026-06-29 03:45:00,1.87295,1.87313,1.87277,1.87277,96,18,0
2026-06-29 04:00:00,1.87276,1.87286,1.87262,1.87283,92,18,0
2026-06-29 04:15:00,1.87284,1.87293,1.87271,1.8729,95,18,0
2026-06-29 04:30:00,1.87291,1.87302,1.87282,1.8728500000000001,90,18,0
2026-06-29 04:45:00,1.87287,1.8731200000000001,1.87277,1.87302,130,18,0
2026-06-29 05:00:00,1.873,1.8735300000000001,1.87294,1.87345,150,18,0
2026-06-29 05:15:00,1.87344,1.8735300000000001,1.87329,1.8734899999999999,93,18,0
2026-06-29 05:30:00,1.87352,1.874,1.8735,1.87395,153,18,0
2026-06-29 05:45:00,1.8739400000000002,1.874,1.8734,1.87359,185,18,0
2026-06-29 06:00:00,1.87361,1.87427,1.87358,1.87417,301,18,0
2026-06-29 06:15:00,1.87415,1.87458,1.87412,1.87427,217,18,0
2026-06-29 06:30:00,1.87424,1.87443,1.8741400000000001,1.8744100000000001,248,18,0
2026-06-29 06:45:00,1.87442,1.8749099999999999,1.8743400000000001,1.8747099999999999,341,18,0
2026-06-29 07:00:00,1.8746800000000001,1.87477,1.87397,1.8744399999999999,386,18,0
2026-06-29 07:15:00,1.87447,1.87523,1.87431,1.87519,328,18,0
2026-06-29 07:30:00,1.87515,1.87575,1.87494,1.87531,293,18,0
2026-06-29 07:45:00,1.8753,1.87538,1.87443,1.87462,366,18,0
2026-06-29 08:00:00,1.87465,1.8750900000000001,1.87427,1.8744,379,18,0
2026-06-29 08:15:00,1.8744100000000001,1.8746800000000001,1.87419,1.87453,343,18,0
2026-06-29 08:30:00,1.87451,1.8748,1.87445,1.8745699999999998,304,18,0
2026-06-29 08:45:00,1.87453,1.87488,1.87424,1.87478,284,18,0
2026-06-29 09:00:00,1.8748200000000002,1.8755600000000001,1.87472,1.87546,269,18,0
2026-06-29 09:15:00,1.87544,1.87548,1.87493,1.8753,322,18,0
2026-06-29 09:30:00,1.87528,1.8755,1.87467,1.87486,300,18,0
2026-06-29 09:45:00,1.87488,1.87538,1.87465,1.87531,329,18,0
2026-06-29 10:00:00,1.8753,1.87546,1.87466,1.87501,359,18,0
2026-06-29 10:15:00,1.875,1.87504,1.87452,1.8750200000000001,229,18,0
2026-06-29 10:30:00,1.875,1.87511,1.87463,1.87506,213,18,0
2026-06-29 10:45:00,1.87508,1.87682,1.87508,1.87668,539,18,0
2026-06-29 11:00:00,1.8767,1.87761,1.87659,1.87754,377,18,0
2026-06-29 11:15:00,1.8775300000000001,1.8787099999999999,1.87751,1.87863,338,18,0
2026-06-29 11:30:00,1.8786,1.87926,1.87805,1.87881,448,18,0
2026-06-29 11:45:00,1.8788399999999998,1.87955,1.87862,1.8792499999999999,383,18,0
2026-06-29 12:00:00,1.8792200000000001,1.8794,1.87878,1.87908,393,18,0
2026-06-29 12:15:00,1.87906,1.87967,1.8789500000000001,1.8796,488,18,0
2026-06-29 12:30:00,1.87958,1.8801299999999999,1.87907,1.87984,512,18,0
2026-06-29 12:45:00,1.87985,1.87985,1.8791600000000002,1.8795199999999999,414,18,0
2026-06-29 13:00:00,1.87953,1.88077,1.87953,1.88064,379,18,0
2026-06-29 13:15:00,1.88063,1.88121,1.87988,1.88084,445,18,0
2026-06-29 13:30:00,1.88086,1.88131,1.88035,1.88064,762,18,0
2026-06-29 13:45:00,1.88066,1.8815,1.88057,1.88062,673,18,0
2026-06-29 14:00:00,1.8806500000000002,1.8817300000000001,1.8806500000000002,1.8810099999999998,719,18,0
2026-06-29 14:15:00,1.88102,1.88191,1.88046,1.88179,934,18,0
2026-06-29 14:30:00,1.88182,1.88227,1.8807,1.88087,601,18,0
2026-06-29 14:45:00,1.88089,1.88229,1.88062,1.88181,802,18,0
2026-06-29 15:00:00,1.88184,1.88228,1.8814199999999999,1.88165,522,18,0
2026-06-29 15:15:00,1.88168,1.88224,1.88141,1.8822100000000002,392,18,0
2026-06-29 15:30:00,1.88224,1.8828399999999998,1.88219,1.8828200000000002,434,18,0
2026-06-29 15:45:00,1.8828399999999998,1.88335,1.88245,1.88331,381,18,0
2026-06-29 16:00:00,1.88334,1.88346,1.88277,1.88287,406,18,0
2026-06-29 16:15:00,1.88289,1.8832499999999999,1.8825699999999999,1.8825699999999999,277,18,0
2026-06-29 16:30:00,1.88254,1.88272,1.8816199999999998,1.88208,344,18,0
2026-06-29 16:45:00,1.88206,1.88219,1.88186,1.88216,348,18,0
2026-06-29 17:00:00,1.88219,1.8826399999999999,1.88208,1.88256,277,18,0
2026-06-29 17:15:00,1.8825699999999999,1.88269,1.88219,1.88232,241,18,0
2026-06-29 17:30:00,1.88231,1.88286,1.88231,1.88283,233,18,0
2026-06-29 17:45:00,1.88285,1.88288,1.8817,1.88211,368,18,0
2026-06-29 18:00:00,1.88212,1.8826399999999999,1.88205,1.8826399999999999,281,18,0
2026-06-29 18:15:00,1.88262,1.8829099999999999,1.88231,1.88272,190,18,0
2026-06-29 18:30:00,1.8826800000000001,1.8828200000000002,1.88259,1.8826,191,18,0
2026-06-29 18:45:00,1.8826100000000001,1.88285,1.8825699999999999,1.88272,282,18,0
2026-06-29 19:00:00,1.88274,1.88287,1.88258,1.8828,183,18,0
2026-06-29 19:15:00,1.88279,1.88297,1.88262,1.88297,168,18,0
2026-06-29 19:30:00,1.88299,1.8831799999999999,1.88294,1.88306,161,18,0
2026-06-29 19:45:00,1.88303,1.88333,1.8828200000000002,1.8832,184,18,0
2026-06-29 20:00:00,1.88317,1.8833199999999999,1.8830900000000002,1.8833199999999999,124,18,0
2026-06-29 20:15:00,1.88335,1.88364,1.88333,1.8836300000000001,42,18,0
2026-06-29 20:30:00,1.88361,1.884,1.88341,1.8839000000000001,112,18,0
2026-06-29 20:45:00,1.88389,1.8843,1.8838,1.88405,87,18,0
2026-06-29 21:00:00,1.88403,1.88403,1.88402,1.88402,2,48,0
2026-06-29 21:15:00,1.88401,1.88401,1.8827500000000001,1.88324,87,48,0
2026-06-29 21:30:00,1.88323,1.88362,1.8832200000000001,1.88355,126,70,0
2026-06-29 21:45:00,1.8835199999999999,1.8836,1.8833600000000001,1.8833600000000001,96,48,0
2026-06-29 22:00:00,1.88337,1.88408,1.88337,1.88381,128,28,0
2026-06-29 22:15:00,1.88369,1.8838300000000001,1.88355,1.8838300000000001,56,28,0
2026-06-29 22:30:00,1.88382,1.88398,1.88382,1.88394,76,18,0
2026-06-29 22:45:00,1.88387,1.88399,1.88306,1.8831,220,18,0
2026-06-29 23:00:00,1.8831799999999999,1.8838300000000001,1.8829500000000001,1.88377,163,18,0
2026-06-29 23:15:00,1.88376,1.88385,1.88364,1.8837199999999998,47,18,0
2026-06-29 23:30:00,1.88374,1.88374,1.88337,1.8835,57,18,0
2026-06-29 23:45:00,1.88351,1.8835199999999999,1.88328,1.88334,84,18,0
2026-06-30 00:00:00,1.88331,1.88409,1.8831099999999998,1.88358,338,18,0
2026-06-30 00:15:00,1.88355,1.88364,1.88323,1.88327,180,18,0
2026-06-30 00:30:00,1.88326,1.88331,1.88287,1.8829,190,18,0
2026-06-30 00:45:00,1.88292,1.88321,1.88263,1.88293,449,18,0
2026-06-30 01:00:00,1.88297,1.88307,1.88238,1.88243,385,18,0
2026-06-30 01:15:00,1.88244,1.8830900000000002,1.88244,1.8830900000000002,317,18,0
2026-06-30 01:30:00,1.8831099999999998,1.88315,1.8826399999999999,1.88276,276,18,0
2026-06-30 01:45:00,1.8827500000000001,1.88306,1.8826100000000001,1.88306,229,18,0
2026-06-30 02:00:00,1.88305,1.8836,1.88303,1.8834300000000002,233,18,0
2026-06-30 02:15:00,1.88344,1.88368,1.8832900000000001,1.88358,170,18,0
2026-06-30 02:30:00,1.8835899999999999,1.88378,1.88333,1.88341,137,18,0
2026-06-30 02:45:00,1.88342,1.8834499999999998,1.88315,1.88337,172,18,0
2026-06-30 03:00:00,1.88339,1.88368,1.88333,1.8834300000000002,159,18,0
2026-06-30 03:15:00,1.88344,1.8835,1.8831099999999998,1.88324,190,18,0
2026-06-30 03:30:00,1.88327,1.8835,1.88308,1.8835,153,18,0
2026-06-30 03:45:00,1.88348,1.8835600000000001,1.8830200000000001,1.88331,118,18,0
2026-06-30 04:00:00,1.88333,1.8834300000000002,1.88312,1.88317,118,18,0
2026-06-30 04:15:00,1.88316,1.88337,1.88315,1.88337,89,18,0
2026-06-30 04:30:00,1.8833600000000001,1.88355,1.88333,1.8835,89,18,0
2026-06-30 04:45:00,1.8835199999999999,1.8837199999999998,1.88314,1.88328,211,18,0
2026-06-30 05:00:00,1.88331,1.8834300000000002,1.88297,1.88314,271,18,0
2026-06-30 05:15:00,1.88317,1.88341,1.88296,1.88301,115,18,0
2026-06-30 05:30:00,1.88299,1.88319,1.88283,1.88319,153,18,0
2026-06-30 05:45:00,1.88316,1.88317,1.88263,1.88273,241,18,0
2026-06-30 06:00:00,1.88269,1.88385,1.8824,1.88366,411,18,0
2026-06-30 06:15:00,1.88367,1.8839299999999999,1.88344,1.88368,328,18,0
2026-06-30 06:30:00,1.88366,1.88455,1.8835199999999999,1.88439,392,18,0
2026-06-30 06:45:00,1.88441,1.8847800000000001,1.88378,1.8839299999999999,435,18,0
2026-06-30 07:00:00,1.88392,1.88443,1.88365,1.88401,448,18,0
2026-06-30 07:15:00,1.88403,1.88443,1.8838300000000001,1.88391,327,18,0
2026-06-30 07:30:00,1.8839000000000001,1.88409,1.8837199999999998,1.8840400000000002,342,18,0
2026-06-30 07:45:00,1.88405,1.88407,1.88297,1.8831099999999998,342,18,0
2026-06-30 08:00:00,1.88307,1.88339,1.88249,1.88269,580,18,0
2026-06-30 08:15:00,1.88266,1.88279,1.88217,1.88265,355,18,0
2026-06-30 08:30:00,1.88266,1.8827,1.8818899999999998,1.88225,370,18,0
2026-06-30 08:45:00,1.88228,1.88321,1.88218,1.88299,381,18,0
2026-06-30 09:00:00,1.8830200000000001,1.8840400000000002,1.8828200000000002,1.88384,369,18,0
2026-06-30 09:15:00,1.88385,1.88442,1.88369,1.88432,276,18,0
2026-06-30 09:30:00,1.8843100000000002,1.88472,1.88395,1.88452,322,18,0
2026-06-30 09:45:00,1.88453,1.8847,1.88407,1.88416,327,18,0
2026-06-30 10:00:00,1.8841299999999999,1.88442,1.88364,1.88381,310,18,0
2026-06-30 10:15:00,1.88382,1.88422,1.88374,1.8841,229,18,0
2026-06-30 10:30:00,1.88408,1.88463,1.88384,1.88394,322,18,0
2026-06-30 10:45:00,1.88391,1.88403,1.88348,1.88353,351,18,0
2026-06-30 11:00:00,1.8835600000000001,1.8836300000000001,1.8826399999999999,1.8828399999999998,400,18,0
2026-06-30 11:15:00,1.88281,1.88317,1.8823699999999999,1.88305,411,18,0
2026-06-30 11:30:00,1.88307,1.8832900000000001,1.88243,1.8827500000000001,453,18,0
2026-06-30 11:45:00,1.88277,1.8829799999999999,1.88233,1.88293,366,18,0
2026-06-30 12:00:00,1.88294,1.883,1.88204,1.88253,456,18,0
2026-06-30 12:15:00,1.88251,1.88262,1.8811900000000001,1.88151,466,18,0
2026-06-30 12:30:00,1.8814899999999999,1.88186,1.88076,1.88164,546,18,0
2026-06-30 12:45:00,1.88163,1.88163,1.88018,1.8801999999999999,511,18,0
2026-06-30 13:00:00,1.88021,1.88072,1.87981,1.88005,487,18,0
2026-06-30 13:15:00,1.8800400000000002,1.8812799999999998,1.88002,1.88118,474,18,0
2026-06-30 13:30:00,1.88121,1.88148,1.88018,1.88072,553,18,0
2026-06-30 13:45:00,1.88073,1.8809399999999998,1.88021,1.8805399999999999,531,18,0
2026-06-30 14:00:00,1.8805800000000001,1.8806,1.87974,1.88018,765,18,0
2026-06-30 14:15:00,1.88015,1.88124,1.8801,1.8807399999999999,773,18,0
2026-06-30 14:30:00,1.88075,1.8819,1.88018,1.8810799999999999,770,18,0
2026-06-30 14:45:00,1.88111,1.8832499999999999,1.8806500000000002,1.88304,1253,18,0
2026-06-30 15:00:00,1.88306,1.8844400000000001,1.8824999999999998,1.884,921,18,0
2026-06-30 15:15:00,1.88402,1.8843999999999999,1.88385,1.8840599999999998,522,18,0
2026-06-30 15:30:00,1.88408,1.88436,1.8838300000000001,1.8838300000000001,430,18,0
2026-06-30 15:45:00,1.8838,1.88387,1.8827500000000001,1.8832200000000001,428,18,0
2026-06-30 16:00:00,1.88324,1.8833199999999999,1.88252,1.88254,373,18,0
2026-06-30 16:15:00,1.8825699999999999,1.88277,1.8822100000000002,1.88274,301,18,0
2026-06-30 16:30:00,1.8827099999999999,1.883,1.88243,1.88259,345,18,0
2026-06-30 16:45:00,1.8825699999999999,1.88314,1.88245,1.88258,325,18,0
2026-06-30 17:00:00,1.8826100000000001,1.88362,1.8826,1.8830200000000001,316,18,0
2026-06-30 17:15:00,1.88305,1.88339,1.88301,1.88314,244,18,0
2026-06-30 17:30:00,1.88313,1.88342,1.88304,1.88304,198,18,0
2026-06-30 17:45:00,1.88303,1.88314,1.88246,1.8826800000000001,239,18,0
2026-06-30 18:00:00,1.8827,1.88371,1.88253,1.8835600000000001,325,18,0
2026-06-30 18:15:00,1.8835899999999999,1.8835899999999999,1.88319,1.88321,222,18,0
2026-06-30 18:30:00,1.88317,1.88342,1.88265,1.8826800000000001,253,18,0
2026-06-30 18:45:00,1.8827099999999999,1.88312,1.88245,1.8825699999999999,345,18,0
2026-06-30 19:00:00,1.88254,1.88297,1.88244,1.88255,296,18,0
2026-06-30 19:15:00,1.88256,1.88265,1.88209,1.8824,248,18,0
2026-06-30 19:30:00,1.8824100000000001,1.88265,1.88188,1.88219,305,18,0
2026-06-30 19:45:00,1.88218,1.88238,1.88073,1.88121,472,18,0
2026-06-30 20:00:00,1.88118,1.88192,1.88056,1.88177,384,18,0
2026-06-30 20:15:00,1.88179,1.8821400000000001,1.88166,1.88199,150,18,0
2026-06-30 20:30:00,1.8819599999999999,1.88233,1.8816000000000002,1.88227,182,18,0
2026-06-30 20:45:00,1.88222,1.8826800000000001,1.8821400000000001,1.88239,193,18,0
2026-06-30 21:00:00,1.8823699999999999,1.8823699999999999,1.88235,1.88235,3,48,0
2026-06-30 21:15:00,1.88233,1.88233,1.88154,1.88178,139,48,0
2026-06-30 21:30:00,1.8817599999999999,1.8819,1.88127,1.88185,143,95,0
2026-06-30 21:45:00,1.88186,1.88213,1.8816899999999999,1.88182,118,48,0
2026-06-30 22:00:00,1.88199,1.88225,1.88174,1.88192,119,28,0
2026-06-30 22:15:00,1.88194,1.88202,1.8817599999999999,1.88197,44,28,0
2026-06-30 22:30:00,1.88198,1.88206,1.88198,1.88206,10,18,0
2026-06-30 22:45:00,1.88202,1.88206,1.88172,1.88179,93,18,0
2026-06-30 23:00:00,1.8818700000000002,1.88194,1.8816000000000002,1.8816000000000002,72,18,0
2026-06-30 23:15:00,1.8816199999999998,1.88184,1.8815499999999998,1.88177,52,18,0
2026-06-30 23:30:00,1.8817599999999999,1.8818899999999998,1.88167,1.8817,75,18,0
2026-06-30 23:45:00,1.88168,1.88244,1.88168,1.88244,148,18,0
2026-07-01 00:00:00,1.88247,1.8828399999999998,1.88216,1.88249,213,18,0
2026-07-01 00:15:00,1.8824999999999998,1.88321,1.88227,1.88312,245,18,0
2026-07-01 00:30:00,1.8831099999999998,1.8831099999999998,1.8824999999999998,1.88258,181,18,0
2026-07-01 00:45:00,1.8826,1.88272,1.88236,1.88245,210,18,0
2026-07-01 01:00:00,1.88247,1.88288,1.88227,1.8826100000000001,240,18,0
2026-07-01 01:15:00,1.88262,1.88279,1.88236,1.8826,210,18,0
2026-07-01 01:30:00,1.88262,1.88265,1.8822100000000002,1.8824800000000002,191,18,0
2026-07-01 01:45:00,1.88249,1.8826,1.88198,1.88217,209,18,0
2026-07-01 02:00:00,1.8822,1.8822,1.88188,1.88204,182,18,0
2026-07-01 02:15:00,1.8820700000000001,1.8824100000000001,1.88199,1.88212,192,18,0
2026-07-01 02:30:00,1.88211,1.8821400000000001,1.88172,1.88191,165,18,0
2026-07-01 02:45:00,1.88195,1.8820999999999999,1.88183,1.8819,181,18,0
2026-07-01 03:00:00,1.88191,1.8820700000000001,1.8817300000000001,1.88185,158,18,0
2026-07-01 03:15:00,1.88183,1.88185,1.8816000000000002,1.88171,128,18,0
2026-07-01 03:30:00,1.88172,1.88175,1.88144,1.88147,136,18,0
2026-07-01 03:45:00,1.88148,1.8816899999999999,1.88137,1.88156,117,18,0
2026-07-01 04:00:00,1.88158,1.8816000000000002,1.88133,1.88143,101,18,0
2026-07-01 04:15:00,1.8814199999999999,1.88157,1.8813,1.88144,122,18,0
2026-07-01 04:30:00,1.8814600000000001,1.88198,1.8814600000000001,1.88194,209,18,0
2026-07-01 04:45:00,1.88192,1.88213,1.88178,1.88205,136,18,0
2026-07-01 05:00:00,1.88201,1.88215,1.88188,1.88213,141,18,0
2026-07-01 05:15:00,1.88212,1.88222,1.88186,1.88193,111,18,0
2026-07-01 05:30:00,1.88195,1.8820700000000001,1.88177,1.88198,179,18,0
2026-07-01 05:45:00,1.8819599999999999,1.8820000000000001,1.8814899999999999,1.88165,194,18,0
2026-07-01 06:00:00,1.88167,1.88208,1.88167,1.88191,281,18,0
2026-07-01 06:15:00,1.8818899999999998,1.88216,1.88152,1.88177,244,18,0
2026-07-01 06:30:00,1.8818000000000001,1.88224,1.88177,1.8820000000000001,212,18,0
2026-07-01 06:45:00,1.88199,1.88301,1.88199,1.88247,263,18,0
2026-07-01 07:00:00,1.8824999999999998,1.8828,1.8817300000000001,1.88182,387,18,0
2026-07-01 07:15:00,1.88179,1.88184,1.8806699999999998,1.88134,325,18,0
2026-07-01 07:30:00,1.88136,1.8822,1.88136,1.88217,367,18,0
2026-07-01 07:45:00,1.8822,1.8830200000000001,1.88211,1.8828,333,18,0
2026-07-01 08:00:00,1.8828200000000002,1.8835199999999999,1.88255,1.88337,340,18,0
2026-07-01 08:15:00,1.8834,1.8845,1.88337,1.8845,345,18,0
2026-07-01 08:30:00,1.8845100000000001,1.8847,1.88389,1.88421,388,18,0
2026-07-01 08:45:00,1.8841999999999999,1.8843999999999999,1.8835199999999999,1.88375,314,18,0
2026-07-01 09:00:00,1.88376,1.8843100000000002,1.8836300000000001,1.88409,379,18,0
2026-07-01 09:15:00,1.88411,1.885,1.88375,1.8849399999999998,331,18,0
2026-07-01 09:30:00,1.8849200000000002,1.8851900000000001,1.8843800000000002,1.8846500000000002,377,18,0
2026-07-01 09:45:00,1.88463,1.8849900000000002,1.88387,1.88411,355,18,0
2026-07-01 10:00:00,1.88414,1.88428,1.8837000000000002,1.88398,282,18,0
2026-07-01 10:15:00,1.88396,1.88441,1.88366,1.88384,324,18,0
2026-07-01 10:30:00,1.88381,1.88412,1.88364,1.8839299999999999,279,18,0
2026-07-01 10:45:00,1.88391,1.88415,1.88364,1.88368,252,18,0
2026-07-01 11:00:00,1.88369,1.88374,1.88229,1.88242,355,18,0
2026-07-01 11:15:00,1.88243,1.88286,1.88229,1.88281,256,18,0
2026-07-01 11:30:00,1.8828200000000002,1.88351,1.8827500000000001,1.88317,305,18,0
2026-07-01 11:45:00,1.88313,1.88342,1.88289,1.88308,360,18,0
2026-07-01 12:00:00,1.8831099999999998,1.88338,1.8828399999999998,1.8831099999999998,422,18,0
2026-07-01 12:15:00,1.8830900000000002,1.8838300000000001,1.88288,1.88312,406,18,0
2026-07-01 12:30:00,1.88313,1.88411,1.88299,1.8834499999999998,629,18,0
2026-07-01 12:45:00,1.88348,1.88442,1.8832,1.8837199999999998,431,18,0
2026-07-01 13:00:00,1.88369,1.88401,1.8815300000000001,1.8817599999999999,913,18,0
2026-07-01 13:15:00,1.88178,1.88419,1.88177,1.88341,1132,18,0
2026-07-01 13:30:00,1.88338,1.8845800000000001,1.88274,1.8845,1120,18,0
2026-07-01 13:45:00,1.88453,1.8851,1.88416,1.88462,816,18,0
2026-07-01 14:00:00,1.88469,1.88517,1.88421,1.88428,842,18,0
2026-07-01 14:15:00,1.8843100000000002,1.88554,1.88409,1.88533,735,18,0
2026-07-01 14:30:00,1.88532,1.88755,1.8851900000000001,1.88608,758,18,0
2026-07-01 14:45:00,1.8860999999999999,1.88658,1.88545,1.88574,888,18,0
2026-07-01 15:00:00,1.88577,1.88599,1.8851,1.8857300000000001,730,18,0
2026-07-01 15:15:00,1.8857599999999999,1.88604,1.8852,1.88572,486,18,0
2026-07-01 15:30:00,1.88571,1.88619,1.8846500000000002,1.88509,627,18,0
2026-07-01 15:45:00,1.8851200000000001,1.88625,1.8850099999999999,1.88608,413,18,0
2026-07-01 16:00:00,1.8860999999999999,1.8873600000000001,1.88608,1.8869099999999999,670,18,0
2026-07-01 16:15:00,1.88693,1.88747,1.88633,1.88728,582,18,0
2026-07-01 16:30:00,1.8872499999999999,1.88774,1.8871099999999998,1.88723,393,18,0
2026-07-01 16:45:00,1.88724,1.88784,1.88689,1.88697,411,18,0
2026-07-01 17:00:00,1.887,1.8875600000000001,1.88694,1.8873799999999998,434,18,0
2026-07-01 17:15:00,1.88735,1.8875899999999999,1.88707,1.8872,243,18,0
2026-07-01 17:30:00,1.88717,1.88727,1.88687,1.88694,275,18,0
2026-07-01 17:45:00,1.88697,1.88739,1.88697,1.88703,242,18,0
2026-07-01 18:00:00,1.88706,1.8872499999999999,1.88663,1.88678,263,18,0
2026-07-01 18:15:00,1.8867500000000001,1.88706,1.8866800000000001,1.88699,224,18,0
2026-07-01 18:30:00,1.8870200000000001,1.88751,1.8869,1.8874900000000001,235,18,0
2026-07-01 18:45:00,1.88746,1.88754,1.8870200000000001,1.8874,267,18,0
2026-07-01 19:00:00,1.88737,1.88761,1.8872200000000001,1.88761,246,18,0
2026-07-01 19:15:00,1.8876,1.88801,1.88751,1.8878,204,18,0
2026-07-01 19:30:00,1.88782,1.88785,1.88753,1.88766,181,18,0
2026-07-01 19:45:00,1.88767,1.88773,1.88726,1.8872900000000001,200,18,0
2026-07-01 20:00:00,1.88726,1.88767,1.88721,1.88757,149,18,0
2026-07-01 20:15:00,1.88761,1.8878599999999999,1.8873,1.88754,101,18,0
2026-07-01 20:30:00,1.88751,1.88765,1.88636,1.88651,157,18,0
2026-07-01 20:45:00,1.88655,1.8872200000000001,1.88655,1.88694,139,18,0
2026-07-01 21:00:00,1.88692,1.88692,1.88686,1.88686,5,48,0
2026-07-01 21:15:00,1.8868399999999999,1.8868399999999999,1.88625,1.8867,90,48,0
2026-07-01 21:30:00,1.8867,1.88693,1.8865699999999999,1.88693,93,77,0
2026-07-01 21:45:00,1.8869500000000001,1.88737,1.88643,1.88643,108,48,0
2026-07-01 22:00:00,1.88666,1.8872900000000001,1.88666,1.88724,87,28,0
2026-07-01 22:15:00,1.88726,1.8875899999999999,1.88724,1.8875600000000001,35,28,0
2026-07-01 22:30:00,1.88751,1.88775,1.88748,1.88773,24,18,0
2026-07-01 22:45:00,1.8877199999999998,1.8877899999999999,1.8877000000000002,1.8877899999999999,22,18,0
2026-07-01 23:00:00,1.88777,1.8877899999999999,1.88765,1.88776,35,18,0
2026-07-01 23:15:00,1.88778,1.88801,1.88767,1.8879899999999998,61,18,0
2026-07-01 23:30:00,1.8879700000000001,1.88823,1.88781,1.88785,97,18,0
2026-07-01 23:45:00,1.88784,1.8878599999999999,1.88766,1.88776,84,18,0
2026-07-02 00:00:00,1.88774,1.8885999999999998,1.88768,1.8883299999999998,434,18,0
2026-07-02 00:15:00,1.88834,1.88835,1.88757,1.88767,209,18,0
2026-07-02 00:30:00,1.88769,1.88802,1.8875,1.88784,211,18,0
2026-07-02 00:45:00,1.88781,1.8879700000000001,1.88754,1.88767,265,18,0
2026-07-02 01:00:00,1.8876300000000001,1.8877199999999998,1.8873799999999998,1.8875600000000001,258,18,0
2026-07-02 01:15:00,1.88758,1.88794,1.88746,1.88774,233,18,0
2026-07-02 01:30:00,1.88773,1.888,1.88773,1.88785,202,18,0
2026-07-02 01:45:00,1.8878599999999999,1.88855,1.88781,1.8881000000000001,257,18,0
2026-07-02 02:00:00,1.88812,1.88863,1.888,1.88863,240,18,0
2026-07-02 02:15:00,1.88861,1.88871,1.88841,1.88848,237,18,0
2026-07-02 02:30:00,1.88849,1.8885999999999998,1.88826,1.8883100000000002,155,18,0
2026-07-02 02:45:00,1.8883299999999998,1.8884400000000001,1.88819,1.88838,159,18,0
2026-07-02 03:00:00,1.88839,1.88843,1.88818,1.88822,148,18,0
2026-07-02 03:15:00,1.8882400000000001,1.8883299999999998,1.88805,1.88826,121,18,0
2026-07-02 03:30:00,1.88825,1.8883299999999998,1.88816,1.88829,120,18,0
2026-07-02 03:45:00,1.88826,1.8887800000000001,1.88822,1.8887399999999999,123,18,0
2026-07-02 04:00:00,1.88871,1.88903,1.8886500000000002,1.88899,218,18,0
2026-07-02 04:15:00,1.88898,1.8890099999999999,1.8887,1.88872,115,18,0
2026-07-02 04:30:00,1.8887,1.8887399999999999,1.88842,1.8884699999999999,109,18,0
2026-07-02 04:45:00,1.88846,1.88869,1.8883999999999999,1.88869,142,18,0
2026-07-02 05:00:00,1.8887,1.88902,1.88863,1.88889,174,18,0
2026-07-02 05:15:00,1.88891,1.88911,1.8888099999999999,1.88897,129,18,0
2026-07-02 05:30:00,1.88895,1.8890099999999999,1.8887800000000001,1.88883,148,18,0
2026-07-02 05:45:00,1.88882,1.88931,1.88876,1.88911,149,18,0
2026-07-02 06:00:00,1.88907,1.88917,1.88859,1.88873,447,18,0
2026-07-02 06:15:00,1.8887,1.88923,1.8887,1.88906,298,18,0
2026-07-02 06:30:00,1.88909,1.88918,1.88856,1.8887,250,18,0
2026-07-02 06:45:00,1.88871,1.89123,1.8885100000000001,1.88931,1024,18,0
2026-07-02 07:00:00,1.88933,1.88975,1.88889,1.88972,644,18,0
2026-07-02 07:15:00,1.88975,1.89196,1.88972,1.89181,598,18,0
2026-07-02 07:30:00,1.89184,1.89361,1.8916300000000001,1.8932099999999998,676,18,0
2026-07-02 07:45:00,1.89318,1.89364,1.8926699999999999,1.8935,652,18,0
2026-07-02 08:00:00,1.8935300000000002,1.895,1.8933900000000001,1.89486,895,18,0
2026-07-02 08:15:00,1.89483,1.89496,1.89299,1.89352,691,18,0
2026-07-02 08:30:00,1.8935499999999998,1.89507,1.8932799999999999,1.8948399999999999,734,18,0
2026-07-02 08:45:00,1.89487,1.8955199999999999,1.8944100000000001,1.89507,608,18,0
2026-07-02 09:00:00,1.8950399999999998,1.89542,1.8933900000000001,1.89426,608,18,0
2026-07-02 09:15:00,1.8942299999999999,1.8947,1.8940299999999999,1.89429,503,18,0
2026-07-02 09:30:00,1.8942999999999999,1.8947500000000002,1.89391,1.89444,469,18,0
2026-07-02 09:45:00,1.89446,1.89449,1.89344,1.89354,484,18,0
2026-07-02 10:00:00,1.89356,1.89408,1.8933,1.89338,381,18,0
2026-07-02 10:15:00,1.89337,1.89363,1.89248,1.89263,415,18,0
2026-07-02 10:30:00,1.89261,1.8928,1.89221,1.89279,328,18,0
2026-07-02 10:45:00,1.89277,1.89383,1.89261,1.89378,303,18,0
2026-07-02 11:00:00,1.8938000000000001,1.89392,1.89303,1.89333,361,18,0
2026-07-02 11:15:00,1.8933499999999999,1.89365,1.89311,1.89341,312,18,0
2026-07-02 11:30:00,1.8934,1.8938199999999998,1.89327,1.89329,296,18,0
2026-07-02 11:45:00,1.89327,1.89341,1.8912499999999999,1.89161,427,18,0
2026-07-02 12:00:00,1.89165,1.89176,1.89059,1.89113,647,18,0
2026-07-02 12:15:00,1.8911,1.89137,1.89022,1.89099,706,18,0
2026-07-02 12:30:00,1.89097,1.89419,1.8909099999999999,1.89303,2219,18,0
2026-07-02 12:45:00,1.8930500000000001,1.89433,1.89235,1.89413,1502,18,0
2026-07-02 13:00:00,1.8941400000000002,1.89499,1.8937300000000001,1.89385,1295,18,0
2026-07-02 13:15:00,1.89386,1.8944100000000001,1.89295,1.89377,989,18,0
2026-07-02 13:30:00,1.8938000000000001,1.8947699999999998,1.8932099999999998,1.89439,1129,18,0
2026-07-02 13:45:00,1.8944,1.89561,1.89421,1.89523,920,18,0
2026-07-02 14:00:00,1.89526,1.89666,1.89505,1.89581,900,18,0
2026-07-02 14:15:00,1.89578,1.89593,1.89463,1.89562,809,18,0
2026-07-02 14:30:00,1.89566,1.89596,1.89417,1.89513,920,18,0
2026-07-02 14:45:00,1.89516,1.89648,1.895,1.8963100000000002,864,18,0
2026-07-02 15:00:00,1.89632,1.89645,1.89517,1.8958300000000001,852,18,0
2026-07-02 15:15:00,1.89581,1.89609,1.8953799999999998,1.8954499999999999,618,18,0
2026-07-02 15:30:00,1.89548,1.89591,1.89479,1.8948800000000001,690,18,0
2026-07-02 15:45:00,1.8949099999999999,1.89528,1.89451,1.89483,528,18,0
2026-07-02 16:00:00,1.89486,1.89505,1.89404,1.8943699999999999,578,18,0
2026-07-02 16:15:00,1.8944,1.8944800000000002,1.8933900000000001,1.8933900000000001,529,18,0
2026-07-02 16:30:00,1.89336,1.89383,1.89316,1.89341,455,18,0
2026-07-02 16:45:00,1.89344,1.89361,1.8930099999999999,1.89304,470,18,0
2026-07-02 17:00:00,1.8930099999999999,1.89343,1.89257,1.8925999999999998,416,18,0
2026-07-02 17:15:00,1.89259,1.89262,1.89201,1.89214,351,18,0
2026-07-02 17:30:00,1.89215,1.89228,1.89177,1.89227,409,18,0
2026-07-02 17:45:00,1.8922400000000001,1.89227,1.89143,1.89168,407,18,0
2026-07-02 18:00:00,1.8917000000000002,1.89254,1.8915600000000001,1.89212,402,18,0
2026-07-02 18:15:00,1.89211,1.89242,1.89175,1.8921299999999999,283,18,0
2026-07-02 18:30:00,1.89216,1.89255,1.89207,1.89241,287,18,0
2026-07-02 18:45:00,1.89242,1.8927,1.89228,1.8926500000000002,246,18,0
2026-07-02 19:00:00,1.89266,1.8929200000000002,1.89259,1.8929,324,18,0
2026-07-02 19:15:00,1.8929200000000002,1.8929200000000002,1.89216,1.8923299999999998,256,18,0
2026-07-02 19:30:00,1.8923,1.8925999999999998,1.8922400000000001,1.89241,213,18,0
2026-07-02 19:45:00,1.89239,1.89307,1.89232,1.89237,271,18,0
2026-07-02 20:00:00,1.89235,1.89279,1.89214,1.8925999999999998,166,18,0
2026-07-02 20:15:00,1.89263,1.8933200000000001,1.89253,1.8933,83,18,0
2026-07-02 20:30:00,1.8932799999999999,1.8932799999999999,1.8925999999999998,1.8925999999999998,108,18,0
2026-07-02 20:45:00,1.89264,1.8929399999999998,1.89225,1.89238,122,18,0
2026-07-02 21:00:00,1.89237,1.89239,1.89237,1.89239,3,48,0
2026-07-02 21:15:00,1.89242,1.8924699999999999,1.89226,1.89235,178,48,0
2026-07-02 21:30:00,1.89235,1.89273,1.8923299999999998,1.8927,76,48,0
2026-07-02 21:45:00,1.8927100000000001,1.89293,1.89264,1.89268,90,48,0
2026-07-02 22:00:00,1.89263,1.89296,1.8922400000000001,1.89293,90,28,0
2026-07-02 22:15:00,1.8929200000000002,1.8930500000000001,1.89276,1.8930500000000001,44,28,0
2026-07-02 22:30:00,1.89306,1.89311,1.89266,1.89276,73,18,0
2026-07-02 22:45:00,1.89277,1.8928099999999999,1.89253,1.8927399999999999,105,18,0
2026-07-02 23:00:00,1.89273,1.89289,1.89273,1.89276,102,18,0
2026-07-02 23:15:00,1.89277,1.8930500000000001,1.89276,1.89296,73,18,0
2026-07-02 23:30:00,1.8929399999999998,1.89327,1.89273,1.89317,142,18,0
2026-07-02 23:45:00,1.8931499999999999,1.89316,1.89256,1.89264,177,18,0
2026-07-03 00:00:00,1.8926699999999999,1.8932600000000002,1.8925800000000002,1.89286,318,18,0
2026-07-03 00:15:00,1.89288,1.8931499999999999,1.8927399999999999,1.89296,177,18,0
2026-07-03 00:30:00,1.89297,1.89298,1.8927399999999999,1.89287,207,18,0
2026-07-03 00:45:00,1.8928500000000001,1.8933200000000001,1.8927800000000001,1.8933,279,18,0
2026-07-03 01:00:00,1.89327,1.89405,1.8932,1.89379,348,18,0
2026-07-03 01:15:00,1.89378,1.89422,1.8937300000000001,1.89381,341,18,0
2026-07-03 01:30:00,1.89378,1.8938899999999999,1.89333,1.89356,366,18,0
2026-07-03 01:45:00,1.8935499999999998,1.89356,1.8931900000000002,1.89356,249,18,0
2026-07-03 02:00:00,1.89358,1.8939300000000001,1.8934,1.89386,234,18,0
2026-07-03 02:15:00,1.8938899999999999,1.89404,1.89372,1.8938000000000001,179,18,0
2026-07-03 02:30:00,1.8938199999999998,1.8938700000000002,1.89323,1.8933,168,18,0
2026-07-03 02:45:00,1.8933200000000001,1.89343,1.89309,1.8933,208,18,0
2026-07-03 03:00:00,1.89333,1.89337,1.89296,1.8930799999999999,177,18,0
2026-07-03 03:15:00,1.89307,1.89322,1.8929200000000002,1.89322,119,18,0
2026-07-03 03:30:00,1.89324,1.89324,1.89298,1.89311,140,18,0
2026-07-03 03:45:00,1.8931200000000001,1.89348,1.89309,1.8933,136,18,0
2026-07-03 04:00:00,1.89331,1.89331,1.89284,1.89303,117,18,0
2026-07-03 04:15:00,1.89302,1.89309,1.89288,1.8930500000000001,104,18,0
2026-07-03 04:30:00,1.89303,1.8930500000000001,1.89282,1.89287,121,18,0
2026-07-03 04:45:00,1.8928500000000001,1.89307,1.8928500000000001,1.8930500000000001,100,18,0
2026-07-03 05:00:00,1.89306,1.8938899999999999,1.89306,1.89384,276,18,0
2026-07-03 05:15:00,1.89385,1.89417,1.89356,1.89368,175,18,0
2026-07-03 05:30:00,1.89365,1.89372,1.8931900000000002,1.8931900000000002,193,18,0
2026-07-03 05:45:00,1.89323,1.8932600000000002,1.89275,1.8928099999999999,193,18,0
2026-07-03 06:00:00,1.8928500000000001,1.8935,1.89276,1.89334,389,18,0
2026-07-03 06:15:00,1.8933200000000001,1.8940700000000001,1.89322,1.8940000000000001,353,18,0
2026-07-03 06:30:00,1.89398,1.89496,1.8938899999999999,1.8944800000000002,545,18,0
2026-07-03 06:45:00,1.8944999999999999,1.8946100000000001,1.89419,1.8942299999999999,289,18,0
2026-07-03 07:00:00,1.89425,1.89436,1.89364,1.89418,387,18,0
2026-07-03 07:15:00,1.8941599999999998,1.89458,1.8937599999999999,1.89431,333,18,0
2026-07-03 07:30:00,1.89429,1.89485,1.89384,1.89462,399,18,0
2026-07-03 07:45:00,1.89463,1.8959000000000001,1.8943699999999999,1.89543,448,18,0
2026-07-03 08:00:00,1.89546,1.8957199999999998,1.89512,1.8953,372,18,0
2026-07-03 08:15:00,1.89528,1.8953600000000002,1.89453,1.8950200000000001,287,18,0
2026-07-03 08:30:00,1.895,1.89506,1.89419,1.89446,370,18,0
2026-07-03 08:45:00,1.8944299999999998,1.89459,1.89399,1.89435,290,18,0
2026-07-03 09:00:00,1.8943699999999999,1.89463,1.89388,1.8941,271,18,0
2026-07-03 09:15:00,1.8940700000000001,1.89452,1.89401,1.89409,252,18,0
2026-07-03 09:30:00,1.8941,1.8946399999999999,1.89409,1.89453,201,18,0
2026-07-03 09:45:00,1.89449,1.89449,1.89351,1.8937300000000001,340,18,0
2026-07-03 10:00:00,1.89375,1.89408,1.89336,1.8939,270,18,0
2026-07-03 10:15:00,1.8938700000000002,1.89422,1.8936600000000001,1.89404,205,18,0
2026-07-03 10:30:00,1.89406,1.8946800000000001,1.89404,1.89451,213,18,0
2026-07-03 10:45:00,1.8945400000000001,1.89516,1.8944800000000002,1.8944999999999999,174,18,0
2026-07-03 11:00:00,1.89453,1.89568,1.89444,1.8956499999999998,288,18,0
2026-07-03 11:15:00,1.8956300000000001,1.89573,1.8953,1.8956,300,18,0
2026-07-03 11:30:00,1.8956300000000001,1.89569,1.89513,1.89517,280,18,0
2026-07-03 11:45:00,1.8951799999999999,1.89604,1.89516,1.89594,289,18,0
2026-07-03 12:00:00,1.8959700000000002,1.89703,1.89594,1.89703,296,18,0
2026-07-03 12:15:00,1.8970500000000001,1.8971200000000001,1.8965999999999998,1.8966699999999999,296,18,0
2026-07-03 12:30:00,1.89666,1.89738,1.89666,1.89695,236,18,0
2026-07-03 12:45:00,1.8969399999999998,1.8973,1.89659,1.8966699999999999,252,18,0
2026-07-03 13:00:00,1.89666,1.89669,1.89554,1.8956300000000001,341,18,0
2026-07-03 13:15:00,1.8955899999999999,1.8965800000000002,1.89555,1.89625,236,18,0
2026-07-03 13:30:00,1.89627,1.8964699999999999,1.8959000000000001,1.89605,287,18,0
2026-07-03 13:45:00,1.89607,1.89609,1.8950900000000002,1.8953799999999998,345,18,0
2026-07-03 14:00:00,1.8954,1.89553,1.89506,1.89523,310,18,0
2026-07-03 14:15:00,1.8952499999999999,1.8958599999999999,1.89521,1.89532,287,18,0
2026-07-03 14:30:00,1.8953,1.89573,1.89517,1.89537,278,18,0
2026-07-03 14:45:00,1.89534,1.89641,1.8952900000000001,1.89623,332,18,0
2026-07-03 15:00:00,1.89619,1.89688,1.8961700000000001,1.89663,339,18,0
2026-07-03 15:15:00,1.89659,1.89684,1.89635,1.89655,201,18,0
2026-07-03 15:30:00,1.89657,1.89664,1.8961000000000001,1.89621,202,18,0
2026-07-03 15:45:00,1.89623,1.89661,1.89618,1.89642,195,18,0
2026-07-03 16:00:00,1.89641,1.89725,1.8963,1.89714,212,18,0
2026-07-03 16:15:00,1.89715,1.89715,1.8965,1.89654,139,18,0
2026-07-03 16:30:00,1.8965100000000001,1.89661,1.89638,1.8965,88,18,0
2026-07-03 16:45:00,1.89653,1.8967,1.89645,1.89652,109,18,0
2026-07-03 17:00:00,1.89654,1.89704,1.8964699999999999,1.89675,178,18,0
2026-07-03 17:15:00,1.8967399999999999,1.89679,1.89656,1.89666,128,18,0
2026-07-03 17:30:00,1.89664,1.89679,1.89653,1.8967,107,18,0
2026-07-03 17:45:00,1.89668,1.8968099999999999,1.89652,1.89664,103,18,0
2026-07-03 18:00:00,1.89661,1.89676,1.89616,1.8962599999999998,165,18,0
2026-07-03 18:15:00,1.8962400000000001,1.89639,1.8960599999999999,1.8962599999999998,174,18,0
2026-07-03 18:30:00,1.8962400000000001,1.8964699999999999,1.8959000000000001,1.8961299999999999,303,18,0
2026-07-03 18:45:00,1.89614,1.8962599999999998,1.89602,1.8961299999999999,177,18,0
2026-07-03 19:00:00,1.89612,1.89638,1.89612,1.89616,177,18,0
2026-07-03 19:15:00,1.89615,1.8963999999999999,1.89596,1.8961999999999999,248,18,0
2026-07-03 19:30:00,1.89619,1.8962599999999998,1.89611,1.89623,111,18,0
2026-07-03 19:45:00,1.89625,1.8967100000000001,1.89607,1.8961999999999999,412,18,0
2026-07-03 20:00:00,1.89621,1.89684,1.89593,1.89603,548,18,0
2026-07-03 20:15:00,1.8960599999999999,1.8964400000000001,1.89558,1.89602,390,18,0
2026-07-03 20:30:00,1.89605,1.89638,1.8958599999999999,1.8958599999999999,294,18,0
2026-07-03 20:45:00,1.89587,1.8963700000000001,1.89553,1.89555,296,18,0
2026-07-05 21:15:00,1.8948,1.89528,1.89449,1.8950399999999998,26,80,0
2026-07-05 21:30:00,1.89527,1.8955899999999999,1.89483,1.89558,281,80,0
2026-07-05 21:45:00,1.89557,1.89561,1.89505,1.89514,162,80,0
2026-07-05 22:00:00,1.8954,1.89646,1.8948399999999999,1.89629,152,28,0
2026-07-05 22:15:00,1.89628,1.8968500000000001,1.8961299999999999,1.89684,89,18,0
2026-07-05 22:30:00,1.89677,1.89677,1.89589,1.8959000000000001,84,18,0
2026-07-05 22:45:00,1.89592,1.89604,1.8957600000000001,1.89596,47,18,0
2026-07-05 23:00:00,1.89595,1.89612,1.8958300000000001,1.896,83,18,0
2026-07-05 23:15:00,1.8959700000000002,1.89615,1.8958599999999999,1.89612,55,18,0
2026-07-05 23:30:00,1.89611,1.89657,1.89607,1.89649,92,18,0
2026-07-05 23:45:00,1.8964699999999999,1.89661,1.8963100000000002,1.89653,148,18,0
2026-07-06 00:00:00,1.8965,1.89697,1.8964699999999999,1.89695,295,18,0
2026-07-06 00:15:00,1.89696,1.89736,1.89648,1.89691,249,18,0
2026-07-06 00:30:00,1.89689,1.89717,1.89661,1.8966699999999999,249,18,0
2026-07-06 00:45:00,1.89669,1.8967,1.89634,1.8967,235,18,0
2026-07-06 01:00:00,1.89668,1.8967100000000001,1.8963700000000001,1.8965,234,18,0
2026-07-06 01:15:00,1.8964699999999999,1.8964699999999999,1.89584,1.89595,235,18,0
2026-07-06 01:30:00,1.89598,1.89611,1.8957199999999998,1.89605,216,18,0
2026-07-06 01:45:00,1.89604,1.89605,1.89555,1.8955600000000001,183,18,0
2026-07-06 02:00:00,1.89555,1.89584,1.89532,1.89542,205,18,0
2026-07-06 02:15:00,1.89539,1.89558,1.89528,1.89554,154,18,0
2026-07-06 02:30:00,1.8955199999999999,1.8958,1.89546,1.89569,137,18,0
2026-07-06 02:45:00,1.89571,1.8962599999999998,1.89566,1.89609,139,18,0
2026-07-06 03:00:00,1.89611,1.89621,1.8960599999999999,1.89614,114,18,0
2026-07-06 03:15:00,1.8961299999999999,1.89616,1.89581,1.89587,137,18,0
2026-07-06 03:30:00,1.89585,1.8959700000000002,1.89577,1.89596,132,18,0
2026-07-06 03:45:00,1.8959700000000002,1.896,1.89564,1.8958,127,18,0
2026-07-06 04:00:00,1.89582,1.89585,1.89561,1.89567,121,18,0
2026-07-06 04:15:00,1.89564,1.8957600000000001,1.89553,1.89567,92,18,0
2026-07-06 04:30:00,1.89568,1.89578,1.89557,1.8957000000000002,88,18,0
2026-07-06 04:45:00,1.89569,1.89569,1.89544,1.8955899999999999,93,18,0
2026-07-06 05:00:00,1.89558,1.8956300000000001,1.89512,1.8951799999999999,145,18,0
2026-07-06 05:15:00,1.89516,1.89526,1.8949799999999999,1.89519,116,18,0
2026-07-06 05:30:00,1.89516,1.89558,1.89514,1.8952,162,18,0
2026-07-06 05:45:00,1.89519,1.89547,1.89482,1.89501,205,18,0
2026-07-06 06:00:00,1.89499,1.89544,1.89499,1.895,295,18,0
2026-07-06 06:15:00,1.8950200000000001,1.8952499999999999,1.89444,1.8950399999999998,275,18,0
2026-07-06 06:30:00,1.89501,1.89568,1.89501,1.8952499999999999,337,18,0
2026-07-06 06:45:00,1.89527,1.8956,1.89513,1.8954900000000001,282,18,0
2026-07-06 07:00:00,1.8955,1.89618,1.8950900000000002,1.89618,423,18,0
2026-07-06 07:15:00,1.89616,1.8965100000000001,1.8959899999999998,1.89629,352,18,0
2026-07-06 07:30:00,1.89628,1.89724,1.8962599999999998,1.89711,320,18,0
2026-07-06 07:45:00,1.8971200000000001,1.89795,1.89695,1.89784,297,18,0
2026-07-06 08:00:00,1.89786,1.89802,1.89686,1.8971200000000001,410,18,0
2026-07-06 08:15:00,1.89715,1.89749,1.8970500000000001,1.89743,345,18,0
2026-07-06 08:30:00,1.89741,1.89745,1.8965100000000001,1.8965999999999998,271,18,0
2026-07-06 08:45:00,1.89659,1.8975300000000002,1.8963700000000001,1.8975300000000002,303,18,0
2026-07-06 09:00:00,1.89752,1.89778,1.89699,1.89706,386,18,0
2026-07-06 09:15:00,1.8970500000000001,1.8976199999999999,1.89689,1.8975300000000002,297,18,0
2026-07-06 09:30:00,1.8975,1.89787,1.89745,1.89752,239,18,0
2026-07-06 09:45:00,1.89751,1.89758,1.89689,1.89729,256,18,0
2026-07-06 10:00:00,1.8972799999999999,1.8973900000000001,1.89688,1.89711,286,18,0
2026-07-06 10:15:00,1.8971,1.89711,1.89585,1.89585,338,18,0
2026-07-06 10:30:00,1.89588,1.89673,1.89588,1.89662,266,18,0
2026-07-06 10:45:00,1.89659,1.89662,1.89589,1.89662,344,18,0
2026-07-06 11:00:00,1.89663,1.8967,1.89621,1.8965100000000001,302,18,0
2026-07-06 11:15:00,1.89655,1.8970099999999999,1.89636,1.89686,256,18,0
2026-07-06 11:30:00,1.89688,1.89747,1.89675,1.8974199999999999,341,18,0
2026-07-06 11:45:00,1.89744,1.89822,1.89744,1.8976199999999999,432,18,0
2026-07-06 12:00:00,1.8976,1.8982999999999999,1.89754,1.89829,393,18,0
2026-07-06 12:15:00,1.89831,1.89927,1.89831,1.89917,370,18,0
2026-07-06 12:30:00,1.8991799999999999,1.89944,1.8988800000000001,1.89912,369,18,0
2026-07-06 12:45:00,1.8991099999999999,1.8995600000000001,1.8986399999999999,1.8991099999999999,502,18,0
2026-07-06 13:00:00,1.8991,1.89971,1.89906,1.8992900000000001,446,18,0
2026-07-06 13:15:00,1.89931,1.89947,1.8982,1.89844,475,18,0
2026-07-06 13:30:00,1.89847,1.8986800000000001,1.89786,1.89798,557,18,0
2026-07-06 13:45:00,1.8979599999999999,1.8988399999999999,1.89759,1.89844,565,18,0
2026-07-06 14:00:00,1.89848,1.90025,1.89811,1.90014,605,18,0
2026-07-06 14:15:00,1.9001700000000001,1.90076,1.8999899999999998,1.90019,447,18,0
2026-07-06 14:30:00,1.90021,1.90036,1.89973,1.89977,443,18,0
2026-07-06 14:45:00,1.89978,1.9002400000000002,1.89914,1.89969,495,18,0
2026-07-06 15:00:00,1.8997199999999999,1.90023,1.89942,1.89951,491,18,0
2026-07-06 15:15:00,1.8995199999999999,1.89954,1.89844,1.89876,431,18,0
2026-07-06 15:30:00,1.89878,1.89935,1.89852,1.8992200000000001,380,18,0
2026-07-06 15:45:00,1.89926,1.90016,1.89919,1.90015,383,18,0
2026-07-06 16:00:00,1.90016,1.9003700000000001,1.8997600000000001,1.90001,357,18,0
2026-07-06 16:15:00,1.90002,1.90089,1.8996499999999998,1.90086,315,18,0
2026-07-06 16:30:00,1.90083,1.9008699999999998,1.90052,1.9008099999999999,257,18,0
2026-07-06 16:45:00,1.90083,1.90144,1.90077,1.90138,216,18,0
2026-07-06 17:00:00,1.90137,1.90171,1.90107,1.90127,260,18,0
2026-07-06 17:15:00,1.90126,1.90174,1.90117,1.90145,235,18,0
2026-07-06 17:30:00,1.90143,1.9020000000000001,1.9014,1.90186,228,18,0
2026-07-06 17:45:00,1.90183,1.9020899999999998,1.90172,1.9020700000000001,219,18,0
2026-07-06 18:00:00,1.90205,1.9020700000000001,1.9017300000000001,1.90184,193,18,0
2026-07-06 18:15:00,1.9018199999999998,1.9024999999999999,1.9018000000000002,1.9024999999999999,154,18,0
2026-07-06 18:30:00,1.90248,1.90296,1.90244,1.90274,247,18,0
2026-07-06 18:45:00,1.90271,1.90327,1.90271,1.90301,242,18,0
2026-07-06 19:00:00,1.90299,1.9035600000000001,1.90272,1.90273,270,18,0
2026-07-06 19:15:00,1.90271,1.90282,1.90247,1.90247,187,18,0
2026-07-06 19:30:00,1.90248,1.90259,1.90217,1.90217,133,18,0
2026-07-06 19:45:00,1.90218,1.90248,1.90197,1.90228,219,18,0
2026-07-06 20:00:00,1.90232,1.9026800000000001,1.9022299999999999,1.90239,152,18,0
2026-07-06 20:15:00,1.9024,1.90263,1.9020899999999998,1.90258,99,18,0
2026-07-06 20:30:00,1.90256,1.90262,1.90199,1.9021,86,18,0
2026-07-06 20:45:00,1.90212,1.9022700000000001,1.90168,1.90168,89,18,0
2026-07-06 21:15:00,1.90167,1.90175,1.9016600000000001,1.9017,58,48,0
2026-07-06 21:30:00,1.9016899999999999,1.90206,1.9016899999999999,1.9018899999999999,95,48,0
2026-07-06 21:45:00,1.9019,1.9020299999999999,1.90163,1.9019300000000001,150,48,0
2026-07-06 22:00:00,1.90181,1.90224,1.90151,1.90222,107,28,0
2026-07-06 22:15:00,1.9022299999999999,1.90229,1.90222,1.9022700000000001,16,18,0
2026-07-06 22:30:00,1.90225,1.90299,1.90225,1.9029,63,18,0
2026-07-06 22:45:00,1.9028800000000001,1.9030200000000002,1.90272,1.90289,64,18,0
2026-07-06 23:00:00,1.9029500000000001,1.9033799999999998,1.90289,1.90323,110,18,0
2026-07-06 23:15:00,1.90326,1.90354,1.90317,1.9035199999999999,71,18,0
2026-07-06 23:30:00,1.90351,1.90351,1.90285,1.9032,92,18,0
2026-07-06 23:45:00,1.90319,1.90321,1.9028100000000001,1.9029099999999999,140,18,0
2026-07-07 00:00:00,1.90292,1.9032499999999999,1.9028800000000001,1.90298,182,18,0
2026-07-07 00:15:00,1.90296,1.90309,1.90286,1.90292,123,18,0
2026-07-07 00:30:00,1.90293,1.90306,1.90249,1.90266,146,18,0
2026-07-07 00:45:00,1.90265,1.90308,1.9025699999999999,1.90274,223,18,0
2026-07-07 01:00:00,1.90278,1.9033099999999998,1.9027500000000002,1.90328,207,18,0
2026-07-07 01:15:00,1.9033,1.90378,1.90313,1.90378,195,18,0
2026-07-07 01:30:00,1.90381,1.90428,1.9035600000000001,1.90362,312,18,0
2026-07-07 01:45:00,1.9036,1.90414,1.9036,1.90374,244,18,0
2026-07-07 02:00:00,1.90373,1.90391,1.90364,1.90377,198,18,0
2026-07-07 02:15:00,1.9037899999999999,1.9039000000000001,1.90353,1.90353,113,18,0
2026-07-07 02:30:00,1.9034900000000001,1.90354,1.90328,1.90333,103,18,0
2026-07-07 02:45:00,1.90334,1.90355,1.90333,1.90347,104,18,0
2026-07-07 03:00:00,1.9035,1.9036499999999998,1.9034900000000001,1.9034900000000001,117,18,0
2026-07-07 03:15:00,1.90348,1.90385,1.90348,1.90361,126,18,0
2026-07-07 03:30:00,1.90357,1.90375,1.90351,1.90361,113,18,0
2026-07-07 03:45:00,1.90362,1.90382,1.90348,1.90353,120,18,0
2026-07-07 04:00:00,1.9035600000000001,1.9036300000000002,1.90344,1.90351,123,18,0
2026-07-07 04:15:00,1.90354,1.90373,1.90339,1.90346,84,18,0
2026-07-07 04:30:00,1.90348,1.9037600000000001,1.90347,1.90362,100,18,0
2026-07-07 04:45:00,1.9036,1.90368,1.90332,1.90346,96,18,0
2026-07-07 05:00:00,1.90344,1.9035,1.9029099999999999,1.90298,189,18,0
2026-07-07 05:15:00,1.9029500000000001,1.90298,1.90259,1.9027500000000002,161,18,0
2026-07-07 05:30:00,1.90273,1.90303,1.9026,1.9026999999999998,191,18,0
2026-07-07 05:45:00,1.90267,1.9029500000000001,1.90258,1.90287,191,18,0
2026-07-07 06:00:00,1.9029,1.90306,1.9015,1.90172,293,18,0
2026-07-07 06:15:00,1.90174,1.9021,1.90157,1.90181,284,18,0
2026-07-07 06:30:00,1.9018199999999998,1.90222,1.90179,1.9022000000000001,192,18,0
2026-07-07 06:45:00,1.90218,1.90222,1.9016,1.9016600000000001,190,18,0
2026-07-07 07:00:00,1.9016899999999999,1.9018199999999998,1.90096,1.9015,342,18,0
2026-07-07 07:15:00,1.9015300000000002,1.90221,1.9014600000000002,1.90197,324,18,0
2026-07-07 07:30:00,1.90199,1.9025699999999999,1.90199,1.90248,297,18,0
2026-07-07 07:45:00,1.90246,1.9028,1.90215,1.90225,352,18,0
2026-07-07 08:00:00,1.90226,1.9026800000000001,1.9019300000000001,1.9023400000000001,389,18,0
2026-07-07 08:15:00,1.90237,1.90337,1.9019,1.90334,347,18,0
2026-07-07 08:30:00,1.9033600000000002,1.9036499999999998,1.90263,1.90267,330,18,0
2026-07-07 08:45:00,1.9026399999999999,1.90333,1.90252,1.90324,388,18,0
2026-07-07 09:00:00,1.90321,1.9032499999999999,1.90276,1.90279,322,18,0
2026-07-07 09:15:00,1.9027699999999999,1.90314,1.90246,1.90267,214,18,0
2026-07-07 09:30:00,1.9026399999999999,1.90274,1.90233,1.90244,269,18,0
2026-07-07 09:45:00,1.90245,1.90245,1.90178,1.90178,244,18,0
2026-07-07 10:00:00,1.9018000000000002,1.90186,1.90066,1.9016199999999999,410,18,0
2026-07-07 10:15:00,1.90165,1.90213,1.90141,1.90202,247,18,0
2026-07-07 10:30:00,1.90201,1.9022700000000001,1.9019,1.90204,226,18,0
2026-07-07 10:45:00,1.9020700000000001,1.90232,1.90185,1.90195,191,18,0
2026-07-07 11:00:00,1.90198,1.90249,1.9017,1.9017300000000001,320,18,0
2026-07-07 11:15:00,1.9017,1.9027500000000002,1.9013,1.90247,404,18,0
2026-07-07 11:30:00,1.90244,1.90282,1.9021,1.9026100000000001,299,18,0
2026-07-07 11:45:00,1.90258,1.90317,1.9024299999999998,1.9029500000000001,430,18,0
2026-07-07 12:00:00,1.90296,1.9034900000000001,1.9028,1.90335,439,18,0
2026-07-07 12:15:00,1.90337,1.9034200000000001,1.90247,1.90301,433,18,0
2026-07-07 12:30:00,1.90303,1.9033099999999998,1.9027500000000002,1.9029500000000001,400,18,0
2026-07-07 12:45:00,1.90293,1.90327,1.9027500000000002,1.9031500000000001,318,18,0
2026-07-07 13:00:00,1.9031799999999999,1.90355,1.90267,1.90296,432,18,0
2026-07-07 13:15:00,1.90299,1.90333,1.9011,1.90122,571,18,0
2026-07-07 13:30:00,1.9012,1.9017,1.90075,1.90089,669,18,0
2026-07-07 13:45:00,1.90086,1.90115,1.89886,1.89907,618,18,0
2026-07-07 14:00:00,1.8990399999999998,1.89947,1.89813,1.89873,720,18,0
2026-07-07 14:15:00,1.8987,1.8995600000000001,1.89829,1.8991,484,18,0
2026-07-07 14:30:00,1.89913,1.89941,1.89844,1.89909,492,18,0
2026-07-07 14:45:00,1.89907,1.8995600000000001,1.8976899999999999,1.89898,707,18,0
2026-07-07 15:00:00,1.899,1.89917,1.89801,1.8982700000000001,511,18,0
2026-07-07 15:15:00,1.89829,1.89829,1.89749,1.8981599999999998,429,18,0
2026-07-07 15:30:00,1.89815,1.8982299999999999,1.89763,1.89763,377,18,0
2026-07-07 15:45:00,1.89765,1.8979599999999999,1.89744,1.8978199999999998,317,18,0
2026-07-07 16:00:00,1.89786,1.89808,1.89717,1.89725,364,18,0
2026-07-07 16:15:00,1.89729,1.8973499999999999,1.8968699999999998,1.89722,318,18,0
2026-07-07 16:30:00,1.8972099999999998,1.8976,1.89713,1.8975499999999998,237,18,0
2026-07-07 16:45:00,1.89757,1.89772,1.8972799999999999,1.89752,224,18,0
2026-07-07 17:00:00,1.89754,1.8976899999999999,1.89715,1.8976199999999999,259,18,0
2026-07-07 17:15:00,1.89759,1.89759,1.89716,1.8971900000000002,206,18,0
2026-07-07 17:30:00,1.89722,1.89729,1.8970500000000001,1.89726,144,18,0
2026-07-07 17:45:00,1.89727,1.89736,1.89703,1.89718,170,18,0
2026-07-07 18:00:00,1.8972099999999998,1.8972099999999998,1.89653,1.8968500000000001,224,18,0
2026-07-07 18:15:00,1.89684,1.8973,1.89677,1.8971,229,18,0
2026-07-07 18:30:00,1.89709,1.89745,1.8970799999999999,1.8973200000000001,249,18,0
2026-07-07 18:45:00,1.89736,1.89745,1.8963100000000002,1.89682,494,18,0
2026-07-07 19:00:00,1.8968500000000001,1.89693,1.8963100000000002,1.89653,408,18,0
2026-07-07 19:15:00,1.89655,1.89672,1.8961999999999999,1.89663,373,18,0
2026-07-07 19:30:00,1.89665,1.8968699999999998,1.8965800000000002,1.89673,269,18,0
2026-07-07 19:45:00,1.89675,1.8969,1.89643,1.89665,279,18,0
2026-07-07 20:00:00,1.89662,1.89696,1.8965100000000001,1.8968,143,18,0
2026-07-07 20:15:00,1.8967800000000001,1.89682,1.89639,1.8968099999999999,138,18,0
2026-07-07 20:30:00,1.8968500000000001,1.8970099999999999,1.89656,1.8966699999999999,120,18,0
2026-07-07 20:45:00,1.89665,1.89686,1.89634,1.89672,109,18,0
2026-07-07 21:00:00,1.8967399999999999,1.8967399999999999,1.89664,1.89664,8,48,0
2026-07-07 21:15:00,1.8965999999999998,1.8965999999999998,1.89551,1.89571,172,59,0
2026-07-07 21:30:00,1.89568,1.8963,1.89562,1.89627,143,83,0
2026-07-07 21:45:00,1.89628,1.89645,1.89581,1.89645,171,48,0
2026-07-07 22:00:00,1.8963100000000002,1.89675,1.89615,1.89635,129,28,0
2026-07-07 22:15:00,1.89639,1.8964400000000001,1.89618,1.89623,56,18,0
2026-07-07 22:30:00,1.89621,1.89621,1.89582,1.8959700000000002,57,18,0
2026-07-07 22:45:00,1.89596,1.89605,1.89577,1.89588,63,18,0
2026-07-07 23:00:00,1.89589,1.89603,1.8957899999999999,1.8957899999999999,97,18,0
2026-07-07 23:15:00,1.89578,1.89609,1.89578,1.89593,70,18,0
2026-07-07 23:30:00,1.89595,1.89603,1.89571,1.89589,93,18,0
2026-07-07 23:45:00,1.8958599999999999,1.89618,1.89566,1.89569,145,18,0
2026-07-08 00:00:00,1.89566,1.89577,1.8952499999999999,1.8954,331,18,0
2026-07-08 00:15:00,1.8953799999999998,1.89551,1.89485,1.89537,223,18,0
2026-07-08 00:30:00,1.89534,1.89596,1.89534,1.89587,243,18,0
2026-07-08 00:45:00,1.89588,1.8963700000000001,1.89574,1.89615,246,18,0
2026-07-08 01:00:00,1.89618,1.89629,1.8959899999999998,1.89619,225,18,0
2026-07-08 01:15:00,1.89618,1.89643,1.8960599999999999,1.8963299999999998,204,18,0
2026-07-08 01:30:00,1.8963100000000002,1.89636,1.89555,1.89557,235,18,0
2026-07-08 01:45:00,1.89558,1.89588,1.89553,1.89568,299,18,0
2026-07-08 02:00:00,1.8957000000000002,1.89584,1.89543,1.89558,304,18,0
2026-07-08 02:15:00,1.8955600000000001,1.8955600000000001,1.8951,1.89528,268,18,0
2026-07-08 02:30:00,1.89532,1.89544,1.8952200000000001,1.89537,200,18,0
2026-07-08 02:45:00,1.8953799999999998,1.89546,1.89528,1.89542,153,18,0
2026-07-08 03:00:00,1.89544,1.89569,1.89544,1.89566,197,18,0
2026-07-08 03:15:00,1.8956300000000001,1.8958599999999999,1.89561,1.89582,154,18,0
2026-07-08 03:30:00,1.8957899999999999,1.8959000000000001,1.89564,1.8959000000000001,143,18,0
2026-07-08 03:45:00,1.89589,1.89594,1.89573,1.89573,116,18,0
2026-07-08 04:00:00,1.89571,1.89578,1.89558,1.89564,103,18,0
2026-07-08 04:15:00,1.89567,1.89568,1.89539,1.89548,142,18,0
2026-07-08 04:30:00,1.8955,1.89555,1.89534,1.89541,138,18,0
2026-07-08 04:45:00,1.89539,1.89546,1.8950399999999998,1.89506,134,18,0
2026-07-08 05:00:00,1.8951,1.89514,1.89465,1.89466,220,18,0
2026-07-08 05:15:00,1.89465,1.89476,1.8944100000000001,1.8944299999999998,177,18,0
2026-07-08 05:30:00,1.89446,1.89467,1.89432,1.8944100000000001,207,18,0
2026-07-08 05:45:00,1.89442,1.8946399999999999,1.8942999999999999,1.8945400000000001,181,18,0
2026-07-08 06:00:00,1.89458,1.89497,1.8943699999999999,1.89474,372,18,0
2026-07-08 06:15:00,1.8947500000000002,1.89534,1.8946800000000001,1.89474,408,18,0
2026-07-08 06:30:00,1.8947500000000002,1.89479,1.89408,1.89424,405,18,0
2026-07-08 06:45:00,1.89426,1.8948,1.89397,1.8948,385,18,0
2026-07-08 07:00:00,1.89483,1.89492,1.8935,1.89386,497,18,0
2026-07-08 07:15:00,1.8938899999999999,1.8941400000000002,1.89349,1.8937,440,18,0
2026-07-08 07:30:00,1.8936600000000001,1.8939300000000001,1.89322,1.89334,380,18,0
2026-07-08 07:45:00,1.89336,1.89361,1.8926500000000002,1.89273,356,18,0
2026-07-08 08:00:00,1.8927100000000001,1.89331,1.89246,1.8927800000000001,457,18,0
2026-07-08 08:15:00,1.89275,1.89298,1.89053,1.89055,1373,18,0
2026-07-08 08:30:00,1.8905699999999999,1.8914499999999999,1.8897,1.88986,880,18,0
2026-07-08 08:45:00,1.88984,1.89049,1.88886,1.88925,771,18,0
2026-07-08 09:00:00,1.8892799999999998,1.88984,1.88782,1.88796,827,18,0
2026-07-08 09:15:00,1.88798,1.8889399999999998,1.88798,1.88869,683,18,0
2026-07-08 09:30:00,1.8886699999999998,1.88924,1.88835,1.8891,522,18,0
2026-07-08 09:45:00,1.88911,1.88967,1.8887800000000001,1.88911,519,18,0
2026-07-08 10:00:00,1.88914,1.8899599999999999,1.88903,1.8899,508,18,0
2026-07-08 10:15:00,1.8898899999999998,1.8907500000000002,1.88972,1.89043,504,18,0
2026-07-08 10:30:00,1.8904,1.8915199999999999,1.8903699999999999,1.8914900000000001,453,18,0
2026-07-08 10:45:00,1.89151,1.89164,1.89059,1.89059,378,18,0
2026-07-08 11:00:00,1.89056,1.891,1.8903400000000001,1.89043,429,18,0
2026-07-08 11:15:00,1.89044,1.89101,1.89038,1.89094,313,18,0
2026-07-08 11:30:00,1.89092,1.8928099999999999,1.8908399999999999,1.89215,741,18,0
2026-07-08 11:45:00,1.89212,1.8928099999999999,1.8917000000000002,1.89189,578,18,0
2026-07-08 12:00:00,1.89192,1.89364,1.89173,1.8931,569,18,0
2026-07-08 12:15:00,1.89311,1.89363,1.89291,1.8935,497,18,0
2026-07-08 12:30:00,1.8935300000000002,1.89365,1.89295,1.8933900000000001,425,18,0
2026-07-08 12:45:00,1.89337,1.89359,1.89255,1.89255,583,18,0
2026-07-08 13:00:00,1.89253,1.8932099999999998,1.89239,1.8931200000000001,610,18,0
2026-07-08 13:15:00,1.8931,1.89379,1.89254,1.8935300000000002,802,18,0
2026-07-08 13:30:00,1.89356,1.89544,1.89345,1.8951500000000001,855,18,0
2026-07-08 13:45:00,1.89513,1.89625,1.8947500000000002,1.89521,738,18,0
2026-07-08 14:00:00,1.89517,1.8956300000000001,1.89455,1.89466,663,18,0
2026-07-08 14:15:00,1.8946800000000001,1.89471,1.89375,1.89386,630,18,0
2026-07-08 14:30:00,1.8938199999999998,1.89428,1.8931200000000001,1.8940000000000001,573,18,0
2026-07-08 14:45:00,1.8940299999999999,1.89547,1.89398,1.8953,580,18,0
2026-07-08 15:00:00,1.89532,1.89535,1.8939,1.89415,584,18,0
2026-07-08 15:15:00,1.89413,1.89539,1.89357,1.89521,588,18,0
2026-07-08 15:30:00,1.89523,1.89635,1.89465,1.89635,607,18,0
2026-07-08 15:45:00,1.89638,1.89643,1.8952900000000001,1.8956300000000001,552,18,0
2026-07-08 16:00:00,1.89564,1.89578,1.8952,1.89546,527,18,0
2026-07-08 16:15:00,1.8954900000000001,1.8959000000000001,1.89527,1.8957899999999999,437,18,0
2026-07-08 16:30:00,1.8957600000000001,1.8965,1.89571,1.89646,527,18,0
2026-07-08 16:45:00,1.89648,1.8970500000000001,1.89611,1.8970099999999999,353,18,0
2026-07-08 17:00:00,1.89697,1.89903,1.89672,1.89878,483,18,0
2026-07-08 17:15:00,1.89881,1.8999899999999998,1.8987,1.89948,525,18,0
2026-07-08 17:30:00,1.89947,1.89953,1.89906,1.8993600000000002,353,18,0
2026-07-08 17:45:00,1.8993799999999998,1.89953,1.8987,1.8987500000000002,278,18,0
2026-07-08 18:00:00,1.8987699999999998,1.89926,1.89845,1.89907,420,18,0
2026-07-08 18:15:00,1.89908,1.89916,1.8985699999999999,1.89886,291,18,0
2026-07-08 18:30:00,1.8988399999999999,1.89894,1.8985400000000001,1.89873,252,18,0
2026-07-08 18:45:00,1.89874,1.8988399999999999,1.89828,1.89839,268,18,0
2026-07-08 19:00:00,1.8984299999999998,1.89873,1.89842,1.89849,212,18,0
2026-07-08 19:15:00,1.89852,1.89873,1.8982999999999999,1.8986399999999999,255,18,0
2026-07-08 19:30:00,1.89865,1.89878,1.89799,1.89812,236,18,0
2026-07-08 19:45:00,1.89811,1.8984100000000002,1.89761,1.89825,348,18,0
2026-07-08 20:00:00,1.8982299999999999,1.89837,1.89761,1.89772,260,18,0
2026-07-08 20:15:00,1.8976899999999999,1.89771,1.89715,1.89715,172,18,0
2026-07-08 20:30:00,1.89711,1.89716,1.89662,1.89707,182,18,0
2026-07-08 20:45:00,1.89704,1.89763,1.89702,1.89736,148,18,0
2026-07-08 21:00:00,1.89734,1.89734,1.8972799999999999,1.8972799999999999,5,48,0
2026-07-08 21:15:00,1.89726,1.89726,1.8967100000000001,1.8970799999999999,112,52,0
2026-07-08 21:30:00,1.89709,1.8973900000000001,1.89696,1.8973499999999999,115,59,0
2026-07-08 21:45:00,1.89737,1.89781,1.89734,1.89781,103,48,0
2026-07-08 22:00:00,1.89786,1.8979599999999999,1.89722,1.89744,103,28,0
2026-07-08 22:15:00,1.89741,1.89745,1.89726,1.89727,27,28,0
2026-07-08 22:30:00,1.8972099999999998,1.89737,1.89717,1.8973200000000001,66,18,0
2026-07-08 22:45:00,1.89731,1.8973499999999999,1.89711,1.89724,60,18,0
2026-07-08 23:00:00,1.89725,1.89726,1.89703,1.8971200000000001,76,18,0
2026-07-08 23:15:00,1.89709,1.89729,1.89695,1.89729,67,18,0
2026-07-08 23:30:00,1.8973,1.89741,1.89724,1.89724,90,18,0
2026-07-08 23:45:00,1.89725,1.89748,1.89722,1.89736,89,18,0
2026-07-09 00:00:00,1.89738,1.89792,1.89738,1.89784,240,18,0
2026-07-09 00:15:00,1.8978000000000002,1.89797,1.89754,1.89771,174,18,0
2026-07-09 00:30:00,1.8977300000000001,1.89779,1.89718,1.89727,223,18,0
2026-07-09 00:45:00,1.89726,1.89736,1.89706,1.89726,220,18,0
2026-07-09 01:00:00,1.8972799999999999,1.89743,1.89664,1.89668,253,18,0
2026-07-09 01:15:00,1.89666,1.89695,1.89645,1.89654,208,18,0
2026-07-09 01:30:00,1.89656,1.8968500000000001,1.89635,1.8968500000000001,223,18,0
2026-07-09 01:45:00,1.89686,1.89715,1.89677,1.89711,145,18,0
2026-07-09 02:00:00,1.8971,1.89751,1.89696,1.89722,186,18,0
2026-07-09 02:15:00,1.89723,1.89771,1.89722,1.8977,134,18,0
2026-07-09 02:30:00,1.89772,1.89772,1.89724,1.89725,199,18,0
2026-07-09 02:45:00,1.89726,1.89741,1.897,1.89703,139,18,0
2026-07-09 03:00:00,1.89702,1.89709,1.89679,1.89688,170,18,0
2026-07-09 03:15:00,1.89686,1.8970799999999999,1.8965800000000002,1.897,154,18,0
2026-07-09 03:30:00,1.89703,1.89751,1.89702,1.89733,174,18,0
2026-07-09 03:45:00,1.8973200000000001,1.8976199999999999,1.8973200000000001,1.89734,137,18,0
2026-07-09 04:00:00,1.89737,1.8976,1.89726,1.8973900000000001,135,18,0
2026-07-09 04:15:00,1.89737,1.89757,1.89722,1.8975300000000002,105,18,0
2026-07-09 04:30:00,1.8975499999999998,1.89767,1.8974,1.89754,107,18,0
2026-07-09 04:45:00,1.8975300000000002,1.89774,1.8974600000000001,1.89754,92,18,0
2026-07-09 05:00:00,1.89752,1.89831,1.8975,1.89815,238,18,0
2026-07-09 05:15:00,1.89817,1.89817,1.89788,1.89805,179,18,0
2026-07-09 05:30:00,1.8980700000000001,1.8982299999999999,1.89785,1.8980000000000001,212,18,0
2026-07-09 05:45:00,1.89801,1.89849,1.89798,1.89835,197,18,0
2026-07-09 06:00:00,1.89839,1.89928,1.89839,1.89917,345,18,0
2026-07-09 06:15:00,1.89914,1.9010500000000001,1.89914,1.90009,512,18,0
2026-07-09 06:30:00,1.9000599999999999,1.90072,1.8998300000000001,1.90072,459,18,0
2026-07-09 06:45:00,1.90069,1.9008699999999998,1.9003100000000002,1.9007800000000001,309,18,0
2026-07-09 07:00:00,1.9008099999999999,1.90137,1.90061,1.9012799999999999,466,18,0
2026-07-09 07:15:00,1.90126,1.90236,1.90106,1.90228,323,18,0
2026-07-09 07:30:00,1.9022700000000001,1.90273,1.90211,1.90253,297,18,0
2026-07-09 07:45:00,1.90249,1.9024999999999999,1.90158,1.9016899999999999,356,18,0
2026-07-09 08:00:00,1.90167,1.90317,1.90157,1.90287,451,18,0
2026-07-09 08:15:00,1.90285,1.9031099999999999,1.9025699999999999,1.9031099999999999,315,18,0
2026-07-09 08:30:00,1.90308,1.9031099999999999,1.90258,1.9026399999999999,323,18,0
2026-07-09 08:45:00,1.9026100000000001,1.9031099999999999,1.90238,1.90269,344,18,0
2026-07-09 09:00:00,1.90266,1.90298,1.90208,1.90224,369,18,0
2026-07-09 09:15:00,1.9022700000000001,1.90251,1.9020700000000001,1.90218,273,18,0
2026-07-09 09:30:00,1.9022000000000001,1.9024,1.90145,1.9016600000000001,308,18,0
2026-07-09 09:45:00,1.90167,1.90175,1.90117,1.90125,277,18,0
2026-07-09 10:00:00,1.90123,1.90125,1.90052,1.9005999999999998,269,18,0
2026-07-09 10:15:00,1.90062,1.90069,1.90029,1.90034,197,18,0
2026-07-09 10:30:00,1.9003100000000002,1.90046,1.89971,1.89971,226,18,0
2026-07-09 10:45:00,1.8997000000000002,1.8998300000000001,1.8985699999999999,1.89863,436,18,0
2026-07-09 11:00:00,1.8986100000000001,1.89916,1.89825,1.8988,441,18,0
2026-07-09 11:15:00,1.89881,1.8992200000000001,1.89812,1.89812,301,18,0
2026-07-09 11:30:00,1.89813,1.89865,1.89798,1.89818,362,18,0
2026-07-09 11:45:00,1.8982,1.89835,1.89744,1.89749,366,18,0
2026-07-09 12:00:00,1.89745,1.89783,1.8969399999999998,1.89771,456,18,0
2026-07-09 12:15:00,1.89775,1.8979599999999999,1.89654,1.8973900000000001,369,18,0
2026-07-09 12:30:00,1.89743,1.89826,1.89727,1.8982,463,18,0
2026-07-09 12:45:00,1.8982299999999999,1.89829,1.89638,1.8971900000000002,548,18,0
2026-07-09 13:00:00,1.8972099999999998,1.8982299999999999,1.8972,1.89822,405,18,0
2026-07-09 13:15:00,1.89821,1.8985699999999999,1.89797,1.89845,501,18,0
2026-07-09 13:30:00,1.89846,1.8992,1.8978199999999998,1.89882,640,18,0
2026-07-09 13:45:00,1.8988399999999999,1.90027,1.89852,1.9,524,18,0
2026-07-09 14:00:00,1.89998,1.90052,1.89928,1.8993799999999998,553,18,0
2026-07-09 14:15:00,1.89935,1.89935,1.89844,1.89874,577,18,0
2026-07-09 14:30:00,1.8987699999999998,1.89943,1.89844,1.89883,521,18,0
2026-07-09 14:45:00,1.8988399999999999,1.89887,1.8970099999999999,1.89743,756,18,0
2026-07-09 15:00:00,1.89744,1.89792,1.8970500000000001,1.89776,557,18,0
2026-07-09 15:15:00,1.8978000000000002,1.89809,1.89731,1.89768,407,18,0
2026-07-09 15:30:00,1.8977,1.89863,1.89748,1.89863,441,18,0
2026-07-09 15:45:00,1.89862,1.8990399999999998,1.8982999999999999,1.89869,385,18,0
2026-07-09 16:00:00,1.89872,1.8991,1.89851,1.89869,344,18,0
2026-07-09 16:15:00,1.89872,1.89872,1.8979,1.89822,269,18,0
2026-07-09 16:30:00,1.8982,1.8990200000000002,1.89812,1.89893,339,18,0
2026-07-09 16:45:00,1.8989,1.89926,1.89882,1.89913,262,18,0
2026-07-09 17:00:00,1.8991500000000001,1.8993,1.8990200000000002,1.8991500000000001,265,18,0
2026-07-09 17:15:00,1.89912,1.89967,1.89894,1.8994900000000001,273,18,0
2026-07-09 17:30:00,1.89951,1.89978,1.89943,1.89973,226,18,0
2026-07-09 17:45:00,1.89974,1.90018,1.89973,1.90004,210,18,0
2026-07-09 18:00:00,1.90008,1.90061,1.90007,1.9005999999999998,320,18,0
2026-07-09 18:15:00,1.9005800000000002,1.90063,1.89977,1.8998300000000001,239,18,0
2026-07-09 18:30:00,1.89985,1.9002,1.89974,1.90019,189,18,0
2026-07-09 18:45:00,1.90022,1.90053,1.9002,1.90032,181,18,0
2026-07-09 19:00:00,1.90036,1.9007100000000001,1.90029,1.9004400000000001,185,18,0
2026-07-09 19:15:00,1.90045,1.90061,1.9001700000000001,1.9002599999999998,211,18,0
2026-07-09 19:30:00,1.90027,1.90029,1.89935,1.89947,382,18,0
2026-07-09 19:45:00,1.89944,1.89985,1.89926,1.89985,249,18,0
2026-07-09 20:00:00,1.89981,1.90016,1.89973,1.9000599999999999,164,18,0
2026-07-09 20:15:00,1.90008,1.90015,1.89982,1.89984,87,18,0
2026-07-09 20:30:00,1.89981,1.89985,1.8995600000000001,1.8995600000000001,115,18,0
2026-07-09 20:45:00,1.89955,1.89959,1.89923,1.89923,80,18,0
2026-07-09 21:00:00,1.8992200000000001,1.89924,1.89921,1.89921,5,48,0
2026-07-09 21:15:00,1.8992,1.8992,1.89808,1.89818,149,48,0
2026-07-09 21:30:00,1.8982,1.89923,1.8982,1.89867,190,63,0
2026-07-09 21:45:00,1.89866,1.89961,1.8986,1.89948,232,48,0
2026-07-09 22:00:00,1.89947,1.90025,1.8991500000000001,1.9001000000000001,105,28,0
2026-07-09 22:15:00,1.90011,1.90034,1.9001000000000001,1.9003,49,18,0
2026-07-09 22:30:00,1.9002400000000002,1.9003299999999999,1.90018,1.90025,42,18,0
2026-07-09 22:45:00,1.90022,1.90036,1.90018,1.9002599999999998,50,18,0
2026-07-09 23:00:00,1.9003,1.9004699999999999,1.90019,1.90025,68,18,0
2026-07-09 23:15:00,1.9002400000000002,1.9003100000000002,1.9001000000000001,1.90012,30,18,0
2026-07-09 23:30:00,1.9001299999999999,1.9003,1.90011,1.9002599999999998,29,18,0
2026-07-09 23:45:00,1.90025,1.90025,1.90007,1.90021,65,18,0
2026-07-10 00:00:00,1.90019,1.90049,1.90005,1.90015,162,18,0
2026-07-10 00:15:00,1.90016,1.90029,1.9000599999999999,1.9002,68,18,0
2026-07-10 00:30:00,1.90019,1.9005999999999998,1.90015,1.90053,83,18,0
2026-07-10 00:45:00,1.90056,1.9009800000000001,1.90054,1.9007,226,18,0
2026-07-10 01:00:00,1.9006699999999999,1.9009800000000001,1.9004400000000001,1.9009800000000001,263,18,0
2026-07-10 01:15:00,1.901,1.90113,1.9005800000000002,1.90076,213,18,0
2026-07-10 01:30:00,1.90077,1.90095,1.90052,1.9007399999999999,216,18,0
2026-07-10 01:45:00,1.90075,1.9015,1.90061,1.90113,255,18,0
2026-07-10 02:00:00,1.90114,1.9020899999999998,1.90106,1.9016899999999999,331,18,0
2026-07-10 02:15:00,1.90171,1.90205,1.9012099999999998,1.90122,293,18,0
2026-07-10 02:30:00,1.90124,1.9014,1.9010799999999999,1.9012799999999999,199,18,0
2026-07-10 02:45:00,1.90126,1.90145,1.90114,1.9011900000000002,225,18,0
2026-07-10 03:00:00,1.90118,1.90138,1.90102,1.9010799999999999,153,18,0
2026-07-10 03:15:00,1.90109,1.90123,1.90096,1.9011900000000002,127,18,0
2026-07-10 03:30:00,1.90118,1.90136,1.9011,1.9011900000000002,119,18,0
2026-07-10 03:45:00,1.90118,1.90125,1.901,1.90116,128,18,0
2026-07-10 04:00:00,1.90113,1.9012799999999999,1.90102,1.90113,122,18,0
2026-07-10 04:15:00,1.90111,1.9013,1.90103,1.90116,106,18,0
2026-07-10 04:30:00,1.90118,1.9011900000000002,1.9009800000000001,1.90099,64,18,0
2026-07-10 04:45:00,1.90096,1.9011,1.9009200000000002,1.90106,72,18,0
2026-07-10 05:00:00,1.90107,1.90126,1.9009399999999999,1.90118,137,18,0
2026-07-10 05:15:00,1.9012099999999998,1.9013900000000001,1.90114,1.90123,113,18,0
2026-07-10 05:30:00,1.90124,1.90136,1.90103,1.90118,129,18,0
2026-07-10 05:45:00,1.9011900000000002,1.90143,1.9011900000000002,1.90137,135,18,0
2026-07-10 06:00:00,1.90133,1.90233,1.90133,1.90221,307,18,0
2026-07-10 06:15:00,1.90225,1.90233,1.90107,1.9010799999999999,386,18,0
2026-07-10 06:30:00,1.90107,1.9014199999999999,1.90082,1.9009399999999999,310,18,0
2026-07-10 06:45:00,1.90093,1.90093,1.90042,1.9005,258,18,0
2026-07-10 07:00:00,1.90053,1.9015,1.90046,1.90115,432,18,0
2026-07-10 07:15:00,1.90117,1.90156,1.9010099999999999,1.90123,378,18,0
2026-07-10 07:30:00,1.90124,1.90194,1.90095,1.90184,328,18,0
2026-07-10 07:45:00,1.90183,1.90187,1.9008099999999999,1.90096,323,18,0
2026-07-10 08:00:00,1.90095,1.90149,1.9007,1.9008099999999999,456,18,0
2026-07-10 08:15:00,1.90077,1.9010799999999999,1.90023,1.9004699999999999,291,18,0
2026-07-10 08:30:00,1.9005100000000001,1.9007,1.89984,1.8999000000000001,390,18,0
2026-07-10 08:45:00,1.89988,1.9001299999999999,1.8995199999999999,1.8998599999999999,300,18,0
2026-07-10 09:00:00,1.89988,1.9005,1.8997199999999999,1.90035,299,18,0
2026-07-10 09:15:00,1.90036,1.9009200000000002,1.9002400000000002,1.90068,243,18,0
2026-07-10 09:30:00,1.9006699999999999,1.90075,1.9000599999999999,1.9000599999999999,228,18,0
2026-07-10 09:45:00,1.90007,1.9003999999999999,1.8999000000000001,1.90001,264,18,0
2026-07-10 10:00:00,1.90004,1.90052,1.89998,1.90039,238,18,0
2026-07-10 10:15:00,1.90036,1.90082,1.9003299999999999,1.90064,261,18,0
2026-07-10 10:30:00,1.90066,1.9010799999999999,1.90049,1.90097,270,18,0
2026-07-10 10:45:00,1.90096,1.90299,1.90065,1.90253,590,18,0
2026-07-10 11:00:00,1.90249,1.9033799999999998,1.9024,1.90262,363,18,0
2026-07-10 11:15:00,1.9026,1.90286,1.90174,1.90205,390,18,0
2026-07-10 11:30:00,1.9020899999999998,1.90211,1.9004699999999999,1.9007100000000001,481,18,0
2026-07-10 11:45:00,1.90069,1.90111,1.90007,1.9004699999999999,415,18,0
2026-07-10 12:00:00,1.90048,1.90082,1.8992,1.90015,722,18,0
2026-07-10 12:15:00,1.90016,1.9005100000000001,1.8994,1.89992,526,18,0
2026-07-10 12:30:00,1.8999700000000002,1.8999700000000002,1.89801,1.89808,619,18,0
2026-07-10 12:45:00,1.89804,1.8982700000000001,1.8977,1.89821,434,18,0
2026-07-10 13:00:00,1.89824,1.89855,1.89788,1.89836,476,18,0
2026-07-10 13:15:00,1.89839,1.89905,1.8982299999999999,1.89872,377,18,0
2026-07-10 13:30:00,1.89871,1.89885,1.8976199999999999,1.89876,572,18,0
2026-07-10 13:45:00,1.89874,1.89939,1.89839,1.89859,532,18,0
2026-07-10 14:00:00,1.89858,1.89909,1.89812,1.89896,500,18,0
2026-07-10 14:15:00,1.89892,1.899,1.89826,1.8985699999999999,554,18,0
2026-07-10 14:30:00,1.8985400000000001,1.89867,1.8969200000000002,1.8984,1062,18,0
2026-07-10 14:45:00,1.89837,1.89839,1.89686,1.8974,592,18,0
2026-07-10 15:00:00,1.89738,1.89798,1.89697,1.89731,577,18,0
2026-07-10 15:15:00,1.89733,1.89747,1.89659,1.8973,573,18,0
2026-07-10 15:30:00,1.8972799999999999,1.89783,1.89682,1.89682,391,18,0
2026-07-10 15:45:00,1.8968500000000001,1.89736,1.89656,1.89665,409,18,0
2026-07-10 16:00:00,1.89668,1.89699,1.8955600000000001,1.8955899999999999,518,18,0
2026-07-10 16:15:00,1.89557,1.8955899999999999,1.89481,1.8951500000000001,440,18,0
2026-07-10 16:30:00,1.8951799999999999,1.8952200000000001,1.89421,1.89465,401,18,0
2026-07-10 16:45:00,1.89469,1.89492,1.89401,1.89406,369,18,0
2026-07-10 17:00:00,1.89404,1.89446,1.8939300000000001,1.89409,426,18,0
2026-07-10 17:15:00,1.89411,1.89455,1.8939300000000001,1.89442,362,18,0
2026-07-10 17:30:00,1.89445,1.89483,1.8944,1.89476,326,18,0
2026-07-10 17:45:00,1.89474,1.89535,1.89473,1.89527,227,18,0
2026-07-10 18:00:00,1.8952900000000001,1.89562,1.89514,1.8955600000000001,277,18,0
2026-07-10 18:15:00,1.8956,1.89582,1.8954499999999999,1.8954499999999999,226,18,0
2026-07-10 18:30:00,1.89544,1.89553,1.8950900000000002,1.8952,251,18,0
2026-07-10 18:45:00,1.89523,1.89593,1.8951099999999999,1.89593,266,18,0
2026-07-10 19:00:00,1.89592,1.89604,1.8958,1.89587,192,18,0
2026-07-10 19:15:00,1.89589,1.89623,1.89585,1.89618,155,18,0
2026-07-10 19:30:00,1.89619,1.89641,1.8961000000000001,1.89621,178,18,0
2026-07-10 19:45:00,1.89622,1.89666,1.89618,1.89656,199,18,0
2026-07-10 20:00:00,1.89657,1.89696,1.89649,1.89693,180,18,0
2026-07-10 20:15:00,1.89691,1.89699,1.8965100000000001,1.8967100000000001,119,18,0
2026-07-10 20:30:00,1.89669,1.89669,1.89623,1.89623,111,18,0
2026-07-10 20:45:00,1.89625,1.8969399999999998,1.8961999999999999,1.8969399999999998,141,18,0
2026-07-12 21:15:00,1.89531,1.8954499999999999,1.89506,1.8953,59,135,0
2026-07-12 21:30:00,1.89532,1.89532,1.8942999999999999,1.8952499999999999,61,105,0
2026-07-12 21:45:00,1.89528,1.89547,1.89527,1.89544,32,80,0
2026-07-12 22:00:00,1.89564,1.8958,1.89406,1.8946399999999999,349,28,0
2026-07-12 22:15:00,1.89459,1.8953799999999998,1.89449,1.8952,135,28,0
2026-07-12 22:30:00,1.89517,1.8953600000000002,1.89501,1.89512,146,18,0
2026-07-12 22:45:00,1.89505,1.89521,1.89494,1.8950399999999998,107,18,0
2026-07-12 23:00:00,1.89501,1.89512,1.89466,1.89483,139,18,0
2026-07-12 23:15:00,1.89482,1.89486,1.8946100000000001,1.8947,130,18,0
2026-07-12 23:30:00,1.89472,1.89524,1.89471,1.8951,103,18,0
2026-07-12 23:45:00,1.89513,1.89592,1.8950900000000002,1.8958599999999999,249,18,0
2026-07-13 00:00:00,1.89588,1.89632,1.89574,1.8959899999999998,343,18,0
2026-07-13 00:15:00,1.8959700000000002,1.896,1.8953600000000002,1.8957600000000001,297,18,0
2026-07-13 00:30:00,1.89575,1.89592,1.89542,1.89548,286,18,0
2026-07-13 00:45:00,1.89551,1.8957000000000002,1.89507,1.89514,244,18,0
2026-07-13 01:00:00,1.89512,1.89514,1.8947,1.8949500000000001,361,18,0
2026-07-13 01:15:00,1.89497,1.8951500000000001,1.8945400000000001,1.89499,316,18,0
2026-07-13 01:30:00,1.89501,1.89533,1.89492,1.8951500000000001,251,18,0
2026-07-13 01:45:00,1.8951799999999999,1.89539,1.89483,1.8951799999999999,296,18,0
2026-07-13 02:00:00,1.8952200000000001,1.89528,1.8946100000000001,1.89487,263,18,0
2026-07-13 02:15:00,1.8948800000000001,1.8951799999999999,1.89478,1.89494,205,18,0
2026-07-13 02:30:00,1.89497,1.8953799999999998,1.89485,1.89531,213,18,0
2026-07-13 02:45:00,1.89533,1.89534,1.89496,1.8950900000000002,189,18,0
2026-07-13 03:00:00,1.8951,1.8952,1.8945699999999999,1.89481,226,18,0
2026-07-13 03:15:00,1.8948,1.8949099999999999,1.89465,1.89485,145,18,0
2026-07-13 03:30:00,1.89483,1.8948800000000001,1.89459,1.8946100000000001,148,18,0
2026-07-13 03:45:00,1.89459,1.8948399999999999,1.89436,1.8944100000000001,148,18,0
2026-07-13 04:00:00,1.89442,1.89442,1.8941400000000002,1.89425,136,18,0
2026-07-13 04:15:00,1.8942299999999999,1.89433,1.8941400000000002,1.89425,123,18,0
2026-07-13 04:30:00,1.89424,1.89436,1.8941,1.89412,93,18,0
2026-07-13 04:45:00,1.8941,1.8942700000000001,1.89406,1.89421,96,18,0
2026-07-13 05:00:00,1.8942299999999999,1.89439,1.89397,1.8943699999999999,178,18,0
2026-07-13 05:15:00,1.89436,1.8944800000000002,1.89412,1.89446,172,18,0
2026-07-13 05:30:00,1.89447,1.89455,1.89422,1.89426,248,18,0
2026-07-13 05:45:00,1.89425,1.8950200000000001,1.89422,1.89493,326,18,0
2026-07-13 06:00:00,1.89496,1.895,1.8944,1.89467,376,18,0
2026-07-13 06:15:00,1.89465,1.8955,1.89463,1.8954900000000001,318,18,0
2026-07-13 06:30:00,1.8955,1.8958599999999999,1.89521,1.8954,363,18,0
2026-07-13 06:45:00,1.89535,1.8953799999999998,1.89429,1.89451,397,18,0
2026-07-13 07:00:00,1.8945400000000001,1.8955199999999999,1.8944299999999998,1.8952200000000001,643,18,0
2026-07-13 07:15:00,1.89519,1.8952499999999999,1.89432,1.89445,380,18,0
2026-07-13 07:30:00,1.89444,1.8946100000000001,1.89345,1.89384,594,18,0
2026-07-13 07:45:00,1.8938199999999998,1.89453,1.8931900000000002,1.8941,512,18,0
2026-07-13 08:00:00,1.8941400000000002,1.89474,1.8937300000000001,1.8944999999999999,632,18,0
2026-07-13 08:15:00,1.89449,1.89537,1.8939599999999999,1.8940700000000001,549,18,0
2026-07-13 08:30:00,1.89405,1.89433,1.8936899999999999,1.89386,376,18,0
2026-07-13 08:45:00,1.8938700000000002,1.89439,1.8932,1.89325,361,18,0
2026-07-13 09:00:00,1.89322,1.89363,1.8929200000000002,1.89333,307,18,0
2026-07-13 09:15:00,1.89331,1.89347,1.89279,1.8934,398,18,0
2026-07-13 09:30:00,1.89338,1.89371,1.89299,1.89359,365,18,0
2026-07-13 09:45:00,1.8936,1.8936,1.89299,1.8934199999999999,336,18,0
2026-07-13 10:00:00,1.8933900000000001,1.89348,1.8929,1.893,350,18,0
2026-07-13 10:15:00,1.89298,1.89298,1.89208,1.89237,341,18,0
2026-07-13 10:30:00,1.89238,1.89252,1.892,1.8920599999999999,330,18,0
2026-07-13 10:45:00,1.89208,1.89296,1.8920599999999999,1.89284,422,18,0
2026-07-13 11:00:00,1.89288,1.89331,1.89242,1.89277,544,18,0
2026-07-13 11:15:00,1.89276,1.89279,1.89164,1.89194,441,18,0
2026-07-13 11:30:00,1.8919700000000002,1.89226,1.8914900000000001,1.8921000000000001,388,18,0
2026-07-13 11:45:00,1.89211,1.8932099999999998,1.89198,1.8929,354,18,0
2026-07-13 12:00:00,1.89289,1.89318,1.89222,1.89269,503,18,0
2026-07-13 12:15:00,1.8927100000000001,1.89316,1.89209,1.89316,442,18,0
2026-07-13 12:30:00,1.8931900000000002,1.89364,1.893,1.89348,452,18,0
2026-07-13 12:45:00,1.89349,1.8937300000000001,1.8932099999999998,1.8937300000000001,433,18,0
2026-07-13 13:00:00,1.8937599999999999,1.89392,1.89283,1.89337,509,18,0
2026-07-13 13:15:00,1.8933900000000001,1.89447,1.89336,1.89415,411,18,0
2026-07-13 13:30:00,1.89412,1.89415,1.89337,1.89345,614,18,0
2026-07-13 13:45:00,1.89343,1.89347,1.8927399999999999,1.89284,551,18,0
2026-07-13 14:00:00,1.89286,1.89338,1.89168,1.89209,704,18,0
2026-07-13 14:15:00,1.89212,1.8923299999999998,1.89036,1.8912,1135,18,0
2026-07-13 14:30:00,1.89123,1.89205,1.89076,1.89112,594,18,0
2026-07-13 14:45:00,1.89113,1.89196,1.8906,1.89196,607,18,0
2026-07-13 15:00:00,1.89194,1.89209,1.89046,1.89081,475,18,0
2026-07-13 15:15:00,1.8908,1.89135,1.8902999999999999,1.89124,464,18,0
2026-07-13 15:30:00,1.89128,1.89193,1.8911099999999998,1.89165,374,18,0
2026-07-13 15:45:00,1.89168,1.8920400000000002,1.89142,1.89196,377,18,0
2026-07-13 16:00:00,1.8919899999999998,1.89218,1.89178,1.89203,317,18,0
2026-07-13 16:15:00,1.8920400000000002,1.89218,1.89103,1.89117,383,18,0
2026-07-13 16:30:00,1.89114,1.8915899999999999,1.89022,1.8915899999999999,686,18,0
2026-07-13 16:45:00,1.8916300000000001,1.89174,1.89012,1.89058,559,18,0
2026-07-13 17:00:00,1.89062,1.8912499999999999,1.89025,1.89086,335,18,0
2026-07-13 17:15:00,1.89085,1.8909,1.89002,1.89004,309,18,0
2026-07-13 17:30:00,1.89001,1.89026,1.8896,1.8900299999999999,319,18,0
2026-07-13 17:45:00,1.89005,1.89024,1.88974,1.88974,311,18,0
2026-07-13 18:00:00,1.8897599999999999,1.88997,1.88947,1.88997,327,18,0
2026-07-13 18:15:00,1.88995,1.8899599999999999,1.88943,1.88979,275,18,0
2026-07-13 18:30:00,1.88981,1.8902999999999999,1.8896600000000001,1.89022,262,18,0
2026-07-13 18:45:00,1.8902,1.89058,1.89005,1.89039,270,18,0
2026-07-13 19:00:00,1.8904,1.89047,1.89015,1.89022,287,18,0
2026-07-13 19:15:00,1.89021,1.8906100000000001,1.89012,1.89046,245,18,0
2026-07-13 19:30:00,1.8904999999999998,1.89072,1.89038,1.89055,197,18,0
2026-07-13 19:45:00,1.89053,1.89063,1.8898700000000002,1.89008,244,18,0
2026-07-13 20:00:00,1.89005,1.89022,1.8895300000000002,1.88958,168,18,0
2026-07-13 20:15:00,1.88956,1.88959,1.88886,1.88918,157,18,0
2026-07-13 20:30:00,1.8892099999999998,1.88932,1.88899,1.8893,115,18,0
2026-07-13 20:45:00,1.88932,1.8894,1.88888,1.88895,101,18,0
2026-07-13 21:00:00,1.88893,1.88899,1.88893,1.88899,7,48,0
2026-07-13 21:15:00,1.889,1.88904,1.88895,1.88895,32,48,0
2026-07-13 21:30:00,1.88895,1.889,1.88869,1.88889,92,48,0
2026-07-13 21:45:00,1.88888,1.88932,1.8888500000000001,1.88932,90,48,0
2026-07-13 22:00:00,1.88943,1.88943,1.8885800000000001,1.8890500000000001,128,43,0
2026-07-13 22:15:00,1.88913,1.88949,1.88902,1.88936,65,28,0
2026-07-13 22:30:00,1.88941,1.8895,1.88929,1.88945,61,28,0
2026-07-13 22:45:00,1.8894600000000001,1.88949,1.88906,1.88906,76,18,0
2026-07-13 23:00:00,1.88902,1.88924,1.88895,1.8891200000000001,51,18,0
2026-07-13 23:15:00,1.8891,1.88913,1.88895,1.889,64,18,0
2026-07-13 23:30:00,1.8890099999999999,1.8890500000000001,1.88857,1.8885800000000001,83,18,0
2026-07-13 23:45:00,1.8885999999999998,1.8888099999999999,1.88839,1.88877,201,18,0
2026-07-14 00:00:00,1.8887800000000001,1.8893,1.88873,1.8892799999999998,358,18,0
2026-07-14 00:15:00,1.8892600000000002,1.88927,1.88827,1.88853,366,18,0
2026-07-14 00:30:00,1.88855,1.8890799999999999,1.8885100000000001,1.88904,316,18,0
2026-07-14 00:45:00,1.8890099999999999,1.88927,1.8888,1.8888,361,18,0
2026-07-14 01:00:00,1.88884,1.88917,1.88873,1.88876,322,18,0
2026-07-14 01:15:00,1.88879,1.8891200000000001,1.88873,1.88873,275,18,0
2026-07-14 01:30:00,1.88872,1.88899,1.88863,1.88866,246,18,0
2026-07-14 01:45:00,1.88869,1.88891,1.88856,1.88863,245,18,0
2026-07-14 02:00:00,1.8886500000000002,1.88877,1.88846,1.88855,229,18,0
2026-07-14 02:15:00,1.88853,1.88857,1.88818,1.88823,160,18,0
2026-07-14 02:30:00,1.88821,1.88835,1.8878300000000001,1.88787,184,18,0
2026-07-14 02:45:00,1.8879000000000001,1.88796,1.88747,1.88757,152,18,0
2026-07-14 03:00:00,1.88755,1.88795,1.88753,1.88778,194,18,0
2026-07-14 03:15:00,1.88777,1.88788,1.8873199999999999,1.8876300000000001,209,18,0
2026-07-14 03:30:00,1.88765,1.8879899999999998,1.88757,1.88796,215,18,0
2026-07-14 03:45:00,1.8879299999999999,1.88815,1.88789,1.8879299999999999,113,18,0
2026-07-14 04:00:00,1.88792,1.88807,1.88773,1.8877899999999999,131,18,0
2026-07-14 04:15:00,1.88778,1.88785,1.8876,1.8876,118,18,0
2026-07-14 04:30:00,1.88758,1.88796,1.88754,1.8878599999999999,156,18,0
2026-07-14 04:45:00,1.88788,1.88795,1.8876300000000001,1.88773,101,18,0
2026-07-14 05:00:00,1.88775,1.88801,1.8877199999999998,1.8879299999999999,118,18,0
2026-07-14 05:15:00,1.88794,1.88869,1.88794,1.8885800000000001,128,18,0
2026-07-14 05:30:00,1.88857,1.88899,1.88856,1.8889399999999998,154,18,0
2026-07-14 05:45:00,1.88897,1.88897,1.8882400000000001,1.8882400000000001,195,18,0
2026-07-14 06:00:00,1.88825,1.88835,1.88741,1.88765,323,18,0
2026-07-14 06:15:00,1.88766,1.8877899999999999,1.8872200000000001,1.88723,259,18,0
2026-07-14 06:30:00,1.8872,1.88785,1.88714,1.88769,327,18,0
2026-07-14 06:45:00,1.88766,1.88775,1.88735,1.88762,287,18,0
2026-07-14 07:00:00,1.88765,1.88774,1.88597,1.88619,471,18,0
2026-07-14 07:15:00,1.88617,1.88633,1.8852600000000002,1.88572,425,18,0
2026-07-14 07:30:00,1.8856899999999999,1.8857,1.8848099999999999,1.88483,460,18,0
2026-07-14 07:45:00,1.88479,1.88513,1.88349,1.88389,510,18,0
2026-07-14 08:00:00,1.8839000000000001,1.8843299999999998,1.88317,1.88361,557,18,0
2026-07-14 08:15:00,1.88358,1.88471,1.88339,1.88471,483,18,0
2026-07-14 08:30:00,1.8847399999999999,1.8851,1.88428,1.88469,588,18,0
2026-07-14 08:45:00,1.88468,1.88514,1.88414,1.88466,453,18,0
2026-07-14 09:00:00,1.88463,1.8847399999999999,1.88389,1.8843800000000002,487,18,0
2026-07-14 09:15:00,1.88435,1.8845,1.8839000000000001,1.88416,398,18,0
2026-07-14 09:30:00,1.88419,1.88446,1.88385,1.8838599999999999,337,18,0
2026-07-14 09:45:00,1.88388,1.8847,1.88385,1.88436,413,18,0
2026-07-14 10:00:00,1.88437,1.88479,1.88428,1.88464,379,18,0
2026-07-14 10:15:00,1.8846699999999998,1.8855499999999998,1.8846500000000002,1.88548,332,18,0
2026-07-14 10:30:00,1.8854899999999999,1.88598,1.88527,1.88592,287,18,0
2026-07-14 10:45:00,1.88594,1.88635,1.88565,1.88632,326,18,0
2026-07-14 11:00:00,1.88635,1.88676,1.88585,1.88669,477,18,0
2026-07-14 11:15:00,1.88667,1.88784,1.88667,1.88781,360,18,0
2026-07-14 11:30:00,1.88782,1.88835,1.88782,1.88821,310,18,0
2026-07-14 11:45:00,1.88819,1.8891,1.88818,1.88891,457,18,0
2026-07-14 12:00:00,1.88893,1.88903,1.8879700000000001,1.888,524,18,0
2026-07-14 12:15:00,1.88798,1.8881999999999999,1.8871,1.8873600000000001,616,18,0
2026-07-14 12:30:00,1.8872200000000001,1.89108,1.88712,1.8882400000000001,2475,18,0
2026-07-14 12:45:00,1.88821,1.88866,1.8861599999999998,1.8869799999999999,1422,18,0
2026-07-14 13:00:00,1.8870200000000001,1.88724,1.88489,1.88514,1186,18,0
2026-07-14 13:15:00,1.8851,1.88611,1.88368,1.88405,999,18,0
2026-07-14 13:30:00,1.88408,1.88663,1.88408,1.88644,1047,18,0
2026-07-14 13:45:00,1.8864100000000001,1.88757,1.88633,1.88751,739,18,0
2026-07-14 14:00:00,1.88753,1.8875600000000001,1.8856600000000001,1.88574,818,18,0
2026-07-14 14:15:00,1.88571,1.88592,1.8845399999999999,1.88491,986,18,0
2026-07-14 14:30:00,1.8848799999999999,1.88604,1.8844400000000001,1.88493,969,18,0
2026-07-14 14:45:00,1.8849,1.8851200000000001,1.8839700000000001,1.88418,708,18,0
2026-07-14 15:00:00,1.8841999999999999,1.88445,1.88326,1.88328,854,18,0
2026-07-14 15:15:00,1.8832499999999999,1.88367,1.88259,1.88296,500,18,0
2026-07-14 15:30:00,1.88293,1.8831,1.88211,1.88245,653,18,0
2026-07-14 15:45:00,1.88242,1.88265,1.88179,1.88252,649,18,0
2026-07-14 16:00:00,1.8824999999999998,1.8829500000000001,1.88205,1.88278,572,18,0
2026-07-14 16:15:00,1.8828,1.88303,1.88229,1.8829,454,18,0
2026-07-14 16:30:00,1.88292,1.88323,1.88224,1.88238,374,18,0
2026-07-14 16:45:00,1.8824100000000001,1.88258,1.88198,1.88232,375,18,0
2026-07-14 17:00:00,1.8823400000000001,1.88266,1.88166,1.88166,415,18,0
2026-07-14 17:15:00,1.88164,1.88186,1.8809900000000002,1.88183,498,18,0
2026-07-14 17:30:00,1.8818700000000002,1.88227,1.88168,1.88226,294,18,0
2026-07-14 17:45:00,1.88229,1.88251,1.88184,1.88191,404,18,0
2026-07-14 18:00:00,1.8818899999999998,1.8828,1.88181,1.88274,294,18,0
2026-07-14 18:15:00,1.88273,1.88299,1.88225,1.8827,326,18,0
2026-07-14 18:30:00,1.88269,1.8827099999999999,1.8817300000000001,1.88198,379,18,0
2026-07-14 18:45:00,1.88201,1.8824,1.88182,1.88219,294,18,0
2026-07-14 19:00:00,1.8822100000000002,1.88281,1.8820999999999999,1.88265,272,18,0
2026-07-14 19:15:00,1.88263,1.88306,1.88251,1.88297,310,18,0
2026-07-14 19:30:00,1.88294,1.88294,1.88247,1.88267,288,18,0
2026-07-14 19:45:00,1.8826399999999999,1.88317,1.8826,1.8831099999999998,285,18,0
2026-07-14 20:00:00,1.8830900000000002,1.88348,1.88307,1.8831,179,18,0
2026-07-14 20:15:00,1.88308,1.8831,1.88267,1.88267,114,18,0
2026-07-14 20:30:00,1.8827,1.88277,1.88209,1.88209,132,18,0
2026-07-14 20:45:00,1.88206,1.88262,1.88206,1.88243,102,18,0
2026-07-14 21:00:00,1.88245,1.88245,1.88243,1.88245,7,48,0
2026-07-14 21:15:00,1.88244,1.88244,1.88151,1.88185,139,48,0
2026-07-14 21:30:00,1.88184,1.88236,1.88184,1.88236,84,81,0
2026-07-14 21:45:00,1.88235,1.88274,1.88199,1.88259,115,48,0
2026-07-14 22:00:00,1.8826399999999999,1.88266,1.88202,1.88254,128,28,0
2026-07-14 22:15:00,1.88259,1.88297,1.8824100000000001,1.88296,93,18,0
2026-07-14 22:30:00,1.8829500000000001,1.8830200000000001,1.8827500000000001,1.8828200000000002,94,18,0
2026-07-14 22:45:00,1.88281,1.88281,1.88245,1.88254,76,18,0
2026-07-14 23:00:00,1.88255,1.88278,1.88255,1.88273,97,18,0
2026-07-14 23:15:00,1.88274,1.88276,1.88259,1.88263,61,18,0
2026-07-14 23:30:00,1.88262,1.8828,1.88239,1.88278,118,18,0
2026-07-14 23:45:00,1.8828,1.8828,1.88201,1.8823400000000001,127,18,0
2026-07-15 00:00:00,1.8823699999999999,1.88273,1.8821400000000001,1.88254,270,18,0
2026-07-15 00:15:00,1.88253,1.8827099999999999,1.88242,1.88262,155,18,0
2026-07-15 00:30:00,1.88265,1.8827099999999999,1.88236,1.88245,142,18,0
2026-07-15 00:45:00,1.88244,1.88289,1.88239,1.8826100000000001,181,18,0
2026-07-15 01:00:00,1.88263,1.88274,1.88228,1.88258,216,18,0
2026-07-15 01:15:00,1.8825699999999999,1.8828399999999998,1.88244,1.8826399999999999,132,18,0
2026-07-15 01:30:00,1.88265,1.8826800000000001,1.8820999999999999,1.88227,213,18,0
2026-07-15 01:45:00,1.88228,1.88244,1.88226,1.88232,155,18,0
2026-07-15 02:00:00,1.88231,1.88246,1.88217,1.88232,142,18,0
2026-07-15 02:15:00,1.8822999999999999,1.88242,1.8820700000000001,1.88212,102,18,0
2026-07-15 02:30:00,1.8820999999999999,1.8824999999999998,1.88199,1.88239,140,18,0
2026-07-15 02:45:00,1.8823699999999999,1.88249,1.8821400000000001,1.8821400000000001,113,18,0
2026-07-15 03:00:00,1.88217,1.8826800000000001,1.88217,1.88255,145,18,0
2026-07-15 03:15:00,1.8825699999999999,1.8826399999999999,1.88231,1.88244,138,18,0
2026-07-15 03:30:00,1.88245,1.88253,1.88233,1.88238,91,18,0
2026-07-15 03:45:00,1.8824,1.8827500000000001,1.8824,1.88255,96,18,0
2026-07-15 04:00:00,1.88258,1.88265,1.88242,1.88254,98,18,0
2026-07-15 04:15:00,1.88252,1.8827500000000001,1.88252,1.8827,73,18,0
2026-07-15 04:30:00,1.8826800000000001,1.8827500000000001,1.88263,1.88269,74,18,0
2026-07-15 04:45:00,1.88267,1.88289,1.88267,1.88279,64,18,0
2026-07-15 05:00:00,1.8828,1.88288,1.8826,1.88277,139,18,0
2026-07-15 05:15:00,1.88274,1.88319,1.88272,1.8831,93,18,0
2026-07-15 05:30:00,1.8830900000000002,1.88426,1.8830900000000002,1.8841999999999999,176,18,0
2026-07-15 05:45:00,1.88423,1.88455,1.88401,1.88436,187,18,0
2026-07-15 06:00:00,1.88439,1.88571,1.88434,1.88571,252,18,0
2026-07-15 06:15:00,1.8857,1.8857,1.88521,1.88547,258,18,0
2026-07-15 06:30:00,1.88548,1.88556,1.8847399999999999,1.88532,358,18,0
2026-07-15 06:45:00,1.88529,1.88624,1.88498,1.8858000000000001,596,18,0
2026-07-15 07:00:00,1.88577,1.88577,1.88396,1.88398,639,18,0
2026-07-15 07:15:00,1.88395,1.88452,1.88368,1.88445,457,18,0
2026-07-15 07:30:00,1.88448,1.88457,1.88338,1.88342,431,18,0
2026-07-15 07:45:00,1.8834499999999998,1.88364,1.88304,1.88314,307,18,0
2026-07-15 08:00:00,1.8831099999999998,1.88323,1.88216,1.88216,385,18,0
2026-07-15 08:15:00,1.88217,1.88258,1.8820299999999999,1.88244,352,18,0
2026-07-15 08:30:00,1.88247,1.88272,1.88211,1.88239,317,18,0
2026-07-15 08:45:00,1.88242,1.88267,1.88215,1.88267,307,18,0
2026-07-15 09:00:00,1.88272,1.88301,1.8823400000000001,1.88247,309,18,0
2026-07-15 09:15:00,1.8824999999999998,1.88283,1.88245,1.88255,252,18,0
2026-07-15 09:30:00,1.8825699999999999,1.8826800000000001,1.8822100000000002,1.8823699999999999,278,18,0
2026-07-15 09:45:00,1.88233,1.88272,1.8822299999999998,1.88242,286,18,0
2026-07-15 10:00:00,1.88246,1.88259,1.88205,1.8820999999999999,274,18,0
2026-07-15 10:15:00,1.88211,1.88273,1.88202,1.8822299999999998,318,18,0
2026-07-15 10:30:00,1.8822100000000002,1.8833,1.88217,1.88307,318,18,0
2026-07-15 10:45:00,1.88306,1.88475,1.88301,1.88456,328,18,0
2026-07-15 11:00:00,1.8845800000000001,1.88472,1.88425,1.8844400000000001,318,18,0
2026-07-15 11:15:00,1.88441,1.8848099999999999,1.8843999999999999,1.88472,228,18,0
2026-07-15 11:30:00,1.8847399999999999,1.88584,1.88459,1.88582,287,18,0
2026-07-15 11:45:00,1.88585,1.88703,1.88547,1.88652,693,18,0
2026-07-15 12:00:00,1.88649,1.88712,1.88579,1.887,512,18,0
2026-07-15 12:15:00,1.88704,1.8873799999999998,1.88599,1.88635,453,18,0
2026-07-15 12:30:00,1.88631,1.88676,1.88568,1.8860000000000001,754,18,0
2026-07-15 12:45:00,1.88599,1.88731,1.88592,1.8870200000000001,474,18,0
2026-07-15 13:00:00,1.88701,1.88788,1.88681,1.88728,605,18,0
2026-07-15 13:15:00,1.8873,1.88762,1.88697,1.88761,479,18,0
2026-07-15 13:30:00,1.8876,1.8886500000000002,1.88734,1.8883999999999999,545,18,0
2026-07-15 13:45:00,1.88843,1.89121,1.88788,1.8904800000000002,796,18,0
2026-07-15 14:00:00,1.89051,1.89093,1.88981,1.89062,612,18,0
2026-07-15 14:15:00,1.89059,1.89059,1.8892799999999998,1.8898700000000002,590,18,0
2026-07-15 14:30:00,1.88988,1.89259,1.88977,1.89259,754,18,0
2026-07-15 14:45:00,1.8925999999999998,1.8948800000000001,1.89249,1.89379,1028,18,0
2026-07-15 15:00:00,1.8938199999999998,1.89409,1.89317,1.89333,648,18,0
2026-07-15 15:15:00,1.89331,1.8949099999999999,1.89323,1.8946399999999999,620,18,0
2026-07-15 15:30:00,1.89462,1.89541,1.89408,1.8952499999999999,603,18,0
2026-07-15 15:45:00,1.89524,1.8957899999999999,1.8948,1.89574,526,18,0
2026-07-15 16:00:00,1.89577,1.8964699999999999,1.89554,1.89555,501,18,0
2026-07-15 16:15:00,1.89553,1.8980700000000001,1.8955,1.89805,596,18,0
2026-07-15 16:30:00,1.89801,1.89867,1.89792,1.89849,512,18,0
2026-07-15 16:45:00,1.89847,1.90072,1.89842,1.90007,825,18,0
2026-07-15 17:00:00,1.90004,1.9015300000000002,1.90004,1.90045,719,18,0
2026-07-15 17:15:00,1.90043,1.90063,1.8996,1.89994,566,18,0
2026-07-15 17:30:00,1.89996,1.9008099999999999,1.89991,1.90032,611,18,0
2026-07-15 17:45:00,1.90028,1.90109,1.9000599999999999,1.9008500000000002,435,18,0
2026-07-15 18:00:00,1.90082,1.90192,1.90075,1.90156,383,18,0
2026-07-15 18:15:00,1.9015499999999999,1.90199,1.90104,1.90106,370,18,0
2026-07-15 18:30:00,1.90104,1.9012099999999998,1.9003299999999999,1.90057,386,18,0
2026-07-15 18:45:00,1.90054,1.901,1.9005,1.9007100000000001,442,18,0
2026-07-15 19:00:00,1.90068,1.9010799999999999,1.9005800000000002,1.90073,356,18,0
2026-07-15 19:15:00,1.90076,1.90083,1.90012,1.9003999999999999,247,18,0
2026-07-15 19:30:00,1.9003700000000001,1.9004699999999999,1.8996499999999998,1.89969,444,18,0
2026-07-15 19:45:00,1.89971,1.9003700000000001,1.89967,1.9003700000000001,250,18,0
2026-07-15 20:00:00,1.90039,1.9008099999999999,1.9003299999999999,1.90079,165,18,0
2026-07-15 20:15:00,1.90077,1.90131,1.90076,1.90107,122,18,0
2026-07-15 20:30:00,1.90106,1.9010799999999999,1.90063,1.90063,133,18,0
2026-07-15 20:45:00,1.90062,1.9008,1.90022,1.90075,120,18,0
2026-07-15 21:00:00,1.90076,1.90076,1.9006699999999999,1.9006699999999999,8,48,0
2026-07-15 21:15:00,1.90065,1.90065,1.89973,1.89985,149,48,0
2026-07-15 21:30:00,1.8998300000000001,1.90029,1.8998,1.90029,200,73,0
2026-07-15 21:45:00,1.9002599999999998,1.9003299999999999,1.90002,1.90021,197,48,0
2026-07-15 22:00:00,1.9002400000000002,1.90072,1.89998,1.90065,127,28,0
2026-07-15 22:15:00,1.90062,1.901,1.9005999999999998,1.901,41,18,0
2026-07-15 22:30:00,1.90093,1.90097,1.90062,1.90095,59,18,0
2026-07-15 22:45:00,1.9009399999999999,1.90097,1.90043,1.90054,88,18,0
2026-07-15 23:00:00,1.90057,1.90062,1.90029,1.90041,80,18,0
2026-07-15 23:15:00,1.90036,1.9005800000000002,1.9003,1.90055,66,18,0
2026-07-15 23:30:00,1.90056,1.90065,1.90043,1.9005999999999998,105,18,0
2026-07-15 23:45:00,1.90059,1.90063,1.90019,1.9002400000000002,93,18,0
2026-07-16 00:00:00,1.90022,1.9009800000000001,1.90012,1.90096,216,18,0
2026-07-16 00:15:00,1.90093,1.90096,1.9003100000000002,1.90049,184,18,0
2026-07-16 00:30:00,1.90046,1.90059,1.8999000000000001,1.8999700000000002,234,18,0
2026-07-16 00:45:00,1.89994,1.9,1.89937,1.89969,350,18,0
2026-07-16 01:00:00,1.8997000000000002,1.9001299999999999,1.8996,1.89971,251,18,0
2026-07-16 01:15:00,1.89968,1.89998,1.89953,1.89969,252,18,0
2026-07-16 01:30:00,1.8997199999999999,1.90009,1.89961,1.89988,223,18,0
2026-07-16 01:45:00,1.89991,1.90016,1.8998,1.90008,196,18,0
2026-07-16 02:00:00,1.90005,1.90008,1.89961,1.8996300000000002,187,18,0
2026-07-16 02:15:00,1.8996499999999998,1.90009,1.89946,1.89993,229,18,0
2026-07-16 02:30:00,1.89996,1.90014,1.8999000000000001,1.90007,183,18,0
2026-07-16 02:45:00,1.9000599999999999,1.90028,1.8998599999999999,1.90027,141,18,0
2026-07-16 03:00:00,1.90028,1.9012799999999999,1.90021,1.90107,204,18,0
2026-07-16 03:15:00,1.9010799999999999,1.90116,1.9007100000000001,1.90077,137,18,0
2026-07-16 03:30:00,1.90076,1.90122,1.90076,1.90093,122,18,0
2026-07-16 03:45:00,1.9009200000000002,1.9009200000000002,1.90052,1.90064,130,18,0
2026-07-16 04:00:00,1.90066,1.9008,1.90055,1.90069,128,18,0
2026-07-16 04:15:00,1.90068,1.90072,1.90046,1.90049,88,18,0
2026-07-16 04:30:00,1.9005,1.90082,1.90049,1.9005800000000002,96,18,0
2026-07-16 04:45:00,1.90056,1.90061,1.90039,1.9005800000000002,108,18,0
2026-07-16 05:00:00,1.90062,1.90103,1.90062,1.90089,129,18,0
2026-07-16 05:15:00,1.9009,1.9013499999999999,1.90089,1.90134,121,18,0
2026-07-16 05:30:00,1.90136,1.9017,1.90109,1.90116,241,18,0
2026-07-16 05:45:00,1.90117,1.90123,1.9003100000000002,1.9005100000000001,242,18,0
2026-07-16 06:00:00,1.90048,1.90157,1.9004400000000001,1.90157,402,18,0
2026-07-16 06:15:00,1.90154,1.90154,1.90083,1.90107,261,18,0
2026-07-16 06:30:00,1.90109,1.90114,1.90066,1.90106,283,18,0
2026-07-16 06:45:00,1.90104,1.9011900000000002,1.9005999999999998,1.90095,290,18,0
2026-07-16 07:00:00,1.9009800000000001,1.90133,1.90053,1.9007,378,18,0
2026-07-16 07:15:00,1.90072,1.90088,1.90016,1.90043,402,18,0
2026-07-16 07:30:00,1.9004400000000001,1.901,1.90042,1.9005999999999998,276,18,0
2026-07-16 07:45:00,1.90059,1.90102,1.90045,1.90065,398,18,0
2026-07-16 08:00:00,1.90062,1.90062,1.89893,1.89908,465,18,0
2026-07-16 08:15:00,1.8991,1.89916,1.89872,1.89901,305,18,0
2026-07-16 08:30:00,1.89905,1.89969,1.89901,1.89934,369,18,0
2026-07-16 08:45:00,1.89932,1.89933,1.89825,1.8982700000000001,360,18,0
2026-07-16 09:00:00,1.89829,1.89849,1.89775,1.89825,390,18,0
2026-07-16 09:15:00,1.8982700000000001,1.89832,1.89729,1.8973200000000001,339,18,0
2026-07-16 09:30:00,1.8973499999999999,1.89754,1.8969,1.89713,350,18,0
2026-07-16 09:45:00,1.89714,1.89714,1.89627,1.8963100000000002,270,18,0
2026-07-16 10:00:00,1.8963,1.8964699999999999,1.8959700000000002,1.89598,274,18,0
2026-07-16 10:15:00,1.8959899999999998,1.89616,1.8951799999999999,1.89526,250,18,0
2026-07-16 10:30:00,1.89524,1.89564,1.8951099999999999,1.89555,315,18,0
2026-07-16 10:45:00,1.89557,1.89581,1.89513,1.89526,283,18,0
2026-07-16 11:00:00,1.89524,1.8953,1.89386,1.89419,379,18,0
2026-07-16 11:15:00,1.89422,1.89429,1.89374,1.89404,316,18,0
2026-07-16 11:30:00,1.89402,1.8944,1.89392,1.89422,293,18,0
2026-07-16 11:45:00,1.89421,1.8950900000000002,1.8939,1.89501,614,18,0
2026-07-16 12:00:00,1.8950399999999998,1.8951,1.89418,1.89425,501,18,0
2026-07-16 12:15:00,1.89426,1.8944299999999998,1.8934,1.89363,515,18,0
2026-07-16 12:30:00,1.89367,1.89378,1.8929399999999998,1.89334,600,18,0
2026-07-16 12:45:00,1.89331,1.89381,1.89307,1.89323,457,18,0
2026-07-16 13:00:00,1.8932600000000002,1.89384,1.89299,1.89324,550,18,0
2026-07-16 13:15:00,1.8932600000000002,1.8933,1.89225,1.89254,478,18,0
2026-07-16 13:30:00,1.8925100000000001,1.89399,1.8921999999999999,1.89391,608,18,0
2026-07-16 13:45:00,1.89388,1.89466,1.89325,1.89381,633,18,0
2026-07-16 14:00:00,1.89383,1.89476,1.8936,1.89408,627,18,0
2026-07-16 14:15:00,1.89405,1.89426,1.8934199999999999,1.89375,513,18,0
2026-07-16 14:30:00,1.89378,1.89412,1.89261,1.89316,512,18,0
2026-07-16 14:45:00,1.8931900000000002,1.89352,1.89209,1.89239,739,18,0
2026-07-16 15:00:00,1.89242,1.8934,1.89214,1.89329,589,18,0
2026-07-16 15:15:00,1.89327,1.89343,1.89228,1.89232,446,18,0
2026-07-16 15:30:00,1.8923299999999998,1.89287,1.89201,1.89237,457,18,0
2026-07-16 15:45:00,1.89238,1.8930099999999999,1.8918599999999999,1.89195,389,18,0
2026-07-16 16:00:00,1.8919700000000002,1.8920599999999999,1.89147,1.89151,378,18,0
2026-07-16 16:15:00,1.8914900000000001,1.8917000000000002,1.8911799999999999,1.89126,362,18,0
2026-07-16 16:30:00,1.8912499999999999,1.89174,1.89117,1.89171,310,18,0
2026-07-16 16:45:00,1.89169,1.89209,1.89158,1.89174,265,18,0
2026-07-16 17:00:00,1.89171,1.89205,1.8915600000000001,1.89184,301,18,0
2026-07-16 17:15:00,1.8918,1.89225,1.89173,1.8921299999999999,232,18,0
2026-07-16 17:30:00,1.89215,1.89246,1.89203,1.8923100000000002,219,18,0
2026-07-16 17:45:00,1.89232,1.8928099999999999,1.8921700000000001,1.89261,265,18,0
2026-07-16 18:00:00,1.89264,1.8928,1.89194,1.89208,276,18,0
2026-07-16 18:15:00,1.8920599999999999,1.89249,1.89185,1.8923,266,18,0
2026-07-16 18:30:00,1.89232,1.89241,1.89209,1.89211,212,18,0
2026-07-16 18:45:00,1.89208,1.89228,1.89194,1.89207,231,18,0
2026-07-16 19:00:00,1.89209,1.89226,1.89185,1.89189,192,18,0
2026-07-16 19:15:00,1.8919000000000001,1.89208,1.89178,1.89195,168,18,0
2026-07-16 19:30:00,1.89194,1.8923999999999999,1.89192,1.89237,176,18,0
2026-07-16 19:45:00,1.89234,1.89276,1.8923100000000002,1.89266,197,18,0
2026-07-16 20:00:00,1.89263,1.8931499999999999,1.89256,1.893,129,18,0
2026-07-16 20:15:00,1.8930099999999999,1.89331,1.8930099999999999,1.89304,76,18,0
2026-07-16 20:30:00,1.89307,1.89318,1.89238,1.8924699999999999,151,18,0
2026-07-16 20:45:00,1.89248,1.89259,1.89232,1.8923299999999998,76,18,0
2026-07-16 21:00:00,1.89235,1.89236,1.89235,1.89236,2,48,0
2026-07-16 21:15:00,1.89237,1.8924699999999999,1.89232,1.89234,49,48,0
2026-07-16 21:30:00,1.89234,1.89268,1.89229,1.89249,82,48,0
2026-07-16 21:45:00,1.8924699999999999,1.8924699999999999,1.89218,1.8922400000000001,106,48,0
2026-07-16 22:00:00,1.89218,1.89218,1.89166,1.89181,102,18,0
2026-07-16 22:15:00,1.8918,1.89192,1.89161,1.89185,49,18,0
2026-07-16 22:30:00,1.89182,1.8920400000000002,1.8918,1.89196,45,18,0
2026-07-16 22:45:00,1.89195,1.89195,1.8917199999999998,1.89189,43,18,0
2026-07-16 23:00:00,1.89192,1.8919700000000002,1.8917899999999999,1.89189,63,18,0
2026-07-16 23:15:00,1.89192,1.8920400000000002,1.89164,1.8917199999999998,97,18,0
2026-07-16 23:30:00,1.89173,1.8918,1.89153,1.8917199999999998,75,18,0
2026-07-16 23:45:00,1.89171,1.89192,1.8917000000000002,1.8919000000000001,99,18,0
2026-07-17 00:00:00,1.89187,1.89198,1.89151,1.89151,146,18,0
2026-07-17 00:15:00,1.89153,1.89164,1.8911099999999998,1.89112,130,18,0
2026-07-17 00:30:00,1.8911099999999998,1.8911799999999999,1.8908,1.8909099999999999,160,18,0
2026-07-17 00:45:00,1.8909,1.89142,1.89085,1.8912900000000001,210,18,0
2026-07-17 01:00:00,1.8913,1.8915,1.89087,1.89103,204,18,0
2026-07-17 01:15:00,1.89106,1.89116,1.8903400000000001,1.89038,218,18,0
2026-07-17 01:30:00,1.89035,1.89038,1.89004,1.89025,164,18,0
2026-07-17 01:45:00,1.89024,1.8903699999999999,1.89005,1.8902700000000001,220,18,0
2026-07-17 02:00:00,1.89025,1.89059,1.89021,1.8904800000000002,169,18,0
2026-07-17 02:15:00,1.89049,1.89055,1.8902299999999999,1.89038,104,18,0
2026-07-17 02:30:00,1.89036,1.89046,1.89011,1.89025,143,18,0
2026-07-17 02:45:00,1.89024,1.89032,1.8901400000000002,1.89024,136,18,0
2026-07-17 03:00:00,1.89026,1.89042,1.89013,1.89021,149,18,0
2026-07-17 03:15:00,1.8902299999999999,1.8904999999999998,1.8902299999999999,1.89049,124,18,0
2026-07-17 03:30:00,1.89051,1.89055,1.8901,1.89018,118,18,0
2026-07-17 03:45:00,1.89017,1.89029,1.88985,1.8898899999999998,153,18,0
2026-07-17 04:00:00,1.88986,1.88992,1.8897,1.88971,116,18,0
2026-07-17 04:15:00,1.8896899999999999,1.8897,1.8891900000000001,1.8892600000000002,95,18,0
2026-07-17 04:30:00,1.88929,1.88931,1.88887,1.88911,115,18,0
2026-07-17 04:45:00,1.8891200000000001,1.88924,1.88896,1.8891200000000001,92,18,0
2026-07-17 05:00:00,1.88914,1.8891900000000001,1.88886,1.8891,103,18,0
2026-07-17 05:15:00,1.88907,1.88922,1.88898,1.88916,135,18,0
2026-07-17 05:30:00,1.8891499999999999,1.88963,1.8887399999999999,1.88952,236,18,0
2026-07-17 05:45:00,1.88951,1.8897,1.88931,1.88964,194,18,0
2026-07-17 06:00:00,1.88961,1.89017,1.88944,1.89015,288,18,0
2026-07-17 06:15:00,1.8901400000000002,1.89072,1.89012,1.8904,291,18,0
2026-07-17 06:30:00,1.89042,1.89063,1.8901,1.89017,229,18,0
2026-07-17 06:45:00,1.89013,1.89059,1.88995,1.89042,349,18,0
2026-07-17 07:00:00,1.89039,1.89104,1.88988,1.89001,448,18,0
2026-07-17 07:15:00,1.88999,1.89009,1.8888500000000001,1.8895,368,18,0
2026-07-17 07:30:00,1.88948,1.8898899999999998,1.8889,1.88923,370,18,0
2026-07-17 07:45:00,1.8892,1.8892,1.88774,1.88778,338,18,0
2026-07-17 08:00:00,1.8878,1.8887399999999999,1.88765,1.88785,464,18,0
2026-07-17 08:15:00,1.88788,1.88815,1.88703,1.88708,578,18,0
2026-07-17 08:30:00,1.88707,1.8874900000000001,1.88653,1.88653,422,18,0
2026-07-17 08:45:00,1.88652,1.88655,1.88575,1.88606,399,18,0
2026-07-17 09:00:00,1.88605,1.8863400000000001,1.88568,1.88619,429,18,0
2026-07-17 09:15:00,1.88618,1.8862700000000001,1.8851200000000001,1.88593,392,18,0
2026-07-17 09:30:00,1.88594,1.88631,1.88578,1.88618,345,18,0
2026-07-17 09:45:00,1.8861599999999998,1.8862700000000001,1.8857,1.88601,282,18,0
2026-07-17 10:00:00,1.88599,1.88599,1.8851499999999999,1.88516,339,18,0
2026-07-17 10:15:00,1.88518,1.88538,1.8844699999999999,1.88452,360,18,0
2026-07-17 10:30:00,1.8845,1.8849,1.8843800000000002,1.88479,297,18,0
2026-07-17 10:45:00,1.88476,1.88547,1.88462,1.88534,334,18,0
2026-07-17 11:00:00,1.88532,1.8858000000000001,1.8849200000000002,1.88547,394,18,0
2026-07-17 11:15:00,1.8855,1.8862100000000002,1.88521,1.88552,371,18,0
2026-07-17 11:30:00,1.88554,1.88593,1.88476,1.88479,400,18,0
2026-07-17 11:45:00,1.8847800000000001,1.88497,1.88434,1.88475,361,18,0
2026-07-17 12:00:00,1.8847800000000001,1.8849,1.88398,1.88442,388,18,0
2026-07-17 12:15:00,1.88443,1.88463,1.88366,1.88374,384,18,0
2026-07-17 12:30:00,1.88369,1.8841999999999999,1.8829099999999999,1.88411,475,18,0
2026-07-17 12:45:00,1.8841299999999999,1.88461,1.88353,1.88375,571,18,0
2026-07-17 13:00:00,1.8837199999999998,1.88375,1.8829099999999999,1.88324,534,18,0
2026-07-17 13:15:00,1.88321,1.8835,1.88249,1.88277,466,18,0
2026-07-17 13:30:00,1.88278,1.88475,1.88278,1.88423,694,18,0
2026-07-17 13:45:00,1.8841999999999999,1.8847399999999999,1.88362,1.88435,655,18,0
2026-07-17 14:00:00,1.88434,1.8847399999999999,1.8838,1.88396,628,18,0
2026-07-17 14:15:00,1.8839700000000001,1.88486,1.8835899999999999,1.8845399999999999,528,18,0
2026-07-17 14:30:00,1.88456,1.88513,1.8845,1.8846699999999998,513,18,0
2026-07-17 14:45:00,1.88469,1.8848,1.8835199999999999,1.88385,767,18,0
2026-07-17 15:00:00,1.88388,1.88435,1.88338,1.8834300000000002,497,18,0
2026-07-17 15:15:00,1.88344,1.88477,1.88344,1.8846699999999998,420,18,0
2026-07-17 15:30:00,1.8847,1.88498,1.88428,1.88461,465,18,0
2026-07-17 15:45:00,1.8845800000000001,1.8848799999999999,1.88401,1.88425,460,18,0
2026-07-17 16:00:00,1.8842400000000001,1.88434,1.8832499999999999,1.88384,545,18,0
2026-07-17 16:15:00,1.8838599999999999,1.8843999999999999,1.88366,1.88418,350,18,0
2026-07-17 16:30:00,1.88415,1.88475,1.88385,1.88463,295,18,0
2026-07-17 16:45:00,1.8846500000000002,1.88517,1.8846,1.88496,298,18,0
2026-07-17 17:00:00,1.8849900000000002,1.88604,1.8849900000000002,1.8855,311,18,0
2026-07-17 17:15:00,1.88548,1.88551,1.885,1.88521,285,18,0
2026-07-17 17:30:00,1.88523,1.88545,1.885,1.88503,218,18,0
2026-07-17 17:45:00,1.88502,1.88547,1.8848799999999999,1.88534,230,18,0
2026-07-17 18:00:00,1.88536,1.8854199999999999,1.88506,1.88532,216,18,0
2026-07-17 18:15:00,1.88536,1.88545,1.885,1.88503,231,18,0
2026-07-17 18:30:00,1.88507,1.88543,1.88507,1.88521,208,18,0
2026-07-17 18:45:00,1.88524,1.8852799999999998,1.8846,1.88497,249,18,0
2026-07-17 19:00:00,1.88495,1.88513,1.88482,1.8849200000000002,208,18,0
2026-07-17 19:15:00,1.88493,1.88613,1.88482,1.8849,346,18,0
2026-07-17 19:30:00,1.8848799999999999,1.88536,1.8848500000000001,1.88534,278,18,0
2026-07-17 19:45:00,1.8853,1.8855,1.8850099999999999,1.8854199999999999,247,18,0
2026-07-17 20:00:00,1.88545,1.88565,1.88518,1.8853900000000001,182,18,0
2026-07-17 20:15:00,1.88538,1.88571,1.8853499999999999,1.88538,148,18,0
2026-07-17 20:30:00,1.88541,1.88583,1.8853900000000001,1.88575,102,18,0
2026-07-17 20:45:00,1.88578,1.88619,1.8856600000000001,1.88598,188,18,0
2026-07-19 21:15:00,1.88411,1.88473,1.88247,1.88366,444,134,0
2026-07-19 21:30:00,1.88371,1.8841999999999999,1.88315,1.8841999999999999,222,127,0
2026-07-19 21:45:00,1.8837199999999998,1.88421,1.88333,1.88384,433,123,0
2026-07-19 22:00:00,1.8842400000000001,1.8850500000000001,1.88411,1.88487,183,43,0
2026-07-19 22:15:00,1.88489,1.8850799999999999,1.88456,1.88493,199,28,0
2026-07-19 22:30:00,1.88482,1.88506,1.8846699999999998,1.8847,164,28,0
2026-07-19 22:45:00,1.88471,1.88471,1.88455,1.88468,67,18,0
2026-07-19 23:00:00,1.88466,1.88476,1.88453,1.88456,111,18,0
2026-07-19 23:15:00,1.88453,1.88456,1.88435,1.88441,81,18,0
2026-07-19 23:30:00,1.88445,1.8849,1.88445,1.88475,133,18,0
2026-07-19 23:45:00,1.88473,1.88483,1.8845399999999999,1.8848099999999999,144,18,0
2026-07-20 00:00:00,1.88483,1.8848799999999999,1.88453,1.88468,202,18,0
2026-07-20 00:15:00,1.8847,1.885,1.8846699999999998,1.88491,128,18,0
2026-07-20 00:30:00,1.8849200000000002,1.8849200000000002,1.88453,1.88464,96,18,0
2026-07-20 00:45:00,1.88466,1.88484,1.88455,1.88463,122,18,0
2026-07-20 01:00:00,1.88466,1.8848099999999999,1.88428,1.8843299999999998,198,18,0
2026-07-20 01:15:00,1.88436,1.88472,1.88436,1.88452,161,18,0
2026-07-20 01:30:00,1.8845,1.88463,1.88419,1.88426,145,18,0
2026-07-20 01:45:00,1.88427,1.88448,1.88418,1.88442,130,18,0
2026-07-20 02:00:00,1.88441,1.88477,1.8843100000000002,1.8846,138,18,0
2026-07-20 02:15:00,1.88463,1.88509,1.88463,1.88509,69,18,0
2026-07-20 02:30:00,1.88507,1.8853900000000001,1.88507,1.88525,136,18,0
2026-07-20 02:45:00,1.8852799999999998,1.88545,1.88509,1.8851200000000001,90,18,0
2026-07-20 03:00:00,1.8851499999999999,1.88531,1.8851,1.88531,107,18,0
2026-07-20 03:15:00,1.88529,1.88537,1.8852,1.8852600000000002,65,18,0
2026-07-20 03:30:00,1.88523,1.88552,1.88522,1.88545,61,18,0
2026-07-20 03:45:00,1.88544,1.88557,1.88524,1.88524,93,18,0
2026-07-20 04:00:00,1.88523,1.8854899999999999,1.8852,1.88544,70,18,0
2026-07-20 04:15:00,1.88547,1.88571,1.88545,1.8856899999999999,65,18,0
2026-07-20 04:30:00,1.8857,1.88582,1.88565,1.8857599999999999,58,18,0
2026-07-20 04:45:00,1.88575,1.8858899999999998,1.88571,1.88583,56,18,0
2026-07-20 05:00:00,1.88582,1.88611,1.8857300000000001,1.8860999999999999,83,18,0
2026-07-20 05:15:00,1.88613,1.88653,1.88608,1.88643,88,18,0
2026-07-20 05:30:00,1.88646,1.88663,1.88631,1.88662,98,18,0
2026-07-20 05:45:00,1.88659,1.88672,1.88642,1.88658,113,18,0
2026-07-20 06:00:00,1.8866100000000001,1.88676,1.88547,1.8855,225,18,0
2026-07-20 06:15:00,1.88548,1.8861599999999998,1.88548,1.8857599999999999,260,18,0
2026-07-20 06:30:00,1.88579,1.8858000000000001,1.8853900000000001,1.88561,265,18,0
2026-07-20 06:45:00,1.8856000000000002,1.88568,1.88516,1.88534,273,18,0
2026-07-20 07:00:00,1.88531,1.8860700000000001,1.88523,1.88575,391,18,0
2026-07-20 07:15:00,1.88572,1.8868200000000002,1.88561,1.88679,394,18,0
2026-07-20 07:30:00,1.88678,1.8883999999999999,1.88667,1.88815,478,18,0
2026-07-20 07:45:00,1.8881299999999999,1.8885100000000001,1.88757,1.8885,382,18,0
2026-07-20 08:00:00,1.88852,1.88868,1.8881299999999999,1.88849,298,18,0
2026-07-20 08:15:00,1.88846,1.88893,1.88841,1.88861,268,18,0
2026-07-20 08:30:00,1.88863,1.88889,1.8884400000000001,1.88864,281,18,0
2026-07-20 08:45:00,1.8885999999999998,1.88917,1.88839,1.88863,281,18,0
2026-07-20 09:00:00,1.88861,1.88861,1.88748,1.88775,307,18,0
2026-07-20 09:15:00,1.88773,1.88787,1.88741,1.88773,248,18,0
2026-07-20 09:30:00,1.88771,1.8890799999999999,1.8877000000000002,1.8890500000000001,271,18,0
2026-07-20 09:45:00,1.88906,1.88949,1.88868,1.8888,385,18,0
2026-07-20 10:00:00,1.88877,1.88916,1.88821,1.8888,352,18,0
2026-07-20 10:15:00,1.88882,1.88893,1.88818,1.88837,348,18,0
2026-07-20 10:30:00,1.88835,1.8894600000000001,1.88835,1.8891200000000001,310,18,0
2026-07-20 10:45:00,1.8891,1.8894199999999999,1.8888099999999999,1.8889,311,18,0
2026-07-20 11:00:00,1.88887,1.8894,1.88879,1.8890799999999999,412,18,0
2026-07-20 11:15:00,1.8890500000000001,1.8890500000000001,1.88818,1.8881999999999999,292,18,0
2026-07-20 11:30:00,1.88818,1.89042,1.88818,1.88952,906,18,0
2026-07-20 11:45:00,1.8895,1.8896199999999999,1.8890799999999999,1.88944,413,18,0
2026-07-20 12:00:00,1.8894199999999999,1.8894600000000001,1.88787,1.88853,585,18,0
2026-07-20 12:15:00,1.8885399999999999,1.8890099999999999,1.8883100000000002,1.88857,449,18,0
2026-07-20 12:30:00,1.88862,1.89017,1.88862,1.88918,582,18,0
2026-07-20 12:45:00,1.8892,1.8898700000000002,1.8891,1.88959,430,18,0
2026-07-20 13:00:00,1.8896199999999999,1.8904800000000002,1.8892799999999998,1.8893,426,18,0
2026-07-20 13:15:00,1.88931,1.88986,1.88898,1.8896899999999999,336,18,0
2026-07-20 13:30:00,1.88971,1.88994,1.88903,1.88903,444,18,0
2026-07-20 13:45:00,1.8890500000000001,1.8894,1.88838,1.8889200000000002,427,18,0
2026-07-20 14:00:00,1.88891,1.88945,1.88829,1.88852,467,18,0
2026-07-20 14:15:00,1.88855,1.88896,1.88843,1.88873,458,18,0
2026-07-20 14:30:00,1.88871,1.88871,1.88777,1.88823,491,18,0
2026-07-20 14:45:00,1.8881999999999999,1.88909,1.8875199999999999,1.88906,606,18,0
2026-07-20 15:00:00,1.88903,1.88903,1.88653,1.88692,965,18,0
2026-07-20 15:15:00,1.88694,1.88703,1.88625,1.8867099999999999,498,18,0
2026-07-20 15:30:00,1.8867,1.8869,1.8858899999999998,1.8869,391,18,0
2026-07-20 15:45:00,1.88693,1.88699,1.8864,1.88647,379,18,0
2026-07-20 16:00:00,1.88644,1.88653,1.8858700000000002,1.88598,380,18,0
2026-07-20 16:15:00,1.88597,1.8862100000000002,1.88568,1.88612,321,18,0
2026-07-20 16:30:00,1.8861400000000001,1.88624,1.8856600000000001,1.88608,407,18,0
2026-07-20 16:45:00,1.8860700000000001,1.8864100000000001,1.88593,1.8864100000000001,302,18,0
2026-07-20 17:00:00,1.88638,1.88712,1.88633,1.88666,312,18,0
2026-07-20 17:15:00,1.88665,1.88796,1.88653,1.88785,280,18,0
2026-07-20 17:30:00,1.8878300000000001,1.88795,1.88748,1.88794,214,18,0
2026-07-20 17:45:00,1.88792,1.88818,1.8876300000000001,1.88781,315,18,0
2026-07-20 18:00:00,1.8878,1.88875,1.8878,1.8883999999999999,263,18,0
2026-07-20 18:15:00,1.88837,1.88875,1.88819,1.88873,321,18,0
2026-07-20 18:30:00,1.88875,1.88886,1.8884699999999999,1.8885,262,18,0
2026-07-20 18:45:00,1.88849,1.8888,1.8883100000000002,1.88879,277,18,0
2026-07-20 19:00:00,1.88875,1.88875,1.8883999999999999,1.88859,216,18,0
2026-07-20 19:15:00,1.88861,1.88924,1.88861,1.88914,240,18,0
2026-07-20 19:30:00,1.88918,1.8899,1.88914,1.8898000000000001,285,18,0
2026-07-20 19:45:00,1.88984,1.88992,1.88931,1.8895300000000002,272,18,0
2026-07-20 20:00:00,1.88956,1.88968,1.8891499999999999,1.8895300000000002,190,18,0
2026-07-20 20:15:00,1.88954,1.8896600000000001,1.88911,1.8892099999999998,123,18,0
2026-07-20 20:30:00,1.88917,1.88964,1.8891499999999999,1.88933,123,18,0
2026-07-20 20:45:00,1.88936,1.8896,1.8893499999999999,1.88943,62,18,0
2026-07-20 21:00:00,1.88945,1.8895300000000002,1.88945,1.8895300000000002,6,48,0
2026-07-20 21:15:00,1.88954,1.88959,1.88914,1.8894,92,48,0
2026-07-20 21:30:00,1.8894,1.8897,1.88937,1.8897,83,126,0
2026-07-20 21:45:00,1.8896899999999999,1.89035,1.88934,1.8902,131,48,0
2026-07-20 22:00:00,1.89033,1.8905699999999999,1.88998,1.8904800000000002,132,28,0
2026-07-20 22:15:00,1.8904999999999998,1.8904999999999998,1.88981,1.8900299999999999,76,28,0
2026-07-20 22:30:00,1.89005,1.89011,1.88983,1.88994,61,28,0
2026-07-20 22:45:00,1.88993,1.89005,1.88972,1.89004,106,18,0
2026-07-20 23:00:00,1.89002,1.89018,1.88994,1.89012,78,18,0
2026-07-20 23:15:00,1.8901,1.8902,1.88998,1.89019,72,18,0
2026-07-20 23:30:00,1.8902,1.89032,1.89008,1.8901,56,18,0
2026-07-20 23:45:00,1.89008,1.89013,1.88968,1.88983,101,18,0
2026-07-21 00:00:00,1.88985,1.8901400000000002,1.88963,1.89005,242,18,0
2026-07-21 00:15:00,1.89006,1.89012,1.8898000000000001,1.89012,154,18,0
2026-07-21 00:30:00,1.89011,1.89039,1.88991,1.8902999999999999,155,18,0
2026-07-21 00:45:00,1.89028,1.8904999999999998,1.8902,1.8902299999999999,197,18,0
2026-07-21 01:00:00,1.89024,1.89071,1.8900700000000001,1.89063,173,18,0
2026-07-21 01:15:00,1.89065,1.89092,1.8904100000000001,1.89062,222,18,0
2026-07-21 01:30:00,1.8906399999999999,1.8910900000000002,1.89051,1.8910900000000002,230,18,0
2026-07-21 01:45:00,1.89106,1.8910900000000002,1.89063,1.89078,187,18,0
2026-07-21 02:00:00,1.8908,1.89116,1.89076,1.8911099999999998,197,18,0
2026-07-21 02:15:00,1.89114,1.89151,1.89114,1.8912,181,18,0
2026-07-21 02:30:00,1.89121,1.8912200000000001,1.89093,1.891,165,18,0
2026-07-21 02:45:00,1.8909799999999999,1.89103,1.8907699999999998,1.8910200000000001,124,18,0
2026-07-21 03:00:00,1.89099,1.8911099999999998,1.8905699999999999,1.89092,162,18,0
2026-07-21 03:15:00,1.89089,1.8911,1.8908800000000001,1.89108,147,18,0
2026-07-21 03:30:00,1.89107,1.89164,1.89107,1.8916300000000001,112,18,0
2026-07-21 03:45:00,1.89164,1.8919000000000001,1.8916,1.8916,107,18,0
2026-07-21 04:00:00,1.8916300000000001,1.89165,1.8913600000000002,1.89141,125,18,0
2026-07-21 04:15:00,1.89142,1.8914900000000001,1.89137,1.89144,73,18,0
2026-07-21 04:30:00,1.8914499999999999,1.8914499999999999,1.89089,1.89119,141,18,0
2026-07-21 04:45:00,1.8911799999999999,1.8912900000000001,1.89099,1.89108,105,18,0
2026-07-21 05:00:00,1.89106,1.8912900000000001,1.8909799999999999,1.89112,152,18,0
2026-07-21 05:15:00,1.8911099999999998,1.89115,1.8909500000000001,1.891,107,18,0
2026-07-21 05:30:00,1.89101,1.89146,1.8909799999999999,1.8914499999999999,196,18,0
2026-07-21 05:45:00,1.89143,1.89147,1.89106,1.89137,202,18,0
2026-07-21 06:00:00,1.89134,1.89272,1.89121,1.89272,286,18,0
2026-07-21 06:15:00,1.89269,1.89297,1.89193,1.89193,324,18,0
2026-07-21 06:30:00,1.89191,1.89253,1.89161,1.89243,292,18,0
2026-07-21 06:45:00,1.89241,1.89243,1.89093,1.89108,311,18,0
2026-07-21 07:00:00,1.89112,1.8917199999999998,1.89071,1.8910200000000001,432,18,0
2026-07-21 07:15:00,1.89106,1.89112,1.89026,1.89053,427,18,0
2026-07-21 07:30:00,1.89052,1.89052,1.8896899999999999,1.88998,446,18,0
2026-07-21 07:45:00,1.88997,1.8903699999999999,1.8899,1.89026,392,18,0
2026-07-21 08:00:00,1.8902999999999999,1.89116,1.8901599999999998,1.89113,404,18,0
2026-07-21 08:15:00,1.8911099999999998,1.8914900000000001,1.89006,1.89006,423,18,0
2026-07-21 08:30:00,1.8900299999999999,1.8900299999999999,1.88898,1.8894,468,18,0
2026-07-21 08:45:00,1.88938,1.8895300000000002,1.88876,1.88883,261,18,0
2026-07-21 09:00:00,1.8888500000000001,1.8889399999999998,1.88815,1.88832,287,18,0
2026-07-21 09:15:00,1.8883100000000002,1.8885,1.8880400000000002,1.8880400000000002,316,18,0
2026-07-21 09:30:00,1.8880599999999998,1.88852,1.88739,1.88739,315,18,0
2026-07-21 09:45:00,1.88741,1.88803,1.88712,1.88735,268,18,0
2026-07-21 10:00:00,1.88737,1.88836,1.8869799999999999,1.8881700000000001,392,18,0
2026-07-21 10:15:00,1.8881999999999999,1.8881999999999999,1.8872900000000001,1.88753,336,18,0
2026-07-21 10:30:00,1.88755,1.8877199999999998,1.8869799999999999,1.88713,236,18,0
2026-07-21 10:45:00,1.88715,1.8872200000000001,1.88599,1.8863400000000001,386,18,0
2026-07-21 11:00:00,1.88633,1.88678,1.88529,1.88536,495,18,0
2026-07-21 11:15:00,1.8853499999999999,1.8860700000000001,1.88484,1.8859,389,18,0
2026-07-21 11:30:00,1.88586,1.8867699999999998,1.8854,1.8862299999999999,348,18,0
2026-07-21 11:45:00,1.88622,1.88665,1.8852799999999998,1.88544,316,18,0
2026-07-21 12:00:00,1.8854,1.88615,1.88529,1.88585,526,18,0
2026-07-21 12:15:00,1.88584,1.8863400000000001,1.88387,1.88399,673,18,0
2026-07-21 12:30:00,1.884,1.8848099999999999,1.88398,1.88448,668,18,0
2026-07-21 12:45:00,1.88446,1.88484,1.88374,1.88445,596,18,0
2026-07-21 13:00:00,1.88442,1.88536,1.8839700000000001,1.88536,528,18,0
2026-07-21 13:15:00,1.88537,1.88602,1.8845399999999999,1.88463,629,18,0
2026-07-21 13:30:00,1.88466,1.88469,1.88136,1.88205,959,18,0
2026-07-21 13:45:00,1.88202,1.8851,1.88184,1.88509,811,18,0
2026-07-21 14:00:00,1.88511,1.88628,1.88434,1.88625,737,18,0
2026-07-21 14:15:00,1.8862700000000001,1.88683,1.8859599999999999,1.8863400000000001,608,18,0
2026-07-21 14:30:00,1.88636,1.88678,1.8850099999999999,1.88522,641,18,0
2026-07-21 14:45:00,1.88521,1.88538,1.88376,1.88408,742,18,0
2026-07-21 15:00:00,1.8841,1.88529,1.88373,1.88523,528,18,0
2026-07-21 15:15:00,1.8852600000000002,1.88592,1.88523,1.88544,465,18,0
2026-07-21 15:30:00,1.88541,1.88551,1.8849200000000002,1.88534,439,18,0
2026-07-21 15:45:00,1.88538,1.8857,1.88498,1.88516,306,18,0
2026-07-21 16:00:00,1.88518,1.88577,1.88517,1.8852799999999998,312,18,0
2026-07-21 16:15:00,1.8852600000000002,1.88561,1.8849399999999998,1.88548,230,18,0
2026-07-21 16:30:00,1.88552,1.8868399999999999,1.8854899999999999,1.88674,256,18,0
2026-07-21 16:45:00,1.88676,1.88678,1.88636,1.88651,253,18,0
2026-07-21 17:00:00,1.88653,1.8869500000000001,1.88644,1.88693,276,18,0
2026-07-21 17:15:00,1.88697,1.8872200000000001,1.88689,1.8871799999999999,180,18,0
2026-07-21 17:30:00,1.88719,1.8877899999999999,1.88713,1.8876300000000001,174,18,0
2026-07-21 17:45:00,1.8876,1.88795,1.88734,1.88735,202,18,0
2026-07-21 18:00:00,1.8873199999999999,1.8875,1.88689,1.88704,314,18,0
2026-07-21 18:15:00,1.88701,1.8874300000000002,1.88683,1.8872499999999999,208,18,0
2026-07-21 18:30:00,1.8872200000000001,1.8876300000000001,1.88704,1.88753,212,18,0
2026-07-21 18:45:00,1.88751,1.88761,1.88727,1.8875600000000001,222,18,0
2026-07-21 19:00:00,1.8875199999999999,1.8877199999999998,1.88742,1.8877000000000002,215,18,0
2026-07-21 19:15:00,1.88773,1.88802,1.8876,1.88768,185,18,0
2026-07-21 19:30:00,1.88771,1.88796,1.8877000000000002,1.8878599999999999,160,18,0
2026-07-21 19:45:00,1.88785,1.88815,1.88717,1.8872499999999999,207,18,0
2026-07-21 20:00:00,1.88724,1.88728,1.88692,1.887,144,18,0
2026-07-21 20:15:00,1.88699,1.8871799999999999,1.8869099999999999,1.88701,79,18,0
2026-07-21 20:30:00,1.88704,1.88713,1.88694,1.88701,61,18,0
2026-07-21 20:45:00,1.887,1.88705,1.88674,1.88686,127,18,0
2026-07-21 21:00:00,1.88687,1.8869099999999999,1.88687,1.8869099999999999,3,48,0
2026-07-21 21:15:00,1.88692,1.88692,1.88673,1.8869,55,48,0
2026-07-21 21:30:00,1.8869099999999999,1.88712,1.8868,1.8870900000000002,99,56,0
2026-07-21 21:45:00,1.8871099999999998,1.88735,1.88687,1.88734,142,48,0
2026-07-21 22:00:00,1.88737,1.88737,1.88652,1.88683,96,28,0
2026-07-21 22:15:00,1.8868800000000001,1.8870200000000001,1.8868,1.88696,35,18,0
2026-07-21 22:30:00,1.8869500000000001,1.8870200000000001,1.8868800000000001,1.88701,50,18,0
2026-07-21 22:45:00,1.88705,1.88717,1.88686,1.8869099999999999,60,18,0
2026-07-21 23:00:00,1.88693,1.8870900000000002,1.8868399999999999,1.8870200000000001,73,18,0
2026-07-21 23:15:00,1.88704,1.8871099999999998,1.88697,1.88699,72,18,0
2026-07-21 23:30:00,1.88697,1.88704,1.88672,1.88687,65,18,0
2026-07-21 23:45:00,1.88685,1.8870900000000002,1.88683,1.8869799999999999,100,18,0
2026-07-22 00:00:00,1.887,1.88741,1.887,1.88724,238,18,0
2026-07-22 00:15:00,1.88726,1.88757,1.88713,1.88757,198,18,0
2026-07-22 00:30:00,1.88758,1.88766,1.8874,1.88748,168,18,0
2026-07-22 00:45:00,1.8875199999999999,1.88796,1.8874900000000001,1.88784,189,18,0
2026-07-22 01:00:00,1.88781,1.88788,1.88728,1.8873600000000001,232,18,0
2026-07-22 01:15:00,1.88737,1.88762,1.88734,1.8874300000000002,163,18,0
2026-07-22 01:30:00,1.88741,1.88741,1.8870900000000002,1.88737,189,18,0
2026-07-22 01:45:00,1.8873600000000001,1.8875899999999999,1.8873,1.88741,149,18,0
2026-07-22 02:00:00,1.88742,1.8877000000000002,1.88723,1.8877000000000002,161,18,0
2026-07-22 02:15:00,1.88771,1.88812,1.88768,1.88803,154,18,0
2026-07-22 02:30:00,1.88802,1.88814,1.8879000000000001,1.88811,150,18,0
2026-07-22 02:45:00,1.88809,1.88811,1.88778,1.88782,137,18,0
2026-07-22 03:00:00,1.8877899999999999,1.88784,1.8874300000000002,1.8874900000000001,141,18,0
2026-07-22 03:15:00,1.88751,1.8879899999999998,1.88751,1.88796,123,18,0
2026-07-22 03:30:00,1.88795,1.8879700000000001,1.8877000000000002,1.88778,117,18,0
2026-07-22 03:45:00,1.88782,1.88782,1.88751,1.8875199999999999,114,18,0
2026-07-22 04:00:00,1.88753,1.8877000000000002,1.88747,1.88764,98,18,0
2026-07-22 04:15:00,1.88767,1.8877199999999998,1.88755,1.88766,89,18,0
2026-07-22 04:30:00,1.8876300000000001,1.88775,1.8875600000000001,1.8877199999999998,80,18,0
2026-07-22 04:45:00,1.88771,1.88778,1.88753,1.88764,70,18,0
2026-07-22 05:00:00,1.88766,1.88787,1.88762,1.88776,126,18,0
2026-07-22 05:15:00,1.88775,1.8878,1.88761,1.88767,133,18,0
2026-07-22 05:30:00,1.88764,1.88766,1.88728,1.88734,158,18,0
2026-07-22 05:45:00,1.8873600000000001,1.88753,1.8869500000000001,1.88703,231,18,0
2026-07-22 06:00:00,1.88706,1.88789,1.88672,1.8872499999999999,418,18,0
2026-07-22 06:15:00,1.88726,1.88726,1.88547,1.88557,386,18,0
2026-07-22 06:30:00,1.8856000000000002,1.88591,1.88516,1.88545,300,18,0
2026-07-22 06:45:00,1.88548,1.88628,1.88545,1.8861400000000001,292,18,0
2026-07-22 07:00:00,1.8861599999999998,1.88626,1.8855300000000002,1.8856000000000002,415,18,0
2026-07-22 07:15:00,1.88558,1.88612,1.88533,1.8854199999999999,382,18,0
2026-07-22 07:30:00,1.88541,1.8864,1.88463,1.8851900000000001,610,18,0
2026-07-22 07:45:00,1.88517,1.88557,1.88477,1.8854,425,18,0
2026-07-22 08:00:00,1.8854199999999999,1.8857,1.8849,1.8849,453,18,0
2026-07-22 08:15:00,1.8848799999999999,1.88565,1.8848,1.88524,285,18,0
2026-07-22 08:30:00,1.8852600000000002,1.88586,1.8849200000000002,1.88544,348,18,0
2026-07-22 08:45:00,1.88545,1.88547,1.88442,1.88475,330,18,0
2026-07-22 09:00:00,1.88472,1.88477,1.8839700000000001,1.8839700000000001,351,18,0
2026-07-22 09:15:00,1.88394,1.88453,1.88374,1.88435,343,18,0
2026-07-22 09:30:00,1.88432,1.88486,1.88418,1.8847,293,18,0
2026-07-22 09:45:00,1.8847399999999999,1.88503,1.88409,1.88435,347,18,0
2026-07-22 10:00:00,1.88437,1.8854600000000001,1.8843299999999998,1.88532,341,18,0
2026-07-22 10:15:00,1.8853499999999999,1.8857599999999999,1.8852,1.88545,369,18,0
2026-07-22 10:30:00,1.88544,1.88548,1.8845,1.8845100000000001,299,18,0
2026-07-22 10:45:00,1.88453,1.88558,1.88432,1.88502,364,18,0
2026-07-22 11:00:00,1.8849900000000002,1.88544,1.8846500000000002,1.8846500000000002,438,18,0
2026-07-22 11:15:00,1.88469,1.8848099999999999,1.88365,1.88377,363,18,0
2026-07-22 11:30:00,1.88375,1.8840599999999998,1.8830900000000002,1.88364,460,18,0
2026-07-22 11:45:00,1.88366,1.8841999999999999,1.88324,1.88334,417,18,0
2026-07-22 12:00:00,1.88333,1.88347,1.88266,1.88293,431,18,0
2026-07-22 12:15:00,1.8829,1.88299,1.88212,1.8829500000000001,402,18,0
2026-07-22 12:30:00,1.8829799999999999,1.88313,1.88215,1.88266,377,18,0
2026-07-22 12:45:00,1.8826399999999999,1.88266,1.88166,1.88236,522,18,0
2026-07-22 13:00:00,1.8823400000000001,1.8830900000000002,1.88233,1.8828200000000002,396,18,0
2026-07-22 13:15:00,1.8828,1.88445,1.88269,1.88409,466,18,0
2026-07-22 13:30:00,1.88412,1.8854,1.88394,1.88472,616,18,0
2026-07-22 13:45:00,1.8847399999999999,1.8862299999999999,1.88466,1.88605,578,18,0
2026-07-22 14:00:00,1.88608,1.8861599999999998,1.88509,1.8856000000000002,521,18,0
2026-07-22 14:15:00,1.88558,1.8856000000000002,1.88434,1.88442,451,18,0
2026-07-22 14:30:00,1.8844400000000001,1.88511,1.88423,1.88439,439,18,0
2026-07-22 14:45:00,1.88435,1.88446,1.88321,1.8835199999999999,622,18,0
2026-07-22 15:00:00,1.88351,1.884,1.88348,1.8837199999999998,402,18,0
2026-07-22 15:15:00,1.88376,1.88427,1.8835199999999999,1.88415,321,18,0
2026-07-22 15:30:00,1.8841299999999999,1.88425,1.88337,1.88381,396,18,0
2026-07-22 15:45:00,1.88382,1.8843800000000002,1.88364,1.88392,342,18,0
2026-07-22 16:00:00,1.88388,1.88391,1.88335,1.88349,290,18,0
2026-07-22 16:15:00,1.88347,1.88389,1.8833,1.88384,281,18,0
2026-07-22 16:30:00,1.88387,1.8841700000000001,1.88367,1.8840599999999998,248,18,0
2026-07-22 16:45:00,1.88408,1.88464,1.88399,1.88456,247,18,0
2026-07-22 17:00:00,1.88453,1.88456,1.88391,1.8839299999999999,246,18,0
2026-07-22 17:15:00,1.88391,1.88425,1.88388,1.88419,198,18,0
2026-07-22 17:30:00,1.88416,1.88439,1.88395,1.88434,164,18,0
2026-07-22 17:45:00,1.8843299999999998,1.88446,1.8840400000000002,1.88421,170,18,0
2026-07-22 18:00:00,1.88422,1.88436,1.88375,1.88392,189,18,0
2026-07-22 18:15:00,1.88394,1.8840400000000002,1.8838599999999999,1.88396,171,18,0
2026-07-22 18:30:00,1.8839700000000001,1.88399,1.88358,1.88369,201,18,0
2026-07-22 18:45:00,1.8837000000000002,1.88409,1.88358,1.8836,199,18,0
2026-07-22 19:00:00,1.88358,1.88375,1.8834499999999998,1.88353,133,18,0
2026-07-22 19:15:00,1.8835199999999999,1.88366,1.88346,1.8835899999999999,105,18,0
2026-07-22 19:30:00,1.88362,1.8837000000000002,1.8835,1.8835,127,18,0
2026-07-22 19:45:00,1.88348,1.88355,1.88334,1.88344,162,18,0
2026-07-22 20:00:00,1.88342,1.8838300000000001,1.88338,1.8834499999999998,160,18,0
2026-07-22 20:15:00,1.88346,1.88369,1.88328,1.8835600000000001,90,18,0
2026-07-22 20:30:00,1.88353,1.88384,1.88334,1.8838300000000001,83,18,0
2026-07-22 20:45:00,1.88384,1.88411,1.88378,1.8839299999999999,100,18,0
2026-07-22 21:00:00,1.88394,1.88394,1.8839000000000001,1.8839000000000001,4,48,0
2026-07-22 21:15:00,1.88392,1.8839299999999999,1.88324,1.88324,126,48,0
2026-07-22 21:30:00,1.88326,1.8835899999999999,1.8832200000000001,1.88353,143,57,0
2026-07-22 21:45:00,1.88354,1.88365,1.8834499999999998,1.8834499999999998,118,48,0
2026-07-22 22:00:00,1.88347,1.88369,1.88314,1.88319,85,18,0
2026-07-22 22:15:00,1.8831799999999999,1.8833,1.88304,1.88319,51,18,0
2026-07-22 22:30:00,1.8832,1.88333,1.88314,1.88319,74,18,0
2026-07-22 22:45:00,1.8832,1.88338,1.8831799999999999,1.88331,58,18,0
2026-07-22 23:00:00,1.8833,1.88354,1.8833,1.88353,61,18,0
2026-07-22 23:15:00,1.8835199999999999,1.88353,1.88341,1.8835199999999999,57,18,0
2026-07-22 23:30:00,1.8835,1.88373,1.88339,1.88357,71,18,0
2026-07-22 23:45:00,1.8835600000000001,1.8838,1.88351,1.88371,98,18,0
2026-07-23 00:00:00,1.88367,1.88391,1.8835199999999999,1.88364,172,18,0
2026-07-23 00:15:00,1.88361,1.88374,1.8835199999999999,1.8835899999999999,120,18,0
2026-07-23 00:30:00,1.88361,1.8836300000000001,1.88347,1.8835899999999999,86,18,0
2026-07-23 00:45:00,1.88355,1.8840400000000002,1.8833600000000001,1.88374,200,18,0
2026-07-23 01:00:00,1.88377,1.8837899999999999,1.88323,1.8832900000000001,296,18,0
2026-07-23 01:15:00,1.88328,1.8835600000000001,1.88315,1.8834300000000002,175,18,0
2026-07-23 01:30:00,1.88347,1.88355,1.8831,1.8832200000000001,343,18,0
2026-07-23 01:45:00,1.88321,1.8832499999999999,1.88299,1.88308,216,18,0
2026-07-23 02:00:00,1.8831,1.88355,1.8831,1.88333,158,18,0
2026-07-23 02:15:00,1.88331,1.88342,1.88312,1.8831799999999999,170,18,0
2026-07-23 02:30:00,1.88317,1.88344,1.88299,1.8832,193,18,0
2026-07-23 02:45:00,1.88319,1.8832499999999999,1.88285,1.88297,175,18,0
2026-07-23 03:00:00,1.883,1.88328,1.8827,1.88279,181,18,0
2026-07-23 03:15:00,1.8828,1.88294,1.8826800000000001,1.8829,130,18,0
2026-07-23 03:30:00,1.88286,1.88289,1.8827,1.88278,107,18,0
2026-07-23 03:45:00,1.88276,1.88287,1.8827099999999999,1.88273,133,18,0
2026-07-23 04:00:00,1.88272,1.88303,1.88259,1.88287,154,18,0
2026-07-23 04:15:00,1.88289,1.88297,1.88245,1.88265,122,18,0
2026-07-23 04:30:00,1.88267,1.88277,1.88252,1.88255,116,18,0
2026-07-23 04:45:00,1.88253,1.8826399999999999,1.8822999999999999,1.88253,121,18,0
2026-07-23 05:00:00,1.8824999999999998,1.88256,1.88235,1.8823699999999999,124,18,0
2026-07-23 05:15:00,1.88233,1.8827500000000001,1.8822299999999998,1.88273,155,18,0
2026-07-23 05:30:00,1.88274,1.88297,1.88259,1.88267,162,18,0
2026-07-23 05:45:00,1.88266,1.8827099999999999,1.88232,1.88232,143,18,0
2026-07-23 06:00:00,1.8822999999999999,1.8824100000000001,1.8818899999999998,1.88212,304,18,0
2026-07-23 06:15:00,1.8821400000000001,1.88235,1.88194,1.88228,268,18,0
2026-07-23 06:30:00,1.88227,1.88227,1.88116,1.8815300000000001,257,18,0
2026-07-23 06:45:00,1.8815,1.88151,1.8811,1.88134,267,18,0
2026-07-23 07:00:00,1.88137,1.8814,1.8798300000000001,1.88029,435,18,0
2026-07-23 07:15:00,1.8803,1.88138,1.88003,1.8812799999999998,394,18,0
2026-07-23 07:30:00,1.88125,1.88152,1.881,1.88111,345,18,0
2026-07-23 07:45:00,1.8811,1.88144,1.8809200000000001,1.8813,443,18,0
2026-07-23 08:00:00,1.88133,1.88204,1.88087,1.8817599999999999,359,18,0
2026-07-23 08:15:00,1.88178,1.88181,1.8809,1.881,337,18,0
2026-07-23 08:30:00,1.8809900000000002,1.88129,1.88055,1.8808,357,18,0
2026-07-23 08:45:00,1.88077,1.8816199999999998,1.88077,1.88143,313,18,0
2026-07-23 09:00:00,1.8814600000000001,1.8820000000000001,1.8813499999999999,1.88186,354,18,0
2026-07-23 09:15:00,1.8818700000000002,1.88231,1.88184,1.88206,240,18,0
2026-07-23 09:30:00,1.8820700000000001,1.88308,1.88181,1.8829799999999999,346,18,0
2026-07-23 09:45:00,1.88296,1.88299,1.88243,1.8826399999999999,302,18,0
2026-07-23 10:00:00,1.88265,1.88294,1.88239,1.8826399999999999,358,18,0
2026-07-23 10:15:00,1.88265,1.88283,1.88233,1.88273,285,18,0
2026-07-23 10:30:00,1.8827099999999999,1.8829,1.8821400000000001,1.88232,294,18,0
2026-07-23 10:45:00,1.88231,1.88269,1.88182,1.88238,404,18,0
2026-07-23 11:00:00,1.88242,1.88245,1.88151,1.88163,372,18,0
2026-07-23 11:15:00,1.8816199999999998,1.88174,1.87999,1.88023,408,18,0
2026-07-23 11:30:00,1.88022,1.88045,1.87935,1.8797199999999998,562,18,0
2026-07-23 11:45:00,1.87968,1.8803100000000001,1.87958,1.8800599999999998,521,18,0
2026-07-23 12:00:00,1.8800400000000002,1.88007,1.87869,1.87876,526,18,0
2026-07-23 12:15:00,1.87879,1.87913,1.87822,1.879,610,18,0
2026-07-23 12:30:00,1.87913,1.87947,1.8784999999999998,1.87893,585,18,0
2026-07-23 12:45:00,1.8789500000000001,1.8791099999999998,1.87851,1.87872,571,18,0
2026-07-23 13:00:00,1.87869,1.87869,1.87661,1.87682,830,18,0
2026-07-23 13:15:00,1.87679,1.8776199999999998,1.8764699999999999,1.87752,591,18,0
2026-07-23 13:30:00,1.8775,1.8780000000000001,1.8766500000000002,1.87695,807,18,0
2026-07-23 13:45:00,1.87697,1.87729,1.8760400000000002,1.87622,611,18,0
2026-07-23 14:00:00,1.87625,1.87687,1.87541,1.87684,718,18,0
2026-07-23 14:15:00,1.87687,1.87734,1.87621,1.87716,697,18,0
2026-07-23 14:30:00,1.8771499999999999,1.8773499999999999,1.8761,1.8761,574,18,0
2026-07-23 14:45:00,1.8761299999999999,1.87634,1.87523,1.8759299999999999,605,18,0
2026-07-23 15:00:00,1.87596,1.8768099999999999,1.87596,1.8761700000000001,576,18,0
2026-07-23 15:15:00,1.87619,1.87621,1.87474,1.87499,667,18,0
2026-07-23 15:30:00,1.87496,1.8755,1.87459,1.8747,769,18,0
2026-07-23 15:45:00,1.8747099999999999,1.8750900000000001,1.8744,1.87487,459,18,0
2026-07-23 16:00:00,1.8749,1.87575,1.8749,1.87564,409,18,0
2026-07-23 16:15:00,1.87567,1.8761299999999999,1.87519,1.87594,398,18,0
2026-07-23 16:30:00,1.8759700000000001,1.8761,1.87527,1.87608,390,18,0
2026-07-23 16:45:00,1.8760599999999998,1.87623,1.87526,1.87528,352,18,0
2026-07-23 17:00:00,1.87527,1.87531,1.87483,1.8749500000000001,373,18,0
2026-07-23 17:15:00,1.87496,1.87519,1.87478,1.87493,320,18,0
2026-07-23 17:30:00,1.8749099999999999,1.87506,1.87458,1.87465,308,18,0
2026-07-23 17:45:00,1.87466,1.87496,1.87422,1.87435,336,18,0
2026-07-23 18:00:00,1.87439,1.87461,1.8742100000000002,1.87443,242,18,0
2026-07-23 18:15:00,1.8744399999999999,1.8748399999999998,1.87439,1.87483,232,18,0
2026-07-23 18:30:00,1.8748200000000002,1.87493,1.87412,1.8742,261,18,0
2026-07-23 18:45:00,1.87422,1.8743400000000001,1.87399,1.8740999999999999,243,18,0
2026-07-23 19:00:00,1.87413,1.87445,1.87393,1.87393,203,18,0
2026-07-23 19:15:00,1.8738899999999998,1.87472,1.8738000000000001,1.87467,253,18,0
2026-07-23 19:30:00,1.8746399999999999,1.87506,1.8745500000000002,1.8747,268,18,0
2026-07-23 19:45:00,1.87473,1.8753600000000001,1.87463,1.8752,212,18,0
2026-07-23 20:00:00,1.87517,1.8755,1.87517,1.8754300000000002,152,18,0
2026-07-23 20:15:00,1.8754,1.87582,1.87539,1.87561,104,18,0
2026-07-23 20:30:00,1.8756300000000001,1.87576,1.8753600000000001,1.87539,109,18,0
2026-07-23 20:45:00,1.8754,1.8754300000000002,1.87476,1.87477,77,18,0
2026-07-23 21:00:00,1.8748,1.87489,1.8748,1.87489,8,48,0
2026-07-23 21:15:00,1.87487,1.87488,1.87481,1.8748200000000002,33,53,0
2026-07-23 21:30:00,1.8748,1.87497,1.8745699999999998,1.87481,141,48,0
2026-07-23 21:45:00,1.8748399999999998,1.8750900000000001,1.87481,1.8750900000000001,78,48,0
2026-07-23 22:00:00,1.87513,1.87514,1.8747099999999999,1.87485,89,28,0
2026-07-23 22:15:00,1.87483,1.87503,1.87477,1.87481,44,18,0
2026-07-23 22:30:00,1.87487,1.87512,1.87479,1.87512,51,18,0
2026-07-23 22:45:00,1.8751,1.87517,1.8749500000000001,1.8751,79,18,0
2026-07-23 23:00:00,1.87513,1.87522,1.87501,1.87501,68,18,0
2026-07-23 23:15:00,1.8750200000000001,1.8751,1.8749799999999999,1.8751,35,18,0
2026-07-23 23:30:00,1.87508,1.8751600000000002,1.8748,1.87487,61,18,0
2026-07-23 23:45:00,1.87488,1.87522,1.87487,1.8749,131,18,0
2026-07-24 00:00:00,1.87488,1.8750499999999999,1.87422,1.87428,324,18,0
2026-07-24 00:15:00,1.87432,1.87438,1.8742299999999998,1.87432,208,18,0
2026-07-24 00:30:00,1.87433,1.87436,1.87397,1.87417,150,18,0
2026-07-24 00:45:00,1.87418,1.87477,1.8741400000000001,1.8747,227,18,0
2026-07-24 01:00:00,1.87467,1.8748,1.87442,1.87454,356,18,0
2026-07-24 01:15:00,1.8745500000000002,1.87467,1.8744100000000001,1.87443,243,18,0
2026-07-24 01:30:00,1.87439,1.87473,1.8742999999999999,1.8746800000000001,250,18,0
2026-07-24 01:45:00,1.87467,1.8747099999999999,1.87438,1.8744100000000001,181,18,0
2026-07-24 02:00:00,1.87443,1.87459,1.8743400000000001,1.87451,175,18,0
2026-07-24 02:15:00,1.8745,1.87452,1.8742100000000002,1.87442,145,18,0
2026-07-24 02:30:00,1.8744100000000001,1.87467,1.8744100000000001,1.8744800000000001,118,18,0
2026-07-24 02:45:00,1.87445,1.8745,1.87417,1.8743400000000001,182,18,0
2026-07-24 03:00:00,1.87435,1.87435,1.87399,1.874,136,18,0
2026-07-24 03:15:00,1.87401,1.8741400000000001,1.8739599999999998,1.87397,132,18,0
2026-07-24 03:30:00,1.87399,1.8742100000000002,1.8739400000000002,1.8741400000000001,134,18,0
2026-07-24 03:45:00,1.87411,1.87429,1.8740299999999999,1.87413,108,18,0
2026-07-24 04:00:00,1.87415,1.8742100000000002,1.87401,1.87412,95,18,0
2026-07-24 04:15:00,1.87411,1.87428,1.87408,1.87419,106,18,0
2026-07-24 04:30:00,1.8742,1.87428,1.87402,1.87413,93,18,0
2026-07-24 04:45:00,1.87409,1.8742299999999998,1.87391,1.87422,132,18,0
2026-07-24 05:00:00,1.87425,1.87429,1.87413,1.8742299999999998,169,18,0
2026-07-24 05:15:00,1.87422,1.87438,1.87412,1.8743400000000001,120,18,0
2026-07-24 05:30:00,1.87436,1.87462,1.87425,1.87462,211,18,0
2026-07-24 05:45:00,1.8746,1.8747099999999999,1.8742100000000002,1.8742100000000002,176,18,0
2026-07-24 06:00:00,1.87436,1.8748399999999998,1.87406,1.87451,300,18,0
2026-07-24 06:15:00,1.87453,1.8753600000000001,1.87443,1.8749799999999999,283,18,0
2026-07-24 06:30:00,1.87497,1.8753,1.87472,1.8748200000000002,308,18,0
2026-07-24 06:45:00,1.87486,1.87551,1.87481,1.87549,336,18,0
2026-07-24 07:00:00,1.87547,1.87668,1.87517,1.87659,439,18,0
2026-07-24 07:15:00,1.87663,1.87677,1.87596,1.8766699999999998,345,18,0
2026-07-24 07:30:00,1.87664,1.87711,1.8761100000000002,1.87616,448,18,0
2026-07-24 07:45:00,1.87619,1.87705,1.87603,1.87698,313,18,0
2026-07-24 08:00:00,1.877,1.8771200000000001,1.87642,1.87693,347,18,0
2026-07-24 08:15:00,1.87697,1.87705,1.87582,1.87652,352,18,0
2026-07-24 08:30:00,1.87657,1.87698,1.87588,1.876,364,18,0
2026-07-24 08:45:00,1.87602,1.87602,1.87528,1.87534,383,18,0
2026-07-24 09:00:00,1.87535,1.87557,1.87476,1.87478,389,18,0
2026-07-24 09:15:00,1.87479,1.87492,1.87443,1.87489,304,18,0
2026-07-24 09:30:00,1.87487,1.87609,1.87472,1.87591,302,18,0
2026-07-24 09:45:00,1.87594,1.876,1.8750200000000001,1.87521,336,18,0
2026-07-24 10:00:00,1.87519,1.8752,1.87449,1.87463,353,18,0
2026-07-24 10:15:00,1.87461,1.87574,1.8745699999999998,1.87546,362,18,0
2026-07-24 10:30:00,1.87549,1.87581,1.87523,1.87541,243,18,0
2026-07-24 10:45:00,1.87537,1.87582,1.87497,1.8754499999999998,363,18,0
2026-07-24 11:00:00,1.87542,1.87649,1.87522,1.87641,322,18,0
2026-07-24 11:15:00,1.8763999999999998,1.8769,1.8761700000000001,1.8766699999999998,250,18,0
2026-07-24 11:30:00,1.87664,1.87703,1.8761700000000001,1.8763,287,18,0
2026-07-24 11:45:00,1.87628,1.8770099999999998,1.87567,1.8768,461,18,0
2026-07-24 12:00:00,1.87683,1.87707,1.8763100000000001,1.87675,469,18,0
2026-07-24 12:15:00,1.87671,1.8771,1.87573,1.87621,357,18,0
2026-07-24 12:30:00,1.87622,1.8770099999999998,1.87605,1.87696,451,18,0
2026-07-24 12:45:00,1.87693,1.87741,1.87676,1.87741,446,18,0
2026-07-24 13:00:00,1.87744,1.8785500000000002,1.87736,1.87836,545,18,0
2026-07-24 13:15:00,1.87838,1.87845,1.87744,1.8779,483,18,0
2026-07-24 13:30:00,1.8778700000000002,1.87843,1.87729,1.87763,608,18,0
2026-07-24 13:45:00,1.87751,1.87866,1.87748,1.87846,509,18,0
2026-07-24 14:00:00,1.8784800000000001,1.8785699999999999,1.8776000000000002,1.87791,538,18,0
2026-07-24 14:15:00,1.8779400000000002,1.8782100000000002,1.8774899999999999,1.87778,564,18,0
2026-07-24 14:30:00,1.87779,1.87779,1.8768799999999999,1.8772199999999999,479,18,0
2026-07-24 14:45:00,1.87723,1.87734,1.87644,1.87645,705,18,0
2026-07-24 15:00:00,1.87648,1.8783699999999999,1.87618,1.87816,667,18,0
2026-07-24 15:15:00,1.8781400000000001,1.87886,1.8780700000000001,1.87885,577,18,0
2026-07-24 15:30:00,1.87888,1.87899,1.8782,1.8788,458,18,0
2026-07-24 15:45:00,1.87878,1.87893,1.87827,1.8783400000000001,356,18,0
2026-07-24 16:00:00,1.87838,1.87872,1.87824,1.87851,294,18,0
2026-07-24 16:15:00,1.87849,1.8788399999999998,1.8779,1.87793,319,18,0
2026-07-24 16:30:00,1.87795,1.87846,1.8779,1.87831,335,18,0
2026-07-24 16:45:00,1.87827,1.87827,1.8777599999999999,1.8777599999999999,292,18,0
2026-07-24 17:00:00,1.87778,1.87804,1.87747,1.87772,350,18,0
2026-07-24 17:15:00,1.8777,1.87811,1.8774,1.8780700000000001,233,18,0
2026-07-24 17:30:00,1.87806,1.87813,1.8776000000000002,1.87801,239,18,0
2026-07-24 17:45:00,1.87798,1.8785500000000002,1.87791,1.87831,218,18,0
2026-07-24 18:00:00,1.87828,1.87872,1.87825,1.87872,199,18,0
2026-07-24 18:15:00,1.87869,1.87883,1.87845,1.87845,179,18,0
2026-07-24 18:30:00,1.87843,1.87853,1.8782299999999998,1.8783699999999999,226,18,0
2026-07-24 18:45:00,1.87835,1.87854,1.8782299999999998,1.87824,191,18,0
2026-07-24 19:00:00,1.87827,1.8787099999999999,1.87827,1.87829,222,18,0
2026-07-24 19:15:00,1.87826,1.87847,1.87805,1.87815,188,18,0
2026-07-24 19:30:00,1.87817,1.87863,1.8780299999999999,1.87827,275,18,0
2026-07-24 19:45:00,1.87829,1.87854,1.87799,1.87828,234,18,0
2026-07-24 20:00:00,1.87826,1.8787500000000001,1.87826,1.8782999999999999,147,18,0
2026-07-24 20:15:00,1.87828,1.87849,1.87816,1.87816,82,18,0
2026-07-24 20:30:00,1.87817,1.87826,1.87732,1.87754,105,18,0
2026-07-24 20:45:00,1.8775300000000001,1.87765,1.87709,1.8776000000000002,182,18,0
2026-07-26 21:15:00,1.87781,1.87781,1.8768099999999999,1.87754,14,136,0
2026-07-26 21:30:00,1.87732,1.87802,1.8772,1.87755,113,131,0
2026-07-26 21:45:00,1.87757,1.87819,1.8772199999999999,1.87813,148,95,0
2026-07-26 22:00:00,1.87835,1.88046,1.87835,1.87989,236,28,0
2026-07-26 22:15:00,1.87985,1.88029,1.8798,1.88014,194,28,0
2026-07-26 22:30:00,1.88009,1.88026,1.8799299999999999,1.88008,121,18,0
2026-07-26 22:45:00,1.88007,1.8801999999999999,1.87984,1.87988,137,18,0
2026-07-26 23:00:00,1.87991,1.87998,1.8796300000000001,1.87978,145,18,0
2026-07-26 23:15:00,1.8797700000000002,1.87991,1.87973,1.8799000000000001,89,18,0
2026-07-26 23:30:00,1.87989,1.8802699999999999,1.87989,1.8802699999999999,82,18,0
2026-07-26 23:45:00,1.88029,1.88068,1.8801999999999999,1.8806,163,18,0
2026-07-27 00:00:00,1.8805800000000001,1.8807,1.8799000000000001,1.88009,439,18,0
2026-07-27 00:15:00,1.88007,1.88068,1.8799700000000001,1.8806,391,18,0
2026-07-27 00:30:00,1.88063,1.88075,1.88008,1.8806699999999998,336,18,0
2026-07-27 00:45:00,1.88063,1.88069,1.87981,1.8798599999999999,253,18,0
2026-07-27 01:00:00,1.87988,1.88014,1.87967,1.87975,324,18,0
2026-07-27 01:15:00,1.87973,1.87995,1.87969,1.8798599999999999,252,18,0
2026-07-27 01:30:00,1.8798300000000001,1.88019,1.87982,1.8800599999999998,251,18,0
2026-07-27 01:45:00,1.88008,1.8803299999999998,1.87998,1.8802400000000001,227,18,0
2026-07-27 02:00:00,1.88026,1.88028,1.88008,1.88018,229,18,0
2026-07-27 02:15:00,1.88019,1.88036,1.88011,1.88028,173,18,0
2026-07-27 02:30:00,1.8802400000000001,1.88039,1.8800599999999998,1.8802699999999999,194,18,0
2026-07-27 02:45:00,1.88025,1.88026,1.8799000000000001,1.8799700000000001,158,18,0
2026-07-27 03:00:00,1.88,1.8805800000000001,1.87998,1.88037,193,18,0
2026-07-27 03:15:00,1.88039,1.88053,1.88022,1.88026,118,18,0
2026-07-27 03:30:00,1.88025,1.88032,1.88018,1.8803100000000001,178,18,0
2026-07-27 03:45:00,1.88032,1.88036,1.88,1.8802699999999999,124,18,0
2026-07-27 04:00:00,1.88029,1.88062,1.88029,1.88048,140,18,0
2026-07-27 04:15:00,1.8805100000000001,1.88062,1.8803800000000002,1.8804400000000001,102,18,0
2026-07-27 04:30:00,1.88045,1.88072,1.8803299999999998,1.88063,109,18,0
2026-07-27 04:45:00,1.8806500000000002,1.88066,1.8801700000000001,1.8801700000000001,118,18,0
2026-07-27 05:00:00,1.88015,1.8805399999999999,1.8800599999999998,1.8805100000000001,161,18,0
2026-07-27 05:15:00,1.88049,1.88053,1.8803100000000001,1.88046,123,18,0
2026-07-27 05:30:00,1.88049,1.8806699999999998,1.88042,1.88052,174,18,0
2026-07-27 05:45:00,1.8805100000000001,1.88076,1.88049,1.88064,138,18,0
2026-07-27 06:00:00,1.88062,1.88262,1.88061,1.88258,324,18,0
2026-07-27 06:15:00,1.8826,1.88292,1.88209,1.88254,386,18,0
2026-07-27 06:30:00,1.88256,1.8827500000000001,1.88206,1.88265,321,18,0
2026-07-27 06:45:00,1.88267,1.8828,1.8816000000000002,1.88175,346,18,0
2026-07-27 07:00:00,1.88172,1.88208,1.88045,1.88105,473,18,0
2026-07-27 07:15:00,1.88104,1.8812799999999998,1.88019,1.8811499999999999,500,18,0
2026-07-27 07:30:00,1.88111,1.88114,1.88012,1.88029,444,18,0
2026-07-27 07:45:00,1.8803,1.88046,1.87962,1.87968,383,18,0
2026-07-27 08:00:00,1.87964,1.87982,1.87894,1.87912,395,18,0
2026-07-27 08:15:00,1.87914,1.8799000000000001,1.87881,1.87987,295,18,0
2026-07-27 08:30:00,1.87988,1.88014,1.87949,1.88,272,18,0
2026-07-27 08:45:00,1.87996,1.88053,1.8796599999999999,1.88036,271,18,0
2026-07-27 09:00:00,1.8803299999999998,1.88089,1.88012,1.8803,260,18,0
2026-07-27 09:15:00,1.88028,1.8804400000000001,1.8799700000000001,1.88021,263,18,0
2026-07-27 09:30:00,1.8801999999999999,1.8805399999999999,1.88003,1.8803999999999998,277,18,0
2026-07-27 09:45:00,1.8803800000000002,1.88055,1.88008,1.8803299999999998,275,18,0
2026-07-27 10:00:00,1.88034,1.8807399999999999,1.87964,1.87987,300,18,0
2026-07-27 10:15:00,1.87991,1.88046,1.87984,1.8800599999999998,279,18,0
2026-07-27 10:30:00,1.8800400000000002,1.8801700000000001,1.8798300000000001,1.87988,244,18,0
2026-07-27 10:45:00,1.87991,1.87994,1.87846,1.8787,423,18,0
2026-07-27 11:00:00,1.8786800000000001,1.8790200000000001,1.87721,1.87758,486,18,0
2026-07-27 11:15:00,1.87759,1.87816,1.87755,1.87755,287,18,0
2026-07-27 11:30:00,1.87752,1.8780999999999999,1.8768,1.87801,472,18,0
2026-07-27 11:45:00,1.87804,1.87827,1.87785,1.87817,341,18,0
2026-07-27 12:00:00,1.8781400000000001,1.87854,1.87703,1.8771200000000001,412,18,0
2026-07-27 12:15:00,1.87714,1.87792,1.8770799999999999,1.8777300000000001,360,18,0
2026-07-27 12:30:00,1.8777599999999999,1.87788,1.87693,1.87727,365,18,0
2026-07-27 12:45:00,1.87725,1.8783400000000001,1.87713,1.87822,462,18,0
2026-07-27 13:00:00,1.87819,1.87865,1.8774899999999999,1.8784800000000001,468,18,0
2026-07-27 13:15:00,1.87845,1.87869,1.87818,1.87824,424,18,0
2026-07-27 13:30:00,1.87827,1.8788200000000002,1.8779400000000002,1.87795,568,18,0
2026-07-27 13:45:00,1.87797,1.87805,1.87661,1.87677,524,18,0
2026-07-27 14:00:00,1.8767800000000001,1.87846,1.87648,1.87835,497,18,0
2026-07-27 14:15:00,1.87838,1.87881,1.8780700000000001,1.8780700000000001,454,18,0
2026-07-27 14:30:00,1.87808,1.8788399999999998,1.87785,1.87793,589,18,0
2026-07-27 14:45:00,1.87792,1.87804,1.87696,1.87734,541,18,0
2026-07-27 15:00:00,1.8773300000000002,1.87748,1.87682,1.8772600000000002,557,18,0
2026-07-27 15:15:00,1.8773,1.87757,1.87706,1.8775300000000001,489,18,0
2026-07-27 15:30:00,1.87752,1.8777,1.87702,1.8772799999999998,443,18,0
2026-07-27 15:45:00,1.87727,1.87744,1.87682,1.877,352,18,0
2026-07-27 16:00:00,1.87703,1.87747,1.87698,1.87717,396,18,0
2026-07-27 16:15:00,1.8771499999999999,1.8783699999999999,1.8768799999999999,1.87793,499,18,0
2026-07-27 16:30:00,1.87795,1.87802,1.87752,1.87754,345,18,0
2026-07-27 16:45:00,1.87756,1.87768,1.8769200000000001,1.8772199999999999,278,18,0
2026-07-27 17:00:00,1.87725,1.87737,1.87573,1.87637,520,18,0
2026-07-27 17:15:00,1.87635,1.87639,1.8754,1.8755899999999999,282,18,0
2026-07-27 17:30:00,1.8756300000000001,1.87605,1.8755600000000001,1.87576,258,18,0
2026-07-27 17:45:00,1.87575,1.87666,1.87567,1.87664,209,18,0
2026-07-27 18:00:00,1.87666,1.87693,1.8766,1.87676,236,18,0
2026-07-27 18:15:00,1.87677,1.8768,1.87639,1.87657,235,18,0
2026-07-27 18:30:00,1.8765800000000001,1.87713,1.87653,1.87697,306,18,0
2026-07-27 18:45:00,1.877,1.87732,1.87661,1.8767800000000001,371,18,0
2026-07-27 19:00:00,1.87682,1.87704,1.8767399999999999,1.87677,208,18,0
2026-07-27 19:15:00,1.8768,1.87693,1.8767399999999999,1.87689,192,18,0
2026-07-27 19:30:00,1.87691,1.87737,1.87689,1.8772199999999999,259,18,0
2026-07-27 19:45:00,1.87721,1.8772199999999999,1.8767800000000001,1.87686,224,18,0
2026-07-27 20:00:00,1.87682,1.8771,1.8767399999999999,1.8770799999999999,146,18,0
2026-07-27 20:15:00,1.8771,1.8771200000000001,1.87676,1.87693,69,18,0
2026-07-27 20:30:00,1.8769200000000001,1.8769900000000002,1.8766699999999998,1.8767399999999999,109,18,0
2026-07-27 20:45:00,1.87671,1.8767800000000001,1.87648,1.87648,95,18,0
2026-07-27 21:00:00,1.87649,1.8766,1.87643,1.87643,17,48,0
2026-07-27 21:15:00,1.87641,1.87649,1.87633,1.87633,97,127,0
2026-07-27 21:30:00,1.87632,1.87669,1.87626,1.8766699999999998,150,106,0
2026-07-27 21:45:00,1.87669,1.8771499999999999,1.87646,1.87713,101,48,0
2026-07-27 22:00:00,1.87717,1.87717,1.87646,1.8767399999999999,102,28,0
2026-07-27 22:15:00,1.87676,1.8767800000000001,1.8765100000000001,1.8765100000000001,45,28,0
2026-07-27 22:30:00,1.8765,1.87661,1.87646,1.8765100000000001,43,18,0
2026-07-27 22:45:00,1.87652,1.87664,1.87646,1.87657,39,18,0
2026-07-27 23:00:00,1.87659,1.87666,1.87649,1.87663,79,18,0
2026-07-27 23:15:00,1.87662,1.87676,1.87662,1.87676,38,18,0
2026-07-27 23:30:00,1.87677,1.87702,1.87677,1.87693,71,18,0
2026-07-27 23:45:00,1.8769,1.87705,1.8766699999999998,1.87702,131,18,0
2026-07-28 00:00:00,1.87698,1.8773,1.87695,1.87707,219,18,0
2026-07-28 00:15:00,1.87706,1.87748,1.87706,1.87737,168,18,0
2026-07-28 00:30:00,1.87734,1.87736,1.8768500000000001,1.8769,160,18,0
2026-07-28 00:45:00,1.8769200000000001,1.8769200000000001,1.8762699999999999,1.87645,192,18,0
2026-07-28 01:00:00,1.87643,1.87677,1.87628,1.87645,260,18,0
2026-07-28 01:15:00,1.87643,1.87689,1.87634,1.87687,187,18,0
2026-07-28 01:30:00,1.8768500000000001,1.87702,1.87673,1.8769900000000002,156,18,0
2026-07-28 01:45:00,1.8770099999999998,1.87705,1.8765800000000001,1.87684,165,18,0
2026-07-28 02:00:00,1.87687,1.87693,1.87662,1.87684,170,18,0
2026-07-28 02:15:00,1.8768099999999999,1.8771900000000001,1.87677,1.87696,174,18,0
2026-07-28 02:30:00,1.87697,1.87704,1.8768,1.87704,131,18,0
2026-07-28 02:45:00,1.87702,1.8773300000000002,1.8769200000000001,1.8771200000000001,203,18,0
2026-07-28 03:00:00,1.87716,1.8772799999999998,1.87702,1.8770799999999999,185,18,0
2026-07-28 03:15:00,1.87706,1.8774600000000001,1.87705,1.8773300000000002,125,18,0
2026-07-28 03:30:00,1.87731,1.87752,1.8772199999999999,1.87737,229,18,0
2026-07-28 03:45:00,1.87734,1.87734,1.87696,1.8770099999999998,133,18,0
2026-07-28 04:00:00,1.87698,1.87704,1.8763800000000002,1.87642,178,18,0
2026-07-28 04:15:00,1.8763999999999998,1.87668,1.8763800000000002,1.87668,140,18,0
2026-07-28 04:30:00,1.87669,1.8767800000000001,1.87656,1.87668,94,18,0
2026-07-28 04:45:00,1.87671,1.87697,1.87671,1.87683,124,18,0
2026-07-28 05:00:00,1.8768500000000001,1.8772199999999999,1.87683,1.8769200000000001,181,18,0
2026-07-28 05:15:00,1.87696,1.87696,1.8766500000000002,1.87691,176,18,0
2026-07-28 05:30:00,1.87689,1.87689,1.8757700000000002,1.87605,222,18,0
2026-07-28 05:45:00,1.8760599999999998,1.87615,1.87571,1.87585,157,18,0
2026-07-28 06:00:00,1.87582,1.87634,1.87572,1.87596,291,18,0
2026-07-28 06:15:00,1.87598,1.87648,1.8758599999999999,1.87644,293,18,0
2026-07-28 06:30:00,1.87642,1.87698,1.87609,1.8769200000000001,319,18,0
2026-07-28 06:45:00,1.87689,1.87818,1.87656,1.87788,305,18,0
2026-07-28 07:00:00,1.87791,1.8779599999999999,1.87721,1.8774199999999999,369,18,0
2026-07-28 07:15:00,1.87743,1.87768,1.87725,1.87734,292,18,0
2026-07-28 07:30:00,1.8773499999999999,1.87748,1.87645,1.87664,281,18,0
2026-07-28 07:45:00,1.87663,1.87689,1.87621,1.87642,333,18,0
2026-07-28 08:00:00,1.87645,1.87731,1.87642,1.8769,475,18,0
2026-07-28 08:15:00,1.87693,1.8775300000000001,1.8769200000000001,1.8771499999999999,322,18,0
2026-07-28 08:30:00,1.8771900000000001,1.8772799999999998,1.8765800000000001,1.87703,284,18,0
2026-07-28 08:45:00,1.8770099999999998,1.87729,1.87686,1.87703,268,18,0
2026-07-28 09:00:00,1.8770099999999998,1.8770099999999998,1.87548,1.87557,278,18,0
2026-07-28 09:15:00,1.87553,1.87574,1.87523,1.8753600000000001,225,18,0
2026-07-28 09:30:00,1.87539,1.87544,1.87501,1.87506,268,18,0
2026-07-28 09:45:00,1.8750900000000001,1.8753199999999999,1.87449,1.87449,284,18,0
2026-07-28 10:00:00,1.8744800000000001,1.8744800000000001,1.87348,1.8738700000000001,312,18,0
2026-07-28 10:15:00,1.8738299999999999,1.87419,1.87347,1.8738299999999999,269,18,0
2026-07-28 10:30:00,1.87384,1.87424,1.87365,1.87368,312,18,0
2026-07-28 10:45:00,1.87367,1.87378,1.87305,1.87341,333,18,0
2026-07-28 11:00:00,1.87343,1.87368,1.87311,1.87337,325,18,0
2026-07-28 11:15:00,1.87336,1.87424,1.87336,1.87361,376,18,0
2026-07-28 11:30:00,1.8736000000000002,1.8738299999999999,1.87307,1.8732199999999999,302,18,0
2026-07-28 11:45:00,1.87323,1.87337,1.8723800000000002,1.87323,434,18,0
2026-07-28 12:00:00,1.87325,1.8746800000000001,1.87325,1.87459,402,18,0
2026-07-28 12:15:00,1.87461,1.8753,1.87459,1.87493,315,18,0
2026-07-28 12:30:00,1.87496,1.8762699999999999,1.87476,1.8760400000000002,362,18,0
2026-07-28 12:45:00,1.87602,1.87683,1.87602,1.87661,404,18,0
2026-07-28 13:00:00,1.87663,1.87675,1.87494,1.8750900000000001,403,18,0
2026-07-28 13:15:00,1.87511,1.87582,1.87476,1.87558,381,18,0
2026-07-28 13:30:00,1.8756,1.87602,1.87538,1.8754499999999998,492,18,0
2026-07-28 13:45:00,1.8754300000000002,1.87587,1.8750200000000001,1.8751799999999998,480,18,0
2026-07-28 14:00:00,1.87514,1.87539,1.8746,1.87467,449,18,0
2026-07-28 14:15:00,1.87469,1.87535,1.87419,1.87474,470,18,0
2026-07-28 14:30:00,1.8747,1.87507,1.87416,1.8742,423,18,0
2026-07-28 14:45:00,1.8742100000000002,1.87496,1.8736199999999998,1.8745699999999998,765,18,0
2026-07-28 15:00:00,1.8745500000000002,1.8752,1.87397,1.87485,656,18,0
2026-07-28 15:15:00,1.87483,1.87547,1.8742299999999998,1.87442,583,18,0
2026-07-28 15:30:00,1.87439,1.87519,1.8740299999999999,1.87508,458,18,0
2026-07-28 15:45:00,1.87507,1.8754499999999998,1.87474,1.8754300000000002,358,18,0
2026-07-28 16:00:00,1.87546,1.87554,1.8744800000000001,1.87449,410,18,0
2026-07-28 16:15:00,1.87446,1.8748,1.8742999999999999,1.87469,331,18,0
2026-07-28 16:30:00,1.8746800000000001,1.87523,1.87442,1.87443,313,18,0
2026-07-28 16:45:00,1.8744,1.87449,1.87375,1.87375,336,18,0
2026-07-28 17:00:00,1.8737300000000001,1.87492,1.8737,1.87492,422,18,0
2026-07-28 17:15:00,1.87489,1.8754,1.87465,1.87526,282,18,0
2026-07-28 17:30:00,1.87524,1.87546,1.87514,1.8752499999999999,187,18,0
2026-07-28 17:45:00,1.87526,1.8752900000000001,1.87462,1.8746800000000001,255,18,0
2026-07-28 18:00:00,1.8747,1.87493,1.87443,1.8744800000000001,244,18,0
2026-07-28 18:15:00,1.87446,1.87446,1.8737300000000001,1.87391,264,18,0
2026-07-28 18:30:00,1.8739,1.8742299999999998,1.87371,1.87413,202,18,0
2026-07-28 18:45:00,1.87412,1.87443,1.87392,1.87427,198,18,0
2026-07-28 19:00:00,1.87428,1.87501,1.8742,1.87492,200,18,0
2026-07-28 19:15:00,1.8749,1.87521,1.87481,1.87483,161,18,0
2026-07-28 19:30:00,1.87485,1.8749799999999999,1.87473,1.87483,148,18,0
2026-07-28 19:45:00,1.8748399999999998,1.87513,1.87465,1.87483,227,18,0
2026-07-28 20:00:00,1.8748200000000002,1.8750200000000001,1.87469,1.8750200000000001,140,18,0
2026-07-28 20:15:00,1.87501,1.8750200000000001,1.87452,1.8745699999999998,77,18,0
2026-07-28 20:30:00,1.87459,1.87477,1.8743699999999999,1.8744100000000001,112,18,0
2026-07-28 20:45:00,1.8743699999999999,1.87469,1.87412,1.8745500000000002,113,18,0
2026-07-28 21:00:00,1.87454,1.87454,1.87447,1.87447,5,48,0
2026-07-28 21:15:00,1.87446,1.87456,1.87443,1.87447,91,48,0
2026-07-28 21:30:00,1.87446,1.87463,1.87445,1.87445,80,48,0
2026-07-28 21:45:00,1.8744399999999999,1.87461,1.87399,1.87399,101,48,0
2026-07-28 22:00:00,1.874,1.8744,1.87398,1.8740299999999999,125,28,0
2026-07-28 22:15:00,1.87405,1.87422,1.87325,1.87345,129,18,0
2026-07-28 22:30:00,1.8734600000000001,1.87378,1.8732799999999998,1.8736899999999999,130,18,0
2026-07-28 22:45:00,1.8737,1.87371,1.87356,1.87367,68,18,0
2026-07-28 23:00:00,1.87364,1.87364,1.8733,1.8736000000000002,116,18,0
2026-07-28 23:15:00,1.87359,1.87375,1.87351,1.87372,77,18,0
2026-07-28 23:30:00,1.87371,1.87405,1.87368,1.87405,70,18,0
2026-07-28 23:45:00,1.8740299999999999,1.87418,1.87381,1.87418,175,18,0
2026-07-29 00:00:00,1.8742,1.87451,1.87391,1.87424,273,18,0
2026-07-29 00:15:00,1.87422,1.87477,1.8742100000000002,1.87442,217,18,0
2026-07-29 00:30:00,1.87439,1.87447,1.87408,1.87416,203,18,0
2026-07-29 00:45:00,1.87418,1.87447,1.87404,1.8742100000000002,255,18,0
2026-07-29 01:00:00,1.87424,1.87428,1.87331,1.87338,265,18,0
2026-07-29 01:15:00,1.8733499999999998,1.87379,1.8733300000000002,1.8735300000000001,229,18,0
2026-07-29 01:30:00,1.87352,1.8737599999999999,1.87305,1.8732600000000001,383,18,0
2026-07-29 01:45:00,1.87329,1.87341,1.8731499999999999,1.87336,225,18,0
2026-07-29 02:00:00,1.87337,1.87393,1.8733,1.87374,215,18,0
2026-07-29 02:15:00,1.8737599999999999,1.8741400000000001,1.8737300000000001,1.8738700000000001,189,18,0
2026-07-29 02:30:00,1.8738899999999998,1.8744399999999999,1.8738899999999998,1.87429,176,18,0
2026-07-29 02:45:00,1.87427,1.8742999999999999,1.87388,1.87391,161,18,0
2026-07-29 03:00:00,1.87388,1.87402,1.87366,1.8739,154,18,0
2026-07-29 03:15:00,1.87392,1.87418,1.87392,1.87412,156,18,0
2026-07-29 03:30:00,1.8740999999999999,1.87412,1.87363,1.87378,141,18,0
2026-07-29 03:45:00,1.8738000000000001,1.8739,1.87339,1.87351,171,18,0
2026-07-29 04:00:00,1.87352,1.87393,1.87352,1.87381,149,18,0
2026-07-29 04:15:00,1.8738299999999999,1.8739400000000002,1.8737,1.87386,123,18,0
2026-07-29 04:30:00,1.87384,1.8738700000000001,1.87365,1.87375,180,18,0
2026-07-29 04:45:00,1.8737599999999999,1.8737599999999999,1.8734199999999999,1.87357,203,18,0
2026-07-29 05:00:00,1.8736000000000002,1.87392,1.8734899999999999,1.87391,191,18,0
2026-07-29 05:15:00,1.8739,1.87391,1.87365,1.8738000000000001,152,18,0
2026-07-29 05:30:00,1.87381,1.87388,1.8736000000000002,1.87382,163,18,0
2026-07-29 05:45:00,1.87381,1.8740299999999999,1.87371,1.8738000000000001,174,18,0
2026-07-29 06:00:00,1.87378,1.87397,1.87321,1.8736000000000002,265,18,0
2026-07-29 06:15:00,1.87355,1.87385,1.8731900000000001,1.8734,282,18,0
2026-07-29 06:30:00,1.87343,1.87467,1.8733499999999998,1.87465,244,18,0
2026-07-29 06:45:00,1.87463,1.8746399999999999,1.87424,1.87439,306,18,0
2026-07-29 07:00:00,1.8743699999999999,1.87456,1.8738299999999999,1.87391,404,18,0
2026-07-29 07:15:00,1.87392,1.8744800000000001,1.87391,1.87417,332,18,0
2026-07-29 07:30:00,1.87413,1.8749799999999999,1.8738000000000001,1.87477,324,18,0
2026-07-29 07:45:00,1.8747500000000001,1.87481,1.8743699999999999,1.8748,332,18,0
2026-07-29 08:00:00,1.87481,1.8750200000000001,1.87404,1.87405,369,18,0
2026-07-29 08:15:00,1.87406,1.8749099999999999,1.87406,1.8747099999999999,259,18,0
2026-07-29 08:30:00,1.87469,1.87547,1.87463,1.87547,233,18,0
2026-07-29 08:45:00,1.8754499999999998,1.8758,1.87534,1.87575,271,18,0
2026-07-29 09:00:00,1.87573,1.87573,1.87499,1.87547,302,18,0
2026-07-29 09:15:00,1.87544,1.87546,1.8750200000000001,1.87528,254,18,0
2026-07-29 09:30:00,1.8753,1.87531,1.8743400000000001,1.8753,256,18,0
2026-07-29 09:45:00,1.8752900000000001,1.8753199999999999,1.87451,1.87499,354,18,0
2026-07-29 10:00:00,1.8750200000000001,1.8753,1.87422,1.87433,363,18,0
2026-07-29 10:15:00,1.8743400000000001,1.8747,1.8740299999999999,1.87419,277,18,0
2026-07-29 10:30:00,1.8742,1.8745699999999998,1.87413,1.87452,267,18,0
2026-07-29 10:45:00,1.87453,1.87461,1.87367,1.87381,225,18,0
2026-07-29 11:00:00,1.8738299999999999,1.87418,1.87348,1.8740299999999999,241,18,0
2026-07-29 11:15:00,1.87404,1.87412,1.87364,1.87409,224,18,0
2026-07-29 11:30:00,1.87413,1.87433,1.87378,1.87393,279,18,0
2026-07-29 11:45:00,1.87395,1.87433,1.87371,1.874,324,18,0
2026-07-29 12:00:00,1.8740299999999999,1.87452,1.8733300000000002,1.87356,399,18,0
2026-07-29 12:15:00,1.8736000000000002,1.8736199999999998,1.87207,1.87218,599,18,0
2026-07-29 12:30:00,1.8721700000000001,1.8733,1.87182,1.87307,381,18,0
2026-07-29 12:45:00,1.8731,1.87321,1.87164,1.8719299999999999,413,18,0
2026-07-29 13:00:00,1.87194,1.8726699999999998,1.87189,1.8723999999999998,449,18,0
2026-07-29 13:15:00,1.8723800000000002,1.87257,1.8717700000000002,1.87232,389,18,0
2026-07-29 13:30:00,1.8723,1.8726500000000001,1.8713600000000001,1.8715600000000001,580,18,0
2026-07-29 13:45:00,1.87158,1.87184,1.87128,1.87174,541,18,0
2026-07-29 14:00:00,1.8717700000000002,1.87229,1.87171,1.8722400000000001,485,18,0
2026-07-29 14:15:00,1.87225,1.87226,1.8713,1.87202,442,18,0
2026-07-29 14:30:00,1.8719999999999999,1.8734600000000001,1.87184,1.87325,461,18,0
2026-07-29 14:45:00,1.87323,1.87341,1.87178,1.8721999999999999,772,18,0
2026-07-29 15:00:00,1.8721700000000001,1.87246,1.8715600000000001,1.87223,581,18,0
2026-07-29 15:15:00,1.87221,1.87252,1.87146,1.87173,448,18,0
2026-07-29 15:30:00,1.87175,1.8722400000000001,1.87165,1.8721700000000001,395,18,0
2026-07-29 15:45:00,1.87219,1.87233,1.87148,1.8715899999999999,326,18,0
2026-07-29 16:00:00,1.87162,1.8718599999999999,1.8712,1.87138,382,18,0
2026-07-29 16:15:00,1.8714,1.8722699999999999,1.87134,1.8721999999999999,262,18,0
2026-07-29 16:30:00,1.87221,1.8725,1.87199,1.8721100000000002,261,18,0
2026-07-29 16:45:00,1.8721,1.87294,1.87201,1.87291,252,18,0
2026-07-29 17:00:00,1.8729,1.8737,1.8728500000000001,1.8737,320,18,0
2026-07-29 17:15:00,1.8736899999999999,1.87422,1.87359,1.8739400000000002,226,18,0
2026-07-29 17:30:00,1.87392,1.87478,1.87375,1.87474,288,18,0
2026-07-29 17:45:00,1.87476,1.87537,1.87438,1.87446,429,18,0
2026-07-29 18:00:00,1.87442,1.87747,1.8742100000000002,1.87568,1497,18,0
2026-07-29 18:15:00,1.8757000000000001,1.87585,1.8747099999999999,1.8750499999999999,568,18,0
2026-07-29 18:30:00,1.87508,1.87596,1.87395,1.87589,1522,18,0
2026-07-29 18:45:00,1.87587,1.87713,1.8757000000000001,1.87637,1065,18,0
2026-07-29 19:00:00,1.8763999999999998,1.87648,1.87542,1.87599,847,18,0
2026-07-29 19:15:00,1.87601,1.87729,1.8749,1.87513,946,18,0
2026-07-29 19:30:00,1.8751600000000002,1.87562,1.87478,1.87522,832,18,0
2026-07-29 19:45:00,1.87527,1.8763100000000001,1.87517,1.87602,680,18,0
2026-07-29 20:00:00,1.87599,1.87608,1.87476,1.87479,433,18,0
2026-07-29 20:15:00,1.87476,1.8752499999999999,1.87466,1.8750200000000001,233,18,0
2026-07-29 20:30:00,1.87499,1.8771900000000001,1.87488,1.87716,341,18,0
2026-07-29 20:45:00,1.8771200000000001,1.8776199999999998,1.87684,1.87759,345,18,0
2026-07-29 21:00:00,1.87757,1.87757,1.87706,1.87706,22,48,0
2026-07-29 21:15:00,1.87705,1.87714,1.8766699999999998,1.87705,181,84,0
2026-07-29 21:30:00,1.87702,1.87703,1.87576,1.87639,198,87,0
2026-07-29 21:45:00,1.87637,1.87652,1.8760400000000002,1.8760400000000002,225,48,0
2026-07-29 22:00:00,1.8761299999999999,1.87703,1.87588,1.87659,197,43,0
2026-07-29 22:15:00,1.8766,1.87663,1.87642,1.87653,67,28,0
2026-07-29 22:30:00,1.8765100000000001,1.87671,1.8764699999999999,1.87666,53,28,0
2026-07-29 22:45:00,1.87669,1.8767800000000001,1.87659,1.87664,81,28,0
2026-07-29 23:00:00,1.8767,1.8771,1.87644,1.87646,196,18,0
2026-07-29 23:15:00,1.87644,1.8764699999999999,1.87622,1.8763800000000002,93,18,0
2026-07-29 23:30:00,1.87635,1.87644,1.87587,1.87587,139,18,0
2026-07-29 23:45:00,1.87588,1.876,1.87574,1.8758,223,18,0
2026-07-30 00:00:00,1.87583,1.87603,1.87508,1.87524,320,18,0
2026-07-30 00:15:00,1.87522,1.87562,1.87489,1.87501,287,18,0
2026-07-30 00:30:00,1.87504,1.87546,1.875,1.87533,236,18,0
2026-07-30 00:45:00,1.8753199999999999,1.87537,1.87511,1.8751799999999998,201,18,0
2026-07-30 01:00:00,1.8752,1.8753199999999999,1.8750200000000001,1.8752,241,18,0
2026-07-30 01:15:00,1.87519,1.87555,1.8750900000000001,1.87546,190,18,0
2026-07-30 01:30:00,1.87544,1.8758,1.87538,1.87553,180,18,0
2026-07-30 01:45:00,1.87551,1.87588,1.8755,1.87554,142,18,0
2026-07-30 02:00:00,1.87555,1.87595,1.8755199999999999,1.87575,156,18,0
2026-07-30 02:15:00,1.87572,1.87572,1.87511,1.87523,141,18,0
2026-07-30 02:30:00,1.87526,1.87549,1.87519,1.8753199999999999,139,18,0
2026-07-30 02:45:00,1.87535,1.8754499999999998,1.87507,1.87512,103,18,0
2026-07-30 03:00:00,1.87514,1.8751799999999998,1.8746800000000001,1.87492,160,18,0
2026-07-30 03:15:00,1.87493,1.87497,1.87469,1.87479,156,18,0
2026-07-30 03:30:00,1.8748,1.87488,1.87449,1.87486,166,18,0
2026-07-30 03:45:00,1.87487,1.87521,1.87487,1.875,111,18,0
2026-07-30 04:00:00,1.87499,1.8752499999999999,1.87493,1.87519,117,18,0
2026-07-30 04:15:00,1.87517,1.87546,1.87513,1.8754300000000002,82,18,0
2026-07-30 04:30:00,1.87547,1.87572,1.8754,1.8754300000000002,112,18,0
2026-07-30 04:45:00,1.87541,1.8755199999999999,1.87514,1.87517,119,18,0
2026-07-30 05:00:00,1.8751799999999998,1.8752900000000001,1.87492,1.87496,159,18,0
2026-07-30 05:15:00,1.8749799999999999,1.8760400000000002,1.8749500000000001,1.87595,161,18,0
2026-07-30 05:30:00,1.87592,1.87619,1.87541,1.87616,224,18,0
2026-07-30 05:45:00,1.87618,1.87628,1.87528,1.87557,240,18,0
2026-07-30 06:00:00,1.8755899999999999,1.87598,1.8740999999999999,1.87427,470,18,0
2026-07-30 06:15:00,1.87429,1.8748399999999998,1.87397,1.87452,351,18,0
2026-07-30 06:30:00,1.87451,1.87461,1.8739400000000002,1.87432,337,18,0
2026-07-30 06:45:00,1.8743400000000001,1.87489,1.87427,1.87479,327,18,0
2026-07-30 07:00:00,1.87483,1.87633,1.8748,1.87615,619,18,0
2026-07-30 07:15:00,1.87616,1.87634,1.87567,1.87571,467,18,0
2026-07-30 07:30:00,1.87573,1.8760400000000002,1.8754300000000002,1.87585,419,18,0
2026-07-30 07:45:00,1.87582,1.87629,1.87555,1.8758,390,18,0
2026-07-30 08:00:00,1.87582,1.8773,1.87581,1.87702,478,18,0
2026-07-30 08:15:00,1.877,1.8774,1.87636,1.87732,413,18,0
2026-07-30 08:30:00,1.87734,1.87793,1.87723,1.8777599999999999,408,18,0
2026-07-30 08:45:00,1.87775,1.8779599999999999,1.8767800000000001,1.8771,338,18,0
2026-07-30 09:00:00,1.87713,1.87897,1.87705,1.8789500000000001,406,18,0
2026-07-30 09:15:00,1.87894,1.8793600000000001,1.87887,1.8789099999999999,434,18,0
2026-07-30 09:30:00,1.87888,1.8797000000000001,1.87865,1.87955,381,18,0
2026-07-30 09:45:00,1.8795899999999999,1.87995,1.87915,1.87927,449,18,0
2026-07-30 10:00:00,1.87928,1.87964,1.87896,1.87951,489,18,0
2026-07-30 10:15:00,1.87948,1.8800400000000002,1.8782999999999999,1.8790200000000001,650,18,0
2026-07-30 10:30:00,1.87899,1.88136,1.87892,1.88077,580,18,0
2026-07-30 10:45:00,1.88075,1.88191,1.88012,1.88016,582,18,0
2026-07-30 11:00:00,1.88012,1.88152,1.87885,1.8791,846,18,0
2026-07-30 11:15:00,1.8790900000000001,1.87933,1.87838,1.87863,535,18,0
2026-07-30 11:30:00,1.87862,1.8791099999999998,1.8783699999999999,1.87881,427,18,0
2026-07-30 11:45:00,1.87878,1.8797199999999998,1.87869,1.87964,387,18,0
2026-07-30 12:00:00,1.87962,1.88032,1.87926,1.87968,476,18,0
2026-07-30 12:15:00,1.87965,1.87994,1.87873,1.87955,591,18,0
2026-07-30 12:30:00,1.87953,1.88056,1.87845,1.8798599999999999,1178,18,0
2026-07-30 12:45:00,1.87989,1.88007,1.87843,1.87904,1020,18,0
2026-07-30 13:00:00,1.8790200000000001,1.8797000000000001,1.87825,1.8783400000000001,964,18,0
2026-07-30 13:15:00,1.87836,1.87851,1.8774199999999999,1.87791,789,18,0
2026-07-30 13:30:00,1.8778899999999998,1.88116,1.8777,1.88105,1831,18,0
2026-07-30 13:45:00,1.8810799999999999,1.88201,1.8801999999999999,1.88091,1689,18,0
2026-07-30 14:00:00,1.88093,1.8835,1.88045,1.88344,2033,18,0
2026-07-30 14:15:00,1.8834,1.8835199999999999,1.8826100000000001,1.88283,1352,18,0
2026-07-30 14:30:00,1.8828,1.8832499999999999,1.8820700000000001,1.88274,954,18,0
2026-07-30 14:45:00,1.88272,1.88321,1.88147,1.88152,898,18,0
2026-07-30 15:00:00,1.8815,1.88247,1.8812600000000002,1.88247,790,18,0
2026-07-30 15:15:00,1.88244,1.88368,1.88244,1.88327,665,18,0
2026-07-30 15:30:00,1.88326,1.88476,1.88269,1.8847399999999999,667,18,0
2026-07-30 15:45:00,1.88475,1.88509,1.8841999999999999,1.88439,605,18,0
2026-07-30 16:00:00,1.88437,1.8851499999999999,1.88435,1.88514,651,18,0
2026-07-30 16:15:00,1.88517,1.8857300000000001,1.88495,1.88548,471,18,0
2026-07-30 16:30:00,1.88551,1.88574,1.8845100000000001,1.88456,470,18,0
2026-07-30 16:45:00,1.88457,1.88457,1.88337,1.88396,367,18,0
2026-07-30 17:00:00,1.88398,1.8841999999999999,1.88374,1.88401,378,18,0
2026-07-30 17:15:00,1.884,1.88446,1.88365,1.88437,322,18,0
2026-07-30 17:30:00,1.8843800000000002,1.88491,1.88419,1.88491,686,18,0
2026-07-30 17:45:00,1.8849399999999998,1.88513,1.8844699999999999,1.88507,483,18,0
2026-07-30 18:00:00,1.8850500000000001,1.88523,1.88446,1.88464,375,18,0
2026-07-30 18:15:00,1.88461,1.88514,1.88435,1.8851200000000001,286,18,0
2026-07-30 18:30:00,1.88513,1.88529,1.8850099999999999,1.8851900000000001,222,18,0
2026-07-30 18:45:00,1.88521,1.88577,1.88517,1.8856000000000002,329,18,0
2026-07-30 19:00:00,1.88563,1.88636,1.8855499999999998,1.88598,308,18,0
2026-07-30 19:15:00,1.8860000000000001,1.8864100000000001,1.88595,1.88618,246,18,0
2026-07-30 19:30:00,1.8861599999999998,1.8862100000000002,1.8858700000000002,1.8858700000000002,204,18,0
2026-07-30 19:45:00,1.88584,1.88609,1.8856600000000001,1.88581,254,18,0
2026-07-30 20:00:00,1.8858000000000001,1.88604,1.88571,1.88586,160,18,0
2026-07-30 20:15:00,1.8858899999999998,1.8860299999999999,1.8855,1.88567,126,18,0
2026-07-30 20:30:00,1.8857,1.8862999999999999,1.88564,1.8862999999999999,108,18,0
2026-07-30 20:45:00,1.88628,1.8864100000000001,1.88582,1.88591,146,18,0
2026-07-30 21:00:00,1.88592,1.8859599999999999,1.88592,1.8859599999999999,4,48,0
2026-07-30 21:15:00,1.88594,1.8859599999999999,1.88588,1.8858899999999998,12,53,0
2026-07-30 21:30:00,1.8858899999999998,1.8862,1.8858700000000002,1.8862,55,69,0
2026-07-30 21:45:00,1.8862,1.88649,1.88608,1.88649,82,48,0
2026-07-30 22:00:00,1.88652,1.8867500000000001,1.88585,1.88611,170,28,0
2026-07-30 22:15:00,1.88612,1.88626,1.8859599999999999,1.88619,73,18,0
2026-07-30 22:30:00,1.88611,1.8863699999999999,1.88597,1.88625,134,18,0
2026-07-30 22:45:00,1.88622,1.8862700000000001,1.88594,1.8860999999999999,76,18,0
2026-07-30 23:00:00,1.8861400000000001,1.88625,1.88577,1.88598,146,18,0
2026-07-30 23:15:00,1.8860000000000001,1.88615,1.88586,1.8858899999999998,131,18,0
2026-07-30 23:30:00,1.88588,1.88602,1.88578,1.8859599999999999,162,18,0
2026-07-30 23:45:00,1.88599,1.88613,1.88578,1.88597,167,18,0
2026-07-31 00:00:00,1.88599,1.88633,1.88581,1.8860999999999999,334,18,0
2026-07-31 00:15:00,1.88609,1.88615,1.88561,1.88582,332,18,0
2026-07-31 00:30:00,1.88584,1.8858700000000002,1.8852,1.88533,302,18,0
2026-07-31 00:45:00,1.8853499999999999,1.88618,1.8852600000000002,1.88606,307,18,0
2026-07-31 01:00:00,1.88608,1.88632,1.8857599999999999,1.8858899999999998,353,18,0
2026-07-31 01:15:00,1.8859,1.88592,1.8855,1.8856600000000001,307,18,0
2026-07-31 01:30:00,1.88564,1.88578,1.88523,1.8852600000000002,325,18,0
2026-07-31 01:45:00,1.88525,1.8854899999999999,1.88497,1.8854,237,18,0
2026-07-31 02:00:00,1.8853900000000001,1.88585,1.8853,1.88548,338,18,0
2026-07-31 02:15:00,1.8854600000000001,1.8860999999999999,1.88537,1.88604,233,18,0
2026-07-31 02:30:00,1.88602,1.88611,1.88529,1.88554,216,18,0
2026-07-31 02:45:00,1.88552,1.88554,1.8851499999999999,1.8852799999999998,218,18,0
2026-07-31 03:00:00,1.88532,1.88565,1.88506,1.88531,292,18,0
2026-07-31 03:15:00,1.88532,1.8856199999999999,1.88531,1.88538,205,18,0
2026-07-31 03:30:00,1.8853900000000001,1.8856600000000001,1.8853499999999999,1.88559,202,18,0
2026-07-31 03:45:00,1.88557,1.88575,1.8854,1.88564,196,18,0
2026-07-31 04:00:00,1.88563,1.8856600000000001,1.8852600000000002,1.88532,186,18,0
2026-07-31 04:15:00,1.88529,1.8853,1.8851499999999999,1.8852,135,18,0
2026-07-31 04:30:00,1.88522,1.88525,1.8847399999999999,1.88475,163,18,0
2026-07-31 04:45:00,1.8847399999999999,1.88495,1.88455,1.88493,135,18,0
2026-07-31 05:00:00,1.88495,1.88516,1.88479,1.88486,178,18,0
2026-07-31 05:15:00,1.88487,1.8849200000000002,1.88456,1.88471,145,18,0
2026-07-31 05:30:00,1.88473,1.88483,1.8843100000000002,1.88443,224,18,0
2026-07-31 05:45:00,1.8843999999999999,1.88487,1.88437,1.88462,218,18,0
2026-07-31 06:00:00,1.8846500000000002,1.8856600000000001,1.88461,1.88556,394,18,0
2026-07-31 06:15:00,1.88554,1.88606,1.88527,1.88594,318,18,0
2026-07-31 06:30:00,1.8859599999999999,1.8859599999999999,1.8845399999999999,1.88489,406,18,0
2026-07-31 06:45:00,1.88491,1.88631,1.8848799999999999,1.8850500000000001,552,18,0
2026-07-31 07:00:00,1.88502,1.88583,1.88477,1.88563,491,18,0
2026-07-31 07:15:00,1.88561,1.88563,1.8844699999999999,1.8852600000000002,539,18,0
2026-07-31 07:30:00,1.88524,1.88543,1.88493,1.8851900000000001,403,18,0
2026-07-31 07:45:00,1.88522,1.88644,1.88522,1.88604,476,18,0
2026-07-31 08:00:00,1.8860700000000001,1.88611,1.88445,1.88468,537,18,0
2026-07-31 08:15:00,1.8847,1.88507,1.88374,1.88384,466,18,0
2026-07-31 08:30:00,1.88388,1.8845399999999999,1.88382,1.88443,415,18,0
2026-07-31 08:45:00,1.8844400000000001,1.8860299999999999,1.88428,1.88556,624,18,0
2026-07-31 09:00:00,1.88554,1.88599,1.88506,1.88524,824,18,0
2026-07-31 09:15:00,1.88527,1.8862,1.88513,1.8856600000000001,445,18,0
2026-07-31 09:30:00,1.88568,1.8859,1.8846699999999998,1.8846699999999998,418,18,0
2026-07-31 09:45:00,1.88463,1.88529,1.88462,1.8848,339,18,0
2026-07-31 10:00:00,1.8847800000000001,1.8852600000000002,1.88448,1.88493,382,18,0
2026-07-31 10:15:00,1.88495,1.88548,1.8843800000000002,1.8849,301,18,0
2026-07-31 10:30:00,1.8849399999999998,1.88564,1.88466,1.8855300000000002,286,18,0
2026-07-31 10:45:00,1.8855499999999998,1.8856899999999999,1.88502,1.88504,295,18,0
2026-07-31 11:00:00,1.88502,1.88502,1.88419,1.88469,353,18,0
2026-07-31 11:15:00,1.88466,1.8848099999999999,1.88403,1.8840400000000002,425,18,0
2026-07-31 11:30:00,1.88402,1.88414,1.88299,1.8830900000000002,487,18,0
2026-07-31 11:45:00,1.8831,1.8834300000000002,1.88242,1.88328,447,18,0
2026-07-31 12:00:00,1.8832499999999999,1.88437,1.8831099999999998,1.88422,441,18,0
2026-07-31 12:15:00,1.8841999999999999,1.8846500000000002,1.88401,1.8846500000000002,391,18,0
2026-07-31 12:30:00,1.88466,1.8853499999999999,1.8841999999999999,1.88489,422,18,0
2026-07-31 12:45:00,1.88491,1.88533,1.8837000000000002,1.88375,497,18,0
2026-07-31 13:00:00,1.88374,1.88402,1.8826,1.88299,539,18,0
2026-07-31 13:15:00,1.88301,1.88354,1.8824100000000001,1.8828200000000002,1063,18,0
2026-07-31 13:30:00,1.88278,1.88278,1.8799299999999999,1.8815300000000001,1280,18,0
2026-07-31 13:45:00,1.8816000000000002,1.8834,1.88105,1.88245,969,18,0
2026-07-31 14:00:00,1.88244,1.8853900000000001,1.88164,1.8853900000000001,994,18,0
2026-07-31 14:15:00,1.88541,1.88632,1.8845399999999999,1.88601,955,18,0
2026-07-31 14:30:00,1.8860000000000001,1.88769,1.88561,1.8869500000000001,977,18,0
2026-07-31 14:45:00,1.88696,1.88826,1.88564,1.88789,1952,18,0
2026-07-31 15:00:00,1.88796,1.88862,1.88715,1.88789,1255,18,0
2026-07-31 15:15:00,1.8878599999999999,1.8891499999999999,1.8876300000000001,1.88836,918,18,0
2026-07-31 15:30:00,1.8883299999999998,1.88886,1.88818,1.8885399999999999,747,18,0
2026-07-31 15:45:00,1.8885100000000001,1.89021,1.8883100000000002,1.8894600000000001,580,18,0
2026-07-31 16:00:00,1.8894199999999999,1.8894199999999999,1.8885399999999999,1.88909,517,18,0
2026-07-31 16:15:00,1.8890500000000001,1.8891,1.88829,1.8884400000000001,483,18,0
2026-07-31 16:30:00,1.88843,1.88902,1.88842,1.88889,325,18,0
2026-07-31 16:45:00,1.88888,1.88936,1.88876,1.8890099999999999,367,18,0
2026-07-31 17:00:00,1.88897,1.88954,1.88876,1.8892799999999998,356,18,0
2026-07-31 17:15:00,1.88931,1.8894600000000001,1.8888,1.88914,421,18,0
2026-07-31 17:30:00,1.88917,1.8898000000000001,1.88903,1.88929,552,18,0
2026-07-31 17:45:00,1.88927,1.89042,1.88896,1.8901599999999998,607,18,0
2026-07-31 18:00:00,1.89018,1.89066,1.88971,1.8897300000000001,463,18,0
2026-07-31 18:15:00,1.88971,1.89006,1.88961,1.88991,264,18,0
2026-07-31 18:30:00,1.88992,1.88997,1.88952,1.88952,258,18,0
2026-07-31 18:45:00,1.88949,1.89013,1.88949,1.89005,307,18,0
2026-07-31 19:00:00,1.8900700000000001,1.89025,1.88948,1.8895,306,18,0
2026-07-31 19:15:00,1.88948,1.88954,1.8892600000000002,1.8894,190,18,0
2026-07-31 19:30:00,1.88938,1.8893900000000001,1.88887,1.88938,270,18,0
2026-07-31 19:45:00,1.8894199999999999,1.8899599999999999,1.88907,1.8890799999999999,416,18,0
2026-07-31 20:00:00,1.8890500000000001,1.8892099999999998,1.88842,1.88916,316,18,0
2026-07-31 20:15:00,1.8891900000000001,1.89018,1.88916,1.89005,504,18,0
2026-07-31 20:30:00,1.89008,1.89115,1.89008,1.89019,510,18,0
2026-07-31 20:45:00,1.8901599999999998,1.89076,1.88866,1.8894199999999999,1229,18,0
2026-08-02 21:00:00,1.88934,1.8895,1.88917,1.88917,3,166,0
2026-08-02 21:15:00,1.88959,1.8897,1.88869,1.8893900000000001,102,87,0
2026-08-02 21:30:00,1.88941,1.88998,1.88842,1.88932,229,80,0
2026-08-02 21:45:00,1.8891900000000001,1.89005,1.88818,1.88897,412,80,0
2026-08-02 22:00:00,1.8893,1.89161,1.8893,1.89139,283,28,0
2026-08-02 22:15:00,1.8913799999999998,1.89164,1.89106,1.89155,313,18,0
2026-08-02 22:30:00,1.8915199999999999,1.8915899999999999,1.8907500000000002,1.89078,286,18,0
2026-08-02 22:45:00,1.89076,1.89086,1.89051,1.89072,168,18,0
2026-08-02 23:00:00,1.89071,1.89083,1.89042,1.89052,281,18,0
2026-08-02 23:15:00,1.89053,1.89059,1.89033,1.89055,189,18,0
2026-08-02 23:30:00,1.89058,1.89082,1.8901400000000002,1.89066,236,18,0
2026-08-02 23:45:00,1.89063,1.8906399999999999,1.89039,1.89045,219,18,0
2026-08-03 00:00:00,1.8904800000000002,1.89056,1.8896,1.8896600000000001,371,18,0
2026-08-03 00:15:00,1.88963,1.89066,1.88961,1.89056,443,18,0
2026-08-03 00:30:00,1.89053,1.89103,1.89036,1.89081,776,18,0
2026-08-03 00:45:00,1.89078,1.89103,1.88993,1.89099,798,18,0
2026-08-03 01:00:00,1.89101,1.8917899999999999,1.88936,1.8893900000000001,849,18,0
2026-08-03 01:15:00,1.88937,1.88994,1.88907,1.88983,389,18,0
2026-08-03 01:30:00,1.88982,1.8901400000000002,1.88941,1.88993,390,18,0
2026-08-03 01:45:00,1.88991,1.89052,1.8898000000000001,1.89043,254,18,0
2026-08-03 02:00:00,1.89044,1.89073,1.89031,1.89045,247,18,0
2026-08-03 02:15:00,1.89043,1.89047,1.89006,1.89028,240,18,0
2026-08-03 02:30:00,1.89032,1.89047,1.89013,1.89021,191,18,0
2026-08-03 02:45:00,1.89018,1.89033,1.88978,1.8900299999999999,198,18,0
2026-08-03 03:00:00,1.89004,1.89017,1.88967,1.88993,208,18,0
2026-08-03 03:15:00,1.88995,1.88995,1.88961,1.88979,204,18,0
2026-08-03 03:30:00,1.88981,1.88981,1.88947,1.88965,180,18,0
2026-08-03 03:45:00,1.8896199999999999,1.88995,1.8896,1.88993,162,18,0
2026-08-03 04:00:00,1.88991,1.89012,1.88971,1.88994,192,18,0
2026-08-03 04:15:00,1.88998,1.89001,1.88979,1.88997,154,18,0
2026-08-03 04:30:00,1.88999,1.89046,1.8898899999999998,1.89046,146,18,0
2026-08-03 04:45:00,1.89047,1.89047,1.89019,1.89043,108,18,0
2026-08-03 05:00:00,1.89042,1.89053,1.89029,1.89046,157,18,0
2026-08-03 05:15:00,1.89045,1.89053,1.89033,1.89043,110,18,0
2026-08-03 05:30:00,1.89042,1.8907,1.89039,1.89062,182,18,0
2026-08-03 05:45:00,1.8906,1.89063,1.8902,1.89038,185,18,0
2026-08-03 06:00:00,1.89035,1.89062,1.89001,1.89038,278,18,0
2026-08-03 06:15:00,1.8904,1.89043,1.8898899999999998,1.89013,289,18,0
2026-08-03 06:30:00,1.8901599999999998,1.89019,1.88902,1.8894199999999999,351,18,0
2026-08-03 06:45:00,1.88943,1.8900000000000001,1.88927,1.88949,294,18,0
2026-08-03 07:00:00,1.88947,1.89017,1.88933,1.89013,432,18,0
2026-08-03 07:15:00,1.89011,1.89035,1.889,1.8901599999999998,489,18,0
2026-08-03 07:30:00,1.89018,1.89062,1.89018,1.89047,348,18,0
2026-08-03 07:45:00,1.89046,1.89056,1.89005,1.89011,339,18,0
2026-08-03 08:00:00,1.8900700000000001,1.89011,1.88945,1.88948,356,18,0
2026-08-03 08:15:00,1.8894600000000001,1.88974,1.8891499999999999,1.8895499999999998,339,18,0
2026-08-03 08:30:00,1.88954,1.88979,1.88929,1.8894600000000001,334,18,0
2026-08-03 08:45:00,1.88943,1.88959,1.88913,1.88913,277,18,0
2026-08-03 09:00:00,1.8891,1.88934,1.88855,1.8889399999999998,309,18,0
2026-08-03 09:15:00,1.8889200000000002,1.88904,1.88837,1.88893,327,18,0
2026-08-03 09:30:00,1.8889399999999998,1.88923,1.8886500000000002,1.88891,298,18,0
2026-08-03 09:45:00,1.88893,1.88914,1.88843,1.8885,284,18,0
2026-08-03 10:00:00,1.8885100000000001,1.88872,1.88834,1.88864,297,18,0
2026-08-03 10:15:00,1.88862,1.8893499999999999,1.88843,1.88924,302,18,0
2026-08-03 10:30:00,1.88925,1.89018,1.8891,1.8901599999999998,250,18,0
2026-08-03 10:45:00,1.8901400000000002,1.8902700000000001,1.88977,1.89009,288,18,0
2026-08-03 11:00:00,1.89012,1.89047,1.88994,1.89036,265,18,0
2026-08-03 11:15:00,1.89033,1.8903400000000001,1.8895300000000002,1.88983,309,18,0
2026-08-03 11:30:00,1.8898000000000001,1.8898899999999998,1.88907,1.88917,240,18,0
2026-08-03 11:45:00,1.88916,1.88957,1.88903,1.88925,310,18,0
2026-08-03 12:00:00,1.8892799999999998,1.8896,1.8890799999999999,1.88931,323,18,0
2026-08-03 12:15:00,1.88927,1.88951,1.8890799999999999,1.8892099999999998,299,18,0
2026-08-03 12:30:00,1.88918,1.89046,1.88917,1.8898700000000002,342,18,0
2026-08-03 12:45:00,1.88985,1.89019,1.88947,1.89009,383,18,0
2026-08-03 13:00:00,1.89012,1.89025,1.8894,1.88945,442,18,0
2026-08-03 13:15:00,1.8894600000000001,1.89033,1.88941,1.8899599999999999,425,18,0
2026-08-03 13:30:00,1.88999,1.89013,1.8896,1.88975,547,18,0
2026-08-03 13:45:00,1.8897599999999999,1.8897599999999999,1.88877,1.88891,517,18,0
2026-08-03 14:00:00,1.88884,1.88897,1.88785,1.88785,596,18,0
2026-08-03 14:15:00,1.88787,1.88853,1.8878,1.8881000000000001,589,18,0
2026-08-03 14:30:00,1.88807,1.88826,1.8869099999999999,1.88741,561,18,0
2026-08-03 14:45:00,1.88742,1.88774,1.88595,1.88597,570,18,0
2026-08-03 15:00:00,1.88594,1.8862700000000001,1.88545,1.88568,524,18,0
2026-08-03 15:15:00,1.8856600000000001,1.8858000000000001,1.88521,1.88532,378,18,0
2026-08-03 15:30:00,1.8853499999999999,1.88613,1.88534,1.8855,462,18,0
2026-08-03 15:45:00,1.88552,1.88605,1.8852600000000002,1.88604,333,18,0
2026-08-03 16:00:00,1.88606,1.88638,1.88543,1.88548,312,18,0
2026-08-03 16:15:00,1.8854899999999999,1.88556,1.88497,1.8854899999999999,338,18,0
2026-08-03 16:30:00,1.8854600000000001,1.88574,1.88536,1.88548,236,18,0
2026-08-03 16:45:00,1.88551,1.88564,1.8852,1.8852,194,18,0
2026-08-03 17:00:00,1.88523,1.8859,1.88517,1.88579,231,18,0
2026-08-03 17:15:00,1.88575,1.8859,1.88537,1.88583,231,18,0
2026-08-03 17:30:00,1.88584,1.88599,1.8853499999999999,1.88554,214,18,0
2026-08-03 17:45:00,1.88556,1.8856899999999999,1.8852,1.88538,215,18,0
2026-08-03 18:00:00,1.8854,1.8856199999999999,1.88534,1.88544,237,18,0
2026-08-03 18:15:00,1.88548,1.88598,1.88548,1.88564,242,18,0
2026-08-03 18:30:00,1.8856600000000001,1.88588,1.88557,1.8858700000000002,210,18,0
2026-08-03 18:45:00,1.88583,1.88626,1.88578,1.8862100000000002,299,18,0
2026-08-03 19:00:00,1.8862299999999999,1.88643,1.8860700000000001,1.88635,194,18,0
2026-08-03 19:15:00,1.8863400000000001,1.88643,1.8862700000000001,1.88633,150,18,0
2026-08-03 19:30:00,1.88631,1.88632,1.8860700000000001,1.8862100000000002,148,18,0
2026-08-03 19:45:00,1.88618,1.88643,1.88615,1.88625,147,18,0
2026-08-03 20:00:00,1.8862299999999999,1.88656,1.88618,1.88626,118,18,0
2026-08-03 20:15:00,1.8862700000000001,1.8864,1.8861400000000001,1.88633,88,18,0
2026-08-03 20:30:00,1.88632,1.88645,1.88625,1.88633,70,18,0
2026-08-03 20:45:00,1.88635,1.8866800000000001,1.88628,1.8866,106,18,0
2026-08-03 21:15:00,1.88659,1.8866100000000001,1.8862,1.8862,59,48,0
2026-08-03 21:30:00,1.88618,1.8864800000000002,1.88591,1.8860299999999999,139,56,0
2026-08-03 21:45:00,1.88606,1.8862,1.88585,1.8860299999999999,138,48,0
2026-08-03 22:00:00,1.88609,1.8864100000000001,1.88597,1.8861400000000001,102,28,0
2026-08-03 22:15:00,1.88619,1.88626,1.88608,1.8861400000000001,84,18,0
2026-08-03 22:30:00,1.8860700000000001,1.8862100000000002,1.88606,1.88615,75,18,0
2026-08-03 22:45:00,1.8861400000000001,1.88624,1.88605,1.88615,73,18,0
2026-08-03 23:00:00,1.8861599999999998,1.88618,1.88592,1.88594,86,18,0
2026-08-03 23:15:00,1.88595,1.88609,1.88592,1.88598,69,18,0
2026-08-03 23:30:00,1.88597,1.88605,1.88591,1.88597,96,18,0
2026-08-03 23:45:00,1.88595,1.88597,1.88568,1.88592,149,18,0
2026-08-04 00:00:00,1.8859,1.88605,1.88558,1.8857599999999999,271,18,0
2026-08-04 00:15:00,1.88574,1.88574,1.88544,1.8855,161,18,0
2026-08-04 00:30:00,1.88551,1.88571,1.8853900000000001,1.88559,187,18,0
2026-08-04 00:45:00,1.8856199999999999,1.8856899999999999,1.8850799999999999,1.8850799999999999,248,18,0
2026-08-04 01:00:00,1.8850500000000001,1.8854600000000001,1.88497,1.88536,227,18,0
2026-08-04 01:15:00,1.88537,1.8856600000000001,1.88537,1.8854899999999999,196,18,0
2026-08-04 01:30:00,1.88551,1.88594,1.88551,1.88594,189,18,0
2026-08-04 01:45:00,1.88598,1.8860000000000001,1.88574,1.88574,134,18,0
2026-08-04 02:00:00,1.88572,1.8860700000000001,1.88572,1.88598,192,18,0
2026-08-04 02:15:00,1.88599,1.88622,1.8859,1.8860299999999999,159,18,0
2026-08-04 02:30:00,1.88606,1.88613,1.88583,1.88605,151,18,0
2026-08-04 02:45:00,1.8860700000000001,1.88642,1.88594,1.88599,158,18,0
2026-08-04 03:00:00,1.88601,1.88628,1.88579,1.88584,147,18,0
2026-08-04 03:15:00,1.88586,1.8859599999999999,1.88567,1.88581,139,18,0
2026-08-04 03:30:00,1.88582,1.8859599999999999,1.8852600000000002,1.88536,191,18,0
2026-08-04 03:45:00,1.88534,1.8855499999999998,1.88533,1.8853900000000001,128,18,0
2026-08-04 04:00:00,1.88536,1.8854899999999999,1.88513,1.88524,144,18,0
2026-08-04 04:15:00,1.8852600000000002,1.8856000000000002,1.88524,1.88547,94,18,0
2026-08-04 04:30:00,1.8854899999999999,1.88557,1.88517,1.8852600000000002,118,18,0
2026-08-04 04:45:00,1.8852799999999998,1.8855300000000002,1.8852600000000002,1.88544,90,18,0
2026-08-04 05:00:00,1.8854600000000001,1.88551,1.8852,1.88521,127,18,0
2026-08-04 05:15:00,1.88523,1.88567,1.8852,1.88563,122,18,0
2026-08-04 05:30:00,1.8856199999999999,1.8860000000000001,1.88557,1.88585,162,18,0
2026-08-04 05:45:00,1.8858700000000002,1.88636,1.8856899999999999,1.88622,175,18,0
2026-08-04 06:00:00,1.88619,1.88816,1.88611,1.8881000000000001,378,18,0
2026-08-04 06:15:00,1.88812,1.88828,1.88782,1.88787,305,18,0
2026-08-04 06:30:00,1.8878599999999999,1.88802,1.8876300000000001,1.8879299999999999,245,18,0
2026-08-04 06:45:00,1.8879000000000001,1.88832,1.88775,1.88812,255,18,0
2026-08-04 07:00:00,1.88814,1.8885399999999999,1.88784,1.88792,406,18,0
2026-08-04 07:15:00,1.88789,1.88827,1.88767,1.88776,304,18,0
2026-08-04 07:30:00,1.88773,1.88808,1.88767,1.8878599999999999,258,18,0
2026-08-04 07:45:00,1.88787,1.88798,1.88754,1.88774,243,18,0
2026-08-04 08:00:00,1.8877199999999998,1.88787,1.88662,1.88679,288,18,0
2026-08-04 08:15:00,1.88676,1.8872,1.8866399999999999,1.88712,276,18,0
2026-08-04 08:30:00,1.88714,1.88716,1.8862999999999999,1.88694,320,18,0
2026-08-04 08:45:00,1.88697,1.88704,1.88654,1.88701,273,18,0
2026-08-04 09:00:00,1.8869799999999999,1.8869799999999999,1.88635,1.88658,282,18,0
2026-08-04 09:15:00,1.8865699999999999,1.8867099999999999,1.8864100000000001,1.88651,191,18,0
2026-08-04 09:30:00,1.88654,1.88674,1.88642,1.8866100000000001,224,18,0
2026-08-04 09:45:00,1.8866,1.88687,1.88654,1.8867500000000001,240,18,0
2026-08-04 10:00:00,1.88672,1.88717,1.88669,1.88701,237,18,0
2026-08-04 10:15:00,1.887,1.887,1.88643,1.88647,209,18,0
2026-08-04 10:30:00,1.8864999999999998,1.8872499999999999,1.8864999999999998,1.88705,246,18,0
2026-08-04 10:45:00,1.88707,1.8875899999999999,1.88693,1.88744,398,18,0
2026-08-04 11:00:00,1.88747,1.88834,1.88747,1.88827,263,18,0
2026-08-04 11:15:00,1.8882400000000001,1.88907,1.88821,1.88907,315,18,0
2026-08-04 11:30:00,1.8890799999999999,1.88986,1.88887,1.88961,427,18,0
2026-08-04 11:45:00,1.88958,1.89025,1.88934,1.89008,571,18,0
2026-08-04 12:00:00,1.89011,1.8910900000000002,1.89001,1.8907,449,18,0
2026-08-04 12:15:00,1.8906800000000001,1.89085,1.89022,1.89029,330,18,0
2026-08-04 12:30:00,1.89033,1.89082,1.89025,1.89069,343,18,0
2026-08-04 12:45:00,1.8907,1.8907500000000002,1.88985,1.8903400000000001,353,18,0
2026-08-04 13:00:00,1.89036,1.8909,1.88999,1.8909,355,18,0
2026-08-04 13:15:00,1.8909099999999999,1.89189,1.89049,1.8913600000000002,540,18,0
2026-08-04 13:30:00,1.89137,1.89187,1.89094,1.89143,589,18,0
2026-08-04 13:45:00,1.89144,1.89193,1.8908399999999999,1.8910900000000002,547,18,0
2026-08-04 14:00:00,1.89112,1.89164,1.89058,1.89063,505,18,0
2026-08-04 14:15:00,1.89065,1.89119,1.89059,1.89078,386,18,0
2026-08-04 14:30:00,1.89081,1.8916300000000001,1.89029,1.89155,412,18,0
2026-08-04 14:45:00,1.8915600000000001,1.8915600000000001,1.8894600000000001,1.89018,680,18,0
2026-08-04 15:00:00,1.89021,1.89103,1.8900299999999999,1.89103,407,18,0
2026-08-04 15:15:00,1.89106,1.89157,1.89099,1.89107,359,18,0
2026-08-04 15:30:00,1.8910900000000002,1.8927800000000001,1.89103,1.8927800000000001,448,18,0
2026-08-04 15:45:00,1.89279,1.8934199999999999,1.8926500000000002,1.89317,339,18,0
2026-08-04 16:00:00,1.8932,1.89325,1.89264,1.89297,352,18,0
2026-08-04 16:15:00,1.89299,1.89358,1.89286,1.8934600000000001,318,18,0
2026-08-04 16:30:00,1.89344,1.89351,1.89302,1.8932600000000002,256,18,0
2026-08-04 16:45:00,1.89331,1.8934,1.89237,1.8925800000000002,250,18,0
2026-08-04 17:00:00,1.8925999999999998,1.8928099999999999,1.8919899999999998,1.89227,270,18,0
2026-08-04 17:15:00,1.8923,1.89234,1.89173,1.8918599999999999,271,18,0
2026-08-04 17:30:00,1.89187,1.89198,1.89166,1.8918599999999999,191,18,0
2026-08-04 17:45:00,1.89184,1.89188,1.89154,1.8917199999999998,180,18,0
2026-08-04 18:00:00,1.8917000000000002,1.89202,1.8914900000000001,1.8916300000000001,228,18,0
2026-08-04 18:15:00,1.89165,1.89209,1.8915899999999999,1.89192,210,18,0
2026-08-04 18:30:00,1.89195,1.89202,1.89134,1.89144,199,18,0
2026-08-04 18:45:00,1.8914,1.89198,1.89135,1.8918599999999999,285,18,0
2026-08-04 19:00:00,1.89188,1.89201,1.8915899999999999,1.89175,226,18,0
2026-08-04 19:15:00,1.89174,1.892,1.8915899999999999,1.89164,190,18,0
2026-08-04 19:30:00,1.8916300000000001,1.89182,1.89148,1.89173,223,18,0
2026-08-04 19:45:00,1.89171,1.89192,1.89144,1.89192,211,18,0
2026-08-04 20:00:00,1.8919000000000001,1.89214,1.89178,1.89187,175,18,0
2026-08-04 20:15:00,1.89184,1.89189,1.89161,1.89173,102,18,0
2026-08-04 20:30:00,1.8917000000000002,1.89198,1.89164,1.89195,86,18,0
2026-08-04 20:45:00,1.89193,1.8919700000000002,1.8912499999999999,1.89128,132,18,0
2026-08-04 21:00:00,1.89126,1.89126,1.89123,1.89124,5,48,0
2026-08-04 21:15:00,1.8912499999999999,1.89133,1.89113,1.8912,83,48,0
2026-08-04 21:30:00,1.89119,1.8915600000000001,1.8911799999999999,1.89155,101,59,0
2026-08-04 21:45:00,1.89155,1.89195,1.89155,1.8917000000000002,77,48,0
2026-08-04 22:00:00,1.89168,1.89182,1.89134,1.89164,109,28,0
2026-08-04 22:15:00,1.89166,1.89168,1.89153,1.89166,58,18,0
2026-08-04 22:30:00,1.89165,1.8918,1.8915899999999999,1.89173,58,18,0
2026-08-04 22:45:00,1.89175,1.89175,1.8914900000000001,1.89158,99,18,0
2026-08-04 23:00:00,1.8915600000000001,1.89173,1.89134,1.89168,125,18,0
2026-08-04 23:15:00,1.89169,1.89191,1.89154,1.89191,87,18,0
2026-08-04 23:30:00,1.89188,1.89188,1.89154,1.89164,76,18,0
2026-08-04 23:45:00,1.89162,1.89182,1.89157,1.8917899999999999,88,18,0
2026-08-05 00:00:00,1.89177,1.89218,1.89175,1.89196,219,18,0
2026-08-05 00:15:00,1.8919700000000002,1.89226,1.8917899999999999,1.89223,140,18,0
2026-08-05 00:30:00,1.89221,1.8923,1.89193,1.89196,140,18,0
2026-08-05 00:45:00,1.8919899999999998,1.8921999999999999,1.89178,1.89201,207,18,0
2026-08-05 01:00:00,1.89203,1.89205,1.89178,1.89188,169,18,0
2026-08-05 01:15:00,1.8919000000000001,1.89191,1.8915600000000001,1.89162,158,18,0
2026-08-05 01:30:00,1.8916,1.89177,1.8915600000000001,1.89176,144,18,0
2026-08-05 01:45:00,1.89175,1.89209,1.89171,1.89207,142,18,0
2026-08-05 02:00:00,1.89205,1.89262,1.89203,1.89253,220,18,0
2026-08-05 02:15:00,1.8925100000000001,1.89313,1.89243,1.8929,194,18,0
2026-08-05 02:30:00,1.89288,1.89354,1.89288,1.89334,254,18,0
2026-08-05 02:45:00,1.8933499999999999,1.89349,1.89304,1.89304,177,18,0
2026-08-05 03:00:00,1.89303,1.89318,1.89276,1.89286,145,18,0
2026-08-05 03:15:00,1.89288,1.89299,1.89283,1.8929399999999998,110,18,0
2026-08-05 03:30:00,1.89291,1.89311,1.8928099999999999,1.8930799999999999,120,18,0
2026-08-05 03:45:00,1.89307,1.89322,1.89299,1.8931900000000002,117,18,0
2026-08-05 04:00:00,1.8932,1.89336,1.89314,1.89323,90,18,0
2026-08-05 04:15:00,1.8931900000000002,1.8933900000000001,1.89316,1.89334,102,18,0
2026-08-05 04:30:00,1.89336,1.8934199999999999,1.8932099999999998,1.89333,124,18,0
2026-08-05 04:45:00,1.89331,1.8933900000000001,1.89313,1.89337,116,18,0
2026-08-05 05:00:00,1.89336,1.89337,1.8931900000000002,1.8933200000000001,120,18,0
2026-08-05 05:15:00,1.8933,1.89337,1.89311,1.89325,101,18,0
2026-08-05 05:30:00,1.89323,1.8937,1.89322,1.8935,135,18,0
2026-08-05 05:45:00,1.89349,1.89386,1.89345,1.89347,185,18,0
2026-08-05 06:00:00,1.89349,1.89418,1.89349,1.89406,215,18,0
2026-08-05 06:15:00,1.8940299999999999,1.89425,1.8936,1.8938700000000002,274,18,0
2026-08-05 06:30:00,1.89385,1.8946800000000001,1.8936199999999999,1.89463,336,18,0
2026-08-05 06:45:00,1.89466,1.89528,1.8945400000000001,1.89512,263,18,0
2026-08-05 07:00:00,1.89514,1.89521,1.89352,1.89375,427,18,0
2026-08-05 07:15:00,1.89378,1.8940000000000001,1.89365,1.8938700000000002,339,18,0
2026-08-05 07:30:00,1.89388,1.89421,1.8936899999999999,1.8941,328,18,0
2026-08-05 07:45:00,1.8940700000000001,1.8943400000000001,1.8936199999999999,1.8943400000000001,311,18,0
2026-08-05 08:00:00,1.89436,1.89458,1.89358,1.89358,331,18,0
2026-08-05 08:15:00,1.89361,1.89445,1.89361,1.89442,283,18,0
2026-08-05 08:30:00,1.89439,1.8946100000000001,1.8936,1.89368,261,18,0
2026-08-05 08:45:00,1.89367,1.8937,1.89289,1.89307,343,18,0
2026-08-05 09:00:00,1.89311,1.8934600000000001,1.89297,1.89322,273,18,0
2026-08-05 09:15:00,1.89323,1.89354,1.8928,1.89354,266,18,0
2026-08-05 09:30:00,1.8935499999999998,1.89421,1.89333,1.8939,223,18,0
2026-08-05 09:45:00,1.8938700000000002,1.8940000000000001,1.89359,1.8938199999999998,190,18,0
2026-08-05 10:00:00,1.89385,1.89438,1.89363,1.89374,316,18,0
2026-08-05 10:15:00,1.8937599999999999,1.89404,1.8936899999999999,1.89385,255,18,0
2026-08-05 10:30:00,1.8938700000000002,1.89413,1.8936,1.89397,238,18,0
2026-08-05 10:45:00,1.89399,1.89417,1.8938000000000001,1.8940700000000001,197,18,0
2026-08-05 11:00:00,1.89408,1.8944800000000002,1.89372,1.89444,273,18,0
2026-08-05 11:15:00,1.8944100000000001,1.89466,1.89402,1.89405,285,18,0
2026-08-05 11:30:00,1.89404,1.8947500000000002,1.89384,1.89428,350,18,0
2026-08-05 11:45:00,1.8942700000000001,1.8943699999999999,1.89398,1.89398,274,18,0
2026-08-05 12:00:00,1.8940000000000001,1.8940000000000001,1.89289,1.89329,375,18,0
2026-08-05 12:15:00,1.8933200000000001,1.89361,1.89302,1.89352,372,18,0
2026-08-05 12:30:00,1.89356,1.89356,1.89276,1.89298,427,18,0
2026-08-05 12:45:00,1.89296,1.89314,1.8923,1.89255,389,18,0
2026-08-05 13:00:00,1.89252,1.8932,1.89252,1.8930500000000001,387,18,0
2026-08-05 13:15:00,1.89307,1.89307,1.89208,1.89259,350,18,0
2026-08-05 13:30:00,1.89262,1.8927800000000001,1.89187,1.892,617,18,0
2026-08-05 13:45:00,1.89198,1.8919899999999998,1.89071,1.89094,535,18,0
2026-08-05 14:00:00,1.8909500000000001,1.89195,1.8909500000000001,1.89167,749,18,0
2026-08-05 14:15:00,1.89168,1.89181,1.8910200000000001,1.89113,581,18,0
2026-08-05 14:30:00,1.8911799999999999,1.89144,1.89013,1.89025,455,18,0
2026-08-05 14:45:00,1.89022,1.89022,1.88904,1.88943,643,18,0
2026-08-05 15:00:00,1.88941,1.88977,1.88792,1.8879700000000001,596,18,0
2026-08-05 15:15:00,1.88794,1.88809,1.88731,1.88776,418,18,0
2026-08-05 15:30:00,1.8877899999999999,1.88796,1.88748,1.88762,396,18,0
2026-08-05 15:45:00,1.8875899999999999,1.8875899999999999,1.8866,1.88713,431,18,0
2026-08-05 16:00:00,1.88716,1.8875899999999999,1.8868,1.8872900000000001,390,18,0
2026-08-05 16:15:00,1.88731,1.88769,1.88721,1.88747,303,18,0
2026-08-05 16:30:00,1.8875,1.88818,1.88737,1.88818,249,18,0
2026-08-05 16:45:00,1.88816,1.8883299999999998,1.88776,1.88782,266,18,0
2026-08-05 17:00:00,1.8877899999999999,1.88785,1.8874300000000002,1.8875199999999999,241,18,0
2026-08-05 17:15:00,1.8874900000000001,1.8880400000000002,1.8874900000000001,1.88802,212,18,0
2026-08-05 17:30:00,1.88803,1.88803,1.8875199999999999,1.88754,202,18,0
2026-08-05 17:45:00,1.8875600000000001,1.88761,1.88685,1.88712,250,18,0
2026-08-05 18:00:00,1.88713,1.88713,1.88659,1.8866800000000001,230,18,0
2026-08-05 18:15:00,1.8867,1.88683,1.88658,1.88672,201,18,0
2026-08-05 18:30:00,1.8867500000000001,1.8869799999999999,1.88658,1.8867,195,18,0
2026-08-05 18:45:00,1.88667,1.8868,1.88638,1.88659,233,18,0
2026-08-05 19:00:00,1.88656,1.8867699999999998,1.88636,1.88665,189,18,0
2026-08-05 19:15:00,1.88663,1.88673,1.8863699999999999,1.8864,179,18,0
2026-08-05 19:30:00,1.8864100000000001,1.8869,1.8864100000000001,1.88686,156,18,0
2026-08-05 19:45:00,1.8868200000000002,1.88683,1.88635,1.88643,159,18,0
2026-08-05 20:00:00,1.8864,1.8869,1.88636,1.88649,125,18,0
2026-08-05 20:15:00,1.8864999999999998,1.8866,1.88612,1.88618,85,18,0
2026-08-05 20:30:00,1.88619,1.8866100000000001,1.8861400000000001,1.8866100000000001,97,18,0
2026-08-05 20:45:00,1.8866399999999999,1.8869500000000001,1.88659,1.8868,83,18,0
2026-08-05 21:00:00,1.88681,1.88681,1.88679,1.88679,5,48,0
2026-08-05 21:15:00,1.8867699999999998,1.8867699999999998,1.88636,1.88655,170,48,0
2026-08-05 21:30:00,1.88654,1.8867099999999999,1.88635,1.8866800000000001,124,56,0
2026-08-05 21:45:00,1.88667,1.88673,1.8861400000000001,1.8861400000000001,144,48,0
2026-08-05 22:00:00,1.8861400000000001,1.88678,1.8861400000000001,1.88651,182,28,0
2026-08-05 22:15:00,1.88649,1.8866,1.88639,1.8864,60,28,0
2026-08-05 22:30:00,1.88642,1.88654,1.88635,1.8864800000000002,59,18,0
2026-08-05 22:45:00,1.88647,1.88655,1.8863400000000001,1.8864800000000002,67,18,0
2026-08-05 23:00:00,1.8864999999999998,1.8868399999999999,1.88649,1.88679,88,18,0
2026-08-05 23:15:00,1.88681,1.8868399999999999,1.88665,1.88665,50,18,0
2026-08-05 23:30:00,1.88667,1.88681,1.8866,1.8866,79,18,0
2026-08-05 23:45:00,1.88659,1.8869,1.88659,1.88679,95,18,0
2026-08-06 00:00:00,1.8867699999999998,1.8867699999999998,1.88622,1.88639,203,18,0
2026-08-06 00:15:00,1.8864100000000001,1.88665,1.88626,1.88636,163,18,0
2026-08-06 00:30:00,1.8863400000000001,1.88667,1.88628,1.88644,146,18,0
2026-08-06 00:45:00,1.88646,1.88652,1.8860700000000001,1.8860999999999999,201,18,0
2026-08-06 01:00:00,1.88612,1.88618,1.8857,1.88602,282,18,0
2026-08-06 01:15:00,1.8860000000000001,1.88609,1.88581,1.88591,184,18,0
2026-08-06 01:30:00,1.8858899999999998,1.8860299999999999,1.88581,1.8860000000000001,145,18,0
2026-08-06 01:45:00,1.88601,1.8862100000000002,1.8858899999999998,1.88615,152,18,0
2026-08-06 02:00:00,1.88618,1.88653,1.88618,1.88645,176,18,0
2026-08-06 02:15:00,1.88644,1.88666,1.8864100000000001,1.88649,130,18,0
2026-08-06 02:30:00,1.88647,1.88656,1.88628,1.88656,118,18,0
2026-08-06 02:45:00,1.88654,1.88656,1.88619,1.88629,145,18,0
2026-08-06 03:00:00,1.88631,1.88631,1.88599,1.88602,112,18,0
2026-08-06 03:15:00,1.8860299999999999,1.8860999999999999,1.88575,1.88584,143,18,0
2026-08-06 03:30:00,1.88582,1.88601,1.88582,1.88585,114,18,0
2026-08-06 03:45:00,1.8858700000000002,1.88597,1.88581,1.88597,92,18,0
2026-08-06 04:00:00,1.8860000000000001,1.8860999999999999,1.88594,1.88606,87,18,0
2026-08-06 04:15:00,1.88605,1.88622,1.88604,1.88612,64,18,0
2026-08-06 04:30:00,1.8860999999999999,1.88619,1.8860000000000001,1.88601,76,18,0
2026-08-06 04:45:00,1.8860299999999999,1.88608,1.8859599999999999,1.8860299999999999,74,18,0
2026-08-06 05:00:00,1.88602,1.88605,1.8858000000000001,1.8859,77,18,0
2026-08-06 05:15:00,1.88588,1.88594,1.8857300000000001,1.88578,77,18,0
2026-08-06 05:30:00,1.8858000000000001,1.88604,1.8857300000000001,1.88604,111,18,0
2026-08-06 05:45:00,1.8860299999999999,1.8862700000000001,1.88592,1.88619,106,18,0
2026-08-06 06:00:00,1.8862100000000002,1.88629,1.88561,1.88567,159,18,0
2026-08-06 06:15:00,1.88564,1.88636,1.8855,1.88635,240,18,0
2026-08-06 06:30:00,1.88633,1.88633,1.8853900000000001,1.88579,216,18,0
2026-08-06 06:45:00,1.88582,1.8859599999999999,1.8855,1.8858899999999998,219,18,0
2026-08-06 07:00:00,1.88591,1.88602,1.88552,1.8859,294,18,0
2026-08-06 07:15:00,1.8858899999999998,1.88619,1.8857300000000001,1.88605,255,18,0
2026-08-06 07:30:00,1.88604,1.88619,1.88554,1.8857,263,18,0
2026-08-06 07:45:00,1.8856899999999999,1.8860700000000001,1.8854199999999999,1.88581,276,18,0
2026-08-06 08:00:00,1.88579,1.88597,1.88559,1.88561,324,18,0
2026-08-06 08:15:00,1.8856000000000002,1.88601,1.88537,1.88593,267,18,0
2026-08-06 08:30:00,1.8859599999999999,1.88645,1.8856899999999999,1.88639,289,18,0
2026-08-06 08:45:00,1.88642,1.88652,1.8859599999999999,1.88604,242,18,0
2026-08-06 09:00:00,1.88606,1.8862100000000002,1.8856199999999999,1.88581,193,18,0
2026-08-06 09:15:00,1.8858000000000001,1.8860000000000001,1.88556,1.88582,196,18,0
2026-08-06 09:30:00,1.88584,1.88584,1.8846,1.88461,204,18,0
2026-08-06 09:45:00,1.88462,1.88513,1.8845100000000001,1.88513,184,18,0
2026-08-06 10:00:00,1.88516,1.88516,1.88473,1.8848500000000001,216,18,0
2026-08-06 10:15:00,1.88484,1.885,1.8845800000000001,1.88459,182,18,0
2026-08-06 10:30:00,1.88457,1.8845800000000001,1.88412,1.8844400000000001,173,18,0
2026-08-06 10:45:00,1.88442,1.88462,1.8841,1.88421,188,18,0
2026-08-06 11:00:00,1.88418,1.8846500000000002,1.88401,1.8845,297,18,0
2026-08-06 11:15:00,1.8844699999999999,1.88457,1.88408,1.88426,247,18,0
2026-08-06 11:30:00,1.88425,1.88443,1.88381,1.88426,252,18,0
2026-08-06 11:45:00,1.88425,1.8843,1.8837899999999999,1.88421,355,18,0
2026-08-06 12:00:00,1.88419,1.88491,1.88385,1.8848,406,18,0
2026-08-06 12:15:00,1.8848099999999999,1.88554,1.8847800000000001,1.88541,367,18,0
2026-08-06 12:30:00,1.8853900000000001,1.88572,1.88527,1.88559,266,18,0
2026-08-06 12:45:00,1.88557,1.8863699999999999,1.88538,1.8863400000000001,354,18,0
2026-08-06 13:00:00,1.8863699999999999,1.88762,1.88625,1.88728,469,18,0
2026-08-06 13:15:00,1.88727,1.8881000000000001,1.88713,1.88762,403,18,0
2026-08-06 13:30:00,1.88761,1.88868,1.88761,1.88846,472,18,0
2026-08-06 13:45:00,1.8884400000000001,1.88879,1.8881999999999999,1.88863,469,18,0
2026-08-06 14:00:00,1.8885999999999998,1.88882,1.88773,1.88811,469,18,0
2026-08-06 14:15:00,1.88814,1.8886500000000002,1.88787,1.88792,418,18,0
2026-08-06 14:30:00,1.88791,1.88835,1.8871799999999999,1.8874300000000002,410,18,0
2026-08-06 14:45:00,1.88742,1.88791,1.8873199999999999,1.88774,499,18,0
2026-08-06 15:00:00,1.88776,1.88827,1.8875,1.8879700000000001,480,18,0
2026-08-06 15:15:00,1.888,1.88809,1.8871799999999999,1.88755,465,18,0
2026-08-06 15:30:00,1.88757,1.8881000000000001,1.88757,1.8878599999999999,387,18,0
2026-08-06 15:45:00,1.88789,1.8881700000000001,1.88735,1.8874,432,18,0
2026-08-06 16:00:00,1.8874300000000002,1.8875199999999999,1.88701,1.88715,379,18,0
2026-08-06 16:15:00,1.88716,1.88741,1.88659,1.8873799999999998,336,18,0
2026-08-06 16:30:00,1.88739,1.8874,1.88653,1.88653,219,18,0
2026-08-06 16:45:00,1.88656,1.88669,1.8863699999999999,1.88652,244,18,0
2026-08-06 17:00:00,1.88655,1.8867699999999998,1.8864999999999998,1.88656,267,18,0
2026-08-06 17:15:00,1.88655,1.88662,1.88606,1.88609,254,18,0
2026-08-06 17:30:00,1.88613,1.8862100000000002,1.88537,1.88552,220,18,0
2026-08-06 17:45:00,1.8854899999999999,1.88586,1.88516,1.88575,228,18,0
2026-08-06 18:00:00,1.88574,1.88601,1.88547,1.88561,199,18,0
2026-08-06 18:15:00,1.88559,1.88564,1.88534,1.88541,170,18,0
2026-08-06 18:30:00,1.8854,1.88561,1.88516,1.88517,177,18,0
2026-08-06 18:45:00,1.88514,1.88565,1.885,1.8854600000000001,226,18,0
2026-08-06 19:00:00,1.88548,1.8857300000000001,1.88537,1.8855,213,18,0
2026-08-06 19:15:00,1.88551,1.8857300000000001,1.88507,1.88513,258,18,0
2026-08-06 19:30:00,1.88514,1.88538,1.8850099999999999,1.88524,224,18,0
2026-08-06 19:45:00,1.88523,1.8855300000000002,1.8851900000000001,1.8854,241,18,0
2026-08-06 20:00:00,1.88537,1.8854199999999999,1.8852,1.8853,120,18,0
2026-08-06 20:15:00,1.88531,1.88531,1.88486,1.8849,101,18,0
2026-08-06 20:30:00,1.88487,1.88502,1.88476,1.88484,105,18,0
2026-08-06 20:45:00,1.88482,1.88502,1.88473,1.88491,142,18,0
2026-08-06 21:00:00,1.88493,1.88493,1.88489,1.88493,14,48,0
2026-08-06 21:15:00,1.8849399999999998,1.88496,1.88455,1.88482,100,48,0
2026-08-06 21:30:00,1.88483,1.88484,1.88425,1.88425,100,48,0
2026-08-06 21:45:00,1.88422,1.88471,1.8840400000000002,1.88471,128,48,0
2026-08-06 22:00:00,1.88496,1.88518,1.88469,1.88518,111,28,0
2026-08-06 22:15:00,1.88517,1.88525,1.88513,1.88513,35,18,0
2026-08-06 22:30:00,1.88511,1.8851900000000001,1.8849200000000002,1.88496,63,18,0
2026-08-06 22:45:00,1.88495,1.88511,1.8849399999999998,1.8850799999999999,48,18,0
2026-08-06 23:00:00,1.8851,1.88514,1.88503,1.8851200000000001,39,18,0
2026-08-06 23:15:00,1.88513,1.88525,1.88509,1.88525,60,18,0
2026-08-06 23:30:00,1.8852799999999998,1.88534,1.88516,1.88531,94,18,0
2026-08-06 23:45:00,1.8853,1.8853900000000001,1.8851900000000001,1.88538,71,18,0
2026-08-07 00:00:00,1.8854199999999999,1.8854600000000001,1.88506,1.88511,122,18,0
2026-08-07 00:15:00,1.88514,1.88518,1.88495,1.88502,143,18,0
2026-08-07 00:30:00,1.8850099999999999,1.8851900000000001,1.88498,1.8851499999999999,104,18,0
2026-08-07 00:45:00,1.88517,1.88543,1.88507,1.88534,192,18,0
2026-08-07 01:00:00,1.88537,1.8854,1.88517,1.88529,197,18,0
2026-08-07 01:15:00,1.88525,1.88529,1.8851,1.8852799999999998,107,18,0
2026-08-07 01:30:00,1.8852600000000002,1.88548,1.8851900000000001,1.88544,176,18,0
2026-08-07 01:45:00,1.88547,1.8854899999999999,1.88527,1.88537,149,18,0
2026-08-07 02:00:00,1.88536,1.8855499999999998,1.88534,1.88552,107,18,0
2026-08-07 02:15:00,1.88551,1.88568,1.88551,1.88563,97,18,0
2026-08-07 02:30:00,1.88565,1.88571,1.88552,1.8856199999999999,106,18,0
2026-08-07 02:45:00,1.8856000000000002,1.8858899999999998,1.88557,1.88583,98,18,0
2026-08-07 03:00:00,1.8858700000000002,1.8859,1.88575,1.88585,82,18,0
2026-08-07 03:15:00,1.88586,1.88586,1.8856600000000001,1.88568,69,18,0
2026-08-07 03:30:00,1.8857,1.88577,1.8856199999999999,1.88564,67,18,0
2026-08-07 03:45:00,1.88563,1.88575,1.88558,1.88575,98,18,0
2026-08-07 04:00:00,1.8857599999999999,1.88586,1.88567,1.88574,116,18,0
2026-08-07 04:15:00,1.8857599999999999,1.88588,1.8857,1.8858000000000001,122,18,0
2026-08-07 04:30:00,1.88582,1.88608,1.88572,1.88595,113,18,0
2026-08-07 04:45:00,1.88594,1.88609,1.88588,1.88594,70,18,0
2026-08-07 05:00:00,1.8859599999999999,1.8863699999999999,1.8858899999999998,1.88633,82,18,0
2026-08-07 05:15:00,1.8863400000000001,1.88636,1.88622,1.8862700000000001,59,18,0
2026-08-07 05:30:00,1.88629,1.88647,1.8862,1.8862700000000001,105,18,0
2026-08-07 05:45:00,1.88629,1.88653,1.88592,1.88651,170,18,0
2026-08-07 06:00:00,1.88653,1.88721,1.88653,1.88721,188,18,0
2026-08-07 06:15:00,1.88723,1.88724,1.88687,1.88707,203,18,0
2026-08-07 06:30:00,1.88705,1.88705,1.88635,1.88652,195,18,0
2026-08-07 06:45:00,1.88651,1.88667,1.88636,1.88653,169,18,0
2026-08-07 07:00:00,1.88651,1.88652,1.88565,1.88608,319,18,0
2026-08-07 07:15:00,1.88606,1.88617,1.88557,1.8856600000000001,237,18,0
2026-08-07 07:30:00,1.8856899999999999,1.88595,1.8855499999999998,1.88574,227,18,0
2026-08-07 07:45:00,1.88575,1.88626,1.88575,1.8857599999999999,185,18,0
2026-08-07 08:00:00,1.88579,1.88615,1.88575,1.88583,207,18,0
2026-08-07 08:15:00,1.88584,1.8860999999999999,1.88552,1.88599,206,18,0
2026-08-07 08:30:00,1.88595,1.88619,1.88575,1.88584,247,18,0
2026-08-07 08:45:00,1.88583,1.88593,1.88497,1.88497,243,18,0
2026-08-07 09:00:00,1.88495,1.88521,1.88419,1.88459,272,18,0
2026-08-07 09:15:00,1.88462,1.8846500000000002,1.88403,1.88405,211,18,0
2026-08-07 09:30:00,1.88403,1.88403,1.88354,1.8837000000000002,233,18,0
2026-08-07 09:45:00,1.88366,1.8841,1.88353,1.8838300000000001,220,18,0
2026-08-07 10:00:00,1.88385,1.88427,1.88381,1.88385,217,18,0
2026-08-07 10:15:00,1.8838300000000001,1.8841,1.88381,1.8838599999999999,205,18,0
2026-08-07 10:30:00,1.88384,1.8842400000000001,1.88368,1.88369,209,18,0
2026-08-07 10:45:00,1.88368,1.8841299999999999,1.8836300000000001,1.88396,198,18,0
2026-08-07 11:00:00,1.8839700000000001,1.88443,1.8837899999999999,1.88426,264,18,0
2026-08-07 11:15:00,1.88425,1.88434,1.88377,1.8837899999999999,193,18,0
2026-08-07 11:30:00,1.88378,1.88436,1.88378,1.88415,237,18,0
2026-08-07 11:45:00,1.88412,1.88443,1.8840599999999998,1.88436,237,18,0
2026-08-07 12:00:00,1.88439,1.8846500000000002,1.8832200000000001,1.8832200000000001,361,18,0
2026-08-07 12:15:00,1.8832,1.8832,1.88251,1.88278,465,18,0
2026-08-07 12:30:00,1.88279,1.8866800000000001,1.8817300000000001,1.88382,1878,18,0
2026-08-07 12:45:00,1.8837899999999999,1.88415,1.88273,1.88283,1081,18,0
2026-08-07 13:00:00,1.88286,1.88314,1.88227,1.88259,786,18,0
2026-08-07 13:15:00,1.88263,1.8836,1.88247,1.88357,700,18,0
2026-08-07 13:30:00,1.8835899999999999,1.88422,1.88306,1.88394,783,18,0
2026-08-07 13:45:00,1.8839700000000001,1.8839700000000001,1.8814,1.8816000000000002,737,18,0
2026-08-07 14:00:00,1.88163,1.88178,1.87973,1.88124,792,18,0
2026-08-07 14:15:00,1.88125,1.88148,1.88049,1.88059,572,18,0
2026-08-07 14:30:00,1.88056,1.88121,1.88046,1.88091,542,18,0
2026-08-07 14:45:00,1.8809,1.88096,1.8795600000000001,1.8805800000000001,709,18,0
2026-08-07 15:00:00,1.88055,1.88068,1.8799000000000001,1.88007,528,18,0
2026-08-07 15:15:00,1.88008,1.8809900000000002,1.87975,1.88068,554,18,0
2026-08-07 15:30:00,1.88071,1.881,1.88032,1.88098,491,18,0
2026-08-07 15:45:00,1.88095,1.88095,1.87933,1.8803999999999998,475,18,0
2026-08-07 16:00:00,1.88042,1.88095,1.88023,1.88061,428,18,0
2026-08-07 16:15:00,1.88059,1.8813499999999999,1.88052,1.88097,492,18,0
2026-08-07 16:30:00,1.8809900000000002,1.88124,1.8806500000000002,1.88111,308,18,0
2026-08-07 16:45:00,1.8811200000000001,1.8812600000000002,1.88056,1.88056,321,18,0
2026-08-07 17:00:00,1.8805399999999999,1.88077,1.8800400000000002,1.88072,319,18,0
2026-08-07 17:15:00,1.88071,1.88082,1.88049,1.8808,236,18,0
2026-08-07 17:30:00,1.88083,1.8810099999999998,1.8805,1.88052,268,18,0
2026-08-07 17:45:00,1.8805399999999999,1.88095,1.88048,1.88077,210,18,0
2026-08-07 18:00:00,1.88075,1.8808,1.88043,1.8805,222,18,0
2026-08-07 18:15:00,1.88052,1.88079,1.88039,1.88069,218,18,0
2026-08-07 18:30:00,1.8807,1.88106,1.88063,1.88106,183,18,0
2026-08-07 18:45:00,1.88107,1.8812600000000002,1.88098,1.88122,185,18,0
2026-08-07 19:00:00,1.88125,1.88171,1.88117,1.88144,280,18,0
2026-08-07 19:15:00,1.8814199999999999,1.88193,1.88137,1.88182,289,18,0
2026-08-07 19:30:00,1.88183,1.8823400000000001,1.88178,1.8819,255,18,0
2026-08-07 19:45:00,1.88193,1.88209,1.88147,1.88179,286,18,0
2026-08-07 20:00:00,1.88177,1.8818000000000001,1.8815,1.88154,137,18,0
2026-08-07 20:15:00,1.88152,1.88165,1.88136,1.88138,113,18,0
2026-08-07 20:30:00,1.88136,1.88222,1.88125,1.88222,119,18,0
2026-08-07 20:45:00,1.8822,1.88226,1.8806699999999998,1.8808799999999999,394,18,0
2026-08-09 21:15:00,1.88192,1.88219,1.88185,1.88192,68,93,0
2026-08-09 21:30:00,1.8818899999999998,1.88229,1.8808099999999999,1.8816899999999999,293,83,0
2026-08-09 21:45:00,1.88145,1.88177,1.88046,1.8814899999999999,352,80,0
2026-08-09 22:00:00,1.8817300000000001,1.8817300000000001,1.88066,1.8809900000000002,140,28,0
2026-08-09 22:15:00,1.88095,1.88095,1.88059,1.88077,77,18,0
2026-08-09 22:30:00,1.88075,1.881,1.8806699999999998,1.88096,72,18,0
2026-08-09 22:45:00,1.88095,1.8811,1.8809200000000001,1.88103,62,18,0
2026-08-09 23:00:00,1.88104,1.88158,1.8809900000000002,1.8814899999999999,110,18,0
2026-08-09 23:15:00,1.88151,1.8818000000000001,1.8814899999999999,1.8818000000000001,87,18,0
2026-08-09 23:30:00,1.88179,1.88183,1.8815300000000001,1.88183,109,18,0
2026-08-09 23:45:00,1.8818000000000001,1.88198,1.88177,1.88186,167,18,0
2026-08-10 00:00:00,1.88184,1.88219,1.88184,1.8820700000000001,179,18,0
2026-08-10 00:15:00,1.88205,1.88216,1.88186,1.88191,148,18,0
2026-08-10 00:30:00,1.8818899999999998,1.88199,1.88177,1.88186,99,18,0
2026-08-10 00:45:00,1.88185,1.8818700000000002,1.88167,1.8817300000000001,160,18,0
2026-08-10 01:00:00,1.88175,1.8821400000000001,1.8813,1.88147,245,18,0
2026-08-10 01:15:00,1.8814600000000001,1.88177,1.8814600000000001,1.8815499999999998,138,18,0
2026-08-10 01:30:00,1.8815300000000001,1.8816000000000002,1.88125,1.8816000000000002,152,18,0
2026-08-10 01:45:00,1.8816199999999998,1.88188,1.8816000000000002,1.88186,172,18,0
2026-08-10 02:00:00,1.8819,1.8820000000000001,1.88175,1.8818700000000002,115,18,0
2026-08-10 02:15:00,1.88188,1.88201,1.88182,1.88201,101,18,0
2026-08-10 02:30:00,1.8820299999999999,1.8822299999999998,1.88198,1.88211,88,18,0
2026-08-10 02:45:00,1.88209,1.88219,1.8819599999999999,1.88204,88,18,0
2026-08-10 03:00:00,1.8820700000000001,1.88249,1.8820700000000001,1.88243,129,18,0
2026-08-10 03:15:00,1.88245,1.88267,1.88244,1.88253,108,18,0
2026-08-10 03:30:00,1.88252,1.88256,1.88239,1.8824999999999998,64,18,0
2026-08-10 03:45:00,1.8824800000000002,1.8827,1.8824800000000002,1.8826399999999999,75,18,0
2026-08-10 04:00:00,1.88266,1.88279,1.8825699999999999,1.88273,94,18,0
2026-08-10 04:15:00,1.88274,1.88297,1.88267,1.88286,72,18,0
2026-08-10 04:30:00,1.88285,1.8829799999999999,1.88276,1.8829799999999999,77,18,0
2026-08-10 04:45:00,1.88297,1.8832,1.8829099999999999,1.8829099999999999,90,18,0
2026-08-10 05:00:00,1.8829,1.8831799999999999,1.8829,1.88307,112,18,0
2026-08-10 05:15:00,1.88308,1.88314,1.8829799999999999,1.88304,66,18,0
2026-08-10 05:30:00,1.88306,1.8832,1.88292,1.8829500000000001,131,18,0
2026-08-10 05:45:00,1.88296,1.8833199999999999,1.88287,1.8833199999999999,138,18,0
2026-08-10 06:00:00,1.88334,1.88365,1.88283,1.8829,237,18,0
2026-08-10 06:15:00,1.88294,1.8834,1.8829099999999999,1.88313,255,18,0
2026-08-10 06:30:00,1.8831099999999998,1.88331,1.88286,1.88286,240,18,0
2026-08-10 06:45:00,1.88289,1.8830900000000002,1.88276,1.88297,164,18,0
2026-08-10 07:00:00,1.883,1.88308,1.88243,1.88265,283,18,0
2026-08-10 07:15:00,1.8826100000000001,1.88273,1.8822,1.8822100000000002,252,18,0
2026-08-10 07:30:00,1.8822,1.88256,1.88211,1.88224,251,18,0
2026-08-10 07:45:00,1.8822100000000002,1.88244,1.8814199999999999,1.88152,287,18,0
2026-08-10 08:00:00,1.8815300000000001,1.8821400000000001,1.88136,1.88205,300,18,0
2026-08-10 08:15:00,1.88206,1.88213,1.88136,1.8816000000000002,227,18,0
2026-08-10 08:30:00,1.88161,1.88215,1.88161,1.8820700000000001,177,18,0
2026-08-10 08:45:00,1.88208,1.88225,1.8814,1.88225,222,18,0
2026-08-10 09:00:00,1.88228,1.88267,1.8822100000000002,1.88266,221,18,0
2026-08-10 09:15:00,1.8826800000000001,1.8826800000000001,1.8823699999999999,1.88254,129,18,0
2026-08-10 09:30:00,1.8825699999999999,1.8826100000000001,1.88148,1.88151,250,18,0
2026-08-10 09:45:00,1.8815,1.88175,1.88141,1.88152,209,18,0
2026-08-10 10:00:00,1.8814899999999999,1.8820299999999999,1.8812600000000002,1.88188,266,18,0
2026-08-10 10:15:00,1.88192,1.88233,1.88181,1.88197,167,18,0
2026-08-10 10:30:00,1.88199,1.88243,1.88178,1.88182,225,18,0
2026-08-10 10:45:00,1.88183,1.8820999999999999,1.88156,1.88184,222,18,0
2026-08-10 11:00:00,1.8818700000000002,1.88193,1.8812600000000002,1.8813499999999999,274,18,0
2026-08-10 11:15:00,1.88136,1.88183,1.88132,1.88174,258,18,0
2026-08-10 11:30:00,1.88171,1.88212,1.88164,1.88204,246,18,0
2026-08-10 11:45:00,1.88206,1.8820700000000001,1.88166,1.88192,208,18,0
2026-08-10 12:00:00,1.8818899999999998,1.88229,1.8817599999999999,1.88179,307,18,0
2026-08-10 12:15:00,1.88177,1.88255,1.88175,1.88215,331,18,0
2026-08-10 12:30:00,1.88218,1.8822999999999999,1.8817300000000001,1.88175,305,18,0
2026-08-10 12:45:00,1.88174,1.88231,1.8817,1.88215,284,18,0
2026-08-10 13:00:00,1.88218,1.8839299999999999,1.88218,1.8835600000000001,427,18,0
2026-08-10 13:15:00,1.88358,1.88427,1.88353,1.88387,373,18,0
2026-08-10 13:30:00,1.88385,1.88483,1.88368,1.88394,467,18,0
2026-08-10 13:45:00,1.88391,1.88414,1.88335,1.88384,525,18,0
2026-08-10 14:00:00,1.88385,1.88531,1.88375,1.88483,466,18,0
2026-08-10 14:15:00,1.8848099999999999,1.8849,1.88408,1.8844400000000001,333,18,0
2026-08-10 14:30:00,1.8844699999999999,1.8854899999999999,1.88445,1.88536,358,18,0
2026-08-10 14:45:00,1.88537,1.88593,1.88464,1.88502,691,18,0
2026-08-10 15:00:00,1.88498,1.88536,1.88403,1.88441,471,18,0
2026-08-10 15:15:00,1.8843999999999999,1.88457,1.88374,1.88426,332,18,0
2026-08-10 15:30:00,1.8842400000000001,1.88452,1.8841299999999999,1.88425,323,18,0
2026-08-10 15:45:00,1.8842400000000001,1.88445,1.88354,1.88378,334,18,0
2026-08-10 16:00:00,1.8838,1.88402,1.88357,1.88384,259,18,0
2026-08-10 16:15:00,1.88381,1.88381,1.8831,1.88338,200,18,0
2026-08-10 16:30:00,1.88335,1.88342,1.8826399999999999,1.88269,307,18,0
2026-08-10 16:45:00,1.8827099999999999,1.88305,1.8824999999999998,1.88281,256,18,0
2026-08-10 17:00:00,1.8828,1.88344,1.88277,1.88327,226,18,0
2026-08-10 17:15:00,1.8832499999999999,1.8836300000000001,1.8831,1.88355,193,18,0
2026-08-10 17:30:00,1.88357,1.88375,1.88342,1.88355,155,18,0
2026-08-10 17:45:00,1.88353,1.88357,1.8831099999999998,1.8834,167,18,0
2026-08-10 18:00:00,1.88342,1.8834499999999998,1.88324,1.88344,120,18,0
2026-08-10 18:15:00,1.8834499999999998,1.8835899999999999,1.88316,1.88342,144,18,0
2026-08-10 18:30:00,1.8834,1.8835,1.88304,1.88327,166,18,0
2026-08-10 18:45:00,1.88328,1.88338,1.8829099999999999,1.88333,240,18,0
2026-08-10 19:00:00,1.88335,1.8834,1.88296,1.88314,140,18,0
2026-08-10 19:15:00,1.88312,1.88315,1.8827,1.88283,126,18,0
2026-08-10 19:30:00,1.88281,1.8828200000000002,1.88228,1.88243,134,18,0
2026-08-10 19:45:00,1.88239,1.88283,1.8823699999999999,1.88278,187,18,0
2026-08-10 20:00:00,1.88279,1.8829500000000001,1.88267,1.88277,99,18,0
2026-08-10 20:15:00,1.88276,1.8829099999999999,1.88239,1.88244,65,18,0
2026-08-10 20:30:00,1.88243,1.88294,1.88242,1.88289,52,18,0
2026-08-10 20:45:00,1.88288,1.8829,1.88258,1.88272,90,18,0
2026-08-10 21:00:00,1.8827099999999999,1.8827099999999999,1.88269,1.88269,3,48,0
2026-08-10 21:15:00,1.8827,1.8827,1.8826,1.88266,46,48,0
2026-08-10 21:30:00,1.8826800000000001,1.8826800000000001,1.88212,1.88236,74,52,0
2026-08-10 21:45:00,1.88239,1.88246,1.88235,1.88242,46,48,0
2026-08-10 22:00:00,1.88243,1.88273,1.88243,1.88267,81,28,0
2026-08-10 22:15:00,1.8826800000000001,1.88281,1.88259,1.88279,39,18,0
2026-08-10 22:30:00,1.8827,1.88277,1.8825699999999999,1.88262,32,18,0
2026-08-10 22:45:00,1.8826100000000001,1.88273,1.8826100000000001,1.88269,33,18,0
2026-08-10 23:00:00,1.88267,1.88273,1.88252,1.88255,56,18,0
2026-08-10 23:15:00,1.88254,1.88274,1.88253,1.88274,53,18,0
2026-08-10 23:30:00,1.88276,1.88276,1.88227,1.88229,109,18,0
2026-08-10 23:45:00,1.8822999999999999,1.8825699999999999,1.88229,1.88244,108,18,0
2026-08-11 00:00:00,1.88246,1.88251,1.88229,1.88247,120,18,0
2026-08-11 00:15:00,1.88246,1.8826,1.8823699999999999,1.8825699999999999,107,18,0
2026-08-11 00:30:00,1.88255,1.88255,1.8824,1.88247,111,18,0
2026-08-11 00:45:00,1.8824999999999998,1.88255,1.8822100000000002,1.88228,109,18,0
2026-08-11 01:00:00,1.88226,1.88245,1.8820299999999999,1.8820999999999999,186,18,0
2026-08-11 01:15:00,1.88212,1.88252,1.88201,1.8822999999999999,136,18,0
2026-08-11 01:30:00,1.88229,1.88258,1.88219,1.8822100000000002,127,18,0
2026-08-11 01:45:00,1.88219,1.88244,1.88218,1.88222,107,18,0
2026-08-11 02:00:00,1.8822100000000002,1.88233,1.88212,1.8821400000000001,117,18,0
2026-08-11 02:15:00,1.88216,1.88219,1.8820299999999999,1.88205,105,18,0
2026-08-11 02:30:00,1.88204,1.88219,1.88199,1.8820000000000001,101,18,0
2026-08-11 02:45:00,1.88201,1.8820299999999999,1.88164,1.88172,110,18,0
2026-08-11 03:00:00,1.88174,1.88208,1.8817300000000001,1.88206,105,18,0
2026-08-11 03:15:00,1.88208,1.8823400000000001,1.8819599999999999,1.88233,99,18,0
2026-08-11 03:30:00,1.8823400000000001,1.8824,1.88205,1.88206,98,18,0
2026-08-11 03:45:00,1.8820700000000001,1.8820999999999999,1.88197,1.88199,83,18,0
2026-08-11 04:00:00,1.8820299999999999,1.88212,1.88197,1.8820000000000001,82,18,0
2026-08-11 04:15:00,1.88204,1.88216,1.88199,1.88215,69,18,0
2026-08-11 04:30:00,1.88216,1.8822999999999999,1.8817599999999999,1.88178,179,18,0
2026-08-11 04:45:00,1.88179,1.88222,1.88174,1.88211,131,18,0
2026-08-11 05:00:00,1.88212,1.88215,1.88177,1.88185,96,18,0
2026-08-11 05:15:00,1.88182,1.88185,1.88165,1.88167,87,18,0
2026-08-11 05:30:00,1.88166,1.8821400000000001,1.88166,1.8821400000000001,153,18,0
2026-08-11 05:45:00,1.88213,1.88213,1.88177,1.88191,166,18,0
2026-08-11 06:00:00,1.88195,1.8826399999999999,1.88195,1.88247,242,18,0
2026-08-11 06:15:00,1.8824999999999998,1.8825699999999999,1.88158,1.88165,307,18,0
2026-08-11 06:30:00,1.88167,1.8817300000000001,1.8809200000000001,1.88143,252,18,0
2026-08-11 06:45:00,1.88145,1.8815300000000001,1.8812799999999998,1.88151,211,18,0
2026-08-11 07:00:00,1.8815300000000001,1.88256,1.88147,1.88218,328,18,0
2026-08-11 07:15:00,1.8821400000000001,1.8821400000000001,1.88114,1.88117,284,18,0
2026-08-11 07:30:00,1.8811900000000001,1.88159,1.8809200000000001,1.8814,313,18,0
2026-08-11 07:45:00,1.88136,1.8820000000000001,1.8812600000000002,1.88184,331,18,0
2026-08-11 08:00:00,1.88185,1.88219,1.8814199999999999,1.8815,352,18,0
2026-08-11 08:15:00,1.88152,1.8819599999999999,1.88152,1.88186,177,18,0
2026-08-11 08:30:00,1.88183,1.88222,1.88183,1.88193,207,18,0
2026-08-11 08:45:00,1.88192,1.8819599999999999,1.88137,1.88154,191,18,0
2026-08-11 09:00:00,1.88151,1.8816899999999999,1.8807,1.8808099999999999,215,18,0
2026-08-11 09:15:00,1.88082,1.88117,1.8807,1.88113,186,18,0
2026-08-11 09:30:00,1.88116,1.8815,1.88107,1.8812600000000002,172,18,0
2026-08-11 09:45:00,1.88124,1.8814600000000001,1.88122,1.88131,159,18,0
2026-08-11 10:00:00,1.88133,1.88145,1.88079,1.88079,181,18,0
2026-08-11 10:15:00,1.8808,1.88114,1.8805100000000001,1.88086,249,18,0
2026-08-11 10:30:00,1.8808500000000001,1.88127,1.8807399999999999,1.8809399999999998,178,18,0
2026-08-11 10:45:00,1.88097,1.88121,1.88034,1.88046,187,18,0
2026-08-11 11:00:00,1.8804400000000001,1.88147,1.88028,1.8809900000000002,738,18,0
2026-08-11 11:15:00,1.88103,1.88125,1.88046,1.88068,331,18,0
2026-08-11 11:30:00,1.88069,1.88098,1.8804400000000001,1.88077,290,18,0
2026-08-11 11:45:00,1.88076,1.88104,1.8803800000000002,1.8807399999999999,264,18,0
2026-08-11 12:00:00,1.88077,1.8814600000000001,1.88059,1.88121,314,18,0
2026-08-11 12:15:00,1.88118,1.88133,1.8805,1.8805,328,18,0
2026-08-11 12:30:00,1.88052,1.8808500000000001,1.8803100000000001,1.8805399999999999,313,18,0
2026-08-11 12:45:00,1.8805800000000001,1.8809200000000001,1.88055,1.88083,250,18,0
2026-08-11 13:00:00,1.8808500000000001,1.88124,1.8807399999999999,1.8809900000000002,325,18,0
2026-08-11 13:15:00,1.88098,1.88151,1.88091,1.88148,275,18,0
2026-08-11 13:30:00,1.88151,1.88212,1.88093,1.88201,437,18,0
2026-08-11 13:45:00,1.88202,1.88236,1.88158,1.88161,355,18,0
2026-08-11 14:00:00,1.88158,1.88167,1.88096,1.88102,340,18,0
2026-08-11 14:15:00,1.8809900000000002,1.8812600000000002,1.88075,1.88107,312,18,0
2026-08-11 14:30:00,1.88103,1.88164,1.88096,1.88164,281,18,0
2026-08-11 14:45:00,1.88165,1.88167,1.88091,1.88118,389,18,0
2026-08-11 15:00:00,1.88121,1.88163,1.88113,1.88127,302,18,0
2026-08-11 15:15:00,1.8812799999999998,1.88183,1.88124,1.88165,240,18,0
2026-08-11 15:30:00,1.88167,1.88167,1.88066,1.8809399999999998,365,18,0
2026-08-11 15:45:00,1.88095,1.88164,1.88086,1.88164,271,18,0
2026-08-11 16:00:00,1.88167,1.88174,1.88059,1.88061,255,18,0
2026-08-11 16:15:00,1.88064,1.88071,1.87958,1.8797899999999998,220,18,0
2026-08-11 16:30:00,1.8797700000000002,1.88018,1.87962,1.8797000000000001,215,18,0
2026-08-11 16:45:00,1.87969,1.8798300000000001,1.8793199999999999,1.87942,232,18,0
2026-08-11 17:00:00,1.87939,1.87954,1.87881,1.87881,255,18,0
2026-08-11 17:15:00,1.87878,1.8792,1.87878,1.8791,153,18,0
2026-08-11 17:30:00,1.87913,1.87949,1.8790200000000001,1.87949,169,18,0
2026-08-11 17:45:00,1.87951,1.8798,1.87939,1.87967,157,18,0
2026-08-11 18:00:00,1.8796300000000001,1.87964,1.87912,1.87927,166,18,0
2026-08-11 18:15:00,1.8793,1.87937,1.8786800000000001,1.8787,216,18,0
2026-08-11 18:30:00,1.87869,1.87921,1.8786800000000001,1.87917,176,18,0
2026-08-11 18:45:00,1.87915,1.87944,1.87912,1.87944,152,18,0
2026-08-11 19:00:00,1.87946,1.8797899999999998,1.8794300000000002,1.87976,159,18,0
2026-08-11 19:15:00,1.8797700000000002,1.8798599999999999,1.8796,1.87981,110,18,0
2026-08-11 19:30:00,1.8798,1.88,1.87975,1.87994,106,18,0
2026-08-11 19:45:00,1.8799299999999999,1.88082,1.87988,1.88082,143,18,0
2026-08-11 20:00:00,1.88083,1.88098,1.88059,1.88075,119,18,0
2026-08-11 20:15:00,1.88073,1.88077,1.88045,1.88045,46,18,0
2026-08-11 20:30:00,1.88046,1.88063,1.88037,1.8805399999999999,54,18,0
2026-08-11 20:45:00,1.88055,1.88093,1.88041,1.88071,121,18,0
2026-08-11 21:00:00,1.88072,1.88072,1.8806699999999998,1.8806699999999998,4,48,0
2026-08-11 21:15:00,1.8806500000000002,1.8806500000000002,1.88008,1.88028,59,48,0
2026-08-11 21:30:00,1.8802699999999999,1.88048,1.8802699999999999,1.8804400000000001,52,48,0
2026-08-11 21:45:00,1.8804400000000001,1.88064,1.8804400000000001,1.88064,46,48,0
2026-08-11 22:00:00,1.88068,1.88075,1.88014,1.88055,115,28,0
2026-08-11 22:15:00,1.88057,1.8806699999999998,1.88049,1.8806500000000002,23,18,0
2026-08-11 22:30:00,1.88059,1.8807800000000001,1.88049,1.88052,74,18,0
2026-08-11 22:45:00,1.8804400000000001,1.8805,1.88035,1.88041,48,18,0
2026-08-11 23:00:00,1.8803999999999998,1.88049,1.8803299999999998,1.8803299999999998,62,18,0
2026-08-11 23:15:00,1.88035,1.88069,1.88032,1.88066,62,18,0
2026-08-11 23:30:00,1.8806699999999998,1.8806699999999998,1.8803999999999998,1.88045,49,18,0
2026-08-11 23:45:00,1.88043,1.88056,1.8802699999999999,1.88042,69,18,0
2026-08-12 00:00:00,1.88041,1.88056,1.88025,1.88053,154,18,0
2026-08-12 00:15:00,1.8805399999999999,1.88055,1.88039,1.88053,90,18,0
2026-08-12 00:30:00,1.88052,1.8805399999999999,1.88036,1.88042,87,18,0
2026-08-12 00:45:00,1.8803999999999998,1.88061,1.88036,1.88055,110,18,0
2026-08-12 01:00:00,1.88052,1.88069,1.88041,1.8806699999999998,170,18,0
2026-08-12 01:15:00,1.88066,1.88076,1.88052,1.88072,145,18,0
2026-08-12 01:30:00,1.88075,1.8809900000000002,1.8805399999999999,1.88093,100,18,0
2026-08-12 01:45:00,1.8809200000000001,1.88127,1.88091,1.8811,115,18,0
2026-08-12 02:00:00,1.88111,1.88113,1.8808500000000001,1.8808500000000001,133,18,0
2026-08-12 02:15:00,1.88086,1.88106,1.88079,1.88104,95,18,0
2026-08-12 02:30:00,1.88105,1.8812,1.8809,1.88095,89,18,0
2026-08-12 02:45:00,1.88098,1.88106,1.88091,1.881,76,18,0
2026-08-12 03:00:00,1.88098,1.8811200000000001,1.88089,1.88106,94,18,0
2026-08-12 03:15:00,1.88105,1.8811200000000001,1.8809900000000002,1.8811200000000001,70,18,0
2026-08-12 03:30:00,1.88111,1.88116,1.8809900000000002,1.881,52,18,0
2026-08-12 03:45:00,1.8810099999999998,1.8811,1.88093,1.88098,58,18,0
2026-08-12 04:00:00,1.88097,1.88113,1.88091,1.88104,64,18,0
2026-08-12 04:15:00,1.88105,1.8811499999999999,1.88098,1.8811499999999999,63,18,0
2026-08-12 04:30:00,1.88114,1.8813499999999999,1.88104,1.88132,56,18,0
2026-08-12 04:45:00,1.88134,1.88148,1.88132,1.8814600000000001,52,18,0
2026-08-12 05:00:00,1.88145,1.8815300000000001,1.88138,1.88145,74,18,0
2026-08-12 05:15:00,1.8814600000000001,1.88154,1.88111,1.8811900000000001,115,18,0
2026-08-12 05:30:00,1.8812,1.88141,1.8811200000000001,1.88118,86,18,0
2026-08-12 05:45:00,1.88117,1.88138,1.88116,1.88129,105,18,0
2026-08-12 06:00:00,1.88133,1.88141,1.88096,1.88107,163,18,0
2026-08-12 06:15:00,1.88109,1.88116,1.88098,1.88111,134,18,0
2026-08-12 06:30:00,1.8811200000000001,1.8815300000000001,1.88091,1.88143,186,18,0
2026-08-12 06:45:00,1.88141,1.88166,1.8814,1.88161,193,18,0
2026-08-12 07:00:00,1.88164,1.8820299999999999,1.8814899999999999,1.8820299999999999,255,18,0
2026-08-12 07:15:00,1.8820000000000001,1.88224,1.8819599999999999,1.88212,145,18,0
2026-08-12 07:30:00,1.88215,1.88233,1.88178,1.88181,215,18,0
2026-08-12 07:45:00,1.88183,1.88209,1.88132,1.88154,204,18,0
2026-08-12 08:00:00,1.88151,1.88199,1.88147,1.8819,217,18,0
2026-08-12 08:15:00,1.88193,1.88213,1.8815,1.8817599999999999,188,18,0
2026-08-12 08:30:00,1.88175,1.88206,1.8816000000000002,1.8820299999999999,176,18,0
2026-08-12 08:45:00,1.88202,1.88227,1.88188,1.88205,146,18,0
2026-08-12 09:00:00,1.8820700000000001,1.88321,1.8820700000000001,1.88305,229,18,0
2026-08-12 09:15:00,1.88304,1.88434,1.88289,1.88305,503,18,0
2026-08-12 09:30:00,1.88307,1.88338,1.88286,1.88335,308,18,0
2026-08-12 09:45:00,1.88337,1.88373,1.88279,1.88301,337,18,0
2026-08-12 10:00:00,1.88299,1.88367,1.88287,1.8835199999999999,286,18,0
2026-08-12 10:15:00,1.88353,1.88391,1.88335,1.88378,188,18,0
2026-08-12 10:30:00,1.8837899999999999,1.8839000000000001,1.88346,1.8839000000000001,158,18,0
2026-08-12 10:45:00,1.8839299999999999,1.88398,1.8829799999999999,1.8829799999999999,319,18,0
2026-08-12 11:00:00,1.88301,1.88369,1.88287,1.88369,251,18,0
2026-08-12 11:15:00,1.88368,1.88376,1.8832200000000001,1.88346,218,18,0
2026-08-12 11:30:00,1.88348,1.88378,1.88323,1.88378,205,18,0
2026-08-12 11:45:00,1.8837899999999999,1.8842400000000001,1.88362,1.88367,300,18,0
2026-08-12 12:00:00,1.88366,1.88385,1.88319,1.88365,301,18,0
2026-08-12 12:15:00,1.8836,1.8836,1.8819599999999999,1.88272,441,18,0
2026-08-12 12:30:00,1.8827099999999999,1.88449,1.8811,1.88348,1478,18,0
2026-08-12 12:45:00,1.8834499999999998,1.8834499999999998,1.8826,1.88315,816,18,0
2026-08-12 13:00:00,1.88313,1.8835899999999999,1.88251,1.88272,735,18,0
2026-08-12 13:15:00,1.8827099999999999,1.88313,1.88213,1.88258,577,18,0
2026-08-12 13:30:00,1.88256,1.8826100000000001,1.88086,1.88095,648,18,0
2026-08-12 13:45:00,1.8809200000000001,1.88227,1.8808,1.88181,587,18,0
2026-08-12 14:00:00,1.88178,1.88192,1.88084,1.8810099999999998,489,18,0
2026-08-12 14:15:00,1.881,1.88129,1.8806,1.88079,445,18,0
2026-08-12 14:30:00,1.88077,1.88129,1.8801299999999999,1.88098,514,18,0
2026-08-12 14:45:00,1.88096,1.88111,1.88034,1.88072,515,18,0
2026-08-12 15:00:00,1.8807399999999999,1.8807399999999999,1.87987,1.8801999999999999,434,18,0
2026-08-12 15:15:00,1.88019,1.88025,1.87971,1.87989,274,18,0
2026-08-12 15:30:00,1.87992,1.8803800000000002,1.87989,1.8802400000000001,266,18,0
2026-08-12 15:45:00,1.88021,1.8808099999999999,1.8801,1.88049,286,18,0
2026-08-12 16:00:00,1.88052,1.8814,1.88043,1.88129,291,18,0
2026-08-12 16:15:00,1.8812799999999998,1.88144,1.88107,1.88138,263,18,0
2026-08-12 16:30:00,1.8814,1.88167,1.8811900000000001,1.8814600000000001,241,18,0
2026-08-12 16:45:00,1.8815,1.8815499999999998,1.88109,1.88152,292,18,0
2026-08-12 17:00:00,1.8815300000000001,1.88236,1.8815300000000001,1.88211,286,18,0
2026-08-12 17:15:00,1.88209,1.88209,1.8815300000000001,1.88181,211,18,0
2026-08-12 17:30:00,1.88185,1.88192,1.88159,1.88165,187,18,0
2026-08-12 17:45:00,1.88164,1.88172,1.88137,1.88137,188,18,0
2026-08-12 18:00:00,1.88138,1.88138,1.88089,1.8811200000000001,198,18,0
2026-08-12 18:15:00,1.88114,1.88124,1.88097,1.881,130,18,0
2026-08-12 18:30:00,1.88102,1.88121,1.88095,1.88097,133,18,0
2026-08-12 18:45:00,1.88096,1.88102,1.88072,1.88095,153,18,0
2026-08-12 19:00:00,1.8809900000000002,1.88103,1.88061,1.88084,157,18,0
2026-08-12 19:15:00,1.88083,1.88116,1.8808,1.88102,103,18,0
2026-08-12 19:30:00,1.88105,1.8813,1.88095,1.88111,166,18,0
2026-08-12 19:45:00,1.8811,1.88121,1.88055,1.88079,208,18,0
2026-08-12 20:00:00,1.88077,1.88089,1.8806,1.88076,105,18,0
2026-08-12 20:15:00,1.88079,1.88096,1.8806,1.8809399999999998,70,18,0
2026-08-12 20:30:00,1.88091,1.88123,1.88084,1.88123,58,18,0
2026-08-12 20:45:00,1.8812600000000002,1.88133,1.88087,1.88087,165,18,0
2026-08-12 21:00:00,1.8808799999999999,1.88089,1.8808799999999999,1.88089,2,48,0
2026-08-12 21:15:00,1.8808799999999999,1.8809399999999998,1.88079,1.88086,95,48,0
2026-08-12 21:30:00,1.88084,1.88086,1.88032,1.88068,87,48,0
2026-08-12 21:45:00,1.88069,1.88086,1.88068,1.88084,47,48,0
2026-08-12 22:00:00,1.8808799999999999,1.88095,1.8805399999999999,1.88095,55,28,0
2026-08-12 22:15:00,1.88097,1.88106,1.8809200000000001,1.88098,45,28,0
2026-08-12 22:30:00,1.88096,1.88104,1.8809200000000001,1.88098,56,18,0
2026-08-12 22:45:00,1.8809900000000002,1.88111,1.8808500000000001,1.88102,55,18,0
2026-08-12 23:00:00,1.88105,1.88124,1.881,1.88117,57,18,0
2026-08-12 23:15:00,1.88118,1.88138,1.8811200000000001,1.88138,33,18,0
2026-08-12 23:30:00,1.88137,1.88137,1.88103,1.88106,78,18,0
2026-08-12 23:45:00,1.88107,1.88141,1.88103,1.8813499999999999,100,18,0
2026-08-13 00:00:00,1.88137,1.88159,1.8812600000000002,1.8812600000000002,130,18,0
2026-08-13 00:15:00,1.88127,1.8814,1.88123,1.88127,106,18,0
2026-08-13 00:30:00,1.8812799999999998,1.8813900000000001,1.88121,1.8812799999999998,139,18,0
2026-08-13 00:45:00,1.88127,1.8812799999999998,1.88104,1.88118,149,18,0
2026-08-13 01:00:00,1.88121,1.8815300000000001,1.8811200000000001,1.88127,170,18,0
2026-08-13 01:15:00,1.88125,1.88158,1.88123,1.88158,119,18,0
2026-08-13 01:30:00,1.8816000000000002,1.88175,1.88145,1.88147,114,18,0
2026-08-13 01:45:00,1.8814600000000001,1.8815499999999998,1.88113,1.88124,141,18,0
2026-08-13 02:00:00,1.88125,1.88133,1.8812,1.88133,73,18,0
2026-08-13 02:15:00,1.88131,1.88131,1.88111,1.88114,97,18,0
2026-08-13 02:30:00,1.88113,1.8811499999999999,1.8809900000000002,1.88114,108,18,0
2026-08-13 02:45:00,1.8811200000000001,1.8811499999999999,1.88091,1.8809900000000002,83,18,0
2026-08-13 03:00:00,1.8810099999999998,1.88137,1.88095,1.88132,197,18,0
2026-08-13 03:15:00,1.88133,1.88148,1.8811900000000001,1.88137,117,18,0
2026-08-13 03:30:00,1.88138,1.88154,1.8812799999999998,1.88154,84,18,0
2026-08-13 03:45:00,1.88152,1.88159,1.88137,1.8813900000000001,94,18,0
2026-08-13 04:00:00,1.88137,1.88137,1.8811,1.8811,89,18,0
2026-08-13 04:15:00,1.8811200000000001,1.88117,1.88097,1.881,67,18,0
2026-08-13 04:30:00,1.8810099999999998,1.88124,1.8809900000000002,1.8811200000000001,78,18,0
2026-08-13 04:45:00,1.8811499999999999,1.8817599999999999,1.8811200000000001,1.88171,196,18,0
2026-08-13 05:00:00,1.88168,1.88175,1.88151,1.88167,127,18,0
2026-08-13 05:15:00,1.8817,1.88197,1.8816899999999999,1.8818700000000002,102,18,0
2026-08-13 05:30:00,1.88186,1.88186,1.88143,1.8814600000000001,116,18,0
2026-08-13 05:45:00,1.88148,1.88174,1.8813900000000001,1.88151,116,18,0
2026-08-13 06:00:00,1.88154,1.88197,1.88154,1.88158,245,18,0
2026-08-13 06:15:00,1.88159,1.8820299999999999,1.88114,1.88122,240,18,0
2026-08-13 06:30:00,1.8812,1.88121,1.88041,1.88093,321,18,0
2026-08-13 06:45:00,1.8809200000000001,1.88122,1.8808799999999999,1.88105,240,18,0
2026-08-13 07:00:00,1.88104,1.88116,1.88003,1.8803299999999998,346,18,0
2026-08-13 07:15:00,1.88034,1.88122,1.88028,1.8810799999999999,245,18,0
2026-08-13 07:30:00,1.88109,1.8814,1.88086,1.88132,245,18,0
2026-08-13 07:45:00,1.88134,1.88168,1.8808099999999999,1.8809,287,18,0
2026-08-13 08:00:00,1.8808799999999999,1.8808799999999999,1.8803999999999998,1.8804699999999999,299,18,0
2026-08-13 08:15:00,1.88049,1.8807800000000001,1.88014,1.88068,204,18,0
2026-08-13 08:30:00,1.8807,1.8812,1.88064,1.88072,217,18,0
2026-08-13 08:45:00,1.88069,1.8809900000000002,1.8803800000000002,1.8804699999999999,200,18,0
2026-08-13 09:00:00,1.88049,1.8806,1.88012,1.8806,245,18,0
2026-08-13 09:15:00,1.8805800000000001,1.88086,1.8802699999999999,1.8805800000000001,287,18,0
2026-08-13 09:30:00,1.88061,1.88093,1.88049,1.88061,172,18,0
2026-08-13 09:45:00,1.88064,1.88089,1.8798599999999999,1.88022,246,18,0
2026-08-13 10:00:00,1.88023,1.88102,1.8801299999999999,1.88102,258,18,0
2026-08-13 10:15:00,1.88104,1.88134,1.88089,1.88121,198,18,0
2026-08-13 10:30:00,1.88123,1.88144,1.8809900000000002,1.88111,239,18,0
2026-08-13 10:45:00,1.88113,1.88113,1.88005,1.88023,258,18,0
2026-08-13 11:00:00,1.88022,1.8808500000000001,1.8800599999999998,1.88063,246,18,0
2026-08-13 11:15:00,1.8806,1.8808799999999999,1.88056,1.8808799999999999,191,18,0
2026-08-13 11:30:00,1.88087,1.8811200000000001,1.88057,1.88089,215,18,0
2026-08-13 11:45:00,1.88087,1.88133,1.8808,1.88125,274,18,0
2026-08-13 12:00:00,1.88123,1.8816899999999999,1.88104,1.8814199999999999,257,18,0
2026-08-13 12:15:00,1.8813900000000001,1.8813900000000001,1.8808500000000001,1.88125,226,18,0
2026-08-13 12:30:00,1.88124,1.88178,1.88077,1.88129,572,18,0
2026-08-13 12:45:00,1.8812600000000002,1.88181,1.88097,1.88167,519,18,0
2026-08-13 13:00:00,1.88171,1.88198,1.8808099999999999,1.8811900000000001,513,18,0
2026-08-13 13:15:00,1.88122,1.88165,1.8812,1.8815,383,18,0
2026-08-13 13:30:00,1.88147,1.88186,1.88124,1.88168,484,18,0
2026-08-13 13:45:00,1.8817,1.88312,1.88166,1.88312,562,18,0
2026-08-13 14:00:00,1.8830900000000002,1.8837000000000002,1.88296,1.88323,550,18,0
2026-08-13 14:15:00,1.8832499999999999,1.88349,1.8824100000000001,1.8824800000000002,490,18,0
2026-08-13 14:30:00,1.88249,1.8829799999999999,1.88236,1.8824800000000002,426,18,0
2026-08-13 14:45:00,1.88247,1.88326,1.88238,1.88317,495,18,0
2026-08-13 15:00:00,1.88316,1.88317,1.8818700000000002,1.8820299999999999,420,18,0
2026-08-13 15:15:00,1.88206,1.88209,1.8811499999999999,1.88117,420,18,0
2026-08-13 15:30:00,1.8812,1.88163,1.88055,1.88055,371,18,0
2026-08-13 15:45:00,1.88052,1.8809200000000001,1.88045,1.88063,242,18,0
2026-08-13 16:00:00,1.88066,1.8806699999999998,1.87971,1.8797899999999998,294,18,0
2026-08-13 16:15:00,1.8797700000000002,1.87995,1.87863,1.87863,295,18,0
2026-08-13 16:30:00,1.8786399999999999,1.87878,1.87817,1.87825,262,18,0
2026-08-13 16:45:00,1.8782299999999998,1.87863,1.8782100000000002,1.87845,228,18,0
2026-08-13 17:00:00,1.87847,1.87893,1.87786,1.87788,293,18,0
2026-08-13 17:15:00,1.8778899999999998,1.8786800000000001,1.87779,1.8786399999999999,245,18,0
2026-08-13 17:30:00,1.87862,1.87862,1.87822,1.87826,203,18,0
2026-08-13 17:45:00,1.87825,1.87873,1.87805,1.87858,201,18,0
2026-08-13 18:00:00,1.87859,1.8792,1.87859,1.87903,209,18,0
2026-08-13 18:15:00,1.8790200000000001,1.87927,1.87865,1.87897,170,18,0
2026-08-13 18:30:00,1.87899,1.8792499999999999,1.8788200000000002,1.87919,188,18,0
2026-08-13 18:45:00,1.8791799999999999,1.87919,1.87867,1.87873,197,18,0
2026-08-13 19:00:00,1.8787500000000001,1.8789500000000001,1.8785500000000002,1.87862,153,18,0
2026-08-13 19:15:00,1.8786100000000001,1.87874,1.87851,1.87874,140,18,0
2026-08-13 19:30:00,1.87877,1.8789099999999999,1.87859,1.8787,148,18,0
2026-08-13 19:45:00,1.87869,1.87877,1.8782,1.87829,190,18,0
2026-08-13 20:00:00,1.87831,1.87853,1.87815,1.8784100000000001,132,18,0
2026-08-13 20:15:00,1.8784399999999999,1.87859,1.87812,1.87845,77,18,0
2026-08-13 20:30:00,1.87842,1.8787099999999999,1.87832,1.87867,100,18,0
2026-08-13 20:45:00,1.8786399999999999,1.87888,1.87843,1.87843,119,18,0
2026-08-13 21:00:00,1.8784399999999999,1.8784800000000001,1.8784399999999999,1.8784800000000001,6,48,0
2026-08-13 21:15:00,1.87849,1.8784999999999998,1.87845,1.8784800000000001,21,48,0
2026-08-13 21:30:00,1.87849,1.87867,1.8784800000000001,1.8786,100,48,0
2026-08-13 21:45:00,1.8786100000000001,1.87889,1.8786100000000001,1.87885,64,48,0
2026-08-13 22:00:00,1.8789099999999999,1.8789099999999999,1.87829,1.8785500000000002,91,18,0
2026-08-13 22:15:00,1.8786,1.8788399999999998,1.87853,1.87873,54,18,0
2026-08-13 22:30:00,1.8787099999999999,1.87883,1.8787099999999999,1.87883,27,18,0
2026-08-13 22:45:00,1.87886,1.87888,1.87866,1.87877,57,18,0
2026-08-13 23:00:00,1.87879,1.87885,1.87852,1.8787099999999999,76,18,0
2026-08-13 23:15:00,1.8787,1.87889,1.8785500000000002,1.8787099999999999,77,18,0
2026-08-13 23:30:00,1.87873,1.87889,1.87866,1.87869,68,18,0
2026-08-13 23:45:00,1.8787,1.87877,1.87866,1.87869,53,18,0
2026-08-14 00:00:00,1.87872,1.87877,1.8784100000000001,1.87843,172,18,0
2026-08-14 00:15:00,1.8784100000000001,1.87872,1.8784100000000001,1.87866,130,18,0
2026-08-14 00:30:00,1.87869,1.87887,1.87865,1.8787500000000001,122,18,0
2026-08-14 00:45:00,1.87877,1.87899,1.8787,1.87892,145,18,0
2026-08-14 01:00:00,1.87889,1.8792,1.87888,1.87897,189,18,0
2026-08-14 01:15:00,1.87901,1.87927,1.87896,1.87907,142,18,0
2026-08-14 01:30:00,1.8790499999999999,1.87931,1.87893,1.8792499999999999,125,18,0
2026-08-14 01:45:00,1.87927,1.8792900000000001,1.8788,1.87883,136,18,0
2026-08-14 02:00:00,1.8788399999999998,1.87901,1.87872,1.8787500000000001,118,18,0
2026-08-14 02:15:00,1.87872,1.8788,1.87865,1.8787099999999999,92,18,0
2026-08-14 02:30:00,1.87867,1.87874,1.87849,1.8785699999999999,110,18,0
2026-08-14 02:45:00,1.87858,1.87858,1.87819,1.87828,110,18,0
2026-08-14 03:00:00,1.87826,1.8786399999999999,1.87818,1.87858,102,18,0
2026-08-14 03:15:00,1.87859,1.87893,1.87851,1.87881,120,18,0
2026-08-14 03:30:00,1.8788,1.87888,1.87872,1.87877,97,18,0
2026-08-14 03:45:00,1.8787500000000001,1.87876,1.8784,1.87845,121,18,0
2026-08-14 04:00:00,1.87847,1.8786399999999999,1.8784100000000001,1.8785699999999999,107,18,0
2026-08-14 04:15:00,1.87858,1.87874,1.87858,1.87859,86,18,0
2026-08-14 04:30:00,1.8786100000000001,1.8789,1.8784999999999998,1.87851,123,18,0
2026-08-14 04:45:00,1.87852,1.8785699999999999,1.87839,1.87852,72,18,0
2026-08-14 05:00:00,1.87854,1.8786100000000001,1.87836,1.87838,92,18,0
2026-08-14 05:15:00,1.8784,1.87851,1.87827,1.87851,94,18,0
2026-08-14 05:30:00,1.87849,1.87849,1.8780299999999999,1.87809,186,18,0
2026-08-14 05:45:00,1.87811,1.87819,1.8778700000000002,1.87809,139,18,0
2026-08-14 06:00:00,1.87812,1.87822,1.87791,1.87812,198,18,0
2026-08-14 06:15:00,1.8780999999999999,1.8780999999999999,1.87758,1.87767,194,18,0
2026-08-14 06:30:00,1.87766,1.87775,1.8772799999999998,1.87758,229,18,0
2026-08-14 06:45:00,1.87756,1.8776899999999999,1.87718,1.87743,178,18,0
2026-08-14 07:00:00,1.87745,1.87757,1.87648,1.87653,383,18,0
2026-08-14 07:15:00,1.87652,1.8766699999999998,1.87641,1.87646,221,18,0
2026-08-14 07:30:00,1.87644,1.8767800000000001,1.87607,1.87645,240,18,0
2026-08-14 07:45:00,1.87642,1.87687,1.8763100000000001,1.87662,329,18,0
2026-08-14 08:00:00,1.87664,1.8773,1.87663,1.87723,379,18,0
2026-08-14 08:15:00,1.8772,1.87845,1.87718,1.8784100000000001,259,18,0
2026-08-14 08:30:00,1.87843,1.8789,1.87818,1.87827,293,18,0
2026-08-14 08:45:00,1.87825,1.8786100000000001,1.87793,1.8784399999999999,285,18,0
2026-08-14 09:00:00,1.87842,1.8786399999999999,1.87788,1.87822,287,18,0
2026-08-14 09:15:00,1.87818,1.8783400000000001,1.87806,1.87824,214,18,0
2026-08-14 09:30:00,1.87826,1.87845,1.87802,1.87811,164,18,0
2026-08-14 09:45:00,1.8781400000000001,1.87843,1.8780700000000001,1.87836,221,18,0
2026-08-14 10:00:00,1.87838,1.8786399999999999,1.87826,1.87858,239,18,0
2026-08-14 10:15:00,1.87859,1.8786100000000001,1.87832,1.8783699999999999,156,18,0
2026-08-14 10:30:00,1.8784100000000001,1.8788200000000002,1.8784100000000001,1.8788200000000002,156,18,0
2026-08-14 10:45:00,1.8788399999999998,1.87897,1.87852,1.8786399999999999,211,18,0
2026-08-14 11:00:00,1.87865,1.87881,1.87801,1.8785500000000002,328,18,0
2026-08-14 11:15:00,1.87853,1.87958,1.87827,1.87901,307,18,0
2026-08-14 11:30:00,1.879,1.8797199999999998,1.87894,1.8795899999999999,332,18,0
2026-08-14 11:45:00,1.8795600000000001,1.8798,1.8788,1.87885,350,18,0
2026-08-14 12:00:00,1.8788200000000002,1.87885,1.87778,1.87828,444,18,0
2026-08-14 12:15:00,1.87825,1.87885,1.87818,1.8786399999999999,377,18,0
2026-08-14 12:30:00,1.87862,1.8794,1.87862,1.87887,661,18,0
2026-08-14 12:45:00,1.87889,1.87938,1.8788,1.87914,467,18,0
2026-08-14 13:00:00,1.8791,1.8791600000000002,1.8787099999999999,1.8787500000000001,483,18,0
2026-08-14 13:15:00,1.87872,1.87973,1.8784399999999999,1.87944,416,18,0
2026-08-14 13:30:00,1.87947,1.8801700000000001,1.87935,1.8799299999999999,528,18,0
2026-08-14 13:45:00,1.87996,1.88068,1.87913,1.87935,617,18,0
2026-08-14 14:00:00,1.8793199999999999,1.88019,1.8792499999999999,1.8800400000000002,559,18,0
2026-08-14 14:15:00,1.88007,1.8805800000000001,1.8799000000000001,1.8803100000000001,525,18,0
2026-08-14 14:30:00,1.88034,1.8803800000000002,1.87965,1.87998,467,18,0
2026-08-14 14:45:00,1.88,1.88052,1.87948,1.88022,605,18,0
2026-08-14 15:00:00,1.88025,1.8805,1.87982,1.87999,443,18,0
2026-08-14 15:15:00,1.88,1.8801299999999999,1.87924,1.87994,384,18,0
2026-08-14 15:30:00,1.8799700000000001,1.8803,1.87965,1.87973,365,18,0
2026-08-14 15:45:00,1.87975,1.88039,1.8794300000000002,1.8802699999999999,342,18,0
2026-08-14 16:00:00,1.88025,1.88053,1.87991,1.88005,317,18,0
2026-08-14 16:15:00,1.88003,1.88023,1.87946,1.87949,267,18,0
2026-08-14 16:30:00,1.87948,1.87964,1.87913,1.87928,260,18,0
2026-08-14 16:45:00,1.87926,1.8792900000000001,1.87802,1.87811,287,18,0
2026-08-14 17:00:00,1.8781400000000001,1.87826,1.87779,1.87786,296,18,0
2026-08-14 17:15:00,1.87788,1.8778899999999998,1.8771,1.8772600000000002,275,18,0
2026-08-14 17:30:00,1.87724,1.87777,1.8772,1.8776199999999998,253,18,0
2026-08-14 17:45:00,1.87761,1.8780000000000001,1.87759,1.87785,210,18,0
2026-08-14 18:00:00,1.8778299999999999,1.87791,1.87754,1.87764,208,18,0
2026-08-14 18:15:00,1.87765,1.87795,1.87761,1.87778,187,18,0
2026-08-14 18:30:00,1.87777,1.87788,1.8774899999999999,1.87767,161,18,0
2026-08-14 18:45:00,1.87768,1.87786,1.87765,1.8778000000000001,161,18,0
2026-08-14 19:00:00,1.87782,1.87813,1.87763,1.87784,200,18,0
2026-08-14 19:15:00,1.87782,1.87798,1.8777,1.8778700000000002,166,18,0
2026-08-14 19:30:00,1.87784,1.87802,1.87778,1.87793,153,18,0
2026-08-14 19:45:00,1.8779599999999999,1.87804,1.8778000000000001,1.8780000000000001,143,18,0
2026-08-14 20:00:00,1.87797,1.87802,1.87771,1.87793,126,18,0
2026-08-14 20:15:00,1.87797,1.87816,1.87782,1.8778700000000002,121,18,0
2026-08-14 20:30:00,1.87788,1.87792,1.8774199999999999,1.87748,97,18,0
2026-08-14 20:45:00,1.8774600000000001,1.87758,1.8771,1.8774899999999999,390,18,0
2026-08-16 21:00:00,1.87817,1.8782,1.87732,1.87774,17,141,0
2026-08-16 21:15:00,1.87813,1.87813,1.8774,1.87766,27,145,0
2026-08-16 21:30:00,1.8776199999999998,1.87793,1.87734,1.8778899999999998,219,90,0
2026-08-16 21:45:00,1.8778299999999999,1.8779599999999999,1.8771200000000001,1.8775,263,80,0
2026-08-16 22:00:00,1.87771,1.87785,1.8769,1.8772799999999998,116,28,0
2026-08-16 22:15:00,1.8773,1.87782,1.8773,1.87781,57,28,0
2026-08-16 22:30:00,1.8777599999999999,1.87816,1.8777599999999999,1.8781400000000001,84,18,0
2026-08-16 22:45:00,1.87812,1.87853,1.87808,1.8784,83,18,0
2026-08-16 23:00:00,1.87838,1.8786399999999999,1.87838,1.87849,114,18,0
2026-08-16 23:15:00,1.8784800000000001,1.87878,1.8783400000000001,1.8787500000000001,95,18,0
2026-08-16 23:30:00,1.87877,1.8788,1.87856,1.87872,85,18,0
2026-08-16 23:45:00,1.8787099999999999,1.87907,1.8786800000000001,1.87901,74,18,0
2026-08-17 00:00:00,1.87903,1.87926,1.8789,1.8790499999999999,190,18,0
2026-08-17 00:15:00,1.87904,1.8790900000000001,1.87887,1.879,139,18,0
2026-08-17 00:30:00,1.8789799999999999,1.8792900000000001,1.87896,1.87924,154,18,0
2026-08-17 00:45:00,1.8792499999999999,1.87957,1.8792,1.8795199999999999,164,18,0
2026-08-17 01:00:00,1.87951,1.87971,1.87941,1.8796300000000001,186,18,0
2026-08-17 01:15:00,1.87962,1.87994,1.8795899999999999,1.87962,178,18,0
2026-08-17 01:30:00,1.8796,1.87961,1.87937,1.87947,152,18,0
2026-08-17 01:45:00,1.87949,1.8795899999999999,1.87941,1.8795199999999999,154,18,0
2026-08-17 02:00:00,1.87953,1.87953,1.8791,1.8792499999999999,123,18,0
2026-08-17 02:15:00,1.87924,1.87939,1.8792,1.87926,98,18,0
2026-08-17 02:30:00,1.8792499999999999,1.8792900000000001,1.87886,1.8790200000000001,116,18,0
2026-08-17 02:45:00,1.87904,1.8792,1.8789500000000001,1.8789799999999999,80,18,0
2026-08-17 03:00:00,1.87899,1.8790499999999999,1.8788,1.87897,124,18,0
2026-08-17 03:15:00,1.87899,1.8791,1.87874,1.87883,74,18,0
2026-08-17 03:30:00,1.8788200000000002,1.8788200000000002,1.8786100000000001,1.87865,99,18,0
2026-08-17 03:45:00,1.87866,1.87893,1.87852,1.87886,105,18,0
2026-08-17 04:00:00,1.87883,1.87908,1.87865,1.87904,123,18,0
2026-08-17 04:15:00,1.879,1.87908,1.8789,1.87899,86,18,0
2026-08-17 04:30:00,1.87901,1.87901,1.8789099999999999,1.87894,63,18,0
2026-08-17 04:45:00,1.8789500000000001,1.8789500000000001,1.8786100000000001,1.87863,67,18,0
2026-08-17 05:00:00,1.8786399999999999,1.87872,1.87846,1.8784999999999998,86,18,0
2026-08-17 05:15:00,1.87852,1.87878,1.8784399999999999,1.8786,103,18,0
2026-08-17 05:30:00,1.8786100000000001,1.8787500000000001,1.87852,1.87858,139,18,0
2026-08-17 05:45:00,1.87856,1.87914,1.87854,1.87876,193,18,0
2026-08-17 06:00:00,1.87879,1.8793,1.87878,1.8789,236,18,0
2026-08-17 06:15:00,1.87888,1.8789799999999999,1.87851,1.87876,286,18,0
2026-08-17 06:30:00,1.87877,1.87888,1.8783699999999999,1.8788200000000002,207,18,0
2026-08-17 06:45:00,1.8788399999999998,1.87935,1.87878,1.8788399999999998,329,18,0
2026-08-17 07:00:00,1.87887,1.8792,1.87856,1.8789,319,18,0
2026-08-17 07:15:00,1.8789099999999999,1.87949,1.87888,1.87935,322,18,0
2026-08-17 07:30:00,1.87934,1.8798599999999999,1.8793,1.8794300000000002,330,18,0
2026-08-17 07:45:00,1.87942,1.87942,1.8787500000000001,1.87931,318,18,0
2026-08-17 08:00:00,1.87928,1.8795600000000001,1.87889,1.87938,282,18,0
2026-08-17 08:15:00,1.87942,1.87974,1.87927,1.87974,241,18,0
2026-08-17 08:30:00,1.87976,1.8797700000000002,1.8786399999999999,1.87873,256,18,0
2026-08-17 08:45:00,1.87877,1.87886,1.8777599999999999,1.87811,386,18,0
2026-08-17 09:00:00,1.87813,1.87843,1.8780000000000001,1.8783699999999999,273,18,0
2026-08-17 09:15:00,1.8784,1.8784999999999998,1.87816,1.87842,211,18,0
2026-08-17 09:30:00,1.8784399999999999,1.8788,1.8783400000000001,1.87876,196,18,0
2026-08-17 09:45:00,1.8787500000000001,1.87886,1.87845,1.87867,205,18,0
2026-08-17 10:00:00,1.8787,1.8789500000000001,1.87839,1.87876,268,18,0
2026-08-17 10:15:00,1.87873,1.8795199999999999,1.87863,1.8795199999999999,246,18,0
2026-08-17 10:30:00,1.87955,1.87967,1.87866,1.87883,305,18,0
2026-08-17 10:45:00,1.8788200000000002,1.87888,1.87854,1.8788200000000002,225,18,0
2026-08-17 11:00:00,1.8788399999999998,1.8792,1.87869,1.8787,213,18,0
2026-08-17 11:15:00,1.8787099999999999,1.87934,1.87842,1.8792499999999999,240,18,0
2026-08-17 11:30:00,1.87923,1.87951,1.87903,1.87927,247,18,0
2026-08-17 11:45:00,1.87926,1.87947,1.87893,1.8789799999999999,242,18,0
2026-08-17 12:00:00,1.87901,1.8794,1.87876,1.87919,314,18,0
2026-08-17 12:15:00,1.8791600000000002,1.8791600000000002,1.8777599999999999,1.8782100000000002,449,18,0
2026-08-17 12:30:00,1.87802,1.87843,1.87761,1.8780299999999999,399,18,0
2026-08-17 12:45:00,1.87801,1.87819,1.87745,1.87818,334,18,0
2026-08-17 13:00:00,1.87816,1.87947,1.87804,1.8790499999999999,374,18,0
2026-08-17 13:15:00,1.87908,1.87969,1.87886,1.87888,319,18,0
2026-08-17 13:30:00,1.87886,1.87938,1.8778899999999998,1.8779,403,18,0
2026-08-17 13:45:00,1.87792,1.8782100000000002,1.8776199999999998,1.87818,394,18,0
2026-08-17 14:00:00,1.8782,1.8789,1.87785,1.87836,451,18,0
2026-08-17 14:15:00,1.87839,1.87866,1.8780299999999999,1.87824,427,18,0
2026-08-17 14:30:00,1.87827,1.87835,1.87768,1.87778,328,18,0
2026-08-17 14:45:00,1.87775,1.8793199999999999,1.87774,1.8793199999999999,571,18,0
2026-08-17 15:00:00,1.8792900000000001,1.88005,1.8788399999999998,1.87973,464,18,0
2026-08-17 15:15:00,1.87971,1.88045,1.87958,1.88018,288,18,0
2026-08-17 15:30:00,1.88019,1.8803,1.8795199999999999,1.8799299999999999,335,18,0
2026-08-17 15:45:00,1.8799000000000001,1.8806699999999998,1.87971,1.8806500000000002,232,18,0
2026-08-17 16:00:00,1.8806699999999998,1.88076,1.88028,1.88076,220,18,0
2026-08-17 16:15:00,1.88077,1.88097,1.88057,1.88057,199,18,0
2026-08-17 16:30:00,1.8805399999999999,1.8812,1.88049,1.88087,182,18,0
2026-08-17 16:45:00,1.88089,1.88089,1.88021,1.8803299999999998,172,18,0
2026-08-17 17:00:00,1.88035,1.8806699999999998,1.8802699999999999,1.8802699999999999,181,18,0
2026-08-17 17:15:00,1.8803,1.8803100000000001,1.87924,1.8794300000000002,209,18,0
2026-08-17 17:30:00,1.87944,1.87958,1.87894,1.87901,264,18,0
2026-08-17 17:45:00,1.87904,1.8791099999999998,1.87851,1.87851,162,18,0
2026-08-17 18:00:00,1.87852,1.8786,1.8782100000000002,1.8784,208,18,0
2026-08-17 18:15:00,1.87842,1.87853,1.87805,1.87822,205,18,0
2026-08-17 18:30:00,1.87824,1.87851,1.87816,1.87824,211,18,0
2026-08-17 18:45:00,1.8782299999999998,1.87839,1.8780299999999999,1.87839,180,18,0
2026-08-17 19:00:00,1.8784100000000001,1.87859,1.87818,1.87851,183,18,0
2026-08-17 19:15:00,1.87853,1.87873,1.87853,1.8785699999999999,140,18,0
2026-08-17 19:30:00,1.87856,1.87876,1.87851,1.87873,121,18,0
2026-08-17 19:45:00,1.87874,1.8788200000000002,1.8784399999999999,1.87878,117,18,0
2026-08-17 20:00:00,1.8788,1.8790499999999999,1.87842,1.8787500000000001,106,18,0
2026-08-17 20:15:00,1.87873,1.8792,1.87873,1.87893,81,18,0
2026-08-17 20:30:00,1.87894,1.87913,1.8788399999999998,1.8790900000000001,68,18,0
2026-08-17 20:45:00,1.8791,1.8791600000000002,1.8786,1.8787099999999999,122,18,0
2026-08-17 21:00:00,1.8787,1.87873,1.87869,1.87872,7,48,0
2026-08-17 21:15:00,1.87874,1.8788200000000002,1.8785699999999999,1.87872,129,48,0
2026-08-17 21:30:00,1.8787099999999999,1.87894,1.8786800000000001,1.87892,43,81,0
2026-08-17 21:45:00,1.87889,1.87921,1.87887,1.8789099999999999,70,48,0
2026-08-17 22:00:00,1.87881,1.8790900000000001,1.8787500000000001,1.8789,87,28,0
2026-08-17 22:15:00,1.8789099999999999,1.8789799999999999,1.8788200000000002,1.87892,52,18,0
2026-08-17 22:30:00,1.87893,1.87893,1.87853,1.87869,50,18,0
2026-08-17 22:45:00,1.8787,1.87879,1.87867,1.8786800000000001,51,18,0
2026-08-17 23:00:00,1.87867,1.87883,1.87866,1.87883,32,18,0
2026-08-17 23:15:00,1.8788200000000002,1.8790900000000001,1.8788200000000002,1.8790900000000001,35,18,0
2026-08-17 23:30:00,1.87912,1.87954,1.8791099999999998,1.87954,67,18,0
2026-08-17 23:45:00,1.87953,1.87954,1.8791799999999999,1.8793600000000001,89,18,0
2026-08-18 00:00:00,1.87933,1.8794,1.8791600000000002,1.87933,173,18,0
2026-08-18 00:15:00,1.87931,1.87955,1.87923,1.87937,142,18,0
2026-08-18 00:30:00,1.87938,1.87938,1.8791799999999999,1.87924,121,18,0
2026-08-18 00:45:00,1.8792200000000001,1.8793,1.8790200000000001,1.8793,125,18,0
2026-08-18 01:00:00,1.87928,1.8795,1.87914,1.8794,194,18,0
2026-08-18 01:15:00,1.87941,1.87978,1.87915,1.87927,207,18,0
2026-08-18 01:30:00,1.87926,1.87935,1.87903,1.8791,133,18,0
2026-08-18 01:45:00,1.8791099999999998,1.87924,1.87872,1.87885,187,18,0
2026-08-18 02:00:00,1.87886,1.87893,1.87853,1.87854,164,18,0
2026-08-18 02:15:00,1.87853,1.87863,1.87817,1.87822,138,18,0
2026-08-18 02:30:00,1.87819,1.87819,1.87788,1.87793,146,18,0
2026-08-18 02:45:00,1.87795,1.87817,1.87786,1.87817,103,18,0
2026-08-18 03:00:00,1.87815,1.87822,1.87767,1.8776899999999999,124,18,0
2026-08-18 03:15:00,1.87772,1.87774,1.87737,1.87747,101,18,0
2026-08-18 03:30:00,1.87744,1.87765,1.8773900000000001,1.87741,141,18,0
2026-08-18 03:45:00,1.8774,1.87775,1.8774,1.87755,146,18,0
2026-08-18 04:00:00,1.87754,1.87767,1.87747,1.87758,148,18,0
2026-08-18 04:15:00,1.87759,1.8780999999999999,1.87734,1.8780000000000001,194,18,0
2026-08-18 04:30:00,1.87797,1.87812,1.87784,1.87795,101,18,0
2026-08-18 04:45:00,1.8779400000000002,1.87822,1.87792,1.87802,113,18,0
2026-08-18 05:00:00,1.87804,1.87809,1.87786,1.8780700000000001,104,18,0
2026-08-18 05:15:00,1.87804,1.87851,1.87798,1.8784399999999999,128,18,0
2026-08-18 05:30:00,1.8784100000000001,1.8784800000000001,1.87819,1.87833,134,18,0
2026-08-18 05:45:00,1.87832,1.8783400000000001,1.87805,1.87806,103,18,0
2026-08-18 06:00:00,1.8780999999999999,1.87881,1.8757000000000001,1.87632,515,18,0
2026-08-18 06:15:00,1.87633,1.87679,1.87615,1.8767200000000002,270,18,0
2026-08-18 06:30:00,1.8767,1.87677,1.87607,1.87653,328,18,0
2026-08-18 06:45:00,1.8765100000000001,1.8768500000000001,1.8761700000000001,1.87635,316,18,0
2026-08-18 07:00:00,1.87633,1.87633,1.87547,1.87549,397,18,0
2026-08-18 07:15:00,1.87547,1.87598,1.87527,1.8757899999999998,280,18,0
2026-08-18 07:30:00,1.8757700000000002,1.87598,1.87549,1.87587,307,18,0
2026-08-18 07:45:00,1.8758599999999999,1.87602,1.87535,1.87567,261,18,0
2026-08-18 08:00:00,1.87571,1.87584,1.87524,1.87549,315,18,0
2026-08-18 08:15:00,1.87547,1.87612,1.87524,1.87609,264,18,0
2026-08-18 08:30:00,1.87608,1.87644,1.87591,1.87615,225,18,0
2026-08-18 08:45:00,1.87616,1.8764699999999999,1.8760599999999998,1.87641,233,18,0
2026-08-18 09:00:00,1.8763800000000002,1.8763999999999998,1.87576,1.87588,211,18,0
2026-08-18 09:15:00,1.8758599999999999,1.8760400000000002,1.87557,1.87596,250,18,0
2026-08-18 09:30:00,1.8759700000000001,1.87608,1.8756300000000001,1.87598,248,18,0
2026-08-18 09:45:00,1.87596,1.87657,1.87592,1.87632,202,18,0
2026-08-18 10:00:00,1.87629,1.87645,1.87589,1.87591,217,18,0
2026-08-18 10:15:00,1.8759000000000001,1.87619,1.87571,1.87599,213,18,0
2026-08-18 10:30:00,1.87601,1.87643,1.8759700000000001,1.8761700000000001,148,18,0
2026-08-18 10:45:00,1.87618,1.87663,1.8759700000000001,1.87621,302,18,0
2026-08-18 11:00:00,1.8761999999999999,1.8765,1.87607,1.8763,217,18,0
2026-08-18 11:15:00,1.87629,1.87652,1.87574,1.87581,202,18,0
2026-08-18 11:30:00,1.8757899999999998,1.87646,1.8757700000000002,1.87625,219,18,0
2026-08-18 11:45:00,1.87626,1.87673,1.87618,1.87668,238,18,0
2026-08-18 12:00:00,1.87666,1.8768500000000001,1.87621,1.87676,338,18,0
2026-08-18 12:15:00,1.8767800000000001,1.87717,1.8765100000000001,1.87659,302,18,0
2026-08-18 12:30:00,1.87663,1.87676,1.8763,1.8765800000000001,240,18,0
2026-08-18 12:45:00,1.87657,1.87731,1.87633,1.87723,288,18,0
2026-08-18 13:00:00,1.8771900000000001,1.8774899999999999,1.877,1.87727,319,18,0
2026-08-18 13:15:00,1.87723,1.87729,1.8769,1.87694,313,18,0
2026-08-18 13:30:00,1.87695,1.8784,1.87652,1.87818,541,18,0
2026-08-18 13:45:00,1.8782,1.8788,1.87782,1.87859,461,18,0
2026-08-18 14:00:00,1.87856,1.87894,1.8780700000000001,1.87828,501,18,0
2026-08-18 14:15:00,1.8782999999999999,1.87913,1.87819,1.8787099999999999,346,18,0
2026-08-18 14:30:00,1.87872,1.8796,1.8784999999999998,1.87958,382,18,0
2026-08-18 14:45:00,1.8795600000000001,1.88087,1.8793,1.8803999999999998,719,18,0
2026-08-18 15:00:00,1.88041,1.88063,1.87998,1.88021,497,18,0
2026-08-18 15:15:00,1.88022,1.88098,1.8801299999999999,1.88066,397,18,0
2026-08-18 15:30:00,1.8806500000000002,1.8806500000000002,1.87998,1.8803100000000001,325,18,0
2026-08-18 15:45:00,1.88029,1.88104,1.88029,1.8810099999999998,280,18,0
2026-08-18 16:00:00,1.88103,1.88147,1.88087,1.8813,268,18,0
2026-08-18 16:15:00,1.88129,1.88186,1.88127,1.8817300000000001,252,18,0
2026-08-18 16:30:00,1.88174,1.88201,1.88165,1.8818899999999998,194,18,0
2026-08-18 16:45:00,1.88188,1.8818899999999998,1.88156,1.88159,170,18,0
2026-08-18 17:00:00,1.88157,1.88165,1.88091,1.88113,232,18,0
2026-08-18 17:15:00,1.8811499999999999,1.8815300000000001,1.8811499999999999,1.8815300000000001,178,18,0
2026-08-18 17:30:00,1.88151,1.88168,1.8813499999999999,1.88144,181,18,0
2026-08-18 17:45:00,1.88145,1.88167,1.88145,1.88164,118,18,0
2026-08-18 18:00:00,1.88166,1.8818700000000002,1.88152,1.88183,152,18,0
2026-08-18 18:15:00,1.88182,1.88238,1.8818000000000001,1.8822999999999999,144,18,0
2026-08-18 18:30:00,1.88231,1.88252,1.88216,1.8823699999999999,169,18,0
2026-08-18 18:45:00,1.88235,1.88239,1.88168,1.88185,153,18,0
2026-08-18 19:00:00,1.88188,1.88197,1.88056,1.88096,358,18,0
2026-08-18 19:15:00,1.8809900000000002,1.8810099999999998,1.8805800000000001,1.88089,209,18,0
2026-08-18 19:30:00,1.88087,1.8810799999999999,1.88075,1.88093,184,18,0
2026-08-18 19:45:00,1.8809399999999998,1.88104,1.8804400000000001,1.88077,235,18,0
2026-08-18 20:00:00,1.8808099999999999,1.8808099999999999,1.88037,1.8805800000000001,138,18,0
2026-08-18 20:15:00,1.8806,1.88082,1.88035,1.88035,96,18,0
2026-08-18 20:30:00,1.88034,1.8804699999999999,1.8802400000000001,1.88045,86,18,0
2026-08-18 20:45:00,1.88048,1.8805,1.88009,1.88009,101,18,0
2026-08-18 21:00:00,1.8801,1.88012,1.8801,1.88012,3,48,0
2026-08-18 21:15:00,1.88014,1.88023,1.8801,1.88023,57,48,0
2026-08-18 21:30:00,1.88021,1.88023,1.88014,1.88018,47,48,0
2026-08-18 21:45:00,1.8801700000000001,1.8801700000000001,1.87999,1.88005,47,48,0
2026-08-18 22:00:00,1.8805100000000001,1.88064,1.8801700000000001,1.88022,131,28,0
2026-08-18 22:15:00,1.88021,1.8806,1.88011,1.8806,133,18,0
2026-08-18 22:30:00,1.88053,1.88059,1.88039,1.88048,60,18,0
2026-08-18 22:45:00,1.88049,1.88084,1.8804699999999999,1.8808,57,18,0
2026-08-18 23:00:00,1.88082,1.88097,1.8808099999999999,1.8809200000000001,75,18,0
2026-08-18 23:15:00,1.8809399999999998,1.88104,1.88086,1.88104,61,18,0
2026-08-18 23:30:00,1.88105,1.8811,1.8808099999999999,1.88103,116,18,0
2026-08-18 23:45:00,1.8810099999999998,1.88127,1.881,1.88125,95,18,0
2026-08-19 00:00:00,1.88127,1.8818000000000001,1.8811900000000001,1.88129,234,18,0
2026-08-19 00:15:00,1.88131,1.88131,1.88096,1.88107,157,18,0
2026-08-19 00:30:00,1.88106,1.8812600000000002,1.881,1.88107,148,18,0
2026-08-19 00:45:00,1.88105,1.88113,1.8805800000000001,1.88071,216,18,0
2026-08-19 01:00:00,1.8807399999999999,1.8811200000000001,1.88061,1.8808500000000001,264,18,0
2026-08-19 01:15:00,1.88086,1.88103,1.8806500000000002,1.8810099999999998,203,18,0
2026-08-19 01:30:00,1.88104,1.8811,1.88029,1.8803,192,18,0
2026-08-19 01:45:00,1.8803100000000001,1.88048,1.88022,1.88045,161,18,0
2026-08-19 02:00:00,1.88043,1.8806,1.88037,1.88052,144,18,0
2026-08-19 02:15:00,1.88053,1.88053,1.8782299999999998,1.87893,796,18,0
2026-08-19 02:30:00,1.87894,1.87917,1.8788200000000002,1.879,254,18,0
2026-08-19 02:45:00,1.87897,1.87908,1.87872,1.87893,252,18,0
2026-08-19 03:00:00,1.87889,1.8789099999999999,1.87843,1.87851,177,18,0
2026-08-19 03:15:00,1.87852,1.8789799999999999,1.87851,1.87893,169,18,0
2026-08-19 03:30:00,1.87897,1.8792,1.87889,1.87912,122,18,0
2026-08-19 03:45:00,1.8791099999999998,1.8792900000000001,1.87896,1.87926,111,18,0
2026-08-19 04:00:00,1.87923,1.87923,1.8788,1.87907,133,18,0
2026-08-19 04:15:00,1.87906,1.8791799999999999,1.87886,1.8791799999999999,160,18,0
2026-08-19 04:30:00,1.8792,1.87933,1.87901,1.8791600000000002,167,18,0
2026-08-19 04:45:00,1.87913,1.87968,1.87912,1.87957,126,18,0
2026-08-19 05:00:00,1.87958,1.8796300000000001,1.8793199999999999,1.8796300000000001,166,18,0
2026-08-19 05:15:00,1.87962,1.8797000000000001,1.87946,1.8795,146,18,0
2026-08-19 05:30:00,1.87951,1.87969,1.87935,1.87969,160,18,0
2026-08-19 05:45:00,1.8797199999999998,1.88005,1.87962,1.8798,193,18,0
2026-08-19 06:00:00,1.87981,1.8801700000000001,1.8793600000000001,1.87962,330,18,0
2026-08-19 06:15:00,1.8796300000000001,1.8811,1.8796300000000001,1.88059,397,18,0
2026-08-19 06:30:00,1.88062,1.88066,1.88016,1.88059,283,18,0
2026-08-19 06:45:00,1.88057,1.88082,1.8803999999999998,1.88062,272,18,0
2026-08-19 07:00:00,1.88064,1.8806699999999998,1.8799700000000001,1.8799700000000001,411,18,0
2026-08-19 07:15:00,1.87994,1.8805100000000001,1.8796300000000001,1.88025,317,18,0
2026-08-19 07:30:00,1.88023,1.88056,1.88016,1.88034,341,18,0
2026-08-19 07:45:00,1.88036,1.88075,1.88025,1.88073,261,18,0
2026-08-19 08:00:00,1.88076,1.88158,1.8806500000000002,1.88143,358,18,0
2026-08-19 08:15:00,1.88141,1.88178,1.88132,1.88147,307,18,0
2026-08-19 08:30:00,1.8814600000000001,1.8821400000000001,1.8814600000000001,1.88204,263,18,0
2026-08-19 08:45:00,1.88201,1.88225,1.88072,1.8808099999999999,319,18,0
2026-08-19 09:00:00,1.8808,1.88104,1.8799299999999999,1.88012,327,18,0
2026-08-19 09:15:00,1.8801,1.8805399999999999,1.8799000000000001,1.88037,286,18,0
2026-08-19 09:30:00,1.88036,1.88046,1.87991,1.88001,280,18,0
2026-08-19 09:45:00,1.87999,1.8806699999999998,1.8798599999999999,1.8805800000000001,270,18,0
2026-08-19 10:00:00,1.88059,1.8806,1.88001,1.88046,253,18,0
2026-08-19 10:15:00,1.88048,1.88063,1.88021,1.8805800000000001,232,18,0
2026-08-19 10:30:00,1.88062,1.88079,1.8801299999999999,1.8803800000000002,202,18,0
2026-08-19 10:45:00,1.88042,1.88071,1.87992,1.88012,232,18,0
2026-08-19 11:00:00,1.88015,1.8805100000000001,1.87987,1.88014,296,18,0
2026-08-19 11:15:00,1.88016,1.88086,1.88016,1.88055,277,18,0
2026-08-19 11:30:00,1.88057,1.88061,1.87975,1.88001,242,18,0
2026-08-19 11:45:00,1.88003,1.88053,1.88003,1.88016,274,18,0
2026-08-19 12:00:00,1.8801299999999999,1.8806,1.8801299999999999,1.8803800000000002,268,18,0
2026-08-19 12:15:00,1.88039,1.88106,1.88039,1.8808500000000001,270,18,0
2026-08-19 12:30:00,1.88087,1.88371,1.88071,1.88368,1077,18,0
2026-08-19 12:45:00,1.88366,1.88511,1.8833,1.88418,881,18,0
2026-08-19 13:00:00,1.88421,1.88452,1.88303,1.8841,878,18,0
2026-08-19 13:15:00,1.88408,1.8849,1.88364,1.88445,839,18,0
2026-08-19 13:30:00,1.8844699999999999,1.8846500000000002,1.8826800000000001,1.8827,1022,18,0
2026-08-19 13:45:00,1.88266,1.8832900000000001,1.8820000000000001,1.88202,996,18,0
2026-08-19 14:00:00,1.88199,1.88272,1.8806,1.8806,872,18,0
2026-08-19 14:15:00,1.88063,1.88137,1.88052,1.88096,719,18,0
2026-08-19 14:30:00,1.8809900000000002,1.88157,1.8805800000000001,1.8811499999999999,740,18,0
2026-08-19 14:45:00,1.88117,1.8816000000000002,1.87946,1.87971,861,18,0
2026-08-19 15:00:00,1.87973,1.88084,1.8796,1.88084,684,18,0
2026-08-19 15:15:00,1.8808099999999999,1.88093,1.87955,1.88029,716,18,0
2026-08-19 15:30:00,1.8803100000000001,1.88118,1.8801999999999999,1.88045,583,18,0
2026-08-19 15:45:00,1.88043,1.88114,1.88019,1.88052,559,18,0
2026-08-19 16:00:00,1.8805399999999999,1.88057,1.87974,1.88014,479,18,0
2026-08-19 16:15:00,1.88011,1.8801999999999999,1.87951,1.87978,395,18,0
2026-08-19 16:30:00,1.8798,1.87996,1.87946,1.87951,270,18,0
2026-08-19 16:45:00,1.8795,1.88019,1.87941,1.87973,364,18,0
2026-08-19 17:00:00,1.87976,1.88,1.8790499999999999,1.87931,439,18,0
2026-08-19 17:15:00,1.87928,1.8792900000000001,1.87873,1.87885,252,18,0
2026-08-19 17:30:00,1.87887,1.8793199999999999,1.87862,1.87908,326,18,0
2026-08-19 17:45:00,1.87912,1.87967,1.8786,1.87873,356,18,0
2026-08-19 18:00:00,1.87874,1.87901,1.87838,1.87842,537,18,0
2026-08-19 18:15:00,1.87843,1.87863,1.8778000000000001,1.87788,326,18,0
2026-08-19 18:30:00,1.87791,1.87935,1.8778899999999998,1.8791799999999999,354,18,0
2026-08-19 18:45:00,1.8791600000000002,1.87948,1.87896,1.87903,345,18,0
2026-08-19 19:00:00,1.87906,1.87926,1.87874,1.87924,347,18,0
2026-08-19 19:15:00,1.8792499999999999,1.87996,1.8792499999999999,1.8799000000000001,291,18,0
2026-08-19 19:30:00,1.87987,1.8799000000000001,1.87914,1.8793,352,18,0
2026-08-19 19:45:00,1.87927,1.87976,1.87893,1.87923,346,18,0
2026-08-19 20:00:00,1.87919,1.87948,1.87887,1.8789,168,18,0
2026-08-19 20:15:00,1.87887,1.87894,1.8784100000000001,1.87859,108,18,0
2026-08-19 20:30:00,1.87858,1.87881,1.87829,1.87872,126,18,0
2026-08-19 20:45:00,1.87874,1.8788200000000002,1.87847,1.87849,84,18,0
2026-08-19 21:00:00,1.8784999999999998,1.8784999999999998,1.87849,1.87849,2,48,0
2026-08-19 21:15:00,1.87846,1.87846,1.8778000000000001,1.87826,162,48,0
2026-08-19 21:30:00,1.87829,1.8784,1.87816,1.87839,80,50,0
2026-08-19 21:45:00,1.8784,1.8784999999999998,1.87815,1.8784999999999998,84,48,0
2026-08-19 22:00:00,1.87845,1.8787,1.87838,1.87859,100,28,0
2026-08-19 22:15:00,1.8786,1.87866,1.87849,1.87863,46,18,0
2026-08-19 22:30:00,1.87856,1.87863,1.8783699999999999,1.8784100000000001,69,18,0
2026-08-19 22:45:00,1.8784,1.8784399999999999,1.87809,1.87813,78,18,0
2026-08-19 23:00:00,1.8781400000000001,1.8782299999999998,1.8778700000000002,1.87793,136,18,0
2026-08-19 23:15:00,1.87795,1.87811,1.87779,1.87805,101,18,0
2026-08-19 23:30:00,1.87804,1.8780999999999999,1.8778299999999999,1.87785,68,18,0
2026-08-19 23:45:00,1.8778299999999999,1.87798,1.87775,1.87795,87,18,0
2026-08-20 00:00:00,1.87793,1.87818,1.8776199999999998,1.8777,359,18,0
2026-08-20 00:15:00,1.87767,1.87795,1.87747,1.87763,264,18,0
2026-08-20 00:30:00,1.87764,1.87782,1.87748,1.87759,200,18,0
2026-08-20 00:45:00,1.8776000000000002,1.8778299999999999,1.87748,1.87774,211,18,0
2026-08-20 01:00:00,1.87775,1.87795,1.8772,1.87736,303,18,0
2026-08-20 01:15:00,1.87738,1.87763,1.8772600000000002,1.87756,309,18,0
2026-08-20 01:30:00,1.87751,1.87801,1.87748,1.8778299999999999,458,18,0
2026-08-20 01:45:00,1.87781,1.8780299999999999,1.87771,1.87781,261,18,0
2026-08-20 02:00:00,1.87784,1.8785500000000002,1.8777300000000001,1.8780299999999999,353,18,0
2026-08-20 02:15:00,1.87802,1.87811,1.87779,1.8780000000000001,180,18,0
2026-08-20 02:30:00,1.87798,1.87828,1.8779599999999999,1.87809,201,18,0
2026-08-20 02:45:00,1.8780999999999999,1.8783400000000001,1.87795,1.87828,154,18,0
2026-08-20 03:00:00,1.87831,1.87853,1.8782299999999998,1.8784800000000001,161,18,0
2026-08-20 03:15:00,1.87845,1.87873,1.87843,1.8784999999999998,183,18,0
2026-08-20 03:30:00,1.87851,1.8785500000000002,1.87799,1.87825,194,18,0
2026-08-20 03:45:00,1.87822,1.87838,1.8782,1.87829,139,18,0
2026-08-20 04:00:00,1.87831,1.87833,1.87771,1.87785,140,18,0
2026-08-20 04:15:00,1.8778700000000002,1.87791,1.87775,1.87788,138,18,0
2026-08-20 04:30:00,1.87786,1.87812,1.87781,1.87804,130,18,0
2026-08-20 04:45:00,1.8780700000000001,1.87829,1.87782,1.8778899999999998,158,18,0
2026-08-20 05:00:00,1.87791,1.87797,1.87775,1.87784,178,18,0
2026-08-20 05:15:00,1.87785,1.87793,1.8775300000000001,1.87755,132,18,0
2026-08-20 05:30:00,1.8775300000000001,1.87761,1.87684,1.87693,238,18,0
2026-08-20 05:45:00,1.87695,1.87706,1.8766500000000002,1.87676,215,18,0
2026-08-20 06:00:00,1.8767200000000002,1.87741,1.87664,1.87725,377,18,0
2026-08-20 06:15:00,1.87727,1.87738,1.87661,1.87683,359,18,0
2026-08-20 06:30:00,1.8768,1.87724,1.87669,1.8771,272,18,0
2026-08-20 06:45:00,1.8770799999999999,1.8774600000000001,1.87691,1.87744,353,18,0
2026-08-20 07:00:00,1.87748,1.87763,1.8769200000000001,1.87696,404,18,0
2026-08-20 07:15:00,1.87698,1.87718,1.87637,1.8766,336,18,0
2026-08-20 07:30:00,1.87663,1.8782999999999999,1.8765800000000001,1.87802,442,18,0
2026-08-20 07:45:00,1.87801,1.87815,1.87705,1.8773,403,18,0
2026-08-20 08:00:00,1.8773300000000002,1.87763,1.87707,1.87731,410,18,0
2026-08-20 08:15:00,1.8773300000000002,1.87801,1.87725,1.87743,358,18,0
2026-08-20 08:30:00,1.87744,1.87755,1.87704,1.87729,435,18,0
2026-08-20 08:45:00,1.8773,1.8778299999999999,1.87724,1.87732,325,18,0
2026-08-20 09:00:00,1.8773499999999999,1.8779400000000002,1.87729,1.87761,368,18,0
2026-08-20 09:15:00,1.87759,1.87791,1.87717,1.87791,420,18,0
2026-08-20 09:30:00,1.87792,1.8786800000000001,1.8778700000000002,1.87866,330,18,0
2026-08-20 09:45:00,1.87865,1.87865,1.87799,1.87818,359,18,0
2026-08-20 10:00:00,1.87816,1.8789500000000001,1.87765,1.87856,441,18,0
2026-08-20 10:15:00,1.8786,1.87866,1.87785,1.8782100000000002,330,18,0
2026-08-20 10:30:00,1.8782,1.87883,1.8782,1.87859,383,18,0
2026-08-20 10:45:00,1.8786,1.8787099999999999,1.87774,1.87833,320,18,0
2026-08-20 11:00:00,1.8782999999999999,1.87833,1.87653,1.87664,484,18,0
2026-08-20 11:15:00,1.87661,1.87714,1.87649,1.8768500000000001,347,18,0
2026-08-20 11:30:00,1.87682,1.87747,1.8765100000000001,1.87653,452,18,0
2026-08-20 11:45:00,1.87655,1.87705,1.87623,1.8766699999999998,479,18,0
2026-08-20 12:00:00,1.87666,1.87686,1.87569,1.87682,669,18,0
2026-08-20 12:15:00,1.87683,1.8788,1.87683,1.87827,618,18,0
2026-08-20 12:30:00,1.8782999999999999,1.87892,1.87755,1.87885,617,18,0
2026-08-20 12:45:00,1.87883,1.87989,1.8788,1.8793600000000001,560,18,0
2026-08-20 13:00:00,1.8794,1.87989,1.87843,1.87854,673,18,0
2026-08-20 13:15:00,1.87852,1.87886,1.8780299999999999,1.87835,552,18,0
2026-08-20 13:30:00,1.87838,1.87878,1.8779599999999999,1.87845,827,18,0
2026-08-20 13:45:00,1.87843,1.87915,1.87838,1.8788,630,18,0
2026-08-20 14:00:00,1.87877,1.87899,1.87832,1.87851,580,18,0
2026-08-20 14:15:00,1.87847,1.87957,1.87827,1.87944,589,18,0
2026-08-20 14:30:00,1.87942,1.87957,1.87847,1.8786800000000001,480,18,0
2026-08-20 14:45:00,1.8787,1.87915,1.87778,1.8784100000000001,623,18,0
2026-08-20 15:00:00,1.87839,1.87951,1.8782100000000002,1.8788,976,18,0
2026-08-20 15:15:00,1.87881,1.87899,1.87786,1.87878,558,18,0
2026-08-20 15:30:00,1.8787500000000001,1.8794,1.87854,1.8791,554,18,0
2026-08-20 15:45:00,1.8790900000000001,1.8795899999999999,1.8788200000000002,1.8791,478,18,0
2026-08-20 16:00:00,1.87913,1.87928,1.87878,1.87888,370,18,0
2026-08-20 16:15:00,1.87886,1.8791799999999999,1.87878,1.8788200000000002,292,18,0
2026-08-20 16:30:00,1.87881,1.8794,1.87856,1.8794,386,18,0
2026-08-20 16:45:00,1.87937,1.8798599999999999,1.87926,1.87954,264,18,0
2026-08-20 17:00:00,1.8795199999999999,1.87962,1.8789,1.8789,280,18,0
2026-08-20 17:15:00,1.87889,1.879,1.8784,1.87865,273,18,0
2026-08-20 17:30:00,1.87863,1.87863,1.87827,1.87843,193,18,0
2026-08-20 17:45:00,1.8784399999999999,1.87872,1.87842,1.8786100000000001,181,18,0
2026-08-20 18:00:00,1.87863,1.87869,1.8784100000000001,1.87847,224,18,0
2026-08-20 18:15:00,1.87846,1.8786399999999999,1.87829,1.87835,180,18,0
2026-08-20 18:30:00,1.8783699999999999,1.87865,1.87828,1.8784800000000001,147,18,0
2026-08-20 18:45:00,1.87845,1.87896,1.8784399999999999,1.8789099999999999,180,18,0
2026-08-20 19:00:00,1.87894,1.87953,1.87872,1.87942,218,18,0
2026-08-20 19:15:00,1.8794499999999998,1.87958,1.8791,1.87924,218,18,0
2026-08-20 19:30:00,1.87926,1.8795,1.8792,1.8795,186,18,0
2026-08-20 19:45:00,1.87948,1.8796599999999999,1.87912,1.87965,280,18,0
2026-08-20 20:00:00,1.87968,1.8798,1.8792200000000001,1.8792900000000001,145,18,0
2026-08-20 20:15:00,1.8793,1.87942,1.87914,1.87917,59,18,0
2026-08-20 20:30:00,1.87919,1.87933,1.8791,1.8792900000000001,73,18,0
2026-08-20 20:45:00,1.8793199999999999,1.87946,1.8791099999999998,1.8792200000000001,124,18,0
2026-08-20 21:00:00,1.87921,1.87921,1.87919,1.8792,6,48,0
2026-08-20 21:15:00,1.8791799999999999,1.8792,1.87903,1.87903,23,48,0
2026-08-20 21:30:00,1.8790200000000001,1.87919,1.87893,1.8789500000000001,83,48,0
2026-08-20 21:45:00,1.87896,1.87896,1.87876,1.8788399999999998,70,48,0
2026-08-20 22:00:00,1.87893,1.8795,1.87893,1.87931,77,18,0
2026-08-20 22:15:00,1.8793199999999999,1.87953,1.87921,1.8794300000000002,54,18,0
2026-08-20 22:30:00,1.87944,1.87947,1.87931,1.87938,36,18,0
2026-08-20 22:45:00,1.87937,1.8795,1.87934,1.8794499999999998,32,18,0
2026-08-20 23:00:00,1.87944,1.87974,1.87934,1.87944,117,18,0
2026-08-20 23:15:00,1.87942,1.87976,1.87941,1.87962,74,18,0
2026-08-20 23:30:00,1.87967,1.87987,1.8795899999999999,1.87973,106,18,0
2026-08-20 23:45:00,1.87975,1.8801700000000001,1.87971,1.88012,120,18,0
2026-08-21 00:00:00,1.88009,1.88009,1.87957,1.8798300000000001,181,18,0
2026-08-21 00:15:00,1.87981,1.87996,1.8795199999999999,1.87954,160,18,0
2026-08-21 00:30:00,1.87953,1.87955,1.87907,1.8791600000000002,166,18,0
2026-08-21 00:45:00,1.8791799999999999,1.87928,1.87883,1.8788399999999998,161,18,0
2026-08-21 01:00:00,1.8788200000000002,1.87939,1.8788,1.87924,261,18,0
2026-08-21 01:15:00,1.8792499999999999,1.87962,1.8790900000000001,1.87941,220,18,0
2026-08-21 01:30:00,1.8794499999999998,1.87961,1.87917,1.8792499999999999,203,18,0
2026-08-21 01:45:00,1.8792200000000001,1.87927,1.87896,1.879,162,18,0
2026-08-21 02:00:00,1.87899,1.87906,1.87872,1.87906,141,18,0
2026-08-21 02:15:00,1.87907,1.87924,1.87889,1.8789099999999999,168,18,0
2026-08-21 02:30:00,1.8789500000000001,1.8791099999999998,1.87862,1.8788200000000002,159,18,0
2026-08-21 02:45:00,1.87885,1.8789799999999999,1.8784100000000001,1.87847,177,18,0
2026-08-21 03:00:00,1.8784800000000001,1.8784999999999998,1.8780999999999999,1.87843,134,18,0
2026-08-21 03:15:00,1.87842,1.87846,1.87818,1.87818,105,18,0
2026-08-21 03:30:00,1.87815,1.87828,1.87788,1.87801,130,18,0
2026-08-21 03:45:00,1.8780000000000001,1.8782100000000002,1.8779400000000002,1.87816,104,18,0
2026-08-21 04:00:00,1.87817,1.87818,1.87772,1.87784,103,18,0
2026-08-21 04:15:00,1.87782,1.8778899999999998,1.8774899999999999,1.87757,76,18,0
2026-08-21 04:30:00,1.87754,1.87772,1.87745,1.87768,75,18,0
2026-08-21 04:45:00,1.87771,1.87802,1.8776199999999998,1.87802,92,18,0
2026-08-21 05:00:00,1.87801,1.8782,1.8779599999999999,1.87804,86,18,0
2026-08-21 05:15:00,1.87805,1.8780700000000001,1.87771,1.87771,81,18,0
2026-08-21 05:30:00,1.8777300000000001,1.87813,1.87761,1.87786,158,18,0
2026-08-21 05:45:00,1.87784,1.87854,1.87764,1.87835,220,18,0
2026-08-21 06:00:00,1.87839,1.87842,1.87768,1.87777,262,18,0
2026-08-21 06:15:00,1.87778,1.87822,1.87775,1.87808,234,18,0
2026-08-21 06:30:00,1.87806,1.87838,1.8777300000000001,1.8778000000000001,204,18,0
2026-08-21 06:45:00,1.87781,1.87818,1.87767,1.87806,260,18,0
2026-08-21 07:00:00,1.8780299999999999,1.87858,1.87755,1.87854,340,18,0
2026-08-21 07:15:00,1.87856,1.8789500000000001,1.87839,1.87847,332,18,0
2026-08-21 07:30:00,1.8784399999999999,1.8786,1.8774899999999999,1.87757,392,18,0
2026-08-21 07:45:00,1.87755,1.87755,1.87639,1.87666,480,18,0
2026-08-21 08:00:00,1.8766699999999998,1.87683,1.8759000000000001,1.87603,368,18,0
2026-08-21 08:15:00,1.8760400000000002,1.87669,1.87583,1.8766500000000002,362,18,0
2026-08-21 08:30:00,1.8767,1.87771,1.8767,1.87756,425,18,0
2026-08-21 08:45:00,1.87755,1.87835,1.87721,1.87826,397,18,0
2026-08-21 09:00:00,1.87829,1.8794499999999998,1.87798,1.87924,544,18,0
2026-08-21 09:15:00,1.87921,1.87923,1.8782,1.87832,340,18,0
2026-08-21 09:30:00,1.8782999999999999,1.87862,1.87785,1.87785,276,18,0
2026-08-21 09:45:00,1.87786,1.87795,1.8771900000000001,1.87737,248,18,0
2026-08-21 10:00:00,1.8773499999999999,1.87751,1.8766699999999998,1.87682,340,18,0
2026-08-21 10:15:00,1.87684,1.8775300000000001,1.87684,1.8772,279,18,0
2026-08-21 10:30:00,1.8772199999999999,1.87723,1.87628,1.87633,307,18,0
2026-08-21 10:45:00,1.87629,1.8763,1.8748,1.87535,464,18,0
2026-08-21 11:00:00,1.87534,1.87592,1.8750900000000001,1.87585,317,18,0
2026-08-21 11:15:00,1.87588,1.8773,1.87584,1.87697,545,18,0
2026-08-21 11:30:00,1.8769900000000002,1.87706,1.87582,1.8759000000000001,446,18,0
2026-08-21 11:45:00,1.87587,1.87612,1.87531,1.87609,339,18,0
2026-08-21 12:00:00,1.8761100000000002,1.8762699999999999,1.87548,1.87601,450,18,0
2026-08-21 12:15:00,1.87598,1.8763,1.8754499999999998,1.87581,473,18,0
2026-08-21 12:30:00,1.87584,1.87584,1.87439,1.8753600000000001,615,18,0
2026-08-21 12:45:00,1.87537,1.87537,1.87477,1.87524,461,18,0
2026-08-21 13:00:00,1.87526,1.87553,1.87477,1.87504,493,18,0
2026-08-21 13:15:00,1.87507,1.87515,1.87413,1.87451,494,18,0
2026-08-21 13:30:00,1.87453,1.87506,1.87411,1.8750200000000001,563,18,0
2026-08-21 13:45:00,1.8749500000000001,1.8759700000000001,1.87481,1.8758599999999999,482,18,0
2026-08-21 14:00:00,1.87584,1.8762400000000001,1.87582,1.87623,428,18,0
2026-08-21 14:15:00,1.87622,1.87659,1.87595,1.87595,386,18,0
2026-08-21 14:30:00,1.87592,1.87663,1.87523,1.87656,720,18,0
2026-08-21 14:45:00,1.87659,1.8773,1.87601,1.87629,725,18,0
2026-08-21 15:00:00,1.87626,1.8767399999999999,1.8761700000000001,1.87632,529,18,0
2026-08-21 15:15:00,1.87635,1.87659,1.8760400000000002,1.87657,410,18,0
2026-08-21 15:30:00,1.87659,1.8776199999999998,1.87649,1.87736,411,18,0
2026-08-21 15:45:00,1.87737,1.87808,1.87737,1.87777,327,18,0
2026-08-21 16:00:00,1.8778000000000001,1.87806,1.87743,1.87757,347,18,0
2026-08-21 16:15:00,1.87756,1.8782,1.8773300000000002,1.8781400000000001,400,18,0
2026-08-21 16:30:00,1.87816,1.87822,1.8777300000000001,1.87786,252,18,0
2026-08-21 16:45:00,1.87788,1.8779400000000002,1.87758,1.87774,203,18,0
2026-08-21 17:00:00,1.87772,1.8778899999999998,1.8775,1.8776000000000002,198,18,0
2026-08-21 17:15:00,1.87761,1.87768,1.87727,1.87736,213,18,0
2026-08-21 17:30:00,1.87738,1.87757,1.87716,1.8773499999999999,204,18,0
2026-08-21 17:45:00,1.8773300000000002,1.87829,1.8773300000000002,1.87818,166,18,0
2026-08-21 18:00:00,1.87815,1.87866,1.87815,1.8784,142,18,0
2026-08-21 18:15:00,1.87839,1.87854,1.8783699999999999,1.8784999999999998,121,18,0
2026-08-21 18:30:00,1.87847,1.87892,1.87819,1.8787,145,18,0
2026-08-21 18:45:00,1.87872,1.87876,1.8784100000000001,1.8784800000000001,162,18,0
2026-08-21 19:00:00,1.87851,1.8786100000000001,1.87828,1.87849,198,18,0
2026-08-21 19:15:00,1.87851,1.87881,1.8784399999999999,1.87877,141,18,0
2026-08-21 19:30:00,1.87879,1.8788,1.8784,1.8784800000000001,167,18,0
2026-08-21 19:45:00,1.87846,1.8789099999999999,1.87843,1.8789099999999999,169,18,0
2026-08-21 20:00:00,1.87888,1.8789099999999999,1.87858,1.87863,85,18,0
2026-08-21 20:15:00,1.8786100000000001,1.87863,1.8782,1.8782,64,18,0
2026-08-21 20:30:00,1.87817,1.87822,1.8777599999999999,1.87791,92,18,0
2026-08-21 20:45:00,1.87792,1.8784800000000001,1.87771,1.87832,234,18,0
2026-08-23 21:15:00,1.88274,1.88292,1.88209,1.8826399999999999,71,137,0
2026-08-23 21:30:00,1.88242,1.88313,1.8807800000000001,1.88194,252,121,0
2026-08-23 21:45:00,1.8818700000000002,1.88213,1.8808799999999999,1.88129,191,92,0
2026-08-23 22:00:00,1.88161,1.88222,1.88066,1.8818000000000001,266,28,0
2026-08-23 22:15:00,1.88181,1.8823400000000001,1.88178,1.8820299999999999,84,28,0
2026-08-23 22:30:00,1.8820700000000001,1.88209,1.88143,1.88182,154,18,0
2026-08-23 22:45:00,1.88183,1.88192,1.88165,1.88178,84,18,0
2026-08-23 23:00:00,1.88177,1.88188,1.88165,1.88174,106,18,0
2026-08-23 23:15:00,1.88177,1.8822100000000002,1.88175,1.8821400000000001,98,18,0
2026-08-23 23:30:00,1.88216,1.88286,1.88216,1.88272,124,18,0
2026-08-23 23:45:00,1.8827,1.8831099999999998,1.8827,1.8830900000000002,156,18,0
2026-08-24 00:00:00,1.88308,1.8834,1.88211,1.88219,346,18,0
2026-08-24 00:15:00,1.88216,1.88218,1.8818000000000001,1.88183,233,18,0
2026-08-24 00:30:00,1.8818000000000001,1.8820299999999999,1.88154,1.8819599999999999,180,18,0
2026-08-24 00:45:00,1.88198,1.8825699999999999,1.88185,1.88249,232,18,0
2026-08-24 01:00:00,1.88251,1.88279,1.8824,1.8827099999999999,308,18,0
2026-08-24 01:15:00,1.88267,1.88294,1.88208,1.88209,258,18,0
2026-08-24 01:30:00,1.8820700000000001,1.88239,1.88198,1.88218,166,18,0
2026-08-24 01:45:00,1.8822,1.88246,1.88218,1.88235,169,18,0
2026-08-24 02:00:00,1.88238,1.88263,1.88231,1.88247,173,18,0
2026-08-24 02:15:00,1.8824800000000002,1.88252,1.8822299999999998,1.88228,107,18,0
2026-08-24 02:30:00,1.88227,1.88227,1.8819599999999999,1.88219,135,18,0
2026-08-24 02:45:00,1.8822100000000002,1.88249,1.8820999999999999,1.88246,112,18,0
2026-08-24 03:00:00,1.88249,1.88253,1.8820999999999999,1.88216,112,18,0
2026-08-24 03:15:00,1.88217,1.88226,1.88204,1.88209,89,18,0
2026-08-24 03:30:00,1.8820700000000001,1.88213,1.88182,1.88182,99,18,0
2026-08-24 03:45:00,1.88179,1.88182,1.88157,1.88175,106,18,0
2026-08-24 04:00:00,1.88174,1.8823699999999999,1.88174,1.8822299999999998,155,18,0
2026-08-24 04:15:00,1.88226,1.88231,1.88211,1.88222,163,18,0
2026-08-24 04:30:00,1.8822,1.88228,1.88202,1.88204,124,18,0
2026-08-24 04:45:00,1.88205,1.88249,1.88199,1.8824800000000002,110,18,0
2026-08-24 05:00:00,1.8824999999999998,1.88252,1.88219,1.88225,117,18,0
2026-08-24 05:15:00,1.88226,1.88243,1.88215,1.8824,111,18,0
2026-08-24 05:30:00,1.88238,1.8824999999999998,1.88205,1.8820700000000001,153,18,0
2026-08-24 05:45:00,1.88205,1.8824,1.88193,1.8824,128,18,0
2026-08-24 06:00:00,1.8823699999999999,1.88462,1.8823699999999999,1.8845100000000001,362,18,0
2026-08-24 06:15:00,1.88453,1.88487,1.88435,1.88437,309,18,0
2026-08-24 06:30:00,1.8843999999999999,1.88502,1.88425,1.8849,320,18,0
2026-08-24 06:45:00,1.88487,1.88565,1.88471,1.88541,351,18,0
2026-08-24 07:00:00,1.88538,1.88672,1.88534,1.8864999999999998,438,18,0
2026-08-24 07:15:00,1.88647,1.88697,1.88638,1.88652,425,18,0
2026-08-24 07:30:00,1.88651,1.8868800000000001,1.88582,1.88584,380,18,0
2026-08-24 07:45:00,1.8858700000000002,1.88696,1.8856899999999999,1.88617,488,18,0
2026-08-24 08:00:00,1.8862,1.88706,1.8858899999999998,1.8859599999999999,567,18,0
2026-08-24 08:15:00,1.88597,1.88669,1.88572,1.8859599999999999,418,18,0
2026-08-24 08:30:00,1.88597,1.88685,1.88595,1.88669,342,18,0
2026-08-24 08:45:00,1.8866800000000001,1.88685,1.88537,1.88543,341,18,0
2026-08-24 09:00:00,1.8854600000000001,1.88611,1.88545,1.88592,378,18,0
2026-08-24 09:15:00,1.8859,1.88609,1.88534,1.88572,265,18,0
2026-08-24 09:30:00,1.8857300000000001,1.88578,1.88531,1.88556,221,18,0
2026-08-24 09:45:00,1.88554,1.88586,1.8853900000000001,1.88586,263,18,0
2026-08-24 10:00:00,1.88583,1.8858899999999998,1.8852600000000002,1.88531,260,18,0
2026-08-24 10:15:00,1.88532,1.88561,1.88532,1.88548,192,18,0
2026-08-24 10:30:00,1.8854600000000001,1.8857300000000001,1.8852,1.88554,278,18,0
2026-08-24 10:45:00,1.88556,1.8860299999999999,1.88532,1.88567,324,18,0
2026-08-24 11:00:00,1.8856600000000001,1.88665,1.8856199999999999,1.88652,315,18,0
2026-08-24 11:15:00,1.8864800000000002,1.88658,1.88605,1.88649,303,18,0
2026-08-24 11:30:00,1.88652,1.8876300000000001,1.8864800000000002,1.8875,547,18,0
2026-08-24 11:45:00,1.8875199999999999,1.88834,1.8874,1.8882400000000001,460,18,0
2026-08-24 12:00:00,1.88828,1.88846,1.88781,1.88819,416,18,0
2026-08-24 12:15:00,1.8881700000000001,1.88819,1.8874,1.8879700000000001,462,18,0
2026-08-24 12:30:00,1.8879899999999998,1.88846,1.8870200000000001,1.88706,602,18,0
2026-08-24 12:45:00,1.88704,1.8878599999999999,1.8869799999999999,1.88737,403,18,0
2026-08-24 13:00:00,1.8874,1.88751,1.8869099999999999,1.8869500000000001,383,18,0
2026-08-24 13:15:00,1.8869799999999999,1.8872200000000001,1.88651,1.88654,400,18,0
2026-08-24 13:30:00,1.88653,1.8875,1.88582,1.88712,869,18,0
2026-08-24 13:45:00,1.88714,1.88714,1.8860000000000001,1.88605,645,18,0
2026-08-24 14:00:00,1.8860700000000001,1.8866800000000001,1.8860000000000001,1.8862100000000002,554,18,0
2026-08-24 14:15:00,1.88618,1.8866,1.88575,1.8860000000000001,443,18,0
2026-08-24 14:30:00,1.88599,1.88653,1.8854600000000001,1.88652,422,18,0
2026-08-24 14:45:00,1.88656,1.88727,1.8864,1.88678,600,18,0
2026-08-24 15:00:00,1.8868,1.88694,1.88642,1.8867699999999998,423,18,0
2026-08-24 15:15:00,1.88674,1.88707,1.88643,1.8869099999999999,405,18,0
2026-08-24 15:30:00,1.88687,1.88708,1.88594,1.88638,383,18,0
2026-08-24 15:45:00,1.8864100000000001,1.88693,1.8862700000000001,1.88636,374,18,0
2026-08-24 16:00:00,1.8863699999999999,1.88706,1.88631,1.88669,455,18,0
2026-08-24 16:15:00,1.8867099999999999,1.8873799999999998,1.8867099999999999,1.8873,228,18,0
2026-08-24 16:30:00,1.8873199999999999,1.8876,1.88694,1.8871,212,18,0
2026-08-24 16:45:00,1.88712,1.8879899999999998,1.88699,1.8879700000000001,293,18,0
2026-08-24 17:00:00,1.8879899999999998,1.88837,1.88785,1.88829,402,18,0
2026-08-24 17:15:00,1.8883,1.88863,1.88803,1.88856,367,18,0
2026-08-24 17:30:00,1.8885800000000001,1.88861,1.88807,1.88823,212,18,0
2026-08-24 17:45:00,1.88825,1.88859,1.8881000000000001,1.8883999999999999,230,18,0
2026-08-24 18:00:00,1.88843,1.88843,1.88796,1.8883100000000002,228,18,0
2026-08-24 18:15:00,1.8883,1.88841,1.88807,1.88821,189,18,0
2026-08-24 18:30:00,1.8882400000000001,1.88845,1.8879700000000001,1.88801,179,18,0
2026-08-24 18:45:00,1.88798,1.8881000000000001,1.8875600000000001,1.88777,199,18,0
2026-08-24 19:00:00,1.88775,1.88775,1.88724,1.88726,148,18,0
2026-08-24 19:15:00,1.88727,1.88727,1.88686,1.887,161,18,0
2026-08-24 19:30:00,1.88701,1.88704,1.8868399999999999,1.8868399999999999,149,18,0
2026-08-24 19:45:00,1.8868200000000002,1.8869500000000001,1.88669,1.88672,159,18,0
2026-08-24 20:00:00,1.8867500000000001,1.88741,1.88669,1.8870900000000002,161,18,0
2026-08-24 20:15:00,1.8871,1.88724,1.88689,1.8871,71,18,0
2026-08-24 20:30:00,1.88713,1.8873799999999998,1.88705,1.88706,56,18,0
2026-08-24 20:45:00,1.88703,1.8872200000000001,1.8867699999999998,1.8868200000000002,77,18,0
2026-08-24 21:00:00,1.88681,1.88681,1.8868,1.88681,3,48,0
2026-08-24 21:15:00,1.8868,1.8868800000000001,1.8867699999999998,1.88681,84,48,0
2026-08-24 21:30:00,1.8868200000000002,1.88692,1.8866399999999999,1.88687,78,83,0
2026-08-24 21:45:00,1.8868800000000001,1.88697,1.88685,1.88697,83,71,0
2026-08-24 22:00:00,1.88701,1.88774,1.88701,1.8872200000000001,94,28,0
2026-08-24 22:15:00,1.88717,1.88717,1.88663,1.88697,64,18,0
2026-08-24 22:30:00,1.8869799999999999,1.88716,1.8869799999999999,1.88714,50,18,0
2026-08-24 22:45:00,1.88715,1.8872200000000001,1.88714,1.8872200000000001,16,18,0
2026-08-24 23:00:00,1.88726,1.88727,1.88703,1.88723,59,18,0
2026-08-24 23:15:00,1.88724,1.88754,1.88723,1.8875199999999999,59,18,0
2026-08-24 23:30:00,1.88753,1.88757,1.88716,1.88724,71,18,0
2026-08-24 23:45:00,1.88727,1.8874900000000001,1.88717,1.8874300000000002,93,18,0
2026-08-25 00:00:00,1.8874499999999999,1.8881700000000001,1.8874300000000002,1.888,174,18,0
2026-08-25 00:15:00,1.88796,1.88816,1.88778,1.88805,131,18,0
2026-08-25 00:30:00,1.88808,1.8881999999999999,1.8879700000000001,1.88811,134,18,0
2026-08-25 00:45:00,1.88812,1.88835,1.88781,1.88832,161,18,0
2026-08-25 01:00:00,1.88835,1.88842,1.88807,1.88827,172,18,0
2026-08-25 01:15:00,1.8882400000000001,1.88838,1.88803,1.88836,140,18,0
2026-08-25 01:30:00,1.8883999999999999,1.88866,1.88834,1.88856,117,18,0
2026-08-25 01:45:00,1.8885800000000001,1.8885800000000001,1.8881999999999999,1.88832,147,18,0
2026-08-25 02:00:00,1.8883,1.88849,1.88812,1.88845,146,18,0
2026-08-25 02:15:00,1.8884699999999999,1.8885100000000001,1.88829,1.88846,107,18,0
2026-08-25 02:30:00,1.88845,1.88848,1.88825,1.88828,128,18,0
2026-08-25 02:45:00,1.88827,1.88828,1.88796,1.8880599999999998,130,18,0
2026-08-25 03:00:00,1.88805,1.8881700000000001,1.88796,1.88805,121,18,0
2026-08-25 03:15:00,1.8880599999999998,1.8881299999999999,1.88792,1.8879899999999998,92,18,0
2026-08-25 03:30:00,1.888,1.88807,1.88787,1.88805,95,18,0
2026-08-25 03:45:00,1.8880400000000002,1.88805,1.88791,1.88798,76,18,0
2026-08-25 04:00:00,1.88796,1.8879899999999998,1.88773,1.8878,91,18,0
2026-08-25 04:15:00,1.8877899999999999,1.8883,1.88775,1.8882400000000001,118,18,0
2026-08-25 04:30:00,1.88825,1.88841,1.88822,1.8883100000000002,96,18,0
2026-08-25 04:45:00,1.8883,1.88843,1.8883,1.88837,69,18,0
2026-08-25 05:00:00,1.88838,1.8885800000000001,1.88828,1.88842,101,18,0
2026-08-25 05:15:00,1.8884400000000001,1.88866,1.88837,1.88856,95,18,0
2026-08-25 05:30:00,1.88853,1.88853,1.8880599999999998,1.8881299999999999,93,18,0
2026-08-25 05:45:00,1.8881000000000001,1.88828,1.88798,1.88801,123,18,0
2026-08-25 06:00:00,1.88798,1.8885100000000001,1.88789,1.88832,219,18,0
2026-08-25 06:15:00,1.8883,1.88832,1.88809,1.8881999999999999,190,18,0
2026-08-25 06:30:00,1.88819,1.8883999999999999,1.88802,1.88839,227,18,0
2026-08-25 06:45:00,1.8883999999999999,1.88934,1.88834,1.88933,227,18,0
2026-08-25 07:00:00,1.88936,1.89046,1.8891900000000001,1.89031,390,18,0
2026-08-25 07:15:00,1.8902700000000001,1.89065,1.8902,1.89033,274,18,0
2026-08-25 07:30:00,1.89035,1.8909799999999999,1.8902999999999999,1.8908399999999999,245,18,0
2026-08-25 07:45:00,1.89086,1.8908800000000001,1.89019,1.89024,236,18,0
2026-08-25 08:00:00,1.8902299999999999,1.8902299999999999,1.88916,1.88927,314,18,0
2026-08-25 08:15:00,1.88923,1.89022,1.88914,1.8895300000000002,460,18,0
2026-08-25 08:30:00,1.8895,1.89006,1.88937,1.89006,348,18,0
2026-08-25 08:45:00,1.8900299999999999,1.89071,1.89002,1.8906,355,18,0
2026-08-25 09:00:00,1.89059,1.8912200000000001,1.89047,1.89074,445,18,0
2026-08-25 09:15:00,1.89071,1.89082,1.89026,1.89031,245,18,0
2026-08-25 09:30:00,1.8902999999999999,1.8909099999999999,1.88981,1.88985,424,18,0
2026-08-25 09:45:00,1.88983,1.89052,1.88981,1.8900000000000001,281,18,0
2026-08-25 10:00:00,1.88998,1.89021,1.88982,1.88999,257,18,0
2026-08-25 10:15:00,1.8899599999999999,1.8902299999999999,1.88983,1.89004,228,18,0
2026-08-25 10:30:00,1.89005,1.89021,1.88956,1.88963,252,18,0
2026-08-25 10:45:00,1.8896,1.88983,1.88903,1.8891900000000001,313,18,0
2026-08-25 11:00:00,1.88918,1.88927,1.88849,1.88873,315,18,0
2026-08-25 11:15:00,1.8887,1.8888,1.8881299999999999,1.8884400000000001,305,18,0
2026-08-25 11:30:00,1.8884699999999999,1.8885800000000001,1.88802,1.8880400000000002,259,18,0
2026-08-25 11:45:00,1.88803,1.8895,1.8879899999999998,1.88933,365,18,0
2026-08-25 12:00:00,1.88937,1.8900000000000001,1.88842,1.8889399999999998,420,18,0
2026-08-25 12:15:00,1.88896,1.88972,1.88891,1.8896600000000001,360,18,0
2026-08-25 12:30:00,1.88967,1.88968,1.88838,1.88838,307,18,0
2026-08-25 12:45:00,1.8883999999999999,1.88884,1.8883999999999999,1.88857,311,18,0
2026-08-25 13:00:00,1.88859,1.88997,1.88859,1.88956,590,18,0
2026-08-25 13:15:00,1.88958,1.88974,1.88879,1.88903,452,18,0
2026-08-25 13:30:00,1.8890500000000001,1.88916,1.88823,1.8885800000000001,491,18,0
2026-08-25 13:45:00,1.88857,1.88864,1.88719,1.88727,445,18,0
2026-08-25 14:00:00,1.8872900000000001,1.88739,1.88631,1.88676,511,18,0
2026-08-25 14:15:00,1.88678,1.88683,1.88568,1.88624,476,18,0
2026-08-25 14:30:00,1.8862299999999999,1.88625,1.8852600000000002,1.88579,482,18,0
2026-08-25 14:45:00,1.88581,1.8863699999999999,1.88564,1.88593,652,18,0
2026-08-25 15:00:00,1.88591,1.88703,1.88591,1.88685,433,18,0
2026-08-25 15:15:00,1.8868800000000001,1.88717,1.88667,1.88707,340,18,0
2026-08-25 15:30:00,1.88704,1.8871,1.8862999999999999,1.8864999999999998,440,18,0
2026-08-25 15:45:00,1.88649,1.88689,1.88638,1.88686,374,18,0
2026-08-25 16:00:00,1.8868800000000001,1.8869799999999999,1.8862999999999999,1.88635,317,18,0
2026-08-25 16:15:00,1.88633,1.88701,1.8862700000000001,1.88692,270,18,0
2026-08-25 16:30:00,1.88694,1.8873799999999998,1.88694,1.88716,217,18,0
2026-08-25 16:45:00,1.88714,1.88717,1.88639,1.88672,183,18,0
2026-08-25 17:00:00,1.88669,1.88705,1.88647,1.88672,208,18,0
2026-08-25 17:15:00,1.8867500000000001,1.88694,1.8865699999999999,1.88672,202,18,0
2026-08-25 17:30:00,1.88674,1.88712,1.8866800000000001,1.8869,188,18,0
2026-08-25 17:45:00,1.88689,1.88744,1.88687,1.88731,180,18,0
2026-08-25 18:00:00,1.88728,1.88735,1.88696,1.8872900000000001,229,18,0
2026-08-25 18:15:00,1.88726,1.8873799999999998,1.88693,1.88705,148,18,0
2026-08-25 18:30:00,1.88706,1.8871799999999999,1.8869099999999999,1.8871,103,18,0
2026-08-25 18:45:00,1.8870900000000002,1.8871799999999999,1.8868200000000002,1.8869799999999999,173,18,0
2026-08-25 19:00:00,1.887,1.887,1.88659,1.8869099999999999,231,18,0
2026-08-25 19:15:00,1.88694,1.88731,1.8869099999999999,1.887,219,18,0
2026-08-25 19:30:00,1.8870200000000001,1.88706,1.8867099999999999,1.88706,162,18,0
2026-08-25 19:45:00,1.88705,1.88812,1.88705,1.88798,297,18,0
2026-08-25 20:00:00,1.88801,1.8884400000000001,1.88778,1.8883299999999998,199,18,0
2026-08-25 20:15:00,1.88832,1.88869,1.8883,1.88848,141,18,0
2026-08-25 20:30:00,1.88849,1.88877,1.88834,1.8885399999999999,128,18,0
2026-08-25 20:45:00,1.88853,1.88914,1.8884699999999999,1.88884,121,18,0
2026-08-25 21:00:00,1.8888500000000001,1.8888500000000001,1.8888099999999999,1.88882,8,48,0
2026-08-25 21:15:00,1.88884,1.8889200000000002,1.88882,1.8889200000000002,65,48,0
2026-08-25 21:30:00,1.88891,1.88895,1.8880599999999998,1.8881299999999999,118,48,0
2026-08-25 21:45:00,1.88815,1.88815,1.88734,1.88774,102,126,0
2026-08-25 22:00:00,1.88777,1.8885,1.88777,1.8883299999999998,108,18,0
2026-08-25 22:15:00,1.88832,1.8885800000000001,1.88828,1.88853,166,18,0
2026-08-25 22:30:00,1.8885399999999999,1.8885999999999998,1.8881299999999999,1.88826,98,18,0
2026-08-25 22:45:00,1.88823,1.88832,1.88812,1.88822,68,18,0
2026-08-25 23:00:00,1.8882400000000001,1.88836,1.88801,1.88825,79,18,0
2026-08-25 23:15:00,1.88826,1.88838,1.88815,1.88838,40,18,0
2026-08-25 23:30:00,1.8883999999999999,1.8883999999999999,1.8881000000000001,1.8881299999999999,50,18,0
2026-08-25 23:45:00,1.88815,1.88818,1.88798,1.88805,118,18,0
2026-08-26 00:00:00,1.88802,1.88846,1.8878599999999999,1.88846,162,18,0
2026-08-26 00:15:00,1.8884400000000001,1.88856,1.88838,1.88849,121,18,0
2026-08-26 00:30:00,1.88853,1.88883,1.88849,1.88877,109,18,0
2026-08-26 00:45:00,1.8888,1.88906,1.88866,1.88866,172,18,0
2026-08-26 01:00:00,1.88864,1.88954,1.88864,1.88943,213,18,0
2026-08-26 01:15:00,1.8894600000000001,1.88951,1.88916,1.8892600000000002,152,18,0
2026-08-26 01:30:00,1.88923,1.8892600000000002,1.8889,1.8892,225,18,0
2026-08-26 01:45:00,1.88918,1.88918,1.8887800000000001,1.88897,195,18,0
2026-08-26 02:00:00,1.88898,1.88948,1.88898,1.88941,171,18,0
2026-08-26 02:15:00,1.88944,1.8900299999999999,1.8894,1.88982,174,18,0
2026-08-26 02:30:00,1.88981,1.88983,1.88944,1.88978,149,18,0
2026-08-26 02:45:00,1.88977,1.8898899999999998,1.88965,1.88967,122,18,0
2026-08-26 03:00:00,1.88968,1.88998,1.88964,1.8899,127,18,0
2026-08-26 03:15:00,1.88991,1.89032,1.8899,1.89002,121,18,0
2026-08-26 03:30:00,1.88999,1.89002,1.88965,1.88975,118,18,0
2026-08-26 03:45:00,1.8897599999999999,1.88983,1.8896199999999999,1.88981,76,18,0
2026-08-26 04:00:00,1.88979,1.88982,1.88957,1.8897300000000001,64,18,0
2026-08-26 04:15:00,1.88971,1.89004,1.88964,1.88998,72,18,0
2026-08-26 04:30:00,1.8900000000000001,1.89004,1.8898700000000002,1.8899599999999999,64,18,0
2026-08-26 04:45:00,1.88995,1.89005,1.8899,1.88998,87,18,0
2026-08-26 05:00:00,1.8899599999999999,1.89006,1.88984,1.88988,80,18,0
2026-08-26 05:15:00,1.88991,1.89001,1.8896199999999999,1.8896899999999999,124,18,0
2026-08-26 05:30:00,1.88968,1.88995,1.8896600000000001,1.88978,150,18,0
2026-08-26 05:45:00,1.88977,1.88991,1.8896600000000001,1.88982,102,18,0
2026-08-26 06:00:00,1.88985,1.88992,1.88907,1.8891200000000001,210,18,0
2026-08-26 06:15:00,1.88911,1.88922,1.88857,1.88891,246,18,0
2026-08-26 06:30:00,1.88893,1.8892600000000002,1.8889,1.88916,225,18,0
2026-08-26 06:45:00,1.88917,1.8896600000000001,1.88879,1.88964,284,18,0
2026-08-26 07:00:00,1.88961,1.89081,1.88954,1.89044,386,18,0
2026-08-26 07:15:00,1.89043,1.8907,1.88983,1.8899,261,18,0
2026-08-26 07:30:00,1.88993,1.88993,1.8895300000000002,1.88954,213,18,0
2026-08-26 07:45:00,1.8895300000000002,1.88975,1.88932,1.88964,247,18,0
2026-08-26 08:00:00,1.88961,1.88983,1.8892600000000002,1.8894600000000001,335,18,0
2026-08-26 08:15:00,1.88944,1.88994,1.88936,1.88981,254,18,0
2026-08-26 08:30:00,1.88979,1.88986,1.88948,1.8897,240,18,0
2026-08-26 08:45:00,1.8896899999999999,1.88986,1.88936,1.88958,284,18,0
2026-08-26 09:00:00,1.88959,1.88961,1.8892099999999998,1.88954,263,18,0
2026-08-26 09:15:00,1.88956,1.8896899999999999,1.88903,1.8893499999999999,199,18,0
2026-08-26 09:30:00,1.88938,1.8899,1.88932,1.88978,172,18,0
2026-08-26 09:45:00,1.8897599999999999,1.88993,1.8893900000000001,1.88947,190,18,0
2026-08-26 10:00:00,1.8894600000000001,1.88948,1.88897,1.88899,171,18,0
2026-08-26 10:15:00,1.88896,1.88913,1.8883999999999999,1.88843,270,18,0
2026-08-26 10:30:00,1.88841,1.88906,1.88841,1.88902,151,18,0
2026-08-26 10:45:00,1.88906,1.88906,1.88859,1.8888500000000001,191,18,0
2026-08-26 11:00:00,1.88887,1.88979,1.88884,1.88954,279,18,0
2026-08-26 11:15:00,1.88956,1.8898000000000001,1.8891900000000001,1.88972,263,18,0
2026-08-26 11:30:00,1.88974,1.8898899999999998,1.88903,1.88904,253,18,0
2026-08-26 11:45:00,1.8890099999999999,1.88943,1.8888,1.8891200000000001,283,18,0
2026-08-26 12:00:00,1.8891499999999999,1.8897,1.88896,1.88952,349,18,0
2026-08-26 12:15:00,1.88948,1.88972,1.88843,1.88893,346,18,0
2026-08-26 12:30:00,1.88889,1.88904,1.8871099999999998,1.88781,715,18,0
2026-08-26 12:45:00,1.8877899999999999,1.88791,1.88704,1.8874300000000002,540,18,0
2026-08-26 13:00:00,1.88741,1.88798,1.88735,1.8877899999999999,530,18,0
2026-08-26 13:15:00,1.88778,1.8879299999999999,1.88713,1.8873,455,18,0
2026-08-26 13:30:00,1.8873199999999999,1.88791,1.88673,1.88689,536,18,0
2026-08-26 13:45:00,1.88693,1.88703,1.8861400000000001,1.88638,494,18,0
2026-08-26 14:00:00,1.8863400000000001,1.88656,1.8858899999999998,1.88653,516,18,0
2026-08-26 14:15:00,1.88654,1.8868,1.88611,1.88659,573,18,0
2026-08-26 14:30:00,1.88655,1.88735,1.88636,1.88715,550,18,0
2026-08-26 14:45:00,1.88717,1.88794,1.8866100000000001,1.88739,637,18,0
2026-08-26 15:00:00,1.88737,1.8877199999999998,1.8871,1.88723,517,18,0
2026-08-26 15:15:00,1.88727,1.8873,1.88667,1.88705,373,18,0
2026-08-26 15:30:00,1.8870900000000002,1.88777,1.88672,1.8874300000000002,308,18,0
2026-08-26 15:45:00,1.8874499999999999,1.8876,1.88622,1.88625,441,18,0
2026-08-26 16:00:00,1.88622,1.88645,1.88605,1.88625,298,18,0
2026-08-26 16:15:00,1.8862299999999999,1.88624,1.8855,1.8856000000000002,266,18,0
2026-08-26 16:30:00,1.88559,1.88568,1.88538,1.8854899999999999,311,18,0
2026-08-26 16:45:00,1.88551,1.8860299999999999,1.88537,1.88588,263,18,0
2026-08-26 17:00:00,1.88586,1.8862,1.8858000000000001,1.88595,264,18,0
2026-08-26 17:15:00,1.88599,1.8861599999999998,1.88558,1.88563,227,18,0
2026-08-26 17:30:00,1.88561,1.88595,1.88559,1.88581,171,18,0
2026-08-26 17:45:00,1.88579,1.8860999999999999,1.8856600000000001,1.88595,230,18,0
2026-08-26 18:00:00,1.88594,1.88606,1.88561,1.88571,201,18,0
2026-08-26 18:15:00,1.8857300000000001,1.88617,1.88571,1.8860000000000001,149,18,0
2026-08-26 18:30:00,1.88598,1.88611,1.8856899999999999,1.88599,137,18,0
2026-08-26 18:45:00,1.8860000000000001,1.88615,1.88582,1.8860999999999999,175,18,0
2026-08-26 19:00:00,1.88608,1.88615,1.88583,1.8858700000000002,148,18,0
2026-08-26 19:15:00,1.88588,1.88612,1.8857599999999999,1.8860299999999999,117,18,0
2026-08-26 19:30:00,1.88601,1.88624,1.8859599999999999,1.88615,120,18,0
2026-08-26 19:45:00,1.8861599999999998,1.8864,1.88615,1.88631,146,18,0
2026-08-26 20:00:00,1.88628,1.88659,1.8862700000000001,1.88651,105,18,0
2026-08-26 20:15:00,1.88647,1.88666,1.8862100000000002,1.88635,108,18,0
2026-08-26 20:30:00,1.8863400000000001,1.88642,1.88622,1.8862299999999999,86,18,0
2026-08-26 20:45:00,1.8862100000000002,1.88662,1.8861400000000001,1.88639,149,18,0
2026-08-26 21:00:00,1.88638,1.88638,1.88636,1.88636,2,48,0
2026-08-26 21:15:00,1.88635,1.88639,1.88631,1.8863699999999999,54,48,0
2026-08-26 21:30:00,1.88636,1.88638,1.88548,1.88548,152,48,0
2026-08-26 21:45:00,1.88552,1.8857599999999999,1.8852799999999998,1.88575,143,106,0
2026-08-26 22:00:00,1.88578,1.88626,1.88578,1.88604,148,28,0
2026-08-26 22:15:00,1.88608,1.88625,1.88602,1.8861599999999998,105,28,0
2026-08-26 22:30:00,1.88618,1.8862700000000001,1.8860999999999999,1.8861400000000001,97,18,0
2026-08-26 22:45:00,1.88613,1.88619,1.88601,1.88617,75,18,0
2026-08-26 23:00:00,1.88615,1.8862299999999999,1.8860000000000001,1.8862299999999999,100,18,0
2026-08-26 23:15:00,1.88622,1.88652,1.88604,1.88651,137,18,0
2026-08-26 23:30:00,1.88652,1.88652,1.8862,1.8862100000000002,107,18,0
2026-08-26 23:45:00,1.88619,1.88629,1.88609,1.88617,125,18,0
2026-08-27 00:00:00,1.8862,1.88646,1.88608,1.88629,453,18,0
2026-08-27 00:15:00,1.8862700000000001,1.8862999999999999,1.88593,1.8860299999999999,120,18,0
2026-08-27 00:30:00,1.88604,1.88606,1.88572,1.88581,129,18,0
2026-08-27 00:45:00,1.88582,1.88584,1.8853,1.88534,171,18,0
2026-08-27 01:00:00,1.88536,1.88592,1.88534,1.88577,212,18,0
2026-08-27 01:15:00,1.88578,1.88597,1.88557,1.88593,149,18,0
2026-08-27 01:30:00,1.88594,1.8859599999999999,1.88557,1.88571,177,18,0
2026-08-27 01:45:00,1.8857,1.88629,1.8857,1.88618,137,18,0
2026-08-27 02:00:00,1.8862,1.88628,1.8860299999999999,1.8861599999999998,116,18,0
2026-08-27 02:15:00,1.88613,1.88617,1.88588,1.88597,102,18,0
2026-08-27 02:30:00,1.88595,1.8861599999999998,1.8859,1.88615,112,18,0
2026-08-27 02:45:00,1.88617,1.88647,1.88613,1.8864100000000001,111,18,0
2026-08-27 03:00:00,1.88642,1.88647,1.8862100000000002,1.88633,111,18,0
2026-08-27 03:15:00,1.88635,1.8864,1.88622,1.88632,89,18,0
2026-08-27 03:30:00,1.8862999999999999,1.88639,1.88613,1.88632,99,18,0
2026-08-27 03:45:00,1.88629,1.88646,1.8860999999999999,1.88615,99,18,0
2026-08-27 04:00:00,1.8861400000000001,1.88658,1.8861400000000001,1.88639,105,18,0
2026-08-27 04:15:00,1.8863699999999999,1.8864100000000001,1.88606,1.8862,78,18,0
2026-08-27 04:30:00,1.88619,1.8862299999999999,1.88588,1.88588,78,18,0
2026-08-27 04:45:00,1.8859,1.88595,1.8858000000000001,1.8858700000000002,72,18,0
2026-08-27 05:00:00,1.88588,1.8860000000000001,1.88583,1.88592,110,18,0
2026-08-27 05:15:00,1.8859,1.88612,1.8859,1.88612,99,18,0
2026-08-27 05:30:00,1.8861400000000001,1.88633,1.88608,1.88628,78,18,0
2026-08-27 05:45:00,1.88629,1.88639,1.8861400000000001,1.88638,142,18,0
2026-08-27 06:00:00,1.8864100000000001,1.88652,1.88631,1.88644,153,18,0
2026-08-27 06:15:00,1.88643,1.88667,1.8864100000000001,1.88653,174,18,0
2026-08-27 06:30:00,1.88655,1.88674,1.8864100000000001,1.88673,180,18,0
2026-08-27 06:45:00,1.8867500000000001,1.88692,1.8864100000000001,1.88692,180,18,0
2026-08-27 07:00:00,1.8869500000000001,1.88769,1.88692,1.88744,274,18,0
2026-08-27 07:15:00,1.88746,1.88746,1.8867,1.88697,229,18,0
2026-08-27 07:30:00,1.8869500000000001,1.88716,1.88632,1.88653,275,18,0
2026-08-27 07:45:00,1.88655,1.8866399999999999,1.8858899999999998,1.88604,291,18,0
2026-08-27 08:00:00,1.88601,1.88655,1.88575,1.88588,322,18,0
2026-08-27 08:15:00,1.88585,1.88612,1.8856899999999999,1.88579,279,18,0
2026-08-27 08:30:00,1.88575,1.88586,1.88497,1.88543,292,18,0
2026-08-27 08:45:00,1.88544,1.88557,1.88469,1.88471,300,18,0
2026-08-27 09:00:00,1.88473,1.88473,1.88391,1.88418,353,18,0
2026-08-27 09:15:00,1.88421,1.88469,1.88396,1.88461,262,18,0
2026-08-27 09:30:00,1.88463,1.88486,1.88418,1.88476,301,18,0
2026-08-27 09:45:00,1.88477,1.8851200000000001,1.8843800000000002,1.8845,264,18,0
2026-08-27 10:00:00,1.88448,1.88462,1.88378,1.88453,393,18,0
2026-08-27 10:15:00,1.88456,1.88477,1.88441,1.8845800000000001,220,18,0
2026-08-27 10:30:00,1.88461,1.88482,1.8841999999999999,1.88476,267,18,0
2026-08-27 10:45:00,1.88473,1.8853499999999999,1.88463,1.88473,253,18,0
2026-08-27 11:00:00,1.88472,1.8847800000000001,1.88425,1.88466,272,18,0
2026-08-27 11:15:00,1.88468,1.8851499999999999,1.88401,1.8840400000000002,299,18,0
2026-08-27 11:30:00,1.88401,1.8841299999999999,1.88276,1.88303,418,18,0
2026-08-27 11:45:00,1.88304,1.88342,1.88251,1.88319,406,18,0
2026-08-27 12:00:00,1.88316,1.88391,1.88281,1.88389,454,18,0
2026-08-27 12:15:00,1.88392,1.88421,1.88337,1.8835600000000001,409,18,0
2026-08-27 12:30:00,1.88353,1.88353,1.88277,1.88289,379,18,0
2026-08-27 12:45:00,1.88287,1.8830200000000001,1.88225,1.8827500000000001,385,18,0
2026-08-27 13:00:00,1.8827099999999999,1.88425,1.88267,1.8835600000000001,571,18,0
2026-08-27 13:15:00,1.88354,1.8842400000000001,1.88319,1.88378,515,18,0
2026-08-27 13:30:00,1.88376,1.8843999999999999,1.8834499999999998,1.8842400000000001,554,18,0
2026-08-27 13:45:00,1.88423,1.88448,1.88368,1.8838300000000001,606,18,0
2026-08-27 14:00:00,1.88382,1.8841299999999999,1.88351,1.8838300000000001,622,18,0
2026-08-27 14:15:00,1.88382,1.88382,1.88252,1.88263,404,18,0
2026-08-27 14:30:00,1.8826100000000001,1.88288,1.8818899999999998,1.8819,463,18,0
2026-08-27 14:45:00,1.88188,1.88259,1.88181,1.88225,586,18,0
2026-08-27 15:00:00,1.88222,1.8834,1.8821400000000001,1.88314,436,18,0
2026-08-27 15:15:00,1.8831,1.88358,1.88278,1.88341,391,18,0
2026-08-27 15:30:00,1.88339,1.8834499999999998,1.88267,1.88301,347,18,0
2026-08-27 15:45:00,1.8829799999999999,1.88398,1.8829799999999999,1.8837899999999999,329,18,0
2026-08-27 16:00:00,1.88377,1.8841299999999999,1.88349,1.8839700000000001,298,18,0
2026-08-27 16:15:00,1.88398,1.88414,1.88362,1.88414,276,18,0
2026-08-27 16:30:00,1.8841299999999999,1.8843,1.88385,1.88385,213,18,0
2026-08-27 16:45:00,1.8838300000000001,1.8838300000000001,1.88305,1.8832200000000001,305,18,0
2026-08-27 17:00:00,1.88324,1.8837199999999998,1.88324,1.8834,250,18,0
2026-08-27 17:15:00,1.88342,1.8835,1.88314,1.8833,198,18,0
2026-08-27 17:30:00,1.88333,1.8834300000000002,1.88304,1.88331,224,18,0
2026-08-27 17:45:00,1.88333,1.88335,1.88238,1.88247,290,18,0
2026-08-27 18:00:00,1.88249,1.88265,1.88204,1.8824999999999998,274,18,0
2026-08-27 18:15:00,1.8824800000000002,1.8826800000000001,1.88225,1.88243,187,18,0
2026-08-27 18:30:00,1.88242,1.88259,1.88228,1.88233,173,18,0
2026-08-27 18:45:00,1.88232,1.8828200000000002,1.88232,1.8827500000000001,156,18,0
2026-08-27 19:00:00,1.88278,1.88285,1.88253,1.88253,153,18,0
2026-08-27 19:15:00,1.88256,1.88267,1.8823699999999999,1.8824100000000001,136,18,0
2026-08-27 19:30:00,1.88244,1.88263,1.88228,1.88259,134,18,0
2026-08-27 19:45:00,1.88258,1.88259,1.8820700000000001,1.8822,230,18,0
2026-08-27 20:00:00,1.8822299999999998,1.8826800000000001,1.88197,1.88263,144,18,0
2026-08-27 20:15:00,1.88266,1.88276,1.88249,1.88263,73,18,0
2026-08-27 20:30:00,1.88265,1.8831099999999998,1.88265,1.8829799999999999,67,18,0
2026-08-27 20:45:00,1.88299,1.88338,1.88283,1.88283,92,18,0
2026-08-27 21:00:00,1.8828399999999998,1.8828399999999998,1.8827500000000001,1.8827500000000001,12,48,0
2026-08-27 21:15:00,1.88274,1.88285,1.8826800000000001,1.88283,92,48,0
2026-08-27 21:30:00,1.8828399999999998,1.88287,1.88279,1.88287,64,59,0
2026-08-27 21:45:00,1.88286,1.88289,1.88243,1.88279,111,57,0
2026-08-27 22:00:00,1.88279,1.8831,1.88278,1.88307,76,18,0
2026-08-27 22:15:00,1.88308,1.88314,1.88285,1.88286,56,18,0
2026-08-27 22:30:00,1.88285,1.88299,1.88274,1.88299,73,18,0
2026-08-27 22:45:00,1.88296,1.88304,1.8828399999999998,1.8829799999999999,65,18,0
2026-08-27 23:00:00,1.88299,1.88317,1.88293,1.88317,110,18,0
2026-08-27 23:15:00,1.8831799999999999,1.8833199999999999,1.88301,1.8832200000000001,81,18,0
2026-08-27 23:30:00,1.88321,1.8833600000000001,1.88314,1.88333,71,18,0
2026-08-27 23:45:00,1.8832900000000001,1.8833199999999999,1.88307,1.8831799999999999,104,18,0
2026-08-28 00:00:00,1.88317,1.88319,1.88277,1.88297,187,18,0
2026-08-28 00:15:00,1.88294,1.88296,1.88272,1.88294,126,18,0
2026-08-28 00:30:00,1.88293,1.88294,1.88274,1.88281,111,18,0
2026-08-28 00:45:00,1.8828,1.88288,1.88262,1.8826800000000001,140,18,0
2026-08-28 01:00:00,1.88269,1.88294,1.8826399999999999,1.88273,208,18,0
2026-08-28 01:15:00,1.8827500000000001,1.88312,1.88274,1.8829,145,18,0
2026-08-28 01:30:00,1.88292,1.88308,1.88285,1.88293,138,18,0
2026-08-28 01:45:00,1.88292,1.88293,1.88265,1.8826800000000001,135,18,0
2026-08-28 02:00:00,1.8827099999999999,1.88278,1.88232,1.88235,156,18,0
2026-08-28 02:15:00,1.8823699999999999,1.88253,1.88233,1.8823699999999999,125,18,0
2026-08-28 02:30:00,1.88239,1.88239,1.88208,1.88208,103,18,0
2026-08-28 02:45:00,1.8820700000000001,1.8824100000000001,1.88198,1.88233,90,18,0
2026-08-28 03:00:00,1.88232,1.88244,1.88226,1.88233,72,18,0
2026-08-28 03:15:00,1.8823400000000001,1.88238,1.8822100000000002,1.8823699999999999,65,18,0
2026-08-28 03:30:00,1.88236,1.88238,1.8820999999999999,1.88212,62,18,0
2026-08-28 03:45:00,1.88211,1.88216,1.88199,1.8820999999999999,70,18,0
2026-08-28 04:00:00,1.88211,1.88213,1.88197,1.88202,70,18,0
2026-08-28 04:15:00,1.8820000000000001,1.88225,1.8820000000000001,1.88212,51,18,0
2026-08-28 04:30:00,1.88213,1.88219,1.88205,1.88213,50,18,0
2026-08-28 04:45:00,1.8821400000000001,1.88226,1.88204,1.88213,61,18,0
2026-08-28 05:00:00,1.88211,1.88227,1.8820999999999999,1.8821400000000001,89,18,0
2026-08-28 05:15:00,1.88212,1.8822,1.88199,1.88204,60,18,0
2026-08-28 05:30:00,1.88202,1.88227,1.88192,1.88227,76,18,0
2026-08-28 05:45:00,1.88226,1.88227,1.88201,1.88205,82,18,0
2026-08-28 06:00:00,1.8820299999999999,1.88228,1.8818700000000002,1.88215,191,18,0
2026-08-28 06:15:00,1.88213,1.8822999999999999,1.88192,1.88216,247,18,0
2026-08-28 06:30:00,1.8821400000000001,1.88263,1.88211,1.88251,304,18,0
2026-08-28 06:45:00,1.88249,1.88259,1.88202,1.88222,261,18,0
2026-08-28 07:00:00,1.8822299999999998,1.8824,1.8817599999999999,1.88213,249,18,0
2026-08-28 07:15:00,1.88215,1.88226,1.88137,1.88144,348,18,0
2026-08-28 07:30:00,1.88143,1.88243,1.8814,1.88228,301,18,0
2026-08-28 07:45:00,1.88227,1.88252,1.88205,1.8820700000000001,253,18,0
2026-08-28 08:00:00,1.8820299999999999,1.88256,1.8814899999999999,1.88184,347,18,0
2026-08-28 08:15:00,1.88186,1.88232,1.88171,1.8821400000000001,246,18,0
2026-08-28 08:30:00,1.88216,1.88255,1.88202,1.88206,233,18,0
2026-08-28 08:45:00,1.88208,1.88236,1.88194,1.88236,210,18,0
2026-08-28 09:00:00,1.8823699999999999,1.88239,1.8818700000000002,1.88224,270,18,0
2026-08-28 09:15:00,1.88226,1.88239,1.8820000000000001,1.8820999999999999,222,18,0
2026-08-28 09:30:00,1.88212,1.88222,1.88184,1.88213,211,18,0
2026-08-28 09:45:00,1.88209,1.88227,1.88175,1.88186,258,18,0
2026-08-28 10:00:00,1.88188,1.88209,1.8811900000000001,1.8811900000000001,251,18,0
2026-08-28 10:15:00,1.88118,1.88193,1.8810099999999998,1.88179,235,18,0
2026-08-28 10:30:00,1.88178,1.88217,1.8816899999999999,1.88186,245,18,0
2026-08-28 10:45:00,1.88184,1.88194,1.88127,1.88157,236,18,0
2026-08-28 11:00:00,1.88154,1.88154,1.88118,1.88132,205,18,0
2026-08-28 11:15:00,1.8812799999999998,1.88185,1.88123,1.88181,175,18,0
2026-08-28 11:30:00,1.8818000000000001,1.8818000000000001,1.8812600000000002,1.8813,217,18,0
2026-08-28 11:45:00,1.88125,1.8815,1.88104,1.88147,300,18,0
2026-08-28 12:00:00,1.8815,1.88175,1.8813,1.88138,294,18,0
2026-08-28 12:15:00,1.8814,1.8814,1.88075,1.881,281,18,0
2026-08-28 12:30:00,1.88103,1.88165,1.8806,1.8807800000000001,420,18,0
2026-08-28 12:45:00,1.8808,1.88184,1.88072,1.88167,422,18,0
2026-08-28 13:00:00,1.88164,1.8817599999999999,1.88069,1.88093,422,18,0
2026-08-28 13:15:00,1.88096,1.88125,1.88008,1.8809399999999998,339,18,0
2026-08-28 13:30:00,1.8809200000000001,1.88109,1.88036,1.88105,460,18,0
2026-08-28 13:45:00,1.8810099999999998,1.8819,1.8808500000000001,1.88134,522,18,0
2026-08-28 14:00:00,1.88131,1.8824999999999998,1.88002,1.8819,1665,18,0
2026-08-28 14:15:00,1.8818899999999998,1.88199,1.8798300000000001,1.88012,1058,18,0
2026-08-28 14:30:00,1.88015,1.88087,1.87964,1.88077,909,18,0
2026-08-28 14:45:00,1.8808,1.88437,1.8806500000000002,1.88373,1247,18,0
2026-08-28 15:00:00,1.88375,1.88463,1.8828200000000002,1.88308,859,18,0
2026-08-28 15:15:00,1.8831,1.88375,1.88307,1.88366,688,18,0
2026-08-28 15:30:00,1.88369,1.88432,1.88327,1.88354,589,18,0
2026-08-28 15:45:00,1.8835199999999999,1.88416,1.88324,1.88327,552,18,0
2026-08-28 16:00:00,1.88323,1.8834300000000002,1.88279,1.8828399999999998,493,18,0
2026-08-28 16:15:00,1.88283,1.88286,1.88191,1.88204,497,18,0
2026-08-28 16:30:00,1.8820299999999999,1.88229,1.88148,1.8817300000000001,403,18,0
2026-08-28 16:45:00,1.88174,1.88216,1.88157,1.8816899999999999,377,18,0
2026-08-28 17:00:00,1.88166,1.88166,1.88095,1.88161,320,18,0
2026-08-28 17:15:00,1.88163,1.88163,1.8810799999999999,1.88129,257,18,0
2026-08-28 17:30:00,1.8812600000000002,1.8815300000000001,1.88103,1.88113,219,18,0
2026-08-28 17:45:00,1.88111,1.88138,1.88098,1.88122,204,18,0
2026-08-28 18:00:00,1.88123,1.88151,1.88118,1.88129,202,18,0
2026-08-28 18:15:00,1.88132,1.88138,1.88111,1.88129,211,18,0
2026-08-28 18:30:00,1.88127,1.88156,1.8812,1.8815,158,18,0
2026-08-28 18:45:00,1.88151,1.88154,1.88132,1.88147,226,18,0
2026-08-28 19:00:00,1.8815,1.88167,1.88133,1.88154,242,18,0
2026-08-28 19:15:00,1.8815300000000001,1.88167,1.88136,1.88158,218,18,0
2026-08-28 19:30:00,1.88161,1.8818000000000001,1.88147,1.8817300000000001,230,18,0
2026-08-28 19:45:00,1.88171,1.88208,1.88137,1.8819599999999999,231,18,0
2026-08-28 20:00:00,1.88194,1.88236,1.88192,1.88222,192,18,0
2026-08-28 20:15:00,1.8822100000000002,1.8824,1.88151,1.88151,146,18,0
2026-08-28 20:30:00,1.88148,1.8819599999999999,1.88148,1.88194,136,18,0
2026-08-28 20:45:00,1.88191,1.8820000000000001,1.8815,1.8815,182,18,0
2026-08-30 21:00:00,1.8814899999999999,1.8815499999999998,1.8814899999999999,1.88151,3,195,0
2026-08-30 21:15:00,1.88218,1.88218,1.88178,1.8820700000000001,37,138,0
2026-08-30 21:30:00,1.8819599999999999,1.88235,1.88143,1.88183,113,114,0
2026-08-30 21:45:00,1.88204,1.8826,1.8819,1.8826,168,83,0
2026-08-30 22:00:00,1.88299,1.88299,1.88105,1.88159,160,28,0
2026-08-30 22:15:00,1.8816000000000002,1.8817,1.88154,1.88165,78,28,0
2026-08-30 22:30:00,1.88167,1.88193,1.8816199999999998,1.88178,129,18,0
2026-08-30 22:45:00,1.8817599999999999,1.8819599999999999,1.8817300000000001,1.88193,133,18,0
2026-08-30 23:00:00,1.88192,1.8820999999999999,1.8816000000000002,1.88166,254,18,0
2026-08-30 23:15:00,1.88168,1.8817599999999999,1.88157,1.8817300000000001,226,18,0
2026-08-30 23:30:00,1.88174,1.8818700000000002,1.88163,1.88165,130,18,0
2026-08-30 23:45:00,1.88163,1.88195,1.88161,1.88192,217,18,0
2026-08-31 00:00:00,1.88195,1.88219,1.8817300000000001,1.88191,201,18,0
2026-08-31 00:15:00,1.8818899999999998,1.8820999999999999,1.8818000000000001,1.88208,163,18,0
2026-08-31 00:30:00,1.88209,1.8823400000000001,1.8818899999999998,1.88208,165,18,0
2026-08-31 00:45:00,1.88211,1.8825699999999999,1.88201,1.8824999999999998,192,18,0
2026-08-31 01:00:00,1.8824800000000002,1.88255,1.88182,1.88194,306,18,0
2026-08-31 01:15:00,1.88197,1.88225,1.8817599999999999,1.88212,254,18,0
2026-08-31 01:30:00,1.8820999999999999,1.88217,1.88163,1.88165,235,18,0
2026-08-31 01:45:00,1.88166,1.8816899999999999,1.88114,1.88121,177,18,0
2026-08-31 02:00:00,1.88122,1.88133,1.88102,1.88131,168,18,0
2026-08-31 02:15:00,1.88133,1.8814,1.88106,1.88118,167,18,0
2026-08-31 02:30:00,1.88117,1.8812799999999998,1.88107,1.88109,166,18,0
2026-08-31 02:45:00,1.88107,1.88127,1.88102,1.88127,119,18,0
2026-08-31 03:00:00,1.88129,1.8815,1.8812,1.8813900000000001,107,18,0
2026-08-31 03:15:00,1.88137,1.8814600000000001,1.88133,1.88138,84,18,0
2026-08-31 03:30:00,1.8813499999999999,1.8813499999999999,1.88109,1.88123,90,18,0
2026-08-31 03:45:00,1.88122,1.88125,1.8811,1.88117,54,18,0
2026-08-31 04:00:00,1.88116,1.88132,1.8811499999999999,1.8812799999999998,88,18,0
2026-08-31 04:15:00,1.88129,1.88137,1.88106,1.8811,107,18,0
2026-08-31 04:30:00,1.88109,1.8811499999999999,1.8809,1.88113,87,18,0
2026-08-31 04:45:00,1.8811,1.88121,1.88104,1.88121,87,18,0
2026-08-31 05:00:00,1.88124,1.88163,1.8811900000000001,1.88158,122,18,0
2026-08-31 05:15:00,1.88156,1.88194,1.88148,1.88194,109,18,0
2026-08-31 05:30:00,1.8819599999999999,1.8819599999999999,1.8815499999999998,1.8818000000000001,173,18,0
2026-08-31 05:45:00,1.88181,1.88204,1.88171,1.8820299999999999,171,18,0
2026-08-31 06:00:00,1.8820000000000001,1.88226,1.8817599999999999,1.88219,226,18,0
2026-08-31 06:15:00,1.88217,1.88247,1.88213,1.88218,180,18,0
2026-08-31 06:30:00,1.8822,1.88233,1.8820700000000001,1.88217,188,18,0
2026-08-31 06:45:00,1.88216,1.88228,1.8814,1.88206,254,18,0
2026-08-31 07:00:00,1.88202,1.88211,1.88131,1.8816000000000002,314,18,0
2026-08-31 07:15:00,1.88159,1.8820999999999999,1.8815300000000001,1.8818000000000001,272,18,0
2026-08-31 07:30:00,1.88182,1.88242,1.88172,1.8823699999999999,275,18,0
2026-08-31 07:45:00,1.8823400000000001,1.8823699999999999,1.8817599999999999,1.8818000000000001,248,18,0
2026-08-31 08:00:00,1.88177,1.8826,1.88175,1.88233,375,18,0
2026-08-31 08:15:00,1.88235,1.8829799999999999,1.88213,1.8829099999999999,249,18,0
2026-08-31 08:30:00,1.88289,1.88294,1.88212,1.88222,250,18,0
2026-08-31 08:45:00,1.8822299999999998,1.88236,1.88177,1.88177,239,18,0
2026-08-31 09:00:00,1.88179,1.88211,1.88167,1.8818000000000001,274,18,0
2026-08-31 09:15:00,1.88182,1.8820299999999999,1.88152,1.88174,206,18,0
2026-08-31 09:30:00,1.88172,1.8817599999999999,1.88136,1.8814899999999999,188,18,0
2026-08-31 09:45:00,1.88145,1.88145,1.88102,1.8811200000000001,185,18,0
2026-08-31 10:00:00,1.8811,1.88127,1.8808099999999999,1.8809,244,18,0
2026-08-31 10:15:00,1.88089,1.88091,1.88045,1.88062,205,18,0
2026-08-31 10:30:00,1.88059,1.88075,1.88036,1.88041,146,18,0
2026-08-31 10:45:00,1.8804400000000001,1.88124,1.88009,1.88121,237,18,0
2026-08-31 11:00:00,1.88125,1.88129,1.88068,1.88107,251,18,0
2026-08-31 11:15:00,1.88106,1.88114,1.8803100000000001,1.88076,222,18,0
2026-08-31 11:30:00,1.88075,1.88079,1.8799000000000001,1.88003,266,18,0
2026-08-31 11:45:00,1.88007,1.88029,1.8797700000000002,1.8799700000000001,283,18,0
2026-08-31 12:00:00,1.87999,1.88032,1.87976,1.8803,311,18,0
2026-08-31 12:15:00,1.8803299999999998,1.88069,1.87964,1.88007,432,18,0
2026-08-31 12:30:00,1.8800599999999998,1.88016,1.87923,1.87928,399,18,0
2026-08-31 12:45:00,1.8793199999999999,1.87964,1.87896,1.87901,312,18,0
2026-08-31 13:00:00,1.87904,1.87995,1.87893,1.87987,370,18,0
2026-08-31 13:15:00,1.87989,1.87996,1.8795600000000001,1.87976,348,18,0
2026-08-31 13:30:00,1.87974,1.87985,1.8789099999999999,1.8797000000000001,457,18,0
2026-08-31 13:45:00,1.8797199999999998,1.87978,1.8790499999999999,1.87913,476,18,0
2026-08-31 14:00:00,1.87912,1.87912,1.8776199999999998,1.87805,459,18,0
2026-08-31 14:15:00,1.8780700000000001,1.8783699999999999,1.87738,1.8782,434,18,0
2026-08-31 14:30:00,1.8782299999999998,1.87883,1.87767,1.87808,550,18,0
2026-08-31 14:45:00,1.87806,1.87967,1.87777,1.8790200000000001,1240,18,0
2026-08-31 15:00:00,1.8790499999999999,1.87985,1.87847,1.87867,667,18,0
2026-08-31 15:15:00,1.8787,1.8788200000000002,1.8780299999999999,1.87843,363,18,0
2026-08-31 15:30:00,1.8784,1.8788,1.87816,1.87831,345,18,0
2026-08-31 15:45:00,1.87835,1.87866,1.87784,1.8779599999999999,275,18,0
2026-08-31 16:00:00,1.87797,1.87811,1.8776000000000002,1.87786,268,18,0
2026-08-31 16:15:00,1.8778700000000002,1.87819,1.8778700000000002,1.87805,192,18,0
2026-08-31 16:30:00,1.87806,1.87815,1.8775,1.87766,214,18,0
2026-08-31 16:45:00,1.87767,1.8780000000000001,1.87752,1.8777,212,18,0
2026-08-31 17:00:00,1.87768,1.87777,1.8771,1.87727,191,18,0
2026-08-31 17:15:00,1.87724,1.8778700000000002,1.8771200000000001,1.87761,156,18,0
2026-08-31 17:30:00,1.87759,1.87761,1.87724,1.87751,152,18,0
2026-08-31 17:45:00,1.8775,1.87765,1.8774,1.87744,164,18,0
2026-08-31 18:00:00,1.87743,1.8776899999999999,1.87734,1.87745,152,18,0
2026-08-31 18:15:00,1.8774199999999999,1.87758,1.87741,1.87745,148,18,0
2026-08-31 18:30:00,1.8774199999999999,1.8774199999999999,1.87695,1.8772199999999999,178,18,0
2026-08-31 18:45:00,1.8772,1.8774,1.8768799999999999,1.8772,192,18,0
2026-08-31 19:00:00,1.87716,1.87729,1.87697,1.87703,197,18,0
2026-08-31 19:15:00,1.877,1.87744,1.87689,1.87729,136,18,0
2026-08-31 19:30:00,1.8773,1.87754,1.8770799999999999,1.87725,122,18,0
2026-08-31 19:45:00,1.87723,1.87779,1.8771499999999999,1.87774,196,18,0
2026-08-31 20:00:00,1.8777300000000001,1.87781,1.8773900000000001,1.87747,139,18,0
2026-08-31 20:15:00,1.87743,1.8774899999999999,1.87724,1.87748,57,18,0
2026-08-31 20:30:00,1.87747,1.87748,1.8766,1.87704,110,18,0
2026-08-31 20:45:00,1.87707,1.87727,1.87687,1.8769,87,18,0
2026-08-31 21:00:00,1.87689,1.87689,1.87687,1.87687,3,48,0
2026-08-31 21:15:00,1.8768799999999999,1.8769900000000002,1.87686,1.87691,74,48,0
2026-08-31 21:30:00,1.8769200000000001,1.87698,1.8769,1.87695,100,48,0
2026-08-31 21:45:00,1.87695,1.8769900000000002,1.8769,1.87698,77,63,0
2026-08-31 22:00:00,1.87702,1.87766,1.87702,1.87713,70,28,0
2026-08-31 22:15:00,1.87714,1.87716,1.87696,1.8769900000000002,26,28,0
2026-08-31 22:30:00,1.877,1.877,1.8767800000000001,1.8768,43,18,0
2026-08-31 22:45:00,1.87679,1.87679,1.87657,1.87669,61,18,0
2026-08-31 23:00:00,1.8767,1.87679,1.87664,1.8767200000000002,56,18,0
2026-08-31 23:15:00,1.8767,1.8768,1.87637,1.87642,62,18,0
2026-08-31 23:30:00,1.87645,1.87662,1.87633,1.87652,83,18,0
2026-08-31 23:45:00,1.87653,1.87682,1.8765,1.8766699999999998,118,18,0
2026-09-01 00:00:00,1.87666,1.8768,1.87626,1.87653,267,18,0
2026-09-01 00:15:00,1.8765100000000001,1.87724,1.87644,1.87718,203,18,0
2026-09-01 00:30:00,1.8772,1.87755,1.87716,1.87725,183,18,0
2026-09-01 00:45:00,1.8772600000000002,1.87761,1.8771499999999999,1.87747,169,18,0
2026-09-01 01:00:00,1.8774899999999999,1.87786,1.87741,1.87761,240,18,0
2026-09-01 01:15:00,1.87759,1.87772,1.87741,1.8775,189,18,0
2026-09-01 01:30:00,1.87754,1.87786,1.87738,1.87775,184,18,0
2026-09-01 01:45:00,1.8777599999999999,1.8778000000000001,1.8773,1.8774899999999999,174,18,0
2026-09-01 02:00:00,1.87748,1.87761,1.87737,1.8773900000000001,157,18,0
2026-09-01 02:15:00,1.87741,1.8776199999999998,1.8772799999999998,1.87759,95,18,0
2026-09-01 02:30:00,1.87757,1.87757,1.8772600000000002,1.87729,114,18,0
2026-09-01 02:45:00,1.8773,1.87767,1.87729,1.87765,108,18,0
2026-09-01 03:00:00,1.87766,1.87768,1.8774,1.8775300000000001,113,18,0
2026-09-01 03:15:00,1.87751,1.87765,1.87747,1.87758,98,18,0
2026-09-01 03:30:00,1.87757,1.8778000000000001,1.87743,1.8778000000000001,107,18,0
2026-09-01 03:45:00,1.87778,1.87788,1.87765,1.8776899999999999,82,18,0
2026-09-01 04:00:00,1.87767,1.8778700000000002,1.87763,1.8778000000000001,88,18,0
2026-09-01 04:15:00,1.87781,1.8778700000000002,1.8777,1.87771,71,18,0
2026-09-01 04:30:00,1.8777,1.87775,1.87754,1.87759,60,18,0
2026-09-01 04:45:00,1.87757,1.87778,1.87754,1.8777599999999999,81,18,0
2026-09-01 05:00:00,1.87774,1.87813,1.87766,1.87813,97,18,0
2026-09-01 05:15:00,1.87811,1.87811,1.87792,1.87802,80,18,0
2026-09-01 05:30:00,1.87798,1.87832,1.87788,1.87817,155,18,0
2026-09-01 05:45:00,1.87815,1.87843,1.87809,1.87829,177,18,0
2026-09-01 06:00:00,1.87826,1.87826,1.87707,1.8773900000000001,334,18,0
2026-09-01 06:15:00,1.87737,1.87741,1.87677,1.87689,271,18,0
2026-09-01 06:30:00,1.8769,1.87793,1.87687,1.8779,311,18,0
2026-09-01 06:45:00,1.87788,1.8780299999999999,1.87734,1.87757,216,18,0
2026-09-01 07:00:00,1.87754,1.87763,1.87705,1.87763,370,18,0
2026-09-01 07:15:00,1.8776199999999998,1.87764,1.8769,1.8769900000000002,360,18,0
2026-09-01 07:30:00,1.877,1.8775,1.8767399999999999,1.87732,330,18,0
2026-09-01 07:45:00,1.87734,1.87772,1.87704,1.87765,344,18,0
2026-09-01 08:00:00,1.87768,1.87797,1.8768799999999999,1.87731,485,18,0
2026-09-01 08:15:00,1.8773300000000002,1.87758,1.87711,1.87751,350,18,0
2026-09-01 08:30:00,1.8774899999999999,1.8782999999999999,1.8771900000000001,1.87822,362,18,0
2026-09-01 08:45:00,1.8782299999999998,1.87846,1.87779,1.87817,341,18,0
2026-09-01 09:00:00,1.87813,1.8784100000000001,1.87793,1.87809,319,18,0
2026-09-01 09:15:00,1.87808,1.87869,1.87802,1.87825,292,18,0
2026-09-01 09:30:00,1.87828,1.87862,1.87824,1.87829,299,18,0
2026-09-01 09:45:00,1.8782999999999999,1.87835,1.8776000000000002,1.87768,284,18,0
2026-09-01 10:00:00,1.87766,1.8786100000000001,1.87757,1.87853,408,18,0
2026-09-01 10:15:00,1.87851,1.8788200000000002,1.87824,1.87824,300,18,0
2026-09-01 10:30:00,1.87826,1.87827,1.87758,1.87763,190,18,0
2026-09-01 10:45:00,1.8776000000000002,1.87795,1.8774600000000001,1.8777,263,18,0
2026-09-01 11:00:00,1.8776899999999999,1.8778700000000002,1.87721,1.87767,326,18,0
2026-09-01 11:15:00,1.87768,1.87838,1.87768,1.8783400000000001,378,18,0
2026-09-01 11:30:00,1.87831,1.87919,1.87826,1.87901,294,18,0
2026-09-01 11:45:00,1.87903,1.8790499999999999,1.87829,1.8787,349,18,0
2026-09-01 12:00:00,1.8786800000000001,1.87906,1.8786100000000001,1.8788200000000002,333,18,0
2026-09-01 12:15:00,1.8788399999999998,1.87923,1.87805,1.87828,394,18,0
2026-09-01 12:30:00,1.8782999999999999,1.8784999999999998,1.8778899999999998,1.87817,333,18,0
2026-09-01 12:45:00,1.87819,1.87874,1.87801,1.87825,377,18,0
2026-09-01 13:00:00,1.87822,1.8789799999999999,1.8776899999999999,1.87896,440,18,0
2026-09-01 13:15:00,1.87894,1.88018,1.87874,1.88016,367,18,0
2026-09-01 13:30:00,1.88019,1.8813,1.88019,1.8811,553,18,0
2026-09-01 13:45:00,1.88109,1.88109,1.8792200000000001,1.8808799999999999,601,18,0
2026-09-01 14:00:00,1.8809200000000001,1.88158,1.88063,1.8812600000000002,631,18,0
2026-09-01 14:15:00,1.88127,1.88172,1.88087,1.8814899999999999,537,18,0
2026-09-01 14:30:00,1.8814600000000001,1.88166,1.88068,1.88102,477,18,0
2026-09-01 14:45:00,1.8810099999999998,1.8822299999999998,1.88089,1.88204,629,18,0
2026-09-01 15:00:00,1.88208,1.88233,1.88105,1.88127,728,18,0
2026-09-01 15:15:00,1.8813,1.88137,1.88005,1.88035,436,18,0
2026-09-01 15:30:00,1.88037,1.8804699999999999,1.8798599999999999,1.88022,412,18,0
2026-09-01 15:45:00,1.88023,1.88068,1.87991,1.88055,354,18,0
2026-09-01 16:00:00,1.88057,1.88076,1.8804400000000001,1.8805399999999999,309,18,0
2026-09-01 16:15:00,1.88052,1.88055,1.87946,1.87967,433,18,0
2026-09-01 16:30:00,1.8797000000000001,1.88003,1.8796,1.87989,357,18,0
2026-09-01 16:45:00,1.8799299999999999,1.88007,1.87899,1.87904,276,18,0
2026-09-01 17:00:00,1.87908,1.87947,1.87887,1.8791799999999999,306,18,0
2026-09-01 17:15:00,1.8791600000000002,1.8795600000000001,1.87893,1.8795,268,18,0
2026-09-01 17:30:00,1.8795199999999999,1.87957,1.87889,1.87921,264,18,0
2026-09-01 17:45:00,1.8792200000000001,1.8792200000000001,1.87874,1.8789,190,18,0
2026-09-01 18:00:00,1.87893,1.87899,1.87866,1.87866,184,18,0
2026-09-01 18:15:00,1.8786399999999999,1.87867,1.87763,1.87763,213,18,0
2026-09-01 18:30:00,1.8776000000000002,1.8776899999999999,1.8772799999999998,1.87759,210,18,0
2026-09-01 18:45:00,1.87758,1.87801,1.87736,1.87745,324,18,0
2026-09-01 19:00:00,1.8774600000000001,1.87784,1.87731,1.87761,278,18,0
2026-09-01 19:15:00,1.87763,1.87771,1.8772,1.8773,204,18,0
2026-09-01 19:30:00,1.8773300000000002,1.87756,1.87732,1.87743,182,18,0
2026-09-01 19:45:00,1.8774199999999999,1.87758,1.87727,1.8775300000000001,154,18,0
2026-09-01 20:00:00,1.87755,1.87755,1.8772600000000002,1.87748,102,18,0
2026-09-01 20:15:00,1.87747,1.8777,1.87737,1.8777,73,18,0
2026-09-01 20:30:00,1.87771,1.8780299999999999,1.87752,1.87795,81,18,0
2026-09-01 20:45:00,1.87792,1.87832,1.8778899999999998,1.8779400000000002,122,18,0
2026-09-01 21:00:00,1.87795,1.87795,1.87791,1.87791,5,48,0
2026-09-01 21:15:00,1.8779,1.8780000000000001,1.87786,1.8779599999999999,106,48,0
2026-09-01 21:30:00,1.87797,1.8780299999999999,1.87792,1.87801,39,94,0
2026-09-01 21:45:00,1.8780000000000001,1.8780700000000001,1.8779599999999999,1.8780700000000001,60,85,0
2026-09-01 22:00:00,1.87812,1.87842,1.8780999999999999,1.8784,88,28,0
2026-09-01 22:15:00,1.87838,1.8784399999999999,1.87793,1.87802,63,18,0
2026-09-01 22:30:00,1.8780000000000001,1.87826,1.8780000000000001,1.87806,71,18,0
2026-09-01 22:45:00,1.8780299999999999,1.87808,1.87777,1.87786,75,18,0
2026-09-01 23:00:00,1.87782,1.8778299999999999,1.8777,1.8777300000000001,55,18,0
2026-09-01 23:15:00,1.87772,1.87781,1.87771,1.87781,23,18,0
2026-09-01 23:30:00,1.87782,1.8779599999999999,1.8778000000000001,1.87795,47,18,0
2026-09-01 23:45:00,1.87793,1.8779400000000002,1.87758,1.87766,133,18,0
2026-09-02 00:00:00,1.8776899999999999,1.87802,1.8774199999999999,1.87752,213,18,0
2026-09-02 00:15:00,1.87754,1.87785,1.8773300000000002,1.87741,182,18,0
2026-09-02 00:30:00,1.8774,1.8774199999999999,1.87713,1.87737,152,18,0
2026-09-02 00:45:00,1.87738,1.8774899999999999,1.8771900000000001,1.8771900000000001,176,18,0
2026-09-02 01:00:00,1.87717,1.87756,1.87716,1.8772199999999999,212,18,0
2026-09-02 01:15:00,1.87724,1.87738,1.87682,1.8771900000000001,184,18,0
2026-09-02 01:30:00,1.87717,1.8772199999999999,1.87684,1.8770099999999998,264,18,0
2026-09-02 01:45:00,1.87702,1.87729,1.87679,1.8772799999999998,155,18,0
2026-09-02 02:00:00,1.8772600000000002,1.8781400000000001,1.8771900000000001,1.87799,348,18,0
2026-09-02 02:15:00,1.87798,1.87854,1.87798,1.87829,237,18,0
2026-09-02 02:30:00,1.8782999999999999,1.87854,1.87827,1.87846,161,18,0
2026-09-02 02:45:00,1.87847,1.8786100000000001,1.87843,1.8785500000000002,102,18,0
2026-09-02 03:00:00,1.87858,1.87863,1.8784,1.8784399999999999,118,18,0
2026-09-02 03:15:00,1.87847,1.87869,1.87838,1.87856,136,18,0
2026-09-02 03:30:00,1.8785500000000002,1.87885,1.87853,1.87881,130,18,0
2026-09-02 03:45:00,1.8788,1.87887,1.87872,1.8788200000000002,111,18,0
2026-09-02 04:00:00,1.87881,1.8791,1.87877,1.87908,129,18,0
2026-09-02 04:15:00,1.87907,1.8792200000000001,1.87878,1.87893,146,18,0
2026-09-02 04:30:00,1.8789,1.8790200000000001,1.8788200000000002,1.8788399999999998,80,18,0
2026-09-02 04:45:00,1.87883,1.87888,1.8786100000000001,1.87881,107,18,0
2026-09-02 05:00:00,1.87879,1.87885,1.87859,1.87879,130,18,0
2026-09-02 05:15:00,1.87877,1.87901,1.87873,1.87885,158,18,0
2026-09-02 05:30:00,1.87888,1.87904,1.87846,1.8786399999999999,178,18,0
2026-09-02 05:45:00,1.87867,1.87878,1.87852,1.87866,164,18,0
2026-09-02 06:00:00,1.8786399999999999,1.87896,1.87839,1.8785699999999999,395,18,0
2026-09-02 06:15:00,1.87856,1.87931,1.8784100000000001,1.87881,371,18,0
2026-09-02 06:30:00,1.8788200000000002,1.87938,1.87876,1.87912,303,18,0
2026-09-02 06:45:00,1.8791,1.87914,1.87832,1.8784800000000001,395,18,0
2026-09-02 07:00:00,1.87846,1.87975,1.87833,1.87973,470,18,0
2026-09-02 07:15:00,1.87969,1.8806,1.8795,1.88036,388,18,0
2026-09-02 07:30:00,1.88037,1.8812600000000002,1.8803100000000001,1.8811,370,18,0
2026-09-02 07:45:00,1.88113,1.88144,1.88102,1.88141,283,18,0
2026-09-02 08:00:00,1.8814199999999999,1.88225,1.88136,1.88215,336,18,0
2026-09-02 08:15:00,1.8821400000000001,1.88244,1.8819599999999999,1.88233,263,18,0
2026-09-02 08:30:00,1.8822999999999999,1.88258,1.8822,1.8825699999999999,284,18,0
2026-09-02 08:45:00,1.88258,1.88283,1.8812799999999998,1.8813499999999999,376,18,0
2026-09-02 09:00:00,1.88133,1.88199,1.8811,1.88113,336,18,0
2026-09-02 09:15:00,1.88111,1.88151,1.8810799999999999,1.8813499999999999,296,18,0
2026-09-02 09:30:00,1.88136,1.88136,1.88039,1.88042,275,18,0
2026-09-02 09:45:00,1.88039,1.88057,1.8793199999999999,1.87949,266,18,0
2026-09-02 10:00:00,1.87947,1.87958,1.87876,1.8792200000000001,274,18,0
2026-09-02 10:15:00,1.87919,1.87928,1.87869,1.8791099999999998,268,18,0
2026-09-02 10:30:00,1.87914,1.87948,1.8782100000000002,1.87826,249,18,0
2026-09-02 10:45:00,1.87824,1.87831,1.8777300000000001,1.87829,309,18,0
2026-09-02 11:00:00,1.87826,1.87886,1.8778700000000002,1.87876,445,18,0
2026-09-02 11:15:00,1.87873,1.87873,1.87801,1.87801,392,18,0
2026-09-02 11:30:00,1.87802,1.87808,1.87768,1.8778000000000001,221,18,0
2026-09-02 11:45:00,1.87817,1.87879,1.87766,1.8778299999999999,333,18,0
2026-09-02 12:00:00,1.8778000000000001,1.87805,1.87698,1.87718,442,18,0
2026-09-02 12:15:00,1.87714,1.87718,1.87547,1.8755,615,18,0
2026-09-02 12:30:00,1.87551,1.87608,1.87546,1.87574,439,18,0
2026-09-02 12:45:00,1.87571,1.87623,1.87494,1.87512,389,18,0
2026-09-02 13:00:00,1.8751,1.87634,1.87504,1.87634,488,18,0
2026-09-02 13:15:00,1.87632,1.87767,1.87619,1.87693,717,18,0
2026-09-02 13:30:00,1.87695,1.87752,1.87582,1.87731,731,18,0
2026-09-02 13:45:00,1.87727,1.87727,1.8735,1.87395,1187,18,0
2026-09-02 14:00:00,1.87392,1.87395,1.8721100000000002,1.8732199999999999,884,18,0
2026-09-02 14:15:00,1.87324,1.87429,1.87313,1.8739,693,18,0
2026-09-02 14:30:00,1.87388,1.874,1.87146,1.87147,840,18,0
2026-09-02 14:45:00,1.87144,1.87164,1.8696899999999999,1.87015,1125,18,0
2026-09-02 15:00:00,1.87018,1.8710499999999999,1.8689,1.86903,800,18,0
2026-09-02 15:15:00,1.86905,1.86955,1.86846,1.86904,564,18,0
2026-09-02 15:30:00,1.86902,1.86961,1.86857,1.86868,550,18,0
2026-09-02 15:45:00,1.8686500000000001,1.8700299999999999,1.86864,1.87001,490,18,0
2026-09-02 16:00:00,1.87005,1.87072,1.86992,1.8700700000000001,434,18,0
2026-09-02 16:15:00,1.87006,1.87016,1.86903,1.86921,386,18,0
2026-09-02 16:30:00,1.8691900000000001,1.8692199999999999,1.86879,1.86883,294,18,0
2026-09-02 16:45:00,1.8688099999999999,1.86883,1.86823,1.8683100000000001,275,18,0
2026-09-02 17:00:00,1.86832,1.86839,1.8673,1.8675000000000002,266,18,0
2026-09-02 17:15:00,1.86749,1.86774,1.8671600000000002,1.8677000000000001,257,18,0
2026-09-02 17:30:00,1.86772,1.86775,1.86694,1.86715,308,18,0
2026-09-02 17:45:00,1.86717,1.86742,1.86672,1.86701,273,18,0
2026-09-02 18:00:00,1.86699,1.86704,1.86636,1.86658,228,18,0
2026-09-02 18:15:00,1.8665699999999998,1.8670200000000001,1.86608,1.86616,335,18,0
2026-09-02 18:30:00,1.86615,1.8662999999999998,1.866,1.86616,166,18,0
2026-09-02 18:45:00,1.86619,1.86656,1.86616,1.86656,161,18,0
2026-09-02 19:00:00,1.86659,1.86659,1.8662800000000002,1.8664,157,18,0
2026-09-02 19:15:00,1.86643,1.8665500000000002,1.86608,1.8660999999999999,160,18,0
2026-09-02 19:30:00,1.86613,1.8662800000000002,1.8659599999999998,1.86598,162,18,0
2026-09-02 19:45:00,1.8659599999999998,1.8665,1.8656899999999998,1.86643,205,18,0
2026-09-02 20:00:00,1.86646,1.86707,1.8664399999999999,1.86697,182,18,0
2026-09-02 20:15:00,1.86694,1.86745,1.86681,1.8673600000000001,117,18,0
2026-09-02 20:30:00,1.86735,1.86735,1.8669799999999999,1.86704,107,18,0
2026-09-02 20:45:00,1.8670499999999999,1.86757,1.8665500000000002,1.8667500000000001,114,18,0
2026-09-02 21:00:00,1.86674,1.86674,1.86667,1.86667,6,48,0
2026-09-02 21:15:00,1.86666,1.8666800000000001,1.86659,1.86667,31,48,0
2026-09-02 21:30:00,1.8666800000000001,1.8666800000000001,1.86629,1.86632,70,48,0
2026-09-02 21:45:00,1.8662999999999998,1.86646,1.8660700000000001,1.86638,109,66,0
2026-09-02 22:00:00,1.8664,1.8666,1.86623,1.86629,81,28,0
2026-09-02 22:15:00,1.86626,1.86643,1.86615,1.86632,72,18,0
2026-09-02 22:30:00,1.86631,1.8665,1.86619,1.8662800000000002,76,18,0
2026-09-02 22:45:00,1.8662999999999998,1.86651,1.8661699999999999,1.86632,70,18,0
2026-09-02 23:00:00,1.86633,1.86634,1.86616,1.8661699999999999,55,18,0
2026-09-02 23:15:00,1.86618,1.8662999999999998,1.86615,1.86619,63,18,0
2026-09-02 23:30:00,1.8662100000000001,1.8662100000000001,1.86593,1.86605,71,18,0
2026-09-02 23:45:00,1.8660299999999999,1.86643,1.8660299999999999,1.86638,156,18,0
2026-09-03 00:00:00,1.86635,1.86635,1.8657,1.8657,192,18,0
2026-09-03 00:15:00,1.8656899999999998,1.86575,1.86536,1.86561,138,18,0
2026-09-03 00:30:00,1.86565,1.8656700000000002,1.8654600000000001,1.8655300000000001,117,18,0
2026-09-03 00:45:00,1.86555,1.86634,1.86554,1.86619,149,18,0
2026-09-03 01:00:00,1.8661699999999999,1.86649,1.8660299999999999,1.8661400000000001,170,18,0
2026-09-03 01:15:00,1.86611,1.86616,1.86585,1.86598,157,18,0
2026-09-03 01:30:00,1.8659599999999998,1.86597,1.86531,1.8653499999999998,247,18,0
2026-09-03 01:45:00,1.86539,1.86554,1.86502,1.8650600000000002,203,18,0
2026-09-03 02:00:00,1.86504,1.86531,1.8649499999999999,1.86525,169,18,0
2026-09-03 02:15:00,1.86524,1.86555,1.86514,1.86536,198,18,0
2026-09-03 02:30:00,1.8653499999999998,1.86541,1.86493,1.8653,297,18,0
2026-09-03 02:45:00,1.86531,1.86555,1.86513,1.86544,178,18,0
2026-09-03 03:00:00,1.86545,1.86618,1.86543,1.8661699999999999,201,18,0
2026-09-03 03:15:00,1.8661400000000001,1.86633,1.86601,1.8662,175,18,0
2026-09-03 03:30:00,1.86622,1.86632,1.8658299999999999,1.86591,155,18,0
2026-09-03 03:45:00,1.8659,1.86608,1.8657599999999999,1.86591,135,18,0
2026-09-03 04:00:00,1.8659,1.866,1.8657,1.86584,115,18,0
2026-09-03 04:15:00,1.8658299999999999,1.86623,1.86581,1.86606,87,18,0
2026-09-03 04:30:00,1.8660299999999999,1.86611,1.86591,1.86606,153,18,0
2026-09-03 04:45:00,1.86608,1.86622,1.8659400000000002,1.86605,117,18,0
2026-09-03 05:00:00,1.86606,1.86612,1.86566,1.86579,108,18,0
2026-09-03 05:15:00,1.86577,1.86631,1.86573,1.86623,183,18,0
2026-09-03 05:30:00,1.86626,1.86654,1.86612,1.86612,192,18,0
2026-09-03 05:45:00,1.8660999999999999,1.86623,1.8659400000000002,1.86611,196,18,0
2026-09-03 06:00:00,1.86608,1.86619,1.865,1.8651499999999999,388,18,0
2026-09-03 06:15:00,1.86518,1.86543,1.86503,1.86524,302,18,0
2026-09-03 06:30:00,1.86527,1.8654899999999999,1.86489,1.86507,405,18,0
2026-09-03 06:45:00,1.86509,1.8660700000000001,1.86494,1.86552,423,18,0
2026-09-03 07:00:00,1.8654899999999999,1.86626,1.8651900000000001,1.86588,617,18,0
2026-09-03 07:15:00,1.86586,1.8660700000000001,1.86498,1.8650799999999998,480,18,0
2026-09-03 07:30:00,1.86511,1.8654600000000001,1.86466,1.86521,557,18,0
2026-09-03 07:45:00,1.8651900000000001,1.86568,1.86505,1.8654199999999999,495,18,0
2026-09-03 08:00:00,1.8654,1.86578,1.86484,1.86497,701,18,0
2026-09-03 08:15:00,1.86496,1.8650600000000002,1.86403,1.8643999999999998,408,18,0
2026-09-03 08:30:00,1.86444,1.86448,1.8637700000000001,1.86416,292,18,0
2026-09-03 08:45:00,1.86414,1.86435,1.86331,1.86354,377,18,0
2026-09-03 09:00:00,1.86353,1.86426,1.8635000000000002,1.8639700000000001,490,18,0
2026-09-03 09:15:00,1.86395,1.86403,1.86321,1.86348,334,18,0
2026-09-03 09:30:00,1.86345,1.8635000000000002,1.863,1.8634,320,18,0
2026-09-03 09:45:00,1.8634300000000001,1.86381,1.86315,1.86346,368,18,0
2026-09-03 10:00:00,1.86345,1.8639000000000001,1.86276,1.86279,378,18,0
2026-09-03 10:15:00,1.8627799999999999,1.86313,1.86269,1.8627500000000001,303,18,0
2026-09-03 10:30:00,1.86273,1.86284,1.86215,1.8623699999999999,275,18,0
2026-09-03 10:45:00,1.86239,1.8625099999999999,1.86204,1.8624399999999999,353,18,0
2026-09-03 11:00:00,1.86247,1.86311,1.86209,1.8627099999999999,454,18,0
2026-09-03 11:15:00,1.86269,1.86286,1.8617,1.8620299999999999,432,18,0
2026-09-03 11:30:00,1.86205,1.86219,1.86151,1.86151,308,18,0
2026-09-03 11:45:00,1.8615,1.86157,1.8608500000000001,1.8608799999999999,377,18,0
2026-09-03 12:00:00,1.86091,1.8617,1.86068,1.86166,398,18,0
2026-09-03 12:15:00,1.86162,1.86222,1.8614600000000001,1.86181,463,18,0
2026-09-03 12:30:00,1.86186,1.86355,1.8618000000000001,1.86341,969,18,0
2026-09-03 12:45:00,1.86344,1.8647399999999998,1.86338,1.86407,653,18,0
2026-09-03 13:00:00,1.8640400000000001,1.86409,1.86328,1.86369,654,18,0
2026-09-03 13:15:00,1.8637000000000001,1.86446,1.8636300000000001,1.8639700000000001,631,18,0
2026-09-03 13:30:00,1.86394,1.86423,1.86338,1.86414,652,18,0
2026-09-03 13:45:00,1.86418,1.86477,1.86351,1.86477,630,18,0
2026-09-03 14:00:00,1.86473,1.8647399999999998,1.86396,1.86422,633,18,0
2026-09-03 14:15:00,1.8641999999999999,1.8641999999999999,1.86319,1.86355,643,18,0
2026-09-03 14:30:00,1.86353,1.86376,1.8626,1.86322,586,18,0
2026-09-03 14:45:00,1.86319,1.86399,1.86306,1.8637299999999999,816,18,0
2026-09-03 15:00:00,1.86376,1.86589,1.86372,1.8655,884,18,0
2026-09-03 15:15:00,1.86552,1.8665,1.86521,1.86611,678,18,0
2026-09-03 15:30:00,1.86609,1.8662999999999998,1.86514,1.86534,566,18,0
2026-09-03 15:45:00,1.86532,1.86532,1.86449,1.8648,429,18,0
2026-09-03 16:00:00,1.8648099999999999,1.86516,1.8646,1.86491,455,18,0
2026-09-03 16:15:00,1.86489,1.86489,1.86429,1.86429,441,18,0
2026-09-03 16:30:00,1.86432,1.86502,1.86429,1.8648500000000001,374,18,0
2026-09-03 16:45:00,1.86483,1.8651499999999999,1.8646500000000001,1.8648099999999999,338,18,0
2026-09-03 17:00:00,1.86477,1.86502,1.86459,1.86497,347,18,0
2026-09-03 17:15:00,1.865,1.86612,1.86498,1.86605,334,18,0
2026-09-03 17:30:00,1.86602,1.86627,1.86581,1.86613,248,18,0
2026-09-03 17:45:00,1.8661400000000001,1.86632,1.86599,1.8660299999999999,255,18,0
2026-09-03 18:00:00,1.86604,1.8666800000000001,1.86604,1.86653,248,18,0
2026-09-03 18:15:00,1.8665500000000002,1.86672,1.86629,1.86642,264,18,0
2026-09-03 18:30:00,1.8664399999999999,1.86652,1.8662100000000001,1.86636,227,18,0
2026-09-03 18:45:00,1.86638,1.86663,1.86624,1.8664100000000001,221,18,0
2026-09-03 19:00:00,1.86639,1.86687,1.86635,1.8664,298,18,0
2026-09-03 19:15:00,1.86642,1.86643,1.86517,1.86527,407,18,0
2026-09-03 19:30:00,1.86529,1.86532,1.86493,1.86513,305,18,0
2026-09-03 19:45:00,1.8651200000000001,1.8652,1.86446,1.8645100000000001,290,18,0
2026-09-03 20:00:00,1.86448,1.86467,1.86415,1.86415,167,18,0
2026-09-03 20:15:00,1.86414,1.86503,1.86401,1.86502,153,18,0
2026-09-03 20:30:00,1.8649900000000001,1.86521,1.86484,1.86507,135,18,0
2026-09-03 20:45:00,1.8651,1.86552,1.865,1.86502,122,18,0
2026-09-03 21:00:00,1.86504,1.8651200000000001,1.86504,1.8651200000000001,6,48,0
2026-09-03 21:15:00,1.86514,1.8651499999999999,1.8649200000000001,1.8649900000000001,56,50,0
2026-09-03 21:30:00,1.865,1.86514,1.86496,1.86503,79,71,0
2026-09-03 21:45:00,1.86504,1.86514,1.86496,1.86514,104,116,0
2026-09-03 22:00:00,1.86521,1.86554,1.8651,1.86534,82,18,0
2026-09-03 22:15:00,1.86529,1.86538,1.86513,1.8653,45,18,0
2026-09-03 22:30:00,1.86532,1.86544,1.86514,1.8652600000000001,62,18,0
2026-09-03 22:45:00,1.8652199999999999,1.8652600000000001,1.86516,1.8651900000000001,39,18,0
2026-09-03 23:00:00,1.8652,1.86532,1.86511,1.8652,78,18,0
2026-09-03 23:15:00,1.86521,1.86558,1.86514,1.86554,54,18,0
2026-09-03 23:30:00,1.8655599999999999,1.8656700000000002,1.8652199999999999,1.8654600000000001,142,18,0
2026-09-03 23:45:00,1.86548,1.8656000000000001,1.86541,1.8654899999999999,108,18,0
2026-09-04 00:00:00,1.86551,1.86572,1.86543,1.86555,200,18,0
2026-09-04 00:15:00,1.8655599999999999,1.86568,1.8654,1.86563,149,18,0
2026-09-04 00:30:00,1.86561,1.86566,1.86531,1.8656000000000001,180,18,0
2026-09-04 00:45:00,1.86557,1.86599,1.8655599999999999,1.86568,209,18,0
2026-09-04 01:00:00,1.8656700000000002,1.86616,1.86566,1.86598,258,18,0
2026-09-04 01:15:00,1.86599,1.8662100000000001,1.8658700000000001,1.86611,250,18,0
2026-09-04 01:30:00,1.86613,1.86616,1.86581,1.86582,175,18,0
2026-09-04 01:45:00,1.86584,1.86598,1.86574,1.86598,94,18,0
2026-09-04 02:00:00,1.86595,1.8661699999999999,1.86595,1.8660700000000001,138,18,0
2026-09-04 02:15:00,1.86608,1.86613,1.86577,1.86586,93,18,0
2026-09-04 02:30:00,1.8658700000000001,1.8660299999999999,1.8656899999999998,1.8659599999999998,88,18,0
2026-09-04 02:45:00,1.86597,1.86615,1.8658700000000001,1.86604,88,18,0
2026-09-04 03:00:00,1.8660700000000001,1.8662800000000002,1.86597,1.8662800000000002,123,18,0
2026-09-04 03:15:00,1.8662999999999998,1.8664100000000001,1.86601,1.86604,95,18,0
2026-09-04 03:30:00,1.8660299999999999,1.86612,1.8658299999999999,1.8659,116,18,0
2026-09-04 03:45:00,1.86591,1.8661400000000001,1.86591,1.866,126,18,0
2026-09-04 04:00:00,1.86602,1.86606,1.86582,1.86601,163,18,0
2026-09-04 04:15:00,1.86599,1.8660700000000001,1.8658000000000001,1.86584,94,18,0
2026-09-04 04:30:00,1.86586,1.86627,1.86581,1.86606,93,18,0
2026-09-04 04:45:00,1.86608,1.8661400000000001,1.86601,1.8661400000000001,63,18,0
2026-09-04 05:00:00,1.86615,1.86642,1.8661400000000001,1.86632,86,18,0
2026-09-04 05:15:00,1.86633,1.86639,1.86625,1.86636,88,18,0
2026-09-04 05:30:00,1.86635,1.8664,1.86619,1.86626,79,18,0
2026-09-04 05:45:00,1.86623,1.86654,1.8661699999999999,1.86654,128,18,0
2026-09-04 06:00:00,1.86652,1.8675000000000002,1.86649,1.86742,251,18,0
2026-09-04 06:15:00,1.8674,1.8681100000000002,1.86731,1.8677899999999998,244,18,0
2026-09-04 06:30:00,1.8677700000000002,1.86787,1.8673899999999999,1.8677700000000002,262,18,0
2026-09-04 06:45:00,1.86778,1.86778,1.8673600000000001,1.86762,292,18,0
2026-09-04 07:00:00,1.8676599999999999,1.8683999999999998,1.8676,1.86832,377,18,0
2026-09-04 07:15:00,1.8683100000000001,1.86862,1.86805,1.8686,252,18,0
2026-09-04 07:30:00,1.86857,1.86903,1.86815,1.86883,319,18,0
2026-09-04 07:45:00,1.86882,1.86894,1.86795,1.86816,337,18,0
2026-09-04 08:00:00,1.86819,1.86863,1.86799,1.86812,392,18,0
2026-09-04 08:15:00,1.8681100000000002,1.86884,1.86785,1.8688099999999999,260,18,0
2026-09-04 08:30:00,1.86879,1.86879,1.8672,1.86783,401,18,0
2026-09-04 08:45:00,1.8678,1.8683100000000001,1.86746,1.86751,311,18,0
2026-09-04 09:00:00,1.8675199999999998,1.86758,1.86697,1.86699,314,18,0
2026-09-04 09:15:00,1.867,1.8674,1.86651,1.86669,289,18,0
2026-09-04 09:30:00,1.8667,1.86713,1.86645,1.86672,273,18,0
2026-09-04 09:45:00,1.8667500000000001,1.8672,1.86649,1.8666399999999999,327,18,0
2026-09-04 10:00:00,1.86663,1.86676,1.86631,1.86661,258,18,0
2026-09-04 10:15:00,1.8666,1.86733,1.86658,1.86693,234,18,0
2026-09-04 10:30:00,1.86695,1.86778,1.86688,1.86778,310,18,0
2026-09-04 10:45:00,1.8678,1.86832,1.86775,1.86822,271,18,0
2026-09-04 11:00:00,1.86823,1.86869,1.8680400000000001,1.86863,328,18,0
2026-09-04 11:15:00,1.8686099999999999,1.8691499999999999,1.86844,1.86913,306,18,0
2026-09-04 11:30:00,1.8691499999999999,1.8692,1.86848,1.86864,308,18,0
2026-09-04 11:45:00,1.8686500000000001,1.86868,1.86764,1.86765,354,18,0
2026-09-04 12:00:00,1.86767,1.86791,1.86674,1.8671,484,18,0
2026-09-04 12:15:00,1.86707,1.86748,1.8662999999999998,1.86647,566,18,0
2026-09-04 12:30:00,1.86642,1.87244,1.86245,1.8712,2166,18,0
2026-09-04 12:45:00,1.87123,1.87282,1.87019,1.8724699999999999,1491,18,0
2026-09-04 13:00:00,1.87245,1.87246,1.8705699999999998,1.87067,980,18,0
2026-09-04 13:15:00,1.8707,1.87099,1.86993,1.8704399999999999,839,18,0
2026-09-04 13:30:00,1.87043,1.8724699999999999,1.8700700000000001,1.87188,890,18,0
2026-09-04 13:45:00,1.87191,1.87277,1.87094,1.87128,893,18,0
2026-09-04 14:00:00,1.87131,1.87239,1.87092,1.87235,752,18,0
2026-09-04 14:15:00,1.8723100000000001,1.8726099999999999,1.87165,1.8717000000000001,627,18,0
2026-09-04 14:30:00,1.87172,1.87229,1.8716599999999999,1.8720400000000001,648,18,0
2026-09-04 14:45:00,1.87202,1.87228,1.87051,1.8706399999999999,743,18,0
2026-09-04 15:00:00,1.87067,1.87148,1.87038,1.87108,570,18,0
2026-09-04 15:15:00,1.8711,1.87137,1.87051,1.87053,482,18,0
2026-09-04 15:30:00,1.8705500000000002,1.87134,1.87025,1.87063,411,18,0
2026-09-04 15:45:00,1.87065,1.87072,1.87009,1.8706,366,18,0
2026-09-04 16:00:00,1.87059,1.87106,1.8705500000000002,1.8709500000000001,303,18,0
2026-09-04 16:15:00,1.87092,1.8711799999999998,1.87053,1.87076,343,18,0
2026-09-04 16:30:00,1.87079,1.8711600000000002,1.87059,1.87081,234,18,0
2026-09-04 16:45:00,1.87083,1.87096,1.87052,1.87067,273,18,0
2026-09-04 17:00:00,1.87065,1.8706800000000001,1.8699599999999998,1.87012,333,18,0
2026-09-04 17:15:00,1.87013,1.87022,1.86972,1.86981,255,18,0
2026-09-04 17:30:00,1.8698000000000001,1.86988,1.86936,1.8697300000000001,243,18,0
2026-09-04 17:45:00,1.86977,1.8702800000000002,1.86968,1.87009,240,18,0
2026-09-04 18:00:00,1.87013,1.87035,1.86978,1.86998,258,18,0
2026-09-04 18:15:00,1.8699599999999998,1.87027,1.86977,1.8698299999999999,216,18,0
2026-09-04 18:30:00,1.86982,1.8699599999999998,1.86958,1.86986,191,18,0
2026-09-04 18:45:00,1.86984,1.8702299999999998,1.86974,1.8701400000000001,188,18,0
2026-09-04 19:00:00,1.8700999999999999,1.87019,1.86985,1.86992,170,18,0
2026-09-04 19:15:00,1.8699,1.8699,1.86971,1.86972,139,18,0
2026-09-04 19:30:00,1.8697599999999999,1.86998,1.86959,1.8698299999999999,171,18,0
2026-09-04 19:45:00,1.86984,1.86991,1.86938,1.86984,232,18,0
2026-09-04 20:00:00,1.86982,1.87013,1.86954,1.86992,164,18,0
2026-09-04 20:15:00,1.86989,1.87025,1.86965,1.87025,140,18,0
2026-09-04 20:30:00,1.87024,1.87027,1.86979,1.87008,170,18,0
2026-09-04 20:45:00,1.87006,1.87036,1.86997,1.87029,132,18,0
2026-09-06 21:15:00,1.86902,1.8694199999999999,1.86898,1.86931,258,137,0
2026-09-06 21:30:00,1.86932,1.8696199999999998,1.86832,1.86928,344,127,0
2026-09-06 21:45:00,1.86918,1.86918,1.86828,1.86904,289,121,0
2026-09-06 22:00:00,1.86947,1.87012,1.86937,1.8697300000000001,126,28,0
2026-09-06 22:15:00,1.86974,1.86982,1.86971,1.86972,35,28,0
2026-09-06 22:30:00,1.86971,1.86975,1.86963,1.86975,34,28,0
2026-09-06 22:45:00,1.86978,1.8699,1.86971,1.86988,56,18,0
2026-09-06 23:00:00,1.86986,1.86999,1.8697,1.86992,74,18,0
2026-09-06 23:15:00,1.86993,1.8699400000000002,1.86982,1.86992,25,18,0
2026-09-06 23:30:00,1.86989,1.86997,1.86984,1.86991,68,18,0
2026-09-06 23:45:00,1.86992,1.86997,1.8697599999999999,1.86992,149,18,0
2026-09-07 00:00:00,1.8699400000000002,1.87039,1.8699400000000002,1.87038,204,18,0
2026-09-07 00:15:00,1.8703699999999999,1.87046,1.87011,1.8704100000000001,153,18,0
2026-09-07 00:30:00,1.8704399999999999,1.8704800000000001,1.8698700000000001,1.86999,167,18,0
2026-09-07 00:45:00,1.87002,1.87005,1.86979,1.8698700000000001,156,18,0
2026-09-07 01:00:00,1.86989,1.86989,1.8694600000000001,1.8695599999999999,188,18,0
2026-09-07 01:15:00,1.86958,1.8696000000000002,1.86927,1.86938,187,18,0
2026-09-07 01:30:00,1.86937,1.86954,1.86929,1.8693,149,18,0
2026-09-07 01:45:00,1.86931,1.86958,1.8692600000000001,1.86952,141,18,0
2026-09-07 02:00:00,1.8695,1.8695,1.86927,1.8693300000000002,127,18,0
2026-09-07 02:15:00,1.8693499999999998,1.86937,1.86911,1.86917,98,18,0
2026-09-07 02:30:00,1.8692,1.8693,1.8691,1.8691,91,18,0
2026-09-07 02:45:00,1.86911,1.86928,1.86909,1.86928,77,18,0
2026-09-07 03:00:00,1.86929,1.86955,1.86921,1.86948,115,18,0
2026-09-07 03:15:00,1.8694899999999999,1.8697,1.86941,1.86965,90,18,0
2026-09-07 03:30:00,1.86964,1.86965,1.86917,1.8692600000000001,90,18,0
2026-09-07 03:45:00,1.86924,1.86934,1.8691,1.8693300000000002,88,18,0
2026-09-07 04:00:00,1.86931,1.8693300000000002,1.8691900000000001,1.86931,74,18,0
2026-09-07 04:15:00,1.8693,1.8693,1.86916,1.86924,56,18,0
2026-09-07 04:30:00,1.86923,1.86931,1.86917,1.86923,75,18,0
2026-09-07 04:45:00,1.8692199999999999,1.86934,1.8692199999999999,1.8692600000000001,90,18,0
2026-09-07 05:00:00,1.86924,1.8694,1.8691900000000001,1.8693,102,18,0
2026-09-07 05:15:00,1.86928,1.86943,1.8692,1.8694,79,18,0
2026-09-07 05:30:00,1.8694199999999999,1.8696199999999998,1.86932,1.86957,115,18,0
2026-09-07 05:45:00,1.8696000000000002,1.8696899999999999,1.8694199999999999,1.86964,150,18,0
2026-09-07 06:00:00,1.86963,1.86991,1.86951,1.86977,211,18,0
2026-09-07 06:15:00,1.86975,1.87072,1.8697300000000001,1.8706399999999999,182,18,0
2026-09-07 06:30:00,1.87067,1.87126,1.87067,1.8710499999999999,221,18,0
2026-09-07 06:45:00,1.8710200000000001,1.87131,1.87072,1.87115,188,18,0
2026-09-07 07:00:00,1.87112,1.87144,1.8707799999999999,1.871,288,18,0
2026-09-07 07:15:00,1.8709799999999999,1.8710499999999999,1.87065,1.87074,210,18,0
2026-09-07 07:30:00,1.87076,1.87127,1.8707500000000001,1.87122,227,18,0
2026-09-07 07:45:00,1.87121,1.87167,1.8710900000000001,1.87142,300,18,0
2026-09-07 08:00:00,1.87141,1.8718,1.8710499999999999,1.87119,482,18,0
2026-09-07 08:15:00,1.87121,1.8717000000000001,1.8711,1.8716599999999999,442,18,0
2026-09-07 08:30:00,1.87165,1.8719700000000001,1.8710499999999999,1.8710499999999999,352,18,0
2026-09-07 08:45:00,1.87106,1.8713199999999999,1.8706,1.8712499999999999,264,18,0
2026-09-07 09:00:00,1.87126,1.87126,1.8708,1.8711799999999998,227,18,0
2026-09-07 09:15:00,1.87121,1.8718,1.87119,1.87176,191,18,0
2026-09-07 09:30:00,1.87178,1.87199,1.87127,1.87127,197,18,0
2026-09-07 09:45:00,1.8712900000000001,1.8715199999999999,1.87088,1.87107,200,18,0
2026-09-07 10:00:00,1.8711,1.8713,1.8703699999999999,1.87051,218,18,0
2026-09-07 10:15:00,1.8705,1.8709099999999999,1.8704399999999999,1.87047,169,18,0
2026-09-07 10:30:00,1.8704800000000001,1.87072,1.87032,1.8706,131,18,0
2026-09-07 10:45:00,1.87063,1.87073,1.87029,1.87061,200,18,0
2026-09-07 11:00:00,1.87063,1.87066,1.8701699999999999,1.87053,236,18,0
2026-09-07 11:15:00,1.87054,1.8705699999999998,1.87006,1.87054,214,18,0
2026-09-07 11:30:00,1.87052,1.87086,1.87046,1.8705500000000002,171,18,0
2026-09-07 11:45:00,1.87054,1.8705500000000002,1.87015,1.87016,175,18,0
2026-09-07 12:00:00,1.87018,1.8703400000000001,1.86959,1.86988,205,18,0
2026-09-07 12:15:00,1.86986,1.87019,1.86982,1.87009,222,18,0
2026-09-07 12:30:00,1.8700700000000001,1.8700999999999999,1.86957,1.86968,268,18,0
2026-09-07 12:45:00,1.86966,1.8698000000000001,1.86925,1.86977,280,18,0
2026-09-07 13:00:00,1.8697599999999999,1.87035,1.8695,1.87022,236,18,0
2026-09-07 13:15:00,1.8702100000000002,1.87063,1.87013,1.87035,195,18,0
2026-09-07 13:30:00,1.8703699999999999,1.87052,1.8701400000000001,1.87024,179,18,0
2026-09-07 13:45:00,1.8702100000000002,1.8702999999999999,1.8694199999999999,1.8695,209,18,0
2026-09-07 14:00:00,1.86947,1.86963,1.86875,1.86917,252,18,0
2026-09-07 14:15:00,1.86918,1.86968,1.86917,1.86958,290,18,0
2026-09-07 14:30:00,1.8695599999999999,1.86972,1.86929,1.86961,221,18,0
2026-09-07 14:45:00,1.86964,1.87025,1.86943,1.8701400000000001,300,18,0
2026-09-07 15:00:00,1.87013,1.8705500000000002,1.86963,1.87004,293,18,0
2026-09-07 15:15:00,1.87006,1.87025,1.86984,1.8700700000000001,171,18,0
2026-09-07 15:30:00,1.87009,1.87027,1.86993,1.8700700000000001,127,18,0
2026-09-07 15:45:00,1.87009,1.8701699999999999,1.8699400000000002,1.8699400000000002,109,18,0
2026-09-07 16:00:00,1.86993,1.87026,1.8698299999999999,1.87024,87,18,0
2026-09-07 16:15:00,1.87027,1.8705500000000002,1.87022,1.8704100000000001,72,18,0
2026-09-07 16:30:00,1.87043,1.87067,1.87043,1.87063,63,18,0
2026-09-07 16:45:00,1.87066,1.87079,1.87058,1.87065,71,18,0
2026-09-07 17:00:00,1.8706399999999999,1.8706399999999999,1.87045,1.87056,65,18,0
2026-09-07 17:15:00,1.87053,1.8705500000000002,1.87036,1.87046,41,18,0
2026-09-07 17:30:00,1.87043,1.8705500000000002,1.87043,1.8705500000000002,22,18,0
2026-09-07 17:45:00,1.87054,1.87054,1.87032,1.87043,25,18,0
2026-09-07 18:00:00,1.8704100000000001,1.8705699999999998,1.8704,1.87042,34,18,0
2026-09-07 18:15:00,1.87043,1.87051,1.8703400000000001,1.87051,22,18,0
2026-09-07 18:30:00,1.87052,1.87073,1.87052,1.87072,32,18,0
2026-09-07 18:45:00,1.8707,1.87072,1.87054,1.87063,35,18,0
2026-09-07 19:00:00,1.8706399999999999,1.87079,1.8706399999999999,1.87069,34,18,0
2026-09-07 19:15:00,1.87066,1.8707799999999999,1.8706399999999999,1.8707099999999999,39,18,0
2026-09-07 19:30:00,1.87069,1.8707,1.87062,1.87062,36,18,0
2026-09-07 19:45:00,1.8706399999999999,1.87069,1.87051,1.87052,32,18,0
2026-09-07 20:00:00,1.8705500000000002,1.87061,1.87022,1.87022,28,18,0
2026-09-07 20:15:00,1.87019,1.87032,1.87018,1.87031,34,18,0
2026-09-07 20:30:00,1.8702999999999999,1.8704,1.87018,1.8702,43,18,0
2026-09-07 20:45:00,1.87016,1.87039,1.87011,1.8702100000000002,47,18,0
2026-09-07 21:00:00,1.87022,1.8702299999999998,1.8702100000000002,1.8702299999999998,4,48,0
2026-09-07 21:15:00,1.87026,1.87032,1.8702100000000002,1.8702800000000002,76,48,0
2026-09-07 21:30:00,1.87025,1.8702999999999999,1.87024,1.8702800000000002,51,102,0
2026-09-07 21:45:00,1.87029,1.8703699999999999,1.87024,1.8703699999999999,45,80,0
2026-09-07 22:00:00,1.87038,1.87054,1.87032,1.87049,58,28,0
2026-09-07 22:15:00,1.87047,1.8706399999999999,1.8704100000000001,1.8704800000000001,64,28,0
2026-09-07 22:30:00,1.87049,1.87049,1.8701400000000001,1.8702800000000002,104,18,0
2026-09-07 22:45:00,1.87026,1.87047,1.87026,1.87035,80,18,0
2026-09-07 23:00:00,1.87038,1.87051,1.87032,1.87032,108,18,0
2026-09-07 23:15:00,1.87031,1.87056,1.87015,1.8705,159,18,0
2026-09-07 23:30:00,1.8704800000000001,1.87056,1.87012,1.87026,151,18,0
2026-09-07 23:45:00,1.87027,1.87035,1.86989,1.86992,145,18,0
2026-09-08 00:00:00,1.86988,1.87009,1.8695300000000001,1.86954,280,18,0
2026-09-08 00:15:00,1.86955,1.86989,1.86952,1.8698299999999999,231,18,0
2026-09-08 00:30:00,1.86985,1.87001,1.8696899999999999,1.86972,169,18,0
2026-09-08 00:45:00,1.8697300000000001,1.8701699999999999,1.8697300000000001,1.86985,179,18,0
2026-09-08 01:00:00,1.8698299999999999,1.86986,1.86957,1.86971,210,18,0
2026-09-08 01:15:00,1.86974,1.86989,1.86958,1.86972,222,18,0
2026-09-08 01:30:00,1.8697300000000001,1.86975,1.86931,1.86945,215,18,0
2026-09-08 01:45:00,1.86947,1.86963,1.86936,1.86963,172,18,0
2026-09-08 02:00:00,1.86966,1.86968,1.86924,1.86928,244,18,0
2026-09-08 02:15:00,1.86931,1.8695300000000001,1.8691900000000001,1.86928,229,18,0
2026-09-08 02:30:00,1.86927,1.8693499999999998,1.86894,1.86904,220,18,0
2026-09-08 02:45:00,1.8690099999999998,1.8690799999999999,1.86868,1.86876,139,18,0
2026-09-08 03:00:00,1.8688,1.8689,1.86859,1.8686500000000001,116,18,0
2026-09-08 03:15:00,1.86862,1.8688099999999999,1.8685399999999999,1.86869,104,18,0
2026-09-08 03:30:00,1.8687,1.86871,1.8685100000000001,1.8686500000000001,107,18,0
2026-09-08 03:45:00,1.86863,1.86882,1.86855,1.86866,177,18,0
2026-09-08 04:00:00,1.8686500000000001,1.8688799999999999,1.8686099999999999,1.86886,158,18,0
2026-09-08 04:15:00,1.8688500000000001,1.8688500000000001,1.86863,1.86863,122,18,0
2026-09-08 04:30:00,1.8686099999999999,1.86871,1.86846,1.8687,123,18,0
2026-09-08 04:45:00,1.86871,1.86878,1.8685800000000001,1.86873,107,18,0
2026-09-08 05:00:00,1.86875,1.86878,1.8685399999999999,1.8685800000000001,97,18,0
2026-09-08 05:15:00,1.86857,1.86877,1.86822,1.8682400000000001,140,18,0
2026-09-08 05:30:00,1.86821,1.86822,1.86761,1.8677899999999998,205,18,0
2026-09-08 05:45:00,1.8677700000000002,1.8677899999999998,1.86741,1.86778,228,18,0
2026-09-08 06:00:00,1.86781,1.86802,1.86643,1.8666399999999999,492,18,0
2026-09-08 06:15:00,1.86661,1.86672,1.86602,1.86636,499,18,0
2026-09-08 06:30:00,1.86633,1.86762,1.86632,1.8673199999999999,402,18,0
2026-09-08 06:45:00,1.86731,1.8677899999999998,1.86724,1.86748,313,18,0
2026-09-08 07:00:00,1.86746,1.86755,1.8668900000000002,1.867,473,18,0
2026-09-08 07:15:00,1.8669799999999999,1.86723,1.86645,1.86687,382,18,0
2026-09-08 07:30:00,1.8668900000000002,1.8673199999999999,1.86608,1.86613,395,18,0
2026-09-08 07:45:00,1.8660999999999999,1.8667500000000001,1.86591,1.8665699999999998,353,18,0
2026-09-08 08:00:00,1.86656,1.86685,1.86581,1.8658299999999999,467,18,0
2026-09-08 08:15:00,1.8658000000000001,1.8667,1.86566,1.86634,452,18,0
2026-09-08 08:30:00,1.86635,1.86677,1.8662,1.8662800000000002,300,18,0
2026-09-08 08:45:00,1.86631,1.86696,1.8662100000000001,1.86667,395,18,0
2026-09-08 09:00:00,1.86663,1.86708,1.86635,1.86669,382,18,0
2026-09-08 09:15:00,1.86666,1.86693,1.86642,1.86688,272,18,0
2026-09-08 09:30:00,1.86686,1.86782,1.86684,1.86738,359,18,0
2026-09-08 09:45:00,1.86737,1.86745,1.86674,1.86714,300,18,0
2026-09-08 10:00:00,1.86712,1.8677000000000001,1.8669,1.8674,307,18,0
2026-09-08 10:15:00,1.86742,1.86819,1.86715,1.86774,366,18,0
2026-09-08 10:30:00,1.8677700000000002,1.86808,1.8676300000000001,1.8677000000000001,247,18,0
2026-09-08 10:45:00,1.86772,1.86842,1.86765,1.86828,296,18,0
2026-09-08 11:00:00,1.8682400000000001,1.8683800000000002,1.86715,1.8677000000000001,414,18,0
2026-09-08 11:15:00,1.86771,1.869,1.86754,1.86857,348,18,0
2026-09-08 11:30:00,1.8685800000000001,1.8688799999999999,1.86823,1.86842,339,18,0
2026-09-08 11:45:00,1.86843,1.86965,1.86823,1.8694600000000001,401,18,0
2026-09-08 12:00:00,1.86944,1.87016,1.86921,1.87008,443,18,0
2026-09-08 12:15:00,1.87004,1.8709500000000001,1.86977,1.87049,531,18,0
2026-09-08 12:30:00,1.87052,1.8707500000000001,1.86903,1.86945,577,18,0
2026-09-08 12:45:00,1.86943,1.86961,1.86884,1.86886,481,18,0
2026-09-08 13:00:00,1.86889,1.8689900000000002,1.86783,1.86826,574,18,0
2026-09-08 13:15:00,1.8682699999999999,1.8686,1.8675000000000002,1.86774,502,18,0
2026-09-08 13:30:00,1.86773,1.86839,1.86772,1.86783,619,18,0
2026-09-08 13:45:00,1.86781,1.8681999999999999,1.86738,1.86803,575,18,0
2026-09-08 14:00:00,1.86805,1.86821,1.8662999999999998,1.86633,547,18,0
2026-09-08 14:15:00,1.86636,1.86684,1.86551,1.86577,494,18,0
2026-09-08 14:30:00,1.86579,1.86579,1.86494,1.86544,523,18,0
2026-09-08 14:45:00,1.86548,1.86734,1.8653,1.86727,632,18,0
2026-09-08 15:00:00,1.8672499999999999,1.86734,1.86564,1.86566,455,18,0
2026-09-08 15:15:00,1.86565,1.86618,1.86537,1.8660299999999999,429,18,0
2026-09-08 15:30:00,1.86606,1.86618,1.8654,1.86591,357,18,0
2026-09-08 15:45:00,1.86593,1.8659599999999998,1.86554,1.86581,353,18,0
2026-09-08 16:00:00,1.86579,1.86645,1.86578,1.86626,300,18,0
2026-09-08 16:15:00,1.86625,1.86646,1.86611,1.86632,325,18,0
2026-09-08 16:30:00,1.86631,1.86647,1.86611,1.86623,233,18,0
2026-09-08 16:45:00,1.86625,1.8663699999999999,1.86593,1.8662800000000002,270,18,0
2026-09-08 17:00:00,1.86627,1.86662,1.8659599999999998,1.86626,282,18,0
2026-09-08 17:15:00,1.86627,1.86632,1.8659,1.8662100000000001,168,18,0
2026-09-08 17:30:00,1.86619,1.86662,1.8661699999999999,1.8664,160,18,0
2026-09-08 17:45:00,1.8663699999999999,1.8665699999999998,1.86616,1.86635,205,18,0
2026-09-08 18:00:00,1.86635,1.8663699999999999,1.86611,1.8662100000000001,151,18,0
2026-09-08 18:15:00,1.86624,1.86646,1.86604,1.86633,210,18,0
2026-09-08 18:30:00,1.86635,1.86687,1.86623,1.86676,171,18,0
2026-09-08 18:45:00,1.86677,1.8668900000000002,1.8659,1.86672,540,18,0
2026-09-08 19:00:00,1.8667500000000001,1.8667500000000001,1.86632,1.8666,299,18,0
2026-09-08 19:15:00,1.86662,1.86686,1.86636,1.86673,228,18,0
2026-09-08 19:30:00,1.8667500000000001,1.86679,1.86626,1.8662999999999998,212,18,0
2026-09-08 19:45:00,1.8662800000000002,1.86645,1.8657,1.8660299999999999,260,18,0
2026-09-08 20:00:00,1.86601,1.86609,1.86545,1.86563,141,18,0
2026-09-08 20:15:00,1.86564,1.86632,1.86557,1.8661400000000001,149,18,0
2026-09-08 20:30:00,1.86612,1.8669099999999998,1.86611,1.86619,222,18,0
2026-09-08 20:45:00,1.8661699999999999,1.86629,1.8657599999999999,1.86589,103,18,0
2026-09-08 21:00:00,1.86588,1.8659,1.86588,1.8659,7,48,0
2026-09-08 21:15:00,1.86589,1.86591,1.86584,1.86591,16,48,0
2026-09-08 21:30:00,1.86589,1.86595,1.8658299999999999,1.8659,36,48,0
2026-09-08 21:45:00,1.86589,1.86589,1.8658299999999999,1.86586,49,48,0
2026-09-08 22:00:00,1.86589,1.86636,1.86584,1.86624,81,28,0
2026-09-08 22:15:00,1.8662,1.8663699999999999,1.8662,1.8662800000000002,71,18,0
2026-09-08 22:30:00,1.8662999999999998,1.86632,1.86616,1.86625,48,18,0
2026-09-08 22:45:00,1.86626,1.8664,1.86616,1.86634,54,18,0
2026-09-08 23:00:00,1.86633,1.8663699999999999,1.86598,1.86611,69,18,0
2026-09-08 23:15:00,1.86609,1.86616,1.8660299999999999,1.8660299999999999,83,18,0
2026-09-08 23:30:00,1.86601,1.86602,1.86575,1.86584,69,18,0
2026-09-08 23:45:00,1.86585,1.86595,1.86566,1.86566,128,18,0
2026-09-09 00:00:00,1.86568,1.8660700000000001,1.86568,1.86586,194,18,0
2026-09-09 00:15:00,1.86585,1.86627,1.86574,1.8662,150,18,0
2026-09-09 00:30:00,1.86616,1.86616,1.86585,1.8660299999999999,135,18,0
2026-09-09 00:45:00,1.86602,1.8661699999999999,1.8659400000000002,1.86604,156,18,0
2026-09-09 01:00:00,1.8660700000000001,1.8663699999999999,1.866,1.8663699999999999,186,18,0
2026-09-09 01:15:00,1.8664,1.8664800000000001,1.8662,1.86633,155,18,0
2026-09-09 01:30:00,1.86634,1.86636,1.86604,1.86604,124,18,0
2026-09-09 01:45:00,1.86606,1.86629,1.866,1.86616,152,18,0
2026-09-09 02:00:00,1.8661400000000001,1.86622,1.8659599999999998,1.86619,110,18,0
2026-09-09 02:15:00,1.8661699999999999,1.86618,1.86601,1.86608,110,18,0
2026-09-09 02:30:00,1.86609,1.86611,1.86593,1.86606,90,18,0
2026-09-09 02:45:00,1.86604,1.86622,1.8660299999999999,1.86609,102,18,0
2026-09-09 03:00:00,1.86608,1.86608,1.8657599999999999,1.8657599999999999,121,18,0
2026-09-09 03:15:00,1.86573,1.86597,1.86563,1.86585,105,18,0
2026-09-09 03:30:00,1.8658299999999999,1.8661400000000001,1.86581,1.86598,106,18,0
2026-09-09 03:45:00,1.86599,1.866,1.86574,1.86577,96,18,0
2026-09-09 04:00:00,1.86574,1.86591,1.86568,1.86588,87,18,0
2026-09-09 04:15:00,1.8658700000000001,1.86595,1.86574,1.86586,102,18,0
2026-09-09 04:30:00,1.86584,1.866,1.86584,1.86595,79,18,0
2026-09-09 04:45:00,1.86592,1.86618,1.86592,1.86613,80,18,0
2026-09-09 05:00:00,1.86615,1.86624,1.86602,1.86613,93,18,0
2026-09-09 05:15:00,1.86612,1.8663699999999999,1.86602,1.8662800000000002,110,18,0
2026-09-09 05:30:00,1.8662999999999998,1.86639,1.86611,1.86611,159,18,0
2026-09-09 05:45:00,1.8660999999999999,1.86661,1.86606,1.86651,188,18,0
2026-09-09 06:00:00,1.8665,1.86697,1.86629,1.86659,285,18,0
2026-09-09 06:15:00,1.8665500000000002,1.86749,1.8665500000000002,1.86704,356,18,0
2026-09-09 06:30:00,1.86706,1.8676300000000001,1.86699,1.86721,272,18,0
2026-09-09 06:45:00,1.86723,1.86741,1.8669,1.86699,219,18,0
2026-09-09 07:00:00,1.86701,1.8679999999999999,1.86696,1.86781,325,18,0
2026-09-09 07:15:00,1.86782,1.86808,1.86751,1.86768,361,18,0
2026-09-09 07:30:00,1.86769,1.86802,1.86733,1.86782,297,18,0
2026-09-09 07:45:00,1.86785,1.86789,1.8670200000000001,1.86744,354,18,0
2026-09-09 08:00:00,1.8674300000000001,1.86758,1.86622,1.86651,359,18,0
2026-09-09 08:15:00,1.86654,1.86696,1.86591,1.86611,287,18,0
2026-09-09 08:30:00,1.86612,1.8662100000000001,1.86545,1.86566,291,18,0
2026-09-09 08:45:00,1.8656899999999998,1.8659599999999998,1.86554,1.86592,288,18,0
2026-09-09 09:00:00,1.86591,1.86622,1.86563,1.86618,292,18,0
2026-09-09 09:15:00,1.86619,1.8665699999999998,1.86602,1.8664,294,18,0
2026-09-09 09:30:00,1.86638,1.8664,1.86558,1.8659,293,18,0
2026-09-09 09:45:00,1.86589,1.86598,1.8648799999999999,1.86505,325,18,0
2026-09-09 10:00:00,1.86502,1.86575,1.86486,1.8655,375,18,0
2026-09-09 10:15:00,1.86547,1.8656700000000002,1.8652,1.86557,292,18,0
2026-09-09 10:30:00,1.86555,1.8658299999999999,1.8652600000000001,1.86577,145,18,0
2026-09-09 10:45:00,1.86575,1.8659599999999998,1.86529,1.8655300000000001,271,18,0
2026-09-09 11:00:00,1.8655599999999999,1.86599,1.86521,1.86579,300,18,0
2026-09-09 11:15:00,1.8658299999999999,1.86802,1.8658299999999999,1.86802,453,18,0
2026-09-09 11:30:00,1.86803,1.86819,1.8667799999999999,1.86693,569,18,0
2026-09-09 11:45:00,1.86694,1.86802,1.8669,1.86733,558,18,0
2026-09-09 12:00:00,1.8673600000000001,1.86773,1.8669799999999999,1.86701,521,18,0
2026-09-09 12:15:00,1.86703,1.86727,1.86667,1.8669799999999999,427,18,0
2026-09-09 12:30:00,1.86701,1.8670900000000001,1.86631,1.86634,359,18,0
2026-09-09 12:45:00,1.86638,1.8671,1.86638,1.8669099999999998,399,18,0
2026-09-09 13:00:00,1.86693,1.8681,1.86686,1.86809,477,18,0
2026-09-09 13:15:00,1.86806,1.8683,1.86704,1.8675899999999999,457,18,0
2026-09-09 13:30:00,1.86762,1.86954,1.86762,1.86944,548,18,0
2026-09-09 13:45:00,1.86947,1.86971,1.86889,1.86943,515,18,0
2026-09-09 14:00:00,1.8694600000000001,1.8699599999999998,1.86893,1.86978,530,18,0
2026-09-09 14:15:00,1.86981,1.8706,1.8692199999999999,1.87047,565,18,0
2026-09-09 14:30:00,1.87045,1.8709799999999999,1.8700700000000001,1.87074,407,18,0
2026-09-09 14:45:00,1.8707500000000001,1.87123,1.86998,1.8708200000000001,645,18,0
2026-09-09 15:00:00,1.87081,1.87106,1.8696199999999998,1.87004,930,18,0
2026-09-09 15:15:00,1.87008,1.87096,1.8700700000000001,1.87092,668,18,0
2026-09-09 15:30:00,1.8709099999999999,1.8710200000000001,1.8702800000000002,1.8706,620,18,0
2026-09-09 15:45:00,1.87059,1.87077,1.8700700000000001,1.87022,443,18,0
2026-09-09 16:00:00,1.87025,1.87053,1.8698700000000001,1.87039,440,18,0
2026-09-09 16:15:00,1.8704,1.8704800000000001,1.8701400000000001,1.8701699999999999,353,18,0
2026-09-09 16:30:00,1.8702,1.87049,1.87015,1.87031,317,18,0
2026-09-09 16:45:00,1.87033,1.87093,1.8702800000000002,1.8708399999999998,306,18,0
2026-09-09 17:00:00,1.87086,1.8715000000000002,1.87085,1.87141,514,18,0
2026-09-09 17:15:00,1.87137,1.8715899999999999,1.8710900000000001,1.87133,435,18,0
2026-09-09 17:30:00,1.8713199999999999,1.87161,1.87126,1.87157,445,18,0
2026-09-09 17:45:00,1.8715899999999999,1.8717000000000001,1.87123,1.87128,313,18,0
2026-09-09 18:00:00,1.8712900000000001,1.87154,1.8711,1.87123,389,18,0
2026-09-09 18:15:00,1.87124,1.87124,1.87077,1.87079,325,18,0
2026-09-09 18:30:00,1.87081,1.87081,1.87047,1.87052,248,18,0
2026-09-09 18:45:00,1.87051,1.87056,1.8698299999999999,1.86993,296,18,0
2026-09-09 19:00:00,1.86991,1.86999,1.8696199999999998,1.8698700000000001,297,18,0
2026-09-09 19:15:00,1.86988,1.87024,1.86985,1.87008,208,18,0
2026-09-09 19:30:00,1.87009,1.87015,1.86991,1.87013,276,18,0
2026-09-09 19:45:00,1.8700999999999999,1.87045,1.86991,1.87038,255,18,0
2026-09-09 20:00:00,1.8704,1.8704,1.8700999999999999,1.87024,119,18,0
2026-09-09 20:15:00,1.8702100000000002,1.8705,1.87011,1.87038,117,18,0
2026-09-09 20:30:00,1.8704100000000001,1.87043,1.87,1.87013,93,18,0
2026-09-09 20:45:00,1.87009,1.87025,1.86986,1.86991,93,18,0
2026-09-09 21:00:00,1.86992,1.87002,1.86982,1.86991,116,48,0
2026-09-09 21:15:00,1.8699400000000002,1.87002,1.86932,1.86937,329,69,0
2026-09-09 21:30:00,1.86934,1.86937,1.86886,1.86931,138,148,0
2026-09-09 21:45:00,1.86934,1.8694899999999999,1.8691,1.86917,115,123,0
2026-09-09 22:00:00,1.86921,1.8698700000000001,1.86921,1.8698700000000001,70,28,0
2026-09-09 22:15:00,1.86986,1.87002,1.8698299999999999,1.86999,54,18,0
2026-09-09 22:30:00,1.86998,1.86999,1.8697599999999999,1.8699599999999998,132,18,0
2026-09-09 22:45:00,1.86998,1.87008,1.86988,1.86995,141,18,0
2026-09-09 23:00:00,1.86995,1.8702100000000002,1.86992,1.8700299999999999,113,18,0
2026-09-09 23:15:00,1.87004,1.87006,1.86988,1.86999,112,18,0
2026-09-09 23:30:00,1.87002,1.87009,1.8699,1.87009,88,18,0
2026-09-09 23:45:00,1.8700999999999999,1.87025,1.87004,1.8702,138,18,0
2026-09-10 00:00:00,1.87022,1.87036,1.8700299999999999,1.87004,171,18,0
2026-09-10 00:15:00,1.8700700000000001,1.87012,1.86995,1.87001,155,18,0
2026-09-10 00:30:00,1.86999,1.87022,1.8699400000000002,1.87004,131,18,0
2026-09-10 00:45:00,1.87006,1.8704100000000001,1.86997,1.8700999999999999,212,18,0
2026-09-10 01:00:00,1.87009,1.87051,1.87005,1.87047,221,18,0
2026-09-10 01:15:00,1.87046,1.8706,1.8704100000000001,1.87047,185,18,0
2026-09-10 01:30:00,1.87045,1.8709099999999999,1.8704399999999999,1.8708900000000002,191,18,0
