time,open,high,low,close,tick_volume,spread,real_volume
2026-03-17 00:30:00,25836.8,25855.8,25833.2,25846.9,153,440,0
2026-03-17 01:15:00,25908.7,25987.3,25882.7,25986.3,730,148,0
2026-03-17 01:30:00,25988.3,26094.0,25963.5,26051.8,1373,148,0
2026-03-17 01:45:00,26053.3,26181.4,26026.9,26167.4,969,148,0
2026-03-17 02:00:00,26169.4,26249.5,26151.5,26225.8,874,148,0
2026-03-17 02:15:00,26227.3,26239.3,26175.8,26187.4,831,148,0
2026-03-17 02:30:00,26189.3,26203.3,26107.9,26158.7,867,148,0
2026-03-17 02:45:00,26160.3,26165.3,26093.5,26093.5,743,148,0
2026-03-17 03:00:00,26091.9,26117.3,26060.9,26079.9,722,148,0
2026-03-17 03:15:00,26077.9,26120.3,26054.5,26071.8,628,148,0
2026-03-17 03:30:00,26072.4,26075.3,26037.9,26053.4,537,148,0
2026-03-17 03:45:00,26051.8,26089.9,26039.8,26089.9,389,148,0
2026-03-17 04:00:00,26075.0,26076.8,26068.2,26070.8,98,440,0
2026-03-17 04:15:00,26071.7,26075.8,26066.2,26072.8,88,440,0
2026-03-17 05:00:00,26099.7,26115.4,25997.5,26076.8,934,148,0
2026-03-17 05:15:00,26078.3,26115.9,25992.9,26012.7,776,148,0
2026-03-17 05:30:00,26014.3,26020.3,25970.9,25998.3,614,148,0
2026-03-17 05:45:00,25997.8,25997.8,25894.8,25894.8,674,148,0
2026-03-17 06:00:00,25896.8,25909.4,25855.5,25868.8,817,148,0
2026-03-17 06:15:00,25867.8,25902.3,25866.9,25891.8,663,148,0
2026-03-17 06:30:00,25889.8,25915.3,25869.9,25897.8,650,148,0
2026-03-17 06:45:00,25899.4,25904.3,25863.8,25891.8,534,148,0
2026-03-17 07:00:00,25892.4,25911.3,25862.9,25866.4,557,148,0
2026-03-17 07:15:00,25864.9,25900.3,25863.4,25898.8,479,148,0
2026-03-17 07:30:00,25897.8,25901.3,25870.9,25880.8,429,148,0
2026-03-17 07:45:00,25882.4,25909.3,25854.9,25906.3,492,148,0
2026-03-17 08:00:00,25908.1,25927.7,25865.9,25867.8,553,148,0
2026-03-17 08:15:00,25867.4,25897.3,25858.9,25889.2,413,148,0
2026-03-17 09:15:00,25879.2,25985.2,25879.2,25980.3,565,156,0
2026-03-17 09:30:00,25979.8,25980.7,25941.1,25955.1,545,148,0
2026-03-17 09:45:00,25954.7,25976.1,25942.3,25976.1,450,148,0
2026-03-17 10:00:00,25976.8,25977.4,25927.7,25935.4,479,148,0
2026-03-17 10:15:00,25935.7,25935.7,25904.4,25922.9,417,148,0
2026-03-17 10:30:00,25923.3,25941.6,25914.6,25930.6,342,148,0
2026-03-17 10:45:00,25931.1,25938.6,25918.3,25936.6,325,148,0
2026-03-17 11:00:00,25936.0,25960.5,25929.6,25948.5,357,148,0
2026-03-17 11:15:00,25948.7,25977.5,25947.1,25964.6,329,148,0
2026-03-17 11:30:00,25963.6,25977.7,25950.6,25969.5,344,148,0
2026-03-17 11:45:00,25968.9,25977.5,25950.6,25951.1,375,148,0
2026-03-17 12:00:00,25949.7,26004.1,25939.7,25998.6,436,148,0
2026-03-17 12:15:00,25999.3,26002.6,25986.6,26000.6,378,148,0
2026-03-17 12:30:00,26000.7,26025.9,25998.6,26010.6,400,148,0
2026-03-17 12:45:00,26009.4,26009.4,25987.0,26001.6,341,148,0
2026-03-17 13:00:00,26003.1,26036.5,26000.3,26030.5,417,148,0
2026-03-17 13:15:00,26031.1,26056.6,26020.6,26040.6,410,148,0
2026-03-17 13:30:00,26040.5,26055.9,26008.3,26016.9,906,148,0
2026-03-17 13:45:00,26016.6,26026.6,25973.3,25982.0,708,148,0
2026-03-17 14:00:00,25982.6,26006.5,25958.1,25977.7,703,148,0
2026-03-17 14:15:00,25974.8,25978.2,25938.8,25943.6,676,148,0
2026-03-17 14:30:00,25942.6,25987.5,25930.3,25980.7,700,148,0
2026-03-17 14:45:00,25980.5,25989.6,25972.4,25977.6,592,148,0
2026-03-17 15:00:00,25979.0,25983.9,25894.2,25894.7,695,148,0
2026-03-17 15:15:00,25894.6,25918.0,25862.4,25864.0,783,148,0
2026-03-17 15:30:00,25864.6,25888.9,25829.7,25865.5,785,148,0
2026-03-17 15:45:00,25862.7,25895.1,25861.6,25885.5,669,148,0
2026-03-17 16:00:00,25884.6,25893.5,25838.7,25871.6,714,148,0
2026-03-17 16:15:00,25872.6,25908.5,25870.6,25900.3,626,148,0
2026-03-17 16:30:00,25897.6,25899.4,25847.6,25876.5,698,148,0
2026-03-17 16:45:00,25876.7,25884.8,25868.6,25871.0,492,148,0
2026-03-17 17:00:00,25871.7,25909.0,25868.7,25902.6,492,148,0
2026-03-17 17:15:00,25902.8,25910.6,25890.7,25902.3,448,148,0
2026-03-17 17:30:00,25901.0,25923.5,25894.6,25899.2,439,148,0
2026-03-17 17:45:00,25900.4,25923.6,25892.6,25923.3,438,148,0
2026-03-17 18:00:00,25924.5,25944.5,25918.6,25937.2,348,148,0
2026-03-17 18:15:00,25936.6,25936.6,25879.6,25879.6,392,148,0
2026-03-17 18:30:00,25878.6,25894.6,25872.6,25882.3,441,148,0
2026-03-17 18:45:00,25882.5,25906.2,25877.6,25902.1,301,148,0
2026-03-17 19:00:00,25887.9,25888.7,25874.2,25881.8,110,440,0
2026-03-17 19:15:00,25882.7,25889.7,25877.1,25877.1,93,440,0
2026-03-17 19:30:00,25877.8,25879.8,25872.1,25875.1,85,440,0
2026-03-17 19:45:00,25875.8,25887.7,25875.2,25886.1,148,440,0
2026-03-17 20:00:00,25885.8,25892.7,25883.2,25890.8,66,440,0
2026-03-17 20:15:00,25890.1,25893.8,25890.1,25892.1,49,440,0
2026-03-17 20:30:00,25891.2,25893.8,25890.2,25892.7,41,440,0
2026-03-17 20:45:00,25891.2,25892.8,25884.2,25887.8,58,440,0
2026-03-17 22:00:00,25875.1,25875.9,25866.1,25868.3,72,440,0
2026-03-17 22:15:00,25867.3,25871.8,25860.3,25869.2,73,440,0
2026-03-17 22:30:00,25869.8,25872.8,25858.3,25861.2,75,440,0
2026-03-17 22:45:00,25861.8,25876.8,25859.3,25872.2,97,440,0
2026-03-17 23:00:00,25872.8,25877.8,25866.2,25871.8,98,440,0
2026-03-17 23:15:00,25870.2,25881.7,25870.2,25870.2,100,440,0
2026-03-17 23:30:00,25869.8,25869.8,25862.2,25865.2,81,440,0
2026-03-17 23:45:00,25865.8,25870.8,25859.3,25860.2,100,440,0
2026-03-18 00:00:00,25860.8,25893.7,25857.2,25893.7,204,440,0
2026-03-18 00:15:00,25894.7,25897.7,25882.2,25888.1,130,440,0
2026-03-18 00:30:00,25888.8,25891.8,25884.2,25890.8,117,440,0
2026-03-18 01:15:00,25980.0,26009.8,25926.5,25933.1,692,148,0
2026-03-18 01:30:00,25937.0,25963.9,25860.9,25897.3,1462,148,0
2026-03-18 01:45:00,25899.3,25937.3,25825.9,25839.4,966,148,0
2026-03-18 02:00:00,25840.4,25877.3,25812.9,25841.4,829,148,0
2026-03-18 02:15:00,25840.4,25915.3,25826.9,25878.3,815,148,0
2026-03-18 02:30:00,25880.3,25900.4,25831.9,25839.9,749,148,0
2026-03-18 02:45:00,25840.4,25887.4,25805.5,25835.8,721,148,0
2026-03-18 03:00:00,25834.8,25852.3,25813.4,25830.4,613,148,0
2026-03-18 03:15:00,25831.4,25847.3,25814.9,25833.3,495,148,0
2026-03-18 03:30:00,25834.3,25843.4,25825.9,25842.4,323,148,0
2026-03-18 03:45:00,25843.3,25856.3,25808.9,25839.2,285,148,0
2026-03-18 04:00:00,25825.8,25834.8,25825.8,25832.1,88,440,0
2026-03-18 04:15:00,25832.8,25832.8,25822.2,25825.2,82,440,0
2026-03-18 05:00:00,25841.4,25991.3,25839.3,25904.4,1156,148,0
2026-03-18 05:15:00,25903.8,26016.7,25903.4,25980.8,891,148,0
2026-03-18 05:30:00,25981.4,26079.3,25970.9,26062.4,842,148,0
2026-03-18 05:45:00,26060.9,26070.3,26014.8,26027.5,716,148,0
2026-03-18 06:00:00,26023.9,26086.8,26020.8,26069.8,693,148,0
2026-03-18 06:15:00,26068.8,26107.3,26047.9,26103.3,555,148,0
2026-03-18 06:30:00,26101.8,26109.3,26067.4,26096.4,617,148,0
2026-03-18 06:45:00,26094.8,26111.7,26076.8,26082.8,480,148,0
2026-03-18 07:00:00,26084.4,26123.3,26063.9,26072.8,580,148,0
2026-03-18 07:15:00,26071.8,26071.8,26037.8,26049.7,471,148,0
2026-03-18 07:30:00,26048.0,26048.0,25996.9,26023.8,423,148,0
2026-03-18 07:45:00,26023.4,26049.3,25995.8,26048.4,445,148,0
2026-03-18 08:00:00,26046.8,26049.1,25989.8,26016.3,486,148,0
2026-03-18 08:15:00,26014.8,26023.3,25974.8,25980.5,356,148,0
2026-03-18 09:15:00,25988.2,26036.1,25978.9,26019.2,467,148,0
2026-03-18 09:30:00,26021.6,26056.5,26019.7,26051.3,342,148,0
2026-03-18 09:45:00,26051.5,26065.5,26041.6,26045.7,345,148,0
2026-03-18 10:00:00,26046.3,26054.6,26034.6,26047.5,303,148,0
2026-03-18 10:15:00,26048.5,26048.5,26018.6,26020.8,280,148,0
2026-03-18 10:30:00,26020.6,26025.8,26009.8,26019.7,297,148,0
2026-03-18 10:45:00,26019.0,26026.1,25996.6,25999.9,314,148,0
2026-03-18 11:00:00,25998.4,26030.5,25980.8,26024.6,357,148,0
2026-03-18 11:15:00,26024.4,26036.5,25934.3,25935.2,542,148,0
2026-03-18 11:30:00,25933.6,26002.9,25928.8,25988.2,632,148,0
2026-03-18 11:45:00,25987.6,25994.1,25965.6,25981.6,572,148,0
2026-03-18 12:00:00,25983.1,25987.3,25870.4,25882.4,683,148,0
2026-03-18 12:15:00,25880.6,25884.6,25819.1,25840.5,680,148,0
2026-03-18 12:30:00,25844.9,25845.6,25739.0,25751.4,889,148,0
2026-03-18 12:45:00,25753.6,25762.1,25708.7,25714.6,910,148,0
2026-03-18 13:00:00,25716.3,25726.7,25690.5,25690.5,837,148,0
2026-03-18 13:15:00,25689.7,25724.5,25662.7,25724.5,674,148,0
2026-03-18 13:30:00,25723.4,25767.4,25713.2,25736.1,1078,148,0
2026-03-18 13:45:00,25734.6,25768.9,25711.0,25752.4,903,148,0
2026-03-18 14:00:00,25755.4,25775.5,25684.9,25685.3,920,148,0
2026-03-18 14:15:00,25685.6,25705.2,25608.6,25626.2,869,148,0
2026-03-18 14:30:00,25625.2,25659.7,25595.8,25603.1,801,148,0
2026-03-18 14:45:00,25601.9,25625.1,25554.6,25622.6,800,148,0
2026-03-18 15:00:00,25624.2,25678.6,25623.6,25638.4,742,148,0
2026-03-18 15:15:00,25639.6,25647.6,25586.0,25594.6,721,148,0
2026-03-18 15:30:00,25593.1,25614.6,25574.6,25584.6,628,148,0
2026-03-18 15:45:00,25583.3,25606.9,25571.3,25595.1,612,148,0
2026-03-18 16:00:00,25594.0,25600.4,25555.4,25598.8,614,148,0
2026-03-18 16:15:00,25596.7,25615.3,25579.4,25605.7,645,148,0
2026-03-18 16:30:00,25604.0,25615.4,25582.1,25604.5,625,148,0
2026-03-18 16:45:00,25604.9,25620.5,25587.6,25602.7,486,148,0
2026-03-18 17:00:00,25604.2,25609.1,25546.6,25561.5,535,148,0
2026-03-18 17:15:00,25561.4,25592.5,25556.2,25569.2,533,148,0
2026-03-18 17:30:00,25568.6,25578.6,25552.9,25563.4,461,148,0
2026-03-18 17:45:00,25562.8,25594.8,25560.6,25572.5,450,148,0
2026-03-18 18:00:00,25574.7,25601.7,25561.6,25592.6,789,148,0
2026-03-18 18:15:00,25591.7,25591.7,25537.6,25556.6,806,148,0
2026-03-18 18:30:00,25553.7,25575.3,25510.6,25518.6,882,148,0
2026-03-18 18:45:00,25514.3,25518.8,25477.8,25483.5,607,148,0
2026-03-18 19:00:00,25471.0,25496.7,25466.2,25488.7,252,440,0
2026-03-18 19:15:00,25488.1,25489.7,25441.2,25447.3,231,440,0
2026-03-18 19:30:00,25446.3,25454.8,25431.2,25435.8,232,440,0
2026-03-18 19:45:00,25436.7,25473.9,25431.2,25453.8,242,440,0
2026-03-18 20:00:00,25455.8,25455.8,25417.2,25417.2,192,440,0
2026-03-18 20:15:00,25417.9,25417.9,25391.3,25396.2,172,440,0
2026-03-18 20:30:00,25396.9,25408.8,25394.2,25407.8,123,440,0
2026-03-18 20:45:00,25408.8,25412.8,25405.2,25405.2,104,440,0
2026-03-18 22:00:00,25441.0,25453.2,25412.3,25415.3,202,440,0
2026-03-18 22:15:00,25415.9,25418.8,25404.3,25405.9,167,440,0
2026-03-18 22:30:00,25407.8,25409.8,25384.2,25393.8,137,440,0
2026-03-18 22:45:00,25393.2,25405.7,25390.9,25405.1,125,440,0
2026-03-18 23:00:00,25405.8,25420.8,25400.8,25417.1,154,440,0
2026-03-18 23:15:00,25417.8,25425.8,25415.2,25425.7,95,440,0
2026-03-18 23:30:00,25425.1,25449.7,25425.1,25435.8,151,440,0
2026-03-18 23:45:00,25436.8,25438.7,25417.3,25433.8,267,440,0
2026-03-19 00:00:00,25432.2,25456.8,25421.2,25441.7,303,440,0
2026-03-19 00:15:00,25441.1,25444.8,25415.3,25436.2,240,440,0
2026-03-19 00:30:00,25437.8,25446.8,25408.3,25408.3,220,440,0
2026-03-19 01:15:00,25472.9,25528.3,25406.5,25518.3,980,148,0
2026-03-19 01:30:00,25516.8,25650.3,25470.6,25614.8,1663,148,0
2026-03-19 01:45:00,25612.8,25658.3,25585.9,25628.8,1164,148,0
2026-03-19 02:00:00,25630.4,25654.3,25588.0,25603.4,1091,148,0
2026-03-19 02:15:00,25601.8,25692.3,25573.9,25687.7,909,148,0
2026-03-19 02:30:00,25689.3,25717.3,25668.8,25699.4,802,148,0
2026-03-19 02:45:00,25700.4,25702.3,25586.9,25596.8,695,148,0
2026-03-19 03:00:00,25598.4,25645.7,25591.9,25638.3,652,148,0
2026-03-19 03:15:00,25639.3,25656.3,25584.9,25624.8,606,148,0
2026-03-19 03:30:00,25626.7,25628.7,25564.8,25579.3,473,148,0
2026-03-19 03:45:00,25578.7,25600.3,25573.3,25573.3,375,148,0
2026-03-19 04:00:00,25557.4,25557.4,25536.2,25540.9,147,440,0
2026-03-19 04:15:00,25539.3,25540.9,25533.2,25535.2,116,440,0
2026-03-19 05:00:00,25558.3,25566.3,25513.8,25520.4,764,148,0
2026-03-19 05:15:00,25519.8,25573.3,25508.9,25515.4,622,148,0
2026-03-19 05:30:00,25516.4,25528.3,25458.4,25458.4,579,148,0
2026-03-19 05:45:00,25458.8,25501.3,25430.9,25469.8,680,148,0
2026-03-19 06:00:00,25471.4,25537.7,25456.9,25518.8,739,148,0
2026-03-19 06:15:00,25519.4,25555.7,25508.8,25513.4,542,148,0
2026-03-19 06:30:00,25515.3,25526.3,25487.8,25494.4,567,148,0
2026-03-19 06:45:00,25494.8,25501.4,25469.4,25490.3,480,148,0
2026-03-19 07:00:00,25492.3,25507.3,25466.9,25474.8,554,148,0
2026-03-19 07:15:00,25472.8,25528.3,25472.8,25489.4,528,148,0
2026-03-19 07:30:00,25488.8,25493.4,25418.9,25426.4,431,148,0
2026-03-19 07:45:00,25428.4,25462.4,25428.4,25455.4,488,148,0
2026-03-19 08:00:00,25457.3,25502.4,25449.8,25498.4,600,148,0
2026-03-19 08:15:00,25499.4,25520.3,25458.9,25467.9,536,148,0
2026-03-19 09:15:00,25455.3,25496.9,25383.3,25401.2,1064,148,0
2026-03-19 09:30:00,25399.8,25439.2,25373.4,25405.9,1036,148,0
2026-03-19 09:45:00,25404.2,25548.6,25392.5,25522.6,902,148,0
2026-03-19 10:00:00,25522.7,25523.6,25441.7,25441.7,652,148,0
2026-03-19 10:15:00,25442.6,25446.6,25403.6,25417.6,613,148,0
2026-03-19 10:30:00,25416.4,25423.9,25390.7,25402.0,618,148,0
2026-03-19 10:45:00,25403.2,25423.9,25386.6,25403.2,586,148,0
2026-03-19 11:00:00,25402.6,25430.3,25369.5,25389.6,622,148,0
2026-03-19 11:15:00,25388.6,25390.3,25337.2,25359.5,563,148,0
2026-03-19 11:30:00,25359.6,25374.6,25338.0,25346.6,558,148,0
2026-03-19 11:45:00,25348.0,25386.4,25338.6,25383.2,534,148,0
2026-03-19 12:00:00,25385.1,25388.7,25315.2,25336.0,819,148,0
2026-03-19 12:15:00,25335.6,25343.6,25272.2,25288.8,608,148,0
2026-03-19 12:30:00,25287.9,25300.5,25247.9,25258.1,784,148,0
2026-03-19 12:45:00,25259.3,25259.3,25210.6,25215.6,735,148,0
2026-03-19 13:00:00,25216.9,25225.1,25150.6,25150.7,735,148,0
2026-03-19 13:15:00,25150.2,25232.0,25136.4,25145.7,995,148,0
2026-03-19 13:30:00,25144.4,25180.5,25104.0,25174.0,1501,148,0
2026-03-19 13:45:00,25171.9,25297.6,25156.1,25296.5,1040,148,0
2026-03-19 14:00:00,25297.0,25351.0,25289.7,25300.7,1068,148,0
2026-03-19 14:15:00,25299.1,25308.3,25230.0,25237.2,964,148,0
2026-03-19 14:30:00,25236.6,25311.5,25233.7,25290.9,987,148,0
2026-03-19 14:45:00,25289.6,25320.6,25284.0,25289.1,898,148,0
2026-03-19 15:00:00,25287.1,25348.5,25276.6,25325.8,852,148,0
2026-03-19 15:15:00,25326.2,25345.1,25242.6,25249.7,839,148,0
2026-03-19 15:30:00,25248.6,25250.4,25200.9,25221.0,845,148,0
2026-03-19 15:45:00,25222.2,25272.1,25206.8,25265.2,965,148,0
2026-03-19 16:00:00,25264.0,25315.1,25246.7,25277.1,877,148,0
2026-03-19 16:15:00,25276.9,25288.8,25242.7,25283.6,798,148,0
2026-03-19 16:30:00,25283.8,25292.5,25232.6,25257.2,852,148,0
2026-03-19 16:45:00,25257.6,25261.0,25200.5,25237.1,709,148,0
2026-03-19 17:00:00,25237.6,25248.6,25182.7,25193.5,688,148,0
2026-03-19 17:15:00,25194.6,25291.8,25188.6,25271.6,669,148,0
2026-03-19 17:30:00,25273.0,25285.8,25256.8,25273.6,650,148,0
2026-03-19 17:45:00,25274.4,25318.8,25267.3,25290.6,569,148,0
2026-03-19 18:00:00,25289.0,25312.5,25269.1,25303.5,581,148,0
2026-03-19 18:15:00,25304.9,25313.4,25275.0,25276.0,502,148,0
2026-03-19 18:30:00,25274.7,25281.6,25242.6,25250.6,503,148,0
2026-03-19 18:45:00,25250.0,25318.5,25242.6,25309.2,520,148,0
2026-03-19 19:00:00,25293.1,25436.8,25291.8,25428.7,604,440,0
2026-03-19 19:15:00,25428.1,25438.7,25356.3,25368.8,499,440,0
2026-03-19 19:30:00,25369.8,25374.2,25340.3,25364.9,401,440,0
2026-03-19 19:45:00,25363.3,25363.3,25333.3,25346.9,319,440,0
2026-03-19 20:00:00,25348.9,25361.7,25336.2,25361.7,183,440,0
2026-03-19 20:15:00,25362.7,25367.7,25361.2,25362.2,103,440,0
2026-03-19 20:30:00,25361.2,25361.8,25351.3,25359.8,94,440,0
2026-03-19 20:45:00,25359.2,25363.8,25347.3,25349.2,81,440,0
2026-03-19 22:00:00,25370.0,25380.7,25361.3,25367.2,157,440,0
2026-03-19 22:15:00,25367.9,25383.8,25358.5,25382.2,125,440,0
2026-03-19 22:30:00,25381.2,25386.8,25374.1,25374.1,99,440,0
2026-03-19 22:45:00,25373.2,25373.2,25355.3,25358.3,97,440,0
2026-03-19 23:00:00,25359.8,25378.8,25359.8,25367.9,171,440,0
2026-03-19 23:15:00,25367.2,25367.2,25353.2,25358.3,144,440,0
2026-03-19 23:30:00,25359.8,25365.8,25353.2,25355.9,136,440,0
2026-03-19 23:45:00,25355.2,25376.8,25355.2,25367.8,170,440,0
2026-03-20 00:00:00,25367.2,25401.8,25365.3,25394.1,214,440,0
2026-03-20 00:15:00,25394.8,25398.7,25358.2,25363.2,240,440,0
2026-03-20 00:30:00,25362.2,25373.7,25355.3,25359.3,181,440,0
2026-03-20 01:15:00,25363.7,25396.9,25324.8,25361.4,697,148,0
2026-03-20 01:30:00,25359.8,25540.3,25340.5,25500.3,1710,148,0
2026-03-20 01:45:00,25502.3,25507.3,25327.9,25375.3,1099,148,0
2026-03-20 02:00:00,25377.3,25412.3,25350.9,25368.0,1109,148,0
2026-03-20 02:15:00,25367.1,25376.3,25298.8,25334.8,911,148,0
2026-03-20 02:30:00,25336.3,25425.3,25305.9,25376.9,966,148,0
2026-03-20 02:45:00,25377.4,25429.3,25342.5,25343.9,823,148,0
2026-03-20 03:00:00,25341.9,25380.2,25302.9,25378.3,765,148,0
2026-03-20 03:15:00,25376.8,25433.3,25375.5,25393.8,730,148,0
2026-03-20 03:30:00,25395.4,25408.3,25331.9,25335.5,499,148,0
2026-03-20 03:45:00,25336.4,25347.3,25321.9,25342.3,349,148,0
2026-03-20 04:00:00,25328.6,25335.8,25323.2,25323.2,84,440,0
2026-03-20 04:15:00,25323.8,25323.8,25314.2,25320.8,68,440,0
2026-03-20 05:00:00,25332.7,25365.3,25305.9,25338.3,800,148,0
2026-03-20 05:15:00,25340.3,25345.3,25284.9,25320.3,687,148,0
2026-03-20 05:30:00,25319.8,25354.3,25301.9,25342.3,642,148,0
2026-03-20 05:45:00,25344.3,25348.3,25297.8,25298.4,509,148,0
2026-03-20 06:00:00,25296.8,25361.3,25293.8,25311.4,554,148,0
2026-03-20 06:15:00,25310.8,25313.4,25251.9,25257.5,485,148,0
2026-03-20 06:30:00,25259.4,25274.3,25212.9,25224.8,462,148,0
2026-03-20 06:45:00,25222.8,25228.3,25185.9,25195.4,451,148,0
2026-03-20 07:00:00,25197.4,25208.3,25116.9,25195.4,737,148,0
2026-03-20 07:15:00,25196.4,25293.3,25193.9,25278.4,583,148,0
2026-03-20 07:30:00,25280.4,25289.3,25249.8,25254.4,538,148,0
2026-03-20 07:45:00,25256.4,25280.3,25230.8,25268.4,568,148,0
2026-03-20 08:00:00,25263.3,25298.3,25263.3,25288.8,627,148,0
2026-03-20 08:15:00,25289.4,25291.3,25241.1,25245.2,453,148,0
2026-03-20 09:15:00,25228.8,25228.8,25149.9,25200.5,837,148,0
2026-03-20 09:30:00,25199.6,25238.5,25191.6,25217.1,722,148,0
2026-03-20 09:45:00,25215.9,25218.8,25132.6,25153.0,859,148,0
2026-03-20 10:00:00,25152.5,25159.2,25057.7,25078.4,805,148,0
2026-03-20 10:15:00,25079.6,25092.5,25045.3,25081.6,712,148,0
2026-03-20 10:30:00,25082.5,25153.0,25081.6,25141.4,598,148,0
2026-03-20 10:45:00,25143.6,25143.6,25106.8,25125.6,672,148,0
2026-03-20 11:00:00,25123.9,25191.1,25118.7,25175.1,657,148,0
2026-03-20 11:15:00,25174.9,25192.6,25146.9,25156.6,635,148,0
2026-03-20 11:30:00,25155.1,25175.2,25134.6,25158.8,578,148,0
2026-03-20 11:45:00,25159.6,25159.7,25122.6,25152.1,534,148,0
2026-03-20 12:00:00,25153.2,25188.5,25125.6,25162.9,684,148,0
2026-03-20 12:15:00,25163.6,25168.5,25136.8,25166.1,591,148,0
2026-03-20 12:30:00,25164.4,25176.2,25117.7,25139.5,681,148,0
2026-03-20 12:45:00,25138.0,25178.7,25128.6,25166.0,616,148,0
2026-03-20 13:00:00,25166.1,25169.2,25078.3,25089.6,604,148,0
2026-03-20 13:15:00,25088.6,25106.5,25073.4,25095.2,603,148,0
2026-03-20 13:30:00,25093.9,25110.9,25024.9,25106.6,1152,148,0
2026-03-20 13:45:00,25105.6,25123.4,24972.5,24986.8,962,148,0
2026-03-20 14:00:00,24988.1,25027.2,24906.0,24926.5,991,148,0
2026-03-20 14:15:00,24923.5,24952.8,24901.0,24905.8,987,148,0
2026-03-20 14:30:00,24903.0,24962.3,24897.8,24907.4,894,148,0
2026-03-20 14:45:00,24906.3,24937.5,24858.2,24883.7,858,148,0
2026-03-20 15:00:00,24886.2,24944.7,24868.6,24939.6,895,148,0
2026-03-20 15:15:00,24937.9,24974.8,24852.5,24859.3,891,148,0
2026-03-20 15:30:00,24858.5,24917.6,24858.2,24881.6,840,148,0
2026-03-20 15:45:00,24882.0,24884.6,24852.0,24866.6,782,148,0
2026-03-20 16:00:00,24866.4,24913.8,24856.8,24880.6,755,148,0
2026-03-20 16:15:00,24880.8,24901.6,24852.6,24853.2,715,148,0
2026-03-20 16:30:00,24853.5,24859.6,24813.6,24831.6,749,148,0
2026-03-20 16:45:00,24832.0,24866.5,24803.5,24846.6,671,148,0
2026-03-20 17:00:00,24848.2,24870.6,24811.5,24844.4,809,148,0
2026-03-20 17:15:00,24845.0,24854.1,24808.6,24814.6,665,148,0
2026-03-20 17:30:00,24812.9,24822.3,24755.7,24787.0,640,148,0
2026-03-20 17:45:00,24787.5,24827.8,24781.6,24817.3,646,148,0
2026-03-20 18:00:00,24818.5,24827.4,24780.5,24792.1,619,148,0
2026-03-20 18:15:00,24793.4,24799.6,24710.2,24762.0,804,148,0
2026-03-20 18:30:00,24763.2,24772.3,24721.8,24731.8,718,148,0
2026-03-20 18:45:00,24730.1,24742.5,24694.6,24720.0,600,148,0
2026-03-20 19:00:00,24706.9,24715.7,24685.0,24697.8,253,440,0
2026-03-20 19:15:00,24697.2,24704.8,24660.3,24671.8,261,440,0
2026-03-20 19:30:00,24672.8,24690.1,24633.3,24687.8,291,440,0
2026-03-20 19:45:00,24686.2,24715.1,24658.3,24696.1,342,440,0
2026-03-22 22:00:00,24634.0,24663.0,24634.0,24647.8,268,440,0
2026-03-22 22:15:00,24647.2,24723.7,24647.2,24707.7,366,440,0
2026-03-22 22:30:00,24708.7,24716.1,24671.5,24672.8,293,440,0
2026-03-22 22:45:00,24673.8,24693.7,24673.3,24686.2,246,440,0
2026-03-22 23:00:00,24687.7,24714.7,24687.1,24713.2,254,440,0
2026-03-22 23:15:00,24714.7,24720.7,24692.2,24693.2,214,440,0
2026-03-22 23:30:00,24692.2,24713.8,24686.2,24712.8,217,440,0
2026-03-22 23:45:00,24712.1,24712.1,24675.2,24701.1,378,440,0
2026-03-23 00:00:00,24702.8,24760.7,24685.3,24745.1,446,440,0
2026-03-23 00:15:00,24745.8,24783.7,24729.3,24751.2,387,440,0
2026-03-23 00:30:00,24751.8,24751.8,24695.8,24701.8,400,440,0
2026-03-23 01:15:00,24702.4,24782.8,24702.4,24753.8,1035,148,0
2026-03-23 01:30:00,24751.8,24763.2,24540.9,24597.8,2277,148,0
2026-03-23 01:45:00,24601.3,24648.3,24552.8,24592.8,1726,148,0
2026-03-23 02:00:00,24590.8,24684.3,24566.8,24593.8,1444,148,0
2026-03-23 02:15:00,24592.8,24663.7,24553.9,24578.8,1183,148,0
2026-03-23 02:30:00,24576.8,24576.8,24475.8,24488.8,895,148,0
2026-03-23 02:45:00,24487.8,24496.3,24419.8,24458.8,827,148,0
2026-03-23 03:00:00,24456.8,24502.1,24395.9,24408.4,839,148,0
2026-03-23 03:15:00,24406.8,24466.3,24404.7,24411.8,900,148,0
2026-03-23 03:30:00,24412.4,24443.3,24402.9,24431.4,618,148,0
2026-03-23 03:45:00,24429.8,24443.7,24390.8,24398.0,456,148,0
2026-03-23 04:00:00,24383.9,24392.8,24372.2,24389.1,226,440,0
2026-03-23 04:15:00,24389.8,24407.7,24388.1,24404.8,191,440,0
2026-03-23 05:00:00,24409.3,24483.3,24391.3,24442.8,1090,148,0
2026-03-23 05:15:00,24440.8,24470.4,24391.8,24408.8,750,148,0
2026-03-23 05:30:00,24409.4,24440.3,24346.8,24346.8,943,148,0
2026-03-23 05:45:00,24345.0,24355.3,24298.9,24330.8,801,148,0
2026-03-23 06:00:00,24329.2,24338.4,24255.8,24277.4,815,148,0
2026-03-23 06:15:00,24278.4,24312.3,24246.1,24266.4,1062,148,0
2026-03-23 06:30:00,24263.8,24275.3,24222.9,24228.4,774,148,0
2026-03-23 06:45:00,24226.8,24260.3,24194.8,24242.8,756,148,0
2026-03-23 07:00:00,24245.2,24284.4,24184.9,24270.4,898,148,0
2026-03-23 07:15:00,24269.8,24321.3,24253.8,24300.4,889,148,0
2026-03-23 07:30:00,24298.8,24388.3,24296.8,24388.3,786,148,0
2026-03-23 07:45:00,24389.4,24419.4,24371.4,24378.8,670,148,0
2026-03-23 08:00:00,24383.6,24410.3,24336.9,24402.8,862,148,0
2026-03-23 08:15:00,24400.8,24408.3,24356.4,24356.9,713,148,0
2026-03-23 09:15:00,24363.9,24438.0,24338.8,24409.8,917,148,0
2026-03-23 09:30:00,24410.8,24413.6,24287.6,24309.4,915,148,0
2026-03-23 09:45:00,24309.2,24334.5,24293.3,24310.9,803,148,0
2026-03-23 10:00:00,24310.6,24358.5,24289.4,24316.4,871,148,0
2026-03-23 10:15:00,24317.6,24317.6,24251.6,24256.8,804,148,0
2026-03-23 10:30:00,24255.6,24292.9,24235.0,24261.3,805,148,0
2026-03-23 10:45:00,24260.7,24326.1,24226.3,24291.2,862,148,0
2026-03-23 11:00:00,24292.9,25145.0,24292.2,25079.4,2442,148,0
2026-03-23 11:15:00,25080.9,25139.2,24865.6,24930.7,1924,176,0
2026-03-23 11:30:00,24927.3,25060.1,24889.3,24894.5,1420,156,0
2026-03-23 11:45:00,24897.9,24912.1,24737.6,24754.5,1723,156,0
2026-03-23 12:00:00,24752.2,24856.4,24707.1,24761.5,1490,156,0
2026-03-23 12:15:00,24759.6,24933.9,24759.6,24913.9,1144,156,0
2026-03-23 12:30:00,24912.6,25019.4,24856.6,25013.8,1383,156,0
2026-03-23 12:45:00,25010.1,25080.2,24989.8,25065.2,1255,148,0
2026-03-23 13:00:00,25064.5,25086.6,25003.4,25020.6,1065,148,0
2026-03-23 13:15:00,25020.3,25034.0,24905.1,24912.7,1038,148,0
2026-03-23 13:30:00,24914.3,24994.0,24830.3,24941.6,1544,148,0
2026-03-23 13:45:00,24940.0,25035.0,24940.0,25032.9,1225,148,0
2026-03-23 14:00:00,25034.1,25079.1,25006.8,25022.0,1069,156,0
2026-03-23 14:15:00,25023.4,25159.7,25016.0,25129.0,925,148,0
2026-03-23 14:30:00,25128.3,25147.0,25075.9,25139.0,995,148,0
2026-03-23 14:45:00,25136.6,25175.4,25108.7,25133.4,963,148,0
2026-03-23 15:00:00,25137.5,25229.6,25130.4,25180.6,817,148,0
2026-03-23 15:15:00,25180.3,25183.8,25119.5,25128.5,883,148,0
2026-03-23 15:30:00,25128.4,25137.1,25015.9,25022.5,857,156,0
2026-03-23 15:45:00,25020.9,25029.9,24889.3,24893.6,978,156,0
2026-03-23 16:00:00,24895.1,24957.9,24874.4,24930.9,1050,148,0
2026-03-23 16:15:00,24930.2,24940.0,24840.2,24845.0,942,148,0
2026-03-23 16:30:00,24844.6,24962.8,24842.2,24960.7,1056,148,0
2026-03-23 16:45:00,24960.0,24976.1,24891.3,24895.3,890,156,0
2026-03-23 17:00:00,24896.4,24925.8,24855.5,24859.3,808,156,0
2026-03-23 17:15:00,24859.6,24926.0,24836.2,24916.4,824,148,0
2026-03-23 17:30:00,24914.3,25035.1,24912.9,24975.7,891,148,0
2026-03-23 17:45:00,24977.2,25012.5,24946.7,25005.2,770,148,0
2026-03-23 18:00:00,25006.5,25014.5,24936.9,24991.0,779,148,0
2026-03-23 18:15:00,24992.2,25016.6,24972.9,25006.6,706,148,0
2026-03-23 18:30:00,25007.6,25087.5,25007.6,25052.0,755,148,0
2026-03-23 18:45:00,25052.2,25065.2,25008.6,25016.6,545,148,0
2026-03-23 19:00:00,25003.1,25003.8,24988.2,24988.9,246,440,0
2026-03-23 19:15:00,24988.2,24992.2,24960.0,24969.8,255,440,0
2026-03-23 19:30:00,24969.2,24983.1,24967.3,24979.8,209,440,0
2026-03-23 19:45:00,24979.2,24988.8,24940.2,24949.3,278,440,0
2026-03-23 20:00:00,24943.3,24950.8,24927.3,24946.2,242,440,0
2026-03-23 20:15:00,24946.8,24950.8,24938.2,24945.3,116,440,0
2026-03-23 20:30:00,24945.9,24957.8,24939.3,24957.8,102,440,0
2026-03-23 20:45:00,24956.2,24957.8,24947.2,24951.8,119,440,0
2026-03-23 22:00:00,24960.1,24986.7,24930.2,24984.1,251,440,0
2026-03-23 22:15:00,24983.2,24992.8,24977.3,24992.1,129,440,0
2026-03-23 22:30:00,24991.2,24994.8,24982.1,24994.8,120,440,0
2026-03-23 22:45:00,24995.7,25012.7,24995.2,25002.8,156,440,0
2026-03-23 23:00:00,25002.1,25002.1,24975.3,24982.8,187,440,0
2026-03-23 23:15:00,24983.8,24985.8,24968.2,24973.2,159,440,0
2026-03-23 23:30:00,24973.8,24973.8,24962.2,24968.8,162,440,0
2026-03-23 23:45:00,24968.2,24971.1,24940.3,24960.2,296,440,0
2026-03-24 00:00:00,24959.4,24960.8,24919.2,24919.2,411,440,0
2026-03-24 00:15:00,24919.9,24945.8,24869.0,24887.3,392,440,0
2026-03-24 00:30:00,24887.9,24895.9,24811.2,24858.2,441,440,0
2026-03-24 01:15:00,24862.9,24862.9,24730.6,24770.5,1300,148,0
2026-03-24 01:30:00,24772.0,24808.9,24600.5,24600.5,2076,148,0
2026-03-24 01:45:00,24598.9,24634.3,24544.9,24559.9,1561,148,0
2026-03-24 02:00:00,24561.4,24711.3,24533.9,24613.8,1746,148,0
2026-03-24 02:15:00,24611.8,24734.3,24568.8,24718.3,1661,148,0
2026-03-24 02:30:00,24714.8,24745.3,24643.9,24739.8,1355,148,0
2026-03-24 02:45:00,24740.4,24766.3,24628.8,24704.4,1140,148,0
2026-03-24 03:00:00,24702.9,24749.3,24675.9,24733.4,1046,148,0
2026-03-24 03:15:00,24735.3,24816.3,24729.8,24785.5,881,148,0
2026-03-24 03:30:00,24785.8,24793.7,24721.8,24767.9,737,148,0
2026-03-24 03:45:00,24765.9,24839.4,24758.9,24824.3,556,148,0
2026-03-24 04:00:00,24812.5,24823.7,24809.2,24816.2,162,440,0
2026-03-24 04:15:00,24817.8,24817.8,24789.2,24792.8,173,440,0
2026-03-24 05:00:00,24818.3,24820.7,24656.8,24717.4,1081,148,0
2026-03-24 05:15:00,24719.4,24800.3,24679.8,24683.4,1001,148,0
2026-03-24 05:30:00,24682.8,24781.3,24675.9,24735.4,842,148,0
2026-03-24 05:45:00,24733.8,24799.7,24729.9,24789.4,766,148,0
2026-03-24 06:00:00,24791.3,24841.4,24775.8,24832.7,787,148,0
2026-03-24 06:15:00,24833.4,24931.3,24828.8,24907.8,775,148,0
2026-03-24 06:30:00,24909.4,24948.3,24909.4,24937.4,739,148,0
2026-03-24 06:45:00,24935.4,24980.3,24929.8,24967.8,591,148,0
2026-03-24 07:00:00,24967.1,25074.3,24964.8,25052.4,869,148,0
2026-03-24 07:15:00,25050.9,25058.4,25012.9,25033.8,836,148,0
2026-03-24 07:30:00,25033.5,25033.8,24967.8,25030.3,662,148,0
2026-03-24 07:45:00,25028.8,25059.3,24967.9,25059.3,683,148,0
2026-03-24 08:00:00,25055.8,25073.3,25036.9,25042.8,723,148,0
2026-03-24 08:15:00,25041.8,25048.3,24957.3,24963.0,635,148,0
2026-03-24 09:15:00,24898.6,24924.8,24846.8,24914.0,887,148,0
2026-03-24 09:30:00,24913.6,24970.6,24902.2,24968.6,808,148,0
2026-03-24 09:45:00,24965.7,25002.5,24920.0,24993.5,734,148,0
2026-03-24 10:00:00,24992.0,25005.5,24939.3,24992.6,744,148,0
2026-03-24 10:15:00,24990.1,24996.4,24949.7,24957.2,690,148,0
2026-03-24 10:30:00,24957.6,24988.3,24931.0,24974.2,720,148,0
2026-03-24 10:45:00,24975.5,24988.6,24931.6,24969.7,615,148,0
2026-03-24 11:00:00,24968.2,25001.6,24946.7,24991.1,715,148,0
2026-03-24 11:15:00,24990.9,24991.6,24953.6,24973.2,625,148,0
2026-03-24 11:30:00,24971.3,24973.6,24948.0,24954.4,615,148,0
2026-03-24 11:45:00,24952.7,24999.4,24865.8,24977.5,780,148,0
2026-03-24 12:00:00,24977.4,24985.8,24917.6,24938.9,692,148,0
2026-03-24 12:15:00,24939.5,24966.6,24913.3,24951.6,627,148,0
2026-03-24 12:30:00,24951.0,24953.5,24832.7,24834.6,752,148,0
2026-03-24 12:45:00,24833.6,24863.0,24818.6,24824.4,781,148,0
2026-03-24 13:00:00,24823.3,24858.5,24773.6,24816.2,829,148,0
2026-03-24 13:15:00,24817.8,24841.4,24778.8,24797.3,766,156,0
2026-03-24 13:30:00,24797.5,24894.6,24776.0,24806.9,1119,148,0
2026-03-24 13:45:00,24806.7,24882.6,24774.9,24882.6,988,156,0
2026-03-24 14:00:00,24883.4,24977.8,24873.1,24935.9,903,148,0
2026-03-24 14:15:00,24937.9,24945.4,24890.1,24895.3,892,148,0
2026-03-24 14:30:00,24893.9,24937.7,24877.3,24933.0,867,156,0
2026-03-24 14:45:00,24934.2,25032.7,24874.6,24953.9,1202,156,0
2026-03-24 15:00:00,24958.4,24994.5,24936.1,24969.7,1026,148,0
2026-03-24 15:15:00,24971.2,25041.8,24963.6,25006.2,830,148,0
2026-03-24 15:30:00,25005.2,25026.4,24983.6,25006.8,768,148,0
2026-03-24 15:45:00,25006.6,25035.8,24947.0,24947.0,762,148,0
2026-03-24 16:00:00,24945.5,24965.7,24921.5,24958.9,770,148,0
2026-03-24 16:15:00,24959.2,25019.4,24958.9,25019.4,684,148,0
2026-03-24 16:30:00,25019.6,25031.2,24968.8,25015.3,728,148,0
2026-03-24 16:45:00,25014.6,25027.3,24988.7,25005.2,693,148,0
2026-03-24 17:00:00,25004.2,25009.2,24880.3,24897.6,860,148,0
2026-03-24 17:15:00,24898.4,24914.2,24880.9,24909.3,779,148,0
2026-03-24 17:30:00,24907.5,24930.6,24874.6,24878.8,713,148,0
2026-03-24 17:45:00,24878.7,24966.6,24873.6,24956.7,855,148,0
2026-03-24 18:00:00,24956.0,24987.9,24932.6,24938.6,771,148,0
2026-03-24 18:15:00,24940.3,24983.5,24918.6,24968.2,754,148,0
2026-03-24 18:30:00,24969.7,25035.1,24963.0,25007.2,751,148,0
2026-03-24 18:45:00,25005.3,25009.9,24961.6,24970.3,579,148,0
2026-03-24 19:00:00,24955.1,24986.7,24954.2,24985.7,219,440,0
2026-03-24 19:15:00,24986.1,24986.1,24952.2,24953.2,208,440,0
2026-03-24 19:30:00,24952.3,24957.8,24939.3,24948.2,226,440,0
2026-03-24 19:45:00,24947.2,24947.2,24914.2,24922.8,250,440,0
2026-03-24 20:00:00,24922.2,24930.8,24919.2,24929.3,143,440,0
2026-03-24 20:15:00,24930.8,25092.7,24925.3,25027.2,484,440,0
2026-03-24 20:30:00,25027.9,25087.5,25027.2,25043.2,449,440,0
2026-03-24 20:45:00,25044.8,25060.8,25022.4,25054.8,310,440,0
2026-03-24 22:00:00,25078.9,25107.0,25060.3,25094.3,270,440,0
2026-03-24 22:15:00,25093.3,25093.9,25074.2,25081.9,222,440,0
2026-03-24 22:30:00,25083.8,25106.8,25083.2,25106.2,165,440,0
2026-03-24 22:45:00,25106.8,25119.3,25103.2,25119.3,143,440,0
2026-03-24 23:00:00,25118.7,25120.8,25102.2,25113.1,206,440,0
2026-03-24 23:15:00,25113.8,25138.8,25113.1,25131.1,159,440,0
2026-03-24 23:30:00,25131.8,25134.7,25108.2,25116.2,190,440,0
2026-03-24 23:45:00,25115.2,25122.8,25110.2,25121.1,203,440,0
2026-03-25 00:00:00,25121.8,25140.7,25105.3,25134.1,369,440,0
2026-03-25 00:15:00,25135.7,25140.8,25104.2,25124.2,287,440,0
2026-03-25 00:30:00,25124.8,25166.7,25108.8,25155.1,332,440,0
2026-03-25 01:15:00,25203.6,25329.4,25193.3,25300.0,800,166,0
2026-03-25 01:30:00,25293.8,25326.3,25190.0,25291.9,1382,148,0
2026-03-25 01:45:00,25289.9,25392.3,25287.9,25336.4,1128,148,0
2026-03-25 02:00:00,25334.9,25340.4,25262.9,25304.8,1168,148,0
2026-03-25 02:15:00,25302.8,25318.3,25231.1,25246.8,1100,148,0
2026-03-25 02:30:00,25244.8,25257.3,25190.9,25247.3,948,148,0
2026-03-25 02:45:00,25245.8,25257.3,25158.9,25168.8,862,148,0
2026-03-25 03:00:00,25166.8,25180.3,25110.5,25136.4,781,148,0
2026-03-25 03:15:00,25138.3,25142.3,25084.9,25108.8,676,148,0
2026-03-25 03:30:00,25107.8,25112.3,25067.8,25086.3,561,148,0
2026-03-25 03:45:00,25088.3,25096.3,25062.8,25072.9,454,148,0
2026-03-25 04:00:00,25058.8,25085.8,25057.2,25085.8,141,440,0
2026-03-25 04:15:00,25085.1,25102.8,25081.1,25101.8,140,440,0
2026-03-25 05:00:00,25107.4,25114.8,25013.8,25089.8,1099,148,0
2026-03-25 05:15:00,25090.4,25184.3,25065.9,25177.8,824,148,0
2026-03-25 05:30:00,25179.3,25375.3,25168.8,25316.4,1363,148,0
2026-03-25 05:45:00,25312.8,25314.4,25156.8,25186.3,1234,148,0
2026-03-25 06:00:00,25182.8,25192.3,25119.9,25130.8,940,148,0
2026-03-25 06:15:00,25132.4,25178.4,25128.9,25137.9,808,148,0
2026-03-25 06:30:00,25141.4,25166.3,25127.4,25143.4,719,148,0
2026-03-25 06:45:00,25145.4,25218.4,25138.9,25176.8,588,148,0
2026-03-25 07:00:00,25174.8,25213.9,25169.9,25195.4,778,148,0
2026-03-25 07:15:00,25195.8,25247.3,25190.5,25234.7,646,148,0
2026-03-25 07:30:00,25234.4,25266.3,25220.8,25247.4,640,148,0
2026-03-25 07:45:00,25248.4,25293.3,25230.9,25278.8,454,148,0
2026-03-25 08:00:00,25281.1,25358.3,25280.8,25348.7,690,148,0
2026-03-25 08:15:00,25350.3,25396.4,25346.8,25362.9,539,148,0
2026-03-25 09:15:00,25354.2,25366.5,25264.3,25269.1,649,148,0
2026-03-25 09:30:00,25270.2,25289.6,25248.8,25250.6,640,148,0
2026-03-25 09:45:00,25251.3,25299.4,25215.3,25277.1,691,148,0
2026-03-25 10:00:00,25279.6,25328.7,25277.8,25292.0,668,148,0
2026-03-25 10:15:00,25289.3,25309.3,25265.9,25274.5,577,148,0
2026-03-25 10:30:00,25273.2,25307.6,25255.6,25270.2,568,148,0
2026-03-25 10:45:00,25268.5,25306.4,25263.9,25288.6,534,148,0
2026-03-25 11:00:00,25290.2,25342.4,25290.2,25322.1,503,148,0
2026-03-25 11:15:00,25322.6,25339.5,25303.7,25322.2,520,148,0
2026-03-25 11:30:00,25321.9,25349.9,25320.9,25348.8,434,148,0
2026-03-25 11:45:00,25347.5,25351.9,25276.8,25331.6,739,148,0
2026-03-25 12:00:00,25330.7,25383.5,25330.7,25354.2,611,148,0
2026-03-25 12:15:00,25353.4,25358.0,25213.1,25247.2,1063,148,0
2026-03-25 12:30:00,25245.0,25259.6,25191.9,25239.0,808,148,0
2026-03-25 12:45:00,25240.3,25295.6,25226.6,25273.6,666,148,0
2026-03-25 13:00:00,25275.2,25309.1,25254.5,25263.6,710,148,0
2026-03-25 13:15:00,25264.6,25287.3,25250.6,25261.9,590,148,0
2026-03-25 13:30:00,25266.2,25330.7,25256.4,25266.6,1089,148,0
2026-03-25 13:45:00,25264.9,25276.6,25199.4,25227.6,986,148,0
2026-03-25 14:00:00,25228.2,25318.0,25194.0,25315.8,954,148,0
2026-03-25 14:15:00,25316.3,25332.4,25266.6,25310.4,888,148,0
2026-03-25 14:30:00,25312.7,25346.9,25294.3,25315.9,803,148,0
2026-03-25 14:45:00,25313.7,25350.3,25291.3,25299.8,730,148,0
2026-03-25 15:00:00,25302.4,25313.4,25211.5,25211.5,828,148,0
2026-03-25 15:15:00,25211.6,25280.1,25128.8,25280.1,990,148,0
2026-03-25 15:30:00,25280.4,25290.9,25234.6,25260.0,773,148,0
2026-03-25 15:45:00,25261.3,25268.6,25232.6,25254.9,822,148,0
2026-03-25 16:00:00,25254.1,25270.8,25223.6,25249.4,757,148,0
2026-03-25 16:15:00,25246.9,25318.7,25222.6,25308.8,832,148,0
2026-03-25 16:30:00,25306.9,25320.3,25287.6,25295.8,663,148,0
2026-03-25 16:45:00,25295.6,25313.5,25276.1,25292.9,618,148,0
2026-03-25 17:00:00,25293.6,25318.2,25279.8,25301.2,651,148,0
2026-03-25 17:15:00,25302.2,25312.5,25266.4,25301.0,615,148,0
2026-03-25 17:30:00,25303.4,25341.0,25292.6,25325.5,619,148,0
2026-03-25 17:45:00,25326.9,25334.3,25284.3,25297.7,655,148,0
2026-03-25 18:00:00,25295.9,25327.2,25287.4,25298.9,536,148,0
2026-03-25 18:15:00,25299.6,25309.5,25275.3,25276.5,452,148,0
2026-03-25 18:30:00,25276.6,25290.9,25257.9,25260.6,445,148,0
2026-03-25 18:45:00,25259.6,25272.3,25229.1,25260.5,492,148,0
2026-03-25 19:00:00,25247.9,25252.8,25230.3,25252.2,238,440,0
2026-03-25 19:15:00,25252.9,25270.7,25252.2,25256.2,207,440,0
2026-03-25 19:30:00,25255.2,25271.7,25245.3,25262.8,157,440,0
2026-03-25 19:45:00,25262.2,25270.7,25252.2,25270.7,194,440,0
2026-03-25 20:00:00,25271.8,25277.8,25268.2,25270.8,122,440,0
2026-03-25 20:15:00,25270.2,25273.8,25262.2,25262.9,66,440,0
2026-03-25 20:30:00,25262.2,25264.8,25260.2,25261.8,60,440,0
2026-03-25 20:45:00,25261.2,25265.8,25260.2,25264.2,46,440,0
2026-03-25 22:00:00,25267.2,25269.2,25252.2,25254.8,130,440,0
2026-03-25 22:15:00,25254.2,25254.2,25241.2,25243.8,121,440,0
2026-03-25 22:30:00,25244.8,25254.8,25244.2,25254.8,68,440,0
2026-03-25 22:45:00,25254.2,25259.8,25242.2,25243.2,119,440,0
2026-03-25 23:00:00,25244.8,25255.8,25242.4,25242.9,134,440,0
2026-03-25 23:15:00,25242.2,25244.8,25226.1,25229.9,134,440,0
2026-03-25 23:30:00,25230.2,25234.8,25219.2,25219.2,126,440,0
2026-03-25 23:45:00,25218.3,25246.8,25211.3,25246.1,192,440,0
2026-03-26 00:00:00,25244.8,25251.7,25233.2,25246.7,219,440,0
2026-03-26 00:15:00,25246.1,25272.7,25246.1,25256.2,235,440,0
2026-03-26 00:30:00,25256.8,25265.8,25250.2,25252.2,179,440,0
2026-03-26 01:15:00,25236.2,25240.3,25180.8,25223.5,628,156,0
2026-03-26 01:30:00,25224.1,25234.9,25123.1,25136.5,1154,156,0
2026-03-26 01:45:00,25134.9,25152.5,25067.1,25095.6,898,156,0
2026-03-26 02:00:00,25095.1,25108.5,25028.5,25038.5,803,156,0
2026-03-26 02:15:00,25034.9,25034.9,24957.7,24960.1,711,156,0
2026-03-26 02:30:00,24960.4,25001.0,24919.9,24982.4,750,156,0
2026-03-26 02:45:00,24981.4,24995.3,24921.5,24948.3,658,156,0
2026-03-26 03:00:00,24944.8,24963.5,24892.5,24960.0,675,156,0
2026-03-26 03:15:00,24962.7,24966.0,24916.7,24950.0,621,156,0
2026-03-26 03:30:00,24947.7,24991.0,24947.5,24984.4,520,148,0
2026-03-26 03:45:00,24984.1,24994.9,24953.8,24964.9,387,148,0
2026-03-26 04:00:00,24950.0,24952.8,24940.3,24948.3,158,440,0
2026-03-26 04:15:00,24947.3,24955.8,24945.3,24951.8,121,440,0
2026-03-26 05:00:00,24953.0,24988.8,24863.5,24863.5,742,148,0
2026-03-26 05:15:00,24865.1,24891.3,24816.9,24840.4,652,148,0
2026-03-26 05:30:00,24842.3,24859.3,24805.9,24805.9,713,148,0
2026-03-26 05:45:00,24809.4,24823.4,24788.8,24791.8,634,148,0
2026-03-26 06:00:00,24789.8,24847.3,24784.8,24807.8,659,148,0
2026-03-26 06:15:00,24806.8,24860.3,24802.8,24852.8,546,148,0
2026-03-26 06:30:00,24850.8,24866.3,24809.9,24828.4,648,148,0
2026-03-26 06:45:00,24829.4,24856.3,24827.8,24854.8,465,148,0
2026-03-26 07:00:00,24855.4,24862.3,24783.9,24810.3,571,148,0
2026-03-26 07:15:00,24809.7,24832.3,24774.9,24817.3,575,148,0
2026-03-26 07:30:00,24816.7,24830.3,24782.8,24792.4,428,148,0
2026-03-26 07:45:00,24794.3,24816.3,24783.8,24814.4,416,148,0
2026-03-26 08:00:00,24816.3,24839.3,24784.8,24790.6,558,148,0
2026-03-26 08:15:00,24790.8,24798.7,24762.8,24778.5,492,148,0
2026-03-26 09:15:00,24786.0,24786.0,24714.8,24723.8,696,148,0
2026-03-26 09:30:00,24725.5,24725.5,24694.6,24709.6,715,148,0
2026-03-26 09:45:00,24711.2,24765.4,24695.3,24756.6,597,148,0
2026-03-26 10:00:00,24758.3,24797.9,24739.0,24790.9,580,148,0
2026-03-26 10:15:00,24790.6,24814.5,24773.2,24806.6,541,148,0
2026-03-26 10:30:00,24807.4,24827.9,24773.2,24775.2,593,148,0
2026-03-26 10:45:00,24774.6,24785.6,24760.7,24774.1,529,148,0
2026-03-26 11:00:00,24778.0,24783.0,24744.6,24744.6,496,148,0
2026-03-26 11:15:00,24745.6,24767.6,24710.6,24728.6,504,148,0
2026-03-26 11:30:00,24727.0,24737.5,24713.9,24719.6,535,148,0
2026-03-26 11:45:00,24719.9,24725.6,24674.6,24679.7,511,148,0
2026-03-26 12:00:00,24680.1,24746.9,24652.7,24735.6,649,148,0
2026-03-26 12:15:00,24733.8,24742.9,24712.3,24726.2,478,148,0
2026-03-26 12:30:00,24723.1,24724.5,24680.6,24692.6,687,148,0
2026-03-26 12:45:00,24694.3,24731.3,24693.6,24725.0,589,148,0
2026-03-26 13:00:00,24726.3,24759.1,24721.9,24747.9,639,148,0
2026-03-26 13:15:00,24746.5,24774.1,24742.0,24774.1,645,148,0
2026-03-26 13:30:00,24772.3,24839.6,24756.7,24839.6,1151,148,0
2026-03-26 13:45:00,24840.9,24897.5,24822.7,24881.3,1031,148,0
2026-03-26 14:00:00,24883.1,24900.3,24843.6,24900.3,893,148,0
2026-03-26 14:15:00,24898.4,24920.5,24886.5,24894.6,759,148,0
2026-03-26 14:30:00,24896.1,24942.7,24845.1,24854.7,859,148,0
2026-03-26 14:45:00,24852.7,24875.9,24789.0,24861.2,964,156,0
2026-03-26 15:00:00,24862.9,24891.2,24852.3,24871.3,869,156,0
2026-03-26 15:15:00,24872.0,24880.2,24813.7,24845.6,786,148,0
2026-03-26 15:30:00,24845.2,24845.2,24798.3,24810.6,698,148,0
2026-03-26 15:45:00,24813.5,24856.1,24805.3,24829.2,769,148,0
2026-03-26 16:00:00,24828.2,24841.1,24811.6,24828.9,629,148,0
2026-03-26 16:15:00,24828.7,24828.7,24743.6,24754.6,721,148,0
2026-03-26 16:30:00,24755.8,24791.5,24750.6,24770.6,666,148,0
2026-03-26 16:45:00,24772.1,24779.2,24746.9,24765.6,586,148,0
2026-03-26 17:00:00,24764.0,24789.5,24761.7,24762.9,622,148,0
2026-03-26 17:15:00,24762.2,24765.5,24718.8,24734.1,532,148,0
2026-03-26 17:30:00,24732.9,24760.4,24723.6,24729.5,500,148,0
2026-03-26 17:45:00,24728.9,24735.6,24701.0,24704.6,518,148,0
2026-03-26 18:00:00,24703.6,24730.2,24703.6,24716.6,572,148,0
2026-03-26 18:15:00,24715.2,24718.5,24689.3,24693.2,517,148,0
2026-03-26 18:30:00,24695.6,24755.5,24695.6,24752.4,517,148,0
2026-03-26 18:45:00,24751.2,24766.1,24740.9,24766.1,400,148,0
2026-03-26 19:00:00,24751.9,24751.9,24703.2,24712.8,206,440,0
2026-03-26 19:15:00,24713.8,24724.8,24704.3,24708.8,205,440,0
2026-03-26 19:30:00,24708.2,24709.8,24692.2,24693.2,196,440,0
2026-03-26 19:45:00,24693.9,24696.8,24677.2,24681.2,210,440,0
2026-03-26 20:00:00,24678.2,24813.8,24663.3,24749.7,343,440,0
2026-03-26 20:15:00,24751.1,24772.7,24702.4,24727.8,399,440,0
2026-03-26 20:30:00,24729.8,24749.1,24727.3,24742.8,211,440,0
2026-03-26 20:45:00,24743.8,24743.8,24716.3,24719.3,164,440,0
2026-03-26 22:00:00,24737.9,24749.3,24711.9,24735.7,281,440,0
2026-03-26 22:15:00,24736.7,24738.8,24716.2,24728.8,162,440,0
2026-03-26 22:30:00,24728.2,24742.8,24720.3,24730.2,209,440,0
2026-03-26 22:45:00,24729.2,24751.7,24725.2,24742.8,175,440,0
2026-03-26 23:00:00,24741.2,24751.8,24729.2,24729.2,162,440,0
2026-03-26 23:15:00,24729.9,24744.8,24725.2,24738.8,155,440,0
2026-03-26 23:30:00,24739.8,24761.7,24739.2,24758.7,160,440,0
2026-03-26 23:45:00,24758.1,24767.7,24747.2,24752.8,185,440,0
2026-03-27 00:00:00,24753.8,24775.8,24749.2,24750.8,268,440,0
2026-03-27 00:15:00,24749.2,24752.8,24709.0,24713.8,359,440,0
2026-03-27 00:30:00,24714.8,24722.8,24689.3,24705.1,304,440,0
2026-03-27 01:15:00,24718.6,24809.9,24712.9,24750.4,790,148,0
2026-03-27 01:30:00,24752.4,24913.3,24738.9,24787.8,1882,148,0
2026-03-27 01:45:00,24791.4,24832.3,24712.9,24783.3,1262,148,0
2026-03-27 02:00:00,24785.3,24870.3,24776.8,24847.4,1209,148,0
2026-03-27 02:15:00,24849.4,24888.3,24770.8,24859.3,1061,148,0
2026-03-27 02:30:00,24857.8,24947.3,24837.9,24897.9,1090,148,0
2026-03-27 02:45:00,24895.8,24933.3,24847.7,24855.6,949,148,0
2026-03-27 03:00:00,24854.1,24909.6,24828.2,24884.7,869,148,0
2026-03-27 03:15:00,24883.1,24922.6,24871.1,24916.0,778,148,0
2026-03-27 03:30:00,24916.7,24979.6,24912.1,24955.8,632,148,0
2026-03-27 03:45:00,24953.8,24992.3,24928.9,24990.8,457,148,0
2026-03-27 04:00:00,24975.3,24978.8,24965.2,24975.7,141,440,0
2026-03-27 04:15:00,24975.1,24979.8,24969.2,24969.8,106,440,0
2026-03-27 05:00:00,24990.9,25069.3,24978.8,25055.8,989,148,0
2026-03-27 05:15:00,25055.4,25089.3,25037.9,25058.3,668,148,0
2026-03-27 05:30:00,25060.3,25089.3,25040.3,25079.8,709,148,0
2026-03-27 05:45:00,25080.4,25087.4,24989.8,24989.8,618,148,0
2026-03-27 06:00:00,24991.4,25005.3,24954.8,25005.3,700,148,0
2026-03-27 06:15:00,25003.8,25058.3,25002.8,25027.8,538,148,0
2026-03-27 06:30:00,25025.9,25040.3,24992.8,25014.7,541,148,0
2026-03-27 06:45:00,25012.8,25019.3,24975.9,24994.8,463,148,0
2026-03-27 07:00:00,24993.8,25011.3,24948.8,24990.4,617,148,0
2026-03-27 07:15:00,24989.8,24990.3,24947.8,24957.3,496,148,0
2026-03-27 07:30:00,24955.8,24974.4,24939.8,24955.4,463,148,0
2026-03-27 07:45:00,24953.8,24959.4,24915.8,24938.3,414,148,0
2026-03-27 08:00:00,24936.8,24946.2,24885.8,24891.8,631,148,0
2026-03-27 08:15:00,24893.4,24895.4,24819.8,24830.7,581,148,0
2026-03-27 09:15:00,24787.7,24834.9,24731.4,24829.6,765,148,0
2026-03-27 09:30:00,24827.9,24852.2,24807.6,24813.8,741,148,0
2026-03-27 09:45:00,24814.2,24814.2,24771.8,24771.8,561,148,0
2026-03-27 10:00:00,24772.6,24828.4,24761.9,24767.3,715,148,0
2026-03-27 10:15:00,24768.6,24803.2,24758.4,24775.6,509,148,0
2026-03-27 10:30:00,24777.4,24787.6,24724.0,24729.7,553,148,0
2026-03-27 10:45:00,24728.9,24731.6,24683.0,24690.6,517,148,0
2026-03-27 11:00:00,24692.1,24695.8,24647.0,24673.6,628,148,0
2026-03-27 11:15:00,24674.5,24709.9,24669.3,24705.1,535,148,0
2026-03-27 11:30:00,24703.6,24718.4,24688.3,24710.5,491,148,0
2026-03-27 11:45:00,24712.2,24742.7,24701.6,24706.6,497,148,0
2026-03-27 12:00:00,24707.6,24709.5,24661.5,24688.5,580,148,0
2026-03-27 12:15:00,24685.4,24719.2,24679.9,24709.6,614,148,0
2026-03-27 12:30:00,24707.1,24729.7,24682.0,24720.2,567,148,0
2026-03-27 12:45:00,24722.6,24742.5,24708.6,24716.6,664,148,0
2026-03-27 13:00:00,24717.9,24723.5,24676.6,24692.8,599,148,0
2026-03-27 13:15:00,24694.3,24737.5,24692.6,24729.1,685,148,0
2026-03-27 13:30:00,24732.0,24752.5,24692.4,24742.7,1284,148,0
2026-03-27 13:45:00,24743.2,24789.1,24657.1,24685.0,861,148,0
2026-03-27 14:00:00,24683.6,24712.6,24673.7,24711.6,1215,148,0
2026-03-27 14:15:00,24710.1,24762.7,24704.8,24706.7,1120,148,0
2026-03-27 14:30:00,24705.6,24740.5,24691.6,24703.6,546,148,0
2026-03-27 14:45:00,24706.4,24763.9,24693.6,24746.7,841,148,0
2026-03-27 15:00:00,24745.2,24793.9,24742.8,24755.9,757,148,0
2026-03-27 15:15:00,24755.0,24809.8,24720.9,24791.2,808,148,0
2026-03-27 15:30:00,24794.2,24827.3,24771.6,24780.6,695,148,0
2026-03-27 15:45:00,24780.7,24793.6,24738.6,24747.4,632,148,0
2026-03-27 16:00:00,24749.1,24754.6,24707.4,24723.6,515,148,0
2026-03-27 16:15:00,24723.7,24738.3,24704.6,24718.9,469,148,0
2026-03-27 16:30:00,24719.6,24728.6,24682.1,24708.9,614,148,0
2026-03-27 16:45:00,24707.7,24741.3,24695.8,24705.5,504,148,0
2026-03-27 17:00:00,24707.2,24762.9,24689.0,24700.9,446,148,0
2026-03-27 17:15:00,24700.3,24706.0,24653.9,24653.9,302,148,0
2026-03-27 17:30:00,24654.5,24672.6,24649.6,24653.5,289,148,0
2026-03-27 17:45:00,24656.5,24673.3,24646.6,24647.4,298,148,0
2026-03-27 18:00:00,24646.8,24660.6,24624.0,24632.6,288,148,0
2026-03-27 18:15:00,24630.0,24664.7,24625.6,24658.1,394,148,0
2026-03-27 18:30:00,24657.5,24681.6,24650.4,24654.4,342,156,0
2026-03-27 18:45:00,24653.8,24659.9,24634.3,24642.5,207,156,0
2026-03-27 19:00:00,24629.9,24633.8,24612.2,24624.8,143,440,0
2026-03-27 19:15:00,24624.2,24635.8,24621.2,24624.2,166,440,0
2026-03-27 19:30:00,24624.8,24632.8,24602.3,24604.9,186,440,0
2026-03-27 19:45:00,24605.8,24633.7,24590.3,24623.2,287,440,0
2026-03-29 22:00:00,24527.0,24548.1,24502.4,24548.1,299,440,0
2026-03-29 22:15:00,24547.1,24570.1,24543.1,24558.8,280,440,0
2026-03-29 22:30:00,24559.7,24564.7,24533.3,24533.3,244,440,0
2026-03-29 22:45:00,24531.3,24554.8,24523.3,24550.8,283,440,0
2026-03-29 23:00:00,24551.8,24563.8,24531.3,24535.8,273,440,0
2026-03-29 23:15:00,24534.2,24549.7,24532.2,24538.2,216,440,0
2026-03-29 23:30:00,24538.8,24542.8,24524.9,24532.9,251,440,0
2026-03-29 23:45:00,24531.3,24536.2,24507.2,24522.8,433,440,0
2026-03-30 00:00:00,24517.3,24531.7,24484.2,24515.8,458,440,0
2026-03-30 00:15:00,24517.8,24592.7,24509.2,24567.2,564,440,0
2026-03-30 00:30:00,24566.2,24575.8,24525.3,24529.3,443,440,0
2026-03-30 01:15:00,24483.1,24492.6,24315.9,24469.8,1203,148,0
2026-03-30 01:30:00,24473.3,24637.3,24468.4,24610.3,1938,148,0
2026-03-30 01:45:00,24612.3,24612.3,24498.5,24527.3,1208,148,0
2026-03-30 02:00:00,24529.3,24559.3,24492.9,24527.3,1103,148,0
2026-03-30 02:15:00,24523.8,24524.3,24427.9,24455.4,946,148,0
2026-03-30 02:30:00,24451.8,24515.3,24399.9,24504.3,929,148,0
2026-03-30 02:45:00,24506.3,24581.3,24488.8,24553.3,847,148,0
2026-03-30 03:00:00,24555.3,24669.3,24540.8,24639.4,803,148,0
2026-03-30 03:15:00,24641.4,24705.4,24621.9,24692.3,806,148,0
2026-03-30 03:30:00,24694.4,24720.7,24673.8,24710.3,646,148,0
2026-03-30 03:45:00,24708.8,24717.7,24688.9,24701.9,542,148,0
2026-03-30 04:00:00,24686.1,24696.8,24679.2,24687.2,159,440,0
2026-03-30 04:15:00,24688.8,24704.1,24685.2,24703.8,122,440,0
2026-03-30 05:00:00,24697.5,24788.3,24652.5,24684.4,1208,148,0
2026-03-30 05:15:00,24686.4,24747.3,24670.9,24690.4,912,148,0
2026-03-30 05:30:00,24692.4,24707.3,24621.9,24633.3,763,148,0
2026-03-30 05:45:00,24631.8,24668.3,24598.9,24662.3,680,148,0
2026-03-30 06:00:00,24660.8,24709.3,24651.8,24666.3,763,148,0
2026-03-30 06:15:00,24668.3,24737.3,24664.4,24726.4,636,148,0
2026-03-30 06:30:00,24726.7,24806.4,24723.9,24803.3,608,148,0
2026-03-30 06:45:00,24805.3,24817.4,24747.8,24759.4,518,148,0
2026-03-30 07:00:00,24761.4,24761.4,24700.8,24709.5,617,148,0
2026-03-30 07:15:00,24707.9,24707.9,24662.9,24675.4,531,148,0
2026-03-30 07:30:00,24677.4,24709.3,24657.8,24699.8,532,148,0
2026-03-30 07:45:00,24701.4,24747.3,24690.4,24737.8,516,148,0
2026-03-30 08:00:00,24735.8,24762.3,24715.9,24754.4,632,148,0
2026-03-30 08:15:00,24756.3,24776.3,24741.8,24757.6,382,148,0
2026-03-30 09:15:00,24762.4,24768.0,24703.9,24750.2,622,148,0
2026-03-30 09:30:00,24750.0,24759.2,24709.7,24720.6,534,148,0
2026-03-30 09:45:00,24722.3,24747.9,24713.1,24740.6,466,148,0
2026-03-30 10:00:00,24741.5,24755.8,24722.9,24746.6,510,148,0
2026-03-30 10:15:00,24746.0,24757.1,24735.7,24744.6,443,148,0
2026-03-30 10:30:00,24743.1,24749.0,24723.6,24734.6,465,148,0
2026-03-30 10:45:00,24734.0,24766.5,24730.7,24748.2,410,148,0
2026-03-30 11:00:00,24751.5,24775.3,24747.7,24762.5,414,148,0
2026-03-30 11:15:00,24761.9,24891.6,24754.7,24808.3,811,148,0
2026-03-30 11:30:00,24808.8,24820.9,24775.9,24793.2,811,148,0
2026-03-30 11:45:00,24791.2,24813.5,24771.7,24780.5,571,148,0
2026-03-30 12:00:00,24781.3,24787.5,24756.6,24766.7,537,148,0
2026-03-30 12:15:00,24767.6,24826.5,24756.9,24816.6,511,148,0
2026-03-30 12:30:00,24816.5,24836.5,24811.6,24834.5,474,148,0
2026-03-30 12:45:00,24833.6,24844.9,24826.0,24830.2,358,148,0
2026-03-30 13:00:00,24831.7,24847.6,24798.4,24828.7,547,148,0
2026-03-30 13:15:00,24828.4,24845.5,24809.0,24809.4,469,148,0
2026-03-30 13:30:00,24807.2,24835.2,24748.1,24760.2,981,148,0
2026-03-30 13:45:00,24760.4,24767.6,24688.6,24716.6,790,148,0
2026-03-30 14:00:00,24717.7,24772.6,24709.8,24767.0,841,148,0
2026-03-30 14:15:00,24766.6,24771.0,24720.9,24733.9,830,148,0
2026-03-30 14:30:00,24735.2,24774.8,24723.6,24726.6,808,148,0
2026-03-30 14:45:00,24725.1,24824.8,24714.9,24824.8,914,148,0
2026-03-30 15:00:00,24827.2,24874.6,24790.2,24790.2,762,148,0
2026-03-30 15:15:00,24790.0,24827.4,24769.6,24802.6,724,148,0
2026-03-30 15:30:00,24803.6,24874.6,24794.6,24872.7,707,148,0
2026-03-30 15:45:00,24871.6,24887.9,24841.3,24844.9,632,148,0
2026-03-30 16:00:00,24844.4,24849.6,24802.0,24819.6,644,148,0
2026-03-30 16:15:00,24821.3,24821.5,24778.7,24779.6,569,148,0
2026-03-30 16:30:00,24778.8,24796.5,24775.6,24789.6,553,148,0
2026-03-30 16:45:00,24791.2,24796.6,24769.6,24777.6,479,148,0
2026-03-30 17:00:00,24778.6,24794.1,24744.2,24749.6,582,148,0
2026-03-30 17:15:00,24748.0,24752.5,24709.2,24714.4,633,148,0
2026-03-30 17:30:00,24713.8,24755.5,24694.6,24753.1,570,148,0
2026-03-30 17:45:00,24754.2,24772.0,24711.3,24719.6,624,148,0
2026-03-30 18:00:00,24721.2,24741.0,24714.0,24736.6,529,148,0
2026-03-30 18:15:00,24738.1,24749.6,24718.9,24734.6,500,148,0
2026-03-30 18:30:00,24735.8,24751.6,24714.7,24722.6,490,148,0
2026-03-30 18:45:00,24723.5,24733.3,24696.2,24706.8,421,148,0
2026-03-30 19:00:00,24693.0,24693.0,24645.3,24646.2,207,440,0
2026-03-30 19:15:00,24646.9,24659.8,24645.2,24651.2,233,440,0
2026-03-30 19:30:00,24651.8,24685.7,24651.2,24679.8,241,440,0
2026-03-30 19:45:00,24678.2,24707.7,24670.8,24705.7,281,440,0
2026-03-30 20:00:00,24706.1,24706.1,24672.2,24674.8,208,440,0
2026-03-30 20:15:00,24674.2,24680.8,24673.2,24679.2,89,440,0
2026-03-30 20:30:00,24679.8,24681.8,24676.2,24681.8,70,440,0
2026-03-30 20:45:00,24682.8,24682.8,24676.2,24681.1,78,440,0
2026-03-30 22:00:00,24669.9,24683.8,24665.2,24670.2,166,440,0
2026-03-30 22:15:00,24670.8,24677.8,24669.2,24674.8,120,440,0
2026-03-30 22:30:00,24674.2,24676.8,24664.2,24669.2,123,440,0
2026-03-30 22:45:00,24669.8,24672.8,24664.2,24664.8,111,440,0
2026-03-30 23:00:00,24663.2,24663.2,24617.9,24637.8,292,440,0
2026-03-30 23:15:00,24637.2,24653.8,24634.2,24643.2,182,440,0
2026-03-30 23:30:00,24644.7,24645.8,24633.2,24638.2,184,440,0
2026-03-30 23:45:00,24637.9,24646.8,24627.2,24646.8,227,440,0
2026-03-31 00:00:00,24647.1,24668.7,24616.2,24622.2,387,440,0
2026-03-31 00:15:00,24623.8,24626.8,24593.3,24620.8,345,440,0
2026-03-31 00:30:00,24621.1,24698.7,24606.2,24697.7,470,440,0
2026-03-31 01:15:00,24695.3,24837.3,24674.4,24812.4,918,148,0
2026-03-31 01:30:00,24811.0,24989.0,24796.9,24926.6,2030,148,0
2026-03-31 01:45:00,24924.6,24935.7,24777.6,24813.1,1377,148,0
2026-03-31 02:00:00,24811.5,24882.6,24735.7,24832.1,1194,148,0
2026-03-31 02:15:00,24833.6,24882.6,24804.1,24807.1,1202,148,0
2026-03-31 02:30:00,24805.1,24809.6,24690.1,24709.0,969,148,0
2026-03-31 02:45:00,24708.0,24752.7,24670.1,24673.5,894,148,0
2026-03-31 03:00:00,24672.1,24716.6,24655.1,24671.7,868,148,0
2026-03-31 03:15:00,24671.1,24681.6,24625.1,24648.6,773,148,0
2026-03-31 03:30:00,24647.1,24660.7,24626.7,24628.6,603,148,0
2026-03-31 03:45:00,24630.6,24638.6,24604.1,24617.7,484,148,0
2026-03-31 04:00:00,24603.0,24608.8,24598.2,24600.2,169,440,0
2026-03-31 04:15:00,24599.2,24610.8,24587.3,24589.2,180,440,0
2026-03-31 05:00:00,24609.8,24656.3,24568.8,24568.8,846,148,0
2026-03-31 05:15:00,24569.4,24661.3,24542.9,24632.8,748,148,0
2026-03-31 05:30:00,24634.4,24675.3,24619.9,24644.8,781,148,0
2026-03-31 05:45:00,24647.3,24741.3,24643.8,24681.4,752,148,0
2026-03-31 06:00:00,24678.9,24683.4,24632.9,24638.4,720,148,0
2026-03-31 06:15:00,24636.8,24665.7,24613.8,24645.8,673,148,0
2026-03-31 06:30:00,24643.8,24674.3,24618.9,24630.8,682,148,0
2026-03-31 06:45:00,24632.4,24690.4,24623.8,24683.7,543,148,0
2026-03-31 07:00:00,24685.3,24743.1,24655.9,24662.8,754,148,0
2026-03-31 07:15:00,24663.4,24729.3,24661.8,24720.8,647,148,0
2026-03-31 07:30:00,24722.3,24751.3,24697.5,24746.9,568,148,0
2026-03-31 07:45:00,24745.8,24764.3,24732.8,24764.3,512,148,0
2026-03-31 08:00:00,24766.3,24792.3,24735.8,24739.4,559,148,0
2026-03-31 08:15:00,24740.4,24768.3,24736.9,24745.3,436,148,0
2026-03-31 09:15:00,24739.6,24771.1,24727.8,24737.2,593,148,0
2026-03-31 09:30:00,24734.3,24741.6,24703.7,24733.6,631,148,0
2026-03-31 09:45:00,24732.1,24756.6,24715.6,24724.8,529,148,0
2026-03-31 10:00:00,24725.5,24760.8,24722.9,24738.6,538,148,0
2026-03-31 10:15:00,24738.8,24749.3,24718.6,24746.6,493,148,0
2026-03-31 10:30:00,24747.5,24753.4,24659.4,24671.5,590,148,0
2026-03-31 10:45:00,24670.7,24723.5,24664.0,24720.6,510,148,0
2026-03-31 11:00:00,24721.1,24833.4,24704.6,24778.9,944,148,0
2026-03-31 11:15:00,24778.8,24843.8,24764.5,24797.2,1065,148,0
2026-03-31 11:30:00,24796.6,24824.8,24771.6,24824.8,703,148,0
2026-03-31 11:45:00,24824.9,24824.9,24784.0,24812.6,743,148,0
2026-03-31 12:00:00,24815.4,24866.6,24792.4,24794.1,766,148,0
2026-03-31 12:15:00,24794.2,24855.7,24775.0,24850.9,785,148,0
2026-03-31 12:30:00,24852.4,24880.4,24839.2,24876.8,614,156,0
2026-03-31 12:45:00,24878.1,24885.7,24834.2,24834.6,509,148,0
2026-03-31 13:00:00,24835.9,24863.7,24821.4,24849.0,562,148,0
2026-03-31 13:15:00,24849.6,24884.5,24848.6,24855.7,468,148,0
2026-03-31 13:30:00,24853.9,24900.4,24799.0,24854.1,1015,148,0
2026-03-31 13:45:00,24856.6,24940.6,24856.6,24937.6,768,148,0
2026-03-31 14:00:00,24937.8,24978.4,24929.9,24974.3,807,148,0
2026-03-31 14:15:00,24974.2,25029.6,24965.8,25022.5,848,148,0
2026-03-31 14:30:00,25024.0,25047.6,24936.4,24944.1,837,148,0
2026-03-31 14:45:00,24943.6,24946.6,24850.0,24871.9,809,148,0
2026-03-31 15:00:00,24873.3,25006.4,24871.7,25003.7,818,148,0
2026-03-31 15:15:00,25005.1,25010.6,24925.3,24925.3,838,148,0
2026-03-31 15:30:00,24926.5,24946.3,24896.0,24923.6,818,148,0
2026-03-31 15:45:00,24922.8,24937.4,24876.4,24881.5,768,148,0
2026-03-31 16:00:00,24881.0,24927.6,24874.0,24910.8,684,148,0
2026-03-31 16:15:00,24909.6,24949.0,24893.8,24928.6,614,148,0
2026-03-31 16:30:00,24927.0,25210.1,24919.8,25161.8,1232,148,0
2026-03-31 16:45:00,25159.3,25175.4,25078.4,25119.6,1656,148,0
2026-03-31 17:00:00,25119.3,25169.5,25097.4,25144.6,1067,148,0
2026-03-31 17:15:00,25143.9,25181.9,25143.9,25164.6,873,148,0
2026-03-31 17:30:00,25166.3,25206.9,25159.5,25180.8,983,148,0
2026-03-31 17:45:00,25181.2,25193.6,25138.4,25145.8,737,148,0
2026-03-31 18:00:00,25146.6,25182.5,25144.6,25174.6,692,148,0
2026-03-31 18:15:00,25173.3,25190.0,25137.4,25154.6,652,148,0
2026-03-31 18:30:00,25154.0,25190.5,25133.6,25174.6,667,148,0
2026-03-31 18:45:00,25176.3,25199.5,25164.2,25179.8,522,148,0
2026-03-31 19:00:00,25164.1,25179.8,25149.3,25179.8,201,440,0
2026-03-31 19:15:00,25180.7,25189.8,25173.2,25178.2,204,440,0
2026-03-31 19:30:00,25179.8,25209.7,25179.8,25207.2,203,440,0
2026-03-31 19:45:00,25206.2,25246.7,25203.2,25242.8,319,440,0
2026-03-31 20:00:00,25241.2,25255.8,25226.2,25254.7,272,440,0
2026-03-31 20:15:00,25254.1,25260.8,25248.3,25253.8,139,440,0
2026-03-31 20:30:00,25253.2,25254.8,25238.3,25240.3,118,440,0
2026-03-31 20:45:00,25241.8,25242.8,25224.2,25225.8,121,440,0
2026-03-31 22:00:00,25221.9,25251.8,25219.3,25251.1,237,440,0
2026-03-31 22:15:00,25249.2,25252.7,25238.8,25247.8,189,440,0
2026-03-31 22:30:00,25247.1,25248.8,25233.1,25237.8,140,440,0
2026-03-31 22:45:00,25238.8,25240.8,25228.2,25240.8,116,440,0
2026-03-31 23:00:00,25240.2,25241.1,25231.2,25237.2,169,440,0
2026-03-31 23:15:00,25236.2,25245.8,25233.3,25240.2,127,440,0
2026-03-31 23:30:00,25238.2,25254.1,25236.2,25236.8,220,440,0
2026-03-31 23:45:00,25237.8,25280.8,25236.2,25280.8,244,440,0
2026-04-01 00:00:00,25278.4,25280.7,25255.3,25261.2,335,440,0
2026-04-01 00:15:00,25262.8,25262.8,25244.3,25250.2,299,440,0
2026-04-01 00:30:00,25250.8,25255.1,25229.2,25254.8,257,440,0
2026-04-01 01:15:00,25292.7,25393.6,25262.7,25393.6,976,148,0
2026-04-01 01:30:00,25392.4,25399.2,25246.9,25295.8,1496,148,0
2026-04-01 01:45:00,25295.9,25312.3,25228.8,25243.4,1069,148,0
2026-04-01 02:00:00,25245.2,25298.3,25239.4,25291.8,1025,148,0
2026-04-01 02:15:00,25289.8,25291.3,25238.9,25246.9,828,148,0
2026-04-01 02:30:00,25247.4,25254.3,25193.9,25231.7,806,148,0
2026-04-01 02:45:00,25233.3,25334.3,25230.8,25300.9,771,148,0
2026-04-01 03:00:00,25302.4,25340.3,25278.9,25334.8,690,148,0
2026-04-01 03:15:00,25333.8,25342.3,25305.8,25320.8,627,148,0
2026-04-01 03:30:00,25322.4,25336.3,25286.4,25292.8,423,148,0
2026-04-01 03:45:00,25290.8,25299.3,25254.8,25263.8,331,148,0
2026-04-01 04:00:00,25249.3,25252.8,25245.2,25248.8,99,440,0
2026-04-01 04:15:00,25248.2,25258.8,25247.2,25256.8,97,440,0
2026-04-01 05:00:00,25262.1,25310.3,25238.8,25307.7,725,148,0
2026-04-01 05:15:00,25309.3,25359.3,25299.4,25358.3,679,148,0
2026-04-01 05:30:00,25360.3,25362.3,25306.9,25328.8,636,148,0
2026-04-01 05:45:00,25328.4,25330.7,25255.9,25258.4,545,148,0
2026-04-01 06:00:00,25260.4,25319.4,25258.9,25316.7,576,148,0
2026-04-01 06:15:00,25314.8,25418.3,25312.4,25397.8,536,148,0
2026-04-01 06:30:00,25397.4,25409.3,25354.8,25369.4,687,148,0
2026-04-01 06:45:00,25370.4,25396.4,25350.9,25363.4,612,148,0
2026-04-01 07:00:00,25366.1,25375.3,25322.9,25332.4,683,148,0
2026-04-01 07:15:00,25334.4,25370.3,25328.9,25358.8,538,148,0
2026-04-01 07:30:00,25361.4,25361.4,25325.9,25343.4,575,148,0
2026-04-01 07:45:00,25342.8,25342.8,25229.9,25252.0,649,148,0
2026-04-01 08:00:00,25253.4,25259.3,25210.9,25220.4,595,148,0
2026-04-01 08:15:00,25221.4,25290.7,25213.8,25281.4,429,148,0
2026-04-01 09:15:00,25251.8,25251.8,25195.6,25229.8,683,148,0
2026-04-01 09:30:00,25229.5,25257.7,25229.5,25233.1,556,148,0
2026-04-01 09:45:00,25234.4,25277.6,25234.4,25266.6,580,148,0
2026-04-01 10:00:00,25267.0,25278.6,25239.5,25253.6,550,148,0
2026-04-01 10:15:00,25253.4,25273.0,25242.0,25268.1,539,148,0
2026-04-01 10:30:00,25269.1,25286.0,25252.3,25276.8,480,148,0
2026-04-01 10:45:00,25276.6,25314.7,25275.4,25308.6,486,148,0
2026-04-01 11:00:00,25305.1,25326.4,25298.6,25323.5,411,148,0
2026-04-01 11:15:00,25325.2,25328.9,25294.1,25309.6,428,148,0
2026-04-01 11:30:00,25311.3,25336.5,25307.8,25329.6,442,148,0
2026-04-01 11:45:00,25330.4,25348.5,25319.6,25334.1,373,148,0
2026-04-01 12:00:00,25332.8,25337.6,25298.7,25308.6,439,148,0
2026-04-01 12:15:00,25309.6,25314.6,25256.6,25265.7,438,148,0
2026-04-01 12:30:00,25268.8,25395.1,25257.7,25329.9,610,148,0
2026-04-01 12:45:00,25339.5,25372.2,25240.6,25252.4,1138,148,0
2026-04-01 13:00:00,25253.6,25288.5,25225.1,25275.9,701,148,0
2026-04-01 13:15:00,25276.3,25305.9,25274.9,25302.5,616,148,0
2026-04-01 13:30:00,25301.4,25432.4,25299.1,25332.9,1062,148,0
2026-04-01 13:45:00,25331.7,25341.2,25286.8,25316.2,876,156,0
2026-04-01 14:00:00,25314.1,25329.0,25275.6,25309.2,906,156,0
2026-04-01 14:15:00,25306.9,25350.2,25298.7,25348.2,841,156,0
2026-04-01 14:30:00,25348.4,25369.0,25283.7,25350.8,895,156,0
2026-04-01 14:45:00,25352.1,25403.9,25328.1,25398.6,682,148,0
2026-04-01 15:00:00,25400.1,25417.1,25388.6,25392.6,606,148,0
2026-04-01 15:15:00,25392.9,25427.5,25361.4,25366.8,642,148,0
2026-04-01 15:30:00,25366.6,25419.2,25345.8,25414.6,678,148,0
2026-04-01 15:45:00,25413.6,25449.1,25405.4,25426.5,535,148,0
2026-04-01 16:00:00,25425.3,25439.7,25405.7,25407.3,558,148,0
2026-04-01 16:15:00,25407.6,25417.6,25374.6,25379.6,527,148,0
2026-04-01 16:30:00,25378.0,25411.3,25374.6,25411.3,490,148,0
2026-04-01 16:45:00,25410.6,25443.5,25409.6,25438.5,381,148,0
2026-04-01 17:00:00,25438.3,25461.6,25430.9,25455.8,405,148,0
2026-04-01 17:15:00,25455.6,25456.6,25433.6,25435.8,353,148,0
2026-04-01 17:30:00,25437.6,25442.6,25419.7,25425.6,399,148,0
2026-04-01 17:45:00,25425.9,25430.8,25378.6,25380.6,473,148,0
2026-04-01 18:00:00,25379.5,25383.7,25341.5,25341.5,624,148,0
2026-04-01 18:15:00,25342.4,25342.4,25281.0,25283.4,675,148,0
2026-04-01 18:30:00,25283.6,25312.5,25257.7,25298.5,690,148,0
2026-04-01 18:45:00,25298.2,25304.6,25278.7,25290.4,563,148,0
2026-04-01 19:00:00,25275.9,25298.8,25271.2,25298.1,202,440,0
2026-04-01 19:15:00,25298.8,25322.8,25297.2,25322.8,165,440,0
2026-04-01 19:30:00,25323.7,25339.7,25316.2,25331.1,212,440,0
2026-04-01 19:45:00,25330.2,25333.7,25302.3,25309.8,265,440,0
2026-04-01 20:00:00,25311.8,25322.7,25307.2,25313.2,157,440,0
2026-04-01 20:15:00,25312.2,25312.8,25303.3,25305.8,81,440,0
2026-04-01 20:30:00,25306.8,25315.8,25305.2,25312.8,53,440,0
2026-04-01 20:45:00,25312.2,25317.8,25312.2,25312.8,73,440,0
2026-04-01 22:00:00,25318.9,25330.8,25305.1,25309.1,137,440,0
2026-04-01 22:15:00,25308.2,25313.8,25303.3,25313.8,109,440,0
2026-04-01 22:30:00,25313.1,25315.8,25309.2,25313.2,101,440,0
2026-04-01 22:45:00,25313.8,25313.8,25294.3,25305.2,151,440,0
2026-04-01 23:00:00,25305.8,25323.7,25301.2,25322.2,152,440,0
2026-04-01 23:15:00,25321.2,25322.8,25314.2,25322.1,120,440,0
2026-04-01 23:30:00,25323.7,25323.8,25311.2,25314.2,132,440,0
2026-04-01 23:45:00,25315.8,25318.8,25297.2,25311.1,228,440,0
2026-04-02 00:00:00,25312.7,25314.1,25290.2,25294.8,316,440,0
2026-04-02 00:15:00,25295.8,25307.2,25283.2,25286.3,279,440,0
2026-04-02 00:30:00,25284.3,25329.7,25278.9,25328.1,308,440,0
2026-04-02 01:15:00,25270.8,25270.8,25109.5,25157.5,1464,148,0
2026-04-02 01:30:00,25153.9,25217.3,25088.8,25093.8,2010,148,0
2026-04-02 01:45:00,25091.8,25110.3,25002.9,25039.4,1361,148,0
2026-04-02 02:00:00,25035.9,25071.3,24992.9,25029.4,1177,148,0
2026-04-02 02:15:00,25025.8,25064.3,24991.9,25001.8,928,148,0
2026-04-02 02:30:00,25001.5,25028.3,24979.8,25008.4,866,148,0
2026-04-02 02:45:00,25007.8,25046.3,25005.4,25008.8,758,148,0
2026-04-02 03:00:00,25006.9,25049.3,24985.9,25025.8,667,148,0
2026-04-02 03:15:00,25026.4,25054.3,25010.9,25022.8,579,148,0
2026-04-02 03:30:00,25024.4,25031.4,24973.9,24998.8,480,148,0
2026-04-02 03:45:00,25000.4,25005.3,24970.8,24985.7,405,148,0
2026-04-02 04:00:00,24971.8,24978.8,24961.1,24962.8,215,440,0
2026-04-02 04:15:00,24962.1,24975.7,24955.2,24955.2,160,440,0
2026-04-02 05:00:00,24969.8,24976.8,24898.9,24903.4,716,148,0
2026-04-02 05:15:00,24903.8,24945.3,24877.8,24933.8,618,148,0
2026-04-02 05:30:00,24932.8,24951.4,24897.8,24934.8,653,148,0
2026-04-02 05:45:00,24933.8,24933.8,24879.8,24880.4,522,148,0
2026-04-02 06:00:00,24882.3,24919.3,24879.8,24917.4,591,148,0
2026-04-02 06:15:00,24916.7,24972.3,24910.7,24956.3,604,148,0
2026-04-02 06:30:00,24954.0,24964.4,24923.8,24948.3,513,148,0
2026-04-02 06:45:00,24946.8,24976.3,24934.8,24968.8,437,148,0
2026-04-02 07:00:00,24969.3,25039.3,24967.8,25015.4,569,148,0
2026-04-02 07:15:00,25016.4,25070.3,25014.8,25068.7,519,148,0
2026-04-02 07:30:00,25070.3,25080.3,25014.8,25018.4,464,148,0
2026-04-02 07:45:00,25017.8,25076.3,25016.8,25075.4,448,148,0
2026-04-02 08:00:00,25077.3,25097.3,25061.9,25079.4,482,148,0
2026-04-02 08:15:00,25077.8,25081.4,25050.8,25071.4,358,148,0
2026-04-02 09:15:00,25057.9,25077.2,25039.5,25058.4,459,148,0
2026-04-02 09:30:00,25060.3,25063.6,25036.0,25051.5,431,148,0
2026-04-02 09:45:00,25050.5,25068.6,25040.6,25060.6,437,148,0
2026-04-02 10:00:00,25061.2,25061.6,25014.2,25015.6,506,148,0
2026-04-02 10:15:00,25015.0,25020.2,24986.3,24991.2,422,148,0
2026-04-02 10:30:00,24991.6,25009.3,24980.6,24999.6,474,148,0
2026-04-02 10:45:00,25000.9,25011.8,24985.6,25002.0,470,148,0
2026-04-02 11:00:00,25000.6,25008.8,24982.8,24992.6,522,148,0
2026-04-02 11:15:00,24991.0,24992.2,24959.7,24964.6,480,148,0
2026-04-02 11:30:00,24963.6,24981.2,24945.3,24955.4,435,148,0
2026-04-02 11:45:00,24953.9,24972.6,24936.8,24936.9,433,148,0
2026-04-02 12:00:00,24938.7,24954.6,24909.8,24914.6,596,148,0
2026-04-02 12:15:00,24917.5,24981.3,24911.6,24976.5,518,148,0
2026-04-02 12:30:00,24974.9,24992.6,24960.9,24972.6,550,148,0
2026-04-02 12:45:00,24974.1,25003.5,24954.2,24958.6,631,148,0
2026-04-02 13:00:00,24960.1,24988.6,24935.7,24940.6,686,148,0
2026-04-02 13:15:00,24939.1,24952.7,24914.4,24941.2,623,148,0
2026-04-02 13:30:00,24942.2,24969.4,24908.0,24959.5,1060,148,0
2026-04-02 13:45:00,24958.7,25060.5,24953.7,25056.3,846,148,0
2026-04-02 14:00:00,25058.5,25072.4,25028.6,25060.5,799,148,0
2026-04-02 14:15:00,25060.8,25108.9,25054.6,25059.8,760,148,0
2026-04-02 14:30:00,25057.6,25299.8,25050.8,25274.6,1348,148,0
2026-04-02 14:45:00,25273.8,25279.0,25199.2,25256.7,1151,148,0
2026-04-02 15:00:00,25256.5,25256.5,25196.4,25220.7,980,148,0
2026-04-02 15:15:00,25222.3,25229.5,25134.9,25162.6,927,148,0
2026-04-02 15:30:00,25164.1,25202.2,25148.6,25178.6,853,148,0
2026-04-02 15:45:00,25180.1,25180.1,25109.6,25139.6,789,148,0
2026-04-02 16:00:00,25139.0,25155.8,25104.9,25131.5,712,148,0
2026-04-02 16:15:00,25130.3,25147.2,25104.6,25134.6,722,148,0
2026-04-02 16:30:00,25133.1,25191.7,25125.6,25179.5,783,148,0
2026-04-02 16:45:00,25181.3,25188.0,25151.7,25152.6,552,148,0
2026-04-02 17:00:00,25151.0,25201.9,25137.6,25197.6,588,148,0
2026-04-02 17:15:00,25199.2,25231.6,25194.3,25216.6,538,148,0
2026-04-02 17:30:00,25214.7,25219.0,25190.1,25196.6,523,148,0
2026-04-02 17:45:00,25195.6,25196.6,25144.4,25165.6,602,148,0
2026-04-02 18:00:00,25167.3,25203.1,25167.3,25187.2,554,148,0
2026-04-02 18:15:00,25188.3,25199.1,25174.3,25185.4,506,148,0
2026-04-02 18:30:00,25185.6,25216.8,25182.5,25212.1,458,148,0
2026-04-02 18:45:00,25212.5,25234.6,25205.8,25215.0,441,148,0
2026-04-08 01:15:00,25843.3,26065.0,25819.9,25885.0,1855,151,0
2026-04-08 01:30:00,25887.0,25890.0,25705.9,25809.3,2668,148,0
2026-04-08 01:45:00,25811.3,25837.3,25724.9,25731.9,1577,148,0
2026-04-08 02:00:00,25733.4,25874.3,25723.9,25740.4,1308,148,0
2026-04-08 02:15:00,25738.8,25754.3,25665.9,25743.3,965,148,0
2026-04-08 02:30:00,25745.3,25837.0,25745.3,25806.8,949,148,0
2026-04-08 02:45:00,25807.8,25840.3,25786.9,25799.8,903,148,0
2026-04-08 03:00:00,25803.4,25818.3,25762.9,25800.4,871,148,0
2026-04-08 03:15:00,25798.8,25811.3,25706.9,25737.3,778,148,0
2026-04-08 03:30:00,25735.8,25818.4,25730.4,25814.7,675,148,0
2026-04-08 03:45:00,25812.8,25863.3,25809.8,25831.7,595,148,0
2026-04-08 04:00:00,25817.0,25834.7,25816.4,25833.2,165,440,0
2026-04-08 04:15:00,25833.8,25842.1,25831.2,25839.1,152,440,0
2026-04-08 05:00:00,25852.3,25910.3,25814.9,25858.3,1112,148,0
2026-04-08 05:15:00,25857.8,25909.4,25838.8,25884.8,772,148,0
2026-04-08 05:30:00,25886.3,25911.3,25864.9,25894.8,771,148,0
2026-04-08 05:45:00,25895.8,25917.4,25861.9,25867.4,670,148,0
2026-04-08 06:00:00,25868.4,25890.3,25844.8,25870.7,683,148,0
2026-04-08 06:15:00,25868.8,25906.1,25852.4,25902.3,562,148,0
2026-04-08 06:30:00,25900.8,25939.3,25891.8,25921.8,571,148,0
2026-04-08 06:45:00,25923.4,25942.3,25873.5,25886.8,579,148,0
2026-04-08 07:00:00,25888.4,25892.4,25806.9,25812.9,760,148,0
2026-04-08 07:15:00,25814.4,25895.3,25807.8,25870.8,659,148,0
2026-04-08 07:30:00,25868.9,25868.9,25800.8,25861.7,729,148,0
2026-04-08 07:45:00,25863.4,25896.3,25836.8,25895.3,574,148,0
2026-04-08 08:00:00,25894.7,25906.4,25878.4,25886.8,613,148,0
2026-04-08 08:15:00,25888.4,25932.3,25878.8,25924.4,506,148,0
2026-04-08 09:15:00,25961.1,25983.7,25932.2,25933.6,581,148,0
2026-04-08 09:30:00,25935.0,25946.6,25882.3,25887.2,602,148,0
2026-04-08 09:45:00,25889.5,25945.2,25879.4,25911.6,638,148,0
2026-04-08 10:00:00,25911.0,25923.0,25890.6,25895.6,522,148,0
2026-04-08 10:15:00,25897.2,25911.1,25882.4,25906.5,463,148,0
2026-04-08 10:30:00,25906.8,25934.5,25906.6,25932.8,402,148,0
2026-04-08 10:45:00,25933.6,25944.6,25919.5,25926.7,360,148,0
2026-04-08 11:00:00,25925.1,25926.6,25897.6,25917.5,485,148,0
2026-04-08 11:15:00,25918.6,25988.1,25913.1,25977.0,551,148,0
2026-04-08 11:30:00,25976.6,25977.9,25923.1,25954.0,720,148,0
2026-04-08 11:45:00,25952.7,25994.5,25950.2,25973.6,627,148,0
2026-04-08 12:00:00,25975.0,26048.5,25972.9,26043.7,634,148,0
2026-04-08 12:15:00,26044.4,26048.6,25924.8,25994.5,984,148,0
2026-04-08 12:30:00,25993.4,26042.7,25989.7,26037.3,654,148,0
2026-04-08 12:45:00,26035.8,26050.9,25993.3,25995.2,579,148,0
2026-04-08 13:00:00,25994.6,26029.1,25988.6,26014.9,606,148,0
2026-04-08 13:15:00,26014.6,26023.6,25988.6,26011.2,601,148,0
2026-04-08 13:30:00,26014.3,26054.0,25908.3,25921.3,1200,148,0
2026-04-08 13:45:00,25922.9,25971.1,25882.0,25907.0,920,156,0
2026-04-08 14:00:00,25903.4,25928.0,25858.8,25921.7,888,156,0
2026-04-08 14:15:00,25922.7,25936.0,25859.7,25865.0,877,148,0
2026-04-08 14:30:00,25866.5,25875.3,25828.4,25850.4,932,148,0
2026-04-08 14:45:00,25850.1,25867.0,25784.4,25830.8,941,148,0
2026-04-08 15:00:00,25833.1,25860.1,25808.8,25849.0,773,156,0
2026-04-08 15:15:00,25847.7,25890.4,25840.3,25863.7,667,156,0
2026-04-08 15:30:00,25864.0,25900.7,25850.3,25891.9,679,156,0
2026-04-08 15:45:00,25893.9,25916.5,25893.4,25906.5,521,148,0
2026-04-08 16:00:00,25905.0,25932.6,25899.5,25901.4,519,148,0
2026-04-08 16:15:00,25903.0,25911.1,25891.2,25905.8,590,148,0
2026-04-08 16:30:00,25908.3,25945.8,25899.3,25940.6,474,148,0
2026-04-08 16:45:00,25938.9,25960.7,25935.6,25957.6,387,148,0
2026-04-08 17:00:00,25959.8,25969.5,25943.6,25959.5,398,148,0
2026-04-08 17:15:00,25960.5,25964.6,25893.2,25909.2,605,148,0
2026-04-08 17:30:00,25908.0,25924.5,25880.6,25908.2,634,148,0
2026-04-08 17:45:00,25907.0,25926.2,25904.2,25922.2,425,148,0
2026-04-08 18:00:00,25914.1,25949.4,25907.1,25947.1,412,156,0
2026-04-08 18:15:00,25948.2,25960.2,25857.1,25893.2,877,148,0
2026-04-08 18:30:00,25894.2,25912.2,25847.5,25850.7,637,156,0
2026-04-08 18:45:00,25853.2,25873.3,25817.5,25831.1,591,148,0
2026-04-08 19:00:00,25818.0,25851.7,25815.8,25847.1,222,440,0
2026-04-08 19:15:00,25847.8,25853.8,25828.2,25834.1,201,440,0
2026-04-08 19:30:00,25834.8,25871.7,25834.8,25866.7,225,440,0
2026-04-08 19:45:00,25866.2,25879.0,25808.1,25857.9,252,440,0
2026-04-08 20:00:00,25856.3,25859.8,25843.3,25844.2,153,440,0
2026-04-08 20:15:00,25844.9,25848.8,25838.3,25838.9,85,440,0
2026-04-08 20:30:00,25839.8,25840.2,25831.3,25831.3,45,440,0
2026-04-08 20:45:00,25831.9,25839.9,25829.2,25838.2,66,440,0
2026-04-08 22:00:00,25841.9,25857.2,25841.2,25841.2,173,440,0
2026-04-08 22:15:00,25841.9,25846.8,25828.2,25831.9,165,440,0
2026-04-08 22:30:00,25832.8,25846.8,25832.2,25832.3,138,440,0
2026-04-08 22:45:00,25832.9,25834.8,25829.2,25831.8,75,440,0
2026-04-08 23:00:00,25831.2,25844.8,25829.3,25839.8,116,440,0
2026-04-08 23:15:00,25839.2,25842.8,25830.2,25830.2,117,440,0
2026-04-08 23:30:00,25830.8,25833.8,25819.2,25820.2,136,440,0
2026-04-08 23:45:00,25820.9,25831.9,25817.3,25821.2,200,440,0
2026-04-09 00:00:00,25818.0,25822.8,25797.2,25819.2,298,440,0
2026-04-09 00:15:00,25817.2,25831.8,25813.5,25816.2,260,440,0
2026-04-09 00:30:00,25816.8,25830.7,25810.2,25814.8,225,440,0
2026-04-09 01:15:00,25758.4,25772.4,25703.9,25710.8,767,148,0
2026-04-09 01:30:00,25708.9,25734.3,25646.9,25658.4,1401,148,0
2026-04-09 01:45:00,25656.8,25741.0,25636.8,25714.7,922,148,0
2026-04-09 02:00:00,25716.3,25755.4,25696.9,25739.3,878,148,0
2026-04-09 02:15:00,25737.8,25783.3,25703.8,25733.3,772,148,0
2026-04-09 02:30:00,25735.3,25791.3,25726.8,25785.3,758,148,0
2026-04-09 02:45:00,25784.7,25835.4,25770.9,25802.9,646,148,0
2026-04-09 03:00:00,25802.5,25828.3,25772.9,25778.8,662,148,0
2026-04-09 03:15:00,25777.8,25782.3,25751.8,25775.8,590,148,0
2026-04-09 03:30:00,25776.4,25812.3,25776.4,25793.8,414,148,0
2026-04-09 03:45:00,25792.9,25805.3,25781.8,25788.9,357,148,0
2026-04-09 04:00:00,25774.4,25777.7,25763.1,25768.9,101,440,0
2026-04-09 04:15:00,25769.8,25769.8,25760.2,25764.8,98,440,0
2026-04-09 05:00:00,25777.7,25821.3,25748.9,25763.4,758,148,0
2026-04-09 05:15:00,25765.4,25830.4,25739.9,25830.4,598,148,0
2026-04-09 05:30:00,25831.3,25847.4,25802.9,25846.4,641,148,0
2026-04-09 05:45:00,25848.3,25848.3,25765.9,25782.8,569,148,0
2026-04-09 06:00:00,25784.3,25823.4,25771.9,25807.8,600,148,0
2026-04-09 06:15:00,25807.4,25808.3,25766.8,25781.7,497,148,0
2026-04-09 06:30:00,25779.8,25793.4,25763.9,25785.4,515,148,0
2026-04-09 06:45:00,25785.7,25793.3,25762.9,25791.8,443,148,0
2026-04-09 07:00:00,25793.3,25806.7,25757.9,25770.3,537,148,0
2026-04-09 07:15:00,25768.8,25768.8,25705.8,25715.8,544,148,0
2026-04-09 07:30:00,25717.4,25730.7,25677.9,25696.8,474,148,0
2026-04-09 07:45:00,25698.4,25719.3,25676.9,25717.4,447,148,0
2026-04-09 08:00:00,25719.3,25719.7,25697.8,25703.8,462,148,0
2026-04-09 08:15:00,25705.4,25711.4,25688.9,25696.8,350,148,0
2026-04-09 09:15:00,25704.3,25725.7,25692.1,25701.9,469,148,0
2026-04-09 09:30:00,25701.1,25701.4,25669.6,25682.6,429,148,0
2026-04-09 09:45:00,25681.7,25696.4,25670.6,25692.6,370,148,0
2026-04-09 10:00:00,25693.3,25709.8,25686.6,25692.3,458,148,0
2026-04-09 10:15:00,25691.9,25708.1,25683.6,25699.6,435,148,0
2026-04-09 10:30:00,25700.5,25707.7,25686.9,25703.8,379,148,0
2026-04-09 10:45:00,25705.3,25705.3,25656.6,25658.1,470,148,0
2026-04-09 11:00:00,25657.6,25670.6,25645.6,25659.2,510,148,0
2026-04-09 11:15:00,25657.9,25673.5,25656.6,25671.3,395,148,0
2026-04-09 11:30:00,25672.5,25722.6,25671.6,25721.8,427,148,0
2026-04-09 11:45:00,25722.6,25735.3,25717.6,25729.6,454,148,0
2026-04-09 12:00:00,25728.6,25738.6,25715.3,25715.6,388,148,0
2026-04-09 12:15:00,25715.1,25719.6,25699.5,25705.8,359,148,0
2026-04-09 12:30:00,25706.5,25730.5,25684.4,25704.6,698,148,0
2026-04-09 12:45:00,25704.4,25716.9,25677.7,25711.6,526,148,0
2026-04-09 13:00:00,25712.2,25719.6,25686.7,25704.2,570,148,0
2026-04-09 13:15:00,25705.5,25732.5,25698.6,25716.0,478,148,0
2026-04-09 13:30:00,25712.9,25790.6,25703.9,25768.6,925,148,0
2026-04-09 13:45:00,25771.3,25775.4,25708.1,25717.6,788,148,0
2026-04-09 14:00:00,25719.1,25730.5,25694.0,25715.6,780,148,0
2026-04-09 14:15:00,25716.0,25716.0,25631.8,25648.1,755,148,0
2026-04-09 14:30:00,25644.9,25667.6,25621.7,25648.7,652,148,0
2026-04-09 14:45:00,25648.5,25689.9,25637.5,25671.2,668,148,0
2026-04-09 15:00:00,25670.2,25675.9,25636.3,25670.6,651,148,0
2026-04-09 15:15:00,25671.6,25759.2,25671.6,25746.5,724,148,0
2026-04-09 15:30:00,25748.1,25834.5,25742.9,25821.3,949,148,0
2026-04-09 15:45:00,25822.2,25883.6,25809.5,25878.2,680,148,0
2026-04-09 16:00:00,25877.6,25906.5,25870.6,25882.5,661,148,0
2026-04-09 16:15:00,25881.3,25905.6,25872.3,25893.0,568,148,0
2026-04-09 16:30:00,25892.6,25896.6,25857.0,25877.0,538,148,0
2026-04-09 16:45:00,25876.2,25900.5,25856.6,25892.5,539,148,0
2026-04-09 17:00:00,25893.5,25908.9,25884.0,25903.7,503,148,0
2026-04-09 17:15:00,25902.7,25924.2,25900.3,25911.9,451,148,0
2026-04-09 17:30:00,25912.3,25935.5,25890.6,25913.6,494,148,0
2026-04-09 17:45:00,25913.8,25927.5,25903.0,25910.7,405,148,0
2026-04-09 18:00:00,25911.2,25911.9,25846.5,25859.8,709,148,0
2026-04-09 18:15:00,25861.8,25880.1,25851.6,25856.2,597,148,0
2026-04-09 18:30:00,25857.7,25872.3,25838.3,25861.6,525,148,0
2026-04-09 18:45:00,25862.0,25891.6,25861.5,25875.5,410,148,0
2026-04-09 19:00:00,25860.1,25883.7,25857.2,25881.8,116,440,0
2026-04-09 19:15:00,25882.7,25885.8,25876.2,25882.2,121,440,0
2026-04-09 19:30:00,25882.8,25895.8,25882.2,25889.2,106,440,0
2026-04-09 19:45:00,25888.2,25893.1,25873.3,25877.3,151,440,0
2026-04-09 20:00:00,25878.8,25879.8,25865.2,25869.2,109,440,0
2026-04-09 20:15:00,25869.8,25871.8,25866.2,25870.2,77,440,0
2026-04-09 20:30:00,25871.8,25884.8,25871.8,25884.8,46,440,0
2026-04-09 20:45:00,25885.8,25885.8,25878.2,25882.8,66,440,0
2026-04-09 22:00:00,25870.1,25882.8,25869.9,25882.8,146,440,0
2026-04-09 22:15:00,25882.2,25884.7,25871.3,25871.3,103,440,0
2026-04-09 22:30:00,25870.9,25875.8,25866.2,25868.3,122,440,0
2026-04-09 22:45:00,25867.3,25867.9,25857.3,25858.9,97,440,0
2026-04-09 23:00:00,25859.8,25864.8,25854.2,25862.8,83,440,0
2026-04-09 23:15:00,25863.8,25865.8,25858.2,25858.2,62,440,0
2026-04-09 23:30:00,25858.8,25860.8,25855.2,25859.8,99,440,0
2026-04-09 23:45:00,25860.8,25874.9,25856.3,25865.8,196,440,0
2026-04-10 00:00:00,25864.2,25877.7,25859.2,25868.8,243,440,0
2026-04-10 00:15:00,25868.2,25882.7,25862.2,25882.1,204,440,0
2026-04-10 00:30:00,25881.2,25890.7,25877.2,25884.2,170,440,0
2026-04-10 01:15:00,25934.8,25934.8,25856.3,25902.7,522,166,0
2026-04-10 01:30:00,25891.7,26065.1,25840.2,26057.1,1136,166,0
2026-04-10 01:45:00,26056.1,26069.0,26007.9,26041.9,901,156,0
2026-04-10 02:00:00,26043.9,26056.3,25963.0,25973.6,846,156,0
2026-04-10 02:15:00,25975.5,25994.8,25942.9,25943.5,708,156,0
2026-04-10 02:30:00,25945.0,25974.3,25934.0,25940.5,658,156,0
2026-04-10 02:45:00,25938.8,25951.0,25882.5,25890.4,586,156,0
2026-04-10 03:00:00,25893.1,25912.3,25874.1,25901.7,490,156,0
2026-04-10 03:15:00,25903.9,25921.4,25868.6,25881.0,476,156,0
2026-04-10 03:30:00,25882.1,25927.9,25878.5,25911.4,327,156,0
2026-04-10 03:45:00,25912.0,25915.0,25889.4,25905.7,288,148,0
2026-04-10 04:00:00,25889.3,25894.8,25886.8,25891.2,89,440,0
2026-04-10 04:15:00,25892.8,25902.8,25892.2,25900.8,113,440,0
2026-04-10 05:00:00,25896.2,25925.0,25881.0,25896.5,667,148,0
2026-04-10 05:15:00,25898.8,25912.0,25867.1,25870.4,600,148,0
2026-04-10 05:30:00,25868.4,25945.4,25858.8,25915.3,585,148,0
2026-04-10 05:45:00,25914.4,25965.4,25914.4,25965.4,527,148,0
2026-04-10 06:00:00,25963.8,25979.3,25891.9,25903.4,637,148,0
2026-04-10 06:15:00,25903.8,25912.3,25860.8,25880.8,536,148,0
2026-04-10 06:30:00,25880.5,25900.3,25859.9,25877.1,498,148,0
2026-04-10 06:45:00,25878.4,25883.4,25847.4,25866.4,439,148,0
2026-04-10 07:00:00,25865.8,25914.3,25863.8,25885.4,516,148,0
2026-04-10 07:15:00,25886.4,25920.4,25877.9,25914.4,407,148,0
2026-04-10 07:30:00,25915.3,25918.3,25852.8,25857.4,420,148,0
2026-04-10 07:45:00,25858.4,25869.3,25841.9,25857.4,391,148,0
2026-04-10 08:00:00,25855.8,25892.5,25839.8,25887.3,404,148,0
2026-04-10 08:15:00,25885.8,25905.3,25875.8,25896.0,281,148,0
2026-04-10 09:15:00,25884.9,25963.5,25873.3,25921.9,699,148,0
2026-04-10 09:30:00,25920.7,25927.4,25894.6,25903.2,464,148,0
2026-04-10 09:45:00,25902.6,25935.6,25898.1,25931.6,481,148,0
2026-04-10 10:00:00,25931.2,25940.6,25906.7,25913.6,395,148,0
2026-04-10 10:15:00,25912.6,25954.6,25908.6,25947.3,363,148,0
2026-04-10 10:30:00,25947.6,25954.8,25935.4,25946.7,392,148,0
2026-04-10 10:45:00,25945.6,25951.6,25935.6,25937.7,339,148,0
2026-04-10 11:00:00,25939.0,25960.5,25937.0,25950.9,372,148,0
2026-04-10 11:15:00,25950.7,25963.0,25947.6,25960.5,311,148,0
2026-04-10 11:30:00,25959.8,25968.9,25951.3,25960.5,327,148,0
2026-04-10 11:45:00,25959.6,25967.5,25941.6,25949.1,335,148,0
2026-04-10 12:00:00,25950.3,25970.6,25944.8,25967.6,368,148,0
2026-04-10 12:15:00,25966.6,25979.6,25958.6,25973.0,357,148,0
2026-04-10 12:30:00,25974.6,26016.2,25974.6,25995.6,713,148,0
2026-04-10 12:45:00,25996.6,25999.6,25971.8,25976.6,446,148,0
2026-04-10 13:00:00,25974.9,26002.2,25964.6,25991.0,472,148,0
2026-04-10 13:15:00,25991.6,26020.9,25984.7,26015.4,360,148,0
2026-04-10 13:30:00,26018.4,26026.5,25955.8,25966.6,836,148,0
2026-04-10 13:45:00,25967.6,25990.4,25950.6,25989.6,598,148,0
2026-04-10 14:00:00,25987.8,26035.3,25976.9,26034.5,688,148,0
2026-04-10 14:15:00,26035.8,26046.5,26013.6,26023.6,598,148,0
2026-04-10 14:30:00,26025.1,26036.2,25960.0,25963.2,664,148,0
2026-04-10 14:45:00,25965.3,25972.5,25927.4,25950.6,709,148,0
2026-04-10 15:00:00,25949.7,25972.6,25937.7,25967.6,551,148,0
2026-04-10 15:15:00,25969.1,26005.1,25951.6,25955.5,565,148,0
2026-04-10 15:30:00,25956.3,25970.0,25903.6,25919.6,689,148,0
2026-04-10 15:45:00,25918.6,25926.9,25890.7,25903.6,585,148,0
2026-04-10 16:00:00,25905.2,25924.9,25888.8,25919.5,543,148,0
2026-04-10 16:15:00,25918.5,25927.3,25900.8,25908.6,472,148,0
2026-04-10 16:30:00,25909.6,25917.6,25867.6,25871.6,487,148,0
2026-04-10 16:45:00,25871.4,25930.8,25869.6,25924.6,538,148,0
2026-04-10 17:00:00,25925.4,25928.1,25906.1,25923.6,429,148,0
2026-04-10 17:15:00,25925.2,25925.6,25902.7,25905.6,407,148,0
2026-04-10 17:30:00,25904.7,25928.6,25895.6,25920.9,398,148,0
2026-04-10 17:45:00,25920.6,25931.6,25918.0,25924.6,294,148,0
2026-04-10 18:00:00,25923.8,25923.8,25897.6,25914.6,385,148,0
2026-04-10 18:15:00,25916.1,25939.2,25911.6,25931.1,338,148,0
2026-04-10 18:30:00,25931.6,25948.0,25931.6,25933.2,375,148,0
2026-04-10 18:45:00,25934.3,25941.5,25922.0,25936.2,294,148,0
2026-04-10 19:00:00,25921.0,25928.7,25920.2,25928.7,79,440,0
2026-04-10 19:15:00,25928.1,25928.1,25918.3,25918.3,100,440,0
2026-04-10 19:30:00,25917.3,25917.3,25903.2,25909.2,111,440,0
2026-04-10 19:45:00,25909.8,25916.7,25904.2,25914.2,168,440,0
2026-04-12 22:00:00,25758.9,25758.9,25717.2,25727.3,246,440,0
2026-04-12 22:15:00,25727.9,25729.8,25698.8,25699.9,266,440,0
2026-04-12 22:30:00,25700.8,25723.8,25693.5,25718.8,236,440,0
2026-04-12 22:45:00,25720.8,25726.8,25717.2,25722.2,146,440,0
2026-04-12 23:00:00,25722.8,25722.8,25711.3,25715.2,155,440,0
2026-04-12 23:15:00,25715.8,25717.8,25709.3,25711.2,114,440,0
2026-04-12 23:30:00,25711.8,25714.2,25698.2,25701.2,129,440,0
2026-04-12 23:45:00,25700.2,25729.1,25694.3,25728.1,245,440,0
2026-04-13 00:00:00,25715.2,25715.8,25653.5,25709.1,323,440,0
2026-04-13 00:15:00,25708.2,25709.7,25691.8,25701.8,244,440,0
2026-04-13 00:30:00,25702.7,25723.7,25702.7,25713.9,203,440,0
2026-04-13 01:15:00,25700.8,25736.6,25639.5,25691.8,688,148,0
2026-04-13 01:30:00,25689.8,25699.0,25537.9,25537.9,1454,148,0
2026-04-13 01:45:00,25535.9,25611.4,25516.4,25586.4,958,148,0
2026-04-13 02:00:00,25584.8,25644.4,25570.9,25618.8,899,148,0
2026-04-13 02:15:00,25617.8,25626.3,25565.9,25583.4,730,148,0
2026-04-13 02:30:00,25583.8,25600.7,25549.9,25581.4,683,148,0
2026-04-13 02:45:00,25580.8,25597.7,25543.9,25589.4,609,148,0
2026-04-13 03:00:00,25591.3,25603.3,25505.9,25505.9,626,148,0
2026-04-13 03:15:00,25505.5,25538.3,25500.9,25536.8,511,148,0
2026-04-13 03:30:00,25538.3,25571.4,25538.3,25568.8,423,148,0
2026-04-13 03:45:00,25570.3,25589.3,25558.8,25577.5,366,148,0
2026-04-13 04:00:00,25562.7,25574.8,25558.2,25571.1,111,440,0
2026-04-13 04:15:00,25572.7,25575.7,25566.2,25571.2,106,440,0
2026-04-13 05:00:00,25597.5,25636.6,25549.8,25549.8,768,148,0
2026-04-13 05:15:00,25551.4,25604.3,25551.4,25600.4,495,148,0
2026-04-13 05:30:00,25602.3,25615.3,25583.9,25593.3,522,148,0
2026-04-13 05:45:00,25592.8,25598.8,25564.9,25568.4,449,148,0
2026-04-13 06:00:00,25571.2,25602.3,25565.9,25579.4,522,148,0
2026-04-13 06:15:00,25580.4,25619.7,25578.8,25604.4,440,148,0
2026-04-13 06:30:00,25606.3,25606.3,25565.4,25590.4,428,148,0
2026-04-13 06:45:00,25589.7,25604.3,25565.8,25604.3,325,148,0
2026-04-13 07:00:00,25606.3,25629.3,25592.8,25625.8,511,148,0
2026-04-13 07:15:00,25624.7,25638.4,25615.8,25633.7,404,148,0
2026-04-13 07:30:00,25634.4,25637.3,25611.8,25637.3,323,148,0
2026-04-13 07:45:00,25636.8,25654.3,25623.8,25649.4,353,148,0
2026-04-13 08:00:00,25650.4,25673.3,25629.9,25642.8,432,148,0
2026-04-13 08:15:00,25643.4,25649.3,25629.8,25642.8,247,148,0
2026-04-13 09:15:00,25622.6,25638.6,25618.4,25631.6,363,148,0
2026-04-13 09:30:00,25630.2,25657.1,25629.6,25638.5,362,148,0
2026-04-13 09:45:00,25639.5,25647.4,25622.6,25630.6,283,148,0
2026-04-13 10:00:00,25632.9,25639.6,25615.9,25631.6,298,148,0
2026-04-13 10:15:00,25630.0,25630.0,25613.6,25623.6,263,148,0
2026-04-13 10:30:00,25624.2,25628.8,25608.9,25615.6,265,148,0
2026-04-13 10:45:00,25616.1,25637.0,25613.6,25637.0,300,148,0
2026-04-13 11:00:00,25639.4,25666.4,25631.8,25637.6,437,148,0
2026-04-13 11:15:00,25636.9,25640.1,25606.4,25613.7,345,148,0
2026-04-13 11:30:00,25613.6,25618.2,25575.3,25603.2,474,148,0
2026-04-13 11:45:00,25601.9,25607.6,25567.6,25570.6,491,148,0
2026-04-13 12:00:00,25573.5,25588.2,25552.6,25583.6,482,148,0
2026-04-13 12:15:00,25582.6,25592.2,25575.6,25577.9,349,148,0
2026-04-13 12:30:00,25578.6,25588.6,25569.6,25578.6,366,148,0
2026-04-13 12:45:00,25579.9,25616.6,25579.9,25614.5,381,148,0
2026-04-13 13:00:00,25614.7,25628.6,25605.6,25622.5,399,148,0
2026-04-13 13:15:00,25622.4,25642.8,25618.3,25642.3,333,148,0
2026-04-13 13:30:00,25641.6,25668.5,25635.7,25652.6,711,148,0
2026-04-13 13:45:00,25652.9,25742.1,25632.7,25729.5,896,148,0
2026-04-13 14:00:00,25727.9,25740.6,25701.3,25734.4,749,148,0
2026-04-13 14:15:00,25733.6,25735.6,25673.3,25707.6,770,148,0
2026-04-13 14:30:00,25708.4,25747.2,25700.6,25744.1,524,148,0
2026-04-13 14:45:00,25744.6,25763.2,25712.6,25754.5,548,148,0
2026-04-13 15:00:00,25753.6,25762.9,25716.7,25757.6,625,148,0
2026-04-13 15:15:00,25758.2,25767.3,25740.6,25751.8,515,148,0
2026-04-13 15:30:00,25749.6,25777.9,25731.6,25766.6,550,148,0
2026-04-13 15:45:00,25765.1,25772.5,25753.8,25769.6,425,148,0
2026-04-13 16:00:00,25771.0,25803.6,25754.6,25779.1,606,148,0
2026-04-13 16:15:00,25778.6,25835.0,25775.1,25823.2,602,148,0
2026-04-13 16:30:00,25821.6,25845.1,25793.8,25824.6,764,148,0
2026-04-13 16:45:00,25823.3,25862.8,25821.0,25858.4,602,148,0
2026-04-13 17:00:00,25858.6,25869.7,25848.6,25869.6,361,148,0
2026-04-13 17:15:00,25869.4,25889.5,25868.6,25881.0,346,148,0
2026-04-13 17:30:00,25881.6,25889.6,25878.6,25881.6,345,148,0
2026-04-13 17:45:00,25880.8,25880.8,25864.0,25867.5,320,148,0
2026-04-13 18:00:00,25866.7,25896.6,25866.7,25891.6,297,148,0
2026-04-13 18:15:00,25891.7,25897.5,25867.4,25873.6,317,148,0
2026-04-13 18:30:00,25872.0,25893.6,25871.6,25889.6,326,148,0
2026-04-13 18:45:00,25891.4,25912.2,25891.2,25903.7,372,148,0
2026-04-13 19:00:00,25889.9,25895.8,25887.2,25890.2,116,440,0
2026-04-13 19:15:00,25890.8,25899.7,25888.8,25899.7,53,440,0
2026-04-13 19:30:00,25899.1,25909.7,25897.2,25901.2,89,440,0
2026-04-13 19:45:00,25900.8,25924.7,25891.3,25922.2,188,440,0
2026-04-13 20:00:00,25920.2,25927.7,25918.1,25924.1,110,440,0
2026-04-13 20:15:00,25924.8,25927.8,25922.1,25926.8,53,440,0
2026-04-13 20:30:00,25926.1,25929.8,25926.1,25928.7,44,440,0
2026-04-13 20:45:00,25929.7,25932.8,25928.2,25928.8,80,440,0
2026-04-13 22:00:00,25907.0,25944.7,25904.1,25936.2,142,440,0
2026-04-13 22:15:00,25936.8,25938.7,25932.1,25934.1,51,440,0
2026-04-13 22:30:00,25934.8,25938.8,25933.1,25934.8,55,440,0
2026-04-13 22:45:00,25935.7,25941.8,25933.2,25939.1,70,440,0
2026-04-13 23:00:00,25939.8,25948.7,25936.1,25943.1,132,440,0
2026-04-13 23:15:00,25943.7,25945.8,25940.2,25941.2,69,440,0
2026-04-13 23:30:00,25940.2,25940.8,25933.6,25938.1,79,440,0
2026-04-13 23:45:00,25937.2,25942.8,25902.3,25903.3,149,440,0
2026-04-14 00:00:00,25904.8,25904.8,25884.2,25901.3,217,440,0
2026-04-14 00:15:00,25901.9,25909.8,25901.2,25905.8,178,440,0
2026-04-14 00:30:00,25906.8,25914.8,25904.2,25907.8,146,440,0
2026-04-14 01:15:00,25947.2,25972.9,25896.5,25919.4,639,148,0
2026-04-14 01:30:00,25917.8,26004.3,25878.9,25933.8,1326,148,0
2026-04-14 01:45:00,25935.3,25954.3,25879.9,25887.4,889,148,0
2026-04-14 02:00:00,25885.8,25940.3,25857.9,25909.4,801,148,0
2026-04-14 02:15:00,25907.9,25934.3,25868.9,25879.8,695,148,0
2026-04-14 02:30:00,25877.9,25877.9,25810.9,25814.5,768,148,0
2026-04-14 02:45:00,25816.4,25846.4,25788.9,25796.4,593,148,0
2026-04-14 03:00:00,25794.8,25815.3,25784.9,25792.4,528,148,0
2026-04-14 03:15:00,25791.8,25792.5,25754.8,25773.4,490,148,0
2026-04-14 03:30:00,25775.3,25779.3,25753.8,25764.4,341,148,0
2026-04-14 03:45:00,25763.8,25769.4,25749.9,25767.0,243,148,0
2026-04-14 04:00:00,25750.7,25755.8,25749.2,25754.8,71,440,0
2026-04-14 04:15:00,25754.2,25759.8,25754.2,25755.2,57,440,0
2026-04-14 05:00:00,25775.3,25793.9,25725.8,25732.8,606,148,0
2026-04-14 05:15:00,25734.4,25742.3,25669.9,25689.4,459,148,0
2026-04-14 05:30:00,25690.4,25734.3,25668.8,25708.5,509,148,0
2026-04-14 05:45:00,25706.9,25741.4,25691.8,25738.3,424,148,0
2026-04-14 06:00:00,25737.7,25790.3,25733.9,25775.4,454,148,0
2026-04-14 06:15:00,25776.4,25803.3,25774.8,25803.3,453,148,0
2026-04-14 06:30:00,25801.8,25853.3,25794.8,25850.8,494,148,0
2026-04-14 06:45:00,25852.3,25878.3,25852.3,25878.3,468,148,0
2026-04-14 07:00:00,25879.3,25950.3,25879.3,25913.4,745,148,0
2026-04-14 07:15:00,25914.4,25926.3,25888.9,25894.7,513,148,0
2026-04-14 07:30:00,25893.8,25899.3,25870.8,25874.8,439,148,0
2026-04-14 07:45:00,25874.4,25901.7,25839.8,25881.7,466,148,0
2026-04-14 08:00:00,25881.0,25888.3,25859.5,25877.8,450,148,0
2026-04-14 08:15:00,25878.4,25899.3,25867.8,25896.6,291,148,0
2026-04-14 09:15:00,25910.1,25917.8,25894.1,25896.6,397,148,0
2026-04-14 09:30:00,25895.0,25895.0,25875.9,25884.6,381,148,0
2026-04-14 09:45:00,25884.8,25889.6,25872.5,25883.6,288,148,0
2026-04-14 10:00:00,25884.6,25896.5,25874.5,25892.6,279,148,0
2026-04-14 10:15:00,25891.7,25904.0,25887.6,25895.6,264,148,0
2026-04-14 10:30:00,25894.6,25899.5,25868.7,25869.6,362,148,0
2026-04-14 10:45:00,25870.1,25884.3,25867.6,25874.6,289,148,0
2026-04-14 11:00:00,25874.7,25902.4,25869.6,25896.6,286,148,0
2026-04-14 11:15:00,25897.6,25928.8,25895.6,25924.6,259,148,0
2026-04-14 11:30:00,25926.1,25931.4,25911.1,25927.1,270,148,0
2026-04-14 11:45:00,25926.4,25987.1,25925.6,25961.2,420,148,0
2026-04-14 12:00:00,25962.9,25967.9,25928.4,25934.6,491,148,0
2026-04-14 12:15:00,25933.6,25943.4,25904.9,25943.3,410,148,0
2026-04-14 12:30:00,25943.6,25963.8,25908.1,25923.3,560,148,0
2026-04-14 12:45:00,25923.4,25952.9,25911.1,25952.9,393,148,0
2026-04-14 13:00:00,25954.6,25974.6,25947.6,25972.1,379,148,0
2026-04-14 13:15:00,25971.6,25986.0,25963.1,25970.7,419,148,0
2026-04-14 13:30:00,25972.1,26085.5,25962.7,26064.8,858,148,0
2026-04-14 13:45:00,26063.7,26103.5,26052.7,26083.7,657,148,0
2026-04-14 14:00:00,26085.1,26104.5,26056.0,26092.6,690,148,0
2026-04-14 14:15:00,26091.3,26118.9,26082.6,26116.6,534,148,0
2026-04-14 14:30:00,26115.6,26149.5,26110.6,26145.7,558,148,0
2026-04-14 14:45:00,26144.0,26181.0,26142.6,26169.3,558,148,0
2026-04-14 15:00:00,26167.6,26167.6,26132.6,26132.6,578,148,0
2026-04-14 15:15:00,26131.4,26164.1,26116.5,26154.6,561,148,0
2026-04-14 15:30:00,26155.6,26173.4,26150.3,26160.0,490,148,0
2026-04-14 15:45:00,26159.6,26174.2,26145.6,26165.9,412,148,0
2026-04-14 16:00:00,26165.6,26169.6,26154.7,26164.5,382,148,0
2026-04-14 16:15:00,26163.6,26176.6,26152.7,26173.6,375,148,0
2026-04-14 16:30:00,26174.4,26174.6,26152.6,26154.6,359,148,0
2026-04-14 16:45:00,26155.9,26160.0,26127.9,26131.4,339,148,0
2026-04-14 17:00:00,26132.5,26155.6,26126.6,26150.6,380,148,0
2026-04-14 17:15:00,26149.6,26164.5,26147.6,26154.5,346,148,0
2026-04-14 17:30:00,26154.9,26159.6,26145.9,26148.6,276,148,0
2026-04-14 17:45:00,26148.4,26148.6,26128.6,26135.7,279,148,0
2026-04-14 18:00:00,26136.6,26161.0,26136.6,26154.6,326,148,0
2026-04-14 18:15:00,26154.4,26154.6,26109.3,26125.3,453,148,0
2026-04-14 18:30:00,26125.5,26145.5,26124.6,26130.6,321,148,0
2026-04-14 18:45:00,26131.4,26143.2,26123.3,26131.0,277,148,0
2026-04-14 19:00:00,26116.0,26138.8,26116.0,26137.2,100,440,0
2026-04-14 19:15:00,26137.8,26150.8,26137.8,26149.7,61,440,0
2026-04-14 19:30:00,26149.1,26177.7,26139.3,26170.0,111,440,0
2026-04-14 19:45:00,26169.1,26176.7,26160.1,26173.8,152,440,0
2026-04-14 20:00:00,26174.1,26175.7,26168.2,26171.8,110,440,0
2026-04-14 20:15:00,26171.1,26173.8,26170.2,26172.8,38,440,0
2026-04-14 20:30:00,26173.7,26174.8,26170.1,26172.1,58,440,0
2026-04-14 20:45:00,26172.8,26173.7,26169.1,26169.8,52,440,0
2026-04-14 22:00:00,26167.1,26179.7,26167.1,26174.1,106,440,0
2026-04-14 22:15:00,26174.8,26180.7,26174.8,26176.8,65,440,0
2026-04-14 22:30:00,26176.1,26178.7,26172.2,26177.1,42,440,0
2026-04-14 22:45:00,26176.2,26178.7,26169.2,26169.8,50,440,0
2026-04-14 23:00:00,26169.2,26177.7,26168.2,26173.2,40,440,0
2026-04-14 23:15:00,26173.8,26177.7,26172.2,26174.8,52,440,0
2026-04-14 23:30:00,26173.2,26182.7,26169.2,26177.8,155,440,0
2026-04-14 23:45:00,26178.7,26190.8,26173.3,26184.7,175,440,0
2026-04-15 00:00:00,26186.5,26186.5,26161.2,26164.8,210,440,0
2026-04-15 00:15:00,26164.2,26169.8,26159.2,26161.2,120,440,0
2026-04-15 00:30:00,26161.8,26164.8,26144.3,26145.2,143,440,0
2026-04-15 01:15:00,26174.5,26200.3,26165.9,26177.8,514,148,0
2026-04-15 01:30:00,26175.9,26191.0,26096.9,26129.3,1164,148,0
2026-04-15 01:45:00,26129.8,26219.3,26095.9,26216.4,820,148,0
2026-04-15 02:00:00,26217.3,26221.7,26148.8,26184.8,814,148,0
2026-04-15 02:15:00,26184.4,26185.3,26121.9,26126.4,709,148,0
2026-04-15 02:30:00,26128.3,26135.3,26074.8,26124.4,678,148,0
2026-04-15 02:45:00,26126.3,26144.3,26079.9,26082.8,638,148,0
2026-04-15 03:00:00,26080.8,26087.3,26044.9,26083.7,554,148,0
2026-04-15 03:15:00,26084.4,26124.3,26084.4,26122.4,499,148,0
2026-04-15 03:30:00,26120.8,26139.3,26066.9,26079.4,384,148,0
2026-04-15 03:45:00,26078.8,26088.7,26068.4,26081.8,284,148,0
2026-04-15 04:00:00,26068.6,26073.8,26066.2,26073.2,66,440,0
2026-04-15 04:15:00,26073.8,26076.7,26071.2,26073.2,49,440,0
2026-04-15 05:00:00,26078.8,26094.3,26014.9,26029.8,779,148,0
2026-04-15 05:15:00,26027.8,26037.3,25994.8,26003.7,513,148,0
2026-04-15 05:30:00,26004.4,26017.3,25972.8,25988.4,516,148,0
2026-04-15 05:45:00,25987.7,26007.3,25960.9,26004.4,475,148,0
2026-04-15 06:00:00,26005.3,26021.3,25985.8,25995.4,451,148,0
2026-04-15 06:15:00,25997.4,26002.3,25968.9,25984.8,482,148,0
2026-04-15 06:30:00,25986.4,25995.3,25971.8,25980.3,443,148,0
2026-04-15 06:45:00,25981.4,26011.4,25971.8,26003.4,374,148,0
2026-04-15 07:00:00,26005.2,26054.3,25996.9,26041.8,472,148,0
2026-04-15 07:15:00,26043.3,26046.7,26014.8,26022.4,412,148,0
2026-04-15 07:30:00,26020.8,26020.8,25975.8,25986.7,360,148,0
2026-04-15 07:45:00,25987.4,25987.4,25953.8,25962.8,457,148,0
2026-04-15 08:00:00,25963.4,25963.4,25929.8,25951.7,391,148,0
2026-04-15 08:15:00,25953.3,25973.3,25946.8,25966.0,302,148,0
2026-04-15 09:15:00,25939.0,25941.2,25904.6,25911.6,526,148,0
2026-04-15 09:30:00,25912.2,25925.3,25899.6,25914.4,412,148,0
2026-04-15 09:45:00,25913.6,25925.6,25897.4,25902.6,352,148,0
2026-04-15 10:00:00,25904.2,25942.6,25899.1,25928.4,405,148,0
2026-04-15 10:15:00,25928.6,25928.6,25879.4,25885.6,632,148,0
2026-04-15 10:30:00,25886.5,25938.1,25870.6,25926.6,490,148,0
2026-04-15 10:45:00,25925.6,25938.5,25912.6,25917.6,387,148,0
2026-04-15 11:00:00,25919.0,25934.6,25915.6,25927.5,325,148,0
2026-04-15 11:15:00,25926.1,25931.6,25914.0,25921.2,341,148,0
2026-04-15 11:30:00,25921.8,25941.2,25920.5,25930.8,353,148,0
2026-04-15 11:45:00,25930.6,25979.5,25916.0,25944.9,569,148,0
2026-04-15 12:00:00,25945.4,25952.9,25909.1,25921.0,535,148,0
2026-04-15 12:15:00,25921.6,25935.1,25914.3,25927.6,354,148,0
2026-04-15 12:30:00,25929.8,25952.6,25926.8,25947.6,370,148,0
2026-04-15 12:45:00,25948.2,25966.6,25937.7,25961.3,315,148,0
2026-04-15 13:00:00,25962.5,25978.0,25956.5,25976.2,347,148,0
2026-04-15 13:15:00,25975.6,26012.5,25974.6,26011.6,341,148,0
2026-04-15 13:30:00,26012.8,26018.8,25961.8,25962.2,812,148,0
2026-04-15 13:45:00,25963.4,26027.1,25951.7,26025.6,706,148,0
2026-04-15 14:00:00,26025.2,26047.3,26006.6,26041.6,630,148,0
2026-04-15 14:15:00,26040.4,26074.3,26036.6,26068.8,611,148,0
2026-04-15 14:30:00,26069.6,26070.5,26036.6,26062.2,604,148,0
2026-04-15 14:45:00,26061.6,26070.6,26051.8,26052.6,443,148,0
2026-04-15 15:00:00,26050.9,26070.5,26038.9,26064.0,578,148,0
2026-04-15 15:15:00,26062.8,26122.1,26060.9,26113.6,532,148,0
2026-04-15 15:30:00,26113.0,26113.0,26082.0,26104.8,555,148,0
2026-04-15 15:45:00,26104.6,26109.6,26073.7,26087.6,471,148,0
2026-04-15 16:00:00,26087.7,26102.6,26078.3,26096.6,423,148,0
2026-04-15 16:15:00,26097.5,26109.2,26093.6,26098.6,359,148,0
2026-04-15 16:30:00,26098.9,26101.6,26052.7,26064.6,462,148,0
2026-04-15 16:45:00,26065.6,26068.7,26039.4,26057.6,498,148,0
2026-04-15 17:00:00,26058.6,26069.6,26053.6,26061.7,375,148,0
2026-04-15 17:15:00,26061.6,26073.0,26057.6,26064.9,297,148,0
2026-04-15 17:30:00,26064.6,26073.2,26047.1,26053.6,316,148,0
2026-04-15 17:45:00,26054.5,26065.6,26047.4,26060.6,242,148,0
2026-04-15 18:00:00,26059.6,26096.1,26050.1,26091.6,532,148,0
2026-04-15 18:15:00,26093.1,26101.5,26084.2,26094.1,289,148,0
2026-04-15 18:30:00,26093.4,26106.5,26090.1,26102.9,287,148,0
2026-04-15 18:45:00,26102.6,26113.1,26101.5,26109.3,250,148,0
2026-04-15 19:00:00,26095.0,26100.7,26091.2,26092.2,88,440,0
2026-04-15 19:15:00,26092.8,26101.7,26090.3,26101.7,69,440,0
2026-04-15 19:30:00,26101.1,26102.8,26087.2,26091.2,81,440,0
2026-04-15 19:45:00,26091.8,26097.1,26085.3,26085.8,168,440,0
2026-04-15 20:00:00,26086.8,26089.7,26077.2,26081.2,112,440,0
2026-04-15 20:15:00,26082.8,26087.7,26079.1,26079.9,42,440,0
2026-04-15 20:30:00,26079.2,26083.7,26079.2,26082.8,37,440,0
2026-04-15 20:45:00,26082.2,26082.2,26076.8,26078.8,61,440,0
2026-04-15 22:00:00,26076.8,26093.8,26076.8,26092.2,100,440,0
2026-04-15 22:15:00,26092.8,26094.8,26087.2,26093.8,71,440,0
2026-04-15 22:30:00,26094.7,26103.8,26094.7,26098.2,85,440,0
2026-04-15 22:45:00,26098.8,26102.7,26098.8,26102.7,60,440,0
2026-04-15 23:00:00,26103.7,26104.7,26098.2,26099.2,72,440,0
2026-04-15 23:15:00,26098.2,26101.8,26097.2,26098.8,41,440,0
2026-04-15 23:30:00,26098.2,26104.8,26096.2,26104.2,62,440,0
2026-04-15 23:45:00,26103.2,26115.7,26102.2,26107.7,116,440,0
2026-04-16 00:00:00,26108.7,26120.7,26100.2,26108.2,195,440,0
2026-04-16 00:15:00,26108.8,26124.7,26103.2,26103.2,191,440,0
2026-04-16 00:30:00,26103.8,26115.8,26103.8,26114.1,117,440,0
2026-04-16 01:15:00,26132.5,26157.3,26108.5,26155.7,477,148,0
2026-04-16 01:30:00,26153.8,26219.4,26127.6,26197.9,1140,148,0
2026-04-16 01:45:00,26195.9,26214.3,26135.8,26150.3,846,148,0
2026-04-16 02:00:00,26152.3,26198.3,26126.9,26132.9,760,148,0
2026-04-16 02:15:00,26134.4,26208.3,26128.9,26199.4,726,148,0
2026-04-16 02:30:00,26201.3,26254.3,26199.8,26220.9,681,148,0
2026-04-16 02:45:00,26222.4,26258.3,26196.9,26237.8,649,148,0
2026-04-16 03:00:00,26235.8,26277.3,26233.9,26250.4,616,148,0
2026-04-16 03:15:00,26248.8,26285.3,26239.4,26280.8,445,148,0
2026-04-16 03:30:00,26281.7,26314.3,26271.8,26292.3,413,148,0
2026-04-16 03:45:00,26291.8,26313.3,26290.8,26300.9,250,148,0
2026-04-16 04:00:00,26287.8,26287.8,26275.3,26281.8,111,440,0
2026-04-16 04:15:00,26282.8,26290.8,26277.3,26278.8,84,440,0
2026-04-16 05:00:00,26294.7,26301.9,26226.9,26268.8,688,148,0
2026-04-16 05:15:00,26267.8,26338.3,26260.8,26338.3,525,148,0
2026-04-16 05:30:00,26337.7,26341.4,26287.9,26288.9,490,148,0
2026-04-16 05:45:00,26290.4,26342.3,26287.9,26338.7,391,148,0
2026-04-16 06:00:00,26340.4,26358.3,26320.9,26344.8,464,148,0
2026-04-16 06:15:00,26344.4,26355.3,26333.9,26347.8,398,148,0
2026-04-16 06:30:00,26346.8,26380.4,26338.8,26380.4,393,148,0
2026-04-16 06:45:00,26381.3,26390.4,26347.8,26350.8,356,148,0
2026-04-16 07:00:00,26352.4,26371.3,26313.9,26329.8,540,148,0
2026-04-16 07:15:00,26331.3,26364.3,26317.9,26360.4,425,148,0
2026-04-16 07:30:00,26358.8,26394.3,26346.8,26390.8,349,148,0
2026-04-16 07:45:00,26393.3,26399.3,26370.8,26395.7,400,148,0
2026-04-16 08:00:00,26395.4,26404.7,26347.1,26348.4,420,148,0
2026-04-16 08:15:00,26349.4,26355.4,26326.8,26335.1,333,148,0
2026-04-16 09:15:00,26327.4,26327.4,26290.3,26290.7,397,148,0
2026-04-16 09:30:00,26291.5,26296.9,26278.0,26293.6,352,148,0
2026-04-16 09:45:00,26294.6,26297.6,26285.3,26295.4,247,148,0
2026-04-16 10:00:00,26295.6,26310.9,26294.6,26306.5,270,148,0
2026-04-16 10:15:00,26305.0,26309.9,26292.6,26294.6,255,148,0
2026-04-16 10:30:00,26293.6,26297.6,26283.5,26283.5,337,148,0
2026-04-16 10:45:00,26283.3,26289.5,26263.3,26287.5,344,148,0
2026-04-16 11:00:00,26288.6,26304.9,26282.6,26303.7,352,148,0
2026-04-16 11:15:00,26303.8,26314.2,26297.6,26306.6,308,148,0
2026-04-16 11:30:00,26306.3,26316.0,26302.6,26312.7,302,148,0
2026-04-16 11:45:00,26312.8,26325.4,26305.5,26321.9,327,148,0
2026-04-16 12:00:00,26322.4,26330.5,26290.8,26297.5,391,148,0
2026-04-16 12:15:00,26298.6,26298.6,26282.1,26293.5,301,148,0
2026-04-16 12:30:00,26294.6,26307.8,26283.2,26307.8,398,148,0
2026-04-16 12:45:00,26308.6,26308.6,26290.6,26292.5,307,148,0
2026-04-16 13:00:00,26292.6,26301.6,26287.4,26297.6,308,148,0
2026-04-16 13:15:00,26297.1,26300.5,26270.9,26279.6,367,148,0
2026-04-16 13:30:00,26281.4,26284.5,26214.6,26231.2,901,148,0
2026-04-16 13:45:00,26230.6,26234.6,26148.8,26178.7,771,148,0
2026-04-16 14:00:00,26177.1,26231.4,26158.4,26217.3,770,148,0
2026-04-16 14:15:00,26218.5,26226.5,26171.9,26205.5,741,148,0
2026-04-16 14:30:00,26204.1,26231.7,26194.6,26211.3,766,148,0
2026-04-16 14:45:00,26210.6,26223.0,26190.4,26195.8,704,148,0
2026-04-16 15:00:00,26195.6,26266.7,26195.3,26247.8,596,148,0
2026-04-16 15:15:00,26248.5,26272.2,26235.7,26235.7,605,148,0
2026-04-16 15:30:00,26232.3,26294.9,26228.1,26250.6,765,148,0
2026-04-16 15:45:00,26251.6,26302.9,26250.6,26301.4,510,148,0
2026-04-16 16:00:00,26301.8,26317.4,26289.9,26308.9,480,148,0
2026-04-16 16:15:00,26309.6,26334.6,26294.6,26296.3,489,148,0
2026-04-16 16:30:00,26295.6,26298.6,26224.6,26264.4,710,148,0
2026-04-16 16:45:00,26261.8,26276.6,26235.6,26235.6,532,148,0
2026-04-16 17:00:00,26236.6,26236.7,26173.1,26175.5,571,148,0
2026-04-16 17:15:00,26175.6,26212.9,26171.5,26195.6,515,148,0
2026-04-16 17:30:00,26194.3,26216.7,26187.3,26202.6,419,148,0
2026-04-16 17:45:00,26204.1,26209.6,26175.5,26193.0,416,148,0
2026-04-16 18:00:00,26193.5,26213.8,26184.6,26199.2,569,148,0
2026-04-16 18:15:00,26197.8,26212.2,26182.6,26189.6,446,148,0
2026-04-16 18:30:00,26189.9,26227.6,26189.9,26221.6,366,148,0
2026-04-16 18:45:00,26221.5,26226.4,26205.6,26217.2,370,148,0
2026-04-16 19:00:00,26202.0,26211.8,26201.3,26202.8,102,440,0
2026-04-16 19:15:00,26203.8,26215.8,26202.3,26202.3,115,440,0
2026-04-16 19:30:00,26202.8,26208.7,26198.2,26198.2,96,440,0
2026-04-16 19:45:00,26197.2,26213.7,26194.3,26208.8,162,440,0
2026-04-16 20:00:00,26209.7,26210.7,26200.2,26203.2,84,440,0
2026-04-16 20:15:00,26203.8,26207.8,26203.8,26207.7,48,440,0
2026-04-16 20:30:00,26207.1,26212.8,26206.2,26211.7,30,440,0
2026-04-16 20:45:00,26212.7,26216.8,26211.2,26215.8,52,440,0
2026-04-16 22:00:00,26230.9,26241.8,26227.2,26230.2,110,440,0
2026-04-16 22:15:00,26230.8,26239.7,26229.2,26239.1,63,440,0
2026-04-16 22:30:00,26239.8,26240.7,26237.1,26238.7,62,440,0
2026-04-16 22:45:00,26238.1,26240.8,26237.2,26237.2,50,440,0
2026-04-16 23:00:00,26236.2,26239.7,26232.2,26232.2,54,440,0
2026-04-16 23:15:00,26233.8,26241.7,26233.2,26236.8,60,440,0
2026-04-16 23:30:00,26235.2,26243.8,26234.2,26237.2,67,440,0
2026-04-16 23:45:00,26238.7,26240.8,26225.2,26232.2,117,440,0
2026-04-17 00:00:00,26232.8,26237.8,26214.2,26219.3,231,440,0
2026-04-17 00:15:00,26218.3,26225.8,26214.2,26223.2,182,440,0
2026-04-17 00:30:00,26222.2,26230.7,26221.2,26225.8,125,440,0
2026-04-17 01:15:00,26209.1,26235.3,26178.4,26230.7,519,148,0
2026-04-17 01:30:00,26225.2,26276.9,26184.8,26198.8,1083,148,0
2026-04-17 01:45:00,26196.9,26210.3,26147.9,26173.3,802,148,0
2026-04-17 02:00:00,26171.8,26172.3,26119.9,26124.8,620,148,0
2026-04-17 02:15:00,26126.4,26160.4,26126.4,26142.3,552,148,0
2026-04-17 02:30:00,26140.8,26155.3,26115.9,26125.8,510,148,0
2026-04-17 02:45:00,26124.8,26142.3,26058.1,26061.1,504,148,0
2026-04-17 03:00:00,26062.4,26072.3,26035.9,26040.9,470,148,0
2026-04-17 03:15:00,26039.8,26052.3,26029.9,26040.8,412,148,0
2026-04-17 03:30:00,26042.4,26044.4,26016.9,26022.8,263,148,0
2026-04-17 03:45:00,26021.8,26040.3,26017.9,26037.3,257,148,0
2026-04-17 04:00:00,26023.9,26034.7,26022.3,26033.8,77,440,0
2026-04-17 04:15:00,26034.7,26038.8,26034.1,26035.2,45,440,0
2026-04-17 05:00:00,26045.9,26059.2,26031.8,26044.7,509,148,0
2026-04-17 05:15:00,26046.3,26057.3,26028.9,26053.3,377,148,0
2026-04-17 05:30:00,26052.8,26063.3,26021.9,26057.4,405,148,0
2026-04-17 05:45:00,26058.4,26126.3,26052.4,26097.4,405,148,0
2026-04-17 06:00:00,26097.8,26116.3,26072.5,26073.9,417,148,0
2026-04-17 06:15:00,26072.8,26080.3,26046.8,26048.9,333,148,0
2026-04-17 06:30:00,26049.4,26078.7,26038.9,26068.8,381,148,0
2026-04-17 06:45:00,26070.3,26092.3,26061.8,26070.4,345,148,0
2026-04-17 07:00:00,26072.3,26110.4,26065.8,26110.4,408,148,0
2026-04-17 07:15:00,26109.7,26124.3,26090.8,26108.4,323,148,0
2026-04-17 07:30:00,26110.3,26113.4,26091.8,26100.8,332,148,0
2026-04-17 07:45:00,26099.8,26137.4,26095.8,26137.3,330,148,0
2026-04-17 08:00:00,26139.3,26148.4,26129.9,26145.8,274,148,0
2026-04-17 08:15:00,26146.3,26174.3,26145.8,26169.6,239,148,0
2026-04-17 09:15:00,26188.6,26204.7,26171.3,26202.5,375,148,0
2026-04-17 09:30:00,26202.2,26203.6,26187.6,26199.9,268,148,0
2026-04-17 09:45:00,26200.3,26214.6,26196.3,26206.1,279,148,0
2026-04-17 10:00:00,26205.6,26205.6,26191.2,26198.6,317,148,0
2026-04-17 10:15:00,26199.2,26207.6,26195.9,26200.6,226,148,0
2026-04-17 10:30:00,26200.4,26201.0,26189.1,26190.2,195,148,0
2026-04-17 10:45:00,26189.9,26194.6,26183.1,26192.3,223,148,0
2026-04-17 11:00:00,26192.8,26201.6,26187.6,26190.7,241,148,0
2026-04-17 11:15:00,26189.6,26206.5,26188.8,26205.6,187,148,0
2026-04-17 11:30:00,26206.0,26223.5,26206.0,26218.6,235,148,0
2026-04-17 11:45:00,26220.6,26225.4,26215.4,26220.5,258,148,0
2026-04-17 12:00:00,26221.4,26238.5,26217.3,26235.1,264,148,0
2026-04-17 12:15:00,26236.2,26291.5,26225.6,26274.5,483,148,0
2026-04-17 12:30:00,26276.2,26297.1,26271.3,26276.6,472,148,0
2026-04-17 12:45:00,26276.5,26435.6,26274.6,26433.6,943,148,0
2026-04-17 13:00:00,26435.3,26490.8,26409.6,26487.4,793,148,0
2026-04-17 13:15:00,26486.8,26502.8,26431.0,26446.2,729,148,0
2026-04-17 13:30:00,26448.9,26482.9,26417.2,26453.2,973,148,0
2026-04-17 13:45:00,26453.9,26474.6,26395.0,26472.7,967,148,0
2026-04-17 14:00:00,26474.3,26512.6,26443.0,26497.2,722,148,0
2026-04-17 14:15:00,26498.4,26538.4,26495.9,26521.3,631,148,0
2026-04-17 14:30:00,26522.5,26635.7,26519.1,26616.6,646,148,0
2026-04-17 14:45:00,26615.4,26618.6,26540.3,26547.6,625,148,0
2026-04-17 15:00:00,26546.0,26553.5,26510.1,26533.6,724,148,0
2026-04-17 15:15:00,26535.1,26554.6,26500.1,26523.7,648,148,0
2026-04-17 15:30:00,26523.9,26570.1,26522.6,26548.4,598,148,0
2026-04-17 15:45:00,26551.4,26594.5,26549.8,26567.6,594,148,0
2026-04-17 16:00:00,26568.1,26578.6,26550.4,26561.6,482,148,0
2026-04-17 16:15:00,26560.2,26572.2,26550.0,26561.0,402,148,0
2026-04-17 16:30:00,26560.3,26587.6,26559.9,26571.3,324,148,0
2026-04-17 16:45:00,26571.0,26583.6,26563.6,26564.9,269,148,0
2026-04-17 17:00:00,26563.6,26565.6,26510.6,26526.3,514,148,0
2026-04-17 17:15:00,26526.9,26536.5,26444.9,26471.2,656,148,0
2026-04-17 17:30:00,26470.3,26491.5,26470.2,26481.5,567,148,0
2026-04-17 17:45:00,26482.1,26517.2,26482.1,26513.6,389,148,0
2026-04-17 18:00:00,26515.2,26516.6,26477.8,26481.0,411,148,0
2026-04-17 18:15:00,26482.3,26521.2,26476.9,26499.6,542,148,0
2026-04-17 18:30:00,26501.3,26520.6,26495.0,26506.8,381,148,0
2026-04-17 18:45:00,26507.4,26513.5,26480.6,26487.0,380,148,0
2026-04-17 19:00:00,26472.9,26475.8,26463.3,26467.2,113,440,0
2026-04-17 19:15:00,26467.8,26476.8,26464.2,26465.2,110,440,0
2026-04-17 19:30:00,26466.8,26484.8,26466.8,26484.8,121,440,0
2026-04-17 19:45:00,26484.2,26488.7,26470.2,26472.2,184,440,0
2026-04-19 22:00:00,26279.0,26297.6,26206.2,26206.9,306,440,0
2026-04-19 22:15:00,26205.3,26218.1,26197.9,26201.4,221,440,0
2026-04-19 22:30:00,26200.2,26235.7,26200.2,26230.2,190,440,0
2026-04-19 22:45:00,26230.8,26234.8,26223.2,26225.2,157,440,0
2026-04-19 23:00:00,26225.8,26234.8,26215.2,26215.2,181,440,0
2026-04-19 23:15:00,26214.2,26219.8,26158.1,26167.9,158,440,0
2026-04-19 23:30:00,26168.8,26224.7,26148.2,26198.9,175,440,0
2026-04-19 23:45:00,26197.9,26199.7,26182.1,26193.8,231,440,0
2026-04-20 00:00:00,26182.0,26183.7,26156.3,26171.2,359,440,0
2026-04-20 00:15:00,26170.2,26197.7,26170.1,26194.1,289,440,0
2026-04-20 00:30:00,26195.7,26198.7,26182.2,26193.2,223,440,0
2026-04-20 01:15:00,26358.2,26358.2,26166.9,26177.4,738,148,0
2026-04-20 01:30:00,26179.3,26277.3,26095.5,26223.3,1532,148,0
2026-04-20 01:45:00,26221.8,26272.3,26211.9,26229.8,1063,148,0
2026-04-20 02:00:00,26229.4,26322.3,26217.8,26287.8,986,148,0
2026-04-20 02:15:00,26289.3,26385.3,26271.9,26335.9,925,148,0
2026-04-20 02:30:00,26337.4,26387.7,26293.9,26294.5,765,148,0
2026-04-20 02:45:00,26293.8,26379.3,26291.9,26374.8,692,148,0
2026-04-20 03:00:00,26375.4,26398.3,26349.9,26361.8,690,148,0
2026-04-20 03:15:00,26360.8,26396.3,26322.9,26390.8,611,148,0
2026-04-20 03:30:00,26391.4,26418.3,26374.8,26388.8,494,148,0
2026-04-20 03:45:00,26389.4,26402.3,26376.9,26377.5,348,148,0
2026-04-20 04:00:00,26362.9,26363.8,26353.3,26354.8,91,440,0
2026-04-20 04:15:00,26353.3,26353.9,26342.2,26345.2,85,440,0
2026-04-20 05:00:00,26379.4,26385.4,26333.9,26340.9,756,148,0
2026-04-20 05:15:00,26341.4,26367.3,26283.9,26288.7,628,148,0
2026-04-20 05:30:00,26290.3,26318.4,26248.9,26254.8,618,148,0
2026-04-20 05:45:00,26256.3,26327.3,26252.8,26303.4,597,148,0
2026-04-20 06:00:00,26305.3,26349.3,26305.3,26338.3,563,148,0
2026-04-20 06:15:00,26338.8,26364.3,26322.9,26327.4,497,148,0
2026-04-20 06:30:00,26329.4,26374.4,26329.4,26362.8,537,148,0
2026-04-20 06:45:00,26364.3,26388.3,26336.9,26372.3,522,148,0
2026-04-20 07:00:00,26375.0,26411.4,26355.9,26410.8,622,148,0
2026-04-20 07:15:00,26411.4,26419.3,26376.3,26382.4,488,148,0
2026-04-20 07:30:00,26380.8,26385.3,26330.9,26372.8,562,148,0
2026-04-20 07:45:00,26372.4,26375.3,26337.9,26365.4,455,148,0
2026-04-20 08:00:00,26367.3,26387.4,26347.8,26378.8,460,148,0
2026-04-20 08:15:00,26377.8,26380.3,26342.8,26378.2,348,148,0
2026-04-20 09:15:00,26376.2,26388.1,26365.5,26378.5,377,148,0
2026-04-20 09:30:00,26377.2,26402.3,26376.6,26402.3,322,148,0
2026-04-20 09:45:00,26402.1,26403.6,26371.6,26371.6,313,148,0
2026-04-20 10:00:00,26372.9,26415.3,26370.3,26402.6,368,148,0
2026-04-20 10:15:00,26401.6,26413.6,26391.6,26396.4,325,148,0
2026-04-20 10:30:00,26396.6,26403.6,26377.6,26382.7,261,148,0
2026-04-20 10:45:00,26384.1,26398.7,26374.2,26394.3,277,148,0
2026-04-20 11:00:00,26395.4,26401.6,26374.6,26401.5,349,148,0
2026-04-20 11:15:00,26402.8,26411.6,26391.7,26398.0,324,148,0
2026-04-20 11:30:00,26398.2,26415.6,26386.9,26405.6,419,148,0
2026-04-20 11:45:00,26407.2,26424.9,26405.0,26419.6,394,148,0
2026-04-20 12:00:00,26419.3,26427.9,26402.7,26406.6,458,148,0
2026-04-20 12:15:00,26407.9,26422.4,26399.6,26401.6,355,148,0
2026-04-20 12:30:00,26402.6,26412.0,26379.8,26403.2,394,148,0
2026-04-20 12:45:00,26401.9,26415.9,26393.6,26398.8,317,148,0
2026-04-20 13:00:00,26399.4,26450.7,26385.1,26440.6,557,148,0
2026-04-20 13:15:00,26441.4,26482.0,26439.6,26473.3,506,148,0
2026-04-20 13:30:00,26474.4,26489.9,26437.6,26460.6,851,148,0
2026-04-20 13:45:00,26462.6,26492.4,26450.6,26473.5,670,148,0
2026-04-20 14:00:00,26472.6,26475.0,26433.6,26472.6,637,148,0
2026-04-20 14:15:00,26471.4,26498.6,26459.6,26492.6,618,148,0
2026-04-20 14:30:00,26493.6,26503.9,26442.6,26463.5,689,148,0
2026-04-20 14:45:00,26462.4,26466.5,26338.6,26406.0,891,148,0
2026-04-20 15:00:00,26408.4,26419.5,26374.6,26397.6,725,148,0
2026-04-20 15:15:00,26398.6,26454.8,26391.5,26452.3,708,148,0
2026-04-20 15:30:00,26450.2,26464.2,26418.2,26433.6,606,148,0
2026-04-20 15:45:00,26434.1,26434.6,26409.2,26426.8,460,148,0
2026-04-20 16:00:00,26426.6,26438.6,26415.6,26429.3,428,148,0
2026-04-20 16:15:00,26428.6,26446.6,26415.6,26431.6,358,148,0
2026-04-20 16:30:00,26431.9,26440.0,26411.6,26428.6,387,148,0
2026-04-20 16:45:00,26427.6,26439.2,26424.6,26433.6,314,148,0
2026-04-20 17:00:00,26434.5,26457.4,26431.6,26456.5,388,148,0
2026-04-20 17:15:00,26455.6,26462.5,26450.7,26451.6,255,148,0
2026-04-20 17:30:00,26451.2,26474.3,26442.3,26464.6,369,148,0
2026-04-20 17:45:00,26463.6,26470.5,26456.7,26459.0,273,148,0
2026-04-20 18:00:00,26461.6,26476.3,26449.9,26473.6,385,148,0
2026-04-20 18:15:00,26472.8,26480.1,26467.6,26471.7,318,148,0
2026-04-20 18:30:00,26472.6,26480.1,26461.6,26467.7,315,148,0
2026-04-20 18:45:00,26467.3,26486.6,26467.3,26483.0,245,148,0
2026-04-20 19:00:00,26469.8,26478.7,26468.2,26477.2,60,440,0
2026-04-20 19:15:00,26477.8,26477.8,26469.2,26470.2,43,440,0
2026-04-20 19:30:00,26469.2,26471.8,26461.2,26461.8,107,440,0
2026-04-20 19:45:00,26462.8,26475.8,26458.2,26475.1,121,440,0
2026-04-20 20:00:00,26475.7,26475.7,26452.9,26454.1,91,440,0
2026-04-20 20:15:00,26453.2,26456.8,26451.2,26455.9,46,440,0
2026-04-20 20:30:00,26455.3,26478.8,26452.3,26473.9,155,440,0
2026-04-20 20:45:00,26473.2,26473.2,26464.2,26465.3,108,440,0
2026-04-20 22:00:00,26445.9,26469.8,26445.9,26460.8,153,440,0
2026-04-20 22:15:00,26459.2,26466.7,26457.3,26463.2,76,440,0
2026-04-20 22:30:00,26462.2,26463.8,26458.2,26462.2,56,440,0
2026-04-20 22:45:00,26463.7,26466.8,26462.2,26465.7,55,440,0
2026-04-20 23:00:00,26466.7,26466.7,26462.2,26465.8,36,440,0
2026-04-20 23:15:00,26465.2,26466.7,26459.2,26459.2,58,440,0
2026-04-20 23:30:00,26458.3,26458.8,26454.3,26455.8,64,440,0
2026-04-20 23:45:00,26455.2,26457.9,26437.3,26457.9,116,440,0
2026-04-21 00:00:00,26459.9,26477.7,26458.1,26470.2,210,440,0
2026-04-21 00:15:00,26469.2,26473.1,26450.3,26453.3,160,440,0
2026-04-21 00:30:00,26454.8,26455.8,26441.3,26451.3,141,440,0
2026-04-21 01:15:00,26472.7,26481.0,26407.5,26415.4,548,148,0
2026-04-21 01:30:00,26415.8,26488.4,26357.9,26390.8,1135,148,0
2026-04-21 01:45:00,26388.8,26435.3,26378.9,26391.8,856,148,0
2026-04-21 02:00:00,26389.8,26399.3,26347.9,26395.8,756,148,0
2026-04-21 02:15:00,26393.8,26393.8,26341.4,26377.8,634,148,0
2026-04-21 02:30:00,26375.8,26429.7,26365.9,26404.4,614,148,0
2026-04-21 02:45:00,26403.4,26442.3,26393.9,26411.8,484,148,0
2026-04-21 03:00:00,26412.4,26412.4,26353.9,26355.4,519,148,0
2026-04-21 03:15:00,26355.8,26361.4,26334.8,26359.4,482,148,0
2026-04-21 03:30:00,26360.3,26383.3,26354.9,26377.3,286,148,0
2026-04-21 03:45:00,26375.8,26392.3,26368.8,26387.4,235,148,0
2026-04-21 04:00:00,26372.0,26377.8,26372.0,26375.7,43,440,0
2026-04-21 04:15:00,26375.2,26381.8,26375.2,26380.8,70,440,0
2026-04-21 05:00:00,26397.3,26476.3,26382.9,26472.8,606,148,0
2026-04-21 05:15:00,26474.3,26491.3,26449.9,26463.9,612,148,0
2026-04-21 05:30:00,26465.3,26520.3,26463.8,26518.7,513,148,0
2026-04-21 05:45:00,26519.3,26520.3,26451.9,26458.4,458,148,0
2026-04-21 06:00:00,26457.8,26477.3,26438.9,26464.4,467,148,0
2026-04-21 06:15:00,26466.3,26470.4,26431.9,26455.8,400,148,0
2026-04-21 06:30:00,26457.3,26464.3,26441.8,26456.8,390,148,0
2026-04-21 06:45:00,26456.4,26462.3,26435.9,26458.8,320,148,0
2026-04-21 07:00:00,26456.8,26456.8,26414.9,26426.4,408,148,0
2026-04-21 07:15:00,26428.4,26459.3,26420.9,26459.3,343,148,0
2026-04-21 07:30:00,26460.3,26467.3,26440.9,26455.9,299,148,0
2026-04-21 07:45:00,26457.4,26481.3,26453.8,26466.8,311,148,0
2026-04-21 08:00:00,26464.9,26470.3,26442.9,26444.8,389,148,0
2026-04-21 08:15:00,26445.4,26475.4,26445.4,26472.8,257,148,0
2026-04-21 09:15:00,26464.7,26470.5,26443.4,26457.6,325,148,0
2026-04-21 09:30:00,26458.6,26469.2,26455.1,26464.6,275,148,0
2026-04-21 09:45:00,26465.4,26488.4,26461.7,26468.6,288,148,0
2026-04-21 10:00:00,26468.9,26472.6,26459.2,26461.6,312,148,0
2026-04-21 10:15:00,26460.0,26466.0,26453.1,26453.7,242,148,0
2026-04-21 10:30:00,26453.9,26469.6,26450.6,26461.6,236,148,0
2026-04-21 10:45:00,26460.6,26470.5,26459.8,26467.6,242,148,0
2026-04-21 11:00:00,26469.2,26479.6,26439.6,26441.6,420,148,0
2026-04-21 11:15:00,26443.2,26471.7,26430.6,26470.6,342,148,0
2026-04-21 11:30:00,26469.4,26487.7,26467.6,26470.3,320,148,0
2026-04-21 11:45:00,26470.5,26470.5,26453.0,26454.6,283,148,0
2026-04-21 12:00:00,26456.0,26472.5,26451.6,26468.2,294,148,0
2026-04-21 12:15:00,26468.6,26469.6,26437.5,26456.2,429,148,0
2026-04-21 12:30:00,26454.6,26460.5,26392.5,26398.6,632,148,0
2026-04-21 12:45:00,26401.4,26407.6,26370.3,26392.6,525,148,0
2026-04-21 13:00:00,26393.0,26418.9,26393.0,26395.1,492,148,0
2026-04-21 13:15:00,26395.0,26424.6,26393.6,26417.7,448,148,0
2026-04-21 13:30:00,26414.9,26435.6,26385.6,26399.6,831,148,0
2026-04-21 13:45:00,26398.6,26407.5,26377.7,26407.1,712,148,0
2026-04-21 14:00:00,26405.9,26417.4,26381.9,26388.6,665,148,0
2026-04-21 14:15:00,26390.0,26400.6,26374.6,26391.9,586,148,0
2026-04-21 14:30:00,26391.6,26397.8,26340.8,26340.8,698,148,0
2026-04-21 14:45:00,26339.5,26341.1,26240.7,26247.7,779,148,0
2026-04-21 15:00:00,26248.8,26274.4,26207.2,26261.6,865,148,0
2026-04-21 15:15:00,26261.2,26293.5,26236.6,26245.0,765,148,0
2026-04-21 15:30:00,26244.8,26260.4,26206.8,26252.8,739,148,0
2026-04-21 15:45:00,26254.1,26265.1,26227.6,26244.5,608,148,0
2026-04-21 16:00:00,26245.0,26285.3,26229.6,26239.6,673,148,0
2026-04-21 16:15:00,26240.6,26248.1,26222.0,26222.0,499,148,0
2026-04-21 16:30:00,26221.6,26248.1,26209.9,26212.6,507,148,0
2026-04-21 16:45:00,26213.0,26230.6,26201.2,26201.6,494,148,0
2026-04-21 17:00:00,26202.6,26224.1,26155.6,26157.7,772,148,0
2026-04-21 17:15:00,26158.6,26166.0,26125.7,26158.6,640,148,0
2026-04-21 17:30:00,26159.6,26251.8,26158.6,26222.2,829,148,0
2026-04-21 17:45:00,26221.3,26226.8,26177.3,26192.6,566,148,0
2026-04-21 18:00:00,26194.2,26216.3,26181.6,26191.6,548,148,0
2026-04-21 18:15:00,26190.8,26198.9,26151.4,26174.6,700,148,0
2026-04-21 18:30:00,26175.8,26207.5,26169.6,26175.6,445,148,0
2026-04-21 18:45:00,26173.9,26237.4,26157.5,26201.1,657,148,0
2026-04-21 19:00:00,26187.8,26207.8,26180.9,26189.2,208,440,0
2026-04-21 19:15:00,26190.8,26222.8,26185.9,26220.8,244,440,0
2026-04-21 19:30:00,26221.7,26223.7,26109.3,26117.9,346,440,0
2026-04-21 19:45:00,26119.8,26145.7,26104.3,26128.8,434,440,0
2026-04-21 20:00:00,26128.1,26211.6,26115.2,26200.8,378,440,0
2026-04-21 20:15:00,26201.7,26216.1,26195.2,26202.8,263,440,0
2026-04-21 20:30:00,26202.2,26208.7,26198.2,26200.8,131,440,0
2026-04-21 20:45:00,26201.7,26214.8,26195.3,26208.2,127,440,0
2026-04-21 22:00:00,26200.2,26238.1,26199.9,26236.2,201,440,0
2026-04-21 22:15:00,26235.2,26237.7,26228.2,26230.2,93,440,0
2026-04-21 22:30:00,26230.8,26233.7,26226.2,26229.2,63,440,0
2026-04-21 22:45:00,26229.8,26231.8,26219.2,26222.7,77,440,0
2026-04-21 23:00:00,26222.2,26232.8,26220.2,26230.8,83,440,0
2026-04-21 23:15:00,26230.2,26276.8,26227.2,26264.1,95,440,0
2026-04-21 23:30:00,26264.8,26271.7,26260.2,26271.7,99,440,0
2026-04-21 23:45:00,26272.7,26293.8,26272.7,26290.8,157,440,0
2026-04-22 00:00:00,26296.5,26323.7,26296.5,26313.2,286,440,0
2026-04-22 00:15:00,26313.8,26327.8,26308.8,26312.2,196,440,0
2026-04-22 00:30:00,26312.8,26328.8,26312.8,26325.2,153,440,0
2026-04-22 01:15:00,26257.3,26267.9,26221.5,26255.3,550,148,0
2026-04-22 01:30:00,26257.3,26269.3,26142.9,26188.4,1137,148,0
2026-04-22 01:45:00,26186.8,26190.3,26117.9,26158.8,779,148,0
2026-04-22 02:00:00,26156.9,26202.3,26154.9,26159.9,709,148,0
2026-04-22 02:15:00,26157.9,26160.4,26108.7,26117.8,550,148,0
2026-04-22 02:30:00,26115.9,26141.3,26081.9,26093.8,507,148,0
2026-04-22 02:45:00,26094.4,26111.3,26070.9,26084.8,513,148,0
2026-04-22 03:00:00,26086.4,26122.7,26072.9,26092.4,489,148,0
2026-04-22 03:15:00,26093.4,26125.3,26085.8,26123.4,431,148,0
2026-04-22 03:30:00,26122.8,26162.3,26122.8,26129.9,396,148,0
2026-04-22 03:45:00,26128.9,26140.4,26108.8,26118.0,253,148,0
2026-04-22 04:00:00,26103.4,26115.8,26103.2,26113.8,129,440,0
2026-04-22 04:15:00,26113.2,26113.8,26100.2,26100.2,131,440,0
2026-04-22 05:00:00,26113.9,26114.3,26064.8,26090.3,589,148,0
2026-04-22 05:15:00,26087.8,26156.3,26082.8,26132.4,659,148,0
2026-04-22 05:30:00,26130.8,26137.4,26097.9,26121.9,460,148,0
2026-04-22 05:45:00,26120.8,26134.3,26091.8,26099.8,390,148,0
2026-04-22 06:00:00,26098.8,26126.7,26085.9,26092.4,410,148,0
2026-04-22 06:15:00,26090.9,26130.3,26079.5,26127.4,384,148,0
2026-04-22 06:30:00,26129.3,26156.7,26123.8,26149.7,393,148,0
2026-04-22 06:45:00,26148.8,26177.3,26138.9,26175.8,320,148,0
2026-04-22 07:00:00,26177.3,26196.3,26158.8,26161.7,391,148,0
2026-04-22 07:15:00,26159.8,26174.4,26136.8,26164.4,367,148,0
2026-04-22 07:30:00,26162.8,26174.3,26149.9,26160.8,293,148,0
2026-04-22 07:45:00,26159.8,26187.3,26147.8,26179.7,349,148,0
2026-04-22 08:00:00,26177.8,26184.4,26125.9,26138.8,389,148,0
2026-04-22 08:15:00,26138.4,26143.3,26117.8,26137.9,340,148,0
2026-04-22 09:15:00,26145.9,26164.9,26133.1,26144.8,440,148,0
2026-04-22 09:30:00,26145.6,26157.5,26136.6,26154.8,349,148,0
2026-04-22 09:45:00,26153.7,26155.2,26104.0,26120.6,393,148,0
2026-04-22 10:00:00,26122.1,26137.5,26095.3,26104.6,492,148,0
2026-04-22 10:15:00,26103.6,26133.6,26103.6,26127.4,362,148,0
2026-04-22 10:30:00,26126.6,26143.6,26122.7,26129.5,337,148,0
2026-04-22 10:45:00,26130.6,26136.6,26126.7,26129.1,334,148,0
2026-04-22 11:00:00,26129.4,26135.5,26115.6,26115.6,359,148,0
2026-04-22 11:15:00,26114.6,26195.0,26113.4,26195.0,503,148,0
2026-04-22 11:30:00,26196.3,26201.5,26162.4,26165.7,476,148,0
2026-04-22 11:45:00,26164.9,26187.4,26158.6,26168.3,384,148,0
2026-04-22 12:00:00,26167.6,26177.6,26158.0,26170.6,365,148,0
2026-04-22 12:15:00,26169.6,26181.7,26144.8,26147.7,368,148,0
2026-04-22 12:30:00,26146.3,26146.3,26124.9,26130.1,553,148,0
2026-04-22 12:45:00,26129.2,26143.7,26118.6,26122.6,400,148,0
2026-04-22 13:00:00,26124.0,26162.9,26114.6,26136.3,513,148,0
2026-04-22 13:15:00,26137.6,26182.9,26131.9,26174.9,590,148,0
2026-04-22 13:30:00,26177.9,26182.8,26124.4,26144.2,877,148,0
2026-04-22 13:45:00,26143.6,26176.6,26138.8,26176.5,732,148,0
2026-04-22 14:00:00,26173.7,26203.6,26172.6,26192.6,604,148,0
2026-04-22 14:15:00,26191.6,26246.2,26191.6,26237.5,643,148,0
2026-04-22 14:30:00,26237.0,26242.4,26183.5,26186.7,797,148,0
2026-04-22 14:45:00,26187.6,26201.6,26152.2,26172.6,594,148,0
2026-04-22 15:00:00,26173.8,26207.6,26160.7,26190.6,662,148,0
2026-04-22 15:15:00,26189.6,26218.5,26176.6,26211.7,521,148,0
2026-04-22 15:30:00,26213.0,26225.5,26183.1,26184.7,558,148,0
2026-04-22 15:45:00,26183.6,26204.0,26178.9,26184.6,467,148,0
2026-04-22 16:00:00,26187.1,26212.5,26184.0,26200.4,467,148,0
2026-04-22 16:15:00,26199.9,26201.6,26162.3,26163.8,411,148,0
2026-04-22 16:30:00,26165.3,26174.2,26143.7,26149.0,488,148,0
2026-04-22 16:45:00,26146.7,26155.7,26142.3,26145.7,440,148,0
2026-04-22 17:00:00,26145.6,26200.1,26144.6,26179.6,580,148,0
2026-04-22 17:15:00,26180.2,26201.5,26173.1,26186.6,363,148,0
2026-04-22 17:30:00,26185.2,26192.5,26179.6,26188.6,288,148,0
2026-04-22 17:45:00,26189.3,26189.6,26174.9,26175.6,377,148,0
2026-04-22 18:00:00,26174.6,26175.8,26156.4,26159.6,252,148,0
2026-04-22 18:15:00,26160.1,26160.6,26133.6,26140.0,335,148,0
2026-04-22 18:30:00,26139.7,26169.3,26139.3,26169.3,295,148,0
2026-04-22 18:45:00,26168.2,26170.6,26141.6,26153.0,314,148,0
2026-04-22 19:00:00,26138.9,26143.8,26119.3,26143.2,173,440,0
2026-04-22 19:15:00,26143.8,26144.8,26126.2,26136.9,119,440,0
2026-04-22 19:30:00,26136.2,26141.8,26129.2,26141.2,106,440,0
2026-04-22 19:45:00,26141.8,26155.8,26140.2,26153.3,171,440,0
2026-04-22 20:00:00,26152.3,26155.8,26143.3,26143.3,191,440,0
2026-04-22 20:15:00,26144.8,26145.8,26139.2,26143.2,105,440,0
2026-04-22 20:30:00,26143.8,26146.7,26134.7,26140.2,81,440,0
2026-04-22 20:45:00,26140.8,26144.8,26140.2,26143.2,63,440,0
2026-04-22 22:00:00,26122.0,26130.7,26117.3,26124.2,130,440,0
2026-04-22 22:15:00,26124.8,26131.7,26124.2,26124.2,70,440,0
2026-04-22 22:30:00,26122.3,26126.8,26120.3,26123.2,73,440,0
2026-04-22 22:45:00,26124.8,26126.7,26121.3,26124.2,47,440,0
2026-04-22 23:00:00,26123.3,26126.8,26118.3,26126.2,58,440,0
2026-04-22 23:15:00,26126.8,26126.8,26123.3,26126.2,37,440,0
2026-04-22 23:30:00,26125.2,26125.2,26118.3,26122.2,56,440,0
2026-04-22 23:45:00,26121.2,26159.7,26121.2,26156.7,163,440,0
2026-04-23 00:00:00,26156.1,26157.7,26040.4,26040.4,408,440,0
2026-04-23 00:15:00,26039.3,26126.7,25943.4,26126.7,618,440,0
2026-04-23 00:30:00,26127.9,26139.7,26112.2,26117.8,361,440,0
2026-04-23 01:15:00,26173.1,26173.1,26050.9,26056.8,684,148,0
2026-04-23 01:30:00,26056.5,26084.9,25859.9,25867.4,1367,148,0
2026-04-23 01:45:00,25865.9,25971.3,25850.8,25963.8,915,148,0
2026-04-23 02:00:00,25965.3,25982.3,25860.9,25870.4,893,148,0
2026-04-23 02:15:00,25868.9,25983.3,25858.9,25891.4,829,148,0
2026-04-23 02:30:00,25892.4,25928.4,25877.8,25894.8,753,148,0
2026-04-23 02:45:00,25892.8,25943.3,25885.8,25907.4,647,148,0
2026-04-23 03:00:00,25908.4,25928.1,25864.8,25864.8,668,148,0
2026-04-23 03:15:00,25862.9,25870.3,25819.9,25846.4,591,148,0
2026-04-23 03:30:00,25844.8,25873.3,25826.8,25873.3,474,148,0
2026-04-23 03:45:00,25871.8,25883.3,25852.8,25863.9,374,148,0
2026-04-23 04:00:00,25849.1,25872.7,25843.2,25871.8,185,440,0
2026-04-23 04:15:00,25871.1,25874.7,25865.2,25869.1,145,440,0
2026-04-23 05:00:00,25897.6,25897.6,25852.9,25876.4,637,148,0
2026-04-23 05:15:00,25877.3,25899.7,25856.8,25899.4,525,148,0
2026-04-23 05:30:00,25899.7,25915.4,25872.9,25887.8,522,148,0
2026-04-23 05:45:00,25888.4,25959.3,25885.4,25956.8,542,148,0
2026-04-23 06:00:00,25957.2,25970.4,25897.9,25906.4,548,148,0
2026-04-23 06:15:00,25907.4,25937.3,25903.8,25917.4,414,148,0
2026-04-23 06:30:00,25916.8,25938.3,25904.8,25924.4,409,148,0
2026-04-23 06:45:00,25923.8,25934.4,25898.9,25904.8,358,148,0
2026-04-23 07:00:00,25906.4,25910.3,25883.8,25896.8,472,148,0
2026-04-23 07:15:00,25900.3,25906.3,25882.8,25906.3,379,148,0
2026-04-23 07:30:00,25904.8,25917.3,25880.8,25899.4,397,148,0
2026-04-23 07:45:00,25900.3,25921.3,25887.8,25914.8,378,148,0
2026-04-23 08:00:00,25916.3,25925.3,25876.8,25876.8,396,148,0
2026-04-23 08:15:00,25877.4,25909.7,25875.8,25902.1,311,148,0
2026-04-23 09:15:00,25856.8,25881.3,25826.2,25868.8,596,148,0
2026-04-23 09:30:00,25869.6,25896.3,25869.6,25893.6,427,148,0
2026-04-23 09:45:00,25894.6,25895.6,25865.6,25875.8,450,148,0
2026-04-23 10:00:00,25875.6,25875.6,25824.0,25828.4,475,148,0
2026-04-23 10:15:00,25829.5,25864.2,25826.6,25847.6,425,148,0
2026-04-23 10:30:00,25849.2,25870.8,25845.6,25852.6,440,148,0
2026-04-23 10:45:00,25851.8,25875.4,25836.7,25866.3,423,148,0
2026-04-23 11:00:00,25867.4,25878.4,25862.6,25869.6,420,148,0
2026-04-23 11:15:00,25868.6,25884.6,25855.8,25865.6,383,148,0
2026-04-23 11:30:00,25867.0,25897.2,25848.0,25896.6,542,148,0
2026-04-23 11:45:00,25896.4,25949.6,25893.9,25937.6,608,148,0
2026-04-23 12:00:00,25937.3,25976.3,25935.3,25971.6,602,148,0
2026-04-23 12:15:00,25970.1,25971.6,25942.2,25958.6,402,148,0
2026-04-23 12:30:00,25960.3,25975.1,25953.7,25959.8,514,148,0
2026-04-23 12:45:00,25959.6,25966.6,25929.7,25947.6,656,148,0
2026-04-23 13:00:00,25948.4,25954.6,25922.0,25927.5,468,148,0
2026-04-23 13:15:00,25930.2,25974.6,25929.3,25966.9,429,148,0
2026-04-23 13:30:00,25967.0,25994.5,25952.6,25975.6,712,148,0
2026-04-23 13:45:00,25973.5,25973.5,25897.6,25897.6,667,148,0
2026-04-23 14:00:00,25898.7,25918.5,25868.9,25914.6,784,148,0
2026-04-23 14:15:00,25913.2,25959.6,25913.2,25941.6,692,148,0
2026-04-23 14:30:00,25940.2,25958.6,25937.0,25956.6,631,148,0
2026-04-23 14:45:00,25957.1,25974.2,25950.6,25965.5,527,148,0
2026-04-23 15:00:00,25964.3,25969.6,25928.6,25945.6,542,148,0
2026-04-23 15:15:00,25944.6,25980.6,25938.6,25954.3,520,148,0
2026-04-23 15:30:00,25954.5,25968.0,25926.6,25928.6,547,148,0
2026-04-23 15:45:00,25930.2,25944.5,25898.5,25925.6,680,148,0
2026-04-23 16:00:00,25926.4,25934.5,25909.9,25926.6,488,148,0
2026-04-23 16:15:00,25925.6,25933.6,25909.6,25919.5,471,148,0
2026-04-23 16:30:00,25918.0,25938.2,25912.4,25927.6,398,148,0
2026-04-23 16:45:00,25926.7,25932.6,25900.2,25911.6,386,148,0
2026-04-23 17:00:00,25912.6,25917.6,25792.8,25804.2,889,148,0
2026-04-23 17:15:00,25802.6,25805.9,25726.3,25732.5,870,156,0
2026-04-23 17:30:00,25733.0,25787.1,25668.8,25680.0,937,156,0
2026-04-23 17:45:00,25682.9,25828.7,25644.4,25791.6,1233,148,0
2026-04-23 18:00:00,25793.3,25843.7,25784.1,25814.6,958,148,0
2026-04-23 18:15:00,25815.4,25837.1,25803.5,25834.6,713,148,0
2026-04-23 18:30:00,25836.1,25853.5,25800.0,25815.7,591,148,0
2026-04-23 18:45:00,25815.6,25819.6,25787.6,25787.9,501,148,0
2026-04-23 19:00:00,25772.0,25786.8,25762.3,25781.1,277,440,0
2026-04-23 19:15:00,25781.8,25791.8,25779.2,25782.2,176,440,0
2026-04-23 19:30:00,25781.2,25789.8,25752.9,25767.8,258,440,0
2026-04-23 19:45:00,25767.2,25795.7,25756.8,25791.8,276,440,0
2026-04-23 20:00:00,25790.2,25795.8,25773.2,25774.8,215,440,0
2026-04-23 20:15:00,25773.2,25782.7,25764.3,25778.2,128,440,0
2026-04-23 20:30:00,25777.2,25782.7,25775.2,25781.1,80,440,0
2026-04-23 20:45:00,25781.8,25781.8,25767.2,25770.2,112,440,0
2026-04-23 22:00:00,25798.1,25816.8,25792.3,25814.8,184,440,0
2026-04-23 22:15:00,25815.7,25816.7,25802.3,25804.2,86,440,0
2026-04-23 22:30:00,25804.8,25809.8,25800.2,25805.8,87,440,0
2026-04-23 22:45:00,25806.7,25815.7,25806.2,25808.2,99,440,0
2026-04-23 23:00:00,25808.8,25811.8,25804.2,25806.9,71,440,0
2026-04-23 23:15:00,25806.2,25815.8,25805.2,25814.8,56,440,0
2026-04-23 23:30:00,25816.7,25828.8,25814.2,25826.8,116,440,0
2026-04-23 23:45:00,25827.7,25839.8,25820.2,25823.8,142,440,0
2026-04-24 00:00:00,25825.5,25836.8,25801.9,25836.8,295,440,0
2026-04-24 00:15:00,25837.8,25843.7,25827.2,25842.1,216,440,0
2026-04-24 00:30:00,25841.2,25847.8,25792.3,25794.9,226,440,0
2026-04-24 01:15:00,25781.8,25807.4,25707.8,25709.8,669,148,0
2026-04-24 01:30:00,25711.2,25746.9,25655.8,25667.5,1181,148,0
2026-04-24 01:45:00,25668.4,25722.7,25632.1,25665.8,872,148,0
2026-04-24 02:00:00,25664.8,25729.3,25610.9,25720.3,854,148,0
2026-04-24 02:15:00,25722.3,25739.3,25665.9,25702.8,790,148,0
2026-04-24 02:30:00,25703.4,25757.3,25703.4,25746.4,734,148,0
2026-04-24 02:45:00,25748.3,25775.3,25722.9,25759.8,641,148,0
2026-04-24 03:00:00,25761.3,25801.4,25748.4,25778.8,734,148,0
2026-04-24 03:15:00,25780.4,25809.3,25748.9,25756.8,676,148,0
2026-04-24 03:30:00,25754.8,25798.3,25736.9,25783.4,607,148,0
2026-04-24 03:45:00,25784.4,25841.3,25784.4,25830.3,471,148,0
2026-04-24 04:00:00,25815.9,25832.8,25809.2,25832.2,166,440,0
2026-04-24 04:15:00,25831.2,25832.8,25820.3,25825.8,101,440,0
2026-04-24 05:00:00,25836.5,25906.3,25836.5,25874.4,831,148,0
2026-04-24 05:15:00,25875.4,25875.4,25822.8,25849.8,566,148,0
2026-04-24 05:30:00,25851.4,25893.4,25842.8,25890.3,587,148,0
2026-04-24 05:45:00,25888.8,25935.4,25875.9,25935.4,466,148,0
2026-04-24 06:00:00,25934.7,25981.3,25930.8,25969.3,503,148,0
2026-04-24 06:15:00,25967.8,25978.3,25938.9,25944.4,492,148,0
2026-04-24 06:30:00,25946.4,25963.3,25936.9,25938.8,479,148,0
2026-04-24 06:45:00,25937.8,25940.4,25923.8,25937.4,346,148,0
2026-04-24 07:00:00,25935.8,25961.3,25931.8,25936.8,442,148,0
2026-04-24 07:15:00,25938.4,25972.4,25932.9,25966.8,397,148,0
2026-04-24 07:30:00,25964.8,25966.3,25937.8,25950.3,395,148,0
2026-04-24 07:45:00,25949.8,25974.7,25948.8,25971.7,375,148,0
2026-04-24 08:00:00,25969.8,25975.3,25931.9,25942.8,440,148,0
2026-04-24 08:15:00,25943.4,25980.3,25942.8,25949.0,417,148,0
2026-04-24 09:15:00,25934.2,25936.2,25807.2,25862.6,794,148,0
2026-04-24 09:30:00,25863.5,25900.6,25856.3,25898.0,497,148,0
2026-04-24 09:45:00,25898.6,25903.7,25873.1,25887.2,466,148,0
2026-04-24 10:00:00,25888.3,25909.6,25886.6,25901.6,449,148,0
2026-04-24 10:15:00,25901.4,25928.9,25898.6,25924.6,363,148,0
2026-04-24 10:30:00,25923.1,25927.6,25911.7,25924.9,359,148,0
2026-04-24 10:45:00,25924.6,25935.4,25918.6,25928.6,266,148,0
2026-04-24 11:00:00,25927.6,26021.4,25927.5,26001.2,847,148,0
2026-04-24 11:15:00,25999.3,26071.3,25979.8,26071.3,925,148,0
2026-04-24 11:30:00,26070.7,26076.3,26005.8,26007.9,608,148,0
2026-04-24 11:45:00,26007.7,26010.8,25990.6,26005.6,491,148,0
2026-04-24 12:00:00,26006.8,26016.6,25988.6,26007.6,520,148,0
2026-04-24 12:15:00,26006.6,26016.5,25981.7,25995.6,560,148,0
2026-04-24 12:30:00,25994.5,25994.6,25939.6,25943.9,534,148,0
2026-04-24 12:45:00,25944.6,25951.1,25901.1,25944.6,574,148,0
2026-04-24 13:00:00,25947.0,25959.8,25930.6,25935.6,501,148,0
2026-04-24 13:15:00,25936.6,25948.3,25910.6,25918.0,497,148,0
2026-04-24 13:30:00,25919.3,25928.5,25872.6,25905.3,938,148,0
2026-04-24 13:45:00,25906.7,25931.5,25887.2,25912.6,813,148,0
2026-04-24 14:00:00,25908.2,25953.0,25884.1,25936.6,933,148,0
2026-04-24 14:15:00,25936.0,25977.5,25919.6,25948.6,741,148,0
2026-04-24 14:30:00,25950.6,25982.5,25942.9,25970.6,746,148,0
2026-04-24 14:45:00,25970.8,25981.9,25943.6,25977.6,634,148,0
2026-04-24 15:00:00,25978.6,26005.6,25974.9,25996.4,629,148,0
2026-04-24 15:15:00,25996.6,25999.9,25968.9,25978.5,595,148,0
2026-04-24 15:30:00,25977.0,26030.8,25943.0,26021.4,647,148,0
2026-04-24 15:45:00,26021.7,26052.9,25995.7,26028.7,911,148,0
2026-04-24 16:00:00,26030.2,26034.0,25989.6,25997.6,615,148,0
2026-04-24 16:15:00,25998.6,26014.6,25991.6,26003.3,473,148,0
2026-04-24 16:30:00,26004.5,26025.1,25984.5,25995.5,491,148,0
2026-04-24 16:45:00,25996.5,26024.5,25990.0,26020.6,520,148,0
2026-04-24 17:00:00,26020.9,26030.3,26014.6,26018.1,498,148,0
2026-04-24 17:15:00,26017.8,26019.6,25996.6,26013.6,416,148,0
2026-04-24 17:30:00,26012.6,26033.1,25996.7,26032.6,485,148,0
2026-04-24 17:45:00,26032.0,26056.3,26026.6,26031.5,392,148,0
2026-04-24 18:00:00,26031.7,26038.6,26017.9,26036.6,390,148,0
2026-04-24 18:15:00,26037.6,26038.6,26008.7,26012.1,389,148,0
2026-04-24 18:30:00,26011.6,26035.7,26011.6,26024.0,333,148,0
2026-04-24 18:45:00,26023.6,26026.5,26011.6,26024.2,312,148,0
2026-04-24 19:00:00,26009.9,26022.1,26009.2,26020.1,97,440,0
2026-04-24 19:15:00,26020.8,26026.7,26010.2,26017.7,95,440,0
2026-04-24 19:30:00,26016.2,26021.7,26012.2,26018.2,114,440,0
2026-04-24 19:45:00,26017.2,26030.8,26004.2,26028.1,175,440,0
2026-04-26 22:00:00,25985.1,25985.1,25948.3,25958.2,207,440,0
2026-04-26 22:15:00,25959.8,25969.8,25957.3,25967.8,125,440,0
2026-04-26 22:30:00,25968.2,25974.8,25962.2,25972.2,93,440,0
2026-04-26 22:45:00,25972.8,25978.8,25969.2,25978.2,66,440,0
2026-04-26 23:00:00,25978.8,25979.8,25970.3,25971.8,101,440,0
2026-04-26 23:15:00,25972.8,25981.8,25972.8,25974.3,89,440,0
2026-04-26 23:30:00,25973.3,25973.3,25964.2,25968.8,104,440,0
2026-04-26 23:45:00,25969.8,25977.8,25964.2,25975.8,159,440,0
2026-04-27 00:00:00,25973.6,25981.8,25964.2,25971.8,308,440,0
2026-04-27 00:15:00,25971.2,25973.7,25957.3,25961.2,207,440,0
2026-04-27 00:30:00,25961.8,25995.6,25956.3,25992.0,209,440,0
2026-04-27 01:15:00,26021.1,26022.5,25907.9,25920.8,695,148,0
2026-04-27 01:30:00,25918.8,25996.3,25821.5,25979.3,1522,148,0
2026-04-27 01:45:00,25977.8,26073.4,25977.8,26048.4,919,148,0
2026-04-27 02:00:00,26051.8,26058.0,25937.9,25949.4,790,156,0
2026-04-27 02:15:00,25947.4,25988.0,25924.6,25955.5,687,156,0
2026-04-27 02:30:00,25953.5,26002.4,25950.4,25985.0,649,156,0
2026-04-27 02:45:00,25983.5,25998.8,25961.5,25961.5,623,156,0
2026-04-27 03:00:00,25963.0,25971.1,25924.5,25941.0,577,156,0
2026-04-27 03:15:00,25942.9,25986.3,25925.5,25969.4,546,156,0
2026-04-27 03:30:00,25972.6,26044.0,25969.4,26041.0,453,156,0
2026-04-27 03:45:00,26042.0,26045.9,25996.4,26023.3,374,148,0
2026-04-27 04:00:00,26008.9,26010.6,26000.2,26006.7,103,440,0
2026-04-27 04:15:00,26006.2,26020.8,26006.2,26018.8,79,440,0
2026-04-27 05:00:00,26026.9,26026.9,25928.0,25944.5,615,156,0
2026-04-27 05:15:00,25942.5,25971.3,25930.5,25944.0,536,156,0
2026-04-27 05:30:00,25946.0,25946.1,25885.5,25898.0,541,156,0
2026-04-27 05:45:00,25898.4,25920.0,25888.2,25894.8,413,148,0
2026-04-27 06:00:00,25895.4,25922.0,25879.8,25898.0,509,148,0
2026-04-27 06:15:00,25896.5,25905.4,25879.5,25889.8,445,148,0
2026-04-27 06:30:00,25890.4,25915.4,25879.9,25912.7,427,148,0
2026-04-27 06:45:00,25910.8,25925.3,25907.4,25916.4,326,148,0
2026-04-27 07:00:00,25915.8,25945.7,25893.9,25924.7,488,148,0
2026-04-27 07:15:00,25925.3,25964.3,25918.8,25947.9,372,148,0
2026-04-27 07:30:00,25949.4,25952.4,25914.8,25939.4,428,148,0
2026-04-27 07:45:00,25940.3,25971.3,25928.9,25968.7,379,148,0
2026-04-27 08:00:00,25966.8,25970.3,25893.8,25895.8,482,148,0
2026-04-27 08:15:00,25896.4,25916.3,25895.8,25905.6,314,148,0
2026-04-27 09:15:00,25925.5,25943.3,25909.7,25912.1,390,148,0
2026-04-27 09:30:00,25911.6,25924.6,25907.6,25924.6,312,148,0
2026-04-27 09:45:00,25924.4,25939.0,25913.6,25921.6,271,148,0
2026-04-27 10:00:00,25922.2,25924.9,25905.6,25909.6,284,148,0
2026-04-27 10:15:00,25910.6,25928.6,25905.6,25921.7,262,148,0
2026-04-27 10:30:00,25922.6,25947.6,25921.3,25946.6,284,148,0
2026-04-27 10:45:00,25945.8,25955.6,25939.3,25945.6,285,148,0
2026-04-27 11:00:00,25947.0,25951.8,25936.6,25937.0,291,148,0
2026-04-27 11:15:00,25936.7,25941.6,25928.6,25929.6,291,148,0
2026-04-27 11:30:00,25929.8,25935.0,25917.6,25923.6,257,148,0
2026-04-27 11:45:00,25925.1,25931.9,25910.6,25917.6,256,148,0
2026-04-27 12:00:00,25918.8,25927.6,25913.8,25923.4,329,148,0
2026-04-27 12:15:00,25924.6,25932.3,25888.6,25901.6,396,148,0
2026-04-27 12:30:00,25901.0,25907.6,25881.3,25884.6,391,148,0
2026-04-27 12:45:00,25886.3,25888.9,25845.2,25851.6,407,148,0
2026-04-27 13:00:00,25853.2,25873.2,25841.6,25861.6,515,148,0
2026-04-27 13:15:00,25862.2,25878.5,25860.9,25872.8,420,148,0
2026-04-27 13:30:00,25871.7,25925.9,25871.7,25912.6,827,148,0
2026-04-27 13:45:00,25913.6,25929.7,25873.7,25916.7,787,148,0
2026-04-27 14:00:00,25916.4,25925.6,25888.3,25897.6,699,148,0
2026-04-27 14:15:00,25898.8,25900.0,25875.6,25877.6,651,148,0
2026-04-27 14:30:00,25876.6,25909.9,25861.6,25903.6,668,148,0
2026-04-27 14:45:00,25905.2,25906.4,25863.6,25869.6,556,148,0
2026-04-27 15:00:00,25872.1,25875.3,25832.3,25860.6,586,148,0
2026-04-27 15:15:00,25859.8,25888.1,25853.7,25879.6,645,148,0
2026-04-27 15:30:00,25879.8,25882.8,25855.0,25861.0,500,148,0
2026-04-27 15:45:00,25861.3,25865.6,25841.6,25849.6,428,148,0
2026-04-27 16:00:00,25850.6,25858.6,25841.6,25854.6,386,148,0
2026-04-27 16:15:00,25853.6,25860.6,25831.6,25836.6,351,148,0
2026-04-27 16:30:00,25836.9,25850.6,25836.9,25837.6,291,148,0
2026-04-27 16:45:00,25839.1,25847.6,25830.6,25840.6,320,148,0
2026-04-27 17:00:00,25841.6,25851.1,25833.6,25850.8,362,148,0
2026-04-27 17:15:00,25851.5,25858.1,25829.6,25855.4,446,148,0
2026-04-27 17:30:00,25854.6,25870.6,25851.7,25856.6,351,148,0
2026-04-27 17:45:00,25857.6,25857.6,25835.6,25836.7,224,148,0
2026-04-27 18:00:00,25836.4,25849.5,25831.6,25848.5,268,148,0
2026-04-27 18:15:00,25848.0,25857.6,25842.6,25854.2,275,148,0
2026-04-27 18:30:00,25854.6,25862.6,25849.6,25851.5,236,148,0
2026-04-27 18:45:00,25850.9,25859.6,25838.7,25844.0,269,148,0
2026-04-27 19:00:00,25828.9,25842.7,25828.9,25842.1,85,440,0
2026-04-27 19:15:00,25842.8,25849.8,25842.1,25847.1,68,440,0
2026-04-27 19:30:00,25846.2,25849.8,25838.2,25843.8,84,440,0
2026-04-27 19:45:00,25844.7,25851.8,25832.3,25834.8,126,440,0
2026-04-27 20:00:00,25835.8,25837.9,25830.3,25834.8,86,440,0
2026-04-27 20:15:00,25835.8,25835.8,25831.2,25835.8,53,440,0
2026-04-27 20:30:00,25836.8,25842.8,25836.2,25842.2,45,440,0
2026-04-27 20:45:00,25842.8,25842.8,25833.3,25833.9,61,440,0
2026-04-27 22:00:00,25825.9,25856.7,25825.9,25855.1,203,440,0
2026-04-27 22:15:00,25855.8,25863.7,25853.1,25856.7,95,440,0
2026-04-27 22:30:00,25857.7,25861.8,25855.1,25859.8,68,440,0
2026-04-27 22:45:00,25861.7,25862.1,25853.2,25853.8,65,440,0
2026-04-27 23:00:00,25853.2,25857.8,25850.8,25853.2,53,440,0
2026-04-27 23:15:00,25853.8,25860.8,25853.2,25857.8,60,440,0
2026-04-27 23:30:00,25856.2,25864.8,25855.1,25862.1,96,440,0
2026-04-27 23:45:00,25862.8,25865.7,25854.2,25862.2,158,440,0
2026-04-28 00:00:00,25863.6,25874.1,25859.2,25862.2,290,440,0
2026-04-28 00:15:00,25861.2,25873.8,25829.2,25838.9,236,440,0
2026-04-28 00:30:00,25839.9,25850.9,25833.3,25850.2,188,440,0
2026-04-28 01:15:00,25854.6,25866.4,25704.5,25711.4,755,148,0
2026-04-28 01:30:00,25709.9,25878.3,25701.5,25834.9,1526,148,0
2026-04-28 01:45:00,25836.4,25875.4,25814.9,25828.9,986,148,0
2026-04-28 02:00:00,25831.4,25892.3,25816.9,25870.8,884,148,0
2026-04-28 02:15:00,25868.8,25873.4,25803.8,25808.3,785,148,0
2026-04-28 02:30:00,25804.8,25807.3,25728.9,25768.4,693,148,0
2026-04-28 02:45:00,25766.8,25787.3,25713.9,25748.4,567,148,0
2026-04-28 03:00:00,25749.3,25775.3,25738.2,25769.4,538,148,0
2026-04-28 03:15:00,25767.8,25794.3,25737.9,25781.8,530,148,0
2026-04-28 03:30:00,25782.4,25784.4,25744.8,25746.8,327,148,0
2026-04-28 03:45:00,25745.8,25757.3,25737.8,25741.5,283,148,0
2026-04-28 04:00:00,25726.4,25738.0,25724.2,25726.2,156,440,0
2026-04-28 04:15:00,25726.9,25736.8,25726.9,25732.8,102,440,0
2026-04-28 05:00:00,25746.6,25752.4,25656.8,25656.8,633,148,0
2026-04-28 05:15:00,25657.4,25657.4,25614.9,25631.4,417,148,0
2026-04-28 05:30:00,25629.8,25652.3,25618.4,25631.3,426,148,0
2026-04-28 05:45:00,25633.3,25639.3,25610.8,25612.8,432,148,0
2026-04-28 06:00:00,25614.4,25634.3,25596.8,25632.8,465,148,0
2026-04-28 06:15:00,25633.4,25634.3,25573.9,25576.8,324,148,0
2026-04-28 06:30:00,25575.8,25612.3,25565.8,25604.8,288,148,0
2026-04-28 06:45:00,25605.4,25648.3,25596.8,25641.8,324,148,0
2026-04-28 07:00:00,25640.8,25673.3,25617.9,25673.3,417,148,0
2026-04-28 07:15:00,25675.3,25682.4,25624.5,25642.8,394,148,0
2026-04-28 07:30:00,25641.8,25652.3,25622.4,25642.8,348,148,0
2026-04-28 07:45:00,25645.4,25654.3,25630.8,25651.8,324,148,0
2026-04-28 08:00:00,25650.8,25654.3,25589.9,25599.8,475,148,0
2026-04-28 08:15:00,25597.9,25648.2,25597.8,25648.2,297,148,0
2026-04-28 09:15:00,25648.3,25654.1,25616.9,25621.6,475,148,0
2026-04-28 09:30:00,25622.6,25632.2,25597.6,25631.6,439,148,0
2026-04-28 09:45:00,25634.2,25637.1,25622.6,25629.4,399,148,0
2026-04-28 10:00:00,25628.6,25643.5,25616.6,25628.2,375,148,0
2026-04-28 10:15:00,25627.9,25642.5,25621.6,25630.2,311,148,0
2026-04-28 10:30:00,25628.6,25641.6,25625.0,25637.6,338,148,0
2026-04-28 10:45:00,25637.2,25645.8,25629.7,25641.3,305,148,0
2026-04-28 11:00:00,25642.5,25663.5,25627.8,25635.9,430,148,0
2026-04-28 11:15:00,25635.7,25639.3,25593.8,25600.6,414,148,0
2026-04-28 11:30:00,25600.5,25602.0,25556.6,25582.1,507,148,0
2026-04-28 11:45:00,25583.8,25588.5,25530.3,25538.6,498,148,0
2026-04-28 12:00:00,25540.2,25566.4,25527.9,25561.5,570,148,0
2026-04-28 12:15:00,25563.3,25628.8,25534.4,25551.6,695,148,0
2026-04-28 12:30:00,25553.2,25604.3,25531.0,25593.9,571,148,0
2026-04-28 12:45:00,25593.6,25633.2,25593.6,25627.6,419,148,0
2026-04-28 13:00:00,25626.0,25636.7,25616.6,25625.6,416,148,0
2026-04-28 13:15:00,25624.6,25655.0,25616.6,25641.6,415,148,0
2026-04-28 13:30:00,25640.0,25727.6,25625.8,25716.6,795,148,0
2026-04-28 13:45:00,25715.8,25739.6,25712.8,25734.4,641,148,0
2026-04-28 14:00:00,25735.3,25766.9,25715.5,25748.0,643,148,0
2026-04-28 14:15:00,25747.7,25747.7,25717.6,25739.3,602,148,0
2026-04-28 14:30:00,25738.6,25753.1,25698.1,25734.4,632,148,0
2026-04-28 14:45:00,25733.8,25741.5,25691.6,25734.6,809,148,0
2026-04-28 15:00:00,25735.9,25762.5,25724.6,25741.6,697,148,0
2026-04-28 15:15:00,25740.7,25749.6,25723.6,25732.5,564,148,0
2026-04-28 15:30:00,25731.6,25750.6,25722.2,25734.6,572,148,0
2026-04-28 15:45:00,25733.3,25746.9,25727.2,25741.6,427,148,0
2026-04-28 16:00:00,25741.7,25757.3,25737.6,25753.4,354,148,0
2026-04-28 16:15:00,25751.9,25753.4,25739.9,25743.6,367,148,0
2026-04-28 16:30:00,25742.8,25747.6,25721.8,25735.6,360,148,0
2026-04-28 16:45:00,25736.7,25752.5,25724.9,25735.6,480,148,0
2026-04-28 17:00:00,25735.0,25738.3,25698.5,25709.6,262,148,0
2026-04-28 17:15:00,25710.4,25730.6,25697.7,25720.6,206,148,0
2026-04-28 17:30:00,25720.2,25746.2,25720.2,25737.8,183,148,0
2026-04-28 17:45:00,25737.2,25742.6,25730.6,25742.5,146,148,0
2026-04-28 18:00:00,25742.9,25745.1,25725.6,25730.5,161,148,0
2026-04-28 18:15:00,25730.9,25752.2,25729.8,25752.2,218,148,0
2026-04-28 18:30:00,25752.9,25754.2,25734.4,25753.4,171,156,0
2026-04-28 18:45:00,25753.2,25755.0,25734.4,25735.6,168,156,0
2026-04-28 19:00:00,25721.9,25733.8,25720.2,25726.8,76,440,0
2026-04-28 19:15:00,25726.2,25726.2,25719.2,25720.2,97,440,0
2026-04-28 19:30:00,25720.9,25730.7,25716.2,25724.2,102,440,0
2026-04-28 19:45:00,25723.2,25729.7,25720.2,25722.2,141,440,0
2026-04-28 20:00:00,25722.8,25726.8,25714.2,25723.8,131,440,0
2026-04-28 20:15:00,25723.2,25725.8,25721.2,25723.8,52,440,0
2026-04-28 20:30:00,25723.2,25723.2,25718.9,25719.2,44,440,0
2026-04-28 20:45:00,25720.8,25720.8,25715.2,25716.2,66,440,0
2026-04-28 22:00:00,25734.0,25746.7,25734.0,25745.1,114,440,0
2026-04-28 22:15:00,25744.2,25745.7,25739.2,25740.1,68,440,0
2026-04-28 22:30:00,25740.8,25742.8,25737.2,25739.8,48,440,0
2026-04-28 22:45:00,25739.2,25743.8,25739.2,25743.8,37,440,0
2026-04-28 23:00:00,25744.7,25745.8,25739.2,25741.8,47,440,0
2026-04-28 23:15:00,25742.7,25745.8,25742.1,25745.8,28,440,0
2026-04-28 23:30:00,25746.8,25755.8,25746.1,25753.8,77,440,0
2026-04-28 23:45:00,25754.7,25760.8,25751.2,25760.8,99,440,0
2026-04-29 00:00:00,25763.3,25778.7,25763.3,25772.2,139,440,0
2026-04-29 00:15:00,25772.8,25783.8,25764.2,25778.7,127,440,0
2026-04-29 00:30:00,25778.1,25787.7,25778.1,25787.1,85,440,0
2026-04-29 01:15:00,25749.1,25841.3,25725.6,25795.5,715,148,0
2026-04-29 01:30:00,25797.4,25985.3,25759.1,25980.4,1419,148,0
2026-04-29 01:45:00,25978.8,26005.3,25906.9,25927.4,977,148,0
2026-04-29 02:00:00,25929.4,25997.3,25881.8,25981.4,939,148,0
2026-04-29 02:15:00,25983.3,26023.3,25940.5,25942.4,810,148,0
2026-04-29 02:30:00,25944.4,25966.3,25890.5,25963.3,866,148,0
2026-04-29 02:45:00,25959.8,25988.4,25917.9,25927.4,795,148,0
2026-04-29 03:00:00,25929.4,26011.3,25917.5,25991.3,667,148,0
2026-04-29 03:15:00,25987.8,26010.3,25954.8,25978.3,601,148,0
2026-04-29 03:30:00,25980.3,25994.3,25900.9,25925.8,604,148,0
2026-04-29 03:45:00,25929.4,25957.4,25920.9,25957.4,399,148,0
2026-04-29 04:00:00,25944.8,25950.7,25944.8,25949.2,93,440,0
2026-04-29 04:15:00,25949.8,25950.1,25945.2,25950.1,66,440,0
2026-04-29 05:00:00,25957.6,26007.3,25957.6,25998.8,764,148,0
2026-04-29 05:15:00,26000.4,26029.3,25990.9,26015.9,599,148,0
2026-04-29 05:30:00,26019.4,26032.3,25980.9,26025.3,554,148,0
2026-04-29 05:45:00,26023.8,26030.3,26007.9,26008.8,488,148,0
2026-04-29 06:00:00,26009.4,26037.3,26006.8,26017.4,451,148,0
2026-04-29 06:15:00,26015.8,26035.3,25997.5,26017.4,428,148,0
2026-04-29 06:30:00,26015.9,26058.7,26013.8,26040.4,438,148,0
2026-04-29 06:45:00,26042.4,26049.4,25996.9,26009.4,416,148,0
2026-04-29 07:00:00,26007.8,26029.3,25983.9,25997.4,551,148,0
2026-04-29 07:15:00,25999.3,26048.3,25984.9,26045.4,506,148,0
2026-04-29 07:30:00,26047.3,26100.3,26044.8,26082.5,522,148,0
2026-04-29 07:45:00,26084.4,26085.3,26057.4,26059.5,518,148,0
2026-04-29 08:00:00,26061.4,26095.3,26029.9,26032.9,555,148,0
2026-04-29 08:15:00,26031.9,26045.7,26020.4,26033.9,413,148,0
2026-04-29 09:15:00,26022.3,26023.4,25982.5,26003.3,528,148,0
2026-04-29 09:30:00,26003.2,26029.6,25993.3,25993.3,489,148,0
2026-04-29 09:45:00,25994.5,25998.6,25966.5,25977.1,477,148,0
2026-04-29 10:00:00,25974.6,25996.2,25968.6,25993.6,415,148,0
2026-04-29 10:15:00,25993.7,26019.1,25993.7,26011.6,403,148,0
2026-04-29 10:30:00,26012.6,26020.6,25997.7,25998.7,322,148,0
2026-04-29 10:45:00,25998.3,26011.6,25995.7,26011.6,293,148,0
2026-04-29 11:00:00,26009.6,26021.3,26001.4,26009.6,385,148,0
2026-04-29 11:15:00,26008.7,26025.6,26006.6,26019.6,342,148,0
2026-04-29 11:30:00,26018.2,26042.1,26015.6,26026.1,399,148,0
2026-04-29 11:45:00,26025.6,26027.6,26010.7,26012.4,343,148,0
2026-04-29 12:00:00,26013.2,26025.6,26006.8,26011.0,352,148,0
2026-04-29 12:15:00,26011.5,26023.9,25994.7,25999.9,388,148,0
2026-04-29 12:30:00,26000.6,26000.6,25956.6,25967.6,486,148,0
2026-04-29 12:45:00,25966.4,25966.6,25944.1,25949.5,414,148,0
2026-04-29 13:00:00,25951.0,25973.6,25951.0,25968.6,403,148,0
2026-04-29 13:15:00,25967.4,25969.6,25915.4,25930.6,495,148,0
2026-04-29 13:30:00,25928.9,25933.5,25854.7,25855.6,793,148,0
2026-04-29 13:45:00,25857.0,25857.4,25795.6,25805.7,705,148,0
2026-04-29 14:00:00,25808.4,25808.7,25768.1,25803.6,717,148,0
2026-04-29 14:15:00,25801.1,25844.0,25793.6,25834.6,601,148,0
2026-04-29 14:30:00,25831.8,25863.6,25827.6,25856.6,554,148,0
2026-04-29 14:45:00,25858.6,25866.2,25840.7,25861.5,466,148,0
2026-04-29 15:00:00,25862.0,25876.2,25823.6,25835.6,556,148,0
2026-04-29 15:15:00,25836.6,25867.1,25827.9,25847.3,554,148,0
2026-04-29 15:30:00,25847.6,25859.4,25836.7,25856.4,580,148,0
2026-04-29 15:45:00,25856.1,25871.6,25793.2,25824.1,679,148,0
2026-04-29 16:00:00,25824.6,25849.5,25819.0,25836.9,526,148,0
2026-04-29 16:15:00,25836.6,25847.6,25833.6,25835.2,426,148,0
2026-04-29 16:30:00,25834.9,25837.6,25810.4,25831.6,489,148,0
2026-04-29 16:45:00,25830.1,25835.1,25818.6,25830.6,407,148,0
2026-04-29 17:00:00,25831.6,25831.7,25808.6,25819.6,387,148,0
2026-04-29 17:15:00,25818.9,25840.1,25810.6,25834.6,486,148,0
2026-04-29 17:30:00,25835.0,25850.4,25828.6,25838.6,403,148,0
2026-04-29 17:45:00,25839.6,25858.6,25834.6,25843.8,426,148,0
2026-04-29 18:00:00,25845.2,25850.4,25785.0,25799.2,642,148,0
2026-04-29 18:15:00,25797.6,25826.6,25795.6,25811.6,539,148,0
2026-04-29 18:30:00,25811.4,25840.3,25768.2,25772.6,818,148,0
2026-04-29 18:45:00,25771.1,25822.4,25760.6,25820.4,551,148,0
2026-04-29 19:00:00,25805.9,25814.7,25791.2,25814.1,217,440,0
2026-04-29 19:15:00,25814.8,25820.7,25804.2,25804.2,180,440,0
2026-04-29 19:30:00,25803.2,25803.8,25782.3,25796.2,186,440,0
2026-04-29 19:45:00,25796.8,25804.8,25784.3,25804.8,213,440,0
2026-04-29 20:00:00,25806.8,25834.7,25746.2,25747.3,473,440,0
2026-04-29 20:15:00,25748.8,25793.7,25741.3,25792.8,331,440,0
2026-04-29 20:30:00,25793.7,25798.8,25783.2,25791.2,210,440,0
2026-04-29 20:45:00,25790.3,25792.8,25761.9,25762.3,203,440,0
2026-04-29 22:00:00,25786.2,25850.8,25772.3,25850.1,310,440,0
2026-04-29 22:15:00,25849.2,25877.0,25840.1,25846.1,237,440,0
2026-04-29 22:30:00,25846.8,25848.7,25830.2,25837.8,181,440,0
2026-04-29 22:45:00,25837.2,25847.8,25828.2,25830.9,145,440,0
2026-04-29 23:00:00,25830.2,25835.8,25827.2,25835.2,111,440,0
2026-04-29 23:15:00,25834.2,25834.2,25820.2,25829.8,92,440,0
2026-04-29 23:30:00,25830.8,25851.8,25830.8,25844.8,118,440,0
2026-04-29 23:45:00,25844.1,25852.8,25838.2,25850.8,191,440,0
2026-04-30 00:00:00,25853.3,25874.7,25851.3,25863.8,299,440,0
2026-04-30 00:15:00,25864.8,25872.1,25856.3,25862.2,233,440,0
2026-04-30 00:30:00,25862.8,25879.7,25862.8,25872.2,182,440,0
2026-04-30 01:15:00,25836.5,25929.4,25830.1,25929.4,602,148,0
2026-04-30 01:30:00,25927.8,26006.3,25855.9,25913.4,1445,148,0
2026-04-30 01:45:00,25911.8,25945.3,25879.9,25907.3,1014,148,0
2026-04-30 02:00:00,25908.3,25918.4,25862.8,25866.8,913,148,0
2026-04-30 02:15:00,25865.8,25882.3,25764.9,25767.2,669,148,0
2026-04-30 02:30:00,25770.4,25819.7,25673.9,25778.4,1046,148,0
2026-04-30 02:45:00,25776.8,25780.4,25697.8,25697.8,822,148,0
2026-04-30 03:00:00,25695.9,25756.4,25695.9,25731.8,822,148,0
2026-04-30 03:15:00,25734.4,25748.3,25698.9,25709.4,651,148,0
2026-04-30 03:30:00,25705.9,25722.3,25696.9,25715.4,523,148,0
2026-04-30 03:45:00,25713.8,25752.3,25707.8,25749.2,380,148,0
2026-04-30 04:00:00,25734.3,25735.8,25714.3,25720.8,192,440,0
2026-04-30 04:15:00,25720.2,25723.7,25695.3,25695.3,189,440,0
2026-04-30 05:00:00,25693.6,25755.3,25682.0,25751.7,861,148,0
2026-04-30 05:15:00,25752.4,25756.3,25690.5,25703.4,605,148,0
2026-04-30 05:30:00,25701.8,25768.4,25698.8,25767.8,567,148,0
2026-04-30 05:45:00,25766.7,25805.3,25756.9,25785.4,592,148,0
2026-04-30 06:00:00,25783.8,25801.3,25751.9,25753.8,621,148,0
2026-04-30 06:15:00,25753.5,25766.3,25732.8,25765.3,513,148,0
2026-04-30 06:30:00,25767.3,25819.4,25760.9,25772.3,555,148,0
2026-04-30 06:45:00,25770.8,25785.4,25756.9,25783.4,434,148,0
2026-04-30 07:00:00,25781.8,25800.3,25749.9,25784.8,593,148,0
2026-04-30 07:15:00,25784.4,25786.3,25747.9,25766.8,505,148,0
2026-04-30 07:30:00,25766.4,25772.3,25736.8,25739.9,407,148,0
2026-04-30 07:45:00,25740.4,25750.4,25722.8,25739.4,416,148,0
2026-04-30 08:00:00,25740.3,25756.8,25696.9,25728.4,549,148,0
2026-04-30 08:15:00,25726.8,25737.3,25714.8,25720.1,418,148,0
2026-04-30 09:15:00,25715.3,25758.5,25711.4,25758.5,627,148,0
2026-04-30 09:30:00,25758.6,25808.5,25752.6,25755.6,680,148,0
2026-04-30 09:45:00,25754.6,25786.2,25754.6,25779.6,479,148,0
2026-04-30 10:00:00,25780.6,25800.5,25780.6,25789.3,461,148,0
2026-04-30 10:15:00,25789.0,25828.6,25785.7,25828.6,478,148,0
2026-04-30 10:30:00,25830.5,25846.5,25814.7,25828.6,652,148,0
2026-04-30 10:45:00,25827.8,25857.7,25816.1,25856.6,506,148,0
2026-04-30 11:00:00,25857.8,25910.5,25857.8,25896.7,560,148,0
2026-04-30 11:15:00,25898.5,25933.4,25889.6,25930.5,538,148,0
2026-04-30 11:30:00,25929.7,25929.7,25889.6,25892.6,498,148,0
2026-04-30 11:45:00,25891.1,25909.7,25878.9,25883.5,427,148,0
2026-04-30 12:00:00,25883.2,25902.5,25879.2,25899.8,391,148,0
2026-04-30 12:15:00,25900.4,25920.5,25900.2,25909.1,435,148,0
2026-04-30 12:30:00,25907.8,25911.3,25882.6,25883.6,483,148,0
2026-04-30 12:45:00,25883.0,25907.6,25880.6,25896.6,523,148,0
2026-04-30 13:00:00,25895.6,25912.4,25888.4,25894.6,535,148,0
2026-04-30 13:15:00,25894.4,25898.0,25873.9,25880.8,413,148,0
2026-04-30 13:30:00,25881.3,25905.6,25853.7,25883.5,848,148,0
2026-04-30 13:45:00,25882.6,25885.9,25846.9,25867.6,820,148,0
2026-04-30 14:00:00,25865.9,25916.5,25865.9,25912.7,748,148,0
2026-04-30 14:15:00,25913.6,25964.6,25894.4,25954.5,687,148,0
2026-04-30 14:30:00,25953.6,25968.1,25926.1,25963.6,747,148,0
2026-04-30 14:45:00,25963.4,26019.6,25960.8,26012.6,643,148,0
2026-04-30 15:00:00,26011.9,26048.6,25991.5,26045.6,664,148,0
2026-04-30 15:15:00,26046.8,26054.5,26030.6,26044.6,559,148,0
2026-04-30 15:30:00,26044.8,26064.6,26031.6,26045.1,588,148,0
2026-04-30 15:45:00,26043.9,26057.7,26029.6,26053.8,493,148,0
2026-04-30 16:00:00,26055.1,26067.5,26041.8,26064.6,443,148,0
2026-04-30 16:15:00,26063.0,26064.1,26043.9,26056.6,380,148,0
2026-04-30 16:30:00,26057.8,26067.0,26046.6,26047.6,379,148,0
2026-04-30 16:45:00,26046.3,26047.6,26023.6,26030.6,413,148,0
2026-04-30 17:00:00,26031.8,26047.6,26030.6,26036.7,384,148,0
2026-04-30 17:15:00,26037.4,26046.9,26026.0,26046.9,337,148,0
2026-04-30 17:30:00,26046.7,26069.6,26046.7,26052.6,450,148,0
2026-04-30 17:45:00,26053.3,26062.6,26052.6,26061.8,330,148,0
2026-04-30 18:00:00,26062.5,26084.3,26062.2,26079.6,345,148,0
2026-04-30 18:15:00,26079.8,26089.5,26076.6,26080.5,310,148,0
2026-04-30 18:30:00,26081.5,26090.9,26078.6,26088.6,322,148,0
2026-04-30 18:45:00,26088.4,26106.4,26087.8,26089.2,316,148,0
2026-05-04 01:15:00,26113.1,26156.9,26065.1,26121.0,886,156,0
2026-05-04 01:30:00,26118.7,26283.4,26097.0,26187.4,1682,148,0
2026-05-04 01:45:00,26183.9,26253.3,26150.9,26251.8,1364,148,0
2026-05-04 02:00:00,26249.9,26257.9,26194.9,26249.3,1034,148,0
2026-05-04 02:15:00,26247.4,26249.3,26106.6,26107.1,910,148,0
2026-05-04 02:30:00,26105.6,26259.3,26099.6,26223.9,907,148,0
2026-05-04 02:45:00,26221.9,26267.3,26197.8,26247.4,805,148,0
2026-05-04 03:00:00,26245.9,26311.3,26243.9,26273.4,761,148,0
2026-05-04 03:15:00,26274.4,26280.8,26236.8,26238.4,537,148,0
2026-05-04 03:30:00,26236.9,26246.4,26179.9,26202.8,542,148,0
2026-05-04 03:45:00,26204.3,26217.4,26180.9,26189.3,568,148,0
2026-05-04 04:00:00,26174.3,26175.8,26165.2,26172.1,89,440,0
2026-05-04 04:15:00,26172.8,26174.8,26170.2,26170.8,74,440,0
2026-05-04 05:00:00,26192.0,26192.0,26106.5,26131.9,800,148,0
2026-05-04 05:15:00,26133.0,26175.3,26129.5,26134.4,508,148,0
2026-05-04 05:30:00,26133.9,26154.3,26127.9,26148.7,439,148,0
2026-05-04 05:45:00,26150.3,26173.3,26122.8,26154.8,394,148,0
2026-05-04 06:00:00,26153.9,26171.3,26148.9,26164.4,446,148,0
2026-05-04 06:15:00,26166.3,26166.7,26134.9,26153.8,351,148,0
2026-05-04 06:30:00,26152.8,26159.3,26098.9,26106.4,434,148,0
2026-05-04 06:45:00,26104.8,26130.3,26087.9,26096.5,396,148,0
2026-05-04 07:00:00,26094.9,26103.3,26056.8,26083.5,590,148,0
2026-05-04 07:15:00,26083.0,26108.3,26080.9,26086.4,426,148,0
2026-05-04 07:30:00,26086.8,26091.4,26070.9,26079.7,378,148,0
2026-05-04 07:45:00,26077.8,26091.4,26073.8,26085.8,318,148,0
2026-05-04 08:00:00,26083.8,26083.8,26034.8,26054.8,451,148,0
2026-05-04 08:15:00,26056.4,26080.8,26048.8,26078.0,334,148,0
2026-05-04 09:15:00,26083.5,26086.2,26053.6,26063.3,402,148,0
2026-05-04 09:30:00,26063.7,26078.6,26059.0,26071.6,313,148,0
2026-05-04 09:45:00,26073.1,26078.9,26055.0,26055.6,259,148,0
2026-05-04 10:00:00,26057.0,26060.5,25840.3,25876.0,1220,148,0
2026-05-04 10:15:00,25880.3,25937.5,25831.3,25932.6,945,148,0
2026-05-04 10:30:00,25930.9,26016.0,25926.3,25999.2,955,148,0
2026-05-04 10:45:00,25997.9,26009.2,25981.9,25984.6,513,148,0
2026-05-04 11:00:00,25987.9,26020.3,25976.4,25990.9,648,148,0
2026-05-04 11:15:00,25991.3,26019.4,25991.3,25992.1,465,148,0
2026-05-04 11:30:00,25989.7,25992.3,25945.6,25976.6,552,148,0
2026-05-04 11:45:00,25976.9,25990.1,25965.6,25981.0,459,148,0
2026-05-04 12:00:00,25982.1,26008.5,25982.1,26003.6,410,148,0
2026-05-04 12:15:00,26002.0,26043.5,25992.9,26030.0,585,148,0
2026-05-04 12:30:00,26027.6,26040.9,26011.8,26033.3,462,148,0
2026-05-04 12:45:00,26031.6,26036.6,26009.2,26013.9,383,148,0
2026-05-04 13:00:00,26011.0,26023.5,25956.8,25984.5,773,148,0
2026-05-04 13:15:00,25984.3,25990.1,25960.3,25981.6,413,148,0
2026-05-04 13:30:00,25983.2,26057.9,25973.7,26034.6,885,148,0
2026-05-04 13:45:00,26034.9,26047.3,26013.1,26034.6,672,148,0
2026-05-04 14:00:00,26032.9,26063.5,25993.3,26049.6,711,148,0
2026-05-04 14:15:00,26048.0,26088.9,26047.6,26065.6,588,148,0
2026-05-04 14:30:00,26064.0,26086.6,26058.6,26081.5,547,148,0
2026-05-04 14:45:00,26081.1,26108.8,26057.9,26058.0,625,148,0
2026-05-04 15:00:00,26061.2,26093.5,26036.0,26066.4,701,148,0
2026-05-04 15:15:00,26064.9,26082.2,25956.3,26012.6,971,148,0
2026-05-04 15:30:00,26014.1,26017.5,25965.4,25995.6,817,148,0
2026-05-04 15:45:00,25994.6,26002.1,25942.6,25964.2,818,148,0
2026-05-04 16:00:00,25964.3,25970.4,25892.6,25910.6,862,148,0
2026-05-04 16:15:00,25909.6,25988.2,25894.6,25956.1,803,148,0
2026-05-04 16:30:00,25955.0,25968.6,25932.1,25933.3,625,148,0
2026-05-04 16:45:00,25931.5,25942.1,25916.1,25921.6,548,148,0
2026-05-04 17:00:00,25923.0,25970.0,25921.6,25968.1,609,148,0
2026-05-04 17:15:00,25967.1,26008.5,25963.9,25999.3,572,148,0
2026-05-04 17:30:00,25999.6,26001.3,25970.6,25984.9,471,148,0
2026-05-04 17:45:00,25985.4,25993.6,25976.1,25977.1,326,148,0
2026-05-04 18:00:00,25975.9,25996.5,25975.6,25979.6,370,148,0
2026-05-04 18:15:00,25979.0,25979.0,25942.9,25961.9,445,148,0
2026-05-04 18:30:00,25962.4,25966.6,25938.9,25941.1,396,148,0
2026-05-04 18:45:00,25939.9,25962.2,25929.0,25962.2,395,148,0
2026-05-04 19:00:00,25948.9,25959.7,25938.2,25952.7,176,440,0
2026-05-04 19:15:00,25953.7,25955.8,25942.2,25951.8,113,440,0
2026-05-04 19:30:00,25952.7,25965.8,25952.2,25958.2,107,440,0
2026-05-04 19:45:00,25958.8,25967.7,25950.3,25958.8,175,440,0
2026-05-04 20:00:00,25958.2,25958.8,25947.9,25952.8,104,440,0
2026-05-04 20:15:00,25951.3,25954.8,25948.2,25954.8,76,440,0
2026-05-04 20:30:00,25954.2,25955.8,25951.2,25951.2,33,440,0
2026-05-04 20:45:00,25950.2,25957.2,25949.2,25957.2,42,440,0
2026-05-04 22:00:00,25974.9,25980.8,25960.2,25965.8,130,440,0
2026-05-04 22:15:00,25965.2,25969.8,25965.2,25967.9,48,440,0
2026-05-04 22:30:00,25967.2,25969.8,25961.3,25961.3,62,440,0
2026-05-04 22:45:00,25960.3,25960.3,25949.9,25954.2,74,440,0
2026-05-04 23:00:00,25954.9,25958.8,25951.2,25957.2,78,440,0
2026-05-04 23:15:00,25957.8,25957.8,25954.2,25956.2,45,440,0
2026-05-04 23:30:00,25955.2,25957.8,25949.2,25949.8,72,440,0
2026-05-04 23:45:00,25949.2,25952.7,25941.2,25949.2,113,440,0
2026-05-05 00:00:00,25943.6,25965.8,25941.2,25958.2,212,440,0
2026-05-05 00:15:00,25957.2,25957.2,25929.3,25933.2,209,440,0
2026-05-05 00:30:00,25933.8,25941.8,25931.3,25936.8,123,440,0
2026-05-05 01:15:00,25967.9,25977.5,25861.2,25873.2,562,148,0
2026-05-05 01:30:00,25881.5,25887.5,25673.5,25697.6,1037,166,0
2026-05-05 01:45:00,25695.1,25712.5,25644.2,25688.5,730,166,0
2026-05-05 02:00:00,25686.9,25788.9,25672.9,25782.9,706,166,0
2026-05-05 02:15:00,25784.5,25848.8,25777.9,25833.5,554,166,0
2026-05-05 02:30:00,25834.5,25884.9,25821.8,25869.0,468,156,0
2026-05-05 02:45:00,25868.1,25870.5,25766.5,25771.0,446,156,0
2026-05-05 03:00:00,25770.1,25798.3,25739.9,25784.4,510,148,0
2026-05-05 03:15:00,25782.8,25790.3,25755.8,25757.9,354,148,0
2026-05-05 03:30:00,25756.9,25774.4,25737.9,25754.8,371,148,0
2026-05-05 03:45:00,25756.3,25766.3,25738.8,25741.8,293,148,0
2026-05-05 04:00:00,25728.8,25739.7,25728.3,25733.1,70,440,0
2026-05-05 04:15:00,25732.2,25732.2,25728.2,25728.2,58,440,0
2026-05-05 05:00:00,25738.5,25738.5,25685.5,25718.8,684,148,0
2026-05-05 05:15:00,25716.8,25723.3,25687.9,25701.8,406,148,0
2026-05-05 05:30:00,25703.4,25734.4,25699.8,25724.8,417,148,0
2026-05-05 05:45:00,25725.4,25792.3,25723.8,25785.8,373,148,0
2026-05-05 06:00:00,25784.8,25791.4,25762.9,25779.7,518,148,0
2026-05-05 06:15:00,25781.3,25785.3,25744.9,25760.8,367,148,0
2026-05-05 06:30:00,25759.8,25798.3,25754.8,25791.3,395,148,0
2026-05-05 06:45:00,25793.4,25819.4,25793.4,25817.4,346,148,0
2026-05-05 07:00:00,25815.0,25859.3,25811.8,25848.8,482,148,0
2026-05-05 07:15:00,25847.8,25865.3,25831.8,25847.3,408,148,0
2026-05-05 07:30:00,25845.4,25894.3,25840.8,25850.8,421,148,0
2026-05-05 07:45:00,25852.4,25854.4,25835.8,25842.3,336,148,0
2026-05-05 08:00:00,25840.8,25885.3,25835.8,25878.8,372,148,0
2026-05-05 08:15:00,25878.4,25893.3,25874.8,25883.4,305,148,0
2026-05-05 09:15:00,25884.2,25899.2,25867.4,25893.6,456,148,0
2026-05-05 09:30:00,25891.9,25917.1,25884.3,25901.6,419,148,0
2026-05-05 09:45:00,25902.5,25908.6,25885.1,25900.1,352,148,0
2026-05-05 10:00:00,25899.6,25909.6,25890.4,25905.5,317,148,0
2026-05-05 10:15:00,25906.4,25920.6,25901.5,25915.5,291,148,0
2026-05-05 10:30:00,25915.0,25944.0,25895.6,25898.6,425,148,0
2026-05-05 10:45:00,25897.6,25913.3,25892.6,25906.6,319,148,0
2026-05-05 11:00:00,25905.4,25915.6,25878.6,25886.9,468,148,0
2026-05-05 11:15:00,25887.6,25905.6,25868.6,25897.6,418,148,0
2026-05-05 11:30:00,25899.1,25918.2,25896.6,25911.6,367,148,0
2026-05-05 11:45:00,25912.6,25914.6,25902.0,25911.6,312,148,0
2026-05-05 12:00:00,25911.4,25943.0,25893.6,25937.1,550,148,0
2026-05-05 12:15:00,25938.4,25960.6,25931.7,25952.6,485,148,0
2026-05-05 12:30:00,25952.4,25954.6,25915.6,25920.7,394,148,0
2026-05-05 12:45:00,25921.6,25925.6,25909.6,25918.5,255,148,0
2026-05-05 13:00:00,25919.4,25950.5,25917.6,25944.0,402,148,0
2026-05-05 13:15:00,25944.6,25948.6,25925.6,25930.0,357,148,0
2026-05-05 13:30:00,25931.2,25939.6,25864.5,25872.6,718,148,0
2026-05-05 13:45:00,25873.6,25916.5,25867.6,25908.6,629,148,0
2026-05-05 14:00:00,25910.1,25939.6,25867.2,25874.0,725,148,0
2026-05-05 14:15:00,25876.7,25911.1,25832.8,25891.9,850,148,0
2026-05-05 14:30:00,25890.7,25898.5,25854.6,25875.6,560,148,0
2026-05-05 14:45:00,25874.4,25882.7,25858.1,25859.8,501,148,0
2026-05-05 15:00:00,25862.0,25880.1,25853.7,25856.5,452,148,0
2026-05-05 15:15:00,25855.7,25882.6,25855.7,25882.6,435,148,0
2026-05-05 15:30:00,25883.9,25907.5,25876.6,25899.5,481,148,0
2026-05-05 15:45:00,25899.3,25910.5,25889.6,25889.6,347,148,0
2026-05-05 16:00:00,25891.2,25907.1,25882.8,25902.6,309,148,0
2026-05-05 16:15:00,25901.6,25904.5,25874.6,25892.0,321,148,0
2026-05-05 16:30:00,25891.6,25891.6,25863.7,25872.6,373,148,0
2026-05-05 16:45:00,25872.3,25890.6,25867.8,25882.6,255,148,0
2026-05-05 17:00:00,25881.6,25884.6,25857.6,25860.5,304,148,0
2026-05-05 17:15:00,25861.4,25873.6,25860.6,25868.6,287,148,0
2026-05-05 17:30:00,25869.1,25881.3,25865.6,25873.8,303,148,0
2026-05-05 17:45:00,25874.4,25889.6,25874.4,25888.6,227,148,0
2026-05-05 18:00:00,25888.2,25911.6,25887.6,25911.1,243,148,0
2026-05-05 18:15:00,25910.6,25926.5,25909.6,25924.0,216,148,0
2026-05-05 18:30:00,25922.6,25927.6,25919.7,25926.6,204,148,0
2026-05-05 18:45:00,25927.4,25938.5,25924.6,25931.8,223,148,0
2026-05-05 19:00:00,25917.9,25917.9,25907.2,25907.2,63,440,0
2026-05-05 19:15:00,25907.8,25909.8,25904.2,25904.2,50,440,0
2026-05-05 19:30:00,25903.3,25910.8,25903.2,25910.7,63,440,0
2026-05-05 19:45:00,25910.2,25911.8,25890.2,25894.9,122,440,0
2026-05-05 20:00:00,25895.8,25899.8,25894.3,25898.8,84,440,0
2026-05-05 20:15:00,25898.2,25919.7,25893.2,25918.1,149,440,0
2026-05-05 20:30:00,25917.2,25917.2,25909.2,25909.2,102,440,0
2026-05-05 20:45:00,25908.2,25912.8,25907.2,25912.2,61,440,0
2026-05-05 22:00:00,25902.9,25910.7,25898.1,25903.8,139,440,0
2026-05-05 22:15:00,25902.2,25908.8,25901.2,25908.8,97,440,0
2026-05-05 22:30:00,25907.2,25915.8,25907.2,25913.2,91,440,0
2026-05-05 22:45:00,25913.8,25966.8,25912.2,25955.2,290,440,0
2026-05-05 23:00:00,25956.8,25969.7,25945.3,25968.8,235,440,0
2026-05-05 23:15:00,25969.7,25969.8,25943.2,25945.2,159,440,0
2026-05-05 23:30:00,25944.2,25956.8,25942.2,25947.3,148,440,0
2026-05-05 23:45:00,25946.2,25960.7,25944.2,25944.2,157,440,0
2026-05-06 00:00:00,25947.2,25958.7,25935.2,25937.2,265,440,0
2026-05-06 00:15:00,25937.8,25945.1,25918.2,25918.9,252,440,0
2026-05-06 00:30:00,25917.3,25929.8,25917.3,25924.8,188,440,0
2026-05-06 01:15:00,25978.2,26050.9,25978.2,26029.4,670,148,0
2026-05-06 01:30:00,26027.8,26027.8,25846.9,25943.8,1660,148,0
2026-05-06 01:45:00,25947.1,26058.3,25923.9,26030.4,1086,148,0
2026-05-06 02:00:00,26026.9,26071.3,26002.8,26066.8,1030,148,0
2026-05-06 02:15:00,26064.8,26134.3,26042.9,26047.8,879,148,0
2026-05-06 02:30:00,26045.9,26070.4,25993.9,26023.8,866,148,0
2026-05-06 02:45:00,26025.3,26097.3,26024.8,26063.3,786,148,0
2026-05-06 03:00:00,26061.8,26148.3,26033.9,26148.3,749,148,0
2026-05-06 03:15:00,26148.7,26194.3,26126.9,26128.8,698,148,0
2026-05-06 03:30:00,26126.9,26138.3,26037.9,26039.4,582,148,0
2026-05-06 03:45:00,26037.9,26073.4,26017.5,26072.7,515,148,0
2026-05-06 04:00:00,26058.7,26064.8,26057.2,26064.8,94,440,0
2026-05-06 04:15:00,26065.7,26074.7,26064.2,26072.2,99,440,0
2026-05-06 05:00:00,26084.7,26148.3,26084.7,26124.8,755,148,0
2026-05-06 05:15:00,26124.4,26141.3,26105.9,26134.3,620,148,0
2026-05-06 05:30:00,26133.7,26135.3,26095.8,26110.8,561,148,0
2026-05-06 05:45:00,26108.8,26155.3,26108.8,26116.8,548,148,0
2026-05-06 06:00:00,26118.3,26129.3,26054.7,26092.3,698,148,0
2026-05-06 06:15:00,26091.7,26165.4,26091.7,26161.8,541,148,0
2026-05-06 06:30:00,26163.3,26178.0,26135.9,26163.4,576,148,0
2026-05-06 06:45:00,26165.4,26167.4,26124.8,26125.4,471,148,0
2026-05-06 07:00:00,26127.3,26163.3,26109.9,26111.8,524,148,0
2026-05-06 07:15:00,26113.3,26137.4,26094.9,26133.7,455,148,0
2026-05-06 07:30:00,26132.8,26154.4,26122.9,26150.4,378,148,0
2026-05-06 07:45:00,26150.7,26198.3,26143.8,26197.3,378,148,0
2026-05-06 08:00:00,26195.8,26209.3,26172.8,26176.8,448,148,0
2026-05-06 08:15:00,26175.8,26209.4,26169.8,26207.3,317,148,0
2026-05-06 09:15:00,26248.1,26325.0,26248.1,26310.6,715,148,0
2026-05-06 09:30:00,26311.6,26355.8,26305.2,26338.2,663,148,0
2026-05-06 09:45:00,26337.6,26368.3,26329.6,26363.6,516,148,0
2026-05-06 10:00:00,26362.6,26383.7,26349.7,26357.8,548,148,0
2026-05-06 10:15:00,26356.7,26383.4,26355.6,26370.0,447,148,0
2026-05-06 10:30:00,26370.6,26406.1,26368.6,26404.5,486,148,0
2026-05-06 10:45:00,26404.7,26465.7,26397.5,26442.4,725,148,0
2026-05-06 11:00:00,26439.9,26465.8,26427.8,26463.2,653,148,0
2026-05-06 11:15:00,26462.2,26467.0,26443.3,26444.6,501,148,0
2026-05-06 11:30:00,26445.9,26455.8,26406.3,26407.2,551,148,0
2026-05-06 11:45:00,26408.8,26422.6,26394.1,26399.6,629,148,0
2026-05-06 12:00:00,26400.6,26400.6,26303.1,26318.7,666,148,0
2026-05-06 12:15:00,26319.5,26345.5,26285.8,26333.3,777,148,0
2026-05-06 12:30:00,26333.2,26343.8,26324.0,26333.9,532,148,0
2026-05-06 12:45:00,26336.4,26342.6,26324.0,26330.0,498,148,0
2026-05-06 13:00:00,26331.6,26340.5,26261.4,26305.3,718,148,0
2026-05-06 13:15:00,26307.0,26316.3,26283.4,26299.6,479,148,0
2026-05-06 13:30:00,26297.0,26370.3,26262.3,26355.4,956,148,0
2026-05-06 13:45:00,26356.5,26364.7,26319.1,26335.5,779,148,0
2026-05-06 14:00:00,26336.9,26412.5,26331.6,26400.6,789,148,0
2026-05-06 14:15:00,26399.6,26447.1,26398.6,26424.0,817,148,0
2026-05-06 14:30:00,26423.6,26510.5,26420.1,26507.6,745,148,0
2026-05-06 14:45:00,26508.9,26516.0,26465.5,26477.6,715,148,0
2026-05-06 15:00:00,26476.4,26494.4,26462.3,26468.4,632,148,0
2026-05-06 15:15:00,26468.6,26495.5,26460.6,26469.2,578,148,0
2026-05-06 15:30:00,26467.9,26476.3,26441.9,26456.9,634,148,0
2026-05-06 15:45:00,26454.2,26499.7,26449.3,26490.0,601,156,0
2026-05-06 16:00:00,26490.2,26505.1,26475.3,26492.2,489,148,0
2026-05-06 16:15:00,26491.0,26498.9,26478.2,26488.6,432,148,0
2026-05-06 16:30:00,26489.6,26502.1,26485.6,26491.6,367,148,0
2026-05-06 16:45:00,26491.7,26491.7,26432.8,26455.1,524,148,0
2026-05-06 17:00:00,26454.8,26485.5,26447.6,26475.6,438,148,0
2026-05-06 17:15:00,26475.3,26479.1,26462.2,26477.6,333,148,0
2026-05-06 17:30:00,26478.4,26483.6,26457.8,26468.4,356,148,0
2026-05-06 17:45:00,26468.8,26468.8,26451.6,26467.6,286,148,0
2026-05-06 18:00:00,26468.8,26484.6,26463.6,26470.6,343,148,0
2026-05-06 18:15:00,26471.4,26488.6,26471.4,26487.6,287,148,0
2026-05-06 18:30:00,26487.2,26500.6,26485.9,26499.5,284,148,0
2026-05-06 18:45:00,26499.8,26508.5,26492.6,26497.5,321,148,0
2026-05-06 19:00:00,26482.9,26516.0,26482.3,26514.0,104,440,0
2026-05-06 19:15:00,26515.0,26519.9,26511.4,26515.0,112,440,0
2026-05-06 19:30:00,26514.4,26529.0,26508.5,26524.5,101,440,0
2026-05-06 19:45:00,26523.5,26531.0,26512.5,26512.5,176,440,0
2026-05-06 20:00:00,26512.1,26533.7,26511.5,26531.1,157,440,0
2026-05-06 20:15:00,26532.7,26552.0,26527.2,26550.2,96,440,0
2026-05-06 20:30:00,26549.2,26549.8,26539.2,26541.2,79,440,0
2026-05-06 20:45:00,26540.2,26540.7,26530.3,26534.8,112,440,0
2026-05-06 22:00:00,26523.9,26531.8,26522.2,26523.8,154,440,0
2026-05-06 22:15:00,26523.2,26526.8,26491.2,26496.9,118,440,0
2026-05-06 22:30:00,26493.5,26518.9,26486.8,26517.8,89,440,0
2026-05-06 22:45:00,26517.2,26519.8,26511.2,26512.8,75,440,0
2026-05-06 23:00:00,26512.2,26523.7,26509.9,26519.2,82,440,0
2026-05-06 23:15:00,26518.2,26523.7,26503.3,26505.2,84,440,0
2026-05-06 23:30:00,26504.3,26508.6,26501.2,26504.2,87,440,0
2026-05-06 23:45:00,26505.8,26514.7,26494.2,26502.2,200,440,0
2026-05-07 00:00:00,26501.3,26524.7,26501.3,26510.8,318,440,0
2026-05-07 00:15:00,26510.2,26511.8,26493.3,26500.7,253,440,0
2026-05-07 00:30:00,26500.1,26511.7,26498.2,26504.3,220,440,0
2026-05-07 01:15:00,26509.2,26587.0,26467.6,26551.5,817,156,0
2026-05-07 01:30:00,26549.5,26624.3,26501.0,26574.3,1572,148,0
2026-05-07 01:45:00,26570.8,26634.4,26552.9,26552.9,1022,148,0
2026-05-07 02:00:00,26554.4,26615.3,26541.5,26582.9,935,148,0
2026-05-07 02:15:00,26584.4,26594.3,26509.9,26553.3,818,148,0
2026-05-07 02:30:00,26549.8,26614.3,26540.5,26577.3,849,148,0
2026-05-07 02:45:00,26579.3,26617.3,26559.8,26598.8,735,148,0
2026-05-07 03:00:00,26596.8,26607.3,26521.9,26550.3,750,148,0
2026-05-07 03:15:00,26552.3,26626.7,26550.8,26596.4,701,148,0
2026-05-07 03:30:00,26594.9,26615.3,26577.9,26613.3,455,148,0
2026-05-07 03:45:00,26612.7,26630.3,26597.9,26619.2,371,148,0
2026-05-07 04:00:00,26605.9,26606.8,26600.2,26604.2,112,440,0
2026-05-07 04:15:00,26604.8,26607.8,26602.2,26607.7,110,440,0
2026-05-07 05:00:00,26620.4,26638.3,26582.9,26600.8,722,148,0
2026-05-07 05:15:00,26598.9,26612.4,26550.9,26559.4,574,148,0
2026-05-07 05:30:00,26557.8,26570.3,26531.9,26561.9,536,148,0
2026-05-07 05:45:00,26562.5,26575.4,26545.9,26552.9,485,148,0
2026-05-07 06:00:00,26554.4,26574.4,26545.9,26546.8,469,148,0
2026-05-07 06:15:00,26547.4,26584.3,26545.8,26564.4,431,148,0
2026-05-07 06:30:00,26562.8,26652.4,26559.9,26650.8,495,148,0
2026-05-07 06:45:00,26648.8,26651.3,26598.9,26601.4,425,148,0
2026-05-07 07:00:00,26601.8,26661.3,26590.5,26651.8,624,148,0
2026-05-07 07:15:00,26653.3,26661.1,26598.9,26605.3,532,148,0
2026-05-07 07:30:00,26607.3,26628.3,26599.9,26627.7,406,148,0
2026-05-07 07:45:00,26626.7,26628.3,26604.4,26619.3,390,148,0
2026-05-07 08:00:00,26618.8,26630.3,26590.9,26609.3,498,148,0
2026-05-07 08:15:00,26607.8,26611.4,26574.9,26596.8,433,148,0
2026-05-07 09:15:00,26573.7,26578.3,26541.0,26546.4,477,148,0
2026-05-07 09:30:00,26545.6,26562.9,26540.6,26542.2,404,148,0
2026-05-07 09:45:00,26543.6,26545.6,26518.6,26525.0,407,148,0
2026-05-07 10:00:00,26523.8,26533.7,26518.6,26523.1,399,148,0
2026-05-07 10:15:00,26523.6,26527.6,26507.6,26520.6,369,148,0
2026-05-07 10:30:00,26519.3,26542.0,26501.6,26530.7,366,148,0
2026-05-07 10:45:00,26532.0,26533.1,26510.1,26514.6,363,148,0
2026-05-07 11:00:00,26517.2,26521.4,26497.6,26499.6,396,148,0
2026-05-07 11:15:00,26501.1,26518.1,26488.6,26505.6,385,148,0
2026-05-07 11:30:00,26506.5,26526.6,26503.7,26521.6,358,148,0
2026-05-07 11:45:00,26520.1,26525.6,26504.6,26515.7,334,148,0
2026-05-07 12:00:00,26515.6,26518.6,26501.7,26508.6,337,148,0
2026-05-07 12:15:00,26507.3,26528.6,26507.3,26525.6,348,148,0
2026-05-07 12:30:00,26525.4,26542.6,26520.6,26539.6,347,148,0
2026-05-07 12:45:00,26541.0,26554.6,26531.5,26554.1,382,148,0
2026-05-07 13:00:00,26554.6,26558.0,26528.6,26550.2,464,148,0
2026-05-07 13:15:00,26550.5,26651.5,26550.3,26643.2,518,148,0
2026-05-07 13:30:00,26641.7,26641.7,26471.7,26473.0,893,148,0
2026-05-07 13:45:00,26473.6,26489.4,26443.6,26462.2,846,148,0
2026-05-07 14:00:00,26465.2,26472.6,26419.7,26448.0,679,148,0
2026-05-07 14:15:00,26447.8,26456.6,26398.6,26403.5,667,148,0
2026-05-07 14:30:00,26403.3,26448.7,26403.3,26440.6,657,148,0
2026-05-07 14:45:00,26439.8,26490.9,26439.8,26480.6,541,148,0
2026-05-07 15:00:00,26482.3,26495.5,26467.1,26489.0,615,148,0
2026-05-07 15:15:00,26487.8,26499.6,26422.5,26444.2,735,148,0
2026-05-07 15:30:00,26445.4,26460.9,26438.6,26447.6,571,148,0
2026-05-07 15:45:00,26446.6,26452.6,26404.7,26412.6,577,148,0
2026-05-07 16:00:00,26414.2,26431.5,26379.1,26379.1,721,148,0
2026-05-07 16:15:00,26377.8,26422.9,26351.7,26420.5,728,148,0
2026-05-07 16:30:00,26421.5,26442.5,26402.6,26409.6,586,148,0
2026-05-07 16:45:00,26410.6,26412.5,26382.6,26402.1,579,148,0
2026-05-07 17:00:00,26404.2,26418.0,26387.3,26392.7,554,148,0
2026-05-07 17:15:00,26392.4,26401.0,26309.5,26329.6,804,148,0
2026-05-07 17:30:00,26331.0,26364.1,26317.4,26332.6,725,148,0
2026-05-07 17:45:00,26330.9,26380.8,26319.2,26374.2,716,148,0
2026-05-07 18:00:00,26375.5,26381.8,26330.4,26350.6,608,148,0
2026-05-07 18:15:00,26352.2,26369.3,26339.7,26345.6,478,148,0
2026-05-07 18:30:00,26345.7,26356.5,26300.6,26319.6,559,148,0
2026-05-07 18:45:00,26320.8,26360.3,26296.6,26360.0,681,148,0
2026-05-07 19:00:00,26346.9,26357.7,26340.1,26352.7,199,440,0
2026-05-07 19:15:00,26352.1,26355.7,26317.3,26331.2,270,440,0
2026-05-07 19:30:00,26331.8,26350.8,26330.2,26347.7,164,440,0
2026-05-07 19:45:00,26346.2,26350.7,26314.3,26319.8,259,440,0
2026-05-07 20:00:00,26321.8,26354.1,26316.2,26344.1,218,440,0
2026-05-07 20:15:00,26344.8,26346.7,26339.2,26340.8,103,440,0
2026-05-07 20:30:00,26340.2,26342.9,26302.3,26313.2,193,440,0
2026-05-07 20:45:00,26312.8,26316.7,26300.3,26301.8,168,440,0
2026-05-07 22:00:00,26290.8,26300.5,26276.0,26291.8,239,440,0
2026-05-07 22:15:00,26292.7,26315.7,26288.2,26309.7,229,440,0
2026-05-07 22:30:00,26310.7,26310.7,26290.3,26299.1,161,440,0
2026-05-07 22:45:00,26300.7,26300.8,26291.2,26296.2,91,440,0
2026-05-07 23:00:00,26296.8,26304.7,26293.2,26301.8,116,440,0
2026-05-07 23:15:00,26302.7,26310.7,26301.2,26307.8,86,440,0
2026-05-07 23:30:00,26308.7,26310.7,26303.2,26309.8,112,440,0
2026-05-07 23:45:00,26310.7,26337.7,26301.2,26337.2,184,440,0
2026-05-08 00:00:00,26343.8,26357.7,26321.3,26329.2,280,440,0
2026-05-08 00:15:00,26328.3,26340.8,26321.3,26326.9,216,440,0
2026-05-08 00:30:00,26327.8,26365.7,26322.3,26363.1,191,440,0
2026-05-08 01:15:00,26373.2,26393.6,26301.1,26361.3,592,148,0
2026-05-08 01:30:00,26362.9,26406.7,26274.9,26285.8,1273,148,0
2026-05-08 01:45:00,26287.3,26329.3,26265.8,26317.3,878,148,0
2026-05-08 02:00:00,26319.3,26339.3,26271.8,26282.4,809,148,0
2026-05-08 02:15:00,26280.9,26325.3,26259.9,26312.8,772,148,0
2026-05-08 02:30:00,26313.4,26315.3,26240.9,26250.4,760,148,0
2026-05-08 02:45:00,26251.3,26284.3,26245.9,26262.8,559,148,0
2026-05-08 03:00:00,26261.8,26294.3,26245.9,26283.8,577,148,0
2026-05-08 03:15:00,26285.3,26285.7,26241.9,26270.7,494,148,0
2026-05-08 03:30:00,26273.4,26293.3,26233.9,26275.8,409,148,0
2026-05-08 03:45:00,26276.3,26300.3,26271.4,26294.5,325,148,0
2026-05-08 04:00:00,26280.6,26285.7,26277.2,26277.2,117,440,0
2026-05-08 04:15:00,26278.7,26287.8,26269.2,26287.7,146,440,0
2026-05-08 05:00:00,26306.7,26339.8,26278.9,26291.4,711,148,0
2026-05-08 05:15:00,26292.4,26331.4,26285.9,26327.4,524,148,0
2026-05-08 05:30:00,26326.7,26344.3,26296.9,26326.3,517,148,0
2026-05-08 05:45:00,26325.7,26331.3,26305.9,26310.8,401,148,0
2026-05-08 06:00:00,26311.4,26320.4,26287.9,26297.4,517,148,0
2026-05-08 06:15:00,26295.8,26329.4,26288.8,26322.7,401,148,0
2026-05-08 06:30:00,26325.3,26365.7,26321.7,26363.4,465,148,0
2026-05-08 06:45:00,26361.8,26435.4,26356.8,26431.7,558,148,0
2026-05-08 07:00:00,26433.3,26437.3,26367.9,26369.9,592,148,0
2026-05-08 07:15:00,26369.5,26381.4,26350.8,26361.3,493,148,0
2026-05-08 07:30:00,26359.8,26387.4,26349.9,26386.4,427,148,0
2026-05-08 07:45:00,26385.7,26391.3,26361.8,26375.3,374,148,0
2026-05-08 08:00:00,26377.3,26379.7,26323.8,26341.4,409,148,0
2026-05-08 08:15:00,26340.8,26360.7,26338.8,26349.9,333,148,0
2026-05-08 09:15:00,26359.1,26378.5,26353.5,26367.6,432,148,0
2026-05-08 09:30:00,26367.0,26371.1,26352.2,26366.6,387,148,0
2026-05-08 09:45:00,26368.2,26370.1,26327.6,26336.8,486,148,0
2026-05-08 10:00:00,26337.6,26357.2,26334.8,26347.6,322,148,0
2026-05-08 10:15:00,26347.8,26372.6,26344.1,26362.8,321,148,0
2026-05-08 10:30:00,26362.6,26382.3,26362.1,26375.6,320,148,0
2026-05-08 10:45:00,26374.2,26374.6,26324.9,26368.1,392,148,0
2026-05-08 11:00:00,26369.2,26381.6,26354.3,26364.6,411,148,0
2026-05-08 11:15:00,26363.8,26369.3,26344.7,26360.6,337,148,0
2026-05-08 11:30:00,26361.6,26366.6,26350.6,26350.6,264,148,0
2026-05-08 11:45:00,26349.1,26357.5,26344.4,26345.6,297,148,0
2026-05-08 12:00:00,26345.8,26355.6,26334.2,26340.7,351,148,0
2026-05-08 12:15:00,26340.6,26375.2,26336.7,26375.2,330,148,0
2026-05-08 12:30:00,26372.3,26425.5,26365.4,26409.6,607,148,0
2026-05-08 12:45:00,26408.6,26420.6,26374.5,26393.5,502,148,0
2026-05-08 13:00:00,26390.7,26401.2,26366.9,26379.6,565,148,0
2026-05-08 13:15:00,26378.6,26413.8,26373.6,26408.2,395,148,0
2026-05-08 13:30:00,26410.6,26501.2,26397.4,26484.9,854,148,0
2026-05-08 13:45:00,26487.5,26499.2,26445.0,26463.9,659,148,0
2026-05-08 14:00:00,26464.1,26465.6,26351.6,26362.9,750,148,0
2026-05-08 14:15:00,26363.2,26372.5,26313.4,26315.5,709,148,0
2026-05-08 14:30:00,26315.1,26342.1,26302.6,26330.6,635,148,0
2026-05-08 14:45:00,26330.2,26334.8,26299.7,26304.9,547,148,0
2026-05-08 15:00:00,26303.8,26329.5,26298.4,26303.6,582,148,0
2026-05-08 15:15:00,26304.6,26332.5,26295.6,26327.7,576,148,0
2026-05-08 15:30:00,26329.1,26344.9,26298.1,26304.9,595,148,0
2026-05-08 15:45:00,26305.0,26325.6,26296.9,26301.4,509,148,0
2026-05-08 16:00:00,26300.6,26313.6,26285.6,26289.9,451,148,0
2026-05-08 16:15:00,26288.7,26291.6,26269.4,26284.5,397,148,0
2026-05-08 16:30:00,26285.5,26288.6,26266.6,26280.2,356,148,0
2026-05-08 16:45:00,26279.6,26302.6,26279.1,26288.6,429,148,0
2026-05-08 17:00:00,26287.9,26309.6,26285.6,26304.6,406,148,0
2026-05-08 17:15:00,26304.4,26328.6,26303.6,26326.6,349,148,0
2026-05-08 17:30:00,26328.0,26329.5,26301.4,26309.6,332,148,0
2026-05-08 17:45:00,26311.1,26319.1,26302.6,26302.6,352,148,0
2026-05-08 18:00:00,26302.8,26341.7,26298.7,26339.6,481,148,0
2026-05-08 18:15:00,26340.6,26348.6,26336.7,26346.3,291,148,0
2026-05-08 18:30:00,26346.2,26351.6,26323.3,26330.2,328,148,0
2026-05-08 18:45:00,26330.5,26335.6,26307.5,26326.7,416,148,0
2026-05-08 19:00:00,26312.9,26318.7,26303.3,26312.2,77,440,0
2026-05-08 19:15:00,26311.8,26318.7,26311.1,26312.2,83,440,0
2026-05-08 19:30:00,26311.2,26325.7,26310.2,26323.2,134,440,0
2026-05-08 19:45:00,26323.8,26325.8,26305.1,26308.8,154,440,0
2026-05-11 01:15:00,26278.9,26334.3,26213.1,26316.8,688,148,0
2026-05-11 01:30:00,26314.8,26318.8,26219.5,26233.3,1392,148,0
2026-05-11 01:45:00,26235.3,26288.3,26223.9,26285.8,948,148,0
2026-05-11 02:00:00,26283.8,26309.3,26244.8,26247.4,881,148,0
2026-05-11 02:15:00,26245.8,26263.3,26220.8,26247.7,690,148,0
2026-05-11 02:30:00,26246.8,26250.3,26197.9,26214.4,641,148,0
2026-05-11 02:45:00,26213.8,26279.3,26201.4,26273.4,668,148,0
2026-05-11 03:00:00,26269.8,26323.7,26263.8,26302.8,648,148,0
2026-05-11 03:15:00,26304.3,26317.4,26271.8,26308.8,589,148,0
2026-05-11 03:30:00,26307.8,26343.3,26281.8,26338.8,408,148,0
2026-05-11 03:45:00,26336.8,26338.3,26298.9,26309.3,334,148,0
2026-05-11 04:00:00,26294.7,26294.8,26282.3,26288.9,103,440,0
2026-05-11 04:15:00,26288.2,26296.8,26288.2,26294.2,73,440,0
2026-05-11 05:00:00,26314.1,26336.4,26301.9,26314.8,681,148,0
2026-05-11 05:15:00,26313.8,26331.3,26281.8,26292.8,535,148,0
2026-05-11 05:30:00,26291.8,26334.3,26286.4,26310.8,520,148,0
2026-05-11 05:45:00,26310.4,26364.3,26309.8,26345.8,574,148,0
2026-05-11 06:00:00,26343.8,26407.3,26339.4,26395.7,541,148,0
2026-05-11 06:15:00,26395.4,26406.3,26372.9,26393.3,480,148,0
2026-05-11 06:30:00,26391.8,26400.3,26355.9,26371.8,455,148,0
2026-05-11 06:45:00,26370.8,26408.3,26368.8,26396.4,375,148,0
2026-05-11 07:00:00,26393.4,26402.3,26362.9,26392.8,454,148,0
2026-05-11 07:15:00,26394.4,26406.7,26383.9,26391.4,369,148,0
2026-05-11 07:30:00,26390.9,26404.3,26378.9,26397.4,350,148,0
2026-05-11 07:45:00,26395.8,26395.8,26372.8,26389.4,324,148,0
2026-05-11 08:00:00,26391.3,26405.3,26361.9,26375.8,378,148,0
2026-05-11 08:15:00,26377.3,26413.9,26377.3,26409.6,281,148,0
2026-05-11 09:15:00,26400.2,26401.6,26380.6,26395.1,338,148,0
2026-05-11 09:30:00,26395.6,26406.3,26388.0,26404.5,321,148,0
2026-05-11 09:45:00,26404.6,26423.7,26400.5,26400.6,273,148,0
2026-05-11 10:00:00,26398.3,26404.6,26381.7,26389.8,334,148,0
2026-05-11 10:15:00,26389.3,26398.6,26378.5,26389.6,296,148,0
2026-05-11 10:30:00,26389.5,26402.6,26370.1,26388.6,322,148,0
2026-05-11 10:45:00,26390.2,26400.6,26379.6,26384.1,310,148,0
2026-05-11 11:00:00,26382.9,26398.6,26381.6,26398.5,326,148,0
2026-05-11 11:15:00,26398.8,26409.6,26395.6,26401.9,250,148,0
2026-05-11 11:30:00,26402.6,26413.5,26396.1,26408.2,257,148,0
2026-05-11 11:45:00,26408.6,26418.6,26389.8,26407.6,316,148,0
2026-05-11 12:00:00,26406.0,26415.3,26396.7,26401.3,334,148,0
2026-05-11 12:15:00,26399.9,26415.5,26396.6,26410.6,346,148,0
2026-05-11 12:30:00,26409.0,26440.2,26407.8,26429.6,340,148,0
2026-05-11 12:45:00,26428.7,26440.8,26406.7,26440.6,458,148,0
2026-05-11 13:00:00,26441.9,26497.5,26437.9,26496.8,416,148,0
2026-05-11 13:15:00,26496.5,26519.0,26496.5,26514.3,440,148,0
2026-05-11 13:30:00,26513.6,26545.0,26513.6,26536.1,744,148,0
2026-05-11 13:45:00,26537.7,26570.3,26537.0,26551.4,631,148,0
2026-05-11 14:00:00,26551.5,26578.7,26544.6,26572.0,600,148,0
2026-05-11 14:15:00,26573.2,26584.4,26549.6,26549.6,485,148,0
2026-05-11 14:30:00,26550.6,26569.4,26512.9,26559.6,671,148,0
2026-05-11 14:45:00,26559.8,26566.6,26516.6,26516.6,525,148,0
2026-05-11 15:00:00,26516.4,26550.4,26516.4,26534.6,483,148,0
2026-05-11 15:15:00,26536.0,26577.6,26530.6,26571.7,439,148,0
2026-05-11 15:30:00,26570.8,26581.6,26558.6,26563.3,445,148,0
2026-05-11 15:45:00,26560.1,26567.2,26549.6,26550.6,418,148,0
2026-05-11 16:00:00,26552.1,26565.6,26548.6,26561.6,294,148,0
2026-05-11 16:15:00,26562.0,26562.0,26545.6,26547.2,303,148,0
2026-05-11 16:30:00,26546.8,26551.6,26504.7,26518.6,433,148,0
2026-05-11 16:45:00,26517.7,26531.6,26509.8,26513.6,409,148,0
2026-05-11 17:00:00,26515.0,26517.4,26498.5,26512.5,346,148,0
2026-05-11 17:15:00,26511.6,26539.3,26506.4,26531.4,308,148,0
2026-05-11 17:30:00,26530.6,26538.6,26521.6,26528.6,257,148,0
2026-05-11 17:45:00,26529.4,26529.9,26497.8,26497.8,270,148,0
2026-05-11 18:00:00,26498.0,26522.6,26497.6,26517.6,279,148,0
2026-05-11 18:15:00,26517.3,26533.3,26507.6,26527.4,271,148,0
2026-05-11 18:30:00,26526.6,26526.6,26511.3,26517.7,281,148,0
2026-05-11 18:45:00,26516.6,26521.5,26505.6,26515.2,242,148,0
2026-05-11 19:00:00,26499.0,26507.8,26495.2,26502.2,120,440,0
2026-05-11 19:15:00,26502.8,26504.8,26497.3,26497.3,95,440,0
2026-05-11 19:30:00,26495.3,26501.8,26489.3,26490.3,104,440,0
2026-05-11 19:45:00,26490.8,26498.8,26487.1,26496.8,137,440,0
2026-05-11 20:00:00,26497.8,26498.8,26467.2,26479.3,148,440,0
2026-05-11 20:15:00,26478.3,26479.8,26474.3,26478.8,57,440,0
2026-05-11 20:30:00,26478.2,26481.8,26477.3,26480.2,61,440,0
2026-05-11 20:45:00,26479.3,26482.8,26477.2,26481.2,59,440,0
2026-05-11 22:00:00,26485.2,26495.7,26484.2,26494.8,109,440,0
2026-05-11 22:15:00,26494.2,26498.8,26494.2,26497.8,61,440,0
2026-05-11 22:30:00,26498.7,26505.8,26498.1,26505.7,31,440,0
2026-05-11 22:45:00,26506.7,26507.8,26501.2,26501.8,39,440,0
2026-05-11 23:00:00,26502.7,26502.7,26496.2,26496.2,42,440,0
2026-05-11 23:15:00,26496.8,26498.8,26491.2,26495.8,50,440,0
2026-05-11 23:30:00,26496.8,26499.7,26490.3,26491.8,64,440,0
2026-05-11 23:45:00,26491.2,26491.8,26476.3,26488.2,138,440,0
2026-05-12 00:00:00,26489.8,26489.8,26469.2,26469.3,272,440,0
2026-05-12 00:15:00,26469.8,26480.7,26454.9,26479.7,198,440,0
2026-05-12 00:30:00,26479.1,26488.7,26463.3,26465.7,171,440,0
2026-05-12 01:15:00,26476.3,26486.9,26420.1,26469.4,652,148,0
2026-05-12 01:30:00,26471.3,26516.3,26400.5,26499.8,1440,148,0
2026-05-12 01:45:00,26503.3,26565.7,26501.8,26544.4,1018,148,0
2026-05-12 02:00:00,26543.8,26563.3,26479.9,26497.4,928,148,0
2026-05-12 02:15:00,26499.3,26499.4,26440.5,26450.8,836,148,0
2026-05-12 02:30:00,26452.4,26560.3,26439.9,26554.8,771,148,0
2026-05-12 02:45:00,26552.8,26587.3,26526.8,26561.8,736,148,0
2026-05-12 03:00:00,26559.9,26574.3,26469.8,26514.3,682,148,0
2026-05-12 03:15:00,26513.7,26520.4,26450.9,26479.7,638,148,0
2026-05-12 03:30:00,26481.3,26494.3,26450.8,26467.8,432,148,0
2026-05-12 03:45:00,26466.8,26473.6,26456.8,26472.5,335,148,0
2026-05-12 04:00:00,26457.1,26469.8,26457.1,26459.2,123,440,0
2026-05-12 04:15:00,26458.2,26469.8,26457.2,26466.2,87,440,0
2026-05-12 05:00:00,26470.8,26470.8,26407.9,26430.3,746,148,0
2026-05-12 05:15:00,26432.3,26456.3,26408.8,26449.3,599,148,0
2026-05-12 05:30:00,26448.7,26455.4,26407.8,26414.4,531,148,0
2026-05-12 05:45:00,26416.4,26430.3,26403.9,26408.4,498,148,0
2026-05-12 06:00:00,26410.3,26415.3,26370.9,26386.4,545,148,0
2026-05-12 06:15:00,26384.8,26392.3,26343.9,26346.4,466,148,0
2026-05-12 06:30:00,26349.1,26355.3,26328.4,26348.3,447,148,0
2026-05-12 06:45:00,26346.8,26364.3,26342.8,26355.3,350,148,0
2026-05-12 07:00:00,26354.0,26358.4,26307.8,26318.9,514,148,0
2026-05-12 07:15:00,26320.4,26372.4,26316.8,26372.4,442,148,0
2026-05-12 07:30:00,26372.7,26372.7,26351.9,26354.8,375,148,0
2026-05-12 07:45:00,26356.4,26357.3,26336.8,26342.8,354,148,0
2026-05-12 08:00:00,26344.3,26345.3,26303.9,26307.8,432,148,0
2026-05-12 08:15:00,26308.4,26342.5,26297.9,26341.4,316,148,0
2026-05-12 09:15:00,26320.7,26350.6,26318.6,26339.1,452,148,0
2026-05-12 09:30:00,26342.1,26373.4,26342.1,26348.6,603,148,0
2026-05-12 09:45:00,26347.6,26373.8,26347.6,26363.6,466,148,0
2026-05-12 10:00:00,26364.1,26379.6,26360.7,26378.6,365,148,0
2026-05-12 10:15:00,26377.3,26378.6,26365.6,26374.8,279,148,0
2026-05-12 10:30:00,26375.9,26381.7,26366.7,26369.0,337,148,0
2026-05-12 10:45:00,26368.6,26378.6,26361.9,26369.9,304,148,0
2026-05-12 11:00:00,26371.1,26398.4,26345.6,26362.5,507,148,0
2026-05-12 11:15:00,26363.5,26373.0,26348.6,26368.6,413,148,0
2026-05-12 11:30:00,26369.9,26390.8,26366.4,26379.6,370,148,0
2026-05-12 11:45:00,26378.1,26381.6,26361.6,26373.7,359,148,0
2026-05-12 12:00:00,26372.1,26386.3,26350.1,26366.6,426,148,0
2026-05-12 12:15:00,26366.3,26378.6,26362.6,26371.2,373,148,0
2026-05-12 12:30:00,26370.9,26422.6,26351.2,26413.6,633,148,0
2026-05-12 12:45:00,26415.4,26435.0,26409.0,26422.6,418,148,0
2026-05-12 13:00:00,26421.6,26430.5,26415.1,26419.7,404,148,0
2026-05-12 13:15:00,26419.2,26419.2,26386.6,26391.0,421,148,0
2026-05-12 13:30:00,26389.8,26432.2,26319.7,26332.8,941,148,0
2026-05-12 13:45:00,26331.1,26339.1,26264.5,26277.7,776,148,0
2026-05-12 14:00:00,26277.3,26339.5,26265.9,26327.2,689,148,0
2026-05-12 14:15:00,26328.7,26343.2,26284.7,26299.1,684,148,0
2026-05-12 14:30:00,26302.0,26326.0,26271.8,26317.9,734,148,0
2026-05-12 14:45:00,26317.5,26319.2,26253.3,26261.2,668,148,0
2026-05-12 15:00:00,26263.0,26272.2,26231.0,26232.6,646,148,0
2026-05-12 15:15:00,26231.7,26232.2,26195.9,26211.0,658,148,0
2026-05-12 15:30:00,26212.2,26251.0,26207.5,26248.6,635,148,0
2026-05-12 15:45:00,26249.0,26258.8,26228.5,26232.6,538,148,0
2026-05-12 16:00:00,26234.0,26272.5,26220.2,26268.6,515,148,0
2026-05-12 16:15:00,26267.8,26272.3,26236.8,26242.2,493,148,0
2026-05-12 16:30:00,26243.5,26254.4,26222.6,26236.6,527,148,0
2026-05-12 16:45:00,26237.3,26241.6,26219.7,26229.2,490,148,0
2026-05-12 17:00:00,26229.5,26260.6,26228.1,26257.5,490,148,0
2026-05-12 17:15:00,26258.0,26296.9,26257.0,26278.6,479,148,0
2026-05-12 17:30:00,26276.9,26300.9,26272.3,26294.0,412,148,0
2026-05-12 17:45:00,26294.5,26302.2,26286.6,26298.4,394,148,0
2026-05-12 18:00:00,26297.6,26311.0,26292.4,26307.6,439,148,0
2026-05-12 18:15:00,26308.8,26339.6,26306.5,26328.6,385,148,0
2026-05-12 18:30:00,26327.7,26352.9,26326.6,26351.5,393,148,0
2026-05-12 18:45:00,26352.0,26365.0,26345.6,26347.8,314,148,0
2026-05-12 19:00:00,26333.1,26365.8,26333.1,26363.2,114,440,0
2026-05-12 19:15:00,26363.8,26366.8,26342.3,26342.8,111,440,0
2026-05-12 19:30:00,26343.8,26359.7,26343.8,26354.1,99,440,0
2026-05-12 19:45:00,26355.7,26355.7,26325.9,26334.8,190,440,0
2026-05-12 20:00:00,26334.3,26334.3,26313.2,26320.8,125,440,0
2026-05-12 20:15:00,26320.2,26323.8,26317.2,26320.8,74,440,0
2026-05-12 20:30:00,26321.8,26322.9,26316.2,26320.2,73,440,0
2026-05-12 20:45:00,26320.9,26323.8,26318.2,26318.2,51,440,0
2026-05-12 22:00:00,26327.1,26337.8,26310.4,26314.8,116,440,0
2026-05-12 22:15:00,26314.2,26322.8,26314.2,26318.8,80,440,0
2026-05-12 22:30:00,26318.2,26325.1,26317.3,26322.2,57,440,0
2026-05-12 22:45:00,26323.7,26325.8,26317.2,26317.3,54,440,0
2026-05-12 23:00:00,26317.9,26321.8,26313.2,26314.9,99,440,0
2026-05-12 23:15:00,26315.8,26317.8,26307.2,26307.9,79,440,0
2026-05-12 23:30:00,26307.2,26307.2,26290.2,26292.2,115,440,0
2026-05-12 23:45:00,26292.9,26304.7,26288.2,26288.2,174,440,0
2026-05-13 00:00:00,26287.3,26300.8,26278.2,26279.3,341,440,0
2026-05-13 00:15:00,26280.6,26321.7,26280.2,26300.8,304,440,0
2026-05-13 00:30:00,26301.8,26315.7,26290.2,26308.8,242,440,0
2026-05-13 01:15:00,26349.5,26359.0,26311.0,26357.4,452,156,0
2026-05-13 01:30:00,26354.8,26374.4,26289.9,26338.3,1120,148,0
2026-05-13 01:45:00,26334.8,26376.3,26276.8,26290.3,914,148,0
2026-05-13 02:00:00,26289.8,26306.3,26239.9,26242.4,785,148,0
2026-05-13 02:15:00,26243.4,26263.1,26226.9,26254.3,619,148,0
2026-05-13 02:30:00,26256.3,26308.3,26226.8,26281.8,654,148,0
2026-05-13 02:45:00,26283.3,26301.3,26244.5,26244.9,582,148,0
2026-05-13 03:00:00,26244.5,26261.3,26213.8,26240.3,567,148,0
2026-05-13 03:15:00,26242.3,26331.3,26238.7,26330.3,619,148,0
2026-05-13 03:30:00,26327.7,26391.3,26318.8,26390.7,525,148,0
2026-05-13 03:45:00,26388.8,26434.3,26388.8,26422.3,459,148,0
2026-05-13 04:00:00,26407.2,26409.8,26401.2,26403.8,103,440,0
2026-05-13 04:15:00,26404.8,26404.8,26391.1,26397.3,96,440,0
2026-05-13 05:00:00,26423.8,26468.3,26417.7,26430.9,835,148,0
2026-05-13 05:15:00,26428.9,26429.8,26373.9,26384.4,630,148,0
2026-05-13 05:30:00,26386.3,26405.3,26362.9,26365.4,580,148,0
2026-05-13 05:45:00,26367.4,26369.8,26320.5,26340.4,557,148,0
2026-05-13 06:00:00,26341.3,26343.3,26286.9,26297.8,627,148,0
2026-05-13 06:15:00,26295.8,26324.2,26295.8,26317.8,507,148,0
2026-05-13 06:30:00,26315.8,26381.3,26314.8,26374.4,509,148,0
2026-05-13 06:45:00,26373.8,26381.3,26337.8,26371.4,466,148,0
2026-05-13 07:00:00,26369.8,26379.3,26350.9,26354.9,510,148,0
2026-05-13 07:15:00,26355.4,26373.4,26346.8,26369.8,389,148,0
2026-05-13 07:30:00,26371.3,26371.4,26355.9,26362.8,364,148,0
2026-05-13 07:45:00,26360.8,26370.3,26339.8,26370.3,394,148,0
2026-05-13 08:00:00,26370.8,26381.4,26357.8,26374.4,344,148,0
2026-05-13 08:15:00,26372.8,26385.5,26371.8,26382.8,247,148,0
2026-05-13 09:15:00,26363.2,26372.3,26315.2,26316.5,500,148,0
2026-05-13 09:30:00,26316.2,26359.6,26278.9,26291.4,798,148,0
2026-05-13 09:45:00,26293.1,26297.6,26252.9,26287.6,539,148,0
2026-05-13 10:00:00,26289.1,26317.5,26279.6,26297.2,548,148,0
2026-05-13 10:15:00,26296.6,26299.6,26278.2,26283.0,427,148,0
2026-05-13 10:30:00,26282.6,26286.6,26266.6,26282.6,353,148,0
2026-05-13 10:45:00,26283.5,26284.9,26256.7,26259.6,296,148,0
2026-05-13 11:00:00,26261.2,26262.6,26240.8,26254.6,380,148,0
2026-05-13 11:15:00,26253.8,26259.3,26247.6,26251.6,315,148,0
2026-05-13 11:30:00,26252.3,26289.4,26249.6,26286.6,319,148,0
2026-05-13 11:45:00,26286.5,26304.2,26285.0,26293.6,356,148,0
2026-05-13 12:00:00,26295.4,26302.6,26281.6,26283.6,348,148,0
2026-05-13 12:15:00,26283.4,26285.1,26238.4,26245.6,439,148,0
2026-05-13 12:30:00,26245.8,26245.8,26139.6,26164.6,727,148,0
2026-05-13 12:45:00,26164.7,26180.8,26154.6,26174.9,498,148,0
2026-05-13 13:00:00,26176.1,26198.5,26174.6,26194.4,424,148,0
2026-05-13 13:15:00,26193.8,26204.2,26180.6,26202.6,408,148,0
2026-05-13 13:30:00,26203.5,26451.7,26198.0,26440.5,1166,148,0
2026-05-13 13:45:00,26440.8,26639.4,26420.0,26632.9,1163,148,0
2026-05-13 14:00:00,26634.4,26787.4,26625.2,26765.6,1197,148,0
2026-05-13 14:15:00,26765.3,26798.1,26734.7,26788.2,973,148,0
2026-05-13 14:30:00,26789.9,26834.6,26760.7,26818.5,805,148,0
2026-05-13 14:45:00,26818.8,26845.4,26800.6,26815.0,748,148,0
2026-05-13 15:00:00,26813.7,26846.5,26808.6,26821.6,677,148,0
2026-05-13 15:15:00,26821.3,26874.6,26815.3,26874.6,648,148,0
2026-05-13 15:30:00,26873.0,26876.8,26849.8,26865.6,635,148,0
2026-05-13 15:45:00,26866.3,26868.6,26811.9,26813.0,615,148,0
2026-05-13 16:00:00,26812.6,26838.9,26803.6,26821.6,549,148,0
2026-05-13 16:15:00,26821.4,26869.1,26815.6,26861.9,558,148,0
2026-05-13 16:30:00,26860.2,26875.7,26855.7,26861.2,462,148,0
2026-05-13 16:45:00,26860.7,26894.5,26843.7,26871.2,523,148,0
2026-05-13 17:00:00,26870.0,26895.5,26850.6,26852.4,509,148,0
2026-05-13 17:15:00,26849.9,26895.9,26848.7,26882.5,486,148,0
2026-05-13 17:30:00,26882.0,26891.4,26870.7,26878.1,399,148,0
2026-05-13 17:45:00,26877.9,26881.5,26841.7,26843.6,455,148,0
2026-05-13 18:00:00,26842.2,26886.9,26841.7,26880.7,507,148,0
2026-05-13 18:15:00,26880.8,26900.1,26870.3,26888.4,489,148,0
2026-05-13 18:30:00,26888.2,26917.0,26883.6,26897.0,431,148,0
2026-05-13 18:45:00,26898.4,26913.6,26881.9,26881.9,493,148,0
2026-05-13 19:00:00,26867.8,26887.7,26867.8,26884.3,120,440,0
2026-05-13 19:15:00,26884.8,26892.7,26882.2,26891.7,102,440,0
2026-05-13 19:30:00,26892.7,26897.7,26887.3,26888.2,101,440,0
2026-05-13 19:45:00,26887.2,26890.7,26875.3,26883.2,184,440,0
2026-05-13 20:00:00,26882.2,26891.8,26877.9,26891.8,122,440,0
2026-05-13 20:15:00,26890.2,26892.8,26889.2,26892.8,43,440,0
2026-05-13 20:30:00,26892.2,26898.7,26892.2,26896.8,39,440,0
2026-05-13 20:45:00,26896.2,26897.8,26894.2,26895.8,48,440,0
2026-05-13 22:00:00,26881.9,26882.2,26863.2,26867.2,133,440,0
2026-05-13 22:15:00,26867.8,26872.7,26857.1,26858.2,86,440,0
2026-05-13 22:30:00,26858.8,26866.7,26858.2,26866.7,54,440,0
2026-05-13 22:45:00,26866.2,26873.7,26865.2,26868.2,97,440,0
2026-05-13 23:00:00,26867.3,26873.7,26860.1,26865.2,115,440,0
2026-05-13 23:15:00,26865.8,26865.8,26856.3,26857.3,70,440,0
2026-05-13 23:30:00,26856.3,26858.8,26850.3,26854.2,83,440,0
2026-05-13 23:45:00,26854.8,26861.2,26843.3,26854.2,168,440,0
2026-05-14 00:00:00,26855.8,26856.8,26839.3,26856.7,274,440,0
2026-05-14 00:15:00,26856.2,26870.7,26856.2,26862.2,238,440,0
2026-05-14 00:30:00,26863.7,26876.1,26858.2,26871.2,183,440,0
2026-05-14 01:15:00,26896.1,26934.9,26852.6,26865.5,812,156,0
2026-05-14 01:30:00,26863.7,26863.7,26705.9,26716.3,1379,148,0
2026-05-14 01:45:00,26718.3,26720.3,26603.1,26628.1,953,148,0
2026-05-14 02:00:00,26626.1,26626.6,26546.1,26551.6,896,148,0
2026-05-14 02:15:00,26552.6,26584.6,26535.7,26560.1,816,148,0
2026-05-14 02:30:00,26561.6,26631.6,26558.1,26612.1,795,148,0
2026-05-14 02:45:00,26613.0,26620.6,26516.1,26556.0,840,148,0
2026-05-14 03:00:00,26556.7,26574.6,26465.3,26473.1,755,148,0
2026-05-14 03:15:00,26472.0,26518.6,26419.1,26517.6,784,148,0
2026-05-14 03:30:00,26519.6,26530.6,26488.1,26503.1,598,148,0
2026-05-14 03:45:00,26503.6,26512.6,26464.1,26478.7,458,148,0
2026-05-14 04:00:00,26465.3,26479.7,26451.3,26475.2,164,440,0
2026-05-14 04:15:00,26475.8,26482.8,26472.2,26478.8,101,440,0
2026-05-14 05:00:00,26495.3,26520.3,26467.9,26478.4,925,148,0
2026-05-14 05:15:00,26477.8,26514.3,26446.9,26506.3,666,148,0
2026-05-14 05:30:00,26508.3,26518.3,26432.9,26459.4,663,148,0
2026-05-14 05:45:00,26461.3,26555.9,26445.5,26445.5,959,148,0
2026-05-14 06:00:00,26443.9,26490.6,26443.8,26472.1,721,148,0
2026-05-14 06:15:00,26470.1,26479.7,26411.1,26450.6,664,148,0
2026-05-14 06:30:00,26451.6,26461.7,26419.1,26448.6,567,148,0
2026-05-14 06:45:00,26448.1,26461.6,26401.3,26425.6,537,148,0
2026-05-14 07:00:00,26424.1,26447.6,26416.1,26427.1,507,148,0
2026-05-14 07:15:00,26426.1,26435.6,26409.1,26415.6,394,148,0
2026-05-14 07:30:00,26414.1,26420.6,26383.1,26403.1,475,148,0
2026-05-14 07:45:00,26402.1,26402.1,26351.1,26352.6,463,148,0
2026-05-14 08:00:00,26350.3,26397.6,26337.1,26395.7,501,148,0
2026-05-14 08:15:00,26395.0,26407.5,26380.1,26405.8,364,148,0
2026-05-14 09:15:00,26375.4,26393.5,26356.6,26359.6,461,148,0
2026-05-14 09:30:00,26358.7,26367.5,26301.3,26334.6,646,148,0
2026-05-14 09:45:00,26335.6,26377.1,26335.6,26352.6,478,148,0
2026-05-14 10:00:00,26350.9,26406.0,26346.3,26379.2,502,148,0
2026-05-14 10:15:00,26380.8,26406.6,26374.7,26392.5,511,148,0
2026-05-14 10:30:00,26392.6,26401.6,26362.6,26378.6,356,148,0
2026-05-14 10:45:00,26380.2,26415.3,26374.6,26395.5,438,148,0
2026-05-14 11:00:00,26394.0,26402.6,26377.7,26394.6,438,148,0
2026-05-14 11:15:00,26395.2,26403.5,26372.6,26376.6,391,148,0
2026-05-14 11:30:00,26378.0,26411.4,26374.4,26388.8,371,148,0
2026-05-14 11:45:00,26389.3,26423.9,26387.1,26407.2,340,148,0
2026-05-14 12:00:00,26405.8,26435.6,26403.4,26421.6,387,148,0
2026-05-14 12:15:00,26421.3,26427.6,26390.6,26390.6,335,148,0
2026-05-14 12:30:00,26391.3,26394.6,26360.9,26362.4,508,148,0
2026-05-14 12:45:00,26360.8,26380.9,26350.6,26375.6,459,148,0
2026-05-14 13:00:00,26377.2,26383.1,26348.9,26356.6,489,148,0
2026-05-14 13:15:00,26355.1,26366.1,26336.6,26357.6,487,148,0
2026-05-14 13:30:00,26359.2,26384.1,26273.8,26307.9,1151,148,0
2026-05-14 13:45:00,26306.5,26324.8,26219.7,26229.6,986,148,0
2026-05-14 14:00:00,26227.9,26345.5,26217.2,26333.3,833,148,0
2026-05-14 14:15:00,26332.5,26389.5,26325.9,26371.1,772,148,0
2026-05-14 14:30:00,26373.5,26416.9,26361.7,26400.1,671,148,0
2026-05-14 14:45:00,26401.6,26426.7,26384.6,26396.2,660,148,0
2026-05-14 15:00:00,26395.1,26416.9,26364.6,26392.4,604,148,0
2026-05-14 15:15:00,26392.6,26429.3,26387.9,26422.5,540,148,0
2026-05-14 15:30:00,26419.3,26441.0,26403.5,26406.6,534,148,0
2026-05-14 15:45:00,26408.2,26422.7,26400.1,26418.2,483,148,0
2026-05-14 16:00:00,26418.6,26427.9,26406.6,26410.6,434,148,0
2026-05-14 16:15:00,26409.6,26424.8,26360.8,26373.3,456,148,0
2026-05-14 16:30:00,26372.6,26410.1,26367.6,26394.9,545,148,0
2026-05-14 16:45:00,26393.7,26405.2,26363.5,26405.1,529,148,0
2026-05-14 17:00:00,26406.3,26426.3,26403.0,26403.6,428,148,0
2026-05-14 17:15:00,26402.4,26408.6,26378.6,26390.4,571,148,0
2026-05-14 17:30:00,26389.1,26421.3,26387.6,26417.6,418,148,0
2026-05-14 17:45:00,26417.7,26426.9,26402.6,26402.6,367,148,0
2026-05-14 18:00:00,26401.3,26407.6,26372.9,26407.6,502,148,0
2026-05-14 18:15:00,26408.4,26419.6,26390.0,26394.6,391,148,0
2026-05-14 18:30:00,26394.7,26404.4,26391.2,26398.6,385,148,0
2026-05-14 18:45:00,26397.4,26408.6,26391.8,26405.3,364,148,0
2026-05-14 19:00:00,26390.1,26399.8,26390.1,26391.1,98,440,0
2026-05-14 19:15:00,26392.7,26396.8,26380.2,26380.8,84,440,0
2026-05-14 19:30:00,26380.2,26388.8,26380.2,26384.2,101,440,0
2026-05-14 19:45:00,26383.8,26391.8,26368.2,26377.8,194,440,0
2026-05-14 20:00:00,26378.8,26385.8,26378.2,26378.2,94,440,0
2026-05-14 20:15:00,26378.7,26379.7,26363.3,26364.2,89,440,0
2026-05-14 20:30:00,26364.9,26369.9,26364.9,26368.3,57,440,0
2026-05-14 20:45:00,26367.3,26374.8,26367.3,26374.2,73,440,0
2026-05-14 22:00:00,26341.0,26348.2,26330.3,26331.2,144,440,0
2026-05-14 22:15:00,26330.3,26332.8,26323.2,26332.8,93,440,0
2026-05-14 22:30:00,26332.2,26335.8,26331.3,26334.8,67,440,0
2026-05-14 22:45:00,26334.2,26342.7,26333.3,26337.2,73,440,0
2026-05-14 23:00:00,26337.8,26340.8,26335.2,26340.2,68,440,0
2026-05-14 23:15:00,26339.2,26339.8,26332.9,26338.5,73,440,0
2026-05-14 23:30:00,26339.5,26344.5,26336.9,26339.9,78,440,0
2026-05-14 23:45:00,26339.0,26339.0,26312.0,26319.9,164,440,0
2026-05-15 00:00:00,26318.0,26329.7,26310.0,26329.7,291,440,0
2026-05-15 00:15:00,26330.7,26344.8,26330.7,26335.8,205,440,0
2026-05-15 00:30:00,26334.2,26334.2,26292.9,26298.9,281,440,0
2026-05-15 01:15:00,26292.9,26335.9,26231.0,26312.5,771,148,0
2026-05-15 01:30:00,26311.5,26334.0,26168.8,26190.3,1487,148,0
2026-05-15 01:45:00,26192.3,26218.3,26123.1,26152.4,1141,148,0
2026-05-15 02:00:00,26154.4,26169.3,26122.8,26128.8,1047,148,0
2026-05-15 02:15:00,26126.8,26183.3,26088.9,26090.4,880,148,0
2026-05-15 02:30:00,26088.9,26122.3,26033.9,26080.3,827,148,0
2026-05-15 02:45:00,26081.4,26161.0,26081.4,26103.6,869,148,0
2026-05-15 03:00:00,26100.1,26137.6,26085.1,26124.6,795,148,0
2026-05-15 03:15:00,26122.7,26133.0,26082.0,26111.1,664,148,0
2026-05-15 03:30:00,26114.6,26141.6,26098.1,26126.7,471,148,0
2026-05-15 03:45:00,26128.6,26142.6,26089.2,26130.2,397,148,0
2026-05-15 04:00:00,26114.2,26114.2,26091.9,26101.8,159,440,0
2026-05-15 04:15:00,26101.2,26106.8,26092.2,26101.8,149,440,0
2026-05-15 05:00:00,26104.1,26104.1,25987.9,26009.8,931,148,0
2026-05-15 05:15:00,26011.3,26029.3,25977.8,25997.3,687,148,0
2026-05-15 05:30:00,25995.8,25995.8,25866.8,25869.4,684,148,0
2026-05-15 05:45:00,25871.3,25888.7,25834.9,25842.8,708,148,0
2026-05-15 06:00:00,25840.8,25904.3,25826.4,25882.8,823,148,0
2026-05-15 06:15:00,25885.0,25917.3,25838.9,25848.4,691,148,0
2026-05-15 06:30:00,25850.4,25925.3,25840.5,25922.3,706,148,0
2026-05-15 06:45:00,25921.8,25936.3,25866.8,25906.1,612,148,0
2026-05-15 07:00:00,25907.7,25966.7,25892.8,25954.8,683,148,0
2026-05-15 07:15:00,25958.3,25972.4,25945.8,25963.4,518,148,0
2026-05-15 07:30:00,25965.3,25966.3,25917.5,25938.4,444,148,0
2026-05-15 07:45:00,25940.8,25949.0,25905.9,25928.7,460,148,0
2026-05-15 08:00:00,25926.4,25926.9,25877.1,25889.0,507,148,0
2026-05-15 08:15:00,25890.0,25890.0,25839.5,25839.5,451,148,0
2026-05-15 09:15:00,25845.2,25858.2,25797.2,25858.2,651,148,0
2026-05-15 09:30:00,25857.2,25862.1,25830.1,25839.8,608,148,0
2026-05-15 09:45:00,25838.7,25862.8,25817.6,25857.1,671,148,0
2026-05-15 10:00:00,25860.1,25895.5,25843.9,25891.6,622,148,0
2026-05-15 10:15:00,25892.4,25908.3,25876.9,25878.6,576,148,0
2026-05-15 10:30:00,25877.7,25899.9,25859.3,25899.9,570,148,0
2026-05-15 10:45:00,25903.2,25957.6,25895.4,25941.6,798,156,0
2026-05-15 11:00:00,25943.0,25950.2,25895.9,25901.7,588,148,0
2026-05-15 11:15:00,25903.3,25910.6,25872.4,25884.8,502,148,0
2026-05-15 11:30:00,25883.8,25887.6,25842.8,25848.6,494,148,0
2026-05-15 11:45:00,25847.1,25867.6,25837.6,25844.6,517,148,0
2026-05-15 12:00:00,25840.8,25851.0,25808.5,25822.6,618,148,0
2026-05-15 12:15:00,25820.3,25845.1,25817.1,25826.0,521,148,0
2026-05-15 12:30:00,25825.9,25828.4,25796.6,25801.9,554,148,0
2026-05-15 12:45:00,25799.3,25845.9,25794.2,25836.6,478,148,0
2026-05-15 13:00:00,25838.4,25857.9,25826.6,25856.4,495,148,0
2026-05-15 13:15:00,25857.5,25892.1,25849.1,25873.6,467,148,0
2026-05-15 13:30:00,25873.9,25878.2,25726.4,25726.4,1013,148,0
2026-05-15 13:45:00,25724.6,25801.7,25704.6,25753.6,992,148,0
2026-05-15 14:00:00,25755.1,25809.8,25717.3,25797.9,958,148,0
2026-05-15 14:15:00,25799.2,25860.5,25785.7,25806.3,879,148,0
2026-05-15 14:30:00,25807.5,25815.1,25761.9,25787.9,789,148,0
2026-05-15 14:45:00,25788.2,25788.6,25738.1,25757.6,727,148,0
2026-05-15 15:00:00,25758.8,25772.2,25735.6,25745.6,701,148,0
2026-05-15 15:15:00,25744.8,25764.1,25724.6,25748.6,662,148,0
2026-05-15 15:30:00,25752.2,25762.6,25723.0,25735.6,695,148,0
2026-05-15 15:45:00,25734.1,25738.6,25684.6,25732.6,679,148,0
2026-05-15 16:00:00,25734.2,25743.1,25701.9,25719.2,602,148,0
2026-05-15 16:15:00,25720.6,25734.8,25706.0,25719.7,517,148,0
2026-05-15 16:30:00,25721.6,25727.6,25713.9,25724.6,465,148,0
2026-05-15 16:45:00,25723.1,25731.6,25702.0,25712.7,464,148,0
2026-05-15 17:00:00,25710.9,25752.7,25703.6,25751.2,437,148,0
2026-05-15 17:15:00,25751.5,25781.6,25741.6,25761.6,505,148,0
2026-05-15 17:30:00,25760.0,25776.9,25756.9,25775.6,402,148,0
2026-05-15 17:45:00,25776.7,25781.6,25769.6,25779.6,342,148,0
2026-05-15 18:00:00,25781.1,25788.5,25770.0,25771.7,384,148,0
2026-05-15 18:15:00,25770.7,25773.6,25732.6,25750.6,539,148,0
2026-05-15 18:30:00,25752.2,25752.6,25723.1,25752.3,502,148,0
2026-05-15 18:45:00,25752.2,25780.5,25746.6,25762.5,430,148,0
2026-05-15 19:00:00,25749.7,25750.7,25725.2,25728.3,144,440,0
2026-05-15 19:15:00,25727.3,25731.8,25720.2,25720.9,155,440,0
2026-05-15 19:30:00,25721.8,25728.8,25718.3,25720.8,139,440,0
2026-05-15 19:45:00,25721.8,25731.7,25699.3,25701.8,233,440,0
2026-05-17 22:00:00,25612.1,25649.8,25609.2,25643.9,235,440,0
2026-05-17 22:15:00,25644.8,25650.8,25632.2,25641.9,263,440,0
2026-05-17 22:30:00,25642.8,25650.7,25630.3,25647.1,189,440,0
2026-05-17 22:45:00,25646.2,25656.8,25637.2,25646.8,186,440,0
2026-05-17 23:00:00,25647.8,25649.8,25628.3,25635.8,226,440,0
2026-05-17 23:15:00,25635.2,25635.2,25607.3,25613.2,255,440,0
2026-05-17 23:30:00,25613.9,25631.8,25575.3,25620.8,302,440,0
2026-05-17 23:45:00,25620.2,25634.7,25612.3,25624.7,380,440,0
2026-05-18 00:00:00,25620.8,25629.7,25538.3,25563.7,551,440,0
2026-05-18 00:15:00,25565.7,25595.7,25565.3,25582.2,454,440,0
2026-05-18 00:30:00,25581.2,25589.8,25553.3,25557.2,440,440,0
2026-05-18 01:15:00,25634.3,25791.3,25610.1,25751.8,1083,148,0
2026-05-18 01:30:00,25753.2,25775.9,25629.1,25683.8,1758,148,0
2026-05-18 01:45:00,25681.9,25706.3,25585.9,25585.9,1239,148,0
2026-05-18 02:00:00,25584.1,25609.3,25525.9,25584.8,1124,148,0
2026-05-18 02:15:00,25582.8,25627.3,25547.8,25588.8,1042,148,0
2026-05-18 02:30:00,25588.4,25632.1,25537.9,25543.8,1040,148,0
2026-05-18 02:45:00,25541.8,25572.3,25494.8,25508.3,786,148,0
2026-05-18 03:00:00,25510.3,25531.3,25491.8,25503.4,741,148,0
2026-05-18 03:15:00,25502.8,25527.4,25475.8,25526.4,651,148,0
2026-05-18 03:30:00,25524.8,25591.7,25511.9,25589.8,666,148,0
2026-05-18 03:45:00,25590.4,25604.3,25578.8,25586.2,462,148,0
2026-05-18 04:00:00,25571.4,25595.8,25569.8,25589.8,174,440,0
2026-05-18 04:15:00,25588.2,25595.8,25564.2,25567.9,187,440,0
2026-05-18 05:00:00,25584.0,25671.3,25584.0,25615.8,953,148,0
2026-05-18 05:15:00,25613.8,25654.4,25596.9,25651.3,753,148,0
2026-05-18 05:30:00,25653.3,25664.7,25609.8,25616.8,689,148,0
2026-05-18 05:45:00,25615.8,25640.3,25566.8,25570.8,623,148,0
2026-05-18 06:00:00,25568.8,25568.8,25524.8,25533.4,712,148,0
2026-05-18 06:15:00,25532.8,25572.3,25532.8,25538.4,602,148,0
2026-05-18 06:30:00,25536.8,25564.3,25525.9,25564.3,566,148,0
2026-05-18 06:45:00,25566.3,25612.3,25551.8,25612.3,482,148,0
2026-05-18 07:00:00,25614.1,25621.3,25596.8,25607.8,533,148,0
2026-05-18 07:15:00,25607.4,25633.9,25552.9,25621.4,595,148,0
2026-05-18 07:30:00,25623.3,25649.3,25603.9,25608.8,567,148,0
2026-05-18 07:45:00,25607.8,25635.2,25594.8,25615.4,497,148,0
2026-05-18 08:00:00,25613.8,25623.3,25588.9,25619.4,455,148,0
2026-05-18 08:15:00,25617.8,25660.3,25615.8,25649.2,324,148,0
2026-05-18 09:15:00,25641.8,25681.1,25639.3,25674.6,435,148,0
2026-05-18 09:30:00,25673.9,25678.5,25663.6,25667.6,433,148,0
2026-05-18 09:45:00,25668.5,25670.7,25647.6,25664.6,462,148,0
2026-05-18 10:00:00,25666.6,25670.6,25612.8,25627.6,545,148,0
2026-05-18 10:15:00,25629.2,25635.5,25620.6,25623.7,394,148,0
2026-05-18 10:30:00,25624.3,25629.6,25597.6,25625.5,484,148,0
2026-05-18 10:45:00,25624.6,25638.6,25608.7,25611.4,359,148,0
2026-05-18 11:00:00,25612.6,25617.6,25565.9,25602.6,521,148,0
2026-05-18 11:15:00,25601.6,25626.6,25594.6,25606.7,389,148,0
2026-05-18 11:30:00,25605.9,25767.1,25605.5,25759.2,947,148,0
2026-05-18 11:45:00,25762.2,25763.9,25699.6,25708.6,704,148,0
2026-05-18 12:00:00,25709.2,25735.6,25701.9,25722.7,525,148,0
2026-05-18 12:15:00,25721.2,25724.4,25689.6,25708.6,521,148,0
2026-05-18 12:30:00,25708.8,25801.5,25706.7,25794.6,751,148,0
2026-05-18 12:45:00,25794.8,25814.9,25760.8,25789.6,718,148,0
2026-05-18 13:00:00,25789.4,25789.4,25732.3,25746.6,684,148,0
2026-05-18 13:15:00,25744.6,25761.4,25730.0,25730.0,468,148,0
2026-05-18 13:30:00,25731.7,25735.9,25632.0,25643.2,1044,148,0
2026-05-18 13:45:00,25644.2,25764.5,25641.8,25743.3,944,148,0
2026-05-18 14:00:00,25742.6,25745.9,25676.0,25710.7,914,148,0
2026-05-18 14:15:00,25710.3,25742.9,25687.9,25720.2,801,156,0
2026-05-18 14:30:00,25719.3,25730.9,25647.6,25695.1,886,148,0
2026-05-18 14:45:00,25694.6,25725.9,25674.9,25706.6,772,148,0
2026-05-18 15:00:00,25704.6,25714.2,25627.3,25667.3,930,148,0
2026-05-18 15:15:00,25666.5,25676.1,25626.3,25630.8,758,156,0
2026-05-18 15:30:00,25629.4,25690.6,25629.4,25663.9,724,148,0
2026-05-18 15:45:00,25664.2,25691.6,25653.9,25676.6,627,148,0
2026-05-18 16:00:00,25678.2,25699.9,25662.4,25699.9,550,148,0
2026-05-18 16:15:00,25699.2,25713.9,25635.4,25645.3,671,148,0
2026-05-18 16:30:00,25644.9,25679.6,25625.3,25655.9,670,148,0
2026-05-18 16:45:00,25655.6,25707.8,25653.2,25679.7,586,148,0
2026-05-18 17:00:00,25675.5,25708.6,25660.2,25686.6,577,148,0
2026-05-18 17:15:00,25685.6,25707.9,25682.9,25696.3,482,148,0
2026-05-18 17:30:00,25695.7,25702.2,25681.0,25689.7,516,148,0
2026-05-18 17:45:00,25688.2,25710.7,25684.8,25700.8,454,148,0
2026-05-18 18:00:00,25702.1,25703.5,25659.3,25664.9,578,148,0
2026-05-18 18:15:00,25665.6,25665.6,25602.8,25630.3,624,148,0
2026-05-18 18:30:00,25633.5,25643.5,25620.5,25636.2,542,148,0
2026-05-18 18:45:00,25638.3,25638.6,25592.0,25596.0,507,148,0
2026-05-18 19:00:00,25581.1,25671.5,25581.1,25611.9,474,440,0
2026-05-18 19:15:00,25611.3,25622.2,25594.3,25603.3,234,440,0
2026-05-18 19:30:00,25603.9,25640.7,25601.2,25639.8,255,440,0
2026-05-18 19:45:00,25639.1,25653.8,25633.2,25638.8,268,440,0
2026-05-18 20:00:00,25640.8,25641.8,25627.2,25634.3,133,440,0
2026-05-18 20:15:00,25633.2,25637.8,25631.2,25635.2,60,440,0
2026-05-18 20:30:00,25635.8,25638.8,25631.3,25637.8,65,440,0
2026-05-18 20:45:00,25638.8,25638.8,25633.2,25634.8,65,440,0
2026-05-18 22:00:00,25637.8,25647.8,25629.2,25642.2,174,440,0
2026-05-18 22:15:00,25643.7,25661.8,25643.7,25658.7,145,440,0
2026-05-18 22:30:00,25659.7,25665.8,25658.2,25658.2,110,440,0
2026-05-18 22:45:00,25658.8,25658.8,25650.9,25658.2,90,440,0
2026-05-18 23:00:00,25658.8,25668.7,25658.3,25661.2,128,440,0
2026-05-18 23:15:00,25661.8,25662.8,25656.2,25660.2,79,440,0
2026-05-18 23:30:00,25659.2,25663.8,25651.2,25656.3,104,440,0
2026-05-18 23:45:00,25656.9,25657.8,25626.2,25632.9,248,440,0
2026-05-19 00:00:00,25634.8,25645.8,25619.2,25625.9,435,440,0
2026-05-19 00:15:00,25624.2,25650.7,25604.3,25626.8,395,440,0
2026-05-19 00:30:00,25627.8,25636.7,25606.2,25616.2,309,440,0
2026-05-19 01:15:00,25661.6,25702.9,25644.9,25676.8,639,148,0
2026-05-19 01:30:00,25676.4,25785.3,25623.5,25769.8,1435,148,0
2026-05-19 01:45:00,25771.4,25815.3,25755.9,25761.9,1097,148,0
2026-05-19 02:00:00,25759.9,25771.0,25712.8,25732.1,1152,148,0
2026-05-19 02:15:00,25730.6,25832.1,25716.6,25766.1,995,148,0
2026-05-19 02:30:00,25764.6,25836.2,25750.6,25793.2,976,148,0
2026-05-19 02:45:00,25791.5,25793.1,25689.6,25721.1,857,148,0
2026-05-19 03:00:00,25720.5,25730.4,25679.6,25707.1,752,148,0
2026-05-19 03:15:00,25705.6,25752.1,25696.6,25736.1,716,148,0
2026-05-19 03:30:00,25736.5,25757.1,25722.5,25748.5,514,148,0
2026-05-19 03:45:00,25746.6,25769.1,25736.5,25755.4,440,148,0
2026-05-19 04:00:00,25739.4,25739.4,25706.3,25717.3,242,440,0
2026-05-19 04:15:00,25717.9,25717.9,25688.2,25694.8,199,440,0
2026-05-19 05:00:00,25734.3,25773.3,25695.9,25752.7,840,148,0
2026-05-19 05:15:00,25754.3,25754.3,25670.8,25706.4,781,148,0
2026-05-19 05:30:00,25705.8,25727.3,25665.8,25697.8,724,148,0
2026-05-19 05:45:00,25699.3,25750.3,25675.9,25736.3,721,148,0
2026-05-19 06:00:00,25740.7,25765.1,25708.8,25743.6,790,148,0
2026-05-19 06:15:00,25745.1,25804.1,25742.6,25782.6,625,148,0
2026-05-19 06:30:00,25779.6,25801.1,25757.5,25801.1,581,148,0
2026-05-19 06:45:00,25802.1,25809.1,25772.6,25803.1,437,148,0
2026-05-19 07:00:00,25803.5,25826.0,25791.6,25821.1,533,148,0
2026-05-19 07:15:00,25823.1,25827.1,25796.5,25803.5,357,148,0
2026-05-19 07:30:00,25805.1,25807.1,25781.6,25788.1,374,148,0
2026-05-19 07:45:00,25787.5,25788.2,25761.6,25777.1,426,148,0
2026-05-19 08:00:00,25775.6,25782.5,25742.6,25757.6,459,148,0
2026-05-19 08:15:00,25759.1,25778.1,25741.5,25757.8,406,148,0
2026-05-19 09:15:00,25719.0,25733.7,25693.7,25709.6,681,148,0
2026-05-19 09:30:00,25711.1,25714.6,25676.5,25697.6,676,148,0
2026-05-19 09:45:00,25697.8,25729.6,25687.6,25721.9,423,148,0
2026-05-19 10:00:00,25722.6,25731.6,25705.6,25722.6,400,148,0
2026-05-19 10:15:00,25723.6,25732.6,25713.7,25725.6,399,148,0
2026-05-19 10:30:00,25726.6,25742.5,25670.6,25692.0,575,148,0
2026-05-19 10:45:00,25693.0,25733.6,25680.4,25725.6,660,148,0
2026-05-19 11:00:00,25729.0,25748.5,25702.7,25707.6,527,148,0
2026-05-19 11:15:00,25706.6,25712.1,25682.3,25691.3,475,148,0
2026-05-19 11:30:00,25691.6,25700.6,25688.6,25689.6,404,148,0
2026-05-19 11:45:00,25688.5,25691.6,25660.6,25661.6,422,148,0
2026-05-19 12:00:00,25659.6,25696.5,25645.4,25691.7,523,148,0
2026-05-19 12:15:00,25691.6,25698.5,25675.7,25690.4,459,148,0
2026-05-19 12:30:00,25691.6,25705.7,25681.1,25695.9,498,148,0
2026-05-19 12:45:00,25695.7,25705.1,25680.6,25682.5,376,148,0
2026-05-19 13:00:00,25681.9,25684.3,25616.8,25651.1,605,148,0
2026-05-19 13:15:00,25651.5,25654.6,25598.0,25603.6,596,148,0
2026-05-19 13:30:00,25603.8,25673.7,25593.9,25636.2,1003,148,0
2026-05-19 13:45:00,25639.2,25728.4,25629.3,25692.3,908,148,0
2026-05-19 14:00:00,25694.4,25717.3,25620.9,25635.0,899,156,0
2026-05-19 14:15:00,25633.5,25647.9,25584.3,25615.3,820,148,0
2026-05-19 14:30:00,25616.7,25644.6,25608.3,25616.0,797,148,0
2026-05-19 14:45:00,25614.6,25620.9,25585.3,25612.2,707,148,0
2026-05-19 15:00:00,25611.8,25645.0,25611.8,25631.6,691,148,0
2026-05-19 15:15:00,25632.6,25663.9,25629.1,25643.2,661,148,0
2026-05-19 15:30:00,25641.2,25674.5,25634.6,25660.3,637,148,0
2026-05-19 15:45:00,25660.6,25661.4,25623.6,25636.4,547,148,0
2026-05-19 16:00:00,25638.0,25662.4,25616.6,25632.6,586,148,0
2026-05-19 16:15:00,25633.7,25687.3,25626.8,25677.6,586,148,0
2026-05-19 16:30:00,25677.8,25690.8,25670.6,25684.3,505,148,0
2026-05-19 16:45:00,25685.3,25700.3,25683.1,25688.7,462,148,0
2026-05-19 17:00:00,25687.1,25722.1,25687.1,25717.2,454,148,0
2026-05-19 17:15:00,25717.1,25722.9,25703.6,25708.6,402,148,0
2026-05-19 17:30:00,25708.0,25715.6,25686.6,25693.3,454,148,0
2026-05-19 17:45:00,25694.2,25695.6,25672.6,25692.7,458,148,0
2026-05-19 18:00:00,25693.9,25712.5,25692.6,25698.6,375,148,0
2026-05-19 18:15:00,25700.1,25701.1,25671.3,25671.3,496,148,0
2026-05-19 18:30:00,25671.5,25691.5,25658.7,25684.6,454,148,0
2026-05-19 18:45:00,25685.6,25685.6,25640.0,25645.7,448,148,0
2026-05-19 19:00:00,25629.7,25657.8,25629.7,25657.2,147,440,0
2026-05-19 19:15:00,25657.8,25658.8,25624.3,25633.8,184,440,0
2026-05-19 19:30:00,25634.8,25635.8,25620.3,25622.8,160,440,0
2026-05-19 19:45:00,25621.3,25627.8,25607.3,25622.2,198,440,0
2026-05-19 20:00:00,25621.2,25622.8,25604.2,25616.2,158,440,0
2026-05-19 20:15:00,25615.2,25618.7,25612.2,25613.8,94,440,0
2026-05-19 20:30:00,25614.8,25614.8,25611.2,25611.8,74,440,0
2026-05-19 20:45:00,25611.2,25625.7,25608.2,25625.7,71,440,0
2026-05-19 22:00:00,25640.0,25646.7,25632.1,25636.8,149,440,0
2026-05-19 22:15:00,25636.1,25637.8,25621.3,25625.2,163,440,0
2026-05-19 22:30:00,25625.8,25637.7,25622.8,25628.2,158,440,0
2026-05-19 22:45:00,25627.2,25634.4,25621.7,25632.3,105,440,0
2026-05-19 23:00:00,25631.7,25652.8,25631.7,25649.7,86,440,0
2026-05-19 23:15:00,25650.7,25660.7,25648.2,25656.7,110,440,0
2026-05-19 23:30:00,25657.7,25684.1,25657.7,25672.1,160,440,0
2026-05-19 23:45:00,25672.8,25672.8,25648.9,25649.9,210,440,0
2026-05-20 00:00:00,25648.3,25648.3,25603.3,25613.8,444,440,0
2026-05-20 00:15:00,25613.2,25639.7,25590.2,25639.7,477,440,0
2026-05-20 00:30:00,25641.7,25670.7,25629.9,25644.8,453,440,0
2026-05-20 01:15:00,25627.7,25637.8,25604.5,25619.3,553,166,0
2026-05-20 01:30:00,25628.2,25643.1,25533.6,25598.1,1164,148,0
2026-05-20 01:45:00,25600.1,25694.1,25591.6,25634.1,1074,148,0
2026-05-20 02:00:00,25635.0,25663.4,25563.6,25590.1,895,148,0
2026-05-20 02:15:00,25592.1,25642.1,25584.7,25626.2,798,148,0
2026-05-20 02:30:00,25624.6,25629.1,25536.6,25557.6,924,148,0
2026-05-20 02:45:00,25555.6,25568.0,25530.6,25550.1,744,148,0
2026-05-20 03:00:00,25552.1,25565.1,25527.6,25542.1,642,148,0
2026-05-20 03:15:00,25542.5,25619.1,25536.6,25602.1,650,148,0
2026-05-20 03:30:00,25604.1,25681.5,25579.6,25644.1,795,148,0
2026-05-20 03:45:00,25642.7,25653.1,25627.6,25640.2,486,148,0
2026-05-20 04:00:00,25625.8,25647.1,25625.8,25645.1,211,440,0
2026-05-20 04:15:00,25645.8,25650.1,25630.2,25638.7,179,440,0
2026-05-20 05:00:00,25628.6,25681.4,25606.7,25649.4,932,148,0
2026-05-20 05:15:00,25647.8,25647.8,25564.8,25570.4,634,148,0
2026-05-20 05:30:00,25572.4,25654.7,25571.8,25606.6,653,148,0
2026-05-20 05:45:00,25607.2,25616.0,25570.4,25610.2,516,148,0
2026-05-20 06:00:00,25608.6,25630.1,25593.6,25605.5,621,148,0
2026-05-20 06:15:00,25606.2,25638.1,25594.2,25623.1,599,148,0
2026-05-20 06:30:00,25622.5,25629.1,25565.6,25575.1,534,148,0
2026-05-20 06:45:00,25575.5,25642.1,25572.6,25628.1,473,148,0
2026-05-20 07:00:00,25626.6,25697.1,25612.2,25673.5,594,148,0
2026-05-20 07:15:00,25672.6,25672.6,25644.6,25660.2,435,148,0
2026-05-20 07:30:00,25658.6,25660.1,25629.6,25641.6,368,148,0
2026-05-20 07:45:00,25642.2,25644.5,25609.6,25622.2,349,148,0
2026-05-20 08:00:00,25621.5,25638.1,25608.6,25625.5,445,148,0
2026-05-20 08:15:00,25624.6,25631.5,25610.5,25624.8,325,148,0
2026-05-20 09:15:00,25623.0,25654.9,25621.8,25634.2,448,148,0
2026-05-20 09:30:00,25633.6,25649.6,25631.1,25649.3,358,148,0
2026-05-20 09:45:00,25649.6,25676.1,25646.6,25669.6,374,148,0
2026-05-20 10:00:00,25670.9,25679.5,25666.1,25678.8,303,148,0
2026-05-20 10:15:00,25679.8,25713.5,25673.7,25677.6,365,148,0
2026-05-20 10:30:00,25677.2,25713.1,25675.4,25681.3,459,148,0
2026-05-20 10:45:00,25681.4,25693.6,25674.1,25682.6,335,148,0
2026-05-20 11:00:00,25684.1,25684.1,25668.6,25670.2,338,148,0
2026-05-20 11:15:00,25671.3,25694.4,25671.3,25693.3,265,148,0
2026-05-20 11:30:00,25693.6,25707.8,25681.0,25688.6,350,148,0
2026-05-20 11:45:00,25687.3,25694.6,25654.4,25667.6,415,148,0
2026-05-20 12:00:00,25667.8,25691.8,25662.9,25687.8,367,148,0
2026-05-20 12:15:00,25688.5,25712.5,25679.8,25705.8,440,148,0
2026-05-20 12:30:00,25703.9,25725.2,25692.7,25694.2,474,148,0
2026-05-20 12:45:00,25693.3,25705.9,25687.0,25690.6,367,148,0
2026-05-20 13:00:00,25689.0,25695.6,25681.5,25683.1,342,148,0
2026-05-20 13:15:00,25684.3,25695.6,25671.4,25692.6,368,148,0
2026-05-20 13:30:00,25692.4,25692.4,25598.1,25612.1,966,148,0
2026-05-20 13:45:00,25613.8,25641.1,25575.0,25575.6,838,148,0
2026-05-20 14:00:00,25577.0,25607.0,25530.8,25578.9,851,148,0
2026-05-20 14:15:00,25580.6,25697.6,25580.6,25690.6,1012,156,0
2026-05-20 14:30:00,25693.9,25725.1,25682.9,25704.5,760,148,0
2026-05-20 14:45:00,25706.1,25733.5,25687.2,25708.6,664,148,0
2026-05-20 15:00:00,25707.2,25727.2,25682.6,25685.6,604,148,0
2026-05-20 15:15:00,25685.0,25815.7,25683.6,25746.9,1009,148,0
2026-05-20 15:30:00,25746.5,25807.2,25744.2,25795.6,667,148,0
2026-05-20 15:45:00,25797.8,25811.1,25770.2,25782.3,578,148,0
2026-05-20 16:00:00,25782.9,25804.6,25773.9,25785.8,505,148,0
2026-05-20 16:15:00,25786.5,25787.5,25738.6,25755.3,621,148,0
2026-05-20 16:30:00,25756.9,25779.5,25744.2,25779.5,576,148,0
2026-05-20 16:45:00,25783.7,25790.8,25747.9,25771.3,569,148,0
2026-05-20 17:00:00,25772.9,25783.6,25750.4,25769.5,544,148,0
2026-05-20 17:15:00,25769.7,25789.2,25764.6,25785.2,455,148,0
2026-05-20 17:30:00,25786.0,25805.1,25774.7,25790.5,458,148,0
2026-05-20 17:45:00,25790.9,25796.6,25782.1,25793.5,322,148,0
2026-05-20 18:00:00,25792.1,25808.4,25782.1,25805.3,357,148,0
2026-05-20 18:15:00,25804.2,25811.9,25780.3,25797.2,387,148,0
2026-05-20 18:30:00,25797.8,25810.6,25782.1,25782.1,374,148,0
2026-05-20 18:45:00,25778.9,25826.1,25778.3,25797.8,413,148,0
2026-05-20 19:00:00,25783.9,25795.8,25782.2,25793.8,106,440,0
2026-05-20 19:15:00,25794.7,25800.7,25793.2,25794.1,93,440,0
2026-05-20 19:30:00,25795.7,25804.7,25792.2,25795.2,97,440,0
2026-05-20 19:45:00,25794.2,25798.8,25784.2,25788.8,177,440,0
2026-05-20 20:00:00,25788.2,25790.8,25781.2,25783.2,139,440,0
2026-05-20 20:15:00,25784.8,25786.7,25754.3,25785.8,273,440,0
2026-05-20 20:30:00,25786.7,25787.1,25763.3,25765.8,191,440,0
2026-05-20 20:45:00,25765.2,25769.8,25756.2,25757.9,132,440,0
2026-05-20 22:00:00,25768.9,25769.8,25703.5,25721.2,290,440,0
2026-05-20 22:15:00,25721.9,25725.8,25701.3,25720.8,222,440,0
2026-05-20 22:30:00,25721.8,25726.8,25718.2,25723.2,157,440,0
2026-05-20 22:45:00,25722.2,25746.7,25720.3,25746.7,109,440,0
2026-05-20 23:00:00,25747.6,25760.7,25745.2,25754.8,110,440,0
2026-05-20 23:15:00,25753.2,25753.8,25734.2,25737.1,135,440,0
2026-05-20 23:30:00,25737.8,25743.7,25726.2,25729.2,114,440,0
2026-05-20 23:45:00,25727.3,25745.8,25724.3,25731.2,243,440,0
2026-05-21 00:00:00,25728.9,25735.2,25712.2,25731.8,357,440,0
2026-05-21 00:15:00,25732.2,25742.8,25718.3,25735.7,314,440,0
2026-05-21 00:30:00,25737.7,25750.7,25732.2,25748.2,216,440,0
2026-05-21 01:15:00,25840.1,25862.0,25806.5,25811.5,454,148,0
2026-05-21 01:30:00,25810.8,25810.8,25662.9,25802.1,1271,148,0
2026-05-21 01:45:00,25800.1,25822.6,25738.9,25778.4,957,148,0
2026-05-21 02:00:00,25780.4,25826.3,25737.8,25739.8,852,148,0
2026-05-21 02:15:00,25739.5,25762.4,25686.8,25696.8,724,148,0
2026-05-21 02:30:00,25694.9,25697.3,25658.8,25662.9,704,148,0
2026-05-21 02:45:00,25660.9,25667.4,25607.8,25637.9,719,148,0
2026-05-21 03:00:00,25635.9,25664.4,25618.8,25629.8,599,148,0
2026-05-21 03:15:00,25630.4,25675.3,25626.4,25662.3,660,148,0
2026-05-21 03:30:00,25660.7,25660.7,25616.9,25643.8,413,148,0
2026-05-21 03:45:00,25644.3,25652.7,25625.8,25640.0,328,148,0
2026-05-21 04:00:00,25625.3,25637.8,25624.2,25634.8,121,440,0
2026-05-21 04:15:00,25634.1,25642.8,25632.1,25639.8,95,440,0
2026-05-21 05:00:00,25669.8,25692.6,25613.9,25618.9,809,148,0
2026-05-21 05:15:00,25620.4,25640.3,25588.9,25593.8,594,148,0
2026-05-21 05:30:00,25591.9,25591.9,25528.8,25528.8,618,148,0
2026-05-21 05:45:00,25527.8,25532.3,25454.1,25497.4,712,148,0
2026-05-21 06:00:00,25495.8,25518.3,25475.8,25498.4,622,148,0
2026-05-21 06:15:00,25497.8,25505.4,25438.8,25455.3,640,148,0
2026-05-21 06:30:00,25455.7,25462.3,25379.9,25397.8,730,148,0
2026-05-21 06:45:00,25399.3,25418.3,25361.8,25372.3,608,148,0
2026-05-21 07:00:00,25370.8,25393.3,25358.8,25369.4,667,148,0
2026-05-21 07:15:00,25367.9,25381.7,25332.8,25372.3,553,148,0
2026-05-21 07:30:00,25371.7,25375.4,25335.9,25339.8,434,148,0
2026-05-21 07:45:00,25341.4,25377.4,25328.9,25365.4,476,148,0
2026-05-21 08:00:00,25364.8,25403.3,25345.8,25400.8,485,148,0
2026-05-21 08:15:00,25402.3,25432.3,25389.8,25425.4,455,148,0
2026-05-21 09:15:00,25421.5,25478.1,25421.5,25459.6,551,148,0
2026-05-21 09:30:00,25459.8,25469.6,25433.5,25440.4,462,148,0
2026-05-21 09:45:00,25440.0,25464.5,25431.6,25455.4,380,148,0
2026-05-21 10:00:00,25453.8,25475.6,25453.6,25469.1,422,148,0
2026-05-21 10:15:00,25472.2,25477.9,25336.0,25374.0,726,148,0
2026-05-21 10:30:00,25374.6,25374.6,25286.0,25325.4,940,148,0
2026-05-21 10:45:00,25324.6,25354.3,25300.3,25336.3,748,148,0
2026-05-21 11:00:00,25336.9,25371.6,25317.0,25363.0,666,148,0
2026-05-21 11:15:00,25362.8,25405.2,25362.6,25380.3,525,148,0
2026-05-21 11:30:00,25380.1,25390.6,25358.9,25379.6,483,148,0
2026-05-21 11:45:00,25378.6,25398.6,25375.2,25382.9,397,148,0
2026-05-21 12:00:00,25385.4,25405.9,25377.9,25389.6,430,148,0
2026-05-21 12:15:00,25388.6,25395.0,25354.4,25367.9,432,148,0
2026-05-21 12:30:00,25365.9,25425.6,25360.4,25411.7,750,148,0
2026-05-21 12:45:00,25411.6,25433.5,25398.9,25404.3,573,148,0
2026-05-21 13:00:00,25399.7,25445.6,25393.9,25412.6,557,148,0
2026-05-21 13:15:00,25412.4,25435.6,25403.6,25428.3,490,148,0
2026-05-21 13:30:00,25430.8,25437.5,25350.6,25364.6,993,148,0
2026-05-21 13:45:00,25366.1,25506.5,25366.1,25474.7,1054,148,0
2026-05-21 14:00:00,25475.8,25477.4,25437.0,25444.9,782,148,0
2026-05-21 14:15:00,25443.6,25452.9,25397.6,25438.2,808,148,0
2026-05-21 14:30:00,25439.2,25450.3,25385.6,25395.6,674,148,0
2026-05-21 14:45:00,25397.3,25437.7,25381.2,25430.6,672,148,0
2026-05-21 15:00:00,25430.0,25471.6,25400.3,25446.3,795,148,0
2026-05-21 15:15:00,25445.3,25462.2,25431.6,25457.6,618,148,0
2026-05-21 15:30:00,25459.1,25481.5,25436.1,25466.6,612,148,0
2026-05-21 15:45:00,25467.5,25486.6,25463.7,25484.6,466,148,0
2026-05-21 16:00:00,25485.8,25511.6,25485.8,25501.3,578,148,0
2026-05-21 16:15:00,25502.5,25511.2,25485.9,25510.8,484,148,0
2026-05-21 16:30:00,25511.5,25524.6,25508.7,25517.6,424,148,0
2026-05-21 16:45:00,25519.1,25520.5,25496.6,25509.5,384,148,0
2026-05-21 17:00:00,25510.4,25572.0,25506.6,25549.7,536,148,0
2026-05-21 17:15:00,25550.0,25643.9,25550.0,25636.8,818,156,0
2026-05-21 17:30:00,25636.2,25670.0,25624.5,25669.1,618,148,0
2026-05-21 17:45:00,25669.8,25693.6,25650.8,25679.6,575,148,0
2026-05-21 18:00:00,25678.3,25693.5,25653.3,25665.6,628,148,0
2026-05-21 18:15:00,25666.5,25689.6,25657.3,25681.6,478,148,0
2026-05-21 18:30:00,25681.8,25686.8,25664.6,25667.6,406,148,0
2026-05-21 18:45:00,25667.2,25671.1,25584.0,25599.1,732,148,0
2026-05-21 19:00:00,25586.2,25609.8,25586.2,25607.7,221,440,0
2026-05-21 19:15:00,25608.7,25616.8,25604.2,25608.8,133,440,0
2026-05-21 19:30:00,25608.2,25611.8,25597.2,25600.3,180,440,0
2026-05-21 19:45:00,25599.3,25621.8,25596.2,25615.8,221,440,0
2026-05-21 20:00:00,25614.3,25626.7,25614.3,25622.8,131,440,0
2026-05-21 20:15:00,25622.1,25622.8,25614.2,25614.8,63,440,0
2026-05-21 20:30:00,25614.2,25616.7,25613.2,25613.8,37,440,0
2026-05-21 20:45:00,25614.7,25628.8,25614.2,25628.1,59,440,0
2026-05-21 22:00:00,25590.0,25637.8,25588.1,25636.7,118,440,0
2026-05-21 22:15:00,25636.1,25638.7,25626.1,25631.8,87,440,0
2026-05-21 22:30:00,25631.1,25634.8,25625.1,25627.1,111,440,0
2026-05-21 22:45:00,25627.8,25641.8,25627.8,25638.1,93,440,0
2026-05-21 23:00:00,25638.8,25641.1,25637.1,25639.2,66,440,0
2026-05-21 23:15:00,25638.8,25640.7,25635.2,25635.8,39,440,0
2026-05-21 23:30:00,25636.7,25638.8,25631.2,25634.8,102,440,0
2026-05-21 23:45:00,25634.2,25658.7,25634.2,25651.8,162,440,0
2026-05-22 00:00:00,25653.4,25668.7,25645.2,25647.8,284,440,0
2026-05-22 00:15:00,25646.2,25666.7,25643.3,25652.2,238,440,0
2026-05-22 00:30:00,25652.8,25661.8,25627.3,25631.3,205,440,0
2026-05-22 01:15:00,25643.6,25656.8,25610.9,25639.6,533,156,0
2026-05-22 01:30:00,25636.5,25636.5,25504.9,25521.6,988,166,0
2026-05-22 01:45:00,25522.5,25546.3,25508.5,25522.4,929,148,0
2026-05-22 02:00:00,25523.3,25589.3,25516.9,25564.8,864,148,0
2026-05-22 02:15:00,25562.8,25581.3,25489.9,25491.8,784,148,0
2026-05-22 02:30:00,25489.8,25602.4,25480.9,25578.8,809,148,0
2026-05-22 02:45:00,25576.8,25614.3,25558.9,25610.3,774,148,0
2026-05-22 03:00:00,25611.4,25616.3,25580.8,25599.8,678,148,0
2026-05-22 03:15:00,25601.3,25658.4,25584.9,25658.3,593,148,0
2026-05-22 03:30:00,25659.3,25693.3,25640.8,25679.8,486,148,0
2026-05-22 03:45:00,25681.4,25710.4,25675.5,25703.0,416,148,0
2026-05-22 04:00:00,25688.7,25710.8,25688.7,25708.8,113,440,0
2026-05-22 04:15:00,25708.2,25708.2,25687.1,25694.3,112,440,0
2026-05-22 05:00:00,25709.3,25736.3,25702.6,25723.1,720,148,0
2026-05-22 05:15:00,25725.1,25733.1,25679.5,25693.2,584,148,0
2026-05-22 05:30:00,25691.6,25715.1,25684.6,25710.5,573,148,0
2026-05-22 05:45:00,25712.1,25716.3,25641.8,25659.3,560,148,0
2026-05-22 06:00:00,25660.3,25711.8,25647.8,25683.7,648,148,0
2026-05-22 06:15:00,25682.8,25685.4,25646.8,25670.4,548,148,0
2026-05-22 06:30:00,25672.3,25675.3,25633.8,25647.3,553,148,0
2026-05-22 06:45:00,25645.8,25661.3,25608.9,25623.4,495,148,0
2026-05-22 07:00:00,25621.0,25625.4,25560.9,25576.8,582,148,0
2026-05-22 07:15:00,25577.8,25626.4,25575.8,25596.0,453,148,0
2026-05-22 07:30:00,25597.4,25605.3,25577.5,25591.8,432,148,0
2026-05-22 07:45:00,25593.4,25621.3,25571.9,25601.8,426,148,0
2026-05-22 08:00:00,25599.9,25600.4,25577.8,25591.4,430,148,0
2026-05-22 08:15:00,25590.8,25614.4,25575.9,25580.3,365,148,0
2026-05-22 09:15:00,25373.4,25413.3,25165.9,25385.7,1209,151,0
2026-05-22 09:30:00,25386.2,25449.5,25367.2,25435.7,758,148,0
2026-05-22 09:45:00,25437.8,25465.6,25417.6,25430.6,608,148,0
2026-05-22 10:00:00,25431.2,25447.6,25372.0,25372.0,607,148,0
2026-05-22 10:15:00,25371.6,25402.2,25336.7,25339.1,608,148,0
2026-05-22 10:30:00,25337.7,25349.4,25295.0,25307.8,630,148,0
2026-05-22 10:45:00,25307.6,25319.6,25259.1,25259.5,555,148,0
2026-05-22 11:00:00,25260.9,25287.4,25227.7,25238.6,595,148,0
2026-05-22 11:15:00,25239.9,25246.2,25206.7,25213.6,517,148,0
2026-05-22 11:30:00,25212.7,25256.6,25196.7,25254.6,521,148,0
2026-05-22 11:45:00,25253.1,25268.3,25224.3,25230.6,557,148,0
2026-05-22 12:00:00,25232.1,25250.4,25166.1,25222.4,758,148,0
2026-05-22 12:15:00,25225.2,25237.2,25162.8,25171.6,783,148,0
2026-05-22 12:30:00,25170.2,25210.5,25154.3,25207.1,505,148,0
2026-05-22 12:45:00,25208.4,25246.3,25208.4,25239.6,474,148,0
2026-05-22 13:00:00,25237.9,25315.5,25217.1,25285.2,676,148,0
2026-05-22 13:15:00,25284.2,25306.7,25261.2,25268.6,572,148,0
2026-05-22 13:30:00,25267.2,25450.9,25264.9,25362.7,1191,148,0
2026-05-22 13:45:00,25360.3,25408.9,25345.0,25378.2,836,156,0
2026-05-22 14:00:00,25373.8,25395.7,25347.2,25357.3,814,156,0
2026-05-22 14:15:00,25359.7,25383.6,25332.6,25381.6,696,148,0
2026-05-22 14:30:00,25380.6,25435.8,25374.3,25421.6,644,148,0
2026-05-22 14:45:00,25420.9,25444.2,25378.4,25380.1,609,148,0
2026-05-22 15:00:00,25379.0,25428.1,25368.7,25424.6,579,148,0
2026-05-22 15:15:00,25424.3,25433.6,25414.3,25429.6,496,148,0
2026-05-22 15:30:00,25430.4,25449.4,25420.0,25425.9,466,148,0
2026-05-22 15:45:00,25426.6,25433.8,25411.9,25415.8,438,148,0
2026-05-22 16:00:00,25416.6,25419.4,25394.5,25415.7,438,148,0
2026-05-22 16:15:00,25414.3,25444.6,25402.4,25442.6,441,148,0
2026-05-22 16:30:00,25444.1,25452.5,25426.2,25434.6,397,148,0
2026-05-22 16:45:00,25435.5,25457.6,25435.5,25452.5,354,148,0
2026-05-22 17:00:00,25453.6,25469.0,25453.6,25468.5,330,148,0
2026-05-22 17:15:00,25469.5,25513.9,25439.8,25513.8,508,148,0
2026-05-22 17:30:00,25515.7,25525.8,25459.7,25459.7,590,148,0
2026-05-22 17:45:00,25459.0,25477.5,25456.7,25468.6,405,148,0
2026-05-22 18:00:00,25469.4,25473.2,25453.1,25462.7,410,148,0
2026-05-22 18:15:00,25462.0,25481.4,25458.0,25467.3,382,148,0
2026-05-22 18:30:00,25466.6,25489.6,25462.9,25478.2,350,148,0
2026-05-22 18:45:00,25478.5,25480.6,25452.4,25452.4,300,148,0
2026-05-26 01:15:00,25649.4,25724.4,25560.7,25571.3,950,151,0
2026-05-26 01:30:00,25575.2,25612.3,25423.8,25426.4,1655,148,0
2026-05-26 01:45:00,25423.8,25568.5,25411.1,25563.1,1166,148,0
2026-05-26 02:00:00,25564.6,25675.4,25507.1,25633.8,1157,148,0
2026-05-26 02:15:00,25637.4,25691.3,25635.8,25679.4,1033,148,0
2026-05-26 02:30:00,25679.8,25698.3,25610.8,25633.5,870,148,0
2026-05-26 02:45:00,25632.5,25704.0,25629.5,25673.1,753,148,0
2026-05-26 03:00:00,25671.5,25732.0,25623.6,25693.2,734,148,0
2026-05-26 03:15:00,25691.6,25771.1,25686.6,25741.6,703,148,0
2026-05-26 03:30:00,25742.1,25746.1,25709.6,25714.5,452,148,0
2026-05-26 03:45:00,25715.2,25739.1,25706.6,25732.7,408,148,0
2026-05-26 04:00:00,25718.4,25718.8,25706.2,25712.2,109,440,0
2026-05-26 04:15:00,25712.8,25714.8,25706.2,25706.2,116,440,0
2026-05-26 05:00:00,25729.8,25729.8,25660.9,25686.4,860,148,0
2026-05-26 05:15:00,25688.4,25703.4,25614.8,25627.8,608,148,0
2026-05-26 05:30:00,25625.8,25682.3,25625.8,25627.4,672,148,0
2026-05-26 05:45:00,25625.8,25638.3,25565.5,25582.4,635,148,0
2026-05-26 06:00:00,25581.8,25638.4,25563.9,25634.4,642,148,0
2026-05-26 06:15:00,25632.8,25673.4,25604.8,25656.0,665,148,0
2026-05-26 06:30:00,25654.5,25711.3,25645.4,25672.8,634,148,0
2026-05-26 06:45:00,25674.4,25679.3,25646.9,25655.4,475,148,0
2026-05-26 07:00:00,25658.4,25671.4,25604.8,25620.4,588,148,0
2026-05-26 07:15:00,25618.8,25620.4,25594.8,25615.8,465,148,0
2026-05-26 07:30:00,25617.3,25619.3,25578.4,25584.4,422,148,0
2026-05-26 07:45:00,25582.8,25602.4,25577.8,25594.8,336,148,0
2026-05-26 08:00:00,25592.8,25599.3,25561.9,25566.9,453,148,0
2026-05-26 08:15:00,25564.9,25567.4,25546.8,25551.4,293,148,0
2026-05-26 09:15:00,25523.9,25557.4,25487.0,25553.9,541,156,0
2026-05-26 09:30:00,25554.5,25555.9,25517.5,25527.4,410,148,0
2026-05-26 09:45:00,25527.6,25540.6,25522.9,25533.6,276,148,0
2026-05-26 10:00:00,25534.3,25540.1,25518.6,25526.6,328,148,0
2026-05-26 10:15:00,25527.0,25555.8,25521.6,25546.5,348,148,0
2026-05-26 10:30:00,25547.0,25579.6,25536.3,25542.6,495,148,0
2026-05-26 10:45:00,25544.2,25560.9,25538.3,25550.3,335,148,0
2026-05-26 11:00:00,25550.5,25566.0,25547.0,25550.6,288,148,0
2026-05-26 11:15:00,25551.4,25556.7,25543.8,25543.8,250,148,0
2026-05-26 11:30:00,25543.6,25548.6,25503.5,25526.6,503,148,0
2026-05-26 11:45:00,25527.5,25541.5,25520.6,25521.5,318,148,0
2026-05-26 12:00:00,25520.3,25528.1,25492.5,25519.3,341,148,0
2026-05-26 12:15:00,25519.8,25531.7,25517.3,25527.5,303,148,0
2026-05-26 12:30:00,25528.3,25532.6,25517.2,25526.2,301,148,0
2026-05-26 12:45:00,25526.4,25534.3,25521.6,25530.6,255,148,0
2026-05-26 13:00:00,25529.3,25530.6,25511.8,25515.3,294,148,0
2026-05-26 13:15:00,25515.6,25542.8,25514.6,25518.6,272,148,0
2026-05-26 13:30:00,25516.8,25588.4,25516.8,25566.4,938,148,0
2026-05-26 13:45:00,25567.6,25576.7,25496.6,25520.3,783,148,0
2026-05-26 14:00:00,25522.2,25579.8,25501.6,25571.5,681,148,0
2026-05-26 14:15:00,25573.1,25581.7,25554.3,25559.6,508,148,0
2026-05-26 14:30:00,25560.6,25569.8,25529.6,25538.6,553,148,0
2026-05-26 14:45:00,25537.7,25539.2,25508.7,25511.6,527,148,0
2026-05-26 15:00:00,25514.2,25515.6,25480.7,25504.8,526,148,0
2026-05-26 15:15:00,25504.6,25508.1,25484.4,25486.6,481,148,0
2026-05-26 15:30:00,25488.2,25498.4,25470.1,25493.5,521,148,0
2026-05-26 15:45:00,25492.6,25507.9,25487.6,25505.6,483,148,0
2026-05-26 16:00:00,25507.0,25516.6,25499.6,25501.6,388,148,0
2026-05-26 16:15:00,25501.8,25526.4,25501.8,25523.6,299,148,0
2026-05-26 16:30:00,25522.7,25534.3,25511.6,25515.6,314,148,0
2026-05-26 16:45:00,25514.6,25518.9,25506.9,25510.6,282,148,0
2026-05-26 17:00:00,25509.6,25519.6,25501.7,25513.5,289,148,0
2026-05-26 17:15:00,25514.6,25514.9,25499.3,25502.6,231,148,0
2026-05-26 17:30:00,25501.6,25515.6,25496.7,25503.7,329,148,0
2026-05-26 17:45:00,25504.4,25514.5,25500.6,25503.6,246,148,0
2026-05-26 18:00:00,25504.9,25513.8,25495.6,25510.5,271,148,0
2026-05-26 18:15:00,25511.2,25523.8,25509.6,25521.6,261,148,0
2026-05-26 18:30:00,25520.9,25529.8,25517.4,25523.6,255,148,0
2026-05-26 18:45:00,25522.7,25531.3,25521.8,25530.9,211,148,0
2026-05-26 19:00:00,25516.9,25526.8,25514.2,25521.1,79,440,0
2026-05-26 19:15:00,25522.7,25531.8,25522.1,25529.1,58,440,0
2026-05-26 19:30:00,25530.7,25545.7,25530.7,25543.1,89,440,0
2026-05-26 19:45:00,25543.8,25553.7,25541.8,25553.7,120,440,0
2026-05-26 20:00:00,25554.8,25566.7,25550.2,25556.1,90,440,0
2026-05-26 20:15:00,25555.2,25562.7,25555.2,25559.1,74,440,0
2026-05-26 20:30:00,25558.2,25565.8,25558.2,25563.1,21,440,0
2026-05-26 20:45:00,25563.8,25563.8,25556.1,25558.2,62,440,0
2026-05-26 22:00:00,25552.1,25558.8,25536.2,25546.8,168,440,0
2026-05-26 22:15:00,25546.1,25551.7,25540.2,25546.7,84,440,0
2026-05-26 22:30:00,25547.7,25552.8,25545.1,25549.1,90,440,0
2026-05-26 22:45:00,25548.8,25550.7,25542.2,25546.8,83,440,0
2026-05-26 23:00:00,25546.1,25552.8,25545.2,25547.1,84,440,0
2026-05-26 23:15:00,25547.8,25561.7,25546.1,25561.7,89,440,0
2026-05-26 23:30:00,25561.1,25572.8,25553.2,25572.8,100,440,0
2026-05-26 23:45:00,25573.7,25595.7,25573.2,25585.7,226,440,0
2026-05-27 00:00:00,25586.8,25592.7,25574.2,25577.8,325,440,0
2026-05-27 00:15:00,25578.8,25578.8,25542.3,25556.8,267,440,0
2026-05-27 00:30:00,25556.2,25564.7,25545.2,25554.2,234,440,0
2026-05-27 01:15:00,25605.4,25659.9,25532.9,25546.4,750,148,0
2026-05-27 01:30:00,25548.4,25621.3,25450.6,25583.9,1634,148,0
2026-05-27 01:45:00,25581.9,25607.3,25505.9,25508.4,1057,148,0
2026-05-27 02:00:00,25510.4,25559.2,25501.9,25513.4,918,148,0
2026-05-27 02:15:00,25511.8,25527.3,25424.7,25427.9,748,148,0
2026-05-27 02:30:00,25425.9,25436.3,25368.9,25425.4,727,148,0
2026-05-27 02:45:00,25423.8,25443.3,25383.9,25396.8,730,148,0
2026-05-27 03:00:00,25394.8,25451.3,25390.5,25403.4,644,148,0
2026-05-27 03:15:00,25401.9,25401.9,25340.5,25363.3,641,148,0
2026-05-27 03:30:00,25361.8,25384.4,25352.9,25358.8,393,148,0
2026-05-27 03:45:00,25359.4,25361.4,25338.0,25338.0,278,148,0
2026-05-27 04:00:00,25322.6,25342.8,25320.2,25337.2,130,440,0
2026-05-27 04:15:00,25337.8,25338.8,25317.3,25321.2,167,440,0
2026-05-27 05:00:00,25343.5,25370.3,25315.5,25321.8,754,148,0
2026-05-27 05:15:00,25319.8,25327.3,25279.8,25323.8,636,148,0
2026-05-27 05:30:00,25321.8,25334.3,25275.8,25316.8,662,148,0
2026-05-27 05:45:00,25315.8,25326.4,25269.9,25293.4,666,148,0
2026-05-27 06:00:00,25293.8,25308.3,25251.8,25253.8,624,148,0
2026-05-27 06:15:00,25252.8,25303.3,25238.5,25277.4,649,148,0
2026-05-27 06:30:00,25273.9,25316.3,25258.5,25269.8,564,148,0
2026-05-27 06:45:00,25268.8,25278.4,25239.9,25261.7,425,148,0
2026-05-27 07:00:00,25263.3,25317.3,25258.8,25281.4,435,148,0
2026-05-27 07:15:00,25283.4,25294.4,25266.8,25268.8,428,148,0
2026-05-27 07:30:00,25269.4,25295.4,25252.9,25256.8,420,148,0
2026-05-27 07:45:00,25257.4,25267.3,25234.9,25267.3,405,148,0
2026-05-27 08:00:00,25265.8,25286.3,25260.8,25274.1,373,148,0
2026-05-27 08:15:00,25274.7,25279.6,25251.1,25262.8,249,148,0
2026-05-27 09:15:00,25265.3,25295.0,25244.7,25244.7,405,148,0
2026-05-27 09:30:00,25246.3,25266.8,25246.3,25253.4,298,148,0
2026-05-27 09:45:00,25252.8,25277.5,25246.6,25267.3,238,148,0
2026-05-27 10:00:00,25268.2,25274.4,25253.8,25270.6,243,148,0
2026-05-27 10:15:00,25270.1,25271.1,25259.8,25266.6,178,148,0
2026-05-27 10:30:00,25264.4,25264.4,25207.7,25212.9,362,148,0
2026-05-27 10:45:00,25212.7,25217.2,25185.3,25194.0,306,148,0
2026-05-27 11:00:00,25196.7,25214.2,25178.0,25190.1,301,148,0
2026-05-27 11:15:00,25189.7,25195.3,25170.3,25180.0,270,148,0
2026-05-27 11:30:00,25178.5,25192.3,25159.0,25189.5,282,148,0
2026-05-27 11:45:00,25188.4,25195.8,25165.5,25172.9,258,148,0
2026-05-27 12:00:00,25173.3,25176.1,25154.4,25157.2,309,148,0
2026-05-27 12:15:00,25156.9,25259.0,25136.6,25229.9,816,148,0
2026-05-27 12:30:00,25231.6,25258.4,25209.8,25211.9,477,156,0
2026-05-27 12:45:00,25211.6,25217.1,25176.4,25180.5,349,148,0
2026-05-27 13:00:00,25181.3,25198.3,25166.4,25198.3,371,148,0
2026-05-27 13:15:00,25199.9,25215.3,25185.7,25185.7,330,148,0
2026-05-27 13:30:00,25185.2,25263.8,25185.2,25223.7,902,148,0
2026-05-27 13:45:00,25221.7,25303.3,25221.3,25271.2,726,148,0
2026-05-27 14:00:00,25271.0,25316.3,25260.3,25309.2,604,148,0
2026-05-27 14:15:00,25308.8,25326.1,25279.4,25302.0,634,148,0
2026-05-27 14:30:00,25300.7,25357.8,25264.7,25330.3,749,148,0
2026-05-27 14:45:00,25331.3,25353.1,25299.4,25301.2,581,148,0
2026-05-27 15:00:00,25301.5,25338.8,25286.7,25332.4,559,148,0
2026-05-27 15:15:00,25332.3,25332.3,25296.0,25329.9,528,148,0
2026-05-27 15:30:00,25332.4,25347.0,25284.0,25284.0,469,156,0
2026-05-27 15:45:00,25284.7,25293.0,25257.4,25283.3,451,148,0
2026-05-27 16:00:00,25282.3,25295.1,25264.1,25281.3,421,148,0
2026-05-27 16:15:00,25282.7,25296.3,25276.4,25293.3,356,148,0
2026-05-27 16:30:00,25292.8,25298.0,25283.3,25291.2,253,148,0
2026-05-27 16:45:00,25291.9,25297.3,25268.5,25273.3,234,148,0
2026-05-27 17:00:00,25273.5,25276.3,25232.2,25249.5,339,148,0
2026-05-27 17:15:00,25251.7,25278.9,25251.3,25273.9,202,156,0
2026-05-27 17:30:00,25275.5,25283.9,25260.2,25264.0,148,156,0
2026-05-27 17:45:00,25263.1,25283.7,25257.2,25259.0,146,156,0
2026-05-27 18:00:00,25257.1,25270.5,25250.0,25261.3,165,156,0
2026-05-27 18:15:00,25261.7,25279.9,25261.1,25276.8,124,156,0
2026-05-27 18:30:00,25277.1,25289.9,25263.5,25263.5,176,156,0
2026-05-27 18:45:00,25265.6,25281.6,25260.1,25279.8,240,156,0
2026-05-27 19:00:00,25260.5,25263.7,25257.2,25258.7,71,440,0
2026-05-27 19:15:00,25259.7,25260.7,25252.2,25256.1,67,440,0
2026-05-27 19:30:00,25256.8,25265.7,25256.1,25265.7,72,440,0
2026-05-27 19:45:00,25264.2,25264.8,25251.2,25258.1,126,440,0
2026-05-27 20:00:00,25257.2,25264.8,25256.2,25263.8,106,440,0
2026-05-27 20:15:00,25264.8,25271.8,25264.2,25266.2,87,440,0
2026-05-27 20:30:00,25266.8,25269.8,25266.2,25269.8,59,440,0
2026-05-27 20:45:00,25269.2,25277.1,25269.2,25277.1,56,440,0
2026-05-27 22:00:00,25249.0,25257.8,25239.3,25241.8,161,440,0
2026-05-27 22:15:00,25241.2,25244.8,25228.3,25228.3,126,440,0
2026-05-27 22:30:00,25227.3,25232.8,25215.9,25225.9,170,440,0
2026-05-27 22:45:00,25226.8,25232.8,25223.2,25232.2,95,440,0
2026-05-27 23:00:00,25231.2,25235.8,25224.3,25227.8,89,440,0
2026-05-27 23:15:00,25228.8,25236.1,25214.2,25217.8,176,440,0
2026-05-27 23:30:00,25216.2,25216.8,25199.3,25201.8,175,440,0
2026-05-27 23:45:00,25201.2,25201.2,25180.3,25181.9,238,440,0
2026-05-28 00:00:00,25178.7,25199.8,25174.2,25180.9,327,440,0
2026-05-28 00:15:00,25179.4,25201.8,25176.2,25188.2,303,440,0
2026-05-28 00:30:00,25187.2,25206.8,25172.9,25206.8,288,440,0
2026-05-28 01:15:00,25248.3,25248.3,25141.5,25169.8,734,148,0
2026-05-28 01:30:00,25172.1,25185.8,24962.9,24978.8,1519,148,0
2026-05-28 01:45:00,24976.8,24980.4,24895.9,24913.3,980,148,0
2026-05-28 02:00:00,24911.8,24924.3,24866.9,24890.8,926,148,0
2026-05-28 02:15:00,24888.8,24896.3,24832.5,24835.8,759,148,0
2026-05-28 02:30:00,24837.4,24847.3,24771.1,24775.1,705,148,0
2026-05-28 02:45:00,24776.6,24806.6,24754.1,24755.0,618,148,0
2026-05-28 03:00:00,24755.7,24788.5,24749.1,24769.1,702,148,0
2026-05-28 03:15:00,24772.6,24797.4,24754.8,24787.8,681,148,0
2026-05-28 03:30:00,24787.4,24798.3,24716.9,24716.9,657,148,0
2026-05-28 03:45:00,24714.9,24722.3,24678.8,24697.3,532,148,0
2026-05-28 04:00:00,24681.2,24686.8,24663.3,24667.3,255,440,0
2026-05-28 04:15:00,24666.3,24671.8,24659.3,24666.2,224,440,0
2026-05-28 05:00:00,24698.3,24716.3,24673.9,24692.7,839,148,0
2026-05-28 05:15:00,24694.4,24786.3,24683.8,24778.3,708,148,0
2026-05-28 05:30:00,24780.3,24875.3,24768.8,24869.4,847,148,0
2026-05-28 05:45:00,24871.3,24934.3,24871.0,24928.8,754,148,0
2026-05-28 06:00:00,24932.3,24956.1,24910.9,24920.8,782,148,0
2026-05-28 06:15:00,24922.3,24964.3,24917.8,24940.4,664,148,0
2026-05-28 06:30:00,24942.3,24971.3,24921.9,24933.4,603,148,0
2026-05-28 06:45:00,24935.4,24975.7,24929.5,24956.8,562,148,0
2026-05-28 07:00:00,24960.3,24970.4,24942.9,24955.8,522,148,0
2026-05-28 07:15:00,24955.4,24969.3,24941.0,24961.3,466,148,0
2026-05-28 07:30:00,24963.3,24972.3,24915.9,24957.3,437,148,0
2026-05-28 07:45:00,24959.3,24959.3,24930.3,24949.3,367,148,0
2026-05-28 08:00:00,24951.3,24958.3,24933.8,24942.8,424,148,0
2026-05-28 08:15:00,24942.4,24944.4,24920.9,24920.9,295,148,0
2026-05-28 09:15:00,24933.7,24949.5,24920.6,24937.1,331,148,0
2026-05-28 09:30:00,24936.7,24936.7,24907.6,24920.5,344,148,0
2026-05-28 09:45:00,24920.3,24932.3,24910.6,24919.1,299,148,0
2026-05-28 10:00:00,24918.6,24924.8,24902.6,24903.6,271,148,0
2026-05-28 10:15:00,24903.8,24911.9,24890.4,24906.3,352,148,0
2026-05-28 10:30:00,24907.4,24908.5,24859.4,24861.5,361,148,0
2026-05-28 10:45:00,24859.9,24881.5,24821.1,24842.2,544,148,0
2026-05-28 11:00:00,24845.3,24865.6,24838.9,24852.9,466,148,0
2026-05-28 11:15:00,24852.4,24875.2,24852.4,24864.1,329,148,0
2026-05-28 11:30:00,24862.6,24888.5,24859.8,24886.6,341,148,0
2026-05-28 11:45:00,24887.0,24887.6,24867.0,24871.6,288,148,0
2026-05-28 12:00:00,24871.4,24874.6,24861.6,24873.4,326,148,0
2026-05-28 12:15:00,24873.8,24879.5,24863.3,24874.5,290,148,0
2026-05-28 12:30:00,24872.2,24926.7,24872.2,24922.6,507,148,0
2026-05-28 12:45:00,24923.1,24943.1,24919.6,24922.9,368,148,0
2026-05-28 13:00:00,24921.7,24940.3,24891.6,24891.6,388,148,0
2026-05-28 13:15:00,24892.9,24912.6,24890.0,24891.4,287,148,0
2026-05-28 13:30:00,24894.3,24927.4,24839.8,24882.3,889,148,0
2026-05-28 13:45:00,24879.8,24924.5,24878.2,24914.9,648,148,0
2026-05-28 14:00:00,24914.8,25052.4,24902.0,25006.7,909,148,0
2026-05-28 14:15:00,25009.7,25041.1,24975.8,25011.3,894,148,0
2026-05-28 14:30:00,25010.0,25035.2,24971.2,24993.0,672,148,0
2026-05-28 14:45:00,24994.0,25027.5,24960.2,25020.3,699,148,0
2026-05-28 15:00:00,25020.6,25037.1,25011.6,25036.4,525,148,0
2026-05-28 15:15:00,25036.6,25052.6,25022.8,25047.8,489,148,0
2026-05-28 15:30:00,25048.0,25050.5,25012.6,25022.6,424,148,0
2026-05-28 15:45:00,25022.5,25041.2,25021.6,25038.6,371,148,0
2026-05-28 16:00:00,25039.1,25044.6,25024.3,25042.6,306,148,0
2026-05-28 16:15:00,25042.7,25068.8,25037.6,25060.7,390,148,0
2026-05-28 16:30:00,25061.8,25067.6,25051.7,25060.6,314,148,0
2026-05-28 16:45:00,25062.0,25072.8,25054.7,25072.8,266,148,0
2026-05-28 17:00:00,25073.3,25075.0,25057.3,25062.6,281,148,0
2026-05-28 17:15:00,25062.2,25066.0,25055.2,25058.5,221,148,0
2026-05-28 17:30:00,25059.5,25086.3,25059.5,25080.6,230,148,0
2026-05-28 17:45:00,25079.6,25095.5,25079.6,25083.8,261,148,0
2026-05-28 18:00:00,25084.3,25094.8,25072.1,25077.5,276,148,0
2026-05-28 18:15:00,25076.2,25092.0,25061.6,25067.6,341,148,0
2026-05-28 18:30:00,25067.3,25067.7,25048.7,25060.6,286,148,0
2026-05-28 18:45:00,25060.4,25073.6,25054.6,25070.7,238,148,0
2026-05-28 19:00:00,25054.7,25054.7,25045.9,25045.9,53,440,0
2026-05-28 19:15:00,25046.8,25054.8,25046.2,25051.8,52,440,0
2026-05-28 19:30:00,25052.8,25060.8,25045.9,25050.2,103,440,0
2026-05-28 19:45:00,25049.2,25057.8,25046.3,25050.8,159,440,0
2026-05-28 20:00:00,25050.2,25067.8,25049.2,25067.8,117,440,0
2026-05-28 20:15:00,25067.1,25077.7,25063.1,25077.1,76,440,0
2026-05-28 20:30:00,25077.8,25078.7,25074.1,25076.7,49,440,0
2026-05-28 20:45:00,25075.2,25076.8,25073.1,25074.6,50,440,0
2026-05-28 22:00:00,25075.6,25086.8,25069.2,25074.2,165,440,0
2026-05-28 22:15:00,25074.8,25074.8,25067.2,25070.8,82,440,0
2026-05-28 22:30:00,25071.8,25074.8,25067.2,25072.2,73,440,0
2026-05-28 22:45:00,25072.8,25073.8,25066.2,25066.2,33,440,0
2026-05-28 23:00:00,25066.8,25076.8,25066.8,25076.8,62,440,0
2026-05-28 23:15:00,25076.1,25082.8,25075.2,25081.7,74,440,0
2026-05-28 23:30:00,25081.1,25081.1,25072.2,25072.8,56,440,0
2026-05-28 23:45:00,25072.2,25072.8,25058.2,25068.8,171,440,0
2026-05-29 00:00:00,25067.2,25075.8,25057.3,25073.2,283,440,0
2026-05-29 00:15:00,25072.8,25081.8,25068.2,25070.2,184,440,0
2026-05-29 00:30:00,25069.3,25069.3,25047.3,25055.2,179,440,0
2026-05-29 01:15:00,25077.2,25154.3,25067.4,25152.3,784,148,0
2026-05-29 01:30:00,25148.8,25187.1,25052.6,25146.1,1517,148,0
2026-05-29 01:45:00,25145.5,25159.0,25107.6,25112.6,1018,148,0
2026-05-29 02:00:00,25116.1,25133.1,25046.9,25098.8,914,148,0
2026-05-29 02:15:00,25099.8,25101.3,25036.9,25046.8,854,148,0
2026-05-29 02:30:00,25048.4,25102.4,25039.8,25093.3,746,148,0
2026-05-29 02:45:00,25095.3,25097.3,25020.8,25030.4,797,148,0
2026-05-29 03:00:00,25032.4,25110.3,25015.8,25074.8,781,148,0
2026-05-29 03:15:00,25075.4,25143.3,25061.9,25139.4,887,148,0
2026-05-29 03:30:00,25141.3,25248.3,25137.8,25245.8,689,148,0
2026-05-29 03:45:00,25244.8,25263.4,25216.9,25233.4,617,148,0
2026-05-29 04:00:00,25220.0,25232.8,25219.2,25227.8,139,440,0
2026-05-29 04:15:00,25227.2,25233.8,25225.2,25230.8,155,440,0
2026-05-29 05:00:00,25250.5,25267.6,25180.9,25187.8,948,148,0
2026-05-29 05:15:00,25188.4,25243.4,25159.8,25231.4,695,148,0
2026-05-29 05:30:00,25230.8,25243.3,25188.9,25241.3,700,148,0
2026-05-29 05:45:00,25239.8,25278.3,25180.9,25203.3,678,148,0
2026-05-29 06:00:00,25204.3,25226.3,25167.9,25193.6,750,148,0
2026-05-29 06:15:00,25194.0,25221.6,25157.1,25215.1,650,148,0
2026-05-29 06:30:00,25216.6,25233.6,25168.7,25168.7,639,148,0
2026-05-29 06:45:00,25167.1,25211.6,25160.1,25208.6,495,148,0
2026-05-29 07:00:00,25210.6,25226.6,25179.1,25188.1,526,148,0
2026-05-29 07:15:00,25186.1,25191.6,25128.1,25141.1,490,148,0
2026-05-29 07:30:00,25139.1,25150.4,25124.5,25136.8,487,148,0
2026-05-29 07:45:00,25137.4,25189.3,25130.8,25186.3,440,148,0
2026-05-29 08:00:00,25184.8,25184.8,25059.1,25106.6,668,148,0
2026-05-29 08:15:00,25106.0,25119.4,25078.6,25079.4,390,148,0
2026-05-29 09:15:00,25083.6,25111.7,25030.5,25102.6,584,148,0
2026-05-29 09:30:00,25103.9,25119.0,25099.7,25118.6,361,148,0
2026-05-29 09:45:00,25117.6,25135.2,25108.6,25110.4,372,148,0
2026-05-29 10:00:00,25108.1,25108.4,25067.6,25079.6,468,148,0
2026-05-29 10:15:00,25079.4,25084.0,25065.3,25071.6,317,148,0
2026-05-29 10:30:00,25072.3,25104.5,25069.1,25095.2,359,148,0
2026-05-29 10:45:00,25095.4,25102.2,25087.8,25097.5,283,148,0
2026-05-29 11:00:00,25099.3,25117.6,25099.3,25111.6,346,148,0
2026-05-29 11:15:00,25113.0,25120.1,25091.7,25092.7,330,148,0
2026-05-29 11:30:00,25091.3,25104.4,25073.0,25100.6,320,148,0
2026-05-29 11:45:00,25101.6,25106.6,25067.9,25106.5,360,148,0
2026-05-29 12:00:00,25106.9,25110.6,25070.7,25079.1,394,148,0
2026-05-29 12:15:00,25077.7,25111.5,25077.6,25110.8,323,148,0
2026-05-29 12:30:00,25111.6,25118.6,25088.1,25115.5,433,148,0
2026-05-29 12:45:00,25116.0,25137.9,25104.0,25133.6,325,148,0
2026-05-29 13:00:00,25133.4,25137.9,25117.0,25122.6,318,148,0
2026-05-29 13:15:00,25123.9,25134.5,25111.6,25134.5,341,148,0
2026-05-29 13:30:00,25131.4,25131.5,25061.9,25114.6,819,148,0
2026-05-29 13:45:00,25113.6,25188.1,25104.0,25167.6,652,148,0
2026-05-29 14:00:00,25167.4,25213.3,25164.7,25174.6,679,148,0
2026-05-29 14:15:00,25173.3,25181.4,25146.6,25172.2,635,148,0
2026-05-29 14:30:00,25169.3,25202.1,25162.6,25195.6,659,148,0
2026-05-29 14:45:00,25194.6,25302.5,25189.8,25254.3,825,148,0
2026-05-29 15:00:00,25254.2,25293.6,25254.2,25280.9,600,148,0
2026-05-29 15:15:00,25282.0,25283.4,25221.9,25221.9,582,148,0
2026-05-29 15:30:00,25219.6,25253.6,25215.9,25235.9,672,148,0
2026-05-29 15:45:00,25236.6,25242.6,25219.7,25237.4,486,148,0
2026-05-29 16:00:00,25238.6,25247.4,25229.5,25244.5,374,148,0
2026-05-29 16:15:00,25243.1,25247.9,25219.3,25230.0,338,148,0
2026-05-29 16:30:00,25229.6,25248.1,25223.1,25230.8,400,148,0
2026-05-29 16:45:00,25230.6,25230.6,25215.3,25225.6,289,148,0
2026-05-29 17:00:00,25225.3,25231.2,25205.6,25213.6,268,148,0
2026-05-29 17:15:00,25214.5,25246.0,25213.3,25218.7,344,148,0
2026-05-29 17:30:00,25218.5,25232.6,25207.8,25210.7,285,148,0
2026-05-29 17:45:00,25211.3,25219.1,25195.2,25198.3,309,148,0
2026-05-29 18:00:00,25198.6,25214.6,25193.6,25200.2,310,148,0
2026-05-29 18:15:00,25201.0,25216.6,25197.7,25207.3,251,148,0
2026-05-29 18:30:00,25207.6,25220.6,25207.6,25209.7,217,148,0
2026-05-29 18:45:00,25208.9,25208.9,25185.7,25192.2,410,148,0
2026-05-29 19:00:00,25178.0,25185.8,25174.2,25180.8,82,440,0
2026-05-29 19:15:00,25181.8,25184.8,25177.2,25183.1,61,440,0
2026-05-29 19:30:00,25184.8,25194.8,25184.8,25187.2,84,440,0
2026-05-29 19:45:00,25188.7,25191.8,25160.9,25160.9,171,440,0
2026-05-31 22:00:00,25131.0,25145.8,25117.4,25145.8,188,440,0
2026-05-31 22:15:00,25145.2,25151.8,25141.2,25147.8,161,440,0
2026-05-31 22:30:00,25147.2,25157.8,25141.1,25157.8,123,440,0
2026-05-31 22:45:00,25158.8,25166.1,25155.2,25156.1,127,440,0
2026-05-31 23:00:00,25156.8,25160.7,25153.2,25156.2,102,440,0
2026-05-31 23:15:00,25155.8,25160.8,25151.2,25160.8,76,440,0
2026-05-31 23:30:00,25161.7,25163.7,25152.2,25152.2,120,440,0
2026-05-31 23:45:00,25152.9,25159.8,25147.3,25154.2,183,440,0
2026-06-01 00:00:00,25155.8,25185.7,25153.2,25176.8,298,440,0
2026-06-01 00:15:00,25176.1,25184.8,25171.2,25181.2,216,440,0
2026-06-01 00:30:00,25181.8,25195.3,25174.2,25191.8,175,440,0
2026-06-01 01:15:00,25202.9,25204.9,25076.6,25194.8,937,148,0
2026-06-01 01:30:00,25192.8,25388.3,25151.5,25344.9,1745,148,0
2026-06-01 01:45:00,25342.9,25393.3,25286.9,25300.8,1129,148,0
2026-06-01 02:00:00,25298.9,25361.3,25278.9,25332.8,1038,148,0
2026-06-01 02:15:00,25333.4,25448.3,25302.9,25443.8,893,148,0
2026-06-01 02:30:00,25444.8,25468.7,25346.9,25368.8,947,148,0
2026-06-01 02:45:00,25366.8,25375.3,25289.8,25319.3,930,148,0
2026-06-01 03:00:00,25321.3,25333.4,25261.9,25265.8,804,148,0
2026-06-01 03:15:00,25264.8,25333.9,25253.9,25330.4,819,148,0
2026-06-01 03:30:00,25328.8,25394.3,25328.8,25354.4,611,148,0
2026-06-01 03:45:00,25356.4,25376.3,25334.8,25369.8,449,148,0
2026-06-01 04:00:00,25357.2,25372.8,25355.2,25366.6,142,440,0
2026-06-01 04:15:00,25366.9,25376.7,25365.1,25373.7,101,440,0
2026-06-01 05:00:00,25377.2,25415.3,25367.9,25398.3,785,148,0
2026-06-01 05:15:00,25398.7,25406.3,25337.9,25344.5,601,148,0
2026-06-01 05:30:00,25346.4,25382.4,25323.9,25344.8,670,148,0
2026-06-01 05:45:00,25342.8,25384.3,25335.8,25373.3,606,148,0
2026-06-01 06:00:00,25370.8,25390.3,25351.8,25354.4,597,148,0
2026-06-01 06:15:00,25352.9,25356.4,25308.8,25353.3,570,148,0
2026-06-01 06:30:00,25355.3,25389.7,25328.9,25363.8,613,148,0
2026-06-01 06:45:00,25361.8,25416.4,25360.8,25412.3,448,148,0
2026-06-01 07:00:00,25414.3,25428.3,25389.5,25410.4,504,148,0
2026-06-01 07:15:00,25408.8,25428.4,25389.8,25402.8,431,148,0
2026-06-01 07:30:00,25400.8,25400.8,25347.9,25361.4,438,148,0
2026-06-01 07:45:00,25361.8,25400.3,25339.9,25393.8,383,148,0
2026-06-01 08:00:00,25395.3,25395.3,25355.9,25362.8,407,148,0
2026-06-01 08:15:00,25360.9,25368.4,25340.0,25346.2,291,148,0
2026-06-01 09:15:00,25352.4,25360.2,25329.2,25329.6,365,148,0
2026-06-01 09:30:00,25328.4,25344.5,25324.3,25340.6,307,148,0
2026-06-01 09:45:00,25340.4,25343.4,25325.4,25341.6,273,148,0
2026-06-01 10:00:00,25341.9,25361.6,25337.9,25358.2,276,148,0
2026-06-01 10:15:00,25355.8,25357.6,25342.6,25355.3,221,148,0
2026-06-01 10:30:00,25355.6,25373.9,25349.6,25372.0,214,148,0
2026-06-01 10:45:00,25371.6,25377.6,25351.1,25352.6,245,148,0
2026-06-01 11:00:00,25354.2,25360.3,25332.6,25339.6,300,148,0
2026-06-01 11:15:00,25339.1,25339.7,25327.5,25335.8,212,148,0
2026-06-01 11:30:00,25335.6,25366.6,25330.7,25359.6,286,148,0
2026-06-01 11:45:00,25357.9,25360.6,25346.7,25352.3,205,148,0
2026-06-01 12:00:00,25353.6,25358.5,25326.0,25326.0,302,148,0
2026-06-01 12:15:00,25326.6,25337.6,25313.7,25332.9,365,148,0
2026-06-01 12:30:00,25332.6,25348.3,25320.6,25344.9,374,148,0
2026-06-01 12:45:00,25346.3,25349.6,25311.6,25318.6,346,148,0
2026-06-01 13:00:00,25318.5,25322.6,25153.4,25185.3,662,148,0
2026-06-01 13:15:00,25182.3,25223.0,25145.4,25166.9,804,148,0
2026-06-01 13:30:00,25170.7,25199.0,25136.3,25180.8,1036,148,0
2026-06-01 13:45:00,25180.6,25225.9,25159.8,25168.5,890,148,0
2026-06-01 14:00:00,25171.8,25216.5,25142.9,25194.0,828,148,0
2026-06-01 14:15:00,25193.1,25226.7,25171.0,25192.6,792,148,0
2026-06-01 14:30:00,25191.1,25211.1,25157.3,25185.6,624,148,0
2026-06-01 14:45:00,25186.6,25188.6,25153.0,25181.6,537,148,0
2026-06-01 15:00:00,25183.2,25206.5,25155.9,25199.6,581,148,0
2026-06-01 15:15:00,25200.5,25233.0,25186.2,25229.1,494,148,0
2026-06-01 15:30:00,25227.7,25271.0,25227.1,25254.5,665,148,0
2026-06-01 15:45:00,25254.2,25263.0,25241.8,25253.8,411,148,0
2026-06-01 16:00:00,25254.5,25272.3,25222.1,25233.6,427,148,0
2026-06-01 16:15:00,25233.5,25252.1,25217.6,25243.6,332,148,0
2026-06-01 16:30:00,25245.0,25255.5,25236.5,25236.5,357,148,0
2026-06-01 16:45:00,25236.3,25273.2,25229.8,25269.6,487,148,0
2026-06-01 17:00:00,25269.2,25269.5,25246.9,25260.5,371,148,0
2026-06-01 17:15:00,25260.6,25326.5,25256.7,25326.5,345,148,0
2026-06-01 17:30:00,25329.6,25380.1,25305.6,25354.0,635,148,0
2026-06-01 17:45:00,25354.2,25366.3,25333.7,25334.9,386,148,0
2026-06-01 18:00:00,25334.4,25336.6,25304.5,25306.1,336,148,0
2026-06-01 18:15:00,25307.0,25317.6,25301.6,25304.6,282,148,0
2026-06-01 18:30:00,25306.1,25306.1,25293.7,25298.6,256,148,0
2026-06-01 18:45:00,25298.3,25313.6,25297.6,25308.4,279,148,0
2026-06-01 19:00:00,25293.9,25297.8,25290.2,25294.8,87,440,0
2026-06-01 19:15:00,25294.2,25297.8,25292.2,25297.8,64,440,0
2026-06-01 19:30:00,25297.1,25299.8,25288.3,25292.2,83,440,0
2026-06-01 19:45:00,25292.8,25292.8,25270.2,25280.2,101,440,0
2026-06-01 20:00:00,25280.9,25287.2,25278.3,25286.2,110,440,0
2026-06-01 20:15:00,25285.3,25285.8,25278.3,25280.8,82,440,0
2026-06-01 20:30:00,25279.3,25288.8,25279.2,25284.8,82,440,0
2026-06-01 20:45:00,25284.2,25284.2,25271.2,25274.2,102,440,0
2026-06-01 22:00:00,25252.0,25252.0,25216.3,25223.2,212,440,0
2026-06-01 22:15:00,25222.3,25225.9,25211.3,25212.2,157,440,0
2026-06-01 22:30:00,25212.9,25217.2,25204.3,25204.9,112,440,0
2026-06-01 22:45:00,25205.8,25214.8,25205.3,25214.2,82,440,0
2026-06-01 23:00:00,25214.9,25218.9,25211.2,25216.3,59,440,0
2026-06-01 23:15:00,25216.9,25223.4,25215.3,25217.9,55,440,0
2026-06-01 23:30:00,25217.2,25222.1,25210.3,25214.2,116,440,0
2026-06-01 23:45:00,25215.8,25224.8,25198.3,25224.8,195,440,0
2026-06-02 00:00:00,25223.4,25223.4,25175.3,25182.9,352,440,0
2026-06-02 00:15:00,25182.2,25192.8,25170.2,25186.1,292,440,0
2026-06-02 00:30:00,25186.8,25195.7,25165.3,25170.2,266,440,0
2026-06-02 01:15:00,25184.3,25371.9,25166.8,25352.6,799,148,0
2026-06-02 01:30:00,25353.4,25516.3,25353.4,25412.8,1761,148,0
2026-06-02 01:45:00,25414.3,25491.7,25345.9,25419.9,1266,148,0
2026-06-02 02:00:00,25421.4,25643.6,25417.9,25639.1,1130,148,0
2026-06-02 02:15:00,25640.6,25750.6,25624.1,25721.6,1088,148,0
2026-06-02 02:30:00,25721.1,25760.6,25684.8,25700.7,1048,148,0
2026-06-02 02:45:00,25704.3,25743.3,25670.9,25682.4,901,148,0
2026-06-02 03:00:00,25684.4,25684.4,25595.8,25603.9,875,148,0
2026-06-02 03:15:00,25602.8,25633.3,25577.8,25609.4,783,148,0
2026-06-02 03:30:00,25608.9,25638.3,25589.8,25638.3,515,148,0
2026-06-02 03:45:00,25636.8,25722.3,25634.8,25720.3,509,148,0
2026-06-02 04:00:00,25705.7,25717.4,25696.8,25697.4,173,440,0
2026-06-02 04:15:00,25698.3,25707.7,25694.6,25695.5,145,440,0
2026-06-02 05:00:00,25733.7,25808.7,25729.4,25806.8,846,148,0
2026-06-02 05:15:00,25804.8,25843.3,25800.8,25827.3,650,148,0
2026-06-02 05:30:00,25828.3,25853.5,25815.9,25831.8,647,148,0
2026-06-02 05:45:00,25833.3,25848.3,25796.9,25835.4,586,148,0
2026-06-02 06:00:00,25834.0,25849.4,25809.8,25836.4,571,148,0
2026-06-02 06:15:00,25834.8,25879.3,25830.9,25863.8,530,148,0
2026-06-02 06:30:00,25861.8,25924.7,25858.8,25924.7,551,148,0
2026-06-02 06:45:00,25923.7,25951.3,25895.9,25912.4,564,148,0
2026-06-02 07:00:00,25910.9,25935.3,25905.9,25922.7,576,148,0
2026-06-02 07:15:00,25922.4,25955.3,25915.8,25953.3,464,148,0
2026-06-02 07:30:00,25952.8,26031.7,25942.9,26022.3,488,148,0
2026-06-02 07:45:00,26024.3,26024.4,25987.9,26009.8,512,148,0
2026-06-02 08:00:00,26011.3,26028.6,25999.9,26008.9,492,148,0
2026-06-02 08:15:00,26007.9,26044.3,26007.9,26022.0,410,148,0
2026-06-02 09:15:00,26003.6,26014.5,25968.3,25977.6,412,148,0
2026-06-02 09:30:00,25978.5,25988.5,25965.6,25982.6,319,148,0
2026-06-02 09:45:00,25983.0,26000.6,25976.7,25992.7,255,148,0
2026-06-02 10:00:00,25992.6,25992.6,25972.4,25978.0,304,148,0
2026-06-02 10:15:00,25979.2,25993.1,25977.9,25980.6,273,148,0
2026-06-02 10:30:00,25980.8,25984.0,25968.3,25974.8,227,148,0
2026-06-02 10:45:00,25976.0,25978.4,25954.8,25959.2,270,148,0
2026-06-02 11:00:00,25957.9,25961.6,25941.5,25945.6,356,148,0
2026-06-02 11:15:00,25947.2,25966.2,25937.7,25962.6,281,148,0
2026-06-02 11:30:00,25962.3,25963.3,25944.0,25955.6,279,148,0
2026-06-02 11:45:00,25954.8,25960.6,25946.2,25946.6,261,148,0
2026-06-02 12:00:00,25946.9,25957.4,25942.1,25950.6,283,148,0
2026-06-02 12:15:00,25950.4,25959.9,25942.6,25954.6,278,148,0
2026-06-02 12:30:00,25954.2,25955.7,25928.3,25940.2,376,148,0
2026-06-02 12:45:00,25939.6,25939.6,25918.3,25926.4,297,148,0
2026-06-02 13:00:00,25926.5,25937.6,25906.9,25921.1,476,148,0
2026-06-02 13:15:00,25921.4,25924.3,25910.6,25917.5,364,148,0
2026-06-02 13:30:00,25918.1,25924.3,25875.1,25886.6,897,148,0
2026-06-02 13:45:00,25888.1,25899.9,25858.2,25865.6,652,148,0
2026-06-02 14:00:00,25866.0,25905.0,25845.6,25886.9,623,148,0
2026-06-02 14:15:00,25887.6,25912.2,25865.7,25873.6,609,148,0
2026-06-02 14:30:00,25874.6,25958.5,25867.4,25951.9,521,148,0
2026-06-02 14:45:00,25953.0,25996.6,25949.5,25976.6,542,148,0
2026-06-02 15:00:00,25977.9,26009.5,25965.8,25998.6,544,148,0
2026-06-02 15:15:00,25998.1,26062.0,25996.0,26048.5,547,148,0
2026-06-02 15:30:00,26048.6,26064.4,26036.6,26048.8,479,148,0
2026-06-02 15:45:00,26047.9,26047.9,26016.6,26023.9,435,148,0
2026-06-02 16:00:00,26025.4,26029.3,26002.7,26011.4,395,148,0
2026-06-02 16:15:00,26010.5,26013.8,25968.0,25973.4,337,148,0
2026-06-02 16:30:00,25975.6,25982.5,25955.9,25963.1,385,148,0
2026-06-02 16:45:00,25963.9,25974.2,25957.9,25960.9,282,148,0
2026-06-02 17:00:00,25960.5,25961.8,25905.7,25909.2,369,148,0
2026-06-02 17:15:00,25908.6,25912.6,25895.3,25897.6,326,148,0
2026-06-02 17:30:00,25897.1,25909.1,25888.9,25891.6,294,148,0
2026-06-02 17:45:00,25890.6,25900.6,25883.7,25896.3,251,148,0
2026-06-02 18:00:00,25897.1,25913.3,25888.7,25897.6,281,148,0
2026-06-02 18:15:00,25896.6,25912.2,25886.4,25900.0,294,148,0
2026-06-02 18:30:00,25901.2,25918.4,25901.2,25911.9,267,148,0
2026-06-02 18:45:00,25910.6,25932.6,25910.3,25931.0,247,148,0
2026-06-02 19:00:00,25915.2,25928.7,25915.2,25922.2,65,440,0
2026-06-02 19:15:00,25921.2,25925.8,25920.2,25920.8,58,440,0
2026-06-02 19:30:00,25921.7,25932.9,25919.2,25927.2,57,440,0
2026-06-02 19:45:00,25927.8,25938.8,25923.2,25937.1,119,440,0
2026-06-02 20:00:00,25937.8,25945.7,25934.1,25940.1,122,440,0
2026-06-02 20:15:00,25939.2,25941.8,25935.2,25935.2,66,440,0
2026-06-02 20:30:00,25935.8,25938.8,25934.2,25937.2,61,440,0
2026-06-02 20:45:00,25938.7,25938.8,25937.2,25937.8,44,440,0
2026-06-02 22:00:00,25932.2,25932.9,25922.2,25926.2,158,440,0
2026-06-02 22:15:00,25926.8,25931.8,25924.2,25929.2,97,440,0
2026-06-02 22:30:00,25929.8,25933.8,25928.2,25928.2,70,440,0
2026-06-02 22:45:00,25928.8,25930.8,25917.3,25919.2,117,440,0
2026-06-02 23:00:00,25920.8,25920.8,25898.3,25901.8,132,440,0
2026-06-02 23:15:00,25901.2,25902.8,25860.2,25890.7,290,440,0
2026-06-02 23:30:00,25891.7,25927.7,25888.2,25920.2,264,440,0
2026-06-02 23:45:00,25921.7,25948.7,25918.2,25946.2,266,440,0
2026-06-03 00:00:00,25951.7,25951.7,25929.6,25931.2,328,440,0
2026-06-03 00:15:00,25929.6,25946.2,25924.6,25939.5,228,440,0
2026-06-03 00:30:00,25940.2,25956.2,25937.6,25956.2,190,440,0
2026-06-03 01:15:00,25951.0,25951.0,25868.5,25874.8,747,148,0
2026-06-03 01:30:00,25876.4,25912.8,25740.7,25752.1,1409,148,0
2026-06-03 01:45:00,25753.6,25767.6,25689.1,25700.7,859,148,0
2026-06-03 02:00:00,25703.4,25751.1,25648.9,25650.8,782,148,0
2026-06-03 02:15:00,25649.8,25675.3,25639.9,25665.3,732,148,0
2026-06-03 02:30:00,25664.5,25668.3,25569.8,25591.9,692,148,0
2026-06-03 02:45:00,25589.9,25606.3,25572.8,25591.3,640,148,0
2026-06-03 03:00:00,25589.8,25598.4,25567.3,25574.8,619,148,0
2026-06-03 03:15:00,25576.4,25581.4,25545.8,25560.8,552,148,0
2026-06-03 03:30:00,25561.4,25580.3,25543.8,25547.3,413,148,0
2026-06-03 03:45:00,25548.4,25558.6,25531.8,25556.2,293,148,0
2026-06-03 04:00:00,25540.3,25560.8,25540.3,25557.2,135,440,0
2026-06-03 04:15:00,25556.1,25564.8,25556.1,25557.7,96,440,0
2026-06-03 05:00:00,25557.8,25625.4,25526.8,25596.4,789,148,0
2026-06-03 05:15:00,25595.8,25613.3,25541.9,25562.8,671,148,0
2026-06-03 05:30:00,25563.3,25603.3,25545.8,25557.9,618,148,0
2026-06-03 05:45:00,25558.4,25568.4,25540.4,25564.8,518,148,0
2026-06-03 06:00:00,25566.3,25604.3,25548.4,25571.3,600,148,0
2026-06-03 06:15:00,25569.8,25584.3,25546.9,25558.7,583,148,0
2026-06-03 06:30:00,25560.3,25586.3,25546.8,25574.7,739,148,0
2026-06-03 06:45:00,25574.0,25597.6,25567.1,25588.0,411,148,0
2026-06-03 07:00:00,25587.7,25590.6,25546.1,25574.6,483,148,0
2026-06-03 07:15:00,25573.0,25573.6,25550.1,25569.1,433,148,0
2026-06-03 07:30:00,25569.7,25587.4,25554.1,25575.7,425,148,0
2026-06-03 07:45:00,25576.6,25607.6,25575.1,25602.1,365,148,0
2026-06-03 08:00:00,25600.1,25603.6,25561.1,25576.7,390,148,0
2026-06-03 08:15:00,25575.1,25587.6,25544.4,25557.0,321,148,0
2026-06-03 09:15:00,25556.2,25579.2,25550.9,25563.3,401,148,0
2026-06-03 09:30:00,25562.6,25571.6,25554.6,25568.9,281,148,0
2026-06-03 09:45:00,25569.6,25575.6,25551.2,25554.4,247,148,0
2026-06-03 10:00:00,25554.6,25610.1,25541.9,25587.4,568,148,0
2026-06-03 10:15:00,25585.2,25587.3,25575.0,25587.3,310,148,0
2026-06-03 10:30:00,25587.7,25587.7,25542.5,25547.4,274,148,0
2026-06-03 10:45:00,25547.7,25560.9,25541.3,25556.1,233,148,0
2026-06-03 11:00:00,25557.7,25568.3,25556.3,25562.3,270,148,0
2026-06-03 11:15:00,25561.4,25571.8,25554.2,25566.3,224,148,0
2026-06-03 11:30:00,25566.1,25575.8,25564.3,25565.5,217,148,0
2026-06-03 11:45:00,25565.9,25573.3,25552.7,25554.3,203,148,0
2026-06-03 12:00:00,25554.1,25558.3,25541.4,25543.4,187,148,0
2026-06-03 12:15:00,25544.5,25544.5,25499.8,25499.8,312,148,0
2026-06-03 12:30:00,25500.8,25503.2,25460.3,25480.3,440,148,0
2026-06-03 12:45:00,25480.0,25498.7,25479.4,25493.3,331,148,0
2026-06-03 13:00:00,25491.8,25518.3,25489.0,25510.2,315,148,0
2026-06-03 13:15:00,25510.3,25517.3,25498.3,25505.3,344,148,0
2026-06-03 13:30:00,25506.5,25516.9,25397.5,25402.7,831,148,0
2026-06-03 13:45:00,25405.4,25451.3,25381.3,25450.3,795,148,0
2026-06-03 14:00:00,25436.4,25484.9,25432.3,25449.9,682,148,0
2026-06-03 14:15:00,25449.3,25469.3,25400.4,25427.3,678,148,0
2026-06-03 14:30:00,25427.7,25459.4,25405.0,25418.9,595,148,0
2026-06-03 14:45:00,25419.3,25463.8,25415.2,25459.3,556,148,0
2026-06-03 15:00:00,25459.7,25473.3,25412.3,25412.4,516,148,0
2026-06-03 15:15:00,25413.8,25449.9,25399.2,25431.1,580,148,0
2026-06-03 15:30:00,25428.0,25437.4,25391.6,25414.5,508,148,0
2026-06-03 15:45:00,25415.8,25418.3,25397.2,25412.3,378,148,0
2026-06-03 16:00:00,25412.5,25416.3,25391.0,25398.3,354,148,0
2026-06-03 16:15:00,25397.2,25402.3,25371.3,25375.3,373,148,0
2026-06-03 16:30:00,25374.3,25386.2,25356.2,25374.3,376,148,0
2026-06-03 16:45:00,25373.4,25394.3,25373.4,25388.3,376,148,0
2026-06-03 17:00:00,25389.9,25405.1,25372.7,25377.0,371,148,0
2026-06-03 17:15:00,25378.1,25386.5,25371.4,25374.6,256,148,0
2026-06-03 17:30:00,25374.4,25400.7,25369.0,25392.9,235,148,0
2026-06-03 17:45:00,25393.3,25399.3,25388.3,25397.3,264,148,0
2026-06-03 18:00:00,25397.5,25416.9,25391.6,25396.3,279,148,0
2026-06-03 18:15:00,25396.2,25401.3,25389.5,25400.3,294,148,0
2026-06-03 18:30:00,25401.3,25406.3,25390.3,25399.3,244,148,0
2026-06-03 18:45:00,25400.3,25404.5,25375.5,25379.1,250,148,0
2026-06-03 19:00:00,25363.9,25363.9,25353.2,25357.8,87,440,0
2026-06-03 19:15:00,25357.2,25366.5,25347.2,25349.8,95,440,0
2026-06-03 19:30:00,25350.8,25368.8,25350.1,25367.2,97,440,0
2026-06-03 19:45:00,25367.8,25368.8,25344.9,25348.8,146,440,0
2026-06-03 20:00:00,25347.2,25351.8,25336.2,25338.2,152,440,0
2026-06-03 20:15:00,25338.8,25338.8,25316.2,25325.8,215,440,0
2026-06-03 20:30:00,25325.2,25325.2,25292.3,25293.9,127,440,0
2026-06-03 20:45:00,25294.8,25318.7,25292.2,25318.7,141,440,0
2026-06-03 22:00:00,25299.0,25321.8,25293.9,25307.8,290,440,0
2026-06-03 22:15:00,25308.8,25308.8,25292.2,25301.2,199,440,0
2026-06-03 22:30:00,25300.2,25309.6,25293.3,25298.8,163,440,0
2026-06-03 22:45:00,25299.8,25320.8,25288.3,25314.2,249,440,0
2026-06-03 23:00:00,25314.8,25317.8,25293.2,25301.8,217,440,0
2026-06-03 23:15:00,25302.8,25302.8,25284.2,25295.8,157,440,0
2026-06-03 23:30:00,25296.8,25312.7,25286.3,25295.8,197,440,0
2026-06-03 23:45:00,25296.8,25324.7,25295.2,25309.8,279,440,0
2026-06-04 00:00:00,25308.2,25326.7,25299.2,25312.8,371,440,0
2026-06-04 00:15:00,25312.2,25323.7,25296.2,25306.2,331,440,0
2026-06-04 00:30:00,25306.8,25346.1,25305.2,25337.8,285,440,0
2026-06-04 01:15:00,25318.9,25384.3,25308.2,25360.9,857,148,0
2026-06-04 01:30:00,25359.0,25448.9,25328.8,25345.8,1637,148,0
2026-06-04 01:45:00,25343.8,25363.3,25285.9,25334.3,988,148,0
2026-06-04 02:00:00,25336.3,25340.3,25233.9,25281.3,850,148,0
2026-06-04 02:15:00,25279.2,25316.3,25240.9,25262.4,780,148,0
2026-06-04 02:30:00,25264.4,25280.3,25211.9,25251.4,693,148,0
2026-06-04 02:45:00,25249.9,25279.3,25219.8,25256.3,639,148,0
2026-06-04 03:00:00,25257.3,25261.3,25200.8,25209.4,638,148,0
2026-06-04 03:15:00,25209.8,25224.3,25196.8,25201.8,516,148,0
2026-06-04 03:30:00,25199.9,25210.3,25182.8,25183.8,400,148,0
2026-06-04 03:45:00,25182.8,25214.3,25179.8,25213.7,294,148,0
2026-06-04 04:00:00,25200.7,25202.8,25187.2,25202.8,126,440,0
2026-06-04 04:15:00,25203.7,25209.8,25199.2,25203.2,118,440,0
2026-06-04 05:00:00,25218.3,25253.3,25198.9,25224.4,704,148,0
2026-06-04 05:15:00,25225.4,25240.3,25194.8,25201.8,575,148,0
2026-06-04 05:30:00,25200.8,25227.3,25162.9,25221.8,577,148,0
2026-06-04 05:45:00,25221.4,25233.7,25165.8,25177.3,547,148,0
2026-06-04 06:00:00,25173.8,25206.3,25164.4,25181.4,533,148,0
2026-06-04 06:15:00,25182.4,25187.4,25134.5,25160.3,497,148,0
2026-06-04 06:30:00,25158.0,25204.3,25139.8,25192.6,522,148,0
2026-06-04 06:45:00,25192.0,25215.6,25183.1,25204.7,409,148,0
2026-06-04 07:00:00,25206.5,25220.6,25184.0,25217.7,481,148,0
2026-06-04 07:15:00,25217.1,25244.6,25213.1,25242.7,397,148,0
2026-06-04 07:30:00,25243.0,25260.6,25226.1,25229.7,383,148,0
2026-06-04 07:45:00,25229.0,25236.6,25208.1,25224.7,389,148,0
2026-06-04 08:00:00,25226.6,25229.4,25184.1,25188.6,418,148,0
2026-06-04 08:15:00,25187.1,25193.3,25137.0,25147.3,452,148,0
2026-06-04 09:15:00,25102.4,25134.5,25040.0,25131.6,760,148,0
2026-06-04 09:30:00,25131.5,25160.2,25124.3,25152.6,479,148,0
2026-06-04 09:45:00,25152.8,25190.6,25144.9,25186.4,443,148,0
2026-06-04 10:00:00,25185.1,25188.6,25168.9,25179.6,410,148,0
2026-06-04 10:15:00,25180.7,25199.5,25169.6,25188.8,355,148,0
2026-06-04 10:30:00,25189.0,25197.0,25160.3,25168.5,360,148,0
2026-06-04 10:45:00,25170.1,25174.3,25136.6,25160.6,461,148,0
2026-06-04 11:00:00,25161.8,25199.5,25159.9,25194.8,477,148,0
2026-06-04 11:15:00,25193.7,25227.5,25191.1,25215.6,565,148,0
2026-06-04 11:30:00,25216.8,25217.9,25179.7,25208.6,515,148,0
2026-06-04 11:45:00,25207.6,25246.6,25207.6,25236.6,475,148,0
2026-06-04 12:00:00,25236.4,25242.5,25205.6,25214.6,519,148,0
2026-06-04 12:15:00,25215.6,25220.9,25204.1,25220.6,430,148,0
2026-06-04 12:30:00,25220.1,25251.6,25219.6,25250.6,417,148,0
2026-06-04 12:45:00,25250.8,25274.0,25241.9,25253.6,363,148,0
2026-06-04 13:00:00,25252.5,25274.7,25252.5,25266.8,394,148,0
2026-06-04 13:15:00,25266.0,25281.2,25259.6,25265.9,405,148,0
2026-06-04 13:30:00,25269.9,25355.6,25267.8,25302.2,883,148,0
2026-06-04 13:45:00,25302.0,25326.6,25255.5,25265.6,754,148,0
2026-06-04 14:00:00,25263.6,25276.1,25212.4,25236.8,689,148,0
2026-06-04 14:15:00,25236.9,25264.9,25225.5,25228.6,574,148,0
2026-06-04 14:30:00,25227.7,25227.7,25180.2,25184.6,550,148,0
2026-06-04 14:45:00,25185.6,25221.5,25175.6,25213.6,566,148,0
2026-06-04 15:00:00,25214.1,25226.5,25197.6,25215.9,506,148,0
2026-06-04 15:15:00,25217.4,25239.8,25206.6,25237.2,534,148,0
2026-06-04 15:30:00,25238.5,25265.6,25230.8,25237.1,464,148,0
2026-06-04 15:45:00,25236.8,25239.3,25216.6,25233.6,370,148,0
2026-06-04 16:00:00,25234.4,25240.6,25222.8,25231.7,320,148,0
2026-06-04 16:15:00,25231.6,25242.4,25229.3,25235.5,297,148,0
2026-06-04 16:30:00,25235.6,25239.2,25219.3,25230.6,324,148,0
2026-06-04 16:45:00,25230.8,25236.2,25222.6,25232.9,264,148,0
2026-06-04 17:00:00,25231.7,25233.6,25219.6,25221.3,265,148,0
2026-06-04 17:15:00,25221.6,25221.6,25207.7,25215.6,265,148,0
2026-06-04 17:30:00,25215.2,25230.6,25215.2,25221.6,261,148,0
2026-06-04 17:45:00,25222.6,25222.6,25203.7,25213.4,215,148,0
2026-06-04 18:00:00,25213.6,25218.5,25207.7,25210.6,257,148,0
2026-06-04 18:15:00,25210.9,25223.6,25202.6,25215.6,253,148,0
2026-06-04 18:30:00,25215.1,25224.6,25212.6,25213.7,260,148,0
2026-06-04 18:45:00,25212.6,25237.3,25211.6,25233.4,248,148,0
2026-06-04 19:00:00,25220.8,25223.8,25202.1,25203.8,70,440,0
2026-06-04 19:15:00,25204.8,25209.8,25189.5,25190.1,47,440,0
2026-06-04 19:30:00,25189.1,25193.9,25183.2,25184.2,68,440,0
2026-06-04 19:45:00,25184.9,25184.9,25171.2,25175.2,117,440,0
2026-06-04 20:00:00,25176.7,25177.8,25166.2,25166.9,136,440,0
2026-06-04 20:15:00,25165.3,25168.9,25155.3,25159.2,101,440,0
2026-06-04 20:30:00,25159.9,25162.8,25158.2,25158.3,86,440,0
2026-06-04 20:45:00,25158.9,25164.5,25156.3,25163.4,70,440,0
2026-06-04 22:00:00,25128.1,25133.9,25117.2,25117.9,186,440,0
2026-06-04 22:15:00,25117.2,25141.0,25113.2,25139.2,145,440,0
2026-06-04 22:30:00,25139.9,25145.8,25135.3,25139.9,126,440,0
2026-06-04 22:45:00,25139.2,25160.8,25139.2,25159.2,99,440,0
2026-06-04 23:00:00,25159.8,25162.8,25146.2,25146.3,121,440,0
2026-06-04 23:15:00,25146.9,25147.8,25134.3,25143.2,155,440,0
2026-06-04 23:30:00,25144.7,25144.9,25132.2,25132.3,132,440,0
2026-06-04 23:45:00,25130.3,25133.8,25118.9,25119.9,227,440,0
2026-06-05 00:00:00,25117.5,25123.8,25090.6,25123.1,365,440,0
2026-06-05 00:15:00,25122.2,25137.7,25119.3,25128.8,325,440,0
2026-06-05 00:30:00,25128.2,25135.8,25105.2,25117.3,301,440,0
2026-06-05 01:15:00,25047.5,25159.0,24986.0,25139.3,979,148,0
2026-06-05 01:30:00,25137.8,25166.3,25052.1,25089.0,1722,148,0
2026-06-05 01:45:00,25087.5,25120.3,25062.5,25107.8,1150,148,0
2026-06-05 02:00:00,25105.8,25160.6,25052.1,25116.1,1006,148,0
2026-06-05 02:15:00,25117.6,25146.5,25036.2,25065.6,904,148,0
2026-06-05 02:30:00,25066.6,25094.6,24984.1,24988.7,798,148,0
2026-06-05 02:45:00,24989.7,25089.6,24984.1,25036.6,881,148,0
2026-06-05 03:00:00,25038.6,25046.6,24981.9,25005.8,770,148,0
2026-06-05 03:15:00,25005.4,25040.3,24985.4,24999.8,696,148,0
2026-06-05 03:30:00,25005.0,25021.3,24984.9,25013.3,453,148,0
2026-06-05 03:45:00,25011.8,25019.3,24977.8,25012.2,348,148,0
2026-06-05 04:00:00,24997.0,25006.6,24995.1,25000.1,163,440,0
2026-06-05 04:15:00,25000.8,25013.7,24999.1,25001.1,153,440,0
2026-06-05 05:00:00,25035.8,25039.2,24987.8,24995.4,730,148,0
2026-06-05 05:15:00,24993.8,25012.3,24953.8,24957.8,610,148,0
2026-06-05 05:30:00,24959.4,24994.3,24952.8,24972.8,644,148,0
2026-06-05 05:45:00,24971.8,24975.3,24909.8,24911.4,488,148,0
2026-06-05 06:00:00,24913.4,24941.3,24897.9,24929.5,550,148,0
2026-06-05 06:15:00,24927.6,24927.6,24893.6,24914.5,481,148,0
2026-06-05 06:30:00,24915.1,24978.0,24909.6,24976.1,647,148,0
2026-06-05 06:45:00,24974.5,24999.1,24947.6,24974.6,582,148,0
2026-06-05 07:00:00,24976.0,24990.1,24923.6,24951.1,590,148,0
2026-06-05 07:15:00,24950.6,24972.4,24932.6,24952.6,462,148,0
2026-06-05 07:30:00,24951.6,24959.1,24925.8,24932.8,439,148,0
2026-06-05 07:45:00,24934.4,24955.3,24926.8,24951.3,387,148,0
2026-06-05 08:00:00,24950.7,24950.7,24904.8,24908.8,523,148,0
2026-06-05 08:15:00,24910.4,24933.3,24904.4,24920.4,411,148,0
2026-06-05 09:15:00,24954.3,25026.3,24954.3,24996.6,613,148,0
2026-06-05 09:30:00,24997.4,25012.5,24988.9,25002.6,430,148,0
2026-06-05 09:45:00,25003.4,25022.6,25001.5,25022.4,286,148,0
2026-06-05 10:00:00,25022.2,25035.6,25007.6,25035.5,276,148,0
2026-06-05 10:15:00,25034.0,25046.6,25027.8,25042.5,310,148,0
2026-06-05 10:30:00,25043.3,25046.6,25033.3,25040.6,252,148,0
2026-06-05 10:45:00,25041.9,25050.0,25027.6,25034.6,302,148,0
2026-06-05 11:00:00,25034.2,25041.5,25028.0,25028.6,286,148,0
2026-06-05 11:15:00,25028.5,25045.7,24997.5,25042.6,391,148,0
2026-06-05 11:30:00,25041.6,25044.6,25022.8,25024.6,296,148,0
2026-06-05 11:45:00,25026.3,25036.6,25013.2,25016.4,356,148,0
2026-06-05 12:00:00,25016.6,25029.6,25010.3,25017.3,330,148,0
2026-06-05 12:15:00,25016.6,25021.6,25006.5,25013.2,381,148,0
2026-06-05 12:30:00,25013.6,25016.6,24942.6,24971.9,793,148,0
2026-06-05 12:45:00,24971.8,24977.3,24905.3,24908.9,636,148,0
2026-06-05 13:00:00,24910.3,24941.3,24896.1,24931.9,703,148,0
2026-06-05 13:15:00,24930.7,24946.8,24911.8,24917.3,536,148,0
2026-06-05 13:30:00,24915.7,24924.0,24855.3,24867.6,884,148,0
2026-06-05 13:45:00,24867.4,24886.2,24808.6,24808.7,828,148,0
2026-06-05 14:00:00,24809.6,24842.7,24787.5,24804.6,893,148,0
2026-06-05 14:15:00,24803.7,24812.6,24745.7,24758.9,714,148,0
2026-06-05 14:30:00,24760.5,24782.5,24745.9,24759.6,755,148,0
2026-06-05 14:45:00,24758.6,24789.4,24758.6,24773.6,631,148,0
2026-06-05 15:00:00,24775.3,24775.6,24707.7,24707.7,635,148,0
2026-06-05 15:15:00,24708.4,24716.1,24684.0,24692.0,667,148,0
2026-06-05 15:30:00,24690.7,24698.6,24647.1,24651.5,604,148,0
2026-06-05 15:45:00,24651.6,24663.6,24642.2,24642.5,532,148,0
2026-06-05 16:00:00,24642.6,24647.2,24612.1,24624.6,616,148,0
2026-06-05 16:15:00,24623.0,24631.0,24607.6,24608.6,583,148,0
2026-06-05 16:30:00,24608.4,24609.6,24573.6,24583.6,565,148,0
2026-06-05 16:45:00,24582.0,24643.2,24570.6,24641.6,669,148,0
2026-06-05 17:00:00,24644.2,24644.2,24606.7,24614.6,596,148,0
2026-06-05 17:15:00,24616.3,24646.8,24606.4,24641.6,545,148,0
2026-06-05 17:30:00,24640.7,24662.6,24617.7,24621.4,577,148,0
2026-06-05 17:45:00,24619.6,24635.9,24610.8,24633.6,541,148,0
2026-06-05 18:00:00,24634.4,24638.6,24589.5,24593.6,512,148,0
2026-06-05 18:15:00,24593.3,24609.0,24574.8,24592.0,623,148,0
2026-06-05 18:30:00,24590.8,24611.7,24585.0,24598.1,541,148,0
2026-06-05 18:45:00,24595.7,24616.3,24569.5,24576.6,652,148,0
2026-06-05 19:00:00,24560.0,24561.7,24493.3,24494.3,315,440,0
2026-06-05 19:15:00,24494.9,24527.8,24462.3,24525.8,382,440,0
2026-06-05 19:30:00,24526.8,24527.9,24490.4,24507.9,393,440,0
2026-06-05 19:45:00,24506.3,24532.9,24504.9,24514.0,359,440,0
2026-06-07 22:00:00,24370.1,24408.7,24353.2,24407.1,370,440,0
2026-06-07 22:15:00,24407.8,24440.8,24403.1,24414.8,362,440,0
2026-06-07 22:30:00,24416.8,24435.8,24414.2,24420.8,285,440,0
2026-06-07 22:45:00,24420.2,24426.8,24343.3,24377.2,398,440,0
2026-06-07 23:00:00,24378.8,24424.7,24378.1,24422.1,327,440,0
2026-06-07 23:15:00,24422.8,24422.8,24397.2,24415.2,332,440,0
2026-06-07 23:30:00,24415.8,24454.7,24414.1,24453.8,255,440,0
2026-06-07 23:45:00,24451.5,24475.7,24440.1,24461.7,403,440,0
2026-06-08 00:00:00,24463.6,24516.8,24450.2,24516.8,420,440,0
2026-06-08 00:15:00,24515.2,24551.8,24506.2,24550.7,353,440,0
2026-06-08 00:30:00,24552.7,24580.8,24546.3,24549.3,366,440,0
2026-06-08 01:15:00,24505.7,24569.3,24482.5,24529.3,1310,148,0
2026-06-08 01:30:00,24531.3,24572.3,24413.9,24556.8,1815,148,0
2026-06-08 01:45:00,24554.8,24578.7,24518.9,24571.3,1112,148,0
2026-06-08 02:00:00,24573.1,24650.0,24567.8,24635.5,1052,148,0
2026-06-08 02:15:00,24637.1,24691.1,24598.5,24690.5,855,148,0
2026-06-08 02:30:00,24688.6,24726.3,24660.6,24717.4,1023,148,0
2026-06-08 02:45:00,24719.3,24767.3,24710.8,24736.4,882,148,0
2026-06-08 03:00:00,24738.4,24798.3,24725.1,24733.8,809,148,0
2026-06-08 03:15:00,24735.4,24742.3,24611.9,24619.9,780,148,0
2026-06-08 03:30:00,24617.8,24664.4,24597.3,24644.4,605,148,0
2026-06-08 03:45:00,24642.8,24653.4,24618.5,24639.4,413,148,0
2026-06-08 04:00:00,24624.8,24631.8,24610.2,24615.8,240,440,0
2026-06-08 04:15:00,24616.7,24625.7,24597.2,24610.8,208,440,0
2026-06-08 05:00:00,24611.1,24625.4,24571.8,24591.3,960,148,0
2026-06-08 05:15:00,24587.8,24610.3,24564.9,24588.8,748,148,0
2026-06-08 05:30:00,24589.4,24591.4,24460.8,24467.8,751,148,0
2026-06-08 05:45:00,24468.4,24489.4,24444.8,24459.8,732,148,0
2026-06-08 06:00:00,24460.4,24510.3,24450.8,24467.4,756,148,0
2026-06-08 06:15:00,24466.8,24584.8,24464.8,24577.8,650,148,0
2026-06-08 06:30:00,24578.4,24579.8,24511.8,24540.8,662,148,0
2026-06-08 06:45:00,24540.4,24550.3,24499.8,24528.4,562,148,0
2026-06-08 07:00:00,24526.8,24577.3,24502.8,24561.8,714,148,0
2026-06-08 07:15:00,24560.8,24628.3,24549.0,24608.8,623,148,0
2026-06-08 07:30:00,24610.4,24621.3,24591.0,24603.8,529,148,0
2026-06-08 07:45:00,24601.8,24614.3,24588.4,24596.4,486,148,0
2026-06-08 08:00:00,24598.2,24617.7,24561.8,24592.5,562,148,0
2026-06-08 08:15:00,24593.4,24614.4,24585.9,24610.3,398,148,0
2026-06-08 09:15:00,24579.9,24631.8,24579.3,24595.8,558,148,0
2026-06-08 09:30:00,24595.9,24644.7,24571.6,24625.9,712,148,0
2026-06-08 09:45:00,24624.7,24660.6,24618.7,24650.7,555,148,0
2026-06-08 10:00:00,24651.4,24655.5,24608.3,24639.6,612,148,0
2026-06-08 10:15:00,24640.6,24642.6,24606.9,24619.5,448,148,0
2026-06-08 10:30:00,24619.6,24688.8,24612.6,24670.6,707,148,0
2026-06-08 10:45:00,24671.6,24674.1,24627.1,24645.9,496,148,0
2026-06-08 11:00:00,24643.0,24745.4,24614.6,24745.4,736,148,0
2026-06-08 11:15:00,24748.6,24765.2,24714.3,24732.6,900,148,0
2026-06-08 11:30:00,24733.6,24747.2,24722.7,24725.7,570,148,0
2026-06-08 11:45:00,24725.9,24732.2,24703.2,24715.3,490,148,0
2026-06-08 12:00:00,24713.7,24750.6,24710.7,24728.6,639,148,0
2026-06-08 12:15:00,24727.6,24737.6,24710.7,24722.4,488,148,0
2026-06-08 12:30:00,24721.6,24737.1,24709.3,24727.2,489,148,0
2026-06-08 12:45:00,24726.2,24751.2,24692.6,24743.0,511,148,0
2026-06-08 13:00:00,24740.2,24763.6,24719.6,24721.6,632,148,0
2026-06-08 13:15:00,24720.6,24746.8,24709.8,24719.1,550,148,0
2026-06-08 13:30:00,24719.7,24771.9,24660.3,24668.2,1054,148,0
2026-06-08 13:45:00,24668.6,24734.6,24662.6,24669.9,903,148,0
2026-06-08 14:00:00,24669.8,24705.2,24644.7,24649.7,830,148,0
2026-06-08 14:15:00,24651.4,24659.3,24629.4,24658.6,686,148,0
2026-06-08 14:30:00,24657.6,24699.5,24656.4,24699.4,705,148,0
2026-06-08 14:45:00,24700.9,24724.2,24676.2,24703.5,598,148,0
2026-06-08 15:00:00,24704.5,24715.3,24665.3,24667.2,541,148,0
2026-06-08 15:15:00,24669.2,24710.8,24666.6,24666.6,639,148,0
2026-06-08 15:30:00,24668.2,24685.5,24645.6,24677.6,607,148,0
2026-06-08 15:45:00,24677.3,24678.6,24653.9,24659.6,559,148,0
2026-06-08 16:00:00,24659.7,24667.5,24634.7,24656.6,529,148,0
2026-06-08 16:15:00,24657.5,24680.5,24654.6,24654.6,496,148,0
2026-06-08 16:30:00,24656.3,24661.3,24615.6,24634.2,676,148,0
2026-06-08 16:45:00,24632.7,24647.6,24618.2,24620.6,495,148,0
2026-06-08 17:00:00,24620.4,24621.6,24581.0,24595.6,566,148,0
2026-06-08 17:15:00,24597.6,24607.6,24565.4,24606.6,543,148,0
2026-06-08 17:30:00,24605.0,24609.3,24573.4,24573.6,564,148,0
2026-06-08 17:45:00,24572.9,24598.5,24571.9,24591.3,484,148,0
2026-06-08 18:00:00,24592.5,24632.6,24592.5,24614.6,507,148,0
2026-06-08 18:15:00,24615.6,24638.9,24614.0,24636.7,419,148,0
2026-06-08 18:30:00,24636.4,24647.6,24605.7,24608.6,440,148,0
2026-06-08 18:45:00,24608.2,24620.6,24595.0,24603.2,382,148,0
2026-06-08 19:00:00,24586.1,24588.8,24556.3,24556.3,215,440,0
2026-06-08 19:15:00,24556.9,24565.8,24541.3,24547.9,217,440,0
2026-06-08 19:30:00,24547.1,24563.7,24541.2,24545.8,235,440,0
2026-06-08 19:45:00,24544.2,24556.8,24541.2,24552.8,221,440,0
2026-06-08 20:00:00,24552.2,24560.8,24547.2,24552.8,189,440,0
2026-06-08 20:15:00,24552.2,24554.8,24540.2,24549.2,119,440,0
2026-06-08 20:30:00,24549.8,24550.8,24546.2,24548.8,64,440,0
2026-06-08 20:45:00,24548.2,24550.8,24542.4,24546.8,83,440,0
2026-06-08 22:00:00,24546.8,24550.8,24499.3,24505.9,301,440,0
2026-06-08 22:15:00,24506.8,24511.8,24487.5,24497.8,247,440,0
2026-06-08 22:30:00,24498.8,24519.8,24498.8,24517.8,166,440,0
2026-06-08 22:45:00,24517.2,24538.8,24513.2,24538.8,150,440,0
2026-06-08 23:00:00,24537.2,24555.7,24531.2,24550.8,165,440,0
2026-06-08 23:15:00,24550.1,24551.7,24540.1,24540.1,156,440,0
2026-06-08 23:30:00,24539.2,24557.8,24535.2,24541.2,200,440,0
2026-06-08 23:45:00,24540.2,24540.2,24502.2,24533.8,337,440,0
2026-06-09 00:00:00,24531.6,24531.8,24473.9,24486.8,493,440,0
2026-06-09 00:15:00,24486.2,24494.8,24468.2,24487.2,405,440,0
2026-06-09 00:30:00,24488.8,24491.8,24459.3,24481.8,393,440,0
2026-06-09 01:15:00,24537.4,24576.4,24479.9,24521.8,929,148,0
2026-06-09 01:30:00,24523.4,24566.3,24412.5,24534.4,2003,148,0
2026-06-09 01:45:00,24532.9,24599.6,24461.9,24565.6,1579,148,0
2026-06-09 02:00:00,24564.1,24609.6,24532.1,24575.7,1263,148,0
2026-06-09 02:15:00,24574.1,24603.6,24494.1,24597.0,1047,148,0
2026-06-09 02:30:00,24596.7,24622.5,24467.1,24528.5,969,148,0
2026-06-09 02:45:00,24530.5,24566.6,24505.1,24544.6,868,148,0
2026-06-09 03:00:00,24543.1,24591.6,24520.1,24560.6,818,148,0
2026-06-09 03:15:00,24559.1,24597.6,24480.7,24535.6,847,148,0
2026-06-09 03:30:00,24536.7,24574.6,24525.1,24555.0,638,148,0
2026-06-09 03:45:00,24554.1,24569.6,24546.1,24568.8,405,148,0
2026-06-09 04:00:00,24551.4,24552.8,24538.2,24545.2,174,440,0
2026-06-09 04:15:00,24544.2,24560.8,24543.2,24559.8,175,440,0
2026-06-09 05:00:00,24577.2,24649.3,24569.8,24571.8,917,148,0
2026-06-09 05:15:00,24569.9,24582.4,24543.5,24549.8,694,148,0
2026-06-09 05:30:00,24547.8,24667.3,24547.8,24625.8,914,148,0
2026-06-09 05:45:00,24624.8,24643.4,24576.9,24612.3,727,148,0
2026-06-09 06:00:00,24614.3,24710.3,24608.8,24669.4,776,148,0
2026-06-09 06:15:00,24667.8,24708.3,24657.9,24682.9,624,148,0
2026-06-09 06:30:00,24684.4,24704.3,24664.9,24683.4,614,148,0
2026-06-09 06:45:00,24684.4,24689.4,24651.9,24658.4,459,148,0
2026-06-09 07:00:00,24661.8,24683.4,24636.8,24639.4,557,148,0
2026-06-09 07:15:00,24640.4,24644.4,24594.5,24596.8,452,148,0
2026-06-09 07:30:00,24595.8,24602.3,24556.9,24588.3,515,148,0
2026-06-09 07:45:00,24586.8,24588.3,24540.8,24563.3,505,148,0
2026-06-09 08:00:00,24560.8,24673.1,24528.8,24631.4,735,148,0
2026-06-09 08:15:00,24627.8,24664.7,24611.8,24659.5,565,148,0
2026-06-09 09:15:00,24676.7,24714.4,24658.6,24665.5,598,148,0
2026-06-09 09:30:00,24664.7,24681.6,24650.6,24674.6,424,148,0
2026-06-09 09:45:00,24674.2,24686.6,24669.1,24676.6,300,148,0
2026-06-09 10:00:00,24677.6,24681.6,24578.2,24672.6,669,148,0
2026-06-09 10:15:00,24673.6,24683.3,24653.4,24672.3,334,148,0
2026-06-09 10:30:00,24673.3,24684.0,24667.3,24684.0,234,148,0
2026-06-09 10:45:00,24683.3,24699.1,24674.4,24679.3,365,148,0
2026-06-09 11:00:00,24680.3,24709.0,24679.4,24694.2,314,148,0
2026-06-09 11:15:00,24693.4,24719.1,24686.3,24715.6,239,148,0
2026-06-09 11:30:00,24715.3,24728.3,24703.6,24703.6,302,148,0
2026-06-09 11:45:00,24702.5,24706.4,24684.4,24694.3,278,148,0
2026-06-09 12:00:00,24694.0,24701.3,24664.5,24668.4,303,148,0
2026-06-09 12:15:00,24669.4,24684.8,24669.4,24670.4,368,148,0
2026-06-09 12:30:00,24669.4,24703.3,24668.7,24687.3,365,148,0
2026-06-09 12:45:00,24686.3,24704.9,24675.4,24702.4,317,148,0
2026-06-09 13:00:00,24704.0,24721.2,24689.6,24693.6,480,148,0
2026-06-09 13:15:00,24691.6,24691.6,24656.6,24670.6,359,148,0
2026-06-09 13:30:00,24669.3,24688.9,24617.5,24623.4,877,148,0
2026-06-09 13:45:00,24621.8,24727.0,24591.4,24591.7,851,148,0
2026-06-09 14:00:00,24592.9,24625.3,24564.4,24564.4,836,148,0
2026-06-09 14:15:00,24563.4,24580.8,24487.6,24560.3,945,148,0
2026-06-09 14:30:00,24557.5,24579.8,24525.5,24526.4,903,148,0
2026-06-09 14:45:00,24524.4,24531.8,24448.5,24510.3,1021,148,0
2026-06-09 15:00:00,24511.6,24515.3,24465.4,24498.3,808,148,0
2026-06-09 15:15:00,24496.7,24503.3,24359.4,24359.5,790,148,0
2026-06-09 15:30:00,24358.4,24385.3,24341.0,24370.3,1004,148,0
2026-06-09 15:45:00,24372.0,24400.8,24338.5,24347.7,820,148,0
2026-06-09 16:00:00,24345.3,24380.7,24326.3,24334.3,843,148,0
2026-06-09 16:15:00,24331.5,24336.9,24278.4,24319.3,886,148,0
2026-06-09 16:30:00,24317.7,24365.1,24222.5,24260.9,1102,148,0
2026-06-09 16:45:00,24260.5,24302.6,24250.6,24302.6,976,148,0
2026-06-09 17:00:00,24304.3,24373.8,24304.3,24357.3,841,148,0
2026-06-09 17:15:00,24359.7,24412.7,24350.5,24392.6,783,148,0
2026-06-09 17:30:00,24392.6,24447.9,24383.6,24433.6,686,148,0
2026-06-09 17:45:00,24434.4,24437.7,24391.6,24414.6,718,148,0
2026-06-09 18:00:00,24413.6,24433.1,24401.1,24427.6,656,148,0
2026-06-09 18:15:00,24426.6,24474.4,24410.7,24462.6,628,148,0
2026-06-09 18:30:00,24463.6,24480.9,24443.1,24443.9,568,148,0
2026-06-09 18:45:00,24443.6,24478.5,24440.1,24475.9,509,148,0
2026-06-09 19:00:00,24461.4,24474.7,24441.2,24442.2,286,440,0
2026-06-09 19:15:00,24442.8,24442.8,24404.3,24427.8,361,440,0
2026-06-09 19:30:00,24427.2,24435.8,24406.3,24422.2,364,440,0
2026-06-09 19:45:00,24422.8,24463.7,24409.3,24450.7,360,440,0
2026-06-09 20:00:00,24448.8,24463.7,24433.2,24436.8,309,440,0
2026-06-09 20:15:00,24436.2,24445.8,24433.2,24443.8,162,440,0
2026-06-09 20:30:00,24443.2,24455.8,24438.2,24450.2,128,440,0
2026-06-09 20:45:00,24451.8,24452.8,24441.2,24443.8,110,440,0
2026-06-09 22:00:00,24384.1,24392.0,24370.3,24380.2,353,440,0
2026-06-09 22:15:00,24380.9,24392.8,24370.3,24374.8,232,440,0
2026-06-09 22:30:00,24374.2,24375.8,24342.9,24353.9,271,440,0
2026-06-09 22:45:00,24354.8,24358.7,24336.2,24351.8,250,440,0
2026-06-09 23:00:00,24353.7,24377.8,24349.2,24356.2,277,440,0
2026-06-09 23:15:00,24355.2,24358.8,24343.2,24347.2,202,440,0
2026-06-09 23:30:00,24346.2,24353.1,24337.3,24347.9,234,440,0
2026-06-09 23:45:00,24347.2,24375.8,24343.2,24375.2,361,440,0
2026-06-10 00:00:00,24374.2,24413.7,24371.2,24408.2,460,440,0
2026-06-10 00:15:00,24407.2,24417.8,24388.2,24413.8,413,440,0
2026-06-10 00:30:00,24413.1,24417.7,24350.8,24362.8,428,440,0
2026-06-10 01:15:00,24389.0,24418.9,24343.9,24365.8,900,148,0
2026-06-10 01:30:00,24363.8,24446.6,24305.1,24339.1,1807,148,0
2026-06-10 01:45:00,24337.1,24420.6,24273.9,24336.8,1356,148,0
2026-06-10 02:00:00,24340.4,24355.7,24270.9,24307.4,1219,148,0
2026-06-10 02:15:00,24305.8,24348.3,24286.9,24291.8,1071,148,0
2026-06-10 02:30:00,24291.4,24321.3,24194.8,24277.3,899,148,0
2026-06-10 02:45:00,24275.2,24344.7,24220.9,24229.8,976,148,0
2026-06-10 03:00:00,24227.9,24348.3,24223.9,24306.5,1096,148,0
2026-06-10 03:15:00,24306.8,24383.3,24300.9,24324.8,938,148,0
2026-06-10 03:30:00,24326.4,24329.4,24232.9,24241.4,747,148,0
2026-06-10 03:45:00,24237.8,24248.4,24205.5,24243.2,548,148,0
2026-06-10 04:00:00,24228.6,24230.6,24195.2,24196.8,199,440,0
2026-06-10 04:15:00,24197.8,24208.8,24186.2,24186.2,222,440,0
2026-06-10 05:00:00,24205.7,24227.3,24166.7,24203.4,1071,148,0
2026-06-10 05:15:00,24202.4,24252.3,24165.8,24252.3,776,148,0
2026-06-10 05:30:00,24255.1,24313.3,24214.8,24269.8,859,148,0
2026-06-10 05:45:00,24270.8,24322.7,24207.8,24307.8,872,148,0
2026-06-10 06:00:00,24308.4,24355.3,24293.8,24318.8,837,148,0
2026-06-10 06:15:00,24316.8,24358.3,24312.8,24340.8,699,148,0
2026-06-10 06:30:00,24338.8,24360.0,24328.8,24340.8,626,148,0
2026-06-10 06:45:00,24342.4,24357.4,24330.8,24355.8,450,148,0
2026-06-10 07:00:00,24359.0,24381.4,24323.9,24377.8,658,148,0
2026-06-10 07:15:00,24379.7,24393.3,24341.5,24364.8,545,148,0
2026-06-10 07:30:00,24366.4,24380.3,24338.8,24344.4,489,148,0
2026-06-10 07:45:00,24345.6,24368.3,24324.8,24363.7,437,148,0
2026-06-10 08:00:00,24364.4,24370.4,24310.9,24323.4,676,148,0
2026-06-10 08:15:00,24325.3,24337.4,24290.9,24297.9,503,148,0
2026-06-10 09:15:00,24212.7,24280.7,24202.2,24278.1,769,148,0
2026-06-10 09:30:00,24277.9,24301.3,24263.6,24272.6,623,148,0
2026-06-10 09:45:00,24274.1,24287.9,24263.7,24285.6,561,148,0
2026-06-10 10:00:00,24286.8,24287.5,24249.9,24252.6,572,148,0
2026-06-10 10:15:00,24252.4,24269.0,24230.7,24264.6,584,148,0
2026-06-10 10:30:00,24263.2,24289.5,24256.9,24281.5,534,148,0
2026-06-10 10:45:00,24280.1,24302.2,24278.6,24289.6,516,148,0
2026-06-10 11:00:00,24292.4,24308.4,24186.4,24246.6,1053,148,0
2026-06-10 11:15:00,24246.7,24264.2,24187.6,24216.4,913,148,0
2026-06-10 11:30:00,24215.9,24236.2,24199.2,24224.2,754,148,0
2026-06-10 11:45:00,24225.3,24260.1,24216.6,24245.6,589,148,0
2026-06-10 12:00:00,24246.9,24269.5,24231.4,24249.6,637,148,0
2026-06-10 12:15:00,24248.1,24279.6,24235.2,24275.0,650,148,0
2026-06-10 12:30:00,24275.8,24369.7,24271.8,24358.6,1264,148,0
2026-06-10 12:45:00,24360.3,24386.4,24335.6,24338.6,787,148,0
2026-06-10 13:00:00,24338.5,24360.1,24328.0,24335.6,732,148,0
2026-06-10 13:15:00,24335.3,24361.5,24327.9,24352.7,618,148,0
2026-06-10 13:30:00,24350.6,24476.5,24329.3,24475.7,1154,148,0
2026-06-10 13:45:00,24478.4,24486.2,24425.8,24456.8,924,148,0
2026-06-10 14:00:00,24457.2,24500.4,24435.4,24472.3,841,148,0
2026-06-10 14:15:00,24475.5,24479.5,24432.6,24444.6,795,148,0
2026-06-10 14:30:00,24444.4,24456.5,24412.4,24426.6,816,148,0
2026-06-10 14:45:00,24426.8,24446.2,24373.7,24408.6,886,148,0
2026-06-10 15:00:00,24409.7,24447.1,24384.5,24395.6,858,148,0
2026-06-10 15:15:00,24394.6,24431.5,24363.6,24401.6,888,148,0
2026-06-10 15:30:00,24402.8,24423.7,24370.0,24403.6,808,148,0
2026-06-10 15:45:00,24402.4,24442.4,24341.7,24428.9,1239,148,0
2026-06-10 16:00:00,24430.3,24441.6,24386.7,24402.1,775,148,0
2026-06-10 16:15:00,24400.8,24415.1,24391.7,24407.7,705,148,0
2026-06-10 16:30:00,24407.4,24435.2,24391.6,24398.6,701,148,0
2026-06-10 16:45:00,24397.4,24397.5,24354.5,24363.7,647,148,0
2026-06-10 17:00:00,24365.2,24392.0,24334.1,24342.8,631,148,0
2026-06-10 17:15:00,24342.6,24351.5,24324.6,24343.4,621,148,0
2026-06-10 17:30:00,24343.6,24345.2,24301.6,24303.6,542,148,0
2026-06-10 17:45:00,24302.1,24374.3,24300.6,24363.7,833,148,0
2026-06-10 18:00:00,24367.2,24396.3,24359.9,24368.6,639,148,0
2026-06-10 18:15:00,24369.6,24381.6,24344.6,24357.6,660,148,0
2026-06-10 18:30:00,24357.9,24362.5,24329.4,24341.6,634,148,0
2026-06-10 18:45:00,24341.2,24348.6,24310.6,24326.9,562,148,0
2026-06-10 19:00:00,24312.1,24322.8,24300.2,24302.2,279,440,0
2026-06-10 19:15:00,24303.8,24303.9,24274.3,24282.2,240,440,0
2026-06-10 19:30:00,24281.2,24306.2,24278.2,24298.2,306,440,0
2026-06-10 19:45:00,24298.8,24304.1,24268.3,24268.3,325,440,0
2026-06-10 20:00:00,24268.9,24270.8,24232.3,24240.2,361,440,0
2026-06-10 20:15:00,24239.3,24251.8,24234.2,24241.2,190,440,0
2026-06-10 20:30:00,24239.2,24242.8,24229.3,24229.3,139,440,0
2026-06-10 20:45:00,24228.3,24235.7,24217.7,24235.7,191,440,0
2026-06-10 22:00:00,24217.0,24218.9,24154.2,24177.2,357,440,0
2026-06-10 22:15:00,24177.9,24182.9,24169.2,24181.9,237,440,0
2026-06-10 22:30:00,24182.8,24201.8,24175.2,24183.9,231,440,0
2026-06-10 22:45:00,24185.8,24197.1,24142.2,24142.2,334,440,0
2026-06-10 23:00:00,24141.9,24171.8,24133.3,24134.8,338,440,0
2026-06-10 23:15:00,24134.2,24192.8,24128.2,24190.1,442,440,0
2026-06-10 23:30:00,24191.7,24207.7,24171.2,24195.2,304,440,0
2026-06-10 23:45:00,24194.2,24198.8,24149.3,24158.2,361,440,0
2026-06-11 00:00:00,24157.4,24177.4,24136.9,24168.9,566,440,0
2026-06-11 00:15:00,24170.5,24240.4,24170.5,24199.5,574,440,0
2026-06-11 00:30:00,24201.4,24210.4,24173.2,24188.5,504,440,0
2026-06-11 01:15:00,24339.2,24408.6,24284.8,24375.7,921,148,0
2026-06-11 01:30:00,24373.7,24449.3,24318.9,24414.3,1487,148,0
2026-06-11 01:45:00,24415.9,24424.3,24286.8,24288.9,1075,148,0
2026-06-11 02:00:00,24287.8,24307.4,24087.5,24095.4,1133,148,0
2026-06-11 02:15:00,24097.4,24106.3,24015.9,24021.4,1187,148,0
2026-06-11 02:30:00,24019.8,24037.3,23963.8,23978.7,1086,148,0
2026-06-11 02:45:00,23976.8,24037.3,23968.8,24037.3,933,148,0
2026-06-11 03:00:00,24037.7,24063.4,23973.8,23990.4,849,148,0
2026-06-11 03:15:00,23989.4,24021.3,23947.6,23999.8,885,148,0
2026-06-11 03:30:00,24001.3,24148.3,23999.8,24129.4,831,148,0
2026-06-11 03:45:00,24131.4,24133.3,24065.8,24095.0,603,148,0
2026-06-11 04:00:00,24081.7,24082.8,24067.2,24077.2,241,440,0
2026-06-11 04:15:00,24077.8,24094.7,24065.2,24091.1,242,440,0
2026-06-11 05:00:00,24134.2,24189.0,24060.9,24126.8,1114,148,0
2026-06-11 05:15:00,24126.5,24170.3,24084.8,24094.4,840,148,0
2026-06-11 05:30:00,24092.8,24174.3,24069.8,24123.3,911,148,0
2026-06-11 05:45:00,24125.3,24141.3,24089.1,24101.6,748,148,0
2026-06-11 06:00:00,24103.6,24114.8,24066.1,24088.0,726,148,0
2026-06-11 06:15:00,24087.1,24105.6,24055.1,24069.6,631,148,0
2026-06-11 06:30:00,24068.7,24093.6,24048.1,24093.0,617,148,0
2026-06-11 06:45:00,24094.6,24146.6,24086.0,24143.1,548,148,0
2026-06-11 07:00:00,24141.1,24170.6,24110.3,24164.6,680,148,0
2026-06-11 07:15:00,24165.6,24211.6,24154.1,24198.1,634,148,0
2026-06-11 07:30:00,24200.0,24200.6,24168.7,24191.6,465,148,0
2026-06-11 07:45:00,24190.1,24190.1,24154.1,24164.7,442,148,0
2026-06-11 08:00:00,24164.0,24204.6,24164.0,24195.7,481,148,0
2026-06-11 08:15:00,24196.6,24197.6,24151.1,24158.9,321,148,0
2026-06-11 09:15:00,24165.1,24182.0,24143.0,24161.6,520,148,0
2026-06-11 09:30:00,24161.4,24184.8,24149.7,24182.6,428,148,0
2026-06-11 09:45:00,24181.1,24200.7,24179.2,24184.1,365,148,0
2026-06-11 10:00:00,24184.6,24200.1,24173.8,24181.6,378,148,0
2026-06-11 10:15:00,24180.6,24191.6,24170.0,24171.6,345,148,0
2026-06-11 10:30:00,24172.4,24192.4,24172.4,24183.5,331,148,0
2026-06-11 10:45:00,24184.6,24194.1,24179.7,24182.6,251,148,0
2026-06-11 11:00:00,24184.4,24186.5,24156.9,24181.6,415,148,0
2026-06-11 11:15:00,24180.6,24189.4,24161.6,24179.0,386,148,0
2026-06-11 11:30:00,24180.6,24220.8,24177.0,24208.2,561,148,0
2026-06-11 11:45:00,24207.6,24222.6,24206.1,24207.6,298,148,0
2026-06-11 12:00:00,24208.5,24216.6,24195.0,24198.6,329,148,0
2026-06-11 12:15:00,24197.7,24197.7,24014.3,24090.2,1088,148,0
2026-06-11 12:30:00,24091.7,24134.5,24044.6,24112.7,905,148,0
2026-06-11 12:45:00,24112.3,24163.2,24102.0,24146.0,812,148,0
2026-06-11 13:00:00,24147.5,24147.5,24109.5,24127.6,615,148,0
2026-06-11 13:15:00,24125.9,24144.6,24120.6,24140.3,460,148,0
2026-06-11 13:30:00,24139.6,24180.4,24131.9,24149.6,1025,148,0
2026-06-11 13:45:00,24150.6,24240.7,24143.5,24199.6,954,148,0
2026-06-11 14:00:00,24201.3,24226.8,24141.7,24147.6,800,148,0
2026-06-11 14:15:00,24146.9,24180.2,24119.6,24162.8,848,148,0
2026-06-11 14:30:00,24164.3,24206.5,24147.6,24168.7,778,148,0
2026-06-11 14:45:00,24170.1,24175.2,24107.1,24126.6,774,148,0
2026-06-11 15:00:00,24125.1,24173.1,24104.9,24153.3,860,148,0
2026-06-11 15:15:00,24152.6,24183.1,24131.0,24149.0,731,148,0
2026-06-11 15:30:00,24149.3,24183.9,24142.6,24163.6,725,148,0
2026-06-11 15:45:00,24165.1,24171.6,24135.8,24157.2,656,148,0
2026-06-11 16:00:00,24156.6,24190.2,24153.6,24190.2,624,148,0
2026-06-11 16:15:00,24191.5,24195.3,24156.8,24157.6,587,148,0
2026-06-11 16:30:00,24155.9,24193.4,24146.0,24171.6,610,148,0
2026-06-11 16:45:00,24173.2,24175.2,24130.0,24130.5,566,148,0
2026-06-11 17:00:00,24130.6,24155.5,24109.7,24124.6,661,148,0
2026-06-11 17:15:00,24123.0,24306.6,24096.0,24304.8,749,148,0
2026-06-11 17:30:00,24302.3,24453.2,24302.3,24445.2,1293,156,0
2026-06-11 17:45:00,24444.9,24449.9,24382.7,24408.2,901,148,0
2026-06-11 18:00:00,24409.8,24422.6,24327.3,24357.6,831,148,0
2026-06-11 18:15:00,24358.0,24390.6,24342.4,24362.8,788,148,0
2026-06-11 18:30:00,24364.3,24385.2,24350.9,24383.6,614,148,0
2026-06-11 18:45:00,24383.9,24414.2,24377.6,24378.8,548,148,0
2026-06-11 19:00:00,24364.0,24394.1,24364.0,24387.7,334,440,0
2026-06-11 19:15:00,24389.7,24400.7,24385.2,24392.8,271,440,0
2026-06-11 19:30:00,24393.8,24457.7,24393.8,24450.1,399,440,0
2026-06-11 19:45:00,24448.2,24452.8,24424.3,24442.3,324,440,0
2026-06-11 20:00:00,24440.3,24462.7,24434.3,24462.7,283,440,0
2026-06-11 20:15:00,24462.1,24469.7,24450.8,24454.2,179,440,0
2026-06-11 20:30:00,24454.8,24456.8,24439.2,24440.8,140,440,0
2026-06-11 20:45:00,24439.2,24449.8,24438.2,24448.2,107,440,0
2026-06-11 22:00:00,24448.8,24495.9,24448.8,24495.9,265,440,0
2026-06-11 22:15:00,24496.8,24508.9,24492.3,24501.2,232,440,0
2026-06-11 22:30:00,24502.8,24508.7,24495.2,24500.2,165,440,0
2026-06-11 22:45:00,24500.8,24509.8,24500.2,24505.8,179,440,0
2026-06-11 23:00:00,24506.8,24507.8,24490.2,24495.9,170,440,0
2026-06-11 23:15:00,24495.2,24501.8,24478.3,24487.8,190,440,0
2026-06-11 23:30:00,24488.8,24503.7,24488.8,24502.1,181,440,0
2026-06-11 23:45:00,24502.8,24521.8,24502.8,24511.2,321,440,0
2026-06-12 00:00:00,24510.2,24514.2,24481.3,24497.2,399,440,0
2026-06-12 00:15:00,24496.2,24518.1,24480.3,24516.1,342,440,0
2026-06-12 00:30:00,24515.2,24524.8,24472.3,24472.3,291,440,0
2026-06-12 01:15:00,24452.6,24514.4,24404.8,24412.9,953,148,0
2026-06-12 01:30:00,24416.4,24550.3,24364.5,24518.9,1800,148,0
2026-06-12 01:45:00,24522.4,24619.3,24522.4,24588.8,1015,148,0
2026-06-12 02:00:00,24590.4,24625.4,24568.8,24599.4,936,148,0
2026-06-12 02:15:00,24600.4,24608.3,24522.5,24542.4,860,148,0
2026-06-12 02:30:00,24543.2,24603.6,24530.8,24569.6,911,148,0
2026-06-12 02:45:00,24571.6,24676.1,24556.1,24674.5,818,148,0
2026-06-12 03:00:00,24676.1,24685.0,24635.1,24660.6,837,148,0
2026-06-12 03:15:00,24661.1,24711.1,24623.6,24685.6,699,148,0
2026-06-12 03:30:00,24686.2,24717.3,24660.6,24711.1,534,148,0
2026-06-12 03:45:00,24710.5,24734.9,24680.5,24710.8,496,148,0
2026-06-12 04:00:00,24696.8,24696.8,24667.3,24677.3,213,440,0
2026-06-12 04:15:00,24676.4,24687.9,24668.3,24687.3,171,440,0
2026-06-12 05:00:00,24711.4,24739.5,24656.8,24687.7,888,148,0
2026-06-12 05:15:00,24685.8,24716.3,24670.9,24694.8,753,148,0
2026-06-12 05:30:00,24692.8,24694.3,24612.9,24675.4,869,148,0
2026-06-12 05:45:00,24673.8,24680.3,24599.8,24604.8,731,148,0
2026-06-12 06:00:00,24603.8,24632.4,24588.9,24624.8,731,148,0
2026-06-12 06:15:00,24626.4,24632.3,24602.8,24612.8,579,148,0
2026-06-12 06:30:00,24610.8,24616.4,24564.8,24567.4,500,148,0
2026-06-12 06:45:00,24565.9,24589.4,24557.8,24589.4,458,148,0
2026-06-12 07:00:00,24587.8,24609.3,24555.8,24561.4,605,148,0
2026-06-12 07:15:00,24562.4,24606.7,24551.9,24594.4,524,148,0
2026-06-12 07:30:00,24592.8,24601.3,24562.8,24592.8,551,148,0
2026-06-12 07:45:00,24594.4,24660.3,24591.8,24635.4,555,148,0
2026-06-12 08:00:00,24635.7,24687.3,24629.8,24674.8,567,148,0
2026-06-12 08:15:00,24675.4,24734.3,24671.8,24698.5,586,148,0
2026-06-12 09:15:00,24707.7,24740.4,24694.3,24727.1,643,148,0
2026-06-12 09:30:00,24726.8,24770.2,24726.6,24742.6,561,148,0
2026-06-12 09:45:00,24741.6,24756.5,24713.7,24713.7,477,148,0
2026-06-12 10:00:00,24712.9,24726.5,24682.9,24691.2,494,148,0
2026-06-12 10:15:00,24691.7,24696.3,24640.7,24650.4,610,148,0
2026-06-12 10:30:00,24650.6,24681.9,24647.7,24672.6,449,148,0
2026-06-12 10:45:00,24673.0,24682.1,24663.6,24672.6,344,148,0
2026-06-12 11:00:00,24672.8,24681.3,24656.6,24672.6,394,148,0
2026-06-12 11:15:00,24674.2,24706.9,24672.6,24695.6,428,148,0
2026-06-12 11:30:00,24695.4,24702.6,24676.6,24698.6,422,148,0
2026-06-12 11:45:00,24698.8,24705.6,24685.6,24693.3,398,148,0
2026-06-12 12:00:00,24692.0,24698.3,24661.4,24668.6,485,148,0
2026-06-12 12:15:00,24667.2,24678.4,24651.5,24651.5,440,148,0
2026-06-12 12:30:00,24651.1,24665.8,24637.8,24643.6,499,148,0
2026-06-12 12:45:00,24642.6,24655.3,24621.7,24637.6,521,148,0
2026-06-12 13:00:00,24638.3,24680.6,24628.9,24674.6,510,148,0
2026-06-12 13:15:00,24675.4,24715.6,24672.5,24715.6,462,148,0
2026-06-12 13:30:00,24717.3,24722.2,24625.2,24629.6,1133,148,0
2026-06-12 13:45:00,24631.1,24653.0,24618.0,24645.3,837,148,0
2026-06-12 14:00:00,24651.7,24715.5,24651.7,24677.6,796,148,0
2026-06-12 14:15:00,24677.1,24705.3,24632.8,24632.8,744,148,0
2026-06-12 14:30:00,24633.7,24670.2,24629.6,24631.8,722,148,0
2026-06-12 14:45:00,24632.6,24715.2,24592.8,24710.6,908,148,0
2026-06-12 15:00:00,24712.2,24721.1,24693.4,24708.6,722,148,0
2026-06-12 15:15:00,24707.8,24722.9,24691.6,24707.6,616,148,0
2026-06-12 15:30:00,24706.0,24721.5,24667.4,24669.6,704,148,0
2026-06-12 15:45:00,24670.6,24683.5,24615.7,24619.6,679,148,0
2026-06-12 16:00:00,24619.3,24674.3,24594.7,24643.7,755,148,0
2026-06-12 16:15:00,24645.2,24678.8,24634.0,24650.3,703,148,0
2026-06-12 16:30:00,24651.0,24686.6,24644.7,24669.6,547,148,0
2026-06-12 16:45:00,24671.2,24683.6,24657.6,24674.0,467,148,0
2026-06-12 17:00:00,24674.6,24707.7,24664.6,24675.7,532,148,0
2026-06-12 17:15:00,24676.6,24689.2,24669.3,24684.6,421,148,0
2026-06-12 17:30:00,24685.6,24687.1,24666.6,24680.2,458,148,0
2026-06-12 17:45:00,24679.7,24694.6,24670.6,24673.6,355,148,0
2026-06-12 18:00:00,24674.2,24705.6,24673.6,24688.6,450,148,0
2026-06-12 18:15:00,24687.7,24704.8,24677.7,24703.6,440,148,0
2026-06-12 18:30:00,24704.5,24718.5,24702.6,24716.6,319,148,0
2026-06-12 18:45:00,24714.9,24722.6,24704.7,24707.3,313,148,0
2026-06-12 19:00:00,24694.1,24711.8,24693.2,24705.2,154,440,0
2026-06-12 19:15:00,24704.2,24711.8,24701.2,24701.2,169,440,0
2026-06-12 19:30:00,24701.8,24703.8,24681.3,24686.8,229,440,0
2026-06-12 19:45:00,24685.2,24691.6,24674.3,24690.2,213,440,0
2026-06-14 22:00:00,24844.0,24880.7,24837.3,24864.7,345,440,0
2026-06-14 22:15:00,24864.1,24881.1,24848.2,24851.8,340,440,0
2026-06-14 22:30:00,24851.2,24858.1,24842.3,24850.2,299,440,0
2026-06-14 22:45:00,24849.2,24864.7,24846.9,24853.2,218,440,0
2026-06-14 23:00:00,24853.8,24863.7,24849.2,24850.9,259,440,0
2026-06-14 23:15:00,24850.2,24852.8,24832.3,24847.2,217,440,0
2026-06-14 23:30:00,24848.8,24861.7,24847.2,24856.1,199,440,0
2026-06-14 23:45:00,24854.2,24865.8,24844.2,24865.2,321,440,0
2026-06-15 00:00:00,24869.8,24926.1,24867.2,24918.8,403,440,0
2026-06-15 00:15:00,24918.1,24948.8,24910.1,24942.1,350,440,0
2026-06-15 00:30:00,24942.8,24944.8,24880.4,24907.2,245,440,0
2026-06-15 01:15:00,24971.4,25012.2,24895.9,24926.4,1078,148,0
2026-06-15 01:30:00,24922.9,25028.3,24839.0,25008.8,1809,148,0
2026-06-15 01:45:00,25012.3,25021.3,24946.9,24949.8,1053,148,0
2026-06-15 02:00:00,24947.9,24958.3,24869.9,24892.8,941,148,0
2026-06-15 02:15:00,24890.8,24901.3,24827.9,24862.7,843,148,0
2026-06-15 02:30:00,24866.3,24889.3,24795.9,24823.8,829,148,0
2026-06-15 02:45:00,24824.4,24842.4,24783.4,24794.8,722,148,0
2026-06-15 03:00:00,24792.8,24847.6,24778.8,24847.0,653,148,0
2026-06-15 03:15:00,24845.1,24891.3,24818.8,24846.3,709,148,0
2026-06-15 03:30:00,24847.3,24855.4,24789.9,24816.8,524,148,0
2026-06-15 03:45:00,24815.8,24831.4,24802.8,24811.3,363,148,0
2026-06-15 04:00:00,24796.8,24811.8,24788.2,24807.8,183,440,0
2026-06-15 04:15:00,24806.2,24811.8,24802.3,24810.2,138,440,0
2026-06-15 05:00:00,24819.3,24858.2,24782.9,24800.4,771,148,0
2026-06-15 05:15:00,24799.8,24855.3,24785.5,24847.7,664,148,0
2026-06-15 05:30:00,24845.8,24865.4,24833.9,24858.7,630,148,0
2026-06-15 05:45:00,24859.4,24860.3,24803.8,24827.3,543,148,0
2026-06-15 06:00:00,24827.7,24854.4,24800.9,24806.9,533,148,0
2026-06-15 06:15:00,24807.4,24831.3,24799.8,24819.4,462,148,0
2026-06-15 06:30:00,24816.2,24822.4,24793.8,24799.4,385,148,0
2026-06-15 06:45:00,24795.8,24828.3,24792.8,24826.4,317,148,0
2026-06-15 07:00:00,24827.5,24858.3,24814.8,24847.8,486,148,0
2026-06-15 07:15:00,24848.4,24889.0,24842.8,24869.7,491,148,0
2026-06-15 07:30:00,24871.3,24873.3,24822.9,24832.8,490,148,0
2026-06-15 07:45:00,24834.4,24842.3,24812.8,24813.4,391,148,0
2026-06-15 08:00:00,24814.4,24833.3,24805.5,24829.4,368,148,0
2026-06-15 08:15:00,24827.8,24839.3,24811.8,24824.2,332,148,0
2026-06-15 09:15:00,24825.7,24825.7,24793.2,24813.4,489,148,0
2026-06-15 09:30:00,24813.6,24819.9,24798.6,24800.8,336,148,0
2026-06-15 09:45:00,24800.6,24820.3,24797.1,24816.6,269,148,0
2026-06-15 10:00:00,24816.2,24837.2,24812.6,24830.6,282,148,0
2026-06-15 10:15:00,24831.9,24844.5,24820.6,24840.6,258,148,0
2026-06-15 10:30:00,24840.9,24844.5,24823.3,24827.6,242,148,0
2026-06-15 10:45:00,24829.2,24837.1,24822.6,24832.9,255,148,0
2026-06-15 11:00:00,24834.3,24852.5,24827.6,24848.6,300,148,0
2026-06-15 11:15:00,24849.6,24858.5,24845.6,24854.5,282,148,0
2026-06-15 11:30:00,24856.0,24863.6,24840.6,24842.6,285,148,0
2026-06-15 11:45:00,24843.5,24864.1,24840.6,24855.7,349,148,0
2026-06-15 12:00:00,24855.9,24889.6,24855.3,24873.8,383,148,0
2026-06-15 12:15:00,24873.6,24874.5,24839.9,24865.7,400,148,0
2026-06-15 12:30:00,24866.5,24905.5,24862.1,24904.1,358,148,0
2026-06-15 12:45:00,24902.7,24907.4,24894.6,24902.6,287,148,0
2026-06-15 13:00:00,24901.1,24905.6,24885.6,24899.6,286,148,0
2026-06-15 13:15:00,24899.9,24915.7,24891.1,24896.2,243,148,0
2026-06-15 13:30:00,24895.7,24921.5,24868.7,24896.5,789,148,0
2026-06-15 13:45:00,24894.6,24915.0,24877.6,24901.6,604,148,0
2026-06-15 14:00:00,24900.0,24904.8,24865.0,24871.6,590,148,0
2026-06-15 14:15:00,24871.8,24895.1,24859.3,24890.5,504,148,0
2026-06-15 14:30:00,24893.4,24897.5,24845.4,24845.6,493,148,0
2026-06-15 14:45:00,24846.6,24886.5,24846.6,24867.6,456,148,0
2026-06-15 15:00:00,24866.8,24871.6,24832.6,24833.1,388,148,0
2026-06-15 15:15:00,24832.8,24875.6,24832.8,24874.6,424,148,0
2026-06-15 15:30:00,24873.6,24903.7,24856.3,24894.6,492,148,0
2026-06-15 15:45:00,24895.6,24898.6,24880.0,24883.5,312,148,0
2026-06-15 16:00:00,24884.9,24886.6,24866.6,24870.6,291,148,0
2026-06-15 16:15:00,24869.7,24877.6,24859.4,24866.6,282,148,0
2026-06-15 16:30:00,24867.6,24872.6,24855.4,24859.6,262,148,0
2026-06-15 16:45:00,24859.2,24867.6,24847.7,24861.6,249,148,0
2026-06-15 17:00:00,24861.3,24861.3,24842.2,24859.6,289,148,0
2026-06-15 17:15:00,24858.6,24864.5,24849.6,24855.5,272,148,0
2026-06-15 17:30:00,24855.6,24855.6,24825.6,24828.7,245,148,0
2026-06-15 17:45:00,24828.5,24833.6,24818.7,24821.6,233,148,0
2026-06-15 18:00:00,24821.7,24824.6,24804.9,24813.6,270,148,0
2026-06-15 18:15:00,24814.6,24817.3,24800.6,24801.7,232,148,0
2026-06-15 18:30:00,24801.3,24804.6,24791.6,24799.0,268,148,0
2026-06-15 18:45:00,24800.5,24811.5,24795.6,24796.0,212,148,0
2026-06-15 19:00:00,24781.8,24786.8,24778.2,24786.2,88,440,0
2026-06-15 19:15:00,24787.8,24795.8,24778.2,24778.2,101,440,0
2026-06-15 19:30:00,24778.9,24789.8,24777.2,24787.8,126,440,0
2026-06-15 19:45:00,24787.2,24798.8,24781.2,24798.8,159,440,0
2026-06-15 20:00:00,24798.1,24801.8,24795.2,24795.8,124,440,0
2026-06-15 20:15:00,24795.2,24795.8,24790.2,24790.2,49,440,0
2026-06-15 20:30:00,24790.8,24795.8,24789.2,24793.8,53,440,0
2026-06-15 20:45:00,24793.2,24799.8,24793.2,24796.8,60,440,0
2026-06-15 22:00:00,24802.8,24806.8,24777.2,24782.8,177,440,0
2026-06-15 22:15:00,24781.2,24783.8,24761.9,24772.2,173,440,0
2026-06-15 22:30:00,24771.2,24775.8,24769.2,24770.9,100,440,0
2026-06-15 22:45:00,24771.8,24779.8,24769.2,24774.2,109,440,0
2026-06-15 23:00:00,24773.2,24776.8,24771.2,24771.2,98,440,0
2026-06-15 23:15:00,24771.8,24786.7,24770.2,24785.2,107,440,0
2026-06-15 23:30:00,24784.2,24785.7,24773.2,24778.2,92,440,0
2026-06-15 23:45:00,24778.8,24796.7,24777.2,24789.8,187,440,0
2026-06-16 00:00:00,24789.1,24794.7,24771.2,24792.1,312,440,0
2026-06-16 00:15:00,24791.2,24799.7,24785.1,24799.7,261,440,0
2026-06-16 00:30:00,24798.2,24813.8,24792.3,24795.2,268,440,0
2026-06-16 01:15:00,24791.1,24818.7,24712.3,24798.8,799,148,0
2026-06-16 01:30:00,24796.8,24824.9,24565.8,24566.8,1550,148,0
2026-06-16 01:45:00,24564.9,24671.5,24564.9,24578.4,1017,148,0
2026-06-16 02:00:00,24577.8,24596.3,24519.5,24522.8,911,148,0
2026-06-16 02:15:00,24520.8,24539.3,24475.9,24487.4,750,148,0
2026-06-16 02:30:00,24485.8,24536.0,24480.6,24521.5,637,148,0
2026-06-16 02:45:00,24519.6,24529.3,24489.8,24495.8,603,148,0
2026-06-16 03:00:00,24497.3,24518.3,24463.4,24475.8,584,148,0
2026-06-16 03:15:00,24477.4,24510.7,24471.8,24486.4,588,148,0
2026-06-16 03:30:00,24484.8,24543.3,24475.4,24511.4,461,148,0
2026-06-16 03:45:00,24512.4,24533.4,24506.8,24513.2,342,148,0
2026-06-16 04:00:00,24513.0,24513.0,24498.1,24502.1,129,148,0
2026-06-16 04:15:00,24502.8,24506.8,24497.2,24502.8,122,440,0
2026-06-16 05:00:00,24512.9,24542.3,24467.9,24493.8,601,148,0
2026-06-16 05:15:00,24492.8,24497.4,24426.8,24435.8,532,148,0
2026-06-16 05:30:00,24433.8,24445.3,24402.8,24419.7,580,148,0
2026-06-16 05:45:00,24418.7,24428.3,24395.0,24408.4,438,148,0
2026-06-16 06:00:00,24410.3,24427.3,24388.8,24416.1,442,148,0
2026-06-16 06:15:00,24417.6,24435.0,24392.1,24395.0,417,148,0
2026-06-16 06:30:00,24396.6,24401.7,24367.1,24372.1,451,148,0
2026-06-16 06:45:00,24372.7,24394.6,24365.1,24390.7,347,148,0
2026-06-16 07:00:00,24387.1,24406.7,24373.1,24395.6,421,148,0
2026-06-16 07:15:00,24394.1,24422.7,24394.1,24417.7,360,148,0
2026-06-16 07:30:00,24419.6,24419.6,24397.1,24415.7,388,148,0
2026-06-16 07:45:00,24417.6,24425.7,24398.1,24424.0,383,148,0
2026-06-16 08:00:00,24425.0,24456.6,24419.0,24453.6,305,148,0
2026-06-16 08:15:00,24453.8,24482.6,24450.1,24472.3,271,148,0
2026-06-16 09:15:00,24485.6,24496.9,24468.4,24477.1,380,148,0
2026-06-16 09:30:00,24477.6,24491.6,24465.6,24468.6,290,148,0
2026-06-16 09:45:00,24469.6,24474.6,24465.4,24473.6,208,148,0
2026-06-16 10:00:00,24474.0,24485.6,24466.3,24475.6,257,148,0
2026-06-16 10:15:00,24475.4,24483.8,24459.6,24463.6,222,148,0
2026-06-16 10:30:00,24463.7,24487.8,24463.6,24485.5,198,148,0
2026-06-16 10:45:00,24487.0,24496.9,24474.6,24496.9,179,148,0
2026-06-16 11:00:00,24496.7,24499.3,24465.9,24476.2,246,148,0
2026-06-16 11:15:00,24475.1,24478.6,24458.4,24464.7,277,148,0
2026-06-16 11:30:00,24463.6,24467.6,24455.6,24461.8,190,148,0
2026-06-16 11:45:00,24462.4,24463.7,24447.6,24456.6,185,148,0
2026-06-16 12:00:00,24455.2,24473.4,24454.5,24469.6,256,148,0
2026-06-16 12:15:00,24468.8,24470.6,24436.7,24448.6,332,148,0
2026-06-16 12:30:00,24448.4,24466.8,24446.6,24463.7,286,148,0
2026-06-16 12:45:00,24464.3,24482.3,24463.4,24468.3,250,148,0
2026-06-16 13:00:00,24469.8,24474.3,24450.5,24457.3,319,148,0
2026-06-16 13:15:00,24458.3,24467.3,24447.8,24455.0,319,148,0
2026-06-16 13:30:00,24453.7,24522.9,24446.3,24514.4,763,148,0
2026-06-16 13:45:00,24515.9,24519.3,24496.2,24497.4,476,148,0
2026-06-16 14:00:00,24498.2,24519.3,24489.0,24492.0,493,148,0
2026-06-16 14:15:00,24491.6,24492.4,24436.4,24438.3,599,148,0
2026-06-16 14:30:00,24436.8,24456.2,24409.7,24445.4,536,148,0
2026-06-16 14:45:00,24443.9,24463.3,24440.3,24452.3,448,148,0
2026-06-16 15:00:00,24453.9,24497.3,24453.4,24485.3,435,148,0
2026-06-16 15:15:00,24485.2,24492.8,24456.4,24474.3,505,148,0
2026-06-16 15:30:00,24472.9,24500.3,24471.8,24496.3,484,148,0
2026-06-16 15:45:00,24495.5,24521.1,24472.3,24503.4,534,148,0
2026-06-16 16:00:00,24503.6,24518.3,24500.3,24514.2,416,148,0
2026-06-16 16:15:00,24514.3,24520.0,24505.2,24509.4,267,148,0
2026-06-16 16:30:00,24510.8,24511.3,24487.2,24497.3,353,148,0
2026-06-16 16:45:00,24498.3,24505.9,24481.4,24489.3,319,148,0
2026-06-16 17:00:00,24488.4,24492.5,24473.8,24476.4,335,148,0
2026-06-16 17:15:00,24475.7,24484.3,24464.4,24474.3,351,148,0
2026-06-16 17:30:00,24472.7,24479.3,24465.3,24476.3,304,148,0
2026-06-16 17:45:00,24477.0,24499.3,24470.4,24490.5,288,148,0
2026-06-16 18:00:00,24490.4,24504.3,24490.3,24500.6,250,148,0
2026-06-16 18:15:00,24501.1,24505.3,24494.8,24504.3,253,148,0
2026-06-16 18:30:00,24504.5,24506.3,24497.4,24498.3,246,148,0
2026-06-16 18:45:00,24497.3,24503.3,24490.8,24502.6,230,148,0
2026-06-16 19:00:00,24487.6,24489.7,24462.3,24463.2,115,440,0
2026-06-16 19:15:00,24463.9,24477.8,24453.3,24475.2,168,440,0
2026-06-16 19:30:00,24476.8,24480.1,24460.2,24472.8,181,440,0
2026-06-16 19:45:00,24471.2,24478.7,24456.2,24466.8,199,440,0
2026-06-16 20:00:00,24464.2,24464.8,24455.2,24457.3,142,440,0
2026-06-16 20:15:00,24457.9,24457.9,24448.2,24455.2,103,440,0
2026-06-16 20:30:00,24455.9,24459.8,24453.2,24459.2,67,440,0
2026-06-16 20:45:00,24459.8,24460.8,24450.3,24455.8,60,440,0
2026-06-16 22:00:00,24478.0,24490.7,24459.3,24471.9,113,440,0
2026-06-16 22:15:00,24472.8,24478.8,24467.3,24475.3,103,440,0
2026-06-16 22:30:00,24475.9,24482.8,24470.3,24476.8,87,440,0
2026-06-16 22:45:00,24476.2,24483.8,24473.2,24481.2,76,440,0
2026-06-16 23:00:00,24480.2,24480.2,24463.3,24471.2,98,440,0
2026-06-16 23:15:00,24471.8,24472.8,24467.2,24471.2,81,440,0
2026-06-16 23:30:00,24471.8,24476.8,24465.9,24469.2,101,440,0
2026-06-16 23:45:00,24468.2,24477.8,24459.2,24459.9,226,440,0
2026-06-17 00:00:00,24464.9,24492.7,24464.9,24485.8,315,440,0
2026-06-17 00:15:00,24486.8,24501.7,24476.2,24486.2,253,440,0
2026-06-17 00:30:00,24486.8,24496.8,24483.2,24487.2,213,440,0
2026-06-17 01:15:00,24507.1,24520.0,24462.9,24463.8,618,148,0
2026-06-17 01:30:00,24461.9,24536.3,24418.9,24498.8,1215,148,0
2026-06-17 01:45:00,24500.4,24514.3,24431.9,24497.4,856,148,0
2026-06-17 02:00:00,24499.3,24522.4,24422.8,24436.4,872,148,0
2026-06-17 02:15:00,24434.8,24442.3,24387.8,24398.4,671,148,0
2026-06-17 02:30:00,24398.7,24404.4,24349.8,24361.4,656,148,0
2026-06-17 02:45:00,24359.8,24366.3,24270.8,24272.8,634,148,0
2026-06-17 03:00:00,24274.4,24300.3,24246.9,24298.3,691,148,0
2026-06-17 03:15:00,24296.8,24364.3,24286.5,24352.3,723,148,0
2026-06-17 03:30:00,24348.8,24432.3,24346.8,24424.3,619,148,0
2026-06-17 03:45:00,24423.8,24428.3,24379.8,24383.0,406,148,0
2026-06-17 04:00:00,24368.7,24368.8,24356.1,24357.1,91,440,0
2026-06-17 04:15:00,24357.8,24358.7,24349.2,24351.2,101,440,0
2026-06-17 05:00:00,24372.4,24418.3,24337.9,24384.8,736,148,0
2026-06-17 05:15:00,24382.8,24386.3,24322.8,24322.8,560,148,0
2026-06-17 05:30:00,24326.4,24332.3,24289.8,24304.8,534,148,0
2026-06-17 05:45:00,24302.8,24323.3,24270.8,24291.8,501,148,0
2026-06-17 06:00:00,24294.2,24312.3,24260.8,24270.7,503,148,0
2026-06-17 06:15:00,24268.8,24278.4,24238.8,24246.8,391,148,0
2026-06-17 06:30:00,24246.4,24281.3,24243.8,24280.3,507,148,0
2026-06-17 06:45:00,24278.8,24305.3,24267.8,24296.8,435,148,0
2026-06-17 07:00:00,24298.3,24320.3,24277.8,24314.8,444,148,0
2026-06-17 07:15:00,24316.3,24320.3,24292.8,24317.4,339,148,0
2026-06-17 07:30:00,24319.3,24319.3,24293.8,24294.8,319,148,0
2026-06-17 07:45:00,24293.8,24294.4,24264.8,24269.4,345,148,0
2026-06-17 08:00:00,24267.8,24282.3,24257.8,24272.4,345,148,0
2026-06-17 08:15:00,24271.7,24277.4,24255.0,24257.4,257,148,0
2026-06-17 09:15:00,24268.5,24298.4,24267.5,24296.4,290,148,0
2026-06-17 09:30:00,24296.3,24301.3,24280.6,24283.9,247,148,0
2026-06-17 09:45:00,24284.4,24287.6,24260.6,24271.7,249,148,0
2026-06-17 10:00:00,24273.0,24276.0,24258.6,24269.6,269,148,0
2026-06-17 10:15:00,24269.0,24271.6,24251.6,24258.8,258,148,0
2026-06-17 10:30:00,24258.6,24261.6,24246.8,24259.3,278,148,0
2026-06-17 10:45:00,24260.4,24282.5,24258.0,24268.3,263,148,0
2026-06-17 11:00:00,24268.6,24280.4,24258.4,24261.3,294,71,0
2026-06-17 11:15:00,24261.1,24273.0,24257.7,24264.4,263,71,0
2026-06-17 11:30:00,24263.9,24263.9,24228.8,24229.8,366,71,0
2026-06-17 11:45:00,24229.7,24239.4,24215.8,24239.4,436,71,0
2026-06-17 12:00:00,24239.9,24268.8,24239.9,24268.8,326,71,0
2026-06-17 12:15:00,24270.8,24278.2,24262.4,24266.9,298,71,0
2026-06-17 12:30:00,24267.0,24280.4,24262.8,24273.4,377,71,0
2026-06-17 12:45:00,24273.6,24281.2,24269.9,24274.5,342,71,0
2026-06-17 13:00:00,24274.6,24280.4,24253.5,24258.4,319,71,0
2026-06-17 13:15:00,24259.1,24288.3,24258.4,24283.4,292,71,0
2026-06-17 13:30:00,24284.0,24379.7,24280.7,24372.4,1434,71,0
2026-06-17 13:45:00,24371.7,24382.4,24339.5,24350.0,806,71,0
2026-06-17 14:00:00,24348.9,24421.1,24341.9,24417.6,940,71,0
2026-06-17 14:15:00,24418.3,24427.3,24384.7,24399.0,792,71,0
2026-06-17 14:30:00,24399.2,24403.4,24351.6,24363.6,524,71,0
2026-06-17 14:45:00,24363.4,24368.6,24300.5,24324.6,764,148,0
2026-06-17 15:00:00,24325.0,24335.2,24311.6,24331.6,500,148,0
2026-06-17 15:15:00,24330.6,24355.5,24324.6,24355.5,469,148,0
2026-06-17 15:30:00,24354.6,24376.5,24344.7,24346.8,402,148,0
2026-06-17 15:45:00,24346.6,24358.8,24319.3,24321.6,341,148,0
2026-06-17 16:00:00,24322.9,24332.3,24303.3,24306.9,298,148,0
2026-06-17 16:15:00,24306.7,24312.6,24291.7,24307.4,288,148,0
2026-06-17 16:30:00,24306.7,24308.6,24289.4,24295.6,263,148,0
2026-06-17 16:45:00,24295.8,24309.5,24287.6,24309.5,242,148,0
2026-06-17 17:00:00,24309.4,24309.4,24285.9,24297.6,314,148,0
2026-06-17 17:15:00,24298.5,24298.5,24286.0,24296.6,221,148,0
2026-06-17 17:30:00,24295.5,24306.6,24294.6,24303.5,270,148,0
2026-06-17 17:45:00,24303.9,24328.3,24299.7,24328.1,270,148,0
2026-06-17 18:00:00,24316.3,24316.3,24157.0,24194.2,1019,148,0
2026-06-17 18:15:00,24193.6,24234.2,24182.0,24195.9,747,148,0
2026-06-17 18:30:00,24196.6,24292.5,24168.4,24289.8,1239,148,0
2026-06-17 18:45:00,24290.3,24293.2,24181.7,24197.2,794,148,0
2026-06-17 19:00:00,24182.9,24200.4,24144.0,24187.5,504,440,0
2026-06-17 19:15:00,24188.5,24189.5,24065.5,24068.6,493,440,0
2026-06-17 19:30:00,24067.0,24082.4,23966.9,23982.3,525,440,0
2026-06-17 19:45:00,23983.3,24005.3,23964.8,23991.7,468,440,0
2026-06-17 20:00:00,23991.3,24015.2,23991.3,23999.7,277,440,0
2026-06-17 20:15:00,23998.7,24026.3,23995.4,24024.3,202,440,0
2026-06-17 20:30:00,24023.6,24036.3,24020.7,24028.4,136,440,0
2026-06-17 20:45:00,24027.7,24029.3,24018.8,24026.7,104,440,0
2026-06-17 22:00:00,24034.9,24061.7,24011.3,24057.8,250,440,0
2026-06-17 22:15:00,24058.7,24077.7,24054.2,24071.1,186,440,0
2026-06-17 22:30:00,24070.2,24079.1,24068.2,24073.1,112,440,0
2026-06-17 22:45:00,24073.8,24085.7,24073.8,24077.8,84,440,0
2026-06-17 23:00:00,24078.8,24094.8,24073.2,24094.8,136,440,0
2026-06-17 23:15:00,24094.1,24123.7,24093.2,24117.3,156,440,0
2026-06-17 23:30:00,24118.9,24120.9,24103.3,24105.9,177,440,0
2026-06-17 23:45:00,24105.3,24122.8,24097.2,24122.8,261,440,0
2026-06-18 00:00:00,24131.0,24190.8,24123.3,24190.1,393,440,0
2026-06-18 00:15:00,24191.7,24195.7,24140.3,24158.8,335,440,0
2026-06-18 00:30:00,24158.2,24172.7,24153.2,24156.8,287,440,0
2026-06-18 01:15:00,24216.5,24229.8,24066.3,24129.8,767,148,0
2026-06-18 01:30:00,24130.4,24146.3,23954.8,24012.3,1696,148,0
2026-06-18 01:45:00,24008.8,24123.3,23923.8,23949.3,1356,148,0
2026-06-18 02:00:00,23951.2,23971.3,23903.8,23920.8,1135,148,0
2026-06-18 02:15:00,23919.8,23923.4,23877.9,23909.8,816,148,0
2026-06-18 02:30:00,23907.8,23907.8,23860.8,23867.4,694,148,0
2026-06-18 02:45:00,23869.4,23896.3,23852.7,23862.4,662,148,0
2026-06-18 03:00:00,23858.8,23875.4,23811.8,23813.4,561,148,0
2026-06-18 03:15:00,23815.4,23872.4,23806.8,23839.4,575,148,0
2026-06-18 03:30:00,23841.4,23853.4,23821.8,23849.4,392,148,0
2026-06-18 03:45:00,23851.3,23902.3,23849.8,23890.8,364,148,0
2026-06-18 04:00:00,23876.9,23883.9,23868.4,23868.4,132,440,0
2026-06-18 04:15:00,23869.9,23871.9,23858.3,23864.0,150,440,0
2026-06-18 05:00:00,23869.7,23890.3,23852.8,23863.4,694,148,0
2026-06-18 05:15:00,23861.8,23887.4,23854.8,23863.4,582,148,0
2026-06-18 05:30:00,23864.4,23878.7,23824.8,23832.8,514,148,0
2026-06-18 05:45:00,23830.8,23835.4,23796.8,23811.8,445,148,0
2026-06-18 06:00:00,23809.8,23823.3,23778.8,23799.8,508,148,0
2026-06-18 06:15:00,23800.4,23804.4,23774.1,23791.7,438,148,0
2026-06-18 06:30:00,23793.3,23794.3,23737.8,23756.4,504,148,0
2026-06-18 06:45:00,23754.8,23816.3,23748.8,23816.3,458,148,0
2026-06-18 07:00:00,23815.7,23834.4,23771.0,23779.8,463,148,0
2026-06-18 07:15:00,23777.8,23800.4,23755.9,23782.8,437,148,0
2026-06-18 07:30:00,23784.4,23785.7,23743.5,23780.7,405,148,0
2026-06-18 07:45:00,23782.4,23811.7,23761.9,23806.7,430,148,0
2026-06-18 08:00:00,23806.4,23959.3,23802.8,23911.4,751,148,0
2026-06-18 08:15:00,23909.8,23911.4,23863.0,23879.0,473,148,0
2026-06-18 09:15:00,23847.2,23878.1,23830.5,23832.7,461,148,0
2026-06-18 09:30:00,23832.8,23846.5,23819.6,23842.6,382,148,0
2026-06-18 09:45:00,23841.6,23854.7,23832.6,23839.4,335,148,0
2026-06-18 10:00:00,23837.6,23847.9,23821.6,23847.6,368,148,0
2026-06-18 10:15:00,23846.0,23854.8,23830.7,23837.9,339,148,0
2026-06-18 10:30:00,23839.2,23844.6,23805.1,23806.6,313,148,0
2026-06-18 10:45:00,23806.3,23817.6,23800.1,23805.5,292,148,0
2026-06-18 11:00:00,23806.3,23814.6,23776.8,23791.5,480,148,0
2026-06-18 11:15:00,23790.7,23796.5,23774.6,23789.5,425,148,0
2026-06-18 11:30:00,23789.7,23793.6,23765.1,23775.6,334,148,0
2026-06-18 11:45:00,23775.9,23787.5,23758.6,23785.6,327,148,0
2026-06-18 12:00:00,23785.7,23843.5,23782.3,23842.2,397,148,0
2026-06-18 12:15:00,23843.1,23870.0,23837.6,23853.9,438,148,0
2026-06-18 12:30:00,23851.3,23875.5,23846.4,23857.6,415,148,0
2026-06-18 12:45:00,23859.3,23879.9,23854.4,23873.6,369,148,0
2026-06-18 13:00:00,23872.6,23886.6,23861.1,23880.6,462,148,0
2026-06-18 13:15:00,23881.0,23885.6,23860.7,23882.1,435,148,0
2026-06-18 13:30:00,23884.1,23904.5,23811.8,23830.5,900,148,0
2026-06-18 13:45:00,23832.1,23877.2,23804.3,23819.6,759,148,0
2026-06-18 14:00:00,23818.1,23870.9,23812.8,23842.0,747,148,0
2026-06-18 14:15:00,23841.6,23884.3,23819.7,23857.6,695,148,0
2026-06-18 14:30:00,23857.0,23895.4,23840.7,23882.8,594,148,0
2026-06-18 14:45:00,23883.6,23897.7,23857.6,23894.6,492,148,0
2026-06-18 15:00:00,23895.9,23906.5,23842.7,23842.7,573,148,0
2026-06-18 15:15:00,23841.5,23866.5,23833.7,23847.9,563,148,0
2026-06-18 15:30:00,23845.0,23856.6,23812.3,23832.3,634,148,0
2026-06-18 15:45:00,23832.6,23856.0,23823.7,23839.1,428,148,0
2026-06-18 16:00:00,23837.7,23849.6,23817.8,23832.8,477,148,0
2026-06-18 16:15:00,23832.6,23845.6,23825.6,23837.6,376,148,0
2026-06-18 16:30:00,23837.5,23851.3,23830.6,23847.6,353,148,0
2026-06-18 16:45:00,23848.6,23850.2,23825.2,23843.6,317,148,0
2026-06-18 17:00:00,23845.3,23857.8,23832.6,23852.5,261,148,0
2026-06-18 17:15:00,23851.1,23864.6,23848.4,23848.6,243,148,0
2026-06-18 17:30:00,23849.9,23857.4,23840.6,23849.6,251,148,0
2026-06-18 17:45:00,23849.0,23858.2,23843.2,23850.4,273,148,0
2026-06-18 18:00:00,23850.6,23865.5,23837.0,23858.6,355,148,0
2026-06-18 18:15:00,23858.7,23867.5,23852.6,23854.6,313,148,0
2026-06-18 18:30:00,23854.0,23857.6,23845.0,23848.6,245,148,0
2026-06-18 18:45:00,23849.6,23861.5,23838.7,23843.7,319,148,0
2026-06-22 01:15:00,23894.4,23912.1,23734.9,23757.4,991,148,0
2026-06-22 01:30:00,23753.9,23759.9,23436.8,23447.8,2120,148,0
2026-06-22 01:45:00,23445.8,23583.3,23438.8,23508.8,1442,148,0
2026-06-22 02:00:00,23512.4,23601.4,23430.6,23514.9,1486,148,0
2026-06-22 02:15:00,23512.9,23615.3,23500.9,23501.9,1193,148,0
2026-06-22 02:30:00,23499.9,23653.3,23497.9,23639.8,1084,148,0
2026-06-22 02:45:00,23637.8,23698.3,23583.8,23697.7,1097,148,0
2026-06-22 03:00:00,23701.3,23708.4,23632.8,23688.4,999,148,0
2026-06-22 03:15:00,23686.8,23730.3,23669.9,23716.3,877,148,0
2026-06-22 03:30:00,23718.3,23741.3,23677.9,23718.4,583,148,0
2026-06-22 03:45:00,23719.4,23719.4,23675.8,23687.2,516,148,0
2026-06-22 04:00:00,23671.3,23673.9,23657.4,23657.4,136,440,0
2026-06-22 04:15:00,23658.0,23661.0,23653.4,23653.4,116,440,0
2026-06-22 05:00:00,23681.3,23718.3,23622.8,23710.7,954,148,0
2026-06-22 05:15:00,23708.8,23824.4,23699.8,23819.3,867,148,0
2026-06-22 05:30:00,23821.4,23827.3,23696.8,23704.4,906,148,0
2026-06-22 05:45:00,23706.4,23732.3,23685.5,23694.4,745,148,0
2026-06-22 06:00:00,23694.7,23806.6,23691.8,23799.1,851,148,0
2026-06-22 06:15:00,23797.1,23835.6,23785.1,23811.1,792,148,0
2026-06-22 06:30:00,23812.6,23818.6,23772.3,23774.7,633,148,0
2026-06-22 06:45:00,23776.6,23853.2,23763.1,23834.1,525,148,0
2026-06-22 07:00:00,23834.7,23856.1,23792.1,23803.0,567,148,0
2026-06-22 07:15:00,23802.0,23819.6,23797.1,23811.7,431,148,0
2026-06-22 07:30:00,23810.1,23810.1,23771.1,23789.1,422,148,0
2026-06-22 07:45:00,23790.6,23792.7,23742.0,23744.1,381,148,0
2026-06-22 08:00:00,23743.1,23763.6,23729.1,23746.7,442,148,0
2026-06-22 08:15:00,23746.0,23770.6,23739.1,23751.9,320,148,0
2026-06-22 09:15:00,23775.0,23795.6,23762.2,23784.2,346,148,0
2026-06-22 09:30:00,23784.5,23792.8,23759.6,23762.6,327,148,0
2026-06-22 09:45:00,23763.5,23785.5,23763.5,23768.6,312,148,0
2026-06-22 10:00:00,23770.2,23805.9,23768.6,23802.4,330,148,0
2026-06-22 10:15:00,23801.9,23807.6,23792.6,23803.4,258,148,0
2026-06-22 10:30:00,23803.9,23803.9,23787.6,23792.6,214,148,0
2026-06-22 10:45:00,23791.8,23811.9,23790.3,23797.5,217,148,0
2026-06-22 11:00:00,23798.1,23878.6,23798.1,23826.6,584,148,0
2026-06-22 11:15:00,23828.2,23828.4,23812.3,23812.6,272,148,0
2026-06-22 11:30:00,23814.1,23824.7,23810.8,23817.3,280,148,0
2026-06-22 11:45:00,23817.6,23819.6,23806.2,23817.6,271,148,0
2026-06-22 12:00:00,23818.1,23849.0,23815.6,23847.4,331,148,0
2026-06-22 12:15:00,23847.6,23854.2,23832.6,23846.6,273,148,0
2026-06-22 12:30:00,23846.1,23848.6,23824.6,23832.5,287,148,0
2026-06-22 12:45:00,23832.9,23836.6,23819.6,23823.2,219,148,0
2026-06-22 13:00:00,23823.5,23857.0,23823.5,23854.6,535,148,0
2026-06-22 13:15:00,23856.2,23857.6,23819.6,23820.0,358,148,0
2026-06-22 13:30:00,23822.7,23870.2,23787.8,23831.6,922,148,0
2026-06-22 13:45:00,23829.9,23887.1,23813.2,23870.4,679,148,0
2026-06-22 14:00:00,23871.6,23878.6,23833.2,23836.6,645,148,0
2026-06-22 14:15:00,23838.3,23841.6,23757.9,23765.4,621,148,0
2026-06-22 14:30:00,23764.6,23806.0,23753.0,23774.6,738,148,0
2026-06-22 14:45:00,23776.2,23805.6,23767.7,23799.1,677,148,0
2026-06-22 15:00:00,23799.6,23832.2,23797.5,23812.2,567,148,0
2026-06-22 15:15:00,23810.7,23867.1,23805.4,23859.1,626,148,0
2026-06-22 15:30:00,23858.2,23956.9,23850.6,23951.6,646,148,0
2026-06-22 15:45:00,23952.6,23956.4,23898.6,23903.6,579,148,0
2026-06-22 16:00:00,23905.8,23907.3,23867.6,23899.6,560,148,0
2026-06-22 16:15:00,23899.1,23905.6,23874.1,23881.2,439,148,0
2026-06-22 16:30:00,23880.6,23885.4,23864.6,23877.6,408,148,0
2026-06-22 16:45:00,23876.0,23903.2,23870.7,23900.2,403,148,0
2026-06-22 17:00:00,23901.7,23902.9,23885.0,23897.6,369,148,0
2026-06-22 17:15:00,23898.9,23908.5,23884.8,23887.6,305,148,0
2026-06-22 17:30:00,23887.8,23888.4,23850.6,23860.6,388,148,0
2026-06-22 17:45:00,23861.6,23869.6,23853.6,23853.6,310,148,0
2026-06-22 18:00:00,23852.6,23868.7,23843.6,23868.6,306,148,0
2026-06-22 18:15:00,23870.1,23878.6,23862.6,23868.6,272,148,0
2026-06-22 18:30:00,23868.8,23876.3,23847.5,23848.6,266,148,0
2026-06-22 18:45:00,23849.9,23858.9,23826.7,23826.7,291,148,0
2026-06-22 19:00:00,23812.1,23820.9,23808.3,23816.2,136,440,0
2026-06-22 19:15:00,23817.8,23819.8,23806.2,23806.3,124,440,0
2026-06-22 19:30:00,23807.8,23812.8,23802.2,23802.2,130,440,0
2026-06-22 19:45:00,23802.9,23828.8,23802.9,23824.7,191,440,0
2026-06-22 20:00:00,23824.9,23834.8,23824.9,23831.2,120,440,0
2026-06-22 20:15:00,23831.8,23831.8,23817.2,23819.8,90,440,0
2026-06-22 20:30:00,23819.2,23820.8,23818.2,23820.8,57,440,0
2026-06-22 20:45:00,23819.2,23819.2,23815.2,23815.2,37,440,0
2026-06-22 22:00:00,23840.0,23842.9,23820.2,23825.9,144,440,0
2026-06-22 22:15:00,23826.8,23830.8,23822.2,23824.2,74,440,0
2026-06-22 22:30:00,23823.2,23823.8,23800.2,23800.9,140,440,0
2026-06-22 22:45:00,23801.8,23807.8,23799.2,23805.9,94,440,0
2026-06-22 23:00:00,23804.2,23806.8,23796.2,23796.2,105,440,0
2026-06-22 23:15:00,23795.3,23804.8,23791.3,23803.2,97,440,0
2026-06-22 23:30:00,23803.9,23805.8,23800.2,23803.8,114,440,0
2026-06-22 23:45:00,23804.8,23806.8,23786.3,23797.9,201,440,0
2026-06-23 00:00:00,23794.6,23802.8,23767.2,23768.8,356,440,0
2026-06-23 00:15:00,23769.8,23780.8,23759.9,23770.2,304,440,0
2026-06-23 00:30:00,23771.8,23811.7,23768.2,23811.1,321,440,0
2026-06-23 01:15:00,23769.8,23810.3,23731.8,23782.8,874,148,0
2026-06-23 01:30:00,23780.8,23803.0,23682.4,23764.8,1748,148,0
2026-06-23 01:45:00,23762.8,23816.3,23730.9,23734.4,1229,148,0
2026-06-23 02:00:00,23736.4,23751.4,23618.8,23626.8,1001,148,0
2026-06-23 02:15:00,23624.8,23669.3,23597.8,23649.8,867,148,0
2026-06-23 02:30:00,23653.4,23697.9,23604.1,23607.7,847,148,0
2026-06-23 02:45:00,23606.1,23634.6,23521.1,23524.7,808,148,0
2026-06-23 03:00:00,23526.6,23543.6,23430.9,23443.6,855,148,0
2026-06-23 03:15:00,23444.6,23454.6,23416.1,23445.7,746,148,0
2026-06-23 03:30:00,23444.0,23462.6,23411.1,23448.0,593,148,0
2026-06-23 03:45:00,23449.6,23503.4,23433.1,23494.2,511,148,0
2026-06-23 04:00:00,23480.4,23488.6,23456.7,23460.0,216,440,0
2026-06-23 04:15:00,23459.0,23459.0,23437.0,23447.9,174,440,0
2026-06-23 05:00:00,23438.2,23461.4,23389.3,23421.8,1003,148,0
2026-06-23 05:15:00,23422.4,23443.4,23374.8,23398.4,712,148,0
2026-06-23 05:30:00,23397.8,23450.3,23388.9,23438.3,697,148,0
2026-06-23 05:45:00,23437.4,23439.3,23353.8,23359.4,606,148,0
2026-06-23 06:00:00,23361.4,23373.3,23304.8,23326.7,675,148,0
2026-06-23 06:15:00,23328.3,23333.4,23254.8,23269.4,597,148,0
2026-06-23 06:30:00,23271.4,23307.4,23255.6,23257.8,645,148,0
2026-06-23 06:45:00,23258.4,23284.4,23253.5,23284.4,489,148,0
2026-06-23 07:00:00,23286.4,23366.3,23283.8,23356.7,625,148,0
2026-06-23 07:15:00,23357.3,23372.4,23334.8,23365.7,475,148,0
2026-06-23 07:30:00,23364.1,23367.4,23320.8,23335.3,519,148,0
2026-06-23 07:45:00,23334.7,23347.3,23295.8,23325.7,496,148,0
2026-06-23 08:00:00,23328.2,23330.3,23300.8,23312.4,615,148,0
2026-06-23 08:15:00,23310.8,23323.4,23285.0,23301.6,485,148,0
2026-06-23 09:15:00,23328.7,23394.2,23328.7,23388.6,571,148,0
2026-06-23 09:30:00,23386.9,23401.4,23382.3,23399.6,391,148,0
2026-06-23 09:45:00,23398.6,23425.2,23394.5,23423.6,374,148,0
2026-06-23 10:00:00,23424.2,23442.3,23422.6,23442.0,403,148,0
2026-06-23 10:15:00,23442.1,23454.3,23423.3,23425.2,404,148,0
2026-06-23 10:30:00,23425.8,23425.8,23403.1,23413.3,413,148,0
2026-06-23 10:45:00,23412.6,23430.6,23405.3,23430.6,409,148,0
2026-06-23 11:00:00,23433.1,23456.6,23431.0,23452.2,442,148,0
2026-06-23 11:15:00,23452.5,23462.9,23422.7,23425.2,484,148,0
2026-06-23 11:30:00,23424.8,23445.6,23417.4,23443.1,471,148,0
2026-06-23 11:45:00,23443.5,23444.4,23421.9,23428.6,352,148,0
2026-06-23 12:00:00,23427.0,23442.6,23413.6,23413.7,402,148,0
2026-06-23 12:15:00,23414.6,23416.6,23396.6,23406.6,392,148,0
2026-06-23 12:30:00,23407.5,23432.3,23400.8,23421.6,469,148,0
2026-06-23 12:45:00,23423.1,23426.2,23405.6,23416.0,415,148,0
2026-06-23 13:00:00,23417.4,23425.4,23399.7,23413.6,451,148,0
2026-06-23 13:15:00,23412.6,23435.5,23400.6,23429.2,443,148,0
2026-06-23 13:30:00,23432.2,23598.8,23429.1,23584.6,1107,148,0
2026-06-23 13:45:00,23583.1,23600.6,23538.3,23552.6,814,148,0
2026-06-23 14:00:00,23551.0,23574.5,23530.3,23571.9,668,148,0
2026-06-23 14:15:00,23573.2,23581.0,23534.5,23546.6,583,148,0
2026-06-23 14:30:00,23545.6,23547.6,23522.6,23534.4,603,148,0
2026-06-23 14:45:00,23534.6,23543.4,23520.3,23542.8,597,148,0
2026-06-23 15:00:00,23543.6,23567.5,23524.0,23551.4,602,148,0
2026-06-23 15:15:00,23550.8,23554.3,23504.0,23511.9,565,148,0
2026-06-23 15:30:00,23513.4,23524.6,23472.6,23484.6,589,148,0
2026-06-23 15:45:00,23484.1,23528.3,23483.7,23527.6,541,148,0
2026-06-23 16:00:00,23529.2,23547.5,23524.7,23547.5,448,148,0
2026-06-23 16:15:00,23548.3,23552.6,23533.6,23546.6,398,148,0
2026-06-23 16:30:00,23545.6,23561.5,23539.6,23561.5,323,148,0
2026-06-23 16:45:00,23562.8,23562.8,23545.6,23550.6,366,148,0
2026-06-23 17:00:00,23551.1,23565.4,23539.6,23554.6,391,148,0
2026-06-23 17:15:00,23554.7,23569.2,23542.1,23561.5,334,148,0
2026-06-23 17:30:00,23560.3,23568.6,23553.6,23555.9,328,148,0
2026-06-23 17:45:00,23556.2,23559.0,23530.7,23534.7,358,148,0
2026-06-23 18:00:00,23535.3,23551.3,23521.6,23526.4,378,148,0
2026-06-23 18:15:00,23525.7,23530.3,23497.3,23502.6,315,148,0
2026-06-23 18:30:00,23501.6,23508.4,23478.6,23481.6,353,148,0
2026-06-23 18:45:00,23482.6,23505.8,23473.5,23505.8,413,148,0
2026-06-23 19:00:00,23490.9,23517.7,23488.1,23500.8,231,440,0
2026-06-23 19:15:00,23500.1,23510.6,23485.7,23508.1,230,440,0
2026-06-23 19:30:00,23507.0,23511.7,23498.7,23506.7,215,440,0
2026-06-23 19:45:00,23507.6,23511.6,23480.3,23480.3,263,440,0
2026-06-23 20:00:00,23480.7,23499.6,23476.7,23496.1,180,440,0
2026-06-23 20:15:00,23495.1,23495.7,23486.9,23490.7,79,440,0
2026-06-23 20:30:00,23491.6,23496.6,23489.0,23492.1,70,440,0
2026-06-23 20:45:00,23492.7,23497.6,23489.0,23492.0,70,440,0
2026-06-23 22:00:00,23506.1,23511.8,23492.2,23504.2,197,440,0
2026-06-23 22:15:00,23504.8,23510.7,23483.2,23486.9,196,440,0
2026-06-23 22:30:00,23487.8,23495.8,23468.3,23470.2,221,440,0
2026-06-23 22:45:00,23471.8,23486.8,23471.2,23483.8,149,440,0
2026-06-23 23:00:00,23484.1,23484.1,23448.3,23477.9,237,440,0
2026-06-23 23:15:00,23477.2,23489.8,23476.2,23484.2,129,440,0
2026-06-23 23:30:00,23485.8,23487.8,23460.2,23470.1,188,440,0
2026-06-23 23:45:00,23470.8,23517.8,23469.2,23507.7,377,440,0
2026-06-24 00:00:00,23506.2,23539.8,23485.2,23526.2,501,440,0
2026-06-24 00:15:00,23525.2,23539.8,23468.2,23487.2,409,440,0
2026-06-24 00:30:00,23488.8,23495.8,23478.3,23485.2,379,440,0
2026-06-24 01:15:00,23530.9,23530.9,23418.5,23447.8,1016,148,0
2026-06-24 01:30:00,23446.8,23513.3,23392.4,23482.7,1700,148,0
2026-06-24 01:45:00,23484.4,23509.3,23379.8,23379.8,1156,148,0
2026-06-24 02:00:00,23378.8,23398.3,23320.8,23348.8,996,148,0
2026-06-24 02:15:00,23350.4,23390.3,23297.9,23308.5,914,148,0
2026-06-24 02:30:00,23306.8,23347.3,23285.1,23313.3,1013,148,0
2026-06-24 02:45:00,23313.7,23341.3,23269.8,23312.4,830,148,0
2026-06-24 03:00:00,23310.8,23378.4,23281.5,23283.5,944,148,0
2026-06-24 03:15:00,23284.5,23328.3,23244.8,23328.3,775,148,0
2026-06-24 03:30:00,23326.7,23385.3,23319.8,23354.4,747,148,0
2026-06-24 03:45:00,23352.8,23356.4,23310.8,23341.4,562,148,0
2026-06-24 04:00:00,23326.2,23326.2,23291.2,23293.2,214,440,0
2026-06-24 04:15:00,23294.8,23295.2,23266.3,23272.8,258,440,0
2026-06-24 05:00:00,23348.7,23363.9,23277.8,23310.2,950,148,0
2026-06-24 05:15:00,23310.4,23459.3,23306.8,23408.8,968,148,0
2026-06-24 05:30:00,23410.4,23537.3,23410.4,23452.4,997,148,0
2026-06-24 05:45:00,23448.8,23467.5,23379.8,23400.8,732,148,0
2026-06-24 06:00:00,23402.4,23444.3,23387.9,23434.4,732,148,0
2026-06-24 06:15:00,23432.8,23452.3,23405.9,23434.4,586,148,0
2026-06-24 06:30:00,23436.4,23458.3,23416.4,23424.4,549,148,0
2026-06-24 06:45:00,23422.8,23438.3,23404.8,23422.3,430,148,0
2026-06-24 07:00:00,23423.2,23428.3,23380.8,23406.4,602,148,0
2026-06-24 07:15:00,23405.8,23431.6,23395.8,23411.8,517,148,0
2026-06-24 07:30:00,23412.4,23445.3,23384.8,23434.4,571,148,0
2026-06-24 07:45:00,23436.3,23443.5,23376.8,23377.8,491,148,0
2026-06-24 08:00:00,23376.8,23403.4,23363.8,23382.8,511,148,0
2026-06-24 08:15:00,23380.9,23394.4,23366.8,23377.5,379,148,0
2026-06-24 09:15:00,23372.7,23382.1,23342.6,23346.0,469,148,0
2026-06-24 09:30:00,23345.6,23355.1,23333.4,23335.3,371,148,0
2026-06-24 09:45:00,23335.2,23368.2,23329.6,23357.4,387,148,0
2026-06-24 10:00:00,23356.6,23356.6,23324.6,23334.6,405,148,0
2026-06-24 10:15:00,23333.7,23342.5,23325.6,23330.6,379,148,0
2026-06-24 10:30:00,23331.3,23345.1,23322.7,23330.2,337,148,0
2026-06-24 10:45:00,23329.6,23335.2,23314.0,23316.5,339,148,0
2026-06-24 11:00:00,23318.7,23344.3,23305.6,23306.5,388,148,0
2026-06-24 11:15:00,23305.9,23306.6,23286.7,23297.5,375,148,0
2026-06-24 11:30:00,23296.8,23327.2,23296.7,23312.6,370,148,0
2026-06-24 11:45:00,23314.4,23358.0,23308.6,23342.5,524,148,0
2026-06-24 12:00:00,23344.5,23346.5,23309.7,23319.6,433,148,0
2026-06-24 12:15:00,23320.0,23335.6,23301.4,23302.7,419,148,0
2026-06-24 12:30:00,23302.9,23308.0,23275.9,23286.6,454,148,0
2026-06-24 12:45:00,23287.6,23293.9,23271.6,23275.6,356,148,0
2026-06-24 13:00:00,23275.0,23289.4,23257.6,23265.6,460,148,0
2026-06-24 13:15:00,23266.8,23334.3,23261.6,23330.6,496,148,0
2026-06-24 13:30:00,23329.2,23423.5,23329.2,23380.2,977,148,0
2026-06-24 13:45:00,23380.5,23447.5,23353.0,23447.1,876,148,0
2026-06-24 14:00:00,23449.8,23454.3,23407.8,23417.6,799,148,0
2026-06-24 14:15:00,23416.6,23427.4,23377.6,23395.6,714,148,0
2026-06-24 14:30:00,23394.6,23412.8,23354.6,23388.6,696,148,0
2026-06-24 14:45:00,23388.4,23397.2,23365.3,23388.6,595,148,0
2026-06-24 15:00:00,23390.3,23396.5,23353.0,23363.2,593,148,0
2026-06-24 15:15:00,23362.6,23437.5,23361.6,23437.5,605,148,0
2026-06-24 15:30:00,23436.6,23448.3,23408.8,23420.5,571,148,0
2026-06-24 15:45:00,23418.9,23429.2,23398.7,23402.6,520,148,0
2026-06-24 16:00:00,23401.0,23406.3,23382.7,23403.6,485,148,0
2026-06-24 16:15:00,23405.2,23425.7,23400.6,23424.6,445,148,0
2026-06-24 16:30:00,23423.6,23427.2,23387.8,23394.7,480,148,0
2026-06-24 16:45:00,23393.6,23396.1,23361.7,23371.6,433,148,0
2026-06-24 17:00:00,23372.3,23386.6,23354.9,23365.8,479,148,0
2026-06-24 17:15:00,23365.0,23371.6,23312.7,23314.0,586,148,0
2026-06-24 17:30:00,23312.9,23335.9,23299.7,23319.5,586,148,0
2026-06-24 17:45:00,23319.4,23331.5,23303.0,23309.6,577,148,0
2026-06-24 18:00:00,23310.6,23342.1,23305.9,23337.6,585,148,0
2026-06-24 18:15:00,23337.5,23371.3,23337.5,23366.4,573,148,0
2026-06-24 18:30:00,23366.9,23372.6,23335.2,23349.6,461,148,0
2026-06-24 18:45:00,23348.1,23348.1,23307.7,23309.0,452,148,0
2026-06-24 19:00:00,23293.9,23308.7,23276.6,23285.2,261,440,0
2026-06-24 19:15:00,23284.5,23300.1,23277.5,23298.5,233,440,0
2026-06-24 19:30:00,23299.1,23306.3,23283.7,23303.2,277,440,0
2026-06-24 19:45:00,23301.7,23327.2,23301.7,23314.2,299,440,0
2026-06-24 20:00:00,23313.1,23404.8,23305.9,23404.1,434,440,0
2026-06-24 20:15:00,23404.8,23438.8,23398.2,23436.2,235,440,0
2026-06-24 20:30:00,23436.8,23453.7,23428.1,23451.2,228,440,0
2026-06-24 20:45:00,23451.8,23456.8,23442.2,23443.8,210,440,0
2026-06-24 22:00:00,23435.1,23446.8,23418.2,23422.2,262,440,0
2026-06-24 22:15:00,23421.2,23429.1,23415.1,23415.8,183,440,0
2026-06-24 22:30:00,23416.8,23426.8,23412.1,23424.1,164,440,0
2026-06-24 22:45:00,23424.8,23426.8,23414.8,23415.8,125,440,0
2026-06-24 23:00:00,23416.8,23426.7,23413.2,23418.8,137,440,0
2026-06-24 23:15:00,23418.1,23431.8,23416.2,23426.1,117,440,0
2026-06-24 23:30:00,23426.8,23437.8,23421.2,23436.8,158,440,0
2026-06-24 23:45:00,23437.6,23446.8,23415.2,23429.8,310,440,0
2026-06-25 00:00:00,23430.6,23433.8,23401.4,23418.9,417,440,0
2026-06-25 00:15:00,23418.3,23422.9,23392.3,23399.0,349,440,0
2026-06-25 00:30:00,23399.3,23404.9,23375.4,23382.3,336,440,0
2026-06-25 01:15:00,23350.1,23438.9,23287.9,23287.9,927,148,0
2026-06-25 01:30:00,23289.4,23313.3,23072.8,23072.8,1908,148,0
2026-06-25 01:45:00,23076.4,23150.3,23045.8,23128.4,1301,148,0
2026-06-25 02:00:00,23130.4,23158.6,23014.8,23025.7,1221,148,0
2026-06-25 02:15:00,23026.7,23097.3,23002.8,23009.8,1072,148,0
2026-06-25 02:30:00,23011.3,23059.3,22978.8,23038.4,1033,148,0
2026-06-25 02:45:00,23040.4,23185.7,23030.8,23174.4,1151,148,0
2026-06-25 03:00:00,23176.4,23189.3,23131.9,23170.4,1103,148,0
2026-06-25 03:15:00,23171.3,23245.3,23151.8,23151.8,1051,148,0
2026-06-25 03:30:00,23149.8,23157.4,23004.9,23013.8,755,148,0
2026-06-25 03:45:00,23016.6,23092.3,23005.8,23076.4,647,148,0
2026-06-25 04:00:00,23060.9,23062.0,23051.1,23051.1,108,440,0
2026-06-25 04:15:00,23051.7,23063.7,23048.0,23053.7,123,440,0
2026-06-25 05:00:00,23084.7,23138.3,23031.8,23051.8,958,148,0
2026-06-25 05:15:00,23052.4,23060.3,22996.5,23012.7,684,148,0
2026-06-25 05:30:00,23011.7,23035.7,22978.9,23028.3,659,148,0
2026-06-25 05:45:00,23026.8,23028.4,22985.8,22998.7,624,148,0
2026-06-25 06:00:00,22999.4,23037.3,22990.9,22995.8,671,148,0
2026-06-25 06:15:00,22993.9,23025.4,22982.8,23008.4,543,148,0
2026-06-25 06:30:00,23006.8,23022.4,22974.5,22993.4,533,148,0
2026-06-25 06:45:00,22990.8,23020.3,22947.8,22986.3,473,148,0
2026-06-25 07:00:00,22988.3,23027.3,22965.8,23013.8,537,148,0
2026-06-25 07:15:00,23012.8,23035.7,22989.9,22991.8,444,148,0
2026-06-25 07:30:00,22995.0,23035.3,22989.5,23014.8,456,148,0
2026-06-25 07:45:00,23016.4,23054.4,23004.7,23053.3,530,148,0
2026-06-25 08:00:00,23054.3,23075.7,23036.8,23040.8,462,148,0
2026-06-25 08:15:00,23042.4,23050.4,23016.8,23041.8,366,148,0
2026-06-25 09:15:00,23046.5,23055.5,23005.7,23028.6,498,148,0
2026-06-25 09:30:00,23029.1,23044.3,23016.6,23020.6,348,148,0
2026-06-25 09:45:00,23019.0,23041.5,23006.6,23022.8,337,148,0
2026-06-25 10:00:00,23023.6,23041.1,23017.9,23032.6,292,148,0
2026-06-25 10:15:00,23031.1,23041.6,23026.9,23038.4,226,148,0
2026-06-25 10:30:00,23039.5,23043.8,23020.6,23024.4,251,148,0
2026-06-25 10:45:00,23023.8,23034.3,23014.6,23025.8,224,148,0
2026-06-25 11:00:00,23027.3,23043.8,23023.9,23034.6,310,148,0
2026-06-25 11:15:00,23033.6,23034.5,23009.1,23014.4,272,148,0
2026-06-25 11:30:00,23014.6,23040.6,23011.6,23034.2,289,148,0
2026-06-25 11:45:00,23033.6,23041.5,23016.9,23020.6,272,148,0
2026-06-25 12:00:00,23021.3,23048.6,23014.1,23044.6,318,148,0
2026-06-25 12:15:00,23043.6,23047.6,23032.4,23033.9,320,148,0
2026-06-25 12:30:00,23036.5,23112.7,23036.5,23105.3,810,148,0
2026-06-25 12:45:00,23106.5,23124.3,23095.6,23102.8,489,148,0
2026-06-25 13:00:00,23101.8,23121.6,23094.1,23103.7,429,148,0
2026-06-25 13:15:00,23104.5,23125.8,23089.6,23125.8,429,148,0
2026-06-25 13:30:00,23127.0,23160.5,22960.0,22975.3,1010,148,0
2026-06-25 13:45:00,22975.4,22998.8,22886.4,22920.6,1076,148,0
2026-06-25 14:00:00,22923.2,23076.4,22923.0,23046.4,1018,148,0
2026-06-25 14:15:00,23046.8,23094.3,23025.7,23068.4,877,148,0
2026-06-25 14:30:00,23070.0,23086.7,23022.7,23032.3,814,148,0
2026-06-25 14:45:00,23034.6,23067.5,23016.9,23025.9,741,148,0
2026-06-25 15:00:00,23027.2,23055.3,22971.3,22984.7,743,148,0
2026-06-25 15:15:00,22982.8,23036.7,22958.0,23012.6,778,148,0
2026-06-25 15:30:00,23014.3,23044.3,23005.7,23038.9,700,148,0
2026-06-25 15:45:00,23038.0,23055.0,23024.6,23041.9,636,148,0
2026-06-25 16:00:00,23042.3,23077.0,23028.6,23070.4,620,148,0
2026-06-25 16:15:00,23071.5,23088.0,23056.7,23058.7,562,148,0
2026-06-25 16:30:00,23058.6,23058.6,22991.9,22994.6,549,148,0
2026-06-25 16:45:00,22995.2,23014.3,22982.1,22996.4,552,148,0
2026-06-25 17:00:00,22996.6,23008.5,22989.6,22993.6,489,148,0
2026-06-25 17:15:00,22994.5,23012.3,22965.8,22987.1,571,148,0
2026-06-25 17:30:00,22988.3,22993.5,22973.1,22974.6,512,148,0
2026-06-25 17:45:00,22973.9,22979.6,22952.6,22977.6,523,148,0
2026-06-25 18:00:00,22977.3,22978.6,22940.7,22958.6,617,148,0
2026-06-25 18:15:00,22957.6,23009.7,22954.6,23004.7,466,148,0
2026-06-25 18:30:00,23006.3,23006.3,22950.3,22951.7,549,148,0
2026-06-25 18:45:00,22950.3,22972.9,22937.6,22967.0,462,148,0
2026-06-25 19:00:00,22959.2,22965.8,22949.1,22949.1,217,440,0
2026-06-25 19:15:00,22948.1,22958.7,22940.1,22954.1,235,440,0
2026-06-25 19:30:00,22954.8,22963.7,22943.2,22960.1,264,440,0
2026-06-25 19:45:00,22959.1,22974.8,22944.2,22974.8,274,440,0
2026-06-25 20:00:00,22979.8,23015.7,22978.2,22993.8,225,440,0
2026-06-25 20:15:00,22994.7,23018.7,22994.1,23007.8,124,440,0
2026-06-25 20:30:00,23007.1,23007.8,22996.2,22996.9,95,440,0
2026-06-25 20:45:00,22997.8,22997.8,22983.4,22983.9,77,440,0
2026-06-25 22:00:00,22962.8,22976.9,22928.2,22933.9,255,440,0
2026-06-25 22:15:00,22934.8,22945.1,22928.2,22928.9,195,440,0
2026-06-25 22:30:00,22927.2,22944.1,22926.9,22943.2,157,440,0
2026-06-25 22:45:00,22943.8,22953.8,22938.2,22952.2,128,440,0
2026-06-25 23:00:00,22951.2,22971.7,22949.2,22971.7,109,440,0
2026-06-25 23:15:00,22970.2,23021.8,22968.2,23012.2,295,440,0
2026-06-25 23:30:00,23015.7,23016.7,22965.3,22965.3,254,440,0
2026-06-25 23:45:00,22963.3,22963.3,22923.2,22939.8,339,440,0
2026-06-26 00:00:00,22938.9,23010.7,22936.2,23003.8,478,440,0
2026-06-26 00:15:00,23002.2,23009.8,22965.2,22992.1,472,440,0
2026-06-26 00:30:00,22991.8,22995.1,22971.2,22974.1,434,440,0
2026-06-26 01:15:00,22920.1,22945.4,22839.8,22893.3,943,148,0
2026-06-26 01:30:00,22895.3,22926.9,22739.9,22782.8,1858,148,0
2026-06-26 01:45:00,22780.8,22877.4,22762.8,22795.4,1200,148,0
2026-06-26 02:00:00,22798.2,22805.4,22682.8,22698.4,1007,148,0
2026-06-26 02:15:00,22698.5,22707.4,22602.8,22602.8,819,148,0
2026-06-26 02:30:00,22604.4,22627.3,22547.8,22579.8,850,148,0
2026-06-26 02:45:00,22577.8,22577.8,22513.8,22555.4,751,148,0
2026-06-26 03:00:00,22556.4,22572.4,22510.8,22519.0,833,148,0
2026-06-26 03:15:00,22521.4,22562.4,22493.8,22514.5,844,148,0
2026-06-26 03:30:00,22512.8,22516.4,22475.8,22504.5,675,148,0
2026-06-26 03:45:00,22502.8,22612.3,22499.8,22603.7,600,148,0
2026-06-26 04:00:00,22589.4,22591.1,22565.2,22568.8,330,440,0
2026-06-26 04:15:00,22569.8,22576.8,22544.2,22555.2,261,440,0
2026-06-26 05:00:00,22560.0,22658.4,22516.8,22653.4,1050,148,0
2026-06-26 05:15:00,22655.4,22704.4,22621.2,22683.8,862,148,0
2026-06-26 05:30:00,22684.5,22693.4,22638.8,22644.4,724,148,0
2026-06-26 05:45:00,22642.8,22693.2,22602.8,22643.4,659,148,0
2026-06-26 06:00:00,22645.4,22663.4,22567.9,22592.4,659,148,0
2026-06-26 06:15:00,22592.7,22632.3,22567.8,22590.7,669,148,0
2026-06-26 06:30:00,22594.3,22646.4,22574.8,22634.8,614,148,0
2026-06-26 06:45:00,22632.8,22648.4,22599.8,22622.8,579,148,0
2026-06-26 07:00:00,22622.5,22683.3,22601.5,22672.8,596,148,0
2026-06-26 07:15:00,22674.4,22682.4,22634.8,22646.4,505,148,0
2026-06-26 07:30:00,22646.7,22672.4,22637.8,22645.5,410,148,0
2026-06-26 07:45:00,22644.8,22644.8,22596.8,22632.8,504,148,0
2026-06-26 08:00:00,22634.4,22664.4,22613.8,22639.8,478,148,0
2026-06-26 08:15:00,22643.4,22662.4,22629.9,22654.1,348,148,0
2026-06-26 09:15:00,22597.8,22636.9,22595.7,22635.7,416,148,0
2026-06-26 09:30:00,22634.6,22687.3,22628.6,22676.6,389,148,0
2026-06-26 09:45:00,22676.7,22685.5,22656.6,22661.7,329,148,0
2026-06-26 10:00:00,22659.6,22661.6,22630.4,22650.4,383,148,0
2026-06-26 10:15:00,22650.5,22658.6,22632.0,22645.6,374,148,0
2026-06-26 10:30:00,22646.3,22668.0,22642.6,22653.5,356,148,0
2026-06-26 10:45:00,22651.9,22665.6,22644.9,22664.2,279,148,0
2026-06-26 11:00:00,22664.5,22680.5,22657.8,22670.4,336,148,0
2026-06-26 11:15:00,22669.9,22669.9,22650.0,22655.8,264,148,0
2026-06-26 11:30:00,22656.3,22667.2,22651.6,22653.6,319,148,0
2026-06-26 11:45:00,22653.4,22665.5,22642.6,22659.7,339,148,0
2026-06-26 12:00:00,22659.6,22697.1,22652.9,22691.3,375,148,0
2026-06-26 12:15:00,22690.5,22710.2,22679.9,22692.5,366,148,0
2026-06-26 12:30:00,22691.0,22704.8,22668.6,22673.6,377,148,0
2026-06-26 12:45:00,22674.6,22695.6,22666.0,22689.6,377,148,0
2026-06-26 13:00:00,22691.1,22695.6,22671.8,22694.6,430,148,0
2026-06-26 13:15:00,22695.2,22711.5,22642.1,22711.3,581,148,0
2026-06-26 13:30:00,22709.4,22785.5,22709.4,22777.6,935,148,0
2026-06-26 13:45:00,22777.7,22830.0,22766.7,22827.5,725,148,0
2026-06-26 14:00:00,22828.4,22872.0,22816.6,22863.9,696,148,0
2026-06-26 14:15:00,22864.3,22888.5,22849.1,22864.6,653,148,0
2026-06-26 14:30:00,22863.0,22882.5,22845.8,22871.0,513,148,0
2026-06-26 14:45:00,22869.8,22893.2,22865.4,22887.4,490,148,0
2026-06-26 15:00:00,22888.3,22912.6,22879.0,22879.0,453,148,0
2026-06-26 15:15:00,22877.8,22947.4,22864.8,22947.4,438,148,0
2026-06-26 15:30:00,22946.7,22976.5,22943.8,22970.6,453,148,0
2026-06-26 15:45:00,22971.2,22972.9,22933.9,22945.5,452,148,0
2026-06-26 16:00:00,22947.4,22955.5,22916.8,22924.3,408,148,0
2026-06-26 16:15:00,22923.8,22940.5,22897.3,22919.2,411,148,0
2026-06-26 16:30:00,22919.4,22931.6,22910.5,22911.6,322,148,0
2026-06-26 16:45:00,22909.9,22927.6,22909.7,22923.6,174,148,0
2026-06-26 17:00:00,22923.4,22940.3,22921.5,22930.5,193,148,0
2026-06-26 17:15:00,22931.4,22931.6,22893.7,22904.2,283,148,0
2026-06-26 17:30:00,22904.6,22915.4,22888.7,22907.0,231,148,0
2026-06-26 17:45:00,22906.4,22910.5,22897.7,22902.9,200,148,0
2026-06-26 18:00:00,22903.1,22925.3,22899.0,22919.7,236,148,0
2026-06-26 18:15:00,22921.7,22925.6,22905.6,22905.7,221,148,0
2026-06-26 18:30:00,22906.3,22914.6,22898.7,22901.6,208,148,0
2026-06-26 18:45:00,22900.8,22900.8,22863.9,22880.4,243,148,0
2026-06-26 19:00:00,22866.3,22887.8,22859.2,22887.1,209,440,0
2026-06-26 19:15:00,22887.8,22887.8,22866.2,22871.8,216,440,0
2026-06-26 19:30:00,22872.8,22890.8,22866.2,22890.8,198,440,0
2026-06-26 19:45:00,22890.9,22906.4,22856.2,22856.2,300,440,0
2026-06-28 22:00:00,22959.0,22970.0,22944.3,22959.1,206,440,0
2026-06-28 22:15:00,22958.2,22962.1,22939.3,22953.1,238,440,0
2026-06-28 22:30:00,22954.8,22960.8,22952.2,22960.8,180,440,0
2026-06-28 22:45:00,22960.1,22961.8,22949.2,22949.2,120,440,0
2026-06-28 23:00:00,22949.8,22994.8,22946.2,22986.5,221,440,0
2026-06-28 23:15:00,22985.1,22994.8,22980.1,22991.1,138,440,0
2026-06-28 23:30:00,22991.8,22999.8,22991.1,22994.2,127,440,0
2026-06-28 23:45:00,22993.8,23001.1,22966.2,22966.2,289,440,0
2026-06-29 00:00:00,22966.7,22971.8,22936.2,22946.2,519,440,0
2026-06-29 00:15:00,22945.3,22947.9,22898.3,22898.9,443,440,0
2026-06-29 00:30:00,22898.2,22929.7,22878.2,22927.2,458,440,0
2026-06-29 01:15:00,22839.3,22872.4,22783.2,22808.9,990,148,0
2026-06-29 01:30:00,22806.9,22875.3,22727.5,22840.3,2191,148,0
2026-06-29 01:45:00,22842.3,22901.0,22767.5,22839.8,1322,148,0
2026-06-29 02:00:00,22843.4,22940.3,22822.9,22835.4,1408,148,0
2026-06-29 02:15:00,22833.8,23036.4,22810.8,23031.4,1328,148,0
2026-06-29 02:30:00,23028.0,23057.3,22940.8,22984.3,1157,148,0
2026-06-29 02:45:00,22986.3,23097.8,22981.1,23077.1,959,148,0
2026-06-29 03:00:00,23080.6,23099.3,23031.6,23068.8,827,148,0
2026-06-29 03:15:00,23069.4,23130.3,23045.8,23121.4,783,148,0
2026-06-29 03:30:00,23122.4,23141.4,23093.5,23113.8,615,148,0
2026-06-29 03:45:00,23117.4,23148.3,23087.9,23097.4,512,148,0
2026-06-29 04:00:00,23084.9,23092.8,23063.2,23064.2,175,440,0
2026-06-29 04:15:00,23064.9,23071.8,23056.2,23064.2,154,440,0
2026-06-29 05:00:00,23092.7,23113.3,23036.8,23061.7,991,148,0
2026-06-29 05:15:00,23063.3,23092.3,23017.9,23033.8,783,148,0
2026-06-29 05:30:00,23037.4,23104.3,23026.8,23100.8,772,148,0
2026-06-29 05:45:00,23102.4,23109.2,23034.9,23045.4,694,148,0
2026-06-29 06:00:00,23046.4,23061.4,22976.9,23036.3,707,148,0
2026-06-29 06:15:00,23034.8,23080.4,23033.8,23064.4,661,148,0
2026-06-29 06:30:00,23066.4,23097.7,23059.8,23071.8,584,148,0
2026-06-29 06:45:00,23071.5,23092.4,23036.8,23069.8,484,148,0
2026-06-29 07:00:00,23071.2,23075.1,23018.8,23045.3,582,148,0
2026-06-29 07:15:00,23047.3,23088.7,23036.8,23051.4,562,148,0
2026-06-29 07:30:00,23049.8,23062.7,23025.8,23036.4,546,148,0
2026-06-29 07:45:00,23034.8,23036.4,22974.8,22981.8,537,148,0
2026-06-29 08:00:00,22979.8,22990.4,22958.5,22982.8,487,148,0
2026-06-29 08:15:00,22983.4,22989.5,22960.8,22976.0,405,148,0
2026-06-29 09:15:00,22959.4,22966.5,22931.6,22962.3,433,148,0
2026-06-29 09:30:00,22961.6,22966.6,22926.6,22930.9,344,148,0
2026-06-29 09:45:00,22932.5,22941.1,22918.6,22937.5,367,148,0
2026-06-29 10:00:00,22939.0,22947.0,22931.6,22946.6,301,148,0
2026-06-29 10:15:00,22945.0,22949.5,22928.6,22949.5,295,148,0
2026-06-29 10:30:00,22949.8,22966.5,22942.3,22960.8,270,148,0
2026-06-29 10:45:00,22960.6,22970.9,22946.6,22964.9,286,148,0
2026-06-29 11:00:00,22963.6,22976.0,22951.6,22955.2,276,148,0
2026-06-29 11:15:00,22956.6,22961.6,22942.4,22955.6,301,148,0
2026-06-29 11:30:00,22954.8,22981.3,22948.7,22960.8,399,148,0
2026-06-29 11:45:00,22960.6,22985.5,22960.6,22978.0,303,148,0
2026-06-29 12:00:00,22977.6,22984.6,22966.6,22977.6,321,148,0
2026-06-29 12:15:00,22978.9,22980.1,22954.7,22954.7,326,148,0
2026-06-29 12:30:00,22956.1,22968.6,22912.4,22929.6,455,148,0
2026-06-29 12:45:00,22930.1,22960.3,22930.0,22960.2,359,148,0
2026-06-29 13:00:00,22959.6,22980.8,22959.6,22976.6,350,148,0
2026-06-29 13:15:00,22977.5,22990.5,22956.7,22981.0,363,148,0
2026-06-29 13:30:00,22980.6,23082.5,22980.0,23081.0,1016,148,0
2026-06-29 13:45:00,23081.5,23083.8,22988.7,23014.6,818,148,0
2026-06-29 14:00:00,23015.8,23024.1,22960.1,22960.1,835,148,0
2026-06-29 14:15:00,22960.4,23069.5,22949.0,23042.6,865,148,0
2026-06-29 14:30:00,23042.8,23050.6,23023.1,23026.0,702,148,0
2026-06-29 14:45:00,23024.9,23061.0,23015.6,23028.6,676,148,0
2026-06-29 15:00:00,23029.5,23031.2,22985.0,23000.6,637,148,0
2026-06-29 15:15:00,23001.3,23011.6,22968.9,22995.6,547,148,0
2026-06-29 15:30:00,22994.6,23009.2,22965.9,22990.6,516,148,0
2026-06-29 15:45:00,22991.6,23002.6,22982.0,23002.2,456,148,0
2026-06-29 16:00:00,23001.6,23022.1,22998.3,23003.4,427,148,0
2026-06-29 16:15:00,23003.6,23005.6,22987.9,22999.2,328,148,0
2026-06-29 16:30:00,22999.6,23000.6,22976.6,22992.6,342,148,0
2026-06-29 16:45:00,22991.7,23025.5,22990.6,23015.6,383,148,0
2026-06-29 17:00:00,23015.8,23035.5,23010.2,23028.5,295,148,0
2026-06-29 17:15:00,23027.9,23033.1,23005.7,23014.6,296,148,0
2026-06-29 17:30:00,23015.5,23016.6,23003.8,23012.6,266,148,0
2026-06-29 17:45:00,23011.0,23022.6,23005.6,23008.6,239,148,0
2026-06-29 18:00:00,23009.6,23023.5,23005.0,23008.6,293,148,0
2026-06-29 18:15:00,23008.8,23008.8,22985.4,22997.1,282,148,0
2026-06-29 18:30:00,22997.6,23011.6,22992.6,23010.6,288,148,0
2026-06-29 18:45:00,23010.0,23010.0,22983.1,22986.8,236,148,0
2026-06-29 19:00:00,22970.0,22971.8,22955.2,22956.2,97,440,0
2026-06-29 19:15:00,22955.2,22968.8,22955.2,22964.2,78,440,0
2026-06-29 19:30:00,22963.2,22963.9,22956.4,22960.8,87,440,0
2026-06-29 19:45:00,22960.2,22978.1,22959.2,22975.7,144,440,0
2026-06-29 20:00:00,22974.8,22976.8,22964.2,22974.1,165,440,0
2026-06-29 20:15:00,22974.8,22977.8,22973.2,22973.2,53,440,0
2026-06-29 20:30:00,22972.2,22972.2,22964.2,22965.8,68,440,0
2026-06-29 20:45:00,22965.2,22967.8,22962.2,22964.1,70,440,0
2026-06-29 22:00:00,22949.9,22953.8,22941.2,22945.9,173,440,0
2026-06-29 22:15:00,22945.2,22954.8,22944.2,22948.2,79,440,0
2026-06-29 22:30:00,22948.9,22954.8,22942.2,22952.2,77,440,0
2026-06-29 22:45:00,22952.9,22954.9,22950.2,22952.8,63,440,0
2026-06-29 23:00:00,22952.2,22963.6,22951.1,22957.7,90,440,0
2026-06-29 23:15:00,22958.6,22961.6,22955.0,22957.1,71,440,0
2026-06-29 23:30:00,22956.1,22963.7,22955.0,22962.1,93,440,0
2026-06-29 23:45:00,22961.1,22977.6,22946.0,22971.1,204,440,0
2026-06-30 00:00:00,22970.1,22976.8,22948.2,22972.8,431,440,0
2026-06-30 00:15:00,22972.2,22978.8,22942.3,22944.2,327,440,0
2026-06-30 00:30:00,22945.8,22947.2,22911.1,22933.1,368,440,0
2026-06-30 01:15:00,22960.9,22960.9,22805.3,22926.8,1112,148,0
2026-06-30 01:30:00,22924.0,23051.3,22868.9,22877.8,2052,148,0
2026-06-30 01:45:00,22879.5,22885.4,22768.4,22768.8,1091,148,0
2026-06-30 02:00:00,22770.4,22792.3,22696.8,22730.4,918,148,0
2026-06-30 02:15:00,22732.4,22732.4,22627.1,22694.4,828,148,0
2026-06-30 02:30:00,22692.8,22743.3,22641.9,22691.6,964,148,0
2026-06-30 02:45:00,22689.6,22738.3,22679.8,22694.4,816,148,0
2026-06-30 03:00:00,22692.8,22786.3,22690.8,22736.4,832,148,0
2026-06-30 03:15:00,22735.8,22817.3,22696.9,22716.4,804,148,0
2026-06-30 03:30:00,22718.4,22723.4,22688.8,22688.8,532,148,0
2026-06-30 03:45:00,22687.8,22717.3,22685.8,22703.4,439,148,0
2026-06-30 04:00:00,22688.6,22701.8,22686.8,22695.8,117,440,0
2026-06-30 04:15:00,22694.2,22701.8,22693.2,22701.8,92,440,0
2026-06-30 05:00:00,22729.5,22734.5,22651.8,22685.8,787,148,0
2026-06-30 05:15:00,22686.4,22699.3,22645.8,22680.7,647,148,0
2026-06-30 05:30:00,22678.8,22753.4,22638.8,22704.8,791,148,0
2026-06-30 05:45:00,22705.4,22783.3,22693.5,22766.4,832,148,0
2026-06-30 06:00:00,22765.7,22840.4,22748.8,22788.8,977,148,0
2026-06-30 06:15:00,22789.4,22808.3,22745.8,22767.8,709,148,0
2026-06-30 06:30:00,22771.4,22775.4,22727.8,22727.8,679,148,0
2026-06-30 06:45:00,22729.4,22778.3,22711.8,22767.8,515,148,0
2026-06-30 07:00:00,22765.8,22852.3,22752.8,22801.8,667,148,0
2026-06-30 07:15:00,22803.5,22840.4,22785.7,22821.8,584,148,0
2026-06-30 07:30:00,22822.4,22875.3,22811.8,22863.8,598,148,0
2026-06-30 07:45:00,22865.4,22867.4,22837.8,22852.6,566,148,0
2026-06-30 08:00:00,22854.4,22858.5,22790.8,22802.4,538,148,0
2026-06-30 08:15:00,22803.4,22846.5,22794.6,22828.6,402,148,0
2026-06-30 09:15:00,22832.7,22868.5,22815.5,22857.8,423,148,0
2026-06-30 09:30:00,22857.6,22884.5,22854.6,22882.6,302,148,0
2026-06-30 09:45:00,22882.2,22904.6,22877.2,22901.6,284,148,0
2026-06-30 10:00:00,22904.4,22911.4,22895.6,22902.8,310,148,0
2026-06-30 10:15:00,22902.6,22911.6,22894.5,22903.7,224,148,0
2026-06-30 10:30:00,22904.2,22906.6,22888.6,22898.1,269,148,0
2026-06-30 10:45:00,22898.6,22920.8,22894.6,22914.7,211,148,0
2026-06-30 11:00:00,22915.5,22932.7,22903.6,22932.7,270,148,0
2026-06-30 11:15:00,22933.5,22933.5,22912.6,22923.6,263,148,0
2026-06-30 11:30:00,22924.4,22930.6,22911.6,22926.6,225,148,0
2026-06-30 11:45:00,22927.5,22938.2,22921.4,22929.6,216,148,0
2026-06-30 12:00:00,22927.2,22929.6,22908.4,22910.6,280,148,0
2026-06-30 12:15:00,22909.8,22916.7,22894.1,22895.6,332,148,0
2026-06-30 12:30:00,22896.3,22911.5,22884.7,22910.5,361,148,0
2026-06-30 12:45:00,22910.4,22915.6,22895.2,22896.3,257,148,0
2026-06-30 13:00:00,22898.1,22913.2,22894.8,22903.6,274,148,0
2026-06-30 13:15:00,22903.3,22918.6,22888.8,22891.6,333,148,0
2026-06-30 13:30:00,22890.4,22896.1,22815.8,22842.5,815,148,0
2026-06-30 13:45:00,22843.5,22888.6,22843.5,22886.6,629,148,0
2026-06-30 14:00:00,22885.2,23006.5,22863.0,23005.2,767,148,0
2026-06-30 14:15:00,23002.6,23028.3,22982.6,22988.4,688,148,0
2026-06-30 14:30:00,22989.9,22992.2,22935.7,22960.6,555,148,0
2026-06-30 14:45:00,22961.9,22965.1,22929.1,22949.2,561,148,0
2026-06-30 15:00:00,22947.8,23002.0,22947.6,22989.6,527,148,0
2026-06-30 15:15:00,22989.3,22989.3,22945.2,22962.2,544,148,0
2026-06-30 15:30:00,22961.0,22991.5,22954.6,22974.6,453,148,0
2026-06-30 15:45:00,22976.1,22989.4,22944.7,22956.6,335,148,0
2026-06-30 16:00:00,22957.0,22972.6,22948.5,22961.4,320,148,0
2026-06-30 16:15:00,22960.6,22963.1,22947.3,22959.6,258,148,0
2026-06-30 16:30:00,22958.6,22971.0,22952.6,22971.0,213,148,0
2026-06-30 16:45:00,22971.6,22975.5,22962.7,22963.1,214,148,0
2026-06-30 17:00:00,22963.6,22974.5,22955.6,22956.2,216,148,0
2026-06-30 17:15:00,22956.0,22966.3,22953.4,22957.4,185,148,0
2026-06-30 17:30:00,22956.4,22974.3,22939.0,22974.3,202,148,0
2026-06-30 17:45:00,22974.5,22986.3,22970.3,22973.3,199,148,0
2026-06-30 18:00:00,22974.3,22988.3,22972.7,22983.5,210,148,0
2026-06-30 18:15:00,22984.1,22994.7,22978.3,22981.5,188,148,0
2026-06-30 18:30:00,22981.4,22983.3,22972.3,22982.4,186,148,0
2026-06-30 18:45:00,22982.8,23008.2,22978.5,22988.8,239,148,0
2026-07-02 01:15:00,22957.2,22963.9,22797.2,22819.4,1717,148,0
2026-07-02 01:30:00,22821.4,23268.4,22805.7,23237.9,3558,148,0
2026-07-02 01:45:00,23241.4,23287.3,23168.9,23201.8,1639,148,0
2026-07-02 02:00:00,23203.4,23211.4,23078.8,23133.8,1539,148,0
2026-07-02 02:15:00,23131.8,23170.3,23066.8,23116.4,1279,148,0
2026-07-02 02:30:00,23118.3,23144.3,23015.1,23032.8,1061,148,0
2026-07-02 02:45:00,23030.8,23090.3,23026.8,23041.8,963,148,0
2026-07-02 03:00:00,23045.4,23081.3,22987.8,22988.5,943,148,0
2026-07-02 03:15:00,22990.4,23007.3,22921.9,22997.8,806,148,0
2026-07-02 03:30:00,22995.8,23109.3,22969.8,23108.4,778,148,0
2026-07-02 03:45:00,23106.8,23130.3,23058.8,23099.9,638,148,0
2026-07-02 04:00:00,23085.1,23088.9,23060.2,23068.9,208,440,0
2026-07-02 04:15:00,23068.2,23068.2,23054.3,23059.2,199,440,0
2026-07-02 05:00:00,23082.3,23105.3,23008.8,23027.4,930,148,0
2026-07-02 05:15:00,23025.9,23038.3,22968.8,22971.5,756,148,0
2026-07-02 05:30:00,22970.9,23003.3,22966.8,22973.5,807,148,0
2026-07-02 05:45:00,22971.8,22992.4,22947.8,22979.7,698,148,0
2026-07-02 06:00:00,22980.4,23013.4,22960.8,22977.7,651,148,0
2026-07-02 06:15:00,22976.8,22988.3,22947.5,22981.4,561,148,0
2026-07-02 06:30:00,22983.4,22997.4,22959.9,22965.4,559,148,0
2026-07-02 06:45:00,22963.8,22969.4,22929.8,22952.8,463,148,0
2026-07-02 07:00:00,22956.2,22956.4,22895.8,22914.5,612,148,0
2026-07-02 07:15:00,22915.4,22945.4,22904.8,22942.7,490,148,0
2026-07-02 07:30:00,22941.7,22987.8,22910.8,22987.8,457,148,0
2026-07-02 07:45:00,22989.4,22989.4,22939.8,22949.8,522,148,0
2026-07-02 08:00:00,22947.8,22980.4,22929.8,22951.8,480,148,0
2026-07-02 08:15:00,22953.4,22991.4,22953.4,22985.9,319,148,0
2026-07-02 09:15:00,22986.6,22987.9,22952.6,22960.6,496,148,0
2026-07-02 09:30:00,22961.5,22982.6,22956.6,22969.6,304,148,0
2026-07-02 09:45:00,22968.2,22975.6,22942.7,22942.7,271,148,0
2026-07-02 10:00:00,22944.0,22944.3,22918.7,22929.1,383,148,0
2026-07-02 10:15:00,22930.3,22943.4,22919.7,22939.7,306,148,0
2026-07-02 10:30:00,22940.3,22967.5,22935.6,22962.6,265,148,0
2026-07-02 10:45:00,22962.2,22984.6,22960.6,22980.9,207,148,0
2026-07-02 11:00:00,22982.2,22983.6,22959.3,22979.6,307,148,0
2026-07-02 11:15:00,22979.4,22980.8,22969.6,22969.6,208,148,0
2026-07-02 11:30:00,22968.6,22987.5,22963.6,22981.9,261,148,0
2026-07-02 11:45:00,22981.6,22985.5,22969.6,22969.6,251,148,0
2026-07-02 12:00:00,22968.6,22981.6,22959.4,22978.3,349,148,0
2026-07-02 12:15:00,22978.5,22983.6,22965.7,22972.9,340,148,0
2026-07-02 12:30:00,22979.2,23142.9,22979.2,23119.6,1088,148,0
2026-07-02 12:45:00,23120.8,23127.5,23076.7,23097.0,646,148,0
2026-07-02 13:00:00,23098.3,23115.6,23074.6,23107.5,626,148,0
2026-07-02 13:15:00,23108.5,23139.5,23096.6,23124.6,509,148,0
2026-07-02 13:30:00,23128.1,23204.5,23088.1,23186.4,1039,148,0
2026-07-02 13:45:00,23186.6,23256.1,23179.3,23208.6,748,148,0
2026-07-02 14:00:00,23206.9,23211.9,23163.6,23198.6,752,148,0
2026-07-02 14:15:00,23199.6,23202.2,23090.0,23103.6,774,148,0
2026-07-02 14:30:00,23105.2,23135.6,23062.5,23080.7,785,148,0
2026-07-02 14:45:00,23082.3,23114.6,23079.6,23106.1,783,148,0
2026-07-02 15:00:00,23108.5,23114.6,23051.8,23095.5,765,148,0
2026-07-02 15:15:00,23095.3,23099.8,23039.9,23043.3,743,148,0
2026-07-02 15:30:00,23045.9,23101.6,23045.0,23077.6,644,148,0
2026-07-02 15:45:00,23076.4,23086.5,23020.9,23035.7,614,148,0
2026-07-02 16:00:00,23035.6,23051.6,23020.0,23048.6,540,148,0
2026-07-02 16:15:00,23050.3,23050.6,23006.6,23007.6,538,148,0
2026-07-02 16:30:00,23008.6,23008.6,22968.6,23003.2,540,148,0
2026-07-02 16:45:00,23002.6,23005.6,22968.6,22976.6,494,148,0
2026-07-02 17:00:00,22975.0,22977.6,22945.6,22954.6,555,148,0
2026-07-02 17:15:00,22955.6,22968.8,22950.8,22957.2,424,148,0
2026-07-02 17:30:00,22956.3,22968.3,22920.7,22925.6,493,148,0
2026-07-02 17:45:00,22926.0,22929.6,22903.9,22908.6,476,148,0
2026-07-02 18:00:00,22908.1,22962.5,22897.1,22948.7,548,148,0
2026-07-02 18:15:00,22949.6,22961.6,22922.7,22959.8,445,148,0
2026-07-02 18:30:00,22961.5,22989.5,22959.4,22983.6,403,148,0
2026-07-02 18:45:00,22984.2,23002.3,22976.6,22984.8,376,148,0
2026-07-02 19:00:00,22969.1,22972.8,22948.2,22957.9,240,440,0
2026-07-02 19:15:00,22958.8,22969.7,22950.2,22966.1,190,440,0
2026-07-02 19:30:00,22966.8,22991.7,22966.8,22989.2,206,440,0
2026-07-02 19:45:00,22989.8,23040.7,22985.2,23031.1,258,440,0
2026-07-02 20:00:00,23029.1,23034.7,22977.4,22990.2,164,440,0
2026-07-02 20:15:00,22989.3,22990.9,22982.3,22983.9,63,440,0
2026-07-02 20:30:00,22983.2,22988.9,22980.2,22981.2,63,440,0
2026-07-02 20:45:00,22981.9,22991.9,22981.2,22988.9,83,440,0
2026-07-02 22:00:00,22986.9,23012.9,22986.2,23011.7,104,440,0
2026-07-02 22:15:00,23012.7,23017.8,23011.2,23011.8,71,440,0
2026-07-02 22:30:00,23011.1,23026.8,23009.1,23026.8,69,440,0
2026-07-02 22:45:00,23026.1,23026.8,23021.1,23026.1,53,440,0
2026-07-02 23:00:00,23026.8,23034.8,23019.2,23019.8,118,440,0
2026-07-02 23:15:00,23019.1,23043.7,23019.1,23042.1,122,440,0
2026-07-02 23:30:00,23043.7,23048.8,23035.2,23036.1,154,440,0
2026-07-02 23:45:00,23036.8,23048.1,23029.2,23039.2,286,440,0
2026-07-03 00:00:00,23037.2,23048.8,23005.3,23029.8,457,440,0
2026-07-03 00:15:00,23028.2,23033.8,23014.2,23015.2,388,440,0
2026-07-03 00:30:00,23015.9,23057.3,23004.2,23044.5,368,440,0
2026-07-03 01:15:00,23085.6,23223.3,23044.1,23179.8,1047,148,0
2026-07-03 01:30:00,23177.8,23407.4,23166.2,23405.4,1966,148,0
2026-07-03 01:45:00,23401.8,23454.4,23331.9,23406.8,1179,148,0
2026-07-03 02:00:00,23404.8,23427.3,23356.8,23392.8,1114,148,0
2026-07-03 02:15:00,23390.8,23400.3,23268.8,23294.8,949,148,0
2026-07-03 02:30:00,23296.4,23304.3,23247.9,23258.8,855,148,0
2026-07-03 02:45:00,23258.5,23278.7,23230.8,23252.7,789,148,0
2026-07-03 03:00:00,23254.3,23332.8,23241.8,23314.8,802,148,0
2026-07-03 03:15:00,23315.4,23389.3,23306.9,23383.7,689,148,0
2026-07-03 03:30:00,23385.3,23404.3,23335.9,23338.4,561,148,0
2026-07-03 03:45:00,23336.9,23362.3,23318.9,23355.9,449,148,0
2026-07-03 04:00:00,23341.6,23346.7,23338.1,23343.1,125,440,0
2026-07-03 04:15:00,23343.8,23343.8,23331.1,23336.8,107,440,0
2026-07-03 05:00:00,23364.0,23368.7,23254.9,23258.8,910,148,0
2026-07-03 05:15:00,23256.8,23288.3,23208.8,23215.8,730,148,0
2026-07-03 05:30:00,23213.8,23259.3,23202.8,23259.3,647,148,0
2026-07-03 05:45:00,23257.8,23277.3,23232.8,23256.4,594,148,0
2026-07-03 06:00:00,23257.6,23347.4,23257.6,23330.4,638,148,0
2026-07-03 06:15:00,23328.8,23353.4,23312.8,23345.8,554,148,0
2026-07-03 06:30:00,23347.4,23351.4,23306.8,23312.8,541,148,0
2026-07-03 06:45:00,23310.8,23328.7,23279.7,23299.4,466,148,0
2026-07-03 07:00:00,23298.4,23318.3,23278.8,23296.8,521,148,0
2026-07-03 07:15:00,23297.4,23318.4,23284.9,23312.4,412,148,0
2026-07-03 07:30:00,23314.4,23316.4,23281.6,23285.6,417,148,0
2026-07-03 07:45:00,23284.7,23289.5,23266.8,23268.6,402,148,0
2026-07-03 08:00:00,23267.8,23267.8,23249.6,23252.8,393,148,0
2026-07-03 08:15:00,23250.8,23252.4,23229.8,23234.9,242,148,0
2026-07-03 09:15:00,23232.7,23235.8,23197.5,23198.6,348,148,0
2026-07-03 09:30:00,23199.6,23213.5,23196.6,23206.8,279,148,0
2026-07-03 09:45:00,23206.7,23211.6,23190.2,23191.5,268,148,0
2026-07-03 10:00:00,23191.0,23210.5,23189.4,23207.3,213,148,0
2026-07-03 10:15:00,23206.6,23207.2,23190.4,23191.3,191,148,0
2026-07-03 10:30:00,23190.4,23202.9,23190.4,23200.3,185,148,0
2026-07-03 10:45:00,23199.6,23202.4,23192.5,23195.6,153,148,0
2026-07-03 11:00:00,23195.0,23198.0,23181.8,23194.9,190,148,0
2026-07-03 11:15:00,23194.6,23201.6,23184.6,23187.8,184,148,0
2026-07-03 11:30:00,23188.9,23200.5,23187.6,23198.6,130,148,0
2026-07-03 11:45:00,23200.0,23204.2,23195.7,23202.6,184,148,0
2026-07-03 12:00:00,23203.3,23230.0,23203.3,23217.8,279,148,0
2026-07-03 12:15:00,23218.4,23218.6,23200.6,23208.6,218,148,0
2026-07-03 12:30:00,23208.8,23227.4,23204.6,23224.5,206,148,0
2026-07-03 12:45:00,23223.6,23232.8,23223.1,23231.5,203,148,0
2026-07-03 13:00:00,23232.5,23245.8,23225.6,23232.5,282,148,0
2026-07-03 13:15:00,23231.6,23234.6,23226.6,23233.1,154,148,0
2026-07-03 13:30:00,23232.6,23233.2,23187.7,23196.6,382,148,0
2026-07-03 13:45:00,23196.9,23229.1,23196.9,23221.6,293,148,0
2026-07-03 14:00:00,23222.6,23226.6,23205.3,23205.7,226,148,0
2026-07-03 14:15:00,23204.6,23217.6,23195.5,23203.8,213,148,0
2026-07-03 14:30:00,23203.6,23209.6,23197.0,23201.6,180,148,0
2026-07-03 14:45:00,23201.3,23221.6,23199.6,23215.6,207,148,0
2026-07-03 15:00:00,23217.1,23224.6,23209.6,23213.6,206,148,0
2026-07-03 15:15:00,23212.8,23218.4,23195.6,23202.4,203,148,0
2026-07-03 15:30:00,23201.6,23201.6,23181.5,23196.6,243,148,0
2026-07-03 15:45:00,23196.2,23198.2,23188.6,23193.5,145,148,0
2026-07-03 16:00:00,23194.6,23201.6,23190.6,23197.4,106,148,0
2026-07-03 16:15:00,23197.6,23202.6,23188.6,23189.6,122,148,0
2026-07-03 16:30:00,23189.0,23193.1,23187.6,23190.6,100,148,0
2026-07-03 16:45:00,23190.4,23201.8,23186.6,23198.5,99,148,0
2026-07-03 17:00:00,23197.0,23202.3,23196.6,23200.6,79,148,0
2026-07-03 17:15:00,23200.9,23204.2,23200.6,23201.6,53,148,0
2026-07-03 17:30:00,23201.1,23201.1,23192.6,23195.6,49,148,0
2026-07-03 17:45:00,23194.0,23198.5,23193.2,23195.6,33,148,0
2026-07-03 18:00:00,23194.6,23199.6,23194.6,23197.6,44,148,0
2026-07-03 18:15:00,23197.0,23199.6,23193.6,23195.6,48,148,0
2026-07-03 18:30:00,23196.0,23200.6,23193.8,23195.6,37,148,0
2026-07-03 18:45:00,23194.7,23197.3,23187.6,23189.0,85,148,0
2026-07-05 22:00:00,23172.1,23172.9,23161.2,23170.8,151,440,0
2026-07-05 22:15:00,23170.2,23190.8,23168.2,23189.1,120,440,0
2026-07-05 22:30:00,23189.8,23205.8,23189.8,23201.8,100,440,0
2026-07-05 22:45:00,23202.8,23209.9,23198.2,23201.2,97,440,0
2026-07-05 23:00:00,23200.2,23219.8,23198.2,23215.2,138,440,0
2026-07-05 23:15:00,23216.8,23218.8,23211.1,23213.2,77,440,0
2026-07-05 23:30:00,23212.2,23221.7,23211.8,23215.1,88,440,0
2026-07-05 23:45:00,23214.2,23232.7,23210.2,23228.8,239,440,0
2026-07-06 00:00:00,23232.1,23241.7,23204.2,23234.2,394,440,0
2026-07-06 00:15:00,23235.7,23248.8,23200.2,23200.2,342,440,0
2026-07-06 00:30:00,23199.3,23231.8,23194.9,23228.1,322,440,0
2026-07-06 01:15:00,23221.9,23351.3,23202.0,23321.4,962,148,0
2026-07-06 01:30:00,23319.8,23389.3,23167.9,23261.8,2712,148,0
2026-07-06 01:45:00,23265.4,23399.3,23223.8,23391.8,1548,148,0
2026-07-06 02:00:00,23393.4,23529.5,23388.8,23516.8,1443,148,0
2026-07-06 02:15:00,23518.4,23574.3,23492.9,23550.4,1293,148,0
2026-07-06 02:30:00,23552.3,23598.3,23460.9,23556.4,1214,148,0
2026-07-06 02:45:00,23554.8,23618.3,23445.7,23590.4,1194,148,0
2026-07-06 03:00:00,23591.4,23599.4,23466.9,23483.8,1171,148,0
2026-07-06 03:15:00,23481.8,23498.3,23408.4,23445.3,1015,148,0
2026-07-06 03:30:00,23443.8,23505.3,23435.8,23457.8,745,148,0
2026-07-06 03:45:00,23456.8,23468.9,23436.9,23467.9,486,148,0
2026-07-06 04:00:00,23452.3,23454.8,23436.2,23453.2,151,440,0
2026-07-06 04:15:00,23452.2,23460.8,23451.2,23458.8,125,440,0
2026-07-06 05:00:00,23492.3,23510.9,23436.9,23467.4,940,148,0
2026-07-06 05:15:00,23465.8,23509.3,23437.9,23485.4,697,148,0
2026-07-06 05:30:00,23483.8,23499.3,23454.8,23454.8,673,148,0
2026-07-06 05:45:00,23452.9,23484.3,23396.8,23400.4,603,148,0
2026-07-06 06:00:00,23402.4,23500.3,23394.9,23498.8,722,148,0
2026-07-06 06:15:00,23496.8,23504.3,23461.8,23474.8,611,148,0
2026-07-06 06:30:00,23473.8,23499.3,23446.8,23469.4,539,148,0
2026-07-06 06:45:00,23467.8,23480.6,23431.9,23454.4,506,148,0
2026-07-06 07:00:00,23456.3,23463.3,23395.9,23462.4,616,148,0
2026-07-06 07:15:00,23461.8,23499.3,23457.8,23486.8,513,148,0
2026-07-06 07:30:00,23488.3,23522.5,23465.9,23516.4,443,148,0
2026-07-06 07:45:00,23514.8,23514.8,23486.8,23500.8,411,148,0
2026-07-06 08:00:00,23501.4,23525.3,23485.7,23490.8,419,148,0
2026-07-06 08:15:00,23490.5,23501.4,23483.8,23486.4,272,148,0
2026-07-06 09:15:00,23482.7,23496.3,23441.3,23442.7,375,148,0
2026-07-06 09:30:00,23443.9,23448.6,23429.0,23442.5,304,148,0
2026-07-06 09:45:00,23441.6,23444.2,23429.6,23434.4,338,148,0
2026-07-06 10:00:00,23434.6,23445.9,23422.5,23445.6,234,148,0
2026-07-06 10:15:00,23445.4,23451.2,23430.6,23436.6,256,148,0
2026-07-06 10:30:00,23436.9,23451.5,23430.7,23430.7,173,148,0
2026-07-06 10:45:00,23431.6,23435.2,23425.4,23427.7,183,148,0
2026-07-06 11:00:00,23428.5,23430.8,23404.7,23413.6,255,148,0
2026-07-06 11:15:00,23415.1,23415.6,23403.6,23411.6,200,148,0
2026-07-06 11:30:00,23410.1,23417.2,23408.5,23413.6,181,148,0
2026-07-06 11:45:00,23413.9,23415.6,23396.0,23396.6,213,148,0
2026-07-06 12:00:00,23395.6,23414.9,23394.7,23402.6,295,148,0
2026-07-06 12:15:00,23404.2,23406.6,23368.7,23371.6,277,148,0
2026-07-06 12:30:00,23371.8,23381.1,23354.7,23355.7,314,148,0
2026-07-06 12:45:00,23356.1,23357.7,23339.5,23344.6,217,148,0
2026-07-06 13:00:00,23344.9,23347.3,23312.6,23329.6,358,148,0
2026-07-06 13:15:00,23329.7,23376.8,23321.7,23375.2,329,148,0
2026-07-06 13:30:00,23374.2,23432.3,23372.6,23391.6,875,148,0
2026-07-06 13:45:00,23390.0,23424.1,23373.7,23414.6,642,148,0
2026-07-06 14:00:00,23414.1,23415.5,23374.6,23405.5,652,148,0
2026-07-06 14:15:00,23403.9,23404.6,23354.6,23386.5,502,148,0
2026-07-06 14:30:00,23385.6,23385.6,23353.6,23365.6,470,148,0
2026-07-06 14:45:00,23364.1,23386.0,23355.6,23386.0,419,148,0
2026-07-06 15:00:00,23387.2,23431.5,23385.7,23418.6,475,148,0
2026-07-06 15:15:00,23418.3,23482.8,23418.3,23480.2,453,148,0
2026-07-06 15:30:00,23477.3,23505.1,23474.8,23494.7,417,148,0
2026-07-06 15:45:00,23496.2,23522.2,23493.8,23510.5,328,148,0
2026-07-06 16:00:00,23511.9,23511.9,23482.9,23485.7,294,148,0
2026-07-06 16:15:00,23485.5,23496.2,23484.1,23488.7,229,148,0
2026-07-06 16:30:00,23487.0,23500.5,23484.6,23489.4,228,148,0
2026-07-06 16:45:00,23489.6,23496.6,23481.8,23487.6,237,148,0
2026-07-06 17:00:00,23489.1,23503.6,23482.6,23498.9,262,148,0
2026-07-06 17:15:00,23499.4,23504.6,23488.7,23499.4,265,148,0
2026-07-06 17:30:00,23498.8,23505.6,23484.7,23494.3,306,148,0
2026-07-06 17:45:00,23492.8,23498.4,23484.6,23485.6,245,148,0
2026-07-06 18:00:00,23485.8,23495.2,23480.0,23490.7,245,148,0
2026-07-06 18:15:00,23491.1,23505.8,23491.1,23503.6,243,148,0
2026-07-06 18:30:00,23502.6,23508.6,23498.6,23502.1,233,148,0
2026-07-06 18:45:00,23501.8,23526.9,23500.6,23513.5,210,148,0
2026-07-06 19:00:00,23499.0,23500.7,23496.3,23498.9,74,440,0
2026-07-06 19:15:00,23498.2,23504.9,23498.2,23501.9,56,440,0
2026-07-06 19:30:00,23501.2,23501.2,23493.2,23498.9,84,440,0
2026-07-06 19:45:00,23498.2,23504.8,23495.4,23497.9,130,440,0
2026-07-06 20:00:00,23500.2,23502.8,23495.2,23500.2,116,440,0
2026-07-06 20:15:00,23500.9,23503.8,23499.2,23500.8,71,440,0
2026-07-06 20:30:00,23500.2,23502.8,23499.2,23500.2,29,440,0
2026-07-06 20:45:00,23500.8,23502.8,23496.2,23501.2,39,440,0
2026-07-06 22:00:00,23484.1,23486.8,23479.2,23484.8,83,440,0
2026-07-06 22:15:00,23485.8,23487.8,23482.2,23483.2,49,440,0
2026-07-06 22:30:00,23482.2,23487.9,23479.3,23483.9,69,440,0
2026-07-06 22:45:00,23483.2,23483.2,23468.3,23470.3,99,440,0
2026-07-06 23:00:00,23469.3,23480.9,23469.3,23479.9,83,440,0
2026-07-06 23:15:00,23478.2,23478.9,23470.2,23473.2,76,440,0
2026-07-06 23:30:00,23473.9,23475.8,23463.2,23463.9,77,440,0
2026-07-06 23:45:00,23464.8,23464.8,23435.3,23441.8,243,440,0
2026-07-07 00:00:00,23440.3,23449.8,23427.3,23437.2,368,440,0
2026-07-07 00:15:00,23437.7,23460.7,23431.1,23445.7,311,440,0
2026-07-07 00:30:00,23446.6,23453.6,23419.0,23434.1,264,440,0
2026-07-07 01:15:00,23435.8,23515.0,23426.9,23489.8,1002,148,0
2026-07-07 01:30:00,23493.3,23727.3,23479.8,23556.4,2318,148,0
2026-07-07 01:45:00,23554.8,23688.3,23529.8,23608.4,1622,148,0
2026-07-07 02:00:00,23610.4,23712.3,23596.9,23704.4,1292,148,0
2026-07-07 02:15:00,23704.8,23748.3,23580.8,23582.4,1140,148,0
2026-07-07 02:30:00,23580.8,23582.3,23508.8,23515.8,1151,148,0
2026-07-07 02:45:00,23519.4,23537.3,23451.9,23488.3,946,148,0
2026-07-07 03:00:00,23489.4,23579.3,23485.8,23502.8,878,148,0
2026-07-07 03:15:00,23501.8,23519.4,23429.8,23437.4,870,148,0
2026-07-07 03:30:00,23435.2,23465.3,23423.8,23442.8,643,148,0
2026-07-07 03:45:00,23443.8,23456.4,23426.6,23451.0,445,148,0
2026-07-07 04:00:00,23436.3,23445.8,23429.2,23434.9,169,440,0
2026-07-07 04:15:00,23433.2,23434.9,23417.3,23423.2,138,440,0
2026-07-07 05:00:00,23432.1,23445.3,23374.8,23377.4,717,148,0
2026-07-07 05:15:00,23376.8,23452.3,23376.8,23449.8,641,148,0
2026-07-07 05:30:00,23451.4,23486.3,23421.7,23426.8,710,148,0
2026-07-07 05:45:00,23428.4,23437.4,23387.9,23402.8,563,148,0
2026-07-07 06:00:00,23400.8,23403.4,23335.8,23337.8,590,148,0
2026-07-07 06:15:00,23338.5,23379.3,23330.8,23366.8,553,148,0
2026-07-07 06:30:00,23366.4,23420.5,23365.8,23396.4,471,148,0
2026-07-07 06:45:00,23398.4,23399.4,23365.9,23382.4,377,148,0
2026-07-07 07:00:00,23384.4,23384.4,23332.8,23356.4,530,148,0
2026-07-07 07:15:00,23358.3,23393.3,23351.8,23390.8,426,148,0
2026-07-07 07:30:00,23391.5,23400.5,23362.9,23393.6,358,148,0
2026-07-07 07:45:00,23394.3,23402.5,23371.4,23394.8,416,148,0
2026-07-07 08:00:00,23393.8,23407.4,23363.5,23397.8,427,148,0
2026-07-07 08:15:00,23395.8,23420.3,23392.8,23409.4,293,148,0
2026-07-07 09:15:00,23406.3,23423.1,23397.3,23409.6,308,148,0
2026-07-07 09:30:00,23409.4,23432.1,23405.7,23426.6,296,148,0
2026-07-07 09:45:00,23427.5,23429.5,23418.4,23418.6,272,148,0
2026-07-07 10:00:00,23419.8,23427.9,23361.6,23380.2,327,148,0
2026-07-07 10:15:00,23381.2,23424.3,23374.5,23409.7,372,148,0
2026-07-07 10:30:00,23410.6,23410.6,23387.5,23389.2,271,148,0
2026-07-07 10:45:00,23389.6,23405.5,23385.2,23405.5,234,148,0
2026-07-07 11:00:00,23406.4,23425.5,23402.6,23414.9,352,148,0
2026-07-07 11:15:00,23413.7,23420.6,23388.6,23388.6,296,148,0
2026-07-07 11:30:00,23389.4,23393.8,23378.7,23386.6,311,148,0
2026-07-07 11:45:00,23387.0,23402.1,23361.7,23400.9,339,148,0
2026-07-07 12:00:00,23401.6,23408.2,23392.9,23406.6,353,148,0
2026-07-07 12:15:00,23405.7,23428.5,23397.9,23423.0,289,148,0
2026-07-07 12:30:00,23422.6,23435.6,23412.6,23429.6,314,148,0
2026-07-07 12:45:00,23430.3,23433.6,23417.2,23430.5,264,148,0
2026-07-07 13:00:00,23432.0,23435.0,23412.6,23434.1,290,148,0
2026-07-07 13:15:00,23434.9,23468.3,23431.6,23466.9,342,148,0
2026-07-07 13:30:00,23468.9,23604.6,23466.6,23594.6,1036,148,0
2026-07-07 13:45:00,23593.6,23599.5,23521.1,23542.9,814,148,0
2026-07-07 14:00:00,23544.5,23551.8,23472.6,23475.4,734,148,0
2026-07-07 14:15:00,23477.6,23487.3,23439.6,23483.6,688,148,0
2026-07-07 14:30:00,23484.2,23489.4,23449.2,23461.0,690,148,0
2026-07-07 14:45:00,23462.6,23477.6,23453.0,23453.6,595,148,0
2026-07-07 15:00:00,23454.8,23455.7,23372.7,23372.9,607,148,0
2026-07-07 15:15:00,23373.0,23387.6,23351.6,23387.6,544,148,0
2026-07-07 15:30:00,23389.1,23406.5,23366.6,23383.6,516,148,0
2026-07-07 15:45:00,23383.8,23395.6,23370.6,23380.6,431,148,0
2026-07-07 16:00:00,23380.9,23401.0,23372.7,23381.6,387,148,0
2026-07-07 16:15:00,23380.8,23392.6,23371.4,23388.3,341,148,0
2026-07-07 16:30:00,23387.0,23405.6,23385.4,23402.7,356,148,0
2026-07-07 16:45:00,23401.6,23423.0,23396.6,23406.6,296,148,0
2026-07-07 17:00:00,23406.0,23427.6,23402.6,23414.4,300,148,0
2026-07-07 17:15:00,23413.6,23425.9,23395.6,23425.6,303,148,0
2026-07-07 17:30:00,23426.5,23464.0,23426.5,23464.0,366,148,0
2026-07-07 17:45:00,23465.6,23468.5,23448.8,23468.5,333,148,0
2026-07-07 18:00:00,23469.3,23470.6,23449.6,23453.6,329,148,0
2026-07-07 18:15:00,23454.6,23468.6,23449.7,23461.6,325,148,0
2026-07-07 18:30:00,23463.1,23465.5,23441.6,23452.6,368,148,0
2026-07-07 18:45:00,23452.8,23457.6,23422.7,23434.0,510,148,0
2026-07-07 19:00:00,23419.6,23426.8,23399.9,23404.8,227,440,0
2026-07-07 19:15:00,23405.8,23409.8,23382.3,23404.8,240,440,0
2026-07-07 19:30:00,23405.8,23416.8,23405.1,23411.2,222,440,0
2026-07-07 19:45:00,23411.8,23427.8,23405.9,23425.8,206,440,0
2026-07-07 20:00:00,23425.2,23425.2,23416.1,23417.8,138,440,0
2026-07-07 20:15:00,23417.2,23418.8,23411.9,23415.2,72,440,0
2026-07-07 20:30:00,23415.8,23415.8,23412.2,23413.2,48,440,0
2026-07-07 20:45:00,23413.8,23413.8,23406.2,23406.2,55,440,0
2026-07-07 22:00:00,23357.0,23367.7,23346.2,23364.7,193,440,0
2026-07-07 22:15:00,23365.8,23368.8,23363.1,23366.8,88,440,0
2026-07-07 22:30:00,23366.1,23369.8,23362.2,23364.1,98,440,0
2026-07-07 22:45:00,23363.2,23369.8,23360.2,23367.2,92,440,0
2026-07-07 23:00:00,23366.2,23370.8,23360.2,23367.8,115,440,0
2026-07-07 23:15:00,23367.1,23379.8,23366.1,23378.7,90,440,0
2026-07-07 23:30:00,23378.1,23380.8,23359.2,23361.9,125,440,0
2026-07-07 23:45:00,23363.8,23372.8,23338.2,23348.9,291,440,0
2026-07-08 00:00:00,23347.2,23392.6,23327.9,23381.6,477,440,0
2026-07-08 00:15:00,23383.6,23425.7,23363.1,23419.6,409,440,0
2026-07-08 00:30:00,23420.6,23444.7,23398.0,23441.8,348,440,0
2026-07-08 01:15:00,23415.1,23501.9,23372.6,23500.3,742,156,0
2026-07-08 01:30:00,23496.9,23791.9,23474.9,23763.0,1590,156,0
2026-07-08 01:45:00,23762.0,23868.3,23731.8,23851.8,1479,148,0
2026-07-08 02:00:00,23853.4,23891.3,23806.9,23821.4,1399,148,0
2026-07-08 02:15:00,23823.4,23902.3,23801.9,23871.4,1030,148,0
2026-07-08 02:30:00,23869.8,23875.4,23774.9,23786.4,1005,148,0
2026-07-08 02:45:00,23786.7,23824.3,23754.8,23800.4,878,148,0
2026-07-08 03:00:00,23802.3,23898.4,23797.8,23878.1,967,148,0
2026-07-08 03:15:00,23881.6,23972.3,23860.1,23966.8,872,148,0
2026-07-08 03:30:00,23965.8,24029.3,23965.8,23990.4,1004,148,0
2026-07-08 03:45:00,23988.8,24016.3,23975.9,23986.0,589,148,0
2026-07-08 04:00:00,23970.7,23970.7,23949.1,23950.1,166,440,0
2026-07-08 04:15:00,23950.7,23957.6,23942.0,23942.3,186,440,0
2026-07-08 05:00:00,23948.3,24071.3,23922.3,24059.4,1148,148,0
2026-07-08 05:15:00,24057.8,24119.9,24057.8,24094.4,850,148,0
2026-07-08 05:30:00,24094.7,24159.0,24046.5,24135.8,772,148,0
2026-07-08 05:45:00,24133.8,24169.3,24070.9,24161.3,776,148,0
2026-07-08 06:00:00,24162.3,24177.3,24125.9,24172.8,684,148,0
2026-07-08 06:15:00,24172.4,24244.1,24170.7,24223.8,620,148,0
2026-07-08 06:30:00,24221.8,24247.3,24162.8,24174.4,717,148,0
2026-07-08 06:45:00,24176.4,24184.4,24074.8,24079.4,704,148,0
2026-07-08 07:00:00,24077.8,24081.6,23999.9,24041.8,840,148,0
2026-07-08 07:15:00,24043.3,24118.7,24036.4,24104.8,641,148,0
2026-07-08 07:30:00,24103.8,24155.3,24098.8,24129.4,596,148,0
2026-07-08 07:45:00,24130.6,24139.6,24113.8,24115.8,462,148,0
2026-07-08 08:00:00,24116.6,24132.4,24094.8,24117.3,529,148,0
2026-07-08 08:15:00,24116.8,24124.3,23964.9,23979.9,1071,148,0
2026-07-08 09:15:00,23861.3,23885.4,23836.9,23851.5,916,148,0
2026-07-08 09:30:00,23852.0,23876.6,23840.6,23867.0,638,148,0
2026-07-08 09:45:00,23866.5,23881.6,23850.6,23857.6,560,148,0
2026-07-08 10:00:00,23858.9,23868.2,23834.4,23855.0,512,148,0
2026-07-08 10:15:00,23855.6,23901.3,23850.0,23890.8,540,148,0
2026-07-08 10:30:00,23889.7,23914.5,23877.6,23914.4,480,148,0
2026-07-08 10:45:00,23914.8,23916.9,23883.6,23887.6,427,148,0
2026-07-08 11:00:00,23888.4,23891.1,23847.6,23862.6,513,148,0
2026-07-08 11:15:00,23864.0,23866.5,23839.0,23850.2,423,148,0
2026-07-08 11:30:00,23849.3,23943.4,23832.1,23905.5,679,148,0
2026-07-08 11:45:00,23904.5,23904.5,23836.7,23865.6,690,148,0
2026-07-08 12:00:00,23864.8,23898.5,23849.2,23883.7,573,148,0
2026-07-08 12:15:00,23885.3,23906.5,23862.6,23883.9,503,148,0
2026-07-08 12:30:00,23884.2,23919.5,23874.6,23918.4,486,148,0
2026-07-08 12:45:00,23918.5,23950.5,23906.4,23907.6,603,148,0
2026-07-08 13:00:00,23908.6,23947.3,23901.6,23935.6,604,148,0
2026-07-08 13:15:00,23937.2,23957.0,23923.7,23937.6,588,148,0
2026-07-08 13:30:00,23938.8,23969.5,23886.1,23895.4,1110,148,0
2026-07-08 13:45:00,23894.6,23952.2,23893.9,23949.6,876,148,0
2026-07-08 14:00:00,23951.7,23957.6,23904.7,23910.5,841,148,0
2026-07-08 14:15:00,23909.7,24028.9,23906.0,23966.5,812,148,0
2026-07-08 14:30:00,23965.4,23977.7,23893.5,23919.0,780,148,0
2026-07-08 14:45:00,23918.6,23932.5,23871.7,23878.6,729,148,0
2026-07-08 15:00:00,23880.9,23901.6,23848.6,23853.2,671,148,0
2026-07-08 15:15:00,23852.6,23877.3,23827.1,23840.7,647,148,0
2026-07-08 15:30:00,23843.2,23895.4,23832.4,23861.9,695,148,0
2026-07-08 15:45:00,23862.6,23874.4,23850.2,23854.6,537,148,0
2026-07-08 16:00:00,23856.0,23885.6,23853.6,23871.6,583,148,0
2026-07-08 16:15:00,23873.4,23884.6,23864.6,23870.6,489,148,0
2026-07-08 16:30:00,23869.3,23918.2,23866.7,23911.6,628,148,0
2026-07-08 16:45:00,23913.2,23928.3,23901.6,23924.6,469,148,0
2026-07-08 17:00:00,23923.2,23944.9,23911.9,23913.6,507,148,0
2026-07-08 17:15:00,23912.7,23964.5,23912.7,23956.4,486,148,0
2026-07-08 17:30:00,23956.6,23959.5,23922.6,23924.1,420,148,0
2026-07-08 17:45:00,23924.6,23925.6,23901.6,23907.4,363,148,0
2026-07-08 18:00:00,23905.8,23946.1,23897.8,23939.6,510,148,0
2026-07-08 18:15:00,23941.3,23948.6,23931.6,23936.8,432,148,0
2026-07-08 18:30:00,23936.6,23938.6,23919.7,23934.6,419,148,0
2026-07-08 18:45:00,23934.8,23943.6,23914.0,23927.4,381,148,0
2026-07-08 19:00:00,23912.8,23922.8,23909.2,23910.2,165,440,0
2026-07-08 19:15:00,23910.8,23911.8,23902.2,23909.2,137,440,0
2026-07-08 19:30:00,23909.8,23911.8,23894.2,23899.8,166,440,0
2026-07-08 19:45:00,23900.1,23928.8,23891.2,23914.2,246,440,0
2026-07-08 20:00:00,23914.3,23915.8,23894.2,23901.2,160,440,0
2026-07-08 20:15:00,23900.3,23900.3,23888.2,23889.2,98,440,0
2026-07-08 20:30:00,23889.9,23890.9,23873.3,23885.2,143,440,0
2026-07-08 20:45:00,23885.9,23889.9,23881.8,23882.2,89,440,0
2026-07-08 22:00:00,23907.0,23913.7,23886.3,23892.9,149,440,0
2026-07-08 22:15:00,23892.2,23896.9,23884.3,23889.8,89,440,0
2026-07-08 22:30:00,23890.8,23899.8,23886.3,23890.3,114,440,0
2026-07-08 22:45:00,23890.9,23895.8,23889.2,23895.2,72,440,0
2026-07-08 23:00:00,23894.2,23906.8,23894.2,23904.9,91,440,0
2026-07-08 23:15:00,23904.1,23905.8,23891.2,23899.2,112,440,0
2026-07-08 23:30:00,23897.3,23919.1,23890.9,23915.8,141,440,0
2026-07-08 23:45:00,23916.8,23925.7,23902.9,23914.2,253,440,0
2026-07-09 00:00:00,23914.8,23934.9,23909.2,23934.9,346,440,0
2026-07-09 00:15:00,23933.4,23939.0,23911.4,23938.0,283,440,0
2026-07-09 00:30:00,23938.3,23946.9,23928.4,23938.4,292,440,0
2026-07-09 01:15:00,23968.2,24120.3,23922.5,24072.3,1326,148,0
2026-07-09 01:30:00,24074.3,24162.3,23987.5,23991.4,2350,148,0
2026-07-09 01:45:00,23993.4,24209.3,23991.8,24201.8,1533,148,0
2026-07-09 02:00:00,24205.3,24276.3,24147.9,24268.8,1440,148,0
2026-07-09 02:15:00,24267.8,24280.3,24160.9,24192.4,1117,148,0
2026-07-09 02:30:00,24191.9,24191.9,24067.4,24081.4,1156,148,0
2026-07-09 02:45:00,24079.8,24109.3,24020.9,24029.4,1036,148,0
2026-07-09 03:00:00,24027.9,24039.3,23976.8,23976.8,908,148,0
2026-07-09 03:15:00,23976.4,24001.4,23951.9,23959.4,862,148,0
2026-07-09 03:30:00,23957.8,23985.9,23941.8,23965.4,565,148,0
2026-07-09 03:45:00,23964.7,23973.3,23933.8,23949.8,454,148,0
2026-07-09 04:00:00,23934.1,23939.8,23930.2,23933.2,171,440,0
2026-07-09 04:15:00,23934.8,23941.8,23915.2,23920.9,169,440,0
2026-07-09 05:00:00,23950.6,24029.2,23926.9,24007.4,1065,148,0
2026-07-09 05:15:00,24009.4,24026.3,23870.8,23898.5,1002,148,0
2026-07-09 05:30:00,23896.9,23908.3,23850.8,23889.7,824,148,0
2026-07-09 05:45:00,23891.3,23980.4,23887.8,23942.9,811,148,0
2026-07-09 06:00:00,23943.5,23961.4,23919.9,23931.8,793,148,0
2026-07-09 06:15:00,23933.4,23979.4,23896.9,23957.7,694,148,0
2026-07-09 06:30:00,23961.4,23985.3,23949.9,23982.3,658,148,0
2026-07-09 06:45:00,23983.3,23985.3,23959.9,23968.4,453,148,0
2026-07-09 07:00:00,23970.4,23993.7,23947.5,23992.2,533,148,0
2026-07-09 07:15:00,23988.8,23999.4,23965.9,23970.9,405,148,0
2026-07-09 07:30:00,23971.5,23984.4,23950.7,23965.8,426,148,0
2026-07-09 07:45:00,23967.4,23969.3,23936.9,23945.8,454,148,0
2026-07-09 08:00:00,23944.8,23948.3,23913.6,23926.8,459,148,0
2026-07-09 08:15:00,23928.4,23943.4,23922.9,23923.2,234,148,0
2026-07-09 09:15:00,23917.8,23917.8,23883.9,23888.6,341,148,0
2026-07-09 09:30:00,23887.7,23888.6,23846.6,23852.0,410,148,0
2026-07-09 09:45:00,23851.6,23893.1,23849.9,23892.5,331,148,0
2026-07-09 10:00:00,23892.9,23898.0,23868.2,23874.4,288,148,0
2026-07-09 10:15:00,23873.6,23879.6,23855.9,23857.3,243,148,0
2026-07-09 10:30:00,23856.3,23857.6,23836.6,23847.6,276,148,0
2026-07-09 10:45:00,23847.8,23848.6,23806.6,23832.3,409,148,0
2026-07-09 11:00:00,23833.6,23852.4,23818.6,23841.4,343,148,0
2026-07-09 11:15:00,23841.6,23844.8,23829.6,23841.6,341,148,0
2026-07-09 11:30:00,23840.7,23848.9,23828.6,23847.4,308,148,0
2026-07-09 11:45:00,23846.8,23863.7,23841.6,23844.6,274,148,0
2026-07-09 12:00:00,23845.8,23874.5,23838.6,23868.6,356,148,0
2026-07-09 12:15:00,23869.2,23885.5,23860.6,23885.5,325,148,0
2026-07-09 12:30:00,23885.0,23905.5,23872.6,23874.5,412,148,0
2026-07-09 12:45:00,23876.6,23880.7,23860.6,23876.6,353,148,0
2026-07-09 13:00:00,23877.5,23910.0,23875.6,23908.4,372,148,0
2026-07-09 13:15:00,23909.3,23919.6,23887.8,23893.5,306,148,0
2026-07-09 13:30:00,23892.0,23940.9,23866.0,23918.3,950,148,0
2026-07-09 13:45:00,23920.6,23977.8,23916.1,23937.6,718,148,0
2026-07-09 14:00:00,23939.1,23987.5,23929.1,23975.8,704,148,0
2026-07-09 14:15:00,23976.6,23976.6,23907.6,23961.5,752,148,0
2026-07-09 14:30:00,23959.5,23983.8,23956.3,23961.0,615,148,0
2026-07-09 14:45:00,23960.6,24001.4,23958.9,24000.9,556,148,0
2026-07-09 15:00:00,24001.6,24019.5,23994.2,24000.6,414,148,0
2026-07-09 15:15:00,23998.8,24007.4,23974.6,23989.9,409,148,0
2026-07-09 15:30:00,23989.6,24004.7,23969.6,23990.6,425,148,0
2026-07-09 15:45:00,23990.9,24004.1,23987.0,23988.6,290,148,0
2026-07-09 16:00:00,23987.1,24011.5,23986.6,24007.6,274,148,0
2026-07-09 16:15:00,24008.3,24009.8,23983.5,23991.4,263,148,0
2026-07-09 16:30:00,23990.8,23996.6,23981.6,23984.0,294,148,0
2026-07-09 16:45:00,23984.4,23989.6,23971.6,23976.6,220,148,0
2026-07-09 17:00:00,23977.1,24000.0,23973.5,23990.6,233,148,0
2026-07-09 17:15:00,23991.4,24011.4,23989.6,24007.5,215,148,0
2026-07-09 17:30:00,24007.7,24021.5,24006.5,24021.5,232,148,0
2026-07-09 17:45:00,24022.5,24030.1,24008.2,24016.7,208,148,0
2026-07-09 18:00:00,24015.8,24033.6,24012.8,24032.5,216,148,0
2026-07-09 18:15:00,24034.0,24036.5,24002.6,24005.6,244,148,0
2026-07-09 18:30:00,24006.6,24009.4,23991.6,23997.6,252,148,0
2026-07-09 18:45:00,23997.1,24012.6,23994.7,24001.4,239,148,0
2026-07-09 19:00:00,23987.8,23987.8,23980.2,23983.9,90,440,0
2026-07-09 19:15:00,23982.2,23996.7,23980.2,23995.8,73,440,0
2026-07-09 19:30:00,23995.1,24002.8,23987.2,24002.8,99,440,0
2026-07-09 19:45:00,24003.7,24006.8,23992.2,24005.8,161,440,0
2026-07-09 20:00:00,24006.1,24009.8,23996.2,24008.1,107,440,0
2026-07-09 20:15:00,24007.2,24008.7,24001.2,24003.1,48,440,0
2026-07-09 20:30:00,24003.8,24010.8,24003.8,24005.1,56,440,0
2026-07-09 20:45:00,24004.2,24004.8,24001.2,24002.8,47,440,0
2026-07-09 22:00:00,24005.2,24041.6,24003.2,24033.8,135,440,0
2026-07-09 22:15:00,24032.9,24035.6,24026.0,24027.0,82,440,0
2026-07-09 22:30:00,24026.1,24030.7,24026.1,24029.7,46,440,0
2026-07-09 22:45:00,24030.7,24033.7,24029.1,24031.7,42,440,0
2026-07-09 23:00:00,24032.7,24035.8,24025.1,24034.8,74,440,0
2026-07-09 23:15:00,24035.7,24044.8,24032.8,24044.1,56,440,0
2026-07-09 23:30:00,24043.2,24043.8,24037.8,24039.1,89,440,0
2026-07-09 23:45:00,24039.8,24049.7,24034.2,24042.2,210,440,0
2026-07-10 00:00:00,24044.5,24046.8,24010.3,24021.8,353,440,0
2026-07-10 00:15:00,24022.8,24028.7,24008.2,24011.2,245,440,0
2026-07-10 00:30:00,24012.8,24016.8,23999.2,24009.2,246,440,0
2026-07-10 01:15:00,24034.3,24171.3,24030.3,24122.8,841,148,0
2026-07-10 01:30:00,24121.9,24170.4,23995.8,24039.4,2053,148,0
2026-07-10 01:45:00,24041.4,24238.7,24031.9,24149.9,1381,148,0
2026-07-10 02:00:00,24151.4,24334.4,24135.9,24324.8,1298,148,0
2026-07-10 02:15:00,24326.4,24337.3,24249.8,24289.8,1092,148,0
2026-07-10 02:30:00,24291.4,24351.3,24286.8,24340.3,955,148,0
2026-07-10 02:45:00,24341.4,24435.3,24337.8,24355.6,852,148,0
2026-07-10 03:00:00,24353.8,24433.3,24335.9,24427.8,815,148,0
2026-07-10 03:15:00,24426.8,24443.7,24409.9,24438.8,699,148,0
2026-07-10 03:30:00,24437.8,24440.7,24404.9,24419.8,543,148,0
2026-07-10 03:45:00,24419.5,24438.3,24393.5,24432.3,447,148,0
2026-07-10 04:00:00,24417.1,24420.7,24414.2,24415.1,141,440,0
2026-07-10 04:15:00,24414.2,24419.7,24405.2,24405.2,111,440,0
2026-07-10 05:00:00,24430.3,24430.3,24344.9,24363.4,880,148,0
2026-07-10 05:15:00,24361.8,24368.4,24302.9,24309.4,652,148,0
2026-07-10 05:30:00,24310.4,24312.4,24274.8,24284.8,672,148,0
2026-07-10 05:45:00,24286.4,24295.3,24261.8,24264.8,584,148,0
2026-07-10 06:00:00,24267.1,24283.4,24241.8,24261.4,630,148,0
2026-07-10 06:15:00,24262.4,24271.4,24236.5,24243.8,536,148,0
2026-07-10 06:30:00,24241.8,24266.4,24209.5,24222.8,518,148,0
2026-07-10 06:45:00,24221.6,24240.4,24204.9,24233.4,463,148,0
2026-07-10 07:00:00,24231.9,24235.3,24184.8,24191.4,500,148,0
2026-07-10 07:15:00,24189.8,24189.8,24141.6,24150.8,408,148,0
2026-07-10 07:30:00,24148.9,24150.3,24112.9,24128.4,451,148,0
2026-07-10 07:45:00,24130.3,24130.3,24080.4,24116.8,512,148,0
2026-07-10 08:00:00,24115.6,24126.3,24100.8,24118.4,468,148,0
2026-07-10 08:15:00,24117.8,24126.3,24103.4,24103.4,296,148,0
2026-07-10 09:15:00,24111.4,24130.5,24108.2,24124.8,340,148,0
2026-07-10 09:30:00,24126.6,24127.4,24104.6,24108.6,301,148,0
2026-07-10 09:45:00,24108.9,24120.8,24107.5,24120.3,234,148,0
2026-07-10 10:00:00,24120.7,24148.5,24120.7,24145.2,235,148,0
2026-07-10 10:15:00,24144.6,24162.9,24134.3,24160.6,246,148,0
2026-07-10 10:30:00,24160.3,24166.5,24153.6,24160.9,214,148,0
2026-07-10 10:45:00,24161.3,24167.5,24151.6,24161.6,219,148,0
2026-07-10 11:00:00,24160.0,24164.6,24155.6,24160.5,241,148,0
2026-07-10 11:15:00,24160.8,24167.5,24138.9,24144.5,230,148,0
2026-07-10 11:30:00,24143.6,24143.6,24116.6,24133.6,322,148,0
2026-07-10 11:45:00,24134.6,24145.6,24130.3,24134.6,238,148,0
2026-07-10 12:00:00,24135.4,24212.3,24112.6,24167.2,468,148,0
2026-07-10 12:15:00,24168.9,24174.0,24145.0,24152.4,467,148,0
2026-07-10 12:30:00,24154.9,24157.5,24129.6,24133.6,377,148,0
2026-07-10 12:45:00,24134.6,24156.2,24131.6,24154.5,324,148,0
2026-07-10 13:00:00,24153.7,24169.9,24144.2,24168.6,379,148,0
2026-07-10 13:15:00,24169.8,24170.2,24119.9,24120.2,293,148,0
2026-07-10 13:30:00,24120.7,24203.7,24117.7,24156.8,968,148,0
2026-07-10 13:45:00,24158.2,24221.2,24141.9,24201.4,720,148,0
2026-07-10 14:00:00,24199.9,24238.2,24187.7,24215.6,644,148,0
2026-07-10 14:15:00,24216.6,24230.5,24193.7,24208.6,551,148,0
2026-07-10 14:30:00,24210.2,24221.6,24100.5,24209.6,983,148,0
2026-07-10 14:45:00,24208.8,24222.3,24183.8,24187.8,537,148,0
2026-07-10 15:00:00,24190.0,24195.6,24154.6,24159.3,567,148,0
2026-07-10 15:15:00,24158.6,24201.5,24157.6,24186.6,549,148,0
2026-07-10 15:30:00,24188.1,24189.3,24155.6,24157.6,510,148,0
2026-07-10 15:45:00,24158.6,24179.7,24149.7,24174.2,393,148,0
2026-07-10 16:00:00,24175.3,24194.6,24174.6,24188.0,421,148,0
2026-07-10 16:15:00,24188.6,24198.6,24179.8,24186.6,314,148,0
2026-07-10 16:30:00,24186.9,24190.5,24178.4,24183.6,212,148,0
2026-07-10 16:45:00,24183.8,24202.6,24181.6,24194.8,245,148,0
2026-07-10 17:00:00,24194.6,24199.6,24169.6,24177.6,259,148,0
2026-07-10 17:15:00,24177.8,24183.3,24171.6,24175.4,196,148,0
2026-07-10 17:30:00,24175.6,24177.6,24168.6,24173.7,222,148,0
2026-07-10 17:45:00,24174.6,24176.3,24151.6,24152.1,214,148,0
2026-07-10 18:00:00,24153.4,24167.3,24149.9,24155.6,260,148,0
2026-07-10 18:15:00,24155.3,24166.3,24142.6,24161.6,266,148,0
2026-07-10 18:30:00,24163.3,24166.5,24158.6,24160.1,188,148,0
2026-07-10 18:45:00,24160.6,24186.4,24159.9,24184.4,204,148,0
2026-07-10 19:00:00,24169.8,24177.8,24169.3,24177.1,63,440,0
2026-07-10 19:15:00,24176.2,24177.8,24173.1,24174.1,45,440,0
2026-07-10 19:30:00,24173.2,24173.8,24166.2,24168.2,73,440,0
2026-07-10 19:45:00,24167.2,24181.1,24167.2,24181.1,108,440,0
2026-07-12 22:00:00,24151.0,24151.0,24111.2,24112.2,238,440,0
2026-07-12 22:15:00,24112.9,24122.8,24108.9,24122.8,151,440,0
2026-07-12 22:30:00,24123.8,24130.8,24121.2,24128.2,104,440,0
2026-07-12 22:45:00,24127.2,24137.8,24122.9,24136.8,77,440,0
2026-07-12 23:00:00,24135.2,24137.8,24130.2,24133.8,87,440,0
2026-07-12 23:15:00,24133.1,24133.8,24125.2,24128.2,75,440,0
2026-07-12 23:30:00,24127.2,24133.8,24121.9,24130.2,74,440,0
2026-07-12 23:45:00,24129.9,24129.9,24105.3,24119.9,271,440,0
2026-07-13 00:00:00,24117.6,24165.8,24107.3,24156.8,420,440,0
2026-07-13 00:15:00,24155.2,24162.1,24133.2,24144.8,335,440,0
2026-07-13 00:30:00,24144.2,24144.8,24102.2,24107.2,341,440,0
2026-07-13 01:15:00,24125.5,24193.3,24041.9,24087.3,1182,148,0
2026-07-13 01:30:00,24085.8,24358.3,24061.0,24283.8,3177,148,0
2026-07-13 01:45:00,24287.0,24392.3,24250.9,24329.3,2267,148,0
2026-07-13 02:00:00,24331.3,24372.3,24285.9,24311.8,2115,148,0
2026-07-13 02:15:00,24315.4,24369.3,24258.9,24263.8,1743,148,0
2026-07-13 02:30:00,24262.0,24300.3,24170.9,24175.4,1330,148,0
2026-07-13 02:45:00,24177.4,24190.3,24099.8,24106.4,1000,148,0
2026-07-13 03:00:00,24104.3,24120.4,24058.8,24068.3,941,148,0
2026-07-13 03:15:00,24067.0,24090.4,24042.8,24083.4,890,148,0
2026-07-13 03:30:00,24081.8,24105.3,24059.9,24076.8,649,148,0
2026-07-13 03:45:00,24077.4,24095.3,24073.8,24089.7,430,148,0
2026-07-13 04:00:00,24088.8,24088.8,24055.2,24059.7,175,148,0
2026-07-13 04:15:00,24059.1,24066.7,24056.1,24064.1,138,440,0
2026-07-13 05:00:00,24067.3,24184.7,24052.1,24177.3,952,148,0
2026-07-13 05:15:00,24177.7,24180.4,24052.9,24067.7,848,148,0
2026-07-13 05:30:00,24066.8,24215.4,24049.8,24159.4,1107,148,0
2026-07-13 05:45:00,24157.8,24201.3,24109.9,24162.7,918,148,0
2026-07-13 06:00:00,24164.3,24172.3,24052.8,24056.8,836,148,0
2026-07-13 06:15:00,24054.9,24087.4,24049.8,24081.8,661,148,0
2026-07-13 06:30:00,24083.3,24143.3,24076.8,24133.3,739,148,0
2026-07-13 06:45:00,24132.7,24163.3,24103.8,24115.8,633,148,0
2026-07-13 07:00:00,24118.0,24165.5,24103.8,24156.8,628,148,0
2026-07-13 07:15:00,24155.8,24164.8,24137.8,24145.8,443,148,0
2026-07-13 07:30:00,24144.8,24144.8,24107.8,24130.4,464,148,0
2026-07-13 07:45:00,24129.8,24147.4,24118.4,24143.8,417,148,0
2026-07-13 08:00:00,24145.3,24163.3,24138.8,24151.4,476,148,0
2026-07-13 08:15:00,24152.4,24173.3,24148.3,24148.3,282,148,0
2026-07-13 09:15:00,24149.2,24175.4,24149.2,24167.5,289,148,0
2026-07-13 09:30:00,24166.6,24178.6,24161.3,24175.6,291,148,0
2026-07-13 09:45:00,24173.9,24176.6,24163.6,24170.6,228,148,0
2026-07-13 10:00:00,24170.0,24178.6,24165.0,24170.5,255,148,0
2026-07-13 10:15:00,24169.2,24172.9,24153.6,24155.3,239,148,0
2026-07-13 10:30:00,24155.6,24171.6,24154.1,24163.6,213,148,0
2026-07-13 10:45:00,24161.9,24173.5,24158.6,24169.3,218,148,0
2026-07-13 11:00:00,24169.0,24177.5,24134.3,24139.6,356,148,0
2026-07-13 11:15:00,24138.6,24153.0,24125.6,24149.6,287,148,0
2026-07-13 11:30:00,24148.3,24165.6,24146.9,24161.5,258,148,0
2026-07-13 11:45:00,24161.6,24161.6,24130.9,24136.4,247,148,0
2026-07-13 12:00:00,24136.6,24142.2,24097.6,24109.3,435,148,0
2026-07-13 12:15:00,24111.6,24125.5,24104.6,24110.6,351,148,0
2026-07-13 12:30:00,24109.6,24118.8,24102.0,24117.8,334,148,0
2026-07-13 12:45:00,24117.6,24160.5,24117.6,24156.4,305,148,0
2026-07-13 13:00:00,24157.2,24165.6,24140.6,24149.6,352,148,0
2026-07-13 13:15:00,24149.2,24172.0,24136.0,24172.0,289,148,0
2026-07-13 13:30:00,24175.0,24257.4,24175.0,24244.6,1003,148,0
2026-07-13 13:45:00,24241.9,24246.6,24209.4,24221.6,752,148,0
2026-07-13 14:00:00,24223.3,24227.5,24142.6,24170.6,693,148,0
2026-07-13 14:15:00,24172.1,24179.2,24076.5,24169.7,875,148,0
2026-07-13 14:30:00,24170.3,24170.3,24112.6,24122.1,596,148,0
2026-07-13 14:45:00,24121.6,24160.7,24116.6,24158.6,524,148,0
2026-07-13 15:00:00,24159.6,24172.5,24126.5,24134.6,466,148,0
2026-07-13 15:15:00,24133.6,24143.6,24126.6,24137.2,430,148,0
2026-07-13 15:30:00,24134.7,24141.5,24122.6,24128.9,436,148,0
2026-07-13 15:45:00,24129.2,24137.2,24120.6,24132.5,383,148,0
2026-07-13 16:00:00,24133.0,24152.6,24126.6,24143.6,339,148,0
2026-07-13 16:15:00,24144.6,24146.6,24095.2,24103.6,434,148,0
2026-07-13 16:30:00,24105.0,24105.0,24063.1,24103.6,556,148,0
2026-07-13 16:45:00,24105.2,24115.6,24081.6,24098.6,500,148,0
2026-07-13 17:00:00,24098.8,24134.9,24097.6,24121.5,382,148,0
2026-07-13 17:15:00,24121.3,24129.6,24102.6,24103.6,370,148,0
2026-07-13 17:30:00,24105.0,24114.6,24089.3,24111.6,334,148,0
2026-07-13 17:45:00,24111.7,24120.6,24081.0,24081.6,402,148,0
2026-07-13 18:00:00,24082.6,24097.6,24073.5,24085.6,374,148,0
2026-07-13 18:15:00,24084.6,24085.6,24059.3,24060.6,341,148,0
2026-07-13 18:30:00,24059.2,24080.2,24055.2,24072.6,363,148,0
2026-07-13 18:45:00,24073.1,24098.8,24066.0,24098.8,323,148,0
2026-07-13 19:00:00,24084.0,24084.0,24060.3,24063.9,154,440,0
2026-07-13 19:15:00,24063.2,24072.8,24050.3,24053.9,177,440,0
2026-07-13 19:30:00,24054.8,24063.8,24047.9,24062.2,192,440,0
2026-07-13 19:45:00,24062.9,24064.9,24037.3,24051.3,189,440,0
2026-07-13 20:00:00,24050.3,24050.3,24040.2,24042.2,141,440,0
2026-07-13 20:15:00,24041.3,24041.3,24021.0,24033.9,110,440,0
2026-07-13 20:30:00,24033.2,24033.9,24027.3,24030.8,55,440,0
2026-07-13 20:45:00,24030.2,24030.9,24025.2,24027.8,64,440,0
2026-07-13 22:00:00,24042.9,24057.8,24036.0,24036.9,167,440,0
2026-07-13 22:15:00,24036.1,24041.7,24031.2,24031.2,91,440,0
2026-07-13 22:30:00,24031.8,24036.1,24027.2,24035.8,100,440,0
2026-07-13 22:45:00,24035.1,24038.8,24020.2,24021.2,114,440,0
2026-07-13 23:00:00,24021.8,24023.7,24010.2,24013.8,122,440,0
2026-07-13 23:15:00,24013.1,24020.7,24012.1,24012.1,93,440,0
2026-07-13 23:30:00,24011.2,24011.2,23995.2,23995.8,114,440,0
2026-07-13 23:45:00,23995.1,24025.6,23986.2,24023.6,353,440,0
2026-07-14 00:00:00,24025.6,24038.7,23976.3,24037.1,555,440,0
2026-07-14 00:15:00,24037.8,24038.7,23975.3,24011.8,542,440,0
2026-07-14 00:30:00,24013.8,24031.8,23984.3,23991.8,457,440,0
2026-07-14 01:15:00,24082.2,24085.5,23998.9,24051.8,943,148,0
2026-07-14 01:30:00,24055.3,24064.2,23847.1,23854.6,2064,148,0
2026-07-14 01:45:00,23853.1,23929.7,23833.8,23906.4,1337,148,0
2026-07-14 02:00:00,23904.8,24196.0,23897.8,24148.3,1882,148,0
2026-07-14 02:15:00,24150.4,24196.3,24109.8,24147.8,1477,148,0
2026-07-14 02:30:00,24152.1,24179.7,24108.8,24111.5,1309,148,0
2026-07-14 02:45:00,24110.8,24124.3,24008.8,24025.3,1049,148,0
2026-07-14 03:00:00,24023.8,24042.3,23940.8,23971.3,936,148,0
2026-07-14 03:15:00,23967.8,24003.4,23945.7,23996.8,829,148,0
2026-07-14 03:30:00,23999.4,24002.3,23941.9,23990.4,665,148,0
2026-07-14 03:45:00,23989.7,24055.7,23984.8,24055.7,493,148,0
2026-07-14 04:00:00,24041.7,24054.7,24020.2,24025.8,228,440,0
2026-07-14 04:15:00,24024.2,24050.8,24017.2,24049.8,211,440,0
2026-07-14 05:00:00,24079.6,24266.3,24079.6,24254.8,1519,148,0
2026-07-14 05:15:00,24256.3,24258.3,24182.9,24224.4,973,148,0
2026-07-14 05:30:00,24226.4,24284.4,24221.8,24255.8,895,148,0
2026-07-14 05:45:00,24257.8,24348.3,24238.5,24314.9,775,148,0
2026-07-14 06:00:00,24317.6,24366.4,24296.9,24330.8,877,148,0
2026-07-14 06:15:00,24329.8,24374.3,24327.8,24372.3,652,148,0
2026-07-14 06:30:00,24374.3,24386.3,24329.8,24349.8,630,148,0
2026-07-14 06:45:00,24348.8,24349.4,24306.9,24319.4,492,148,0
2026-07-14 07:00:00,24317.8,24365.3,24293.8,24316.8,594,148,0
2026-07-14 07:15:00,24314.8,24330.7,24287.8,24296.8,477,148,0
2026-07-14 07:30:00,24297.4,24308.4,24284.8,24290.8,413,148,0
2026-07-14 07:45:00,24288.8,24303.3,24273.6,24301.4,437,148,0
2026-07-14 08:00:00,24302.3,24333.3,24291.9,24295.4,508,148,0
2026-07-14 08:15:00,24297.4,24302.3,24272.9,24299.5,319,148,0
2026-07-14 09:15:00,24309.7,24313.3,24279.6,24288.6,439,148,0
2026-07-14 09:30:00,24288.8,24302.5,24287.6,24293.6,325,148,0
2026-07-14 09:45:00,24292.2,24312.6,24291.6,24300.6,307,148,0
2026-07-14 10:00:00,24301.0,24318.1,24296.0,24305.3,294,148,0
2026-07-14 10:15:00,24305.6,24311.1,24294.1,24303.3,312,148,0
2026-07-14 10:30:00,24302.1,24312.3,24288.6,24291.7,395,148,0
2026-07-14 10:45:00,24291.8,24297.6,24281.7,24285.6,314,148,0
2026-07-14 11:00:00,24284.6,24288.3,24263.7,24282.1,505,148,0
2026-07-14 11:15:00,24282.6,24321.1,24277.6,24302.6,501,148,0
2026-07-14 11:30:00,24303.9,24322.5,24276.0,24280.6,439,148,0
2026-07-14 11:45:00,24280.7,24317.4,24280.6,24316.6,352,148,0
2026-07-14 12:00:00,24315.8,24315.8,24286.5,24294.7,376,148,0
2026-07-14 12:15:00,24296.2,24361.3,24292.3,24361.3,439,148,0
2026-07-14 12:30:00,24380.8,24579.9,24380.8,24514.8,1299,148,0
2026-07-14 12:45:00,24514.6,24521.4,24438.7,24443.6,679,148,0
2026-07-14 13:00:00,24445.3,24476.5,24433.3,24446.8,651,148,0
2026-07-14 13:15:00,24446.6,24467.1,24424.6,24467.1,589,148,0
2026-07-14 13:30:00,24465.7,24530.2,24398.0,24467.6,1078,148,0
2026-07-14 13:45:00,24466.7,24495.5,24426.6,24429.7,780,148,0
2026-07-14 14:00:00,24429.6,24473.6,24418.7,24471.6,892,148,0
2026-07-14 14:15:00,24472.6,24472.6,24416.1,24421.0,830,148,0
2026-07-14 14:30:00,24420.6,24513.9,24418.3,24456.6,815,148,0
2026-07-14 14:45:00,24456.1,24461.6,24435.6,24452.6,553,148,0
2026-07-14 15:00:00,24454.2,24502.9,24429.6,24461.5,754,148,0
2026-07-14 15:15:00,24460.6,24461.5,24410.7,24418.2,504,148,0
2026-07-14 15:30:00,24418.6,24428.4,24380.2,24406.6,558,148,0
2026-07-14 15:45:00,24407.6,24429.5,24391.6,24399.6,479,148,0
2026-07-14 16:00:00,24401.3,24406.8,24381.6,24405.2,472,148,0
2026-07-14 16:15:00,24404.6,24408.4,24389.2,24405.6,410,148,0
2026-07-14 16:30:00,24404.2,24414.8,24393.0,24397.6,325,148,0
2026-07-14 16:45:00,24398.4,24400.6,24381.8,24396.6,301,148,0
2026-07-14 17:00:00,24395.1,24399.2,24365.7,24365.7,304,148,0
2026-07-14 17:15:00,24365.9,24375.6,24358.6,24375.5,290,148,0
2026-07-14 17:30:00,24376.6,24379.6,24353.2,24358.6,247,148,0
2026-07-14 17:45:00,24357.6,24361.5,24348.0,24348.7,221,148,0
2026-07-14 18:00:00,24347.6,24355.5,24345.4,24354.6,247,148,0
2026-07-14 18:15:00,24355.5,24365.8,24349.6,24364.3,223,148,0
2026-07-14 18:30:00,24363.6,24369.6,24339.6,24346.6,287,148,0
2026-07-14 18:45:00,24346.8,24374.1,24342.6,24361.2,281,148,0
2026-07-14 19:00:00,24346.9,24347.8,24334.2,24339.2,90,440,0
2026-07-14 19:15:00,24339.8,24349.8,24339.1,24343.0,91,440,0
2026-07-14 19:30:00,24343.9,24348.8,24333.1,24347.2,144,440,0
2026-07-14 19:45:00,24347.8,24366.8,24347.8,24361.8,159,440,0
2026-07-14 20:00:00,24360.2,24363.7,24355.2,24358.1,104,440,0
2026-07-14 20:15:00,24357.2,24358.8,24351.2,24352.2,52,440,0
2026-07-14 20:30:00,24351.8,24352.8,24350.2,24351.8,44,440,0
2026-07-14 20:45:00,24351.2,24359.8,24348.2,24358.2,57,440,0
2026-07-14 22:00:00,24359.2,24360.8,24343.3,24345.8,125,440,0
2026-07-14 22:15:00,24346.8,24369.8,24346.2,24366.1,90,440,0
2026-07-14 22:30:00,24366.8,24370.8,24366.1,24367.1,53,440,0
2026-07-14 22:45:00,24367.8,24367.8,24360.2,24361.2,47,440,0
2026-07-14 23:00:00,24361.8,24369.8,24358.2,24369.8,57,440,0
2026-07-14 23:15:00,24368.2,24386.7,24366.2,24385.2,88,440,0
2026-07-14 23:30:00,24386.7,24395.1,24385.1,24390.2,149,440,0
2026-07-14 23:45:00,24389.1,24397.7,24389.1,24392.8,202,440,0
2026-07-15 00:00:00,24395.4,24409.7,24383.3,24406.2,333,440,0
2026-07-15 00:15:00,24405.2,24409.8,24396.2,24402.2,224,440,0
2026-07-15 00:30:00,24403.8,24404.8,24366.2,24369.2,238,440,0
2026-07-15 01:15:00,24450.5,24538.3,24429.9,24516.8,1014,148,0
2026-07-15 01:30:00,24514.8,24515.3,24393.9,24459.8,2191,148,0
2026-07-15 01:45:00,24461.3,24637.2,24409.8,24634.8,1537,148,0
2026-07-15 02:00:00,24636.4,24647.4,24494.8,24504.3,1356,148,0
2026-07-15 02:15:00,24502.8,24504.3,24425.8,24476.3,1083,148,0
2026-07-15 02:30:00,24473.0,24636.3,24473.0,24635.4,1125,148,0
2026-07-15 02:45:00,24636.3,24656.3,24584.8,24596.4,1004,148,0
2026-07-15 03:00:00,24598.3,24719.3,24577.5,24680.4,879,148,0
2026-07-15 03:15:00,24678.8,24712.3,24633.9,24637.8,945,148,0
2026-07-15 03:30:00,24635.9,24678.3,24620.5,24657.8,615,148,0
2026-07-15 03:45:00,24657.4,24673.3,24630.9,24642.3,531,148,0
2026-07-15 04:00:00,24628.6,24631.2,24624.3,24626.3,89,440,0
2026-07-15 04:15:00,24625.3,24627.9,24618.3,24618.9,85,440,0
2026-07-15 05:00:00,24649.4,24670.8,24607.9,24619.4,921,148,0
2026-07-15 05:15:00,24617.8,24663.3,24581.9,24624.3,745,148,0
2026-07-15 05:30:00,24622.8,24689.7,24619.8,24685.8,714,148,0
2026-07-15 05:45:00,24687.3,24715.4,24678.8,24713.8,558,148,0
2026-07-15 06:00:00,24714.4,24715.7,24632.9,24646.8,633,148,0
2026-07-15 06:15:00,24644.8,24683.3,24624.8,24679.8,594,148,0
2026-07-15 06:30:00,24681.3,24683.3,24621.9,24647.4,622,148,0
2026-07-15 06:45:00,24646.8,24676.6,24638.8,24664.8,471,148,0
2026-07-15 07:00:00,24665.4,24677.3,24606.9,24624.4,551,148,0
2026-07-15 07:15:00,24624.8,24658.3,24595.9,24610.4,476,148,0
2026-07-15 07:30:00,24609.8,24618.6,24594.4,24618.4,421,148,0
2026-07-15 07:45:00,24619.3,24634.6,24607.8,24628.5,403,148,0
2026-07-15 08:00:00,24626.8,24634.5,24592.8,24599.8,431,148,0
2026-07-15 08:15:00,24601.4,24614.4,24584.9,24610.1,325,148,0
2026-07-15 09:15:00,24662.1,24687.3,24649.4,24652.6,450,148,0
2026-07-15 09:30:00,24653.6,24657.0,24625.6,24647.9,361,148,0
2026-07-15 09:45:00,24648.6,24649.0,24621.1,24627.4,314,148,0
2026-07-15 10:00:00,24628.0,24634.6,24617.5,24624.2,309,148,0
2026-07-15 10:15:00,24623.8,24626.6,24586.8,24591.6,405,148,0
2026-07-15 10:30:00,24593.1,24612.8,24592.2,24605.6,299,148,0
2026-07-15 10:45:00,24606.0,24632.2,24598.5,24601.2,280,148,0
2026-07-15 11:00:00,24602.5,24609.3,24572.2,24590.2,380,148,0
2026-07-15 11:15:00,24589.8,24597.9,24583.7,24587.6,263,148,0
2026-07-15 11:30:00,24589.0,24606.9,24581.6,24600.6,270,148,0
2026-07-15 11:45:00,24600.1,24609.3,24592.6,24601.7,288,148,0
2026-07-15 12:00:00,24602.8,24608.6,24578.6,24597.5,340,148,0
2026-07-15 12:15:00,24597.1,24625.2,24592.8,24625.2,236,148,0
2026-07-15 12:30:00,24627.2,24672.5,24627.2,24666.6,505,148,0
2026-07-15 12:45:00,24668.0,24677.8,24659.6,24667.9,379,148,0
2026-07-15 13:00:00,24668.6,24699.1,24667.9,24668.7,376,148,0
2026-07-15 13:15:00,24668.8,24705.5,24663.1,24703.5,382,148,0
2026-07-15 13:30:00,24702.4,24813.4,24696.9,24798.2,1056,148,0
2026-07-15 13:45:00,24796.9,24895.9,24787.5,24881.7,880,148,0
2026-07-15 14:00:00,24882.9,24912.7,24870.8,24876.8,746,148,0
2026-07-15 14:15:00,24877.0,24906.5,24849.6,24859.6,737,148,0
2026-07-15 14:30:00,24860.6,24868.6,24828.0,24831.6,712,148,0
2026-07-15 14:45:00,24831.1,24856.7,24816.7,24845.6,629,148,0
2026-07-15 15:00:00,24846.0,24857.6,24820.7,24839.4,584,148,0
2026-07-15 15:15:00,24839.2,24855.4,24815.4,24840.6,635,148,0
2026-07-15 15:30:00,24837.7,24839.1,24819.6,24824.6,488,148,0
2026-07-15 15:45:00,24823.7,24831.5,24810.6,24810.6,477,148,0
2026-07-15 16:00:00,24811.3,24821.8,24772.1,24772.4,494,148,0
2026-07-15 16:15:00,24772.7,24779.6,24764.6,24773.6,482,148,0
2026-07-15 16:30:00,24773.1,24781.4,24744.0,24758.6,442,148,0
2026-07-15 16:45:00,24759.6,24800.4,24755.9,24782.5,492,148,0
2026-07-15 17:00:00,24782.7,24798.2,24772.0,24773.3,407,148,0
2026-07-15 17:15:00,24772.6,24801.2,24771.8,24797.6,386,148,0
2026-07-15 17:30:00,24798.6,24826.0,24798.6,24823.1,388,148,0
2026-07-15 17:45:00,24822.6,24845.6,24817.6,24838.6,385,148,0
2026-07-15 18:00:00,24839.3,24847.5,24835.7,24841.4,341,148,0
2026-07-15 18:15:00,24840.6,24847.3,24831.6,24838.6,280,148,0
2026-07-15 18:30:00,24838.8,24846.6,24819.0,24820.6,298,148,0
2026-07-15 18:45:00,24819.6,24821.4,24785.7,24794.1,408,148,0
2026-07-15 19:00:00,24790.6,24796.8,24781.1,24793.2,148,440,0
2026-07-15 19:15:00,24793.8,24794.7,24780.2,24788.8,126,440,0
2026-07-15 19:30:00,24789.7,24796.8,24776.9,24795.2,167,440,0
2026-07-15 19:45:00,24794.2,24796.8,24780.2,24785.8,152,440,0
2026-07-15 20:00:00,24788.8,24788.8,24764.6,24774.8,135,440,0
2026-07-15 20:15:00,24774.2,24782.8,24772.2,24780.2,51,440,0
2026-07-15 20:30:00,24780.8,24780.8,24777.2,24778.8,31,440,0
2026-07-15 20:45:00,24779.8,24780.8,24772.8,24772.8,31,440,0
2026-07-15 22:00:00,24775.1,24804.7,24774.2,24795.8,118,440,0
2026-07-15 22:15:00,24794.2,24794.8,24790.2,24790.8,42,440,0
2026-07-15 22:30:00,24791.8,24792.1,24785.2,24786.2,64,440,0
2026-07-15 22:45:00,24786.8,24795.7,24784.2,24794.8,85,440,0
2026-07-15 23:00:00,24793.2,24797.8,24790.2,24795.1,71,440,0
2026-07-15 23:15:00,24794.2,24799.7,24791.2,24799.1,56,440,0
2026-07-15 23:30:00,24799.8,24805.7,24794.1,24798.8,92,440,0
2026-07-15 23:45:00,24797.2,24800.7,24781.2,24783.2,175,440,0
2026-07-16 00:00:00,24783.9,24818.5,24782.2,24817.9,374,440,0
2026-07-16 00:15:00,24817.1,24820.6,24787.0,24799.9,291,440,0
2026-07-16 00:30:00,24800.8,24806.8,24779.2,24779.2,246,440,0
2026-07-16 01:15:00,24789.3,24868.9,24720.6,24836.4,1155,148,0
2026-07-16 01:30:00,24838.0,25090.3,24788.0,25025.8,2538,148,0
2026-07-16 01:45:00,25029.4,25100.3,24924.8,24959.3,1602,148,0
2026-07-16 02:00:00,24961.3,24976.3,24896.9,24941.8,1370,148,0
2026-07-16 02:15:00,24943.3,25047.3,24880.9,25039.8,1198,148,0
2026-07-16 02:30:00,25040.8,25102.4,25034.8,25074.8,957,148,0
2026-07-16 02:45:00,25076.3,25122.4,25031.8,25076.8,839,148,0
2026-07-16 03:00:00,25074.8,25131.7,25042.9,25119.8,740,148,0
2026-07-16 03:15:00,25120.4,25156.7,25095.9,25125.8,701,148,0
2026-07-16 03:30:00,25126.4,25145.7,25087.9,25089.9,580,148,0
2026-07-16 03:45:00,25088.9,25148.4,25064.9,25133.0,527,148,0
2026-07-16 04:00:00,25119.8,25126.7,25111.2,25126.1,143,440,0
2026-07-16 04:15:00,25125.2,25125.2,25102.3,25103.9,94,440,0
2026-07-16 05:00:00,25110.7,25157.8,25071.8,25152.3,878,148,0
2026-07-16 05:15:00,25154.3,25195.3,25151.8,25188.4,678,148,0
2026-07-16 05:30:00,25187.8,25201.3,25160.8,25187.7,715,148,0
2026-07-16 05:45:00,25187.4,25190.3,25059.9,25074.4,793,148,0
2026-07-16 06:00:00,25076.4,25096.3,25008.8,25026.3,919,148,0
2026-07-16 06:15:00,25027.4,25029.3,24973.9,24973.9,608,148,0
2026-07-16 06:30:00,24971.9,24973.5,24903.8,24967.7,718,148,0
2026-07-16 06:45:00,24970.9,25004.2,24962.9,25000.4,516,148,0
2026-07-16 07:00:00,25002.4,25037.2,24977.9,24978.5,546,148,0
2026-07-16 07:15:00,24976.9,25027.4,24976.9,25011.8,441,148,0
2026-07-16 07:30:00,25009.9,25012.4,24979.9,24985.4,445,148,0
2026-07-16 07:45:00,24984.0,24988.4,24962.9,24981.9,421,148,0
2026-07-16 08:00:00,24979.9,24984.4,24944.8,24945.5,502,148,0
2026-07-16 08:15:00,24946.6,24973.3,24932.8,24958.7,367,148,0
2026-07-16 09:15:00,24984.8,25004.5,24962.0,24964.6,441,148,0
2026-07-16 09:30:00,24966.2,24966.3,24943.9,24946.6,379,148,0
2026-07-16 09:45:00,24947.0,24959.3,24926.6,24946.7,379,148,0
2026-07-16 10:00:00,24947.6,24959.5,24938.6,24944.0,302,148,0
2026-07-16 10:15:00,24942.7,24948.4,24936.6,24948.4,342,148,0
2026-07-16 10:30:00,24947.8,24964.5,24947.8,24960.7,338,148,0
2026-07-16 10:45:00,24961.5,24962.6,24941.7,24944.4,270,148,0
2026-07-16 11:00:00,24944.3,24944.3,24919.6,24923.6,332,148,0
2026-07-16 11:15:00,24923.8,24933.5,24897.1,24916.7,370,148,0
2026-07-16 11:30:00,24915.6,24925.6,24898.6,24924.6,332,148,0
2026-07-16 11:45:00,24925.6,24930.0,24858.6,24924.6,568,148,0
2026-07-16 12:00:00,24925.4,24943.6,24898.6,24912.6,418,148,0
2026-07-16 12:15:00,24913.6,24918.2,24880.6,24892.6,483,148,0
2026-07-16 12:30:00,24894.3,24903.4,24857.6,24862.3,541,148,0
2026-07-16 12:45:00,24861.6,24877.6,24851.6,24862.7,398,148,0
2026-07-16 13:00:00,24861.9,24906.6,24858.3,24902.6,486,148,0
2026-07-16 13:15:00,24901.1,24940.5,24895.9,24936.0,392,148,0
2026-07-16 13:30:00,24933.0,24994.2,24864.7,24867.8,1065,148,0
2026-07-16 13:45:00,24868.1,24950.5,24867.7,24919.5,853,148,0
2026-07-16 14:00:00,24917.9,24933.3,24902.7,24908.6,705,148,0
2026-07-16 14:15:00,24909.2,24934.6,24900.3,24927.6,639,148,0
2026-07-16 14:30:00,24926.6,24939.5,24915.9,24937.6,568,148,0
2026-07-16 14:45:00,24936.1,24950.0,24929.6,24936.5,546,148,0
2026-07-16 15:00:00,24935.0,24946.5,24913.6,24915.8,534,148,0
2026-07-16 15:15:00,24915.6,24963.5,24905.6,24943.9,527,148,0
2026-07-16 15:30:00,24943.6,24981.4,24932.7,24962.3,526,148,0
2026-07-16 15:45:00,24961.9,24972.8,24935.9,24943.6,456,148,0
2026-07-16 16:00:00,24944.6,24944.6,24914.6,24917.6,472,148,0
2026-07-16 16:15:00,24916.1,24919.6,24885.9,24897.6,510,148,0
2026-07-16 16:30:00,24898.5,24913.4,24894.9,24909.0,416,148,0
2026-07-16 16:45:00,24909.3,24930.0,24898.9,24924.5,386,148,0
2026-07-16 17:00:00,24925.4,24925.6,24896.6,24897.7,359,148,0
2026-07-16 17:15:00,24898.0,24910.6,24897.6,24904.4,336,148,0
2026-07-16 17:30:00,24904.2,24912.3,24876.4,24885.8,370,148,0
2026-07-16 17:45:00,24885.6,24904.4,24876.8,24890.6,400,148,0
2026-07-16 18:00:00,24891.0,24900.6,24876.9,24889.6,402,148,0
2026-07-16 18:15:00,24889.8,24914.2,24884.6,24906.6,367,148,0
2026-07-16 18:30:00,24904.9,24904.9,24875.6,24889.6,404,148,0
2026-07-16 18:45:00,24887.6,24899.1,24884.4,24885.5,286,148,0
2026-07-16 19:00:00,24870.0,24883.8,24866.3,24870.8,143,440,0
2026-07-16 19:15:00,24870.2,24870.8,24851.2,24857.3,170,440,0
2026-07-16 19:30:00,24856.3,24860.2,24844.2,24844.2,197,440,0
2026-07-16 19:45:00,24842.3,24879.7,24833.3,24879.2,250,440,0
2026-07-16 20:00:00,24877.2,24877.8,24861.2,24861.2,163,440,0
2026-07-16 20:15:00,24861.8,24872.7,24860.2,24864.2,90,440,0
2026-07-16 20:30:00,24864.8,24868.8,24860.2,24866.8,67,440,0
2026-07-16 20:45:00,24865.2,24870.8,24864.2,24868.8,63,440,0
2026-07-16 22:00:00,24859.9,24860.9,24845.2,24846.8,175,440,0
2026-07-16 22:15:00,24846.2,24846.2,24837.2,24837.2,87,440,0
2026-07-16 22:30:00,24837.9,24842.8,24834.2,24841.1,92,440,0
2026-07-16 22:45:00,24840.8,24840.8,24830.2,24836.1,93,440,0
2026-07-16 23:00:00,24837.7,24839.8,24825.3,24833.2,88,440,0
2026-07-16 23:15:00,24833.8,24833.8,24817.3,24824.1,102,440,0
2026-07-16 23:30:00,24823.2,24838.7,24818.2,24834.2,135,440,0
2026-07-16 23:45:00,24832.2,24833.7,24816.2,24821.2,246,440,0
2026-07-17 00:00:00,24820.2,24831.6,24792.0,24810.6,400,440,0
2026-07-17 00:15:00,24809.1,24830.0,24790.1,24795.7,346,440,0
2026-07-17 00:30:00,24796.7,24825.8,24792.0,24807.8,295,440,0
2026-07-17 01:15:00,24858.6,25005.9,24858.6,24985.8,1007,148,0
2026-07-17 01:30:00,24983.8,25125.0,24877.9,24890.3,2397,148,0
2026-07-17 01:45:00,24887.6,24905.1,24728.9,24766.8,1486,148,0
2026-07-17 02:00:00,24768.4,24770.3,24674.9,24690.4,1188,148,0
2026-07-17 02:15:00,24687.8,24703.3,24620.8,24620.9,992,148,0
2026-07-17 02:30:00,24620.7,24641.3,24576.8,24590.3,999,148,0
2026-07-17 02:45:00,24591.4,24608.3,24531.1,24549.4,883,148,0
2026-07-17 03:00:00,24551.4,24654.1,24545.1,24551.4,970,148,0
2026-07-17 03:15:00,24547.9,24581.3,24481.9,24497.4,807,148,0
2026-07-17 03:30:00,24495.8,24516.3,24473.9,24492.8,650,148,0
2026-07-17 03:45:00,24494.4,24507.4,24471.7,24477.2,464,148,0
2026-07-17 04:00:00,24462.0,24462.2,24439.3,24442.2,214,440,0
2026-07-17 04:15:00,24443.8,24445.2,24414.3,24419.8,204,440,0
2026-07-17 05:00:00,24456.9,24456.9,24397.8,24412.3,971,148,0
2026-07-17 05:15:00,24414.4,24417.4,24349.8,24358.7,768,148,0
2026-07-17 05:30:00,24357.7,24379.3,24334.8,24336.5,752,148,0
2026-07-17 05:45:00,24334.8,24396.3,24311.8,24390.4,825,148,0
2026-07-17 06:00:00,24392.3,24456.3,24371.6,24446.3,790,148,0
2026-07-17 06:15:00,24444.8,24528.3,24444.8,24511.4,741,148,0
2026-07-17 06:30:00,24507.8,24548.3,24478.9,24487.4,748,148,0
2026-07-17 06:45:00,24485.8,24507.3,24462.4,24485.4,644,148,0
2026-07-17 07:00:00,24486.3,24488.3,24441.8,24464.8,698,148,0
2026-07-17 07:15:00,24466.3,24476.3,24421.5,24445.5,530,148,0
2026-07-17 07:30:00,24448.5,24474.5,24433.9,24466.7,501,148,0
2026-07-17 07:45:00,24465.6,24474.3,24432.9,24463.6,502,148,0
2026-07-17 08:00:00,24466.0,24491.5,24451.9,24458.8,518,148,0
2026-07-17 08:15:00,24458.6,24460.6,24420.8,24437.3,539,148,0
2026-07-17 09:15:00,24454.7,24505.9,24442.9,24504.5,563,148,0
2026-07-17 09:30:00,24505.5,24505.7,24475.9,24477.6,462,148,0
2026-07-17 09:45:00,24478.2,24501.8,24478.2,24501.1,455,148,0
2026-07-17 10:00:00,24501.3,24516.8,24493.5,24511.7,458,148,0
2026-07-17 10:15:00,24512.6,24522.6,24498.6,24503.6,342,148,0
2026-07-17 10:30:00,24503.7,24524.8,24503.6,24512.6,325,148,0
2026-07-17 10:45:00,24511.7,24519.6,24497.2,24498.6,297,148,0
2026-07-17 11:00:00,24497.6,24507.6,24464.6,24469.6,401,148,0
2026-07-17 11:15:00,24470.6,24492.4,24468.2,24491.4,359,148,0
2026-07-17 11:30:00,24492.6,24508.6,24487.8,24499.6,290,148,0
2026-07-17 11:45:00,24498.6,24525.5,24496.6,24518.6,314,148,0
2026-07-17 12:00:00,24519.6,24523.5,24491.6,24498.6,367,148,0
2026-07-17 12:15:00,24499.6,24502.8,24487.5,24498.6,344,148,0
2026-07-17 12:30:00,24498.8,24512.6,24492.7,24506.5,376,148,0
2026-07-17 12:45:00,24505.6,24520.5,24496.0,24501.6,429,148,0
2026-07-17 13:00:00,24500.6,24501.6,24463.7,24465.6,432,148,0
2026-07-17 13:15:00,24464.8,24474.6,24443.0,24445.5,556,148,0
2026-07-17 13:30:00,24444.0,24510.5,24419.7,24466.6,1105,148,0
2026-07-17 13:45:00,24465.0,24557.5,24453.8,24548.6,843,148,0
2026-07-17 14:00:00,24550.1,24559.5,24512.7,24519.6,766,148,0
2026-07-17 14:15:00,24520.5,24556.6,24520.4,24527.6,645,148,0
2026-07-17 14:30:00,24527.9,24533.0,24501.6,24509.0,626,148,0
2026-07-17 14:45:00,24509.6,24531.5,24491.9,24504.6,605,148,0
2026-07-17 15:00:00,24505.8,24508.1,24474.0,24482.3,621,148,0
2026-07-17 15:15:00,24481.6,24550.4,24479.6,24545.6,558,148,0
2026-07-17 15:30:00,24547.2,24560.6,24520.1,24530.6,584,148,0
2026-07-17 15:45:00,24531.1,24563.6,24527.7,24560.6,475,148,0
2026-07-17 16:00:00,24561.1,24582.4,24533.2,24581.7,559,148,0
2026-07-17 16:15:00,24581.5,24593.1,24565.6,24577.0,485,148,0
2026-07-17 16:30:00,24577.6,24579.1,24557.4,24577.6,431,148,0
2026-07-17 16:45:00,24576.6,24592.9,24570.7,24575.6,393,148,0
2026-07-17 17:00:00,24576.6,24593.6,24574.6,24574.6,360,148,0
2026-07-17 17:15:00,24573.9,24592.4,24572.6,24592.4,346,148,0
2026-07-17 17:30:00,24592.6,24595.5,24562.6,24565.6,356,148,0
2026-07-17 17:45:00,24565.8,24574.5,24548.6,24555.5,347,148,0
2026-07-17 18:00:00,24555.3,24559.6,24542.6,24543.6,341,148,0
2026-07-17 18:15:00,24542.6,24555.2,24536.4,24553.6,367,148,0
2026-07-17 18:30:00,24552.6,24564.9,24551.1,24555.5,381,148,0
2026-07-17 18:45:00,24554.7,24572.6,24549.6,24563.5,364,148,0
2026-07-17 19:00:00,24548.1,24548.8,24516.3,24517.9,176,440,0
2026-07-17 19:15:00,24516.3,24533.8,24506.2,24529.8,195,440,0
2026-07-17 19:30:00,24530.8,24550.7,24525.2,24548.8,259,440,0
2026-07-17 19:45:00,24547.2,24572.2,24546.6,24549.7,256,440,0
2026-07-19 22:00:00,24517.3,24519.8,24485.4,24495.2,265,440,0
2026-07-19 22:15:00,24495.9,24523.8,24495.9,24510.7,215,440,0
2026-07-19 22:30:00,24509.2,24553.7,24508.1,24550.1,175,440,0
2026-07-19 22:45:00,24548.2,24551.7,24530.2,24533.1,175,440,0
2026-07-19 23:00:00,24534.8,24543.7,24526.2,24535.2,161,440,0
2026-07-19 23:15:00,24535.8,24540.7,24523.9,24528.2,158,440,0
2026-07-19 23:30:00,24528.9,24557.8,24522.2,24557.8,205,440,0
2026-07-19 23:45:00,24557.1,24564.8,24529.1,24562.7,333,440,0
2026-07-20 00:00:00,24562.1,24592.2,24537.2,24577.8,380,440,0
2026-07-20 00:15:00,24578.8,24584.8,24551.2,24553.3,322,440,0
2026-07-20 00:30:00,24552.3,24553.9,24530.2,24534.2,304,440,0
2026-07-20 01:15:00,24625.7,24846.4,24625.7,24781.8,1831,148,0
2026-07-20 01:30:00,24779.8,25003.3,24708.5,24996.8,2681,148,0
2026-07-20 01:45:00,25000.4,25124.3,25000.4,25123.3,1752,148,0
2026-07-20 02:00:00,25125.3,25134.3,25063.9,25108.3,1390,148,0
2026-07-20 02:15:00,25110.3,25124.3,24961.9,24966.8,1180,148,0
2026-07-20 02:30:00,24970.3,25039.3,24957.9,24983.4,1240,148,0
2026-07-20 02:45:00,24985.4,25079.3,24976.9,24996.8,1051,148,0
2026-07-20 03:00:00,25000.3,25070.3,24956.9,25052.8,996,148,0
2026-07-20 03:15:00,25053.4,25102.3,25039.8,25066.8,914,148,0
2026-07-20 03:30:00,25066.4,25091.3,25024.5,25034.4,613,148,0
2026-07-20 03:45:00,25035.4,25054.3,25015.7,25048.9,475,148,0
2026-07-20 04:00:00,25031.1,25038.8,25014.3,25015.9,216,440,0
2026-07-20 04:15:00,25016.3,25036.9,25012.3,25034.2,202,440,0
2026-07-20 05:00:00,25080.0,25104.3,25020.5,25062.4,1006,148,0
2026-07-20 05:15:00,25060.8,25084.4,25024.9,25045.8,926,148,0
2026-07-20 05:30:00,25046.4,25065.3,24959.9,24966.8,905,148,0
2026-07-20 05:45:00,24965.8,25007.3,24927.8,24960.3,914,148,0
2026-07-20 06:00:00,24962.3,25056.3,24948.8,24972.8,957,148,0
2026-07-20 06:15:00,24973.4,25021.3,24955.9,24975.9,913,148,0
2026-07-20 06:30:00,24973.9,25053.3,24951.9,25047.4,897,148,0
2026-07-20 06:45:00,25049.3,25077.3,25029.8,25045.4,672,148,0
2026-07-20 07:00:00,25043.8,25068.3,25010.9,25026.4,639,148,0
2026-07-20 07:15:00,25025.4,25070.7,25007.9,25066.8,565,148,0
2026-07-20 07:30:00,25065.7,25105.3,25063.8,25087.8,560,148,0
2026-07-20 07:45:00,25087.5,25110.3,25068.6,25095.8,502,148,0
2026-07-20 08:00:00,25094.3,25114.3,25077.9,25090.4,446,148,0
2026-07-20 08:15:00,25091.4,25126.1,25084.8,25116.8,380,148,0
2026-07-20 09:15:00,25106.9,25131.7,25100.6,25104.6,409,148,0
2026-07-20 09:30:00,25104.1,25125.7,25092.1,25124.6,414,148,0
2026-07-20 09:45:00,25123.8,25140.6,25107.6,25111.0,397,148,0
2026-07-20 10:00:00,25112.3,25112.3,25086.4,25095.6,349,148,0
2026-07-20 10:15:00,25095.8,25103.6,25088.6,25096.6,277,148,0
2026-07-20 10:30:00,25096.3,25102.3,25083.4,25089.6,313,148,0
2026-07-20 10:45:00,25089.0,25099.5,25082.6,25093.6,275,148,0
2026-07-20 11:00:00,25091.9,25118.6,25088.3,25091.7,384,148,0
2026-07-20 11:15:00,25091.9,25098.6,25083.6,25093.6,257,148,0
2026-07-20 11:30:00,25092.5,25216.4,25091.1,25133.8,1099,148,0
2026-07-20 11:45:00,25134.6,25134.6,25096.6,25117.0,451,148,0
2026-07-20 12:00:00,25115.8,25117.2,25043.0,25070.6,705,148,0
2026-07-20 12:15:00,25070.4,25085.6,25055.7,25067.0,396,148,0
2026-07-20 12:30:00,25066.6,25070.6,25042.6,25045.6,379,148,0
2026-07-20 12:45:00,25044.6,25065.6,25038.6,25043.6,352,148,0
2026-07-20 13:00:00,25042.2,25058.8,25040.1,25041.0,426,148,0
2026-07-20 13:15:00,25042.2,25080.5,25037.6,25078.3,386,148,0
2026-07-20 13:30:00,25075.6,25105.3,25026.7,25063.2,936,148,0
2026-07-20 13:45:00,25062.6,25092.3,25033.2,25062.6,762,148,0
2026-07-20 14:00:00,25061.4,25075.6,25035.6,25053.6,701,148,0
2026-07-20 14:15:00,25054.4,25084.1,25035.3,25080.6,624,148,0
2026-07-20 14:30:00,25081.7,25083.3,25032.6,25044.6,597,148,0
2026-07-20 14:45:00,25043.6,25060.1,25037.6,25052.6,583,148,0
2026-07-20 15:00:00,25053.6,25092.8,25035.6,25061.3,647,148,0
2026-07-20 15:15:00,25059.9,25137.7,25054.6,25134.5,548,148,0
2026-07-20 15:30:00,25132.9,25148.6,25117.6,25148.6,571,148,0
2026-07-20 15:45:00,25149.2,25189.7,25142.8,25179.6,541,148,0
2026-07-20 16:00:00,25181.1,25206.9,25177.6,25198.6,467,148,0
2026-07-20 16:15:00,25199.5,25208.8,25181.6,25196.5,414,148,0
2026-07-20 16:30:00,25196.2,25198.6,25147.9,25158.7,487,148,0
2026-07-20 16:45:00,25157.1,25181.4,25152.5,25158.6,428,148,0
2026-07-20 17:00:00,25157.7,25166.5,25137.1,25139.8,411,148,0
2026-07-20 17:15:00,25139.6,25160.6,25131.6,25145.6,365,148,0
2026-07-20 17:30:00,25147.2,25160.8,25142.7,25145.6,356,148,0
2026-07-20 17:45:00,25144.7,25166.4,25144.7,25151.6,357,148,0
2026-07-20 18:00:00,25152.6,25163.9,25145.8,25145.8,296,148,0
2026-07-20 18:15:00,25147.2,25158.6,25102.6,25108.0,392,148,0
2026-07-20 18:30:00,25107.6,25108.5,25077.5,25077.6,458,148,0
2026-07-20 18:45:00,25076.1,25094.6,25047.3,25047.3,482,148,0
2026-07-20 19:00:00,25033.1,25071.8,25032.1,25056.2,214,440,0
2026-07-20 19:15:00,25056.8,25085.0,25054.1,25082.7,232,440,0
2026-07-20 19:30:00,25083.7,25086.7,25058.2,25069.1,248,440,0
2026-07-20 19:45:00,25070.7,25083.8,25044.3,25048.8,260,440,0
2026-07-20 20:00:00,25050.8,25063.2,25036.1,25037.2,169,440,0
2026-07-20 20:15:00,25037.8,25037.8,25029.1,25032.8,91,440,0
2026-07-20 20:30:00,25032.1,25040.7,25032.1,25037.8,50,440,0
2026-07-20 20:45:00,25038.7,25042.8,25036.2,25040.7,47,440,0
2026-07-20 22:00:00,25054.1,25054.1,25016.3,25023.9,163,440,0
2026-07-20 22:15:00,25023.2,25027.2,25020.3,25022.9,79,440,0
2026-07-20 22:30:00,25023.8,25030.8,25020.2,25026.8,82,440,0
2026-07-20 22:45:00,25027.8,25029.8,25018.3,25022.2,66,440,0
2026-07-20 23:00:00,25022.9,25046.8,25021.3,25044.8,82,440,0
2026-07-20 23:15:00,25045.8,25068.7,25044.2,25068.7,115,440,0
2026-07-20 23:30:00,25068.1,25071.7,25063.1,25064.1,108,440,0
2026-07-20 23:45:00,25063.2,25068.7,25032.9,25052.8,318,440,0
2026-07-21 00:00:00,25051.2,25051.2,25006.3,25027.2,497,440,0
2026-07-21 00:15:00,25027.8,25061.7,25008.3,25053.2,424,440,0
2026-07-21 00:30:00,25054.8,25080.7,25052.2,25072.2,334,440,0
2026-07-21 01:15:00,25198.1,25225.4,25078.9,25080.8,1102,148,0
2026-07-21 01:30:00,25082.4,25233.3,25021.8,25070.8,2275,148,0
2026-07-21 01:45:00,25072.4,25131.3,25023.9,25105.4,1633,148,0
2026-07-21 02:00:00,25107.3,25191.3,25056.8,25064.4,1413,148,0
2026-07-21 02:15:00,25062.8,25156.3,25050.9,25142.3,1225,148,0
2026-07-21 02:30:00,25144.3,25161.3,25023.9,25073.4,1119,148,0
2026-07-21 02:45:00,25073.8,25090.3,24966.8,24986.4,968,148,0
2026-07-21 03:00:00,24982.8,25064.3,24973.5,25024.4,1004,148,0
2026-07-21 03:15:00,25026.4,25078.3,25018.9,25071.7,946,148,0
2026-07-21 03:30:00,25073.3,25127.3,25054.8,25098.4,673,148,0
2026-07-21 03:45:00,25100.4,25157.3,25079.9,25126.0,515,148,0
2026-07-21 04:00:00,25111.9,25113.8,25099.2,25099.8,159,440,0
2026-07-21 04:15:00,25100.2,25103.8,25097.2,25099.8,125,440,0
2026-07-21 05:00:00,25111.6,25135.1,25051.9,25069.4,910,148,0
2026-07-21 05:15:00,25068.8,25109.4,25048.9,25106.4,732,148,0
2026-07-21 05:30:00,25105.7,25129.3,25085.8,25111.8,644,148,0
2026-07-21 05:45:00,25109.8,25184.3,25101.8,25161.8,600,148,0
2026-07-21 06:00:00,25160.8,25173.4,25135.8,25147.7,570,148,0
2026-07-21 06:15:00,25145.8,25145.8,25110.7,25142.4,542,148,0
2026-07-21 06:30:00,25145.1,25168.4,25123.9,25165.8,539,148,0
2026-07-21 06:45:00,25165.4,25172.2,25127.1,25147.4,457,148,0
2026-07-21 07:00:00,25145.8,25190.3,25145.8,25160.4,496,148,0
2026-07-21 07:15:00,25158.8,25162.4,25132.8,25141.4,381,148,0
2026-07-21 07:30:00,25139.8,25139.8,25110.9,25112.4,341,148,0
2026-07-21 07:45:00,25110.8,25110.8,25091.9,25102.4,386,148,0
2026-07-21 08:00:00,25100.9,25113.4,25097.9,25111.4,332,148,0
2026-07-21 08:15:00,25111.6,25118.6,25103.6,25116.9,239,148,0
2026-07-21 09:15:00,25118.5,25146.5,25109.6,25110.4,349,148,0
2026-07-21 09:30:00,25109.8,25119.6,25094.3,25100.0,315,148,0
2026-07-21 09:45:00,25100.6,25119.6,25099.1,25106.9,306,148,0
2026-07-21 10:00:00,25106.7,25128.5,25093.2,25106.6,443,148,0
2026-07-21 10:15:00,25106.8,25113.6,25095.6,25097.8,303,148,0
2026-07-21 10:30:00,25097.7,25118.6,25089.6,25093.6,282,148,0
2026-07-21 10:45:00,25092.1,25095.3,25073.6,25076.6,297,148,0
2026-07-21 11:00:00,25075.4,25077.7,25044.2,25057.7,315,148,0
2026-07-21 11:15:00,25057.5,25069.6,25051.5,25063.6,302,148,0
2026-07-21 11:30:00,25064.6,25075.5,25056.8,25069.9,262,148,0
2026-07-21 11:45:00,25070.9,25071.6,25049.9,25057.6,204,148,0
2026-07-21 12:00:00,25058.0,25072.7,25029.5,25032.6,377,148,0
2026-07-21 12:15:00,25033.3,25036.6,24993.7,24999.5,422,148,0
2026-07-21 12:30:00,24999.8,25015.7,24977.3,24994.6,401,148,0
2026-07-21 12:45:00,24994.3,25021.1,24994.3,25012.7,377,148,0
2026-07-21 13:00:00,25014.2,25029.6,24997.5,25026.0,353,148,0
2026-07-21 13:15:00,25025.7,25028.6,25006.6,25013.2,388,148,0
2026-07-21 13:30:00,25010.7,25036.2,24918.9,24933.5,938,148,0
2026-07-21 13:45:00,24932.6,24978.8,24921.7,24952.6,712,148,0
2026-07-21 14:00:00,24953.6,24990.0,24950.6,24987.1,615,148,0
2026-07-21 14:15:00,24986.6,25005.1,24954.6,24991.6,596,148,0
2026-07-21 14:30:00,24990.6,25026.9,24953.5,24958.7,507,148,0
2026-07-21 14:45:00,24959.2,24972.2,24929.7,24943.6,512,148,0
2026-07-21 15:00:00,24944.5,24961.2,24935.8,24949.6,478,148,0
2026-07-21 15:15:00,24951.0,24970.2,24934.9,24969.7,462,148,0
2026-07-21 15:30:00,24970.1,24970.5,24949.7,24951.1,422,148,0
2026-07-21 15:45:00,24952.2,24970.1,24948.6,24960.2,314,148,0
2026-07-21 16:00:00,24959.6,24984.3,24959.6,24981.5,249,148,0
2026-07-21 16:15:00,24981.2,24987.4,24977.2,24981.6,219,148,0
2026-07-21 16:30:00,24981.3,24982.6,24965.9,24978.4,245,148,0
2026-07-21 16:45:00,24978.6,24981.4,24959.4,24962.0,215,148,0
2026-07-21 17:00:00,24961.6,24968.5,24943.4,24944.2,220,148,0
2026-07-21 17:15:00,24942.6,24942.6,24926.7,24931.6,173,148,0
2026-07-21 17:30:00,24932.2,24933.6,24923.4,24931.8,172,148,0
2026-07-21 17:45:00,24931.6,24933.6,24925.5,24930.0,146,148,0
2026-07-21 18:00:00,24930.2,24949.6,24930.2,24938.6,216,148,0
2026-07-21 18:15:00,24937.8,24947.6,24930.6,24947.6,174,148,0
2026-07-21 18:30:00,24946.8,24949.7,24935.6,24945.6,169,148,0
2026-07-21 18:45:00,24945.1,24951.3,24939.6,24945.7,208,148,0
2026-07-21 19:00:00,24931.0,24931.7,24918.3,24928.8,93,440,0
2026-07-21 19:15:00,24928.2,24933.8,24928.2,24930.8,88,440,0
2026-07-21 19:30:00,24930.2,24933.8,24925.2,24930.8,70,440,0
2026-07-21 19:45:00,24930.1,24939.8,24926.2,24931.8,129,440,0
2026-07-21 20:00:00,24931.2,24932.8,24910.2,24920.8,122,440,0
2026-07-21 20:15:00,24920.2,24920.2,24916.2,24917.2,41,440,0
2026-07-21 20:30:00,24917.9,24922.8,24917.9,24920.9,29,440,0
2026-07-21 20:45:00,24921.8,24922.8,24919.2,24921.8,50,440,0
2026-07-21 22:00:00,24927.9,24927.9,24920.3,24927.2,120,440,0
2026-07-21 22:15:00,24926.2,24930.8,24920.3,24920.9,69,440,0
2026-07-21 22:30:00,24920.2,24925.8,24918.3,24921.3,61,440,0
2026-07-21 22:45:00,24920.3,24920.3,24908.1,24913.8,54,440,0
2026-07-21 23:00:00,24913.1,24918.7,24911.2,24917.7,69,440,0
2026-07-21 23:15:00,24917.1,24917.8,24907.2,24911.1,76,440,0
2026-07-21 23:30:00,24911.8,24915.9,24904.2,24905.9,103,440,0
2026-07-21 23:45:00,24906.8,24923.8,24902.3,24916.2,238,440,0
2026-07-22 00:00:00,24915.3,24926.5,24910.3,24917.6,376,440,0
2026-07-22 00:15:00,24918.5,24920.5,24904.9,24918.5,286,440,0
2026-07-22 00:30:00,24919.5,24925.5,24900.9,24900.9,273,440,0
2026-07-22 01:15:00,24968.8,25043.9,24858.9,24902.8,1155,148,0
2026-07-22 01:30:00,24903.0,24973.3,24789.0,24923.9,2480,148,0
2026-07-22 01:45:00,24927.4,24982.3,24915.9,24963.4,1398,148,0
2026-07-22 02:00:00,24959.8,25017.3,24918.9,24918.9,1127,148,0
2026-07-22 02:15:00,24920.4,24963.3,24865.9,24927.4,979,148,0
2026-07-22 02:30:00,24928.4,24950.3,24857.9,24925.8,979,148,0
2026-07-22 02:45:00,24923.8,24958.4,24884.9,24944.8,848,148,0
2026-07-22 03:00:00,24942.8,24952.3,24864.9,24891.8,702,148,0
2026-07-22 03:15:00,24890.8,24976.3,24879.9,24923.8,746,148,0
2026-07-22 03:30:00,24925.4,24929.4,24883.9,24898.8,501,148,0
2026-07-22 03:45:00,24896.8,24921.3,24889.8,24905.9,404,148,0
2026-07-22 04:00:00,24890.7,24910.0,24889.2,24902.4,145,440,0
2026-07-22 04:15:00,24903.1,24907.8,24899.2,24901.2,98,440,0
2026-07-22 05:00:00,24898.7,24912.3,24853.8,24885.3,722,148,0
2026-07-22 05:15:00,24883.8,24891.3,24835.8,24835.8,616,148,0
2026-07-22 05:30:00,24833.8,24843.3,24813.8,24823.4,618,148,0
2026-07-22 05:45:00,24824.4,24859.3,24817.4,24842.4,520,148,0
2026-07-22 06:00:00,24840.8,24857.3,24828.8,24835.8,548,148,0
2026-07-22 06:15:00,24834.8,24834.8,24800.8,24805.4,496,148,0
2026-07-22 06:30:00,24806.4,24835.4,24786.9,24814.8,515,148,0
2026-07-22 06:45:00,24812.8,24855.3,24789.8,24844.4,499,148,0
2026-07-22 07:00:00,24844.2,24850.3,24815.7,24849.7,514,148,0
2026-07-22 07:15:00,24850.4,24878.3,24844.8,24878.3,401,148,0
2026-07-22 07:30:00,24876.8,24887.7,24824.8,24831.8,456,148,0
2026-07-22 07:45:00,24833.4,24839.3,24819.6,24835.3,425,148,0
2026-07-22 08:00:00,24836.5,24883.3,24834.7,24865.3,399,148,0
2026-07-22 08:15:00,24867.3,24888.5,24862.8,24888.4,271,148,0
2026-07-22 09:15:00,24954.5,24961.7,24941.6,24947.6,369,148,0
2026-07-22 09:30:00,24947.3,24951.6,24906.6,24915.6,427,148,0
2026-07-22 09:45:00,24916.5,24920.9,24898.3,24920.6,339,148,0
2026-07-22 10:00:00,24920.9,24932.0,24914.5,24917.6,294,148,0
2026-07-22 10:15:00,24917.8,24945.5,24914.2,24941.6,380,148,0
2026-07-22 10:30:00,24942.5,24944.1,24918.9,24922.6,345,148,0
2026-07-22 10:45:00,24923.6,24947.6,24922.6,24932.2,231,148,0
2026-07-22 11:00:00,24931.0,24935.6,24922.6,24925.6,358,148,0
2026-07-22 11:15:00,24924.6,24938.6,24920.6,24929.6,205,148,0
2026-07-22 11:30:00,24929.7,24944.5,24889.3,24911.0,392,148,0
2026-07-22 11:45:00,24909.6,24941.6,24907.6,24925.7,355,148,0
2026-07-22 12:00:00,24927.1,24943.8,24926.5,24941.8,334,148,0
2026-07-22 12:15:00,24942.9,24944.2,24920.8,24939.9,328,148,0
2026-07-22 12:30:00,24939.6,24960.8,24939.6,24950.6,346,148,0
2026-07-22 12:45:00,24951.2,24951.2,24904.8,24929.3,393,148,0
2026-07-22 13:00:00,24930.2,24965.5,24930.2,24964.6,306,148,0
2026-07-22 13:15:00,24963.6,24993.3,24963.6,24985.4,331,148,0
2026-07-22 13:30:00,24987.6,24999.5,24927.0,24972.6,857,148,0
2026-07-22 13:45:00,24974.2,24995.2,24963.0,24983.1,635,148,0
2026-07-22 14:00:00,24984.6,25017.2,24982.0,24994.5,608,148,0
2026-07-22 14:15:00,24995.4,25003.6,24965.7,24968.6,541,148,0
2026-07-22 14:30:00,24969.6,24985.1,24930.9,24931.6,518,148,0
2026-07-22 14:45:00,24932.1,24957.0,24927.2,24942.6,499,148,0
2026-07-22 15:00:00,24943.6,24950.4,24929.4,24944.6,406,148,0
2026-07-22 15:15:00,24943.1,24954.2,24917.0,24950.0,417,148,0
2026-07-22 15:30:00,24949.6,24983.5,24940.0,24966.2,380,148,0
2026-07-22 15:45:00,24966.8,24983.5,24965.1,24974.6,312,148,0
2026-07-22 16:00:00,24974.9,24977.7,24963.4,24967.6,272,148,0
2026-07-22 16:15:00,24967.4,24968.7,24952.6,24959.2,234,148,0
2026-07-22 16:30:00,24959.6,24977.5,24957.7,24971.5,269,148,0
2026-07-22 16:45:00,24971.6,24990.6,24965.6,24988.5,225,148,0
2026-07-22 17:00:00,24987.0,24992.6,24973.0,24973.6,230,148,0
2026-07-22 17:15:00,24972.6,24992.6,24972.0,24990.6,230,148,0
2026-07-22 17:30:00,24990.5,24992.6,24968.6,24971.1,196,148,0
2026-07-22 17:45:00,24970.9,24981.6,24966.6,24968.4,232,148,0
2026-07-22 18:00:00,24969.5,24973.0,24944.6,24948.8,319,148,0
2026-07-22 18:15:00,24948.0,24960.3,24946.4,24957.6,292,148,0
2026-07-22 18:30:00,24956.6,24957.7,24944.6,24956.6,259,148,0
2026-07-22 18:45:00,24958.1,24979.3,24956.6,24974.8,291,148,0
2026-07-22 19:00:00,24960.8,24961.1,24945.2,24945.2,93,440,0
2026-07-22 19:15:00,24944.2,24952.7,24943.2,24952.1,82,440,0
2026-07-22 19:30:00,24951.2,24951.7,24940.2,24947.2,110,440,0
2026-07-22 19:45:00,24947.8,24949.8,24931.3,24936.2,181,440,0
2026-07-22 20:00:00,24936.8,24964.7,24927.8,24964.7,397,440,0
2026-07-22 20:15:00,24965.7,24969.7,24958.2,24960.1,179,440,0
2026-07-22 20:30:00,24959.2,24961.7,24951.2,24951.8,128,440,0
2026-07-22 20:45:00,24950.2,24954.8,24944.2,24946.2,103,440,0
2026-07-22 22:00:00,24919.0,24928.7,24897.3,24904.2,197,440,0
2026-07-22 22:15:00,24904.9,24908.8,24894.3,24896.2,125,440,0
2026-07-22 22:30:00,24896.9,24897.8,24878.3,24882.8,119,440,0
2026-07-22 22:45:00,24882.2,24902.1,24880.2,24898.2,80,440,0
2026-07-22 23:00:00,24898.8,24903.8,24884.3,24902.9,130,440,0
2026-07-22 23:15:00,24902.2,24905.8,24894.2,24901.8,99,440,0
2026-07-22 23:30:00,24902.8,24915.8,24902.8,24914.2,85,440,0
2026-07-22 23:45:00,24913.2,24939.7,24908.8,24939.1,245,440,0
2026-07-23 00:00:00,24939.8,24961.8,24932.2,24951.2,332,440,0
2026-07-23 00:15:00,24952.8,24986.3,24944.2,24970.3,295,440,0
2026-07-23 00:30:00,24971.0,24988.9,24967.0,24987.0,258,440,0
2026-07-23 01:15:00,24994.2,25013.0,24909.1,24946.7,750,148,0
2026-07-23 01:30:00,24944.8,25051.3,24830.9,25042.8,1914,148,0
2026-07-23 01:45:00,25040.8,25103.7,25029.4,25094.4,1201,148,0
2026-07-23 02:00:00,25095.5,25116.3,24980.5,25061.3,1053,148,0
2026-07-23 02:15:00,25062.5,25120.3,25048.9,25095.8,951,148,0
2026-07-23 02:30:00,25099.3,25181.7,25098.8,25171.8,822,148,0
2026-07-23 02:45:00,25169.8,25206.3,25142.9,25179.8,696,148,0
2026-07-23 03:00:00,25179.5,25188.3,25135.8,25154.8,709,148,0
2026-07-23 03:15:00,25156.3,25197.6,25156.3,25193.8,615,148,0
2026-07-23 03:30:00,25192.6,25235.0,25189.8,25234.6,412,148,0
2026-07-23 03:45:00,25236.0,25241.2,25207.5,25216.3,344,148,0
2026-07-23 04:00:00,25202.3,25202.8,25180.3,25202.8,159,440,0
2026-07-23 04:15:00,25203.8,25217.7,25199.2,25211.8,170,440,0
2026-07-23 05:00:00,25212.8,25259.3,25189.5,25245.8,710,148,0
2026-07-23 05:15:00,25247.4,25247.4,25187.9,25200.8,582,148,0
2026-07-23 05:30:00,25198.8,25210.3,25178.8,25193.4,546,148,0
2026-07-23 05:45:00,25195.4,25201.7,25164.8,25171.5,438,148,0
2026-07-23 06:00:00,25173.4,25196.4,25161.9,25181.4,471,148,0
2026-07-23 06:15:00,25180.8,25207.6,25179.8,25204.8,411,148,0
2026-07-23 06:30:00,25206.3,25219.4,25182.8,25197.4,371,148,0
2026-07-23 06:45:00,25199.3,25213.3,25185.8,25185.8,309,148,0
2026-07-23 07:00:00,25187.4,25187.4,25106.9,25138.8,516,148,0
2026-07-23 07:15:00,25139.4,25170.3,25135.8,25140.9,467,148,0
2026-07-23 07:30:00,25140.4,25153.3,25121.5,25139.4,444,148,0
2026-07-23 07:45:00,25137.8,25175.4,25120.9,25171.3,461,148,0
2026-07-23 08:00:00,25170.7,25199.5,25155.8,25183.8,403,148,0
2026-07-23 08:15:00,25181.8,25193.4,25171.7,25180.4,281,148,0
2026-07-23 09:15:00,25170.0,25183.6,25159.6,25163.6,348,148,0
2026-07-23 09:30:00,25164.2,25172.9,25153.7,25169.4,311,148,0
2026-07-23 09:45:00,25169.6,25172.9,25147.4,25153.5,308,148,0
2026-07-23 10:00:00,25155.0,25160.6,25138.6,25146.5,312,148,0
2026-07-23 10:15:00,25146.9,25158.6,25143.8,25152.4,318,148,0
2026-07-23 10:30:00,25151.6,25177.2,25150.1,25168.6,317,148,0
2026-07-23 10:45:00,25168.4,25185.4,25164.6,25173.5,242,148,0
2026-07-23 11:00:00,25172.2,25176.6,25155.1,25168.8,328,148,0
2026-07-23 11:15:00,25168.6,25173.6,25144.6,25148.6,294,148,0
2026-07-23 11:30:00,25149.1,25151.2,25102.4,25113.7,449,148,0
2026-07-23 11:45:00,25113.8,25152.0,25108.6,25128.6,407,148,0
2026-07-23 12:00:00,25127.6,25133.6,25109.6,25111.6,330,148,0
2026-07-23 12:15:00,25112.6,25117.6,25071.7,25077.0,553,148,0
2026-07-23 12:30:00,25072.6,25072.6,25024.6,25028.6,646,148,0
2026-07-23 12:45:00,25026.7,25042.6,25011.7,25033.0,557,148,0
2026-07-23 13:00:00,25031.7,25037.4,24975.6,24978.6,636,148,0
2026-07-23 13:15:00,24978.2,24993.0,24969.3,24982.6,556,148,0
2026-07-23 13:30:00,24981.9,25029.5,24980.6,24999.6,968,148,0
2026-07-23 13:45:00,24998.6,25004.6,24926.7,24927.7,827,148,0
2026-07-23 14:00:00,24931.7,24993.4,24926.4,24976.6,831,148,0
2026-07-23 14:15:00,24976.0,24989.6,24935.6,24957.6,762,148,0
2026-07-23 14:30:00,24956.1,24964.1,24907.7,24912.8,730,148,0
2026-07-23 14:45:00,24912.6,24923.6,24886.1,24904.6,607,148,0
2026-07-23 15:00:00,24906.6,24906.6,24851.7,24858.6,553,148,0
2026-07-23 15:15:00,24857.4,24867.6,24823.2,24827.6,649,148,0
2026-07-23 15:30:00,24826.6,24867.5,24816.6,24846.6,630,148,0
2026-07-23 15:45:00,24844.9,24871.0,24832.7,24869.5,488,148,0
2026-07-23 16:00:00,24870.5,24890.5,24868.6,24881.6,447,148,0
2026-07-23 16:15:00,24882.1,24901.5,24871.1,24895.6,362,148,0
2026-07-23 16:30:00,24895.1,24899.7,24876.6,24878.6,374,148,0
2026-07-23 16:45:00,24877.6,24882.6,24862.6,24882.5,335,148,0
2026-07-23 17:00:00,24882.6,24885.6,24860.0,24870.5,407,148,0
2026-07-23 17:15:00,24869.6,24884.8,24866.6,24874.6,361,148,0
2026-07-23 17:30:00,24874.8,24876.6,24849.6,24861.6,466,148,0
2026-07-23 17:45:00,24859.9,24872.6,24846.2,24847.6,402,148,0
2026-07-23 18:00:00,24846.6,24850.6,24833.6,24833.6,401,148,0
2026-07-23 18:15:00,24832.6,24850.6,24829.1,24846.6,358,148,0
2026-07-23 18:30:00,24847.1,24852.6,24836.6,24842.6,280,148,0
2026-07-23 18:45:00,24842.4,24859.5,24838.7,24859.5,349,148,0
2026-07-23 19:00:00,24846.1,24851.0,24828.1,24829.1,150,440,0
2026-07-23 19:15:00,24827.1,24858.0,24826.1,24854.0,197,440,0
2026-07-23 19:30:00,24855.0,24860.0,24840.0,24840.0,207,440,0
2026-07-23 19:45:00,24839.0,24873.9,24825.1,24866.9,280,440,0
2026-07-23 20:00:00,24869.0,24894.0,24869.0,24890.8,293,440,0
2026-07-23 20:15:00,24888.9,24899.9,24887.9,24893.0,169,440,0
2026-07-23 20:30:00,24894.0,24898.0,24884.0,24885.0,136,440,0
2026-07-23 20:45:00,24884.0,24884.0,24879.0,24883.2,111,440,0
2026-07-23 22:00:00,24859.0,24863.1,24841.9,24845.1,194,440,0
2026-07-23 22:15:00,24846.1,24859.0,24844.1,24851.8,137,440,0
2026-07-23 22:30:00,24853.0,24869.7,24852.0,24868.0,124,440,0
2026-07-23 22:45:00,24868.2,24883.9,24868.0,24882.9,130,440,0
2026-07-23 23:00:00,24883.8,24883.9,24869.8,24872.0,146,440,0
2026-07-23 23:15:00,24871.0,24878.0,24871.0,24877.0,103,440,0
2026-07-23 23:30:00,24876.1,24879.0,24863.1,24875.0,188,440,0
2026-07-23 23:45:00,24876.0,24889.7,24870.0,24878.8,375,440,0
2026-07-24 00:00:00,24882.4,24899.9,24859.1,24866.1,539,440,0
2026-07-24 00:15:00,24867.1,24894.9,24852.1,24878.0,480,440,0
2026-07-24 00:30:00,24879.0,24891.9,24863.0,24888.9,414,440,0
2026-07-24 01:15:00,24871.0,24914.4,24846.7,24846.9,1090,148,0
2026-07-24 01:30:00,24850.7,25002.5,24837.2,24874.6,2029,148,0
2026-07-24 01:45:00,24871.6,24930.3,24837.9,24860.4,1372,148,0
2026-07-24 02:00:00,24860.6,24917.5,24829.9,24909.3,1155,148,0
2026-07-24 02:15:00,24909.5,24931.5,24877.7,24927.5,995,148,0
2026-07-24 02:30:00,24926.7,24933.5,24863.6,24865.6,908,148,0
2026-07-24 02:45:00,24864.8,24876.5,24826.9,24830.6,866,148,0
2026-07-24 03:00:00,24832.6,24857.6,24820.6,24853.6,791,148,0
2026-07-24 03:15:00,24855.6,24878.5,24847.6,24858.6,797,148,0
2026-07-24 03:30:00,24858.4,24884.4,24848.6,24880.6,592,148,0
2026-07-24 03:45:00,24879.6,24893.6,24865.6,24874.6,532,148,0
2026-07-24 04:00:00,24859.7,24877.9,24851.0,24864.0,219,440,0
2026-07-24 04:15:00,24863.0,24897.9,24862.0,24896.8,263,440,0
2026-07-24 05:00:00,24907.6,24921.3,24877.7,24901.6,875,148,0
2026-07-24 05:15:00,24898.6,24916.6,24889.8,24904.4,744,148,0
2026-07-24 05:30:00,24903.8,24914.7,24862.6,24862.6,683,148,0
2026-07-24 05:45:00,24861.8,24865.6,24820.6,24832.8,629,148,0
2026-07-24 06:00:00,24832.6,24845.3,24801.6,24845.3,680,148,0
2026-07-24 06:15:00,24845.5,24884.5,24843.5,24876.5,660,148,0
2026-07-24 06:30:00,24879.6,24879.6,24815.9,24818.7,613,148,0
2026-07-24 06:45:00,24817.7,24837.5,24806.5,24831.8,555,148,0
2026-07-24 07:00:00,24830.6,24889.4,24820.8,24886.5,621,148,0
2026-07-24 07:15:00,24888.5,24932.5,24883.5,24932.5,639,148,0
2026-07-24 07:30:00,24932.3,24941.5,24917.8,24928.6,559,148,0
2026-07-24 07:45:00,24927.8,24933.6,24899.7,24927.6,549,148,0
2026-07-24 08:00:00,24928.6,24938.6,24917.6,24929.6,576,148,0
2026-07-24 08:15:00,24927.8,24940.5,24920.6,24939.5,473,148,0
2026-07-24 09:15:00,24949.2,24961.6,24945.6,24956.6,345,148,0
2026-07-24 09:30:00,24957.6,24966.6,24951.6,24956.2,286,148,0
2026-07-24 09:45:00,24956.6,24964.4,24947.6,24961.6,301,148,0
2026-07-24 10:00:00,24962.3,24971.1,24959.6,24962.7,284,148,0
2026-07-24 10:15:00,24962.2,24968.6,24951.2,24965.5,242,148,0
2026-07-24 10:30:00,24965.6,24975.4,24961.6,24962.6,285,148,0
2026-07-24 10:45:00,24961.9,24962.6,24937.1,24946.6,238,148,0
2026-07-24 11:00:00,24943.6,24966.5,24943.6,24955.1,321,148,0
2026-07-24 11:15:00,24955.6,24957.6,24942.6,24947.6,220,148,0
2026-07-24 11:30:00,24946.6,24956.6,24936.2,24945.5,313,148,0
2026-07-24 11:45:00,24946.4,24990.5,24930.6,24973.6,400,148,0
2026-07-24 12:00:00,24976.6,24976.6,24947.5,24970.5,450,148,0
2026-07-24 12:15:00,24969.1,24970.6,24925.9,24939.2,355,148,0
2026-07-24 12:30:00,24938.7,24938.7,24913.4,24917.7,329,148,0
2026-07-24 12:45:00,24917.8,24921.7,24896.2,24901.6,322,148,0
2026-07-24 13:00:00,24900.6,24917.5,24897.6,24916.5,277,148,0
2026-07-24 13:15:00,24916.0,24939.6,24914.5,24939.1,320,148,0
2026-07-24 13:30:00,24942.6,24980.1,24892.7,24930.6,860,148,0
2026-07-24 13:45:00,24928.4,24961.5,24912.3,24915.6,690,148,0
2026-07-24 14:00:00,24917.6,24941.5,24911.6,24929.6,714,148,0
2026-07-24 14:15:00,24930.8,24953.3,24911.7,24929.6,660,148,0
2026-07-24 14:30:00,24930.5,24937.6,24911.7,24917.6,525,148,0
2026-07-24 14:45:00,24917.1,25006.5,24912.4,25005.5,590,148,0
2026-07-24 15:00:00,25006.9,25050.6,24980.6,25041.5,680,148,0
2026-07-24 15:15:00,25039.7,25083.4,25037.5,25062.6,717,148,0
2026-07-24 15:30:00,25066.6,25079.3,25044.1,25056.6,519,148,0
2026-07-24 15:45:00,25057.0,25072.6,25055.6,25071.6,345,148,0
2026-07-24 16:00:00,25070.0,25085.1,25063.1,25068.6,322,148,0
2026-07-24 16:15:00,25067.6,25076.6,25063.6,25070.6,275,148,0
2026-07-24 16:30:00,25070.4,25070.4,25032.2,25033.7,364,148,0
2026-07-24 16:45:00,25033.2,25042.6,25016.6,25037.1,392,148,0
2026-07-24 17:00:00,25036.6,25040.6,25003.6,25018.6,454,148,0
2026-07-24 17:15:00,25017.6,25037.9,25017.4,25037.5,315,148,0
2026-07-24 17:30:00,25037.9,25046.5,25009.7,25013.6,290,148,0
2026-07-24 17:45:00,25012.6,25026.6,25011.1,25020.6,302,148,0
2026-07-24 18:00:00,25020.7,25030.6,25015.6,25018.6,246,148,0
2026-07-24 18:15:00,25017.1,25021.6,24994.6,24997.6,340,148,0
2026-07-24 18:30:00,24998.3,25001.6,24977.6,24978.6,437,148,0
2026-07-24 18:45:00,24977.6,24997.6,24977.6,24991.1,352,148,0
2026-07-24 19:00:00,24977.0,24982.0,24963.0,24968.0,255,440,0
2026-07-24 19:15:00,24969.0,24979.0,24965.0,24970.0,246,440,0
2026-07-24 19:30:00,24972.0,24985.0,24970.0,24982.0,284,440,0
2026-07-24 19:45:00,24981.0,24988.3,24970.3,24986.2,269,440,0
2026-07-26 22:00:00,25152.0,25181.8,25146.3,25162.9,208,440,0
2026-07-26 22:15:00,25163.2,25176.8,25157.9,25160.8,187,440,0
2026-07-26 22:30:00,25161.8,25175.0,25158.2,25165.1,167,440,0
2026-07-26 22:45:00,25164.1,25165.1,25149.1,25151.1,150,440,0
2026-07-26 23:00:00,25152.1,25167.0,25146.1,25166.0,169,440,0
2026-07-26 23:15:00,25167.0,25168.0,25156.1,25159.0,142,440,0
2026-07-26 23:30:00,25158.8,25175.0,25157.0,25167.2,144,440,0
2026-07-26 23:45:00,25166.0,25193.1,25157.0,25184.1,370,440,0
2026-07-27 00:00:00,25182.9,25184.9,25136.1,25156.0,554,440,0
2026-07-27 00:15:00,25156.2,25159.8,25114.2,25124.1,478,440,0
2026-07-27 00:30:00,25125.1,25135.0,25115.0,25115.0,425,440,0
2026-07-27 01:15:00,25088.3,25113.8,24934.7,24949.6,1202,148,0
2026-07-27 01:30:00,24952.6,25073.8,24896.5,25023.8,2051,148,0
2026-07-27 01:45:00,25021.8,25061.5,24982.6,25043.3,1458,148,0
2026-07-27 02:00:00,25041.8,25068.6,25024.6,25047.6,1144,148,0
2026-07-27 02:15:00,25049.4,25184.3,25049.4,25097.7,1046,148,0
2026-07-27 02:30:00,25096.7,25145.3,25086.9,25137.8,974,148,0
2026-07-27 02:45:00,25139.6,25147.5,25082.6,25137.5,839,148,0
2026-07-27 03:00:00,25137.7,25155.7,25113.6,25133.6,808,148,0
2026-07-27 03:15:00,25134.4,25168.3,25121.6,25138.6,801,148,0
2026-07-27 03:30:00,25136.8,25169.5,25117.7,25131.6,684,148,0
2026-07-27 03:45:00,25130.8,25143.5,25114.8,25142.1,589,148,0
2026-07-27 04:00:00,25126.0,25135.0,25123.0,25134.0,256,440,0
2026-07-27 04:15:00,25133.0,25149.9,25129.0,25145.1,218,440,0
2026-07-27 05:00:00,25164.4,25164.4,25121.9,25146.6,858,148,0
2026-07-27 05:15:00,25144.6,25165.5,25121.6,25130.6,699,148,0
2026-07-27 05:30:00,25129.8,25143.4,25103.7,25128.6,698,148,0
2026-07-27 05:45:00,25127.6,25179.5,25124.6,25168.6,643,148,0
2026-07-27 06:00:00,25167.8,25217.5,25160.6,25217.5,655,148,0
2026-07-27 06:15:00,25216.5,25222.5,25188.7,25200.6,584,148,0
2026-07-27 06:30:00,25198.6,25223.5,25197.6,25209.8,570,148,0
2026-07-27 06:45:00,25211.6,25227.6,25209.4,25220.8,517,148,0
2026-07-27 07:00:00,25219.6,25258.5,25206.7,25226.5,614,148,0
2026-07-27 07:15:00,25225.7,25239.5,25220.5,25222.4,540,148,0
2026-07-27 07:30:00,25221.6,25225.6,25182.7,25203.6,519,148,0
2026-07-27 07:45:00,25202.0,25217.5,25188.6,25191.6,526,148,0
2026-07-27 08:00:00,25189.8,25197.3,25167.6,25179.6,549,148,0
2026-07-27 08:15:00,25178.8,25179.6,25157.8,25174.3,448,148,0
2026-07-27 09:15:00,25172.2,25188.5,25167.2,25177.6,338,148,0
2026-07-27 09:30:00,25178.6,25180.6,25166.6,25179.6,292,148,0
2026-07-27 09:45:00,25178.6,25192.7,25175.6,25184.5,236,148,0
2026-07-27 10:00:00,25183.5,25187.9,25166.6,25178.6,263,148,0
2026-07-27 10:15:00,25178.4,25186.5,25177.6,25181.6,224,148,0
2026-07-27 10:30:00,25184.6,25195.7,25182.1,25192.6,187,148,0
2026-07-27 10:45:00,25193.3,25199.5,25185.6,25187.6,200,148,0
2026-07-27 11:00:00,25186.6,25191.6,25176.6,25185.6,272,148,0
2026-07-27 11:15:00,25186.6,25188.6,25156.9,25156.9,249,148,0
2026-07-27 11:30:00,25154.4,25174.3,25150.6,25160.6,393,148,0
2026-07-27 11:45:00,25160.8,25178.5,25159.6,25172.5,288,148,0
2026-07-27 12:00:00,25174.1,25184.5,25143.6,25145.2,383,148,0
2026-07-27 12:15:00,25145.7,25151.4,25138.6,25139.6,294,148,0
2026-07-27 12:30:00,25142.6,25164.5,25135.1,25164.5,301,148,0
2026-07-27 12:45:00,25163.5,25192.5,25163.5,25189.5,325,148,0
2026-07-27 13:00:00,25190.5,25205.5,25173.6,25198.5,376,148,0
2026-07-27 13:15:00,25197.5,25208.1,25185.7,25201.5,357,148,0
2026-07-27 13:30:00,25204.5,25235.5,25158.4,25208.2,847,148,0
2026-07-27 13:45:00,25210.0,25239.2,25188.7,25189.6,684,148,0
2026-07-27 14:00:00,25190.6,25217.6,25173.8,25199.8,678,148,0
2026-07-27 14:15:00,25199.5,25218.5,25150.1,25151.6,628,148,0
2026-07-27 14:30:00,25150.8,25185.5,25140.0,25150.6,766,148,0
2026-07-27 14:45:00,25151.6,25290.0,25151.6,25286.6,786,148,0
2026-07-27 15:00:00,25286.0,25332.1,25275.2,25302.5,718,148,0
2026-07-27 15:15:00,25301.3,25327.6,25277.3,25315.7,744,148,0
2026-07-27 15:30:00,25315.5,25315.5,25265.3,25271.3,619,148,0
2026-07-27 15:45:00,25269.6,25269.6,25230.8,25244.6,588,148,0
2026-07-27 16:00:00,25245.6,25279.5,25233.1,25261.6,506,148,0
2026-07-27 16:15:00,25262.6,25331.6,25255.6,25313.2,600,148,0
2026-07-27 16:30:00,25313.1,25331.2,25298.6,25306.6,501,148,0
2026-07-27 16:45:00,25307.6,25307.9,25269.7,25276.6,470,148,0
2026-07-27 17:00:00,25276.4,25276.4,25238.7,25251.6,461,148,0
2026-07-27 17:15:00,25250.1,25253.6,25235.6,25241.6,395,148,0
2026-07-27 17:30:00,25241.5,25266.5,25241.5,25255.6,372,148,0
2026-07-27 17:45:00,25256.6,25265.6,25241.7,25260.1,356,148,0
2026-07-27 18:00:00,25261.6,25262.6,25229.7,25233.6,405,148,0
2026-07-27 18:15:00,25234.1,25234.6,25214.7,25224.6,356,148,0
2026-07-27 18:30:00,25224.4,25241.2,25216.6,25236.6,460,148,0
2026-07-27 18:45:00,25237.6,25271.5,25234.6,25257.0,474,148,0
2026-07-27 19:00:00,25243.0,25262.9,25238.0,25251.0,237,440,0
2026-07-27 19:15:00,25252.0,25260.0,25250.0,25258.0,190,440,0
2026-07-27 19:30:00,25257.0,25262.0,25251.0,25256.0,209,440,0
2026-07-27 19:45:00,25255.0,25267.0,25250.0,25262.0,260,440,0
2026-07-27 20:00:00,25261.0,25270.0,25252.1,25258.0,172,440,0
2026-07-27 20:15:00,25257.0,25260.1,25254.1,25259.1,51,440,0
2026-07-27 20:30:00,25258.1,25274.0,25258.1,25267.0,94,440,0
2026-07-27 20:45:00,25266.0,25267.0,25262.0,25265.0,87,440,0
2026-07-27 22:00:00,25260.8,25273.1,25253.0,25253.0,175,440,0
2026-07-27 22:15:00,25254.0,25258.0,25247.0,25247.2,128,440,0
2026-07-27 22:30:00,25248.0,25260.0,25248.0,25253.0,93,440,0
2026-07-27 22:45:00,25254.0,25258.1,25250.1,25252.1,79,440,0
2026-07-27 23:00:00,25251.1,25256.9,25238.1,25247.9,148,440,0
2026-07-27 23:15:00,25246.9,25262.9,25243.9,25261.9,133,440,0
2026-07-27 23:30:00,25260.9,25261.9,25248.0,25251.0,109,440,0
2026-07-27 23:45:00,25250.0,25261.1,25233.9,25248.0,394,440,0
2026-07-28 00:00:00,25249.0,25260.0,25218.1,25225.8,546,440,0
2026-07-28 00:15:00,25227.8,25230.0,25184.3,25210.8,481,440,0
2026-07-28 00:30:00,25209.2,25224.7,25188.0,25219.9,494,440,0
2026-07-28 01:15:00,25176.0,25310.7,25160.0,25269.8,1174,166,0
2026-07-28 01:30:00,25263.7,25336.8,25197.2,25272.7,1605,166,0
2026-07-28 01:45:00,25275.7,25346.3,25250.8,25344.6,1170,166,0
2026-07-28 02:00:00,25347.6,25406.5,25316.8,25378.7,977,156,0
2026-07-28 02:15:00,25377.9,25389.7,25230.8,25247.7,1028,156,0
2026-07-28 02:30:00,25246.7,25273.6,25150.6,25164.6,932,156,0
2026-07-28 02:45:00,25168.5,25170.8,25069.4,25075.1,938,156,0
2026-07-28 03:00:00,25075.4,25122.9,25038.4,25119.3,894,156,0
2026-07-28 03:15:00,25119.1,25261.4,25110.1,25182.3,966,156,0
2026-07-28 03:30:00,25179.3,25207.6,25170.3,25171.3,813,156,0
2026-07-28 03:45:00,25173.3,25174.1,25135.0,25144.6,656,148,0
2026-07-28 04:00:00,25128.0,25131.0,25097.1,25097.1,280,440,0
2026-07-28 04:15:00,25098.1,25113.2,25096.1,25110.2,241,440,0
2026-07-28 05:00:00,25121.6,25176.9,25103.3,25174.1,914,148,0
2026-07-28 05:15:00,25176.1,25188.1,25111.5,25125.1,739,148,0
2026-07-28 05:30:00,25124.3,25137.0,25077.4,25127.2,819,148,0
2026-07-28 05:45:00,25128.0,25137.1,25097.7,25125.4,726,148,0
2026-07-28 06:00:00,25127.0,25166.5,25119.2,25159.5,712,148,0
2026-07-28 06:15:00,25160.4,25175.5,25142.6,25171.4,720,148,0
2026-07-28 06:30:00,25174.4,25174.4,25114.7,25164.8,726,148,0
2026-07-28 06:45:00,25166.6,25213.5,25162.6,25206.6,647,148,0
2026-07-28 07:00:00,25207.3,25238.4,25191.7,25229.3,624,148,0
2026-07-28 07:15:00,25229.6,25279.5,25229.6,25267.6,625,148,0
2026-07-28 07:30:00,25268.6,25291.8,25261.6,25269.5,502,148,0
2026-07-28 07:45:00,25270.3,25274.5,25253.6,25259.8,555,148,0
2026-07-28 08:00:00,25261.3,25292.5,25248.9,25255.6,651,148,0
2026-07-28 08:15:00,25257.3,25296.5,25254.6,25295.7,552,148,0
2026-07-28 09:15:00,25296.9,25318.3,25287.7,25296.7,378,148,0
2026-07-28 09:30:00,25295.7,25301.1,25286.7,25292.1,296,148,0
2026-07-28 09:45:00,25291.6,25292.1,25260.7,25265.7,300,148,0
2026-07-28 10:00:00,25263.2,25276.6,25259.7,25268.6,301,148,0
2026-07-28 10:15:00,25269.6,25279.6,25261.6,25279.6,277,148,0
2026-07-28 10:30:00,25279.1,25283.8,25254.7,25256.6,374,148,0
2026-07-28 10:45:00,25257.0,25271.2,25256.6,25265.6,289,148,0
2026-07-28 11:00:00,25267.1,25271.6,25240.6,25243.6,394,148,0
2026-07-28 11:15:00,25244.6,25301.5,25243.6,25268.6,528,148,0
2026-07-28 11:30:00,25266.9,25304.3,25261.6,25274.7,357,148,0
2026-07-28 11:45:00,25274.1,25308.5,25270.6,25303.5,379,148,0
2026-07-28 12:00:00,25302.5,25312.6,25298.5,25307.6,361,148,0
2026-07-28 12:15:00,25307.4,25318.5,25297.6,25315.5,350,148,0
2026-07-28 12:30:00,25314.5,25323.5,25292.9,25316.5,431,148,0
2026-07-28 12:45:00,25317.0,25332.7,25312.9,25325.6,384,148,0
2026-07-28 13:00:00,25325.4,25337.5,25311.4,25326.6,356,148,0
2026-07-28 13:15:00,25327.1,25336.6,25318.2,25324.6,307,148,0
2026-07-28 13:30:00,25323.0,25358.5,25282.7,25311.5,956,148,0
2026-07-28 13:45:00,25312.5,25363.5,25260.7,25350.6,817,148,0
2026-07-28 14:00:00,25352.5,25440.5,25351.6,25409.2,786,148,0
2026-07-28 14:15:00,25409.6,25469.5,25400.6,25464.5,755,148,0
2026-07-28 14:30:00,25463.5,25478.5,25442.6,25470.5,719,148,0
2026-07-28 14:45:00,25470.2,25473.6,25413.7,25413.7,521,148,0
2026-07-28 15:00:00,25414.7,25455.5,25398.2,25449.5,654,148,0
2026-07-28 15:15:00,25448.4,25478.3,25442.6,25459.7,603,148,0
2026-07-28 15:30:00,25461.3,25489.6,25460.6,25488.6,473,148,0
2026-07-28 15:45:00,25489.6,25496.0,25481.6,25496.0,370,148,0
2026-07-28 16:00:00,25496.5,25504.5,25489.5,25493.1,344,148,0
2026-07-28 16:15:00,25492.6,25502.6,25483.3,25495.6,326,148,0
2026-07-28 16:30:00,25494.8,25508.9,25488.3,25493.6,328,148,0
2026-07-28 16:45:00,25492.7,25503.6,25478.6,25500.6,309,148,0
2026-07-28 17:00:00,25500.8,25506.1,25491.4,25494.6,344,148,0
2026-07-28 17:15:00,25494.8,25524.5,25493.9,25500.6,388,148,0
2026-07-28 17:30:00,25500.3,25506.0,25484.6,25485.6,292,148,0
2026-07-28 17:45:00,25486.6,25489.1,25476.6,25486.6,321,148,0
2026-07-28 18:00:00,25487.6,25490.5,25463.6,25464.6,336,148,0
2026-07-28 18:15:00,25464.8,25477.6,25459.6,25462.6,312,148,0
2026-07-28 18:30:00,25463.1,25481.6,25460.6,25472.6,320,148,0
2026-07-28 18:45:00,25473.1,25482.1,25438.4,25444.6,388,148,0
2026-07-28 19:00:00,25435.7,25470.1,25435.2,25463.1,177,440,0
2026-07-28 19:15:00,25462.9,25477.1,25460.1,25474.1,185,440,0
2026-07-28 19:30:00,25475.1,25476.1,25454.1,25459.1,164,440,0
2026-07-28 19:45:00,25458.1,25463.0,25445.1,25446.9,204,440,0
2026-07-28 20:00:00,25450.8,25455.0,25435.1,25446.0,248,440,0
2026-07-28 20:15:00,25445.1,25471.9,25439.1,25468.9,138,440,0
2026-07-28 20:30:00,25467.9,25477.3,25454.0,25477.3,117,440,0
2026-07-28 20:45:00,25475.8,25480.8,25473.9,25475.5,64,440,0
2026-07-28 22:00:00,25483.9,25506.9,25483.9,25487.0,199,440,0
2026-07-28 22:15:00,25488.0,25491.0,25462.1,25472.0,232,440,0
2026-07-28 22:30:00,25470.0,25474.0,25441.2,25445.2,260,440,0
2026-07-28 22:45:00,25446.2,25451.0,25432.1,25433.2,292,440,0
2026-07-28 23:00:00,25434.0,25466.9,25426.0,25462.9,315,440,0
2026-07-28 23:15:00,25461.9,25481.9,25451.2,25477.9,249,440,0
2026-07-28 23:30:00,25473.2,25519.7,25468.9,25517.6,262,440,0
2026-07-28 23:45:00,25516.6,25552.1,25510.1,25538.0,493,440,0
2026-07-29 00:00:00,25536.4,25553.0,25523.1,25537.0,577,440,0
2026-07-29 00:15:00,25535.0,25548.0,25514.0,25524.0,500,440,0
2026-07-29 00:30:00,25522.0,25526.0,25495.1,25509.0,458,440,0
2026-07-29 01:15:00,25463.1,25603.2,25456.2,25543.8,1234,148,0
2026-07-29 01:30:00,25541.9,25654.5,25467.9,25653.7,1953,148,0
2026-07-29 01:45:00,25654.6,25691.6,25625.8,25627.6,1203,148,0
2026-07-29 02:00:00,25628.6,25685.6,25585.6,25648.6,1237,148,0
2026-07-29 02:15:00,25649.4,25715.3,25629.6,25638.8,1085,148,0
2026-07-29 02:30:00,25640.4,25706.5,25640.4,25667.6,1032,148,0
2026-07-29 02:45:00,25668.6,25677.3,25628.6,25664.8,875,148,0
2026-07-29 03:00:00,25666.6,25714.6,25644.6,25686.4,906,148,0
2026-07-29 03:15:00,25686.6,25721.5,25654.9,25658.6,812,148,0
2026-07-29 03:30:00,25655.6,25662.6,25589.6,25602.6,768,148,0
2026-07-29 03:45:00,25605.3,25650.6,25601.6,25634.1,706,148,0
2026-07-29 04:00:00,25618.0,25619.6,25594.9,25598.9,362,440,0
2026-07-29 04:15:00,25599.9,25600.9,25578.0,25584.9,411,440,0
2026-07-29 05:00:00,25626.4,25674.3,25608.7,25614.7,1047,148,0
2026-07-29 05:15:00,25614.4,25640.5,25577.7,25590.6,967,148,0
2026-07-29 05:30:00,25590.8,25608.5,25575.6,25581.4,836,148,0
2026-07-29 05:45:00,25583.6,25615.5,25574.6,25582.6,758,148,0
2026-07-29 06:00:00,25581.8,25689.5,25579.6,25677.6,730,148,0
2026-07-29 06:15:00,25676.7,25694.5,25652.6,25672.6,696,148,0
2026-07-29 06:30:00,25675.6,25703.5,25669.7,25685.5,621,148,0
2026-07-29 06:45:00,25683.8,25729.5,25683.5,25715.8,528,148,0
2026-07-29 07:00:00,25714.6,25732.5,25707.9,25715.6,628,148,0
2026-07-29 07:15:00,25716.4,25725.5,25692.4,25718.3,577,148,0
2026-07-29 07:30:00,25718.5,25751.4,25700.6,25746.6,557,148,0
2026-07-29 07:45:00,25747.4,25771.5,25739.6,25762.6,576,148,0
2026-07-29 08:00:00,25761.8,25777.5,25729.7,25732.4,622,148,0
2026-07-29 08:15:00,25729.7,25740.2,25707.8,25725.9,541,148,0
2026-07-29 09:15:00,25689.0,25700.8,25672.3,25673.7,347,148,0
2026-07-29 09:30:00,25673.9,25681.6,25658.7,25675.6,273,148,0
2026-07-29 09:45:00,25674.6,25681.6,25649.3,25651.8,270,148,0
2026-07-29 10:00:00,25652.7,25678.5,25645.7,25670.6,356,148,0
2026-07-29 10:15:00,25670.4,25688.4,25665.6,25676.4,260,148,0
2026-07-29 10:30:00,25676.6,25680.5,25659.6,25664.6,275,148,0
2026-07-29 10:45:00,25663.1,25663.6,25614.8,25629.7,343,148,0
2026-07-29 11:00:00,25630.7,25645.6,25623.7,25640.6,329,148,0
2026-07-29 11:15:00,25639.6,25647.5,25629.6,25639.6,239,148,0
2026-07-29 11:30:00,25640.6,25641.6,25619.7,25625.7,169,148,0
2026-07-29 11:45:00,25626.7,25647.5,25621.6,25647.5,186,148,0
2026-07-29 12:00:00,25646.5,25652.5,25621.5,25626.6,193,148,0
2026-07-29 12:15:00,25627.6,25631.6,25585.7,25595.6,396,148,0
2026-07-29 12:30:00,25592.6,25614.5,25578.7,25607.6,227,148,0
2026-07-29 12:45:00,25608.1,25623.5,25601.1,25621.5,159,148,0
2026-07-29 13:00:00,25622.5,25624.5,25586.7,25586.7,238,148,0
2026-07-29 13:15:00,25587.7,25623.5,25586.7,25618.5,243,148,0
2026-07-29 13:30:00,25621.5,25686.4,25621.5,25645.6,672,148,0
2026-07-29 13:45:00,25646.6,25678.5,25625.7,25666.5,420,148,0
2026-07-29 14:00:00,25669.5,25689.5,25612.8,25623.7,437,148,0
2026-07-29 14:15:00,25624.6,25650.5,25614.7,25638.6,351,148,0
2026-07-29 14:30:00,25637.6,25658.6,25590.7,25594.7,404,148,0
2026-07-29 14:45:00,25595.7,25617.6,25592.7,25609.5,352,148,0
2026-07-29 15:00:00,25612.5,25641.5,25604.5,25635.5,283,148,0
2026-07-29 15:15:00,25634.5,25655.6,25626.6,25641.6,298,148,0
2026-07-29 15:30:00,25639.6,25656.6,25637.6,25649.6,291,148,0
2026-07-29 15:45:00,25648.6,25658.6,25627.7,25639.6,265,148,0
2026-07-29 16:00:00,25643.6,25648.6,25606.6,25606.6,280,148,0
2026-07-29 16:15:00,25605.1,25659.4,25601.6,25659.4,225,148,0
2026-07-29 16:30:00,25656.4,25663.4,25630.7,25639.7,207,148,0
2026-07-29 16:45:00,25638.7,25667.5,25636.7,25666.5,204,148,0
2026-07-29 17:00:00,25668.5,25718.3,25664.5,25716.3,190,148,0
2026-07-29 17:15:00,25717.3,25730.0,25695.2,25695.2,182,148,0
2026-07-29 17:30:00,25693.2,25706.2,25685.3,25693.2,182,148,0
2026-07-29 17:45:00,25692.2,25712.5,25689.2,25699.3,148,148,0
2026-07-29 18:00:00,25707.8,25823.6,25707.8,25802.3,478,156,0
2026-07-29 18:15:00,25799.4,25818.8,25760.0,25779.8,306,166,0
2026-07-29 18:30:00,25780.8,25879.0,25750.5,25875.0,475,166,0
2026-07-29 18:45:00,25874.0,25904.6,25862.1,25901.7,360,176,0
2026-07-29 19:00:00,25888.0,25909.9,25806.2,25833.0,379,440,0
2026-07-29 19:15:00,25832.0,25848.0,25748.2,25759.1,368,440,0
2026-07-29 19:30:00,25760.1,25775.0,25673.2,25678.2,403,440,0
2026-07-29 19:45:00,25679.2,25739.9,25675.2,25692.1,394,440,0
2026-07-29 20:00:00,25691.1,25697.1,25641.3,25664.0,473,440,0
2026-07-29 20:15:00,25662.0,25678.9,25634.1,25647.0,288,440,0
2026-07-29 20:30:00,25648.0,25684.9,25635.1,25673.0,260,440,0
2026-07-29 20:45:00,25675.0,25678.0,25658.1,25660.0,197,440,0
2026-07-29 22:00:00,25628.3,25745.6,25628.3,25727.8,317,440,0
2026-07-29 22:15:00,25728.8,25748.8,25721.9,25726.9,230,440,0
2026-07-29 22:30:00,25727.9,25739.9,25717.0,25739.9,181,440,0
2026-07-29 22:45:00,25738.9,25745.9,25722.0,25727.0,165,440,0
2026-07-29 23:00:00,25729.0,25752.9,25729.0,25738.0,181,440,0
2026-07-29 23:15:00,25739.0,25753.9,25734.0,25751.9,168,440,0
2026-07-29 23:30:00,25754.9,25768.9,25752.0,25764.0,176,440,0
2026-07-29 23:45:00,25763.0,25778.9,25741.1,25750.1,417,440,0
2026-07-30 00:00:00,25753.1,25792.9,25735.1,25779.1,482,440,0
2026-07-30 00:15:00,25776.1,25793.0,25770.1,25791.0,413,440,0
2026-07-30 00:30:00,25792.0,25795.0,25722.1,25730.1,368,440,0
2026-07-30 01:15:00,25808.7,25920.1,25789.6,25909.2,728,148,0
2026-07-30 01:30:00,25896.1,25948.5,25704.3,25710.9,1057,166,0
2026-07-30 01:45:00,25713.9,25718.5,25660.8,25708.6,794,166,0
2026-07-30 02:00:00,25710.6,25873.6,25704.6,25734.8,821,166,0
2026-07-30 02:15:00,25737.7,25830.9,25710.8,25811.6,824,166,0
2026-07-30 02:30:00,25814.6,25818.6,25738.9,25796.8,748,166,0
2026-07-30 02:45:00,25800.8,25814.7,25731.0,25762.7,679,166,0
2026-07-30 03:00:00,25764.7,25816.6,25731.9,25750.8,685,166,0
2026-07-30 03:15:00,25754.8,25756.8,25660.9,25705.6,628,166,0
2026-07-30 03:30:00,25706.6,25803.3,25689.8,25733.8,609,166,0
2026-07-30 03:45:00,25736.8,25763.2,25727.7,25746.3,412,156,0
2026-07-30 04:00:00,25748.8,25748.8,25712.1,25715.1,275,156,0
2026-07-30 04:15:00,25717.1,25747.9,25711.1,25746.9,243,440,0
2026-07-30 05:00:00,25709.7,25727.6,25618.3,25717.6,737,148,0
2026-07-30 05:15:00,25720.6,25728.5,25659.8,25704.7,657,156,0
2026-07-30 05:30:00,25707.7,25763.6,25699.8,25758.7,650,156,0
2026-07-30 05:45:00,25759.7,25803.1,25746.8,25800.1,528,156,0
2026-07-30 06:00:00,25799.1,25854.1,25775.5,25789.4,562,156,0
2026-07-30 06:15:00,25786.4,25857.1,25757.5,25850.2,506,156,0
2026-07-30 06:30:00,25853.2,25864.1,25813.6,25834.6,512,148,0
2026-07-30 06:45:00,25831.6,25840.6,25792.7,25812.6,410,148,0
2026-07-30 07:00:00,25815.6,25852.6,25798.6,25831.6,558,148,0
2026-07-30 07:15:00,25834.6,25837.6,25776.8,25788.6,461,148,0
2026-07-30 07:30:00,25791.6,25846.5,25769.7,25837.5,385,148,0
2026-07-30 07:45:00,25836.5,25847.5,25819.6,25838.6,367,148,0
2026-07-30 08:00:00,25841.6,25879.5,25830.6,25871.6,434,148,0
2026-07-30 08:15:00,25870.6,25875.5,25845.6,25872.5,283,148,0
2026-07-30 09:15:00,25865.2,25902.5,25865.2,25887.6,283,148,0
2026-07-30 09:30:00,25888.6,25903.6,25867.7,25885.6,268,148,0
2026-07-30 09:45:00,25886.6,25898.5,25863.7,25866.7,232,148,0
2026-07-30 10:00:00,25865.7,25886.6,25858.7,25877.6,242,148,0
2026-07-30 10:15:00,25878.6,25915.5,25878.6,25904.6,295,148,0
2026-07-30 10:30:00,25903.6,25934.5,25902.6,25918.6,269,148,0
2026-07-30 10:45:00,25915.6,25923.6,25884.7,25885.7,231,148,0
2026-07-30 11:00:00,25888.7,25908.6,25884.7,25890.6,261,148,0
2026-07-30 11:15:00,25889.6,25897.6,25868.8,25881.7,226,148,0
2026-07-30 11:30:00,25882.6,25884.6,25871.6,25877.6,211,148,0
2026-07-30 11:45:00,25877.1,25904.0,25876.6,25895.6,214,148,0
2026-07-30 12:00:00,25896.6,25914.5,25889.6,25907.5,265,148,0
2026-07-30 12:15:00,25907.0,25925.4,25890.6,25914.4,279,148,0
2026-07-30 12:30:00,25913.4,25939.4,25882.4,25892.7,392,148,0
2026-07-30 12:45:00,25894.7,25896.6,25855.2,25857.6,352,148,0
2026-07-30 13:00:00,25858.6,25896.6,25855.6,25863.7,369,148,0
2026-07-30 13:15:00,25865.7,25901.5,25851.7,25896.5,327,148,0
2026-07-30 13:30:00,25891.5,25891.5,25794.6,25836.2,871,148,0
2026-07-30 13:45:00,25838.6,25888.4,25836.3,25861.6,613,148,0
2026-07-30 14:00:00,25860.6,25893.2,25849.6,25883.6,568,148,0
2026-07-30 14:15:00,25882.6,25894.6,25845.3,25873.6,498,148,0
2026-07-30 14:30:00,25871.6,25903.5,25863.6,25880.6,476,148,0
2026-07-30 14:45:00,25882.6,25895.6,25852.7,25863.6,459,148,0
2026-07-30 15:00:00,25864.6,25891.5,25850.6,25861.6,432,148,0
2026-07-30 15:15:00,25861.1,25895.6,25855.6,25892.6,440,148,0
2026-07-30 15:30:00,25891.6,25944.5,25885.1,25941.5,389,148,0
2026-07-30 15:45:00,25944.5,25995.5,25944.5,25968.6,396,148,0
2026-07-30 16:00:00,25969.6,25978.6,25952.2,25961.6,301,148,0
2026-07-30 16:15:00,25960.6,25977.1,25957.6,25973.6,253,148,0
2026-07-30 16:30:00,25972.6,25994.5,25954.2,25954.7,250,148,0
2026-07-30 16:45:00,25957.7,25976.6,25955.6,25976.6,241,148,0
2026-07-30 17:00:00,25979.6,25990.6,25978.6,25978.6,203,148,0
2026-07-30 17:15:00,25979.6,25983.6,25959.6,25961.7,171,148,0
2026-07-30 17:30:00,25962.7,25966.6,25945.7,25965.6,237,148,0
2026-07-30 17:45:00,25966.6,25972.5,25956.1,25960.6,192,148,0
2026-07-30 18:00:00,25961.6,25967.6,25951.7,25958.6,183,148,0
2026-07-30 18:15:00,25959.1,25968.5,25949.6,25966.5,155,148,0
2026-07-30 18:30:00,25965.5,25975.5,25964.5,25971.6,195,148,0
2026-07-30 18:45:00,25972.1,25987.6,25965.6,25987.6,157,148,0
2026-07-30 19:00:00,25973.0,26103.8,25973.0,26096.0,154,440,0
2026-07-30 19:15:00,26095.0,26104.1,26091.0,26096.3,106,440,0
2026-07-30 19:30:00,26095.3,26098.3,26083.6,26088.7,142,440,0
2026-07-30 19:45:00,26089.7,26108.8,26088.7,26100.9,190,440,0
2026-07-30 20:00:00,26103.8,26163.7,26100.9,26158.8,301,440,0
2026-07-30 20:15:00,26156.8,26165.9,26156.8,26159.9,169,440,0
2026-07-30 20:30:00,26160.9,26169.9,26135.1,26145.1,230,440,0
2026-07-30 20:45:00,26144.1,26146.1,26117.1,26121.1,162,440,0
2026-07-30 22:00:00,26119.1,26140.0,26114.1,26133.0,170,440,0
2026-07-30 22:15:00,26131.0,26141.0,26125.0,26129.0,141,440,0
2026-07-30 22:30:00,26128.0,26154.9,26124.0,26153.9,132,440,0
2026-07-30 22:45:00,26152.9,26160.9,26141.7,26143.0,82,440,0
2026-07-30 23:00:00,26122.6,26132.0,26078.5,26080.4,125,440,0
2026-07-30 23:15:00,26078.5,26083.4,26073.4,26080.4,102,440,0
2026-07-30 23:30:00,26081.4,26101.2,26078.4,26098.2,166,440,0
2026-07-30 23:45:00,26097.2,26118.0,26090.2,26103.0,232,440,0
2026-07-31 00:00:00,26106.0,26133.0,26099.1,26131.0,321,440,0
2026-07-31 00:15:00,26130.0,26134.9,26115.1,26127.0,286,440,0
2026-07-31 00:30:00,26128.0,26138.9,26117.0,26126.0,272,440,0
2026-07-31 01:15:00,26120.7,26120.7,25799.5,25889.0,1209,156,0
2026-07-31 01:30:00,25892.0,25892.0,25602.4,25667.3,2091,148,0
2026-07-31 01:45:00,25669.9,25731.2,25636.4,25674.3,1277,148,0
2026-07-31 02:00:00,25677.3,25794.3,25668.4,25712.4,997,148,0
2026-07-31 02:15:00,25711.4,25783.3,25691.3,25739.3,904,148,0
2026-07-31 02:30:00,25736.3,25838.3,25736.3,25828.3,886,148,0
2026-07-31 02:45:00,25831.3,25889.3,25794.3,25888.3,702,148,0
2026-07-31 03:00:00,25885.3,25887.3,25747.4,25759.4,669,148,0
2026-07-31 03:15:00,25756.4,25802.2,25716.4,25767.3,659,148,0
2026-07-31 03:30:00,25770.3,25794.3,25742.4,25787.3,488,148,0
2026-07-31 03:45:00,25790.3,25821.3,25788.2,25808.1,384,148,0
2026-07-31 04:00:00,25793.0,25798.0,25777.1,25796.0,202,440,0
2026-07-31 04:15:00,25797.0,25815.9,25793.0,25814.9,165,440,0
2026-07-31 05:00:00,25831.6,25857.5,25770.7,25775.6,820,148,0
2026-07-31 05:15:00,25776.6,25792.5,25746.6,25776.6,527,148,0
2026-07-31 05:30:00,25775.6,25798.5,25752.7,25768.6,519,148,0
2026-07-31 05:45:00,25767.6,25799.5,25752.7,25793.5,450,148,0
2026-07-31 06:00:00,25794.5,25797.5,25766.6,25781.6,441,148,0
2026-07-31 06:15:00,25780.6,25796.5,25764.6,25780.6,404,148,0
2026-07-31 06:30:00,25779.6,25815.5,25763.7,25793.6,477,148,0
2026-07-31 06:45:00,25794.6,25840.6,25778.8,25816.6,369,148,0
2026-07-31 07:00:00,25813.6,25860.6,25798.6,25853.6,462,148,0
2026-07-31 07:15:00,25854.6,25858.6,25817.6,25842.5,380,148,0
2026-07-31 07:30:00,25841.5,25852.6,25824.6,25845.6,357,148,0
2026-07-31 07:45:00,25846.6,25889.5,25839.6,25888.5,376,148,0
2026-07-31 08:00:00,25890.5,25925.5,25872.7,25882.7,427,148,0
2026-07-31 08:15:00,25885.6,25909.0,25879.7,25906.5,245,148,0
2026-07-31 09:15:00,25902.2,25913.7,25894.7,25898.6,258,148,0
2026-07-31 09:30:00,25899.6,25906.6,25879.7,25885.2,302,148,0
2026-07-31 09:45:00,25884.7,25899.5,25875.7,25885.6,239,148,0
2026-07-31 10:00:00,25886.6,25898.6,25877.6,25895.6,239,148,0
2026-07-31 10:15:00,25898.1,25906.6,25893.6,25900.6,154,148,0
2026-07-31 10:30:00,25899.6,25906.6,25892.1,25903.5,205,148,0
2026-07-31 10:45:00,25902.6,25912.5,25881.7,25884.7,199,148,0
2026-07-31 11:00:00,25885.7,25885.7,25867.6,25871.6,234,148,0
2026-07-31 11:15:00,25872.6,25873.6,25848.7,25855.7,323,148,0
2026-07-31 11:30:00,25854.7,25855.7,25838.6,25843.6,243,148,0
2026-07-31 11:45:00,25840.6,25857.6,25837.6,25850.6,229,148,0
2026-07-31 12:00:00,25851.6,25852.6,25834.6,25837.6,249,148,0
2026-07-31 12:15:00,25836.6,25868.5,25833.7,25853.6,302,148,0
2026-07-31 12:30:00,25854.6,25854.6,25812.8,25833.7,355,148,0
2026-07-31 12:45:00,25834.7,25848.6,25825.1,25836.6,244,148,0
2026-07-31 13:00:00,25839.6,25854.0,25826.1,25834.6,287,148,0
2026-07-31 13:15:00,25833.1,25883.5,25815.7,25876.5,353,148,0
2026-07-31 13:30:00,25881.6,25886.6,25794.4,25812.6,765,148,0
2026-07-31 13:45:00,25815.6,25840.6,25796.1,25801.7,676,148,0
2026-07-31 14:00:00,25800.7,25831.5,25750.7,25788.1,646,148,0
2026-07-31 14:15:00,25785.1,25849.5,25765.3,25849.5,622,148,0
2026-07-31 14:30:00,25852.5,25866.5,25832.6,25852.6,511,148,0
2026-07-31 14:45:00,25850.6,25916.5,25848.6,25913.5,496,148,0
2026-07-31 15:00:00,25915.5,25918.5,25885.2,25900.5,463,148,0
2026-07-31 15:15:00,25899.5,25927.1,25866.6,25876.6,457,148,0
2026-07-31 15:30:00,25879.6,25885.5,25833.2,25874.5,465,148,0
2026-07-31 15:45:00,25876.5,25883.5,25846.7,25876.6,399,148,0
2026-07-31 16:00:00,25877.6,25891.6,25861.6,25885.6,343,148,0
2026-07-31 16:15:00,25884.6,25893.5,25875.6,25881.6,295,148,0
2026-07-31 16:30:00,25883.6,25894.6,25866.6,25866.6,265,148,0
2026-07-31 16:45:00,25867.6,25873.6,25855.6,25856.6,236,148,0
2026-07-31 17:00:00,25854.6,25873.6,25848.6,25870.6,225,148,0
2026-07-31 17:15:00,25869.6,25903.5,25864.6,25900.5,232,148,0
2026-07-31 17:30:00,25901.5,25906.5,25882.6,25885.6,266,148,0
2026-07-31 17:45:00,25886.6,25888.6,25869.6,25878.6,281,148,0
2026-07-31 18:00:00,25879.6,25894.1,25877.6,25885.6,272,148,0
2026-07-31 18:15:00,25884.6,25904.6,25883.6,25888.6,220,148,0
2026-07-31 18:30:00,25889.6,25891.6,25875.6,25876.6,215,148,0
2026-07-31 18:45:00,25877.6,25895.5,25872.6,25883.1,220,148,0
2026-07-31 19:00:00,25869.0,25874.0,25860.0,25870.0,126,440,0
2026-07-31 19:15:00,25871.0,25887.9,25868.0,25878.0,137,440,0
2026-07-31 19:30:00,25879.0,25899.9,25871.0,25898.9,178,440,0
2026-07-31 19:45:00,25897.9,25928.7,25894.9,25895.9,259,440,0
2026-08-02 22:15:00,26001.2,26007.2,26001.2,26001.2,12,440,0
2026-08-02 22:30:00,26002.2,26010.1,25998.2,26001.2,120,440,0
2026-08-02 22:45:00,26000.2,26005.1,25990.2,25997.2,99,440,0
2026-08-02 23:00:00,25998.2,26018.0,25976.2,25980.2,173,440,0
2026-08-02 23:15:00,25981.2,25997.1,25980.2,25990.1,113,440,0
2026-08-02 23:30:00,25991.1,25994.1,25983.1,25990.1,130,440,0
2026-08-02 23:45:00,25991.1,26020.9,25972.1,25991.0,327,440,0
2026-08-03 00:00:00,25990.0,25997.0,25963.1,25985.0,414,440,0
2026-08-03 00:15:00,25984.0,26000.9,25965.0,25973.0,342,440,0
2026-08-03 00:30:00,25971.0,25993.0,25971.0,25980.0,347,440,0
2026-08-03 01:15:00,25948.1,25987.2,25881.7,25970.2,879,156,0
2026-08-03 01:30:00,25967.2,26063.1,25922.0,26042.6,2109,148,0
2026-08-03 01:45:00,26039.6,26119.8,25932.6,25953.7,1139,148,0
2026-08-03 02:00:00,25956.7,25982.8,25820.6,25822.6,908,148,0
2026-08-03 02:15:00,25819.9,25876.8,25790.7,25814.8,838,148,0
2026-08-03 02:30:00,25817.8,25876.8,25803.9,25828.9,706,148,0
2026-08-03 02:45:00,25827.9,25962.8,25824.9,25926.4,606,148,0
2026-08-03 03:00:00,25923.4,25946.8,25872.9,25903.9,571,148,0
2026-08-03 03:15:00,25901.9,25923.8,25881.9,25909.9,489,148,0
2026-08-03 03:30:00,25906.9,25910.9,25866.9,25879.9,411,148,0
2026-08-03 03:45:00,25880.9,25901.8,25861.9,25868.6,331,148,0
2026-08-03 04:00:00,25854.1,25861.0,25850.0,25857.0,140,440,0
2026-08-03 04:15:00,25858.0,25880.0,25857.0,25876.0,115,440,0
2026-08-03 05:00:00,25885.6,25941.5,25864.4,25894.6,590,148,0
2026-08-03 05:15:00,25891.6,25900.6,25839.7,25884.5,445,148,0
2026-08-03 05:30:00,25885.5,25904.5,25835.7,25866.5,433,148,0
2026-08-03 05:45:00,25867.5,25888.6,25863.6,25883.6,378,148,0
2026-08-03 06:00:00,25880.6,25906.6,25866.7,25906.6,356,148,0
2026-08-03 06:15:00,25907.6,25949.5,25892.6,25932.6,376,148,0
2026-08-03 06:30:00,25929.6,25942.5,25903.6,25919.6,354,148,0
2026-08-03 06:45:00,25918.6,25943.6,25917.6,25942.6,277,148,0
2026-08-03 07:00:00,25944.6,25975.5,25938.6,25955.6,373,148,0
2026-08-03 07:15:00,25954.6,25976.5,25904.8,25972.5,437,148,0
2026-08-03 07:30:00,25971.5,25972.5,25935.6,25955.6,342,148,0
2026-08-03 07:45:00,25952.6,25966.5,25936.6,25965.5,304,148,0
2026-08-03 08:00:00,25966.5,25985.5,25959.6,25975.6,325,148,0
2026-08-03 08:15:00,25974.6,25974.6,25939.6,25958.5,252,148,0
2026-08-03 09:15:00,25961.3,25962.3,25948.3,25952.7,191,148,0
2026-08-03 09:30:00,25953.7,25960.1,25942.7,25942.7,206,148,0
2026-08-03 09:45:00,25943.2,25952.6,25932.7,25932.7,140,148,0
2026-08-03 10:00:00,25931.7,25938.7,25922.7,25928.6,190,148,0
2026-08-03 10:15:00,25927.6,25935.6,25918.6,25928.1,201,148,0
2026-08-03 10:30:00,25928.6,25941.6,25923.6,25936.6,136,148,0
2026-08-03 10:45:00,25937.6,25943.5,25931.6,25940.6,148,148,0
2026-08-03 11:00:00,25937.6,25943.6,25920.7,25925.7,203,148,0
2026-08-03 11:15:00,25926.7,25931.1,25921.7,25924.6,177,148,0
2026-08-03 11:30:00,25923.6,25941.6,25923.6,25941.6,198,148,0
2026-08-03 11:45:00,25940.6,25946.6,25930.6,25946.6,184,148,0
2026-08-03 12:00:00,25946.0,25950.6,25922.7,25931.6,250,148,0
2026-08-03 12:15:00,25932.1,25935.6,25900.7,25906.6,207,148,0
2026-08-03 12:30:00,25907.6,25921.5,25899.6,25909.6,199,148,0
2026-08-03 12:45:00,25908.6,25926.6,25908.1,25925.1,162,148,0
2026-08-03 13:00:00,25925.6,25950.5,25925.6,25926.6,241,148,0
2026-08-03 13:15:00,25925.6,25930.6,25911.7,25925.6,279,148,0
2026-08-03 13:30:00,25928.1,25957.5,25905.6,25954.5,788,148,0
2026-08-03 13:45:00,25951.5,25980.1,25936.3,25950.2,525,148,0
2026-08-03 14:00:00,25943.2,25960.2,25923.3,25932.3,486,156,0
2026-08-03 14:15:00,25932.0,25958.6,25932.0,25947.6,363,148,0
2026-08-03 14:30:00,25946.6,25964.5,25942.7,25951.6,338,148,0
2026-08-03 14:45:00,25953.1,25972.5,25940.6,25971.5,358,148,0
2026-08-03 15:00:00,25970.5,25976.5,25930.6,25931.6,289,148,0
2026-08-03 15:15:00,25932.6,25955.4,25925.7,25951.4,272,71,0
2026-08-03 15:30:00,25952.4,25996.4,25949.4,25988.4,318,71,0
2026-08-03 15:45:00,25988.9,26005.8,25986.4,25994.4,208,71,0
2026-08-03 16:00:00,25993.4,25999.3,25977.4,25979.4,195,71,0
2026-08-03 16:15:00,25978.4,25984.4,25971.5,25974.5,159,71,0
2026-08-03 16:30:00,25973.5,25975.5,25962.0,25965.5,154,71,0
2026-08-03 16:45:00,25964.5,25966.5,25945.6,25948.6,152,71,0
2026-08-03 17:00:00,25949.6,25949.6,25929.1,25945.4,161,71,0
2026-08-03 17:15:00,25944.5,25945.9,25929.0,25933.5,150,71,0
2026-08-03 17:30:00,25934.5,25938.5,25920.5,25927.0,122,71,0
2026-08-03 17:45:00,25927.5,25932.5,25909.5,25910.5,137,71,0
2026-08-03 18:00:00,25911.5,25948.3,25911.5,25942.4,195,71,0
2026-08-03 18:15:00,25943.4,25956.3,25941.4,25943.4,168,71,0
2026-08-03 18:30:00,25944.4,25958.4,25942.4,25957.4,173,71,0
2026-08-03 18:45:00,25957.9,25967.4,25945.0,25947.6,167,71,0
2026-08-03 19:00:00,25942.6,25950.5,25938.5,25938.5,90,211,0
2026-08-03 19:15:00,25939.5,25946.5,25938.5,25944.5,72,211,0
2026-08-03 19:30:00,25945.5,25948.5,25939.5,25942.5,115,211,0
2026-08-03 19:45:00,25943.5,25947.5,25935.5,25942.5,135,211,0
2026-08-03 20:00:00,25940.5,25953.4,25936.5,25952.4,137,211,0
2026-08-03 20:15:00,25953.4,25960.4,25953.4,25955.4,89,211,0
2026-08-03 20:30:00,25956.4,25967.4,25952.5,25957.5,66,211,0
2026-08-03 20:45:00,25956.6,25957.6,25943.6,25943.6,69,211,0
2026-08-03 22:00:00,25955.5,25970.5,25955.5,25964.6,137,211,0
2026-08-03 22:15:00,25965.6,25970.5,25964.5,25967.5,69,211,0
2026-08-03 22:30:00,25968.5,25977.4,25966.5,25975.4,93,211,0
2026-08-03 22:45:00,25974.4,25975.5,25969.5,25973.5,64,211,0
2026-08-03 23:00:00,25972.5,25974.5,25967.5,25970.5,52,211,0
2026-08-03 23:15:00,25971.5,25975.5,25970.5,25972.5,58,211,0
2026-08-03 23:30:00,25971.5,25978.4,25969.5,25971.5,102,211,0
2026-08-03 23:45:00,25973.5,25989.4,25968.3,25982.4,235,211,0
2026-08-04 00:00:00,25984.4,25988.4,25960.4,25964.4,323,211,0
2026-08-04 00:15:00,25965.4,25966.4,25943.5,25950.5,250,211,0
2026-08-04 00:30:00,25951.5,25957.4,25939.5,25955.4,248,211,0
2026-08-04 01:15:00,25918.4,26053.2,25901.8,26043.3,791,75,0
2026-08-04 01:30:00,26040.2,26178.4,25855.2,25875.1,1743,71,0
2026-08-04 01:45:00,25876.1,25894.1,25799.3,25816.2,1080,71,0
2026-08-04 02:00:00,25819.2,25880.4,25791.2,25858.4,989,71,0
2026-08-04 02:15:00,25859.4,25889.3,25828.5,25846.4,713,71,0
2026-08-04 02:30:00,25849.4,25869.4,25815.5,25865.4,609,71,0
2026-08-04 02:45:00,25864.4,25867.4,25825.5,25831.5,545,71,0
2026-08-04 03:00:00,25828.5,25919.3,25825.5,25919.3,495,71,0
2026-08-04 03:15:00,25920.3,25922.4,25879.6,25908.4,512,71,0
2026-08-04 03:30:00,25907.5,25928.4,25871.5,25888.4,405,71,0
2026-08-04 03:45:00,25889.4,25894.4,25865.5,25867.0,313,71,0
2026-08-04 04:00:00,25857.5,25859.5,25835.5,25843.5,163,211,0
2026-08-04 04:15:00,25842.5,25865.4,25842.5,25864.4,138,211,0
2026-08-04 05:00:00,25874.4,25895.4,25786.2,25822.5,927,71,0
2026-08-04 05:15:00,25823.5,25823.5,25795.5,25820.4,429,71,0
2026-08-04 05:30:00,25817.4,25817.5,25758.5,25773.4,459,71,0
2026-08-04 05:45:00,25770.4,25831.4,25764.5,25810.5,447,71,0
2026-08-04 06:00:00,25811.4,25822.4,25779.5,25787.4,396,71,0
2026-08-04 06:15:00,25788.4,25831.3,25783.4,25807.4,424,71,0
2026-08-04 06:30:00,25810.4,25816.4,25789.5,25800.4,335,71,0
2026-08-04 06:45:00,25799.4,25835.1,25792.4,25835.1,301,71,0
2026-08-04 07:00:00,25838.1,25872.4,25817.5,25856.4,349,71,0
2026-08-04 07:15:00,25855.4,25870.4,25837.5,25842.4,287,71,0
2026-08-04 07:30:00,25843.4,25854.4,25810.5,25811.5,301,71,0
2026-08-04 07:45:00,25809.5,25814.4,25788.6,25807.5,306,71,0
2026-08-04 08:00:00,25808.5,25845.4,25808.5,25834.5,298,71,0
2026-08-04 08:15:00,25835.5,25835.5,25788.5,25819.9,243,71,0
2026-08-04 09:15:00,25775.4,25776.4,25757.5,25776.4,215,71,0
2026-08-04 09:30:00,25777.4,25785.4,25769.4,25783.4,153,71,0
2026-08-04 09:45:00,25782.4,25782.4,25760.5,25771.5,188,71,0
2026-08-04 10:00:00,25772.5,25776.4,25742.6,25761.5,257,71,0
2026-08-04 10:15:00,25762.5,25771.4,25751.5,25769.4,190,71,0
2026-08-04 10:30:00,25766.4,25798.1,25765.4,25789.2,230,71,0
2026-08-04 10:45:00,25788.2,25812.3,25781.5,25783.5,331,71,0
2026-08-04 11:00:00,25783.0,25794.5,25771.5,25785.5,217,71,0
2026-08-04 11:15:00,25788.5,25802.4,25784.4,25799.4,189,71,0
2026-08-04 11:30:00,25800.4,25800.4,25747.6,25774.2,364,71,0
2026-08-04 11:45:00,25775.2,25785.4,25756.0,25762.5,377,71,0
2026-08-04 12:00:00,25763.5,25764.5,25731.1,25747.5,284,71,0
2026-08-04 12:15:00,25745.5,25761.4,25733.5,25754.4,240,71,0
2026-08-04 12:30:00,25756.4,25775.3,25752.9,25762.4,213,71,0
2026-08-04 12:45:00,25761.4,25765.4,25740.1,25741.6,171,71,0
2026-08-04 13:00:00,25740.6,25745.5,25729.6,25739.5,228,71,0
2026-08-04 13:15:00,25742.0,25769.3,25711.1,25714.6,380,71,0
2026-08-04 13:30:00,25710.6,25774.3,25667.4,25742.5,695,71,0
2026-08-04 13:45:00,25739.5,25775.2,25722.5,25753.5,483,71,0
2026-08-04 14:00:00,25756.5,25798.8,25753.4,25797.4,426,71,0
2026-08-04 14:15:00,25796.4,25806.4,25770.6,25770.6,375,71,0
2026-08-04 14:30:00,25772.6,25836.2,25768.6,25809.3,415,71,0
2026-08-04 14:45:00,25812.3,25860.8,25796.5,25853.3,355,71,0
2026-08-04 15:00:00,25854.3,25856.4,25825.0,25825.0,340,71,0
2026-08-04 15:15:00,25825.5,25855.7,25821.0,25855.2,328,71,0
2026-08-04 15:30:00,25856.2,25865.3,25837.4,25843.4,344,71,0
2026-08-04 15:45:00,25841.9,25868.4,25838.5,25846.4,269,71,0
2026-08-04 16:00:00,25848.4,25873.4,25848.4,25866.9,225,71,0
2026-08-04 16:15:00,25867.4,25881.3,25858.5,25879.3,204,71,0
2026-08-04 16:30:00,25879.8,25885.4,25873.9,25883.4,164,71,0
2026-08-04 16:45:00,25882.4,25888.4,25871.0,25876.5,179,71,0
2026-08-04 17:00:00,25875.5,25885.9,25872.5,25878.5,213,71,0
2026-08-04 17:15:00,25879.0,25892.4,25877.4,25889.4,175,71,0
2026-08-04 17:30:00,25889.9,25905.3,25881.4,25905.3,165,71,0
2026-08-04 17:45:00,25906.3,25912.3,25883.5,25883.5,220,71,0
2026-08-04 18:00:00,25882.5,25894.5,25874.5,25893.4,211,71,0
2026-08-04 18:15:00,25892.4,25896.4,25886.4,25891.4,157,71,0
2026-08-04 18:30:00,25892.4,25895.4,25873.5,25881.5,177,71,0
2026-08-04 18:45:00,25882.5,25899.9,25882.5,25889.5,195,71,0
2026-08-04 19:00:00,25885.0,25900.4,25883.5,25896.4,129,211,0
2026-08-04 19:15:00,25897.4,25903.4,25894.4,25896.4,101,211,0
2026-08-04 19:30:00,25895.4,25904.4,25890.4,25903.4,104,211,0
2026-08-04 19:45:00,25902.4,25902.4,25878.4,25880.5,161,211,0
2026-08-04 20:00:00,25884.5,25920.4,25884.5,25910.4,211,211,0
2026-08-04 20:15:00,25909.4,25909.4,25880.6,25891.5,261,211,0
2026-08-04 20:30:00,25892.5,25910.4,25886.5,25903.4,139,211,0
2026-08-04 20:45:00,25904.4,25913.4,25903.4,25910.4,116,211,0
2026-08-04 22:00:00,25899.4,25913.4,25895.4,25913.4,151,211,0
2026-08-04 22:15:00,25912.4,25922.4,25911.4,25920.4,89,211,0
2026-08-04 22:30:00,25921.4,25930.4,25914.4,25915.5,99,211,0
2026-08-04 22:45:00,25916.5,25921.5,25913.5,25921.5,79,211,0
2026-08-04 23:00:00,25920.5,25930.4,25916.5,25928.4,82,211,0
2026-08-04 23:15:00,25929.4,25930.4,25920.5,25920.5,46,211,0
2026-08-04 23:30:00,25921.5,25922.5,25908.5,25919.4,119,211,0
2026-08-04 23:45:00,25920.4,25927.4,25901.6,25901.6,236,211,0
2026-08-05 00:00:00,25904.6,25930.4,25900.5,25923.5,317,211,0
2026-08-05 00:15:00,25921.5,25938.4,25918.5,25934.4,213,211,0
2026-08-05 00:30:00,25935.4,25938.4,25911.5,25912.5,226,211,0
2026-08-05 01:15:00,25889.1,25891.6,25781.1,25860.3,921,75,0
2026-08-05 01:30:00,25863.3,25959.2,25720.8,25736.6,1505,71,0
2026-08-05 01:45:00,25733.8,25833.4,25722.2,25819.4,917,71,0
2026-08-05 02:00:00,25821.4,25940.3,25795.2,25878.5,838,71,0
2026-08-05 02:15:00,25875.5,25920.4,25857.5,25901.4,750,71,0
2026-08-05 02:30:00,25902.4,25910.4,25846.5,25898.5,651,71,0
2026-08-05 02:45:00,25897.5,25918.4,25828.5,25842.5,517,71,0
2026-08-05 03:00:00,25844.5,25864.3,25799.5,25831.5,497,71,0
2026-08-05 03:15:00,25830.5,25862.4,25807.5,25830.4,485,71,0
2026-08-05 03:30:00,25828.5,25871.4,25820.5,25867.5,360,71,0
2026-08-05 03:45:00,25869.4,25898.4,25853.5,25857.5,281,71,0
2026-08-05 04:00:00,25851.5,25855.5,25845.5,25845.5,104,211,0
2026-08-05 04:15:00,25844.5,25845.5,25834.5,25838.5,104,211,0
2026-08-05 05:00:00,25860.4,25860.4,25776.4,25828.4,811,71,0
2026-08-05 05:15:00,25827.4,25862.4,25824.5,25849.5,521,71,0
2026-08-05 05:30:00,25850.4,25895.4,25829.5,25894.4,512,71,0
2026-08-05 05:45:00,25891.4,25903.2,25858.5,25898.5,438,71,0
2026-08-05 06:00:00,25901.5,25917.3,25879.5,25901.4,427,71,0
2026-08-05 06:15:00,25903.4,25924.4,25886.5,25924.4,355,71,0
2026-08-05 06:30:00,25927.4,25940.4,25904.4,25931.5,294,71,0
2026-08-05 06:45:00,25929.5,25938.4,25919.5,25935.4,246,71,0
2026-08-05 07:00:00,25938.4,25952.4,25889.5,25898.5,370,71,0
2026-08-05 07:15:00,25897.5,25921.4,25895.5,25899.5,278,71,0
2026-08-05 07:30:00,25898.5,25903.4,25871.5,25879.4,259,71,0
2026-08-05 07:45:00,25880.4,25896.4,25866.5,25881.5,288,71,0
2026-08-05 08:00:00,25878.5,25909.4,25866.5,25870.5,324,71,0
2026-08-05 08:15:00,25867.5,25875.5,25855.5,25875.4,208,71,0
2026-08-05 09:15:00,25843.5,25864.4,25836.0,25860.5,195,71,0
2026-08-05 09:30:00,25861.4,25871.4,25859.4,25861.4,172,71,0
2026-08-05 09:45:00,25859.4,25859.4,25849.0,25849.5,130,71,0
2026-08-05 10:00:00,25848.5,25853.5,25836.0,25839.5,153,71,0
2026-08-05 10:15:00,25838.5,25846.5,25833.1,25833.5,130,71,0
2026-08-05 10:30:00,25832.5,25839.0,25808.6,25811.7,146,71,0
2026-08-05 10:45:00,25810.7,25814.6,25778.6,25786.5,274,71,0
2026-08-05 11:00:00,25787.5,25788.5,25738.5,25743.9,365,71,0
2026-08-05 11:15:00,25744.4,25784.3,25742.4,25773.4,282,71,0
2026-08-05 11:30:00,25774.4,25813.3,25769.4,25803.3,218,71,0
2026-08-05 11:45:00,25802.3,25808.4,25790.4,25805.4,222,71,0
2026-08-05 12:00:00,25804.4,25828.3,25804.4,25809.5,227,71,0
2026-08-05 12:15:00,25810.5,25843.9,25808.5,25835.0,259,71,0
2026-08-05 12:30:00,25835.5,25845.4,25819.6,25829.5,203,71,0
2026-08-05 12:45:00,25830.5,25850.4,25829.4,25846.4,180,71,0
2026-08-05 13:00:00,25846.9,25857.4,25843.4,25850.4,239,71,0
2026-08-05 13:15:00,25849.4,25850.4,25827.5,25831.5,206,71,0
2026-08-05 13:30:00,25834.5,25834.5,25756.5,25766.3,714,71,0
2026-08-05 13:45:00,25767.3,25782.4,25742.5,25779.4,509,71,0
2026-08-05 14:00:00,25778.4,25785.4,25742.4,25779.4,525,71,0
2026-08-05 14:15:00,25777.4,25779.4,25747.6,25749.6,403,71,0
2026-08-05 14:30:00,25752.6,25772.4,25745.5,25749.5,385,71,0
2026-08-05 14:45:00,25748.5,25753.5,25705.6,25725.4,400,71,0
2026-08-05 15:00:00,25726.4,25743.4,25703.5,25706.5,371,71,0
2026-08-05 15:15:00,25707.5,25710.5,25676.6,25685.5,355,71,0
2026-08-05 15:30:00,25686.5,25692.4,25666.5,25686.5,324,71,0
2026-08-05 15:45:00,25685.5,25687.5,25651.5,25660.5,305,71,0
2026-08-05 16:00:00,25659.5,25670.5,25648.6,25665.5,328,71,0
2026-08-05 16:15:00,25666.5,25687.9,25664.5,25672.5,230,71,0
2026-08-05 16:30:00,25675.0,25675.0,25654.6,25655.6,197,71,0
2026-08-05 16:45:00,25654.6,25656.5,25643.5,25643.5,198,71,0
2026-08-05 17:00:00,25644.5,25644.5,25615.6,25628.5,258,71,0
2026-08-05 17:15:00,25627.0,25642.4,25624.5,25639.4,206,71,0
2026-08-05 17:30:00,25637.4,25657.4,25634.4,25656.8,220,71,0
2026-08-05 17:45:00,25656.3,25676.3,25651.9,25670.4,169,71,0
2026-08-05 18:00:00,25669.4,25671.4,25653.5,25653.5,173,71,0
2026-08-05 18:15:00,25653.0,25661.4,25651.5,25657.4,163,71,0
2026-08-05 18:30:00,25658.4,25658.4,25639.5,25642.4,170,71,0
2026-08-05 18:45:00,25643.4,25651.4,25640.4,25643.5,170,71,0
2026-08-05 19:00:00,25636.9,25652.4,25634.4,25652.4,121,211,0
2026-08-05 19:15:00,25651.4,25656.4,25648.4,25654.4,106,211,0
2026-08-05 19:30:00,25655.4,25655.4,25644.4,25649.4,98,211,0
2026-08-05 19:45:00,25650.4,25650.4,25613.6,25615.6,163,211,0
2026-08-05 20:00:00,25616.6,25623.5,25603.6,25621.5,241,211,0
2026-08-05 20:15:00,25622.5,25624.5,25612.5,25617.5,122,211,0
2026-08-05 20:30:00,25616.5,25625.4,25616.5,25624.4,84,211,0
2026-08-05 20:45:00,25625.4,25626.4,25619.5,25621.5,72,211,0
2026-08-05 22:00:00,25620.5,25626.5,25617.5,25621.4,129,211,0
2026-08-05 22:15:00,25620.4,25644.4,25620.4,25643.4,110,211,0
2026-08-05 22:30:00,25642.4,25653.4,25641.4,25645.4,86,211,0
2026-08-05 22:45:00,25646.4,25650.4,25635.4,25635.4,87,211,0
2026-08-05 23:00:00,25634.4,25638.4,25632.4,25637.4,59,211,0
2026-08-05 23:15:00,25636.4,25642.4,25634.4,25637.4,68,211,0
2026-08-05 23:30:00,25638.4,25649.4,25625.5,25642.5,129,211,0
2026-08-05 23:45:00,25641.5,25644.5,25630.5,25642.4,212,211,0
2026-08-06 00:00:00,25645.4,25664.4,25637.4,25661.4,338,211,0
2026-08-06 00:15:00,25660.4,25662.4,25641.5,25643.5,256,211,0
2026-08-06 00:30:00,25645.5,25658.4,25645.4,25649.4,230,211,0
2026-08-06 01:15:00,25610.6,25692.9,25594.6,25611.4,771,71,0
2026-08-06 01:30:00,25614.4,25614.4,25443.5,25456.4,1508,71,0
2026-08-06 01:45:00,25455.4,25491.4,25386.5,25402.4,804,71,0
2026-08-06 02:00:00,25405.4,25413.4,25366.5,25410.4,691,71,0
2026-08-06 02:15:00,25411.4,25462.4,25388.6,25428.4,601,71,0
2026-08-06 02:30:00,25431.4,25464.3,25404.5,25445.4,552,71,0
2026-08-06 02:45:00,25447.4,25462.4,25424.5,25462.4,502,71,0
2026-08-06 03:00:00,25460.4,25460.4,25408.5,25410.5,470,71,0
2026-08-06 03:15:00,25409.5,25413.4,25377.5,25378.5,436,71,0
2026-08-06 03:30:00,25379.5,25450.4,25378.5,25433.4,356,71,0
2026-08-06 03:45:00,25434.4,25452.4,25425.5,25440.0,289,71,0
2026-08-06 04:00:00,25432.5,25437.5,25420.5,25426.5,154,211,0
2026-08-06 04:15:00,25427.5,25439.4,25426.5,25434.4,121,211,0
2026-08-06 05:00:00,25434.1,25455.4,25405.5,25409.8,526,71,0
2026-08-06 05:15:00,25410.8,25418.7,25392.8,25397.8,373,71,0
2026-08-06 05:30:00,25396.8,25415.7,25388.8,25408.7,362,71,0
2026-08-06 05:45:00,25407.7,25444.7,25405.7,25442.7,330,71,0
2026-08-06 06:00:00,25443.7,25460.7,25433.8,25437.8,303,71,0
2026-08-06 06:15:00,25436.8,25443.8,25407.8,25411.8,313,71,0
2026-08-06 06:30:00,25408.8,25428.7,25392.8,25413.7,293,71,0
2026-08-06 06:45:00,25414.7,25437.6,25403.7,25436.6,301,71,0
2026-08-06 07:00:00,25439.6,25480.7,25435.7,25470.8,348,71,0
2026-08-06 07:15:00,25471.8,25477.7,25452.8,25469.7,275,71,0
2026-08-06 07:30:00,25471.7,25475.7,25437.7,25455.7,233,71,0
2026-08-06 07:45:00,25456.7,25468.7,25445.8,25465.7,265,71,0
2026-08-06 08:00:00,25468.7,25492.7,25464.7,25489.7,284,71,0
2026-08-06 08:15:00,25487.7,25511.4,25478.7,25511.4,197,71,0
2026-08-06 09:15:00,25513.8,25544.7,25506.2,25540.4,219,71,0
2026-08-06 09:30:00,25541.4,25547.4,25526.5,25529.5,208,71,0
2026-08-06 09:45:00,25531.5,25549.9,25530.0,25549.4,164,71,0
2026-08-06 10:00:00,25548.4,25549.4,25534.5,25537.4,161,71,0
2026-08-06 10:15:00,25535.9,25548.4,25530.5,25545.9,124,71,0
2026-08-06 10:30:00,25548.4,25549.4,25533.4,25537.4,152,71,0
2026-08-06 10:45:00,25536.9,25544.9,25532.9,25537.4,122,71,0
2026-08-06 11:00:00,25538.4,25538.4,25511.0,25516.5,262,71,0
2026-08-06 11:15:00,25518.5,25538.4,25517.5,25535.4,151,71,0
2026-08-06 11:30:00,25536.4,25540.9,25518.5,25519.5,159,71,0
2026-08-06 11:45:00,25520.5,25542.4,25516.5,25542.4,206,71,0
2026-08-06 12:00:00,25541.9,25542.4,25519.5,25523.5,207,71,0
2026-08-06 12:15:00,25524.5,25544.4,25520.0,25540.4,195,71,0
2026-08-06 12:30:00,25541.4,25554.9,25532.4,25553.4,191,71,0
2026-08-06 12:45:00,25552.4,25556.9,25537.5,25551.4,186,71,0
2026-08-06 13:00:00,25550.4,25552.9,25526.9,25538.9,252,71,0
2026-08-06 13:15:00,25539.4,25556.4,25539.4,25541.5,236,71,0
2026-08-06 13:30:00,25544.5,25551.4,25509.6,25514.5,581,71,0
2026-08-06 13:45:00,25513.5,25543.4,25513.5,25530.4,401,71,0
2026-08-06 14:00:00,25532.4,25546.3,25510.0,25529.4,371,71,0
2026-08-06 14:15:00,25528.9,25533.4,25513.0,25517.5,337,71,0
2026-08-06 14:30:00,25518.5,25571.3,25507.5,25563.4,368,71,0
2026-08-06 14:45:00,25564.4,25589.8,25546.5,25580.4,326,71,0
2026-08-06 15:00:00,25582.4,25587.4,25558.0,25560.5,285,71,0
2026-08-06 15:15:00,25559.5,25565.5,25535.5,25549.4,328,71,0
2026-08-06 15:30:00,25548.4,25548.4,25491.5,25491.5,366,71,0
2026-08-06 15:45:00,25490.6,25506.5,25456.5,25456.5,425,71,0
2026-08-06 16:00:00,25457.0,25457.0,25403.1,25407.6,381,71,0
2026-08-06 16:15:00,25408.6,25452.3,25398.6,25449.4,403,71,0
2026-08-06 16:30:00,25450.4,25468.4,25447.4,25458.9,278,71,0
2026-08-06 16:45:00,25460.5,25493.8,25457.5,25491.3,215,71,0
2026-08-06 17:00:00,25493.8,25504.8,25490.4,25496.9,261,71,0
2026-08-06 17:15:00,25496.4,25507.3,25489.4,25491.4,256,71,0
2026-08-06 17:30:00,25492.4,25499.4,25484.5,25488.5,219,71,0
2026-08-06 17:45:00,25489.5,25507.4,25487.5,25507.4,194,71,0
2026-08-06 18:00:00,25509.4,25516.9,25501.4,25514.4,179,71,0
2026-08-06 18:15:00,25515.4,25542.3,25505.4,25528.4,207,71,0
2026-08-06 18:30:00,25529.4,25530.4,25512.9,25520.4,147,71,0
2026-08-06 18:45:00,25520.9,25530.4,25517.4,25517.9,198,71,0
2026-08-06 19:00:00,25512.4,25527.4,25512.4,25519.4,111,211,0
2026-08-06 19:15:00,25518.4,25524.4,25502.5,25507.5,129,211,0
2026-08-06 19:30:00,25508.5,25515.5,25500.5,25502.5,140,211,0
2026-08-06 19:45:00,25501.5,25518.3,25496.5,25514.3,183,211,0
2026-08-06 20:00:00,25515.4,25523.3,25514.4,25519.4,128,211,0
2026-08-06 20:15:00,25518.4,25521.4,25498.5,25501.5,127,211,0
2026-08-06 20:30:00,25502.5,25503.4,25495.5,25498.5,79,211,0
2026-08-06 20:45:00,25499.5,25503.4,25497.4,25503.4,59,211,0
2026-08-06 22:00:00,25512.4,25528.3,25501.5,25527.3,122,211,0
2026-08-06 22:15:00,25528.3,25530.3,25517.4,25519.4,74,211,0
2026-08-06 22:30:00,25518.4,25520.4,25511.4,25516.4,86,211,0
2026-08-06 22:45:00,25517.4,25524.4,25517.4,25523.4,54,211,0
2026-08-06 23:00:00,25522.4,25524.4,25518.4,25518.4,60,211,0
2026-08-06 23:15:00,25519.4,25528.5,25519.4,25523.5,76,211,0
2026-08-06 23:30:00,25522.5,25533.5,25521.5,25533.5,89,211,0
2026-08-06 23:45:00,25534.5,25540.5,25525.6,25533.5,203,211,0
2026-08-07 00:00:00,25530.5,25536.5,25518.5,25524.5,310,211,0
2026-08-07 00:15:00,25523.5,25523.5,25496.6,25507.5,278,211,0
2026-08-07 00:30:00,25506.5,25527.4,25499.5,25509.4,237,211,0
2026-08-07 01:15:00,25490.0,25562.4,25460.1,25559.4,597,71,0
2026-08-07 01:30:00,25556.4,25556.4,25401.5,25446.5,1465,71,0
2026-08-07 01:45:00,25449.5,25495.2,25386.5,25444.4,808,71,0
2026-08-07 02:00:00,25447.4,25462.3,25398.5,25440.4,699,71,0
2026-08-07 02:15:00,25439.4,25458.3,25376.5,25438.4,574,71,0
2026-08-07 02:30:00,25439.4,25480.4,25434.4,25438.5,575,71,0
2026-08-07 02:45:00,25436.5,25540.3,25436.5,25506.5,555,71,0
2026-08-07 03:00:00,25508.5,25543.4,25499.5,25524.4,505,71,0
2026-08-07 03:15:00,25523.4,25538.4,25492.5,25527.4,422,71,0
2026-08-07 03:30:00,25526.4,25548.4,25511.5,25537.4,334,71,0
2026-08-07 03:45:00,25536.4,25554.3,25521.4,25551.4,253,71,0
2026-08-07 04:00:00,25544.4,25555.4,25540.4,25551.4,120,211,0
2026-08-07 04:15:00,25550.4,25564.4,25540.4,25557.4,132,211,0
2026-08-07 05:00:00,25551.4,25566.2,25506.6,25539.2,520,71,0
2026-08-07 05:15:00,25540.2,25573.3,25540.2,25547.5,357,71,0
2026-08-07 05:30:00,25549.5,25555.4,25525.5,25543.4,321,71,0
2026-08-07 05:45:00,25544.4,25568.4,25535.5,25561.4,273,71,0
2026-08-07 06:00:00,25564.4,25607.4,25563.4,25594.4,379,71,0
2026-08-07 06:15:00,25593.4,25608.4,25575.6,25587.5,371,71,0
2026-08-07 06:30:00,25588.5,25602.4,25573.5,25596.5,333,71,0
2026-08-07 06:45:00,25599.5,25612.4,25588.5,25608.4,264,71,0
2026-08-07 07:00:00,25611.4,25625.4,25607.5,25620.5,285,71,0
2026-08-07 07:15:00,25619.5,25631.4,25616.4,25619.5,241,71,0
2026-08-07 07:30:00,25618.5,25635.4,25615.5,25624.5,213,71,0
2026-08-07 07:45:00,25623.5,25643.4,25607.5,25637.4,260,71,0
2026-08-07 08:00:00,25634.4,25653.4,25629.5,25652.4,262,71,0
2026-08-07 08:15:00,25649.4,25652.4,25636.5,25639.0,174,71,0
2026-08-07 09:15:00,25657.0,25676.4,25655.1,25668.9,161,80,0
2026-08-07 09:30:00,25668.4,25678.8,25664.2,25673.4,138,71,0
2026-08-07 09:45:00,25674.4,25695.9,25674.4,25692.9,163,71,0
2026-08-07 10:00:00,25693.4,25698.4,25675.5,25677.0,154,71,0
2026-08-07 10:15:00,25678.0,25687.0,25674.5,25679.5,117,71,0
2026-08-07 10:30:00,25681.0,25688.4,25678.5,25685.4,102,71,0
2026-08-07 10:45:00,25684.4,25692.4,25680.5,25687.5,112,71,0
2026-08-07 11:00:00,25688.5,25708.4,25688.4,25689.4,163,71,0
2026-08-07 11:15:00,25690.4,25690.9,25679.4,25687.9,116,71,0
2026-08-07 11:30:00,25687.4,25702.9,25687.4,25699.4,99,71,0
2026-08-07 11:45:00,25700.4,25704.4,25692.0,25703.4,131,71,0
2026-08-07 12:00:00,25702.9,25722.8,25702.4,25710.9,174,71,0
2026-08-07 12:15:00,25710.4,25715.8,25686.4,25701.4,188,71,0
2026-08-07 12:30:00,25703.3,25799.3,25703.3,25789.4,585,71,0
2026-08-07 12:45:00,25790.4,25806.3,25774.5,25779.5,278,71,0
2026-08-07 13:00:00,25780.5,25786.5,25767.5,25782.4,278,71,0
2026-08-07 13:15:00,25781.4,25781.4,25760.5,25771.4,239,71,0
2026-08-07 13:30:00,25774.4,25792.9,25749.1,25781.5,599,71,0
2026-08-07 13:45:00,25782.5,25792.9,25741.6,25757.4,476,71,0
2026-08-07 14:00:00,25754.5,25755.5,25720.5,25734.4,483,71,0
2026-08-07 14:15:00,25735.4,25797.3,25730.4,25785.4,429,71,0
2026-08-07 14:30:00,25786.4,25824.3,25776.5,25795.4,393,71,0
2026-08-07 14:45:00,25793.4,25817.9,25784.5,25808.4,308,71,0
2026-08-07 15:00:00,25806.4,25832.4,25795.5,25831.4,300,71,0
2026-08-07 15:15:00,25830.4,25837.9,25824.5,25824.5,239,71,0
2026-08-07 15:30:00,25823.5,25848.3,25817.5,25834.4,256,71,0
2026-08-07 15:45:00,25836.4,25842.4,25816.5,25826.5,228,71,0
2026-08-07 16:00:00,25825.5,25847.4,25821.5,25836.4,214,71,0
2026-08-07 16:15:00,25835.4,25837.5,25809.5,25817.5,281,71,0
2026-08-07 16:30:00,25818.5,25835.9,25806.5,25834.4,190,71,0
2026-08-07 16:45:00,25833.4,25840.9,25821.4,25821.5,168,71,0
2026-08-07 17:00:00,25822.5,25825.0,25816.5,25822.5,167,71,0
2026-08-07 17:15:00,25823.5,25826.4,25818.5,25823.5,150,71,0
2026-08-07 17:30:00,25824.5,25828.4,25810.5,25828.4,160,71,0
2026-08-07 17:45:00,25827.4,25830.4,25817.5,25818.5,114,71,0
2026-08-07 18:00:00,25817.0,25817.5,25793.6,25795.1,150,71,0
2026-08-07 18:15:00,25794.6,25800.1,25786.6,25795.0,143,71,0
2026-08-07 18:30:00,25793.0,25799.4,25790.5,25792.5,124,71,0
2026-08-07 18:45:00,25793.5,25804.4,25773.4,25782.2,189,71,0
2026-08-07 19:00:00,25775.3,25803.3,25773.3,25799.3,138,211,0
2026-08-07 19:15:00,25800.3,25811.3,25799.3,25806.4,111,211,0
2026-08-07 19:30:00,25805.4,25809.4,25797.4,25797.4,115,211,0
2026-08-07 19:45:00,25798.5,25814.4,25798.4,25809.4,130,211,0
2026-08-09 22:00:00,25814.4,25814.4,25793.5,25795.5,139,211,0
2026-08-09 22:15:00,25794.5,25807.4,25782.5,25803.5,121,211,0
2026-08-09 22:30:00,25802.5,25805.5,25791.5,25797.5,94,211,0
2026-08-09 22:45:00,25798.5,25803.5,25795.5,25801.5,48,211,0
2026-08-09 23:00:00,25802.5,25812.4,25798.5,25811.5,91,211,0
2026-08-09 23:15:00,25810.5,25814.4,25807.5,25809.5,74,211,0
2026-08-09 23:30:00,25808.5,25809.5,25797.5,25808.5,92,211,0
2026-08-09 23:45:00,25809.5,25815.5,25790.5,25790.5,209,211,0
2026-08-10 00:00:00,25788.5,25819.4,25779.5,25806.4,304,211,0
2026-08-10 00:15:00,25808.4,25808.4,25789.5,25789.5,240,211,0
2026-08-10 00:30:00,25788.5,25801.5,25782.5,25785.5,237,211,0
2026-08-10 01:15:00,25793.0,25840.1,25750.4,25750.4,555,71,0
2026-08-10 01:30:00,25753.4,25870.4,25697.2,25870.4,1592,71,0
2026-08-10 01:45:00,25869.3,25883.3,25768.6,25817.5,1014,71,0
2026-08-10 02:00:00,25815.5,25873.3,25810.5,25819.5,882,71,0
2026-08-10 02:15:00,25818.5,25837.4,25781.5,25782.5,665,71,0
2026-08-10 02:30:00,25785.5,25832.4,25781.5,25822.5,553,71,0
2026-08-10 02:45:00,25824.5,25874.4,25801.5,25815.5,491,71,0
2026-08-10 03:00:00,25818.5,25830.4,25789.5,25812.4,439,71,0
2026-08-10 03:15:00,25809.4,25812.4,25747.5,25771.4,414,71,0
2026-08-10 03:30:00,25768.4,25797.4,25744.5,25787.4,349,71,0
2026-08-10 03:45:00,25788.4,25818.4,25782.4,25816.9,236,71,0
2026-08-10 04:00:00,25809.9,25816.4,25807.4,25813.4,103,211,0
2026-08-10 04:15:00,25814.4,25818.4,25812.4,25816.4,70,211,0
2026-08-10 05:00:00,25813.9,25824.4,25778.5,25780.5,510,71,0
2026-08-10 05:15:00,25778.5,25806.4,25765.5,25766.5,344,71,0
2026-08-10 05:30:00,25765.5,25827.3,25765.5,25818.4,364,71,0
2026-08-10 05:45:00,25821.4,25855.4,25818.4,25853.4,339,71,0
2026-08-10 06:00:00,25854.4,25862.4,25838.5,25848.5,282,71,0
2026-08-10 06:15:00,25847.5,25853.4,25825.5,25848.4,295,71,0
2026-08-10 06:30:00,25851.4,25856.4,25825.5,25832.4,267,71,0
2026-08-10 06:45:00,25833.4,25857.4,25833.4,25857.4,211,71,0
2026-08-10 07:00:00,25860.4,25880.4,25860.4,25875.4,265,71,0
2026-08-10 07:15:00,25874.4,25937.3,25874.4,25912.4,329,71,0
2026-08-10 07:30:00,25911.4,25941.4,25905.4,25940.4,241,71,0
2026-08-10 07:45:00,25939.4,25939.4,25915.5,25936.4,290,71,0
2026-08-10 08:00:00,25938.4,25943.4,25911.5,25924.4,227,71,0
2026-08-10 08:15:00,25923.4,25930.4,25919.4,25926.0,180,71,0
2026-08-10 09:15:00,25910.3,25926.4,25900.5,25926.4,144,71,0
2026-08-10 09:30:00,25925.4,25925.4,25902.5,25910.4,125,71,0
2026-08-10 09:45:00,25909.4,25911.4,25893.5,25895.5,98,71,0
2026-08-10 10:00:00,25894.5,25905.5,25892.0,25895.0,132,71,0
2026-08-10 10:15:00,25894.0,25904.5,25893.5,25900.5,90,71,0
2026-08-10 10:30:00,25899.5,25908.4,25895.0,25908.4,132,71,0
2026-08-10 10:45:00,25907.4,25913.4,25899.5,25904.4,100,71,0
2026-08-10 11:00:00,25905.4,25906.4,25884.5,25892.5,166,71,0
2026-08-10 11:15:00,25893.5,25902.5,25891.5,25898.5,95,71,0
2026-08-10 11:30:00,25897.5,25905.5,25897.5,25901.5,109,71,0
2026-08-10 11:45:00,25900.5,25905.5,25893.5,25902.5,105,71,0
2026-08-10 12:00:00,25901.5,25911.9,25891.5,25892.5,156,71,0
2026-08-10 12:15:00,25893.5,25894.5,25879.5,25883.5,144,71,0
2026-08-10 12:30:00,25883.0,25886.5,25875.5,25876.5,168,71,0
2026-08-10 12:45:00,25875.5,25881.5,25870.5,25874.5,134,71,0
2026-08-10 13:00:00,25875.5,25885.5,25872.5,25878.5,149,71,0
2026-08-10 13:15:00,25877.5,25878.5,25858.1,25867.5,167,71,0
2026-08-10 13:30:00,25864.5,25885.9,25841.5,25849.5,564,71,0
2026-08-10 13:45:00,25846.5,25851.4,25815.7,25833.5,411,71,0
2026-08-10 14:00:00,25831.0,25881.2,25829.5,25880.2,323,71,0
2026-08-10 14:15:00,25882.7,25920.8,25871.3,25913.3,341,71,0
2026-08-10 14:30:00,25912.4,25943.4,25911.4,25942.9,311,71,0
2026-08-10 14:45:00,25941.4,25957.4,25929.5,25953.9,285,71,0
2026-08-10 15:00:00,25954.4,25959.4,25940.5,25945.5,289,71,0
2026-08-10 15:15:00,25944.0,25956.4,25938.5,25955.4,250,71,0
2026-08-10 15:30:00,25954.4,25955.4,25937.5,25941.5,238,71,0
2026-08-10 15:45:00,25938.5,25972.8,25938.5,25971.8,169,71,0
2026-08-10 16:00:00,25972.3,25992.3,25965.4,25978.9,200,71,0
2026-08-10 16:15:00,25978.4,25995.3,25969.4,25991.3,195,71,0
2026-08-10 16:30:00,25990.3,25997.3,25953.4,25973.5,303,71,0
2026-08-10 16:45:00,25972.5,25977.5,25967.5,25972.4,205,71,0
2026-08-10 17:00:00,25971.4,25976.4,25960.5,25964.5,192,71,0
2026-08-10 17:15:00,25965.5,25970.4,25952.5,25965.5,168,71,0
2026-08-10 17:30:00,25965.9,25977.4,25962.4,25962.9,169,71,0
2026-08-10 17:45:00,25962.4,25962.4,25946.0,25952.5,137,71,0
2026-08-10 18:00:00,25953.5,25967.4,25948.5,25963.4,124,71,0
2026-08-10 18:15:00,25962.4,25966.9,25944.5,25949.5,143,71,0
2026-08-10 18:30:00,25949.0,25963.4,25945.5,25959.4,161,71,0
2026-08-10 18:45:00,25958.4,25959.4,25940.5,25943.5,159,71,0
2026-08-10 19:00:00,25937.5,25943.4,25935.4,25942.4,66,211,0
2026-08-10 19:15:00,25943.4,25946.4,25941.4,25942.4,55,211,0
2026-08-10 19:30:00,25941.4,25947.4,25938.4,25946.4,87,211,0
2026-08-10 19:45:00,25947.4,25953.4,25934.5,25945.4,126,211,0
2026-08-10 20:00:00,25943.4,25946.4,25941.4,25943.4,86,211,0
2026-08-10 20:15:00,25942.4,25945.4,25936.5,25940.5,63,211,0
2026-08-10 20:30:00,25941.5,25942.5,25938.5,25941.5,37,211,0
2026-08-10 20:45:00,25942.5,25945.5,25941.5,25943.5,38,211,0
2026-08-10 22:00:00,25958.5,25962.5,25951.5,25952.5,70,211,0
2026-08-10 22:15:00,25953.5,25953.5,25939.6,25942.6,49,211,0
2026-08-10 22:30:00,25941.6,25941.6,25936.6,25938.6,53,211,0
2026-08-10 22:45:00,25939.6,25942.6,25938.6,25941.6,23,211,0
2026-08-10 23:00:00,25942.6,25942.6,25939.6,25941.6,30,211,0
2026-08-10 23:15:00,25940.6,25940.6,25932.6,25933.6,39,211,0
2026-08-10 23:30:00,25934.6,25936.6,25928.6,25936.6,50,211,0
2026-08-10 23:45:00,25935.6,25944.5,25922.6,25938.5,172,211,0
2026-08-11 00:00:00,25935.4,25951.4,25927.5,25950.4,249,211,0
2026-08-11 00:15:00,25948.4,25957.4,25938.4,25956.3,171,211,0
2026-08-11 00:30:00,25957.3,25967.4,25955.3,25966.4,131,211,0
2026-08-11 01:15:00,26003.3,26010.8,25931.4,25962.2,557,71,0
2026-08-11 01:30:00,25964.2,26033.4,25886.2,26004.4,1384,71,0
2026-08-11 01:45:00,26007.4,26037.4,25931.5,25935.5,794,71,0
2026-08-11 02:00:00,25932.5,25943.5,25862.5,25880.5,734,71,0
2026-08-11 02:15:00,25883.5,25908.4,25834.5,25836.5,519,71,0
2026-08-11 02:30:00,25834.5,25855.4,25791.5,25797.4,463,71,0
2026-08-11 02:45:00,25794.4,25808.4,25772.5,25790.5,415,71,0
2026-08-11 03:00:00,25791.5,25795.4,25767.5,25784.4,390,71,0
2026-08-11 03:15:00,25785.4,25794.4,25770.4,25778.5,339,71,0
2026-08-11 03:30:00,25777.5,25778.5,25734.5,25735.5,229,71,0
2026-08-11 03:45:00,25734.5,25760.4,25731.5,25739.5,235,71,0
2026-08-11 04:00:00,25732.0,25738.4,25731.4,25738.4,92,211,0
2026-08-11 04:15:00,25737.4,25738.4,25730.4,25738.4,91,211,0
2026-08-11 05:00:00,25738.5,25766.4,25738.5,25745.5,402,71,0
2026-08-11 05:15:00,25744.5,25747.5,25721.4,25722.5,245,71,0
2026-08-11 05:30:00,25721.5,25734.4,25700.5,25732.4,275,71,0
2026-08-11 05:45:00,25734.4,25735.4,25697.5,25698.5,204,71,0
2026-08-11 06:00:00,25696.5,25709.4,25689.4,25690.4,227,71,0
2026-08-11 06:15:00,25689.4,25702.4,25654.5,25655.5,267,71,0
2026-08-11 06:30:00,25654.5,25655.5,25623.5,25639.4,294,71,0
2026-08-11 06:45:00,25640.4,25657.4,25637.4,25647.4,254,71,0
2026-08-11 07:00:00,25648.4,25670.4,25631.5,25641.4,318,71,0
2026-08-11 07:15:00,25642.4,25657.4,25636.5,25650.4,219,71,0
2026-08-11 07:30:00,25652.4,25666.4,25642.5,25651.4,223,71,0
2026-08-11 07:45:00,25650.4,25651.4,25631.5,25634.5,255,71,0
2026-08-11 08:00:00,25632.5,25635.5,25595.5,25598.5,288,71,0
2026-08-11 08:15:00,25597.5,25609.4,25586.5,25604.9,203,71,0
2026-08-11 09:15:00,25616.5,25626.4,25608.0,25610.5,173,71,0
2026-08-11 09:30:00,25611.0,25626.4,25609.4,25617.9,145,71,0
2026-08-11 09:45:00,25618.4,25634.4,25618.4,25625.4,126,71,0
2026-08-11 10:00:00,25625.9,25628.4,25617.5,25617.5,136,71,0
2026-08-11 10:15:00,25616.5,25640.4,25615.5,25631.4,183,71,0
2026-08-11 10:30:00,25633.4,25646.8,25633.4,25646.8,125,71,0
2026-08-11 10:45:00,25647.3,25649.4,25634.4,25639.5,111,71,0
2026-08-11 11:00:00,25638.0,25676.2,25633.5,25651.5,405,71,0
2026-08-11 11:15:00,25651.0,25654.5,25630.5,25636.5,141,71,0
2026-08-11 11:30:00,25636.0,25639.5,25623.5,25626.5,130,71,0
2026-08-11 11:45:00,25625.6,25625.6,25608.6,25612.6,155,71,0
2026-08-11 12:00:00,25613.6,25626.4,25604.6,25616.5,185,71,0
2026-08-11 12:15:00,25617.5,25618.4,25587.3,25595.5,242,71,0
2026-08-11 12:30:00,25596.5,25616.4,25592.5,25616.4,169,71,0
2026-08-11 12:45:00,25615.9,25622.4,25610.4,25615.0,145,71,0
2026-08-11 13:00:00,25616.5,25626.4,25608.0,25609.0,174,71,0
2026-08-11 13:15:00,25608.0,25617.5,25596.6,25605.5,192,71,0
2026-08-11 13:30:00,25607.5,25610.5,25553.5,25591.4,607,71,0
2026-08-11 13:45:00,25590.4,25603.4,25535.6,25560.4,445,71,0
2026-08-11 14:00:00,25559.9,25588.4,25557.4,25567.5,371,71,0
2026-08-11 14:15:00,25568.5,25579.3,25548.0,25563.4,313,71,0
2026-08-11 14:30:00,25564.4,25593.3,25559.9,25572.4,287,71,0
2026-08-11 14:45:00,25573.4,25580.4,25561.9,25575.9,263,71,0
2026-08-11 15:00:00,25574.4,25582.9,25550.5,25552.5,249,71,0
2026-08-11 15:15:00,25553.0,25570.5,25542.6,25546.5,250,71,0
2026-08-11 15:30:00,25547.5,25557.5,25517.0,25521.5,306,71,0
2026-08-11 15:45:00,25522.0,25535.4,25512.0,25531.5,223,71,0
2026-08-11 16:00:00,25534.5,25543.4,25529.4,25539.9,180,71,0
2026-08-11 16:15:00,25539.4,25548.9,25535.4,25548.4,205,71,0
2026-08-11 16:30:00,25547.9,25552.9,25540.4,25552.4,167,71,0
2026-08-11 16:45:00,25551.9,25554.4,25543.5,25545.5,151,71,0
2026-08-11 17:00:00,25546.0,25548.5,25526.5,25526.5,181,71,0
2026-08-11 17:15:00,25527.5,25539.4,25526.5,25533.5,223,71,0
2026-08-11 17:30:00,25534.5,25536.9,25525.5,25534.4,160,71,0
2026-08-11 17:45:00,25533.4,25542.9,25530.0,25530.5,146,71,0
2026-08-11 18:00:00,25531.0,25534.4,25517.0,25524.5,158,71,0
2026-08-11 18:15:00,25523.5,25526.0,25498.5,25500.5,170,71,0
2026-08-11 18:30:00,25501.5,25513.5,25499.5,25508.5,162,71,0
2026-08-11 18:45:00,25511.5,25527.4,25511.5,25516.7,171,71,0
2026-08-11 19:00:00,25509.6,25515.6,25506.6,25513.6,87,211,0
2026-08-11 19:15:00,25514.6,25519.6,25510.6,25519.6,88,211,0
2026-08-11 19:30:00,25520.6,25523.5,25515.6,25515.6,86,211,0
2026-08-11 19:45:00,25516.6,25526.5,25512.6,25526.4,145,211,0
2026-08-11 20:00:00,25527.4,25530.4,25519.4,25529.4,98,211,0
2026-08-11 20:15:00,25528.4,25540.4,25528.4,25540.4,73,211,0
2026-08-11 20:30:00,25539.4,25542.4,25539.4,25540.4,43,211,0
2026-08-11 20:45:00,25539.4,25540.4,25533.4,25535.4,65,211,0
2026-08-11 22:00:00,25530.5,25530.5,25518.5,25528.4,94,211,0
2026-08-11 22:15:00,25527.4,25528.5,25523.5,25524.5,31,211,0
2026-08-11 22:30:00,25525.5,25526.5,25519.5,25519.5,53,211,0
2026-08-11 22:45:00,25518.5,25524.5,25516.5,25522.5,44,211,0
2026-08-11 23:00:00,25523.5,25525.5,25519.5,25520.5,50,211,0
2026-08-11 23:15:00,25519.5,25524.5,25519.5,25523.5,55,211,0
2026-08-11 23:30:00,25521.5,25522.5,25516.6,25520.6,51,211,0
2026-08-11 23:45:00,25521.6,25529.5,25514.6,25529.5,165,211,0
2026-08-12 00:00:00,25526.5,25526.5,25500.6,25515.4,319,211,0
2026-08-12 00:15:00,25516.4,25523.4,25509.4,25521.4,238,211,0
2026-08-12 00:30:00,25522.4,25524.5,25513.5,25522.4,184,211,0
2026-08-12 01:15:00,25521.4,25535.2,25441.4,25441.4,516,71,0
2026-08-12 01:30:00,25445.5,25455.3,25316.6,25317.6,1180,71,0
2026-08-12 01:45:00,25314.6,25393.4,25302.5,25363.4,735,71,0
2026-08-12 02:00:00,25365.4,25392.4,25314.5,25328.4,584,71,0
2026-08-12 02:15:00,25325.4,25356.3,25316.5,25338.4,533,71,0
2026-08-12 02:30:00,25339.4,25366.3,25320.5,25353.4,494,71,0
2026-08-12 02:45:00,25356.4,25365.4,25320.5,25323.5,449,71,0
2026-08-12 03:00:00,25322.5,25332.4,25286.5,25322.4,385,71,0
2026-08-12 03:15:00,25321.4,25329.4,25305.5,25321.4,357,71,0
2026-08-12 03:30:00,25320.4,25340.4,25312.5,25317.4,273,71,0
2026-08-12 03:45:00,25315.5,25320.4,25302.5,25318.9,169,71,0
2026-08-12 04:00:00,25312.4,25322.4,25311.4,25322.4,71,211,0
2026-08-12 04:15:00,25321.4,25322.4,25316.4,25316.4,64,211,0
2026-08-12 05:00:00,25308.9,25325.4,25296.5,25314.4,413,71,0
2026-08-12 05:15:00,25312.4,25325.4,25295.5,25319.4,330,71,0
2026-08-12 05:30:00,25316.4,25338.4,25304.4,25338.4,293,71,0
2026-08-12 05:45:00,25337.4,25380.4,25320.5,25375.4,319,71,0
2026-08-12 06:00:00,25374.4,25377.4,25344.5,25366.4,354,71,0
2026-08-12 06:15:00,25367.4,25371.4,25347.5,25357.5,257,71,0
2026-08-12 06:30:00,25360.5,25389.4,25345.5,25384.4,250,71,0
2026-08-12 06:45:00,25385.4,25393.4,25374.4,25390.4,255,71,0
2026-08-12 07:00:00,25393.4,25396.4,25362.5,25372.5,258,71,0
2026-08-12 07:15:00,25370.5,25385.4,25370.5,25376.4,201,71,0
2026-08-12 07:30:00,25375.4,25378.4,25359.4,25375.4,207,71,0
2026-08-12 07:45:00,25373.4,25377.4,25347.5,25354.4,211,71,0
2026-08-12 08:00:00,25351.5,25394.3,25348.5,25389.4,239,71,0
2026-08-12 08:15:00,25388.4,25390.4,25380.4,25385.4,173,71,0
2026-08-12 09:15:00,25403.2,25432.3,25396.4,25405.5,283,71,0
2026-08-12 09:30:00,25406.0,25414.4,25405.4,25408.5,138,71,0
2026-08-12 09:45:00,25409.5,25422.4,25398.0,25401.5,147,71,0
2026-08-12 10:00:00,25400.5,25411.4,25398.5,25410.4,82,71,0
2026-08-12 10:15:00,25410.9,25422.4,25408.4,25412.4,88,71,0
2026-08-12 10:30:00,25411.4,25415.4,25401.5,25410.5,90,71,0
2026-08-12 10:45:00,25410.0,25416.2,25379.0,25414.4,184,71,0
2026-08-12 11:00:00,25414.9,25423.4,25410.5,25410.5,136,71,0
2026-08-12 11:15:00,25409.5,25417.4,25399.5,25416.4,91,71,0
2026-08-12 11:30:00,25415.9,25421.9,25405.5,25421.4,115,71,0
2026-08-12 11:45:00,25422.4,25424.4,25413.4,25414.4,114,71,0
2026-08-12 12:00:00,25413.4,25417.4,25403.0,25412.5,158,71,0
2026-08-12 12:15:00,25411.5,25462.2,25408.5,25462.2,163,71,0
2026-08-12 12:30:00,25461.2,25461.2,25394.2,25438.4,534,71,0
2026-08-12 12:45:00,25436.4,25439.4,25423.5,25436.4,253,71,0
2026-08-12 13:00:00,25434.4,25438.9,25399.5,25401.5,313,71,0
2026-08-12 13:15:00,25400.5,25415.4,25386.5,25394.4,244,71,0
2026-08-12 13:30:00,25391.4,25394.5,25327.5,25356.4,582,71,0
2026-08-12 13:45:00,25357.4,25377.4,25323.5,25323.5,416,71,0
2026-08-12 14:00:00,25323.0,25365.4,25320.5,25355.4,351,71,0
2026-08-12 14:15:00,25354.5,25368.4,25342.5,25357.4,242,71,0
2026-08-12 14:30:00,25356.4,25376.1,25333.9,25348.6,354,71,0
2026-08-12 14:45:00,25346.6,25349.8,25316.0,25329.5,290,71,0
2026-08-12 15:00:00,25328.5,25328.5,25308.5,25317.4,259,71,0
2026-08-12 15:15:00,25316.4,25319.4,25280.6,25290.0,298,71,0
2026-08-12 15:30:00,25289.5,25306.9,25282.6,25296.0,239,71,0
2026-08-12 15:45:00,25297.0,25303.9,25286.5,25303.4,173,71,0
2026-08-12 16:00:00,25302.4,25315.4,25295.5,25303.4,166,71,0
2026-08-12 16:15:00,25302.4,25311.9,25299.4,25304.4,154,71,0
2026-08-12 16:30:00,25303.4,25303.4,25286.5,25299.4,145,71,0
2026-08-12 16:45:00,25299.9,25310.9,25297.5,25310.9,120,71,0
2026-08-12 17:00:00,25310.4,25313.9,25303.5,25308.4,120,71,0
2026-08-12 17:15:00,25307.9,25316.9,25303.4,25314.4,106,71,0
2026-08-12 17:30:00,25315.4,25323.4,25311.4,25317.4,109,71,0
2026-08-12 17:45:00,25318.4,25320.4,25307.4,25312.4,84,71,0
2026-08-12 18:00:00,25312.9,25315.4,25305.5,25308.4,105,71,0
2026-08-12 18:15:00,25307.4,25314.4,25303.0,25306.4,106,71,0
2026-08-12 18:30:00,25307.4,25308.9,25301.9,25304.4,89,71,0
2026-08-12 18:45:00,25304.9,25313.4,25295.4,25295.4,126,71,0
2026-08-12 19:00:00,25290.4,25296.4,25289.4,25293.4,58,211,0
2026-08-12 19:15:00,25294.4,25296.4,25291.4,25295.4,44,211,0
2026-08-12 19:30:00,25294.4,25294.4,25282.4,25283.5,70,211,0
2026-08-12 19:45:00,25282.5,25292.5,25279.5,25291.4,135,211,0
2026-08-12 20:00:00,25289.4,25308.4,25287.4,25295.4,130,211,0
2026-08-12 20:15:00,25296.4,25298.4,25287.5,25288.5,70,211,0
2026-08-12 20:30:00,25287.5,25290.5,25286.5,25289.5,42,211,0
2026-08-12 20:45:00,25290.5,25290.5,25275.5,25279.5,54,211,0
2026-08-12 22:00:00,25271.5,25275.5,25266.5,25269.5,88,211,0
2026-08-12 22:15:00,25268.5,25270.5,25265.5,25266.5,62,211,0
2026-08-12 22:30:00,25265.5,25267.5,25262.5,25266.5,64,211,0
2026-08-12 22:45:00,25265.5,25269.5,25265.5,25268.5,19,211,0
2026-08-12 23:00:00,25269.5,25274.5,25268.5,25274.5,46,211,0
2026-08-12 23:15:00,25273.5,25275.5,25272.5,25273.5,29,211,0
2026-08-12 23:30:00,25274.5,25283.5,25268.5,25282.5,64,211,0
2026-08-12 23:45:00,25283.5,25283.5,25268.5,25272.5,126,211,0
2026-08-13 00:00:00,25270.5,25293.4,25267.5,25279.5,234,211,0
2026-08-13 00:15:00,25280.5,25288.4,25274.5,25275.5,185,211,0
2026-08-13 00:30:00,25276.5,25278.5,25266.5,25276.5,186,211,0
2026-08-13 01:15:00,25300.5,25312.0,25252.4,25254.3,479,71,0
2026-08-13 01:30:00,25257.3,25393.4,25241.3,25327.4,1260,71,0
2026-08-13 01:45:00,25325.5,25408.4,25313.4,25396.5,763,71,0
2026-08-13 02:00:00,25395.5,25412.4,25337.5,25348.5,611,71,0
2026-08-13 02:15:00,25349.5,25378.4,25321.5,25327.5,491,71,0
2026-08-13 02:30:00,25330.5,25402.4,25330.5,25392.4,494,71,0
2026-08-13 02:45:00,25395.4,25428.4,25390.4,25403.4,420,71,0
2026-08-13 03:00:00,25404.4,25422.4,25386.5,25389.5,371,71,0
2026-08-13 03:15:00,25390.5,25410.4,25379.5,25398.4,326,71,0
2026-08-13 03:30:00,25399.4,25417.4,25390.5,25416.4,230,71,0
2026-08-13 03:45:00,25417.4,25427.4,25401.5,25411.5,199,71,0
2026-08-13 04:00:00,25404.4,25412.5,25403.4,25406.5,69,211,0
2026-08-13 04:15:00,25405.5,25409.5,25397.5,25404.5,95,211,0
2026-08-13 05:00:00,25420.0,25481.1,25408.0,25470.4,493,71,0
2026-08-13 05:15:00,25473.4,25480.4,25450.5,25455.4,321,71,0
2026-08-13 05:30:00,25456.4,25468.4,25398.5,25398.5,313,71,0
2026-08-13 05:45:00,25397.5,25407.5,25378.5,25381.5,315,71,0
2026-08-13 06:00:00,25384.5,25407.4,25369.5,25383.5,333,71,0
2026-08-13 06:15:00,25384.5,25386.5,25344.5,25346.5,294,71,0
2026-08-13 06:30:00,25347.5,25350.5,25315.5,25327.4,326,71,0
2026-08-13 06:45:00,25326.4,25345.4,25318.5,25337.5,288,71,0
2026-08-13 07:00:00,25338.5,25342.5,25299.5,25311.5,313,71,0
2026-08-13 07:15:00,25310.5,25344.4,25297.5,25335.4,265,71,0
2026-08-13 07:30:00,25334.4,25354.4,25323.5,25350.4,229,71,0
2026-08-13 07:45:00,25348.4,25357.4,25336.5,25339.5,245,71,0
2026-08-13 08:00:00,25340.5,25357.4,25329.5,25344.4,273,71,0
2026-08-13 08:15:00,25342.4,25348.4,25329.5,25348.4,175,71,0
2026-08-13 09:15:00,25359.4,25370.4,25356.4,25366.4,161,71,0
2026-08-13 09:30:00,25368.4,25375.4,25359.4,25365.4,105,71,0
2026-08-13 09:45:00,25365.9,25372.4,25358.4,25370.4,103,71,0
2026-08-13 10:00:00,25373.4,25378.4,25350.5,25352.5,151,71,0
2026-08-13 10:15:00,25354.5,25365.4,25339.5,25342.5,142,71,0
2026-08-13 10:30:00,25343.5,25358.4,25343.5,25350.0,110,71,0
2026-08-13 10:45:00,25350.5,25354.5,25341.5,25354.4,103,71,0
2026-08-13 11:00:00,25353.9,25357.4,25346.5,25351.9,103,71,0
2026-08-13 11:15:00,25353.4,25358.4,25329.5,25331.5,102,71,0
2026-08-13 11:30:00,25330.5,25336.0,25326.5,25330.5,112,71,0
2026-08-13 11:45:00,25330.0,25333.5,25320.5,25323.5,132,71,0
2026-08-13 12:00:00,25324.5,25324.9,25313.4,25314.5,167,71,0
2026-08-13 12:15:00,25313.5,25318.4,25301.0,25315.4,140,71,0
2026-08-13 12:30:00,25314.4,25349.2,25294.0,25317.9,292,71,0
2026-08-13 12:45:00,25316.4,25325.4,25308.5,25323.4,188,71,0
2026-08-13 13:00:00,25326.4,25330.4,25304.0,25308.9,213,71,0
2026-08-13 13:15:00,25309.4,25312.4,25289.0,25294.4,199,71,0
2026-08-13 13:30:00,25295.4,25345.1,25266.6,25267.6,601,71,0
2026-08-13 13:45:00,25268.6,25276.4,25245.6,25252.5,412,71,0
2026-08-13 14:00:00,25251.5,25268.8,25229.4,25240.4,420,71,0
2026-08-13 14:15:00,25241.4,25270.3,25237.4,25251.5,342,71,0
2026-08-13 14:30:00,25249.0,25255.4,25226.5,25230.5,321,71,0
2026-08-13 14:45:00,25230.0,25233.4,25216.5,25226.4,280,71,0
2026-08-13 15:00:00,25225.5,25229.4,25195.0,25196.5,320,71,0
2026-08-13 15:15:00,25195.5,25207.4,25182.6,25187.6,283,71,0
2026-08-13 15:30:00,25186.6,25212.4,25176.5,25191.5,292,71,0
2026-08-13 15:45:00,25192.5,25197.9,25187.5,25192.0,204,71,0
2026-08-13 16:00:00,25192.4,25199.4,25170.5,25175.5,229,71,0
2026-08-13 16:15:00,25175.0,25182.4,25168.5,25182.4,190,71,0
2026-08-13 16:30:00,25183.9,25193.9,25181.5,25190.5,176,71,0
2026-08-13 16:45:00,25189.5,25195.4,25183.0,25193.4,156,71,0
2026-08-13 17:00:00,25194.4,25199.4,25179.5,25180.5,135,71,0
2026-08-13 17:15:00,25179.5,25183.5,25173.5,25174.5,100,71,0
2026-08-13 17:30:00,25174.0,25185.4,25168.5,25181.9,148,71,0
2026-08-13 17:45:00,25182.4,25190.4,25173.5,25177.9,161,71,0
2026-08-13 18:00:00,25178.9,25184.9,25171.5,25182.4,145,71,0
2026-08-13 18:15:00,25182.9,25186.4,25177.4,25179.4,131,71,0
2026-08-13 18:30:00,25177.4,25191.4,25177.4,25189.9,136,71,0
2026-08-13 18:45:00,25189.4,25196.9,25186.4,25191.4,157,71,0
2026-08-13 19:00:00,25184.9,25188.4,25180.4,25180.4,72,211,0
2026-08-13 19:15:00,25179.4,25189.4,25179.4,25184.4,63,211,0
2026-08-13 19:30:00,25183.4,25186.4,25180.4,25180.4,74,211,0
2026-08-13 19:45:00,25179.4,25184.4,25176.5,25178.5,104,211,0
2026-08-13 20:00:00,25179.5,25184.4,25171.5,25180.4,119,211,0
2026-08-13 20:15:00,25179.4,25181.4,25175.4,25178.4,52,211,0
2026-08-13 20:30:00,25177.4,25183.4,25177.4,25183.4,44,211,0
2026-08-13 20:45:00,25184.4,25185.4,25182.4,25183.4,46,211,0
2026-08-13 22:00:00,25219.4,25227.3,25216.4,25218.4,85,211,0
2026-08-13 22:15:00,25217.4,25223.4,25217.4,25219.4,32,211,0
2026-08-13 22:30:00,25220.4,25221.4,25217.4,25219.4,20,211,0
2026-08-13 22:45:00,25220.4,25220.4,25217.4,25218.4,25,211,0
2026-08-13 23:00:00,25219.4,25227.4,25216.3,25219.4,30,211,0
2026-08-13 23:15:00,25218.4,25218.4,25211.5,25215.5,45,211,0
2026-08-13 23:30:00,25214.5,25219.5,25214.5,25218.5,67,211,0
2026-08-13 23:45:00,25215.5,25223.5,25209.5,25209.5,174,211,0
2026-08-14 00:00:00,25210.5,25221.4,25209.4,25209.5,211,211,0
2026-08-14 00:15:00,25210.5,25222.4,25208.5,25214.4,184,211,0
2026-08-14 00:30:00,25215.4,25218.4,25208.4,25209.5,139,211,0
2026-08-14 01:15:00,25202.3,25233.1,25157.3,25183.4,554,71,0
2026-08-14 01:30:00,25186.4,25211.3,25118.4,25197.5,1279,71,0
2026-08-14 01:45:00,25198.5,25279.4,25188.5,25217.5,655,71,0
2026-08-14 02:00:00,25219.5,25242.4,25150.5,25166.4,584,71,0
2026-08-14 02:15:00,25169.4,25178.3,25129.5,25131.4,498,71,0
2026-08-14 02:30:00,25134.4,25236.4,25131.4,25236.4,528,71,0
2026-08-14 02:45:00,25237.4,25238.4,25171.5,25174.5,475,71,0
2026-08-14 03:00:00,25175.4,25179.4,25147.5,25156.4,364,71,0
2026-08-14 03:15:00,25155.5,25160.4,25128.5,25151.4,373,71,0
2026-08-14 03:30:00,25152.4,25159.4,25133.5,25146.4,295,71,0
2026-08-14 03:45:00,25149.4,25155.4,25142.5,25144.5,190,71,0
2026-08-14 04:00:00,25137.5,25137.5,25127.6,25134.5,94,211,0
2026-08-14 04:15:00,25132.5,25137.5,25126.5,25127.5,96,211,0
2026-08-14 05:00:00,25145.1,25158.5,25092.5,25117.5,471,71,0
2026-08-14 05:15:00,25118.5,25154.4,25112.5,25141.4,338,71,0
2026-08-14 05:30:00,25142.4,25174.4,25130.4,25149.5,356,71,0
2026-08-14 05:45:00,25152.5,25167.4,25126.5,25164.4,309,71,0
2026-08-14 06:00:00,25166.4,25172.4,25109.5,25109.5,298,71,0
2026-08-14 06:15:00,25108.5,25131.5,25096.5,25125.4,296,71,0
2026-08-14 06:30:00,25126.4,25145.4,25110.5,25121.4,280,71,0
2026-08-14 06:45:00,25122.4,25140.3,25114.5,25118.5,215,71,0
2026-08-14 07:00:00,25119.5,25131.4,25093.5,25101.5,262,71,0
2026-08-14 07:15:00,25103.5,25106.5,25073.5,25075.5,210,71,0
2026-08-14 07:30:00,25077.5,25099.4,25054.6,25099.4,271,71,0
2026-08-14 07:45:00,25102.4,25108.4,25086.5,25090.4,252,71,0
2026-08-14 08:00:00,25087.4,25097.4,25060.5,25096.4,292,71,0
2026-08-14 08:15:00,25097.4,25102.3,25077.5,25091.4,183,71,0
2026-08-14 09:15:00,25125.9,25138.8,25120.4,25126.4,154,71,0
2026-08-14 09:30:00,25125.4,25135.9,25125.4,25134.4,136,71,0
2026-08-14 09:45:00,25135.4,25152.3,25135.4,25151.3,121,71,0
2026-08-14 10:00:00,25150.3,25162.4,25149.4,25157.4,137,71,0
2026-08-14 10:15:00,25158.4,25158.4,25145.5,25151.4,68,71,0
2026-08-14 10:30:00,25150.4,25152.4,25146.4,25152.4,95,71,0
2026-08-14 10:45:00,25151.4,25153.4,25148.4,25153.4,71,71,0
2026-08-14 11:00:00,25153.9,25164.4,25148.4,25162.4,108,71,0
2026-08-14 11:15:00,25163.4,25182.4,25162.4,25181.4,99,71,0
2026-08-14 11:30:00,25182.4,25190.4,25177.4,25181.0,148,71,0
2026-08-14 11:45:00,25180.5,25184.0,25172.5,25177.9,131,71,0
2026-08-14 12:00:00,25178.4,25190.4,25162.6,25178.5,153,71,0
2026-08-14 12:15:00,25177.5,25201.4,25176.5,25201.4,145,71,0
2026-08-14 12:30:00,25199.4,25215.4,25188.0,25189.5,201,71,0
2026-08-14 12:45:00,25189.0,25196.4,25185.0,25185.0,152,71,0
2026-08-14 13:00:00,25184.5,25192.4,25167.5,25167.5,190,71,0
2026-08-14 13:15:00,25168.5,25190.9,25167.5,25189.4,176,71,0
2026-08-14 13:30:00,25190.4,25217.4,25171.5,25206.0,518,71,0
2026-08-14 13:45:00,25206.5,25246.4,25204.5,25244.4,373,71,0
2026-08-14 14:00:00,25242.4,25267.4,25242.4,25248.9,361,71,0
2026-08-14 14:15:00,25249.4,25289.3,25249.4,25272.4,347,71,0
2026-08-14 14:30:00,25271.4,25275.4,25228.6,25233.6,280,71,0
2026-08-14 14:45:00,25231.6,25258.4,25224.6,25254.4,273,71,0
2026-08-14 15:00:00,25255.4,25271.4,25247.4,25257.4,240,71,0
2026-08-14 15:15:00,25256.9,25258.4,25234.5,25251.3,230,71,0
2026-08-14 15:30:00,25252.3,25258.4,25234.5,25247.4,243,71,0
2026-08-14 15:45:00,25248.4,25273.4,25248.4,25264.9,164,71,0
2026-08-14 16:00:00,25266.4,25268.4,25256.0,25258.4,150,71,0
2026-08-14 16:15:00,25257.4,25267.4,25247.5,25254.5,121,71,0
2026-08-14 16:30:00,25253.5,25260.4,25247.5,25247.5,140,71,0
2026-08-14 16:45:00,25245.5,25246.5,25231.0,25237.5,132,71,0
2026-08-14 17:00:00,25238.0,25239.5,25230.5,25236.5,135,71,0
2026-08-14 17:15:00,25237.0,25245.5,25230.5,25239.0,123,71,0
2026-08-14 17:30:00,25238.5,25239.5,25222.5,25229.0,111,71,0
2026-08-14 17:45:00,25228.5,25238.4,25227.5,25235.4,116,71,0
2026-08-14 18:00:00,25236.5,25245.4,25233.4,25243.4,118,71,0
2026-08-14 18:15:00,25242.4,25256.4,25242.4,25256.4,87,71,0
2026-08-14 18:30:00,25255.9,25265.4,25252.4,25263.4,100,71,0
2026-08-14 18:45:00,25262.4,25266.4,25241.4,25251.5,126,71,0
2026-08-14 19:00:00,25244.5,25246.5,25242.3,25242.4,67,211,0
2026-08-14 19:15:00,25243.4,25248.4,25241.4,25245.4,53,211,0
2026-08-14 19:30:00,25246.4,25250.4,25245.4,25248.4,65,211,0
2026-08-14 19:45:00,25247.4,25252.4,25243.4,25251.4,89,211,0
2026-08-16 22:00:00,25249.3,25266.2,25249.3,25265.2,70,314,0
2026-08-16 22:15:00,25264.2,25265.2,25262.2,25263.2,32,314,0
2026-08-16 22:30:00,25262.2,25263.2,25260.2,25261.2,23,314,0
2026-08-16 22:45:00,25262.2,25265.2,25261.2,25263.2,38,314,0
2026-08-16 23:00:00,25264.2,25265.3,25261.2,25263.3,23,314,0
2026-08-16 23:15:00,25262.3,25265.3,25261.3,25262.3,20,314,0
2026-08-16 23:30:00,25263.3,25267.3,25261.3,25267.3,47,314,0
2026-08-16 23:45:00,25268.3,25277.3,25266.3,25276.2,122,314,0
2026-08-17 00:00:00,25274.2,25281.3,25271.3,25280.3,182,314,0
2026-08-17 00:15:00,25278.3,25278.3,25266.3,25274.3,124,314,0
2026-08-17 00:30:00,25273.3,25274.3,25251.3,25251.3,130,314,0
2026-08-17 01:15:00,25253.0,25367.4,25253.0,25329.5,1012,71,0
2026-08-17 01:30:00,25327.5,25458.3,25300.7,25432.4,2979,71,0
2026-08-17 01:45:00,25434.4,25471.4,25384.5,25462.4,1366,71,0
2026-08-17 02:00:00,25464.4,25481.4,25437.6,25467.4,891,71,0
2026-08-17 02:15:00,25468.4,25502.4,25433.6,25485.5,652,71,0
2026-08-17 02:30:00,25487.5,25510.4,25479.5,25498.4,525,71,0
2026-08-17 02:45:00,25496.4,25514.4,25483.5,25506.4,419,71,0
2026-08-17 03:00:00,25508.4,25521.4,25502.5,25518.4,342,71,0
2026-08-17 03:15:00,25517.4,25517.4,25471.5,25481.5,307,71,0
2026-08-17 03:30:00,25482.5,25502.4,25473.5,25499.4,229,71,0
2026-08-17 03:45:00,25500.4,25531.3,25498.4,25513.4,249,71,0
2026-08-17 04:00:00,25501.3,25506.3,25501.3,25502.3,87,314,0
2026-08-17 04:15:00,25501.3,25502.3,25493.3,25493.3,54,314,0
2026-08-17 05:00:00,25503.0,25519.4,25474.7,25509.4,637,71,0
2026-08-17 05:15:00,25510.4,25544.4,25510.4,25533.4,318,71,0
2026-08-17 05:30:00,25532.4,25560.4,25529.5,25558.4,299,71,0
2026-08-17 05:45:00,25559.4,25569.4,25542.5,25548.5,298,71,0
2026-08-17 06:00:00,25550.5,25570.4,25542.5,25550.5,297,71,0
2026-08-17 06:15:00,25551.5,25554.4,25505.5,25510.5,260,71,0
2026-08-17 06:30:00,25512.5,25520.4,25492.5,25498.5,296,71,0
2026-08-17 06:45:00,25499.5,25538.5,25498.5,25536.5,262,71,0
2026-08-17 07:00:00,25535.5,25537.5,25481.5,25491.5,366,71,0
2026-08-17 07:15:00,25492.5,25502.4,25479.5,25501.4,224,71,0
2026-08-17 07:30:00,25500.4,25501.4,25486.5,25496.5,189,71,0
2026-08-17 07:45:00,25495.5,25495.5,25459.5,25460.5,244,71,0
2026-08-17 08:00:00,25458.5,25464.5,25417.5,25425.4,280,71,0
2026-08-17 08:15:00,25426.4,25434.4,25416.5,25428.9,207,71,0
2026-08-17 09:15:00,25441.4,25446.4,25431.5,25433.5,139,71,0
2026-08-17 09:30:00,25433.0,25447.0,25429.5,25443.0,131,71,0
2026-08-17 09:45:00,25443.5,25448.5,25432.0,25438.5,125,71,0
2026-08-17 10:00:00,25439.5,25449.5,25434.0,25448.0,126,71,0
2026-08-17 10:15:00,25449.5,25492.1,25442.5,25489.2,233,71,0
2026-08-17 10:30:00,25487.2,25488.7,25453.4,25462.4,258,71,0
2026-08-17 10:45:00,25461.4,25461.4,25441.5,25449.5,134,71,0
2026-08-17 11:00:00,25448.5,25465.4,25446.5,25457.4,143,71,0
2026-08-17 11:15:00,25456.9,25459.4,25444.5,25458.5,106,71,0
2026-08-17 11:30:00,25456.5,25468.4,25453.5,25466.4,142,71,0
2026-08-17 11:45:00,25465.4,25480.4,25465.4,25473.4,151,71,0
2026-08-17 12:00:00,25472.4,25472.4,25453.5,25455.5,182,71,0
2026-08-17 12:15:00,25456.5,25457.5,25418.8,25428.7,222,71,0
2026-08-17 12:30:00,25427.7,25432.1,25409.6,25414.0,217,71,0
2026-08-17 12:45:00,25414.5,25421.5,25406.5,25413.5,187,71,0
2026-08-17 13:00:00,25415.5,25419.5,25407.5,25411.5,179,71,0
2026-08-17 13:15:00,25410.5,25410.5,25394.5,25405.4,161,71,0
2026-08-17 13:30:00,25403.9,25468.2,25371.6,25371.6,895,71,0
2026-08-17 13:45:00,25372.6,25405.4,25360.5,25401.4,507,71,0
2026-08-17 14:00:00,25402.4,25423.4,25385.5,25423.4,398,71,0
2026-08-17 14:15:00,25422.4,25441.3,25411.5,25429.9,370,71,0
2026-08-17 14:30:00,25430.4,25439.9,25407.0,25408.6,319,71,0
2026-08-17 14:45:00,25406.6,25408.5,25383.0,25384.5,308,71,0
2026-08-17 15:00:00,25383.0,25385.6,25365.5,25381.9,305,71,0
2026-08-17 15:15:00,25380.4,25383.4,25360.6,25365.5,236,71,0
2026-08-17 15:30:00,25367.5,25381.5,25355.0,25356.5,282,71,0
2026-08-17 15:45:00,25357.0,25382.9,25354.1,25379.4,169,71,0
2026-08-17 16:00:00,25379.9,25392.4,25372.5,25388.4,210,71,0
2026-08-17 16:15:00,25389.4,25401.5,25388.5,25395.5,172,71,0
2026-08-17 16:30:00,25394.5,25402.9,25392.5,25395.0,123,71,0
2026-08-17 16:45:00,25394.5,25397.5,25384.5,25390.5,123,71,0
2026-08-17 17:00:00,25390.0,25396.5,25380.0,25380.0,192,71,0
2026-08-17 17:15:00,25380.5,25386.5,25355.6,25359.6,221,71,0
2026-08-17 17:30:00,25360.6,25367.5,25341.1,25359.5,209,71,0
2026-08-17 17:45:00,25360.5,25367.4,25339.0,25341.5,170,71,0
2026-08-17 18:00:00,25342.0,25361.4,25337.0,25359.4,211,71,0
2026-08-17 18:15:00,25360.4,25366.4,25353.5,25356.5,160,71,0
2026-08-17 18:30:00,25355.4,25356.5,25345.5,25353.5,146,71,0
2026-08-17 18:45:00,25354.5,25366.4,25349.5,25357.5,133,71,0
2026-08-17 19:00:00,25343.8,25344.3,25339.3,25342.3,63,314,0
2026-08-17 19:15:00,25341.3,25351.3,25341.3,25346.3,77,314,0
2026-08-17 19:30:00,25347.3,25352.3,25343.3,25348.3,79,314,0
2026-08-17 19:45:00,25350.3,25354.3,25337.3,25342.3,114,314,0
2026-08-17 20:00:00,25339.3,25344.3,25316.4,25319.4,96,314,0
2026-08-17 20:15:00,25318.4,25320.4,25315.4,25316.4,38,314,0
2026-08-17 20:30:00,25317.4,25317.4,25311.4,25312.4,41,314,0
2026-08-17 20:45:00,25311.4,25315.4,25309.4,25315.4,64,314,0
2026-08-17 22:00:00,25317.4,25323.4,25313.4,25314.4,73,314,0
2026-08-17 22:15:00,25313.4,25314.4,25307.4,25313.4,81,314,0
2026-08-17 22:30:00,25312.4,25314.4,25311.4,25313.4,36,314,0
2026-08-17 22:45:00,25314.4,25316.4,25313.4,25314.4,28,314,0
2026-08-17 23:00:00,25313.4,25315.4,25308.4,25313.4,48,314,0
2026-08-17 23:15:00,25312.4,25314.4,25309.4,25313.4,34,314,0
2026-08-17 23:30:00,25312.4,25322.4,25312.4,25319.4,54,314,0
2026-08-17 23:45:00,25320.4,25327.3,25310.4,25323.3,186,314,0
2026-08-18 00:00:00,25324.3,25328.3,25314.4,25327.3,255,314,0
2026-08-18 00:15:00,25326.3,25334.3,25321.3,25330.3,165,314,0
2026-08-18 00:30:00,25329.3,25333.3,25325.3,25331.3,143,314,0
2026-08-18 01:15:00,25367.9,25393.4,25289.6,25306.5,779,71,0
2026-08-18 01:30:00,25304.5,25427.3,25254.6,25362.5,2566,71,0
2026-08-18 01:45:00,25360.5,25362.5,25249.5,25259.4,1141,71,0
2026-08-18 02:00:00,25257.4,25267.4,25211.5,25255.5,895,71,0
2026-08-18 02:15:00,25257.5,25313.3,25225.5,25225.5,833,71,0
2026-08-18 02:30:00,25226.6,25269.4,25220.5,25242.5,649,71,0
2026-08-18 02:45:00,25243.5,25304.3,25232.5,25279.5,661,71,0
2026-08-18 03:00:00,25278.5,25292.4,25256.5,25276.5,632,71,0
2026-08-18 03:15:00,25274.5,25281.4,25238.5,25252.4,655,71,0
2026-08-18 03:30:00,25250.4,25271.4,25232.4,25264.4,496,71,0
2026-08-18 03:45:00,25262.4,25270.4,25245.5,25254.0,239,71,0
2026-08-18 04:00:00,25242.8,25243.3,25233.3,25237.3,117,314,0
2026-08-18 04:15:00,25235.3,25242.3,25230.3,25240.3,115,314,0
2026-08-18 05:00:00,25257.4,25268.4,25217.5,25236.4,639,71,0
2026-08-18 05:15:00,25238.4,25301.4,25235.5,25299.4,499,71,0
2026-08-18 05:30:00,25297.4,25356.4,25292.4,25343.4,461,71,0
2026-08-18 05:45:00,25345.4,25443.4,25345.4,25419.4,804,71,0
2026-08-18 06:00:00,25418.4,25424.4,25367.6,25421.4,737,71,0
2026-08-18 06:15:00,25423.4,25439.4,25400.5,25434.4,469,71,0
2026-08-18 06:30:00,25436.4,25463.4,25404.5,25444.3,503,71,0
2026-08-18 06:45:00,25443.3,25478.4,25428.5,25478.4,374,71,0
2026-08-18 07:00:00,25480.4,25487.4,25450.5,25454.5,531,71,0
2026-08-18 07:15:00,25456.5,25463.5,25433.5,25443.5,339,71,0
2026-08-18 07:30:00,25445.5,25483.4,25442.5,25475.4,388,71,0
2026-08-18 07:45:00,25476.4,25486.4,25454.5,25457.5,345,71,0
2026-08-18 08:00:00,25455.5,25459.5,25410.5,25438.4,429,71,0
2026-08-18 08:15:00,25439.4,25455.4,25433.5,25447.4,249,71,0
2026-08-18 09:15:00,25441.0,25444.4,25422.5,25441.5,249,71,0
2026-08-18 09:30:00,25443.0,25461.4,25438.5,25446.5,270,71,0
2026-08-18 09:45:00,25444.5,25464.4,25443.5,25462.9,215,71,0
2026-08-18 10:00:00,25464.4,25467.4,25457.0,25464.5,213,71,0
2026-08-18 10:15:00,25465.0,25469.0,25457.5,25468.5,132,71,0
2026-08-18 10:30:00,25467.0,25467.0,25455.5,25456.5,143,71,0
2026-08-18 10:45:00,25457.5,25461.5,25449.5,25454.5,104,71,0
2026-08-18 11:00:00,25456.5,25463.5,25446.5,25449.5,169,71,0
2026-08-18 11:15:00,25449.0,25461.9,25445.0,25448.0,172,71,0
2026-08-18 11:30:00,25446.5,25459.9,25440.5,25458.4,140,71,0
2026-08-18 11:45:00,25459.4,25467.4,25450.5,25465.4,154,71,0
2026-08-18 12:00:00,25463.4,25501.8,25458.5,25481.4,291,71,0
2026-08-18 12:15:00,25482.4,25507.8,25479.4,25491.5,264,71,0
2026-08-18 12:30:00,25490.5,25493.9,25464.6,25475.0,255,71,0
2026-08-18 12:45:00,25475.5,25483.4,25466.5,25480.5,182,71,0
2026-08-18 13:00:00,25479.5,25481.0,25451.5,25455.5,250,71,0
2026-08-18 13:15:00,25457.5,25457.5,25433.6,25443.5,281,71,0
2026-08-18 13:30:00,25445.5,25533.4,25426.3,25481.6,908,71,0
2026-08-18 13:45:00,25479.6,25483.6,25431.6,25450.4,526,71,0
2026-08-18 14:00:00,25449.4,25471.4,25443.5,25443.5,481,71,0
2026-08-18 14:15:00,25442.5,25471.4,25438.5,25453.5,419,71,0
2026-08-18 14:30:00,25452.5,25464.5,25432.6,25432.6,391,71,0
2026-08-18 14:45:00,25431.6,25449.5,25380.7,25389.6,442,71,0
2026-08-18 15:00:00,25391.1,25401.5,25366.0,25372.5,411,71,0
2026-08-18 15:15:00,25372.0,25384.5,25347.6,25374.4,390,71,0
2026-08-18 15:30:00,25374.9,25380.4,25352.1,25362.5,327,71,0
2026-08-18 15:45:00,25363.5,25393.4,25363.5,25389.4,265,71,0
2026-08-18 16:00:00,25389.9,25390.4,25369.5,25369.5,208,71,0
2026-08-18 16:15:00,25370.5,25382.5,25365.5,25367.5,226,71,0
2026-08-18 16:30:00,25368.5,25381.5,25366.6,25378.5,167,71,0
2026-08-18 16:45:00,25379.5,25387.5,25372.6,25380.5,193,71,0
2026-08-18 17:00:00,25379.0,25387.4,25368.5,25384.4,177,71,0
2026-08-18 17:15:00,25384.9,25384.9,25367.0,25377.5,131,71,0
2026-08-18 17:30:00,25377.0,25379.5,25371.5,25373.5,141,71,0
2026-08-18 17:45:00,25372.5,25375.5,25361.0,25361.0,117,71,0
2026-08-18 18:00:00,25361.5,25369.5,25351.0,25368.5,151,71,0
2026-08-18 18:15:00,25369.0,25380.9,25367.5,25373.5,160,71,0
2026-08-18 18:30:00,25375.5,25388.4,25372.5,25380.5,137,71,0
2026-08-18 18:45:00,25379.5,25381.5,25369.5,25380.5,161,71,0
2026-08-18 19:00:00,25368.8,25374.3,25367.3,25374.3,68,314,0
2026-08-18 19:15:00,25375.3,25384.3,25373.3,25381.3,71,314,0
2026-08-18 19:30:00,25380.3,25383.3,25373.3,25373.3,82,314,0
2026-08-18 19:45:00,25374.3,25382.3,25364.4,25371.4,136,314,0
2026-08-18 20:00:00,25369.4,25372.4,25362.4,25364.4,90,314,0
2026-08-18 20:15:00,25365.4,25365.4,25359.4,25364.4,43,314,0
2026-08-18 20:30:00,25365.4,25368.4,25364.3,25364.4,66,314,0
2026-08-18 20:45:00,25363.4,25364.4,25356.4,25360.4,45,314,0
2026-08-18 22:00:00,25369.3,25371.4,25363.4,25365.4,109,314,0
2026-08-18 22:15:00,25366.4,25376.3,25358.4,25358.4,79,314,0
2026-08-18 22:30:00,25359.4,25361.4,25351.4,25356.4,63,314,0
2026-08-18 22:45:00,25355.4,25355.4,25348.4,25349.4,65,314,0
2026-08-18 23:00:00,25348.4,25361.4,25348.4,25359.4,76,314,0
2026-08-18 23:15:00,25358.4,25369.3,25356.4,25363.3,81,314,0
2026-08-18 23:30:00,25362.3,25368.3,25360.3,25365.3,82,314,0
2026-08-18 23:45:00,25364.3,25371.3,25356.3,25356.3,192,314,0
2026-08-19 00:00:00,25355.3,25355.4,25328.4,25334.3,301,314,0
2026-08-19 00:15:00,25333.3,25363.3,25323.4,25362.3,250,314,0
2026-08-19 00:30:00,25363.3,25383.2,25360.3,25381.2,215,314,0
2026-08-19 01:15:00,25329.0,25329.0,25263.2,25292.5,1000,71,0
2026-08-19 01:30:00,25294.5,25357.4,25260.6,25328.5,2825,71,0
2026-08-19 01:45:00,25330.5,25359.4,25289.5,25356.4,1206,71,0
2026-08-19 02:00:00,25358.4,25401.3,25324.6,25369.5,1053,71,0
2026-08-19 02:15:00,25367.5,25481.4,25358.6,25473.4,991,71,0
2026-08-19 02:30:00,25475.4,25501.4,25416.5,25446.4,871,71,0
2026-08-19 02:45:00,25445.4,25503.4,25428.5,25482.5,666,71,0
2026-08-19 03:00:00,25481.5,25487.4,25439.5,25477.4,639,71,0
2026-08-19 03:15:00,25476.4,25503.4,25455.5,25479.4,556,71,0
2026-08-19 03:30:00,25481.4,25497.4,25459.5,25491.4,393,71,0
2026-08-19 03:45:00,25490.4,25514.9,25482.4,25514.9,285,71,0
2026-08-19 04:00:00,25503.8,25508.3,25496.4,25497.4,102,314,0
2026-08-19 04:15:00,25496.4,25515.3,25493.4,25513.3,145,314,0
2026-08-19 05:00:00,25503.5,25523.4,25433.5,25433.5,827,71,0
2026-08-19 05:15:00,25435.5,25492.3,25387.6,25485.3,699,71,0
2026-08-19 05:30:00,25486.3,25488.3,25436.5,25463.5,606,71,0
2026-08-19 05:45:00,25462.5,25479.4,25452.5,25455.5,410,71,0
2026-08-19 06:00:00,25457.5,25467.5,25415.6,25445.4,539,71,0
2026-08-19 06:15:00,25446.4,25496.4,25442.4,25483.5,494,71,0
2026-08-19 06:30:00,25485.5,25486.5,25443.5,25450.5,453,71,0
2026-08-19 06:45:00,25451.5,25494.4,25449.5,25493.4,379,71,0
2026-08-19 07:00:00,25495.4,25501.4,25457.5,25464.5,403,71,0
2026-08-19 07:15:00,25466.5,25475.4,25439.6,25469.5,351,71,0
2026-08-19 07:30:00,25471.5,25488.4,25469.4,25474.5,260,71,0
2026-08-19 07:45:00,25475.5,25479.5,25461.5,25471.5,250,71,0
2026-08-19 08:00:00,25469.5,25482.4,25460.5,25466.4,315,71,0
2026-08-19 08:15:00,25467.4,25474.4,25451.5,25468.0,196,71,0
2026-08-19 09:15:00,25456.5,25463.4,25444.6,25459.4,176,71,0
2026-08-19 09:30:00,25460.4,25468.4,25444.5,25445.5,149,71,0
2026-08-19 09:45:00,25444.5,25465.9,25440.5,25463.4,135,71,0
2026-08-19 10:00:00,25463.9,25479.4,25451.5,25477.4,174,71,0
2026-08-19 10:15:00,25479.4,25488.4,25463.5,25474.4,216,71,0
2026-08-19 10:30:00,25475.9,25479.5,25471.4,25475.5,157,71,0
2026-08-19 10:45:00,25474.5,25481.5,25460.0,25464.5,115,71,0
2026-08-19 11:00:00,25462.5,25478.4,25462.5,25473.4,158,71,0
2026-08-19 11:15:00,25473.9,25481.4,25469.5,25473.5,150,71,0
2026-08-19 11:30:00,25471.9,25474.4,25454.5,25458.5,128,71,0
2026-08-19 11:45:00,25457.5,25473.5,25457.5,25470.5,118,71,0
2026-08-19 12:00:00,25469.5,25470.4,25456.5,25468.5,158,71,0
2026-08-19 12:15:00,25469.5,25487.4,25469.5,25477.9,161,71,0
2026-08-19 12:30:00,25477.4,25608.4,25472.9,25598.5,831,71,0
2026-08-19 12:45:00,25599.5,25620.4,25586.5,25605.5,542,71,0
2026-08-19 13:00:00,25604.5,25660.9,25604.4,25655.4,416,71,0
2026-08-19 13:15:00,25654.4,25659.4,25637.0,25654.4,361,71,0
2026-08-19 13:30:00,25656.4,25723.8,25647.5,25723.8,1010,71,0
2026-08-19 13:45:00,25721.3,25724.4,25675.5,25693.5,672,71,0
2026-08-19 14:00:00,25692.5,25699.5,25666.2,25673.5,551,71,0
2026-08-19 14:15:00,25672.5,25692.9,25663.1,25684.0,541,71,0
2026-08-19 14:30:00,25683.5,25733.3,25683.5,25717.4,402,71,0
2026-08-19 14:45:00,25719.4,25720.4,25689.5,25701.5,385,71,0
2026-08-19 15:00:00,25700.5,25714.4,25698.5,25712.4,319,71,0
2026-08-19 15:15:00,25712.9,25714.4,25698.5,25709.4,293,71,0
2026-08-19 15:30:00,25710.4,25731.4,25709.4,25726.9,314,71,0
2026-08-19 15:45:00,25726.4,25750.3,25721.5,25732.5,314,71,0
2026-08-19 16:00:00,25730.5,25750.4,25728.5,25749.4,231,71,0
2026-08-19 16:15:00,25750.4,25760.4,25731.5,25733.5,238,71,0
2026-08-19 16:30:00,25732.5,25733.5,25720.0,25723.5,209,71,0
2026-08-19 16:45:00,25724.0,25733.4,25715.0,25716.5,194,71,0
2026-08-19 17:00:00,25717.5,25731.4,25704.0,25707.5,238,71,0
2026-08-19 17:15:00,25708.5,25708.5,25686.0,25692.5,211,71,0
2026-08-19 17:30:00,25693.5,25693.5,25678.5,25680.5,187,71,0
2026-08-19 17:45:00,25681.5,25688.9,25680.5,25681.5,169,71,0
2026-08-19 18:00:00,25683.5,25709.9,25679.5,25699.4,348,71,0
2026-08-19 18:15:00,25698.4,25699.4,25671.5,25679.5,210,71,0
2026-08-19 18:30:00,25681.5,25706.4,25679.5,25703.4,201,71,0
2026-08-19 18:45:00,25702.5,25711.4,25696.5,25702.9,229,71,0
2026-08-19 19:00:00,25690.3,25704.2,25688.3,25701.2,96,314,0
2026-08-19 19:15:00,25702.2,25707.3,25696.3,25700.3,100,314,0
2026-08-19 19:30:00,25702.3,25704.3,25690.3,25693.3,128,314,0
2026-08-19 19:45:00,25694.3,25695.3,25679.3,25694.3,148,314,0
2026-08-19 20:00:00,25696.3,25703.2,25694.3,25697.3,91,314,0
2026-08-19 20:15:00,25695.3,25702.3,25693.3,25702.3,60,314,0
2026-08-19 20:30:00,25703.3,25705.3,25700.3,25705.3,40,314,0
2026-08-19 20:45:00,25704.3,25714.3,25704.3,25714.3,40,314,0
2026-08-19 22:00:00,25706.3,25732.2,25700.3,25728.1,157,314,0
2026-08-19 22:15:00,25727.1,25727.2,25720.2,25723.2,65,314,0
2026-08-19 22:30:00,25722.2,25731.2,25721.2,25728.2,70,314,0
2026-08-19 22:45:00,25729.2,25733.2,25727.2,25732.2,55,314,0
2026-08-19 23:00:00,25731.2,25742.2,25727.2,25737.2,142,314,0
2026-08-19 23:15:00,25738.2,25740.3,25729.3,25731.4,37,314,0
2026-08-19 23:30:00,25732.4,25733.3,25725.4,25732.3,72,314,0
2026-08-19 23:45:00,25730.3,25732.4,25716.4,25716.4,196,314,0
2026-08-20 00:00:00,25713.4,25718.4,25697.5,25718.4,304,314,0
2026-08-20 00:15:00,25717.4,25734.3,25717.4,25718.3,232,314,0
2026-08-20 00:30:00,25719.3,25723.3,25705.3,25709.4,209,314,0
2026-08-20 01:15:00,25718.5,25818.3,25713.4,25781.6,1037,71,0
2026-08-20 01:30:00,25779.6,25801.1,25674.6,25756.5,2571,71,0
2026-08-20 01:45:00,25758.5,25793.4,25707.6,25765.5,1288,71,0
2026-08-20 02:00:00,25766.5,25775.4,25669.6,25690.4,1176,71,0
2026-08-20 02:15:00,25688.4,25699.4,25623.5,25625.5,815,71,0
2026-08-20 02:30:00,25623.5,25653.4,25603.5,25630.5,620,71,0
2026-08-20 02:45:00,25628.5,25676.4,25624.5,25655.4,535,71,0
2026-08-20 03:00:00,25653.4,25669.4,25638.5,25662.4,426,71,0
2026-08-20 03:15:00,25663.4,25704.3,25649.5,25693.4,412,71,0
2026-08-20 03:30:00,25695.4,25779.4,25692.4,25742.5,644,71,0
2026-08-20 03:45:00,25741.5,25773.4,25739.5,25765.4,317,71,0
2026-08-20 04:00:00,25752.3,25765.3,25751.3,25763.3,113,314,0
2026-08-20 04:15:00,25762.3,25764.3,25757.3,25760.3,105,314,0
2026-08-20 05:00:00,25774.9,25828.4,25746.0,25790.5,823,71,0
2026-08-20 05:15:00,25791.5,25834.4,25781.5,25828.5,527,71,0
2026-08-20 05:30:00,25827.5,25832.4,25775.5,25806.4,499,71,0
2026-08-20 05:45:00,25805.4,25807.4,25772.5,25779.5,382,71,0
2026-08-20 06:00:00,25780.5,25802.4,25764.5,25793.4,501,71,0
2026-08-20 06:15:00,25794.4,25818.4,25790.4,25808.4,386,71,0
2026-08-20 06:30:00,25806.4,25832.4,25799.5,25827.5,363,71,0
2026-08-20 06:45:00,25826.5,25838.4,25803.5,25816.5,296,71,0
2026-08-20 07:00:00,25815.5,25815.5,25765.5,25773.5,431,71,0
2026-08-20 07:15:00,25771.5,25774.5,25743.5,25749.5,311,71,0
2026-08-20 07:30:00,25747.5,25768.4,25725.5,25750.5,361,71,0
2026-08-20 07:45:00,25748.5,25753.4,25726.5,25728.5,351,71,0
2026-08-20 08:00:00,25726.5,25726.5,25694.5,25708.4,357,71,0
2026-08-20 08:15:00,25710.4,25731.3,25691.5,25701.0,271,71,0
2026-08-20 09:15:00,25694.5,25731.3,25694.5,25729.3,258,71,0
2026-08-20 09:30:00,25728.3,25728.4,25625.6,25649.5,984,71,0
2026-08-20 09:45:00,25648.5,25659.4,25626.6,25645.5,367,71,0
2026-08-20 10:00:00,25643.5,25732.3,25633.5,25719.5,588,71,0
2026-08-20 10:15:00,25718.4,25725.4,25673.1,25692.5,342,71,0
2026-08-20 10:30:00,25691.5,25715.3,25687.4,25697.4,270,71,0
2026-08-20 10:45:00,25696.4,25702.9,25682.5,25702.4,219,71,0
2026-08-20 11:00:00,25700.4,25704.4,25652.6,25660.5,350,71,0
2026-08-20 11:15:00,25658.5,25663.5,25644.5,25646.5,251,71,0
2026-08-20 11:30:00,25644.5,25656.5,25631.0,25634.5,305,71,0
2026-08-20 11:45:00,25635.5,25635.5,25619.5,25628.5,317,71,0
2026-08-20 12:00:00,25629.5,25629.5,25571.0,25579.5,511,71,0
2026-08-20 12:15:00,25578.0,25597.4,25569.6,25576.4,365,71,0
2026-08-20 12:30:00,25574.4,25580.4,25546.5,25573.4,454,71,0
2026-08-20 12:45:00,25573.0,25603.4,25570.5,25596.4,357,71,0
2026-08-20 13:00:00,25595.9,25614.4,25591.5,25597.5,349,71,0
2026-08-20 13:15:00,25598.0,25623.4,25588.0,25618.4,411,71,0
2026-08-20 13:30:00,25619.4,25658.3,25582.5,25632.6,1336,71,0
2026-08-20 13:45:00,25634.6,25668.7,25606.5,25614.5,722,71,0
2026-08-20 14:00:00,25619.5,25640.3,25569.6,25577.5,653,71,0
2026-08-20 14:15:00,25579.5,25653.9,25567.5,25617.5,638,71,0
2026-08-20 14:30:00,25616.5,25616.5,25576.0,25584.5,513,71,0
2026-08-20 14:45:00,25584.0,25696.2,25581.5,25680.3,561,71,0
2026-08-20 15:00:00,25682.4,25727.8,25659.5,25697.4,690,71,0
2026-08-20 15:15:00,25696.4,25703.4,25658.0,25689.4,527,71,0
2026-08-20 15:30:00,25690.4,25690.4,25641.5,25642.5,464,71,0
2026-08-20 15:45:00,25643.5,25708.4,25640.6,25691.5,484,71,0
2026-08-20 16:00:00,25692.5,25706.4,25684.5,25697.4,398,71,0
2026-08-20 16:15:00,25695.9,25703.4,25682.5,25701.5,302,71,0
2026-08-20 16:30:00,25700.5,25714.4,25691.5,25707.4,290,71,0
2026-08-20 16:45:00,25706.4,25720.4,25698.0,25703.0,269,71,0
2026-08-20 17:00:00,25702.5,25703.4,25683.1,25694.4,305,71,0
2026-08-20 17:15:00,25693.5,25695.4,25676.5,25695.4,260,71,0
2026-08-20 17:30:00,25694.9,25696.4,25667.0,25679.5,263,71,0
2026-08-20 17:45:00,25679.0,25700.4,25677.5,25698.4,201,71,0
2026-08-20 18:00:00,25697.4,25707.4,25678.0,25682.5,272,71,0
2026-08-20 18:15:00,25683.5,25708.4,25670.6,25705.4,232,71,0
2026-08-20 18:30:00,25706.9,25708.4,25688.5,25699.5,218,71,0
2026-08-20 18:45:00,25697.5,25709.9,25693.5,25697.0,197,71,0
2026-08-20 19:00:00,25683.3,25695.3,25681.3,25695.3,103,314,0
2026-08-20 19:15:00,25696.3,25700.3,25689.3,25694.3,93,314,0
2026-08-20 19:30:00,25696.3,25700.3,25687.4,25688.4,114,314,0
2026-08-20 19:45:00,25687.4,25707.3,25685.4,25703.4,153,314,0
2026-08-20 20:00:00,25705.4,25709.3,25695.3,25696.3,120,314,0
2026-08-20 20:15:00,25695.3,25703.3,25689.3,25699.3,71,314,0
2026-08-20 20:30:00,25700.3,25705.3,25699.3,25703.3,55,314,0
2026-08-20 20:45:00,25704.3,25704.3,25700.3,25702.3,47,314,0
2026-08-20 22:00:00,25705.3,25714.5,25692.4,25695.3,134,314,0
2026-08-20 22:15:00,25696.3,25703.3,25695.3,25700.3,77,314,0
2026-08-20 22:30:00,25699.3,25705.3,25697.3,25705.3,63,314,0
2026-08-20 22:45:00,25704.3,25712.3,25704.3,25712.3,43,314,0
2026-08-20 23:00:00,25713.3,25713.3,25709.3,25710.3,47,314,0
2026-08-20 23:15:00,25709.3,25713.3,25708.3,25710.4,38,314,0
2026-08-20 23:30:00,25708.4,25712.3,25704.4,25711.3,85,314,0
2026-08-20 23:45:00,25710.3,25718.3,25698.4,25712.3,199,314,0
2026-08-21 00:00:00,25707.3,25747.3,25707.3,25747.3,274,314,0
2026-08-21 00:15:00,25746.3,25746.3,25715.4,25718.4,239,314,0
2026-08-21 00:30:00,25719.4,25729.3,25712.4,25726.3,192,314,0
2026-08-21 01:15:00,25681.0,25833.3,25677.0,25793.4,1288,71,0
2026-08-21 01:30:00,25791.4,25893.2,25786.4,25832.5,2987,71,0
2026-08-21 01:45:00,25834.5,25916.4,25810.5,25870.5,1487,71,0
2026-08-21 02:00:00,25871.5,25907.3,25808.5,25830.4,1126,71,0
2026-08-21 02:15:00,25828.4,25883.4,25809.5,25872.4,959,71,0
2026-08-21 02:30:00,25874.4,25901.3,25820.4,25827.4,887,71,0
2026-08-21 02:45:00,25826.4,25887.4,25817.4,25874.4,786,71,0
2026-08-21 03:00:00,25876.4,25893.4,25854.5,25859.5,531,71,0
2026-08-21 03:15:00,25857.5,25908.4,25849.5,25866.5,498,71,0
2026-08-21 03:30:00,25868.5,25889.4,25851.5,25888.4,443,71,0
2026-08-21 03:45:00,25887.4,25899.4,25877.4,25884.5,332,71,0
2026-08-21 04:00:00,25872.8,25877.3,25869.3,25876.3,127,314,0
2026-08-21 04:15:00,25875.3,25877.3,25862.4,25864.4,110,314,0
2026-08-21 05:00:00,25892.4,25893.9,25836.6,25878.4,874,71,0
2026-08-21 05:15:00,25877.4,25894.4,25858.5,25890.4,524,71,0
2026-08-21 05:30:00,25891.5,25905.4,25882.5,25903.4,374,71,0
2026-08-21 05:45:00,25901.4,25903.4,25885.4,25902.4,306,71,0
2026-08-21 06:00:00,25900.4,25922.4,25895.4,25908.5,405,71,0
2026-08-21 06:15:00,25909.5,25960.4,25907.5,25952.4,331,71,0
2026-08-21 06:30:00,25954.4,25969.4,25942.5,25959.4,356,71,0
2026-08-21 06:45:00,25958.4,25968.4,25941.5,25955.5,329,71,0
2026-08-21 07:00:00,25953.5,25972.5,25946.5,25967.4,351,71,0
2026-08-21 07:15:00,25968.4,25972.5,25949.5,25953.5,262,71,0
2026-08-21 07:30:00,25952.5,25978.4,25943.5,25975.4,270,71,0
2026-08-21 07:45:00,25973.4,26005.4,25965.5,26003.4,308,71,0
2026-08-21 08:00:00,26004.4,26013.4,25995.4,26007.4,327,71,0
2026-08-21 08:15:00,26005.4,26031.3,26002.4,26027.4,214,71,0
2026-08-21 09:15:00,26052.9,26055.7,26020.6,26023.5,263,71,0
2026-08-21 09:30:00,26025.0,26029.5,26017.0,26020.0,210,71,0
2026-08-21 09:45:00,26020.5,26032.9,26015.0,26015.5,170,71,0
2026-08-21 10:00:00,26014.5,26030.4,26010.5,26011.5,185,71,0
2026-08-21 10:15:00,26012.0,26021.9,26005.5,26010.5,146,71,0
2026-08-21 10:30:00,26011.5,26019.4,26009.5,26011.5,140,71,0
2026-08-21 10:45:00,26012.5,26017.5,26005.5,26008.5,127,71,0
2026-08-21 11:00:00,26010.5,26015.5,25997.5,26001.5,224,71,0
2026-08-21 11:15:00,26003.5,26042.3,26003.5,26024.4,333,71,0
2026-08-21 11:30:00,26023.4,26024.4,25993.5,25998.5,266,71,0
2026-08-21 11:45:00,26000.0,26003.5,25990.0,25997.5,173,71,0
2026-08-21 12:00:00,25998.5,26018.4,25996.5,26010.5,231,71,0
2026-08-21 12:15:00,26009.5,26016.5,26001.0,26007.5,198,71,0
2026-08-21 12:30:00,26006.5,26007.5,25989.0,26006.5,244,71,0
2026-08-21 12:45:00,26005.5,26015.4,26000.0,26009.5,154,71,0
2026-08-21 13:00:00,26010.0,26015.5,25989.5,26004.4,238,71,0
2026-08-21 13:15:00,26006.4,26047.3,26002.0,26039.4,293,71,0
2026-08-21 13:30:00,26042.4,26051.3,25933.1,25948.5,1239,71,0
2026-08-21 13:45:00,25946.5,25974.4,25933.5,25946.5,642,71,0
2026-08-21 14:00:00,25948.5,25948.5,25915.1,25920.5,489,71,0
2026-08-21 14:15:00,25921.5,25922.5,25902.0,25914.4,402,71,0
2026-08-21 14:30:00,25913.4,25925.4,25898.9,25908.4,342,71,0
2026-08-21 14:45:00,25909.4,25921.4,25899.5,25916.5,386,71,0
2026-08-21 15:00:00,25917.0,25948.4,25912.5,25924.5,396,71,0
2026-08-21 15:15:00,25923.5,25940.4,25920.5,25931.5,295,71,0
2026-08-21 15:30:00,25930.5,25962.9,25920.0,25959.4,317,71,0
2026-08-21 15:45:00,25960.4,25970.9,25941.0,25943.5,291,71,0
2026-08-21 16:00:00,25944.5,25952.5,25933.1,25937.5,256,71,0
2026-08-21 16:15:00,25936.5,25957.3,25924.5,25931.4,314,71,0
2026-08-21 16:30:00,25932.4,25934.4,25920.5,25924.5,191,71,0
2026-08-21 16:45:00,25923.5,25926.5,25913.6,25923.5,140,71,0
2026-08-21 17:00:00,25924.5,25924.5,25913.5,25914.5,143,71,0
2026-08-21 17:15:00,25915.5,25915.5,25886.1,25893.5,183,71,0
2026-08-21 17:30:00,25894.5,25897.5,25888.0,25892.5,153,71,0
2026-08-21 17:45:00,25893.5,25900.5,25890.5,25895.5,165,71,0
2026-08-21 18:00:00,25896.0,25901.4,25891.0,25894.4,137,71,0
2026-08-21 18:15:00,25895.4,25903.9,25894.4,25898.5,138,71,0
2026-08-21 18:30:00,25897.5,25899.5,25888.5,25892.5,132,71,0
2026-08-21 18:45:00,25893.5,25901.4,25890.0,25899.9,121,71,0
2026-08-21 19:00:00,25887.3,25891.3,25882.3,25885.3,74,314,0
2026-08-21 19:15:00,25884.3,25888.3,25883.3,25883.3,54,314,0
2026-08-21 19:30:00,25885.3,25893.3,25881.3,25893.3,81,314,0
2026-08-21 19:45:00,25892.3,25897.3,25873.3,25876.4,147,314,0
2026-08-23 22:00:00,25876.3,25883.3,25870.3,25880.3,138,314,0
2026-08-23 22:15:00,25879.3,25882.3,25873.3,25881.3,60,314,0
2026-08-23 22:30:00,25880.3,25898.3,25880.3,25898.3,77,314,0
2026-08-23 22:45:00,25899.3,25910.2,25898.3,25910.2,60,314,0
2026-08-23 23:00:00,25909.2,25910.3,25902.3,25902.3,54,314,0
2026-08-23 23:15:00,25901.3,25919.3,25901.3,25918.3,65,314,0
2026-08-23 23:30:00,25919.3,25925.2,25914.3,25915.3,74,314,0
2026-08-23 23:45:00,25917.3,25951.2,25912.3,25949.2,173,314,0
2026-08-24 00:00:00,25951.2,25951.2,25929.3,25931.3,328,314,0
2026-08-24 00:15:00,25932.3,25932.3,25895.3,25905.3,292,314,0
2026-08-24 00:30:00,25907.3,25911.3,25890.3,25890.3,234,314,0
2026-08-24 01:15:00,25835.7,25849.9,25689.6,25711.5,704,71,0
2026-08-24 01:30:00,25719.5,25733.6,25540.5,25542.5,1390,71,0
2026-08-24 01:45:00,25540.5,25540.5,25445.5,25453.5,1184,71,0
2026-08-24 02:00:00,25455.5,25467.4,25413.5,25444.4,904,71,0
2026-08-24 02:15:00,25446.4,25527.4,25440.4,25507.4,905,71,0
2026-08-24 02:30:00,25505.4,25507.4,25469.5,25494.4,803,71,0
2026-08-24 02:45:00,25495.4,25496.4,25451.5,25474.4,603,71,0
2026-08-24 03:00:00,25472.4,25472.4,25426.5,25441.4,467,71,0
2026-08-24 03:15:00,25439.4,25453.4,25436.5,25441.4,465,71,0
2026-08-24 03:30:00,25443.4,25468.4,25427.5,25433.5,401,71,0
2026-08-24 03:45:00,25434.5,25457.4,25433.5,25446.4,243,71,0
2026-08-24 04:00:00,25434.2,25442.2,25434.2,25442.2,107,314,0
2026-08-24 04:15:00,25444.3,25444.3,25431.3,25440.3,134,314,0
2026-08-24 05:00:00,25443.5,25485.4,25440.4,25482.4,706,71,0
2026-08-24 05:15:00,25481.4,25490.4,25460.5,25482.4,464,71,0
2026-08-24 05:30:00,25480.4,25484.4,25448.5,25461.5,423,71,0
2026-08-24 05:45:00,25459.5,25464.5,25441.5,25455.4,355,71,0
2026-08-24 06:00:00,25453.4,25488.4,25448.5,25482.4,438,71,0
2026-08-24 06:15:00,25480.4,25499.4,25469.5,25483.5,345,71,0
2026-08-24 06:30:00,25485.5,25521.3,25480.4,25514.4,350,71,0
2026-08-24 06:45:00,25516.4,25539.4,25516.4,25523.4,302,71,0
2026-08-24 07:00:00,25524.4,25542.4,25505.5,25506.5,361,71,0
2026-08-24 07:15:00,25505.5,25507.5,25473.5,25473.5,246,71,0
2026-08-24 07:30:00,25475.5,25489.4,25468.5,25475.5,270,71,0
2026-08-24 07:45:00,25476.5,25494.4,25467.5,25470.5,322,71,0
2026-08-24 08:00:00,25472.5,25500.2,25467.4,25487.4,437,71,0
2026-08-24 08:15:00,25486.4,25487.4,25455.5,25469.5,321,71,0
2026-08-24 09:15:00,25486.4,25488.4,25470.5,25477.5,259,71,0
2026-08-24 09:30:00,25476.5,25491.9,25476.5,25491.9,202,71,0
2026-08-24 09:45:00,25493.4,25520.3,25490.4,25520.3,245,71,0
2026-08-24 10:00:00,25521.3,25537.3,25519.3,25527.4,301,71,0
2026-08-24 10:15:00,25528.4,25531.9,25520.4,25521.5,194,71,0
2026-08-24 10:30:00,25519.5,25531.4,25508.5,25512.5,250,71,0
2026-08-24 10:45:00,25514.5,25518.4,25507.5,25517.4,194,71,0
2026-08-24 11:00:00,25515.4,25515.5,25495.5,25503.5,252,71,0
2026-08-24 11:15:00,25502.5,25519.9,25496.0,25511.4,184,71,0
2026-08-24 11:30:00,25512.4,25555.3,25510.4,25533.5,429,71,0
2026-08-24 11:45:00,25534.5,25534.5,25510.5,25514.5,254,71,0
2026-08-24 12:00:00,25513.0,25516.5,25498.5,25509.5,229,71,0
2026-08-24 12:15:00,25510.0,25526.4,25507.5,25523.4,235,71,0
2026-08-24 12:30:00,25524.9,25550.3,25481.6,25534.5,523,71,0
2026-08-24 12:45:00,25536.5,25543.4,25526.5,25533.4,242,71,0
2026-08-24 13:00:00,25534.9,25549.4,25532.4,25543.4,271,71,0
2026-08-24 13:15:00,25544.4,25566.9,25534.0,25534.0,272,71,0
2026-08-24 13:30:00,25534.5,25606.4,25523.6,25592.4,1082,71,0
2026-08-24 13:45:00,25589.4,25600.3,25570.4,25583.4,607,71,0
2026-08-24 14:00:00,25585.4,25603.4,25572.1,25595.4,519,71,0
2026-08-24 14:15:00,25596.4,25615.9,25594.4,25611.4,397,71,0
2026-08-24 14:30:00,25610.9,25634.3,25607.4,25632.4,416,71,0
2026-08-24 14:45:00,25631.4,25638.4,25620.4,25631.4,361,71,0
2026-08-24 15:00:00,25632.4,25634.4,25599.6,25608.5,302,71,0
2026-08-24 15:15:00,25609.5,25651.4,25591.6,25623.7,394,71,0
2026-08-24 15:30:00,25624.8,25652.2,25613.8,25615.5,357,71,0
2026-08-24 15:45:00,25614.5,25625.5,25604.0,25622.4,322,71,0
2026-08-24 16:00:00,25621.9,25652.2,25621.4,25633.4,376,71,0
2026-08-24 16:15:00,25634.4,25647.4,25631.4,25633.4,255,71,0
2026-08-24 16:30:00,25634.4,25638.9,25623.4,25624.4,259,71,0
2026-08-24 16:45:00,25625.4,25633.4,25621.5,25626.5,172,71,0
2026-08-24 17:00:00,25625.5,25669.4,25622.5,25651.4,301,71,0
2026-08-24 17:15:00,25650.4,25660.4,25627.5,25633.5,302,71,0
2026-08-24 17:30:00,25632.5,25640.5,25623.5,25623.5,185,71,0
2026-08-24 17:45:00,25622.5,25622.5,25604.5,25607.9,212,71,0
2026-08-24 18:00:00,25607.5,25609.5,25587.6,25597.5,220,71,0
2026-08-24 18:15:00,25598.5,25615.5,25593.5,25614.5,181,71,0
2026-08-24 18:30:00,25615.5,25620.9,25607.5,25619.4,189,71,0
2026-08-24 18:45:00,25620.4,25624.4,25606.9,25611.9,199,71,0
2026-08-24 19:00:00,25599.3,25602.3,25595.3,25601.3,97,314,0
2026-08-24 19:15:00,25602.3,25603.3,25597.3,25597.3,77,314,0
2026-08-24 19:30:00,25598.3,25602.3,25589.3,25591.3,99,314,0
2026-08-24 19:45:00,25590.3,25604.3,25586.3,25598.3,143,314,0
2026-08-24 20:00:00,25599.3,25603.3,25596.3,25601.3,88,314,0
2026-08-24 20:15:00,25600.3,25601.3,25591.3,25592.3,47,314,0
2026-08-24 20:30:00,25593.3,25601.3,25593.3,25600.3,28,314,0
2026-08-24 20:45:00,25601.3,25606.3,25596.3,25603.3,47,314,0
2026-08-24 22:00:00,25583.4,25604.3,25580.4,25598.3,97,314,0
2026-08-24 22:15:00,25599.3,25599.3,25594.3,25596.3,51,314,0
2026-08-24 22:30:00,25595.3,25597.3,25594.3,25597.3,31,314,0
2026-08-24 22:45:00,25596.3,25601.3,25595.3,25601.3,29,314,0
2026-08-24 23:00:00,25600.3,25601.4,25598.3,25599.4,19,314,0
2026-08-24 23:15:00,25600.4,25600.4,25591.4,25592.4,36,314,0
2026-08-24 23:30:00,25591.4,25591.4,25576.5,25580.5,73,314,0
2026-08-24 23:45:00,25579.5,25583.4,25574.4,25580.4,162,314,0
2026-08-25 00:00:00,25579.4,25589.3,25559.1,25565.3,289,314,0
2026-08-25 00:15:00,25564.3,25597.3,25562.4,25595.3,270,314,0
2026-08-25 00:30:00,25596.3,25603.3,25589.3,25603.3,238,314,0
2026-08-25 01:15:00,25593.5,25646.4,25554.8,25639.4,953,71,0
2026-08-25 01:30:00,25638.4,25661.5,25480.5,25488.5,1970,71,0
2026-08-25 01:45:00,25490.5,25526.4,25449.5,25454.5,981,71,0
2026-08-25 02:00:00,25456.5,25468.4,25385.6,25461.4,776,71,0
2026-08-25 02:15:00,25462.4,25496.4,25434.5,25450.4,926,71,0
2026-08-25 02:30:00,25448.4,25481.3,25440.5,25455.5,651,71,0
2026-08-25 02:45:00,25454.5,25462.4,25411.5,25422.5,501,71,0
2026-08-25 03:00:00,25424.5,25479.4,25414.4,25473.4,556,71,0
2026-08-25 03:15:00,25474.4,25483.4,25416.5,25423.5,466,71,0
2026-08-25 03:30:00,25422.5,25437.4,25408.5,25434.4,346,71,0
2026-08-25 03:45:00,25436.4,25453.4,25424.4,25445.4,286,71,0
2026-08-25 04:00:00,25433.3,25455.2,25431.3,25455.2,119,314,0
2026-08-25 04:15:00,25454.2,25456.2,25445.3,25446.3,115,314,0
2026-08-25 05:00:00,25437.6,25448.0,25409.5,25440.4,688,71,0
2026-08-25 05:15:00,25441.4,25477.4,25440.4,25469.4,447,71,0
2026-08-25 05:30:00,25471.4,25477.4,25443.5,25457.5,410,71,0
2026-08-25 05:45:00,25459.5,25494.4,25458.5,25490.4,281,71,0
2026-08-25 06:00:00,25492.4,25509.4,25464.5,25469.5,351,71,0
2026-08-25 06:15:00,25467.5,25518.4,25467.5,25513.5,317,71,0
2026-08-25 06:30:00,25511.4,25518.4,25500.4,25512.4,302,71,0
2026-08-25 06:45:00,25510.4,25524.4,25497.5,25504.5,257,71,0
2026-08-25 07:00:00,25505.5,25526.4,25492.5,25496.5,312,71,0
2026-08-25 07:15:00,25497.5,25508.4,25483.5,25499.4,268,71,0
2026-08-25 07:30:00,25501.4,25518.4,25493.4,25512.4,251,71,0
2026-08-25 07:45:00,25511.4,25512.4,25475.5,25484.5,237,71,0
2026-08-25 08:00:00,25482.5,25501.4,25462.5,25464.5,296,71,0
2026-08-25 08:15:00,25466.5,25542.2,25464.5,25528.4,437,71,0
2026-08-25 09:15:00,25548.4,25557.9,25541.5,25556.4,232,71,0
2026-08-25 09:30:00,25556.9,25585.5,25545.5,25571.5,429,71,0
2026-08-25 09:45:00,25572.5,25596.7,25572.5,25582.4,297,71,0
2026-08-25 10:00:00,25581.4,25581.4,25566.4,25575.4,204,71,0
2026-08-25 10:15:00,25573.4,25575.4,25563.5,25564.5,158,71,0
2026-08-25 10:30:00,25565.0,25575.4,25563.5,25568.5,164,71,0
2026-08-25 10:45:00,25569.0,25617.4,25568.0,25607.5,445,71,0
2026-08-25 11:00:00,25605.5,25607.5,25566.7,25585.5,239,71,0
2026-08-25 11:15:00,25583.5,25591.5,25577.5,25585.5,164,71,0
2026-08-25 11:30:00,25586.5,25596.5,25578.5,25583.5,182,71,0
2026-08-25 11:45:00,25584.5,25597.5,25584.5,25593.4,183,71,0
2026-08-25 12:00:00,25592.4,25593.5,25555.6,25566.5,246,71,0
2026-08-25 12:15:00,25567.0,25576.5,25554.1,25555.6,212,71,0
2026-08-25 12:30:00,25555.1,25560.5,25542.5,25548.5,187,71,0
2026-08-25 12:45:00,25549.5,25555.4,25539.5,25541.5,148,71,0
2026-08-25 13:00:00,25540.5,25542.5,25521.5,25532.5,298,71,0
2026-08-25 13:15:00,25531.5,25534.0,25517.0,25523.0,238,71,0
2026-08-25 13:30:00,25521.5,25555.3,25508.6,25550.4,861,71,0
2026-08-25 13:45:00,25551.4,25565.4,25511.6,25535.4,490,71,0
2026-08-25 14:00:00,25537.4,25625.4,25535.4,25625.3,573,71,0
2026-08-25 14:15:00,25623.9,25643.3,25608.5,25629.4,432,71,0
2026-08-25 14:30:00,25628.4,25639.5,25590.1,25613.5,408,71,0
2026-08-25 14:45:00,25611.5,25618.0,25585.1,25585.1,331,71,0
2026-08-25 15:00:00,25586.6,25611.5,25578.6,25600.5,318,71,0
2026-08-25 15:15:00,25601.0,25610.4,25587.5,25603.4,290,71,0
2026-08-25 15:30:00,25604.4,25639.3,25604.4,25619.4,356,71,0
2026-08-25 15:45:00,25618.4,25638.3,25615.4,25637.3,248,71,0
2026-08-25 16:00:00,25636.3,25638.4,25624.4,25625.4,208,71,0
2026-08-25 16:15:00,25624.0,25626.4,25610.5,25613.5,155,71,0
2026-08-25 16:30:00,25615.5,25628.4,25614.5,25620.5,147,71,0
2026-08-25 16:45:00,25619.0,25639.9,25614.5,25633.4,181,71,0
2026-08-25 17:00:00,25634.4,25634.4,25608.6,25615.5,188,71,0
2026-08-25 17:15:00,25616.5,25624.5,25613.5,25618.5,138,71,0
2026-08-25 17:30:00,25620.5,25635.4,25615.5,25634.5,166,71,0
2026-08-25 17:45:00,25634.9,25650.9,25634.4,25649.4,134,71,0
2026-08-25 18:00:00,25650.4,25651.4,25634.5,25637.9,125,71,0
2026-08-25 18:15:00,25638.4,25642.4,25632.5,25640.4,108,71,0
2026-08-25 18:30:00,25641.4,25653.4,25641.4,25652.4,123,71,0
2026-08-25 18:45:00,25652.9,25656.4,25625.7,25630.7,168,71,0
2026-08-25 19:00:00,25618.5,25620.5,25611.5,25612.5,81,314,0
2026-08-25 19:15:00,25611.5,25614.5,25608.5,25612.5,57,314,0
2026-08-25 19:30:00,25613.5,25616.4,25607.5,25611.4,87,314,0
2026-08-25 19:45:00,25610.4,25629.3,25607.5,25621.4,119,314,0
2026-08-25 20:00:00,25622.4,25626.3,25616.4,25622.3,92,314,0
2026-08-25 20:15:00,25623.3,25630.3,25622.3,25627.3,50,314,0
2026-08-25 20:30:00,25628.3,25630.3,25625.3,25625.3,32,314,0
2026-08-25 20:45:00,25624.3,25625.4,25619.4,25619.4,50,314,0
2026-08-25 22:00:00,25628.4,25640.5,25626.3,25633.3,84,314,0
2026-08-25 22:15:00,25634.3,25635.3,25629.3,25635.3,41,314,0
2026-08-25 22:30:00,25636.3,25673.3,25635.3,25668.4,45,314,0
2026-08-25 22:45:00,25667.4,25668.4,25664.4,25664.4,31,314,0
2026-08-25 23:00:00,25665.4,25666.4,25661.5,25662.5,33,314,0
2026-08-25 23:15:00,25663.5,25663.5,25651.5,25651.5,39,314,0
2026-08-25 23:30:00,25652.5,25653.5,25642.6,25644.6,80,314,0
2026-08-25 23:45:00,25643.6,25658.4,25642.5,25652.4,149,314,0
2026-08-26 00:00:00,25650.4,25656.4,25641.5,25645.4,261,314,0
2026-08-26 00:15:00,25646.4,25656.3,25634.4,25636.4,205,314,0
2026-08-26 00:30:00,25638.4,25641.3,25626.3,25633.3,211,314,0
2026-08-26 01:15:00,25626.9,25687.2,25612.8,25648.5,1041,71,0
2026-08-26 01:30:00,25646.5,25779.4,25615.5,25761.4,2082,71,0
2026-08-26 01:45:00,25762.4,25781.4,25722.5,25774.4,1027,71,0
2026-08-26 02:00:00,25776.4,25801.4,25723.6,25733.5,867,71,0
2026-08-26 02:15:00,25735.5,25776.4,25722.5,25747.4,734,71,0
2026-08-26 02:30:00,25745.4,25774.4,25735.4,25749.5,564,71,0
2026-08-26 02:45:00,25751.5,25752.5,25713.5,25748.4,495,71,0
2026-08-26 03:00:00,25749.4,25754.4,25712.5,25714.5,418,71,0
2026-08-26 03:15:00,25713.5,25720.4,25690.5,25694.5,369,71,0
2026-08-26 03:30:00,25693.5,25700.4,25669.5,25681.5,326,71,0
2026-08-26 03:45:00,25683.5,25697.4,25679.5,25687.9,253,71,0
2026-08-26 04:00:00,25675.3,25677.3,25667.3,25670.3,100,314,0
2026-08-26 04:15:00,25669.3,25675.3,25668.3,25672.3,71,314,0
2026-08-26 05:00:00,25682.0,25686.4,25642.5,25657.4,623,71,0
2026-08-26 05:15:00,25656.4,25679.4,25645.4,25675.4,341,71,0
2026-08-26 05:30:00,25677.4,25700.4,25675.4,25697.4,409,71,0
2026-08-26 05:45:00,25696.4,25728.4,25692.4,25728.4,305,71,0
2026-08-26 06:00:00,25730.4,25733.4,25705.5,25718.5,371,71,0
2026-08-26 06:15:00,25716.5,25734.4,25712.5,25715.5,281,71,0
2026-08-26 06:30:00,25714.5,25730.4,25703.5,25720.4,304,71,0
2026-08-26 06:45:00,25718.4,25725.4,25702.5,25718.4,240,71,0
2026-08-26 07:00:00,25716.4,25724.4,25694.5,25698.4,344,71,0
2026-08-26 07:15:00,25699.5,25699.5,25662.5,25664.5,248,71,0
2026-08-26 07:30:00,25663.5,25680.4,25649.5,25666.5,297,71,0
2026-08-26 07:45:00,25664.5,25669.5,25629.5,25631.5,258,71,0
2026-08-26 08:00:00,25629.5,25646.4,25618.5,25642.4,327,71,0
2026-08-26 08:15:00,25643.4,25660.4,25632.4,25655.4,231,71,0
2026-08-26 09:15:00,25647.9,25654.4,25631.0,25634.5,208,71,0
2026-08-26 09:30:00,25635.5,25641.4,25628.5,25629.5,148,71,0
2026-08-26 09:45:00,25628.5,25636.4,25628.5,25632.4,101,71,0
2026-08-26 10:00:00,25631.4,25632.4,25620.5,25625.4,120,71,0
2026-08-26 10:15:00,25624.4,25635.4,25624.4,25628.5,125,71,0
2026-08-26 10:30:00,25627.5,25636.5,25621.5,25628.5,157,71,0
2026-08-26 10:45:00,25629.5,25634.4,25615.0,25617.5,123,71,0
2026-08-26 11:00:00,25616.5,25629.9,25616.5,25629.4,154,71,0
2026-08-26 11:15:00,25628.9,25634.4,25617.5,25630.4,135,71,0
2026-08-26 11:30:00,25629.9,25638.4,25624.5,25637.4,167,71,0
2026-08-26 11:45:00,25636.4,25652.9,25634.0,25649.4,155,71,0
2026-08-26 12:00:00,25649.9,25667.4,25647.4,25664.5,220,71,0
2026-08-26 12:15:00,25664.9,25675.4,25652.5,25674.4,174,71,0
2026-08-26 12:30:00,25672.4,25675.4,25638.6,25644.5,444,71,0
2026-08-26 12:45:00,25645.5,25655.4,25619.5,25621.5,334,71,0
2026-08-26 13:00:00,25622.5,25629.4,25608.0,25620.5,289,71,0
2026-08-26 13:15:00,25619.0,25653.3,25608.5,25653.3,259,71,0
2026-08-26 13:30:00,25655.3,25687.3,25649.4,25676.8,854,71,0
2026-08-26 13:45:00,25678.3,25694.3,25629.1,25636.6,544,71,0
2026-08-26 14:00:00,25638.1,25642.0,25614.6,25628.4,419,71,0
2026-08-26 14:15:00,25628.9,25661.3,25628.9,25654.4,449,71,0
2026-08-26 14:30:00,25653.4,25669.4,25644.0,25664.4,351,71,0
2026-08-26 14:45:00,25665.4,25667.4,25630.0,25631.5,316,71,0
2026-08-26 15:00:00,25630.5,25653.9,25627.5,25641.4,320,71,0
2026-08-26 15:15:00,25642.4,25642.4,25625.0,25634.5,297,71,0
2026-08-26 15:30:00,25635.5,25642.9,25624.5,25640.4,245,71,0
2026-08-26 15:45:00,25640.9,25647.9,25618.6,25624.5,301,71,0
2026-08-26 16:00:00,25623.5,25631.5,25616.5,25622.5,212,71,0
2026-08-26 16:15:00,25623.5,25627.5,25611.0,25612.5,175,71,0
2026-08-26 16:30:00,25614.5,25619.5,25599.1,25600.5,168,71,0
2026-08-26 16:45:00,25601.5,25609.5,25594.5,25607.0,168,71,0
2026-08-26 17:00:00,25608.0,25622.4,25605.5,25620.4,182,71,0
2026-08-26 17:15:00,25620.9,25631.4,25620.9,25628.4,111,71,0
2026-08-26 17:30:00,25627.4,25630.5,25614.5,25616.5,142,71,0
2026-08-26 17:45:00,25615.5,25617.5,25604.6,25608.5,111,71,0
2026-08-26 18:00:00,25608.0,25609.5,25603.5,25604.5,102,71,0
2026-08-26 18:15:00,25605.5,25607.5,25597.5,25599.5,106,71,0
2026-08-26 18:30:00,25598.5,25598.5,25586.0,25590.5,150,71,0
2026-08-26 18:45:00,25591.5,25598.5,25589.5,25598.4,137,71,0
2026-08-26 19:00:00,25585.8,25591.3,25581.3,25591.3,89,314,0
2026-08-26 19:15:00,25590.3,25594.3,25588.3,25589.3,59,314,0
2026-08-26 19:30:00,25588.3,25591.3,25587.3,25588.3,60,314,0
2026-08-26 19:45:00,25589.3,25592.3,25568.4,25576.3,137,314,0
2026-08-26 20:00:00,25577.3,25595.3,25574.3,25592.3,167,314,0
2026-08-26 20:15:00,25593.3,25599.2,25569.4,25582.4,250,314,0
2026-08-26 20:30:00,25581.4,25586.4,25575.4,25583.4,136,314,0
2026-08-26 20:45:00,25582.4,25606.3,25582.4,25605.3,119,314,0
2026-08-26 22:00:00,25733.8,25756.7,25682.2,25690.1,109,320,0
2026-08-26 22:15:00,25691.1,25710.0,25687.2,25701.0,123,320,0
2026-08-26 22:30:00,25703.0,25718.9,25702.0,25712.0,105,320,0
2026-08-26 22:45:00,25711.0,25712.3,25699.3,25701.3,76,314,0
2026-08-26 23:00:00,25700.3,25706.3,25696.3,25699.3,80,314,0
2026-08-26 23:15:00,25698.3,25698.3,25689.4,25694.4,74,314,0
2026-08-26 23:30:00,25692.4,25696.4,25689.4,25694.4,74,314,0
2026-08-26 23:45:00,25693.4,25704.4,25669.4,25679.3,187,314,0
2026-08-27 00:00:00,25683.3,25685.3,25586.6,25597.6,291,314,0
2026-08-27 00:15:00,25596.6,25600.5,25557.4,25561.4,225,314,0
2026-08-27 00:30:00,25560.4,25561.4,25535.4,25536.4,184,314,0
2026-08-27 01:15:00,25639.7,25765.3,25617.4,25759.4,1027,71,0
2026-08-27 01:30:00,25757.4,25763.3,25552.5,25554.5,2029,71,0
2026-08-27 01:45:00,25556.5,25588.4,25533.5,25563.4,966,71,0
2026-08-27 02:00:00,25565.4,25605.4,25553.5,25583.5,874,71,0
2026-08-27 02:15:00,25585.5,25604.3,25541.5,25553.4,640,71,0
2026-08-27 02:30:00,25551.4,25574.4,25520.5,25523.5,435,71,0
2026-08-27 02:45:00,25524.5,25541.4,25501.5,25505.5,381,71,0
2026-08-27 03:00:00,25504.5,25544.4,25498.5,25544.4,382,71,0
2026-08-27 03:15:00,25545.4,25552.3,25523.4,25538.5,348,71,0
2026-08-27 03:30:00,25539.5,25545.4,25533.5,25534.5,263,71,0
2026-08-27 03:45:00,25536.5,25548.9,25528.5,25546.9,241,71,0
2026-08-27 04:00:00,25535.3,25540.3,25532.3,25538.3,113,314,0
2026-08-27 04:15:00,25537.3,25541.3,25528.3,25528.3,106,314,0
2026-08-27 05:00:00,25526.2,25554.4,25492.5,25552.4,543,71,0
2026-08-27 05:15:00,25550.4,25563.3,25530.5,25555.4,378,71,0
2026-08-27 05:30:00,25553.4,25586.4,25546.4,25584.4,364,71,0
2026-08-27 05:45:00,25586.4,25590.4,25536.5,25551.4,321,71,0
2026-08-27 06:00:00,25550.4,25556.4,25537.5,25545.4,307,71,0
2026-08-27 06:15:00,25544.4,25545.4,25530.5,25542.4,242,71,0
2026-08-27 06:30:00,25543.4,25578.3,25542.4,25578.3,228,71,0
2026-08-27 06:45:00,25576.3,25585.3,25555.4,25558.5,224,71,0
2026-08-27 07:00:00,25555.5,25557.5,25517.5,25540.4,343,71,0
2026-08-27 07:15:00,25538.4,25554.4,25532.5,25540.5,215,71,0
2026-08-27 07:30:00,25538.5,25548.4,25529.5,25540.5,221,71,0
2026-08-27 07:45:00,25542.5,25549.4,25526.5,25538.5,198,71,0
2026-08-27 08:00:00,25539.5,25559.3,25534.5,25552.4,210,71,0
2026-08-27 08:15:00,25553.4,25562.2,25539.4,25560.2,194,71,0
2026-08-27 09:15:00,25505.5,25507.6,25486.6,25496.6,219,71,0
2026-08-27 09:30:00,25495.6,25502.6,25464.7,25465.7,250,71,0
2026-08-27 09:45:00,25467.7,25481.0,25456.7,25470.5,199,71,0
2026-08-27 10:00:00,25468.5,25479.0,25464.0,25473.5,179,71,0
2026-08-27 10:15:00,25473.0,25479.4,25463.5,25467.5,108,71,0
2026-08-27 10:30:00,25468.5,25468.5,25457.5,25463.5,105,71,0
2026-08-27 10:45:00,25465.0,25476.4,25462.5,25475.4,105,71,0
2026-08-27 11:00:00,25475.9,25485.4,25467.0,25484.3,120,71,0
2026-08-27 11:15:00,25486.3,25486.4,25477.9,25483.4,85,71,0
2026-08-27 11:30:00,25482.4,25504.1,25476.4,25484.9,229,71,0
2026-08-27 11:45:00,25483.4,25492.4,25481.4,25490.4,148,71,0
2026-08-27 12:00:00,25488.4,25503.9,25488.4,25500.4,151,71,0
2026-08-27 12:15:00,25499.9,25502.4,25487.5,25488.5,126,71,0
2026-08-27 12:30:00,25487.5,25496.5,25468.6,25468.6,151,71,0
2026-08-27 12:45:00,25469.6,25480.5,25467.6,25472.5,164,71,0
2026-08-27 13:00:00,25471.5,25474.0,25464.5,25469.5,155,71,0
2026-08-27 13:15:00,25470.5,25483.5,25469.5,25473.5,174,71,0
2026-08-27 13:30:00,25474.5,25503.4,25434.6,25443.6,599,71,0
2026-08-27 13:45:00,25442.6,25461.9,25424.5,25425.5,494,71,0
2026-08-27 14:00:00,25424.5,25444.4,25417.5,25422.0,393,71,0
2026-08-27 14:15:00,25420.5,25459.3,25419.5,25434.5,307,71,0
2026-08-27 14:30:00,25434.0,25462.4,25431.5,25461.4,276,71,0
2026-08-27 14:45:00,25459.4,25478.3,25448.5,25449.5,262,71,0
2026-08-27 15:00:00,25450.5,25451.4,25425.1,25437.5,213,71,0
2026-08-27 15:15:00,25436.5,25442.5,25422.6,25425.5,182,71,0
2026-08-27 15:30:00,25424.5,25438.5,25412.6,25434.4,258,71,0
2026-08-27 15:45:00,25433.4,25449.4,25421.5,25438.5,192,71,0
2026-08-27 16:00:00,25439.5,25446.4,25417.5,25418.5,153,71,0
2026-08-27 16:15:00,25419.0,25424.5,25417.0,25421.5,108,71,0
2026-08-27 16:30:00,25422.5,25429.4,25418.4,25424.4,116,71,0
2026-08-27 16:45:00,25425.4,25433.4,25421.4,25432.4,107,71,0
2026-08-27 17:00:00,25430.4,25448.3,25430.4,25444.3,122,71,0
2026-08-27 17:15:00,25445.3,25449.4,25432.4,25437.4,92,71,0
2026-08-27 17:30:00,25436.4,25436.4,25426.5,25429.4,88,71,0
2026-08-27 17:45:00,25430.4,25444.4,25427.4,25440.4,104,71,0
2026-08-27 18:00:00,25441.4,25441.9,25431.4,25436.4,137,71,0
2026-08-27 18:15:00,25435.4,25438.4,25423.5,25426.5,95,71,0
2026-08-27 18:30:00,25427.5,25440.9,25425.5,25439.4,98,71,0
2026-08-27 18:45:00,25438.4,25450.4,25436.4,25437.9,111,71,0
2026-08-27 19:00:00,25426.3,25436.3,25425.3,25429.3,113,314,0
2026-08-27 19:15:00,25428.3,25432.3,25424.3,25424.3,84,314,0
2026-08-27 19:30:00,25425.3,25436.3,25424.3,25433.3,92,314,0
2026-08-27 19:45:00,25434.3,25449.2,25433.3,25447.3,131,314,0
2026-08-27 20:00:00,25445.3,25448.3,25436.3,25440.3,130,314,0
2026-08-27 20:15:00,25439.3,25441.3,25433.3,25436.3,44,314,0
2026-08-27 20:30:00,25437.3,25443.3,25436.3,25442.3,52,314,0
2026-08-27 20:45:00,25443.3,25449.3,25443.3,25444.2,61,314,0
2026-08-27 22:00:00,25436.4,25452.4,25435.4,25446.4,117,314,0
2026-08-27 22:15:00,25447.4,25452.4,25445.4,25451.4,67,314,0
2026-08-27 22:30:00,25450.4,25452.4,25448.4,25449.4,51,314,0
2026-08-27 22:45:00,25448.4,25450.4,25447.4,25448.4,46,314,0
2026-08-27 23:00:00,25447.4,25449.4,25443.4,25446.4,64,314,0
2026-08-27 23:15:00,25445.4,25445.4,25440.4,25440.4,29,314,0
2026-08-27 23:30:00,25441.4,25441.4,25434.5,25435.5,72,314,0
2026-08-27 23:45:00,25434.5,25440.4,25424.4,25440.4,140,314,0
2026-08-28 00:00:00,25441.4,25467.3,25435.4,25466.3,256,314,0
2026-08-28 00:15:00,25465.3,25473.3,25456.4,25472.3,175,314,0
2026-08-28 00:30:00,25473.3,25480.3,25469.3,25477.3,162,314,0
2026-08-28 01:15:00,25410.1,25416.1,25322.6,25336.5,1319,71,0
2026-08-28 01:30:00,25338.5,25517.4,25333.4,25473.3,2137,71,0
2026-08-28 01:45:00,25471.3,25530.3,25452.5,25526.4,1098,71,0
2026-08-28 02:00:00,25528.4,25596.4,25524.4,25556.4,927,71,0
2026-08-28 02:15:00,25557.4,25602.4,25541.5,25569.5,744,71,0
2026-08-28 02:30:00,25567.5,25591.4,25552.5,25572.4,613,71,0
2026-08-28 02:45:00,25574.4,25622.3,25572.4,25604.4,551,71,0
2026-08-28 03:00:00,25602.4,25659.4,25600.4,25617.4,514,71,0
2026-08-28 03:15:00,25616.4,25675.4,25616.4,25656.4,426,71,0
2026-08-28 03:30:00,25657.4,25668.4,25646.5,25654.4,339,71,0
2026-08-28 03:45:00,25652.4,25669.4,25643.6,25646.0,287,71,0
2026-08-28 04:00:00,25635.4,25640.4,25627.4,25639.4,92,314,0
2026-08-28 04:15:00,25640.4,25642.3,25635.4,25637.4,81,314,0
2026-08-28 05:00:00,25639.5,25650.4,25609.5,25634.4,590,71,0
2026-08-28 05:15:00,25632.4,25652.4,25615.5,25629.5,397,71,0
2026-08-28 05:30:00,25627.5,25654.4,25626.5,25633.5,342,71,0
2026-08-28 05:45:00,25631.5,25633.5,25614.5,25618.5,310,71,0
2026-08-28 06:00:00,25616.5,25621.4,25575.5,25591.4,353,71,0
2026-08-28 06:15:00,25589.4,25637.4,25582.5,25631.4,354,71,0
2026-08-28 06:30:00,25633.4,25636.4,25562.5,25578.4,470,71,0
2026-08-28 06:45:00,25576.4,25592.4,25568.5,25592.4,365,71,0
2026-08-28 07:00:00,25594.4,25600.4,25565.4,25575.4,446,71,0
2026-08-28 07:15:00,25573.4,25575.4,25554.5,25562.5,308,71,0
2026-08-28 07:30:00,25564.5,25567.5,25546.5,25558.4,265,71,0
2026-08-28 07:45:00,25556.4,25561.5,25543.5,25555.5,250,71,0
2026-08-28 08:00:00,25556.5,25567.4,25543.5,25566.4,309,71,0
2026-08-28 08:15:00,25568.4,25568.4,25542.5,25554.9,204,71,0
2026-08-28 09:15:00,25602.0,25602.0,25584.5,25588.5,166,71,0
2026-08-28 09:30:00,25587.5,25605.4,25586.5,25604.4,161,71,0
2026-08-28 09:45:00,25602.4,25608.9,25596.5,25598.5,140,71,0
2026-08-28 10:00:00,25599.0,25603.9,25594.5,25597.5,119,71,0
2026-08-28 10:15:00,25596.0,25609.4,25596.0,25604.4,141,71,0
2026-08-28 10:30:00,25604.9,25611.4,25595.5,25595.5,128,71,0
2026-08-28 10:45:00,25596.5,25598.5,25586.5,25594.5,102,71,0
2026-08-28 11:00:00,25595.5,25606.5,25583.5,25604.3,167,71,0
2026-08-28 11:15:00,25606.3,25606.3,25585.9,25592.4,133,71,0
2026-08-28 11:30:00,25593.4,25608.3,25593.4,25597.4,141,71,0
2026-08-28 11:45:00,25598.4,25603.4,25592.4,25599.4,156,71,0
2026-08-28 12:00:00,25599.9,25617.2,25592.6,25603.5,179,71,0
2026-08-28 12:15:00,25604.5,25607.5,25596.5,25597.6,131,71,0
2026-08-28 12:30:00,25596.6,25606.5,25584.5,25587.5,168,71,0
2026-08-28 12:45:00,25588.5,25600.5,25584.5,25596.5,133,71,0
2026-08-28 13:00:00,25597.5,25603.4,25587.5,25588.5,230,71,0
2026-08-28 13:15:00,25586.5,25588.5,25572.5,25588.0,181,71,0
2026-08-28 13:30:00,25589.5,25622.4,25581.4,25591.5,711,71,0
2026-08-28 13:45:00,25590.5,25655.6,25581.5,25621.5,460,71,0
2026-08-28 14:00:00,25622.5,25686.0,25555.5,25566.5,985,71,0
2026-08-28 14:15:00,25567.5,25583.9,25503.5,25525.4,715,71,0
2026-08-28 14:30:00,25527.4,25582.4,25527.4,25551.5,645,71,0
2026-08-28 14:45:00,25549.5,25596.3,25523.0,25589.3,501,71,0
2026-08-28 15:00:00,25589.8,25605.3,25550.5,25554.5,482,71,0
2026-08-28 15:15:00,25555.5,25570.4,25547.5,25568.4,363,71,0
2026-08-28 15:30:00,25570.4,25579.4,25540.0,25551.5,400,71,0
2026-08-28 15:45:00,25552.5,25561.5,25510.6,25512.6,436,71,0
2026-08-28 16:00:00,25511.6,25526.9,25501.6,25505.5,433,71,0
2026-08-28 16:15:00,25504.5,25509.5,25472.6,25489.5,439,71,0
2026-08-28 16:30:00,25490.5,25512.4,25489.5,25495.5,350,71,0
2026-08-28 16:45:00,25494.5,25521.4,25494.5,25502.5,300,71,0
2026-08-28 17:00:00,25503.5,25503.5,25479.5,25500.4,323,71,0
2026-08-28 17:15:00,25499.4,25513.4,25491.0,25503.4,273,71,0
2026-08-28 17:30:00,25504.4,25514.4,25493.5,25501.4,250,71,0
2026-08-28 17:45:00,25500.4,25515.4,25498.4,25510.4,192,71,0
2026-08-28 18:00:00,25511.4,25518.4,25505.4,25506.4,206,71,0
2026-08-28 18:15:00,25507.4,25520.4,25506.4,25513.4,169,71,0
2026-08-28 18:30:00,25512.4,25524.9,25512.4,25517.5,173,71,0
2026-08-28 18:45:00,25517.0,25519.5,25505.5,25512.5,189,71,0
2026-08-28 19:00:00,25501.3,25513.3,25499.3,25511.3,123,314,0
2026-08-28 19:15:00,25510.3,25520.3,25507.3,25520.3,86,314,0
2026-08-28 19:30:00,25519.3,25527.3,25516.3,25525.3,117,314,0
2026-08-28 19:45:00,25526.3,25531.3,25512.4,25522.3,172,314,0
2026-08-30 22:00:00,25465.4,25494.7,25452.9,25472.3,261,314,0
2026-08-30 22:15:00,25474.3,25487.3,25473.3,25473.3,97,314,0
2026-08-30 22:30:00,25474.3,25477.3,25461.4,25463.4,123,314,0
2026-08-30 22:45:00,25464.4,25470.4,25463.4,25469.4,67,314,0
2026-08-30 23:00:00,25468.4,25472.4,25456.4,25456.4,107,314,0
2026-08-30 23:15:00,25455.4,25462.4,25444.4,25446.4,109,314,0
2026-08-30 23:30:00,25447.4,25451.4,25414.6,25446.4,178,314,0
2026-08-30 23:45:00,25444.4,25444.4,25419.5,25422.4,306,314,0
2026-08-31 00:00:00,25424.4,25462.2,25407.4,25458.2,331,314,0
2026-08-31 00:15:00,25456.2,25483.3,25451.3,25482.3,247,314,0
2026-08-31 00:30:00,25480.3,25498.3,25478.3,25490.3,194,314,0
2026-08-31 01:15:00,25442.0,25442.0,25310.7,25351.4,1445,71,0
2026-08-31 01:30:00,25349.4,25453.4,25278.5,25305.5,3382,71,0
2026-08-31 01:45:00,25303.5,25348.4,25242.8,25325.5,1461,71,0
2026-08-31 02:00:00,25327.5,25328.4,25274.5,25314.4,1155,71,0
2026-08-31 02:15:00,25313.4,25349.4,25273.5,25313.5,900,71,0
2026-08-31 02:30:00,25315.5,25362.5,25313.5,25325.5,703,71,0
2026-08-31 02:45:00,25323.5,25356.4,25319.5,25332.4,549,71,0
2026-08-31 03:00:00,25334.4,25385.3,25322.5,25355.5,572,71,0
2026-08-31 03:15:00,25354.5,25398.4,25338.5,25395.4,521,71,0
2026-08-31 03:30:00,25397.4,25409.4,25378.6,25378.6,431,71,0
2026-08-31 03:45:00,25377.6,25398.4,25373.6,25379.0,278,71,0
2026-08-31 04:00:00,25366.3,25368.3,25362.4,25367.3,96,314,0
2026-08-31 04:15:00,25366.3,25373.3,25363.3,25371.3,77,314,0
2026-08-31 05:00:00,25381.0,25425.4,25367.6,25406.4,807,71,0
2026-08-31 05:15:00,25408.4,25468.3,25400.5,25461.4,543,71,0
2026-08-31 05:30:00,25460.4,25464.4,25410.5,25448.4,493,71,0
2026-08-31 05:45:00,25450.4,25458.4,25421.5,25458.4,363,71,0
2026-08-31 06:00:00,25459.4,25465.4,25419.5,25423.5,388,71,0
2026-08-31 06:15:00,25425.5,25471.4,25425.5,25459.5,435,71,0
2026-08-31 06:30:00,25457.5,25496.4,25447.5,25491.4,478,71,0
2026-08-31 06:45:00,25489.4,25520.4,25476.5,25476.5,354,71,0
2026-08-31 07:00:00,25474.5,25500.4,25466.6,25498.4,386,71,0
2026-08-31 07:15:00,25500.4,25505.4,25480.5,25500.4,308,71,0
2026-08-31 07:30:00,25501.4,25544.3,25500.4,25500.5,293,71,0
2026-08-31 07:45:00,25498.5,25507.5,25483.5,25494.5,322,71,0
2026-08-31 08:00:00,25492.5,25528.4,25479.6,25490.5,474,71,0
2026-08-31 08:15:00,25489.5,25499.9,25484.5,25499.4,226,71,0
2026-08-31 09:15:00,25499.7,25514.7,25494.4,25499.4,170,71,0
2026-08-31 09:30:00,25501.4,25505.4,25495.4,25498.9,133,71,0
2026-08-31 09:45:00,25497.4,25503.4,25489.4,25501.4,126,71,0
2026-08-31 10:00:00,25501.9,25509.4,25498.4,25506.4,149,71,0
2026-08-31 10:15:00,25505.4,25514.9,25500.4,25508.4,153,71,0
2026-08-31 10:30:00,25509.4,25510.9,25503.0,25504.5,109,71,0
2026-08-31 10:45:00,25505.5,25522.9,25504.5,25519.4,140,71,0
2026-08-31 11:00:00,25522.4,25531.4,25515.4,25529.4,158,71,0
2026-08-31 11:15:00,25528.4,25557.8,25526.4,25556.4,174,71,0
2026-08-31 11:30:00,25557.9,25557.9,25532.5,25534.5,183,71,0
2026-08-31 11:45:00,25535.5,25542.4,25526.5,25538.4,129,71,0
2026-08-31 12:00:00,25537.4,25557.4,25514.8,25556.9,315,71,0
2026-08-31 12:15:00,25558.4,25560.5,25524.5,25542.5,314,71,0
2026-08-31 12:30:00,25544.5,25554.4,25535.5,25542.0,261,71,0
2026-08-31 12:45:00,25541.5,25542.5,25520.5,25520.5,192,71,0
2026-08-31 13:00:00,25518.5,25533.4,25514.5,25526.4,212,71,0
2026-08-31 13:15:00,25527.9,25562.7,25526.4,25545.4,230,71,0
2026-08-31 13:30:00,25546.3,25562.3,25478.6,25478.6,758,71,0
2026-08-31 13:45:00,25480.6,25489.5,25440.5,25454.5,548,71,0
2026-08-31 14:00:00,25455.5,25476.4,25444.5,25471.4,410,71,0
2026-08-31 14:15:00,25469.4,25480.4,25448.5,25448.5,317,71,0
2026-08-31 14:30:00,25446.5,25469.4,25440.1,25460.4,362,71,0
2026-08-31 14:45:00,25461.4,25470.4,25446.5,25453.5,292,71,0
2026-08-31 15:00:00,25452.0,25471.8,25432.1,25438.6,325,71,0
2026-08-31 15:15:00,25437.1,25441.5,25419.6,25439.5,286,71,0
2026-08-31 15:30:00,25438.5,25449.4,25420.6,25429.5,307,71,0
2026-08-31 15:45:00,25430.5,25441.5,25418.5,25421.5,236,71,0
2026-08-31 16:00:00,25422.5,25428.9,25411.5,25427.4,268,71,0
2026-08-31 16:15:00,25429.4,25431.4,25420.5,25429.5,203,71,0
2026-08-31 16:30:00,25430.5,25432.5,25411.5,25417.5,163,71,0
2026-08-31 16:45:00,25418.0,25420.0,25409.5,25415.5,165,71,0
2026-08-31 17:00:00,25414.0,25417.5,25395.5,25405.5,168,71,0
2026-08-31 17:15:00,25404.5,25408.5,25380.0,25380.0,163,71,0
2026-08-31 17:30:00,25380.5,25402.4,25378.5,25402.4,142,71,0
2026-08-31 17:45:00,25401.9,25412.9,25400.4,25404.4,116,71,0
2026-08-31 18:00:00,25405.4,25409.5,25397.5,25409.5,155,71,0
2026-08-31 18:15:00,25410.5,25410.5,25398.0,25398.5,137,71,0
2026-08-31 18:30:00,25398.0,25400.5,25389.0,25393.5,169,71,0
2026-08-31 18:45:00,25394.5,25405.5,25388.1,25391.1,161,71,0
2026-08-31 19:00:00,25379.4,25382.4,25376.4,25378.4,67,314,0
2026-08-31 19:15:00,25379.4,25385.4,25377.4,25382.3,84,314,0
2026-08-31 19:30:00,25381.3,25390.3,25378.3,25387.3,83,314,0
2026-08-31 19:45:00,25386.3,25407.2,25383.3,25385.3,188,314,0
2026-08-31 20:00:00,25387.3,25400.3,25387.3,25393.3,117,314,0
2026-08-31 20:15:00,25394.3,25397.3,25392.3,25396.3,51,314,0
2026-08-31 20:30:00,25395.3,25400.3,25394.3,25399.3,41,314,0
2026-08-31 20:45:00,25398.3,25401.3,25396.3,25400.3,55,314,0
2026-08-31 22:00:00,25377.3,25380.3,25374.3,25377.3,88,314,0
2026-08-31 22:15:00,25379.3,25379.3,25375.3,25376.3,35,314,0
2026-08-31 22:30:00,25377.3,25379.3,25376.3,25378.3,36,314,0
2026-08-31 22:45:00,25379.3,25379.3,25374.3,25377.3,23,314,0
2026-08-31 23:00:00,25376.3,25380.3,25375.3,25376.4,69,314,0
2026-08-31 23:15:00,25375.4,25378.4,25372.4,25377.4,53,314,0
2026-08-31 23:30:00,25376.4,25386.3,25376.4,25380.4,73,314,0
2026-08-31 23:45:00,25379.4,25384.3,25374.3,25376.3,163,314,0
2026-09-01 00:00:00,25369.2,25383.3,25357.4,25370.3,287,314,0
2026-09-01 00:15:00,25368.3,25384.3,25365.3,25379.3,196,314,0
2026-09-01 00:30:00,25378.3,25386.3,25373.3,25381.3,189,314,0
2026-09-01 01:15:00,25403.6,25405.6,25288.6,25297.5,1107,71,0
2026-09-01 01:30:00,25299.5,25437.3,25290.5,25354.5,2840,71,0
2026-09-01 01:45:00,25356.5,25364.4,25259.5,25267.4,1342,71,0
2026-09-01 02:00:00,25269.5,25278.4,25209.5,25241.4,885,71,0
2026-09-01 02:15:00,25243.4,25254.4,25213.5,25217.5,681,71,0
2026-09-01 02:30:00,25219.5,25219.5,25187.5,25204.4,584,71,0
2026-09-01 02:45:00,25202.4,25290.3,25201.5,25290.3,546,71,0
2026-09-01 03:00:00,25288.3,25294.4,25225.5,25246.4,577,71,0
2026-09-01 03:15:00,25248.4,25255.4,25209.5,25224.5,483,71,0
2026-09-01 03:30:00,25223.5,25259.4,25222.5,25252.4,296,71,0
2026-09-01 03:45:00,25253.4,25283.4,25252.4,25265.0,261,71,0
2026-09-01 04:00:00,25252.8,25255.3,25247.3,25252.3,83,314,0
2026-09-01 04:15:00,25253.3,25257.3,25250.3,25251.3,65,314,0
2026-09-01 05:00:00,25258.5,25299.4,25231.1,25274.5,665,71,0
2026-09-01 05:15:00,25276.5,25278.5,25222.5,25239.4,477,71,0
2026-09-01 05:30:00,25240.4,25283.4,25229.4,25279.4,473,71,0
2026-09-01 05:45:00,25280.4,25298.4,25272.5,25290.5,448,71,0
2026-09-01 06:00:00,25289.5,25294.4,25258.5,25265.5,392,71,0
2026-09-01 06:15:00,25266.5,25307.4,25255.5,25295.4,368,71,0
2026-09-01 06:30:00,25297.4,25338.4,25289.4,25334.4,369,71,0
2026-09-01 06:45:00,25336.4,25339.4,25306.5,25333.4,311,71,0
2026-09-01 07:00:00,25331.4,25351.4,25277.5,25301.4,504,71,0
2026-09-01 07:15:00,25303.4,25336.4,25302.4,25322.5,341,71,0
2026-09-01 07:30:00,25324.5,25324.5,25276.5,25280.5,351,71,0
2026-09-01 07:45:00,25282.5,25294.4,25270.5,25276.5,287,71,0
2026-09-01 08:00:00,25274.5,25302.4,25231.5,25240.5,700,71,0
2026-09-01 08:15:00,25241.5,25245.5,25189.5,25190.5,384,71,0
2026-09-01 09:15:00,25156.0,25157.5,25143.0,25156.4,351,71,0
2026-09-01 09:30:00,25157.4,25158.4,25139.0,25150.0,292,71,0
2026-09-01 09:45:00,25149.5,25165.4,25140.6,25141.6,237,71,0
2026-09-01 10:00:00,25141.1,25164.4,25138.6,25161.4,252,71,0
2026-09-01 10:15:00,25163.4,25185.8,25151.5,25184.3,237,71,0
2026-09-01 10:30:00,25184.8,25190.3,25172.4,25176.4,189,71,0
2026-09-01 10:45:00,25175.4,25183.8,25150.5,25160.0,267,71,0
2026-09-01 11:00:00,25158.5,25172.4,25145.5,25164.4,270,71,0
2026-09-01 11:15:00,25164.9,25170.4,25154.5,25168.4,231,71,0
2026-09-01 11:30:00,25167.9,25185.4,25167.9,25183.4,177,71,0
2026-09-01 11:45:00,25185.4,25197.9,25171.5,25176.5,264,71,0
2026-09-01 12:00:00,25174.5,25176.5,25162.5,25169.5,319,71,0
2026-09-01 12:15:00,25170.5,25197.4,25170.5,25192.4,243,71,0
2026-09-01 12:30:00,25190.9,25208.3,25187.4,25202.4,283,71,0
2026-09-01 12:45:00,25204.4,25221.4,25203.4,25214.4,243,71,0
2026-09-01 13:00:00,25215.4,25219.3,25182.5,25187.5,325,71,0
2026-09-01 13:15:00,25188.0,25229.3,25185.4,25229.3,274,71,0
2026-09-01 13:30:00,25231.3,25368.3,25218.4,25366.3,1019,71,0
2026-09-01 13:45:00,25364.3,25383.4,25345.4,25363.4,681,71,0
2026-09-01 14:00:00,25371.5,25411.8,25362.5,25405.4,597,71,0
2026-09-01 14:15:00,25407.4,25416.9,25347.5,25347.5,464,71,0
2026-09-01 14:30:00,25348.5,25355.5,25328.5,25340.4,378,71,0
2026-09-01 14:45:00,25339.9,25345.4,25306.0,25310.0,328,71,0
2026-09-01 15:00:00,25311.5,25315.5,25296.0,25309.0,363,71,0
2026-09-01 15:15:00,25308.5,25323.4,25299.5,25316.4,292,71,0
2026-09-01 15:30:00,25318.4,25328.4,25308.9,25323.4,281,71,0
2026-09-01 15:45:00,25325.4,25325.4,25308.5,25310.5,210,71,0
2026-09-01 16:00:00,25312.5,25318.4,25292.0,25293.5,223,71,0
2026-09-01 16:15:00,25292.5,25297.5,25259.5,25260.5,329,71,0
2026-09-01 16:30:00,25259.5,25265.4,25236.6,25255.5,337,71,0
2026-09-01 16:45:00,25256.0,25267.9,25254.5,25266.4,226,71,0
2026-09-01 17:00:00,25267.4,25278.9,25258.5,25275.4,206,71,0
2026-09-01 17:15:00,25274.4,25276.4,25251.3,25270.0,236,71,0
2026-09-01 17:30:00,25271.5,25281.4,25267.4,25270.4,198,71,0
2026-09-01 17:45:00,25268.4,25269.0,25235.1,25236.1,195,71,0
2026-09-01 18:00:00,25236.6,25237.6,25203.6,25213.6,233,71,0
2026-09-01 18:15:00,25211.6,25235.4,25209.1,25217.5,258,71,0
2026-09-01 18:30:00,25216.5,25217.5,25190.1,25190.1,241,71,0
2026-09-01 18:45:00,25190.6,25203.4,25179.6,25198.5,265,71,0
2026-09-01 19:00:00,25187.3,25203.3,25187.3,25203.3,130,314,0
2026-09-01 19:15:00,25204.3,25208.3,25198.3,25206.3,142,314,0
2026-09-01 19:30:00,25205.3,25205.3,25196.3,25200.3,135,314,0
2026-09-01 19:45:00,25199.3,25209.3,25196.3,25209.3,160,314,0
2026-09-01 20:00:00,25211.3,25215.3,25202.3,25209.3,119,314,0
2026-09-01 20:15:00,25208.3,25215.3,25208.3,25211.3,58,314,0
2026-09-01 20:30:00,25212.3,25216.3,25207.3,25212.3,47,314,0
2026-09-01 20:45:00,25211.3,25212.3,25208.3,25209.3,51,314,0
2026-09-01 22:00:00,25192.4,25210.3,25192.4,25199.4,105,314,0
2026-09-01 22:15:00,25198.4,25201.4,25195.4,25198.4,53,314,0
2026-09-01 22:30:00,25197.4,25201.3,25197.4,25200.3,36,314,0
2026-09-01 22:45:00,25201.4,25210.3,25200.4,25205.4,44,314,0
2026-09-01 23:00:00,25204.4,25207.4,25204.4,25205.4,34,314,0
2026-09-01 23:15:00,25206.4,25207.4,25203.4,25206.4,42,314,0
2026-09-01 23:30:00,25205.4,25208.4,25202.4,25207.4,64,314,0
2026-09-01 23:45:00,25208.4,25217.3,25201.4,25214.3,187,314,0
2026-09-02 00:00:00,25215.3,25216.3,25198.3,25206.3,295,314,0
2026-09-02 00:15:00,25204.3,25218.0,25191.2,25192.2,274,314,0
2026-09-02 00:30:00,25191.2,25204.3,25189.2,25202.3,195,314,0
2026-09-02 01:15:00,25141.6,25249.4,25136.5,25246.4,890,71,0
2026-09-02 01:30:00,25248.4,25264.5,25041.8,25085.4,2734,71,0
2026-09-02 01:45:00,25083.4,25099.4,25041.5,25060.4,1237,71,0
2026-09-02 02:00:00,25058.4,25058.5,24974.5,25004.4,842,71,0
2026-09-02 02:15:00,25006.4,25071.4,24983.5,24985.4,864,71,0
2026-09-02 02:30:00,24987.4,24998.4,24952.5,24989.4,612,71,0
2026-09-02 02:45:00,24987.4,25016.4,24961.5,24969.5,419,71,0
2026-09-02 03:00:00,24968.5,25013.4,24963.4,25005.4,456,71,0
2026-09-02 03:15:00,25003.4,25019.5,24994.5,25014.4,403,71,0
2026-09-02 03:30:00,25015.4,25032.4,25007.4,25009.5,304,71,0
2026-09-02 03:45:00,25011.5,25033.4,25011.5,25031.9,224,71,0
2026-09-02 04:00:00,25019.3,25021.3,25009.3,25015.3,81,314,0
2026-09-02 04:15:00,25014.3,25021.3,25013.3,25013.3,110,314,0
2026-09-02 05:00:00,25026.9,25085.4,25014.5,25077.4,540,71,0
2026-09-02 05:15:00,25079.4,25121.4,25077.4,25111.4,560,71,0
2026-09-02 05:30:00,25113.4,25166.4,25108.4,25150.4,519,71,0
2026-09-02 05:45:00,25152.4,25198.4,25148.5,25196.4,434,71,0
2026-09-02 06:00:00,25198.4,25221.4,25179.5,25220.4,391,71,0
2026-09-02 06:15:00,25222.4,25226.4,25182.5,25219.4,392,71,0
2026-09-02 06:30:00,25220.4,25225.4,25200.4,25212.5,388,71,0
2026-09-02 06:45:00,25211.5,25218.5,25176.5,25204.4,335,71,0
2026-09-02 07:00:00,25206.4,25245.4,25202.5,25223.5,457,71,0
2026-09-02 07:15:00,25222.5,25240.4,25206.5,25233.4,358,71,0
2026-09-02 07:30:00,25235.4,25254.4,25221.5,25238.4,307,71,0
2026-09-02 07:45:00,25239.4,25251.4,25225.5,25244.4,280,71,0
2026-09-02 08:00:00,25245.4,25281.4,25241.4,25267.4,374,71,0
2026-09-02 08:15:00,25265.4,25274.4,25248.5,25259.0,241,71,0
2026-09-02 09:15:00,25218.5,25229.5,25207.0,25212.5,262,71,0
2026-09-02 09:30:00,25211.5,25212.5,25190.6,25195.5,264,71,0
2026-09-02 09:45:00,25196.5,25207.4,25194.0,25200.4,215,71,0
2026-09-02 10:00:00,25198.4,25200.4,25172.0,25192.4,271,71,0
2026-09-02 10:15:00,25193.9,25197.4,25181.5,25191.4,227,71,0
2026-09-02 10:30:00,25192.4,25193.4,25173.5,25178.4,191,71,0
2026-09-02 10:45:00,25176.9,25202.3,25173.4,25201.8,190,71,0
2026-09-02 11:00:00,25200.3,25249.3,25185.4,25244.3,409,71,0
2026-09-02 11:15:00,25242.3,25252.4,25223.9,25246.4,404,71,0
2026-09-02 11:30:00,25247.4,25280.3,25247.4,25263.3,307,71,0
2026-09-02 11:45:00,25262.3,25306.8,25261.8,25306.3,260,71,0
2026-09-02 12:00:00,25308.3,25322.4,25299.0,25317.4,303,71,0
2026-09-02 12:15:00,25315.9,25340.4,25297.0,25306.5,518,71,0
2026-09-02 12:30:00,25305.5,25309.5,25288.5,25301.4,244,71,0
2026-09-02 12:45:00,25300.9,25307.4,25287.5,25289.5,217,71,0
2026-09-02 13:00:00,25290.5,25319.9,25288.5,25316.4,306,71,0
2026-09-02 13:15:00,25315.4,25383.4,25315.4,25362.5,411,71,0
2026-09-02 13:30:00,25363.5,25425.8,25359.5,25407.4,836,71,0
2026-09-02 13:45:00,25408.4,25464.3,25398.5,25464.3,632,71,0
2026-09-02 14:00:00,25463.3,25473.3,25424.6,25425.5,570,71,0
2026-09-02 14:15:00,25426.5,25434.9,25398.5,25400.5,442,71,0
2026-09-02 14:30:00,25398.5,25433.9,25388.5,25430.5,396,71,0
2026-09-02 14:45:00,25429.5,25431.0,25390.5,25407.4,377,71,0
2026-09-02 15:00:00,25408.4,25425.4,25405.0,25412.5,325,71,0
2026-09-02 15:15:00,25412.0,25428.4,25396.5,25421.4,302,71,0
2026-09-02 15:30:00,25420.4,25428.4,25402.5,25402.5,270,71,0
2026-09-02 15:45:00,25402.0,25403.5,25383.5,25390.5,265,71,0
2026-09-02 16:00:00,25389.5,25394.4,25377.0,25394.4,270,71,0
2026-09-02 16:15:00,25393.4,25393.4,25374.0,25376.5,228,71,0
2026-09-02 16:30:00,25377.5,25386.4,25376.5,25379.5,172,71,0
2026-09-02 16:45:00,25380.5,25386.5,25375.5,25377.0,214,71,0
2026-09-02 17:00:00,25378.5,25383.5,25361.1,25365.0,225,71,0
2026-09-02 17:15:00,25364.5,25367.0,25351.5,25355.5,196,71,0
2026-09-02 17:30:00,25354.5,25368.4,25344.6,25362.4,198,71,0
2026-09-02 17:45:00,25363.4,25381.4,25362.4,25380.9,229,71,0
2026-09-02 18:00:00,25382.4,25393.4,25375.5,25380.5,197,71,0
2026-09-02 18:15:00,25381.0,25415.3,25371.5,25373.0,305,71,0
2026-09-02 18:30:00,25374.5,25383.5,25357.6,25357.6,156,71,0
2026-09-02 18:45:00,25358.1,25378.5,25354.1,25374.0,212,71,0
2026-09-02 19:00:00,25362.3,25365.3,25358.3,25364.3,66,314,0
2026-09-02 19:15:00,25365.3,25366.3,25360.3,25366.3,63,314,0
2026-09-02 19:30:00,25367.3,25374.3,25363.3,25374.3,76,314,0
2026-09-02 19:45:00,25375.3,25377.3,25365.3,25374.3,117,314,0
2026-09-02 20:00:00,25376.3,25378.3,25369.3,25375.3,99,314,0
2026-09-02 20:15:00,25374.3,25374.3,25357.4,25364.4,109,314,0
2026-09-02 20:30:00,25363.4,25364.4,25361.4,25361.4,45,314,0
2026-09-02 20:45:00,25360.4,25365.4,25355.4,25355.4,59,314,0
2026-09-02 22:00:00,25379.3,25388.3,25373.4,25388.3,101,314,0
2026-09-02 22:15:00,25387.3,25396.3,25384.3,25391.3,60,314,0
2026-09-02 22:30:00,25390.3,25393.3,25390.3,25391.3,42,314,0
2026-09-02 22:45:00,25390.3,25391.3,25386.3,25386.3,30,314,0
2026-09-02 23:00:00,25387.3,25391.3,25384.4,25385.4,59,314,0
2026-09-02 23:15:00,25386.4,25387.4,25383.4,25387.4,42,314,0
2026-09-02 23:30:00,25388.4,25392.4,25385.4,25392.4,60,314,0
2026-09-02 23:45:00,25391.4,25404.3,25391.4,25393.4,162,314,0
2026-09-03 00:00:00,25392.4,25393.4,25378.3,25383.3,254,314,0
2026-09-03 00:15:00,25382.3,25382.3,25365.3,25367.3,177,314,0
2026-09-03 00:30:00,25366.3,25374.3,25364.3,25368.3,168,314,0
2026-09-03 01:15:00,25404.9,25471.3,25384.0,25446.5,818,71,0
2026-09-03 01:30:00,25444.5,25519.3,25409.3,25431.6,2287,71,0
2026-09-03 01:45:00,25433.6,25479.4,25407.5,25420.5,1175,71,0
2026-09-03 02:00:00,25421.5,25454.1,25419.5,25438.4,856,71,0
2026-09-03 02:15:00,25439.4,25443.4,25388.4,25391.5,669,71,0
2026-09-03 02:30:00,25390.5,25392.5,25349.5,25354.5,652,71,0
2026-09-03 02:45:00,25353.5,25355.5,25324.4,25328.4,436,71,0
2026-09-03 03:00:00,25327.4,25341.4,25317.5,25321.5,410,71,0
2026-09-03 03:15:00,25322.5,25322.5,25283.5,25295.4,408,71,0
2026-09-03 03:30:00,25294.4,25294.4,25248.6,25273.4,334,71,0
2026-09-03 03:45:00,25271.4,25284.4,25257.5,25267.5,314,71,0
2026-09-03 04:00:00,25255.3,25255.3,25250.3,25253.3,84,314,0
2026-09-03 04:15:00,25252.3,25262.4,25252.3,25259.3,61,314,0
2026-09-03 05:00:00,25266.4,25267.5,25208.6,25228.4,558,71,0
2026-09-03 05:15:00,25230.4,25230.4,25124.5,25145.4,563,71,0
2026-09-03 05:30:00,25147.4,25184.4,25138.5,25165.5,506,71,0
2026-09-03 05:45:00,25163.5,25212.4,25157.5,25211.4,421,71,0
2026-09-03 06:00:00,25213.4,25239.4,25186.5,25209.4,503,71,0
2026-09-03 06:15:00,25208.4,25235.4,25192.5,25234.4,421,71,0
2026-09-03 06:30:00,25235.4,25249.4,25169.5,25173.5,401,71,0
2026-09-03 06:45:00,25174.5,25199.4,25164.5,25190.4,302,71,0
2026-09-03 07:00:00,25188.4,25188.4,25144.4,25148.4,392,71,0
2026-09-03 07:15:00,25146.4,25168.4,25129.5,25149.5,303,71,0
2026-09-03 07:30:00,25151.5,25161.4,25131.6,25146.5,282,71,0
2026-09-03 07:45:00,25147.5,25147.5,25114.5,25117.5,293,71,0
2026-09-03 08:00:00,25115.5,25166.4,25106.5,25133.4,642,71,0
2026-09-03 08:15:00,25131.4,25151.4,25126.5,25143.4,271,71,0
2026-09-03 09:15:00,25152.6,25172.9,25136.1,25163.5,342,71,0
2026-09-03 09:30:00,25162.0,25165.5,25144.5,25153.5,212,71,0
2026-09-03 09:45:00,25152.5,25161.4,25138.5,25145.5,221,71,0
2026-09-03 10:00:00,25147.0,25151.5,25131.5,25132.5,226,71,0
2026-09-03 10:15:00,25132.0,25137.5,25111.1,25120.5,200,71,0
2026-09-03 10:30:00,25118.5,25139.4,25110.5,25139.4,214,71,0
2026-09-03 10:45:00,25138.9,25159.3,25135.4,25158.4,207,71,0
2026-09-03 11:00:00,25156.4,25176.4,25147.5,25169.9,348,71,0
2026-09-03 11:15:00,25170.4,25191.2,25162.5,25175.4,255,71,0
2026-09-03 11:30:00,25176.4,25194.4,25146.7,25189.4,301,71,0
2026-09-03 11:45:00,25188.4,25188.4,25171.4,25176.5,199,71,0
2026-09-03 12:00:00,25177.5,25191.9,25175.0,25177.5,257,71,0
2026-09-03 12:15:00,25177.0,25193.4,25171.5,25183.5,207,71,0
2026-09-03 12:30:00,25182.5,25247.7,25182.5,25234.4,636,71,0
2026-09-03 12:45:00,25235.4,25265.8,25231.4,25258.4,316,71,0
2026-09-03 13:00:00,25259.4,25269.4,25245.5,25266.9,342,71,0
2026-09-03 13:15:00,25266.4,25271.9,25236.5,25242.5,280,71,0
2026-09-03 13:30:00,25244.4,25257.8,25209.5,25221.4,782,71,0
2026-09-03 13:45:00,25222.4,25261.8,25192.6,25255.4,574,71,0
2026-09-03 14:00:00,25253.4,25300.8,25241.3,25287.4,681,71,0
2026-09-03 14:15:00,25286.4,25286.4,25257.0,25278.4,443,71,0
2026-09-03 14:30:00,25277.4,25295.3,25260.5,25271.4,435,71,0
2026-09-03 14:45:00,25270.5,25316.9,25267.9,25315.4,418,71,0
2026-09-03 15:00:00,25316.4,25355.3,25312.4,25334.4,417,71,0
2026-09-03 15:15:00,25334.9,25355.4,25333.9,25353.4,371,71,0
2026-09-03 15:30:00,25354.4,25355.4,25330.5,25338.4,312,71,0
2026-09-03 15:45:00,25339.4,25359.4,25338.4,25359.4,267,71,0
2026-09-03 16:00:00,25360.4,25368.8,25357.4,25365.9,301,71,0
2026-09-03 16:15:00,25366.4,25384.8,25366.4,25381.9,241,71,0
2026-09-03 16:30:00,25383.4,25386.4,25373.4,25385.4,202,71,0
2026-09-03 16:45:00,25386.4,25404.3,25385.4,25393.4,209,71,0
2026-09-03 17:00:00,25395.4,25403.4,25392.4,25396.4,159,71,0
2026-09-03 17:15:00,25394.9,25409.9,25394.4,25409.9,130,71,0
2026-09-03 17:30:00,25410.9,25415.4,25407.4,25410.4,157,71,0
2026-09-03 17:45:00,25409.4,25417.4,25405.4,25416.9,175,71,0
2026-09-03 18:00:00,25416.4,25426.3,25414.4,25426.3,162,71,0
2026-09-03 18:15:00,25425.8,25436.9,25422.4,25435.4,163,71,0
2026-09-03 18:30:00,25434.4,25440.9,25430.4,25434.4,118,71,0
2026-09-03 18:45:00,25435.4,25439.9,25426.0,25426.0,153,71,0
2026-09-03 19:00:00,25414.4,25414.4,25408.4,25408.4,52,314,0
2026-09-03 19:15:00,25409.4,25409.4,25398.4,25406.4,63,314,0
2026-09-03 19:30:00,25405.4,25410.4,25403.4,25407.3,75,314,0
2026-09-03 19:45:00,25406.3,25412.3,25395.3,25406.3,123,314,0
2026-09-03 20:00:00,25407.3,25407.3,25398.3,25403.3,114,314,0
2026-09-03 20:15:00,25402.3,25403.3,25398.3,25399.3,51,314,0
2026-09-03 20:30:00,25400.3,25402.3,25399.3,25400.3,23,314,0
2026-09-03 20:45:00,25401.3,25401.3,25396.3,25399.3,59,314,0
2026-09-03 22:00:00,25399.3,25401.3,25394.3,25398.3,67,314,0
2026-09-03 22:15:00,25399.3,25404.3,25399.3,25400.3,24,314,0
2026-09-03 22:30:00,25401.3,25408.3,25400.3,25406.3,29,314,0
2026-09-03 22:45:00,25407.3,25409.3,25405.3,25409.3,33,314,0
2026-09-03 23:00:00,25407.3,25408.3,25402.3,25402.4,42,314,0
2026-09-03 23:15:00,25401.4,25405.4,25401.4,25404.4,32,314,0
2026-09-03 23:30:00,25403.4,25409.3,25401.3,25405.4,53,314,0
2026-09-03 23:45:00,25404.4,25411.3,25402.3,25405.3,164,314,0
2026-09-04 00:00:00,25402.3,25403.4,25387.1,25392.1,228,314,0
2026-09-04 00:15:00,25391.1,25406.1,25388.1,25405.1,171,314,0
2026-09-04 00:30:00,25406.1,25408.1,25398.1,25408.1,125,314,0
2026-09-04 01:15:00,25439.9,25581.3,25433.4,25550.5,1105,71,0
2026-09-04 01:30:00,25552.5,25735.3,25507.6,25731.3,2541,71,0
2026-09-04 01:45:00,25733.3,25747.4,25687.6,25726.4,1061,71,0
2026-09-04 02:00:00,25728.4,25767.4,25723.4,25735.5,779,71,0
2026-09-04 02:15:00,25737.5,25740.4,25700.5,25706.5,684,71,0
2026-09-04 02:30:00,25708.5,25766.4,25706.5,25760.4,615,71,0
2026-09-04 02:45:00,25762.4,25769.4,25740.5,25753.4,468,71,0
2026-09-04 03:00:00,25755.4,25761.4,25721.5,25734.5,526,71,0
2026-09-04 03:15:00,25736.5,25742.4,25701.5,25733.4,468,71,0
2026-09-04 03:30:00,25734.4,25753.4,25710.5,25718.5,355,71,0
2026-09-04 03:45:00,25716.5,25724.5,25706.5,25716.5,262,71,0
2026-09-04 04:00:00,25704.3,25710.3,25699.3,25710.3,86,314,0
2026-09-04 04:15:00,25712.3,25718.3,25709.3,25717.3,65,314,0
2026-09-04 05:00:00,25715.5,25727.4,25685.5,25699.5,671,71,0
2026-09-04 05:15:00,25697.5,25718.4,25662.5,25663.4,486,71,0
2026-09-04 05:30:00,25664.4,25675.4,25622.5,25661.4,519,71,0
2026-09-04 05:45:00,25660.4,25680.4,25647.5,25661.4,465,71,0
2026-09-04 06:00:00,25660.4,25719.4,25658.4,25716.3,501,71,0
2026-09-04 06:15:00,25717.4,25722.4,25672.5,25676.5,470,71,0
2026-09-04 06:30:00,25675.5,25679.5,25626.5,25638.4,565,71,0
2026-09-04 06:45:00,25636.4,25650.4,25628.5,25631.5,433,71,0
2026-09-04 07:00:00,25629.5,25642.5,25609.5,25633.4,462,71,0
2026-09-04 07:15:00,25634.4,25667.4,25628.4,25649.5,378,71,0
2026-09-04 07:30:00,25647.5,25663.4,25639.5,25651.5,318,71,0
2026-09-04 07:45:00,25649.5,25658.4,25639.5,25639.5,300,71,0
2026-09-04 08:00:00,25640.5,25642.5,25616.5,25629.4,405,71,0
2026-09-04 08:15:00,25630.4,25658.4,25628.4,25651.4,265,71,0
2026-09-04 09:15:00,25636.5,25636.5,25615.6,25620.5,184,71,0
2026-09-04 09:30:00,25621.0,25634.4,25613.6,25629.4,137,71,0
2026-09-04 09:45:00,25630.4,25634.4,25617.5,25618.5,170,71,0
2026-09-04 10:00:00,25619.0,25634.4,25615.5,25628.4,111,71,0
2026-09-04 10:15:00,25630.4,25643.4,25619.5,25621.5,180,71,0
2026-09-04 10:30:00,25621.0,25627.4,25613.5,25626.9,130,71,0
2026-09-04 10:45:00,25627.4,25636.9,25621.4,25621.4,121,71,0
2026-09-04 11:00:00,25622.9,25628.4,25617.5,25623.5,132,71,0
2026-09-04 11:15:00,25622.5,25629.9,25621.5,25624.5,90,71,0
2026-09-04 11:30:00,25625.5,25644.4,25624.0,25644.4,131,71,0
2026-09-04 11:45:00,25645.9,25660.4,25645.9,25655.4,134,71,0
2026-09-04 12:00:00,25656.4,25658.4,25630.5,25639.4,244,71,0
2026-09-04 12:15:00,25640.4,25685.3,25633.4,25674.3,247,71,0
2026-09-04 12:30:00,25672.3,25672.3,25523.2,25563.5,871,71,0
2026-09-04 12:45:00,25553.4,25579.4,25535.6,25550.5,577,71,0
2026-09-04 13:00:00,25552.5,25555.4,25532.5,25553.4,421,71,0
2026-09-04 13:15:00,25555.4,25597.3,25544.4,25596.3,392,71,0
2026-09-04 13:30:00,25598.3,25655.8,25590.4,25625.4,1053,71,0
2026-09-04 13:45:00,25624.4,25651.9,25581.1,25589.6,659,71,0
2026-09-04 14:00:00,25588.6,25625.9,25577.5,25621.3,636,71,0
2026-09-04 14:15:00,25623.3,25632.3,25600.5,25616.4,498,71,0
2026-09-04 14:30:00,25617.5,25652.9,25616.4,25644.5,432,71,0
2026-09-04 14:45:00,25646.5,25652.4,25600.6,25615.5,401,71,0
2026-09-04 15:00:00,25616.5,25688.3,25603.5,25675.3,417,71,0
2026-09-04 15:15:00,25674.4,25700.4,25671.4,25680.5,415,71,0
2026-09-04 15:30:00,25682.5,25701.4,25665.5,25698.4,311,71,0
2026-09-04 15:45:00,25697.4,25701.0,25688.5,25690.5,226,71,0
2026-09-04 16:00:00,25689.5,25697.4,25676.4,25694.4,228,71,0
2026-09-04 16:15:00,25695.4,25703.4,25686.5,25695.5,189,71,0
2026-09-04 16:30:00,25696.0,25702.5,25680.1,25687.5,191,71,0
2026-09-04 16:45:00,25688.5,25698.5,25681.0,25682.5,145,71,0
2026-09-04 17:00:00,25683.5,25683.5,25654.3,25656.3,210,71,0
2026-09-04 17:15:00,25656.0,25669.4,25649.5,25649.5,152,71,0
2026-09-04 17:30:00,25650.5,25653.5,25627.6,25627.6,157,71,0
2026-09-04 17:45:00,25628.6,25638.5,25623.5,25623.5,136,71,0
2026-09-04 18:00:00,25624.5,25635.4,25620.5,25626.5,159,71,0
2026-09-04 18:15:00,25627.5,25639.4,25627.5,25637.4,121,71,0
2026-09-04 18:30:00,25637.9,25640.9,25629.4,25636.4,147,71,0
2026-09-04 18:45:00,25638.4,25662.9,25633.4,25659.9,147,71,0
2026-09-04 19:00:00,25649.3,25651.3,25637.3,25638.3,92,314,0
2026-09-04 19:15:00,25639.3,25655.3,25638.3,25654.3,67,314,0
2026-09-04 19:30:00,25653.3,25665.3,25650.3,25665.3,87,314,0
2026-09-04 19:45:00,25663.3,25665.3,25656.3,25661.3,138,314,0
2026-09-06 22:00:00,25681.3,25690.3,25658.5,25676.5,99,314,0
2026-09-06 22:15:00,25677.5,25680.5,25675.5,25680.5,39,314,0
2026-09-06 22:30:00,25681.5,25683.6,25679.5,25680.6,35,314,0
2026-09-06 22:45:00,25679.6,25679.6,25676.6,25676.6,16,314,0
2026-09-06 23:00:00,25675.6,25685.7,25675.6,25682.7,40,314,0
2026-09-06 23:15:00,25681.7,25682.7,25674.7,25677.7,58,314,0
2026-09-06 23:30:00,25676.7,25684.6,25672.7,25684.6,74,314,0
2026-09-06 23:45:00,25683.6,25691.5,25673.5,25681.5,164,314,0
2026-09-07 00:00:00,25682.5,25696.3,25675.4,25692.3,237,314,0
2026-09-07 00:15:00,25690.3,25701.3,25689.3,25694.3,163,314,0
2026-09-07 00:30:00,25695.3,25696.3,25684.3,25691.3,145,314,0
2026-09-07 01:15:00,25753.0,25759.0,25578.6,25604.5,1125,71,0
2026-09-07 01:30:00,25607.5,25616.3,25459.5,25488.4,3171,71,0
2026-09-07 01:45:00,25486.4,25525.4,25407.6,25423.5,1279,71,0
2026-09-07 02:00:00,25421.5,25424.5,25377.6,25394.4,923,71,0
2026-09-07 02:15:00,25393.5,25413.4,25376.5,25377.5,695,71,0
2026-09-07 02:30:00,25379.5,25388.4,25363.5,25374.5,531,71,0
2026-09-07 02:45:00,25373.5,25373.5,25331.5,25336.5,435,71,0
2026-09-07 03:00:00,25334.5,25368.4,25321.5,25345.5,464,71,0
2026-09-07 03:15:00,25343.5,25365.4,25340.5,25346.5,426,71,0
2026-09-07 03:30:00,25344.5,25355.5,25327.5,25331.5,251,71,0
2026-09-07 03:45:00,25330.5,25362.4,25326.5,25361.4,222,71,0
2026-09-07 04:00:00,25347.8,25350.3,25344.3,25347.3,88,314,0
2026-09-07 04:15:00,25348.3,25348.3,25341.3,25346.3,71,314,0
2026-09-07 05:00:00,25363.5,25380.8,25333.5,25351.4,506,71,0
2026-09-07 05:15:00,25349.4,25370.4,25340.4,25358.5,342,71,0
2026-09-07 05:30:00,25356.5,25381.4,25355.5,25360.5,394,71,0
2026-09-07 05:45:00,25358.5,25370.5,25343.5,25366.4,270,71,0
2026-09-07 06:00:00,25364.4,25366.4,25338.5,25362.4,310,71,0
2026-09-07 06:15:00,25363.4,25395.4,25360.4,25388.5,297,71,0
2026-09-07 06:30:00,25390.5,25416.4,25388.5,25412.5,284,71,0
2026-09-07 06:45:00,25413.5,25425.4,25404.5,25422.4,268,71,0
2026-09-07 07:00:00,25424.4,25426.5,25392.5,25408.5,312,71,0
2026-09-07 07:15:00,25406.5,25415.5,25374.5,25375.5,242,71,0
2026-09-07 07:30:00,25377.5,25379.5,25352.5,25365.5,270,71,0
2026-09-07 07:45:00,25364.5,25372.4,25355.4,25364.4,296,71,0
2026-09-07 08:00:00,25362.4,25371.4,25339.5,25346.5,319,71,0
2026-09-07 08:15:00,25344.5,25353.4,25327.5,25333.0,227,71,0
2026-09-07 09:15:00,25325.0,25326.5,25304.6,25317.5,186,71,0
2026-09-07 09:30:00,25318.5,25332.4,25316.5,25324.5,154,71,0
2026-09-07 09:45:00,25323.5,25326.4,25313.5,25313.5,133,71,0
2026-09-07 10:00:00,25312.5,25318.5,25307.5,25314.5,142,71,0
2026-09-07 10:15:00,25313.0,25319.4,25306.5,25308.5,124,71,0
2026-09-07 10:30:00,25309.5,25315.5,25303.0,25314.5,105,71,0
2026-09-07 10:45:00,25315.5,25320.0,25290.5,25305.5,219,71,0
2026-09-07 11:00:00,25303.5,25303.5,25289.0,25302.5,213,71,0
2026-09-07 11:15:00,25303.5,25304.5,25294.5,25300.5,123,71,0
2026-09-07 11:30:00,25301.5,25302.5,25288.5,25300.5,108,71,0
2026-09-07 11:45:00,25299.5,25310.4,25284.0,25284.5,118,71,0
2026-09-07 12:00:00,25286.5,25288.5,25274.0,25275.5,140,71,0
2026-09-07 12:15:00,25276.5,25293.5,25275.5,25293.5,106,71,0
2026-09-07 12:30:00,25294.0,25300.5,25287.5,25291.5,132,71,0
2026-09-07 12:45:00,25292.5,25303.5,25291.5,25294.5,97,71,0
2026-09-07 13:00:00,25293.0,25302.4,25287.5,25300.4,128,71,0
2026-09-07 13:15:00,25302.4,25305.4,25291.5,25300.4,152,71,0
2026-09-07 13:30:00,25299.4,25299.5,25277.0,25277.5,245,71,0
2026-09-07 13:45:00,25277.0,25288.0,25276.5,25282.5,149,71,0
2026-09-07 14:00:00,25283.5,25291.4,25262.1,25264.5,176,71,0
2026-09-07 14:15:00,25263.5,25272.5,25262.5,25268.5,133,71,0
2026-09-07 14:30:00,25267.5,25268.5,25255.5,25264.0,139,71,0
2026-09-07 14:45:00,25262.5,25263.5,25254.5,25254.5,138,71,0
2026-09-07 15:00:00,25255.5,25265.4,25251.0,25258.5,161,71,0
2026-09-07 15:15:00,25257.5,25267.4,25252.5,25266.4,116,71,0
2026-09-07 15:30:00,25267.4,25270.4,25240.5,25250.4,157,71,0
2026-09-07 15:45:00,25249.4,25256.4,25247.4,25255.4,102,71,0
2026-09-07 16:00:00,25256.9,25256.9,25245.4,25246.4,82,71,0
2026-09-07 16:15:00,25246.9,25247.9,25243.4,25247.4,51,71,0
2026-09-07 16:30:00,25246.9,25257.9,25245.4,25257.4,57,71,0
2026-09-07 16:45:00,25258.4,25258.9,25254.4,25256.4,43,71,0
2026-09-07 17:00:00,25257.4,25260.9,25253.9,25256.4,39,71,0
2026-09-07 17:15:00,25256.9,25260.4,25255.9,25259.4,32,71,0
2026-09-07 17:30:00,25260.4,25261.4,25257.4,25259.4,22,71,0
2026-09-07 17:45:00,25260.4,25263.4,25255.4,25257.4,19,71,0
2026-09-07 18:00:00,25256.4,25266.9,25256.4,25261.4,35,71,0
2026-09-07 18:15:00,25262.4,25263.9,25258.5,25258.5,34,71,0
2026-09-07 18:30:00,25257.5,25261.0,25256.0,25256.5,30,71,0
2026-09-07 18:45:00,25257.5,25260.0,25247.5,25260.0,59,71,0
2026-09-07 22:00:00,25255.2,25273.3,25240.5,25243.5,101,314,0
2026-09-07 22:15:00,25244.5,25244.5,25235.5,25236.5,33,314,0
2026-09-07 22:30:00,25235.6,25235.6,25220.6,25226.6,53,314,0
2026-09-07 22:45:00,25227.6,25228.6,25223.6,25226.6,40,314,0
2026-09-07 23:00:00,25225.6,25227.6,25221.6,25221.6,45,314,0
2026-09-07 23:15:00,25220.6,25240.5,25209.7,25237.5,97,314,0
2026-09-07 23:30:00,25238.5,25251.4,25231.5,25248.5,85,314,0
2026-09-07 23:45:00,25249.4,25267.5,25247.4,25262.4,169,314,0
2026-09-08 00:00:00,25264.4,25271.3,25256.4,25270.3,231,314,0
2026-09-08 00:15:00,25269.3,25290.2,25263.3,25283.3,202,314,0
2026-09-08 00:30:00,25282.3,25284.3,25273.3,25275.3,141,314,0
2026-09-08 01:15:00,25248.8,25250.8,25155.7,25211.4,1031,71,0
2026-09-08 01:30:00,25213.4,25301.3,25163.6,25201.4,2624,71,0
2026-09-08 01:45:00,25203.4,25276.4,25187.5,25258.4,1423,71,0
2026-09-08 02:00:00,25256.4,25280.4,25198.5,25207.5,1019,71,0
2026-09-08 02:15:00,25205.5,25247.4,25195.5,25222.5,749,71,0
2026-09-08 02:30:00,25223.5,25259.4,25217.5,25245.5,647,71,0
2026-09-08 02:45:00,25244.5,25275.4,25230.5,25251.4,588,71,0
2026-09-08 03:00:00,25253.4,25257.4,25217.5,25242.5,491,71,0
2026-09-08 03:15:00,25243.5,25266.4,25238.5,25266.4,409,71,0
2026-09-08 03:30:00,25268.4,25289.3,25251.4,25289.3,265,71,0
2026-09-08 03:45:00,25287.3,25306.4,25283.4,25293.5,251,71,0
2026-09-08 04:00:00,25281.3,25284.3,25278.3,25278.3,78,314,0
2026-09-08 04:15:00,25277.3,25277.3,25271.4,25273.4,74,314,0
2026-09-08 05:00:00,25290.5,25296.0,25234.5,25275.4,754,71,0
2026-09-08 05:15:00,25276.4,25341.4,25272.4,25284.5,919,71,0
2026-09-08 05:30:00,25282.5,25295.4,25252.5,25293.4,659,71,0
2026-09-08 05:45:00,25291.4,25303.4,25268.5,25284.4,482,71,0
2026-09-08 06:00:00,25283.4,25286.4,25265.4,25275.5,422,71,0
2026-09-08 06:15:00,25274.5,25293.3,25238.5,25284.4,461,71,0
2026-09-08 06:30:00,25285.4,25301.4,25274.4,25292.4,372,71,0
2026-09-08 06:45:00,25291.4,25307.4,25287.5,25304.4,282,71,0
2026-09-08 07:00:00,25306.4,25314.4,25281.5,25300.5,394,71,0
2026-09-08 07:15:00,25299.5,25304.4,25287.4,25303.4,280,71,0
2026-09-08 07:30:00,25302.4,25306.4,25261.5,25275.5,290,71,0
2026-09-08 07:45:00,25274.5,25288.4,25261.5,25267.5,249,71,0
2026-09-08 08:00:00,25269.5,25270.4,25231.4,25234.4,437,71,0
2026-09-08 08:15:00,25233.4,25243.4,25220.0,25222.0,260,71,0
2026-09-08 09:15:00,25261.9,25276.4,25256.9,25275.4,165,71,0
2026-09-08 09:30:00,25276.4,25302.4,25276.4,25296.5,293,71,0
2026-09-08 09:45:00,25298.0,25304.9,25287.0,25303.4,197,71,0
2026-09-08 10:00:00,25304.4,25305.4,25289.5,25293.9,170,71,0
2026-09-08 10:15:00,25295.4,25349.4,25292.4,25307.5,426,71,0
2026-09-08 10:30:00,25308.5,25308.5,25294.5,25296.5,133,71,0
2026-09-08 10:45:00,25296.0,25304.5,25290.5,25292.5,131,71,0
2026-09-08 11:00:00,25294.5,25312.4,25279.0,25287.5,218,71,0
2026-09-08 11:15:00,25289.5,25301.5,25287.5,25296.5,121,71,0
2026-09-08 11:30:00,25295.5,25317.8,25294.5,25306.4,173,71,0
2026-09-08 11:45:00,25305.4,25314.4,25298.5,25311.4,172,71,0
2026-09-08 12:00:00,25310.4,25311.4,25290.5,25290.5,234,71,0
2026-09-08 12:15:00,25291.0,25307.4,25284.0,25307.4,255,71,0
2026-09-08 12:30:00,25309.4,25319.4,25303.4,25317.4,209,71,0
2026-09-08 12:45:00,25317.9,25334.4,25315.4,25334.4,241,71,0
2026-09-08 13:00:00,25332.4,25332.4,25314.5,25323.5,213,71,0
2026-09-08 13:15:00,25321.5,25324.5,25306.0,25306.5,212,71,0
2026-09-08 13:30:00,25308.5,25324.4,25253.6,25269.5,822,71,0
2026-09-08 13:45:00,25271.5,25297.4,25262.6,25271.5,582,71,0
2026-09-08 14:00:00,25269.5,25302.4,25263.0,25273.5,566,71,0
2026-09-08 14:15:00,25272.5,25291.4,25267.4,25267.4,445,71,0
2026-09-08 14:30:00,25266.9,25292.4,25264.4,25291.4,376,71,0
2026-09-08 14:45:00,25291.9,25295.4,25272.5,25290.4,357,71,0
2026-09-08 15:00:00,25292.4,25304.9,25274.0,25296.0,370,71,0
2026-09-08 15:15:00,25297.4,25311.4,25282.5,25284.5,363,71,0
2026-09-08 15:30:00,25285.5,25288.5,25266.6,25276.5,274,71,0
2026-09-08 15:45:00,25278.5,25279.4,25238.6,25242.6,263,71,0
2026-09-08 16:00:00,25243.6,25243.6,25205.5,25208.5,294,71,0
2026-09-08 16:15:00,25207.5,25209.5,25184.5,25187.5,294,71,0
2026-09-08 16:30:00,25187.0,25211.4,25184.5,25208.4,213,71,0
2026-09-08 16:45:00,25209.4,25229.4,25189.5,25213.5,345,71,0
2026-09-08 17:00:00,25214.5,25263.3,25214.5,25259.4,245,71,0
2026-09-08 17:15:00,25261.4,25261.4,25246.5,25252.5,191,71,0
2026-09-08 17:30:00,25252.0,25262.4,25245.5,25262.4,167,71,0
2026-09-08 17:45:00,25261.4,25277.3,25257.4,25266.4,196,71,0
2026-09-08 18:00:00,25266.4,25292.8,25266.4,25291.4,188,71,0
2026-09-08 18:15:00,25292.4,25306.3,25290.4,25302.4,146,71,0
2026-09-08 18:30:00,25303.4,25303.4,25289.4,25300.4,163,71,0
2026-09-08 18:45:00,25301.4,25309.9,25267.5,25284.0,514,71,0
2026-09-08 19:00:00,25272.3,25275.3,25267.3,25274.3,104,314,0
2026-09-08 19:15:00,25273.3,25276.3,25259.3,25272.3,110,314,0
2026-09-08 19:30:00,25271.3,25273.3,25265.3,25266.3,96,314,0
2026-09-08 19:45:00,25267.3,25268.3,25243.4,25257.3,184,314,0
2026-09-08 20:00:00,25255.3,25260.3,25240.4,25247.4,117,314,0
2026-09-08 20:15:00,25249.4,25250.4,25239.4,25239.4,61,314,0
2026-09-08 20:30:00,25238.4,25246.4,25236.4,25246.4,51,314,0
2026-09-08 20:45:00,25245.4,25247.4,25237.3,25239.4,64,314,0
2026-09-08 22:00:00,25241.4,25242.4,25215.5,25215.5,103,314,0
2026-09-08 22:15:00,25214.6,25219.5,25214.5,25217.5,54,314,0
2026-09-08 22:30:00,25218.5,25218.6,25214.5,25217.6,28,314,0
2026-09-08 22:45:00,25218.6,25228.5,25217.6,25227.5,31,314,0
2026-09-08 23:00:00,25226.5,25227.5,25210.6,25210.6,39,314,0
2026-09-08 23:15:00,25209.6,25209.6,25203.6,25204.6,43,314,0
2026-09-08 23:30:00,25205.6,25207.6,25198.6,25201.6,68,314,0
2026-09-08 23:45:00,25200.6,25203.5,25187.5,25195.4,166,314,0
2026-09-09 00:00:00,25196.4,25226.3,25196.4,25205.3,255,314,0
2026-09-09 00:15:00,25203.3,25203.3,25190.3,25193.3,189,314,0
2026-09-09 00:30:00,25192.3,25220.2,25181.3,25219.2,184,314,0
2026-09-09 01:15:00,25280.4,25291.4,25222.0,25278.4,749,71,0
2026-09-09 01:30:00,25280.4,25284.5,25104.6,25204.4,2065,71,0
2026-09-09 01:45:00,25203.4,25256.4,25180.5,25207.5,1120,71,0
2026-09-09 02:00:00,25205.5,25251.4,25198.6,25232.4,856,71,0
2026-09-09 02:15:00,25234.4,25270.4,25218.5,25250.5,668,71,0
2026-09-09 02:30:00,25252.5,25267.4,25230.6,25249.5,582,71,0
2026-09-09 02:45:00,25247.5,25253.5,25217.5,25236.4,509,71,0
2026-09-09 03:00:00,25234.4,25258.4,25229.5,25241.4,475,71,0
2026-09-09 03:15:00,25239.4,25281.3,25229.5,25274.4,422,71,0
2026-09-09 03:30:00,25276.4,25282.4,25240.6,25250.5,308,71,0
2026-09-09 03:45:00,25251.5,25280.4,25250.5,25273.4,217,71,0
2026-09-09 04:00:00,25261.2,25267.3,25249.3,25251.3,129,314,0
2026-09-09 04:15:00,25250.3,25267.3,25248.3,25264.3,136,314,0
2026-09-09 05:00:00,25290.4,25290.4,25212.5,25218.5,558,71,0
2026-09-09 05:15:00,25216.5,25227.4,25186.6,25203.5,390,71,0
2026-09-09 05:30:00,25205.5,25206.5,25163.5,25193.4,478,71,0
2026-09-09 05:45:00,25191.4,25239.4,25184.4,25230.4,418,71,0
2026-09-09 06:00:00,25229.4,25234.4,25200.5,25224.4,386,71,0
2026-09-09 06:15:00,25225.4,25231.4,25198.5,25205.5,339,71,0
2026-09-09 06:30:00,25207.5,25219.4,25193.5,25205.5,320,71,0
2026-09-09 06:45:00,25204.5,25204.5,25190.5,25202.4,238,71,0
2026-09-09 07:00:00,25204.4,25242.3,25192.5,25225.4,323,71,0
2026-09-09 07:15:00,25223.4,25225.5,25206.5,25216.5,265,71,0
2026-09-09 07:30:00,25215.5,25216.5,25202.5,25207.5,207,71,0
2026-09-09 07:45:00,25209.5,25222.4,25204.5,25221.4,242,71,0
2026-09-09 08:00:00,25219.4,25225.4,25211.5,25212.5,256,71,0
2026-09-09 08:15:00,25211.5,25219.4,25201.5,25210.5,194,71,0
2026-09-09 09:15:00,25176.5,25185.5,25171.5,25176.5,191,71,0
2026-09-09 09:30:00,25175.5,25186.5,25155.6,25158.0,288,71,0
2026-09-09 09:45:00,25157.5,25160.0,25122.6,25130.5,284,71,0
2026-09-09 10:00:00,25131.5,25134.5,25111.5,25117.5,366,71,0
2026-09-09 10:15:00,25118.5,25123.5,25093.6,25102.6,282,71,0
2026-09-09 10:30:00,25101.1,25111.5,25083.5,25084.5,251,71,0
2026-09-09 10:45:00,25083.0,25091.5,25073.5,25085.5,305,71,0
2026-09-09 11:00:00,25084.5,25102.4,25077.6,25090.4,259,71,0
2026-09-09 11:15:00,25091.4,25111.4,25085.5,25104.4,203,71,0
2026-09-09 11:30:00,25103.4,25103.4,25087.0,25094.5,247,71,0
2026-09-09 11:45:00,25095.5,25124.4,25086.0,25097.5,453,71,0
2026-09-09 12:00:00,25096.5,25097.5,25073.6,25077.5,282,71,0
2026-09-09 12:15:00,25078.5,25089.5,25069.5,25084.4,300,71,0
2026-09-09 12:30:00,25083.4,25116.4,25082.5,25115.4,304,71,0
2026-09-09 12:45:00,25116.4,25130.9,25116.4,25130.9,206,71,0
2026-09-09 13:00:00,25130.4,25147.4,25126.4,25133.0,251,71,0
2026-09-09 13:15:00,25133.5,25143.9,25123.5,25143.4,221,71,0
2026-09-09 13:30:00,25141.4,25163.4,25065.2,25095.4,826,71,0
2026-09-09 13:45:00,25096.9,25103.4,25023.6,25040.5,612,71,0
2026-09-09 14:00:00,25042.0,25081.4,25041.5,25062.5,536,71,0
2026-09-09 14:15:00,25061.5,25072.3,25025.5,25063.4,512,71,0
2026-09-09 14:30:00,25064.4,25077.9,25057.5,25058.5,391,71,0
2026-09-09 14:45:00,25059.0,25060.5,25030.5,25040.5,404,71,0
2026-09-09 15:00:00,25039.5,25065.3,24964.0,24968.5,707,71,0
2026-09-09 15:15:00,24969.5,24992.4,24958.0,24990.4,468,71,0
2026-09-09 15:30:00,24992.4,25030.3,24987.4,24998.5,467,71,0
2026-09-09 15:45:00,25000.5,25001.5,24976.5,24982.5,306,71,0
2026-09-09 16:00:00,24981.5,25008.4,24968.5,24976.5,313,71,0
2026-09-09 16:15:00,24975.5,24999.4,24961.5,24986.5,281,71,0
2026-09-09 16:30:00,24987.5,25007.4,24986.5,25004.4,235,71,0
2026-09-09 16:45:00,25003.4,25016.4,25002.4,25010.5,221,71,0
2026-09-09 17:00:00,25009.5,25022.9,25003.5,25006.5,285,71,0
2026-09-09 17:15:00,25007.5,25021.4,25005.5,25011.0,189,71,0
2026-09-09 17:30:00,25009.5,25010.5,24988.5,25002.5,234,71,0
2026-09-09 17:45:00,25003.5,25007.0,24987.0,24988.5,221,71,0
2026-09-09 18:00:00,24988.0,24995.5,24974.5,24981.5,222,71,0
2026-09-09 18:15:00,24982.0,24992.5,24979.5,24991.5,229,71,0
2026-09-09 18:30:00,24992.5,24997.9,24983.5,24994.9,198,71,0
2026-09-09 18:45:00,24995.4,24996.9,24973.5,24981.5,238,71,0
2026-09-09 19:00:00,24969.3,24979.3,24962.3,24978.3,93,314,0
2026-09-09 19:15:00,24977.3,24985.3,24977.3,24981.3,65,314,0
2026-09-09 19:30:00,24980.3,24981.3,24969.3,24975.3,74,314,0
2026-09-09 19:45:00,24976.3,24977.3,24946.3,24953.3,129,314,0
2026-09-09 20:00:00,24952.3,24955.3,24948.3,24954.3,84,314,0
2026-09-09 20:15:00,24955.3,24956.3,24951.3,24955.3,45,314,0
2026-09-09 20:30:00,24954.3,24960.3,24954.3,24959.3,47,314,0
2026-09-09 20:45:00,24958.3,24962.2,24956.3,24961.2,64,314,0
2026-09-09 22:00:00,24943.3,24943.3,24910.6,24911.6,91,314,0
2026-09-09 22:15:00,24912.6,24912.6,24909.6,24910.6,43,314,0
2026-09-09 22:30:00,24911.6,24913.5,24910.5,24913.5,45,314,0
2026-09-09 22:45:00,24912.5,24914.5,24910.6,24912.6,27,314,0
2026-09-09 23:00:00,24911.6,24915.6,24910.6,24913.6,49,314,0
2026-09-09 23:15:00,24912.6,24920.6,24912.6,24917.6,60,314,0
2026-09-09 23:30:00,24918.6,24918.6,24913.6,24916.6,36,314,0
2026-09-09 23:45:00,24917.6,24931.4,24909.6,24931.4,175,314,0
2026-09-10 00:00:00,24933.4,24935.3,24922.3,24924.3,279,314,0
2026-09-10 00:15:00,24925.3,24940.3,24923.3,24936.3,214,314,0
2026-09-10 00:30:00,24935.3,24937.3,24920.3,24927.3,161,314,0
2026-09-10 01:15:00,24935.5,24950.3,24871.5,24871.5,1030,71,0
2026-09-10 01:30:00,24873.5,24910.4,24807.5,24866.5,2460,71,0
