time,open,high,low,close,tick_volume,spread,real_volume
2026-04-16 17:45:00,0.80637,0.80637,0.80616,0.8063,112,18,0
2026-04-16 18:00:00,0.80631,0.80668,0.80626,0.80637,181,18,0
2026-04-16 18:15:00,0.80638,0.80651,0.80625,0.80645,117,18,0
2026-04-16 18:30:00,0.80646,0.80653,0.80636,0.80647,108,18,0
2026-04-16 18:45:00,0.80645,0.80646,0.80624,0.80627,88,18,0
2026-04-16 19:00:00,0.80626,0.80667,0.80626,0.80666,91,18,0
2026-04-16 19:15:00,0.80667,0.80689,0.80659,0.80662,81,18,0
2026-04-16 19:30:00,0.80663,0.80671,0.80652,0.80652,88,18,0
2026-04-16 19:45:00,0.80653,0.80692,0.80646,0.80683,122,18,0
2026-04-16 20:00:00,0.80686,0.80693,0.8067,0.80676,92,18,0
2026-04-16 20:15:00,0.80675,0.80677,0.80649,0.80656,79,18,0
2026-04-16 20:30:00,0.8066,0.80695,0.80658,0.80691,71,18,0
2026-04-16 20:45:00,0.80692,0.80703,0.80689,0.80698,53,11,0
2026-04-16 21:00:00,0.80698,0.80699,0.80695,0.80697,6,22,0
2026-04-16 21:15:00,0.80698,0.80699,0.8068,0.80687,25,22,0
2026-04-16 21:30:00,0.80686,0.8072,0.80686,0.8072,62,25,0
2026-04-16 21:45:00,0.80719,0.80731,0.80719,0.8073,35,20,0
2026-04-16 22:00:00,0.8073,0.80733,0.80675,0.80692,96,13,0
2026-04-16 22:15:00,0.8069,0.80696,0.80683,0.80695,41,13,0
2026-04-16 22:30:00,0.80693,0.80699,0.80687,0.80699,41,13,0
2026-04-16 22:45:00,0.80696,0.807,0.80685,0.80688,22,13,0
2026-04-16 23:00:00,0.80685,0.80697,0.80683,0.80689,28,18,0
2026-04-16 23:15:00,0.80691,0.80711,0.8069,0.80703,21,18,0
2026-04-16 23:30:00,0.80701,0.80701,0.80657,0.80657,35,18,0
2026-04-16 23:45:00,0.80655,0.80656,0.8061,0.80622,56,18,0
2026-04-17 00:00:00,0.8062,0.80636,0.80603,0.80624,139,18,0
2026-04-17 00:15:00,0.80623,0.80642,0.80617,0.8064,93,18,0
2026-04-17 00:30:00,0.80638,0.8066,0.80637,0.8066,99,18,0
2026-04-17 00:45:00,0.80661,0.80668,0.80632,0.8064,85,18,0
2026-04-17 01:00:00,0.80642,0.8065,0.80609,0.80631,128,18,0
2026-04-17 01:15:00,0.80628,0.80645,0.8061,0.80612,96,18,0
2026-04-17 01:30:00,0.80615,0.8062,0.80591,0.80608,92,18,0
2026-04-17 01:45:00,0.8061,0.80616,0.80588,0.80602,77,18,0
2026-04-17 02:00:00,0.806,0.80603,0.80568,0.80581,72,18,0
2026-04-17 02:15:00,0.80584,0.80605,0.80583,0.80598,43,18,0
2026-04-17 02:30:00,0.80597,0.80621,0.80597,0.80603,47,18,0
2026-04-17 02:45:00,0.80604,0.80604,0.80583,0.80583,33,18,0
2026-04-17 03:00:00,0.80582,0.80593,0.80575,0.80577,53,18,0
2026-04-17 03:15:00,0.80576,0.80579,0.80543,0.80546,43,18,0
2026-04-17 03:30:00,0.80545,0.8059,0.80544,0.80586,71,18,0
2026-04-17 03:45:00,0.80587,0.80598,0.80579,0.80581,44,18,0
2026-04-17 04:00:00,0.8058,0.80591,0.80573,0.80587,48,18,0
2026-04-17 04:15:00,0.80589,0.80596,0.80575,0.80586,64,18,0
2026-04-17 04:30:00,0.80585,0.80586,0.80571,0.80576,36,18,0
2026-04-17 04:45:00,0.80574,0.80587,0.80569,0.80581,31,18,0
2026-04-17 05:00:00,0.8058,0.80581,0.80549,0.80566,87,18,0
2026-04-17 05:15:00,0.80569,0.80583,0.80555,0.80578,55,18,0
2026-04-17 05:30:00,0.8058,0.80582,0.80543,0.80543,73,18,0
2026-04-17 05:45:00,0.80545,0.80567,0.80545,0.80556,60,18,0
2026-04-17 06:00:00,0.80553,0.80556,0.80502,0.80502,137,18,0
2026-04-17 06:15:00,0.80501,0.80507,0.8048,0.8048,112,18,0
2026-04-17 06:30:00,0.80478,0.80495,0.80465,0.80495,92,18,0
2026-04-17 06:45:00,0.80496,0.8051,0.80489,0.80493,89,18,0
2026-04-17 07:00:00,0.80495,0.80529,0.80495,0.80521,123,18,0
2026-04-17 07:15:00,0.80519,0.8052,0.80498,0.80498,107,18,0
2026-04-17 07:30:00,0.80499,0.80521,0.80492,0.80521,133,18,0
2026-04-17 07:45:00,0.80519,0.80556,0.80512,0.80551,109,18,0
2026-04-17 08:00:00,0.80554,0.80554,0.80486,0.80504,131,18,0
2026-04-17 08:15:00,0.80506,0.80508,0.80471,0.80487,106,18,0
2026-04-17 08:30:00,0.8049,0.80558,0.80489,0.80556,102,18,0
2026-04-17 08:45:00,0.80555,0.8057,0.80538,0.80562,97,18,0
2026-04-17 09:00:00,0.80561,0.80579,0.8053,0.80531,112,18,0
2026-04-17 09:15:00,0.80532,0.80575,0.8053,0.80566,102,18,0
2026-04-17 09:30:00,0.80563,0.80568,0.80517,0.80524,123,18,0
2026-04-17 09:45:00,0.80525,0.80525,0.80495,0.80501,131,18,0
2026-04-17 10:00:00,0.80499,0.80532,0.80496,0.80528,110,18,0
2026-04-17 10:15:00,0.80527,0.80542,0.80522,0.80537,69,18,0
2026-04-17 10:30:00,0.80539,0.80549,0.80482,0.80483,90,18,0
2026-04-17 10:45:00,0.80485,0.80512,0.80469,0.80484,113,18,0
2026-04-17 11:00:00,0.80482,0.80484,0.80454,0.80474,83,18,0
2026-04-17 11:15:00,0.80471,0.80494,0.80467,0.80475,86,18,0
2026-04-17 11:30:00,0.80477,0.80485,0.80449,0.80484,95,18,0
2026-04-17 11:45:00,0.80485,0.80494,0.80453,0.80467,104,18,0
2026-04-17 12:00:00,0.80465,0.80516,0.80461,0.80516,136,18,0
2026-04-17 12:15:00,0.80517,0.80601,0.80513,0.80585,210,18,0
2026-04-17 12:30:00,0.80586,0.80646,0.8058,0.80603,227,18,0
2026-04-17 12:45:00,0.80605,0.80869,0.80605,0.80868,788,18,0
2026-04-17 13:00:00,0.80866,0.80948,0.80818,0.80906,574,18,0
2026-04-17 13:15:00,0.80904,0.80904,0.80808,0.8083,608,18,0
2026-04-17 13:30:00,0.80828,0.80929,0.80809,0.8091,540,18,0
2026-04-17 13:45:00,0.80912,0.80936,0.80829,0.80904,574,18,0
2026-04-17 14:00:00,0.80901,0.80925,0.80828,0.80846,355,18,0
2026-04-17 14:15:00,0.80843,0.80887,0.80836,0.80859,349,18,0
2026-04-17 14:30:00,0.8086,0.80927,0.80832,0.80925,347,18,0
2026-04-17 14:45:00,0.80923,0.80942,0.80827,0.80838,373,18,0
2026-04-17 15:00:00,0.80836,0.8084,0.80771,0.80794,415,18,0
2026-04-17 15:15:00,0.80793,0.80797,0.8072,0.8074,295,18,0
2026-04-17 15:30:00,0.80741,0.80768,0.80693,0.80697,276,18,0
2026-04-17 15:45:00,0.80699,0.80761,0.80699,0.80745,225,18,0
2026-04-17 16:00:00,0.80744,0.80749,0.80721,0.80746,195,18,0
2026-04-17 16:15:00,0.80749,0.80792,0.80749,0.80769,184,18,0
2026-04-17 16:30:00,0.80771,0.80774,0.80742,0.80762,121,18,0
2026-04-17 16:45:00,0.80763,0.80772,0.80724,0.80725,118,18,0
2026-04-17 17:00:00,0.80726,0.80727,0.80661,0.80674,236,18,0
2026-04-17 17:15:00,0.80676,0.80698,0.80655,0.80665,272,18,0
2026-04-17 17:30:00,0.80663,0.80679,0.80653,0.80669,172,18,0
2026-04-17 17:45:00,0.80673,0.80692,0.8066,0.80685,107,18,0
2026-04-17 18:00:00,0.80687,0.8069,0.80639,0.80643,128,18,0
2026-04-17 18:15:00,0.80646,0.80703,0.80639,0.80663,172,18,0
2026-04-17 18:30:00,0.80667,0.80671,0.80628,0.8063,138,18,0
2026-04-17 18:45:00,0.80629,0.80634,0.80554,0.80571,170,18,0
2026-04-17 19:00:00,0.8057,0.80602,0.80564,0.80597,146,18,0
2026-04-17 19:15:00,0.80599,0.80605,0.80579,0.80581,118,18,0
2026-04-17 19:30:00,0.80582,0.80597,0.80562,0.80564,116,18,0
2026-04-17 19:45:00,0.80566,0.80609,0.80549,0.80606,145,18,0
2026-04-17 20:00:00,0.80604,0.80607,0.80555,0.80567,139,18,0
2026-04-17 20:15:00,0.80565,0.80568,0.80534,0.80551,88,18,0
2026-04-17 20:30:00,0.80552,0.80564,0.80541,0.80545,108,18,0
2026-04-17 20:45:00,0.80543,0.80546,0.80487,0.80518,267,18,0
2026-04-19 21:00:00,0.80132,0.80136,0.80124,0.8013,8,111,0
2026-04-19 21:15:00,0.80133,0.80188,0.80074,0.80124,52,30,0
2026-04-19 21:30:00,0.80121,0.8017,0.80081,0.80131,100,20,0
2026-04-19 21:45:00,0.80134,0.80163,0.80081,0.80146,241,20,0
2026-04-19 22:00:00,0.80149,0.80324,0.80126,0.80297,507,18,0
2026-04-19 22:15:00,0.80294,0.80328,0.8029,0.80318,233,18,0
2026-04-19 22:30:00,0.8032,0.80432,0.8032,0.80426,267,18,0
2026-04-19 22:45:00,0.80428,0.8043,0.80388,0.80393,114,18,0
2026-04-19 23:00:00,0.80394,0.8042,0.80393,0.80409,88,18,0
2026-04-19 23:15:00,0.80406,0.80418,0.8039,0.8039,86,18,0
2026-04-19 23:30:00,0.80392,0.80405,0.80366,0.80405,108,18,0
2026-04-19 23:45:00,0.80408,0.8041,0.80368,0.80378,125,18,0
2026-04-20 00:00:00,0.80381,0.80462,0.80362,0.80428,271,18,0
2026-04-20 00:15:00,0.8043,0.80487,0.8043,0.80479,182,18,0
2026-04-20 00:30:00,0.8048,0.80498,0.80461,0.80477,109,18,0
2026-04-20 00:45:00,0.80478,0.80483,0.80437,0.80458,135,18,0
2026-04-20 01:00:00,0.80455,0.80505,0.80452,0.80488,211,18,0
2026-04-20 01:15:00,0.80489,0.80494,0.80469,0.80469,113,18,0
2026-04-20 01:30:00,0.80471,0.80528,0.8047,0.80509,147,18,0
2026-04-20 01:45:00,0.80508,0.80527,0.8049,0.80503,103,18,0
2026-04-20 02:00:00,0.80501,0.80529,0.8049,0.80514,99,18,0
2026-04-20 02:15:00,0.80513,0.80533,0.80511,0.8053,70,18,0
2026-04-20 02:30:00,0.80531,0.80545,0.80516,0.80518,81,18,0
2026-04-20 02:45:00,0.80517,0.8052,0.80508,0.80516,68,18,0
2026-04-20 03:00:00,0.80517,0.80521,0.80497,0.80507,74,18,0
2026-04-20 03:15:00,0.80505,0.80517,0.80497,0.80508,58,18,0
2026-04-20 03:30:00,0.80506,0.8054,0.80501,0.80524,75,18,0
2026-04-20 03:45:00,0.80526,0.80526,0.80497,0.80497,44,18,0
2026-04-20 04:00:00,0.80495,0.80513,0.80483,0.80486,55,18,0
2026-04-20 04:15:00,0.80487,0.80489,0.80481,0.80484,39,18,0
2026-04-20 04:30:00,0.80483,0.80486,0.8047,0.80486,46,18,0
2026-04-20 04:45:00,0.80489,0.80505,0.80486,0.80496,58,18,0
2026-04-20 05:00:00,0.80494,0.80502,0.80471,0.80474,62,18,0
2026-04-20 05:15:00,0.80473,0.80484,0.80452,0.80454,70,18,0
2026-04-20 05:30:00,0.80451,0.80457,0.80378,0.80384,151,18,0
2026-04-20 05:45:00,0.80385,0.80416,0.80385,0.80395,132,18,0
2026-04-20 06:00:00,0.80394,0.80398,0.8034,0.80355,190,18,0
2026-04-20 06:15:00,0.80354,0.80354,0.8032,0.80329,134,18,0
2026-04-20 06:30:00,0.80332,0.80395,0.80332,0.80395,179,18,0
2026-04-20 06:45:00,0.80396,0.80442,0.80382,0.80441,198,18,0
2026-04-20 07:00:00,0.80444,0.80458,0.80418,0.80439,247,18,0
2026-04-20 07:15:00,0.80442,0.80451,0.80408,0.8042,185,18,0
2026-04-20 07:30:00,0.80418,0.80423,0.80349,0.80362,265,18,0
2026-04-20 07:45:00,0.80359,0.80359,0.80301,0.80333,169,18,0
2026-04-20 08:00:00,0.80335,0.80389,0.80335,0.8038,199,18,0
2026-04-20 08:15:00,0.80383,0.80385,0.80322,0.80351,169,18,0
2026-04-20 08:30:00,0.80348,0.80361,0.80337,0.80353,142,18,0
2026-04-20 08:45:00,0.80355,0.8039,0.80355,0.80369,154,18,0
2026-04-20 09:00:00,0.80372,0.80432,0.8037,0.80413,154,18,0
2026-04-20 09:15:00,0.80415,0.8045,0.80406,0.80429,144,18,0
2026-04-20 09:30:00,0.80427,0.80477,0.80427,0.80477,134,18,0
2026-04-20 09:45:00,0.80475,0.805,0.80475,0.80488,111,18,0
2026-04-20 10:00:00,0.80485,0.80533,0.80482,0.80519,150,18,0
2026-04-20 10:15:00,0.80517,0.80535,0.80503,0.80523,105,18,0
2026-04-20 10:30:00,0.80524,0.80529,0.80474,0.80475,87,18,0
2026-04-20 10:45:00,0.80477,0.8049,0.80464,0.8049,115,18,0
2026-04-20 11:00:00,0.80492,0.80492,0.80424,0.80435,125,18,0
2026-04-20 11:15:00,0.80437,0.80457,0.80432,0.80443,96,18,0
2026-04-20 11:30:00,0.80441,0.80462,0.80431,0.80461,138,18,0
2026-04-20 11:45:00,0.80463,0.80536,0.80458,0.80536,164,18,0
2026-04-20 12:00:00,0.80534,0.80537,0.80486,0.80486,204,18,0
2026-04-20 12:15:00,0.80489,0.80489,0.80468,0.80485,151,18,0
2026-04-20 12:30:00,0.80488,0.80509,0.80477,0.80506,183,18,0
2026-04-20 12:45:00,0.80504,0.80532,0.80485,0.80485,149,18,0
2026-04-20 13:00:00,0.80483,0.8054,0.80464,0.80535,301,18,0
2026-04-20 13:15:00,0.80537,0.80575,0.80505,0.80569,215,18,0
2026-04-20 13:30:00,0.80572,0.80579,0.80514,0.80548,289,18,0
2026-04-20 13:45:00,0.80545,0.80563,0.80524,0.80554,283,18,0
2026-04-20 14:00:00,0.80552,0.80552,0.80457,0.80476,253,18,0
2026-04-20 14:15:00,0.80474,0.80499,0.80453,0.8046,265,18,0
2026-04-20 14:30:00,0.80458,0.80463,0.80369,0.80409,293,18,0
2026-04-20 14:45:00,0.80408,0.80424,0.80338,0.80392,448,18,0
2026-04-20 15:00:00,0.80393,0.80404,0.8036,0.8039,300,18,0
2026-04-20 15:15:00,0.80391,0.80455,0.8038,0.8045,325,18,0
2026-04-20 15:30:00,0.80447,0.8045,0.8039,0.8039,241,18,0
2026-04-20 15:45:00,0.80387,0.80416,0.80366,0.804,262,18,0
2026-04-20 16:00:00,0.80398,0.8041,0.80363,0.80363,158,18,0
2026-04-20 16:15:00,0.80361,0.80366,0.80341,0.80353,134,18,0
2026-04-20 16:30:00,0.80355,0.80358,0.80314,0.80349,158,18,0
2026-04-20 16:45:00,0.80348,0.8038,0.80348,0.80358,131,18,0
2026-04-20 17:00:00,0.80361,0.80389,0.8036,0.80387,150,18,0
2026-04-20 17:15:00,0.80385,0.80385,0.80352,0.80352,91,18,0
2026-04-20 17:30:00,0.80354,0.80363,0.80326,0.80348,155,18,0
2026-04-20 17:45:00,0.80349,0.80354,0.80318,0.80322,81,18,0
2026-04-20 18:00:00,0.80325,0.80351,0.80325,0.80338,125,18,0
2026-04-20 18:15:00,0.80337,0.80341,0.80307,0.80313,109,18,0
2026-04-20 18:30:00,0.8031,0.80327,0.80305,0.80321,110,18,0
2026-04-20 18:45:00,0.80324,0.80336,0.80317,0.80324,95,18,0
2026-04-20 19:00:00,0.80323,0.80365,0.80321,0.8036,90,18,0
2026-04-20 19:15:00,0.80361,0.80366,0.80356,0.80357,60,18,0
2026-04-20 19:30:00,0.80355,0.80369,0.80347,0.80363,73,18,0
2026-04-20 19:45:00,0.80361,0.80393,0.80359,0.8039,102,18,0
2026-04-20 20:00:00,0.80391,0.80392,0.80353,0.80362,67,18,0
2026-04-20 20:15:00,0.80364,0.80373,0.80357,0.80361,47,18,0
2026-04-20 20:30:00,0.80363,0.80389,0.80363,0.80389,85,18,0
2026-04-20 20:45:00,0.8039,0.80393,0.80358,0.80361,88,15,0
2026-04-20 21:00:00,0.80364,0.80364,0.8035,0.8035,7,24,0
2026-04-20 21:15:00,0.80346,0.80346,0.80277,0.80278,52,48,0
2026-04-20 21:30:00,0.80276,0.80324,0.80268,0.80324,110,62,0
2026-04-20 21:45:00,0.80324,0.80337,0.80306,0.80306,67,24,0
2026-04-20 22:00:00,0.80333,0.80394,0.80291,0.80331,137,14,0
2026-04-20 22:15:00,0.80334,0.80349,0.80334,0.8034,22,13,0
2026-04-20 22:30:00,0.80341,0.80366,0.80329,0.8036,64,13,0
2026-04-20 22:45:00,0.80363,0.80657,0.8035,0.80657,526,13,0
2026-04-20 23:00:00,0.80654,0.80687,0.806,0.80618,176,18,0
2026-04-20 23:15:00,0.80615,0.80616,0.80592,0.80608,54,18,0
2026-04-20 23:30:00,0.80607,0.80607,0.8058,0.80595,59,18,0
2026-04-20 23:45:00,0.80594,0.80598,0.80562,0.80567,97,18,0
2026-04-21 00:00:00,0.8057,0.80617,0.80568,0.80614,174,18,0
2026-04-21 00:15:00,0.80616,0.80653,0.80608,0.80622,129,18,0
2026-04-21 00:30:00,0.80625,0.80664,0.80609,0.80649,118,18,0
2026-04-21 00:45:00,0.8065,0.80672,0.80646,0.8066,169,18,0
2026-04-21 01:00:00,0.80658,0.80679,0.80649,0.80666,97,18,0
2026-04-21 01:15:00,0.80668,0.80698,0.8066,0.80698,98,18,0
2026-04-21 01:30:00,0.80696,0.80763,0.80696,0.80759,122,18,0
2026-04-21 01:45:00,0.8076,0.8076,0.80723,0.8073,121,18,0
2026-04-21 02:00:00,0.80731,0.8074,0.80696,0.80738,95,18,0
2026-04-21 02:15:00,0.80735,0.80735,0.80703,0.80707,72,18,0
2026-04-21 02:30:00,0.80704,0.80704,0.80669,0.80672,74,18,0
2026-04-21 02:45:00,0.80673,0.8068,0.80647,0.8068,69,18,0
2026-04-21 03:00:00,0.80682,0.80683,0.8058,0.8058,112,18,0
2026-04-21 03:15:00,0.80579,0.80583,0.80515,0.80557,129,18,0
2026-04-21 03:30:00,0.80555,0.80593,0.80554,0.80592,98,18,0
2026-04-21 03:45:00,0.80593,0.80594,0.8058,0.80581,69,18,0
2026-04-21 04:00:00,0.80579,0.80595,0.80579,0.80579,54,18,0
2026-04-21 04:15:00,0.80578,0.80601,0.80577,0.806,50,18,0
2026-04-21 04:30:00,0.80601,0.80612,0.80596,0.80603,39,18,0
2026-04-21 04:45:00,0.80604,0.80606,0.80579,0.80589,43,18,0
2026-04-21 05:00:00,0.80591,0.80617,0.80589,0.80609,81,18,0
2026-04-21 05:15:00,0.80613,0.80682,0.80613,0.80679,81,18,0
2026-04-21 05:30:00,0.8068,0.8069,0.80655,0.80655,89,18,0
2026-04-21 05:45:00,0.80653,0.8066,0.80614,0.80634,99,18,0
2026-04-21 06:00:00,0.80636,0.80661,0.80608,0.80651,154,18,0
2026-04-21 06:15:00,0.80649,0.80659,0.80627,0.80636,118,18,0
2026-04-21 06:30:00,0.80637,0.80666,0.8063,0.80664,113,18,0
2026-04-21 06:45:00,0.80663,0.80705,0.80657,0.80698,109,18,0
2026-04-21 07:00:00,0.80696,0.80706,0.80625,0.80645,210,18,0
2026-04-21 07:15:00,0.80648,0.80671,0.80633,0.8067,149,18,0
2026-04-21 07:30:00,0.80673,0.80686,0.8061,0.80625,160,18,0
2026-04-21 07:45:00,0.80623,0.80667,0.80623,0.80627,211,18,0
2026-04-21 08:00:00,0.80625,0.80635,0.80555,0.80555,290,18,0
2026-04-21 08:15:00,0.80559,0.80624,0.80558,0.80616,176,18,0
2026-04-21 08:30:00,0.80615,0.80621,0.80584,0.80614,177,18,0
2026-04-21 08:45:00,0.80616,0.80616,0.80586,0.80616,99,18,0
2026-04-21 09:00:00,0.80614,0.80615,0.80571,0.80587,128,18,0
2026-04-21 09:15:00,0.80586,0.80603,0.80582,0.80584,107,18,0
2026-04-21 09:30:00,0.80586,0.80589,0.8057,0.80582,73,18,0
2026-04-21 09:45:00,0.80584,0.80641,0.8058,0.8062,121,18,0
2026-04-21 10:00:00,0.80617,0.8063,0.80586,0.80598,129,18,0
2026-04-21 10:15:00,0.80599,0.80627,0.80598,0.80621,103,18,0
2026-04-21 10:30:00,0.80618,0.80633,0.80611,0.80621,72,18,0
2026-04-21 10:45:00,0.80622,0.80637,0.80612,0.80637,88,18,0
2026-04-21 11:00:00,0.80638,0.8067,0.80589,0.80623,221,18,0
2026-04-21 11:15:00,0.80622,0.80659,0.80615,0.80646,104,18,0
2026-04-21 11:30:00,0.80644,0.80686,0.80641,0.80677,90,18,0
2026-04-21 11:45:00,0.80676,0.80723,0.80673,0.8071,121,18,0
2026-04-21 12:00:00,0.80713,0.80716,0.80687,0.8069,148,18,0
2026-04-21 12:15:00,0.80686,0.80693,0.8063,0.80651,154,18,0
2026-04-21 12:30:00,0.80647,0.80647,0.80582,0.80585,307,18,0
2026-04-21 12:45:00,0.80588,0.80609,0.8057,0.8059,223,18,0
2026-04-21 13:00:00,0.80589,0.80641,0.80589,0.80605,174,18,0
2026-04-21 13:15:00,0.80603,0.80629,0.80599,0.80618,173,18,0
2026-04-21 13:30:00,0.80621,0.80633,0.80602,0.80609,273,18,0
2026-04-21 13:45:00,0.80612,0.80681,0.80597,0.80681,208,18,0
2026-04-21 14:00:00,0.80677,0.80697,0.80661,0.80689,189,18,0
2026-04-21 14:15:00,0.8069,0.80706,0.80661,0.8067,192,18,0
2026-04-21 14:30:00,0.80673,0.80684,0.80642,0.80651,284,18,0
2026-04-21 14:45:00,0.80648,0.80672,0.80558,0.8056,357,18,0
2026-04-21 15:00:00,0.80559,0.80598,0.80531,0.80566,318,18,0
2026-04-21 15:15:00,0.80565,0.8059,0.80521,0.80524,242,18,0
2026-04-21 15:30:00,0.80522,0.80535,0.80483,0.80514,257,18,0
2026-04-21 15:45:00,0.80516,0.80552,0.80516,0.80535,180,18,0
2026-04-21 16:00:00,0.80537,0.80574,0.80536,0.80569,245,18,0
2026-04-21 16:15:00,0.80571,0.80576,0.80525,0.80539,174,18,0
2026-04-21 16:30:00,0.80538,0.80554,0.80505,0.80507,163,18,0
2026-04-21 16:45:00,0.80505,0.80528,0.80481,0.80489,127,18,0
2026-04-21 17:00:00,0.80487,0.80503,0.80386,0.80387,372,18,0
2026-04-21 17:15:00,0.80384,0.80412,0.8034,0.80409,262,18,0
2026-04-21 17:30:00,0.80411,0.80581,0.80411,0.80554,429,18,0
2026-04-21 17:45:00,0.80557,0.80563,0.80485,0.80503,237,18,0
2026-04-21 18:00:00,0.80502,0.80518,0.80484,0.80487,177,18,0
2026-04-21 18:15:00,0.80488,0.80489,0.80411,0.8043,271,18,0
2026-04-21 18:30:00,0.80433,0.80454,0.8042,0.8042,157,18,0
2026-04-21 18:45:00,0.80422,0.80505,0.80421,0.80491,302,18,0
2026-04-21 19:00:00,0.80492,0.80553,0.80488,0.80523,251,18,0
2026-04-21 19:15:00,0.80526,0.80564,0.80508,0.80564,275,18,0
2026-04-21 19:30:00,0.80562,0.80571,0.80299,0.80313,372,18,0
2026-04-21 19:45:00,0.8031,0.80357,0.80277,0.80311,371,18,0
2026-04-21 20:00:00,0.8031,0.80497,0.80298,0.80482,481,18,0
2026-04-21 20:15:00,0.80485,0.80574,0.80466,0.80553,291,18,0
2026-04-21 20:30:00,0.80557,0.8056,0.80497,0.80497,148,18,0
2026-04-21 20:45:00,0.80493,0.8052,0.80473,0.80507,193,11,0
2026-04-21 21:00:00,0.80509,0.80514,0.80505,0.80506,21,13,0
2026-04-21 21:15:00,0.80504,0.80505,0.80416,0.80419,69,35,0
2026-04-21 21:30:00,0.80417,0.80449,0.80395,0.80449,92,98,0
2026-04-21 21:45:00,0.80447,0.80476,0.80446,0.80476,47,20,0
2026-04-21 22:00:00,0.80486,0.80517,0.80486,0.80512,86,13,0
2026-04-21 22:15:00,0.8051,0.80535,0.80504,0.80516,51,13,0
2026-04-21 22:30:00,0.8052,0.80522,0.80503,0.80503,46,13,0
2026-04-21 22:45:00,0.80502,0.80517,0.8049,0.80511,63,13,0
2026-04-21 23:00:00,0.80507,0.8052,0.80504,0.80509,46,18,0
2026-04-21 23:15:00,0.8051,0.80529,0.80506,0.80522,29,18,0
2026-04-21 23:30:00,0.80523,0.80528,0.80514,0.80528,45,18,0
2026-04-21 23:45:00,0.8053,0.80546,0.80524,0.80535,51,18,0
2026-04-22 00:00:00,0.80537,0.80641,0.80537,0.80619,155,18,0
2026-04-22 00:15:00,0.80618,0.80646,0.80604,0.80606,144,18,0
2026-04-22 00:30:00,0.80609,0.80649,0.80609,0.80649,103,18,0
2026-04-22 00:45:00,0.80646,0.80659,0.80632,0.80632,123,18,0
2026-04-22 01:00:00,0.80635,0.80667,0.80622,0.8063,110,18,0
2026-04-22 01:15:00,0.80628,0.80656,0.80624,0.80644,89,18,0
2026-04-22 01:30:00,0.80646,0.80681,0.80643,0.80643,117,18,0
2026-04-22 01:45:00,0.80641,0.80661,0.80632,0.80647,76,18,0
2026-04-22 02:00:00,0.8065,0.80687,0.8065,0.80683,108,18,0
2026-04-22 02:15:00,0.80685,0.80685,0.80667,0.80679,63,18,0
2026-04-22 02:30:00,0.80681,0.80684,0.80662,0.80665,71,18,0
2026-04-22 02:45:00,0.80666,0.80678,0.80637,0.80637,64,18,0
2026-04-22 03:00:00,0.80635,0.80663,0.80607,0.80641,93,18,0
2026-04-22 03:15:00,0.8064,0.8065,0.80632,0.80644,58,18,0
2026-04-22 03:30:00,0.80646,0.80667,0.80644,0.80655,57,18,0
2026-04-22 03:45:00,0.80658,0.80664,0.80651,0.80658,47,18,0
2026-04-22 04:00:00,0.80659,0.8068,0.80659,0.80677,62,18,0
2026-04-22 04:15:00,0.80676,0.80683,0.80665,0.80672,49,18,0
2026-04-22 04:30:00,0.80671,0.80678,0.80663,0.80674,40,18,0
2026-04-22 04:45:00,0.80675,0.80679,0.8062,0.8063,64,18,0
2026-04-22 05:00:00,0.80628,0.80679,0.80628,0.8067,86,18,0
2026-04-22 05:15:00,0.80668,0.80782,0.80668,0.80734,327,18,0
2026-04-22 05:30:00,0.80735,0.80758,0.80709,0.80755,127,18,0
2026-04-22 05:45:00,0.80753,0.80764,0.80748,0.80752,85,18,0
2026-04-22 06:00:00,0.8075,0.80779,0.80742,0.80779,148,18,0
2026-04-22 06:15:00,0.80778,0.80799,0.80762,0.80776,102,18,0
2026-04-22 06:30:00,0.80775,0.80788,0.80769,0.80785,127,18,0
2026-04-22 06:45:00,0.80787,0.80803,0.80774,0.80775,91,18,0
2026-04-22 07:00:00,0.80774,0.808,0.80774,0.80785,122,18,0
2026-04-22 07:15:00,0.80784,0.80784,0.80735,0.80742,129,18,0
2026-04-22 07:30:00,0.80745,0.80766,0.80735,0.80766,118,18,0
2026-04-22 07:45:00,0.80767,0.80813,0.80751,0.80807,133,18,0
2026-04-22 08:00:00,0.8081,0.80822,0.8077,0.80794,160,18,0
2026-04-22 08:15:00,0.80793,0.80798,0.80738,0.80741,153,18,0
2026-04-22 08:30:00,0.80739,0.80752,0.80701,0.80726,152,18,0
2026-04-22 08:45:00,0.80727,0.80748,0.80714,0.80736,96,18,0
2026-04-22 09:00:00,0.80734,0.80759,0.8072,0.80752,154,18,0
2026-04-22 09:15:00,0.80753,0.80757,0.8072,0.80741,130,18,0
2026-04-22 09:30:00,0.80739,0.80763,0.80738,0.80763,89,18,0
2026-04-22 09:45:00,0.80762,0.80765,0.80698,0.80701,133,18,0
2026-04-22 10:00:00,0.80703,0.80713,0.80663,0.80674,176,18,0
2026-04-22 10:15:00,0.80677,0.80702,0.80674,0.807,92,18,0
2026-04-22 10:30:00,0.80702,0.80739,0.80682,0.80682,99,18,0
2026-04-22 10:45:00,0.80683,0.8071,0.8068,0.80707,72,18,0
2026-04-22 11:00:00,0.80706,0.80707,0.80687,0.80694,89,18,0
2026-04-22 11:15:00,0.80692,0.80723,0.80692,0.80693,100,18,0
2026-04-22 11:30:00,0.80694,0.80704,0.80669,0.80676,120,18,0
2026-04-22 11:45:00,0.8068,0.80703,0.80669,0.80685,116,18,0
2026-04-22 12:00:00,0.80688,0.80726,0.80685,0.80694,163,18,0
2026-04-22 12:15:00,0.80692,0.80726,0.8068,0.8068,153,18,0
2026-04-22 12:30:00,0.80677,0.80682,0.80627,0.80627,197,18,0
2026-04-22 12:45:00,0.80625,0.80653,0.80622,0.80627,169,18,0
2026-04-22 13:00:00,0.8063,0.80654,0.80606,0.80623,250,18,0
2026-04-22 13:15:00,0.80625,0.80705,0.80622,0.80704,284,18,0
2026-04-22 13:30:00,0.80707,0.80744,0.80689,0.80736,319,18,0
2026-04-22 13:45:00,0.80737,0.80761,0.80734,0.80761,247,18,0
2026-04-22 14:00:00,0.80762,0.80784,0.80738,0.80758,192,18,0
2026-04-22 14:15:00,0.80761,0.80788,0.80759,0.80786,226,18,0
2026-04-22 14:30:00,0.80787,0.80787,0.80723,0.80724,277,18,0
2026-04-22 14:45:00,0.80726,0.80752,0.80716,0.80748,214,18,0
2026-04-22 15:00:00,0.80744,0.80749,0.80712,0.8073,237,18,0
2026-04-22 15:15:00,0.80728,0.80737,0.80714,0.80735,154,18,0
2026-04-22 15:30:00,0.80734,0.80741,0.80707,0.80707,167,18,0
2026-04-22 15:45:00,0.80704,0.8072,0.80695,0.80707,139,18,0
2026-04-22 16:00:00,0.8071,0.80714,0.8067,0.8067,163,18,0
2026-04-22 16:15:00,0.80674,0.80674,0.80642,0.80658,113,18,0
2026-04-22 16:30:00,0.80659,0.80659,0.80639,0.80641,119,18,0
2026-04-22 16:45:00,0.80639,0.80659,0.80634,0.80641,125,18,0
2026-04-22 17:00:00,0.80642,0.80691,0.80629,0.80675,208,18,0
2026-04-22 17:15:00,0.80672,0.80697,0.80669,0.8069,101,18,0
2026-04-22 17:30:00,0.80692,0.80702,0.80683,0.80693,91,18,0
2026-04-22 17:45:00,0.80692,0.8071,0.80673,0.80707,119,18,0
2026-04-22 18:00:00,0.80704,0.80717,0.80699,0.80705,87,18,0
2026-04-22 18:15:00,0.80704,0.80704,0.8069,0.80694,76,18,0
2026-04-22 18:30:00,0.80692,0.80712,0.80692,0.80712,72,18,0
2026-04-22 18:45:00,0.8071,0.80717,0.80688,0.80688,58,18,0
2026-04-22 19:00:00,0.80687,0.80702,0.80669,0.80674,125,18,0
2026-04-22 19:15:00,0.80673,0.8071,0.80672,0.80706,69,18,0
2026-04-22 19:30:00,0.80705,0.80711,0.80701,0.80704,51,18,0
2026-04-22 19:45:00,0.80703,0.80718,0.80697,0.80706,119,18,0
2026-04-22 20:00:00,0.80709,0.80715,0.8068,0.80688,80,18,0
2026-04-22 20:15:00,0.80691,0.80704,0.8068,0.80698,47,18,0
2026-04-22 20:30:00,0.80697,0.80718,0.80696,0.80705,84,18,0
2026-04-22 20:45:00,0.80708,0.80723,0.80696,0.80711,88,13,0
2026-04-22 21:00:00,0.8071,0.8071,0.80699,0.80699,5,24,0
2026-04-22 21:15:00,0.80697,0.807,0.80695,0.80698,24,31,0
2026-04-22 21:30:00,0.80696,0.80707,0.80683,0.80692,72,50,0
2026-04-22 21:45:00,0.80694,0.80727,0.8067,0.8067,60,22,0
2026-04-22 22:00:00,0.80699,0.80735,0.80686,0.807,76,13,0
2026-04-22 22:15:00,0.80698,0.80704,0.80693,0.80693,32,13,0
2026-04-22 22:30:00,0.8069,0.80694,0.80684,0.80689,32,13,0
2026-04-22 22:45:00,0.80691,0.80699,0.80685,0.80692,35,13,0
2026-04-22 23:00:00,0.80692,0.80698,0.80688,0.80691,33,18,0
2026-04-22 23:15:00,0.8069,0.807,0.8069,0.80699,15,18,0
2026-04-22 23:30:00,0.80697,0.80705,0.80692,0.80694,18,18,0
2026-04-22 23:45:00,0.80695,0.807,0.80686,0.807,31,18,0
2026-04-23 00:00:00,0.80699,0.8072,0.80607,0.80607,242,18,0
2026-04-23 00:15:00,0.80608,0.80722,0.80532,0.80699,609,18,0
2026-04-23 00:30:00,0.80698,0.80732,0.80696,0.80709,229,18,0
2026-04-23 00:45:00,0.80707,0.80726,0.80683,0.80698,215,18,0
2026-04-23 01:00:00,0.80697,0.80708,0.80674,0.80675,138,18,0
2026-04-23 01:15:00,0.80676,0.80689,0.80662,0.80662,100,18,0
2026-04-23 01:30:00,0.80664,0.80677,0.80621,0.80649,152,18,0
2026-04-23 01:45:00,0.80651,0.80656,0.80633,0.80635,151,18,0
2026-04-23 02:00:00,0.80636,0.80636,0.80584,0.80584,115,18,0
2026-04-23 02:15:00,0.80582,0.80625,0.80565,0.80603,183,18,0
2026-04-23 02:30:00,0.80606,0.80619,0.80593,0.80611,107,18,0
2026-04-23 02:45:00,0.80609,0.8062,0.80519,0.80523,166,18,0
2026-04-23 03:00:00,0.80525,0.8053,0.80478,0.80483,197,18,0
2026-04-23 03:15:00,0.80484,0.80488,0.80442,0.80451,134,18,0
2026-04-23 03:30:00,0.80454,0.80465,0.80421,0.80432,124,18,0
2026-04-23 03:45:00,0.8043,0.8043,0.80384,0.80387,115,18,0
2026-04-23 04:00:00,0.80386,0.80396,0.80354,0.80396,113,18,0
2026-04-23 04:15:00,0.80398,0.80417,0.8039,0.80415,84,18,0
2026-04-23 04:30:00,0.80417,0.80435,0.80417,0.80434,57,18,0
2026-04-23 04:45:00,0.80432,0.80454,0.80429,0.80445,62,18,0
2026-04-23 05:00:00,0.80442,0.80463,0.8044,0.80445,65,18,0
2026-04-23 05:15:00,0.80447,0.80476,0.80445,0.80473,71,18,0
2026-04-23 05:30:00,0.80472,0.80473,0.80442,0.8045,92,18,0
2026-04-23 05:45:00,0.80449,0.80483,0.80449,0.80478,89,18,0
2026-04-23 06:00:00,0.80481,0.80489,0.80448,0.80453,128,18,0
2026-04-23 06:15:00,0.80455,0.80472,0.8045,0.80464,105,18,0
2026-04-23 06:30:00,0.80462,0.80487,0.8046,0.80482,101,18,0
2026-04-23 06:45:00,0.80479,0.8048,0.80453,0.80457,119,18,0
2026-04-23 07:00:00,0.8046,0.80464,0.80425,0.80434,176,18,0
2026-04-23 07:15:00,0.80435,0.80488,0.80428,0.80486,131,18,0
2026-04-23 07:30:00,0.80483,0.80487,0.8046,0.80473,195,18,0
2026-04-23 07:45:00,0.80474,0.80514,0.80474,0.80511,179,18,0
2026-04-23 08:00:00,0.80513,0.80514,0.80467,0.8047,169,18,0
2026-04-23 08:15:00,0.80469,0.80476,0.80452,0.80458,127,18,0
2026-04-23 08:30:00,0.8046,0.80463,0.80411,0.80412,136,18,0
2026-04-23 08:45:00,0.80413,0.80446,0.8041,0.80414,103,18,0
2026-04-23 09:00:00,0.80412,0.80412,0.80308,0.80333,157,18,0
2026-04-23 09:15:00,0.80336,0.80388,0.80322,0.8037,194,18,0
2026-04-23 09:30:00,0.80372,0.80382,0.80348,0.80372,126,18,0
2026-04-23 09:45:00,0.8037,0.80377,0.80333,0.80334,128,18,0
2026-04-23 10:00:00,0.80332,0.80341,0.80284,0.8029,122,18,0
2026-04-23 10:15:00,0.80288,0.80331,0.80286,0.80327,139,18,0
2026-04-23 10:30:00,0.8033,0.80348,0.8032,0.80331,119,18,0
2026-04-23 10:45:00,0.80332,0.80342,0.80308,0.80324,123,18,0
2026-04-23 11:00:00,0.80327,0.80334,0.80298,0.80314,150,18,0
2026-04-23 11:15:00,0.80311,0.80337,0.80302,0.80317,130,18,0
2026-04-23 11:30:00,0.80315,0.80355,0.80303,0.80346,167,18,0
2026-04-23 11:45:00,0.80343,0.80442,0.80341,0.80428,289,18,0
2026-04-23 12:00:00,0.80425,0.80487,0.80401,0.80469,318,18,0
2026-04-23 12:15:00,0.80467,0.80471,0.80382,0.80384,196,18,0
2026-04-23 12:30:00,0.80381,0.80436,0.80381,0.8039,200,18,0
2026-04-23 12:45:00,0.80393,0.80407,0.80346,0.80377,389,18,0
2026-04-23 13:00:00,0.80376,0.80388,0.80325,0.80328,212,18,0
2026-04-23 13:15:00,0.80331,0.80353,0.8032,0.8034,192,18,0
2026-04-23 13:30:00,0.80337,0.8038,0.80333,0.80357,270,18,0
2026-04-23 13:45:00,0.8036,0.8036,0.80319,0.80319,279,18,0
2026-04-23 14:00:00,0.80317,0.8038,0.80295,0.80347,261,18,0
2026-04-23 14:15:00,0.80346,0.8043,0.80343,0.80405,235,18,0
2026-04-23 14:30:00,0.80406,0.80435,0.80388,0.80435,197,18,0
2026-04-23 14:45:00,0.80433,0.80473,0.80433,0.80439,215,18,0
2026-04-23 15:00:00,0.80437,0.80464,0.80423,0.80425,218,18,0
2026-04-23 15:15:00,0.80424,0.80489,0.80418,0.80479,188,18,0
2026-04-23 15:30:00,0.80477,0.80481,0.8042,0.8042,156,18,0
2026-04-23 15:45:00,0.80418,0.80424,0.80397,0.80402,206,18,0
2026-04-23 16:00:00,0.80401,0.80428,0.80388,0.80428,185,18,0
2026-04-23 16:15:00,0.80427,0.80439,0.80403,0.80431,150,18,0
2026-04-23 16:30:00,0.80429,0.80439,0.80416,0.80433,110,18,0
2026-04-23 16:45:00,0.80437,0.80443,0.80421,0.80427,98,18,0
2026-04-23 17:00:00,0.80429,0.80441,0.8026,0.80269,507,18,0
2026-04-23 17:15:00,0.80271,0.80281,0.8022,0.80254,442,18,0
2026-04-23 17:30:00,0.80252,0.80271,0.80126,0.80132,492,18,0
2026-04-23 17:45:00,0.80131,0.80311,0.80083,0.80308,795,18,0
2026-04-23 18:00:00,0.80311,0.80365,0.80311,0.8035,483,18,0
2026-04-23 18:15:00,0.80349,0.80365,0.80313,0.80322,267,18,0
2026-04-23 18:30:00,0.80324,0.8034,0.80281,0.80297,198,18,0
2026-04-23 18:45:00,0.80298,0.803,0.80235,0.80236,183,18,0
2026-04-23 19:00:00,0.80234,0.80243,0.80188,0.8019,200,18,0
2026-04-23 19:15:00,0.80189,0.80208,0.80188,0.80188,102,18,0
2026-04-23 19:30:00,0.80187,0.80196,0.80145,0.80166,170,18,0
2026-04-23 19:45:00,0.80162,0.80207,0.80162,0.80198,169,18,0
2026-04-23 20:00:00,0.80196,0.80202,0.80115,0.80119,142,18,0
2026-04-23 20:15:00,0.80117,0.80158,0.80098,0.80155,104,18,0
2026-04-23 20:30:00,0.80157,0.80166,0.80152,0.80161,46,18,0
2026-04-23 20:45:00,0.80163,0.80172,0.80148,0.8017,101,11,0
2026-04-23 21:00:00,0.80168,0.80171,0.80165,0.8017,22,21,0
2026-04-23 21:15:00,0.80168,0.80168,0.80145,0.80154,47,39,0
2026-04-23 21:30:00,0.80153,0.80167,0.80123,0.80124,68,83,0
2026-04-23 21:45:00,0.80121,0.80177,0.80104,0.80152,60,25,0
2026-04-23 22:00:00,0.80177,0.80211,0.80146,0.80211,77,14,0
2026-04-23 22:15:00,0.80208,0.80214,0.80192,0.80198,45,14,0
2026-04-23 22:30:00,0.802,0.80214,0.80197,0.80199,50,13,0
2026-04-23 22:45:00,0.802,0.80211,0.80194,0.80209,38,13,0
2026-04-23 23:00:00,0.80206,0.80209,0.80193,0.80197,23,18,0
2026-04-23 23:15:00,0.80196,0.80197,0.80181,0.80189,45,18,0
2026-04-23 23:30:00,0.80192,0.80195,0.80184,0.80193,26,18,0
2026-04-23 23:45:00,0.80195,0.80201,0.80156,0.80162,51,18,0
2026-04-24 00:00:00,0.80164,0.80219,0.80163,0.80211,159,18,0
2026-04-24 00:15:00,0.80213,0.80221,0.80195,0.80221,77,18,0
2026-04-24 00:30:00,0.80222,0.8023,0.80199,0.80208,108,18,0
2026-04-24 00:45:00,0.8021,0.80229,0.80207,0.80227,117,18,0
2026-04-24 01:00:00,0.80226,0.80272,0.80224,0.80248,131,18,0
2026-04-24 01:15:00,0.80249,0.80267,0.80249,0.80257,85,18,0
2026-04-24 01:30:00,0.80255,0.80259,0.80225,0.80227,141,18,0
2026-04-24 01:45:00,0.80226,0.8026,0.80225,0.80258,91,18,0
2026-04-24 02:00:00,0.8026,0.8026,0.80215,0.80217,91,18,0
2026-04-24 02:15:00,0.80216,0.80222,0.8018,0.8018,81,18,0
2026-04-24 02:30:00,0.80182,0.80206,0.80182,0.80199,74,18,0
2026-04-24 02:45:00,0.80197,0.80198,0.80154,0.80159,93,18,0
2026-04-24 03:00:00,0.8016,0.80168,0.80116,0.80126,101,18,0
2026-04-24 03:15:00,0.80123,0.80134,0.801,0.80111,101,18,0
2026-04-24 03:30:00,0.80112,0.80142,0.80078,0.80131,127,18,0
2026-04-24 03:45:00,0.8013,0.80131,0.8011,0.8011,89,18,0
2026-04-24 04:00:00,0.80107,0.80157,0.80101,0.80157,90,18,0
2026-04-24 04:15:00,0.8016,0.80182,0.80159,0.80179,66,18,0
2026-04-24 04:30:00,0.80176,0.80206,0.80174,0.80196,80,18,0
2026-04-24 04:45:00,0.80197,0.80242,0.80197,0.80229,83,18,0
2026-04-24 05:00:00,0.80232,0.8024,0.80181,0.80204,96,18,0
2026-04-24 05:15:00,0.80203,0.80211,0.8018,0.8018,84,18,0
2026-04-24 05:30:00,0.80182,0.80216,0.80182,0.80184,99,18,0
2026-04-24 05:45:00,0.80182,0.80186,0.8017,0.80174,69,18,0
2026-04-24 06:00:00,0.80175,0.80223,0.80172,0.80215,132,18,0
2026-04-24 06:15:00,0.80217,0.80222,0.80163,0.8017,130,18,0
2026-04-24 06:30:00,0.80173,0.80204,0.80173,0.8019,138,18,0
2026-04-24 06:45:00,0.80192,0.80192,0.80154,0.80162,116,18,0
2026-04-24 07:00:00,0.80159,0.80197,0.80149,0.80188,153,18,0
2026-04-24 07:15:00,0.80189,0.80211,0.80183,0.80188,129,18,0
2026-04-24 07:30:00,0.80184,0.80196,0.80171,0.80185,106,18,0
2026-04-24 07:45:00,0.80182,0.80204,0.80179,0.8018,108,18,0
2026-04-24 08:00:00,0.80181,0.80187,0.8013,0.80134,150,18,0
2026-04-24 08:15:00,0.80136,0.80227,0.80136,0.8019,239,18,0
2026-04-24 08:30:00,0.80188,0.8019,0.80145,0.80145,116,18,0
2026-04-24 08:45:00,0.80144,0.80192,0.80143,0.80161,152,18,0
2026-04-24 09:00:00,0.80164,0.80193,0.80153,0.80191,127,18,0
2026-04-24 09:15:00,0.80188,0.80196,0.80146,0.80163,167,18,0
2026-04-24 09:30:00,0.80162,0.80188,0.80143,0.80178,114,18,0
2026-04-24 09:45:00,0.8018,0.80182,0.80154,0.80154,93,18,0
2026-04-24 10:00:00,0.80155,0.80165,0.80146,0.80154,80,18,0
2026-04-24 10:15:00,0.80153,0.80163,0.80148,0.80154,86,18,0
2026-04-24 10:30:00,0.80157,0.80165,0.80143,0.80163,80,18,0
2026-04-24 10:45:00,0.80161,0.80177,0.80152,0.80168,91,18,0
2026-04-24 11:00:00,0.80167,0.8028,0.80165,0.80271,386,18,0
2026-04-24 11:15:00,0.80273,0.80424,0.80263,0.80424,383,18,0
2026-04-24 11:30:00,0.80426,0.80427,0.80326,0.80327,240,18,0
2026-04-24 11:45:00,0.80324,0.8034,0.80309,0.80335,176,18,0
2026-04-24 12:00:00,0.80337,0.80374,0.80336,0.80366,188,18,0
2026-04-24 12:15:00,0.80364,0.80369,0.80327,0.80336,214,18,0
2026-04-24 12:30:00,0.80334,0.80338,0.80301,0.80305,152,18,0
2026-04-24 12:45:00,0.80303,0.80316,0.80264,0.80291,196,18,0
2026-04-24 13:00:00,0.80293,0.80337,0.8029,0.8033,208,18,0
2026-04-24 13:15:00,0.80333,0.80337,0.80264,0.80279,208,18,0
2026-04-24 13:30:00,0.80281,0.80321,0.80259,0.80313,292,18,0
2026-04-24 13:45:00,0.80314,0.80335,0.80287,0.80332,234,18,0
2026-04-24 14:00:00,0.80334,0.80429,0.80291,0.80406,432,18,0
2026-04-24 14:15:00,0.80404,0.80426,0.80373,0.80396,291,18,0
2026-04-24 14:30:00,0.80395,0.80419,0.8037,0.80399,266,18,0
2026-04-24 14:45:00,0.80401,0.80401,0.80309,0.80314,233,18,0
2026-04-24 15:00:00,0.80311,0.80327,0.80294,0.80317,212,18,0
2026-04-24 15:15:00,0.80319,0.80324,0.80286,0.80298,184,18,0
2026-04-24 15:30:00,0.80296,0.80344,0.80268,0.80344,238,18,0
2026-04-24 15:45:00,0.80341,0.80397,0.80341,0.8039,372,18,0
2026-04-24 16:00:00,0.80393,0.80399,0.80349,0.80366,199,18,0
2026-04-24 16:15:00,0.80365,0.80372,0.80352,0.8036,146,18,0
2026-04-24 16:30:00,0.80363,0.80383,0.80357,0.80362,149,18,0
2026-04-24 16:45:00,0.80364,0.80379,0.80357,0.80378,141,18,0
2026-04-24 17:00:00,0.80379,0.8039,0.80369,0.80369,137,18,0
2026-04-24 17:15:00,0.80367,0.80368,0.80345,0.80352,117,18,0
2026-04-24 17:30:00,0.80351,0.8037,0.80344,0.8035,157,18,0
2026-04-24 17:45:00,0.80351,0.80376,0.80333,0.80335,138,18,0
2026-04-24 18:00:00,0.80337,0.80345,0.8033,0.80337,78,18,0
2026-04-24 18:15:00,0.80338,0.80341,0.8032,0.80325,114,18,0
2026-04-24 18:30:00,0.80321,0.80351,0.80318,0.80347,90,18,0
2026-04-24 18:45:00,0.80346,0.80354,0.80336,0.80352,66,18,0
2026-04-24 19:00:00,0.80356,0.80369,0.80354,0.80365,67,18,0
2026-04-24 19:15:00,0.80367,0.80373,0.80351,0.80357,60,18,0
2026-04-24 19:30:00,0.80356,0.80365,0.80345,0.80348,71,18,0
2026-04-24 19:45:00,0.80346,0.80364,0.80342,0.80362,85,18,0
2026-04-24 20:00:00,0.80365,0.80383,0.80354,0.80379,87,18,0
2026-04-24 20:15:00,0.8038,0.80395,0.80373,0.80386,61,18,0
2026-04-24 20:30:00,0.80383,0.80395,0.80371,0.80386,62,18,0
2026-04-24 20:45:00,0.80384,0.80397,0.80352,0.80364,148,18,0
2026-04-26 21:00:00,0.80086,0.80136,0.80086,0.80136,10,210,0
2026-04-26 21:15:00,0.80109,0.80184,0.80074,0.80107,55,130,0
2026-04-26 21:30:00,0.8012,0.80208,0.80056,0.80156,75,110,0
2026-04-26 21:45:00,0.80175,0.80277,0.80128,0.80206,333,102,0
2026-04-26 22:00:00,0.80275,0.80328,0.80202,0.80289,174,20,0
2026-04-26 22:15:00,0.80286,0.80302,0.80281,0.80297,68,18,0
2026-04-26 22:30:00,0.80295,0.80314,0.80285,0.80285,82,18,0
2026-04-26 22:45:00,0.80284,0.80304,0.80284,0.80303,53,18,0
2026-04-26 23:00:00,0.80302,0.80309,0.80287,0.80289,38,18,0
2026-04-26 23:15:00,0.80291,0.803,0.80281,0.80281,40,18,0
2026-04-26 23:30:00,0.80279,0.80284,0.80269,0.80276,33,18,0
2026-04-26 23:45:00,0.80279,0.80287,0.80273,0.8028,52,18,0
2026-04-27 00:00:00,0.80279,0.80333,0.80279,0.80324,155,18,0
2026-04-27 00:15:00,0.80323,0.80329,0.80308,0.80323,85,18,0
2026-04-27 00:30:00,0.80325,0.80354,0.80323,0.80352,69,18,0
2026-04-27 00:45:00,0.80353,0.80401,0.80351,0.80396,88,18,0
2026-04-27 01:00:00,0.804,0.80454,0.804,0.80426,267,18,0
2026-04-27 01:15:00,0.80424,0.80462,0.80403,0.8042,157,18,0
2026-04-27 01:30:00,0.80419,0.80454,0.80416,0.80449,115,18,0
2026-04-27 01:45:00,0.80448,0.80473,0.80437,0.80449,118,18,0
2026-04-27 02:00:00,0.8045,0.8047,0.80424,0.8047,93,18,0
2026-04-27 02:15:00,0.80471,0.80473,0.80446,0.80452,76,18,0
2026-04-27 02:30:00,0.80455,0.80499,0.80455,0.80483,77,18,0
2026-04-27 02:45:00,0.80481,0.80505,0.80479,0.80499,74,18,0
2026-04-27 03:00:00,0.80498,0.80519,0.80493,0.80516,92,18,0
2026-04-27 03:15:00,0.80517,0.80519,0.80504,0.80505,52,18,0
2026-04-27 03:30:00,0.80507,0.80514,0.80493,0.80514,57,18,0
2026-04-27 03:45:00,0.80512,0.80521,0.80492,0.80492,66,18,0
2026-04-27 04:00:00,0.80493,0.80493,0.80476,0.80476,57,18,0
2026-04-27 04:15:00,0.80478,0.80492,0.80477,0.80489,39,18,0
2026-04-27 04:30:00,0.80492,0.80494,0.80473,0.80473,29,18,0
2026-04-27 04:45:00,0.80472,0.80472,0.80431,0.80438,85,18,0
2026-04-27 05:00:00,0.80439,0.80442,0.80422,0.80422,72,18,0
2026-04-27 05:15:00,0.80421,0.80429,0.8042,0.80422,52,18,0
2026-04-27 05:30:00,0.80419,0.80419,0.80396,0.80403,93,18,0
2026-04-27 05:45:00,0.80402,0.80416,0.80389,0.80389,74,18,0
2026-04-27 06:00:00,0.8039,0.80392,0.80331,0.80349,146,18,0
2026-04-27 06:15:00,0.80347,0.8037,0.80343,0.80369,84,18,0
2026-04-27 06:30:00,0.80366,0.80384,0.80347,0.80347,138,18,0
2026-04-27 06:45:00,0.80345,0.80388,0.80344,0.80387,111,18,0
2026-04-27 07:00:00,0.80386,0.8042,0.80379,0.8042,157,18,0
2026-04-27 07:15:00,0.80419,0.80423,0.8039,0.80405,133,18,0
2026-04-27 07:30:00,0.80408,0.80427,0.80392,0.80424,108,18,0
2026-04-27 07:45:00,0.80425,0.80438,0.80413,0.80415,144,18,0
2026-04-27 08:00:00,0.80417,0.8045,0.80389,0.8041,229,18,0
2026-04-27 08:15:00,0.80408,0.80475,0.80406,0.80465,216,18,0
2026-04-27 08:30:00,0.80463,0.80467,0.80438,0.80451,154,18,0
2026-04-27 08:45:00,0.80454,0.80498,0.80451,0.80482,120,18,0
2026-04-27 09:00:00,0.80486,0.80497,0.8047,0.8049,119,18,0
2026-04-27 09:15:00,0.80486,0.80486,0.80441,0.80447,92,18,0
2026-04-27 09:30:00,0.80446,0.8045,0.80428,0.80428,82,18,0
2026-04-27 09:45:00,0.80426,0.80435,0.80411,0.80416,108,18,0
2026-04-27 10:00:00,0.80412,0.80435,0.80408,0.8041,83,18,0
2026-04-27 10:15:00,0.80411,0.8044,0.80405,0.80438,73,18,0
2026-04-27 10:30:00,0.80436,0.80456,0.80435,0.80456,94,18,0
2026-04-27 10:45:00,0.80453,0.80464,0.80446,0.80451,103,18,0
2026-04-27 11:00:00,0.8045,0.80454,0.80434,0.80445,123,18,0
2026-04-27 11:15:00,0.80442,0.8049,0.80433,0.8049,117,18,0
2026-04-27 11:30:00,0.80491,0.80501,0.80459,0.80481,94,18,0
2026-04-27 11:45:00,0.80483,0.80488,0.80449,0.80455,103,18,0
2026-04-27 12:00:00,0.80458,0.80494,0.80456,0.80489,156,18,0
2026-04-27 12:15:00,0.80492,0.80515,0.80463,0.80478,168,18,0
2026-04-27 12:30:00,0.80479,0.80501,0.80473,0.805,182,18,0
2026-04-27 12:45:00,0.80499,0.80526,0.80458,0.80465,187,18,0
2026-04-27 13:00:00,0.80462,0.80524,0.80453,0.805,272,18,0
2026-04-27 13:15:00,0.80499,0.80524,0.80485,0.80499,149,18,0
2026-04-27 13:30:00,0.80502,0.80505,0.80439,0.80442,225,18,0
2026-04-27 13:45:00,0.80445,0.8046,0.80424,0.80459,237,18,0
2026-04-27 14:00:00,0.80455,0.80482,0.80437,0.80476,222,18,0
2026-04-27 14:15:00,0.80478,0.80504,0.80465,0.80504,184,18,0
2026-04-27 14:30:00,0.80502,0.80547,0.80488,0.80547,229,18,0
2026-04-27 14:45:00,0.80549,0.80571,0.80536,0.80548,231,18,0
2026-04-27 15:00:00,0.80551,0.80555,0.80532,0.80544,183,18,0
2026-04-27 15:15:00,0.80542,0.80579,0.80533,0.80563,210,18,0
2026-04-27 15:30:00,0.80566,0.80585,0.80549,0.80578,149,18,0
2026-04-27 15:45:00,0.8058,0.80581,0.80556,0.80561,111,18,0
2026-04-27 16:00:00,0.80562,0.80575,0.80543,0.80549,137,18,0
2026-04-27 16:15:00,0.80546,0.80563,0.80527,0.80535,137,18,0
2026-04-27 16:30:00,0.80536,0.80545,0.80529,0.80535,88,18,0
2026-04-27 16:45:00,0.80537,0.80556,0.80517,0.80519,101,18,0
2026-04-27 17:00:00,0.80521,0.80527,0.80481,0.80498,125,18,0
2026-04-27 17:15:00,0.80499,0.80527,0.8048,0.80524,133,18,0
2026-04-27 17:30:00,0.80522,0.80563,0.80521,0.80545,92,18,0
2026-04-27 17:45:00,0.80547,0.80547,0.80526,0.80533,49,18,0
2026-04-27 18:00:00,0.8053,0.80532,0.80508,0.80508,73,18,0
2026-04-27 18:15:00,0.80507,0.80522,0.80498,0.80521,91,18,0
2026-04-27 18:30:00,0.80522,0.80527,0.80507,0.80507,68,18,0
2026-04-27 18:45:00,0.80505,0.80518,0.80499,0.80515,79,18,0
2026-04-27 19:00:00,0.80514,0.80542,0.80512,0.80542,75,18,0
2026-04-27 19:15:00,0.80541,0.80542,0.80528,0.80532,53,18,0
2026-04-27 19:30:00,0.80534,0.80541,0.80511,0.80517,64,18,0
2026-04-27 19:45:00,0.80519,0.80553,0.80517,0.80536,102,18,0
2026-04-27 20:00:00,0.80538,0.80559,0.80535,0.8054,67,18,0
2026-04-27 20:15:00,0.80541,0.80544,0.80514,0.80514,36,18,0
2026-04-27 20:30:00,0.80515,0.80522,0.80505,0.80518,55,18,0
2026-04-27 20:45:00,0.80517,0.80517,0.80493,0.80502,66,11,0
2026-04-27 21:00:00,0.80499,0.80501,0.80487,0.80487,11,11,0
2026-04-27 21:15:00,0.80488,0.80488,0.8048,0.80482,15,27,0
2026-04-27 21:30:00,0.80481,0.80489,0.80474,0.80487,49,49,0
2026-04-27 21:45:00,0.80489,0.80491,0.80447,0.80447,46,19,0
2026-04-27 22:00:00,0.80474,0.80522,0.80438,0.80499,154,13,0
2026-04-27 22:15:00,0.80501,0.80506,0.80494,0.80499,33,13,0
2026-04-27 22:30:00,0.805,0.80524,0.805,0.80501,50,13,0
2026-04-27 22:45:00,0.80502,0.80528,0.805,0.80517,54,13,0
2026-04-27 23:00:00,0.80514,0.80514,0.80501,0.80502,45,18,0
2026-04-27 23:15:00,0.80504,0.80531,0.805,0.80514,45,18,0
2026-04-27 23:30:00,0.80512,0.80524,0.80509,0.80522,25,18,0
2026-04-27 23:45:00,0.80526,0.80533,0.80507,0.80519,79,18,0
2026-04-28 00:00:00,0.80518,0.80556,0.80514,0.80523,155,18,0
2026-04-28 00:15:00,0.80521,0.80556,0.80521,0.80536,123,18,0
2026-04-28 00:30:00,0.80534,0.80555,0.80527,0.80544,98,18,0
2026-04-28 00:45:00,0.80546,0.8056,0.8053,0.80543,104,18,0
2026-04-28 01:00:00,0.8054,0.80546,0.8049,0.805,173,18,0
2026-04-28 01:15:00,0.80499,0.80503,0.80486,0.80503,105,18,0
2026-04-28 01:30:00,0.805,0.80517,0.80492,0.80507,77,18,0
2026-04-28 01:45:00,0.80506,0.80508,0.80446,0.80465,119,18,0
2026-04-28 02:00:00,0.80463,0.80469,0.80438,0.80452,113,18,0
2026-04-28 02:15:00,0.80455,0.80455,0.8044,0.80449,65,18,0
2026-04-28 02:30:00,0.80448,0.80448,0.80416,0.80425,66,18,0
2026-04-28 02:45:00,0.80426,0.80426,0.80406,0.80417,72,18,0
2026-04-28 03:00:00,0.80416,0.80434,0.80409,0.80414,118,18,0
2026-04-28 03:15:00,0.80411,0.80439,0.80408,0.80439,68,18,0
2026-04-28 03:30:00,0.80438,0.80445,0.80423,0.80423,70,18,0
2026-04-28 03:45:00,0.80421,0.80438,0.80416,0.80435,62,18,0
2026-04-28 04:00:00,0.80433,0.8045,0.80431,0.80447,53,18,0
2026-04-28 04:15:00,0.80445,0.80449,0.80434,0.80447,51,18,0
2026-04-28 04:30:00,0.80443,0.80451,0.80436,0.80441,56,18,0
2026-04-28 04:45:00,0.80439,0.80449,0.80415,0.80417,60,18,0
2026-04-28 05:00:00,0.80418,0.80428,0.80377,0.80385,92,18,0
2026-04-28 05:15:00,0.80386,0.80404,0.80378,0.8039,59,18,0
2026-04-28 05:30:00,0.80387,0.80387,0.8035,0.80372,101,18,0
2026-04-28 05:45:00,0.8037,0.80392,0.80357,0.80367,97,18,0
2026-04-28 06:00:00,0.80363,0.80396,0.80326,0.80375,174,18,0
2026-04-28 06:15:00,0.80376,0.80388,0.80347,0.80384,153,18,0
2026-04-28 06:30:00,0.80383,0.80388,0.80356,0.80356,170,18,0
2026-04-28 06:45:00,0.80359,0.80361,0.80268,0.80279,241,18,0
2026-04-28 07:00:00,0.80276,0.8029,0.80259,0.8027,224,18,0
2026-04-28 07:15:00,0.80273,0.80305,0.80264,0.80291,195,18,0
2026-04-28 07:30:00,0.80292,0.80335,0.80291,0.80324,150,18,0
2026-04-28 07:45:00,0.80325,0.80359,0.80315,0.80351,149,18,0
2026-04-28 08:00:00,0.80352,0.80352,0.80294,0.80307,267,18,0
2026-04-28 08:15:00,0.80309,0.80372,0.80307,0.80372,191,18,0
2026-04-28 08:30:00,0.80373,0.80382,0.80357,0.80367,122,18,0
2026-04-28 08:45:00,0.80366,0.80382,0.8036,0.80379,120,18,0
2026-04-28 09:00:00,0.80378,0.80378,0.8035,0.80351,182,18,0
2026-04-28 09:15:00,0.80349,0.80369,0.80338,0.80366,142,18,0
2026-04-28 09:30:00,0.80367,0.80377,0.80347,0.80377,140,18,0
2026-04-28 09:45:00,0.80378,0.80407,0.80376,0.80393,131,18,0
2026-04-28 10:00:00,0.80394,0.80409,0.80348,0.80358,120,18,0
2026-04-28 10:15:00,0.80361,0.80364,0.80318,0.80322,143,18,0
2026-04-28 10:30:00,0.8032,0.80349,0.80315,0.80326,162,18,0
2026-04-28 10:45:00,0.80328,0.80337,0.80322,0.8033,115,18,0
2026-04-28 11:00:00,0.80329,0.80336,0.80303,0.80323,157,18,0
2026-04-28 11:15:00,0.80325,0.80325,0.80287,0.80303,158,18,0
2026-04-28 11:30:00,0.80301,0.80303,0.80244,0.80264,192,18,0
2026-04-28 11:45:00,0.80263,0.80267,0.80222,0.80245,206,18,0
2026-04-28 12:00:00,0.80248,0.80257,0.80221,0.8024,245,18,0
2026-04-28 12:15:00,0.80241,0.80289,0.80218,0.80288,317,18,0
2026-04-28 12:30:00,0.80289,0.80309,0.80277,0.80285,205,18,0
2026-04-28 12:45:00,0.80283,0.80363,0.80282,0.80363,188,18,0
2026-04-28 13:00:00,0.80359,0.80365,0.80306,0.80335,168,18,0
2026-04-28 13:15:00,0.80334,0.80363,0.803,0.80358,244,18,0
2026-04-28 13:30:00,0.80356,0.80389,0.80312,0.80366,364,18,0
2026-04-28 13:45:00,0.80363,0.80363,0.80286,0.80316,237,18,0
2026-04-28 14:00:00,0.80312,0.80357,0.80293,0.8035,256,18,0
2026-04-28 14:15:00,0.80348,0.80355,0.80317,0.80327,207,18,0
2026-04-28 14:30:00,0.80329,0.80363,0.80294,0.80332,299,18,0
2026-04-28 14:45:00,0.80331,0.80409,0.80313,0.80409,359,18,0
2026-04-28 15:00:00,0.80413,0.80468,0.80413,0.8043,288,18,0
2026-04-28 15:15:00,0.80428,0.80468,0.80424,0.80456,226,18,0
2026-04-28 15:30:00,0.80454,0.80485,0.80439,0.80473,184,18,0
2026-04-28 15:45:00,0.80472,0.80499,0.80467,0.80492,160,18,0
2026-04-28 16:00:00,0.80491,0.80516,0.80483,0.80491,153,18,0
2026-04-28 16:15:00,0.80492,0.80492,0.8047,0.80478,147,18,0
2026-04-28 16:30:00,0.80477,0.80502,0.80475,0.80488,133,18,0
2026-04-28 16:45:00,0.80491,0.80513,0.80487,0.80504,124,18,0
2026-04-28 17:00:00,0.80506,0.80521,0.80484,0.80494,119,18,0
2026-04-28 17:15:00,0.80493,0.80505,0.80473,0.805,99,18,0
2026-04-28 17:30:00,0.80498,0.80511,0.80497,0.80501,116,18,0
2026-04-28 17:45:00,0.805,0.80523,0.805,0.80514,79,18,0
2026-04-28 18:00:00,0.80513,0.80521,0.80502,0.80506,80,18,0
2026-04-28 18:15:00,0.8051,0.8053,0.8051,0.80525,97,18,0
2026-04-28 18:30:00,0.80524,0.80547,0.80504,0.80544,86,18,0
2026-04-28 18:45:00,0.80546,0.80552,0.80519,0.80521,79,18,0
2026-04-28 19:00:00,0.80518,0.8053,0.80515,0.8052,68,18,0
2026-04-28 19:15:00,0.80521,0.80521,0.80495,0.80498,60,18,0
2026-04-28 19:30:00,0.80501,0.80501,0.80469,0.80475,60,18,0
2026-04-28 19:45:00,0.80477,0.80516,0.80468,0.80512,79,18,0
2026-04-28 20:00:00,0.80511,0.80528,0.8051,0.80517,75,18,0
2026-04-28 20:15:00,0.80515,0.80526,0.80514,0.80517,49,18,0
2026-04-28 20:30:00,0.80519,0.80528,0.80507,0.80512,51,18,0
2026-04-28 20:45:00,0.80514,0.80544,0.80505,0.80524,90,11,0
2026-04-28 21:00:00,0.80527,0.80527,0.80481,0.80481,20,15,0
2026-04-28 21:15:00,0.80479,0.8049,0.80466,0.80485,29,66,0
2026-04-28 21:30:00,0.80487,0.80515,0.80465,0.80465,101,64,0
2026-04-28 21:45:00,0.80463,0.80464,0.80426,0.80448,52,74,0
2026-04-28 22:00:00,0.80478,0.80526,0.80461,0.80513,64,14,0
2026-04-28 22:15:00,0.80516,0.80516,0.80505,0.80508,22,13,0
2026-04-28 22:30:00,0.80512,0.80515,0.80505,0.8051,22,13,0
2026-04-28 22:45:00,0.80509,0.80518,0.80508,0.80511,16,13,0
2026-04-28 23:00:00,0.80509,0.80529,0.80508,0.80529,27,18,0
2026-04-28 23:15:00,0.80532,0.80554,0.80532,0.80536,41,18,0
2026-04-28 23:30:00,0.80535,0.80545,0.80526,0.80543,33,18,0
2026-04-28 23:45:00,0.80542,0.80543,0.80509,0.80532,61,18,0
2026-04-29 00:00:00,0.80533,0.80568,0.80529,0.80529,133,18,0
2026-04-29 00:15:00,0.80528,0.80537,0.8052,0.8053,74,18,0
2026-04-29 00:30:00,0.80531,0.80559,0.8053,0.80557,75,18,0
2026-04-29 00:45:00,0.80556,0.80571,0.80538,0.80544,87,18,0
2026-04-29 01:00:00,0.80543,0.80548,0.80452,0.80478,260,18,0
2026-04-29 01:15:00,0.80476,0.80508,0.80468,0.80473,130,18,0
2026-04-29 01:30:00,0.80469,0.80576,0.80461,0.80566,346,18,0
2026-04-29 01:45:00,0.80564,0.80564,0.80401,0.80401,221,18,0
2026-04-29 02:00:00,0.80404,0.80423,0.80361,0.80363,133,18,0
2026-04-29 02:15:00,0.80365,0.80387,0.80332,0.80336,149,18,0
2026-04-29 02:30:00,0.80335,0.80338,0.80237,0.80243,172,18,0
2026-04-29 02:45:00,0.80246,0.80252,0.80187,0.80188,114,18,0
2026-04-29 03:00:00,0.8019,0.8021,0.8014,0.80182,216,18,0
2026-04-29 03:15:00,0.80183,0.80216,0.80167,0.80169,83,18,0
2026-04-29 03:30:00,0.80171,0.80193,0.80169,0.80173,101,18,0
2026-04-29 03:45:00,0.80174,0.80195,0.80174,0.80188,69,18,0
2026-04-29 04:00:00,0.80192,0.8021,0.8019,0.80203,53,18,0
2026-04-29 04:15:00,0.80201,0.80216,0.80199,0.80214,24,18,0
2026-04-29 04:30:00,0.80216,0.80245,0.80216,0.80243,58,18,0
2026-04-29 04:45:00,0.80246,0.80248,0.80221,0.80227,51,18,0
2026-04-29 05:00:00,0.80229,0.8024,0.8021,0.8021,63,18,0
2026-04-29 05:15:00,0.80213,0.80214,0.80198,0.80211,64,18,0
2026-04-29 05:30:00,0.80213,0.80238,0.80189,0.80238,80,18,0
2026-04-29 05:45:00,0.80236,0.8026,0.80223,0.80232,106,18,0
2026-04-29 06:00:00,0.80229,0.80265,0.80223,0.80231,129,18,0
2026-04-29 06:15:00,0.80228,0.80241,0.80206,0.80237,112,18,0
2026-04-29 06:30:00,0.80234,0.80276,0.80215,0.80275,104,18,0
2026-04-29 06:45:00,0.80277,0.80324,0.8025,0.80255,153,18,0
2026-04-29 07:00:00,0.80256,0.80267,0.80227,0.80264,205,18,0
2026-04-29 07:15:00,0.80265,0.80265,0.80242,0.80257,120,18,0
2026-04-29 07:30:00,0.80258,0.80275,0.80218,0.80218,138,18,0
2026-04-29 07:45:00,0.8022,0.80238,0.80201,0.80222,141,18,0
2026-04-29 08:00:00,0.80224,0.8023,0.80162,0.80174,241,18,0
2026-04-29 08:15:00,0.80178,0.80212,0.80178,0.802,144,18,0
2026-04-29 08:30:00,0.80198,0.802,0.80147,0.80184,158,18,0
2026-04-29 08:45:00,0.80186,0.80194,0.80161,0.80162,101,18,0
2026-04-29 09:00:00,0.80164,0.80166,0.80135,0.80149,111,18,0
2026-04-29 09:15:00,0.80147,0.80158,0.80125,0.80136,114,18,0
2026-04-29 09:30:00,0.80135,0.80151,0.80113,0.8012,106,18,0
2026-04-29 09:45:00,0.80118,0.80141,0.80108,0.80127,129,18,0
2026-04-29 10:00:00,0.80124,0.8015,0.80119,0.8015,106,18,0
2026-04-29 10:15:00,0.80151,0.80176,0.80151,0.80176,83,18,0
2026-04-29 10:30:00,0.80174,0.802,0.80152,0.80164,99,18,0
2026-04-29 10:45:00,0.8016,0.80186,0.80151,0.80177,86,18,0
2026-04-29 11:00:00,0.8018,0.8018,0.80142,0.8015,130,18,0
2026-04-29 11:15:00,0.80149,0.80156,0.80128,0.80132,105,18,0
2026-04-29 11:30:00,0.80128,0.80167,0.80123,0.80141,117,18,0
2026-04-29 11:45:00,0.80139,0.80143,0.80111,0.80115,93,18,0
2026-04-29 12:00:00,0.80113,0.80115,0.80094,0.80096,123,18,0
2026-04-29 12:15:00,0.80098,0.80128,0.80077,0.801,186,18,0
2026-04-29 12:30:00,0.80096,0.80096,0.80049,0.80071,190,18,0
2026-04-29 12:45:00,0.80068,0.80074,0.80026,0.80028,162,18,0
2026-04-29 13:00:00,0.80031,0.8005,0.80013,0.80021,195,18,0
2026-04-29 13:15:00,0.80022,0.80031,0.79971,0.79994,269,18,0
2026-04-29 13:30:00,0.79991,0.79997,0.79933,0.79963,295,18,0
2026-04-29 13:45:00,0.79961,0.80016,0.79956,0.79976,394,18,0
2026-04-29 14:00:00,0.79979,0.79983,0.79885,0.79927,327,18,0
2026-04-29 14:15:00,0.79926,0.79966,0.79916,0.79963,227,18,0
2026-04-29 14:30:00,0.79965,0.79997,0.79943,0.7995,236,18,0
2026-04-29 14:45:00,0.79951,0.79976,0.79924,0.79954,287,18,0
2026-04-29 15:00:00,0.79953,0.79964,0.79878,0.79882,256,18,0
2026-04-29 15:15:00,0.7988,0.7989,0.79857,0.79863,205,18,0
2026-04-29 15:30:00,0.7986,0.79881,0.79856,0.79877,223,18,0
2026-04-29 15:45:00,0.79879,0.79888,0.79765,0.79778,403,18,0
2026-04-29 16:00:00,0.7978,0.79831,0.7978,0.79801,202,18,0
2026-04-29 16:15:00,0.798,0.79814,0.79782,0.79782,160,18,0
2026-04-29 16:30:00,0.79781,0.79783,0.7975,0.79779,169,18,0
2026-04-29 16:45:00,0.79781,0.79792,0.79759,0.79771,144,18,0
2026-04-29 17:00:00,0.79772,0.79807,0.79736,0.79807,149,18,0
2026-04-29 17:15:00,0.79805,0.79814,0.79794,0.79801,149,18,0
2026-04-29 17:30:00,0.79803,0.7983,0.79798,0.79803,130,18,0
2026-04-29 17:45:00,0.79805,0.79846,0.79802,0.79846,173,18,0
2026-04-29 18:00:00,0.79845,0.79845,0.79672,0.79698,484,18,0
2026-04-29 18:15:00,0.79696,0.79739,0.79696,0.79708,227,18,0
2026-04-29 18:30:00,0.7971,0.79759,0.79621,0.79622,503,18,0
2026-04-29 18:45:00,0.79624,0.79721,0.7961,0.79719,358,18,0
2026-04-29 19:00:00,0.79714,0.79736,0.79664,0.79736,247,18,0
2026-04-29 19:15:00,0.79739,0.79756,0.79735,0.7974,166,18,0
2026-04-29 19:30:00,0.79739,0.79742,0.79695,0.79718,149,18,0
2026-04-29 19:45:00,0.79722,0.79777,0.7972,0.79767,150,18,0
2026-04-29 20:00:00,0.79766,0.7979,0.79747,0.79754,246,18,0
2026-04-29 20:15:00,0.79757,0.79772,0.79747,0.79752,156,18,0
2026-04-29 20:30:00,0.79754,0.79755,0.79725,0.79746,115,18,0
2026-04-29 20:45:00,0.79749,0.79756,0.79726,0.79745,127,11,0
2026-04-29 21:00:00,0.79747,0.79747,0.79736,0.79737,21,11,0
2026-04-29 21:15:00,0.79736,0.79737,0.79648,0.79648,40,67,0
2026-04-29 21:30:00,0.79645,0.79688,0.79619,0.79677,76,144,0
2026-04-29 21:45:00,0.7968,0.79739,0.79678,0.79728,58,96,0
2026-04-29 22:00:00,0.79759,0.79762,0.79711,0.79753,148,14,0
2026-04-29 22:15:00,0.79752,0.79777,0.79751,0.79765,75,13,0
2026-04-29 22:30:00,0.79763,0.79779,0.79747,0.79757,70,13,0
2026-04-29 22:45:00,0.79758,0.79783,0.79758,0.79783,52,13,0
2026-04-29 23:00:00,0.79781,0.79797,0.79772,0.79796,45,18,0
2026-04-29 23:15:00,0.79794,0.79809,0.79793,0.79809,33,18,0
2026-04-29 23:30:00,0.79806,0.79839,0.79806,0.79839,61,18,0
2026-04-29 23:45:00,0.79837,0.79837,0.79806,0.79816,73,18,0
2026-04-30 00:00:00,0.79819,0.7986,0.79815,0.79852,229,18,0
2026-04-30 00:15:00,0.79848,0.79872,0.79819,0.79866,138,18,0
2026-04-30 00:30:00,0.79865,0.79885,0.7984,0.79841,129,18,0
2026-04-30 00:45:00,0.79843,0.79849,0.7982,0.7982,135,18,0
2026-04-30 01:00:00,0.79818,0.79818,0.79751,0.79751,180,18,0
2026-04-30 01:15:00,0.7975,0.79759,0.79719,0.79721,118,18,0
2026-04-30 01:30:00,0.79719,0.79736,0.797,0.79726,171,18,0
2026-04-30 01:45:00,0.79725,0.79764,0.79716,0.79752,141,18,0
2026-04-30 02:00:00,0.7975,0.79754,0.79717,0.79731,110,18,0
2026-04-30 02:15:00,0.79733,0.79748,0.79715,0.79737,103,18,0
2026-04-30 02:30:00,0.79734,0.79749,0.79694,0.79733,292,18,0
2026-04-30 02:45:00,0.79731,0.79785,0.79719,0.79783,146,18,0
2026-04-30 03:00:00,0.7978,0.79802,0.79767,0.7977,141,18,0
2026-04-30 03:15:00,0.79769,0.79803,0.79767,0.79802,88,18,0
2026-04-30 03:30:00,0.79803,0.79814,0.79796,0.79812,99,18,0
2026-04-30 03:45:00,0.7981,0.79817,0.79797,0.79799,83,18,0
2026-04-30 04:00:00,0.798,0.79802,0.79763,0.7977,133,18,0
2026-04-30 04:15:00,0.79771,0.79774,0.79733,0.79737,131,18,0
2026-04-30 04:30:00,0.79736,0.79759,0.79709,0.79752,121,18,0
2026-04-30 04:45:00,0.79751,0.79768,0.79729,0.79729,108,18,0
2026-04-30 05:00:00,0.79731,0.7979,0.79731,0.79777,121,18,0
2026-04-30 05:15:00,0.79779,0.79781,0.79728,0.79729,102,18,0
2026-04-30 05:30:00,0.79731,0.79759,0.79725,0.79737,123,18,0
2026-04-30 05:45:00,0.79738,0.7974,0.79705,0.79705,118,18,0
2026-04-30 06:00:00,0.79704,0.79733,0.7966,0.79664,179,18,0
2026-04-30 06:15:00,0.79666,0.79685,0.79664,0.79681,146,18,0
2026-04-30 06:30:00,0.79685,0.79749,0.79685,0.79708,218,18,0
2026-04-30 06:45:00,0.79709,0.79742,0.79674,0.7974,189,18,0
2026-04-30 07:00:00,0.79743,0.79803,0.7974,0.79798,208,18,0
2026-04-30 07:15:00,0.79796,0.79797,0.79749,0.79767,185,18,0
2026-04-30 07:30:00,0.79765,0.79785,0.79746,0.79774,190,18,0
2026-04-30 07:45:00,0.79771,0.79815,0.79762,0.79801,195,18,0
2026-04-30 08:00:00,0.79804,0.79891,0.79804,0.79864,282,18,0
2026-04-30 08:15:00,0.79862,0.79873,0.79842,0.7987,179,18,0
2026-04-30 08:30:00,0.79871,0.79877,0.79839,0.79851,203,18,0
2026-04-30 08:45:00,0.79848,0.79863,0.79805,0.79815,176,18,0
2026-04-30 09:00:00,0.79812,0.7983,0.79779,0.79812,222,18,0
2026-04-30 09:15:00,0.7981,0.79858,0.79791,0.79855,196,18,0
2026-04-30 09:30:00,0.79857,0.79941,0.79857,0.79895,324,18,0
2026-04-30 09:45:00,0.79898,0.79964,0.79893,0.7996,216,18,0
2026-04-30 10:00:00,0.79961,0.79984,0.79949,0.79955,200,18,0
2026-04-30 10:15:00,0.79957,0.8001,0.79954,0.80007,257,18,0
2026-04-30 10:30:00,0.8001,0.80039,0.79995,0.80028,495,18,0
2026-04-30 10:45:00,0.80029,0.80054,0.80011,0.80054,323,18,0
2026-04-30 11:00:00,0.80053,0.80123,0.80033,0.80112,393,18,0
2026-04-30 11:15:00,0.80109,0.80237,0.80109,0.8023,334,18,0
2026-04-30 11:30:00,0.80228,0.80229,0.80177,0.80178,327,18,0
2026-04-30 11:45:00,0.80181,0.802,0.80132,0.80137,297,18,0
2026-04-30 12:00:00,0.8014,0.80151,0.80092,0.8014,229,18,0
2026-04-30 12:15:00,0.80142,0.80196,0.80123,0.80191,277,18,0
2026-04-30 12:30:00,0.80193,0.802,0.80149,0.80159,319,18,0
2026-04-30 12:45:00,0.8016,0.8023,0.8016,0.80195,278,18,0
2026-04-30 13:00:00,0.80199,0.80225,0.80192,0.80213,372,18,0
2026-04-30 13:15:00,0.8021,0.80218,0.80183,0.80216,251,18,0
2026-04-30 13:30:00,0.80214,0.80214,0.80146,0.80167,337,18,0
2026-04-30 13:45:00,0.80166,0.80234,0.80151,0.80215,327,18,0
2026-04-30 14:00:00,0.80213,0.80267,0.80202,0.80255,441,18,0
2026-04-30 14:15:00,0.80256,0.80285,0.80244,0.80261,344,18,0
2026-04-30 14:30:00,0.80259,0.8029,0.80163,0.80189,386,18,0
2026-04-30 14:45:00,0.8019,0.8023,0.80103,0.80114,470,18,0
2026-04-30 15:00:00,0.80113,0.80151,0.80091,0.80146,383,18,0
2026-04-30 15:15:00,0.80145,0.80159,0.80124,0.80151,261,18,0
2026-04-30 15:30:00,0.80149,0.80176,0.8013,0.80169,230,18,0
2026-04-30 15:45:00,0.80167,0.80167,0.80121,0.80154,220,18,0
2026-04-30 16:00:00,0.80157,0.80195,0.80144,0.80145,188,18,0
2026-04-30 16:15:00,0.80144,0.80145,0.80111,0.80113,155,18,0
2026-04-30 16:30:00,0.80112,0.80158,0.80097,0.80148,156,18,0
2026-04-30 16:45:00,0.8015,0.80171,0.80145,0.80169,136,18,0
2026-04-30 17:00:00,0.8017,0.802,0.80148,0.80161,180,18,0
2026-04-30 17:15:00,0.8016,0.80181,0.80153,0.80179,148,18,0
2026-04-30 17:30:00,0.80182,0.8022,0.80182,0.8022,162,18,0
2026-04-30 17:45:00,0.80221,0.80226,0.80191,0.80194,101,18,0
2026-04-30 18:00:00,0.80196,0.80222,0.80196,0.80203,122,18,0
2026-04-30 18:15:00,0.80204,0.80228,0.80204,0.80209,114,18,0
2026-04-30 18:30:00,0.80207,0.80242,0.80202,0.8024,121,18,0
2026-04-30 18:45:00,0.80241,0.80263,0.80227,0.80228,127,18,0
2026-04-30 19:00:00,0.80225,0.8025,0.80218,0.80246,155,18,0
2026-04-30 19:15:00,0.80248,0.80256,0.80215,0.8022,105,18,0
2026-04-30 19:30:00,0.80218,0.80251,0.80216,0.80242,113,18,0
2026-04-30 19:45:00,0.80243,0.80247,0.80206,0.8021,158,18,0
2026-04-30 20:00:00,0.80208,0.80239,0.80208,0.80227,143,18,0
2026-04-30 20:15:00,0.80226,0.80243,0.80215,0.80239,62,18,0
2026-04-30 20:30:00,0.80237,0.80249,0.80226,0.80238,78,18,0
2026-04-30 20:45:00,0.80237,0.80246,0.80221,0.80244,81,11,0
2026-04-30 21:00:00,0.80241,0.80241,0.80213,0.80213,12,20,0
2026-04-30 21:15:00,0.80212,0.80214,0.80204,0.80204,21,48,0
2026-04-30 21:30:00,0.80201,0.80201,0.80155,0.80155,40,60,0
2026-04-30 21:45:00,0.80153,0.80208,0.80151,0.80208,79,71,0
2026-04-30 22:00:00,0.80232,0.80256,0.80202,0.80224,146,13,0
2026-04-30 22:15:00,0.80227,0.80227,0.80211,0.80219,19,13,0
2026-04-30 22:30:00,0.80222,0.80229,0.80206,0.80206,31,13,0
2026-04-30 22:45:00,0.80205,0.80211,0.80189,0.80195,65,13,0
2026-04-30 23:00:00,0.80193,0.8021,0.80185,0.8019,56,18,0
2026-04-30 23:15:00,0.80189,0.80198,0.80177,0.8018,27,18,0
2026-04-30 23:30:00,0.80177,0.80206,0.80177,0.802,41,18,0
2026-04-30 23:45:00,0.80201,0.8021,0.80191,0.80194,81,18,0
2026-05-01 00:00:00,0.80196,0.80205,0.80128,0.80138,153,18,0
2026-05-01 00:15:00,0.80136,0.80158,0.80136,0.80154,108,18,0
2026-05-01 00:30:00,0.80157,0.80162,0.80142,0.80156,90,18,0
2026-05-01 00:45:00,0.80155,0.80165,0.80135,0.80164,108,18,0
2026-05-01 01:00:00,0.80166,0.80174,0.80131,0.80152,109,18,0
2026-05-01 01:15:00,0.80153,0.80155,0.80122,0.80141,63,18,0
2026-05-01 01:30:00,0.80143,0.80167,0.80143,0.80152,92,18,0
2026-05-01 01:45:00,0.80151,0.80176,0.80143,0.80175,74,18,0
2026-05-01 02:00:00,0.80174,0.80191,0.80159,0.8018,76,18,0
2026-05-01 02:15:00,0.80182,0.80187,0.80146,0.80155,55,18,0
2026-05-01 02:30:00,0.80154,0.80155,0.80139,0.80142,51,18,0
2026-05-01 02:45:00,0.8014,0.80145,0.80112,0.80145,58,18,0
2026-05-01 03:00:00,0.80148,0.80161,0.80145,0.80157,61,18,0
2026-05-01 03:15:00,0.80156,0.80165,0.80146,0.80158,56,18,0
2026-05-01 03:30:00,0.80157,0.80162,0.80122,0.80122,73,18,0
2026-05-01 03:45:00,0.80121,0.80124,0.80105,0.80115,62,18,0
2026-05-01 04:00:00,0.80113,0.80116,0.80076,0.80087,96,18,0
2026-05-01 04:15:00,0.80086,0.80091,0.80066,0.80066,61,18,0
2026-05-01 04:30:00,0.80064,0.80079,0.80063,0.80066,53,18,0
2026-05-01 04:45:00,0.80068,0.80078,0.80064,0.80064,49,18,0
2026-05-01 05:00:00,0.80063,0.80069,0.80057,0.80069,55,18,0
2026-05-01 05:15:00,0.80068,0.80068,0.80048,0.80066,62,18,0
2026-05-01 05:30:00,0.80065,0.80083,0.80062,0.8008,57,18,0
2026-05-01 05:45:00,0.80078,0.80078,0.80035,0.80035,59,18,0
2026-05-01 06:00:00,0.80037,0.80046,0.80018,0.80019,108,18,0
2026-05-01 06:15:00,0.8002,0.80031,0.80003,0.8001,97,18,0
2026-05-01 06:30:00,0.80008,0.80011,0.79966,0.79976,100,18,0
2026-05-01 06:45:00,0.79977,0.80068,0.79977,0.80058,347,18,0
2026-05-01 07:00:00,0.80057,0.80088,0.80044,0.80065,260,18,0
2026-05-01 07:15:00,0.80066,0.80082,0.80054,0.80077,168,18,0
2026-05-01 07:30:00,0.80076,0.80079,0.80045,0.80061,151,18,0
2026-05-01 07:45:00,0.80058,0.80072,0.80017,0.80027,173,18,0
2026-05-01 08:00:00,0.80029,0.80055,0.8002,0.8002,169,18,0
2026-05-01 08:15:00,0.80022,0.80045,0.80014,0.80029,130,18,0
2026-05-01 08:30:00,0.80027,0.80027,0.80001,0.80016,123,18,0
2026-05-01 08:45:00,0.80017,0.80033,0.80011,0.80021,120,18,0
2026-05-01 09:00:00,0.80018,0.8003,0.79997,0.79997,130,18,0
2026-05-01 09:15:00,0.79995,0.80006,0.79958,0.79968,119,18,0
2026-05-01 09:30:00,0.79965,0.79999,0.79964,0.79995,107,18,0
2026-05-01 09:45:00,0.79997,0.80003,0.79956,0.79964,119,18,0
2026-05-01 10:00:00,0.79966,0.79976,0.79954,0.79972,102,18,0
2026-05-01 10:15:00,0.79974,0.79984,0.79961,0.79963,91,18,0
2026-05-01 10:30:00,0.79964,0.79965,0.79912,0.79934,81,18,0
2026-05-01 10:45:00,0.79935,0.79956,0.79934,0.79944,90,18,0
2026-05-01 11:00:00,0.79947,0.7995,0.79922,0.7994,127,18,0
2026-05-01 11:15:00,0.79937,0.79974,0.79933,0.79966,162,18,0
2026-05-01 11:30:00,0.79963,0.79976,0.79942,0.79948,147,18,0
2026-05-01 11:45:00,0.79949,0.79979,0.79932,0.79974,110,18,0
2026-05-01 12:00:00,0.79977,0.8004,0.79957,0.80016,284,18,0
2026-05-01 12:15:00,0.80014,0.80038,0.80003,0.80037,302,18,0
2026-05-01 12:30:00,0.80035,0.80035,0.8001,0.80021,235,18,0
2026-05-01 12:45:00,0.80019,0.8004,0.80006,0.80028,145,18,0
2026-05-01 13:00:00,0.8003,0.80055,0.80012,0.80022,177,18,0
2026-05-01 13:15:00,0.80025,0.80025,0.79997,0.80007,171,18,0
2026-05-01 13:30:00,0.80004,0.80061,0.79995,0.80038,250,18,0
2026-05-01 13:45:00,0.80041,0.80121,0.80013,0.8012,404,18,0
2026-05-01 14:00:00,0.80123,0.80353,0.80114,0.80327,447,18,0
2026-05-01 14:15:00,0.80324,0.80367,0.80313,0.80332,284,18,0
2026-05-01 14:30:00,0.8033,0.80334,0.80263,0.80306,293,18,0
2026-05-01 14:45:00,0.80307,0.8032,0.80265,0.80279,249,18,0
2026-05-01 15:00:00,0.80276,0.80317,0.80239,0.80315,270,18,0
2026-05-01 15:15:00,0.80316,0.80337,0.80313,0.8033,196,18,0
2026-05-01 15:30:00,0.80332,0.80351,0.80307,0.80335,217,18,0
2026-05-01 15:45:00,0.80336,0.80353,0.80305,0.80321,242,18,0
2026-05-01 16:00:00,0.80318,0.80343,0.8031,0.80342,150,18,0
2026-05-01 16:15:00,0.8034,0.80361,0.80316,0.80328,232,18,0
2026-05-01 16:30:00,0.80327,0.80333,0.80299,0.80324,158,18,0
2026-05-01 16:45:00,0.80323,0.80325,0.80297,0.80297,110,18,0
2026-05-01 17:00:00,0.80296,0.80303,0.80275,0.80284,111,18,0
2026-05-01 17:15:00,0.80283,0.80295,0.80264,0.80273,122,18,0
2026-05-01 17:30:00,0.80272,0.80273,0.80224,0.80224,97,18,0
2026-05-01 17:45:00,0.80223,0.80252,0.80217,0.80232,108,18,0
2026-05-01 18:00:00,0.80235,0.80238,0.80187,0.80187,116,18,0
2026-05-01 18:15:00,0.80188,0.80206,0.80177,0.80201,113,18,0
2026-05-01 18:30:00,0.80204,0.80208,0.8017,0.80205,129,18,0
2026-05-01 18:45:00,0.80203,0.80226,0.80199,0.80205,111,18,0
2026-05-01 19:00:00,0.80202,0.80206,0.80191,0.80197,67,18,0
2026-05-01 19:15:00,0.80198,0.80211,0.80194,0.802,42,18,0
2026-05-01 19:30:00,0.80197,0.80197,0.80177,0.80177,64,18,0
2026-05-01 19:45:00,0.80176,0.80183,0.80164,0.80176,86,18,0
2026-05-01 20:00:00,0.80177,0.8019,0.8017,0.80176,62,18,0
2026-05-01 20:15:00,0.80179,0.80181,0.8016,0.80162,35,18,0
2026-05-01 20:30:00,0.8016,0.80178,0.80156,0.80175,100,18,0
2026-05-01 20:45:00,0.80173,0.80175,0.80139,0.80154,169,18,0
2026-05-03 21:15:00,0.80178,0.80179,0.80149,0.80157,6,60,0
2026-05-03 21:30:00,0.80157,0.80225,0.80059,0.80209,94,60,0
2026-05-03 21:45:00,0.80232,0.80312,0.80176,0.8026,76,60,0
2026-05-03 22:00:00,0.80312,0.80312,0.80199,0.80248,226,18,0
2026-05-03 22:15:00,0.80249,0.80252,0.80201,0.80214,129,18,0
2026-05-03 22:30:00,0.80216,0.80234,0.80194,0.80222,91,18,0
2026-05-03 22:45:00,0.80225,0.80239,0.80219,0.80233,70,18,0
2026-05-03 23:00:00,0.8023,0.80236,0.80213,0.80213,54,18,0
2026-05-03 23:15:00,0.80212,0.80217,0.80203,0.80217,37,18,0
2026-05-03 23:30:00,0.80218,0.80226,0.80213,0.80219,42,18,0
2026-05-03 23:45:00,0.80217,0.80251,0.80215,0.80228,105,18,0
2026-05-04 00:00:00,0.80225,0.80227,0.80185,0.80208,163,18,0
2026-05-04 00:15:00,0.8021,0.80211,0.80171,0.80177,155,18,0
2026-05-04 00:30:00,0.8018,0.80212,0.80178,0.80199,115,18,0
2026-05-04 00:45:00,0.80201,0.8023,0.80193,0.80218,115,18,0
2026-05-04 01:00:00,0.80216,0.80218,0.80188,0.80213,156,18,0
2026-05-04 01:15:00,0.80217,0.80251,0.80201,0.80204,163,18,0
2026-05-04 01:30:00,0.80202,0.80253,0.80202,0.80253,112,18,0
2026-05-04 01:45:00,0.80255,0.80295,0.8022,0.80294,147,18,0
2026-05-04 02:00:00,0.80297,0.8036,0.80291,0.80355,174,18,0
2026-05-04 02:15:00,0.80352,0.80352,0.80299,0.80304,130,18,0
2026-05-04 02:30:00,0.80301,0.8032,0.80301,0.80316,82,18,0
2026-05-04 02:45:00,0.80318,0.80366,0.80318,0.80361,104,18,0
2026-05-04 03:00:00,0.8036,0.80371,0.80351,0.80368,74,18,0
2026-05-04 03:15:00,0.80369,0.8037,0.80356,0.80356,59,18,0
2026-05-04 03:30:00,0.80358,0.80365,0.80351,0.80362,58,18,0
2026-05-04 03:45:00,0.80364,0.80491,0.80364,0.80479,448,18,0
2026-05-04 04:00:00,0.80477,0.80485,0.80439,0.80441,160,18,0
2026-05-04 04:15:00,0.80438,0.80462,0.80421,0.80425,91,18,0
2026-05-04 04:30:00,0.80428,0.80433,0.80421,0.80425,50,18,0
2026-05-04 04:45:00,0.80423,0.80427,0.80418,0.80422,38,18,0
2026-05-04 05:00:00,0.80423,0.80437,0.8041,0.8041,74,18,0
2026-05-04 05:15:00,0.80409,0.80432,0.80393,0.80393,136,18,0
2026-05-04 05:30:00,0.80396,0.8041,0.80382,0.8041,80,18,0
2026-05-04 05:45:00,0.80411,0.80414,0.80396,0.80409,83,18,0
2026-05-04 06:00:00,0.80411,0.80446,0.80407,0.80432,160,18,0
2026-05-04 06:15:00,0.80431,0.80434,0.80407,0.80419,119,18,0
2026-05-04 06:30:00,0.80421,0.80434,0.80315,0.80321,218,18,0
2026-05-04 06:45:00,0.80318,0.80342,0.80275,0.80323,202,18,0
2026-05-04 07:00:00,0.80325,0.80326,0.80255,0.80256,222,18,0
2026-05-04 07:15:00,0.80254,0.80285,0.80244,0.80261,191,18,0
2026-05-04 07:30:00,0.80258,0.80277,0.80237,0.80239,160,18,0
2026-05-04 07:45:00,0.8024,0.8026,0.80221,0.80222,169,18,0
2026-05-04 08:00:00,0.8022,0.8023,0.80194,0.80223,191,18,0
2026-05-04 08:15:00,0.80225,0.80264,0.80216,0.80236,161,18,0
2026-05-04 08:30:00,0.80233,0.80268,0.80231,0.80252,112,18,0
2026-05-04 08:45:00,0.80254,0.80262,0.80237,0.80243,107,18,0
2026-05-04 09:00:00,0.80246,0.80268,0.80234,0.80246,133,18,0
2026-05-04 09:15:00,0.80248,0.80268,0.80233,0.80268,107,18,0
2026-05-04 09:30:00,0.80269,0.80284,0.80266,0.80281,84,18,0
2026-05-04 09:45:00,0.80279,0.80281,0.80237,0.80238,116,18,0
2026-05-04 10:00:00,0.80241,0.80241,0.79995,0.80019,710,18,0
2026-05-04 10:15:00,0.80023,0.80126,0.79991,0.801,500,18,0
2026-05-04 10:30:00,0.80104,0.80157,0.80089,0.80126,455,18,0
2026-05-04 10:45:00,0.80124,0.80126,0.80085,0.80087,150,18,0
2026-05-04 11:00:00,0.80091,0.80115,0.80054,0.80074,277,18,0
2026-05-04 11:15:00,0.80076,0.80117,0.80072,0.80101,160,18,0
2026-05-04 11:30:00,0.80098,0.80112,0.80067,0.80096,226,18,0
2026-05-04 11:45:00,0.80093,0.80106,0.80084,0.80096,146,18,0
2026-05-04 12:00:00,0.80098,0.80153,0.80089,0.80142,162,18,0
2026-05-04 12:15:00,0.8014,0.80201,0.80126,0.80196,293,18,0
2026-05-04 12:30:00,0.80192,0.80222,0.80175,0.80221,187,18,0
2026-05-04 12:45:00,0.80219,0.80244,0.80207,0.80229,166,18,0
2026-05-04 13:00:00,0.80226,0.8025,0.80163,0.80212,397,18,0
2026-05-04 13:15:00,0.8021,0.80221,0.80181,0.80193,176,18,0
2026-05-04 13:30:00,0.80195,0.8024,0.80173,0.80214,291,18,0
2026-05-04 13:45:00,0.80217,0.8022,0.80137,0.80142,226,18,0
2026-05-04 14:00:00,0.80139,0.80171,0.80126,0.80165,259,18,0
2026-05-04 14:15:00,0.80164,0.80189,0.80147,0.80156,228,18,0
2026-05-04 14:30:00,0.80158,0.80176,0.80135,0.80135,228,18,0
2026-05-04 14:45:00,0.80133,0.80171,0.80107,0.80109,269,18,0
2026-05-04 15:00:00,0.80107,0.80141,0.80071,0.80076,313,18,0
2026-05-04 15:15:00,0.80074,0.80092,0.79932,0.79939,476,18,0
2026-05-04 15:30:00,0.7994,0.79945,0.79906,0.79939,330,18,0
2026-05-04 15:45:00,0.79936,0.79946,0.79887,0.79899,338,18,0
2026-05-04 16:00:00,0.79901,0.79912,0.79801,0.79812,347,18,0
2026-05-04 16:15:00,0.7981,0.7992,0.79795,0.79874,402,18,0
2026-05-04 16:30:00,0.79871,0.79898,0.79867,0.79869,245,18,0
2026-05-04 16:45:00,0.79868,0.7988,0.79844,0.79845,181,18,0
2026-05-04 17:00:00,0.79847,0.79955,0.79844,0.79944,245,18,0
2026-05-04 17:15:00,0.79942,0.79981,0.79931,0.7998,206,18,0
2026-05-04 17:30:00,0.79977,0.7998,0.7992,0.79937,139,18,0
2026-05-04 17:45:00,0.79935,0.79942,0.79925,0.79934,87,18,0
2026-05-04 18:00:00,0.79932,0.79943,0.79916,0.79918,113,18,0
2026-05-04 18:15:00,0.79917,0.79917,0.79864,0.79874,124,18,0
2026-05-04 18:30:00,0.79876,0.79896,0.79875,0.79891,105,18,0
2026-05-04 18:45:00,0.7989,0.79908,0.79878,0.79906,162,18,0
2026-05-04 19:00:00,0.79907,0.79963,0.79899,0.79947,229,18,0
2026-05-04 19:15:00,0.79948,0.79972,0.79945,0.7996,129,18,0
2026-05-04 19:30:00,0.79961,0.7997,0.7995,0.79953,80,18,0
2026-05-04 19:45:00,0.79954,0.79966,0.79943,0.79964,99,18,0
2026-05-04 20:00:00,0.79966,0.79974,0.79956,0.79964,69,18,0
2026-05-04 20:15:00,0.79965,0.79967,0.79944,0.79944,84,18,0
2026-05-04 20:30:00,0.79947,0.79967,0.79947,0.79967,52,18,0
2026-05-04 20:45:00,0.79964,0.80001,0.79953,0.80001,74,11,0
2026-05-04 21:00:00,0.80002,0.80002,0.8,0.8,3,11,0
2026-05-04 21:15:00,0.80001,0.80001,0.79985,0.79987,27,14,0
2026-05-04 21:30:00,0.79988,0.79992,0.79986,0.79992,14,35,0
2026-05-04 21:45:00,0.79992,0.80002,0.79986,0.79992,28,28,0
2026-05-04 22:00:00,0.79997,0.80001,0.79967,0.79988,80,13,0
2026-05-04 22:15:00,0.79987,0.79992,0.79983,0.7999,25,13,0
2026-05-04 22:30:00,0.79987,0.79995,0.79978,0.79982,27,13,0
2026-05-04 22:45:00,0.7998,0.79983,0.79962,0.79976,39,13,0
2026-05-04 23:00:00,0.79974,0.79974,0.79965,0.79965,25,18,0
2026-05-04 23:15:00,0.79963,0.79974,0.79962,0.79974,18,18,0
2026-05-04 23:30:00,0.79975,0.79978,0.79965,0.79969,21,18,0
2026-05-04 23:45:00,0.79968,0.79977,0.79959,0.79963,30,18,0
2026-05-05 00:00:00,0.79965,0.79982,0.79955,0.79964,125,18,0
2026-05-05 00:15:00,0.79961,0.79961,0.79903,0.79912,122,18,0
2026-05-05 00:30:00,0.79914,0.79917,0.79875,0.79875,73,18,0
2026-05-05 00:45:00,0.79877,0.79916,0.79876,0.7988,104,18,0
2026-05-05 01:00:00,0.79878,0.79878,0.79855,0.79863,107,18,0
2026-05-05 01:15:00,0.79864,0.79874,0.79833,0.79848,93,18,0
2026-05-05 01:30:00,0.79847,0.79867,0.79838,0.79841,135,18,0
2026-05-05 01:45:00,0.79839,0.79872,0.79834,0.79869,76,18,0
2026-05-05 02:00:00,0.79871,0.79894,0.79866,0.79886,91,18,0
2026-05-05 02:15:00,0.79888,0.79915,0.79888,0.79912,64,18,0
2026-05-05 02:30:00,0.79914,0.79922,0.79894,0.79903,82,18,0
2026-05-05 02:45:00,0.79905,0.79926,0.79898,0.799,97,18,0
2026-05-05 03:00:00,0.79898,0.79903,0.79872,0.79886,74,18,0
2026-05-05 03:15:00,0.79888,0.79902,0.79888,0.79891,46,18,0
2026-05-05 03:30:00,0.7989,0.79901,0.79876,0.79901,64,18,0
2026-05-05 03:45:00,0.79902,0.79916,0.79889,0.7989,48,18,0
2026-05-05 04:00:00,0.79888,0.79913,0.79888,0.799,34,18,0
2026-05-05 04:15:00,0.79902,0.79935,0.79902,0.79934,57,18,0
2026-05-05 04:30:00,0.79936,0.79956,0.79879,0.79911,318,18,0
2026-05-05 04:45:00,0.79914,0.79915,0.79819,0.79827,150,18,0
2026-05-05 05:00:00,0.79823,0.79885,0.79818,0.79843,141,18,0
2026-05-05 05:15:00,0.79842,0.79883,0.79839,0.79843,107,18,0
2026-05-05 05:30:00,0.79846,0.79978,0.79826,0.79928,337,18,0
2026-05-05 05:45:00,0.79926,0.79952,0.79888,0.79929,206,18,0
2026-05-05 06:00:00,0.79932,0.80007,0.79932,0.79993,262,18,0
2026-05-05 06:15:00,0.79992,0.79996,0.7992,0.79961,175,18,0
2026-05-05 06:30:00,0.7996,0.7998,0.79949,0.79979,171,18,0
2026-05-05 06:45:00,0.79982,0.80021,0.79975,0.79993,133,18,0
2026-05-05 07:00:00,0.79996,0.80016,0.7998,0.79994,208,18,0
2026-05-05 07:15:00,0.79991,0.79996,0.79935,0.79935,143,18,0
2026-05-05 07:30:00,0.79933,0.80039,0.79933,0.79999,258,18,0
2026-05-05 07:45:00,0.80001,0.80007,0.7998,0.79987,145,18,0
2026-05-05 08:00:00,0.79988,0.8006,0.79988,0.80054,160,18,0
2026-05-05 08:15:00,0.80053,0.80087,0.8005,0.80074,147,18,0
2026-05-05 08:30:00,0.80073,0.80073,0.80031,0.80031,116,18,0
2026-05-05 08:45:00,0.80028,0.80058,0.8002,0.80048,143,18,0
2026-05-05 09:00:00,0.80046,0.80053,0.80023,0.80039,197,18,0
2026-05-05 09:15:00,0.8004,0.80054,0.8002,0.80046,133,18,0
2026-05-05 09:30:00,0.80045,0.80079,0.80045,0.80054,145,18,0
2026-05-05 09:45:00,0.80055,0.80084,0.80053,0.80064,134,18,0
2026-05-05 10:00:00,0.80065,0.80067,0.80046,0.80064,98,18,0
2026-05-05 10:15:00,0.80067,0.80075,0.80059,0.80071,98,18,0
2026-05-05 10:30:00,0.80068,0.80116,0.80026,0.80029,175,18,0
2026-05-05 10:45:00,0.80028,0.80046,0.80017,0.80046,87,18,0
2026-05-05 11:00:00,0.80048,0.80052,0.80008,0.80015,171,18,0
2026-05-05 11:15:00,0.80017,0.80037,0.79983,0.80021,158,18,0
2026-05-05 11:30:00,0.80022,0.80047,0.80022,0.80041,135,18,0
2026-05-05 11:45:00,0.80042,0.80053,0.80033,0.80053,104,18,0
2026-05-05 12:00:00,0.80052,0.80094,0.80021,0.80091,268,18,0
2026-05-05 12:15:00,0.80093,0.80198,0.80091,0.80194,202,18,0
2026-05-05 12:30:00,0.80195,0.80195,0.8014,0.8014,172,18,0
2026-05-05 12:45:00,0.80142,0.80154,0.80129,0.80131,131,18,0
2026-05-05 13:00:00,0.8013,0.80188,0.80127,0.80141,208,18,0
2026-05-05 13:15:00,0.80137,0.80152,0.80114,0.80115,122,18,0
2026-05-05 13:30:00,0.80113,0.80131,0.80103,0.80106,199,18,0
2026-05-05 13:45:00,0.80103,0.80134,0.80089,0.8012,197,18,0
2026-05-05 14:00:00,0.80123,0.80156,0.80091,0.80098,374,18,0
2026-05-05 14:15:00,0.80101,0.8015,0.80069,0.80136,337,18,0
2026-05-05 14:30:00,0.80134,0.80198,0.80133,0.80187,240,18,0
2026-05-05 14:45:00,0.80184,0.80253,0.80162,0.80252,247,18,0
2026-05-05 15:00:00,0.80254,0.80312,0.80254,0.80304,204,18,0
2026-05-05 15:15:00,0.80301,0.80323,0.80294,0.80316,162,18,0
2026-05-05 15:30:00,0.80317,0.80361,0.80297,0.80325,227,18,0
2026-05-05 15:45:00,0.80326,0.80343,0.803,0.80304,149,18,0
2026-05-05 16:00:00,0.80303,0.80304,0.80279,0.80279,127,18,0
2026-05-05 16:15:00,0.80277,0.8028,0.80257,0.80266,124,18,0
2026-05-05 16:30:00,0.80268,0.80271,0.80249,0.80261,97,18,0
2026-05-05 16:45:00,0.8026,0.8027,0.80228,0.80235,104,18,0
2026-05-05 17:00:00,0.80236,0.80252,0.80231,0.80244,103,18,0
2026-05-05 17:15:00,0.80247,0.80255,0.80232,0.80252,83,18,0
2026-05-05 17:30:00,0.80253,0.80271,0.80243,0.80246,113,18,0
2026-05-05 17:45:00,0.80245,0.80245,0.80231,0.80231,90,18,0
2026-05-05 18:00:00,0.80228,0.80245,0.80227,0.8023,76,18,0
2026-05-05 18:15:00,0.80232,0.80232,0.80211,0.80216,51,18,0
2026-05-05 18:30:00,0.80214,0.80222,0.80206,0.80206,49,18,0
2026-05-05 18:45:00,0.80205,0.80211,0.80188,0.8019,65,18,0
2026-05-05 19:00:00,0.80193,0.80213,0.80193,0.80196,64,18,0
2026-05-05 19:15:00,0.80194,0.80194,0.80173,0.8018,70,18,0
2026-05-05 19:30:00,0.80182,0.80203,0.80182,0.80188,50,18,0
2026-05-05 19:45:00,0.80191,0.80199,0.80169,0.80199,106,18,0
2026-05-05 20:00:00,0.802,0.80204,0.80188,0.80189,52,18,0
2026-05-05 20:15:00,0.80187,0.80187,0.80158,0.80174,58,18,0
2026-05-05 20:30:00,0.80177,0.8018,0.80172,0.80174,36,18,0
2026-05-05 20:45:00,0.80171,0.80171,0.80146,0.80162,77,11,0
2026-05-05 21:00:00,0.8016,0.8016,0.80109,0.80135,58,13,0
2026-05-05 21:15:00,0.80132,0.80133,0.80095,0.80123,67,50,0
2026-05-05 21:30:00,0.8012,0.8013,0.80097,0.80124,47,46,0
2026-05-05 21:45:00,0.80118,0.80119,0.80037,0.80101,87,57,0
2026-05-05 22:00:00,0.80147,0.80191,0.80118,0.80155,75,14,0
2026-05-05 22:15:00,0.80152,0.80153,0.80137,0.80139,30,13,0
2026-05-05 22:30:00,0.80138,0.80174,0.80134,0.80169,51,13,0
2026-05-05 22:45:00,0.80172,0.80252,0.80161,0.80233,361,13,0
2026-05-05 23:00:00,0.80229,0.80354,0.80213,0.80351,261,18,0
2026-05-05 23:15:00,0.80352,0.80382,0.80311,0.80312,177,18,0
2026-05-05 23:30:00,0.8031,0.80321,0.80294,0.80294,106,18,0
2026-05-05 23:45:00,0.80296,0.80302,0.80277,0.80277,113,18,0
2026-05-06 00:00:00,0.8028,0.80337,0.8028,0.80316,282,18,0
2026-05-06 00:15:00,0.80318,0.80388,0.803,0.80374,205,18,0
2026-05-06 00:30:00,0.80375,0.8046,0.8037,0.80458,221,18,0
2026-05-06 00:45:00,0.80455,0.80475,0.80433,0.80475,164,18,0
2026-05-06 01:00:00,0.80478,0.80498,0.80462,0.80482,212,18,0
2026-05-06 01:15:00,0.80484,0.80581,0.80484,0.80554,203,18,0
2026-05-06 01:30:00,0.80551,0.80552,0.805,0.80549,200,18,0
2026-05-06 01:45:00,0.80552,0.80604,0.80552,0.80578,183,18,0
2026-05-06 02:00:00,0.80576,0.80596,0.80574,0.80577,159,18,0
2026-05-06 02:15:00,0.80579,0.80605,0.80574,0.80584,150,18,0
2026-05-06 02:30:00,0.80585,0.80609,0.8058,0.80603,89,18,0
2026-05-06 02:45:00,0.80602,0.80626,0.80594,0.80623,103,18,0
2026-05-06 03:00:00,0.80624,0.80735,0.80624,0.80675,220,18,0
2026-05-06 03:15:00,0.80674,0.80686,0.80662,0.80664,108,18,0
2026-05-06 03:30:00,0.80662,0.80695,0.80653,0.80693,132,18,0
2026-05-06 03:45:00,0.80692,0.80692,0.80635,0.80635,92,18,0
2026-05-06 04:00:00,0.80636,0.80688,0.80632,0.80688,69,18,0
2026-05-06 04:15:00,0.8069,0.80737,0.80668,0.80734,151,18,0
2026-05-06 04:30:00,0.80731,0.80802,0.80725,0.80795,369,18,0
2026-05-06 04:45:00,0.80792,0.80857,0.80782,0.808,344,18,0
2026-05-06 05:00:00,0.80797,0.80819,0.80785,0.80807,213,18,0
2026-05-06 05:15:00,0.80806,0.80806,0.80744,0.80785,169,18,0
2026-05-06 05:30:00,0.80784,0.80791,0.80762,0.8079,121,18,0
2026-05-06 05:45:00,0.80787,0.80827,0.80787,0.80804,137,18,0
2026-05-06 06:00:00,0.80808,0.80847,0.80801,0.80843,232,18,0
2026-05-06 06:15:00,0.8084,0.80908,0.80834,0.8089,173,18,0
2026-05-06 06:30:00,0.80892,0.80892,0.80814,0.80826,213,18,0
2026-05-06 06:45:00,0.80824,0.80864,0.80822,0.80861,144,18,0
2026-05-06 07:00:00,0.80863,0.80865,0.80778,0.80785,292,18,0
2026-05-06 07:15:00,0.80783,0.80834,0.80782,0.8082,185,18,0
2026-05-06 07:30:00,0.80822,0.80837,0.80799,0.80832,164,18,0
2026-05-06 07:45:00,0.80836,0.80919,0.80836,0.80918,261,18,0
2026-05-06 08:00:00,0.80917,0.80943,0.80875,0.80894,282,18,0
2026-05-06 08:15:00,0.80892,0.80915,0.80853,0.80901,202,18,0
2026-05-06 08:30:00,0.80904,0.80962,0.809,0.8094,179,18,0
2026-05-06 08:45:00,0.80941,0.8113,0.8093,0.81088,545,18,0
2026-05-06 09:00:00,0.81085,0.81106,0.81009,0.81046,350,18,0
2026-05-06 09:15:00,0.81044,0.81096,0.81024,0.81061,305,18,0
2026-05-06 09:30:00,0.81063,0.81105,0.81045,0.81083,274,18,0
2026-05-06 09:45:00,0.81086,0.81125,0.81081,0.81112,203,18,0
2026-05-06 10:00:00,0.81115,0.8114,0.81075,0.81082,216,18,0
2026-05-06 10:15:00,0.81083,0.81142,0.81078,0.81125,218,18,0
2026-05-06 10:30:00,0.81128,0.81249,0.81128,0.81245,246,18,0
2026-05-06 10:45:00,0.81243,0.8136,0.81235,0.81293,501,18,0
2026-05-06 11:00:00,0.8129,0.81327,0.81259,0.81265,336,18,0
2026-05-06 11:15:00,0.81268,0.81302,0.8124,0.81279,241,18,0
2026-05-06 11:30:00,0.8128,0.81301,0.81246,0.81249,313,18,0
2026-05-06 11:45:00,0.81251,0.81289,0.81174,0.81183,313,18,0
2026-05-06 12:00:00,0.8118,0.8118,0.81079,0.81087,393,18,0
2026-05-06 12:15:00,0.81089,0.81162,0.81065,0.81124,480,18,0
2026-05-06 12:30:00,0.81127,0.81156,0.81127,0.81154,263,18,0
2026-05-06 12:45:00,0.81155,0.81155,0.81116,0.81118,239,18,0
2026-05-06 13:00:00,0.81116,0.81143,0.8103,0.8109,447,18,0
2026-05-06 13:15:00,0.81089,0.8111,0.80995,0.81037,229,18,0
2026-05-06 13:30:00,0.81035,0.81088,0.8101,0.81069,339,18,0
2026-05-06 13:45:00,0.81073,0.8109,0.81035,0.81077,276,18,0
2026-05-06 14:00:00,0.81078,0.81109,0.8104,0.81103,284,18,0
2026-05-06 14:15:00,0.81105,0.8111,0.81053,0.81054,253,18,0
2026-05-06 14:30:00,0.81052,0.81238,0.81052,0.81238,331,18,0
2026-05-06 14:45:00,0.8124,0.81255,0.81138,0.81138,333,18,0
2026-05-06 15:00:00,0.81137,0.81181,0.81125,0.8114,257,18,0
2026-05-06 15:15:00,0.81143,0.81165,0.81127,0.81133,202,18,0
2026-05-06 15:30:00,0.81135,0.81155,0.81111,0.81136,210,18,0
2026-05-06 15:45:00,0.81139,0.81162,0.81113,0.81113,181,18,0
2026-05-06 16:00:00,0.81111,0.81139,0.81105,0.81126,160,18,0
2026-05-06 16:15:00,0.81123,0.81133,0.81111,0.81116,133,18,0
2026-05-06 16:30:00,0.81117,0.81129,0.81104,0.81121,95,18,0
2026-05-06 16:45:00,0.81118,0.81126,0.81087,0.81104,199,18,0
2026-05-06 17:00:00,0.81103,0.81179,0.81095,0.81176,126,18,0
2026-05-06 17:15:00,0.81177,0.81189,0.81176,0.81176,108,18,0
2026-05-06 17:30:00,0.81177,0.81182,0.81153,0.81168,108,18,0
2026-05-06 17:45:00,0.8117,0.81193,0.81161,0.81193,96,18,0
2026-05-06 18:00:00,0.81194,0.81221,0.81189,0.81189,118,18,0
2026-05-06 18:15:00,0.81191,0.81215,0.81191,0.81212,88,18,0
2026-05-06 18:30:00,0.81213,0.81229,0.81211,0.81223,73,18,0
2026-05-06 18:45:00,0.81222,0.81228,0.81207,0.81215,106,18,0
2026-05-06 19:00:00,0.81211,0.81245,0.81207,0.81218,142,18,0
2026-05-06 19:15:00,0.81216,0.81227,0.81204,0.81205,73,18,0
2026-05-06 19:30:00,0.81203,0.81204,0.8119,0.81197,59,18,0
2026-05-06 19:45:00,0.81199,0.81212,0.81187,0.81192,117,18,0
2026-05-06 20:00:00,0.81193,0.81197,0.8116,0.81171,109,18,0
2026-05-06 20:15:00,0.81174,0.81182,0.81156,0.81164,82,18,0
2026-05-06 20:30:00,0.81162,0.81162,0.81138,0.8114,45,18,0
2026-05-06 20:45:00,0.81141,0.81164,0.81134,0.8116,75,13,0
2026-05-06 21:15:00,0.81157,0.81157,0.81108,0.81126,47,21,0
2026-05-06 21:30:00,0.81123,0.81123,0.811,0.81114,78,57,0
2026-05-06 21:45:00,0.81114,0.81174,0.8111,0.81112,68,49,0
2026-05-06 22:00:00,0.81163,0.81197,0.81138,0.81181,84,17,0
2026-05-06 22:15:00,0.81179,0.81191,0.81179,0.81183,38,14,0
2026-05-06 22:30:00,0.81182,0.81184,0.81175,0.81178,21,13,0
2026-05-06 22:45:00,0.81179,0.81187,0.8117,0.81187,45,13,0
2026-05-06 23:00:00,0.81185,0.81198,0.81182,0.81189,34,18,0
2026-05-06 23:15:00,0.81186,0.81187,0.81166,0.8117,23,18,0
2026-05-06 23:30:00,0.81168,0.81186,0.81161,0.81186,23,18,0
2026-05-06 23:45:00,0.81187,0.81197,0.81163,0.81167,53,18,0
2026-05-07 00:00:00,0.81169,0.81212,0.81163,0.8121,232,18,0
2026-05-07 00:15:00,0.81209,0.81213,0.81167,0.81179,164,18,0
2026-05-07 00:30:00,0.81178,0.81203,0.81175,0.81183,130,18,0
2026-05-07 00:45:00,0.81185,0.8119,0.8116,0.81189,123,18,0
2026-05-07 01:00:00,0.81185,0.81207,0.81142,0.81191,179,18,0
2026-05-07 01:15:00,0.81193,0.81222,0.81192,0.81205,154,18,0
2026-05-07 01:30:00,0.81203,0.8124,0.81192,0.8124,143,18,0
2026-05-07 01:45:00,0.81239,0.81291,0.81239,0.81259,119,18,0
2026-05-07 02:00:00,0.81262,0.8128,0.81249,0.81273,108,18,0
2026-05-07 02:15:00,0.81272,0.81272,0.81233,0.81247,91,18,0
2026-05-07 02:30:00,0.81246,0.81272,0.81246,0.81271,98,18,0
2026-05-07 02:45:00,0.81272,0.81291,0.81266,0.81273,102,18,0
2026-05-07 03:00:00,0.81271,0.81274,0.81245,0.81254,100,18,0
2026-05-07 03:15:00,0.81257,0.81269,0.81242,0.81244,68,18,0
2026-05-07 03:30:00,0.81242,0.81264,0.81224,0.81249,100,18,0
2026-05-07 03:45:00,0.8125,0.81257,0.81244,0.81248,62,18,0
2026-05-07 04:00:00,0.81245,0.8126,0.81239,0.81247,89,18,0
2026-05-07 04:15:00,0.81245,0.81271,0.81243,0.8127,66,18,0
2026-05-07 04:30:00,0.81268,0.81277,0.81253,0.81273,71,18,0
2026-05-07 04:45:00,0.81271,0.8128,0.81258,0.8127,62,18,0
2026-05-07 05:00:00,0.81272,0.8128,0.81268,0.81275,84,18,0
2026-05-07 05:15:00,0.81273,0.81275,0.81264,0.81274,63,18,0
2026-05-07 05:30:00,0.81277,0.81294,0.81272,0.81275,71,18,0
2026-05-07 05:45:00,0.81274,0.81276,0.81257,0.8126,70,18,0
2026-05-07 06:00:00,0.81258,0.81258,0.81228,0.81233,111,18,0
2026-05-07 06:15:00,0.81231,0.81258,0.81231,0.81235,97,18,0
2026-05-07 06:30:00,0.81233,0.81316,0.81222,0.81312,234,18,0
2026-05-07 06:45:00,0.81308,0.8131,0.81235,0.81249,173,18,0
2026-05-07 07:00:00,0.81246,0.81371,0.81241,0.8137,359,18,0
2026-05-07 07:15:00,0.81368,0.81403,0.81341,0.81401,275,18,0
2026-05-07 07:30:00,0.81404,0.81425,0.81373,0.81384,197,18,0
2026-05-07 07:45:00,0.81387,0.81403,0.8136,0.81397,180,18,0
2026-05-07 08:00:00,0.81398,0.81429,0.81391,0.81413,197,18,0
2026-05-07 08:15:00,0.81411,0.81421,0.81386,0.8141,210,18,0
2026-05-07 08:30:00,0.81408,0.8143,0.81404,0.81418,139,18,0
2026-05-07 08:45:00,0.81419,0.81448,0.81394,0.81403,114,18,0
2026-05-07 09:00:00,0.81401,0.81401,0.81362,0.81367,136,18,0
2026-05-07 09:15:00,0.81371,0.8138,0.8135,0.81352,101,18,0
2026-05-07 09:30:00,0.81349,0.81424,0.81349,0.81424,133,18,0
2026-05-07 09:45:00,0.81426,0.81434,0.81373,0.81415,147,18,0
2026-05-07 10:00:00,0.81417,0.81451,0.81411,0.8145,134,18,0
2026-05-07 10:15:00,0.81451,0.8146,0.81435,0.81449,141,18,0
2026-05-07 10:30:00,0.8145,0.81477,0.81425,0.81473,144,18,0
2026-05-07 10:45:00,0.81474,0.81498,0.81466,0.81468,150,18,0
2026-05-07 11:00:00,0.81471,0.81489,0.81452,0.81477,146,18,0
2026-05-07 11:15:00,0.81475,0.81498,0.81449,0.81478,150,18,0
2026-05-07 11:30:00,0.81479,0.81514,0.81464,0.81508,143,18,0
2026-05-07 11:45:00,0.81506,0.81506,0.81464,0.81494,140,18,0
2026-05-07 12:00:00,0.81495,0.81495,0.81461,0.81477,170,18,0
2026-05-07 12:15:00,0.8148,0.81509,0.81459,0.81475,183,18,0
2026-05-07 12:30:00,0.81471,0.81501,0.81468,0.81497,154,18,0
2026-05-07 12:45:00,0.81498,0.81535,0.8149,0.81498,171,18,0
2026-05-07 13:00:00,0.81496,0.81496,0.81458,0.8147,227,18,0
2026-05-07 13:15:00,0.81472,0.81515,0.81469,0.81505,163,18,0
2026-05-07 13:30:00,0.81503,0.81503,0.81456,0.81456,227,18,0
2026-05-07 13:45:00,0.81459,0.815,0.8143,0.81478,279,18,0
2026-05-07 14:00:00,0.8148,0.81483,0.81437,0.81468,223,18,0
2026-05-07 14:15:00,0.8147,0.81498,0.81445,0.8147,241,18,0
2026-05-07 14:30:00,0.81469,0.81477,0.81442,0.81459,206,18,0
2026-05-07 14:45:00,0.81461,0.81506,0.81451,0.81488,219,18,0
2026-05-07 15:00:00,0.81493,0.81499,0.81433,0.8144,212,18,0
2026-05-07 15:15:00,0.81439,0.8144,0.81322,0.81339,273,18,0
2026-05-07 15:30:00,0.81341,0.81364,0.81336,0.81342,223,18,0
2026-05-07 15:45:00,0.81343,0.81343,0.81285,0.81289,207,18,0
2026-05-07 16:00:00,0.81286,0.81297,0.81257,0.81263,257,18,0
2026-05-07 16:15:00,0.81261,0.81288,0.81223,0.81276,225,18,0
2026-05-07 16:30:00,0.81277,0.8128,0.81224,0.81228,175,18,0
2026-05-07 16:45:00,0.81229,0.81254,0.81218,0.81229,165,18,0
2026-05-07 17:00:00,0.81231,0.81231,0.81199,0.81208,173,18,0
2026-05-07 17:15:00,0.81204,0.81238,0.81136,0.81147,293,18,0
2026-05-07 17:30:00,0.8115,0.81163,0.81112,0.81141,318,18,0
2026-05-07 17:45:00,0.8114,0.81185,0.81127,0.81185,209,18,0
2026-05-07 18:00:00,0.81188,0.81198,0.81161,0.81173,151,18,0
2026-05-07 18:15:00,0.81172,0.81186,0.81166,0.81184,109,18,0
2026-05-07 18:30:00,0.81183,0.81204,0.81134,0.81149,208,18,0
2026-05-07 18:45:00,0.81148,0.8116,0.81105,0.81158,294,18,0
2026-05-07 19:00:00,0.8116,0.81163,0.8113,0.81145,168,18,0
2026-05-07 19:15:00,0.81144,0.81154,0.81076,0.81106,258,18,0
2026-05-07 19:30:00,0.81108,0.81163,0.81103,0.81139,118,18,0
2026-05-07 19:45:00,0.8114,0.81155,0.81108,0.81118,257,18,0
2026-05-07 20:00:00,0.81119,0.81202,0.81116,0.8116,279,18,0
2026-05-07 20:15:00,0.81161,0.81168,0.8115,0.81153,78,18,0
2026-05-07 20:30:00,0.81154,0.81154,0.81083,0.81136,214,18,0
2026-05-07 20:45:00,0.81138,0.81143,0.81089,0.81118,165,11,0
2026-05-07 21:15:00,0.81118,0.8112,0.8111,0.8111,15,11,0
2026-05-07 21:30:00,0.81109,0.81116,0.81104,0.81116,34,24,0
2026-05-07 21:45:00,0.81115,0.81124,0.81089,0.81092,35,25,0
2026-05-07 22:00:00,0.81119,0.81122,0.80988,0.81107,157,13,0
2026-05-07 22:15:00,0.81104,0.81132,0.81092,0.81125,172,13,0
2026-05-07 22:30:00,0.81124,0.81124,0.81094,0.81106,92,13,0
2026-05-07 22:45:00,0.81103,0.81112,0.8107,0.8107,76,13,0
2026-05-07 23:00:00,0.81069,0.81095,0.81069,0.81087,50,18,0
2026-05-07 23:15:00,0.81086,0.81116,0.81084,0.81114,40,18,0
2026-05-07 23:30:00,0.81116,0.81118,0.81097,0.81101,40,18,0
2026-05-07 23:45:00,0.81102,0.81115,0.81096,0.8111,63,18,0
2026-05-08 00:00:00,0.81113,0.81136,0.81103,0.81108,184,18,0
2026-05-08 00:15:00,0.81105,0.81105,0.81046,0.81074,213,18,0
2026-05-08 00:30:00,0.81075,0.81102,0.81073,0.81099,107,18,0
2026-05-08 00:45:00,0.81098,0.81106,0.81071,0.81101,142,18,0
2026-05-08 01:00:00,0.81105,0.81135,0.81105,0.81111,161,18,0
2026-05-08 01:15:00,0.81113,0.81129,0.81098,0.81101,143,18,0
2026-05-08 01:30:00,0.81104,0.81116,0.8108,0.81099,121,18,0
2026-05-08 01:45:00,0.811,0.81118,0.81087,0.81097,113,18,0
2026-05-08 02:00:00,0.81098,0.811,0.81078,0.8109,109,18,0
2026-05-08 02:15:00,0.81089,0.81102,0.81073,0.81082,130,18,0
2026-05-08 02:30:00,0.8108,0.81093,0.81027,0.81076,224,18,0
2026-05-08 02:45:00,0.81078,0.8112,0.81074,0.81085,131,18,0
2026-05-08 03:00:00,0.81087,0.81125,0.81084,0.81125,97,18,0
2026-05-08 03:15:00,0.81128,0.81128,0.81101,0.81122,78,18,0
2026-05-08 03:30:00,0.81124,0.81169,0.81124,0.81164,122,18,0
2026-05-08 03:45:00,0.81166,0.81171,0.81132,0.81132,80,18,0
2026-05-08 04:00:00,0.81134,0.81157,0.81126,0.81137,79,18,0
2026-05-08 04:15:00,0.81139,0.81156,0.81126,0.81143,76,18,0
2026-05-08 04:30:00,0.81141,0.81146,0.81128,0.81142,67,18,0
2026-05-08 04:45:00,0.81144,0.81179,0.8114,0.81158,78,18,0
2026-05-08 05:00:00,0.8116,0.81172,0.81148,0.81164,81,18,0
2026-05-08 05:15:00,0.81165,0.81204,0.81164,0.81204,75,18,0
2026-05-08 05:30:00,0.81206,0.81225,0.81172,0.8118,125,18,0
2026-05-08 05:45:00,0.81183,0.81206,0.8118,0.81201,66,18,0
2026-05-08 06:00:00,0.81204,0.81258,0.81197,0.81233,170,18,0
2026-05-08 06:15:00,0.8123,0.81286,0.81228,0.81283,159,18,0
2026-05-08 06:30:00,0.81284,0.81299,0.81244,0.81295,168,18,0
2026-05-08 06:45:00,0.81293,0.81293,0.81267,0.81269,112,18,0
2026-05-08 07:00:00,0.81272,0.81278,0.81243,0.81243,167,18,0
2026-05-08 07:15:00,0.81241,0.81244,0.81206,0.81219,198,18,0
2026-05-08 07:30:00,0.81222,0.81255,0.81212,0.81239,131,18,0
2026-05-08 07:45:00,0.81241,0.8127,0.81237,0.81262,116,18,0
2026-05-08 08:00:00,0.81265,0.81294,0.81258,0.81268,152,18,0
2026-05-08 08:15:00,0.81266,0.81377,0.81263,0.81376,176,18,0
2026-05-08 08:30:00,0.81377,0.8141,0.81371,0.81396,148,18,0
2026-05-08 08:45:00,0.81398,0.81414,0.81369,0.8138,142,18,0
2026-05-08 09:00:00,0.81383,0.81431,0.81376,0.81402,167,18,0
2026-05-08 09:15:00,0.81405,0.81442,0.81397,0.81399,134,18,0
2026-05-08 09:30:00,0.81401,0.81411,0.81383,0.81401,102,18,0
2026-05-08 09:45:00,0.81404,0.81406,0.8133,0.81353,150,18,0
2026-05-08 10:00:00,0.81355,0.81401,0.81352,0.81392,113,18,0
2026-05-08 10:15:00,0.81389,0.81414,0.81377,0.81406,100,18,0
2026-05-08 10:30:00,0.8141,0.81437,0.81404,0.81418,107,18,0
2026-05-08 10:45:00,0.81415,0.81416,0.81377,0.814,130,18,0
2026-05-08 11:00:00,0.81399,0.81428,0.81373,0.81375,132,18,0
2026-05-08 11:15:00,0.81378,0.81393,0.81355,0.81355,105,18,0
2026-05-08 11:30:00,0.81357,0.81362,0.81301,0.81308,102,18,0
2026-05-08 11:45:00,0.81305,0.81324,0.81299,0.81315,122,18,0
2026-05-08 12:00:00,0.81313,0.81379,0.81306,0.81355,216,18,0
2026-05-08 12:15:00,0.81357,0.81376,0.81318,0.81374,200,18,0
2026-05-08 12:30:00,0.81372,0.81653,0.81334,0.816,612,18,0
2026-05-08 12:45:00,0.81598,0.81623,0.81568,0.81571,343,18,0
2026-05-08 13:00:00,0.81574,0.81612,0.81502,0.81552,328,18,0
2026-05-08 13:15:00,0.8155,0.81649,0.81536,0.81629,293,18,0
2026-05-08 13:30:00,0.81633,0.81683,0.81603,0.81674,342,18,0
2026-05-08 13:45:00,0.81676,0.81732,0.81674,0.81714,280,18,0
2026-05-08 14:00:00,0.81711,0.81712,0.81576,0.81599,326,18,0
2026-05-08 14:15:00,0.81597,0.81616,0.81585,0.81587,237,18,0
2026-05-08 14:30:00,0.81586,0.81621,0.81574,0.81614,221,18,0
2026-05-08 14:45:00,0.81613,0.81629,0.81549,0.81549,224,18,0
2026-05-08 15:00:00,0.81546,0.81567,0.81527,0.81532,232,18,0
2026-05-08 15:15:00,0.81534,0.8155,0.81514,0.8155,182,18,0
2026-05-08 15:30:00,0.81551,0.81563,0.81515,0.81524,206,18,0
2026-05-08 15:45:00,0.81523,0.81526,0.815,0.81506,179,18,0
2026-05-08 16:00:00,0.81509,0.81537,0.81499,0.81532,178,18,0
2026-05-08 16:15:00,0.81529,0.81574,0.81529,0.81574,104,18,0
2026-05-08 16:30:00,0.81572,0.81575,0.81537,0.81542,108,18,0
2026-05-08 16:45:00,0.81544,0.8157,0.81542,0.81549,122,18,0
2026-05-08 17:00:00,0.81546,0.81552,0.81523,0.81542,78,18,0
2026-05-08 17:15:00,0.81541,0.8156,0.81533,0.81559,105,18,0
2026-05-08 17:30:00,0.8156,0.81564,0.81541,0.81543,91,18,0
2026-05-08 17:45:00,0.81545,0.81561,0.81544,0.81549,83,18,0
2026-05-08 18:00:00,0.81547,0.81593,0.81542,0.81587,162,18,0
2026-05-08 18:15:00,0.81586,0.81586,0.81566,0.81568,78,18,0
2026-05-08 18:30:00,0.81567,0.81571,0.8156,0.81566,74,18,0
2026-05-08 18:45:00,0.81563,0.81566,0.81518,0.81518,104,18,0
2026-05-08 19:00:00,0.81522,0.81534,0.81519,0.81526,65,18,0
2026-05-08 19:15:00,0.81525,0.81528,0.8152,0.81525,43,18,0
2026-05-08 19:30:00,0.81523,0.81558,0.81517,0.81554,77,18,0
2026-05-08 19:45:00,0.81555,0.81579,0.81552,0.81568,113,18,0
2026-05-08 20:00:00,0.81569,0.81569,0.81551,0.81563,69,18,0
2026-05-08 20:15:00,0.81564,0.8158,0.81558,0.81561,71,18,0
2026-05-08 20:30:00,0.81563,0.81568,0.81534,0.81544,65,18,0
2026-05-08 20:45:00,0.81546,0.81577,0.81543,0.81567,82,18,0
2026-05-10 21:15:00,0.81234,0.81376,0.81203,0.81376,28,140,0
2026-05-10 21:30:00,0.81385,0.8144,0.81246,0.81347,66,109,0
2026-05-10 21:45:00,0.81349,0.81382,0.81314,0.81349,27,60,0
2026-05-10 22:00:00,0.81428,0.81443,0.81311,0.81413,233,18,0
2026-05-10 22:15:00,0.81415,0.81448,0.81391,0.81448,114,18,0
2026-05-10 22:30:00,0.81447,0.81465,0.81422,0.81431,120,18,0
2026-05-10 22:45:00,0.81428,0.81447,0.81414,0.81443,64,18,0
2026-05-10 23:00:00,0.8144,0.81442,0.8141,0.81418,59,18,0
2026-05-10 23:15:00,0.81421,0.8144,0.81419,0.81427,41,18,0
2026-05-10 23:30:00,0.8143,0.81434,0.8141,0.8142,50,18,0
2026-05-10 23:45:00,0.81421,0.81429,0.81395,0.81398,71,18,0
2026-05-11 00:00:00,0.81397,0.81413,0.81386,0.8139,166,18,0
2026-05-11 00:15:00,0.81388,0.81438,0.81378,0.81428,132,18,0
2026-05-11 00:30:00,0.8143,0.81478,0.81426,0.8146,128,18,0
2026-05-11 00:45:00,0.81459,0.81487,0.81425,0.81486,211,18,0
2026-05-11 01:00:00,0.81489,0.81496,0.81449,0.81463,183,18,0
2026-05-11 01:15:00,0.81465,0.81484,0.81459,0.81464,136,18,0
2026-05-11 01:30:00,0.81462,0.81468,0.81407,0.8142,146,18,0
2026-05-11 01:45:00,0.81417,0.81433,0.81409,0.81428,119,18,0
2026-05-11 02:00:00,0.81427,0.81445,0.81427,0.81441,91,18,0
2026-05-11 02:15:00,0.81439,0.81445,0.81425,0.81444,57,18,0
2026-05-11 02:30:00,0.81446,0.81451,0.81397,0.81397,77,18,0
2026-05-11 02:45:00,0.81396,0.81399,0.81377,0.81377,81,18,0
2026-05-11 03:00:00,0.81374,0.81385,0.81362,0.81383,79,18,0
2026-05-11 03:15:00,0.81384,0.8139,0.81374,0.8139,60,18,0
2026-05-11 03:30:00,0.81391,0.81394,0.81377,0.81393,61,18,0
2026-05-11 03:45:00,0.81394,0.81396,0.81372,0.81374,60,18,0
2026-05-11 04:00:00,0.81373,0.81377,0.81352,0.81359,71,18,0
2026-05-11 04:15:00,0.81358,0.81373,0.8135,0.81361,52,18,0
2026-05-11 04:30:00,0.8136,0.81365,0.81344,0.81346,51,18,0
2026-05-11 04:45:00,0.81344,0.81357,0.81342,0.81344,39,18,0
2026-05-11 05:00:00,0.81347,0.8136,0.81338,0.81358,74,18,0
2026-05-11 05:15:00,0.8136,0.81378,0.81359,0.8137,71,18,0
2026-05-11 05:30:00,0.81369,0.81369,0.81338,0.81345,82,18,0
2026-05-11 05:45:00,0.81344,0.81351,0.81316,0.81343,85,18,0
2026-05-11 06:00:00,0.81346,0.8135,0.81317,0.81335,136,18,0
2026-05-11 06:15:00,0.81334,0.81335,0.81281,0.81297,139,18,0
2026-05-11 06:30:00,0.81298,0.81363,0.81292,0.81362,153,18,0
2026-05-11 06:45:00,0.81365,0.8139,0.81342,0.81388,142,18,0
2026-05-11 07:00:00,0.8139,0.81393,0.81301,0.81301,182,18,0
2026-05-11 07:15:00,0.81302,0.81323,0.81292,0.81292,122,18,0
2026-05-11 07:30:00,0.81289,0.81298,0.81269,0.81295,140,18,0
2026-05-11 07:45:00,0.81296,0.81311,0.81265,0.81306,146,18,0
2026-05-11 08:00:00,0.81309,0.81349,0.81304,0.81347,155,18,0
2026-05-11 08:15:00,0.81349,0.8139,0.81349,0.81366,140,18,0
2026-05-11 08:30:00,0.81364,0.81381,0.81323,0.81323,130,18,0
2026-05-11 08:45:00,0.81324,0.81341,0.81297,0.81315,125,18,0
2026-05-11 09:00:00,0.81313,0.81331,0.81307,0.81324,84,18,0
2026-05-11 09:15:00,0.81325,0.81331,0.81291,0.81291,80,18,0
2026-05-11 09:30:00,0.8129,0.81309,0.81286,0.81296,74,18,0
2026-05-11 09:45:00,0.81297,0.81298,0.81246,0.81246,94,18,0
2026-05-11 10:00:00,0.81243,0.81247,0.81226,0.81238,107,18,0
2026-05-11 10:15:00,0.81234,0.81252,0.81231,0.81252,79,18,0
2026-05-11 10:30:00,0.81251,0.81288,0.81236,0.81255,138,18,0
2026-05-11 10:45:00,0.81257,0.81286,0.81245,0.81249,146,18,0
2026-05-11 11:00:00,0.81252,0.81292,0.81252,0.81289,140,18,0
2026-05-11 11:15:00,0.8129,0.81304,0.8128,0.81303,88,18,0
2026-05-11 11:30:00,0.81301,0.81323,0.81301,0.81315,96,18,0
2026-05-11 11:45:00,0.81313,0.81317,0.8127,0.81295,121,18,0
2026-05-11 12:00:00,0.81297,0.81298,0.81245,0.81263,118,18,0
2026-05-11 12:15:00,0.81264,0.81326,0.81252,0.81326,162,18,0
2026-05-11 12:30:00,0.8133,0.81387,0.8133,0.8135,237,18,0
2026-05-11 12:45:00,0.81347,0.81354,0.81307,0.81329,191,18,0
2026-05-11 13:00:00,0.81332,0.8141,0.8133,0.81409,190,18,0
2026-05-11 13:15:00,0.8141,0.81413,0.81381,0.81397,168,18,0
2026-05-11 13:30:00,0.81399,0.81413,0.81365,0.81409,201,18,0
2026-05-11 13:45:00,0.81411,0.8142,0.8138,0.8139,168,18,0
2026-05-11 14:00:00,0.81387,0.81416,0.81377,0.81414,170,18,0
2026-05-11 14:15:00,0.81416,0.81441,0.81397,0.81399,178,18,0
2026-05-11 14:30:00,0.814,0.81416,0.8136,0.81416,255,18,0
2026-05-11 14:45:00,0.81415,0.81493,0.81398,0.81487,243,18,0
2026-05-11 15:00:00,0.81484,0.81518,0.81474,0.81497,184,18,0
2026-05-11 15:15:00,0.81499,0.81551,0.81489,0.81546,157,18,0
2026-05-11 15:30:00,0.81545,0.81561,0.81529,0.81531,162,18,0
2026-05-11 15:45:00,0.81532,0.81552,0.81522,0.81535,133,18,0
2026-05-11 16:00:00,0.81533,0.81549,0.81525,0.81548,78,18,0
2026-05-11 16:15:00,0.81545,0.8155,0.81525,0.81529,70,18,0
2026-05-11 16:30:00,0.81527,0.81527,0.81446,0.81457,147,18,0
2026-05-11 16:45:00,0.81455,0.81462,0.81444,0.81462,152,18,0
2026-05-11 17:00:00,0.81463,0.81478,0.81448,0.81459,141,18,0
2026-05-11 17:15:00,0.81461,0.81489,0.81457,0.81478,102,18,0
2026-05-11 17:30:00,0.81477,0.81501,0.81477,0.81498,75,18,0
2026-05-11 17:45:00,0.81499,0.81503,0.81488,0.81495,51,18,0
2026-05-11 18:00:00,0.81497,0.81518,0.81496,0.81513,65,18,0
2026-05-11 18:15:00,0.81515,0.81533,0.81512,0.81531,81,18,0
2026-05-11 18:30:00,0.81528,0.81546,0.81521,0.81521,76,18,0
2026-05-11 18:45:00,0.8152,0.8152,0.81499,0.81499,88,18,0
2026-05-11 19:00:00,0.81497,0.81513,0.81491,0.81492,69,18,0
2026-05-11 19:15:00,0.81491,0.81497,0.81479,0.81489,72,18,0
2026-05-11 19:30:00,0.8149,0.81508,0.81486,0.81508,67,18,0
2026-05-11 19:45:00,0.81507,0.81528,0.81499,0.81528,109,18,0
2026-05-11 20:00:00,0.81527,0.81533,0.81496,0.81517,98,18,0
2026-05-11 20:15:00,0.81519,0.81541,0.81515,0.8154,54,18,0
2026-05-11 20:30:00,0.81543,0.81552,0.81536,0.81551,52,18,0
2026-05-11 20:45:00,0.81553,0.81558,0.81538,0.81556,58,11,0
2026-05-11 21:00:00,0.81554,0.81554,0.81482,0.81509,47,13,0
2026-05-11 21:15:00,0.8151,0.81514,0.81501,0.81509,45,70,0
2026-05-11 21:30:00,0.81508,0.81517,0.81498,0.81498,51,77,0
2026-05-11 21:45:00,0.81495,0.81516,0.81458,0.81516,84,69,0
2026-05-11 22:00:00,0.81544,0.8158,0.81527,0.81572,71,14,0
2026-05-11 22:15:00,0.81574,0.81604,0.81571,0.81578,48,13,0
2026-05-11 22:30:00,0.81581,0.81586,0.81579,0.81581,28,13,0
2026-05-11 22:45:00,0.8158,0.81592,0.8158,0.8159,32,13,0
2026-05-11 23:00:00,0.81589,0.81603,0.81582,0.81602,35,18,0
2026-05-11 23:15:00,0.81601,0.81607,0.81591,0.81591,22,18,0
2026-05-11 23:30:00,0.81594,0.81602,0.81591,0.81595,36,18,0
2026-05-11 23:45:00,0.81593,0.81596,0.81571,0.8158,49,18,0
2026-05-12 00:00:00,0.81578,0.81578,0.81561,0.81573,120,18,0
2026-05-12 00:15:00,0.81572,0.81586,0.81541,0.81554,94,18,0
2026-05-12 00:30:00,0.81552,0.81564,0.81534,0.81534,79,18,0
2026-05-12 00:45:00,0.81532,0.81547,0.81509,0.81511,114,18,0
2026-05-12 01:00:00,0.81508,0.81537,0.81504,0.81519,138,18,0
2026-05-12 01:15:00,0.81518,0.81522,0.81467,0.81479,176,18,0
2026-05-12 01:30:00,0.81476,0.81519,0.81438,0.81467,255,18,0
2026-05-12 01:45:00,0.81469,0.81497,0.81459,0.81493,186,18,0
2026-05-12 02:00:00,0.81495,0.81529,0.81492,0.81529,146,18,0
2026-05-12 02:15:00,0.81528,0.81528,0.81487,0.81517,101,18,0
2026-05-12 02:30:00,0.81515,0.81528,0.81505,0.81528,86,18,0
2026-05-12 02:45:00,0.81532,0.81591,0.81532,0.81577,106,18,0
2026-05-12 03:00:00,0.81574,0.81576,0.81555,0.81568,76,18,0
2026-05-12 03:15:00,0.81569,0.81569,0.81537,0.81544,72,18,0
2026-05-12 03:30:00,0.81541,0.81543,0.81518,0.81537,65,18,0
2026-05-12 03:45:00,0.81538,0.81538,0.81517,0.81517,57,18,0
2026-05-12 04:00:00,0.81515,0.8153,0.81515,0.81516,76,18,0
2026-05-12 04:15:00,0.81518,0.81556,0.81518,0.81556,54,18,0
2026-05-12 04:30:00,0.81559,0.81566,0.81553,0.81561,47,18,0
2026-05-12 04:45:00,0.81562,0.81562,0.81541,0.81548,77,18,0
2026-05-12 05:00:00,0.81544,0.81552,0.81504,0.81508,83,18,0
2026-05-12 05:15:00,0.81509,0.81522,0.81493,0.81516,95,18,0
2026-05-12 05:30:00,0.81514,0.81522,0.81497,0.815,96,18,0
2026-05-12 05:45:00,0.81499,0.81536,0.81497,0.81509,145,18,0
2026-05-12 06:00:00,0.81506,0.81513,0.81447,0.81464,188,18,0
2026-05-12 06:15:00,0.81467,0.81479,0.81413,0.81425,194,18,0
2026-05-12 06:30:00,0.81427,0.8144,0.81389,0.81395,182,18,0
2026-05-12 06:45:00,0.81394,0.81411,0.81355,0.81359,164,18,0
2026-05-12 07:00:00,0.81358,0.81389,0.81324,0.81374,231,18,0
2026-05-12 07:15:00,0.81375,0.81414,0.8137,0.81414,174,18,0
2026-05-12 07:30:00,0.81413,0.81459,0.81402,0.81435,156,18,0
2026-05-12 07:45:00,0.81434,0.8146,0.81426,0.81451,175,18,0
2026-05-12 08:00:00,0.81454,0.81465,0.81425,0.81446,199,18,0
2026-05-12 08:15:00,0.81449,0.81492,0.8144,0.81461,189,18,0
2026-05-12 08:30:00,0.81462,0.81472,0.8143,0.81458,154,18,0
2026-05-12 08:45:00,0.81455,0.81497,0.81455,0.81459,214,18,0
2026-05-12 09:00:00,0.81458,0.81484,0.81439,0.81478,176,18,0
2026-05-12 09:15:00,0.81476,0.81482,0.81453,0.81464,141,18,0
2026-05-12 09:30:00,0.81467,0.81532,0.81467,0.8151,254,18,0
2026-05-12 09:45:00,0.81511,0.81545,0.81511,0.81545,151,18,0
2026-05-12 10:00:00,0.81547,0.81585,0.81542,0.81579,119,18,0
2026-05-12 10:15:00,0.81577,0.8158,0.81549,0.81561,97,18,0
2026-05-12 10:30:00,0.81562,0.81574,0.81543,0.81551,122,18,0
2026-05-12 10:45:00,0.8155,0.81561,0.81535,0.81544,103,18,0
2026-05-12 11:00:00,0.81547,0.81562,0.81505,0.81538,204,18,0
2026-05-12 11:15:00,0.81539,0.81543,0.81525,0.81539,94,18,0
2026-05-12 11:30:00,0.81541,0.81555,0.81527,0.81549,123,18,0
2026-05-12 11:45:00,0.81547,0.81552,0.81511,0.81539,132,18,0
2026-05-12 12:00:00,0.8154,0.8154,0.81475,0.81503,180,18,0
2026-05-12 12:15:00,0.81505,0.81518,0.81479,0.81501,156,18,0
2026-05-12 12:30:00,0.81495,0.81606,0.81488,0.816,379,18,0
2026-05-12 12:45:00,0.81602,0.81632,0.81586,0.81608,218,18,0
2026-05-12 13:00:00,0.8161,0.81624,0.81564,0.81614,219,18,0
2026-05-12 13:15:00,0.81617,0.81619,0.81574,0.81599,232,18,0
2026-05-12 13:30:00,0.81596,0.81644,0.81582,0.81632,313,18,0
2026-05-12 13:45:00,0.81633,0.81644,0.81474,0.81492,300,18,0
2026-05-12 14:00:00,0.81495,0.81552,0.8148,0.81546,334,18,0
2026-05-12 14:15:00,0.81548,0.81561,0.81498,0.81504,242,18,0
2026-05-12 14:30:00,0.81502,0.81524,0.81466,0.81501,284,18,0
2026-05-12 14:45:00,0.815,0.81529,0.8146,0.815,300,18,0
2026-05-12 15:00:00,0.81503,0.81531,0.81461,0.81497,266,18,0
2026-05-12 15:15:00,0.81495,0.81509,0.81436,0.81445,252,18,0
2026-05-12 15:30:00,0.81447,0.81499,0.81441,0.81499,250,18,0
2026-05-12 15:45:00,0.815,0.81504,0.8148,0.8148,156,18,0
2026-05-12 16:00:00,0.81477,0.81488,0.81464,0.81476,152,18,0
2026-05-12 16:15:00,0.81477,0.81487,0.81456,0.81456,119,18,0
2026-05-12 16:30:00,0.81457,0.81457,0.81429,0.81433,128,18,0
2026-05-12 16:45:00,0.81434,0.81439,0.81403,0.81412,125,18,0
2026-05-12 17:00:00,0.81415,0.81474,0.81415,0.81474,147,18,0
2026-05-12 17:15:00,0.81475,0.81492,0.81468,0.81485,143,18,0
2026-05-12 17:30:00,0.81483,0.81492,0.81476,0.81488,95,18,0
2026-05-12 17:45:00,0.8149,0.81508,0.81483,0.81506,84,18,0
2026-05-12 18:00:00,0.81505,0.81515,0.81476,0.81498,132,18,0
2026-05-12 18:15:00,0.81496,0.81547,0.81495,0.81534,105,18,0
2026-05-12 18:30:00,0.81532,0.81543,0.81523,0.81538,108,18,0
2026-05-12 18:45:00,0.81536,0.81542,0.81517,0.81524,131,18,0
2026-05-12 19:00:00,0.81522,0.81539,0.81519,0.81534,100,18,0
2026-05-12 19:15:00,0.81536,0.81539,0.81506,0.81517,75,18,0
2026-05-12 19:30:00,0.81519,0.81542,0.81519,0.8154,97,18,0
2026-05-12 19:45:00,0.81538,0.81548,0.81531,0.81537,119,18,0
2026-05-12 20:00:00,0.81536,0.81551,0.81528,0.81543,77,18,0
2026-05-12 20:15:00,0.81545,0.81549,0.8154,0.81545,38,18,0
2026-05-12 20:30:00,0.81544,0.81544,0.81534,0.81542,41,18,0
2026-05-12 20:45:00,0.81539,0.81539,0.81501,0.8152,82,11,0
2026-05-12 21:00:00,0.81517,0.81517,0.81459,0.81461,37,18,0
2026-05-12 21:15:00,0.81462,0.81473,0.81438,0.81473,182,78,0
2026-05-12 21:30:00,0.81472,0.81477,0.81429,0.81429,80,77,0
2026-05-12 21:45:00,0.81426,0.81486,0.81426,0.81442,70,53,0
2026-05-12 22:00:00,0.81465,0.81515,0.81446,0.81504,61,14,0
2026-05-12 22:15:00,0.81501,0.81507,0.81499,0.81505,24,13,0
2026-05-12 22:30:00,0.81506,0.81524,0.81506,0.81519,28,13,0
2026-05-12 22:45:00,0.8152,0.81526,0.81512,0.81514,30,13,0
2026-05-12 23:00:00,0.81511,0.81527,0.81509,0.81512,27,18,0
2026-05-12 23:15:00,0.81513,0.81526,0.81506,0.81524,25,18,0
2026-05-12 23:30:00,0.81523,0.8153,0.81513,0.81514,29,18,0
2026-05-12 23:45:00,0.81512,0.81525,0.81503,0.81509,47,18,0
2026-05-13 00:00:00,0.81508,0.81548,0.81499,0.8151,177,18,0
2026-05-13 00:15:00,0.81512,0.81548,0.81509,0.81542,139,18,0
2026-05-13 00:30:00,0.81544,0.81562,0.81537,0.81546,100,18,0
2026-05-13 00:45:00,0.81544,0.81549,0.81522,0.81549,105,18,0
2026-05-13 01:00:00,0.81548,0.81563,0.81538,0.81539,136,18,0
2026-05-13 01:15:00,0.81536,0.81563,0.81523,0.81563,148,18,0
2026-05-13 01:30:00,0.81565,0.81597,0.81554,0.81585,143,18,0
2026-05-13 01:45:00,0.81586,0.81642,0.81586,0.81609,142,18,0
2026-05-13 02:00:00,0.81608,0.81615,0.81573,0.81573,142,18,0
2026-05-13 02:15:00,0.81575,0.81578,0.81566,0.81578,65,18,0
2026-05-13 02:30:00,0.81577,0.81593,0.81568,0.8158,76,18,0
2026-05-13 02:45:00,0.81584,0.81588,0.81563,0.81563,88,18,0
2026-05-13 03:00:00,0.81562,0.81578,0.81376,0.81393,299,18,0
2026-05-13 03:15:00,0.81395,0.81395,0.81313,0.81336,165,18,0
2026-05-13 03:30:00,0.81337,0.81396,0.81337,0.81394,99,18,0
2026-05-13 03:45:00,0.81395,0.81402,0.81366,0.81384,104,18,0
2026-05-13 04:00:00,0.81385,0.81397,0.81342,0.81342,70,18,0
2026-05-13 04:15:00,0.8134,0.81355,0.81314,0.81315,91,18,0
2026-05-13 04:30:00,0.81314,0.81341,0.81314,0.81332,95,18,0
2026-05-13 04:45:00,0.81329,0.81341,0.81319,0.81325,71,18,0
2026-05-13 05:00:00,0.81324,0.81357,0.81323,0.81346,77,18,0
2026-05-13 05:15:00,0.81343,0.81376,0.81343,0.81374,81,18,0
2026-05-13 05:30:00,0.81375,0.81377,0.81356,0.81375,100,18,0
2026-05-13 05:45:00,0.81377,0.81392,0.81357,0.81383,108,18,0
2026-05-13 06:00:00,0.81385,0.81404,0.81356,0.8137,133,18,0
2026-05-13 06:15:00,0.81369,0.81377,0.81341,0.81364,120,18,0
2026-05-13 06:30:00,0.81362,0.81392,0.81361,0.81383,135,18,0
2026-05-13 06:45:00,0.81385,0.81385,0.81338,0.81353,131,18,0
2026-05-13 07:00:00,0.8135,0.81402,0.81348,0.81394,183,18,0
2026-05-13 07:15:00,0.81397,0.81403,0.81384,0.81398,111,18,0
2026-05-13 07:30:00,0.81395,0.81395,0.81334,0.81355,154,18,0
2026-05-13 07:45:00,0.81356,0.81365,0.8129,0.8129,147,18,0
2026-05-13 08:00:00,0.81289,0.81328,0.81283,0.81305,186,18,0
2026-05-13 08:15:00,0.81303,0.81308,0.81286,0.81288,100,18,0
2026-05-13 08:30:00,0.81286,0.81294,0.81231,0.81232,127,18,0
2026-05-13 08:45:00,0.81233,0.8126,0.81219,0.81228,157,18,0
2026-05-13 09:00:00,0.81229,0.8125,0.81212,0.81213,142,18,0
2026-05-13 09:15:00,0.81214,0.81226,0.81182,0.81182,132,18,0
2026-05-13 09:30:00,0.81181,0.81194,0.81171,0.81186,127,18,0
2026-05-13 09:45:00,0.81187,0.81227,0.81187,0.81225,123,18,0
2026-05-13 10:00:00,0.81224,0.81243,0.81186,0.81196,179,18,0
2026-05-13 10:15:00,0.81194,0.812,0.81158,0.81163,163,18,0
2026-05-13 10:30:00,0.8116,0.81193,0.81149,0.81193,117,18,0
2026-05-13 10:45:00,0.81194,0.81233,0.81181,0.81192,134,18,0
2026-05-13 11:00:00,0.81191,0.8122,0.81191,0.81208,118,18,0
2026-05-13 11:15:00,0.8121,0.81214,0.81152,0.81163,101,18,0
2026-05-13 11:30:00,0.81164,0.81199,0.81156,0.81182,147,18,0
2026-05-13 11:45:00,0.81183,0.81209,0.81183,0.81196,101,18,0
2026-05-13 12:00:00,0.81195,0.81221,0.81186,0.81194,138,18,0
2026-05-13 12:15:00,0.81192,0.8121,0.81144,0.81167,158,18,0
2026-05-13 12:30:00,0.81171,0.81185,0.81103,0.81114,372,18,0
2026-05-13 12:45:00,0.81115,0.81116,0.8109,0.81116,186,18,0
2026-05-13 13:00:00,0.81119,0.81149,0.81119,0.81146,215,18,0
2026-05-13 13:15:00,0.81148,0.81161,0.81133,0.81141,168,18,0
2026-05-13 13:30:00,0.81143,0.81231,0.81136,0.8123,299,18,0
2026-05-13 13:45:00,0.81227,0.81248,0.81185,0.81228,282,18,0
2026-05-13 14:00:00,0.81226,0.81251,0.81214,0.8123,252,18,0
2026-05-13 14:15:00,0.81233,0.81234,0.81188,0.81217,219,18,0
2026-05-13 14:30:00,0.81216,0.81246,0.81208,0.81218,218,18,0
2026-05-13 14:45:00,0.81219,0.81267,0.81208,0.81252,248,18,0
2026-05-13 15:00:00,0.81255,0.81292,0.81251,0.81269,211,18,0
2026-05-13 15:15:00,0.8127,0.81314,0.81267,0.81303,139,18,0
2026-05-13 15:30:00,0.81304,0.81347,0.81297,0.81336,205,18,0
2026-05-13 15:45:00,0.81337,0.81339,0.81315,0.81321,161,18,0
2026-05-13 16:00:00,0.81322,0.81357,0.81319,0.81344,164,18,0
2026-05-13 16:15:00,0.81342,0.81381,0.81334,0.81373,201,18,0
2026-05-13 16:30:00,0.8137,0.81376,0.81345,0.81348,142,18,0
2026-05-13 16:45:00,0.81346,0.8136,0.81337,0.81346,115,18,0
2026-05-13 17:00:00,0.81343,0.81353,0.81327,0.81341,114,18,0
2026-05-13 17:15:00,0.81343,0.81358,0.81342,0.8135,85,18,0
2026-05-13 17:30:00,0.81349,0.81349,0.81334,0.81334,65,18,0
2026-05-13 17:45:00,0.81332,0.81337,0.81302,0.81304,81,18,0
2026-05-13 18:00:00,0.81302,0.81337,0.81299,0.81324,99,18,0
2026-05-13 18:15:00,0.81322,0.81341,0.81319,0.81334,107,18,0
2026-05-13 18:30:00,0.81333,0.81358,0.81331,0.81346,103,18,0
2026-05-13 18:45:00,0.81348,0.81359,0.81324,0.81344,148,18,0
2026-05-13 19:00:00,0.81339,0.81367,0.81333,0.81339,88,18,0
2026-05-13 19:15:00,0.8134,0.81343,0.8132,0.81325,81,18,0
2026-05-13 19:30:00,0.81324,0.81324,0.81309,0.8131,68,18,0
2026-05-13 19:45:00,0.81311,0.81324,0.81304,0.81309,101,18,0
2026-05-13 20:00:00,0.8131,0.81337,0.81303,0.81335,85,18,0
2026-05-13 20:15:00,0.81337,0.81349,0.81336,0.81342,43,18,0
2026-05-13 20:30:00,0.8134,0.81346,0.8133,0.81335,60,18,0
2026-05-13 20:45:00,0.81334,0.81361,0.81331,0.81341,71,11,0
2026-05-13 21:00:00,0.81339,0.81339,0.81262,0.81262,27,21,0
2026-05-13 21:15:00,0.8126,0.81294,0.81255,0.81286,45,77,0
2026-05-13 21:30:00,0.81289,0.81306,0.81288,0.81305,28,81,0
2026-05-13 21:45:00,0.81305,0.8132,0.81266,0.81266,29,59,0
2026-05-13 22:00:00,0.81302,0.81349,0.81269,0.81346,68,17,0
2026-05-13 22:15:00,0.81341,0.81349,0.81334,0.81344,35,14,0
2026-05-13 22:30:00,0.81345,0.81348,0.81337,0.81338,23,14,0
2026-05-13 22:45:00,0.8134,0.81344,0.81332,0.8134,21,13,0
2026-05-13 23:00:00,0.81337,0.81341,0.81313,0.81314,32,18,0
2026-05-13 23:15:00,0.81312,0.81325,0.81308,0.81314,29,18,0
2026-05-13 23:30:00,0.81313,0.81313,0.81288,0.81288,42,18,0
2026-05-13 23:45:00,0.8129,0.81294,0.81262,0.81263,60,18,0
2026-05-14 00:00:00,0.81266,0.81284,0.81244,0.81284,138,18,0
2026-05-14 00:15:00,0.81286,0.81311,0.81274,0.81299,115,18,0
2026-05-14 00:30:00,0.813,0.81307,0.81272,0.81275,74,18,0
2026-05-14 00:45:00,0.81276,0.81287,0.81252,0.81278,108,18,0
2026-05-14 01:00:00,0.81281,0.81281,0.81234,0.81242,154,18,0
2026-05-14 01:15:00,0.81239,0.81268,0.81234,0.81265,136,18,0
2026-05-14 01:30:00,0.81262,0.81294,0.81256,0.81283,132,18,0
2026-05-14 01:45:00,0.81281,0.81286,0.81247,0.81248,118,18,0
2026-05-14 02:00:00,0.81249,0.81274,0.81233,0.81255,105,18,0
2026-05-14 02:15:00,0.81254,0.81276,0.81247,0.81273,76,18,0
2026-05-14 02:30:00,0.81274,0.81302,0.81274,0.81293,91,18,0
2026-05-14 02:45:00,0.81294,0.81297,0.81262,0.81267,105,18,0
2026-05-14 03:00:00,0.81265,0.81268,0.81254,0.81254,71,18,0
2026-05-14 03:15:00,0.81257,0.81262,0.81227,0.81262,59,18,0
2026-05-14 03:30:00,0.81259,0.81261,0.81243,0.81246,60,18,0
2026-05-14 03:45:00,0.81247,0.81259,0.81233,0.81237,49,18,0
2026-05-14 04:00:00,0.81239,0.81275,0.81226,0.81272,112,18,0
2026-05-14 04:15:00,0.8127,0.81309,0.81261,0.81294,95,18,0
2026-05-14 04:30:00,0.81295,0.81295,0.81274,0.81283,62,18,0
2026-05-14 04:45:00,0.81285,0.81305,0.81282,0.81287,67,18,0
2026-05-14 05:00:00,0.81288,0.81293,0.81267,0.81279,104,18,0
2026-05-14 05:15:00,0.81281,0.81297,0.81277,0.81285,62,18,0
2026-05-14 05:30:00,0.81283,0.81296,0.81264,0.81296,74,18,0
2026-05-14 05:45:00,0.81298,0.81342,0.81298,0.81304,153,18,0
2026-05-14 06:00:00,0.81303,0.81375,0.81303,0.81351,143,18,0
2026-05-14 06:15:00,0.81349,0.8137,0.81343,0.81363,149,18,0
2026-05-14 06:30:00,0.81366,0.81375,0.81349,0.81368,110,18,0
2026-05-14 06:45:00,0.81372,0.81397,0.81368,0.81376,173,18,0
2026-05-14 07:00:00,0.81373,0.81378,0.81328,0.81333,162,18,0
2026-05-14 07:15:00,0.81332,0.81351,0.81326,0.81349,117,18,0
2026-05-14 07:30:00,0.81351,0.81384,0.81339,0.8137,111,18,0
2026-05-14 07:45:00,0.81369,0.81389,0.81293,0.81303,159,18,0
2026-05-14 08:00:00,0.81299,0.81335,0.81295,0.81331,202,18,0
2026-05-14 08:15:00,0.81333,0.81363,0.81329,0.81363,120,18,0
2026-05-14 08:30:00,0.81362,0.81371,0.81348,0.81355,121,18,0
2026-05-14 08:45:00,0.81354,0.81385,0.81351,0.81383,80,18,0
2026-05-14 09:00:00,0.81385,0.81393,0.81358,0.81389,146,18,0
2026-05-14 09:15:00,0.81387,0.81387,0.81368,0.81369,93,18,0
2026-05-14 09:30:00,0.81365,0.81371,0.81323,0.81344,145,18,0
2026-05-14 09:45:00,0.81343,0.81372,0.8134,0.81352,122,18,0
2026-05-14 10:00:00,0.81351,0.81399,0.81346,0.81377,136,18,0
2026-05-14 10:15:00,0.81379,0.81402,0.81376,0.81391,131,18,0
2026-05-14 10:30:00,0.81393,0.81393,0.81338,0.81346,89,18,0
2026-05-14 10:45:00,0.81347,0.81374,0.81339,0.81362,135,18,0
2026-05-14 11:00:00,0.81361,0.81379,0.8133,0.81379,140,18,0
2026-05-14 11:15:00,0.8138,0.81383,0.81362,0.81368,111,18,0
2026-05-14 11:30:00,0.8137,0.81378,0.8136,0.81363,100,18,0
2026-05-14 11:45:00,0.81365,0.81397,0.81351,0.81351,90,18,0
2026-05-14 12:00:00,0.81348,0.81381,0.81331,0.81379,208,18,0
2026-05-14 12:15:00,0.81378,0.81421,0.81377,0.81421,142,18,0
2026-05-14 12:30:00,0.81416,0.81416,0.81369,0.81369,158,18,0
2026-05-14 12:45:00,0.81365,0.81378,0.81354,0.81354,126,18,0
2026-05-14 13:00:00,0.81353,0.81359,0.81309,0.81311,176,18,0
2026-05-14 13:15:00,0.81309,0.81313,0.81286,0.81292,147,18,0
2026-05-14 13:30:00,0.81289,0.81289,0.81233,0.81259,258,18,0
2026-05-14 13:45:00,0.81257,0.81291,0.81243,0.81262,360,18,0
2026-05-14 14:00:00,0.81259,0.8128,0.81247,0.81279,201,18,0
2026-05-14 14:15:00,0.81278,0.81323,0.81276,0.81321,204,18,0
2026-05-14 14:30:00,0.81323,0.81336,0.81317,0.81322,130,18,0
2026-05-14 14:45:00,0.81323,0.81353,0.81289,0.81294,218,18,0
2026-05-14 15:00:00,0.81292,0.8131,0.81285,0.8129,214,18,0
2026-05-14 15:15:00,0.81289,0.81295,0.8126,0.81269,144,18,0
2026-05-14 15:30:00,0.81266,0.81271,0.81226,0.81236,150,18,0
2026-05-14 15:45:00,0.81235,0.81271,0.81235,0.81261,114,18,0
2026-05-14 16:00:00,0.81263,0.81263,0.81219,0.81229,157,18,0
2026-05-14 16:15:00,0.81227,0.81274,0.81227,0.81236,159,18,0
2026-05-14 16:30:00,0.81235,0.81238,0.81182,0.81182,172,18,0
2026-05-14 16:45:00,0.81184,0.81194,0.8117,0.81194,165,18,0
2026-05-14 17:00:00,0.81197,0.81222,0.81192,0.81196,128,18,0
2026-05-14 17:15:00,0.81192,0.81217,0.8119,0.81217,147,18,0
2026-05-14 17:30:00,0.81214,0.81219,0.81201,0.8121,111,18,0
2026-05-14 17:45:00,0.81211,0.81211,0.81196,0.81201,88,18,0
2026-05-14 18:00:00,0.81202,0.81209,0.81187,0.81206,158,18,0
2026-05-14 18:15:00,0.81205,0.81208,0.81188,0.81191,90,18,0
2026-05-14 18:30:00,0.81192,0.81209,0.81192,0.81203,79,18,0
2026-05-14 18:45:00,0.81206,0.81206,0.81179,0.81194,76,18,0
2026-05-14 19:00:00,0.81197,0.812,0.8119,0.81191,61,18,0
2026-05-14 19:15:00,0.8119,0.81197,0.81178,0.81178,56,18,0
2026-05-14 19:30:00,0.81177,0.8118,0.81149,0.81155,78,18,0
2026-05-14 19:45:00,0.81154,0.81156,0.81121,0.81132,101,18,0
2026-05-14 20:00:00,0.81133,0.81141,0.81103,0.81109,75,18,0
2026-05-14 20:15:00,0.81108,0.81108,0.81077,0.81077,55,18,0
2026-05-14 20:30:00,0.81079,0.81098,0.81076,0.81095,48,18,0
2026-05-14 20:45:00,0.81094,0.81094,0.81068,0.81079,73,13,0
2026-05-14 21:00:00,0.8108,0.8108,0.81062,0.81065,16,15,0
2026-05-14 21:15:00,0.81068,0.81073,0.81062,0.81063,32,50,0
2026-05-14 21:30:00,0.81064,0.81064,0.81047,0.81061,33,87,0
2026-05-14 21:45:00,0.8106,0.81097,0.8106,0.81097,41,67,0
2026-05-14 22:00:00,0.81121,0.81121,0.81063,0.81096,92,14,0
2026-05-14 22:15:00,0.81094,0.81094,0.81079,0.8109,23,14,0
2026-05-14 22:30:00,0.81087,0.81089,0.81073,0.81087,55,13,0
2026-05-14 22:45:00,0.81089,0.8109,0.81063,0.81067,40,13,0
2026-05-14 23:00:00,0.81063,0.81063,0.81013,0.81024,73,18,0
2026-05-14 23:15:00,0.81022,0.81034,0.81018,0.81034,54,18,0
2026-05-14 23:30:00,0.81036,0.81044,0.8103,0.81044,35,18,0
2026-05-14 23:45:00,0.81042,0.81052,0.80996,0.81002,74,18,0
2026-05-15 00:00:00,0.81004,0.81029,0.80996,0.80998,175,18,0
2026-05-15 00:15:00,0.81001,0.81032,0.80999,0.80999,119,18,0
2026-05-15 00:30:00,0.80996,0.80998,0.80919,0.80935,160,18,0
2026-05-15 00:45:00,0.80934,0.80953,0.80892,0.80915,149,18,0
2026-05-15 01:00:00,0.80913,0.80933,0.809,0.80917,178,18,0
2026-05-15 01:15:00,0.80919,0.80923,0.80852,0.80853,201,18,0
2026-05-15 01:30:00,0.8085,0.80906,0.80841,0.80905,211,18,0
2026-05-15 01:45:00,0.80904,0.80905,0.80826,0.80828,170,18,0
2026-05-15 02:00:00,0.80831,0.80843,0.80793,0.80811,198,18,0
2026-05-15 02:15:00,0.8081,0.80838,0.80804,0.80821,145,18,0
2026-05-15 02:30:00,0.8082,0.80856,0.80813,0.80856,116,18,0
2026-05-15 02:45:00,0.80858,0.80901,0.80855,0.80859,151,18,0
2026-05-15 03:00:00,0.80856,0.80878,0.80854,0.80863,110,18,0
2026-05-15 03:15:00,0.80862,0.80865,0.80839,0.80844,87,18,0
2026-05-15 03:30:00,0.80847,0.8085,0.80822,0.8084,109,18,0
2026-05-15 03:45:00,0.80839,0.80842,0.80831,0.8084,51,18,0
2026-05-15 04:00:00,0.80839,0.80842,0.80804,0.80827,87,18,0
2026-05-15 04:15:00,0.80826,0.80831,0.80782,0.80782,78,18,0
2026-05-15 04:30:00,0.80781,0.80803,0.80774,0.80776,97,18,0
2026-05-15 04:45:00,0.80775,0.80775,0.80725,0.80727,117,18,0
2026-05-15 05:00:00,0.8073,0.80732,0.8067,0.80685,222,18,0
2026-05-15 05:15:00,0.80682,0.80715,0.80668,0.80712,138,18,0
2026-05-15 05:30:00,0.8071,0.80724,0.80675,0.80676,183,18,0
2026-05-15 05:45:00,0.80674,0.80674,0.80569,0.80602,325,18,0
2026-05-15 06:00:00,0.806,0.80609,0.80562,0.80573,287,18,0
2026-05-15 06:15:00,0.80576,0.80599,0.80558,0.80572,236,18,0
2026-05-15 06:30:00,0.80568,0.80627,0.80563,0.80585,214,18,0
2026-05-15 06:45:00,0.80588,0.80609,0.80558,0.80567,212,18,0
2026-05-15 07:00:00,0.80568,0.80608,0.80553,0.80591,275,18,0
2026-05-15 07:15:00,0.80592,0.80634,0.80582,0.80615,210,18,0
2026-05-15 07:30:00,0.80617,0.80621,0.80593,0.80598,205,18,0
2026-05-15 07:45:00,0.80597,0.80603,0.80546,0.80546,163,18,0
2026-05-15 08:00:00,0.80549,0.8055,0.80488,0.805,216,18,0
2026-05-15 08:15:00,0.80499,0.80508,0.8046,0.80462,203,18,0
2026-05-15 08:30:00,0.80465,0.80468,0.80421,0.80438,202,18,0
2026-05-15 08:45:00,0.80437,0.80449,0.80397,0.80409,151,18,0
2026-05-15 09:00:00,0.80411,0.80416,0.80334,0.80341,213,18,0
2026-05-15 09:15:00,0.8034,0.80353,0.80325,0.80344,213,18,0
2026-05-15 09:30:00,0.80341,0.80387,0.80337,0.80378,201,18,0
2026-05-15 09:45:00,0.80379,0.80385,0.80351,0.80378,180,18,0
2026-05-15 10:00:00,0.80381,0.80417,0.80375,0.80414,181,18,0
2026-05-15 10:15:00,0.80411,0.80468,0.80398,0.80436,188,18,0
2026-05-15 10:30:00,0.80435,0.80488,0.80432,0.80488,168,18,0
2026-05-15 10:45:00,0.80489,0.80568,0.80487,0.80532,376,18,0
2026-05-15 11:00:00,0.80529,0.80536,0.80443,0.80453,259,18,0
2026-05-15 11:15:00,0.80454,0.80464,0.80413,0.80416,126,18,0
2026-05-15 11:30:00,0.80417,0.80421,0.80356,0.80356,153,18,0
2026-05-15 11:45:00,0.80355,0.80394,0.80349,0.80369,159,18,0
2026-05-15 12:00:00,0.80367,0.80371,0.8032,0.80327,194,18,0
2026-05-15 12:15:00,0.80324,0.80372,0.80323,0.80361,200,18,0
2026-05-15 12:30:00,0.80362,0.80363,0.80322,0.80335,188,18,0
2026-05-15 12:45:00,0.80333,0.80381,0.80332,0.80378,185,18,0
2026-05-15 13:00:00,0.80379,0.80389,0.80368,0.80377,188,18,0
2026-05-15 13:15:00,0.80381,0.80434,0.80372,0.80427,207,18,0
2026-05-15 13:30:00,0.80429,0.80448,0.80373,0.80383,323,18,0
2026-05-15 13:45:00,0.80381,0.80384,0.80323,0.80327,254,18,0
2026-05-15 14:00:00,0.80324,0.80397,0.80317,0.80397,360,18,0
2026-05-15 14:15:00,0.804,0.80469,0.80396,0.80457,306,18,0
2026-05-15 14:30:00,0.80459,0.80472,0.80406,0.80411,248,18,0
2026-05-15 14:45:00,0.80408,0.80444,0.80386,0.80431,308,18,0
2026-05-15 15:00:00,0.80432,0.80438,0.80404,0.80412,260,18,0
2026-05-15 15:15:00,0.8041,0.80419,0.80355,0.80376,206,18,0
2026-05-15 15:30:00,0.80379,0.80388,0.80296,0.80311,255,18,0
2026-05-15 15:45:00,0.80308,0.80312,0.8029,0.803,193,18,0
2026-05-15 16:00:00,0.80302,0.80312,0.80283,0.80296,173,18,0
2026-05-15 16:15:00,0.80297,0.80305,0.8029,0.80298,146,18,0
2026-05-15 16:30:00,0.80297,0.80304,0.80273,0.80274,137,18,0
2026-05-15 16:45:00,0.80275,0.80281,0.80253,0.80263,125,18,0
2026-05-15 17:00:00,0.80262,0.80297,0.80258,0.8029,144,18,0
2026-05-15 17:15:00,0.80288,0.80333,0.80287,0.80319,116,18,0
2026-05-15 17:30:00,0.80315,0.80333,0.80307,0.80324,123,18,0
2026-05-15 17:45:00,0.80326,0.80338,0.80318,0.8032,82,18,0
2026-05-15 18:00:00,0.80323,0.80353,0.8032,0.8035,127,18,0
2026-05-15 18:15:00,0.80347,0.80361,0.80328,0.80346,165,18,0
2026-05-15 18:30:00,0.80344,0.80345,0.80319,0.80338,146,18,0
2026-05-15 18:45:00,0.80337,0.80339,0.80318,0.8033,98,18,0
2026-05-15 19:00:00,0.80333,0.80337,0.80312,0.80312,82,18,0
2026-05-15 19:15:00,0.80315,0.80327,0.80306,0.80316,96,18,0
2026-05-15 19:30:00,0.80317,0.80335,0.80314,0.80317,83,18,0
2026-05-15 19:45:00,0.8032,0.80335,0.80283,0.80301,139,18,0
2026-05-15 20:00:00,0.80299,0.80311,0.8029,0.80311,90,18,0
2026-05-15 20:15:00,0.80312,0.80312,0.80268,0.80268,78,18,0
2026-05-15 20:30:00,0.80271,0.80295,0.80271,0.80295,71,18,0
2026-05-15 20:45:00,0.80298,0.80298,0.80255,0.80273,146,18,0
2026-05-17 21:15:00,0.80301,0.80316,0.80263,0.80291,31,108,0
2026-05-17 21:30:00,0.80292,0.80318,0.80235,0.80265,82,103,0
2026-05-17 21:45:00,0.80266,0.80278,0.80229,0.80278,48,102,0
2026-05-17 22:00:00,0.80347,0.80347,0.80205,0.80289,234,20,0
2026-05-17 22:15:00,0.8029,0.80293,0.80273,0.80291,101,18,0
2026-05-17 22:30:00,0.80294,0.80315,0.80288,0.80311,94,18,0
2026-05-17 22:45:00,0.80312,0.80321,0.80305,0.80319,67,18,0
2026-05-17 23:00:00,0.80323,0.80329,0.80296,0.80302,71,18,0
2026-05-17 23:15:00,0.803,0.80302,0.80264,0.80265,68,18,0
2026-05-17 23:30:00,0.80262,0.80274,0.80229,0.80251,137,18,0
2026-05-17 23:45:00,0.80247,0.80271,0.80231,0.80248,190,18,0
2026-05-18 00:00:00,0.8025,0.80283,0.80225,0.80225,355,18,0
2026-05-18 00:15:00,0.80227,0.80267,0.80207,0.80224,235,18,0
2026-05-18 00:30:00,0.80222,0.80233,0.80173,0.80175,177,18,0
2026-05-18 00:45:00,0.80173,0.80195,0.80156,0.80166,194,18,0
2026-05-18 01:00:00,0.80169,0.80186,0.80137,0.80172,268,18,0
2026-05-18 01:15:00,0.80173,0.8018,0.8014,0.80163,270,18,0
2026-05-18 01:30:00,0.80164,0.80202,0.80163,0.80175,223,18,0
2026-05-18 01:45:00,0.80173,0.80226,0.80165,0.80194,188,18,0
2026-05-18 02:00:00,0.80191,0.80205,0.80172,0.80203,182,18,0
2026-05-18 02:15:00,0.80202,0.80227,0.802,0.80222,122,18,0
2026-05-18 02:30:00,0.8022,0.80249,0.80217,0.80243,100,18,0
2026-05-18 02:45:00,0.8024,0.80246,0.80211,0.80218,81,18,0
2026-05-18 03:00:00,0.80219,0.80257,0.80219,0.80246,90,18,0
2026-05-18 03:15:00,0.80243,0.80264,0.80231,0.80261,91,18,0
2026-05-18 03:30:00,0.80259,0.80282,0.80232,0.80282,119,18,0
2026-05-18 03:45:00,0.80283,0.80305,0.80275,0.80303,99,18,0
2026-05-18 04:00:00,0.80306,0.80319,0.80296,0.80306,120,18,0
2026-05-18 04:15:00,0.80305,0.80315,0.80264,0.80266,74,18,0
2026-05-18 04:30:00,0.80264,0.8028,0.80262,0.80277,70,18,0
2026-05-18 04:45:00,0.80276,0.80286,0.80259,0.80264,74,18,0
2026-05-18 05:00:00,0.80267,0.8028,0.80256,0.80257,101,18,0
2026-05-18 05:15:00,0.80254,0.80279,0.80231,0.80279,109,18,0
2026-05-18 05:30:00,0.80282,0.80312,0.80274,0.80287,145,18,0
2026-05-18 05:45:00,0.80284,0.80302,0.80284,0.80292,107,18,0
2026-05-18 06:00:00,0.80289,0.80329,0.80283,0.80328,194,18,0
2026-05-18 06:15:00,0.8033,0.80363,0.80329,0.80332,165,18,0
2026-05-18 06:30:00,0.8033,0.80363,0.8033,0.80354,132,18,0
2026-05-18 06:45:00,0.80351,0.80372,0.80345,0.80372,147,18,0
2026-05-18 07:00:00,0.80375,0.80378,0.8035,0.80354,160,18,0
2026-05-18 07:15:00,0.80356,0.80391,0.80346,0.8039,191,18,0
2026-05-18 07:30:00,0.80393,0.80438,0.80393,0.80412,240,18,0
2026-05-18 07:45:00,0.80409,0.8042,0.80393,0.80409,158,18,0
2026-05-18 08:00:00,0.8041,0.80452,0.8041,0.80434,221,18,0
2026-05-18 08:15:00,0.80436,0.80465,0.80422,0.80463,144,18,0
2026-05-18 08:30:00,0.80465,0.80503,0.80459,0.80468,181,18,0
2026-05-18 08:45:00,0.80471,0.80519,0.80467,0.80498,133,18,0
2026-05-18 09:00:00,0.80501,0.80508,0.80476,0.8049,121,18,0
2026-05-18 09:15:00,0.80491,0.80515,0.80489,0.80512,112,18,0
2026-05-18 09:30:00,0.8051,0.80517,0.80491,0.80491,92,18,0
2026-05-18 09:45:00,0.80489,0.80497,0.80479,0.80492,117,18,0
2026-05-18 10:00:00,0.80493,0.80495,0.80464,0.80469,137,18,0
2026-05-18 10:15:00,0.80467,0.80483,0.80458,0.80463,82,18,0
2026-05-18 10:30:00,0.80464,0.80476,0.80447,0.80474,115,18,0
2026-05-18 10:45:00,0.80473,0.80473,0.80441,0.80446,93,18,0
2026-05-18 11:00:00,0.80447,0.80479,0.8044,0.80474,161,18,0
2026-05-18 11:15:00,0.80471,0.80483,0.80459,0.80469,114,18,0
2026-05-18 11:30:00,0.8047,0.8062,0.8047,0.80597,376,18,0
2026-05-18 11:45:00,0.80596,0.80596,0.8054,0.80569,279,18,0
2026-05-18 12:00:00,0.80566,0.80591,0.80556,0.80568,186,18,0
2026-05-18 12:15:00,0.80565,0.80579,0.8055,0.80578,201,18,0
2026-05-18 12:30:00,0.80579,0.80682,0.80572,0.8068,269,18,0
2026-05-18 12:45:00,0.80679,0.80756,0.80676,0.80742,312,18,0
2026-05-18 13:00:00,0.80744,0.80745,0.80696,0.80712,303,18,0
2026-05-18 13:15:00,0.8071,0.80739,0.80697,0.80736,176,18,0
2026-05-18 13:30:00,0.80737,0.80745,0.8068,0.80704,274,18,0
2026-05-18 13:45:00,0.80707,0.80809,0.807,0.80762,318,18,0
2026-05-18 14:00:00,0.80761,0.80763,0.80667,0.80675,382,18,0
2026-05-18 14:15:00,0.80676,0.80696,0.80607,0.80607,310,18,0
2026-05-18 14:30:00,0.80604,0.80609,0.80537,0.8056,287,18,0
2026-05-18 14:45:00,0.80563,0.80607,0.80557,0.8057,262,18,0
2026-05-18 15:00:00,0.80568,0.80574,0.80523,0.80558,337,18,0
2026-05-18 15:15:00,0.80556,0.80574,0.80542,0.8055,258,18,0
2026-05-18 15:30:00,0.80549,0.80602,0.80541,0.80584,211,18,0
2026-05-18 15:45:00,0.80582,0.8063,0.80581,0.80613,186,18,0
2026-05-18 16:00:00,0.80616,0.80642,0.80601,0.80642,204,18,0
2026-05-18 16:15:00,0.80641,0.80665,0.80605,0.80609,241,18,0
2026-05-18 16:30:00,0.8061,0.80651,0.806,0.80633,170,18,0
2026-05-18 16:45:00,0.80634,0.80687,0.80631,0.80665,135,18,0
2026-05-18 17:00:00,0.80662,0.80682,0.80647,0.80675,160,18,0
2026-05-18 17:15:00,0.80671,0.80697,0.8067,0.80681,110,18,0
2026-05-18 17:30:00,0.80682,0.80683,0.80665,0.80677,102,18,0
2026-05-18 17:45:00,0.80676,0.8068,0.80657,0.80658,85,18,0
2026-05-18 18:00:00,0.80659,0.80661,0.80625,0.80626,128,18,0
2026-05-18 18:15:00,0.80625,0.80625,0.80563,0.80589,168,18,0
2026-05-18 18:30:00,0.80591,0.80615,0.8058,0.80593,143,18,0
2026-05-18 18:45:00,0.80595,0.80595,0.80557,0.8056,131,18,0
2026-05-18 19:00:00,0.80563,0.80757,0.80555,0.80681,512,18,0
2026-05-18 19:15:00,0.80678,0.80693,0.80648,0.80668,208,18,0
2026-05-18 19:30:00,0.80667,0.80722,0.80667,0.80722,159,18,0
2026-05-18 19:45:00,0.80723,0.80753,0.8071,0.80713,169,18,0
2026-05-18 20:00:00,0.80715,0.80733,0.80712,0.80731,88,18,0
2026-05-18 20:15:00,0.80734,0.80737,0.80726,0.80732,50,18,0
2026-05-18 20:30:00,0.80731,0.80731,0.80708,0.8072,45,18,0
2026-05-18 20:45:00,0.80718,0.80719,0.80703,0.8071,47,11,0
2026-05-18 21:00:00,0.80709,0.8071,0.80696,0.80696,11,25,0
2026-05-18 21:15:00,0.80697,0.80702,0.80658,0.80687,45,36,0
2026-05-18 21:30:00,0.80684,0.80689,0.80678,0.80684,64,42,0
2026-05-18 21:45:00,0.80685,0.80729,0.80685,0.80729,26,17,0
2026-05-18 22:00:00,0.80726,0.80749,0.80707,0.80725,117,13,0
2026-05-18 22:15:00,0.80729,0.8074,0.80726,0.80726,34,13,0
2026-05-18 22:30:00,0.80728,0.80737,0.80725,0.80731,30,13,0
2026-05-18 22:45:00,0.8073,0.80746,0.80728,0.80741,27,13,0
2026-05-18 23:00:00,0.80739,0.80745,0.80719,0.8072,35,18,0
2026-05-18 23:15:00,0.80721,0.80744,0.80721,0.80738,31,18,0
2026-05-18 23:30:00,0.80736,0.80742,0.80728,0.80741,34,18,0
2026-05-18 23:45:00,0.8074,0.8074,0.80682,0.80683,64,18,0
2026-05-19 00:00:00,0.80684,0.80698,0.80627,0.80646,214,18,0
2026-05-19 00:15:00,0.80643,0.80665,0.80619,0.80628,190,18,0
2026-05-19 00:30:00,0.80631,0.80636,0.80584,0.80589,132,18,0
2026-05-19 00:45:00,0.80592,0.80597,0.8055,0.80553,143,18,0
2026-05-19 01:00:00,0.80555,0.80555,0.80513,0.80542,201,18,0
2026-05-19 01:15:00,0.80544,0.80551,0.80513,0.80525,142,18,0
2026-05-19 01:30:00,0.80523,0.80564,0.80486,0.80563,204,18,0
2026-05-19 01:45:00,0.80565,0.80565,0.80521,0.80521,129,18,0
2026-05-19 02:00:00,0.80518,0.80518,0.80466,0.80473,172,18,0
2026-05-19 02:15:00,0.80471,0.80525,0.80464,0.80511,119,18,0
2026-05-19 02:30:00,0.80508,0.80523,0.80498,0.80512,116,18,0
2026-05-19 02:45:00,0.80514,0.80514,0.80477,0.80487,96,18,0
2026-05-19 03:00:00,0.80485,0.80487,0.80458,0.80481,113,18,0
2026-05-19 03:15:00,0.80482,0.805,0.80479,0.80489,88,18,0
2026-05-19 03:30:00,0.80488,0.8052,0.80488,0.80499,82,18,0
2026-05-19 03:45:00,0.80497,0.80497,0.80464,0.80472,95,18,0
2026-05-19 04:00:00,0.80469,0.8051,0.80462,0.80504,87,18,0
2026-05-19 04:15:00,0.80501,0.80507,0.80474,0.80482,92,18,0
2026-05-19 04:30:00,0.80484,0.80503,0.80464,0.80468,115,18,0
2026-05-19 04:45:00,0.8047,0.80473,0.80454,0.80463,87,18,0
2026-05-19 05:00:00,0.80462,0.8049,0.80456,0.80485,111,18,0
2026-05-19 05:15:00,0.80484,0.80484,0.80439,0.80446,128,18,0
2026-05-19 05:30:00,0.80445,0.80466,0.80436,0.80464,109,18,0
2026-05-19 05:45:00,0.80463,0.80505,0.80448,0.80491,126,18,0
2026-05-19 06:00:00,0.80489,0.80498,0.80459,0.80488,208,18,0
2026-05-19 06:15:00,0.8049,0.80523,0.8047,0.8051,138,18,0
2026-05-19 06:30:00,0.80507,0.80528,0.80498,0.80518,126,18,0
2026-05-19 06:45:00,0.80517,0.80518,0.80502,0.80505,121,18,0
2026-05-19 07:00:00,0.80507,0.80507,0.8046,0.80474,201,18,0
2026-05-19 07:15:00,0.80475,0.80491,0.8046,0.80482,160,18,0
2026-05-19 07:30:00,0.80479,0.80488,0.80458,0.80461,140,18,0
2026-05-19 07:45:00,0.80462,0.80492,0.80427,0.80433,200,18,0
2026-05-19 08:00:00,0.80436,0.8044,0.80358,0.80371,207,18,0
2026-05-19 08:15:00,0.80368,0.80424,0.80367,0.80414,186,18,0
2026-05-19 08:30:00,0.80412,0.80437,0.80389,0.80398,132,18,0
2026-05-19 08:45:00,0.80396,0.80436,0.80396,0.80429,131,18,0
2026-05-19 09:00:00,0.80427,0.80427,0.80404,0.80412,115,18,0
2026-05-19 09:15:00,0.8041,0.80413,0.80373,0.80403,141,18,0
2026-05-19 09:30:00,0.80404,0.80417,0.80371,0.804,161,18,0
2026-05-19 09:45:00,0.80402,0.80419,0.80383,0.80388,131,18,0
2026-05-19 10:00:00,0.8039,0.8042,0.80372,0.8042,125,18,0
2026-05-19 10:15:00,0.80422,0.80468,0.8042,0.80454,116,18,0
2026-05-19 10:30:00,0.80457,0.80474,0.80378,0.80382,210,18,0
2026-05-19 10:45:00,0.80384,0.80434,0.80384,0.80423,240,18,0
2026-05-19 11:00:00,0.80424,0.80439,0.80364,0.80366,186,18,0
2026-05-19 11:15:00,0.80364,0.80383,0.80334,0.80345,160,18,0
2026-05-19 11:30:00,0.80347,0.80366,0.80343,0.80354,131,18,0
2026-05-19 11:45:00,0.80355,0.80364,0.80334,0.80356,131,18,0
2026-05-19 12:00:00,0.80353,0.80416,0.80339,0.80413,211,18,0
2026-05-19 12:15:00,0.8041,0.8041,0.80379,0.80395,147,18,0
2026-05-19 12:30:00,0.80392,0.80509,0.80386,0.80467,325,18,0
2026-05-19 12:45:00,0.80469,0.80482,0.80387,0.80391,191,18,0
2026-05-19 13:00:00,0.80388,0.80396,0.8031,0.80338,277,18,0
2026-05-19 13:15:00,0.80339,0.80341,0.80206,0.80211,303,18,0
2026-05-19 13:30:00,0.80215,0.80282,0.80205,0.8027,392,18,0
2026-05-19 13:45:00,0.80273,0.80322,0.80239,0.8031,329,18,0
2026-05-19 14:00:00,0.80313,0.80313,0.80209,0.80212,367,18,0
2026-05-19 14:15:00,0.80208,0.80209,0.80097,0.80117,328,18,0
2026-05-19 14:30:00,0.8012,0.80151,0.80099,0.80147,319,18,0
2026-05-19 14:45:00,0.8015,0.80183,0.80115,0.80169,273,18,0
2026-05-19 15:00:00,0.80167,0.80199,0.80156,0.80164,240,18,0
2026-05-19 15:15:00,0.80165,0.80185,0.80152,0.80167,228,18,0
2026-05-19 15:30:00,0.80165,0.80222,0.80163,0.802,198,18,0
2026-05-19 15:45:00,0.80201,0.8022,0.80193,0.80199,170,18,0
2026-05-19 16:00:00,0.802,0.80201,0.80166,0.80177,201,18,0
2026-05-19 16:15:00,0.80178,0.80216,0.80171,0.80212,166,18,0
2026-05-19 16:30:00,0.8021,0.80243,0.8021,0.80236,183,18,0
2026-05-19 16:45:00,0.80237,0.80251,0.80227,0.80244,125,18,0
2026-05-19 17:00:00,0.80243,0.80299,0.80243,0.80296,135,18,0
2026-05-19 17:15:00,0.80298,0.80311,0.80286,0.8029,114,18,0
2026-05-19 17:30:00,0.80288,0.80296,0.80263,0.80274,125,18,0
2026-05-19 17:45:00,0.80273,0.80288,0.80256,0.80283,128,18,0
2026-05-19 18:00:00,0.80287,0.80299,0.80276,0.80282,123,18,0
2026-05-19 18:15:00,0.80281,0.80283,0.80241,0.80241,146,18,0
2026-05-19 18:30:00,0.80239,0.80253,0.8022,0.80252,126,18,0
2026-05-19 18:45:00,0.80251,0.80251,0.80201,0.80211,124,18,0
2026-05-19 19:00:00,0.80208,0.8024,0.80204,0.8024,120,18,0
2026-05-19 19:15:00,0.80238,0.80243,0.80201,0.8021,97,18,0
2026-05-19 19:30:00,0.80211,0.80235,0.80209,0.8022,98,18,0
2026-05-19 19:45:00,0.80218,0.80239,0.80215,0.80234,111,18,0
2026-05-19 20:00:00,0.80231,0.80241,0.80226,0.8023,77,18,0
2026-05-19 20:15:00,0.80229,0.80232,0.80212,0.80221,46,18,0
2026-05-19 20:30:00,0.80224,0.80238,0.80218,0.80218,48,18,0
2026-05-19 20:45:00,0.80215,0.80216,0.80179,0.80187,97,11,0
2026-05-19 21:00:00,0.80187,0.80189,0.80183,0.80185,8,22,0
2026-05-19 21:15:00,0.80182,0.80189,0.80168,0.80173,60,24,0
2026-05-19 21:30:00,0.80171,0.80249,0.80166,0.80231,73,18,0
2026-05-19 21:45:00,0.80229,0.80255,0.80172,0.80255,78,21,0
2026-05-19 22:00:00,0.8026,0.8026,0.80187,0.80195,90,14,0
2026-05-19 22:15:00,0.80193,0.80201,0.80188,0.80197,58,13,0
2026-05-19 22:30:00,0.80194,0.80199,0.80188,0.80193,49,13,0
2026-05-19 22:45:00,0.80192,0.80199,0.8019,0.80195,28,13,0
2026-05-19 23:00:00,0.80194,0.80212,0.80194,0.8021,37,18,0
2026-05-19 23:15:00,0.80211,0.80219,0.8021,0.80215,22,18,0
2026-05-19 23:30:00,0.80217,0.8024,0.80215,0.80217,55,18,0
2026-05-19 23:45:00,0.80218,0.80218,0.80176,0.80182,64,18,0
2026-05-20 00:00:00,0.80178,0.80188,0.80155,0.80158,210,18,0
2026-05-20 00:15:00,0.80159,0.80167,0.80138,0.8014,186,18,0
2026-05-20 00:30:00,0.80142,0.80161,0.80109,0.80112,166,18,0
2026-05-20 00:45:00,0.8011,0.80124,0.80078,0.80081,197,18,0
2026-05-20 01:00:00,0.80084,0.80132,0.8008,0.80098,205,18,0
2026-05-20 01:15:00,0.80097,0.80098,0.80025,0.8003,158,18,0
2026-05-20 01:30:00,0.80031,0.80046,0.80007,0.80042,183,18,0
2026-05-20 01:45:00,0.80043,0.80096,0.80033,0.80087,251,18,0
2026-05-20 02:00:00,0.80089,0.80119,0.80087,0.8011,145,18,0
2026-05-20 02:15:00,0.80113,0.80138,0.80102,0.80104,160,18,0
2026-05-20 02:30:00,0.80103,0.80103,0.80037,0.80067,259,18,0
2026-05-20 02:45:00,0.8007,0.80088,0.80067,0.80068,119,18,0
2026-05-20 03:00:00,0.80065,0.80109,0.80058,0.80076,144,18,0
2026-05-20 03:15:00,0.80079,0.80153,0.80077,0.80151,111,18,0
2026-05-20 03:30:00,0.80153,0.80232,0.80144,0.8022,191,18,0
2026-05-20 03:45:00,0.80222,0.80238,0.80206,0.80229,87,18,0
2026-05-20 04:00:00,0.80227,0.80282,0.80227,0.80282,153,18,0
2026-05-20 04:15:00,0.8028,0.8028,0.80236,0.80245,118,18,0
2026-05-20 04:30:00,0.80246,0.80246,0.80163,0.802,135,18,0
2026-05-20 04:45:00,0.80201,0.80201,0.80174,0.8018,88,18,0
2026-05-20 05:00:00,0.80177,0.80222,0.80177,0.80202,128,18,0
2026-05-20 05:15:00,0.802,0.8022,0.80188,0.8019,95,18,0
2026-05-20 05:30:00,0.80194,0.80225,0.80184,0.80186,129,18,0
2026-05-20 05:45:00,0.80188,0.80195,0.80156,0.80194,128,18,0
2026-05-20 06:00:00,0.80191,0.80243,0.80184,0.80243,189,18,0
2026-05-20 06:15:00,0.80242,0.80308,0.80242,0.80292,201,18,0
2026-05-20 06:30:00,0.80295,0.80295,0.80265,0.80266,125,18,0
2026-05-20 06:45:00,0.80265,0.80296,0.80262,0.80294,131,18,0
2026-05-20 07:00:00,0.80296,0.8037,0.80284,0.80352,206,18,0
2026-05-20 07:15:00,0.80351,0.80359,0.80317,0.80356,156,18,0
2026-05-20 07:30:00,0.80353,0.80358,0.80336,0.80345,140,18,0
2026-05-20 07:45:00,0.80341,0.80348,0.80333,0.80342,104,18,0
2026-05-20 08:00:00,0.80341,0.80376,0.80322,0.80333,209,18,0
2026-05-20 08:15:00,0.8033,0.80345,0.80315,0.80341,163,18,0
2026-05-20 08:30:00,0.80343,0.80405,0.80343,0.80393,204,18,0
2026-05-20 08:45:00,0.80394,0.80417,0.80393,0.80409,115,18,0
2026-05-20 09:00:00,0.80407,0.80432,0.80405,0.8041,133,18,0
2026-05-20 09:15:00,0.80413,0.80418,0.80367,0.80387,104,18,0
2026-05-20 09:30:00,0.80389,0.80421,0.80377,0.80377,106,18,0
2026-05-20 09:45:00,0.80378,0.80419,0.80376,0.804,105,18,0
2026-05-20 10:00:00,0.80402,0.80437,0.804,0.80435,102,18,0
2026-05-20 10:15:00,0.80434,0.80443,0.80415,0.80424,115,18,0
2026-05-20 10:30:00,0.80425,0.80473,0.80421,0.80447,142,18,0
2026-05-20 10:45:00,0.80445,0.80466,0.80441,0.80461,116,18,0
2026-05-20 11:00:00,0.80457,0.8046,0.80429,0.8043,97,18,0
2026-05-20 11:15:00,0.80431,0.80454,0.8042,0.80451,104,18,0
2026-05-20 11:30:00,0.80452,0.80464,0.80434,0.8044,143,18,0
2026-05-20 11:45:00,0.80442,0.80444,0.80401,0.80402,159,18,0
2026-05-20 12:00:00,0.80405,0.80435,0.80397,0.80422,143,18,0
2026-05-20 12:15:00,0.80419,0.80441,0.80376,0.80441,162,18,0
2026-05-20 12:30:00,0.80444,0.8045,0.80397,0.804,153,18,0
2026-05-20 12:45:00,0.80401,0.80409,0.80368,0.80371,113,18,0
2026-05-20 13:00:00,0.80372,0.80389,0.80363,0.80389,192,18,0
2026-05-20 13:15:00,0.80391,0.80391,0.80322,0.80322,155,18,0
2026-05-20 13:30:00,0.8032,0.80394,0.8032,0.80391,251,18,0
2026-05-20 13:45:00,0.80395,0.80441,0.8039,0.80409,279,18,0
2026-05-20 14:00:00,0.80412,0.80437,0.80366,0.80424,296,18,0
2026-05-20 14:15:00,0.80427,0.80582,0.80427,0.80549,636,18,0
2026-05-20 14:30:00,0.80552,0.80622,0.80552,0.80603,572,18,0
2026-05-20 14:45:00,0.80609,0.80656,0.80584,0.80634,549,18,0
2026-05-20 15:00:00,0.8063,0.80688,0.80609,0.80646,434,18,0
2026-05-20 15:15:00,0.80645,0.80832,0.80643,0.80677,807,18,0
2026-05-20 15:30:00,0.80675,0.80746,0.80675,0.80712,398,18,0
2026-05-20 15:45:00,0.80715,0.8075,0.8067,0.80672,307,18,0
2026-05-20 16:00:00,0.80674,0.80719,0.80668,0.8071,214,18,0
2026-05-20 16:15:00,0.80711,0.80711,0.80627,0.80643,275,18,0
2026-05-20 16:30:00,0.8064,0.80663,0.80607,0.80663,241,18,0
2026-05-20 16:45:00,0.80666,0.80703,0.80649,0.807,251,18,0
2026-05-20 17:00:00,0.80699,0.80732,0.80686,0.80726,260,18,0
2026-05-20 17:15:00,0.80728,0.80733,0.80701,0.80725,197,18,0
2026-05-20 17:30:00,0.80727,0.80734,0.80698,0.80706,207,18,0
2026-05-20 17:45:00,0.80709,0.80726,0.80695,0.80695,132,18,0
2026-05-20 18:00:00,0.80694,0.80711,0.80683,0.80702,152,18,0
2026-05-20 18:15:00,0.80705,0.8072,0.80691,0.80714,176,18,0
2026-05-20 18:30:00,0.80713,0.8074,0.80701,0.80701,130,18,0
2026-05-20 18:45:00,0.80703,0.80757,0.80698,0.80741,137,18,0
2026-05-20 19:00:00,0.80738,0.80768,0.80729,0.8073,137,18,0
2026-05-20 19:15:00,0.80732,0.80752,0.8073,0.80748,83,18,0
2026-05-20 19:30:00,0.80745,0.80752,0.8072,0.80722,100,18,0
2026-05-20 19:45:00,0.80725,0.80725,0.80695,0.807,131,18,0
2026-05-20 20:00:00,0.80701,0.80706,0.8069,0.80697,93,18,0
2026-05-20 20:15:00,0.80695,0.80697,0.80679,0.80686,106,18,0
2026-05-20 20:30:00,0.80685,0.80685,0.80654,0.80667,90,18,0
2026-05-20 20:45:00,0.80664,0.80665,0.80651,0.80656,74,13,0
2026-05-20 21:00:00,0.80653,0.80653,0.80614,0.80614,17,28,0
2026-05-20 21:15:00,0.80611,0.80624,0.80601,0.80624,22,60,0
2026-05-20 21:30:00,0.80622,0.80631,0.8062,0.80627,56,55,0
2026-05-20 21:45:00,0.80624,0.80637,0.80616,0.80616,38,29,0
2026-05-20 22:00:00,0.80644,0.80671,0.80641,0.80667,126,13,0
2026-05-20 22:15:00,0.80671,0.80675,0.80649,0.80656,52,13,0
2026-05-20 22:30:00,0.80658,0.80671,0.80658,0.80671,37,13,0
2026-05-20 22:45:00,0.80669,0.80673,0.80664,0.80673,33,13,0
2026-05-20 23:00:00,0.8067,0.80673,0.80662,0.80665,25,18,0
2026-05-20 23:15:00,0.80663,0.80665,0.80653,0.80656,20,18,0
2026-05-20 23:30:00,0.80658,0.80658,0.80639,0.80647,41,18,0
2026-05-20 23:45:00,0.80644,0.80658,0.80643,0.80645,83,18,0
2026-05-21 00:00:00,0.80647,0.80647,0.80579,0.80587,168,18,0
2026-05-21 00:15:00,0.80589,0.80604,0.80565,0.80604,134,18,0
2026-05-21 00:30:00,0.80605,0.80612,0.80594,0.80608,94,18,0
2026-05-21 00:45:00,0.80607,0.80624,0.80595,0.80596,112,18,0
2026-05-21 01:00:00,0.80598,0.80661,0.80595,0.8065,117,18,0
2026-05-21 01:15:00,0.80651,0.80661,0.80635,0.80637,82,18,0
2026-05-21 01:30:00,0.80633,0.80745,0.80622,0.80722,238,18,0
2026-05-21 01:45:00,0.80724,0.80724,0.80578,0.80581,314,18,0
2026-05-21 02:00:00,0.80579,0.80644,0.80578,0.80597,245,18,0
2026-05-21 02:15:00,0.80599,0.80599,0.80541,0.80562,193,18,0
2026-05-21 02:30:00,0.8056,0.8059,0.80536,0.80559,204,18,0
2026-05-21 02:45:00,0.8056,0.80586,0.80524,0.80583,177,18,0
2026-05-21 03:00:00,0.80584,0.80602,0.80576,0.80579,130,18,0
2026-05-21 03:15:00,0.80578,0.8061,0.80573,0.80597,97,18,0
2026-05-21 03:30:00,0.80596,0.80624,0.80595,0.80624,70,18,0
2026-05-21 03:45:00,0.80626,0.80632,0.80606,0.80623,73,18,0
2026-05-21 04:00:00,0.80622,0.8064,0.80621,0.8064,78,18,0
2026-05-21 04:15:00,0.80641,0.80669,0.8064,0.80665,64,18,0
2026-05-21 04:30:00,0.80668,0.80675,0.80647,0.80666,68,18,0
2026-05-21 04:45:00,0.80665,0.80686,0.80661,0.80678,77,18,0
2026-05-21 05:00:00,0.80676,0.80685,0.80638,0.80649,96,18,0
2026-05-21 05:15:00,0.80645,0.80658,0.80635,0.80644,102,18,0
2026-05-21 05:30:00,0.80647,0.80657,0.80632,0.80639,128,18,0
2026-05-21 05:45:00,0.80637,0.80659,0.80604,0.80655,169,18,0
2026-05-21 06:00:00,0.80653,0.80673,0.80647,0.80652,134,18,0
2026-05-21 06:15:00,0.8065,0.80654,0.80591,0.80615,206,18,0
2026-05-21 06:30:00,0.80616,0.80617,0.8053,0.80543,175,18,0
2026-05-21 06:45:00,0.80546,0.80575,0.80539,0.80573,150,18,0
2026-05-21 07:00:00,0.80571,0.80608,0.80558,0.80603,188,18,0
2026-05-21 07:15:00,0.806,0.806,0.80547,0.80552,287,18,0
2026-05-21 07:30:00,0.80555,0.80653,0.80555,0.80653,239,18,0
2026-05-21 07:45:00,0.80654,0.80706,0.80654,0.80681,158,18,0
2026-05-21 08:00:00,0.80678,0.8079,0.80678,0.80784,272,18,0
2026-05-21 08:15:00,0.80786,0.80814,0.80729,0.80787,337,18,0
2026-05-21 08:30:00,0.80789,0.80789,0.80747,0.80748,243,18,0
2026-05-21 08:45:00,0.80747,0.80774,0.80731,0.80734,235,18,0
2026-05-21 09:00:00,0.80731,0.80795,0.8073,0.80787,204,18,0
2026-05-21 09:15:00,0.80785,0.80828,0.80778,0.80815,154,18,0
2026-05-21 09:30:00,0.80814,0.80824,0.80771,0.80772,158,18,0
2026-05-21 09:45:00,0.80771,0.80788,0.80763,0.80788,110,18,0
2026-05-21 10:00:00,0.80787,0.808,0.8077,0.80772,111,18,0
2026-05-21 10:15:00,0.80771,0.8078,0.80628,0.80637,301,18,0
2026-05-21 10:30:00,0.80638,0.80638,0.80537,0.80581,401,18,0
2026-05-21 10:45:00,0.80582,0.80591,0.80549,0.80569,330,18,0
2026-05-21 11:00:00,0.80567,0.80637,0.80567,0.80633,256,18,0
2026-05-21 11:15:00,0.80634,0.80681,0.80631,0.80673,217,18,0
2026-05-21 11:30:00,0.80672,0.80679,0.80618,0.80628,130,18,0
2026-05-21 11:45:00,0.80627,0.80641,0.80583,0.80605,151,18,0
2026-05-21 12:00:00,0.80603,0.80646,0.80603,0.80646,212,18,0
2026-05-21 12:15:00,0.80645,0.80647,0.80604,0.80607,199,18,0
2026-05-21 12:30:00,0.8061,0.80702,0.8061,0.80657,391,18,0
2026-05-21 12:45:00,0.80658,0.80665,0.80608,0.8061,215,18,0
2026-05-21 13:00:00,0.80612,0.80668,0.80602,0.80652,274,18,0
2026-05-21 13:15:00,0.80654,0.80668,0.80631,0.80666,202,18,0
2026-05-21 13:30:00,0.80669,0.8067,0.80595,0.80611,288,18,0
2026-05-21 13:45:00,0.80607,0.80753,0.80598,0.80735,426,18,0
2026-05-21 14:00:00,0.80738,0.80775,0.80725,0.8077,283,18,0
2026-05-21 14:15:00,0.80769,0.80772,0.80718,0.80759,295,18,0
2026-05-21 14:30:00,0.80762,0.80823,0.80762,0.80822,265,18,0
2026-05-21 14:45:00,0.8082,0.80832,0.80793,0.808,278,18,0
2026-05-21 15:00:00,0.80802,0.80804,0.80692,0.80731,331,18,0
2026-05-21 15:15:00,0.8073,0.80747,0.80681,0.80682,198,18,0
2026-05-21 15:30:00,0.80685,0.80724,0.80669,0.80697,217,18,0
2026-05-21 15:45:00,0.80701,0.80724,0.80698,0.80719,163,18,0
2026-05-21 16:00:00,0.80723,0.80772,0.80723,0.80766,226,18,0
2026-05-21 16:15:00,0.8077,0.80781,0.80754,0.80776,167,18,0
2026-05-21 16:30:00,0.80774,0.80779,0.80757,0.80774,124,18,0
2026-05-21 16:45:00,0.80775,0.80775,0.80748,0.80766,123,18,0
2026-05-21 17:00:00,0.80768,0.8085,0.80753,0.80848,307,18,0
2026-05-21 17:15:00,0.80849,0.80983,0.80849,0.80981,478,18,0
2026-05-21 17:30:00,0.8098,0.81058,0.80962,0.81056,320,18,0
2026-05-21 17:45:00,0.81054,0.81086,0.81025,0.81039,284,18,0
2026-05-21 18:00:00,0.81037,0.81056,0.80959,0.80965,321,18,0
2026-05-21 18:15:00,0.80964,0.80977,0.80953,0.80956,189,18,0
2026-05-21 18:30:00,0.80958,0.8099,0.80951,0.80974,133,18,0
2026-05-21 18:45:00,0.80976,0.80981,0.80856,0.80884,391,18,0
2026-05-21 19:00:00,0.80886,0.80924,0.80885,0.80918,222,18,0
2026-05-21 19:15:00,0.80919,0.80965,0.80919,0.80962,114,18,0
2026-05-21 19:30:00,0.80961,0.80986,0.80954,0.80954,114,18,0
2026-05-21 19:45:00,0.80953,0.80977,0.80923,0.80963,198,18,0
2026-05-21 20:00:00,0.80965,0.80971,0.80917,0.80924,96,18,0
2026-05-21 20:15:00,0.80922,0.80923,0.80907,0.80919,66,18,0
2026-05-21 20:30:00,0.8092,0.80927,0.80912,0.80917,39,18,0
2026-05-21 20:45:00,0.8092,0.80932,0.80905,0.80912,92,11,0
2026-05-21 21:00:00,0.80914,0.80914,0.80904,0.80905,22,18,0
2026-05-21 21:15:00,0.80904,0.80904,0.8088,0.80892,156,88,0
2026-05-21 21:30:00,0.8089,0.80904,0.80886,0.80893,51,102,0
2026-05-21 21:45:00,0.80896,0.80923,0.80858,0.80858,40,67,0
2026-05-21 22:00:00,0.80863,0.80945,0.80863,0.80945,92,14,0
2026-05-21 22:15:00,0.80948,0.80951,0.80933,0.80933,20,13,0
2026-05-21 22:30:00,0.8093,0.80943,0.80921,0.80941,63,13,0
2026-05-21 22:45:00,0.80944,0.80973,0.80944,0.80971,51,13,0
2026-05-21 23:00:00,0.80968,0.80983,0.80955,0.80958,41,18,0
2026-05-21 23:15:00,0.80957,0.80962,0.80943,0.80962,29,18,0
2026-05-21 23:30:00,0.80961,0.80965,0.80955,0.80955,29,18,0
2026-05-21 23:45:00,0.80954,0.80988,0.80954,0.80964,65,18,0
2026-05-22 00:00:00,0.80966,0.80996,0.80955,0.80962,182,18,0
2026-05-22 00:15:00,0.80961,0.80962,0.80946,0.80953,111,18,0
2026-05-22 00:30:00,0.80956,0.80962,0.80935,0.80961,81,18,0
2026-05-22 00:45:00,0.80962,0.80971,0.80944,0.80944,99,18,0
2026-05-22 01:00:00,0.80943,0.80948,0.80919,0.80939,122,18,0
2026-05-22 01:15:00,0.8094,0.80959,0.80931,0.80956,102,18,0
2026-05-22 01:30:00,0.80955,0.80978,0.80933,0.80978,144,18,0
2026-05-22 01:45:00,0.80979,0.81012,0.80968,0.80968,105,18,0
2026-05-22 02:00:00,0.8097,0.80994,0.8097,0.80975,79,18,0
2026-05-22 02:15:00,0.80976,0.80981,0.80969,0.80972,51,18,0
2026-05-22 02:30:00,0.80969,0.81007,0.80969,0.81001,73,18,0
2026-05-22 02:45:00,0.81002,0.81002,0.80966,0.80984,70,18,0
2026-05-22 03:00:00,0.80982,0.80991,0.80945,0.80945,82,18,0
2026-05-22 03:15:00,0.80947,0.80963,0.80947,0.80953,70,18,0
2026-05-22 03:30:00,0.80952,0.8096,0.80943,0.80947,48,18,0
2026-05-22 03:45:00,0.80945,0.80974,0.80941,0.80974,72,18,0
2026-05-22 04:00:00,0.80981,0.81008,0.80977,0.80997,77,18,0
2026-05-22 04:15:00,0.80994,0.80996,0.80983,0.80985,46,18,0
2026-05-22 04:30:00,0.80986,0.80986,0.80971,0.80984,43,18,0
2026-05-22 04:45:00,0.80983,0.80989,0.80979,0.80989,37,18,0
2026-05-22 05:00:00,0.80987,0.81009,0.80987,0.81001,66,18,0
2026-05-22 05:15:00,0.81002,0.81005,0.80995,0.81001,50,18,0
2026-05-22 05:30:00,0.81003,0.81016,0.80999,0.81005,80,18,0
2026-05-22 05:45:00,0.81006,0.81025,0.80952,0.8096,137,18,0
2026-05-22 06:00:00,0.80963,0.80982,0.80951,0.80978,166,18,0
2026-05-22 06:15:00,0.80975,0.80975,0.80921,0.80933,154,18,0
2026-05-22 06:30:00,0.80935,0.80942,0.80914,0.80922,123,18,0
2026-05-22 06:45:00,0.8092,0.80922,0.8089,0.80893,118,18,0
2026-05-22 07:00:00,0.80897,0.80897,0.80822,0.80829,172,18,0
2026-05-22 07:15:00,0.80826,0.80856,0.80822,0.80838,138,18,0
2026-05-22 07:30:00,0.80839,0.80839,0.80818,0.80836,133,18,0
2026-05-22 07:45:00,0.80834,0.80849,0.80816,0.80849,102,18,0
2026-05-22 08:00:00,0.80851,0.80851,0.80821,0.80823,124,18,0
2026-05-22 08:15:00,0.80826,0.80897,0.8082,0.80831,232,18,0
2026-05-22 08:30:00,0.80833,0.80845,0.80788,0.80815,246,18,0
2026-05-22 08:45:00,0.80817,0.80824,0.80783,0.80788,123,18,0
2026-05-22 09:00:00,0.80786,0.80786,0.80739,0.80743,177,18,0
2026-05-22 09:15:00,0.80741,0.8076,0.80731,0.80749,116,18,0
2026-05-22 09:30:00,0.80752,0.8077,0.80744,0.80753,124,18,0
2026-05-22 09:45:00,0.80755,0.80777,0.80747,0.8076,85,18,0
2026-05-22 10:00:00,0.80756,0.80792,0.80755,0.80767,113,18,0
2026-05-22 10:15:00,0.80769,0.80793,0.80766,0.80776,105,18,0
2026-05-22 10:30:00,0.80777,0.80792,0.80741,0.80791,133,18,0
2026-05-22 10:45:00,0.8079,0.80792,0.80754,0.80759,80,18,0
2026-05-22 11:00:00,0.8076,0.80767,0.80735,0.80737,118,18,0
2026-05-22 11:15:00,0.80738,0.80746,0.80714,0.80737,87,18,0
2026-05-22 11:30:00,0.80736,0.8075,0.80719,0.80744,98,18,0
2026-05-22 11:45:00,0.80743,0.80783,0.80743,0.80767,159,18,0
2026-05-22 12:00:00,0.80764,0.80842,0.80738,0.80825,283,18,0
2026-05-22 12:15:00,0.80828,0.80854,0.80785,0.80797,302,18,0
2026-05-22 12:30:00,0.808,0.8081,0.80761,0.80781,167,18,0
2026-05-22 12:45:00,0.80783,0.8086,0.80783,0.8086,162,18,0
2026-05-22 13:00:00,0.80863,0.80916,0.80837,0.80888,319,18,0
2026-05-22 13:15:00,0.80886,0.80896,0.80847,0.80862,220,18,0
2026-05-22 13:30:00,0.80863,0.80872,0.80805,0.80806,300,18,0
2026-05-22 13:45:00,0.80807,0.8081,0.8075,0.80778,196,18,0
2026-05-22 14:00:00,0.80775,0.80778,0.80705,0.80733,350,18,0
2026-05-22 14:15:00,0.80732,0.80761,0.80725,0.80761,255,18,0
2026-05-22 14:30:00,0.80759,0.80818,0.80756,0.80818,209,18,0
2026-05-22 14:45:00,0.80821,0.80862,0.80784,0.80845,262,18,0
2026-05-22 15:00:00,0.80842,0.80878,0.80818,0.80862,219,18,0
2026-05-22 15:15:00,0.80863,0.80873,0.80843,0.80872,153,18,0
2026-05-22 15:30:00,0.80874,0.80902,0.80859,0.80892,167,18,0
2026-05-22 15:45:00,0.80895,0.80902,0.80878,0.80886,124,18,0
2026-05-22 16:00:00,0.80888,0.80902,0.80874,0.8089,160,18,0
2026-05-22 16:15:00,0.80889,0.80916,0.80874,0.80916,135,18,0
2026-05-22 16:30:00,0.80918,0.80925,0.80887,0.80887,109,18,0
2026-05-22 16:45:00,0.80891,0.80898,0.80878,0.80884,94,18,0
2026-05-22 17:00:00,0.80886,0.80924,0.80883,0.80916,124,18,0
2026-05-22 17:15:00,0.80917,0.80938,0.80871,0.80935,244,18,0
2026-05-22 17:30:00,0.80938,0.80974,0.80932,0.80938,229,18,0
2026-05-22 17:45:00,0.80941,0.80941,0.80924,0.80927,105,18,0
2026-05-22 18:00:00,0.8093,0.80932,0.80882,0.80888,162,18,0
2026-05-22 18:15:00,0.80886,0.80902,0.80882,0.80883,97,18,0
2026-05-22 18:30:00,0.8088,0.80891,0.8086,0.80883,116,18,0
2026-05-22 18:45:00,0.80884,0.80888,0.80868,0.80888,94,18,0
2026-05-22 19:00:00,0.80887,0.80889,0.80852,0.80861,120,18,0
2026-05-22 19:15:00,0.80862,0.80872,0.80826,0.80828,63,18,0
2026-05-22 19:30:00,0.8083,0.8084,0.80819,0.8084,94,18,0
2026-05-22 19:45:00,0.80841,0.80862,0.80837,0.80859,97,18,0
2026-05-22 20:00:00,0.8086,0.80863,0.80847,0.80854,53,18,0
2026-05-22 20:15:00,0.80856,0.80856,0.80841,0.80841,40,18,0
2026-05-22 20:30:00,0.80838,0.80848,0.80824,0.80824,92,18,0
2026-05-22 20:45:00,0.80826,0.80851,0.80794,0.80828,214,18,0
2026-05-24 21:15:00,0.81048,0.81078,0.81034,0.81054,39,151,0
2026-05-24 21:30:00,0.81052,0.81052,0.80981,0.81043,65,137,0
2026-05-24 21:45:00,0.81048,0.81073,0.81008,0.81036,57,117,0
2026-05-24 22:00:00,0.81094,0.81113,0.81014,0.81078,283,20,0
2026-05-24 22:15:00,0.81079,0.81087,0.81045,0.81051,126,20,0
2026-05-24 22:30:00,0.81051,0.81082,0.81034,0.81082,144,20,0
2026-05-24 22:45:00,0.81081,0.81117,0.8108,0.81107,102,20,0
2026-05-24 23:00:00,0.81108,0.81131,0.81108,0.81112,55,18,0
2026-05-24 23:15:00,0.81109,0.81109,0.8109,0.81092,44,18,0
2026-05-24 23:30:00,0.81089,0.81103,0.81084,0.81094,50,18,0
2026-05-24 23:45:00,0.81093,0.81093,0.81044,0.81045,77,18,0
2026-05-25 00:00:00,0.81042,0.81064,0.81025,0.81058,112,18,0
2026-05-25 00:15:00,0.81056,0.811,0.81055,0.811,111,18,0
2026-05-25 00:30:00,0.81102,0.81118,0.81081,0.81083,85,18,0
2026-05-25 00:45:00,0.81085,0.8114,0.81049,0.81055,172,18,0
2026-05-25 01:00:00,0.81054,0.81104,0.81054,0.81104,168,18,0
2026-05-25 01:15:00,0.81108,0.81127,0.81092,0.81126,133,18,0
2026-05-25 01:30:00,0.81124,0.81124,0.8108,0.8108,126,18,0
2026-05-25 01:45:00,0.81083,0.8109,0.81058,0.81058,90,18,0
2026-05-25 02:00:00,0.81059,0.81079,0.81056,0.81061,84,18,0
2026-05-25 02:15:00,0.81063,0.81094,0.81053,0.81083,74,18,0
2026-05-25 02:30:00,0.81084,0.81085,0.81062,0.81067,53,18,0
2026-05-25 02:45:00,0.81069,0.81069,0.81025,0.81033,77,18,0
2026-05-25 03:00:00,0.81032,0.81045,0.81024,0.81039,70,18,0
2026-05-25 03:15:00,0.81038,0.81054,0.81029,0.81053,85,18,0
2026-05-25 03:30:00,0.81054,0.81062,0.81049,0.81055,69,18,0
2026-05-25 03:45:00,0.81053,0.81056,0.8104,0.81047,76,18,0
2026-05-25 04:00:00,0.81048,0.81058,0.81044,0.81049,60,18,0
2026-05-25 04:15:00,0.81052,0.81089,0.81049,0.81087,64,18,0
2026-05-25 04:30:00,0.8109,0.81118,0.81082,0.81116,67,18,0
2026-05-25 04:45:00,0.81118,0.81133,0.81115,0.81118,76,18,0
2026-05-25 05:00:00,0.81115,0.81133,0.81113,0.81127,81,18,0
2026-05-25 05:15:00,0.81129,0.81134,0.81111,0.81112,53,18,0
2026-05-25 05:30:00,0.81111,0.81138,0.81105,0.81133,66,18,0
2026-05-25 05:45:00,0.81132,0.81138,0.81101,0.81108,95,18,0
2026-05-25 06:00:00,0.81106,0.81149,0.81098,0.81138,104,18,0
2026-05-25 06:15:00,0.81139,0.81139,0.81102,0.81106,69,18,0
2026-05-25 06:30:00,0.81103,0.81122,0.81099,0.81099,101,18,0
2026-05-25 06:45:00,0.81098,0.81119,0.81094,0.81105,90,18,0
2026-05-25 07:00:00,0.81106,0.81112,0.8107,0.81076,118,18,0
2026-05-25 07:15:00,0.81072,0.81076,0.81009,0.81042,212,18,0
2026-05-25 07:30:00,0.81045,0.81089,0.81043,0.81077,154,18,0
2026-05-25 07:45:00,0.81075,0.81079,0.81064,0.81077,78,18,0
2026-05-25 08:00:00,0.81079,0.81106,0.81068,0.81089,95,18,0
2026-05-25 08:15:00,0.8109,0.81096,0.81073,0.81074,60,18,0
2026-05-25 08:30:00,0.81073,0.81102,0.81072,0.81094,75,18,0
2026-05-25 08:45:00,0.81092,0.81103,0.81081,0.81096,63,18,0
2026-05-25 09:00:00,0.81097,0.81114,0.81095,0.81109,54,18,0
2026-05-25 09:15:00,0.81108,0.81111,0.81097,0.81097,31,18,0
2026-05-25 09:30:00,0.81096,0.81104,0.8109,0.81098,46,18,0
2026-05-25 09:45:00,0.81096,0.811,0.81084,0.81084,40,18,0
2026-05-25 10:00:00,0.81086,0.81095,0.81081,0.8109,46,18,0
2026-05-25 10:15:00,0.81089,0.81095,0.81072,0.81072,36,18,0
2026-05-25 10:30:00,0.81073,0.81082,0.81066,0.81082,26,18,0
2026-05-25 10:45:00,0.81083,0.81086,0.8107,0.81075,41,18,0
2026-05-25 11:00:00,0.81076,0.81106,0.81064,0.81101,59,18,0
2026-05-25 11:15:00,0.811,0.81109,0.8109,0.81094,39,18,0
2026-05-25 11:30:00,0.81096,0.81136,0.81096,0.81136,102,18,0
2026-05-25 11:45:00,0.81139,0.81146,0.81117,0.81118,81,18,0
2026-05-25 12:00:00,0.81116,0.81139,0.81108,0.81135,64,18,0
2026-05-25 12:15:00,0.81136,0.81144,0.81125,0.81131,79,18,0
2026-05-25 12:30:00,0.81133,0.81153,0.81131,0.81153,61,18,0
2026-05-25 12:45:00,0.81156,0.81157,0.81103,0.81108,103,18,0
2026-05-25 13:00:00,0.81105,0.81121,0.81092,0.81098,82,18,0
2026-05-25 13:15:00,0.81099,0.811,0.81069,0.81078,77,18,0
2026-05-25 13:30:00,0.81081,0.81092,0.8106,0.81064,85,18,0
2026-05-25 13:45:00,0.81063,0.81084,0.81054,0.81054,85,18,0
2026-05-25 14:00:00,0.81058,0.81069,0.81038,0.81039,68,18,0
2026-05-25 14:15:00,0.81041,0.81055,0.8104,0.81052,59,18,0
2026-05-25 14:30:00,0.81053,0.81061,0.81038,0.81055,59,18,0
2026-05-25 14:45:00,0.81053,0.81074,0.8105,0.81071,74,18,0
2026-05-25 15:00:00,0.81069,0.81074,0.81019,0.81055,156,18,0
2026-05-25 15:15:00,0.81057,0.81069,0.81044,0.81068,92,18,0
2026-05-25 15:30:00,0.81065,0.81068,0.81052,0.81052,60,18,0
2026-05-25 15:45:00,0.81051,0.81055,0.81016,0.81021,59,18,0
2026-05-25 16:00:00,0.81019,0.8102,0.81003,0.81006,57,18,0
2026-05-25 16:15:00,0.81008,0.81014,0.80995,0.81001,45,18,0
2026-05-25 16:30:00,0.81002,0.81017,0.80998,0.8101,47,18,0
2026-05-25 16:45:00,0.81013,0.81048,0.81013,0.81046,61,18,0
2026-05-25 17:00:00,0.81045,0.81045,0.81034,0.81041,29,18,0
2026-05-25 17:15:00,0.81042,0.81065,0.81042,0.81062,32,18,0
2026-05-25 17:30:00,0.8106,0.81065,0.81047,0.81065,18,18,0
2026-05-25 17:45:00,0.81064,0.81064,0.81054,0.81061,17,18,0
2026-05-25 18:00:00,0.8106,0.81062,0.81053,0.81062,15,18,0
2026-05-25 18:15:00,0.81064,0.81068,0.81048,0.81048,18,18,0
2026-05-25 18:30:00,0.81051,0.81052,0.81041,0.81045,20,18,0
2026-05-25 18:45:00,0.81044,0.81061,0.81042,0.81054,31,18,0
2026-05-25 19:00:00,0.81053,0.81066,0.81028,0.81045,30,18,0
2026-05-25 19:15:00,0.81044,0.81047,0.81042,0.81047,16,18,0
2026-05-25 19:30:00,0.81044,0.81046,0.81031,0.81036,36,18,0
2026-05-25 19:45:00,0.81038,0.81039,0.8103,0.81035,23,18,0
2026-05-25 20:00:00,0.81037,0.81043,0.8103,0.81038,21,18,0
2026-05-25 20:15:00,0.81036,0.81054,0.81022,0.81054,40,18,0
2026-05-25 20:30:00,0.81055,0.81059,0.81032,0.81038,45,18,0
2026-05-25 20:45:00,0.8104,0.81053,0.81037,0.81044,38,13,0
2026-05-25 21:00:00,0.81043,0.81043,0.81034,0.81034,4,24,0
2026-05-25 21:15:00,0.81032,0.81032,0.81006,0.81009,20,38,0
2026-05-25 21:30:00,0.81009,0.81017,0.80996,0.81013,68,25,0
2026-05-25 21:45:00,0.8101,0.81017,0.80996,0.80996,97,35,0
2026-05-25 22:00:00,0.81028,0.81045,0.80993,0.81019,104,14,0
2026-05-25 22:15:00,0.8102,0.81027,0.81014,0.81027,21,13,0
2026-05-25 22:30:00,0.81025,0.81033,0.81018,0.81031,28,13,0
2026-05-25 22:45:00,0.81028,0.81041,0.81027,0.81031,30,13,0
2026-05-25 23:00:00,0.81028,0.81031,0.81018,0.81019,27,18,0
2026-05-25 23:15:00,0.81021,0.81025,0.80997,0.80997,24,18,0
2026-05-25 23:30:00,0.81,0.81001,0.80937,0.80943,56,18,0
2026-05-25 23:45:00,0.80942,0.80956,0.8091,0.80912,93,18,0
2026-05-26 00:00:00,0.80909,0.8092,0.8087,0.80877,167,18,0
2026-05-26 00:15:00,0.80879,0.80885,0.80845,0.80864,104,18,0
2026-05-26 00:30:00,0.80866,0.80877,0.80846,0.8087,93,18,0
2026-05-26 00:45:00,0.80871,0.80885,0.80853,0.80871,102,18,0
2026-05-26 01:00:00,0.80869,0.80879,0.80851,0.80864,144,18,0
2026-05-26 01:15:00,0.80865,0.80872,0.80839,0.80844,120,18,0
2026-05-26 01:30:00,0.80846,0.80852,0.80785,0.80789,136,18,0
2026-05-26 01:45:00,0.80791,0.8081,0.80789,0.80797,95,18,0
2026-05-26 02:00:00,0.80795,0.80824,0.80791,0.80801,85,18,0
2026-05-26 02:15:00,0.80803,0.80812,0.80796,0.80799,74,18,0
2026-05-26 02:30:00,0.80801,0.80801,0.80762,0.80763,81,18,0
2026-05-26 02:45:00,0.8076,0.80801,0.80752,0.80794,62,18,0
2026-05-26 03:00:00,0.80796,0.8083,0.80794,0.80826,69,18,0
2026-05-26 03:15:00,0.80824,0.80872,0.80823,0.8085,76,18,0
2026-05-26 03:30:00,0.80852,0.80859,0.80849,0.80859,35,18,0
2026-05-26 03:45:00,0.80856,0.80857,0.80831,0.80841,39,18,0
2026-05-26 04:00:00,0.80837,0.8084,0.80818,0.80827,46,18,0
2026-05-26 04:15:00,0.80826,0.80831,0.80815,0.80815,39,18,0
2026-05-26 04:30:00,0.80814,0.80821,0.80789,0.8079,50,18,0
2026-05-26 04:45:00,0.80789,0.80797,0.80781,0.80782,56,18,0
2026-05-26 05:00:00,0.80781,0.80783,0.80758,0.80772,76,18,0
2026-05-26 05:15:00,0.80776,0.8078,0.80759,0.80766,58,18,0
2026-05-26 05:30:00,0.80769,0.8078,0.80759,0.80773,59,18,0
2026-05-26 05:45:00,0.8077,0.80772,0.80741,0.80748,67,18,0
2026-05-26 06:00:00,0.8075,0.8079,0.80734,0.80789,96,18,0
2026-05-26 06:15:00,0.80785,0.80828,0.80772,0.80797,132,18,0
2026-05-26 06:30:00,0.80796,0.80822,0.80785,0.8082,119,18,0
2026-05-26 06:45:00,0.80818,0.80819,0.80798,0.80803,93,18,0
2026-05-26 07:00:00,0.80806,0.80811,0.80726,0.80746,222,18,0
2026-05-26 07:15:00,0.80747,0.80758,0.80727,0.80734,125,18,0
2026-05-26 07:30:00,0.80731,0.80751,0.80672,0.80677,207,18,0
2026-05-26 07:45:00,0.80675,0.80706,0.80665,0.80694,146,18,0
2026-05-26 08:00:00,0.80697,0.80721,0.80691,0.80695,168,18,0
2026-05-26 08:15:00,0.80694,0.80702,0.80688,0.80696,114,18,0
2026-05-26 08:30:00,0.80693,0.80702,0.80671,0.80671,109,18,0
2026-05-26 08:45:00,0.8067,0.8068,0.80656,0.8067,91,18,0
2026-05-26 09:00:00,0.80666,0.8067,0.80642,0.80643,98,18,0
2026-05-26 09:15:00,0.80642,0.80673,0.80641,0.80673,118,18,0
2026-05-26 09:30:00,0.80675,0.80681,0.80646,0.80646,98,18,0
2026-05-26 09:45:00,0.80648,0.80663,0.80643,0.80656,66,18,0
2026-05-26 10:00:00,0.80654,0.80661,0.80642,0.80658,83,18,0
2026-05-26 10:15:00,0.80659,0.80666,0.80641,0.80664,94,18,0
2026-05-26 10:30:00,0.80666,0.80703,0.80666,0.80682,154,18,0
2026-05-26 10:45:00,0.80679,0.80691,0.80665,0.80677,111,18,0
2026-05-26 11:00:00,0.80678,0.80705,0.80667,0.80697,100,18,0
2026-05-26 11:15:00,0.80698,0.80706,0.80691,0.80698,78,18,0
2026-05-26 11:30:00,0.80695,0.80714,0.80661,0.80684,156,18,0
2026-05-26 11:45:00,0.80683,0.80691,0.80667,0.80672,117,18,0
2026-05-26 12:00:00,0.80669,0.80701,0.80661,0.80682,154,18,0
2026-05-26 12:15:00,0.80681,0.80715,0.80669,0.80714,108,18,0
2026-05-26 12:30:00,0.8071,0.8072,0.80694,0.80707,107,18,0
2026-05-26 12:45:00,0.80709,0.80721,0.80689,0.80689,99,18,0
2026-05-26 13:00:00,0.8069,0.80694,0.80664,0.80667,128,18,0
2026-05-26 13:15:00,0.80666,0.80703,0.80666,0.80676,136,18,0
2026-05-26 13:30:00,0.80678,0.80688,0.80639,0.80665,213,18,0
2026-05-26 13:45:00,0.80668,0.80687,0.80587,0.80609,255,18,0
2026-05-26 14:00:00,0.8061,0.80641,0.80591,0.80624,242,18,0
2026-05-26 14:15:00,0.80627,0.80663,0.80622,0.80648,178,18,0
2026-05-26 14:30:00,0.80645,0.80657,0.80612,0.80628,202,18,0
2026-05-26 14:45:00,0.8063,0.80651,0.80619,0.80638,218,18,0
2026-05-26 15:00:00,0.80636,0.80652,0.80612,0.80646,188,18,0
2026-05-26 15:15:00,0.80645,0.80646,0.80594,0.80594,162,18,0
2026-05-26 15:30:00,0.80597,0.80607,0.80563,0.80564,154,18,0
2026-05-26 15:45:00,0.80562,0.80569,0.80522,0.80525,124,18,0
2026-05-26 16:00:00,0.80527,0.80555,0.80527,0.80533,135,18,0
2026-05-26 16:15:00,0.80534,0.8057,0.80532,0.80569,96,18,0
2026-05-26 16:30:00,0.80566,0.80589,0.80549,0.80549,124,18,0
2026-05-26 16:45:00,0.80548,0.80574,0.80526,0.80572,127,18,0
2026-05-26 17:00:00,0.80573,0.80589,0.80573,0.8058,85,18,0
2026-05-26 17:15:00,0.80579,0.80581,0.80568,0.80577,89,18,0
2026-05-26 17:30:00,0.80574,0.80598,0.80574,0.80581,99,18,0
2026-05-26 17:45:00,0.8058,0.80594,0.80572,0.80586,66,18,0
2026-05-26 18:00:00,0.80584,0.80593,0.80572,0.80587,79,18,0
2026-05-26 18:15:00,0.80589,0.8061,0.80581,0.80605,76,18,0
2026-05-26 18:30:00,0.80609,0.80621,0.80601,0.80606,98,18,0
2026-05-26 18:45:00,0.80608,0.80616,0.80596,0.80599,74,18,0
2026-05-26 19:00:00,0.80597,0.806,0.80587,0.80589,64,18,0
2026-05-26 19:15:00,0.80588,0.80602,0.80585,0.80596,45,18,0
2026-05-26 19:30:00,0.80598,0.80618,0.80598,0.80615,53,18,0
2026-05-26 19:45:00,0.80614,0.80634,0.80612,0.80617,81,18,0
2026-05-26 20:00:00,0.80615,0.80622,0.80609,0.80617,51,18,0
2026-05-26 20:15:00,0.80618,0.80625,0.806,0.806,33,18,0
2026-05-26 20:30:00,0.80602,0.80603,0.80587,0.80587,35,18,0
2026-05-26 20:45:00,0.80589,0.80615,0.80589,0.80591,65,13,0
2026-05-26 21:00:00,0.80594,0.806,0.80594,0.80597,8,24,0
2026-05-26 21:15:00,0.80598,0.80598,0.80587,0.80591,30,24,0
2026-05-26 21:30:00,0.80592,0.80609,0.80591,0.80608,29,15,0
2026-05-26 21:45:00,0.80608,0.8064,0.80604,0.8064,37,11,0
2026-05-26 22:00:00,0.80646,0.80646,0.80583,0.80604,124,13,0
2026-05-26 22:15:00,0.80601,0.80606,0.80592,0.80603,51,13,0
2026-05-26 22:30:00,0.80605,0.80617,0.80604,0.80617,31,13,0
2026-05-26 22:45:00,0.80618,0.80619,0.80603,0.80603,41,13,0
2026-05-26 23:00:00,0.806,0.80613,0.806,0.80605,29,18,0
2026-05-26 23:15:00,0.80603,0.8064,0.80603,0.80638,37,18,0
2026-05-26 23:30:00,0.80641,0.80665,0.80641,0.80662,32,18,0
2026-05-26 23:45:00,0.80665,0.80673,0.8064,0.8065,73,18,0
2026-05-27 00:00:00,0.80647,0.80688,0.80642,0.80688,116,18,0
2026-05-27 00:15:00,0.80687,0.80693,0.80679,0.80686,93,18,0
2026-05-27 00:30:00,0.8069,0.80713,0.80682,0.80682,82,18,0
2026-05-27 00:45:00,0.80683,0.807,0.80676,0.807,111,18,0
2026-05-27 01:00:00,0.80698,0.80745,0.80696,0.80735,142,18,0
2026-05-27 01:15:00,0.80736,0.80744,0.80721,0.80736,84,18,0
2026-05-27 01:30:00,0.80733,0.80741,0.80638,0.80679,290,18,0
2026-05-27 01:45:00,0.80677,0.80719,0.80649,0.80716,158,18,0
2026-05-27 02:00:00,0.80717,0.81105,0.80716,0.81044,692,18,0
2026-05-27 02:15:00,0.81046,0.81159,0.81045,0.81135,299,18,0
2026-05-27 02:30:00,0.81134,0.81151,0.81072,0.81072,185,18,0
2026-05-27 02:45:00,0.81071,0.81123,0.81071,0.81103,124,18,0
2026-05-27 03:00:00,0.81102,0.81154,0.81088,0.81091,173,18,0
2026-05-27 03:15:00,0.81094,0.8111,0.8107,0.81074,115,18,0
2026-05-27 03:30:00,0.81073,0.81079,0.81003,0.81022,128,18,0
2026-05-27 03:45:00,0.81024,0.81031,0.81002,0.81011,93,18,0
2026-05-27 04:00:00,0.8101,0.8107,0.81004,0.81066,132,18,0
2026-05-27 04:15:00,0.81067,0.81084,0.81055,0.81068,112,18,0
2026-05-27 04:30:00,0.81067,0.81127,0.81065,0.81126,128,18,0
2026-05-27 04:45:00,0.81128,0.81146,0.81119,0.81146,83,18,0
2026-05-27 05:00:00,0.81144,0.81175,0.81129,0.81175,121,18,0
2026-05-27 05:15:00,0.81176,0.81179,0.81157,0.81179,71,18,0
2026-05-27 05:30:00,0.81183,0.81185,0.81125,0.81144,154,18,0
2026-05-27 05:45:00,0.81143,0.81162,0.81116,0.81116,153,18,0
2026-05-27 06:00:00,0.81114,0.81159,0.81094,0.81113,161,18,0
2026-05-27 06:15:00,0.81115,0.81118,0.81079,0.81106,185,18,0
2026-05-27 06:30:00,0.81108,0.81156,0.81069,0.81155,158,18,0
2026-05-27 06:45:00,0.81156,0.81222,0.81155,0.81179,213,18,0
2026-05-27 07:00:00,0.81175,0.81208,0.81139,0.81149,217,18,0
2026-05-27 07:15:00,0.8115,0.81176,0.81132,0.81169,180,18,0
2026-05-27 07:30:00,0.81167,0.8119,0.81145,0.81174,158,18,0
2026-05-27 07:45:00,0.81175,0.81179,0.81136,0.81179,138,18,0
2026-05-27 08:00:00,0.81175,0.81235,0.81172,0.81213,183,18,0
2026-05-27 08:15:00,0.81215,0.81234,0.81203,0.81213,191,18,0
2026-05-27 08:30:00,0.81212,0.81236,0.81195,0.81236,124,18,0
2026-05-27 08:45:00,0.81234,0.81272,0.81226,0.81265,110,18,0
2026-05-27 09:00:00,0.81268,0.81277,0.81253,0.81273,131,18,0
2026-05-27 09:15:00,0.81277,0.81334,0.81277,0.813,125,18,0
2026-05-27 09:30:00,0.81297,0.81311,0.81292,0.81293,95,18,0
2026-05-27 09:45:00,0.81295,0.81341,0.81283,0.81333,120,18,0
2026-05-27 10:00:00,0.81335,0.81342,0.81298,0.81324,119,18,0
2026-05-27 10:15:00,0.81323,0.81331,0.81283,0.81294,109,18,0
2026-05-27 10:30:00,0.81293,0.81329,0.81293,0.81327,109,18,0
2026-05-27 10:45:00,0.8133,0.81338,0.81308,0.81338,133,18,0
2026-05-27 11:00:00,0.8134,0.81361,0.81327,0.81344,142,18,0
2026-05-27 11:15:00,0.81345,0.8136,0.81331,0.81354,140,18,0
2026-05-27 11:30:00,0.81356,0.81443,0.81335,0.81432,183,18,0
2026-05-27 11:45:00,0.81429,0.81434,0.81375,0.81387,160,18,0
2026-05-27 12:00:00,0.81389,0.81443,0.81355,0.81434,222,18,0
2026-05-27 12:15:00,0.81436,0.81613,0.81421,0.81579,619,18,0
2026-05-27 12:30:00,0.81582,0.81592,0.81543,0.81543,390,18,0
2026-05-27 12:45:00,0.81541,0.81541,0.81471,0.81515,265,18,0
2026-05-27 13:00:00,0.81512,0.8162,0.81511,0.81605,332,18,0
2026-05-27 13:15:00,0.81606,0.8163,0.81579,0.81579,227,18,0
2026-05-27 13:30:00,0.81577,0.81598,0.8155,0.81575,321,18,0
2026-05-27 13:45:00,0.81573,0.81603,0.81548,0.81583,296,18,0
2026-05-27 14:00:00,0.81586,0.81648,0.81582,0.81647,335,18,0
2026-05-27 14:15:00,0.81649,0.81702,0.81589,0.81589,390,18,0
2026-05-27 14:30:00,0.8159,0.81626,0.81538,0.81561,449,18,0
2026-05-27 14:45:00,0.81562,0.81613,0.81559,0.816,355,18,0
2026-05-27 15:00:00,0.81597,0.81619,0.81541,0.81542,302,18,0
2026-05-27 15:15:00,0.8154,0.81556,0.81504,0.81556,244,18,0
2026-05-27 15:30:00,0.81558,0.81593,0.81504,0.81504,252,18,0
2026-05-27 15:45:00,0.81506,0.81528,0.81471,0.81486,224,18,0
2026-05-27 16:00:00,0.81488,0.81505,0.81469,0.8148,188,18,0
2026-05-27 16:15:00,0.81482,0.81483,0.81467,0.81473,140,18,0
2026-05-27 16:30:00,0.81472,0.81499,0.81462,0.81493,104,18,0
2026-05-27 16:45:00,0.81495,0.815,0.8147,0.81477,80,18,0
2026-05-27 17:00:00,0.81476,0.81486,0.8142,0.81423,195,18,0
2026-05-27 17:15:00,0.81425,0.81436,0.8141,0.8143,117,18,0
2026-05-27 17:30:00,0.81428,0.8145,0.81428,0.81445,110,18,0
2026-05-27 17:45:00,0.81446,0.81482,0.81446,0.8147,88,18,0
2026-05-27 18:00:00,0.81469,0.81492,0.81464,0.81486,81,18,0
2026-05-27 18:15:00,0.81489,0.81534,0.81488,0.81534,93,18,0
2026-05-27 18:30:00,0.81536,0.81553,0.8152,0.81553,92,18,0
2026-05-27 18:45:00,0.81554,0.81572,0.81553,0.81565,77,18,0
2026-05-27 19:00:00,0.81564,0.81588,0.81549,0.81564,129,18,0
2026-05-27 19:15:00,0.81565,0.81584,0.81552,0.81584,90,18,0
2026-05-27 19:30:00,0.81585,0.81604,0.81581,0.81591,83,18,0
2026-05-27 19:45:00,0.8159,0.81596,0.81572,0.81585,103,18,0
2026-05-27 20:00:00,0.81584,0.81609,0.81582,0.816,73,18,0
2026-05-27 20:15:00,0.81601,0.81627,0.81592,0.81627,61,18,0
2026-05-27 20:30:00,0.81625,0.81665,0.81625,0.81663,41,18,0
2026-05-27 20:45:00,0.81665,0.8168,0.8165,0.81663,75,11,0
2026-05-27 21:00:00,0.81664,0.81664,0.81635,0.81635,15,29,0
2026-05-27 21:15:00,0.81633,0.81633,0.81584,0.81586,29,62,0
2026-05-27 21:30:00,0.81586,0.8161,0.81583,0.81608,34,78,0
2026-05-27 21:45:00,0.81609,0.81632,0.81565,0.81565,143,25,0
2026-05-27 22:00:00,0.81606,0.81668,0.81574,0.81629,119,14,0
2026-05-27 22:15:00,0.81632,0.81639,0.81618,0.8162,47,13,0
2026-05-27 22:30:00,0.81617,0.81629,0.8161,0.81624,40,13,0
2026-05-27 22:45:00,0.81622,0.8163,0.81621,0.81626,29,13,0
2026-05-27 23:00:00,0.81623,0.81627,0.81618,0.81624,24,18,0
2026-05-27 23:15:00,0.81625,0.81644,0.81579,0.81582,90,18,0
2026-05-27 23:30:00,0.81584,0.81585,0.81547,0.81553,78,18,0
2026-05-27 23:45:00,0.81552,0.81558,0.8153,0.81544,81,18,0
2026-05-28 00:00:00,0.81541,0.81611,0.81539,0.81606,191,18,0
2026-05-28 00:15:00,0.81608,0.81624,0.81601,0.81621,114,18,0
2026-05-28 00:30:00,0.81624,0.81637,0.81606,0.81637,131,18,0
2026-05-28 00:45:00,0.8164,0.81702,0.8164,0.81693,135,18,0
2026-05-28 01:00:00,0.81695,0.81819,0.81689,0.81792,211,18,0
2026-05-28 01:15:00,0.81789,0.81789,0.81723,0.81723,189,18,0
2026-05-28 01:30:00,0.81726,0.81743,0.81675,0.81687,179,18,0
2026-05-28 01:45:00,0.81686,0.8172,0.81669,0.81694,142,18,0
2026-05-28 02:00:00,0.81695,0.81741,0.81694,0.81741,136,18,0
2026-05-28 02:15:00,0.81743,0.8175,0.81717,0.81717,112,18,0
2026-05-28 02:30:00,0.8172,0.8173,0.81659,0.81669,81,18,0
2026-05-28 02:45:00,0.81667,0.81667,0.81586,0.81591,182,18,0
2026-05-28 03:00:00,0.81588,0.81628,0.81552,0.81559,201,18,0
2026-05-28 03:15:00,0.81556,0.8156,0.81499,0.81515,189,18,0
2026-05-28 03:30:00,0.81512,0.81512,0.81459,0.81485,297,18,0
2026-05-28 03:45:00,0.81486,0.81493,0.81423,0.81436,227,18,0
2026-05-28 04:00:00,0.81438,0.8145,0.81374,0.81388,250,18,0
2026-05-28 04:15:00,0.81384,0.81397,0.81342,0.81352,151,18,0
2026-05-28 04:30:00,0.8135,0.8136,0.81324,0.81331,156,18,0
2026-05-28 04:45:00,0.81328,0.81333,0.81276,0.81291,147,18,0
2026-05-28 05:00:00,0.81293,0.81364,0.81293,0.81359,135,18,0
2026-05-28 05:15:00,0.81361,0.81395,0.81355,0.8137,130,18,0
2026-05-28 05:30:00,0.81369,0.8142,0.81364,0.81414,175,18,0
2026-05-28 05:45:00,0.81416,0.81442,0.81401,0.81436,108,18,0
2026-05-28 06:00:00,0.81434,0.81481,0.81425,0.8147,157,18,0
2026-05-28 06:15:00,0.81467,0.81521,0.81464,0.81502,162,18,0
2026-05-28 06:30:00,0.81505,0.8154,0.81495,0.81526,155,18,0
2026-05-28 06:45:00,0.81524,0.81529,0.81514,0.81519,104,18,0
2026-05-28 07:00:00,0.81522,0.81562,0.81522,0.81557,212,18,0
2026-05-28 07:15:00,0.81556,0.81566,0.81543,0.81556,163,18,0
2026-05-28 07:30:00,0.81559,0.81567,0.81536,0.81548,154,18,0
2026-05-28 07:45:00,0.8155,0.81556,0.81531,0.81553,120,18,0
2026-05-28 08:00:00,0.81556,0.81569,0.81542,0.81546,155,18,0
2026-05-28 08:15:00,0.81543,0.81562,0.81524,0.81545,138,18,0
2026-05-28 08:30:00,0.81547,0.81567,0.81545,0.81562,128,18,0
2026-05-28 08:45:00,0.8156,0.81576,0.81551,0.81576,100,18,0
2026-05-28 09:00:00,0.81574,0.81585,0.81562,0.81585,127,18,0
2026-05-28 09:15:00,0.81586,0.81616,0.81583,0.81613,116,18,0
2026-05-28 09:30:00,0.81615,0.81651,0.81598,0.81636,160,18,0
2026-05-28 09:45:00,0.81635,0.81676,0.81631,0.81665,136,18,0
2026-05-28 10:00:00,0.81663,0.817,0.81658,0.81696,126,18,0
2026-05-28 10:15:00,0.81695,0.81701,0.81677,0.81695,122,18,0
2026-05-28 10:30:00,0.81693,0.81693,0.81635,0.81635,82,18,0
2026-05-28 10:45:00,0.81636,0.81663,0.81575,0.81575,232,18,0
2026-05-28 11:00:00,0.81574,0.81599,0.81573,0.81591,194,18,0
2026-05-28 11:15:00,0.8159,0.81608,0.81556,0.81559,127,18,0
2026-05-28 11:30:00,0.81556,0.8158,0.81554,0.81577,103,18,0
2026-05-28 11:45:00,0.81576,0.81583,0.81549,0.81562,137,18,0
2026-05-28 12:00:00,0.81565,0.81626,0.81563,0.8161,144,18,0
2026-05-28 12:15:00,0.81608,0.81632,0.81585,0.81623,151,18,0
2026-05-28 12:30:00,0.81621,0.8174,0.81621,0.81727,336,18,0
2026-05-28 12:45:00,0.8173,0.81762,0.81724,0.81756,221,18,0
2026-05-28 13:00:00,0.81757,0.81797,0.8175,0.8175,237,18,0
2026-05-28 13:15:00,0.81752,0.81795,0.8175,0.81774,164,18,0
2026-05-28 13:30:00,0.81776,0.81779,0.81722,0.81722,252,18,0
2026-05-28 13:45:00,0.81725,0.81741,0.81698,0.81724,231,18,0
2026-05-28 14:00:00,0.8172,0.81858,0.81707,0.81841,428,18,0
2026-05-28 14:15:00,0.81842,0.81878,0.81782,0.8185,550,18,0
2026-05-28 14:30:00,0.81851,0.81885,0.8179,0.81832,354,18,0
2026-05-28 14:45:00,0.81834,0.81855,0.81758,0.8178,366,18,0
2026-05-28 15:00:00,0.81781,0.81845,0.81778,0.81817,324,18,0
2026-05-28 15:15:00,0.81815,0.8182,0.81794,0.8182,201,18,0
2026-05-28 15:30:00,0.81817,0.81846,0.81799,0.81801,188,18,0
2026-05-28 15:45:00,0.81802,0.81805,0.81747,0.81752,144,18,0
2026-05-28 16:00:00,0.81751,0.81775,0.81744,0.81773,163,18,0
2026-05-28 16:15:00,0.81775,0.81842,0.81763,0.81816,251,18,0
2026-05-28 16:30:00,0.81814,0.81815,0.81788,0.81807,129,18,0
2026-05-28 16:45:00,0.8181,0.81816,0.81788,0.81805,139,18,0
2026-05-28 17:00:00,0.81807,0.81807,0.81719,0.81721,149,18,0
2026-05-28 17:15:00,0.81719,0.81756,0.81719,0.81731,121,18,0
2026-05-28 17:30:00,0.81733,0.81775,0.81733,0.81766,88,18,0
2026-05-28 17:45:00,0.8177,0.81772,0.81753,0.81763,106,18,0
2026-05-28 18:00:00,0.81762,0.81765,0.81732,0.81735,106,18,0
2026-05-28 18:15:00,0.81732,0.81758,0.81712,0.81717,157,18,0
2026-05-28 18:30:00,0.81719,0.8172,0.81684,0.81687,102,18,0
2026-05-28 18:45:00,0.81688,0.81707,0.81687,0.81707,68,18,0
2026-05-28 19:00:00,0.81702,0.81712,0.81694,0.81699,71,18,0
2026-05-28 19:15:00,0.81697,0.81708,0.81692,0.81708,54,18,0
2026-05-28 19:30:00,0.81709,0.81728,0.81705,0.81714,75,18,0
2026-05-28 19:45:00,0.81713,0.81721,0.81695,0.81703,108,18,0
2026-05-28 20:00:00,0.81701,0.81711,0.81688,0.81695,83,18,0
2026-05-28 20:15:00,0.81694,0.81724,0.81694,0.81724,49,18,0
2026-05-28 20:30:00,0.81722,0.81753,0.81721,0.81742,47,18,0
2026-05-28 20:45:00,0.81744,0.81788,0.81737,0.81784,81,11,0
2026-05-28 21:00:00,0.81782,0.81782,0.81729,0.81729,22,17,0
2026-05-28 21:15:00,0.81725,0.81725,0.81699,0.81702,21,84,0
2026-05-28 21:30:00,0.817,0.81729,0.81687,0.81729,40,84,0
2026-05-28 21:45:00,0.81731,0.81744,0.81705,0.81737,81,28,0
2026-05-28 22:00:00,0.81796,0.818,0.81734,0.81782,122,14,0
2026-05-28 22:15:00,0.81784,0.81784,0.81768,0.81768,28,13,0
2026-05-28 22:30:00,0.81771,0.81774,0.81756,0.81763,36,13,0
2026-05-28 22:45:00,0.81762,0.81783,0.8176,0.8178,37,13,0
2026-05-28 23:00:00,0.81777,0.81925,0.81777,0.81869,249,18,0
2026-05-28 23:15:00,0.81865,0.8192,0.81864,0.81886,84,18,0
2026-05-28 23:30:00,0.81882,0.81901,0.81878,0.81885,44,18,0
2026-05-28 23:45:00,0.81882,0.81926,0.81878,0.81922,116,18,0
2026-05-29 00:00:00,0.81919,0.81925,0.81887,0.81907,165,18,0
2026-05-29 00:15:00,0.81905,0.81943,0.81902,0.81933,130,18,0
2026-05-29 00:30:00,0.8193,0.81979,0.81904,0.81978,136,18,0
2026-05-29 00:45:00,0.81975,0.81984,0.81949,0.81949,136,18,0
2026-05-29 01:00:00,0.81951,0.8204,0.81949,0.82038,238,18,0
2026-05-29 01:15:00,0.82037,0.82055,0.8202,0.82023,150,18,0
2026-05-29 01:30:00,0.82021,0.8203,0.81999,0.82021,148,18,0
2026-05-29 01:45:00,0.82023,0.82026,0.82003,0.8202,128,18,0
2026-05-29 02:00:00,0.82018,0.82026,0.82,0.82013,111,18,0
2026-05-29 02:15:00,0.82015,0.82015,0.81978,0.81981,97,18,0
2026-05-29 02:30:00,0.81983,0.82019,0.81983,0.82016,97,18,0
2026-05-29 02:45:00,0.82015,0.82025,0.81971,0.8198,94,18,0
2026-05-29 03:00:00,0.81979,0.81995,0.81968,0.81984,108,18,0
2026-05-29 03:15:00,0.81985,0.82027,0.81982,0.82027,85,18,0
2026-05-29 03:30:00,0.82025,0.82036,0.82009,0.82021,82,18,0
2026-05-29 03:45:00,0.82018,0.82046,0.82016,0.82044,96,18,0
2026-05-29 04:00:00,0.82046,0.82114,0.82045,0.82109,92,18,0
2026-05-29 04:15:00,0.82107,0.82152,0.82107,0.82147,109,18,0
2026-05-29 04:30:00,0.82144,0.82156,0.82133,0.82139,75,18,0
2026-05-29 04:45:00,0.82142,0.82145,0.82117,0.82145,77,18,0
2026-05-29 05:00:00,0.82148,0.82178,0.82144,0.82153,94,18,0
2026-05-29 05:15:00,0.8215,0.8215,0.82133,0.82137,55,18,0
2026-05-29 05:30:00,0.82136,0.82145,0.82112,0.82112,108,18,0
2026-05-29 05:45:00,0.82114,0.82133,0.82107,0.82121,100,18,0
2026-05-29 06:00:00,0.82123,0.82184,0.82123,0.82169,163,18,0
2026-05-29 06:15:00,0.82171,0.82195,0.82146,0.82167,133,18,0
2026-05-29 06:30:00,0.82165,0.82184,0.82148,0.82175,148,18,0
2026-05-29 06:45:00,0.82174,0.82192,0.82149,0.82185,134,18,0
2026-05-29 07:00:00,0.82184,0.82217,0.82178,0.82217,155,18,0
2026-05-29 07:15:00,0.82215,0.82227,0.82178,0.82191,137,18,0
2026-05-29 07:30:00,0.82194,0.82209,0.8217,0.82209,185,18,0
2026-05-29 07:45:00,0.82212,0.82251,0.82194,0.82251,141,18,0
2026-05-29 08:00:00,0.82248,0.82259,0.82222,0.82226,188,18,0
2026-05-29 08:15:00,0.82228,0.82241,0.82211,0.82241,128,18,0
2026-05-29 08:30:00,0.82243,0.82251,0.82216,0.82251,106,18,0
2026-05-29 08:45:00,0.82248,0.82271,0.82237,0.82271,120,18,0
2026-05-29 09:00:00,0.8227,0.82353,0.8227,0.82352,139,18,0
2026-05-29 09:15:00,0.8235,0.82363,0.8232,0.82337,164,18,0
2026-05-29 09:30:00,0.82338,0.82342,0.82295,0.82321,132,18,0
2026-05-29 09:45:00,0.8232,0.82343,0.82307,0.82343,141,18,0
2026-05-29 10:00:00,0.82344,0.82366,0.82331,0.8235,132,18,0
2026-05-29 10:15:00,0.82349,0.82357,0.82314,0.82322,132,18,0
2026-05-29 10:30:00,0.82323,0.82346,0.82309,0.82346,95,18,0
2026-05-29 10:45:00,0.8235,0.82368,0.82347,0.82357,104,18,0
2026-05-29 11:00:00,0.82361,0.82411,0.82359,0.82411,96,18,0
2026-05-29 11:15:00,0.82412,0.82431,0.82376,0.82399,174,18,0
2026-05-29 11:30:00,0.82397,0.82403,0.82365,0.82389,127,18,0
2026-05-29 11:45:00,0.82387,0.82427,0.82373,0.82426,175,18,0
2026-05-29 12:00:00,0.82427,0.82488,0.82423,0.82474,211,18,0
2026-05-29 12:15:00,0.82471,0.82497,0.82461,0.82487,172,18,0
2026-05-29 12:30:00,0.82491,0.82587,0.82491,0.82587,294,18,0
2026-05-29 12:45:00,0.8259,0.8264,0.8259,0.82609,217,18,0
2026-05-29 13:00:00,0.82607,0.82627,0.82589,0.82609,220,18,0
2026-05-29 13:15:00,0.82608,0.82625,0.82584,0.82625,197,18,0
2026-05-29 13:30:00,0.82623,0.82662,0.8261,0.82659,229,18,0
2026-05-29 13:45:00,0.82658,0.8271,0.82625,0.82627,262,18,0
2026-05-29 14:00:00,0.82628,0.82661,0.82584,0.82592,290,18,0
2026-05-29 14:15:00,0.8259,0.82609,0.82563,0.82591,281,18,0
2026-05-29 14:30:00,0.82593,0.82605,0.82508,0.82548,345,18,0
2026-05-29 14:45:00,0.82549,0.82559,0.82428,0.82458,608,18,0
2026-05-29 15:00:00,0.82455,0.82606,0.82451,0.82587,383,18,0
2026-05-29 15:15:00,0.82586,0.82591,0.82539,0.82558,240,18,0
2026-05-29 15:30:00,0.82555,0.82565,0.82521,0.82538,285,18,0
2026-05-29 15:45:00,0.82536,0.82577,0.82528,0.82571,200,18,0
2026-05-29 16:00:00,0.8257,0.8258,0.82559,0.8257,155,18,0
2026-05-29 16:15:00,0.82572,0.82608,0.82569,0.82605,129,18,0
2026-05-29 16:30:00,0.82603,0.82645,0.82599,0.82637,193,18,0
2026-05-29 16:45:00,0.82636,0.82641,0.82623,0.82638,118,18,0
2026-05-29 17:00:00,0.82636,0.82638,0.82608,0.82612,109,18,0
2026-05-29 17:15:00,0.82614,0.82615,0.82576,0.82582,116,18,0
2026-05-29 17:30:00,0.82581,0.82584,0.82535,0.8254,113,18,0
2026-05-29 17:45:00,0.82538,0.82545,0.82492,0.82492,95,18,0
2026-05-29 18:00:00,0.8249,0.82507,0.82485,0.82499,94,18,0
2026-05-29 18:15:00,0.825,0.82522,0.82494,0.82519,114,18,0
2026-05-29 18:30:00,0.82521,0.82543,0.82521,0.82541,78,18,0
2026-05-29 18:45:00,0.82539,0.82567,0.82509,0.82543,186,18,0
2026-05-29 19:00:00,0.8254,0.82554,0.82535,0.82553,98,18,0
2026-05-29 19:15:00,0.82554,0.82554,0.8251,0.82519,81,18,0
2026-05-29 19:30:00,0.82521,0.82553,0.82518,0.82543,92,18,0
2026-05-29 19:45:00,0.82545,0.82598,0.8254,0.82566,172,18,0
2026-05-29 20:00:00,0.82564,0.82567,0.82528,0.82541,157,18,0
2026-05-29 20:15:00,0.82539,0.82556,0.82526,0.82555,91,18,0
2026-05-29 20:30:00,0.82556,0.82601,0.82551,0.82588,110,18,0
2026-05-29 20:45:00,0.82591,0.82628,0.82584,0.82615,197,18,0
2026-05-31 21:15:00,0.82347,0.82451,0.82295,0.82429,44,135,0
2026-05-31 21:30:00,0.82447,0.82527,0.82412,0.82495,138,60,0
2026-05-31 21:45:00,0.82521,0.8255,0.82386,0.8243,105,60,0
2026-05-31 22:00:00,0.82493,0.82579,0.82448,0.82542,283,18,0
2026-05-31 22:15:00,0.82544,0.82544,0.8252,0.82521,69,18,0
2026-05-31 22:30:00,0.82518,0.82528,0.8249,0.82503,93,18,0
2026-05-31 22:45:00,0.82506,0.82511,0.82469,0.82469,85,18,0
2026-05-31 23:00:00,0.82471,0.82484,0.82463,0.82484,91,18,0
2026-05-31 23:15:00,0.82486,0.82489,0.82478,0.82489,29,18,0
2026-05-31 23:30:00,0.82491,0.82514,0.82491,0.82507,44,18,0
2026-05-31 23:45:00,0.82508,0.82511,0.82483,0.82504,130,18,0
2026-06-01 00:00:00,0.82501,0.82525,0.82486,0.82524,155,18,0
2026-06-01 00:15:00,0.82525,0.82528,0.82468,0.82481,216,18,0
2026-06-01 00:30:00,0.82483,0.82491,0.82471,0.82486,130,18,0
2026-06-01 00:45:00,0.82488,0.8253,0.82487,0.82515,122,18,0
2026-06-01 01:00:00,0.82516,0.82539,0.82487,0.82498,186,18,0
2026-06-01 01:15:00,0.825,0.82524,0.8249,0.82493,112,18,0
2026-06-01 01:30:00,0.82491,0.82506,0.82472,0.82482,108,18,0
2026-06-01 01:45:00,0.82483,0.8249,0.82464,0.82484,97,18,0
2026-06-01 02:00:00,0.82486,0.82493,0.82461,0.82462,72,18,0
2026-06-01 02:15:00,0.82465,0.82473,0.82455,0.82456,65,18,0
2026-06-01 02:30:00,0.82454,0.82454,0.82421,0.82424,122,18,0
2026-06-01 02:45:00,0.82425,0.8244,0.82401,0.82435,135,18,0
2026-06-01 03:00:00,0.82438,0.82443,0.824,0.82406,109,18,0
2026-06-01 03:15:00,0.82408,0.82448,0.8238,0.82448,131,18,0
2026-06-01 03:30:00,0.82449,0.8246,0.82394,0.82396,100,18,0
2026-06-01 03:45:00,0.82397,0.82419,0.82395,0.8241,61,18,0
2026-06-01 04:00:00,0.82411,0.82429,0.82409,0.82429,55,18,0
2026-06-01 04:15:00,0.8243,0.82434,0.82417,0.82434,36,18,0
2026-06-01 04:30:00,0.82435,0.82444,0.82422,0.82441,44,18,0
2026-06-01 04:45:00,0.82439,0.82439,0.824,0.82417,61,18,0
2026-06-01 05:00:00,0.8242,0.8246,0.82408,0.82432,133,18,0
2026-06-01 05:15:00,0.82431,0.82461,0.82431,0.82446,70,18,0
2026-06-01 05:30:00,0.82443,0.82448,0.82429,0.82439,69,18,0
2026-06-01 05:45:00,0.8244,0.82451,0.82421,0.82421,77,18,0
2026-06-01 06:00:00,0.82422,0.82433,0.82403,0.82417,154,18,0
2026-06-01 06:15:00,0.8242,0.82425,0.82386,0.82397,137,18,0
2026-06-01 06:30:00,0.82394,0.82404,0.82373,0.82393,112,18,0
2026-06-01 06:45:00,0.82392,0.82435,0.82388,0.82429,159,18,0
2026-06-01 07:00:00,0.82428,0.82445,0.82424,0.82438,142,18,0
2026-06-01 07:15:00,0.8244,0.82463,0.82423,0.82461,120,18,0
2026-06-01 07:30:00,0.82463,0.8248,0.82433,0.82439,136,18,0
2026-06-01 07:45:00,0.82438,0.82449,0.8242,0.82432,132,18,0
2026-06-01 08:00:00,0.82434,0.82455,0.82432,0.82453,131,18,0
2026-06-01 08:15:00,0.82452,0.82457,0.82428,0.82438,126,18,0
2026-06-01 08:30:00,0.82437,0.82443,0.82372,0.82397,121,18,0
2026-06-01 08:45:00,0.82399,0.82414,0.82383,0.82412,109,18,0
2026-06-01 09:00:00,0.82414,0.82415,0.82333,0.82333,161,18,0
2026-06-01 09:15:00,0.8233,0.8235,0.82304,0.82307,139,18,0
2026-06-01 09:30:00,0.8231,0.8231,0.82288,0.82288,135,18,0
2026-06-01 09:45:00,0.82287,0.8229,0.82236,0.82237,122,18,0
2026-06-01 10:00:00,0.8224,0.8224,0.82212,0.82235,102,18,0
2026-06-01 10:15:00,0.82234,0.82269,0.82232,0.82269,115,18,0
2026-06-01 10:30:00,0.82271,0.82309,0.82269,0.82305,110,18,0
2026-06-01 10:45:00,0.82304,0.82328,0.82298,0.82326,74,18,0
2026-06-01 11:00:00,0.82324,0.82341,0.82316,0.8233,132,18,0
2026-06-01 11:15:00,0.82332,0.82353,0.82331,0.82349,80,18,0
2026-06-01 11:30:00,0.82346,0.82383,0.82344,0.82379,123,18,0
2026-06-01 11:45:00,0.8238,0.82384,0.8235,0.82353,90,18,0
2026-06-01 12:00:00,0.82351,0.82358,0.82304,0.82306,139,18,0
2026-06-01 12:15:00,0.82308,0.82395,0.82307,0.82392,140,18,0
2026-06-01 12:30:00,0.82391,0.82394,0.82338,0.8235,196,18,0
2026-06-01 12:45:00,0.82352,0.82358,0.82302,0.82323,206,18,0
2026-06-01 13:00:00,0.82321,0.82332,0.82113,0.82159,453,18,0
2026-06-01 13:15:00,0.82158,0.82236,0.82048,0.82057,516,18,0
2026-06-01 13:30:00,0.8206,0.82079,0.82017,0.82022,476,18,0
2026-06-01 13:45:00,0.82019,0.82036,0.8188,0.81887,466,18,0
2026-06-01 14:00:00,0.8189,0.81926,0.81844,0.81924,390,18,0
2026-06-01 14:15:00,0.81923,0.8195,0.81835,0.81934,348,18,0
2026-06-01 14:30:00,0.81935,0.81964,0.81913,0.81948,277,18,0
2026-06-01 14:45:00,0.81946,0.81948,0.81878,0.81885,244,18,0
2026-06-01 15:00:00,0.81882,0.81924,0.81871,0.81912,257,18,0
2026-06-01 15:15:00,0.81914,0.8196,0.81908,0.81939,188,18,0
2026-06-01 15:30:00,0.81936,0.82061,0.81936,0.82045,354,18,0
2026-06-01 15:45:00,0.82043,0.82044,0.82004,0.8204,159,18,0
2026-06-01 16:00:00,0.82038,0.82074,0.82009,0.82012,171,18,0
2026-06-01 16:15:00,0.82009,0.82012,0.81986,0.81998,128,18,0
2026-06-01 16:30:00,0.82001,0.82019,0.81996,0.82006,161,18,0
2026-06-01 16:45:00,0.82008,0.82093,0.82007,0.82086,185,18,0
2026-06-01 17:00:00,0.82088,0.82088,0.82052,0.82059,141,18,0
2026-06-01 17:15:00,0.82061,0.82117,0.8205,0.82117,128,18,0
2026-06-01 17:30:00,0.8212,0.82185,0.82112,0.82179,300,18,0
2026-06-01 17:45:00,0.8218,0.82192,0.82166,0.82177,132,18,0
2026-06-01 18:00:00,0.82175,0.82177,0.82156,0.82159,78,18,0
2026-06-01 18:15:00,0.82157,0.82161,0.82144,0.82148,86,18,0
2026-06-01 18:30:00,0.8215,0.82169,0.82139,0.82169,77,18,0
2026-06-01 18:45:00,0.8217,0.82172,0.82148,0.8216,76,18,0
2026-06-01 19:00:00,0.82157,0.82181,0.82154,0.82156,102,18,0
2026-06-01 19:15:00,0.8216,0.82166,0.82153,0.82155,63,18,0
2026-06-01 19:30:00,0.82153,0.82159,0.82142,0.82152,61,18,0
2026-06-01 19:45:00,0.8215,0.82151,0.82108,0.82122,101,18,0
2026-06-01 20:00:00,0.82124,0.82146,0.82118,0.82121,82,18,0
2026-06-01 20:15:00,0.82123,0.82123,0.82097,0.82097,41,18,0
2026-06-01 20:30:00,0.82099,0.82107,0.82092,0.82107,42,18,0
2026-06-01 20:45:00,0.82104,0.82116,0.82104,0.82106,59,11,0
2026-06-01 21:15:00,0.82104,0.82109,0.82085,0.82094,48,21,0
2026-06-01 21:30:00,0.82094,0.82153,0.82091,0.82152,111,17,0
2026-06-01 21:45:00,0.82153,0.82155,0.8209,0.82138,115,18,0
2026-06-01 22:00:00,0.82167,0.82186,0.82102,0.82131,179,13,0
2026-06-01 22:15:00,0.82128,0.8214,0.82124,0.82129,52,13,0
2026-06-01 22:30:00,0.82126,0.82144,0.82126,0.8214,35,13,0
2026-06-01 22:45:00,0.82138,0.82138,0.82109,0.82112,41,13,0
2026-06-01 23:00:00,0.82109,0.82131,0.82109,0.82126,69,18,0
2026-06-01 23:15:00,0.82128,0.82128,0.82121,0.82124,15,18,0
2026-06-01 23:30:00,0.82126,0.82152,0.8212,0.82152,54,18,0
2026-06-01 23:45:00,0.82148,0.82148,0.8213,0.82139,39,18,0
2026-06-02 00:00:00,0.82142,0.82142,0.82079,0.82093,152,18,0
2026-06-02 00:15:00,0.82092,0.82108,0.82051,0.82062,106,18,0
2026-06-02 00:30:00,0.8206,0.82073,0.82017,0.82017,99,18,0
2026-06-02 00:45:00,0.8202,0.8202,0.81935,0.81951,179,18,0
2026-06-02 01:00:00,0.81952,0.81976,0.81937,0.81968,169,18,0
2026-06-02 01:15:00,0.81965,0.81999,0.81963,0.81993,157,18,0
2026-06-02 01:30:00,0.81994,0.8204,0.81989,0.82022,194,18,0
2026-06-02 01:45:00,0.82021,0.82021,0.81959,0.82006,164,18,0
2026-06-02 02:00:00,0.82008,0.82033,0.82007,0.8203,163,18,0
2026-06-02 02:15:00,0.82028,0.8209,0.82028,0.82084,107,18,0
2026-06-02 02:30:00,0.82086,0.82093,0.82079,0.82082,88,18,0
2026-06-02 02:45:00,0.82084,0.82099,0.82073,0.8209,74,18,0
2026-06-02 03:00:00,0.82092,0.82106,0.82072,0.82092,78,18,0
2026-06-02 03:15:00,0.82095,0.82105,0.8208,0.82087,101,18,0
2026-06-02 03:30:00,0.82085,0.82116,0.82079,0.82115,68,18,0
2026-06-02 03:45:00,0.82117,0.82145,0.82117,0.82135,93,18,0
2026-06-02 04:00:00,0.82137,0.82151,0.82128,0.82133,78,18,0
2026-06-02 04:15:00,0.82131,0.82142,0.82129,0.82131,69,18,0
2026-06-02 04:30:00,0.82129,0.82137,0.82115,0.82119,53,18,0
2026-06-02 04:45:00,0.82118,0.8214,0.82114,0.82134,69,18,0
2026-06-02 05:00:00,0.82135,0.82147,0.82131,0.82135,59,18,0
2026-06-02 05:15:00,0.82134,0.82168,0.82134,0.82168,75,18,0
2026-06-02 05:30:00,0.82169,0.82181,0.82166,0.82169,96,18,0
2026-06-02 05:45:00,0.82166,0.82171,0.82149,0.8215,69,18,0
2026-06-02 06:00:00,0.82153,0.82189,0.82143,0.8218,119,18,0
2026-06-02 06:15:00,0.82184,0.82203,0.82172,0.8218,126,18,0
2026-06-02 06:30:00,0.82181,0.82246,0.82181,0.8222,149,18,0
2026-06-02 06:45:00,0.82217,0.82231,0.82185,0.82204,148,18,0
2026-06-02 07:00:00,0.82206,0.82211,0.82159,0.82166,147,18,0
2026-06-02 07:15:00,0.82164,0.82193,0.82159,0.82168,152,18,0
2026-06-02 07:30:00,0.82169,0.8217,0.82127,0.82147,125,18,0
2026-06-02 07:45:00,0.82144,0.82148,0.82127,0.8213,130,18,0
2026-06-02 08:00:00,0.82133,0.82154,0.82129,0.8214,141,18,0
2026-06-02 08:15:00,0.82138,0.82152,0.82125,0.82125,107,18,0
2026-06-02 08:30:00,0.82128,0.82157,0.82113,0.82117,107,18,0
2026-06-02 08:45:00,0.82118,0.82121,0.82087,0.82094,83,18,0
2026-06-02 09:00:00,0.82095,0.82097,0.82056,0.82066,109,18,0
2026-06-02 09:15:00,0.82065,0.82077,0.82044,0.82066,103,18,0
2026-06-02 09:30:00,0.82065,0.82067,0.82033,0.82062,129,18,0
2026-06-02 09:45:00,0.8206,0.82108,0.8206,0.82104,122,18,0
2026-06-02 10:00:00,0.82103,0.82135,0.82095,0.82124,93,18,0
2026-06-02 10:15:00,0.82122,0.82126,0.82096,0.8211,71,18,0
2026-06-02 10:30:00,0.82113,0.82122,0.82105,0.82116,75,18,0
2026-06-02 10:45:00,0.82117,0.8213,0.82112,0.82125,93,18,0
2026-06-02 11:00:00,0.82126,0.82141,0.8212,0.82126,95,18,0
2026-06-02 11:15:00,0.82128,0.82133,0.8211,0.82129,79,18,0
2026-06-02 11:30:00,0.8213,0.82148,0.82112,0.82144,106,18,0
2026-06-02 11:45:00,0.82145,0.82146,0.82122,0.82127,105,18,0
2026-06-02 12:00:00,0.82128,0.82158,0.82125,0.82138,143,18,0
2026-06-02 12:15:00,0.82136,0.82146,0.82107,0.82145,152,18,0
2026-06-02 12:30:00,0.82149,0.82149,0.82078,0.82082,177,18,0
2026-06-02 12:45:00,0.8208,0.82085,0.82024,0.82028,140,18,0
2026-06-02 13:00:00,0.82029,0.82047,0.81961,0.81961,231,18,0
2026-06-02 13:15:00,0.81963,0.8198,0.81926,0.81927,209,18,0
2026-06-02 13:30:00,0.8193,0.81933,0.81872,0.81929,286,18,0
2026-06-02 13:45:00,0.81931,0.81977,0.81931,0.81968,217,18,0
2026-06-02 14:00:00,0.81971,0.82004,0.81932,0.82002,297,18,0
2026-06-02 14:15:00,0.82004,0.82013,0.81982,0.81993,212,18,0
2026-06-02 14:30:00,0.81992,0.82,0.81963,0.81981,214,18,0
2026-06-02 14:45:00,0.81978,0.82012,0.81967,0.82002,200,18,0
2026-06-02 15:00:00,0.82,0.8201,0.81976,0.81979,178,18,0
2026-06-02 15:15:00,0.81978,0.82015,0.81973,0.81998,146,18,0
2026-06-02 15:30:00,0.82,0.82016,0.81991,0.82005,160,18,0
2026-06-02 15:45:00,0.82003,0.82008,0.81983,0.81986,133,18,0
2026-06-02 16:00:00,0.81989,0.82018,0.81985,0.82,138,18,0
2026-06-02 16:15:00,0.81999,0.82,0.81953,0.81955,104,18,0
2026-06-02 16:30:00,0.81952,0.81954,0.81931,0.81938,96,18,0
2026-06-02 16:45:00,0.81939,0.8196,0.81932,0.81951,95,18,0
2026-06-02 17:00:00,0.81949,0.81969,0.81947,0.81951,98,18,0
2026-06-02 17:15:00,0.81953,0.81953,0.81921,0.81925,90,18,0
2026-06-02 17:30:00,0.81926,0.81938,0.81921,0.81931,72,18,0
2026-06-02 17:45:00,0.81929,0.8193,0.81914,0.81922,59,18,0
2026-06-02 18:00:00,0.81924,0.81932,0.81923,0.81923,61,18,0
2026-06-02 18:15:00,0.81924,0.81932,0.81902,0.81925,103,18,0
2026-06-02 18:30:00,0.81926,0.81935,0.81919,0.8192,93,18,0
2026-06-02 18:45:00,0.81922,0.81948,0.81922,0.81939,74,18,0
2026-06-02 19:00:00,0.8194,0.81958,0.81939,0.81951,48,18,0
2026-06-02 19:15:00,0.81954,0.81955,0.81946,0.81949,37,18,0
2026-06-02 19:30:00,0.8195,0.81963,0.8195,0.81963,34,18,0
2026-06-02 19:45:00,0.81965,0.8198,0.81958,0.81978,90,18,0
2026-06-02 20:00:00,0.8198,0.81986,0.81973,0.81976,52,18,0
2026-06-02 20:15:00,0.81975,0.81978,0.81949,0.81949,50,18,0
2026-06-02 20:30:00,0.81952,0.81968,0.81943,0.81967,36,18,0
2026-06-02 20:45:00,0.81965,0.81995,0.81964,0.81976,72,13,0
2026-06-02 21:00:00,0.81973,0.81979,0.81963,0.81968,33,27,0
2026-06-02 21:15:00,0.8197,0.8198,0.81968,0.8197,45,43,0
2026-06-02 21:30:00,0.81968,0.81992,0.81961,0.81987,82,59,0
2026-06-02 21:45:00,0.81985,0.81994,0.81944,0.81994,123,22,0
2026-06-02 22:00:00,0.82003,0.82011,0.81984,0.81996,121,13,0
2026-06-02 22:15:00,0.81998,0.82033,0.81995,0.82032,44,13,0
2026-06-02 22:30:00,0.82034,0.82042,0.82013,0.82041,56,13,0
2026-06-02 22:45:00,0.82039,0.82051,0.8203,0.82031,85,13,0
2026-06-02 23:00:00,0.82029,0.82038,0.81979,0.81979,70,18,0
2026-06-02 23:15:00,0.81981,0.81988,0.81931,0.81955,108,18,0
2026-06-02 23:30:00,0.81959,0.81982,0.81947,0.81981,71,18,0
2026-06-02 23:45:00,0.81977,0.81977,0.81959,0.81972,71,18,0
2026-06-03 00:00:00,0.81976,0.82024,0.81971,0.82001,131,18,0
2026-06-03 00:15:00,0.81998,0.82036,0.81989,0.82036,101,18,0
2026-06-03 00:30:00,0.82038,0.82047,0.82024,0.82047,75,18,0
2026-06-03 00:45:00,0.82046,0.82077,0.82045,0.82074,69,18,0
2026-06-03 01:00:00,0.82077,0.82077,0.82027,0.82065,134,18,0
2026-06-03 01:15:00,0.82063,0.82067,0.82043,0.82046,93,18,0
2026-06-03 01:30:00,0.82047,0.82109,0.82037,0.82069,202,18,0
2026-06-03 01:45:00,0.82072,0.82102,0.82072,0.82102,109,18,0
2026-06-03 02:00:00,0.82101,0.82117,0.82093,0.82112,81,18,0
2026-06-03 02:15:00,0.82111,0.82125,0.8211,0.82119,80,18,0
2026-06-03 02:30:00,0.82117,0.8212,0.82093,0.82094,78,18,0
2026-06-03 02:45:00,0.82093,0.82093,0.82049,0.82069,105,18,0
2026-06-03 03:00:00,0.82068,0.8207,0.82029,0.82029,72,18,0
2026-06-03 03:15:00,0.82031,0.82044,0.8202,0.82025,64,18,0
2026-06-03 03:30:00,0.82026,0.82026,0.81995,0.82006,66,18,0
2026-06-03 03:45:00,0.82003,0.82005,0.81979,0.81988,51,18,0
2026-06-03 04:00:00,0.8199,0.8199,0.81969,0.81973,46,18,0
2026-06-03 04:15:00,0.81972,0.81975,0.81937,0.8194,49,18,0
2026-06-03 04:30:00,0.81938,0.81955,0.81909,0.81915,64,18,0
2026-06-03 04:45:00,0.81912,0.81912,0.81879,0.81881,64,18,0
2026-06-03 05:00:00,0.81883,0.81897,0.8186,0.81889,81,18,0
2026-06-03 05:15:00,0.8189,0.81906,0.81862,0.81862,90,18,0
2026-06-03 05:30:00,0.81861,0.81864,0.81834,0.81845,108,18,0
2026-06-03 05:45:00,0.81844,0.8186,0.81811,0.81813,96,18,0
2026-06-03 06:00:00,0.81815,0.81822,0.81756,0.81776,175,18,0
2026-06-03 06:15:00,0.8178,0.81789,0.81734,0.81751,180,18,0
2026-06-03 06:30:00,0.81748,0.81757,0.81717,0.81731,213,18,0
2026-06-03 06:45:00,0.81733,0.81736,0.81706,0.81736,142,18,0
2026-06-03 07:00:00,0.81738,0.81812,0.81738,0.81812,192,18,0
2026-06-03 07:15:00,0.81808,0.81823,0.81777,0.81779,118,18,0
2026-06-03 07:30:00,0.81777,0.81792,0.81745,0.81791,231,18,0
2026-06-03 07:45:00,0.81793,0.81795,0.81767,0.81769,126,18,0
2026-06-03 08:00:00,0.81771,0.81773,0.81731,0.81741,177,18,0
2026-06-03 08:15:00,0.81743,0.81746,0.81691,0.81707,141,18,0
2026-06-03 08:30:00,0.81709,0.81726,0.8168,0.81682,172,18,0
2026-06-03 08:45:00,0.81681,0.81699,0.81663,0.81674,120,18,0
2026-06-03 09:00:00,0.81672,0.81719,0.81672,0.81717,126,18,0
2026-06-03 09:15:00,0.81718,0.81723,0.81689,0.81691,116,18,0
2026-06-03 09:30:00,0.81692,0.81702,0.81679,0.81697,106,18,0
2026-06-03 09:45:00,0.81694,0.817,0.81664,0.81665,109,18,0
2026-06-03 10:00:00,0.81664,0.81738,0.81652,0.81693,286,18,0
2026-06-03 10:15:00,0.81694,0.81694,0.81638,0.81663,140,18,0
2026-06-03 10:30:00,0.81667,0.81692,0.81655,0.81655,114,18,0
2026-06-03 10:45:00,0.81657,0.81676,0.81654,0.81674,84,18,0
2026-06-03 11:00:00,0.81677,0.81695,0.81677,0.81684,94,18,0
2026-06-03 11:15:00,0.81687,0.81714,0.81686,0.81708,85,18,0
2026-06-03 11:30:00,0.81707,0.81734,0.81696,0.81708,109,18,0
2026-06-03 11:45:00,0.81707,0.81747,0.81707,0.81743,102,18,0
2026-06-03 12:00:00,0.81741,0.81744,0.81697,0.817,157,18,0
2026-06-03 12:15:00,0.81702,0.81702,0.81638,0.81638,143,18,0
2026-06-03 12:30:00,0.81637,0.81669,0.81594,0.81649,195,18,0
2026-06-03 12:45:00,0.81647,0.81647,0.81569,0.81581,176,18,0
2026-06-03 13:00:00,0.81583,0.81622,0.81576,0.81605,175,18,0
2026-06-03 13:15:00,0.81601,0.81614,0.81549,0.81558,206,18,0
2026-06-03 13:30:00,0.81555,0.8156,0.8149,0.8149,269,18,0
2026-06-03 13:45:00,0.81488,0.81505,0.81457,0.81488,330,18,0
2026-06-03 14:00:00,0.81486,0.81528,0.81486,0.81507,290,18,0
2026-06-03 14:15:00,0.81509,0.81528,0.8148,0.81512,267,18,0
2026-06-03 14:30:00,0.81514,0.81529,0.81497,0.81515,218,18,0
2026-06-03 14:45:00,0.81513,0.81568,0.81486,0.8156,277,18,0
2026-06-03 15:00:00,0.81562,0.81567,0.81511,0.81517,226,18,0
2026-06-03 15:15:00,0.8152,0.8154,0.81499,0.81517,242,18,0
2026-06-03 15:30:00,0.81515,0.81525,0.81483,0.81502,190,18,0
2026-06-03 15:45:00,0.81503,0.8153,0.81486,0.81525,159,18,0
2026-06-03 16:00:00,0.81524,0.81526,0.81494,0.81508,183,18,0
2026-06-03 16:15:00,0.81504,0.81506,0.8147,0.81479,154,18,0
2026-06-03 16:30:00,0.81481,0.81499,0.81447,0.81451,122,18,0
2026-06-03 16:45:00,0.81454,0.81481,0.81444,0.81481,151,18,0
2026-06-03 17:00:00,0.81482,0.81496,0.81456,0.81467,161,18,0
2026-06-03 17:15:00,0.81465,0.81466,0.8144,0.81445,86,18,0
2026-06-03 17:30:00,0.81443,0.81463,0.81431,0.81459,80,18,0
2026-06-03 17:45:00,0.81457,0.8148,0.81449,0.81478,67,18,0
2026-06-03 18:00:00,0.81477,0.81489,0.81452,0.81457,72,18,0
2026-06-03 18:15:00,0.81456,0.81484,0.81456,0.81476,87,18,0
2026-06-03 18:30:00,0.81477,0.81477,0.81443,0.81451,82,18,0
2026-06-03 18:45:00,0.81455,0.8146,0.81444,0.8145,74,18,0
2026-06-03 19:00:00,0.81446,0.81471,0.81439,0.81454,95,18,0
2026-06-03 19:15:00,0.81456,0.81477,0.81444,0.81446,96,18,0
2026-06-03 19:30:00,0.81448,0.81477,0.81448,0.81466,69,18,0
2026-06-03 19:45:00,0.81465,0.81486,0.81465,0.81485,79,18,0
2026-06-03 20:00:00,0.81483,0.81483,0.81459,0.81473,89,18,0
2026-06-03 20:15:00,0.81472,0.81472,0.81426,0.81426,89,18,0
2026-06-03 20:30:00,0.81427,0.8143,0.81412,0.81418,73,18,0
2026-06-03 20:45:00,0.8142,0.81423,0.81381,0.81421,122,13,0
2026-06-03 21:00:00,0.81418,0.81421,0.81418,0.81419,3,15,0
2026-06-03 21:15:00,0.81416,0.81417,0.81399,0.81406,40,27,0
2026-06-03 21:30:00,0.81405,0.8142,0.81404,0.81419,32,41,0
2026-06-03 21:45:00,0.81422,0.81426,0.81395,0.814,106,31,0
2026-06-03 22:00:00,0.81447,0.81495,0.81398,0.81492,155,13,0
2026-06-03 22:15:00,0.81491,0.81506,0.81468,0.81468,98,13,0
2026-06-03 22:30:00,0.8147,0.81501,0.8147,0.81493,53,13,0
2026-06-03 22:45:00,0.8149,0.81585,0.81476,0.81561,202,13,0
2026-06-03 23:00:00,0.81559,0.81565,0.81489,0.81493,103,18,0
2026-06-03 23:15:00,0.81494,0.8151,0.81491,0.81499,56,18,0
2026-06-03 23:30:00,0.81501,0.81521,0.815,0.81516,58,18,0
2026-06-03 23:45:00,0.81514,0.81553,0.81514,0.81542,111,18,0
2026-06-04 00:00:00,0.81539,0.81557,0.8153,0.81549,501,18,0
2026-06-04 00:15:00,0.81548,0.81583,0.81531,0.81561,431,18,0
2026-06-04 00:30:00,0.81558,0.81574,0.81548,0.81553,308,18,0
2026-06-04 00:45:00,0.81556,0.81558,0.81529,0.81543,335,18,0
2026-06-04 01:00:00,0.81546,0.81551,0.81511,0.81543,259,18,0
2026-06-04 01:15:00,0.81541,0.81568,0.81525,0.81567,135,18,0
2026-06-04 01:30:00,0.8157,0.8163,0.8157,0.8159,157,18,0
2026-06-04 01:45:00,0.81589,0.81591,0.8156,0.81573,125,18,0
2026-06-04 02:00:00,0.81576,0.81576,0.81553,0.81553,122,18,0
2026-06-04 02:15:00,0.81555,0.81571,0.81532,0.81562,113,18,0
2026-06-04 02:30:00,0.81561,0.81593,0.8155,0.81587,95,18,0
2026-06-04 02:45:00,0.81585,0.81591,0.81569,0.8157,76,18,0
2026-06-04 03:00:00,0.81571,0.81571,0.81547,0.81553,89,18,0
2026-06-04 03:15:00,0.81554,0.81555,0.81538,0.81551,78,18,0
2026-06-04 03:30:00,0.81553,0.8157,0.81548,0.81551,66,18,0
2026-06-04 03:45:00,0.81549,0.8158,0.81541,0.81579,67,18,0
2026-06-04 04:00:00,0.81578,0.81592,0.81566,0.81589,67,18,0
2026-06-04 04:15:00,0.8159,0.81602,0.81587,0.81596,58,18,0
2026-06-04 04:30:00,0.81595,0.8166,0.81595,0.8166,118,18,0
2026-06-04 04:45:00,0.81663,0.81663,0.81628,0.81636,56,18,0
2026-06-04 05:00:00,0.81637,0.81648,0.81632,0.81637,99,18,0
2026-06-04 05:15:00,0.81636,0.81642,0.81613,0.81618,71,18,0
2026-06-04 05:30:00,0.81617,0.81643,0.816,0.81636,89,18,0
2026-06-04 05:45:00,0.81635,0.81637,0.81609,0.81613,78,18,0
2026-06-04 06:00:00,0.8161,0.8165,0.81606,0.81628,150,18,0
2026-06-04 06:15:00,0.81629,0.81636,0.81617,0.81635,124,18,0
2026-06-04 06:30:00,0.81633,0.8168,0.81631,0.81652,138,18,0
2026-06-04 06:45:00,0.81649,0.81649,0.81631,0.81637,136,18,0
2026-06-04 07:00:00,0.81634,0.81666,0.81626,0.81655,175,18,0
2026-06-04 07:15:00,0.81656,0.81672,0.81633,0.81657,161,18,0
2026-06-04 07:30:00,0.81654,0.81668,0.81617,0.81635,148,18,0
2026-06-04 07:45:00,0.81633,0.81654,0.81613,0.81649,133,18,0
2026-06-04 08:00:00,0.81651,0.81667,0.81634,0.81634,162,18,0
2026-06-04 08:15:00,0.81633,0.81639,0.81609,0.81618,138,18,0
2026-06-04 08:30:00,0.81621,0.81643,0.81591,0.81601,167,18,0
2026-06-04 08:45:00,0.81599,0.81618,0.81595,0.81616,115,18,0
2026-06-04 09:00:00,0.81619,0.81644,0.81612,0.81612,161,18,0
2026-06-04 09:15:00,0.81611,0.81633,0.81608,0.81619,141,18,0
2026-06-04 09:30:00,0.81621,0.81662,0.81613,0.8166,137,18,0
2026-06-04 09:45:00,0.81658,0.81667,0.81625,0.81627,131,18,0
2026-06-04 10:00:00,0.81624,0.81643,0.81615,0.81633,134,18,0
2026-06-04 10:15:00,0.81631,0.81662,0.8162,0.81657,120,18,0
2026-06-04 10:30:00,0.81658,0.81676,0.8165,0.81651,107,18,0
2026-06-04 10:45:00,0.81655,0.81664,0.81633,0.81653,130,18,0
2026-06-04 11:00:00,0.81651,0.81688,0.8165,0.81679,143,18,0
2026-06-04 11:15:00,0.81678,0.81731,0.81678,0.81711,191,18,0
2026-06-04 11:30:00,0.81712,0.81717,0.81683,0.81715,173,18,0
2026-06-04 11:45:00,0.81718,0.81754,0.81712,0.8175,174,18,0
2026-06-04 12:00:00,0.81753,0.81764,0.81683,0.81705,221,18,0
2026-06-04 12:15:00,0.81707,0.81719,0.81674,0.81681,199,18,0
2026-06-04 12:30:00,0.81683,0.81705,0.81679,0.81684,184,18,0
2026-06-04 12:45:00,0.81682,0.81698,0.81662,0.81664,152,18,0
2026-06-04 13:00:00,0.81661,0.81672,0.81648,0.81666,187,18,0
2026-06-04 13:15:00,0.81665,0.81692,0.81665,0.81683,117,18,0
2026-06-04 13:30:00,0.81684,0.81706,0.81671,0.81687,245,18,0
2026-06-04 13:45:00,0.81685,0.81729,0.81679,0.81716,241,18,0
2026-06-04 14:00:00,0.81718,0.81733,0.81696,0.81704,202,18,0
2026-06-04 14:15:00,0.81703,0.81709,0.81684,0.81687,153,18,0
2026-06-04 14:30:00,0.81686,0.81686,0.81648,0.8167,198,18,0
2026-06-04 14:45:00,0.81673,0.81704,0.81673,0.81692,172,18,0
2026-06-04 15:00:00,0.81689,0.81705,0.81673,0.817,182,18,0
2026-06-04 15:15:00,0.81698,0.81725,0.81692,0.81692,114,18,0
2026-06-04 15:30:00,0.81689,0.81689,0.8164,0.81643,117,18,0
2026-06-04 15:45:00,0.81639,0.81653,0.81631,0.81634,144,18,0
2026-06-04 16:00:00,0.81633,0.81656,0.81632,0.81645,88,18,0
2026-06-04 16:15:00,0.81646,0.81673,0.81646,0.81663,90,18,0
2026-06-04 16:30:00,0.81662,0.81674,0.81656,0.81662,100,18,0
2026-06-04 16:45:00,0.81661,0.81664,0.8164,0.81641,80,18,0
2026-06-04 17:00:00,0.81639,0.8164,0.81629,0.81638,78,18,0
2026-06-04 17:15:00,0.81636,0.81647,0.81636,0.81641,65,18,0
2026-06-04 17:30:00,0.81642,0.81668,0.81642,0.81655,87,18,0
2026-06-04 17:45:00,0.81653,0.81655,0.81638,0.81646,64,18,0
2026-06-04 18:00:00,0.81645,0.81651,0.81625,0.81631,77,18,0
2026-06-04 18:15:00,0.81628,0.81629,0.81597,0.81599,78,18,0
2026-06-04 18:30:00,0.81597,0.81597,0.8157,0.81576,67,18,0
2026-06-04 18:45:00,0.81579,0.81591,0.81562,0.81568,86,18,0
2026-06-04 19:00:00,0.81567,0.81576,0.81565,0.81567,58,18,0
2026-06-04 19:15:00,0.81569,0.81573,0.81565,0.81569,43,18,0
2026-06-04 19:30:00,0.81571,0.81573,0.81563,0.81569,35,18,0
2026-06-04 19:45:00,0.81571,0.81584,0.81563,0.81584,62,18,0
2026-06-04 20:00:00,0.81586,0.81607,0.81579,0.81607,59,18,0
2026-06-04 20:15:00,0.81609,0.8161,0.81583,0.81583,40,18,0
2026-06-04 20:30:00,0.81582,0.81584,0.8157,0.8157,29,18,0
2026-06-04 20:45:00,0.81569,0.81601,0.81568,0.81591,56,11,0
2026-06-04 21:00:00,0.81594,0.81594,0.81584,0.81586,10,13,0
2026-06-04 21:15:00,0.81583,0.81584,0.81578,0.81582,23,32,0
2026-06-04 21:30:00,0.81584,0.8159,0.81554,0.81582,103,21,0
2026-06-04 21:45:00,0.81583,0.81597,0.81556,0.81573,95,17,0
2026-06-04 22:00:00,0.81571,0.81597,0.81548,0.81596,89,13,0
2026-06-04 22:15:00,0.81593,0.81597,0.81591,0.81592,16,13,0
2026-06-04 22:30:00,0.81591,0.81614,0.81588,0.81604,67,13,0
2026-06-04 22:45:00,0.81606,0.81627,0.81597,0.81624,66,13,0
2026-06-04 23:00:00,0.8162,0.81658,0.8162,0.81653,48,18,0
2026-06-04 23:15:00,0.81649,0.81672,0.81647,0.81661,43,18,0
2026-06-04 23:30:00,0.8166,0.8166,0.81636,0.81636,27,18,0
2026-06-04 23:45:00,0.81634,0.81634,0.81611,0.81613,72,18,0
2026-06-05 00:00:00,0.8161,0.81612,0.81566,0.81568,141,18,0
2026-06-05 00:15:00,0.81569,0.81582,0.81566,0.81575,114,18,0
2026-06-05 00:30:00,0.81574,0.81604,0.81572,0.81579,108,18,0
2026-06-05 00:45:00,0.81578,0.81584,0.81563,0.81566,105,18,0
2026-06-05 01:00:00,0.81568,0.81568,0.81469,0.81474,212,18,0
2026-06-05 01:15:00,0.81476,0.81484,0.81397,0.81427,210,18,0
2026-06-05 01:30:00,0.8143,0.81444,0.814,0.81424,149,18,0
2026-06-05 01:45:00,0.81421,0.81457,0.81399,0.81441,132,18,0
2026-06-05 02:00:00,0.81443,0.8145,0.81418,0.81441,140,18,0
2026-06-05 02:15:00,0.81442,0.81489,0.81422,0.81485,113,18,0
2026-06-05 02:30:00,0.81483,0.81498,0.81471,0.81477,123,18,0
2026-06-05 02:45:00,0.81478,0.81514,0.81474,0.81501,95,18,0
2026-06-05 03:00:00,0.81497,0.8152,0.81479,0.81513,116,18,0
2026-06-05 03:15:00,0.81516,0.8153,0.81512,0.81516,92,18,0
2026-06-05 03:30:00,0.81513,0.81523,0.81483,0.81483,100,18,0
2026-06-05 03:45:00,0.81485,0.81507,0.81483,0.81488,100,18,0
2026-06-05 04:00:00,0.8149,0.81521,0.81483,0.81507,121,18,0
2026-06-05 04:15:00,0.81505,0.81528,0.815,0.81524,78,18,0
2026-06-05 04:30:00,0.81526,0.81553,0.81525,0.81553,75,18,0
2026-06-05 04:45:00,0.81554,0.81585,0.81543,0.8157,79,18,0
2026-06-05 05:00:00,0.81573,0.81586,0.81567,0.81582,84,18,0
2026-06-05 05:15:00,0.8158,0.8158,0.81567,0.81569,62,18,0
2026-06-05 05:30:00,0.81571,0.81589,0.81562,0.81566,90,18,0
2026-06-05 05:45:00,0.81564,0.81565,0.81529,0.81534,76,18,0
2026-06-05 06:00:00,0.81536,0.81555,0.81528,0.81531,130,18,0
2026-06-05 06:15:00,0.81528,0.81531,0.81497,0.81525,129,18,0
2026-06-05 06:30:00,0.81527,0.8154,0.81518,0.8154,110,18,0
2026-06-05 06:45:00,0.81541,0.8155,0.81525,0.81546,134,18,0
2026-06-05 07:00:00,0.81544,0.81552,0.8153,0.81538,162,18,0
2026-06-05 07:15:00,0.81536,0.8154,0.815,0.8151,137,18,0
2026-06-05 07:30:00,0.81511,0.81557,0.81508,0.81536,122,18,0
2026-06-05 07:45:00,0.81538,0.81563,0.81534,0.81538,118,18,0
2026-06-05 08:00:00,0.81535,0.81554,0.8153,0.81547,159,18,0
2026-06-05 08:15:00,0.81545,0.81591,0.81541,0.81591,138,18,0
2026-06-05 08:30:00,0.81589,0.81609,0.81585,0.81599,113,18,0
2026-06-05 08:45:00,0.81597,0.81608,0.81539,0.81541,102,18,0
2026-06-05 09:00:00,0.81539,0.81591,0.81519,0.8158,185,18,0
2026-06-05 09:15:00,0.81583,0.81592,0.81547,0.81549,190,18,0
2026-06-05 09:30:00,0.81545,0.81562,0.81542,0.81558,111,18,0
2026-06-05 09:45:00,0.81557,0.81579,0.81552,0.8157,111,18,0
2026-06-05 10:00:00,0.81572,0.81586,0.81567,0.81577,96,18,0
2026-06-05 10:15:00,0.81575,0.8162,0.81565,0.81613,116,18,0
2026-06-05 10:30:00,0.81616,0.81623,0.8159,0.81592,95,18,0
2026-06-05 10:45:00,0.81593,0.81608,0.81584,0.81605,82,18,0
2026-06-05 11:00:00,0.81607,0.81607,0.81582,0.81587,107,18,0
2026-06-05 11:15:00,0.81585,0.81602,0.81573,0.81602,121,18,0
2026-06-05 11:30:00,0.81601,0.8161,0.81567,0.8157,115,18,0
2026-06-05 11:45:00,0.81568,0.81596,0.81566,0.81592,113,18,0
2026-06-05 12:00:00,0.81593,0.81593,0.8155,0.8155,147,18,0
2026-06-05 12:15:00,0.81551,0.81588,0.81529,0.81587,191,18,0
2026-06-05 12:30:00,0.8159,0.81593,0.81274,0.81329,602,18,0
2026-06-05 12:45:00,0.8133,0.81333,0.81181,0.81181,404,18,0
2026-06-05 13:00:00,0.81179,0.81255,0.81161,0.81232,481,18,0
2026-06-05 13:15:00,0.81231,0.81231,0.81119,0.81128,340,18,0
2026-06-05 13:30:00,0.81131,0.81158,0.81081,0.8111,377,18,0
2026-06-05 13:45:00,0.81109,0.81134,0.81051,0.81053,354,18,0
2026-06-05 14:00:00,0.8105,0.81075,0.80935,0.80952,441,18,0
2026-06-05 14:15:00,0.80954,0.80969,0.80924,0.80934,279,18,0
2026-06-05 14:30:00,0.80936,0.80976,0.80936,0.80968,278,18,0
2026-06-05 14:45:00,0.80972,0.81056,0.80972,0.81056,292,18,0
2026-06-05 15:00:00,0.81055,0.81063,0.80984,0.80984,264,18,0
2026-06-05 15:15:00,0.80986,0.81021,0.80971,0.81006,261,18,0
2026-06-05 15:30:00,0.81004,0.81031,0.80992,0.81005,243,18,0
2026-06-05 15:45:00,0.81006,0.8101,0.80913,0.80916,275,18,0
2026-06-05 16:00:00,0.80915,0.80925,0.80868,0.80898,253,18,0
2026-06-05 16:15:00,0.80896,0.809,0.80853,0.80877,231,18,0
2026-06-05 16:30:00,0.80876,0.80888,0.80865,0.80885,159,18,0
2026-06-05 16:45:00,0.80884,0.80953,0.8088,0.80952,201,18,0
2026-06-05 17:00:00,0.80956,0.80956,0.80888,0.80908,197,18,0
2026-06-05 17:15:00,0.80906,0.80919,0.80893,0.80907,152,18,0
2026-06-05 17:30:00,0.80905,0.80909,0.80873,0.80878,188,18,0
2026-06-05 17:45:00,0.8088,0.80892,0.80863,0.80888,165,18,0
2026-06-05 18:00:00,0.80891,0.80891,0.80834,0.8084,155,18,0
2026-06-05 18:15:00,0.80839,0.80873,0.80835,0.80865,204,18,0
2026-06-05 18:30:00,0.80866,0.80875,0.80837,0.80849,138,18,0
2026-06-05 18:45:00,0.80847,0.80876,0.80838,0.80849,186,18,0
2026-06-05 19:00:00,0.80846,0.8085,0.80802,0.80809,135,18,0
2026-06-05 19:15:00,0.80807,0.80823,0.80791,0.8082,147,18,0
2026-06-05 19:30:00,0.80821,0.80826,0.80807,0.80819,125,18,0
2026-06-05 19:45:00,0.80818,0.80847,0.80799,0.80812,135,18,0
2026-06-05 20:00:00,0.80811,0.80811,0.80754,0.80755,142,18,0
2026-06-05 20:15:00,0.80754,0.80764,0.80736,0.80736,118,18,0
2026-06-05 20:30:00,0.80735,0.80757,0.80721,0.80741,81,18,0
2026-06-05 20:45:00,0.80742,0.80794,0.80737,0.80789,175,18,0
2026-06-07 21:15:00,0.80563,0.80587,0.80552,0.80586,23,60,0
2026-06-07 21:30:00,0.80545,0.80614,0.80545,0.80609,122,60,0
2026-06-07 21:45:00,0.8061,0.80622,0.80572,0.80619,102,60,0
2026-06-07 22:00:00,0.80639,0.80765,0.80584,0.80765,417,18,0
2026-06-07 22:15:00,0.80763,0.80789,0.80735,0.80739,204,18,0
2026-06-07 22:30:00,0.80743,0.8076,0.80728,0.80732,150,18,0
2026-06-07 22:45:00,0.8073,0.8074,0.80685,0.80714,170,18,0
2026-06-07 23:00:00,0.80717,0.80775,0.80717,0.80768,109,18,0
2026-06-07 23:15:00,0.80769,0.80777,0.80746,0.8076,80,18,0
2026-06-07 23:30:00,0.80756,0.80776,0.8075,0.80763,79,18,0
2026-06-07 23:45:00,0.80765,0.80813,0.80758,0.80808,85,18,0
2026-06-08 00:00:00,0.80806,0.80832,0.80796,0.80832,144,18,0
2026-06-08 00:15:00,0.8083,0.80884,0.80826,0.80866,108,18,0
2026-06-08 00:30:00,0.80868,0.80922,0.80863,0.80919,151,18,0
2026-06-08 00:45:00,0.80918,0.80936,0.809,0.80925,166,18,0
2026-06-08 01:00:00,0.80927,0.80941,0.80892,0.80892,223,18,0
2026-06-08 01:15:00,0.8089,0.80895,0.80805,0.80814,374,18,0
2026-06-08 01:30:00,0.80817,0.80843,0.80771,0.80838,399,18,0
2026-06-08 01:45:00,0.80841,0.80874,0.80841,0.80863,228,18,0
2026-06-08 02:00:00,0.80865,0.8087,0.80782,0.80801,181,18,0
2026-06-08 02:15:00,0.808,0.80828,0.80788,0.8081,151,18,0
2026-06-08 02:30:00,0.80807,0.80825,0.80784,0.80825,179,18,0
2026-06-08 02:45:00,0.80828,0.80909,0.80827,0.80892,183,18,0
2026-06-08 03:00:00,0.80893,0.80922,0.80884,0.8089,146,18,0
2026-06-08 03:15:00,0.80891,0.80915,0.80877,0.80902,129,18,0
2026-06-08 03:30:00,0.80901,0.8094,0.80901,0.80935,122,18,0
2026-06-08 03:45:00,0.80937,0.80944,0.80923,0.80928,99,18,0
2026-06-08 04:00:00,0.80931,0.80957,0.80919,0.80954,92,18,0
2026-06-08 04:15:00,0.80955,0.80973,0.80938,0.80965,94,18,0
2026-06-08 04:30:00,0.80967,0.80969,0.80924,0.80926,122,18,0
2026-06-08 04:45:00,0.80923,0.80931,0.80886,0.8089,115,18,0
2026-06-08 05:00:00,0.80892,0.80905,0.80873,0.80879,154,18,0
2026-06-08 05:15:00,0.80877,0.80932,0.80874,0.80902,164,18,0
2026-06-08 05:30:00,0.80904,0.80904,0.80834,0.80856,241,18,0
2026-06-08 05:45:00,0.80857,0.80871,0.80819,0.80831,188,18,0
2026-06-08 06:00:00,0.80833,0.80863,0.8083,0.80835,254,18,0
2026-06-08 06:15:00,0.80836,0.8091,0.80836,0.80906,204,18,0
2026-06-08 06:30:00,0.80903,0.80905,0.80809,0.80825,246,18,0
2026-06-08 06:45:00,0.80823,0.80861,0.80823,0.80842,179,18,0
2026-06-08 07:00:00,0.80845,0.80902,0.80838,0.80893,291,18,0
2026-06-08 07:15:00,0.80894,0.80955,0.80872,0.80933,248,18,0
2026-06-08 07:30:00,0.80934,0.80956,0.80926,0.80937,224,18,0
2026-06-08 07:45:00,0.8094,0.80964,0.80927,0.80927,169,18,0
2026-06-08 08:00:00,0.80929,0.80964,0.80903,0.80954,224,18,0
2026-06-08 08:15:00,0.80952,0.80966,0.80931,0.80966,159,18,0
2026-06-08 08:30:00,0.80963,0.80978,0.80921,0.80924,143,18,0
2026-06-08 08:45:00,0.80925,0.80952,0.80898,0.80938,224,18,0
2026-06-08 09:00:00,0.80939,0.80954,0.80909,0.80916,173,18,0
2026-06-08 09:15:00,0.80914,0.80949,0.80907,0.80907,135,18,0
2026-06-08 09:30:00,0.80908,0.8097,0.80888,0.80965,306,18,0
2026-06-08 09:45:00,0.80964,0.81017,0.80959,0.81017,201,18,0
2026-06-08 10:00:00,0.81016,0.81023,0.80983,0.81014,187,18,0
2026-06-08 10:15:00,0.81015,0.81015,0.80978,0.80995,121,18,0
2026-06-08 10:30:00,0.80996,0.81087,0.80996,0.81063,251,18,0
2026-06-08 10:45:00,0.81064,0.81087,0.81054,0.8107,159,18,0
2026-06-08 11:00:00,0.81072,0.81181,0.81061,0.81181,235,18,0
2026-06-08 11:15:00,0.81183,0.81293,0.81169,0.81235,363,18,0
2026-06-08 11:30:00,0.81238,0.81272,0.81216,0.81239,212,18,0
2026-06-08 11:45:00,0.81238,0.81252,0.81202,0.81206,152,18,0
2026-06-08 12:00:00,0.81208,0.81247,0.81187,0.81187,239,18,0
2026-06-08 12:15:00,0.81185,0.81193,0.81162,0.81191,198,18,0
2026-06-08 12:30:00,0.81194,0.8121,0.81172,0.812,190,18,0
2026-06-08 12:45:00,0.81197,0.812,0.81154,0.81196,197,18,0
2026-06-08 13:00:00,0.81199,0.81223,0.81188,0.81191,230,18,0
2026-06-08 13:15:00,0.8119,0.81245,0.81171,0.8121,248,18,0
2026-06-08 13:30:00,0.81208,0.81218,0.81143,0.81144,320,18,0
2026-06-08 13:45:00,0.81148,0.81153,0.81074,0.81074,296,18,0
2026-06-08 14:00:00,0.81072,0.81093,0.81046,0.81076,295,18,0
2026-06-08 14:15:00,0.81075,0.81075,0.81019,0.81029,288,18,0
2026-06-08 14:30:00,0.8103,0.81078,0.81027,0.81058,286,18,0
2026-06-08 14:45:00,0.8106,0.81142,0.81039,0.81139,284,18,0
2026-06-08 15:00:00,0.81141,0.81156,0.81119,0.81147,235,18,0
2026-06-08 15:15:00,0.81149,0.8119,0.81136,0.81141,270,18,0
2026-06-08 15:30:00,0.81144,0.81145,0.81087,0.81128,258,18,0
2026-06-08 15:45:00,0.81127,0.81152,0.81115,0.8113,169,18,0
2026-06-08 16:00:00,0.81131,0.8116,0.81128,0.81142,184,18,0
2026-06-08 16:15:00,0.81141,0.81154,0.81124,0.81124,157,18,0
2026-06-08 16:30:00,0.81126,0.8114,0.8112,0.81136,168,18,0
2026-06-08 16:45:00,0.8114,0.8114,0.81118,0.81121,138,18,0
2026-06-08 17:00:00,0.81124,0.81124,0.81089,0.81108,175,18,0
2026-06-08 17:15:00,0.8111,0.81124,0.811,0.81124,156,18,0
2026-06-08 17:30:00,0.81123,0.81123,0.81092,0.81092,147,18,0
2026-06-08 17:45:00,0.81094,0.81115,0.81093,0.81101,120,18,0
2026-06-08 18:00:00,0.81102,0.81129,0.81086,0.81088,161,18,0
2026-06-08 18:15:00,0.81089,0.81115,0.81088,0.81115,126,18,0
2026-06-08 18:30:00,0.81112,0.81129,0.81092,0.81099,129,18,0
2026-06-08 18:45:00,0.81098,0.811,0.81062,0.81069,99,18,0
2026-06-08 19:00:00,0.81067,0.81079,0.8103,0.8103,120,18,0
2026-06-08 19:15:00,0.81032,0.8105,0.81029,0.81041,117,18,0
2026-06-08 19:30:00,0.81043,0.81061,0.81042,0.81053,118,18,0
2026-06-08 19:45:00,0.81055,0.8106,0.81033,0.81034,137,18,0
2026-06-08 20:00:00,0.81036,0.81044,0.81026,0.81036,73,18,0
2026-06-08 20:15:00,0.81037,0.8106,0.8103,0.81059,64,18,0
2026-06-08 20:30:00,0.81061,0.81061,0.81027,0.81039,65,18,0
2026-06-08 20:45:00,0.81042,0.81048,0.81034,0.81045,54,13,0
2026-06-08 21:00:00,0.81048,0.81049,0.81031,0.81038,78,11,0
2026-06-08 21:15:00,0.81035,0.81045,0.81023,0.81034,198,18,0
2026-06-08 21:30:00,0.81036,0.81036,0.81025,0.81033,81,21,0
2026-06-08 21:45:00,0.81033,0.81038,0.81031,0.81038,87,32,0
2026-06-08 22:00:00,0.81051,0.81079,0.81034,0.81039,98,13,0
2026-06-08 22:15:00,0.81037,0.81052,0.81033,0.81034,64,13,0
2026-06-08 22:30:00,0.81035,0.81044,0.81026,0.81026,35,13,0
2026-06-08 22:45:00,0.81028,0.81036,0.81028,0.81036,24,13,0
2026-06-08 23:00:00,0.81033,0.81042,0.81023,0.81038,36,18,0
2026-06-08 23:15:00,0.81036,0.81036,0.81015,0.81017,30,18,0
2026-06-08 23:30:00,0.81015,0.8102,0.81001,0.81002,58,18,0
2026-06-08 23:45:00,0.81004,0.81006,0.80982,0.80983,81,18,0
2026-06-09 00:00:00,0.80981,0.80981,0.80947,0.8095,203,18,0
2026-06-09 00:15:00,0.80947,0.80975,0.80944,0.8097,128,18,0
2026-06-09 00:30:00,0.80971,0.80981,0.80959,0.80975,119,18,0
2026-06-09 00:45:00,0.80973,0.80976,0.80939,0.80975,107,18,0
2026-06-09 01:00:00,0.80978,0.81026,0.80978,0.8102,197,18,0
2026-06-09 01:15:00,0.81017,0.81073,0.8101,0.81066,158,18,0
2026-06-09 01:30:00,0.81068,0.81108,0.81054,0.81086,156,18,0
2026-06-09 01:45:00,0.81088,0.81101,0.81079,0.81099,157,18,0
2026-06-09 02:00:00,0.81101,0.8112,0.81098,0.81105,97,18,0
2026-06-09 02:15:00,0.81104,0.81104,0.8107,0.81074,122,18,0
2026-06-09 02:30:00,0.81077,0.81092,0.81061,0.81064,114,18,0
2026-06-09 02:45:00,0.81067,0.8107,0.81039,0.81052,83,18,0
2026-06-09 03:00:00,0.8105,0.81102,0.81037,0.81097,155,18,0
2026-06-09 03:15:00,0.81098,0.81106,0.81063,0.8108,113,18,0
2026-06-09 03:30:00,0.81082,0.81174,0.81082,0.81173,142,18,0
2026-06-09 03:45:00,0.81175,0.81191,0.81129,0.8115,112,18,0
2026-06-09 04:00:00,0.81151,0.81181,0.81142,0.81177,68,18,0
2026-06-09 04:15:00,0.81176,0.81183,0.8116,0.81181,75,18,0
2026-06-09 04:30:00,0.81179,0.8125,0.81173,0.81238,121,18,0
2026-06-09 04:45:00,0.81235,0.81276,0.81233,0.81264,107,18,0
2026-06-09 05:00:00,0.81266,0.81271,0.81254,0.81266,100,18,0
2026-06-09 05:15:00,0.81263,0.81315,0.81263,0.81302,133,18,0
2026-06-09 05:30:00,0.81303,0.81377,0.81303,0.81354,216,18,0
2026-06-09 05:45:00,0.81357,0.81398,0.81352,0.8137,168,18,0
2026-06-09 06:00:00,0.81369,0.81436,0.81357,0.81425,231,18,0
2026-06-09 06:15:00,0.81424,0.81448,0.81385,0.81386,195,18,0
2026-06-09 06:30:00,0.81388,0.81388,0.81316,0.81317,160,18,0
2026-06-09 06:45:00,0.81316,0.81338,0.81303,0.81334,145,18,0
2026-06-09 07:00:00,0.81338,0.8137,0.81301,0.81301,196,18,0
2026-06-09 07:15:00,0.81298,0.813,0.81258,0.81264,182,18,0
2026-06-09 07:30:00,0.81263,0.81266,0.81216,0.81235,174,18,0
2026-06-09 07:45:00,0.81233,0.81236,0.81191,0.81191,132,18,0
2026-06-09 08:00:00,0.8119,0.81267,0.81156,0.81237,270,18,0
2026-06-09 08:15:00,0.81239,0.81254,0.81228,0.81238,179,18,0
2026-06-09 08:30:00,0.81239,0.81244,0.8122,0.81225,131,18,0
2026-06-09 08:45:00,0.81224,0.8126,0.81214,0.8126,133,18,0
2026-06-09 09:00:00,0.81261,0.81282,0.81254,0.81269,155,18,0
2026-06-09 09:15:00,0.81272,0.8129,0.81253,0.81253,159,18,0
2026-06-09 09:30:00,0.81254,0.81258,0.81233,0.81243,126,18,0
2026-06-09 09:45:00,0.81244,0.81284,0.81241,0.81252,100,18,0
2026-06-09 10:00:00,0.81253,0.81268,0.81227,0.81255,170,18,0
2026-06-09 10:15:00,0.81257,0.81296,0.81243,0.81296,110,18,0
2026-06-09 10:30:00,0.81297,0.81297,0.81261,0.81267,74,18,0
2026-06-09 10:45:00,0.81265,0.81321,0.81262,0.81321,113,18,0
2026-06-09 11:00:00,0.8132,0.81352,0.81318,0.81347,125,18,0
2026-06-09 11:15:00,0.81348,0.81358,0.81339,0.81342,86,18,0
2026-06-09 11:30:00,0.81343,0.81345,0.81302,0.81302,100,18,0
2026-06-09 11:45:00,0.81301,0.81328,0.81301,0.81311,130,18,0
2026-06-09 12:00:00,0.81309,0.81318,0.81295,0.81301,147,18,0
2026-06-09 12:15:00,0.81298,0.81321,0.81296,0.81307,114,18,0
2026-06-09 12:30:00,0.81305,0.81325,0.81266,0.8127,119,18,0
2026-06-09 12:45:00,0.81267,0.81273,0.81252,0.81271,108,18,0
2026-06-09 13:00:00,0.81274,0.81328,0.8127,0.81326,177,18,0
2026-06-09 13:15:00,0.81325,0.81325,0.81302,0.81314,145,18,0
2026-06-09 13:30:00,0.81312,0.81316,0.81276,0.81292,233,18,0
2026-06-09 13:45:00,0.81294,0.81398,0.81292,0.81324,320,18,0
2026-06-09 14:00:00,0.81326,0.81399,0.81319,0.81352,298,18,0
2026-06-09 14:15:00,0.8135,0.81378,0.81298,0.81369,295,18,0
2026-06-09 14:30:00,0.81368,0.81376,0.81322,0.81325,368,18,0
2026-06-09 14:45:00,0.81323,0.8134,0.81272,0.8134,399,18,0
2026-06-09 15:00:00,0.81337,0.8137,0.81332,0.81363,317,18,0
2026-06-09 15:15:00,0.81361,0.81361,0.81283,0.81285,313,18,0
2026-06-09 15:30:00,0.81288,0.81294,0.81226,0.81268,439,18,0
2026-06-09 15:45:00,0.81269,0.81292,0.8124,0.81266,304,18,0
2026-06-09 16:00:00,0.81263,0.81278,0.81232,0.81236,382,18,0
2026-06-09 16:15:00,0.81238,0.81241,0.81195,0.81198,338,18,0
2026-06-09 16:30:00,0.81195,0.81202,0.81022,0.81058,557,18,0
2026-06-09 16:45:00,0.81054,0.81109,0.8105,0.81109,399,18,0
2026-06-09 17:00:00,0.81112,0.81155,0.81106,0.81138,354,18,0
2026-06-09 17:15:00,0.81137,0.81215,0.81131,0.81197,315,18,0
2026-06-09 17:30:00,0.81197,0.81228,0.81185,0.8121,217,18,0
2026-06-09 17:45:00,0.81207,0.81213,0.8118,0.81186,217,18,0
2026-06-09 18:00:00,0.81189,0.81202,0.81174,0.8119,237,18,0
2026-06-09 18:15:00,0.81188,0.81216,0.81165,0.81208,219,18,0
2026-06-09 18:30:00,0.81207,0.81221,0.81191,0.81191,163,18,0
2026-06-09 18:45:00,0.81194,0.81206,0.8118,0.81198,156,18,0
2026-06-09 19:00:00,0.81201,0.81201,0.81144,0.81144,154,18,0
2026-06-09 19:15:00,0.81146,0.81146,0.81088,0.811,162,18,0
2026-06-09 19:30:00,0.81098,0.81113,0.81084,0.81094,150,18,0
2026-06-09 19:45:00,0.81095,0.81126,0.81086,0.811,211,18,0
2026-06-09 20:00:00,0.81098,0.81098,0.81061,0.8107,120,18,0
2026-06-09 20:15:00,0.81068,0.81103,0.81068,0.811,89,18,0
2026-06-09 20:30:00,0.81101,0.81112,0.81095,0.8111,45,18,0
2026-06-09 20:45:00,0.81108,0.81125,0.811,0.81121,78,11,0
2026-06-09 21:00:00,0.81121,0.81121,0.81119,0.81121,5,18,0
2026-06-09 21:15:00,0.81124,0.81126,0.81109,0.8111,25,17,0
2026-06-09 21:30:00,0.81109,0.81109,0.81015,0.81063,99,39,0
2026-06-09 21:45:00,0.81062,0.81099,0.81062,0.81091,62,48,0
2026-06-09 22:00:00,0.81106,0.81126,0.81051,0.81078,148,13,0
2026-06-09 22:15:00,0.8108,0.81085,0.81071,0.81075,60,13,0
2026-06-09 22:30:00,0.81076,0.81077,0.81031,0.81038,119,13,0
2026-06-09 22:45:00,0.81035,0.81053,0.81024,0.8105,80,13,0
2026-06-09 23:00:00,0.81049,0.81068,0.81043,0.81052,74,18,0
2026-06-09 23:15:00,0.81051,0.81054,0.8101,0.81016,72,18,0
2026-06-09 23:30:00,0.81018,0.81026,0.81012,0.81022,56,18,0
2026-06-09 23:45:00,0.8102,0.81041,0.8101,0.81033,115,18,0
2026-06-10 00:00:00,0.81031,0.81124,0.81028,0.81124,248,18,0
2026-06-10 00:15:00,0.81122,0.81152,0.81092,0.81151,166,18,0
2026-06-10 00:30:00,0.81152,0.81155,0.8106,0.8107,223,18,0
2026-06-10 00:45:00,0.81067,0.81139,0.81056,0.81126,262,18,0
2026-06-10 01:00:00,0.81129,0.81156,0.81111,0.81149,266,18,0
2026-06-10 01:15:00,0.81146,0.81192,0.8114,0.81168,201,18,0
2026-06-10 01:30:00,0.8117,0.81208,0.81157,0.81184,223,18,0
2026-06-10 01:45:00,0.81187,0.81209,0.81155,0.81155,233,18,0
2026-06-10 02:00:00,0.81152,0.81172,0.81125,0.81162,186,18,0
2026-06-10 02:15:00,0.81164,0.81167,0.81131,0.81167,151,18,0
2026-06-10 02:30:00,0.81169,0.81176,0.81146,0.81159,175,18,0
2026-06-10 02:45:00,0.8116,0.81169,0.81127,0.81132,158,18,0
2026-06-10 03:00:00,0.81131,0.81181,0.81131,0.81168,175,18,0
2026-06-10 03:15:00,0.8117,0.81195,0.81169,0.81172,150,18,0
2026-06-10 03:30:00,0.81171,0.81172,0.81151,0.81157,127,18,0
2026-06-10 03:45:00,0.81158,0.81186,0.81158,0.8118,107,18,0
2026-06-10 04:00:00,0.81184,0.81187,0.81151,0.81153,89,18,0
2026-06-10 04:15:00,0.81154,0.81167,0.81143,0.81148,105,18,0
2026-06-10 04:30:00,0.8115,0.8115,0.81094,0.81098,127,18,0
2026-06-10 04:45:00,0.811,0.8111,0.81086,0.81087,112,18,0
2026-06-10 05:00:00,0.81086,0.81092,0.81053,0.81054,131,18,0
2026-06-10 05:15:00,0.81055,0.81087,0.8103,0.81087,149,18,0
2026-06-10 05:30:00,0.8109,0.8113,0.81084,0.8111,203,18,0
2026-06-10 05:45:00,0.81113,0.81113,0.81069,0.81076,117,18,0
2026-06-10 06:00:00,0.81077,0.81116,0.81076,0.81079,178,18,0
2026-06-10 06:15:00,0.81076,0.81091,0.81055,0.81083,165,18,0
2026-06-10 06:30:00,0.81085,0.81116,0.81073,0.811,139,18,0
2026-06-10 06:45:00,0.81099,0.81108,0.81034,0.81034,143,18,0
2026-06-10 07:00:00,0.81036,0.81077,0.81027,0.81075,178,18,0
2026-06-10 07:15:00,0.81073,0.81079,0.81033,0.81035,156,18,0
2026-06-10 07:30:00,0.81034,0.81045,0.80999,0.80999,151,18,0
2026-06-10 07:45:00,0.80998,0.81006,0.80975,0.81006,148,18,0
2026-06-10 08:00:00,0.81008,0.81008,0.80907,0.80915,220,18,0
2026-06-10 08:15:00,0.80917,0.80953,0.80909,0.80927,227,18,0
2026-06-10 08:30:00,0.80926,0.80955,0.80924,0.80939,164,18,0
2026-06-10 08:45:00,0.80937,0.8096,0.80922,0.80938,183,18,0
2026-06-10 09:00:00,0.80939,0.80949,0.80918,0.80928,211,18,0
2026-06-10 09:15:00,0.80926,0.80977,0.80922,0.80957,162,18,0
2026-06-10 09:30:00,0.8096,0.80974,0.80929,0.80937,178,18,0
2026-06-10 09:45:00,0.80938,0.80964,0.80931,0.80964,135,18,0
2026-06-10 10:00:00,0.80963,0.80963,0.80918,0.80926,129,18,0
2026-06-10 10:15:00,0.80929,0.80939,0.80911,0.80932,142,18,0
2026-06-10 10:30:00,0.8093,0.80945,0.80917,0.80943,130,18,0
2026-06-10 10:45:00,0.8094,0.80982,0.80938,0.80971,132,18,0
2026-06-10 11:00:00,0.80974,0.80981,0.80842,0.80899,453,18,0
2026-06-10 11:15:00,0.80901,0.80915,0.80833,0.8086,369,18,0
2026-06-10 11:30:00,0.80858,0.80873,0.80813,0.80828,251,18,0
2026-06-10 11:45:00,0.80827,0.80871,0.80809,0.80857,197,18,0
2026-06-10 12:00:00,0.80854,0.80909,0.80839,0.80898,237,18,0
2026-06-10 12:15:00,0.80899,0.80934,0.80865,0.80931,319,18,0
2026-06-10 12:30:00,0.80928,0.81022,0.80915,0.81019,738,18,0
2026-06-10 12:45:00,0.81021,0.81101,0.81005,0.81005,379,18,0
2026-06-10 13:00:00,0.81007,0.81031,0.81005,0.81031,322,18,0
2026-06-10 13:15:00,0.8103,0.81038,0.81005,0.81005,241,18,0
2026-06-10 13:30:00,0.81003,0.81088,0.80983,0.81088,434,18,0
2026-06-10 13:45:00,0.8109,0.8109,0.81025,0.81054,402,18,0
2026-06-10 14:00:00,0.81056,0.81134,0.81034,0.81116,364,18,0
2026-06-10 14:15:00,0.81119,0.81136,0.81077,0.81089,354,18,0
2026-06-10 14:30:00,0.81087,0.81116,0.81079,0.81088,293,18,0
2026-06-10 14:45:00,0.81086,0.81129,0.81063,0.81104,331,18,0
2026-06-10 15:00:00,0.81102,0.81138,0.81086,0.81107,343,18,0
2026-06-10 15:15:00,0.81104,0.81127,0.81086,0.81121,285,18,0
2026-06-10 15:30:00,0.81119,0.81151,0.81106,0.81149,298,18,0
2026-06-10 15:45:00,0.81147,0.8115,0.80974,0.81076,576,18,0
2026-06-10 16:00:00,0.81075,0.8111,0.81075,0.81098,317,18,0
2026-06-10 16:15:00,0.81097,0.81108,0.81086,0.81094,232,18,0
2026-06-10 16:30:00,0.81091,0.81117,0.8108,0.8108,192,18,0
2026-06-10 16:45:00,0.81078,0.81083,0.81055,0.81073,203,18,0
2026-06-10 17:00:00,0.8107,0.81096,0.81009,0.81009,215,18,0
2026-06-10 17:15:00,0.81007,0.8102,0.80986,0.80987,201,18,0
2026-06-10 17:30:00,0.80986,0.80986,0.8094,0.80942,200,18,0
2026-06-10 17:45:00,0.80943,0.81007,0.80941,0.81001,278,18,0
2026-06-10 18:00:00,0.81003,0.81049,0.81003,0.81035,192,18,0
2026-06-10 18:15:00,0.81033,0.81037,0.80992,0.80992,192,18,0
2026-06-10 18:30:00,0.80991,0.81002,0.80975,0.80986,183,18,0
2026-06-10 18:45:00,0.80984,0.80986,0.80946,0.80954,154,18,0
2026-06-10 19:00:00,0.80953,0.80968,0.80915,0.80917,172,18,0
2026-06-10 19:15:00,0.80918,0.80919,0.80898,0.80905,152,18,0
2026-06-10 19:30:00,0.80907,0.80915,0.809,0.80905,161,18,0
2026-06-10 19:45:00,0.80908,0.8091,0.80879,0.80888,196,18,0
2026-06-10 20:00:00,0.80886,0.80888,0.80843,0.80847,153,18,0
2026-06-10 20:15:00,0.80845,0.80849,0.8082,0.80834,111,18,0
2026-06-10 20:30:00,0.80836,0.80862,0.8083,0.80831,96,18,0
2026-06-10 20:45:00,0.80832,0.80833,0.80795,0.80807,148,11,0
2026-06-10 21:00:00,0.80805,0.80805,0.80799,0.808,7,17,0
2026-06-10 21:15:00,0.80797,0.80797,0.80774,0.80781,41,32,0
2026-06-10 21:30:00,0.8078,0.80801,0.8078,0.80799,35,36,0
2026-06-10 21:45:00,0.80799,0.808,0.80759,0.8076,79,42,0
2026-06-10 22:00:00,0.80774,0.80794,0.80689,0.8072,170,14,0
2026-06-10 22:15:00,0.80723,0.80734,0.8069,0.80723,171,14,0
2026-06-10 22:30:00,0.80725,0.808,0.80725,0.80792,211,14,0
2026-06-10 22:45:00,0.80787,0.808,0.80726,0.80731,234,13,0
2026-06-10 23:00:00,0.80729,0.80738,0.80703,0.80708,162,18,0
2026-06-10 23:15:00,0.80709,0.80807,0.80706,0.80794,385,18,0
2026-06-10 23:30:00,0.80793,0.80839,0.80779,0.80826,195,18,0
2026-06-10 23:45:00,0.80823,0.80828,0.80783,0.80783,145,18,0
2026-06-11 00:00:00,0.80786,0.80824,0.80769,0.80785,271,18,0
2026-06-11 00:15:00,0.80788,0.80851,0.80783,0.80834,307,18,0
2026-06-11 00:30:00,0.80833,0.80833,0.80778,0.80791,207,18,0
2026-06-11 00:45:00,0.80788,0.80819,0.80787,0.80809,197,18,0
2026-06-11 01:00:00,0.80812,0.80884,0.80808,0.80861,303,18,0
2026-06-11 01:15:00,0.80858,0.80882,0.80842,0.80873,195,18,0
2026-06-11 01:30:00,0.80872,0.80872,0.80838,0.80844,141,18,0
2026-06-11 01:45:00,0.80845,0.80845,0.80802,0.80831,128,18,0
2026-06-11 02:00:00,0.80828,0.80835,0.80808,0.80816,139,18,0
2026-06-11 02:15:00,0.80814,0.80817,0.80791,0.80795,131,18,0
2026-06-11 02:30:00,0.80796,0.80804,0.80788,0.80798,145,18,0
2026-06-11 02:45:00,0.80796,0.80831,0.8079,0.80827,110,18,0
2026-06-11 03:00:00,0.8083,0.80835,0.80769,0.80772,131,18,0
2026-06-11 03:15:00,0.80774,0.80787,0.80771,0.80777,122,18,0
2026-06-11 03:30:00,0.80778,0.80807,0.80774,0.8078,142,18,0
2026-06-11 03:45:00,0.80776,0.80782,0.80762,0.80777,105,18,0
2026-06-11 04:00:00,0.8078,0.80781,0.80736,0.80766,129,18,0
2026-06-11 04:15:00,0.80764,0.80778,0.8076,0.8077,113,18,0
2026-06-11 04:30:00,0.80771,0.808,0.80764,0.808,92,18,0
2026-06-11 04:45:00,0.80801,0.80811,0.80792,0.80804,88,18,0
2026-06-11 05:00:00,0.80802,0.80802,0.80782,0.80795,103,18,0
2026-06-11 05:15:00,0.80794,0.80805,0.80757,0.8077,111,18,0
2026-06-11 05:30:00,0.80772,0.80777,0.80756,0.80769,108,18,0
2026-06-11 05:45:00,0.8077,0.80784,0.8076,0.80781,120,18,0
2026-06-11 06:00:00,0.80782,0.80791,0.8076,0.80791,172,18,0
2026-06-11 06:15:00,0.80793,0.80801,0.8077,0.80781,131,18,0
2026-06-11 06:30:00,0.80782,0.8081,0.80775,0.80797,143,18,0
2026-06-11 06:45:00,0.80796,0.80814,0.80784,0.8079,125,18,0
2026-06-11 07:00:00,0.80793,0.8082,0.80786,0.80806,196,18,0
2026-06-11 07:15:00,0.80804,0.8088,0.80803,0.80879,172,18,0
2026-06-11 07:30:00,0.80882,0.80895,0.8084,0.80849,170,18,0
2026-06-11 07:45:00,0.80847,0.80853,0.80807,0.80827,151,18,0
2026-06-11 08:00:00,0.80826,0.80837,0.80813,0.80834,192,18,0
2026-06-11 08:15:00,0.80833,0.80833,0.80796,0.80796,145,18,0
2026-06-11 08:30:00,0.80794,0.80818,0.80785,0.8081,133,18,0
2026-06-11 08:45:00,0.80811,0.80818,0.8077,0.80792,137,18,0
2026-06-11 09:00:00,0.8079,0.80821,0.80786,0.80821,136,18,0
2026-06-11 09:15:00,0.8082,0.80828,0.80785,0.80809,114,18,0
2026-06-11 09:30:00,0.80807,0.80821,0.80801,0.80818,108,18,0
2026-06-11 09:45:00,0.80819,0.80847,0.80809,0.80822,116,18,0
2026-06-11 10:00:00,0.80824,0.80832,0.808,0.80809,125,18,0
2026-06-11 10:15:00,0.80811,0.80814,0.80785,0.80791,114,18,0
2026-06-11 10:30:00,0.8079,0.8082,0.80786,0.8081,103,18,0
2026-06-11 10:45:00,0.80811,0.80831,0.80805,0.8082,81,18,0
2026-06-11 11:00:00,0.80821,0.80842,0.80797,0.80812,147,18,0
2026-06-11 11:15:00,0.80811,0.80814,0.80786,0.80811,113,18,0
2026-06-11 11:30:00,0.80809,0.80866,0.80809,0.80863,187,18,0
2026-06-11 11:45:00,0.80861,0.80867,0.80843,0.80849,93,18,0
2026-06-11 12:00:00,0.80851,0.80876,0.80848,0.80852,131,18,0
2026-06-11 12:15:00,0.80857,0.80859,0.80738,0.80762,474,18,0
2026-06-11 12:30:00,0.80764,0.80813,0.80692,0.80756,533,18,0
2026-06-11 12:45:00,0.80752,0.8084,0.80736,0.80826,420,18,0
2026-06-11 13:00:00,0.80829,0.80829,0.80775,0.80794,274,18,0
2026-06-11 13:15:00,0.80796,0.80828,0.80767,0.80811,224,18,0
2026-06-11 13:30:00,0.80812,0.80883,0.8081,0.80879,369,18,0
2026-06-11 13:45:00,0.80876,0.80956,0.80874,0.80943,409,18,0
2026-06-11 14:00:00,0.80945,0.80961,0.80889,0.80901,346,18,0
2026-06-11 14:15:00,0.80904,0.80904,0.80858,0.8088,304,18,0
2026-06-11 14:30:00,0.80882,0.80923,0.8087,0.80911,285,18,0
2026-06-11 14:45:00,0.80912,0.80964,0.80911,0.80925,340,18,0
2026-06-11 15:00:00,0.80926,0.80946,0.80894,0.80894,367,18,0
2026-06-11 15:15:00,0.80896,0.80965,0.80896,0.80947,254,18,0
2026-06-11 15:30:00,0.80944,0.80954,0.80921,0.80929,235,18,0
2026-06-11 15:45:00,0.8093,0.80936,0.80902,0.80904,210,18,0
2026-06-11 16:00:00,0.80902,0.80941,0.80884,0.80923,194,18,0
2026-06-11 16:15:00,0.80924,0.80928,0.80889,0.80901,196,18,0
2026-06-11 16:30:00,0.80899,0.8091,0.80883,0.8089,178,18,0
2026-06-11 16:45:00,0.80892,0.809,0.80867,0.80868,110,18,0
2026-06-11 17:00:00,0.80871,0.80905,0.80861,0.80891,166,18,0
2026-06-11 17:15:00,0.80889,0.81016,0.8088,0.80981,271,18,0
2026-06-11 17:30:00,0.80985,0.81312,0.80985,0.81304,875,18,0
2026-06-11 17:45:00,0.81307,0.81314,0.81253,0.81299,512,18,0
2026-06-11 18:00:00,0.81301,0.81303,0.81196,0.81265,377,18,0
2026-06-11 18:15:00,0.81264,0.81361,0.81262,0.81328,437,18,0
2026-06-11 18:30:00,0.8133,0.81351,0.81285,0.81351,253,18,0
2026-06-11 18:45:00,0.81352,0.81378,0.81324,0.81324,214,18,0
2026-06-11 19:00:00,0.81323,0.81419,0.81323,0.81414,336,18,0
2026-06-11 19:15:00,0.81415,0.81469,0.81415,0.81463,254,18,0
2026-06-11 19:30:00,0.81464,0.81519,0.81464,0.81488,329,18,0
2026-06-11 19:45:00,0.81487,0.81496,0.81469,0.81486,200,18,0
2026-06-11 20:00:00,0.81484,0.81525,0.81475,0.81521,145,18,0
2026-06-11 20:15:00,0.81524,0.81548,0.81523,0.81539,108,18,0
2026-06-11 20:30:00,0.81537,0.81549,0.81492,0.81497,111,18,0
2026-06-11 20:45:00,0.81494,0.81509,0.81479,0.81491,141,11,0
2026-06-11 21:00:00,0.81488,0.81492,0.81484,0.81487,8,15,0
2026-06-11 21:15:00,0.81487,0.81487,0.81427,0.81457,77,18,0
2026-06-11 21:30:00,0.81455,0.81468,0.81434,0.81442,58,38,0
2026-06-11 21:45:00,0.8144,0.81465,0.81439,0.81454,82,50,0
2026-06-11 22:00:00,0.81468,0.81531,0.81421,0.81509,161,14,0
2026-06-11 22:15:00,0.81507,0.81512,0.81498,0.81501,66,14,0
2026-06-11 22:30:00,0.81499,0.81499,0.81451,0.81482,130,13,0
2026-06-11 22:45:00,0.81485,0.81502,0.81475,0.81502,85,13,0
2026-06-11 23:00:00,0.815,0.81525,0.81492,0.81493,123,18,0
2026-06-11 23:15:00,0.81497,0.81499,0.81439,0.81453,104,18,0
2026-06-11 23:30:00,0.81454,0.81458,0.81432,0.81432,85,18,0
2026-06-11 23:45:00,0.8143,0.81478,0.8143,0.81475,117,18,0
2026-06-12 00:00:00,0.81478,0.81481,0.81402,0.81424,274,18,0
2026-06-12 00:15:00,0.8142,0.81454,0.81392,0.8144,199,18,0
2026-06-12 00:30:00,0.81441,0.81448,0.81401,0.81401,173,18,0
2026-06-12 00:45:00,0.81398,0.81411,0.81378,0.81395,184,18,0
2026-06-12 01:00:00,0.81398,0.81398,0.8132,0.81343,247,18,0
2026-06-12 01:15:00,0.81346,0.81353,0.81288,0.813,197,18,0
2026-06-12 01:30:00,0.81302,0.81324,0.8128,0.8129,202,18,0
2026-06-12 01:45:00,0.81291,0.8132,0.81275,0.81291,158,18,0
2026-06-12 02:00:00,0.81292,0.81329,0.81288,0.81317,188,18,0
2026-06-12 02:15:00,0.81319,0.81319,0.81273,0.81274,123,18,0
2026-06-12 02:30:00,0.81277,0.8128,0.81247,0.81271,169,18,0
2026-06-12 02:45:00,0.81272,0.81298,0.81267,0.81297,104,18,0
2026-06-12 03:00:00,0.81295,0.81302,0.8126,0.81275,118,18,0
2026-06-12 03:15:00,0.81274,0.81313,0.81274,0.8131,151,18,0
2026-06-12 03:30:00,0.81313,0.81376,0.81309,0.81365,172,18,0
2026-06-12 03:45:00,0.81364,0.81366,0.81334,0.81362,122,18,0
2026-06-12 04:00:00,0.8136,0.81376,0.81341,0.81376,107,18,0
2026-06-12 04:15:00,0.81378,0.81382,0.81365,0.81374,89,18,0
2026-06-12 04:30:00,0.8137,0.81403,0.81362,0.81399,79,18,0
2026-06-12 04:45:00,0.814,0.814,0.81377,0.81379,87,18,0
2026-06-12 05:00:00,0.8138,0.81384,0.8132,0.81337,162,18,0
2026-06-12 05:15:00,0.81336,0.81342,0.81304,0.81305,119,18,0
2026-06-12 05:30:00,0.81304,0.81324,0.81297,0.81315,184,18,0
2026-06-12 05:45:00,0.81317,0.81318,0.81267,0.81272,152,18,0
2026-06-12 06:00:00,0.8127,0.81351,0.8127,0.8134,179,18,0
2026-06-12 06:15:00,0.81338,0.81339,0.81282,0.81296,161,18,0
2026-06-12 06:30:00,0.81295,0.81334,0.81281,0.81281,168,18,0
2026-06-12 06:45:00,0.81284,0.81318,0.81265,0.81317,172,18,0
2026-06-12 07:00:00,0.8132,0.81323,0.81278,0.81292,201,18,0
2026-06-12 07:15:00,0.81293,0.81348,0.81289,0.81344,157,18,0
2026-06-12 07:30:00,0.81343,0.81361,0.81317,0.81351,208,18,0
2026-06-12 07:45:00,0.81353,0.81405,0.8133,0.81396,264,18,0
2026-06-12 08:00:00,0.81399,0.81437,0.81382,0.81414,291,18,0
2026-06-12 08:15:00,0.81415,0.81511,0.81405,0.81468,389,18,0
2026-06-12 08:30:00,0.81471,0.81487,0.81452,0.81469,238,18,0
2026-06-12 08:45:00,0.8147,0.81496,0.81461,0.81471,178,18,0
2026-06-12 09:00:00,0.81474,0.81502,0.81464,0.81502,166,18,0
2026-06-12 09:15:00,0.81504,0.81594,0.81502,0.81585,273,18,0
2026-06-12 09:30:00,0.81588,0.81595,0.81563,0.81581,214,18,0
2026-06-12 09:45:00,0.81579,0.81592,0.81547,0.81554,165,18,0
2026-06-12 10:00:00,0.81553,0.81599,0.81547,0.81578,183,18,0
2026-06-12 10:15:00,0.8158,0.81589,0.81499,0.81516,263,18,0
2026-06-12 10:30:00,0.81517,0.81556,0.81511,0.81526,180,18,0
2026-06-12 10:45:00,0.81524,0.81551,0.81522,0.8155,166,18,0
2026-06-12 11:00:00,0.81552,0.81568,0.81514,0.81541,158,18,0
2026-06-12 11:15:00,0.81542,0.81552,0.81534,0.81541,144,18,0
2026-06-12 11:30:00,0.81542,0.81543,0.81508,0.81531,170,18,0
2026-06-12 11:45:00,0.81534,0.81537,0.81512,0.81516,139,18,0
2026-06-12 12:00:00,0.81512,0.81512,0.81452,0.81458,215,18,0
2026-06-12 12:15:00,0.81461,0.81471,0.81422,0.81422,154,18,0
2026-06-12 12:30:00,0.81424,0.81443,0.81392,0.81394,182,18,0
2026-06-12 12:45:00,0.81392,0.814,0.81364,0.81381,205,18,0
2026-06-12 13:00:00,0.81382,0.81417,0.81371,0.81412,198,18,0
2026-06-12 13:15:00,0.81414,0.81491,0.81414,0.81491,183,18,0
2026-06-12 13:30:00,0.81494,0.81497,0.81388,0.81401,465,18,0
2026-06-12 13:45:00,0.81403,0.81426,0.81385,0.81393,357,18,0
2026-06-12 14:00:00,0.81395,0.81447,0.8139,0.81433,336,18,0
2026-06-12 14:15:00,0.81435,0.8145,0.81393,0.81394,295,18,0
2026-06-12 14:30:00,0.81393,0.81424,0.81378,0.81401,305,18,0
2026-06-12 14:45:00,0.814,0.81458,0.81341,0.81427,473,18,0
2026-06-12 15:00:00,0.8143,0.81437,0.81399,0.81432,328,18,0
2026-06-12 15:15:00,0.81433,0.81485,0.81418,0.81475,288,18,0
2026-06-12 15:30:00,0.81472,0.81499,0.81444,0.81444,322,18,0
2026-06-12 15:45:00,0.81442,0.81451,0.81409,0.8141,279,18,0
2026-06-12 16:00:00,0.81408,0.8146,0.81388,0.81445,334,18,0
2026-06-12 16:15:00,0.81444,0.81486,0.81444,0.8148,256,18,0
2026-06-12 16:30:00,0.81479,0.81511,0.81477,0.81507,202,18,0
2026-06-12 16:45:00,0.81508,0.81522,0.81495,0.81496,182,18,0
2026-06-12 17:00:00,0.81497,0.81519,0.8149,0.81503,196,18,0
2026-06-12 17:15:00,0.81502,0.8153,0.81493,0.8152,129,18,0
2026-06-12 17:30:00,0.81518,0.8152,0.81497,0.81507,112,18,0
2026-06-12 17:45:00,0.81508,0.81524,0.81504,0.8152,113,18,0
2026-06-12 18:00:00,0.81521,0.8153,0.81506,0.81515,119,18,0
2026-06-12 18:15:00,0.81514,0.81536,0.81512,0.81536,105,18,0
2026-06-12 18:30:00,0.81537,0.81561,0.81534,0.81547,87,18,0
2026-06-12 18:45:00,0.81545,0.8155,0.81528,0.81528,91,18,0
2026-06-12 19:00:00,0.81526,0.81547,0.81521,0.81529,98,18,0
2026-06-12 19:15:00,0.81531,0.81537,0.8152,0.81527,91,18,0
2026-06-12 19:30:00,0.81526,0.81526,0.81501,0.81518,125,18,0
2026-06-12 19:45:00,0.81516,0.81541,0.8151,0.81538,139,18,0
2026-06-12 20:00:00,0.8154,0.81543,0.81523,0.81533,76,18,0
2026-06-12 20:15:00,0.8153,0.81537,0.81528,0.8153,47,18,0
2026-06-12 20:30:00,0.81529,0.81539,0.81523,0.81534,63,18,0
2026-06-12 20:45:00,0.8153,0.8157,0.8153,0.81567,128,18,0
2026-06-14 21:00:00,0.81483,0.8149,0.81483,0.8149,2,177,0
2026-06-14 21:15:00,0.81498,0.81541,0.81483,0.8151,51,110,0
2026-06-14 21:30:00,0.81507,0.81778,0.81398,0.81754,353,113,0
2026-06-14 21:45:00,0.81751,0.81796,0.81659,0.81688,369,60,0
2026-06-14 22:00:00,0.81696,0.8185,0.81644,0.81834,811,18,0
2026-06-14 22:15:00,0.8183,0.81852,0.81791,0.81807,235,18,0
2026-06-14 22:30:00,0.8181,0.8181,0.8174,0.81752,245,18,0
2026-06-14 22:45:00,0.81754,0.81782,0.81751,0.81755,198,18,0
2026-06-14 23:00:00,0.81757,0.8176,0.81707,0.81722,229,18,0
2026-06-14 23:15:00,0.81724,0.81731,0.81685,0.81722,117,18,0
2026-06-14 23:30:00,0.81723,0.81744,0.81709,0.81744,84,18,0
2026-06-14 23:45:00,0.81747,0.81792,0.8173,0.81742,194,18,0
2026-06-15 00:00:00,0.81744,0.81751,0.81701,0.81731,234,18,0
2026-06-15 00:15:00,0.81734,0.81748,0.81721,0.81727,186,18,0
2026-06-15 00:30:00,0.8173,0.81741,0.81706,0.81717,143,18,0
2026-06-15 00:45:00,0.81716,0.81716,0.81646,0.81648,186,18,0
2026-06-15 01:00:00,0.81647,0.81697,0.81628,0.81687,207,18,0
2026-06-15 01:15:00,0.81684,0.81709,0.81681,0.81702,142,18,0
2026-06-15 01:30:00,0.81704,0.81711,0.81675,0.81684,120,18,0
2026-06-15 01:45:00,0.81683,0.81743,0.81681,0.81716,132,18,0
2026-06-15 02:00:00,0.81715,0.81728,0.81703,0.81703,105,18,0
2026-06-15 02:15:00,0.81701,0.81716,0.81679,0.81716,103,18,0
2026-06-15 02:30:00,0.81717,0.8173,0.81698,0.81698,119,18,0
2026-06-15 02:45:00,0.81699,0.81712,0.81693,0.81699,71,18,0
2026-06-15 03:00:00,0.81698,0.81716,0.81697,0.81711,101,18,0
2026-06-15 03:15:00,0.8171,0.81724,0.81682,0.8169,110,18,0
2026-06-15 03:30:00,0.81688,0.81735,0.81664,0.81717,111,18,0
2026-06-15 03:45:00,0.81715,0.81734,0.81711,0.81719,71,18,0
2026-06-15 04:00:00,0.81718,0.81719,0.81692,0.81703,75,18,0
2026-06-15 04:15:00,0.81704,0.81738,0.81702,0.81738,63,18,0
2026-06-15 04:30:00,0.81736,0.81751,0.81728,0.81751,75,18,0
2026-06-15 04:45:00,0.81752,0.81754,0.81737,0.81743,67,18,0
2026-06-15 05:00:00,0.81745,0.81786,0.81744,0.81781,116,18,0
2026-06-15 05:15:00,0.8178,0.81786,0.81765,0.81777,104,18,0
2026-06-15 05:30:00,0.81775,0.81779,0.81743,0.81743,122,18,0
2026-06-15 05:45:00,0.81741,0.81761,0.81732,0.81737,97,18,0
2026-06-15 06:00:00,0.8174,0.81772,0.8174,0.81757,191,18,0
2026-06-15 06:15:00,0.81759,0.81762,0.81714,0.81718,145,18,0
2026-06-15 06:30:00,0.81716,0.81745,0.81699,0.81745,175,18,0
2026-06-15 06:45:00,0.81744,0.8175,0.81711,0.81724,118,18,0
2026-06-15 07:00:00,0.81721,0.8173,0.81705,0.81712,192,18,0
2026-06-15 07:15:00,0.8171,0.81744,0.81701,0.81724,136,18,0
2026-06-15 07:30:00,0.81726,0.81726,0.81641,0.81688,171,18,0
2026-06-15 07:45:00,0.81691,0.817,0.81677,0.81698,119,18,0
2026-06-15 08:00:00,0.81701,0.81709,0.81669,0.81682,150,18,0
2026-06-15 08:15:00,0.81685,0.81708,0.81672,0.81677,131,18,0
2026-06-15 08:30:00,0.81674,0.81705,0.81661,0.81677,159,18,0
2026-06-15 08:45:00,0.81675,0.81677,0.81636,0.81662,137,18,0
2026-06-15 09:00:00,0.81663,0.81707,0.81663,0.81685,140,18,0
2026-06-15 09:15:00,0.81684,0.81685,0.81643,0.81646,125,18,0
2026-06-15 09:30:00,0.81647,0.81666,0.81629,0.81631,104,18,0
2026-06-15 09:45:00,0.8163,0.81652,0.81627,0.81628,103,18,0
2026-06-15 10:00:00,0.81629,0.81629,0.81607,0.81623,100,18,0
2026-06-15 10:15:00,0.81624,0.81639,0.81617,0.81637,84,18,0
2026-06-15 10:30:00,0.81636,0.81648,0.81618,0.81624,106,18,0
2026-06-15 10:45:00,0.81626,0.81641,0.81615,0.81622,93,18,0
2026-06-15 11:00:00,0.81625,0.81634,0.81617,0.8162,93,18,0
2026-06-15 11:15:00,0.81617,0.81629,0.81612,0.81622,110,18,0
2026-06-15 11:30:00,0.81623,0.81642,0.81608,0.81615,127,18,0
2026-06-15 11:45:00,0.81616,0.81653,0.81616,0.81653,141,18,0
2026-06-15 12:00:00,0.81655,0.81659,0.81607,0.81607,145,18,0
2026-06-15 12:15:00,0.81606,0.81616,0.81579,0.81616,126,18,0
2026-06-15 12:30:00,0.81617,0.81644,0.81613,0.81634,114,18,0
2026-06-15 12:45:00,0.81635,0.81648,0.81617,0.81636,154,18,0
2026-06-15 13:00:00,0.81633,0.81642,0.81618,0.81629,129,18,0
2026-06-15 13:15:00,0.81626,0.81683,0.81626,0.81681,135,18,0
2026-06-15 13:30:00,0.81682,0.81711,0.8168,0.81695,230,18,0
2026-06-15 13:45:00,0.81692,0.81698,0.8163,0.81652,279,18,0
2026-06-15 14:00:00,0.81651,0.81667,0.81635,0.81641,195,18,0
2026-06-15 14:15:00,0.81644,0.81679,0.81643,0.81677,166,18,0
2026-06-15 14:30:00,0.8168,0.81686,0.81638,0.81647,184,18,0
2026-06-15 14:45:00,0.81649,0.81673,0.81622,0.81625,266,18,0
2026-06-15 15:00:00,0.81626,0.81642,0.81595,0.81606,186,18,0
2026-06-15 15:15:00,0.81607,0.81622,0.81604,0.81604,126,18,0
2026-06-15 15:30:00,0.81605,0.81607,0.81574,0.81577,157,18,0
2026-06-15 15:45:00,0.81579,0.81601,0.81569,0.81574,122,18,0
2026-06-15 16:00:00,0.81575,0.81586,0.8157,0.81584,110,18,0
2026-06-15 16:15:00,0.81582,0.81603,0.81582,0.81598,115,18,0
2026-06-15 16:30:00,0.81596,0.81599,0.81524,0.81529,116,18,0
2026-06-15 16:45:00,0.81527,0.81544,0.81517,0.81528,133,18,0
2026-06-15 17:00:00,0.81527,0.81531,0.81506,0.81515,126,18,0
2026-06-15 17:15:00,0.81513,0.81518,0.81499,0.81504,85,18,0
2026-06-15 17:30:00,0.81503,0.81503,0.81479,0.81489,83,18,0
2026-06-15 17:45:00,0.81486,0.8151,0.81486,0.81494,93,18,0
2026-06-15 18:00:00,0.81492,0.81495,0.81478,0.81491,99,18,0
2026-06-15 18:15:00,0.81493,0.81496,0.81467,0.8147,74,18,0
2026-06-15 18:30:00,0.81469,0.81482,0.81461,0.8148,99,18,0
2026-06-15 18:45:00,0.81478,0.81487,0.81462,0.81464,93,18,0
2026-06-15 19:00:00,0.81462,0.81464,0.8144,0.81456,95,18,0
2026-06-15 19:15:00,0.81457,0.8146,0.81426,0.81429,97,18,0
2026-06-15 19:30:00,0.8143,0.81444,0.81428,0.81439,85,18,0
2026-06-15 19:45:00,0.8144,0.81453,0.8144,0.8145,145,18,0
2026-06-15 20:00:00,0.81453,0.81454,0.81422,0.81435,100,18,0
2026-06-15 20:15:00,0.81433,0.81434,0.81422,0.81425,39,18,0
2026-06-15 20:30:00,0.81424,0.81427,0.81405,0.81413,57,18,0
2026-06-15 20:45:00,0.81415,0.81446,0.81414,0.81444,59,11,0
2026-06-15 21:00:00,0.81442,0.81442,0.81439,0.8144,8,18,0
2026-06-15 21:15:00,0.81438,0.81438,0.81428,0.81434,35,43,0
2026-06-15 21:30:00,0.81434,0.81435,0.81424,0.81424,62,81,0
2026-06-15 21:45:00,0.81424,0.81443,0.81415,0.81415,76,63,0
2026-06-15 22:00:00,0.81408,0.81474,0.81387,0.81459,153,14,0
2026-06-15 22:15:00,0.81458,0.8146,0.81439,0.81441,47,13,0
2026-06-15 22:30:00,0.81439,0.81457,0.81439,0.81454,45,13,0
2026-06-15 22:45:00,0.81457,0.81497,0.81454,0.81495,53,13,0
2026-06-15 23:00:00,0.81492,0.81527,0.8149,0.81524,51,18,0
2026-06-15 23:15:00,0.81523,0.81531,0.81516,0.81531,25,18,0
2026-06-15 23:30:00,0.81529,0.81537,0.81517,0.81537,42,18,0
2026-06-15 23:45:00,0.81539,0.81541,0.81517,0.81518,63,18,0
2026-06-16 00:00:00,0.81514,0.81518,0.81499,0.81499,126,18,0
2026-06-16 00:15:00,0.81496,0.81502,0.81463,0.81467,102,18,0
2026-06-16 00:30:00,0.81465,0.81491,0.81464,0.8147,114,18,0
2026-06-16 00:45:00,0.81468,0.81468,0.81434,0.8145,103,18,0
2026-06-16 01:00:00,0.81446,0.81455,0.81386,0.8139,176,18,0
2026-06-16 01:15:00,0.81387,0.81397,0.8137,0.81393,129,18,0
2026-06-16 01:30:00,0.81391,0.81408,0.81379,0.81386,159,18,0
2026-06-16 01:45:00,0.81387,0.81417,0.81385,0.81395,103,18,0
2026-06-16 02:00:00,0.81394,0.814,0.81353,0.81358,114,18,0
2026-06-16 02:15:00,0.81359,0.81359,0.81328,0.81339,86,18,0
2026-06-16 02:30:00,0.81341,0.81353,0.81334,0.81334,70,18,0
2026-06-16 02:45:00,0.81333,0.81339,0.81322,0.81328,83,18,0
2026-06-16 03:00:00,0.81331,0.81331,0.81303,0.81319,79,18,0
2026-06-16 03:15:00,0.81317,0.81335,0.81297,0.81333,92,18,0
2026-06-16 03:30:00,0.81336,0.81345,0.81325,0.81329,63,18,0
2026-06-16 03:45:00,0.81328,0.81349,0.81325,0.8134,66,18,0
2026-06-16 04:00:00,0.81339,0.81343,0.81252,0.81255,115,18,0
2026-06-16 04:15:00,0.81257,0.81259,0.81212,0.81245,203,18,0
2026-06-16 04:30:00,0.81248,0.81317,0.81237,0.81317,153,18,0
2026-06-16 04:45:00,0.81316,0.81363,0.81315,0.81363,122,18,0
2026-06-16 05:00:00,0.81365,0.8139,0.81362,0.81376,102,18,0
2026-06-16 05:15:00,0.81379,0.81383,0.81356,0.8137,100,18,0
2026-06-16 05:30:00,0.81372,0.81374,0.81344,0.81357,110,18,0
2026-06-16 05:45:00,0.81358,0.81406,0.81352,0.81405,135,18,0
2026-06-16 06:00:00,0.81406,0.81426,0.81367,0.81397,171,18,0
2026-06-16 06:15:00,0.81399,0.81406,0.81382,0.81389,117,18,0
2026-06-16 06:30:00,0.8139,0.81426,0.81383,0.81405,144,18,0
2026-06-16 06:45:00,0.81403,0.81425,0.81399,0.8142,142,18,0
2026-06-16 07:00:00,0.81422,0.81433,0.81401,0.81423,152,18,0
2026-06-16 07:15:00,0.81421,0.81437,0.81415,0.81435,114,18,0
2026-06-16 07:30:00,0.81432,0.81474,0.81427,0.81455,126,18,0
2026-06-16 07:45:00,0.81454,0.81485,0.81446,0.81484,115,18,0
2026-06-16 08:00:00,0.81487,0.81575,0.81474,0.81568,173,18,0
2026-06-16 08:15:00,0.8157,0.81582,0.81538,0.81582,121,18,0
2026-06-16 08:30:00,0.81579,0.81581,0.81543,0.81549,122,18,0
2026-06-16 08:45:00,0.81548,0.81584,0.81545,0.81571,107,18,0
2026-06-16 09:00:00,0.81569,0.81573,0.81544,0.81562,111,18,0
2026-06-16 09:15:00,0.81561,0.81564,0.8154,0.81557,108,18,0
2026-06-16 09:30:00,0.81559,0.81596,0.81559,0.81592,100,18,0
2026-06-16 09:45:00,0.81589,0.81606,0.81579,0.81602,103,18,0
2026-06-16 10:00:00,0.81603,0.81616,0.81594,0.81613,111,18,0
2026-06-16 10:15:00,0.81612,0.81643,0.81612,0.81633,99,18,0
2026-06-16 10:30:00,0.81634,0.81663,0.8163,0.81663,98,18,0
2026-06-16 10:45:00,0.81664,0.81668,0.81642,0.81653,107,18,0
2026-06-16 11:00:00,0.8165,0.81662,0.81634,0.81634,121,18,0
2026-06-16 11:15:00,0.81631,0.81631,0.81598,0.81609,86,18,0
2026-06-16 11:30:00,0.8161,0.81618,0.81579,0.8159,112,18,0
2026-06-16 11:45:00,0.81591,0.8162,0.81582,0.81618,112,18,0
2026-06-16 12:00:00,0.81619,0.81634,0.81611,0.81623,129,18,0
2026-06-16 12:15:00,0.81621,0.81628,0.81597,0.81625,145,18,0
2026-06-16 12:30:00,0.81629,0.81667,0.8162,0.81664,130,18,0
2026-06-16 12:45:00,0.81665,0.81704,0.81664,0.81701,131,18,0
2026-06-16 13:00:00,0.81704,0.81712,0.81683,0.81693,159,18,0
2026-06-16 13:15:00,0.81691,0.81691,0.81623,0.81642,140,18,0
2026-06-16 13:30:00,0.81639,0.81672,0.81633,0.81653,207,18,0
2026-06-16 13:45:00,0.81652,0.81652,0.81622,0.81637,184,18,0
2026-06-16 14:00:00,0.81639,0.81667,0.81629,0.81647,185,18,0
2026-06-16 14:15:00,0.81645,0.81661,0.81606,0.81606,221,18,0
2026-06-16 14:30:00,0.81608,0.81636,0.81595,0.81632,213,18,0
2026-06-16 14:45:00,0.8163,0.81661,0.8161,0.81616,215,18,0
2026-06-16 15:00:00,0.81614,0.81636,0.81599,0.816,217,18,0
2026-06-16 15:15:00,0.81599,0.8161,0.81585,0.81589,146,18,0
2026-06-16 15:30:00,0.8159,0.81616,0.81582,0.8159,143,18,0
2026-06-16 15:45:00,0.81589,0.81663,0.81569,0.81639,245,18,0
2026-06-16 16:00:00,0.81643,0.81683,0.81643,0.81675,185,18,0
2026-06-16 16:15:00,0.81674,0.81687,0.81661,0.81661,130,18,0
2026-06-16 16:30:00,0.81663,0.81667,0.81648,0.81658,136,18,0
2026-06-16 16:45:00,0.81656,0.8167,0.81645,0.81656,106,18,0
2026-06-16 17:00:00,0.81657,0.81659,0.81645,0.81652,115,18,0
2026-06-16 17:15:00,0.81653,0.81655,0.81633,0.81655,105,18,0
2026-06-16 17:30:00,0.81656,0.8168,0.81652,0.81679,101,18,0
2026-06-16 17:45:00,0.81681,0.81683,0.81674,0.81679,62,18,0
2026-06-16 18:00:00,0.81681,0.81691,0.81675,0.81677,78,18,0
2026-06-16 18:15:00,0.81678,0.81681,0.81666,0.8167,77,18,0
2026-06-16 18:30:00,0.81667,0.81669,0.81647,0.81656,72,18,0
2026-06-16 18:45:00,0.81653,0.81661,0.81645,0.81654,72,18,0
2026-06-16 19:00:00,0.81649,0.81677,0.81639,0.81655,129,18,0
2026-06-16 19:15:00,0.81657,0.81657,0.81638,0.81647,73,18,0
2026-06-16 19:30:00,0.81649,0.81649,0.81615,0.81622,92,18,0
2026-06-16 19:45:00,0.81621,0.8163,0.81611,0.81624,104,18,0
2026-06-16 20:00:00,0.81626,0.81628,0.81594,0.81594,73,18,0
2026-06-16 20:15:00,0.81592,0.81604,0.81585,0.81602,39,18,0
2026-06-16 20:30:00,0.81599,0.81629,0.81599,0.81619,51,18,0
2026-06-16 20:45:00,0.81617,0.81617,0.81576,0.81589,78,11,0
2026-06-16 21:00:00,0.8159,0.81592,0.81587,0.81591,7,14,0
2026-06-16 21:15:00,0.81591,0.81592,0.81554,0.81564,37,11,0
2026-06-16 21:30:00,0.81567,0.81576,0.81531,0.81531,102,32,0
2026-06-16 21:45:00,0.81527,0.81555,0.81514,0.81526,84,52,0
2026-06-16 22:00:00,0.81546,0.81596,0.81528,0.81567,203,14,0
2026-06-16 22:15:00,0.81568,0.81569,0.8155,0.81561,40,13,0
2026-06-16 22:30:00,0.81564,0.81582,0.81564,0.81582,38,13,0
2026-06-16 22:45:00,0.81583,0.8159,0.81579,0.81588,32,13,0
2026-06-16 23:00:00,0.81584,0.81597,0.81573,0.81596,105,18,0
2026-06-16 23:15:00,0.81597,0.81617,0.81594,0.81617,74,18,0
2026-06-16 23:30:00,0.81618,0.81618,0.81593,0.81613,70,18,0
2026-06-16 23:45:00,0.8161,0.81617,0.81583,0.81585,141,18,0
2026-06-17 00:00:00,0.81587,0.81618,0.81575,0.81611,153,18,0
2026-06-17 00:15:00,0.8161,0.81625,0.81601,0.81601,89,18,0
2026-06-17 00:30:00,0.816,0.81602,0.8158,0.81581,60,18,0
2026-06-17 00:45:00,0.81583,0.81583,0.81545,0.81568,71,18,0
2026-06-17 01:00:00,0.81569,0.81623,0.81564,0.81611,126,18,0
2026-06-17 01:15:00,0.81608,0.81638,0.81602,0.81614,88,18,0
2026-06-17 01:30:00,0.81612,0.81612,0.81582,0.81585,76,18,0
2026-06-17 01:45:00,0.81588,0.81591,0.81572,0.8159,57,18,0
2026-06-17 02:00:00,0.81592,0.81592,0.81552,0.81568,54,18,0
2026-06-17 02:15:00,0.81567,0.81623,0.81566,0.81615,64,18,0
2026-06-17 02:30:00,0.81617,0.81624,0.81608,0.81621,60,18,0
2026-06-17 02:45:00,0.81618,0.81618,0.81577,0.81577,69,18,0
2026-06-17 03:00:00,0.81575,0.81587,0.81556,0.81556,76,18,0
2026-06-17 03:15:00,0.81553,0.81567,0.81545,0.81567,59,18,0
2026-06-17 03:30:00,0.8157,0.81572,0.81555,0.81559,42,18,0
2026-06-17 03:45:00,0.8156,0.81563,0.81545,0.81547,50,18,0
2026-06-17 04:00:00,0.81546,0.81565,0.81543,0.8155,60,18,0
2026-06-17 04:15:00,0.81549,0.81552,0.81526,0.81526,48,18,0
2026-06-17 04:30:00,0.81527,0.8153,0.81521,0.81522,40,18,0
2026-06-17 04:45:00,0.81521,0.81527,0.81508,0.81516,70,18,0
2026-06-17 05:00:00,0.81517,0.81523,0.81491,0.81492,50,18,0
2026-06-17 05:15:00,0.81491,0.81509,0.81491,0.81504,50,18,0
2026-06-17 05:30:00,0.81507,0.8151,0.81494,0.81501,60,18,0
2026-06-17 05:45:00,0.81498,0.81498,0.81466,0.81477,68,18,0
2026-06-17 06:00:00,0.8148,0.81481,0.81448,0.81451,125,18,0
2026-06-17 06:15:00,0.8145,0.81461,0.81431,0.81431,97,18,0
2026-06-17 06:30:00,0.81432,0.81473,0.81432,0.81473,100,18,0
2026-06-17 06:45:00,0.81472,0.8148,0.81462,0.81478,90,18,0
2026-06-17 07:00:00,0.8148,0.81491,0.81467,0.81489,123,18,0
2026-06-17 07:15:00,0.81492,0.81496,0.81454,0.81454,109,18,0
2026-06-17 07:30:00,0.81453,0.81473,0.81446,0.81459,109,18,0
2026-06-17 07:45:00,0.81458,0.81473,0.81457,0.81473,91,18,0
2026-06-17 08:00:00,0.81472,0.81474,0.81428,0.81441,122,18,0
2026-06-17 08:15:00,0.81444,0.81444,0.8139,0.81395,147,18,0
2026-06-17 08:30:00,0.81392,0.81413,0.81388,0.81403,116,18,0
2026-06-17 08:45:00,0.81405,0.81427,0.81397,0.81427,95,18,0
2026-06-17 09:00:00,0.81426,0.8144,0.81411,0.81412,79,18,0
2026-06-17 09:15:00,0.81414,0.81424,0.81409,0.81415,92,18,0
2026-06-17 09:30:00,0.81416,0.81426,0.81404,0.8141,82,18,0
2026-06-17 09:45:00,0.81412,0.8142,0.81393,0.81411,73,18,0
2026-06-17 10:00:00,0.8141,0.81416,0.81377,0.81392,111,18,0
2026-06-17 10:15:00,0.8139,0.81398,0.8137,0.81397,79,18,0
2026-06-17 10:30:00,0.81398,0.81418,0.81398,0.81413,83,18,0
2026-06-17 10:45:00,0.81414,0.81427,0.81406,0.81413,95,18,0
2026-06-17 11:00:00,0.81415,0.81435,0.81399,0.814,84,18,0
2026-06-17 11:15:00,0.81402,0.81416,0.81402,0.81407,69,18,0
2026-06-17 11:30:00,0.81405,0.81405,0.81382,0.81386,92,18,0
2026-06-17 11:45:00,0.81389,0.81404,0.81372,0.81374,108,18,0
2026-06-17 12:00:00,0.81372,0.81386,0.81364,0.81372,110,18,0
2026-06-17 12:15:00,0.8137,0.81412,0.81367,0.8141,118,18,0
2026-06-17 12:30:00,0.81407,0.81438,0.8139,0.81432,150,18,0
2026-06-17 12:45:00,0.81435,0.81478,0.81435,0.81473,122,18,0
2026-06-17 13:00:00,0.81475,0.81475,0.81434,0.81444,131,18,0
2026-06-17 13:15:00,0.81445,0.81481,0.81442,0.81467,146,18,0
2026-06-17 13:30:00,0.81465,0.81507,0.81456,0.81499,186,18,0
2026-06-17 13:45:00,0.81498,0.81541,0.81486,0.81527,209,18,0
2026-06-17 14:00:00,0.81525,0.81546,0.81512,0.81541,195,18,0
2026-06-17 14:15:00,0.81539,0.81572,0.81536,0.8156,176,18,0
2026-06-17 14:30:00,0.81558,0.8156,0.81508,0.81526,185,18,0
2026-06-17 14:45:00,0.81525,0.81542,0.81453,0.81506,363,18,0
2026-06-17 15:00:00,0.81507,0.81528,0.81479,0.81523,234,18,0
2026-06-17 15:15:00,0.81521,0.8157,0.81517,0.81566,184,18,0
2026-06-17 15:30:00,0.81563,0.81578,0.81558,0.81567,129,18,0
2026-06-17 15:45:00,0.8157,0.81595,0.8156,0.81577,144,18,0
2026-06-17 16:00:00,0.81579,0.81586,0.81568,0.8158,113,18,0
2026-06-17 16:15:00,0.81579,0.8161,0.81578,0.8161,87,18,0
2026-06-17 16:30:00,0.81608,0.81609,0.81577,0.81583,95,18,0
2026-06-17 16:45:00,0.81581,0.81594,0.81575,0.8159,77,18,0
2026-06-17 17:00:00,0.81589,0.81592,0.81561,0.8158,108,18,0
2026-06-17 17:15:00,0.81578,0.81581,0.81564,0.81578,81,18,0
2026-06-17 17:30:00,0.81576,0.816,0.81571,0.81596,95,18,0
2026-06-17 17:45:00,0.81599,0.81635,0.81596,0.81628,125,18,0
2026-06-17 18:00:00,0.81631,0.81634,0.81329,0.81372,872,18,0
2026-06-17 18:15:00,0.81375,0.81425,0.81361,0.81387,473,18,0
2026-06-17 18:30:00,0.81386,0.81509,0.81321,0.81501,1545,18,0
2026-06-17 18:45:00,0.81499,0.81521,0.81377,0.81394,849,18,0
2026-06-17 19:00:00,0.81393,0.81408,0.81269,0.8134,751,18,0
2026-06-17 19:15:00,0.81344,0.8135,0.81221,0.81224,514,18,0
2026-06-17 19:30:00,0.81223,0.81243,0.81187,0.81239,508,18,0
2026-06-17 19:45:00,0.81241,0.81325,0.81241,0.8132,424,18,0
2026-06-17 20:00:00,0.81322,0.81343,0.81309,0.81312,196,18,0
2026-06-17 20:15:00,0.81314,0.81314,0.81277,0.81283,206,18,0
2026-06-17 20:30:00,0.81285,0.81345,0.81285,0.8132,144,18,0
2026-06-17 20:45:00,0.81316,0.81336,0.81307,0.81319,141,11,0
2026-06-17 21:00:00,0.81316,0.81316,0.81298,0.813,32,18,0
2026-06-17 21:15:00,0.81299,0.81318,0.81299,0.81303,67,49,0
2026-06-17 21:30:00,0.81302,0.81317,0.8129,0.81302,60,64,0
2026-06-17 21:45:00,0.81299,0.81317,0.81289,0.81317,73,53,0
2026-06-17 22:00:00,0.81338,0.81365,0.81298,0.81355,237,13,0
2026-06-17 22:15:00,0.81354,0.8137,0.81354,0.81364,59,13,0
2026-06-17 22:30:00,0.81363,0.81388,0.81353,0.81381,70,13,0
2026-06-17 22:45:00,0.8138,0.81452,0.81373,0.81425,133,13,0
2026-06-17 23:00:00,0.81422,0.81424,0.81394,0.81412,49,18,0
2026-06-17 23:15:00,0.81415,0.81444,0.81415,0.81441,55,18,0
2026-06-17 23:30:00,0.81438,0.81441,0.81412,0.81423,100,18,0
2026-06-17 23:45:00,0.81421,0.81439,0.81407,0.81414,122,18,0
2026-06-18 00:00:00,0.81417,0.8153,0.81417,0.81485,275,18,0
2026-06-18 00:15:00,0.81487,0.81488,0.81443,0.81454,139,18,0
2026-06-18 00:30:00,0.81455,0.81507,0.81451,0.81499,156,18,0
2026-06-18 00:45:00,0.81498,0.81504,0.81447,0.81451,179,18,0
2026-06-18 01:00:00,0.81454,0.81544,0.81453,0.8154,219,18,0
2026-06-18 01:15:00,0.81541,0.81619,0.81536,0.81608,178,18,0
2026-06-18 01:30:00,0.81609,0.81634,0.81608,0.81634,105,18,0
2026-06-18 01:45:00,0.81631,0.81641,0.81606,0.81639,153,18,0
2026-06-18 02:00:00,0.81642,0.81655,0.81623,0.81655,118,18,0
2026-06-18 02:15:00,0.81653,0.8167,0.81636,0.81669,102,18,0
2026-06-18 02:30:00,0.81667,0.81698,0.81662,0.81689,119,18,0
2026-06-18 02:45:00,0.81687,0.81692,0.81671,0.81674,126,18,0
2026-06-18 03:00:00,0.81677,0.81698,0.81668,0.81692,94,18,0
2026-06-18 03:15:00,0.81693,0.81713,0.81689,0.81713,87,18,0
2026-06-18 03:30:00,0.81714,0.81722,0.81697,0.81704,68,18,0
2026-06-18 03:45:00,0.81703,0.81747,0.81703,0.81738,72,18,0
2026-06-18 04:00:00,0.81737,0.81742,0.81711,0.81716,85,18,0
2026-06-18 04:15:00,0.81715,0.81733,0.81715,0.81729,67,18,0
2026-06-18 04:30:00,0.81727,0.81727,0.81705,0.81719,89,18,0
2026-06-18 04:45:00,0.81715,0.8174,0.8171,0.81716,82,18,0
2026-06-18 05:00:00,0.81714,0.81736,0.81698,0.81732,102,18,0
2026-06-18 05:15:00,0.81731,0.81754,0.81728,0.81728,90,18,0
2026-06-18 05:30:00,0.81726,0.81744,0.81724,0.81737,120,18,0
2026-06-18 05:45:00,0.81735,0.81737,0.8169,0.81691,106,18,0
2026-06-18 06:00:00,0.81693,0.81709,0.81674,0.81703,196,18,0
2026-06-18 06:15:00,0.817,0.81735,0.81685,0.81733,199,18,0
2026-06-18 06:30:00,0.8173,0.81736,0.81674,0.81689,163,18,0
2026-06-18 06:45:00,0.81688,0.81692,0.81659,0.8166,162,18,0
2026-06-18 07:00:00,0.81659,0.81665,0.81614,0.81617,183,18,0
2026-06-18 07:15:00,0.81616,0.81625,0.81589,0.816,153,18,0
2026-06-18 07:30:00,0.81603,0.81603,0.81549,0.81594,188,18,0
2026-06-18 07:45:00,0.81596,0.81599,0.8156,0.8157,194,18,0
2026-06-18 08:00:00,0.81572,0.81583,0.8156,0.81562,191,18,0
2026-06-18 08:15:00,0.81563,0.81576,0.81529,0.81538,142,18,0
2026-06-18 08:30:00,0.81535,0.8154,0.8149,0.81491,167,18,0
2026-06-18 08:45:00,0.81494,0.81494,0.81439,0.81445,174,18,0
2026-06-18 09:00:00,0.81447,0.81475,0.81416,0.81427,246,18,0
2026-06-18 09:15:00,0.81429,0.81467,0.81423,0.81424,170,18,0
2026-06-18 09:30:00,0.81426,0.81463,0.81418,0.81463,153,18,0
2026-06-18 09:45:00,0.81461,0.81465,0.81436,0.81439,127,18,0
2026-06-18 10:00:00,0.81437,0.81438,0.81361,0.8139,211,18,0
2026-06-18 10:15:00,0.81392,0.81403,0.8138,0.81387,154,18,0
2026-06-18 10:30:00,0.8139,0.81398,0.81346,0.81347,152,18,0
2026-06-18 10:45:00,0.81346,0.81359,0.81334,0.81335,154,18,0
2026-06-18 11:00:00,0.81337,0.81354,0.81325,0.81347,200,18,0
2026-06-18 11:15:00,0.81348,0.81388,0.81313,0.81375,220,18,0
2026-06-18 11:30:00,0.81373,0.81405,0.81369,0.81393,189,18,0
2026-06-18 11:45:00,0.81392,0.81398,0.81359,0.81381,162,18,0
2026-06-18 12:00:00,0.81382,0.81446,0.81373,0.8144,181,18,0
2026-06-18 12:15:00,0.81441,0.81485,0.81433,0.81442,289,18,0
2026-06-18 12:30:00,0.8144,0.81459,0.8141,0.81432,237,18,0
2026-06-18 12:45:00,0.8143,0.81469,0.8143,0.81464,220,18,0
2026-06-18 13:00:00,0.81465,0.81487,0.81436,0.81478,250,18,0
2026-06-18 13:15:00,0.81477,0.81495,0.81443,0.81494,245,18,0
2026-06-18 13:30:00,0.81491,0.81547,0.8149,0.81532,342,18,0
2026-06-18 13:45:00,0.81533,0.81541,0.81487,0.81503,268,18,0
2026-06-18 14:00:00,0.81501,0.81513,0.81471,0.81486,309,18,0
2026-06-18 14:15:00,0.81484,0.81537,0.81484,0.81509,268,18,0
2026-06-18 14:30:00,0.81506,0.81514,0.81484,0.81484,239,18,0
2026-06-18 14:45:00,0.81483,0.81554,0.81483,0.81538,256,18,0
2026-06-18 15:00:00,0.81541,0.81547,0.81507,0.81529,236,18,0
2026-06-18 15:15:00,0.81528,0.81546,0.815,0.81505,221,18,0
2026-06-18 15:30:00,0.81507,0.81519,0.81452,0.8146,245,18,0
2026-06-18 15:45:00,0.81459,0.81464,0.81419,0.81419,218,18,0
2026-06-18 16:00:00,0.8142,0.81429,0.81381,0.81396,206,18,0
2026-06-18 16:15:00,0.81398,0.81398,0.81367,0.81386,166,18,0
2026-06-18 16:30:00,0.81383,0.81393,0.81361,0.81387,145,18,0
2026-06-18 16:45:00,0.81386,0.81393,0.8136,0.81381,152,18,0
2026-06-18 17:00:00,0.81383,0.814,0.81368,0.81394,125,18,0
2026-06-18 17:15:00,0.81395,0.81407,0.81393,0.81397,96,18,0
2026-06-18 17:30:00,0.81396,0.81407,0.81388,0.81406,109,18,0
2026-06-18 17:45:00,0.81405,0.81406,0.81378,0.81381,106,18,0
2026-06-18 18:00:00,0.81382,0.81386,0.81369,0.81384,123,18,0
2026-06-18 18:15:00,0.81381,0.81392,0.81371,0.8138,106,18,0
2026-06-18 18:30:00,0.81378,0.81378,0.81357,0.81358,99,18,0
2026-06-18 18:45:00,0.81359,0.81364,0.81343,0.81355,140,18,0
2026-06-18 19:00:00,0.81351,0.81351,0.8129,0.81303,146,18,0
2026-06-18 19:15:00,0.81304,0.81318,0.81293,0.81307,112,18,0
2026-06-18 19:30:00,0.81309,0.81327,0.81303,0.81324,151,18,0
2026-06-18 19:45:00,0.81322,0.81341,0.81322,0.81334,127,18,0
2026-06-18 20:00:00,0.81336,0.81384,0.81322,0.81373,98,18,0
2026-06-18 20:15:00,0.81376,0.81381,0.81361,0.81373,59,18,0
2026-06-18 20:30:00,0.81375,0.81378,0.81345,0.81354,79,18,0
2026-06-18 20:45:00,0.81351,0.81357,0.81324,0.81329,104,11,0
2026-06-18 21:00:00,0.81326,0.81328,0.81325,0.81327,8,28,0
2026-06-18 21:15:00,0.81324,0.81334,0.8129,0.81296,39,28,0
2026-06-18 21:30:00,0.813,0.81329,0.813,0.81329,47,36,0
2026-06-18 21:45:00,0.81327,0.81327,0.81292,0.81316,68,39,0
2026-06-18 22:00:00,0.81305,0.81352,0.813,0.81343,114,13,0
2026-06-18 22:15:00,0.81344,0.81359,0.81331,0.81359,39,13,0
2026-06-18 22:30:00,0.81358,0.81379,0.81358,0.81374,38,13,0
2026-06-18 22:45:00,0.81373,0.81389,0.81368,0.81388,27,13,0
2026-06-18 23:00:00,0.81385,0.81403,0.81382,0.81394,46,18,0
2026-06-18 23:15:00,0.81395,0.81399,0.81379,0.81396,43,18,0
2026-06-18 23:30:00,0.81397,0.81401,0.8137,0.81387,58,18,0
2026-06-18 23:45:00,0.81385,0.81408,0.81365,0.81366,77,18,0
2026-06-19 00:00:00,0.81368,0.8141,0.81368,0.814,151,18,0
2026-06-19 00:15:00,0.81403,0.81419,0.81397,0.81408,87,18,0
2026-06-19 00:30:00,0.8141,0.81429,0.8141,0.81418,109,18,0
2026-06-19 00:45:00,0.81421,0.81448,0.81421,0.81428,116,18,0
2026-06-19 01:00:00,0.81427,0.81436,0.81399,0.81401,111,18,0
2026-06-19 01:15:00,0.81399,0.81405,0.81335,0.81366,121,18,0
2026-06-19 01:30:00,0.81368,0.81368,0.81316,0.8132,95,18,0
2026-06-19 01:45:00,0.81318,0.81318,0.81285,0.81288,92,18,0
2026-06-19 02:00:00,0.8129,0.8131,0.81287,0.8131,104,18,0
2026-06-19 02:15:00,0.81309,0.8133,0.813,0.8133,109,18,0
2026-06-19 02:30:00,0.81333,0.81356,0.81329,0.81332,87,18,0
2026-06-19 02:45:00,0.8133,0.8133,0.81302,0.81308,55,18,0
2026-06-19 03:00:00,0.8131,0.81317,0.81291,0.81291,108,18,0
2026-06-19 03:15:00,0.8129,0.8129,0.81227,0.81229,138,18,0
2026-06-19 03:30:00,0.81231,0.81231,0.81181,0.81195,143,18,0
2026-06-19 03:45:00,0.81193,0.81193,0.81158,0.81162,136,18,0
2026-06-19 04:00:00,0.81164,0.81164,0.81127,0.81148,149,18,0
2026-06-19 04:15:00,0.81147,0.81149,0.81131,0.81148,122,18,0
2026-06-19 04:30:00,0.81151,0.8116,0.81115,0.81123,120,18,0
2026-06-19 04:45:00,0.81119,0.81119,0.81091,0.81106,121,18,0
2026-06-19 05:00:00,0.81107,0.81107,0.81035,0.81051,187,18,0
2026-06-19 05:15:00,0.81049,0.81066,0.81015,0.81029,149,18,0
2026-06-19 05:30:00,0.81031,0.81072,0.8102,0.81068,151,18,0
2026-06-19 05:45:00,0.8107,0.8112,0.81056,0.81057,211,18,0
2026-06-19 06:00:00,0.81059,0.81074,0.81033,0.81052,184,18,0
2026-06-19 06:15:00,0.81054,0.81132,0.81044,0.81126,163,18,0
2026-06-19 06:30:00,0.81128,0.81136,0.81093,0.81117,178,18,0
2026-06-19 06:45:00,0.81115,0.81171,0.81106,0.81165,133,18,0
2026-06-19 07:00:00,0.81167,0.81192,0.81155,0.81167,169,18,0
2026-06-19 07:15:00,0.81166,0.81172,0.8112,0.81132,156,18,0
2026-06-19 07:30:00,0.81134,0.81148,0.81122,0.81137,130,18,0
2026-06-19 07:45:00,0.81141,0.81141,0.81109,0.81109,119,18,0
2026-06-19 08:00:00,0.81106,0.81157,0.81102,0.81135,181,18,0
2026-06-19 08:15:00,0.81132,0.81159,0.8113,0.81155,157,18,0
2026-06-19 08:30:00,0.81153,0.81168,0.81136,0.81144,155,18,0
2026-06-19 08:45:00,0.81143,0.81169,0.81138,0.81159,126,18,0
2026-06-19 09:00:00,0.8116,0.8117,0.81142,0.81166,170,18,0
2026-06-19 09:15:00,0.81168,0.8119,0.81166,0.81167,111,18,0
2026-06-19 09:30:00,0.81166,0.81219,0.81166,0.81203,142,18,0
2026-06-19 09:45:00,0.81202,0.81224,0.81192,0.81211,98,18,0
2026-06-19 10:00:00,0.81213,0.81225,0.81195,0.81198,92,18,0
2026-06-19 10:15:00,0.81196,0.81207,0.81186,0.81199,93,18,0
2026-06-19 10:30:00,0.81197,0.81215,0.81167,0.81167,110,18,0
2026-06-19 10:45:00,0.81169,0.81199,0.81166,0.81199,126,18,0
2026-06-19 11:00:00,0.81195,0.81208,0.81175,0.81202,150,18,0
2026-06-19 11:15:00,0.81203,0.81227,0.812,0.812,77,18,0
2026-06-19 11:30:00,0.81201,0.81234,0.812,0.81234,96,18,0
2026-06-19 11:45:00,0.81237,0.81245,0.81212,0.81214,100,18,0
2026-06-19 12:00:00,0.81215,0.81265,0.81214,0.81256,108,18,0
2026-06-19 12:15:00,0.8126,0.81282,0.81254,0.8127,99,18,0
2026-06-19 12:30:00,0.81269,0.81273,0.8123,0.81243,143,18,0
2026-06-19 12:45:00,0.81241,0.81326,0.81231,0.81324,290,18,0
2026-06-19 13:00:00,0.81326,0.81352,0.81297,0.81298,189,18,0
2026-06-19 13:15:00,0.81301,0.81323,0.813,0.81315,157,18,0
2026-06-19 13:30:00,0.81313,0.81316,0.8124,0.81243,188,18,0
2026-06-19 13:45:00,0.81241,0.81261,0.81229,0.8124,145,18,0
2026-06-19 14:00:00,0.81238,0.81255,0.81231,0.8124,141,18,0
2026-06-19 14:15:00,0.81241,0.81252,0.81222,0.8123,148,18,0
2026-06-19 14:30:00,0.81229,0.81231,0.81208,0.81223,125,18,0
2026-06-19 14:45:00,0.81224,0.8134,0.81224,0.8134,229,18,0
2026-06-19 15:00:00,0.81337,0.81354,0.81313,0.81336,188,18,0
2026-06-19 15:15:00,0.81333,0.81353,0.81331,0.8135,84,18,0
2026-06-19 15:30:00,0.81349,0.81352,0.81321,0.81335,108,18,0
2026-06-19 15:45:00,0.81337,0.81349,0.81315,0.81317,79,18,0
2026-06-19 16:00:00,0.81318,0.8133,0.81317,0.81321,77,18,0
2026-06-19 16:15:00,0.81322,0.81331,0.81307,0.81324,69,18,0
2026-06-19 16:30:00,0.81322,0.81322,0.81309,0.81319,59,18,0
2026-06-19 16:45:00,0.8132,0.81327,0.81313,0.81321,61,18,0
2026-06-19 17:00:00,0.81322,0.81327,0.81312,0.81322,96,18,0
2026-06-19 17:15:00,0.8132,0.81329,0.81309,0.81329,67,18,0
2026-06-19 17:30:00,0.8133,0.81332,0.81315,0.81315,35,18,0
2026-06-19 17:45:00,0.81314,0.81357,0.81312,0.81346,66,18,0
2026-06-19 18:00:00,0.81349,0.81355,0.81342,0.81353,66,18,0
2026-06-19 18:15:00,0.81354,0.81358,0.81342,0.81348,39,18,0
2026-06-19 18:30:00,0.8135,0.81362,0.81347,0.81362,37,18,0
2026-06-19 18:45:00,0.81364,0.81371,0.81359,0.81362,35,18,0
2026-06-19 19:00:00,0.81366,0.81393,0.81366,0.81391,151,18,0
2026-06-19 19:15:00,0.81388,0.81389,0.81354,0.81367,135,18,0
2026-06-19 19:30:00,0.8137,0.81383,0.81367,0.81371,104,18,0
2026-06-19 19:45:00,0.8137,0.81378,0.81352,0.81355,90,18,0
2026-06-19 20:00:00,0.81357,0.81361,0.81344,0.81355,368,18,0
2026-06-19 20:15:00,0.81358,0.81376,0.81323,0.81329,323,18,0
2026-06-19 20:30:00,0.81326,0.81344,0.81317,0.81335,383,18,0
2026-06-19 20:45:00,0.81332,0.81351,0.81158,0.81223,1748,18,0
2026-06-21 21:15:00,0.81195,0.81202,0.8107,0.81128,10,127,0
2026-06-21 21:30:00,0.81138,0.81201,0.81122,0.81201,51,115,0
2026-06-21 21:45:00,0.812,0.81221,0.81069,0.81173,88,60,0
2026-06-21 22:00:00,0.81212,0.81268,0.81172,0.81234,259,18,0
2026-06-21 22:15:00,0.81232,0.81259,0.81224,0.81249,69,18,0
2026-06-21 22:30:00,0.81251,0.81258,0.81231,0.81258,69,18,0
2026-06-21 22:45:00,0.81257,0.8128,0.81257,0.81273,75,18,0
2026-06-21 23:00:00,0.81275,0.81295,0.8126,0.81267,123,18,0
2026-06-21 23:15:00,0.81266,0.81275,0.81263,0.81275,56,18,0
2026-06-21 23:30:00,0.81277,0.81277,0.81239,0.81246,61,18,0
2026-06-21 23:45:00,0.81247,0.8126,0.81222,0.8126,91,18,0
2026-06-22 00:00:00,0.81262,0.81283,0.81246,0.81253,170,18,0
2026-06-22 00:15:00,0.81255,0.81262,0.81239,0.81255,147,18,0
2026-06-22 00:30:00,0.81256,0.81264,0.81232,0.81241,107,18,0
2026-06-22 00:45:00,0.81243,0.81282,0.81233,0.81279,135,18,0
2026-06-22 01:00:00,0.81282,0.81316,0.81276,0.81309,233,18,0
2026-06-22 01:15:00,0.81308,0.81322,0.81293,0.81314,141,18,0
2026-06-22 01:30:00,0.81311,0.81317,0.81284,0.81295,117,18,0
2026-06-22 01:45:00,0.81294,0.81297,0.81255,0.81255,101,18,0
2026-06-22 02:00:00,0.81256,0.81285,0.81248,0.81248,106,18,0
2026-06-22 02:15:00,0.81245,0.81255,0.81223,0.81243,106,18,0
2026-06-22 02:30:00,0.81244,0.8127,0.81237,0.81244,105,18,0
2026-06-22 02:45:00,0.81243,0.81253,0.81228,0.81228,88,18,0
2026-06-22 03:00:00,0.81231,0.81252,0.81224,0.81231,94,18,0
2026-06-22 03:15:00,0.81233,0.81266,0.81233,0.81256,81,18,0
2026-06-22 03:30:00,0.81258,0.8126,0.8123,0.81243,79,18,0
2026-06-22 03:45:00,0.81246,0.81261,0.81211,0.81225,85,18,0
2026-06-22 04:00:00,0.81226,0.81242,0.81206,0.81236,120,18,0
2026-06-22 04:15:00,0.81238,0.81245,0.8123,0.81238,88,18,0
2026-06-22 04:30:00,0.81236,0.81249,0.8122,0.81222,73,18,0
2026-06-22 04:45:00,0.81225,0.81237,0.81219,0.81228,97,18,0
2026-06-22 05:00:00,0.81231,0.81251,0.8123,0.81238,92,18,0
2026-06-22 05:15:00,0.81235,0.81264,0.81235,0.81254,101,18,0
2026-06-22 05:30:00,0.81256,0.81268,0.81237,0.81237,118,18,0
2026-06-22 05:45:00,0.81235,0.81246,0.81223,0.81232,142,18,0
2026-06-22 06:00:00,0.81234,0.81284,0.81224,0.81283,206,18,0
2026-06-22 06:15:00,0.81285,0.81296,0.81274,0.81284,182,18,0
2026-06-22 06:30:00,0.81283,0.81289,0.81242,0.81242,182,18,0
2026-06-22 06:45:00,0.81241,0.81258,0.81229,0.81243,144,18,0
2026-06-22 07:00:00,0.81244,0.81247,0.81199,0.81207,176,18,0
2026-06-22 07:15:00,0.81208,0.81215,0.81158,0.81159,123,18,0
2026-06-22 07:30:00,0.81156,0.81156,0.81121,0.81129,156,18,0
2026-06-22 07:45:00,0.81131,0.81131,0.81103,0.81118,142,18,0
2026-06-22 08:00:00,0.81121,0.81128,0.81077,0.81084,170,18,0
2026-06-22 08:15:00,0.81083,0.81119,0.81078,0.8109,172,18,0
2026-06-22 08:30:00,0.81091,0.81137,0.81088,0.81137,170,18,0
2026-06-22 08:45:00,0.8114,0.81144,0.81105,0.81114,131,18,0
2026-06-22 09:00:00,0.81117,0.81199,0.81112,0.81185,216,18,0
2026-06-22 09:15:00,0.81187,0.81205,0.81173,0.8118,119,18,0
2026-06-22 09:30:00,0.81178,0.81192,0.81165,0.81167,124,18,0
2026-06-22 09:45:00,0.81169,0.81184,0.81155,0.81155,123,18,0
2026-06-22 10:00:00,0.81154,0.8119,0.81143,0.81172,168,18,0
2026-06-22 10:15:00,0.8117,0.81178,0.81157,0.81171,106,18,0
2026-06-22 10:30:00,0.81173,0.81179,0.81148,0.81155,100,18,0
2026-06-22 10:45:00,0.81153,0.81163,0.81142,0.8115,99,18,0
2026-06-22 11:00:00,0.81149,0.81232,0.81149,0.81184,224,18,0
2026-06-22 11:15:00,0.81181,0.81187,0.81153,0.81166,111,18,0
2026-06-22 11:30:00,0.81169,0.81178,0.81151,0.81156,103,18,0
2026-06-22 11:45:00,0.81157,0.81157,0.81123,0.81123,101,18,0
2026-06-22 12:00:00,0.81126,0.81145,0.81119,0.81123,206,18,0
2026-06-22 12:15:00,0.81124,0.81169,0.81117,0.81152,172,18,0
2026-06-22 12:30:00,0.81149,0.81153,0.81106,0.8115,225,18,0
2026-06-22 12:45:00,0.81148,0.81153,0.81104,0.81106,160,18,0
2026-06-22 13:00:00,0.81102,0.81148,0.81088,0.81147,368,18,0
2026-06-22 13:15:00,0.81145,0.81179,0.81134,0.8116,216,18,0
2026-06-22 13:30:00,0.81163,0.81183,0.81121,0.81125,280,18,0
2026-06-22 13:45:00,0.81124,0.81141,0.81064,0.81072,289,18,0
2026-06-22 14:00:00,0.81074,0.8112,0.8105,0.81105,336,18,0
2026-06-22 14:15:00,0.81108,0.8112,0.81073,0.8109,260,18,0
2026-06-22 14:30:00,0.81088,0.81088,0.81049,0.81074,271,18,0
2026-06-22 14:45:00,0.81075,0.81127,0.81075,0.81104,394,18,0
2026-06-22 15:00:00,0.81106,0.8117,0.81104,0.8117,240,18,0
2026-06-22 15:15:00,0.81169,0.81176,0.81136,0.81136,216,18,0
2026-06-22 15:30:00,0.81139,0.81139,0.81105,0.81111,195,18,0
2026-06-22 15:45:00,0.81109,0.81111,0.81031,0.81031,210,18,0
2026-06-22 16:00:00,0.8103,0.81033,0.80972,0.80998,193,18,0
2026-06-22 16:15:00,0.80999,0.81,0.8096,0.80979,158,18,0
2026-06-22 16:30:00,0.80977,0.80985,0.80969,0.80976,139,18,0
2026-06-22 16:45:00,0.80973,0.81008,0.8097,0.81003,130,18,0
2026-06-22 17:00:00,0.81005,0.81009,0.80981,0.80983,88,18,0
2026-06-22 17:15:00,0.80985,0.80991,0.80957,0.80959,107,18,0
2026-06-22 17:30:00,0.80956,0.80961,0.80898,0.80911,123,18,0
2026-06-22 17:45:00,0.80907,0.8092,0.80901,0.80904,99,18,0
2026-06-22 18:00:00,0.80903,0.80909,0.80893,0.80901,81,18,0
2026-06-22 18:15:00,0.80902,0.80904,0.80878,0.80882,94,18,0
2026-06-22 18:30:00,0.80884,0.80888,0.80858,0.80859,92,18,0
2026-06-22 18:45:00,0.80856,0.80863,0.8084,0.80851,98,18,0
2026-06-22 19:00:00,0.8085,0.80865,0.80844,0.80859,101,18,0
2026-06-22 19:15:00,0.80861,0.80865,0.80842,0.80846,70,18,0
2026-06-22 19:30:00,0.80845,0.80877,0.80843,0.8087,59,18,0
2026-06-22 19:45:00,0.80871,0.80916,0.80868,0.80898,114,18,0
2026-06-22 20:00:00,0.80901,0.80923,0.80898,0.80922,68,18,0
2026-06-22 20:15:00,0.80921,0.80927,0.80899,0.80899,64,18,0
2026-06-22 20:30:00,0.80896,0.80901,0.80886,0.80897,41,18,0
2026-06-22 20:45:00,0.80896,0.80896,0.80872,0.80888,66,11,0
2026-06-22 21:00:00,0.80887,0.80887,0.80878,0.80878,9,18,0
2026-06-22 21:15:00,0.80875,0.80878,0.80872,0.80872,27,57,0
2026-06-22 21:30:00,0.8087,0.80874,0.80869,0.80873,50,98,0
2026-06-22 21:45:00,0.80873,0.80888,0.80866,0.80888,68,84,0
2026-06-22 22:00:00,0.80906,0.80925,0.80881,0.80918,87,14,0
2026-06-22 22:15:00,0.80915,0.80916,0.80895,0.80896,42,14,0
2026-06-22 22:30:00,0.80895,0.80898,0.80869,0.80877,52,13,0
2026-06-22 22:45:00,0.80879,0.80888,0.80853,0.80855,79,13,0
2026-06-22 23:00:00,0.80851,0.80867,0.8085,0.80856,56,18,0
2026-06-22 23:15:00,0.80854,0.8086,0.80851,0.80857,34,18,0
2026-06-22 23:30:00,0.80855,0.80857,0.80844,0.80844,27,18,0
2026-06-22 23:45:00,0.80843,0.80847,0.80828,0.80847,74,18,0
2026-06-23 00:00:00,0.80845,0.80847,0.80783,0.80784,140,18,0
2026-06-23 00:15:00,0.80786,0.80792,0.80726,0.80732,125,18,0
2026-06-23 00:30:00,0.80734,0.80752,0.80721,0.80752,121,18,0
2026-06-23 00:45:00,0.80755,0.80764,0.80731,0.80734,142,18,0
2026-06-23 01:00:00,0.80736,0.80774,0.80733,0.80765,153,18,0
2026-06-23 01:15:00,0.80763,0.80792,0.80755,0.80788,148,18,0
2026-06-23 01:30:00,0.80789,0.80808,0.80777,0.80795,139,18,0
2026-06-23 01:45:00,0.80794,0.80812,0.80785,0.80787,155,18,0
2026-06-23 02:00:00,0.80789,0.80792,0.80737,0.80761,137,18,0
2026-06-23 02:15:00,0.80765,0.80807,0.80764,0.80794,124,18,0
2026-06-23 02:30:00,0.80796,0.80822,0.80779,0.80809,107,18,0
2026-06-23 02:45:00,0.80808,0.80809,0.80746,0.80749,115,18,0
2026-06-23 03:00:00,0.80747,0.80772,0.80685,0.807,196,18,0
2026-06-23 03:15:00,0.80698,0.80723,0.80673,0.80723,126,18,0
2026-06-23 03:30:00,0.8072,0.80743,0.80714,0.80727,105,18,0
2026-06-23 03:45:00,0.80726,0.80771,0.80698,0.80771,102,18,0
2026-06-23 04:00:00,0.80773,0.80775,0.8075,0.80751,97,18,0
2026-06-23 04:15:00,0.80749,0.80753,0.80726,0.80733,87,18,0
2026-06-23 04:30:00,0.80732,0.80732,0.80707,0.80711,79,18,0
2026-06-23 04:45:00,0.80712,0.80718,0.80681,0.80689,89,18,0
2026-06-23 05:00:00,0.80686,0.80686,0.80661,0.80664,113,18,0
2026-06-23 05:15:00,0.80665,0.80696,0.80662,0.80688,94,18,0
2026-06-23 05:30:00,0.80687,0.80699,0.80673,0.80696,164,18,0
2026-06-23 05:45:00,0.80697,0.80697,0.80668,0.8069,137,18,0
2026-06-23 06:00:00,0.80689,0.80711,0.80666,0.80706,208,18,0
2026-06-23 06:15:00,0.80708,0.8072,0.80674,0.80676,194,18,0
2026-06-23 06:30:00,0.80674,0.80686,0.80625,0.80629,180,18,0
2026-06-23 06:45:00,0.80627,0.80651,0.80624,0.80627,166,18,0
2026-06-23 07:00:00,0.80629,0.80672,0.80614,0.80633,267,18,0
2026-06-23 07:15:00,0.80636,0.80663,0.80619,0.80661,212,18,0
2026-06-23 07:30:00,0.80657,0.80658,0.80612,0.80619,233,18,0
2026-06-23 07:45:00,0.80618,0.80623,0.80568,0.80571,205,18,0
2026-06-23 08:00:00,0.80574,0.80629,0.80559,0.80611,240,18,0
2026-06-23 08:15:00,0.80612,0.80617,0.80566,0.80576,169,18,0
2026-06-23 08:30:00,0.80573,0.80592,0.80573,0.80578,148,18,0
2026-06-23 08:45:00,0.8058,0.80619,0.80568,0.80617,127,18,0
2026-06-23 09:00:00,0.80618,0.80677,0.8061,0.80675,160,18,0
2026-06-23 09:15:00,0.80674,0.80682,0.80648,0.80654,137,18,0
2026-06-23 09:30:00,0.80653,0.8068,0.80641,0.80677,146,18,0
2026-06-23 09:45:00,0.80674,0.80717,0.80674,0.80717,117,18,0
2026-06-23 10:00:00,0.80715,0.80737,0.80712,0.80723,109,18,0
2026-06-23 10:15:00,0.80726,0.80738,0.807,0.807,100,18,0
2026-06-23 10:30:00,0.80697,0.80698,0.80663,0.80663,104,18,0
2026-06-23 10:45:00,0.80664,0.80666,0.80615,0.80642,168,18,0
2026-06-23 11:00:00,0.8064,0.80662,0.80637,0.80643,146,18,0
2026-06-23 11:15:00,0.8064,0.80644,0.80603,0.80604,171,18,0
2026-06-23 11:30:00,0.80601,0.80609,0.80589,0.80595,119,18,0
2026-06-23 11:45:00,0.80596,0.80596,0.80503,0.80506,152,18,0
2026-06-23 12:00:00,0.80504,0.80556,0.80501,0.8054,220,18,0
2026-06-23 12:15:00,0.80538,0.80555,0.80496,0.80501,172,18,0
2026-06-23 12:30:00,0.80504,0.80525,0.80456,0.80456,184,18,0
2026-06-23 12:45:00,0.80459,0.80468,0.80452,0.80466,150,18,0
2026-06-23 13:00:00,0.80467,0.80524,0.80455,0.80474,197,18,0
2026-06-23 13:15:00,0.80472,0.80495,0.80457,0.80489,180,18,0
2026-06-23 13:30:00,0.80492,0.80533,0.80479,0.80489,320,18,0
2026-06-23 13:45:00,0.80486,0.80503,0.80464,0.80487,268,18,0
2026-06-23 14:00:00,0.80485,0.80571,0.80482,0.80567,323,18,0
2026-06-23 14:15:00,0.80569,0.80582,0.8054,0.80557,232,18,0
2026-06-23 14:30:00,0.80559,0.80576,0.80539,0.80561,245,18,0
2026-06-23 14:45:00,0.80564,0.80623,0.80562,0.80611,321,18,0
2026-06-23 15:00:00,0.80612,0.80629,0.80588,0.80615,248,18,0
2026-06-23 15:15:00,0.80617,0.80622,0.80575,0.80576,197,18,0
2026-06-23 15:30:00,0.80579,0.80591,0.80497,0.80515,240,18,0
2026-06-23 15:45:00,0.80516,0.80519,0.80488,0.80507,165,18,0
2026-06-23 16:00:00,0.80509,0.80538,0.80506,0.80535,158,18,0
2026-06-23 16:15:00,0.80532,0.80534,0.80508,0.80516,115,18,0
2026-06-23 16:30:00,0.80515,0.80534,0.80504,0.80534,88,18,0
2026-06-23 16:45:00,0.80533,0.80537,0.80515,0.80518,114,18,0
2026-06-23 17:00:00,0.80516,0.80532,0.80506,0.8053,122,18,0
2026-06-23 17:15:00,0.80532,0.80551,0.80527,0.80542,106,18,0
2026-06-23 17:30:00,0.80544,0.80554,0.8052,0.80526,109,18,0
2026-06-23 17:45:00,0.80525,0.80538,0.80504,0.80511,96,18,0
2026-06-23 18:00:00,0.80512,0.80522,0.805,0.80504,94,18,0
2026-06-23 18:15:00,0.80506,0.80527,0.80506,0.80513,78,18,0
2026-06-23 18:30:00,0.80515,0.80515,0.80492,0.80504,120,18,0
2026-06-23 18:45:00,0.80506,0.80518,0.80493,0.80518,108,18,0
2026-06-23 19:00:00,0.80517,0.80556,0.80513,0.80546,121,18,0
2026-06-23 19:15:00,0.8055,0.80555,0.80522,0.80532,106,18,0
2026-06-23 19:30:00,0.80531,0.80535,0.80522,0.80533,103,18,0
2026-06-23 19:45:00,0.80534,0.80537,0.805,0.805,120,18,0
2026-06-23 20:00:00,0.80502,0.80522,0.80496,0.8051,99,18,0
2026-06-23 20:15:00,0.80509,0.80515,0.80502,0.80514,58,18,0
2026-06-23 20:30:00,0.8051,0.80522,0.80505,0.80518,43,18,0
2026-06-23 20:45:00,0.80517,0.80526,0.80494,0.80517,60,11,0
2026-06-23 21:00:00,0.80516,0.80523,0.80514,0.80515,16,25,0
2026-06-23 21:15:00,0.80516,0.80516,0.80501,0.80509,32,71,0
2026-06-23 21:30:00,0.80508,0.80518,0.80501,0.80518,61,71,0
2026-06-23 21:45:00,0.80517,0.80524,0.80511,0.80522,60,45,0
2026-06-23 22:00:00,0.80552,0.80561,0.80534,0.80549,75,13,0
2026-06-23 22:15:00,0.80547,0.80557,0.80545,0.80547,53,13,0
2026-06-23 22:30:00,0.8055,0.80564,0.80538,0.80552,66,13,0
2026-06-23 22:45:00,0.80551,0.80555,0.8054,0.80542,32,13,0
2026-06-23 23:00:00,0.80539,0.80544,0.80505,0.80505,57,18,0
2026-06-23 23:15:00,0.80507,0.80507,0.80488,0.80488,26,18,0
2026-06-23 23:30:00,0.80485,0.80486,0.80463,0.80471,50,18,0
2026-06-23 23:45:00,0.8047,0.80498,0.80464,0.80471,98,18,0
2026-06-24 00:00:00,0.80473,0.8055,0.8047,0.80528,240,18,0
2026-06-24 00:15:00,0.8053,0.80543,0.80501,0.80515,170,18,0
2026-06-24 00:30:00,0.80518,0.80529,0.80509,0.80521,117,18,0
2026-06-24 00:45:00,0.8052,0.8053,0.80494,0.80501,132,18,0
2026-06-24 01:00:00,0.80504,0.80519,0.80476,0.8049,194,18,0
2026-06-24 01:15:00,0.80489,0.80492,0.80448,0.80472,149,18,0
2026-06-24 01:30:00,0.80468,0.80483,0.80429,0.80431,207,18,0
2026-06-24 01:45:00,0.80433,0.80452,0.80408,0.8044,160,18,0
2026-06-24 02:00:00,0.80439,0.80445,0.80416,0.80432,101,18,0
2026-06-24 02:15:00,0.8043,0.80437,0.80418,0.80434,115,18,0
2026-06-24 02:30:00,0.80436,0.80442,0.80397,0.804,111,18,0
2026-06-24 02:45:00,0.80399,0.804,0.80347,0.80351,158,18,0
2026-06-24 03:00:00,0.80354,0.80394,0.80343,0.80386,153,18,0
2026-06-24 03:15:00,0.80384,0.80398,0.8037,0.80398,142,18,0
2026-06-24 03:30:00,0.80401,0.80403,0.80377,0.80383,109,18,0
2026-06-24 03:45:00,0.80381,0.80382,0.80358,0.80358,81,18,0
2026-06-24 04:00:00,0.80359,0.80359,0.8033,0.80334,75,18,0
2026-06-24 04:15:00,0.80332,0.80344,0.80322,0.80338,50,18,0
2026-06-24 04:30:00,0.8034,0.80364,0.8034,0.80359,70,18,0
2026-06-24 04:45:00,0.8036,0.80369,0.80346,0.80356,71,18,0
2026-06-24 05:00:00,0.80357,0.80395,0.80354,0.80385,97,18,0
2026-06-24 05:15:00,0.80382,0.80401,0.80381,0.80386,112,18,0
2026-06-24 05:30:00,0.80388,0.80407,0.80377,0.80378,115,18,0
2026-06-24 05:45:00,0.80377,0.80399,0.80377,0.80394,95,18,0
2026-06-24 06:00:00,0.80395,0.80458,0.80393,0.80456,148,18,0
2026-06-24 06:15:00,0.80454,0.80467,0.80433,0.80443,115,18,0
2026-06-24 06:30:00,0.80444,0.80458,0.8041,0.80414,128,18,0
2026-06-24 06:45:00,0.80413,0.8042,0.80372,0.80378,107,18,0
2026-06-24 07:00:00,0.8038,0.80381,0.80356,0.80371,144,18,0
2026-06-24 07:15:00,0.80373,0.80389,0.80369,0.80379,131,18,0
2026-06-24 07:30:00,0.80382,0.80417,0.80376,0.80413,117,18,0
2026-06-24 07:45:00,0.8041,0.80414,0.8034,0.80342,148,18,0
2026-06-24 08:00:00,0.80343,0.80356,0.80306,0.8031,194,18,0
2026-06-24 08:15:00,0.80309,0.80353,0.80307,0.80329,189,18,0
2026-06-24 08:30:00,0.80331,0.80349,0.80314,0.80338,162,18,0
2026-06-24 08:45:00,0.80339,0.80347,0.80326,0.80334,118,18,0
2026-06-24 09:00:00,0.80336,0.80337,0.80305,0.80325,162,18,0
2026-06-24 09:15:00,0.80327,0.80327,0.80263,0.8028,125,18,0
2026-06-24 09:30:00,0.80281,0.80303,0.80274,0.80281,148,18,0
2026-06-24 09:45:00,0.80279,0.80281,0.80247,0.80252,122,18,0
2026-06-24 10:00:00,0.80255,0.80255,0.80188,0.80204,163,18,0
2026-06-24 10:15:00,0.80207,0.80215,0.80159,0.80159,132,18,0
2026-06-24 10:30:00,0.8016,0.80164,0.80123,0.80143,148,18,0
2026-06-24 10:45:00,0.80144,0.80153,0.80129,0.80143,117,18,0
2026-06-24 11:00:00,0.80144,0.80171,0.80141,0.80161,142,18,0
2026-06-24 11:15:00,0.8016,0.80181,0.80152,0.8018,126,18,0
2026-06-24 11:30:00,0.80181,0.80233,0.80179,0.80224,161,18,0
2026-06-24 11:45:00,0.80221,0.8027,0.80219,0.80256,213,18,0
2026-06-24 12:00:00,0.80257,0.8031,0.80253,0.80303,208,18,0
2026-06-24 12:15:00,0.80307,0.80307,0.80237,0.80244,209,18,0
2026-06-24 12:30:00,0.80246,0.80246,0.80181,0.80203,272,18,0
2026-06-24 12:45:00,0.80206,0.80234,0.80192,0.80211,201,18,0
2026-06-24 13:00:00,0.80212,0.80256,0.80206,0.80244,239,18,0
2026-06-24 13:15:00,0.80248,0.80293,0.80241,0.80287,239,18,0
2026-06-24 13:30:00,0.80284,0.80325,0.8025,0.80261,295,18,0
2026-06-24 13:45:00,0.8026,0.80338,0.80241,0.8033,311,18,0
2026-06-24 14:00:00,0.80329,0.80342,0.80316,0.80323,288,18,0
2026-06-24 14:15:00,0.80326,0.80332,0.80298,0.80306,296,18,0
2026-06-24 14:30:00,0.80307,0.8033,0.80288,0.80304,258,18,0
2026-06-24 14:45:00,0.80305,0.80328,0.80287,0.80327,286,18,0
2026-06-24 15:00:00,0.80329,0.8036,0.80319,0.80353,248,18,0
2026-06-24 15:15:00,0.80351,0.80385,0.80337,0.80361,238,18,0
2026-06-24 15:30:00,0.80362,0.80363,0.80328,0.80343,208,18,0
2026-06-24 15:45:00,0.80342,0.80361,0.8033,0.80355,154,18,0
2026-06-24 16:00:00,0.80352,0.80361,0.80333,0.80344,157,18,0
2026-06-24 16:15:00,0.80345,0.80354,0.80329,0.8034,146,18,0
2026-06-24 16:30:00,0.80342,0.80369,0.80319,0.80342,198,18,0
2026-06-24 16:45:00,0.80343,0.80372,0.80325,0.80342,144,18,0
2026-06-24 17:00:00,0.80343,0.8035,0.80305,0.80306,155,18,0
2026-06-24 17:15:00,0.80308,0.80311,0.80279,0.80282,167,18,0
2026-06-24 17:30:00,0.80283,0.80313,0.80274,0.8028,200,18,0
2026-06-24 17:45:00,0.80278,0.80283,0.80249,0.80255,160,18,0
2026-06-24 18:00:00,0.80258,0.8028,0.8024,0.80279,166,18,0
2026-06-24 18:15:00,0.8028,0.80308,0.80279,0.80303,154,18,0
2026-06-24 18:30:00,0.80302,0.80311,0.80287,0.80295,119,18,0
2026-06-24 18:45:00,0.80294,0.80305,0.80266,0.8027,139,18,0
2026-06-24 19:00:00,0.80268,0.8029,0.80259,0.80279,147,18,0
2026-06-24 19:15:00,0.80277,0.80292,0.8027,0.80292,101,18,0
2026-06-24 19:30:00,0.80289,0.80304,0.80289,0.80298,122,18,0
2026-06-24 19:45:00,0.803,0.80332,0.803,0.80303,135,18,0
2026-06-24 20:00:00,0.803,0.80342,0.80297,0.80331,185,18,0
2026-06-24 20:15:00,0.8033,0.80377,0.80328,0.80375,97,18,0
2026-06-24 20:30:00,0.80377,0.80397,0.80377,0.80397,81,18,0
2026-06-24 20:45:00,0.80395,0.80406,0.80384,0.80397,138,13,0
2026-06-24 21:00:00,0.80396,0.80396,0.80357,0.80357,17,17,0
2026-06-24 21:15:00,0.80355,0.80355,0.80317,0.80342,43,62,0
2026-06-24 21:30:00,0.80343,0.80356,0.80313,0.80322,151,74,0
2026-06-24 21:45:00,0.80322,0.80366,0.80302,0.80302,116,87,0
2026-06-24 22:00:00,0.80303,0.80409,0.80284,0.80395,166,14,0
2026-06-24 22:15:00,0.80394,0.80394,0.8036,0.80362,48,14,0
2026-06-24 22:30:00,0.80364,0.80377,0.8036,0.80374,55,14,0
2026-06-24 22:45:00,0.80371,0.80376,0.80349,0.80354,31,13,0
2026-06-24 23:00:00,0.80352,0.80354,0.80331,0.8035,52,18,0
2026-06-24 23:15:00,0.80351,0.80356,0.80345,0.80353,32,18,0
2026-06-24 23:30:00,0.80351,0.80351,0.80334,0.80344,38,18,0
2026-06-24 23:45:00,0.80343,0.80348,0.80322,0.80325,68,18,0
2026-06-25 00:00:00,0.80328,0.80333,0.80305,0.80316,137,18,0
2026-06-25 00:15:00,0.80319,0.80331,0.80311,0.80321,88,18,0
2026-06-25 00:30:00,0.80319,0.80323,0.80298,0.80312,77,18,0
2026-06-25 00:45:00,0.80311,0.80357,0.80306,0.80336,116,18,0
2026-06-25 01:00:00,0.80338,0.80375,0.80336,0.80368,156,18,0
2026-06-25 01:15:00,0.80366,0.80409,0.80359,0.8036,154,18,0
2026-06-25 01:30:00,0.80359,0.80373,0.80292,0.80292,236,18,0
2026-06-25 01:45:00,0.8029,0.80302,0.80253,0.80256,164,18,0
2026-06-25 02:00:00,0.80257,0.80285,0.80238,0.80239,137,18,0
2026-06-25 02:15:00,0.80238,0.80265,0.80224,0.80244,89,18,0
2026-06-25 02:30:00,0.80241,0.80241,0.8018,0.80182,120,18,0
2026-06-25 02:45:00,0.8018,0.8023,0.8018,0.80229,95,18,0
2026-06-25 03:00:00,0.80228,0.8024,0.80218,0.80224,108,18,0
2026-06-25 03:15:00,0.80228,0.80255,0.80217,0.80243,103,18,0
2026-06-25 03:30:00,0.80246,0.80255,0.80235,0.80253,80,18,0
2026-06-25 03:45:00,0.80252,0.80295,0.80247,0.80284,85,18,0
2026-06-25 04:00:00,0.80288,0.80296,0.8028,0.80284,84,18,0
2026-06-25 04:15:00,0.80285,0.8032,0.80285,0.80314,77,18,0
2026-06-25 04:30:00,0.80313,0.80318,0.80306,0.8031,49,18,0
2026-06-25 04:45:00,0.80314,0.8035,0.80312,0.80346,50,18,0
2026-06-25 05:00:00,0.80349,0.80378,0.80349,0.8035,72,18,0
2026-06-25 05:15:00,0.80352,0.80352,0.80336,0.80343,65,18,0
2026-06-25 05:30:00,0.80344,0.8037,0.80338,0.80354,96,18,0
2026-06-25 05:45:00,0.80351,0.80354,0.80337,0.80345,106,18,0
2026-06-25 06:00:00,0.80342,0.80366,0.80332,0.80333,121,18,0
2026-06-25 06:15:00,0.80331,0.80331,0.80307,0.80307,133,18,0
2026-06-25 06:30:00,0.80305,0.80318,0.80263,0.80276,171,18,0
2026-06-25 06:45:00,0.80279,0.80286,0.80259,0.80268,122,18,0
2026-06-25 07:00:00,0.8027,0.80293,0.8025,0.80253,194,18,0
2026-06-25 07:15:00,0.80254,0.80274,0.8023,0.80257,165,18,0
2026-06-25 07:30:00,0.8026,0.80288,0.80258,0.80273,152,18,0
2026-06-25 07:45:00,0.80272,0.80299,0.80259,0.80299,122,18,0
2026-06-25 08:00:00,0.803,0.80343,0.803,0.80325,211,18,0
2026-06-25 08:15:00,0.80324,0.80351,0.80304,0.80345,144,18,0
2026-06-25 08:30:00,0.80342,0.80357,0.80335,0.80352,153,18,0
2026-06-25 08:45:00,0.8035,0.80353,0.80325,0.8033,138,18,0
2026-06-25 09:00:00,0.80332,0.80361,0.80328,0.80356,110,18,0
2026-06-25 09:15:00,0.80354,0.80391,0.80353,0.80391,102,18,0
2026-06-25 09:30:00,0.8039,0.80395,0.80358,0.80358,111,18,0
2026-06-25 09:45:00,0.80357,0.80376,0.80352,0.80364,96,18,0
2026-06-25 10:00:00,0.80362,0.80364,0.8033,0.8033,97,18,0
2026-06-25 10:15:00,0.80329,0.80334,0.80309,0.80332,93,18,0
2026-06-25 10:30:00,0.8033,0.80337,0.80309,0.8031,90,18,0
2026-06-25 10:45:00,0.80311,0.80314,0.80292,0.80307,113,18,0
2026-06-25 11:00:00,0.80306,0.80313,0.80288,0.803,98,18,0
2026-06-25 11:15:00,0.80299,0.80307,0.80285,0.8029,91,18,0
2026-06-25 11:30:00,0.80292,0.80298,0.80268,0.80282,101,18,0
2026-06-25 11:45:00,0.80285,0.80285,0.80245,0.80248,130,18,0
2026-06-25 12:00:00,0.80251,0.80271,0.80246,0.80269,149,18,0
2026-06-25 12:15:00,0.80268,0.80275,0.80254,0.8026,123,18,0
2026-06-25 12:30:00,0.80263,0.80348,0.80258,0.80337,590,18,0
2026-06-25 12:45:00,0.80335,0.80374,0.80327,0.80341,318,18,0
2026-06-25 13:00:00,0.80343,0.80367,0.80299,0.80306,260,18,0
2026-06-25 13:15:00,0.80308,0.80316,0.8028,0.80299,272,18,0
2026-06-25 13:30:00,0.803,0.80308,0.80218,0.80218,312,18,0
2026-06-25 13:45:00,0.80217,0.80231,0.80187,0.80195,439,18,0
2026-06-25 14:00:00,0.80198,0.80279,0.80181,0.80229,492,18,0
2026-06-25 14:15:00,0.80227,0.80245,0.80159,0.80171,364,18,0
2026-06-25 14:30:00,0.8017,0.80181,0.80153,0.80162,355,18,0
2026-06-25 14:45:00,0.80166,0.80229,0.80153,0.80225,331,18,0
2026-06-25 15:00:00,0.80227,0.80278,0.80221,0.80227,337,18,0
2026-06-25 15:15:00,0.80226,0.80261,0.802,0.80251,311,18,0
2026-06-25 15:30:00,0.80252,0.80275,0.80245,0.80269,247,18,0
2026-06-25 15:45:00,0.80266,0.80282,0.80243,0.8027,216,18,0
2026-06-25 16:00:00,0.80273,0.80276,0.80235,0.80238,211,18,0
2026-06-25 16:15:00,0.8024,0.80257,0.80236,0.80239,177,18,0
2026-06-25 16:30:00,0.80234,0.80237,0.80195,0.80204,199,18,0
2026-06-25 16:45:00,0.80206,0.80208,0.80182,0.80187,173,18,0
2026-06-25 17:00:00,0.80189,0.80199,0.80186,0.80192,148,18,0
2026-06-25 17:15:00,0.80193,0.802,0.80175,0.80198,130,18,0
2026-06-25 17:30:00,0.80196,0.8021,0.80185,0.80193,114,18,0
2026-06-25 17:45:00,0.80192,0.80212,0.8018,0.802,130,18,0
2026-06-25 18:00:00,0.80198,0.80217,0.80157,0.80217,220,18,0
2026-06-25 18:15:00,0.80214,0.80224,0.80205,0.8021,130,18,0
2026-06-25 18:30:00,0.80212,0.80212,0.80189,0.80197,151,18,0
2026-06-25 18:45:00,0.80195,0.80215,0.8018,0.80187,156,18,0
2026-06-25 19:00:00,0.80183,0.80186,0.80163,0.8017,128,18,0
2026-06-25 19:15:00,0.80171,0.80184,0.80163,0.80184,111,18,0
2026-06-25 19:30:00,0.80182,0.802,0.80169,0.80174,130,18,0
2026-06-25 19:45:00,0.80173,0.80174,0.80154,0.80165,159,18,0
2026-06-25 20:00:00,0.80166,0.80178,0.8016,0.80172,107,18,0
2026-06-25 20:15:00,0.80173,0.80199,0.80173,0.80178,49,18,0
2026-06-25 20:30:00,0.80176,0.80176,0.80161,0.80169,20,18,0
2026-06-25 20:45:00,0.80167,0.80188,0.80163,0.8018,59,11,0
2026-06-25 21:00:00,0.80182,0.80182,0.80154,0.8016,51,11,0
2026-06-25 21:15:00,0.80162,0.80171,0.80158,0.80158,40,92,0
2026-06-25 21:30:00,0.80155,0.80155,0.80118,0.80136,69,101,0
2026-06-25 21:45:00,0.80133,0.8017,0.80133,0.80157,53,62,0
2026-06-25 22:00:00,0.80174,0.8019,0.80153,0.80169,83,14,0
2026-06-25 22:15:00,0.80168,0.80198,0.80168,0.8019,68,14,0
2026-06-25 22:30:00,0.80191,0.80191,0.80175,0.80175,26,13,0
2026-06-25 22:45:00,0.80176,0.80181,0.8013,0.8013,105,13,0
2026-06-25 23:00:00,0.80131,0.80149,0.8012,0.80146,93,13,0
2026-06-25 23:15:00,0.80145,0.80148,0.80137,0.80138,58,18,0
2026-06-25 23:30:00,0.8014,0.80142,0.8012,0.80132,54,18,0
2026-06-25 23:45:00,0.80128,0.80139,0.80106,0.80116,73,18,0
2026-06-26 00:00:00,0.80119,0.80141,0.80115,0.80134,170,18,0
2026-06-26 00:15:00,0.80133,0.80143,0.80101,0.80108,140,18,0
2026-06-26 00:30:00,0.8011,0.8013,0.80104,0.80121,135,18,0
2026-06-26 00:45:00,0.80123,0.80133,0.80095,0.80095,136,18,0
2026-06-26 01:00:00,0.80096,0.80124,0.80083,0.80097,139,18,0
2026-06-26 01:15:00,0.80095,0.80124,0.80093,0.80112,147,18,0
2026-06-26 01:30:00,0.80114,0.80122,0.80054,0.8006,188,18,0
2026-06-26 01:45:00,0.80058,0.80074,0.80041,0.80062,151,18,0
2026-06-26 02:00:00,0.80064,0.80074,0.80012,0.80014,124,18,0
2026-06-26 02:15:00,0.80011,0.80014,0.79939,0.79943,198,18,0
2026-06-26 02:30:00,0.79946,0.79995,0.79941,0.79983,148,18,0
2026-06-26 02:45:00,0.79981,0.79998,0.79971,0.79998,151,18,0
2026-06-26 03:00:00,0.79996,0.80021,0.79989,0.80019,161,18,0
2026-06-26 03:15:00,0.80022,0.80027,0.80006,0.80015,84,18,0
2026-06-26 03:30:00,0.80013,0.80027,0.8,0.80027,147,18,0
2026-06-26 03:45:00,0.80026,0.80047,0.80006,0.80046,169,18,0
2026-06-26 04:00:00,0.8005,0.80067,0.80044,0.80057,124,18,0
2026-06-26 04:15:00,0.80056,0.80084,0.80053,0.8006,105,18,0
2026-06-26 04:30:00,0.80057,0.80061,0.80025,0.80039,108,18,0
2026-06-26 04:45:00,0.80038,0.80055,0.80034,0.8004,103,18,0
2026-06-26 05:00:00,0.80042,0.80078,0.80037,0.80078,103,18,0
2026-06-26 05:15:00,0.8008,0.80114,0.8007,0.80109,116,18,0
2026-06-26 05:30:00,0.80112,0.80121,0.80083,0.80083,111,18,0
2026-06-26 05:45:00,0.80081,0.80109,0.8007,0.80108,146,18,0
2026-06-26 06:00:00,0.80105,0.8012,0.80086,0.80114,164,18,0
2026-06-26 06:15:00,0.80115,0.80122,0.80106,0.80121,157,18,0
2026-06-26 06:30:00,0.80123,0.80144,0.80121,0.80144,151,18,0
2026-06-26 06:45:00,0.80141,0.80173,0.80135,0.80135,148,18,0
2026-06-26 07:00:00,0.80137,0.80157,0.80123,0.80153,172,18,0
2026-06-26 07:15:00,0.80152,0.80152,0.80119,0.80128,156,18,0
2026-06-26 07:30:00,0.8013,0.80171,0.80127,0.8015,133,18,0
2026-06-26 07:45:00,0.80151,0.80155,0.80131,0.80149,154,18,0
2026-06-26 08:00:00,0.80147,0.80161,0.80107,0.80134,249,18,0
2026-06-26 08:15:00,0.80135,0.80173,0.80129,0.80173,200,18,0
2026-06-26 08:30:00,0.80171,0.80171,0.80129,0.80135,173,18,0
2026-06-26 08:45:00,0.80138,0.80162,0.80131,0.80142,197,18,0
2026-06-26 09:00:00,0.8014,0.80146,0.80117,0.80139,169,18,0
2026-06-26 09:15:00,0.80141,0.80171,0.8014,0.80156,164,18,0
2026-06-26 09:30:00,0.80157,0.80199,0.80144,0.80189,126,18,0
2026-06-26 09:45:00,0.80188,0.80213,0.80182,0.80183,148,18,0
2026-06-26 10:00:00,0.80186,0.80186,0.80151,0.80174,143,18,0
2026-06-26 10:15:00,0.80171,0.80174,0.80145,0.80156,106,18,0
2026-06-26 10:30:00,0.80155,0.80181,0.80153,0.80163,133,18,0
2026-06-26 10:45:00,0.80162,0.80179,0.80153,0.80173,109,18,0
2026-06-26 11:00:00,0.80175,0.8018,0.80159,0.80162,131,18,0
2026-06-26 11:15:00,0.80163,0.80167,0.80139,0.80142,129,18,0
2026-06-26 11:30:00,0.80139,0.80158,0.80136,0.80145,148,18,0
2026-06-26 11:45:00,0.80146,0.80155,0.80107,0.80114,164,18,0
2026-06-26 12:00:00,0.80112,0.80126,0.80106,0.80111,160,18,0
2026-06-26 12:15:00,0.8011,0.80121,0.80068,0.80075,167,18,0
2026-06-26 12:30:00,0.80077,0.80087,0.80062,0.80077,196,18,0
2026-06-26 12:45:00,0.80073,0.80121,0.80062,0.80107,231,18,0
2026-06-26 13:00:00,0.80109,0.80149,0.80104,0.80145,262,18,0
2026-06-26 13:15:00,0.80143,0.80144,0.80061,0.80105,373,18,0
2026-06-26 13:30:00,0.80102,0.80123,0.80069,0.80117,319,18,0
2026-06-26 13:45:00,0.80115,0.80138,0.80091,0.80138,261,18,0
2026-06-26 14:00:00,0.80141,0.80178,0.80138,0.80175,246,18,0
2026-06-26 14:15:00,0.80172,0.80178,0.80145,0.80166,212,18,0
2026-06-26 14:30:00,0.80163,0.80177,0.80132,0.8017,247,18,0
2026-06-26 14:45:00,0.80172,0.80188,0.80136,0.80166,402,18,0
2026-06-26 15:00:00,0.80167,0.80179,0.80139,0.80154,250,18,0
2026-06-26 15:15:00,0.80152,0.80168,0.80143,0.80149,184,18,0
2026-06-26 15:30:00,0.80152,0.80172,0.80147,0.80158,171,18,0
2026-06-26 15:45:00,0.80159,0.80159,0.80111,0.80121,277,18,0
2026-06-26 16:00:00,0.80123,0.80123,0.80077,0.80089,175,18,0
2026-06-26 16:15:00,0.80088,0.8009,0.80059,0.80083,169,18,0
2026-06-26 16:30:00,0.80085,0.80106,0.80055,0.80069,169,18,0
2026-06-26 16:45:00,0.8007,0.80074,0.8005,0.80052,108,18,0
2026-06-26 17:00:00,0.8005,0.80063,0.80044,0.80049,97,18,0
2026-06-26 17:15:00,0.80047,0.80048,0.8003,0.80035,80,18,0
2026-06-26 17:30:00,0.80034,0.80041,0.80009,0.80028,111,18,0
2026-06-26 17:45:00,0.8003,0.80034,0.80018,0.80024,77,18,0
2026-06-26 18:00:00,0.8002,0.80037,0.80016,0.80016,88,18,0
2026-06-26 18:15:00,0.8002,0.80021,0.79999,0.80009,72,18,0
2026-06-26 18:30:00,0.80008,0.80017,0.79994,0.80001,65,18,0
2026-06-26 18:45:00,0.79998,0.79999,0.79984,0.79993,102,18,0
2026-06-26 19:00:00,0.79991,0.79999,0.79979,0.79991,82,18,0
2026-06-26 19:15:00,0.79989,0.79997,0.7997,0.79975,81,18,0
2026-06-26 19:30:00,0.79976,0.79993,0.79975,0.79993,66,18,0
2026-06-26 19:45:00,0.79992,0.8001,0.79966,0.79969,117,18,0
2026-06-26 20:00:00,0.79972,0.7999,0.79966,0.7999,116,18,0
2026-06-26 20:15:00,0.79991,0.80005,0.79988,0.79996,60,18,0
2026-06-26 20:30:00,0.79994,0.79994,0.79928,0.79961,169,18,0
2026-06-26 20:45:00,0.79965,0.80027,0.79958,0.8002,244,18,0
2026-06-28 21:15:00,0.80078,0.80108,0.79868,0.79968,15,127,0
2026-06-28 21:30:00,0.79971,0.80008,0.79971,0.80008,56,111,0
2026-06-28 21:45:00,0.80001,0.80037,0.79988,0.80036,69,101,0
2026-06-28 22:00:00,0.80081,0.80081,0.79981,0.80035,131,20,0
2026-06-28 22:15:00,0.80032,0.80038,0.80023,0.80023,68,18,0
2026-06-28 22:30:00,0.80018,0.80038,0.80015,0.80034,43,18,0
2026-06-28 22:45:00,0.80033,0.80038,0.80007,0.80009,25,18,0
2026-06-28 23:00:00,0.80007,0.8003,0.80006,0.80019,47,18,0
2026-06-28 23:15:00,0.80018,0.80019,0.8001,0.80019,28,18,0
2026-06-28 23:30:00,0.80021,0.80039,0.80021,0.80035,54,18,0
2026-06-28 23:45:00,0.80037,0.80038,0.80019,0.80019,57,18,0
2026-06-29 00:00:00,0.80021,0.80048,0.79996,0.80009,273,18,0
2026-06-29 00:15:00,0.80012,0.80017,0.79956,0.79956,168,18,0
2026-06-29 00:30:00,0.79954,0.79973,0.79947,0.79966,144,18,0
2026-06-29 00:45:00,0.79965,0.79978,0.79933,0.79968,134,18,0
2026-06-29 01:00:00,0.79967,0.80005,0.79954,0.79983,182,18,0
2026-06-29 01:15:00,0.79984,0.80017,0.79984,0.80001,173,18,0
2026-06-29 01:30:00,0.80003,0.80051,0.79988,0.80039,167,18,0
2026-06-29 01:45:00,0.8004,0.80042,0.80018,0.80021,103,18,0
2026-06-29 02:00:00,0.8002,0.80039,0.8002,0.80021,116,18,0
2026-06-29 02:15:00,0.80023,0.80066,0.80017,0.80063,115,18,0
2026-06-29 02:30:00,0.80065,0.80075,0.80057,0.80073,94,18,0
2026-06-29 02:45:00,0.80075,0.80076,0.80045,0.8005,61,18,0
2026-06-29 03:00:00,0.80052,0.80082,0.8005,0.80077,64,18,0
2026-06-29 03:15:00,0.80076,0.80087,0.80069,0.80086,64,18,0
2026-06-29 03:30:00,0.80088,0.80094,0.80071,0.8008,95,18,0
2026-06-29 03:45:00,0.80081,0.80088,0.80074,0.80074,74,18,0
2026-06-29 04:00:00,0.80073,0.80093,0.8007,0.80093,59,18,0
2026-06-29 04:15:00,0.80092,0.80101,0.80078,0.801,50,18,0
2026-06-29 04:30:00,0.80102,0.8011,0.8009,0.80097,43,18,0
2026-06-29 04:45:00,0.80095,0.80103,0.8008,0.80084,63,18,0
2026-06-29 05:00:00,0.80083,0.80111,0.80079,0.8011,79,18,0
2026-06-29 05:15:00,0.80112,0.80117,0.80102,0.80106,54,18,0
2026-06-29 05:30:00,0.80107,0.80135,0.80101,0.80135,89,18,0
2026-06-29 05:45:00,0.80134,0.80159,0.80122,0.80159,101,18,0
2026-06-29 06:00:00,0.80158,0.80178,0.80149,0.80178,134,18,0
2026-06-29 06:15:00,0.80176,0.80213,0.80173,0.80205,112,18,0
2026-06-29 06:30:00,0.80202,0.80208,0.80173,0.80183,122,18,0
2026-06-29 06:45:00,0.80184,0.80201,0.80173,0.80195,120,18,0
2026-06-29 07:00:00,0.80198,0.80198,0.80157,0.80171,133,18,0
2026-06-29 07:15:00,0.80174,0.80209,0.80174,0.80207,97,18,0
2026-06-29 07:30:00,0.80208,0.80229,0.80199,0.80217,101,18,0
2026-06-29 07:45:00,0.80216,0.80217,0.80195,0.80205,111,18,0
2026-06-29 08:00:00,0.80208,0.80221,0.80187,0.80187,126,18,0
2026-06-29 08:15:00,0.80189,0.80189,0.80171,0.80175,120,18,0
2026-06-29 08:30:00,0.80174,0.80199,0.80174,0.80189,127,18,0
2026-06-29 08:45:00,0.80187,0.80193,0.80173,0.80186,120,18,0
2026-06-29 09:00:00,0.80188,0.80202,0.80181,0.80191,105,18,0
2026-06-29 09:15:00,0.80189,0.80199,0.80166,0.8018,102,18,0
2026-06-29 09:30:00,0.80179,0.80185,0.80152,0.80159,104,18,0
2026-06-29 09:45:00,0.80157,0.80171,0.80149,0.80168,108,18,0
2026-06-29 10:00:00,0.8017,0.80186,0.80163,0.80174,114,18,0
2026-06-29 10:15:00,0.80172,0.80186,0.80166,0.80186,84,18,0
2026-06-29 10:30:00,0.80184,0.80208,0.80174,0.80204,83,18,0
2026-06-29 10:45:00,0.80206,0.8024,0.80201,0.80239,119,18,0
2026-06-29 11:00:00,0.80237,0.80249,0.80228,0.8023,101,18,0
2026-06-29 11:15:00,0.80229,0.80254,0.80222,0.8025,92,18,0
2026-06-29 11:30:00,0.80248,0.80295,0.80238,0.80285,150,18,0
2026-06-29 11:45:00,0.80286,0.8032,0.80283,0.80316,107,18,0
2026-06-29 12:00:00,0.80314,0.80315,0.80283,0.80295,118,18,0
2026-06-29 12:15:00,0.80292,0.80308,0.80239,0.80245,158,18,0
2026-06-29 12:30:00,0.80247,0.80259,0.80224,0.80244,144,18,0
2026-06-29 12:45:00,0.80243,0.80264,0.80241,0.80249,116,18,0
2026-06-29 13:00:00,0.80251,0.80273,0.80244,0.80264,109,18,0
2026-06-29 13:15:00,0.80262,0.80278,0.80242,0.80265,151,18,0
2026-06-29 13:30:00,0.80263,0.80278,0.80246,0.8027,274,18,0
2026-06-29 13:45:00,0.80267,0.8027,0.80236,0.80252,213,18,0
2026-06-29 14:00:00,0.80255,0.8026,0.80204,0.80204,249,18,0
2026-06-29 14:15:00,0.80201,0.8023,0.80181,0.80207,318,18,0
2026-06-29 14:30:00,0.80209,0.80226,0.8017,0.80174,232,18,0
2026-06-29 14:45:00,0.80175,0.80202,0.80163,0.80195,246,18,0
2026-06-29 15:00:00,0.80198,0.80202,0.80167,0.802,189,18,0
2026-06-29 15:15:00,0.80202,0.80231,0.80201,0.80224,143,18,0
2026-06-29 15:30:00,0.80226,0.80234,0.80203,0.80234,144,18,0
2026-06-29 15:45:00,0.80235,0.80262,0.80233,0.80258,125,18,0
2026-06-29 16:00:00,0.80262,0.80274,0.80261,0.80265,85,18,0
2026-06-29 16:15:00,0.80269,0.80275,0.80258,0.80258,65,18,0
2026-06-29 16:30:00,0.80257,0.80264,0.80238,0.80263,88,18,0
2026-06-29 16:45:00,0.80262,0.80264,0.80236,0.80245,87,18,0
2026-06-29 17:00:00,0.80244,0.80268,0.80244,0.80266,67,18,0
2026-06-29 17:15:00,0.80267,0.80269,0.80244,0.80252,71,18,0
2026-06-29 17:30:00,0.80251,0.80269,0.80251,0.80269,62,18,0
2026-06-29 17:45:00,0.80268,0.80268,0.80226,0.80236,94,18,0
2026-06-29 18:00:00,0.80239,0.80269,0.80239,0.80265,83,18,0
2026-06-29 18:15:00,0.80267,0.80272,0.80256,0.80256,58,18,0
2026-06-29 18:30:00,0.80257,0.80274,0.80255,0.80273,53,18,0
2026-06-29 18:45:00,0.80272,0.80289,0.80272,0.8028,73,18,0
2026-06-29 19:00:00,0.80276,0.80284,0.80268,0.80272,74,18,0
2026-06-29 19:15:00,0.8027,0.80282,0.80268,0.80281,59,18,0
2026-06-29 19:30:00,0.80282,0.80291,0.80282,0.80285,54,18,0
2026-06-29 19:45:00,0.80286,0.80292,0.80269,0.8029,83,18,0
2026-06-29 20:00:00,0.80288,0.80288,0.80268,0.80285,59,18,0
2026-06-29 20:15:00,0.80286,0.80293,0.80284,0.80293,24,18,0
2026-06-29 20:30:00,0.8029,0.80298,0.8028,0.80293,46,18,0
2026-06-29 20:45:00,0.8029,0.80299,0.80285,0.80286,62,13,0
2026-06-29 21:00:00,0.80285,0.8029,0.80283,0.80283,21,17,0
2026-06-29 21:15:00,0.80284,0.80286,0.80281,0.80282,30,39,0
2026-06-29 21:30:00,0.8028,0.80289,0.80274,0.80288,73,50,0
2026-06-29 21:45:00,0.80289,0.80292,0.8028,0.80285,60,34,0
2026-06-29 22:00:00,0.80305,0.80319,0.80292,0.80302,66,13,0
2026-06-29 22:15:00,0.80299,0.80299,0.80286,0.80289,24,13,0
2026-06-29 22:30:00,0.80291,0.80295,0.80285,0.80288,21,13,0
2026-06-29 22:45:00,0.80289,0.80292,0.80264,0.80268,61,13,0
2026-06-29 23:00:00,0.80264,0.80298,0.80255,0.80297,72,18,0
2026-06-29 23:15:00,0.80296,0.80322,0.80296,0.8032,29,18,0
2026-06-29 23:30:00,0.80318,0.80321,0.80306,0.80307,24,18,0
2026-06-29 23:45:00,0.80304,0.80304,0.80282,0.8029,48,18,0
2026-06-30 00:00:00,0.80287,0.80305,0.80266,0.80275,194,18,0
2026-06-30 00:15:00,0.80273,0.80282,0.80248,0.80248,98,18,0
2026-06-30 00:30:00,0.80247,0.80271,0.80243,0.80249,97,18,0
2026-06-30 00:45:00,0.80246,0.80257,0.80232,0.80252,183,18,0
2026-06-30 01:00:00,0.8025,0.80259,0.80225,0.80241,213,18,0
2026-06-30 01:15:00,0.80239,0.80371,0.80239,0.80371,170,18,0
2026-06-30 01:30:00,0.80369,0.80369,0.8032,0.80321,165,18,0
2026-06-30 01:45:00,0.80324,0.80331,0.80291,0.80317,160,18,0
2026-06-30 02:00:00,0.80315,0.8033,0.80294,0.80299,124,18,0
2026-06-30 02:15:00,0.80301,0.80319,0.80295,0.80304,116,18,0
2026-06-30 02:30:00,0.80306,0.80319,0.80299,0.80305,82,18,0
2026-06-30 02:45:00,0.80307,0.80324,0.80305,0.80321,97,18,0
2026-06-30 03:00:00,0.80322,0.80358,0.80322,0.80343,86,18,0
2026-06-30 03:15:00,0.80344,0.80361,0.80341,0.8035,94,18,0
2026-06-30 03:30:00,0.80349,0.80365,0.80338,0.80364,83,18,0
2026-06-30 03:45:00,0.80365,0.80377,0.80351,0.80361,61,18,0
2026-06-30 04:00:00,0.80362,0.80384,0.8036,0.80382,61,18,0
2026-06-30 04:15:00,0.80383,0.80407,0.80378,0.80407,55,18,0
2026-06-30 04:30:00,0.80404,0.80419,0.80401,0.80411,52,18,0
2026-06-30 04:45:00,0.8041,0.80412,0.80384,0.80384,80,18,0
2026-06-30 05:00:00,0.80385,0.80407,0.80384,0.80403,110,18,0
2026-06-30 05:15:00,0.80406,0.8042,0.80378,0.80385,79,18,0
2026-06-30 05:30:00,0.80384,0.80384,0.80354,0.80365,80,18,0
2026-06-30 05:45:00,0.80364,0.80387,0.80356,0.80357,119,18,0
2026-06-30 06:00:00,0.80358,0.80404,0.80358,0.80402,141,18,0
2026-06-30 06:15:00,0.804,0.80441,0.804,0.80434,129,18,0
2026-06-30 06:30:00,0.8043,0.80472,0.8042,0.80451,158,18,0
2026-06-30 06:45:00,0.80448,0.80466,0.80443,0.80445,169,18,0
2026-06-30 07:00:00,0.80442,0.80462,0.80427,0.80452,164,18,0
2026-06-30 07:15:00,0.8045,0.80489,0.80446,0.80482,128,18,0
2026-06-30 07:30:00,0.80484,0.80498,0.80476,0.80495,123,18,0
2026-06-30 07:45:00,0.80497,0.80502,0.8044,0.80442,128,18,0
2026-06-30 08:00:00,0.80439,0.80471,0.80405,0.80406,217,18,0
2026-06-30 08:15:00,0.80405,0.80411,0.80387,0.8041,143,18,0
2026-06-30 08:30:00,0.80409,0.80413,0.80374,0.80384,160,18,0
2026-06-30 08:45:00,0.80386,0.8043,0.80378,0.8043,129,18,0
2026-06-30 09:00:00,0.80428,0.80515,0.80422,0.80513,120,18,0
2026-06-30 09:15:00,0.80512,0.80519,0.80496,0.80502,108,18,0
2026-06-30 09:30:00,0.80501,0.80515,0.80479,0.80511,121,18,0
2026-06-30 09:45:00,0.80512,0.80519,0.80495,0.80495,121,18,0
2026-06-30 10:00:00,0.80493,0.80517,0.80493,0.80503,105,18,0
2026-06-30 10:15:00,0.80506,0.80533,0.80504,0.80525,91,18,0
2026-06-30 10:30:00,0.80526,0.80539,0.80506,0.80533,113,18,0
2026-06-30 10:45:00,0.80531,0.80577,0.80528,0.80572,85,18,0
2026-06-30 11:00:00,0.80575,0.80584,0.80559,0.80576,120,18,0
2026-06-30 11:15:00,0.80573,0.80581,0.80553,0.80572,132,18,0
2026-06-30 11:30:00,0.80574,0.80584,0.80565,0.80577,150,18,0
2026-06-30 11:45:00,0.80575,0.80583,0.80557,0.80558,101,18,0
2026-06-30 12:00:00,0.8056,0.80567,0.8054,0.80557,134,18,0
2026-06-30 12:15:00,0.80558,0.80562,0.80527,0.80527,123,18,0
2026-06-30 12:30:00,0.80525,0.80582,0.80507,0.80572,224,18,0
2026-06-30 12:45:00,0.80568,0.80568,0.80518,0.80518,174,18,0
2026-06-30 13:00:00,0.80519,0.80543,0.80516,0.80523,164,18,0
2026-06-30 13:15:00,0.8052,0.80556,0.8052,0.80556,170,18,0
2026-06-30 13:30:00,0.80554,0.80568,0.80533,0.80565,188,18,0
2026-06-30 13:45:00,0.80564,0.80573,0.80529,0.8054,187,18,0
2026-06-30 14:00:00,0.80543,0.80558,0.80501,0.80545,316,18,0
2026-06-30 14:15:00,0.80543,0.80617,0.80542,0.80616,290,18,0
2026-06-30 14:30:00,0.80617,0.80668,0.80615,0.80661,276,18,0
2026-06-30 14:45:00,0.8066,0.80703,0.80635,0.80676,397,18,0
2026-06-30 15:00:00,0.80679,0.80697,0.80659,0.80666,338,18,0
2026-06-30 15:15:00,0.80664,0.80664,0.80611,0.80617,195,18,0
2026-06-30 15:30:00,0.80615,0.80649,0.80611,0.8063,165,18,0
2026-06-30 15:45:00,0.80631,0.80633,0.80597,0.80602,143,18,0
2026-06-30 16:00:00,0.80604,0.80605,0.80576,0.80581,147,18,0
2026-06-30 16:15:00,0.80582,0.80585,0.80565,0.80577,105,18,0
2026-06-30 16:30:00,0.80578,0.80603,0.80573,0.80594,105,18,0
2026-06-30 16:45:00,0.80593,0.80611,0.80592,0.80596,114,18,0
2026-06-30 17:00:00,0.80597,0.80646,0.80594,0.80626,130,18,0
2026-06-30 17:15:00,0.80627,0.80636,0.80625,0.80636,75,18,0
2026-06-30 17:30:00,0.80637,0.80644,0.80627,0.80639,71,18,0
2026-06-30 17:45:00,0.8064,0.8064,0.80614,0.80619,72,18,0
2026-06-30 18:00:00,0.80618,0.80656,0.8061,0.80649,100,18,0
2026-06-30 18:15:00,0.80646,0.80658,0.8064,0.8064,69,18,0
2026-06-30 18:30:00,0.80639,0.80646,0.80629,0.8064,83,18,0
2026-06-30 18:45:00,0.80642,0.80678,0.80642,0.80664,125,18,0
2026-06-30 19:00:00,0.80668,0.80679,0.80649,0.80649,108,18,0
2026-06-30 19:15:00,0.80652,0.80652,0.80629,0.80631,82,18,0
2026-06-30 19:30:00,0.80628,0.80629,0.80602,0.80609,111,18,0
2026-06-30 19:45:00,0.8061,0.80612,0.8054,0.80546,177,18,0
2026-06-30 20:00:00,0.80544,0.80555,0.80518,0.80552,156,18,0
2026-06-30 20:15:00,0.80554,0.80573,0.80551,0.80573,48,18,0
2026-06-30 20:30:00,0.80574,0.80599,0.80563,0.80597,68,18,0
2026-06-30 20:45:00,0.80595,0.80605,0.80564,0.80579,103,11,0
2026-06-30 21:00:00,0.8058,0.80584,0.80579,0.8058,12,11,0
2026-06-30 21:15:00,0.80583,0.80583,0.80535,0.80535,38,15,0
2026-06-30 21:30:00,0.80538,0.80568,0.8053,0.80564,68,31,0
2026-06-30 21:45:00,0.80565,0.80568,0.80561,0.80567,47,38,0
2026-06-30 22:00:00,0.80595,0.80618,0.80566,0.80579,61,13,0
2026-06-30 22:15:00,0.80581,0.80585,0.80569,0.80578,36,13,0
2026-06-30 22:30:00,0.80576,0.8058,0.80572,0.8058,17,13,0
2026-06-30 22:45:00,0.80578,0.80578,0.80563,0.80575,26,13,0
2026-06-30 23:00:00,0.80573,0.80581,0.80561,0.80572,37,18,0
2026-06-30 23:15:00,0.80571,0.80578,0.80569,0.80576,25,18,0
2026-06-30 23:30:00,0.80574,0.80579,0.80566,0.80568,38,18,0
2026-06-30 23:45:00,0.80569,0.80614,0.80569,0.8061,65,18,0
2026-07-01 00:00:00,0.80613,0.80652,0.80601,0.8065,105,18,0
2026-07-01 00:15:00,0.80652,0.80652,0.80618,0.80633,128,18,0
2026-07-01 00:30:00,0.80631,0.80632,0.80585,0.80586,94,18,0
2026-07-01 00:45:00,0.80587,0.80591,0.80564,0.80567,109,18,0
2026-07-01 01:00:00,0.80566,0.80578,0.80558,0.80566,152,18,0
2026-07-01 01:15:00,0.80568,0.80578,0.80556,0.80578,138,18,0
2026-07-01 01:30:00,0.80582,0.80596,0.80573,0.80576,100,18,0
2026-07-01 01:45:00,0.80578,0.8058,0.80531,0.80547,121,18,0
2026-07-01 02:00:00,0.80548,0.80548,0.80499,0.80514,125,18,0
2026-07-01 02:15:00,0.80515,0.80536,0.80505,0.80528,107,18,0
2026-07-01 02:30:00,0.80526,0.80547,0.80518,0.80539,102,18,0
2026-07-01 02:45:00,0.80541,0.80557,0.80533,0.80534,99,18,0
2026-07-01 03:00:00,0.80538,0.8057,0.80537,0.80557,69,18,0
2026-07-01 03:15:00,0.8056,0.80571,0.80549,0.80558,75,18,0
2026-07-01 03:30:00,0.80559,0.8057,0.80551,0.80551,89,18,0
2026-07-01 03:45:00,0.80555,0.80588,0.80555,0.80585,56,18,0
2026-07-01 04:00:00,0.80587,0.80591,0.80574,0.80579,70,18,0
2026-07-01 04:15:00,0.8058,0.80589,0.80567,0.80589,77,18,0
2026-07-01 04:30:00,0.80592,0.80638,0.80592,0.80638,81,18,0
2026-07-01 04:45:00,0.80635,0.80651,0.80634,0.80644,63,18,0
2026-07-01 05:00:00,0.80642,0.80662,0.8064,0.80645,76,18,0
2026-07-01 05:15:00,0.80644,0.80656,0.80639,0.80651,62,18,0
2026-07-01 05:30:00,0.80653,0.80667,0.80645,0.80667,96,18,0
2026-07-01 05:45:00,0.80665,0.80668,0.80642,0.80643,96,18,0
2026-07-01 06:00:00,0.80646,0.80651,0.80595,0.80604,155,18,0
2026-07-01 06:15:00,0.80603,0.80614,0.806,0.8061,114,18,0
2026-07-01 06:30:00,0.80613,0.80644,0.80613,0.80644,94,18,0
2026-07-01 06:45:00,0.80642,0.80662,0.80642,0.80657,90,18,0
2026-07-01 07:00:00,0.80659,0.80673,0.8064,0.80641,170,18,0
2026-07-01 07:15:00,0.8064,0.80663,0.80629,0.80649,110,18,0
2026-07-01 07:30:00,0.80648,0.80691,0.80648,0.80659,157,18,0
2026-07-01 07:45:00,0.80661,0.80705,0.80661,0.80701,115,18,0
2026-07-01 08:00:00,0.80702,0.80707,0.80685,0.80705,121,18,0
2026-07-01 08:15:00,0.80706,0.80733,0.80705,0.8073,109,18,0
2026-07-01 08:30:00,0.80733,0.80743,0.80718,0.80736,124,18,0
2026-07-01 08:45:00,0.80735,0.80735,0.80704,0.80713,113,18,0
2026-07-01 09:00:00,0.8071,0.80732,0.80706,0.8073,114,18,0
2026-07-01 09:15:00,0.80731,0.80731,0.80692,0.80701,89,18,0
2026-07-01 09:30:00,0.807,0.80708,0.8068,0.80687,102,18,0
2026-07-01 09:45:00,0.80689,0.80692,0.80678,0.8068,90,18,0
2026-07-01 10:00:00,0.80682,0.80682,0.8066,0.80667,103,18,0
2026-07-01 10:15:00,0.80664,0.80697,0.80663,0.80697,91,18,0
2026-07-01 10:30:00,0.80698,0.8073,0.80698,0.80719,88,18,0
2026-07-01 10:45:00,0.80718,0.80755,0.80717,0.80749,80,18,0
2026-07-01 11:00:00,0.80751,0.80754,0.80712,0.80713,106,18,0
2026-07-01 11:15:00,0.80712,0.80717,0.80699,0.80706,88,18,0
2026-07-01 11:30:00,0.80704,0.8072,0.80688,0.80717,96,18,0
2026-07-01 11:45:00,0.80714,0.80714,0.80682,0.80688,127,18,0
2026-07-01 12:00:00,0.80689,0.80694,0.8066,0.80673,137,18,0
2026-07-01 12:15:00,0.8067,0.80691,0.80647,0.80647,165,18,0
2026-07-01 12:30:00,0.80646,0.80654,0.80613,0.8062,217,18,0
2026-07-01 12:45:00,0.80619,0.80622,0.80594,0.80598,148,18,0
2026-07-01 13:00:00,0.806,0.8061,0.8053,0.80531,245,18,0
2026-07-01 13:15:00,0.80532,0.80652,0.80532,0.8065,443,18,0
2026-07-01 13:30:00,0.80652,0.80719,0.8062,0.80718,507,18,0
2026-07-01 13:45:00,0.80719,0.8073,0.80676,0.807,334,18,0
2026-07-01 14:00:00,0.80709,0.80722,0.8068,0.80694,317,18,0
2026-07-01 14:15:00,0.80695,0.80724,0.80683,0.80686,254,18,0
2026-07-01 14:30:00,0.80683,0.80703,0.80672,0.80691,269,18,0
2026-07-01 14:45:00,0.80694,0.80694,0.80612,0.80623,322,18,0
2026-07-01 15:00:00,0.80625,0.80629,0.80596,0.80621,272,18,0
2026-07-01 15:15:00,0.80624,0.80636,0.80617,0.80631,177,18,0
2026-07-01 15:30:00,0.80633,0.80642,0.80602,0.80606,207,18,0
2026-07-01 15:45:00,0.80604,0.80635,0.80599,0.80632,115,18,0
2026-07-01 16:00:00,0.80635,0.80668,0.80635,0.80653,163,18,0
2026-07-01 16:15:00,0.80652,0.80676,0.80644,0.80668,139,18,0
2026-07-01 16:30:00,0.8067,0.80671,0.80658,0.80668,120,18,0
2026-07-01 16:45:00,0.80667,0.8068,0.80652,0.80654,106,18,0
2026-07-01 17:00:00,0.80657,0.80667,0.80652,0.80659,116,18,0
2026-07-01 17:15:00,0.80661,0.80677,0.80657,0.80668,80,18,0
2026-07-01 17:30:00,0.80665,0.80673,0.80646,0.80648,96,18,0
2026-07-01 17:45:00,0.8065,0.80664,0.80646,0.80646,84,18,0
2026-07-01 18:00:00,0.80644,0.80652,0.80616,0.80622,91,18,0
2026-07-01 18:15:00,0.80621,0.80621,0.80611,0.8062,100,18,0
2026-07-01 18:30:00,0.80618,0.8063,0.80617,0.80628,60,18,0
2026-07-01 18:45:00,0.80626,0.80626,0.80616,0.80617,82,18,0
2026-07-01 19:00:00,0.80615,0.80647,0.80608,0.8064,101,18,0
2026-07-01 19:15:00,0.80642,0.80642,0.80622,0.80629,66,18,0
2026-07-01 19:30:00,0.80632,0.80635,0.80621,0.80625,63,18,0
2026-07-01 19:45:00,0.80623,0.8063,0.80599,0.80601,92,18,0
2026-07-01 20:00:00,0.806,0.80608,0.80596,0.80601,73,18,0
2026-07-01 20:15:00,0.80603,0.80609,0.80585,0.80593,60,18,0
2026-07-01 20:30:00,0.8059,0.80596,0.80587,0.80592,43,18,0
2026-07-01 20:45:00,0.80593,0.80624,0.80593,0.80624,50,11,0
2026-07-01 21:00:00,0.80621,0.80621,0.80621,0.80621,1,25,0
2026-07-01 21:15:00,0.80619,0.80619,0.80575,0.80585,32,28,0
2026-07-01 21:30:00,0.80587,0.80607,0.80585,0.80607,46,28,0
2026-07-01 21:45:00,0.80609,0.8061,0.80598,0.80606,18,25,0
2026-07-01 22:00:00,0.80594,0.80641,0.80594,0.8064,54,13,0
2026-07-01 22:15:00,0.80643,0.80654,0.80642,0.80654,14,13,0
2026-07-01 22:30:00,0.80658,0.80687,0.80657,0.80677,30,13,0
2026-07-01 22:45:00,0.80676,0.8068,0.80673,0.80678,18,13,0
2026-07-01 23:00:00,0.80676,0.80683,0.80674,0.80678,21,18,0
2026-07-01 23:15:00,0.80677,0.80678,0.80672,0.80678,13,18,0
2026-07-01 23:30:00,0.80679,0.80688,0.80674,0.80678,29,18,0
2026-07-01 23:45:00,0.80675,0.80677,0.80662,0.80665,47,18,0
2026-07-02 00:00:00,0.80668,0.80698,0.80656,0.80666,198,18,0
2026-07-02 00:15:00,0.80664,0.80671,0.80636,0.80641,97,18,0
2026-07-02 00:30:00,0.80644,0.80646,0.80624,0.8063,71,18,0
2026-07-02 00:45:00,0.80632,0.8065,0.80626,0.80639,106,18,0
2026-07-02 01:00:00,0.80638,0.8068,0.80633,0.8068,130,18,0
2026-07-02 01:15:00,0.80677,0.80679,0.80634,0.80654,117,18,0
2026-07-02 01:30:00,0.80655,0.80676,0.80653,0.80665,108,18,0
2026-07-02 01:45:00,0.80662,0.80714,0.8066,0.80709,115,18,0
2026-07-02 02:00:00,0.80712,0.80756,0.80712,0.80756,104,18,0
2026-07-02 02:15:00,0.80757,0.8076,0.80724,0.80728,81,18,0
2026-07-02 02:30:00,0.80727,0.80732,0.80712,0.80712,78,18,0
2026-07-02 02:45:00,0.80714,0.80717,0.8068,0.80682,86,18,0
2026-07-02 03:00:00,0.80681,0.80699,0.80622,0.80626,100,18,0
2026-07-02 03:15:00,0.80628,0.80634,0.8059,0.8062,104,18,0
2026-07-02 03:30:00,0.80623,0.80643,0.80623,0.80638,66,18,0
2026-07-02 03:45:00,0.80636,0.80663,0.80632,0.80662,63,18,0
2026-07-02 04:00:00,0.80659,0.80694,0.80659,0.80675,96,18,0
2026-07-02 04:15:00,0.80674,0.80682,0.80659,0.80674,73,18,0
2026-07-02 04:30:00,0.80673,0.8068,0.80662,0.80671,65,18,0
2026-07-02 04:45:00,0.80673,0.80695,0.80673,0.80695,57,18,0
2026-07-02 05:00:00,0.80692,0.80706,0.80686,0.80701,68,18,0
2026-07-02 05:15:00,0.80699,0.80702,0.80672,0.80674,56,18,0
2026-07-02 05:30:00,0.80673,0.80675,0.80653,0.8067,73,18,0
2026-07-02 05:45:00,0.80673,0.80686,0.80662,0.80674,93,18,0
2026-07-02 06:00:00,0.80677,0.80682,0.80635,0.80638,160,18,0
2026-07-02 06:15:00,0.80639,0.80639,0.80614,0.80614,127,18,0
2026-07-02 06:30:00,0.80616,0.80638,0.80603,0.80609,108,18,0
2026-07-02 06:45:00,0.8061,0.80666,0.80604,0.8064,276,18,0
2026-07-02 07:00:00,0.80638,0.8065,0.80615,0.80642,211,18,0
2026-07-02 07:15:00,0.80639,0.80659,0.80639,0.80655,147,18,0
2026-07-02 07:30:00,0.80653,0.80676,0.80637,0.80666,147,18,0
2026-07-02 07:45:00,0.80665,0.80666,0.80613,0.80621,186,18,0
2026-07-02 08:00:00,0.80622,0.80681,0.80618,0.80681,231,18,0
2026-07-02 08:15:00,0.80678,0.80711,0.80673,0.80694,187,18,0
2026-07-02 08:30:00,0.80691,0.80746,0.80683,0.80737,196,18,0
2026-07-02 08:45:00,0.80738,0.80783,0.80732,0.8078,180,18,0
2026-07-02 09:00:00,0.80777,0.80784,0.80725,0.80736,160,18,0
2026-07-02 09:15:00,0.80735,0.8074,0.80703,0.80708,121,18,0
2026-07-02 09:30:00,0.80709,0.80732,0.80703,0.80724,127,18,0
2026-07-02 09:45:00,0.8072,0.80728,0.80708,0.80711,130,18,0
2026-07-02 10:00:00,0.8071,0.8071,0.80684,0.80684,119,18,0
2026-07-02 10:15:00,0.80686,0.80688,0.80656,0.80666,104,18,0
2026-07-02 10:30:00,0.80664,0.80668,0.80644,0.80652,82,18,0
2026-07-02 10:45:00,0.80653,0.8069,0.80647,0.80689,93,18,0
2026-07-02 11:00:00,0.8069,0.80695,0.80656,0.80663,125,18,0
2026-07-02 11:15:00,0.80665,0.80667,0.80645,0.80665,103,18,0
2026-07-02 11:30:00,0.80664,0.80676,0.80655,0.80655,97,18,0
2026-07-02 11:45:00,0.80654,0.80656,0.80587,0.80592,120,18,0
2026-07-02 12:00:00,0.80594,0.80598,0.80573,0.80586,178,18,0
2026-07-02 12:15:00,0.80583,0.80628,0.80573,0.80625,225,13,0
2026-07-02 12:30:00,0.80621,0.8091,0.80614,0.80862,974,13,0
2026-07-02 12:45:00,0.8086,0.80864,0.80758,0.80788,569,18,0
2026-07-02 13:00:00,0.8079,0.80849,0.80777,0.80812,528,18,0
2026-07-02 13:15:00,0.80809,0.80809,0.80741,0.80755,330,18,0
2026-07-02 13:30:00,0.80752,0.80851,0.80738,0.80838,414,18,0
2026-07-02 13:45:00,0.80836,0.80914,0.80831,0.80887,336,18,0
2026-07-02 14:00:00,0.8089,0.8092,0.80876,0.80913,364,18,0
2026-07-02 14:15:00,0.80912,0.80919,0.80822,0.80834,342,18,0
2026-07-02 14:30:00,0.80833,0.80865,0.80802,0.80829,340,18,0
2026-07-02 14:45:00,0.8083,0.80871,0.8083,0.80859,300,18,0
2026-07-02 15:00:00,0.80861,0.80897,0.80841,0.80893,307,18,0
2026-07-02 15:15:00,0.80895,0.8092,0.80873,0.809,238,18,0
2026-07-02 15:30:00,0.80903,0.80949,0.80901,0.80915,225,18,0
2026-07-02 15:45:00,0.80917,0.80917,0.80895,0.80905,178,18,0
2026-07-02 16:00:00,0.80906,0.80912,0.80875,0.80887,220,18,0
2026-07-02 16:15:00,0.80884,0.80884,0.80815,0.80815,181,18,0
2026-07-02 16:30:00,0.80814,0.80826,0.80803,0.80819,153,18,0
2026-07-02 16:45:00,0.8082,0.80824,0.808,0.808,173,18,0
2026-07-02 17:00:00,0.80798,0.80808,0.80781,0.80781,168,18,0
2026-07-02 17:15:00,0.8078,0.80785,0.80765,0.80769,112,18,0
2026-07-02 17:30:00,0.80767,0.80775,0.80734,0.80754,136,18,0
2026-07-02 17:45:00,0.80751,0.80754,0.80729,0.80729,125,18,0
2026-07-02 18:00:00,0.80728,0.80765,0.80723,0.80752,125,18,0
2026-07-02 18:15:00,0.80751,0.80761,0.80733,0.80753,104,18,0
2026-07-02 18:30:00,0.80751,0.80776,0.80749,0.80771,117,18,0
2026-07-02 18:45:00,0.8077,0.80782,0.80765,0.80777,84,18,0
2026-07-02 19:00:00,0.80778,0.80783,0.80761,0.80769,111,18,0
2026-07-02 19:15:00,0.80767,0.80771,0.80731,0.80734,96,18,0
2026-07-02 19:30:00,0.80735,0.80745,0.80731,0.80743,95,18,0
2026-07-02 19:45:00,0.80742,0.80782,0.80739,0.80765,106,18,0
2026-07-02 20:00:00,0.80761,0.80773,0.80757,0.80769,66,18,0
2026-07-02 20:15:00,0.80773,0.80805,0.80773,0.80805,31,18,0
2026-07-02 20:30:00,0.80804,0.80805,0.80781,0.80782,46,18,0
2026-07-02 20:45:00,0.80783,0.80798,0.80783,0.80786,88,11,0
2026-07-02 21:00:00,0.80782,0.80782,0.80773,0.80773,4,27,0
2026-07-02 21:15:00,0.80773,0.80782,0.80773,0.80779,19,24,0
2026-07-02 21:30:00,0.8078,0.80785,0.8077,0.80773,50,46,0
2026-07-02 21:45:00,0.80775,0.80786,0.80772,0.80781,47,24,0
2026-07-02 22:00:00,0.80801,0.8082,0.80766,0.80815,79,14,0
2026-07-02 22:15:00,0.80812,0.80812,0.80801,0.80802,11,13,0
2026-07-02 22:30:00,0.80799,0.80799,0.80771,0.80784,45,13,0
2026-07-02 22:45:00,0.80785,0.80787,0.80766,0.80773,50,13,0
2026-07-02 23:00:00,0.8077,0.8078,0.8077,0.80776,39,18,0
2026-07-02 23:15:00,0.80777,0.80778,0.80766,0.80775,31,18,0
2026-07-02 23:30:00,0.80773,0.80782,0.80762,0.80775,57,18,0
2026-07-02 23:45:00,0.80776,0.80782,0.80752,0.80761,73,18,0
2026-07-03 00:00:00,0.80765,0.80786,0.80757,0.8078,183,18,0
2026-07-03 00:15:00,0.80781,0.80797,0.80779,0.8078,112,18,0
2026-07-03 00:30:00,0.80778,0.80778,0.80757,0.80762,122,18,0
2026-07-03 00:45:00,0.8076,0.80786,0.80756,0.80785,101,18,0
2026-07-03 01:00:00,0.80783,0.80856,0.80779,0.80853,165,18,0
2026-07-03 01:15:00,0.8085,0.80901,0.80848,0.80878,178,18,0
2026-07-03 01:30:00,0.80876,0.80894,0.80869,0.80881,174,18,0
2026-07-03 01:45:00,0.8088,0.80892,0.80855,0.80892,125,18,0
2026-07-03 02:00:00,0.80894,0.80952,0.80885,0.80926,157,18,0
2026-07-03 02:15:00,0.80928,0.80932,0.80908,0.80918,102,18,0
2026-07-03 02:30:00,0.80916,0.80916,0.80893,0.80907,112,18,0
2026-07-03 02:45:00,0.80909,0.80913,0.80895,0.80895,100,18,0
2026-07-03 03:00:00,0.80894,0.80906,0.80886,0.80905,79,18,0
2026-07-03 03:15:00,0.80904,0.80905,0.80889,0.80903,71,18,0
2026-07-03 03:30:00,0.80904,0.80906,0.80876,0.80876,86,18,0
2026-07-03 03:45:00,0.80877,0.80895,0.80872,0.80895,59,18,0
2026-07-03 04:00:00,0.80896,0.80896,0.80868,0.80882,56,18,0
2026-07-03 04:15:00,0.80883,0.80911,0.80879,0.80903,75,18,0
2026-07-03 04:30:00,0.80901,0.80917,0.80895,0.80915,67,18,0
2026-07-03 04:45:00,0.80912,0.80916,0.80909,0.80916,50,18,0
2026-07-03 05:00:00,0.80914,0.80943,0.80907,0.80939,106,18,0
2026-07-03 05:15:00,0.80942,0.80957,0.80933,0.80954,86,18,0
2026-07-03 05:30:00,0.80956,0.80965,0.80941,0.80941,79,18,0
2026-07-03 05:45:00,0.80944,0.80954,0.80936,0.80941,80,18,0
2026-07-03 06:00:00,0.80939,0.81031,0.80939,0.81031,149,18,0
2026-07-03 06:15:00,0.81029,0.81052,0.81015,0.8105,144,18,0
2026-07-03 06:30:00,0.81048,0.81094,0.81045,0.81091,219,18,0
2026-07-03 06:45:00,0.8109,0.81097,0.81051,0.81058,131,18,0
2026-07-03 07:00:00,0.8106,0.81088,0.81049,0.81086,135,18,0
2026-07-03 07:15:00,0.81085,0.81104,0.81073,0.81104,136,18,0
2026-07-03 07:30:00,0.81102,0.81106,0.81076,0.81077,134,18,0
2026-07-03 07:45:00,0.81076,0.81126,0.8107,0.81097,139,18,0
2026-07-03 08:00:00,0.81099,0.81111,0.81083,0.81099,121,18,0
2026-07-03 08:15:00,0.81098,0.81102,0.81075,0.81091,98,18,0
2026-07-03 08:30:00,0.81089,0.81104,0.81078,0.81096,115,18,0
2026-07-03 08:45:00,0.81094,0.81098,0.81058,0.81058,109,18,0
2026-07-03 09:00:00,0.81056,0.81074,0.81051,0.81074,102,18,0
2026-07-03 09:15:00,0.81073,0.81076,0.8104,0.8104,88,18,0
2026-07-03 09:30:00,0.81039,0.81054,0.81037,0.81053,78,18,0
2026-07-03 09:45:00,0.8105,0.8105,0.81024,0.81025,83,18,0
2026-07-03 10:00:00,0.81024,0.81038,0.81018,0.8103,85,18,0
2026-07-03 10:15:00,0.81028,0.81033,0.81011,0.81015,71,18,0
2026-07-03 10:30:00,0.81016,0.81036,0.81012,0.81028,69,18,0
2026-07-03 10:45:00,0.81029,0.8104,0.81015,0.81015,66,18,0
2026-07-03 11:00:00,0.81013,0.81077,0.8101,0.81075,99,18,0
2026-07-03 11:15:00,0.81074,0.81079,0.81066,0.81073,94,18,0
2026-07-03 11:30:00,0.81075,0.81075,0.81057,0.81058,74,18,0
2026-07-03 11:45:00,0.81059,0.81074,0.81049,0.81064,72,18,0
2026-07-03 12:00:00,0.81066,0.81087,0.81065,0.81081,93,18,0
2026-07-03 12:15:00,0.81079,0.81095,0.81076,0.81079,99,18,0
2026-07-03 12:30:00,0.81082,0.81105,0.81082,0.81095,63,18,0
2026-07-03 12:45:00,0.81093,0.81103,0.81075,0.81079,80,18,0
2026-07-03 13:00:00,0.8108,0.8108,0.81049,0.81052,122,18,0
2026-07-03 13:15:00,0.81053,0.81093,0.81052,0.81087,83,18,0
2026-07-03 13:30:00,0.81089,0.81094,0.81071,0.81075,107,18,0
2026-07-03 13:45:00,0.81073,0.81074,0.81039,0.81053,102,18,0
2026-07-03 14:00:00,0.81051,0.81062,0.81043,0.81049,112,18,0
2026-07-03 14:15:00,0.81051,0.81056,0.81037,0.8104,92,18,0
2026-07-03 14:30:00,0.81037,0.81049,0.81035,0.81037,88,18,0
2026-07-03 14:45:00,0.81035,0.81047,0.81025,0.81025,110,18,0
2026-07-03 15:00:00,0.81024,0.81091,0.81024,0.8109,113,18,0
2026-07-03 15:15:00,0.81087,0.81092,0.81058,0.81058,82,18,0
2026-07-03 15:30:00,0.8106,0.81066,0.81043,0.81053,74,18,0
2026-07-03 15:45:00,0.81054,0.81069,0.81046,0.81051,71,18,0
2026-07-03 16:00:00,0.8105,0.81074,0.8105,0.81074,58,18,0
2026-07-03 16:15:00,0.81076,0.81079,0.81059,0.81063,52,18,0
2026-07-03 16:30:00,0.81064,0.81069,0.81062,0.81065,33,18,0
2026-07-03 16:45:00,0.81066,0.81076,0.81064,0.81074,52,18,0
2026-07-03 17:00:00,0.81073,0.81077,0.81071,0.81074,39,18,0
2026-07-03 17:15:00,0.81073,0.81074,0.81063,0.81072,24,18,0
2026-07-03 17:30:00,0.81071,0.81077,0.81068,0.81075,32,18,0
2026-07-03 17:45:00,0.81073,0.81078,0.81056,0.81058,31,18,0
2026-07-03 18:00:00,0.81056,0.81072,0.81049,0.81052,45,18,0
2026-07-03 18:15:00,0.81053,0.81057,0.81042,0.81053,53,18,0
2026-07-03 18:30:00,0.8105,0.81059,0.81041,0.81045,67,18,0
2026-07-03 18:45:00,0.81044,0.81051,0.81041,0.81043,24,18,0
2026-07-03 19:00:00,0.81045,0.81049,0.81035,0.81046,47,18,0
2026-07-03 19:15:00,0.81044,0.8105,0.81032,0.81039,89,18,0
2026-07-03 19:30:00,0.81038,0.81038,0.81028,0.81034,30,18,0
2026-07-03 19:45:00,0.81033,0.8105,0.81029,0.81034,60,18,0
2026-07-03 20:00:00,0.81037,0.81044,0.81015,0.81044,101,18,0
2026-07-03 20:15:00,0.81046,0.81047,0.81029,0.81033,48,18,0
2026-07-03 20:30:00,0.81035,0.81042,0.81029,0.81036,50,18,0
2026-07-03 20:45:00,0.8104,0.81095,0.81033,0.81095,418,18,0
2026-07-05 21:00:00,0.81034,0.81063,0.81034,0.81063,6,60,0
2026-07-05 21:15:00,0.81061,0.8107,0.80939,0.8107,20,60,0
2026-07-05 21:30:00,0.81051,0.81077,0.80954,0.81077,938,60,0
2026-07-05 21:45:00,0.81076,0.8108,0.80929,0.8108,173,60,0
2026-07-05 22:00:00,0.81104,0.81104,0.80973,0.81046,110,18,0
2026-07-05 22:15:00,0.81047,0.81053,0.8102,0.81038,65,18,0
2026-07-05 22:30:00,0.8104,0.81041,0.8101,0.81012,47,18,0
2026-07-05 22:45:00,0.81013,0.81021,0.80993,0.81,40,18,0
2026-07-05 23:00:00,0.81001,0.81002,0.80967,0.80973,56,18,0
2026-07-05 23:15:00,0.80974,0.80993,0.80974,0.80991,42,18,0
2026-07-05 23:30:00,0.80989,0.80996,0.80978,0.80982,52,18,0
2026-07-05 23:45:00,0.80984,0.80996,0.80962,0.80975,78,18,0
2026-07-06 00:00:00,0.80973,0.80982,0.80947,0.80981,174,18,0
2026-07-06 00:15:00,0.80983,0.81014,0.80969,0.80973,160,18,0
2026-07-06 00:30:00,0.80976,0.80992,0.80959,0.80986,144,18,0
2026-07-06 00:45:00,0.80988,0.80994,0.80966,0.8097,122,18,0
2026-07-06 01:00:00,0.80968,0.80968,0.80911,0.80913,133,18,0
2026-07-06 01:15:00,0.8091,0.8091,0.80843,0.80846,160,18,0
2026-07-06 01:30:00,0.80849,0.80861,0.80818,0.80858,167,18,0
2026-07-06 01:45:00,0.8086,0.80864,0.80808,0.80808,123,18,0
2026-07-06 02:00:00,0.80806,0.80833,0.80805,0.80809,118,18,0
2026-07-06 02:15:00,0.80808,0.80814,0.80783,0.80806,100,18,0
2026-07-06 02:30:00,0.80805,0.80805,0.80789,0.8079,100,18,0
2026-07-06 02:45:00,0.80792,0.80843,0.8079,0.80836,96,18,0
2026-07-06 03:00:00,0.80835,0.80843,0.80815,0.80815,85,18,0
2026-07-06 03:15:00,0.80814,0.80822,0.80773,0.80778,92,18,0
2026-07-06 03:30:00,0.80777,0.80784,0.8076,0.80784,84,18,0
2026-07-06 03:45:00,0.80786,0.80807,0.80771,0.80807,81,18,0
2026-07-06 04:00:00,0.80809,0.80836,0.80806,0.80829,74,18,0
2026-07-06 04:15:00,0.80827,0.80847,0.80814,0.80814,64,18,0
2026-07-06 04:30:00,0.80813,0.80828,0.80809,0.80823,59,18,0
2026-07-06 04:45:00,0.80821,0.80835,0.80814,0.80833,71,18,0
2026-07-06 05:00:00,0.80831,0.80832,0.808,0.80805,69,18,0
2026-07-06 05:15:00,0.80804,0.8081,0.8077,0.80778,76,18,0
2026-07-06 05:30:00,0.80775,0.80799,0.80764,0.80792,106,18,0
2026-07-06 05:45:00,0.80793,0.80796,0.80753,0.80754,100,18,0
2026-07-06 06:00:00,0.80757,0.80788,0.80757,0.80778,128,18,0
2026-07-06 06:15:00,0.80776,0.80777,0.80752,0.80768,129,18,0
2026-07-06 06:30:00,0.80765,0.80806,0.80763,0.80797,122,18,0
2026-07-06 06:45:00,0.80796,0.80816,0.80789,0.80811,118,18,0
2026-07-06 07:00:00,0.80813,0.8084,0.80799,0.8084,139,18,0
2026-07-06 07:15:00,0.80838,0.80883,0.80837,0.80845,168,18,0
2026-07-06 07:30:00,0.80844,0.80881,0.80837,0.80881,140,18,0
2026-07-06 07:45:00,0.8088,0.80892,0.80864,0.80888,114,18,0
2026-07-06 08:00:00,0.80885,0.80891,0.80843,0.80853,146,18,0
2026-07-06 08:15:00,0.80856,0.80872,0.80846,0.80857,116,18,0
2026-07-06 08:30:00,0.80859,0.80859,0.80828,0.80828,99,18,0
2026-07-06 08:45:00,0.8083,0.80846,0.80821,0.80844,105,18,0
2026-07-06 09:00:00,0.80845,0.80845,0.80826,0.80835,139,18,0
2026-07-06 09:15:00,0.80836,0.80845,0.80827,0.80841,75,18,0
2026-07-06 09:30:00,0.8084,0.80851,0.80833,0.80833,94,18,0
2026-07-06 09:45:00,0.80831,0.80842,0.80818,0.80825,84,18,0
2026-07-06 10:00:00,0.80824,0.8083,0.80801,0.80813,110,18,0
2026-07-06 10:15:00,0.80812,0.80816,0.80782,0.80783,112,18,0
2026-07-06 10:30:00,0.80782,0.80816,0.8078,0.80794,73,18,0
2026-07-06 10:45:00,0.80791,0.80808,0.80791,0.80808,96,18,0
2026-07-06 11:00:00,0.80807,0.80814,0.80796,0.80813,110,18,0
2026-07-06 11:15:00,0.80814,0.8083,0.80808,0.80816,73,18,0
2026-07-06 11:30:00,0.80817,0.80839,0.80814,0.80837,88,18,0
2026-07-06 11:45:00,0.80839,0.80848,0.80828,0.80829,102,18,0
2026-07-06 12:00:00,0.80826,0.80865,0.80813,0.80865,130,18,0
2026-07-06 12:15:00,0.80866,0.80883,0.80866,0.8088,128,18,0
2026-07-06 12:30:00,0.80879,0.80886,0.80814,0.80821,161,18,0
2026-07-06 12:45:00,0.80822,0.80829,0.80809,0.80824,139,18,0
2026-07-06 13:00:00,0.80827,0.80835,0.80808,0.8081,140,18,0
2026-07-06 13:15:00,0.80808,0.80824,0.80762,0.80766,164,18,0
2026-07-06 13:30:00,0.80769,0.8081,0.80764,0.80806,211,18,0
2026-07-06 13:45:00,0.80807,0.80844,0.80794,0.80801,266,18,0
2026-07-06 14:00:00,0.80804,0.80892,0.80787,0.80888,261,18,0
2026-07-06 14:15:00,0.80887,0.80898,0.80869,0.80873,169,18,0
2026-07-06 14:30:00,0.80875,0.80883,0.80853,0.80856,174,18,0
2026-07-06 14:45:00,0.80855,0.80877,0.80842,0.80844,176,18,0
2026-07-06 15:00:00,0.80847,0.8087,0.80838,0.80842,152,18,0
2026-07-06 15:15:00,0.80845,0.80846,0.80815,0.80838,124,18,0
2026-07-06 15:30:00,0.80837,0.80858,0.80829,0.80858,131,18,0
2026-07-06 15:45:00,0.80859,0.80878,0.80853,0.80873,103,18,0
2026-07-06 16:00:00,0.80875,0.80896,0.8087,0.80891,86,18,0
2026-07-06 16:15:00,0.80893,0.80908,0.80889,0.80908,85,18,0
2026-07-06 16:30:00,0.80909,0.80923,0.80908,0.80922,80,18,0
2026-07-06 16:45:00,0.80921,0.80948,0.80921,0.80941,75,18,0
2026-07-06 17:00:00,0.80943,0.8096,0.80939,0.8096,95,18,0
2026-07-06 17:15:00,0.80958,0.8099,0.80956,0.8098,82,18,0
2026-07-06 17:30:00,0.80978,0.81005,0.80978,0.81001,108,18,0
2026-07-06 17:45:00,0.80999,0.81004,0.80987,0.80991,72,18,0
2026-07-06 18:00:00,0.80993,0.81005,0.80991,0.80993,75,18,0
2026-07-06 18:15:00,0.80995,0.81022,0.80995,0.81022,68,18,0
2026-07-06 18:30:00,0.81021,0.81042,0.81021,0.81035,77,18,0
2026-07-06 18:45:00,0.81036,0.8105,0.81035,0.81037,85,18,0
2026-07-06 19:00:00,0.81033,0.81034,0.81005,0.81005,65,18,0
2026-07-06 19:15:00,0.81006,0.81009,0.80999,0.81002,57,18,0
2026-07-06 19:30:00,0.81001,0.81004,0.80988,0.80988,34,18,0
2026-07-06 19:45:00,0.8099,0.81004,0.80987,0.80995,99,18,0
2026-07-06 20:00:00,0.80996,0.81003,0.80991,0.81,85,18,0
2026-07-06 20:15:00,0.80999,0.81004,0.80991,0.81001,32,18,0
2026-07-06 20:30:00,0.81003,0.81004,0.8098,0.80983,36,18,0
2026-07-06 20:45:00,0.80985,0.80987,0.80949,0.80978,56,13,0
2026-07-06 21:00:00,0.8098,0.8098,0.80971,0.80972,17,13,0
2026-07-06 21:15:00,0.80974,0.80978,0.80968,0.80974,40,28,0
2026-07-06 21:30:00,0.80972,0.80977,0.80952,0.80965,51,17,0
2026-07-06 21:45:00,0.80963,0.80972,0.80957,0.80957,59,22,0
2026-07-06 22:00:00,0.80951,0.81001,0.80941,0.80998,74,13,0
2026-07-06 22:15:00,0.80995,0.80998,0.80994,0.80994,12,13,0
2026-07-06 22:30:00,0.80996,0.81018,0.80996,0.81005,26,13,0
2026-07-06 22:45:00,0.81002,0.81006,0.80998,0.81001,29,13,0
2026-07-06 23:00:00,0.81,0.81025,0.81,0.81016,41,18,0
2026-07-06 23:15:00,0.81017,0.81027,0.81011,0.81027,32,18,0
2026-07-06 23:30:00,0.81024,0.81024,0.81006,0.81012,26,18,0
2026-07-06 23:45:00,0.81011,0.81011,0.80982,0.80986,55,18,0
2026-07-07 00:00:00,0.80983,0.81011,0.80983,0.80997,94,18,0
2026-07-07 00:15:00,0.80995,0.8101,0.80984,0.8099,85,18,0
2026-07-07 00:30:00,0.80991,0.81006,0.80989,0.81,63,18,0
2026-07-07 00:45:00,0.80999,0.81028,0.80988,0.8099,110,18,0
2026-07-07 01:00:00,0.80988,0.81004,0.80985,0.81,110,18,0
2026-07-07 01:15:00,0.80999,0.81012,0.80984,0.81012,128,18,0
2026-07-07 01:30:00,0.81011,0.81051,0.81011,0.81035,167,18,0
2026-07-07 01:45:00,0.81038,0.81069,0.81038,0.81046,133,18,0
2026-07-07 02:00:00,0.81047,0.81058,0.81036,0.81038,94,18,0
2026-07-07 02:15:00,0.8104,0.81042,0.81016,0.81016,73,18,0
2026-07-07 02:30:00,0.81015,0.81027,0.81003,0.81003,65,18,0
2026-07-07 02:45:00,0.81005,0.81006,0.80995,0.80995,66,18,0
2026-07-07 03:00:00,0.80996,0.81038,0.80989,0.81032,90,18,0
2026-07-07 03:15:00,0.81033,0.8105,0.81026,0.81026,71,18,0
2026-07-07 03:30:00,0.81025,0.8104,0.81007,0.81023,77,18,0
2026-07-07 03:45:00,0.81021,0.81024,0.81009,0.81017,90,18,0
2026-07-07 04:00:00,0.81019,0.81026,0.81007,0.81024,60,18,0
2026-07-07 04:15:00,0.81023,0.81034,0.81003,0.81003,52,18,0
2026-07-07 04:30:00,0.81002,0.81002,0.80975,0.80979,77,18,0
2026-07-07 04:45:00,0.8098,0.80988,0.80959,0.80959,48,18,0
2026-07-07 05:00:00,0.80957,0.80961,0.80914,0.80914,70,18,0
2026-07-07 05:15:00,0.80913,0.80916,0.80873,0.80878,101,18,0
2026-07-07 05:30:00,0.8088,0.80905,0.80877,0.80896,122,18,0
2026-07-07 05:45:00,0.80895,0.80918,0.80894,0.80914,97,18,0
2026-07-07 06:00:00,0.80911,0.80914,0.80844,0.80844,122,18,0
2026-07-07 06:15:00,0.80848,0.80871,0.80847,0.80863,120,18,0
2026-07-07 06:30:00,0.80862,0.80899,0.80862,0.80899,79,18,0
2026-07-07 06:45:00,0.809,0.80907,0.80891,0.80901,77,18,0
2026-07-07 07:00:00,0.80903,0.80904,0.8088,0.80887,126,18,0
2026-07-07 07:15:00,0.80884,0.80893,0.80873,0.80878,97,18,0
2026-07-07 07:30:00,0.8088,0.80905,0.80879,0.80901,82,18,0
2026-07-07 07:45:00,0.809,0.80904,0.80865,0.80866,117,18,0
2026-07-07 08:00:00,0.80868,0.8089,0.80862,0.80878,122,18,0
2026-07-07 08:15:00,0.80879,0.80927,0.80873,0.80925,118,18,0
2026-07-07 08:30:00,0.80927,0.80929,0.80895,0.809,134,18,0
2026-07-07 08:45:00,0.80898,0.80898,0.80868,0.80878,93,18,0
2026-07-07 09:00:00,0.80877,0.80879,0.80858,0.80859,140,18,0
2026-07-07 09:15:00,0.80862,0.80882,0.80861,0.80866,88,18,0
2026-07-07 09:30:00,0.80867,0.80873,0.80849,0.80866,80,18,0
2026-07-07 09:45:00,0.80868,0.8087,0.80846,0.80867,69,18,0
2026-07-07 10:00:00,0.80866,0.80872,0.8086,0.80867,82,18,0
2026-07-07 10:15:00,0.80865,0.80866,0.80851,0.8086,70,18,0
2026-07-07 10:30:00,0.80856,0.80872,0.80852,0.80852,81,18,0
2026-07-07 10:45:00,0.80851,0.80851,0.80816,0.80827,70,18,0
2026-07-07 11:00:00,0.80826,0.80849,0.80811,0.80838,95,18,0
2026-07-07 11:15:00,0.80837,0.80922,0.80833,0.80905,154,18,0
2026-07-07 11:30:00,0.80904,0.80911,0.80877,0.80882,104,18,0
2026-07-07 11:45:00,0.8088,0.80898,0.80847,0.80888,131,18,0
2026-07-07 12:00:00,0.80891,0.80916,0.80888,0.80916,127,18,0
2026-07-07 12:15:00,0.80918,0.80961,0.80904,0.80956,129,18,0
2026-07-07 12:30:00,0.80954,0.80991,0.80954,0.80962,154,18,0
2026-07-07 12:45:00,0.80964,0.80969,0.80934,0.80954,126,18,0
2026-07-07 13:00:00,0.80955,0.80961,0.80929,0.80933,140,18,0
2026-07-07 13:15:00,0.80934,0.80934,0.80864,0.80866,172,18,0
2026-07-07 13:30:00,0.80863,0.80873,0.80831,0.80845,226,18,0
2026-07-07 13:45:00,0.80844,0.80844,0.8076,0.80763,208,18,0
2026-07-07 14:00:00,0.80764,0.80779,0.80722,0.80759,275,18,0
2026-07-07 14:15:00,0.80758,0.80797,0.80756,0.80793,203,18,0
2026-07-07 14:30:00,0.80795,0.80796,0.80739,0.80753,202,18,0
2026-07-07 14:45:00,0.8075,0.80776,0.80735,0.80748,195,18,0
2026-07-07 15:00:00,0.80744,0.80751,0.8072,0.8072,199,18,0
2026-07-07 15:15:00,0.80719,0.80721,0.80674,0.80694,169,18,0
2026-07-07 15:30:00,0.80695,0.80697,0.8067,0.8069,134,18,0
2026-07-07 15:45:00,0.80691,0.80692,0.80674,0.80685,122,18,0
2026-07-07 16:00:00,0.80686,0.80693,0.80663,0.80669,118,18,0
2026-07-07 16:15:00,0.8067,0.80671,0.80652,0.80668,97,18,0
2026-07-07 16:30:00,0.80667,0.8069,0.80667,0.80684,92,18,0
2026-07-07 16:45:00,0.80685,0.80691,0.80674,0.80687,79,18,0
2026-07-07 17:00:00,0.80685,0.80709,0.80683,0.80706,88,18,0
2026-07-07 17:15:00,0.80704,0.80711,0.80693,0.80696,68,18,0
2026-07-07 17:30:00,0.80698,0.80711,0.80695,0.80711,66,18,0
2026-07-07 17:45:00,0.80709,0.80724,0.80701,0.80719,65,18,0
2026-07-07 18:00:00,0.80721,0.80722,0.80698,0.80703,73,18,0
2026-07-07 18:15:00,0.80702,0.80717,0.80695,0.80711,88,18,0
2026-07-07 18:30:00,0.80712,0.80721,0.80704,0.80713,96,18,0
2026-07-07 18:45:00,0.80716,0.80724,0.80648,0.80656,200,18,0
2026-07-07 19:00:00,0.80652,0.80652,0.80601,0.80603,195,18,0
2026-07-07 19:15:00,0.80604,0.80619,0.80563,0.80616,218,18,0
2026-07-07 19:30:00,0.80618,0.80648,0.80617,0.80634,111,18,0
2026-07-07 19:45:00,0.80637,0.80639,0.80621,0.80639,113,18,0
2026-07-07 20:00:00,0.80638,0.80644,0.80615,0.80615,66,18,0
2026-07-07 20:15:00,0.80612,0.80612,0.80571,0.8058,72,18,0
2026-07-07 20:30:00,0.80581,0.8059,0.80573,0.80585,64,18,0
2026-07-07 20:45:00,0.80586,0.80611,0.80581,0.80605,58,11,0
2026-07-07 21:00:00,0.80603,0.80604,0.80595,0.80596,14,14,0
2026-07-07 21:15:00,0.80595,0.80605,0.80588,0.80588,33,15,0
2026-07-07 21:30:00,0.80585,0.80585,0.80552,0.80581,82,42,0
2026-07-07 21:45:00,0.80579,0.80583,0.80556,0.80583,80,32,0
2026-07-07 22:00:00,0.80588,0.80617,0.80556,0.80601,126,13,0
2026-07-07 22:15:00,0.80599,0.80611,0.8059,0.80594,31,13,0
2026-07-07 22:30:00,0.80595,0.80602,0.80589,0.80594,41,13,0
2026-07-07 22:45:00,0.80597,0.80606,0.80575,0.80602,55,13,0
2026-07-07 23:00:00,0.806,0.8063,0.806,0.80621,55,18,0
2026-07-07 23:15:00,0.80622,0.80664,0.80622,0.8066,43,18,0
2026-07-07 23:30:00,0.80661,0.80661,0.80636,0.80646,35,18,0
2026-07-07 23:45:00,0.80642,0.80643,0.80597,0.80602,66,18,0
2026-07-08 00:00:00,0.806,0.80643,0.80575,0.8062,194,18,0
2026-07-08 00:15:00,0.80621,0.80652,0.80593,0.80631,163,18,0
2026-07-08 00:30:00,0.80632,0.8067,0.80614,0.80665,129,18,0
2026-07-08 00:45:00,0.80666,0.80725,0.80665,0.80724,143,18,0
2026-07-08 01:00:00,0.80727,0.80772,0.80715,0.80764,167,18,0
2026-07-08 01:15:00,0.80765,0.80765,0.80735,0.8076,96,18,0
2026-07-08 01:30:00,0.80763,0.80777,0.80717,0.80717,123,18,0
2026-07-08 01:45:00,0.8072,0.80758,0.8072,0.80739,217,18,0
2026-07-08 02:00:00,0.80741,0.80965,0.80741,0.80864,565,18,0
2026-07-08 02:15:00,0.80862,0.80937,0.80862,0.80887,285,18,0
2026-07-08 02:30:00,0.80885,0.809,0.8085,0.80895,192,18,0
2026-07-08 02:45:00,0.80896,0.80914,0.80878,0.80895,109,18,0
2026-07-08 03:00:00,0.80897,0.80949,0.80854,0.80949,163,18,0
2026-07-08 03:15:00,0.80947,0.80965,0.8093,0.80961,144,18,0
2026-07-08 03:30:00,0.80963,0.80994,0.80956,0.8098,126,18,0
2026-07-08 03:45:00,0.80982,0.80998,0.80958,0.8096,111,18,0
2026-07-08 04:00:00,0.80958,0.80958,0.80912,0.80943,97,18,0
2026-07-08 04:15:00,0.80945,0.81022,0.80945,0.81021,95,18,0
2026-07-08 04:30:00,0.81024,0.81044,0.81017,0.81033,112,18,0
2026-07-08 04:45:00,0.81034,0.81045,0.8102,0.81045,104,18,0
2026-07-08 05:00:00,0.81043,0.81079,0.81019,0.81024,195,18,0
2026-07-08 05:15:00,0.81021,0.81039,0.81018,0.8103,114,18,0
2026-07-08 05:30:00,0.81028,0.81098,0.81022,0.81079,156,18,0
2026-07-08 05:45:00,0.8108,0.81094,0.81055,0.81074,144,18,0
2026-07-08 06:00:00,0.81075,0.81084,0.81037,0.81042,174,18,0
2026-07-08 06:15:00,0.81044,0.81072,0.81019,0.81037,180,18,0
2026-07-08 06:30:00,0.8104,0.8104,0.80958,0.80964,187,18,0
2026-07-08 06:45:00,0.80963,0.80987,0.80936,0.80987,147,18,0
2026-07-08 07:00:00,0.80989,0.80989,0.80887,0.8091,223,18,0
2026-07-08 07:15:00,0.80906,0.80934,0.80898,0.80914,206,18,0
2026-07-08 07:30:00,0.80916,0.80968,0.80914,0.80968,181,18,0
2026-07-08 07:45:00,0.80969,0.80993,0.80952,0.80953,159,18,0
2026-07-08 08:00:00,0.80955,0.80958,0.80913,0.80915,190,18,0
2026-07-08 08:15:00,0.80918,0.80922,0.80678,0.80792,658,18,0
2026-07-08 08:30:00,0.80791,0.80816,0.80693,0.80696,425,18,0
2026-07-08 08:45:00,0.80699,0.80747,0.80636,0.8065,376,18,0
2026-07-08 09:00:00,0.80652,0.80658,0.80596,0.80604,359,18,0
2026-07-08 09:15:00,0.80606,0.80627,0.80596,0.80616,290,18,0
2026-07-08 09:30:00,0.80615,0.80637,0.80599,0.80634,233,18,0
2026-07-08 09:45:00,0.80632,0.8065,0.80608,0.80621,208,18,0
2026-07-08 10:00:00,0.80625,0.80636,0.80613,0.80633,236,18,0
2026-07-08 10:15:00,0.80631,0.80695,0.80629,0.80689,185,18,0
2026-07-08 10:30:00,0.80686,0.80754,0.80682,0.80753,163,18,0
2026-07-08 10:45:00,0.80754,0.80756,0.80729,0.80729,144,18,0
2026-07-08 11:00:00,0.80726,0.80729,0.80688,0.80697,151,18,0
2026-07-08 11:15:00,0.80696,0.80715,0.80695,0.80704,147,18,0
2026-07-08 11:30:00,0.80703,0.80723,0.80625,0.80709,326,18,0
2026-07-08 11:45:00,0.80711,0.80735,0.80696,0.80713,269,18,0
2026-07-08 12:00:00,0.80715,0.808,0.80689,0.80784,302,18,0
2026-07-08 12:15:00,0.80787,0.80832,0.80782,0.80827,199,18,0
2026-07-08 12:30:00,0.8083,0.80835,0.80802,0.80821,130,18,0
2026-07-08 12:45:00,0.8082,0.80836,0.80759,0.8076,282,18,0
2026-07-08 13:00:00,0.80758,0.8079,0.80755,0.80779,282,18,0
2026-07-08 13:15:00,0.80778,0.80778,0.80702,0.80704,242,18,0
2026-07-08 13:30:00,0.80707,0.80758,0.80707,0.80748,335,18,0
2026-07-08 13:45:00,0.80746,0.80769,0.80693,0.80704,292,18,0
2026-07-08 14:00:00,0.80701,0.80711,0.80667,0.8067,293,18,0
2026-07-08 14:15:00,0.80672,0.80704,0.80656,0.8067,260,18,0
2026-07-08 14:30:00,0.80667,0.80674,0.80636,0.80666,227,18,0
2026-07-08 14:45:00,0.80665,0.80667,0.8062,0.80657,230,18,0
2026-07-08 15:00:00,0.80655,0.80679,0.80627,0.80628,248,18,0
2026-07-08 15:15:00,0.80627,0.80648,0.80606,0.80639,222,18,0
2026-07-08 15:30:00,0.80642,0.80645,0.806,0.80643,246,18,0
2026-07-08 15:45:00,0.8064,0.80644,0.80609,0.80617,195,18,0
2026-07-08 16:00:00,0.80618,0.80633,0.8061,0.80619,182,18,0
2026-07-08 16:15:00,0.80617,0.80633,0.8061,0.80625,148,18,0
2026-07-08 16:30:00,0.80622,0.80687,0.80622,0.80685,218,18,0
2026-07-08 16:45:00,0.80684,0.80722,0.80684,0.80717,173,18,0
2026-07-08 17:00:00,0.80715,0.80789,0.80709,0.80776,171,18,0
2026-07-08 17:15:00,0.80778,0.80817,0.80777,0.80815,144,18,0
2026-07-08 17:30:00,0.80813,0.80823,0.80803,0.80807,109,18,0
2026-07-08 17:45:00,0.80806,0.80808,0.80774,0.80779,101,18,0
2026-07-08 18:00:00,0.80776,0.80828,0.80765,0.80827,165,18,0
2026-07-08 18:15:00,0.80825,0.80832,0.80804,0.80829,104,18,0
2026-07-08 18:30:00,0.80826,0.80853,0.80815,0.80852,101,18,0
2026-07-08 18:45:00,0.80855,0.80867,0.80838,0.80838,107,18,0
2026-07-08 19:00:00,0.80835,0.80853,0.80835,0.8084,94,18,0
2026-07-08 19:15:00,0.80841,0.80845,0.8083,0.80845,74,18,0
2026-07-08 19:30:00,0.80847,0.80847,0.80814,0.80819,102,18,0
2026-07-08 19:45:00,0.8082,0.8082,0.80798,0.80813,139,18,0
2026-07-08 20:00:00,0.80812,0.80818,0.80779,0.8078,75,18,0
2026-07-08 20:15:00,0.80778,0.80778,0.80745,0.80751,78,18,0
2026-07-08 20:30:00,0.80749,0.80757,0.80723,0.80753,72,18,0
2026-07-08 20:45:00,0.80754,0.80781,0.80754,0.80766,62,11,0
2026-07-08 21:00:00,0.80764,0.80764,0.80743,0.80745,13,17,0
2026-07-08 21:15:00,0.80746,0.80751,0.80673,0.80673,65,36,0
2026-07-08 21:30:00,0.80675,0.80721,0.80672,0.80695,140,70,0
2026-07-08 21:45:00,0.80693,0.80745,0.80689,0.80745,85,83,0
2026-07-08 22:00:00,0.80778,0.80823,0.80772,0.80786,75,13,0
2026-07-08 22:15:00,0.80788,0.8079,0.80763,0.80764,30,13,0
2026-07-08 22:30:00,0.80763,0.80803,0.80758,0.80787,56,13,0
2026-07-08 22:45:00,0.80789,0.80808,0.80789,0.80806,41,13,0
2026-07-08 23:00:00,0.80802,0.80852,0.80799,0.80852,38,18,0
2026-07-08 23:15:00,0.80849,0.80875,0.80846,0.80868,50,18,0
2026-07-08 23:30:00,0.80866,0.80915,0.80866,0.80915,79,18,0
2026-07-08 23:45:00,0.80917,0.80948,0.80908,0.80947,62,18,0
2026-07-09 00:00:00,0.80948,0.81001,0.80948,0.81001,148,18,0
2026-07-09 00:15:00,0.80999,0.81081,0.80999,0.81078,172,18,0
2026-07-09 00:30:00,0.81079,0.81101,0.81036,0.81038,154,18,0
2026-07-09 00:45:00,0.81035,0.81056,0.81028,0.81046,128,18,0
2026-07-09 01:00:00,0.81048,0.81074,0.81015,0.81015,161,18,0
2026-07-09 01:15:00,0.81011,0.81029,0.80987,0.80989,136,18,0
2026-07-09 01:30:00,0.80992,0.81013,0.80967,0.80993,145,18,0
2026-07-09 01:45:00,0.80992,0.81028,0.80982,0.81022,97,18,0
2026-07-09 02:00:00,0.81024,0.81026,0.80998,0.81013,139,18,0
2026-07-09 02:15:00,0.81011,0.81056,0.8101,0.81049,123,18,0
2026-07-09 02:30:00,0.8105,0.81056,0.81002,0.81007,102,18,0
2026-07-09 02:45:00,0.81009,0.81017,0.80999,0.80999,76,18,0
2026-07-09 03:00:00,0.80997,0.81016,0.80986,0.81014,113,18,0
2026-07-09 03:15:00,0.81011,0.81026,0.80988,0.81026,91,18,0
2026-07-09 03:30:00,0.81028,0.81061,0.81023,0.81044,107,18,0
2026-07-09 03:45:00,0.81043,0.81068,0.81041,0.81051,84,18,0
2026-07-09 04:00:00,0.81052,0.81062,0.81043,0.81059,82,18,0
2026-07-09 04:15:00,0.81062,0.81065,0.81029,0.81032,82,18,0
2026-07-09 04:30:00,0.8103,0.81052,0.81027,0.81046,64,18,0
2026-07-09 04:45:00,0.81044,0.81076,0.81044,0.81074,54,18,0
2026-07-09 05:00:00,0.81075,0.81096,0.81047,0.8108,168,18,0
2026-07-09 05:15:00,0.81081,0.81084,0.81039,0.81059,126,18,0
2026-07-09 05:30:00,0.81061,0.81082,0.81046,0.81054,114,18,0
2026-07-09 05:45:00,0.81055,0.81093,0.81054,0.81083,121,18,0
2026-07-09 06:00:00,0.81086,0.81145,0.81086,0.81113,183,18,0
2026-07-09 06:15:00,0.8111,0.81161,0.81109,0.81143,202,18,0
2026-07-09 06:30:00,0.81139,0.81164,0.81112,0.81126,161,18,0
2026-07-09 06:45:00,0.81127,0.81134,0.81112,0.81122,115,18,0
2026-07-09 07:00:00,0.8112,0.81132,0.81109,0.81116,146,18,0
2026-07-09 07:15:00,0.81115,0.8119,0.81114,0.81182,142,18,0
2026-07-09 07:30:00,0.81181,0.81216,0.81173,0.81213,110,18,0
2026-07-09 07:45:00,0.81212,0.81272,0.81205,0.81268,124,18,0
2026-07-09 08:00:00,0.8127,0.81327,0.81261,0.81296,187,18,0
2026-07-09 08:15:00,0.81298,0.81369,0.81297,0.81365,119,18,0
2026-07-09 08:30:00,0.81364,0.8137,0.8134,0.81343,124,18,0
2026-07-09 08:45:00,0.81342,0.81367,0.81331,0.81355,110,18,0
2026-07-09 09:00:00,0.81353,0.81355,0.813,0.81304,120,18,0
2026-07-09 09:15:00,0.81306,0.81306,0.81275,0.81286,128,18,0
2026-07-09 09:30:00,0.81285,0.81304,0.81267,0.81275,157,18,0
2026-07-09 09:45:00,0.81276,0.81301,0.81275,0.81299,75,18,0
2026-07-09 10:00:00,0.81296,0.81334,0.81296,0.81324,119,18,0
2026-07-09 10:15:00,0.81326,0.81335,0.81321,0.81331,88,18,0
2026-07-09 10:30:00,0.81328,0.81339,0.81306,0.81306,86,18,0
2026-07-09 10:45:00,0.81307,0.81307,0.81226,0.81249,152,18,0
2026-07-09 11:00:00,0.8125,0.81293,0.81249,0.81284,121,18,0
2026-07-09 11:15:00,0.81282,0.81283,0.81245,0.81254,99,18,0
2026-07-09 11:30:00,0.81255,0.81273,0.81248,0.81259,123,18,0
2026-07-09 11:45:00,0.8126,0.81287,0.8126,0.81274,121,18,0
2026-07-09 12:00:00,0.81275,0.81338,0.81273,0.81338,166,18,0
2026-07-09 12:15:00,0.81339,0.81353,0.81298,0.81347,170,18,0
2026-07-09 12:30:00,0.81344,0.81399,0.81328,0.81391,220,18,0
2026-07-09 12:45:00,0.81388,0.81403,0.81372,0.8139,170,18,0
2026-07-09 13:00:00,0.81392,0.81419,0.81382,0.81399,168,18,0
2026-07-09 13:15:00,0.81398,0.81443,0.81397,0.81436,185,18,0
2026-07-09 13:30:00,0.81437,0.81475,0.81427,0.81467,207,18,0
2026-07-09 13:45:00,0.81468,0.81499,0.81444,0.81499,203,18,0
2026-07-09 14:00:00,0.81496,0.81508,0.81466,0.81476,247,18,0
2026-07-09 14:15:00,0.81473,0.8148,0.81446,0.81466,199,18,0
2026-07-09 14:30:00,0.81467,0.81472,0.81445,0.81449,209,18,0
2026-07-09 14:45:00,0.8145,0.81468,0.81439,0.81451,259,18,0
2026-07-09 15:00:00,0.8145,0.81492,0.81444,0.81469,228,18,0
2026-07-09 15:15:00,0.81472,0.81507,0.81462,0.81501,143,18,0
2026-07-09 15:30:00,0.81499,0.81526,0.81485,0.81522,158,18,0
2026-07-09 15:45:00,0.81525,0.81576,0.81521,0.81562,166,18,0
2026-07-09 16:00:00,0.81561,0.81583,0.81551,0.81558,113,18,0
2026-07-09 16:15:00,0.81559,0.81567,0.81531,0.81554,98,18,0
2026-07-09 16:30:00,0.81551,0.81571,0.81551,0.81564,89,18,0
2026-07-09 16:45:00,0.81566,0.81573,0.81541,0.81544,90,18,0
2026-07-09 17:00:00,0.81543,0.81549,0.81537,0.81542,77,18,0
2026-07-09 17:15:00,0.8154,0.81583,0.81538,0.81581,100,18,0
2026-07-09 17:30:00,0.81582,0.81594,0.8158,0.81593,85,18,0
2026-07-09 17:45:00,0.81594,0.81606,0.81591,0.81593,61,18,0
2026-07-09 18:00:00,0.81595,0.81605,0.81584,0.81589,72,18,0
2026-07-09 18:15:00,0.81587,0.81588,0.81543,0.81544,75,18,0
2026-07-09 18:30:00,0.81546,0.81567,0.81542,0.81565,70,18,0
2026-07-09 18:45:00,0.81566,0.81575,0.81561,0.81564,53,18,0
2026-07-09 19:00:00,0.81565,0.81574,0.81563,0.81574,65,18,0
2026-07-09 19:15:00,0.81575,0.81575,0.81556,0.81563,57,18,0
2026-07-09 19:30:00,0.8156,0.81561,0.81536,0.81544,74,18,0
2026-07-09 19:45:00,0.81541,0.81549,0.81531,0.81549,60,18,0
2026-07-09 20:00:00,0.81548,0.81568,0.81548,0.81563,52,18,0
2026-07-09 20:15:00,0.81565,0.81578,0.81556,0.81578,42,18,0
2026-07-09 20:30:00,0.81579,0.81579,0.81553,0.81553,51,18,0
2026-07-09 20:45:00,0.81554,0.81554,0.81497,0.81511,98,13,0
2026-07-09 21:00:00,0.81511,0.81514,0.81475,0.81492,25,29,0
2026-07-09 21:15:00,0.81494,0.81496,0.81486,0.81495,34,45,0
2026-07-09 21:30:00,0.81497,0.81517,0.81497,0.81513,98,24,0
2026-07-09 21:45:00,0.81514,0.81519,0.8151,0.81519,50,34,0
2026-07-09 22:00:00,0.8154,0.81556,0.81488,0.81547,167,13,0
2026-07-09 22:15:00,0.81548,0.81572,0.81546,0.81569,34,13,0
2026-07-09 22:30:00,0.81567,0.81584,0.81561,0.81576,25,13,0
2026-07-09 22:45:00,0.81578,0.81584,0.81577,0.81584,24,13,0
2026-07-09 23:00:00,0.81581,0.81596,0.81575,0.81592,42,18,0
2026-07-09 23:15:00,0.81591,0.81599,0.81585,0.81587,17,18,0
2026-07-09 23:30:00,0.81588,0.81599,0.81587,0.81595,18,18,0
2026-07-09 23:45:00,0.81596,0.81612,0.81592,0.81612,36,18,0
2026-07-10 00:00:00,0.81615,0.81628,0.81596,0.81604,112,18,0
2026-07-10 00:15:00,0.81606,0.81625,0.81604,0.81611,82,18,0
2026-07-10 00:30:00,0.81608,0.81662,0.81592,0.81659,121,18,0
2026-07-10 00:45:00,0.81663,0.81742,0.81662,0.81739,179,18,0
2026-07-10 01:00:00,0.81736,0.81773,0.81719,0.81763,226,18,0
2026-07-10 01:15:00,0.81765,0.81801,0.81754,0.81764,162,18,0
2026-07-10 01:30:00,0.81763,0.81775,0.81747,0.81773,149,18,0
2026-07-10 01:45:00,0.81774,0.8186,0.81767,0.81843,190,18,0
2026-07-10 02:00:00,0.81839,0.81873,0.81825,0.81841,192,18,0
2026-07-10 02:15:00,0.81839,0.81875,0.81837,0.81856,172,18,0
2026-07-10 02:30:00,0.81855,0.81865,0.81828,0.81859,113,18,0
2026-07-10 02:45:00,0.81861,0.8188,0.81831,0.81833,152,18,0
2026-07-10 03:00:00,0.81834,0.81848,0.81824,0.81827,92,18,0
2026-07-10 03:15:00,0.81824,0.81838,0.81822,0.81838,94,18,0
2026-07-10 03:30:00,0.81836,0.81847,0.81836,0.8184,71,18,0
2026-07-10 03:45:00,0.81839,0.81839,0.81802,0.81806,83,18,0
2026-07-10 04:00:00,0.81803,0.81819,0.81786,0.81791,83,18,0
2026-07-10 04:15:00,0.8179,0.8179,0.81776,0.8178,75,18,0
2026-07-10 04:30:00,0.81781,0.81781,0.81755,0.81755,36,18,0
2026-07-10 04:45:00,0.81758,0.8176,0.81739,0.81743,86,18,0
2026-07-10 05:00:00,0.81746,0.81757,0.81733,0.81743,81,18,0
2026-07-10 05:15:00,0.81745,0.81745,0.81704,0.81711,88,18,0
2026-07-10 05:30:00,0.81708,0.81714,0.81688,0.81703,100,18,0
2026-07-10 05:45:00,0.81704,0.81715,0.8169,0.81691,116,18,0
2026-07-10 06:00:00,0.81693,0.81772,0.81693,0.81769,153,18,0
2026-07-10 06:15:00,0.81771,0.81805,0.81736,0.81737,163,18,0
2026-07-10 06:30:00,0.81736,0.81756,0.81707,0.81707,151,18,0
2026-07-10 06:45:00,0.81709,0.81714,0.81692,0.81708,118,18,0
2026-07-10 07:00:00,0.81705,0.8172,0.81699,0.81712,148,18,0
2026-07-10 07:15:00,0.81714,0.81733,0.81703,0.81713,124,18,0
2026-07-10 07:30:00,0.8171,0.81724,0.81704,0.81716,115,18,0
2026-07-10 07:45:00,0.81718,0.81718,0.81688,0.81714,112,18,0
2026-07-10 08:00:00,0.81712,0.81758,0.81702,0.8175,180,18,0
2026-07-10 08:15:00,0.81751,0.81751,0.81697,0.81704,124,18,0
2026-07-10 08:30:00,0.81705,0.81711,0.81674,0.81699,137,18,0
2026-07-10 08:45:00,0.81698,0.81713,0.8169,0.81701,122,18,0
2026-07-10 09:00:00,0.81699,0.8172,0.81681,0.81716,121,18,0
2026-07-10 09:15:00,0.81719,0.8174,0.8171,0.81731,91,18,0
2026-07-10 09:30:00,0.81729,0.81735,0.8171,0.81727,94,18,0
2026-07-10 09:45:00,0.81729,0.8176,0.81723,0.81752,75,18,0
2026-07-10 10:00:00,0.81754,0.81768,0.81748,0.81748,83,18,0
2026-07-10 10:15:00,0.81749,0.81761,0.81738,0.81738,86,18,0
2026-07-10 10:30:00,0.8174,0.81745,0.81733,0.81735,89,18,0
2026-07-10 10:45:00,0.81734,0.81736,0.81715,0.8172,124,18,0
2026-07-10 11:00:00,0.81719,0.81738,0.81719,0.81726,106,18,0
2026-07-10 11:15:00,0.81727,0.81735,0.81681,0.81687,125,18,0
2026-07-10 11:30:00,0.81684,0.81684,0.81653,0.81678,160,18,0
2026-07-10 11:45:00,0.81681,0.81692,0.81655,0.81671,130,18,0
2026-07-10 12:00:00,0.81674,0.81716,0.81645,0.81705,248,18,0
2026-07-10 12:15:00,0.81707,0.81711,0.8167,0.8168,180,18,0
2026-07-10 12:30:00,0.81676,0.81676,0.81586,0.81586,272,18,0
2026-07-10 12:45:00,0.81588,0.81597,0.81572,0.81595,146,18,0
2026-07-10 13:00:00,0.81597,0.81629,0.81592,0.81628,147,18,0
2026-07-10 13:15:00,0.81629,0.81654,0.81625,0.81626,139,18,0
2026-07-10 13:30:00,0.81624,0.8168,0.81623,0.8168,221,18,0
2026-07-10 13:45:00,0.81681,0.81705,0.81651,0.81652,238,18,0
2026-07-10 14:00:00,0.8165,0.81659,0.81635,0.81659,192,18,0
2026-07-10 14:15:00,0.81657,0.8166,0.81632,0.81634,190,18,0
2026-07-10 14:30:00,0.81635,0.81638,0.81469,0.81553,477,18,0
2026-07-10 14:45:00,0.8155,0.81568,0.81491,0.81517,231,18,0
2026-07-10 15:00:00,0.81514,0.81549,0.81512,0.81531,222,18,0
2026-07-10 15:15:00,0.81529,0.81582,0.81529,0.81581,229,18,0
2026-07-10 15:30:00,0.81583,0.81598,0.81559,0.8156,160,18,0
2026-07-10 15:45:00,0.81559,0.81593,0.81553,0.8158,144,18,0
2026-07-10 16:00:00,0.81582,0.81583,0.81547,0.81559,173,18,0
2026-07-10 16:15:00,0.81558,0.81566,0.81537,0.81558,160,18,0
2026-07-10 16:30:00,0.81557,0.81558,0.81526,0.81536,128,18,0
2026-07-10 16:45:00,0.81537,0.81546,0.81512,0.81512,116,18,0
2026-07-10 17:00:00,0.8151,0.81538,0.81507,0.81519,147,18,0
2026-07-10 17:15:00,0.81521,0.81541,0.81518,0.81539,103,18,0
2026-07-10 17:30:00,0.81541,0.81547,0.81532,0.81538,95,18,0
2026-07-10 17:45:00,0.81539,0.81541,0.81521,0.81522,68,18,0
2026-07-10 18:00:00,0.81525,0.81538,0.81518,0.81538,88,18,0
2026-07-10 18:15:00,0.81539,0.81546,0.81529,0.8153,84,18,0
2026-07-10 18:30:00,0.81531,0.8154,0.81522,0.81538,80,18,0
2026-07-10 18:45:00,0.81539,0.81571,0.81536,0.81568,72,18,0
2026-07-10 19:00:00,0.81565,0.81573,0.81557,0.81557,60,18,0
2026-07-10 19:15:00,0.81554,0.81569,0.81553,0.81569,36,18,0
2026-07-10 19:30:00,0.8157,0.81577,0.81559,0.81561,56,18,0
2026-07-10 19:45:00,0.81562,0.81577,0.81558,0.81574,74,18,0
2026-07-10 20:00:00,0.81576,0.8159,0.81572,0.81583,72,18,0
2026-07-10 20:15:00,0.81581,0.81594,0.81574,0.81593,51,18,0
2026-07-10 20:30:00,0.81594,0.81596,0.81576,0.81578,54,18,0
2026-07-10 20:45:00,0.8158,0.81601,0.81579,0.81594,108,18,0
2026-07-12 21:00:00,0.81509,0.81556,0.81509,0.81556,4,60,0
2026-07-12 21:15:00,0.81523,0.81561,0.81523,0.81557,17,60,0
2026-07-12 21:30:00,0.81555,0.81584,0.81529,0.81582,30,60,0
2026-07-12 21:45:00,0.81581,0.81585,0.81411,0.81472,50,60,0
2026-07-12 22:00:00,0.81535,0.81584,0.81447,0.81457,332,18,0
2026-07-12 22:15:00,0.8146,0.81499,0.81448,0.81491,114,18,0
2026-07-12 22:30:00,0.81495,0.8152,0.81471,0.81477,89,18,0
2026-07-12 22:45:00,0.81474,0.81485,0.81463,0.81469,68,18,0
2026-07-12 23:00:00,0.81466,0.81486,0.8144,0.81484,88,18,0
2026-07-12 23:15:00,0.81483,0.81485,0.81473,0.81485,42,18,0
2026-07-12 23:30:00,0.81486,0.81493,0.81477,0.81491,38,18,0
2026-07-12 23:45:00,0.81493,0.81538,0.81493,0.81538,107,18,0
2026-07-13 00:00:00,0.81541,0.81574,0.81535,0.81558,167,18,0
2026-07-13 00:15:00,0.8156,0.81565,0.81517,0.81517,156,18,0
2026-07-13 00:30:00,0.8152,0.81523,0.81471,0.81482,141,18,0
2026-07-13 00:45:00,0.81484,0.81493,0.81447,0.81466,137,18,0
2026-07-13 01:00:00,0.81463,0.81493,0.81452,0.81492,175,18,0
2026-07-13 01:15:00,0.81494,0.81554,0.81493,0.81554,185,18,0
2026-07-13 01:30:00,0.81555,0.81617,0.81545,0.81617,171,18,0
2026-07-13 01:45:00,0.81618,0.8171,0.81618,0.81689,182,18,0
2026-07-13 02:00:00,0.81691,0.81691,0.81638,0.81638,159,18,0
2026-07-13 02:15:00,0.81634,0.81664,0.8163,0.81659,93,18,0
2026-07-13 02:30:00,0.81661,0.81678,0.81648,0.81662,93,18,0
2026-07-13 02:45:00,0.81661,0.81666,0.81633,0.81637,69,18,0
2026-07-13 03:00:00,0.81635,0.8164,0.81559,0.8157,115,18,0
2026-07-13 03:15:00,0.81567,0.81589,0.81566,0.81588,97,18,0
2026-07-13 03:30:00,0.81586,0.81594,0.8155,0.81551,89,18,0
2026-07-13 03:45:00,0.81553,0.8156,0.81519,0.81535,86,18,0
2026-07-13 04:00:00,0.81537,0.81537,0.81476,0.81495,84,18,0
2026-07-13 04:15:00,0.81493,0.81496,0.81452,0.81467,70,18,0
2026-07-13 04:30:00,0.8147,0.81485,0.81464,0.81468,64,18,0
2026-07-13 04:45:00,0.81467,0.81495,0.81464,0.81487,62,18,0
2026-07-13 05:00:00,0.81488,0.81531,0.81482,0.8153,121,18,0
2026-07-13 05:15:00,0.81533,0.81538,0.81479,0.81479,125,18,0
2026-07-13 05:30:00,0.81481,0.81512,0.81462,0.81497,165,18,0
2026-07-13 05:45:00,0.81496,0.81518,0.81466,0.81493,181,18,0
2026-07-13 06:00:00,0.81495,0.81508,0.81444,0.81447,186,18,0
2026-07-13 06:15:00,0.81449,0.81512,0.81449,0.81512,160,18,0
2026-07-13 06:30:00,0.81513,0.81562,0.81508,0.81552,156,18,0
2026-07-13 06:45:00,0.81551,0.81574,0.81542,0.81564,146,18,0
2026-07-13 07:00:00,0.81568,0.81656,0.81566,0.81641,229,18,0
2026-07-13 07:15:00,0.81643,0.81643,0.8158,0.81582,176,18,0
2026-07-13 07:30:00,0.81579,0.81592,0.81537,0.81562,199,18,0
2026-07-13 07:45:00,0.81564,0.81639,0.81564,0.81638,158,18,0
2026-07-13 08:00:00,0.81641,0.81717,0.81638,0.817,275,18,0
2026-07-13 08:15:00,0.81701,0.8174,0.81701,0.81707,185,18,0
2026-07-13 08:30:00,0.81706,0.81753,0.8169,0.81752,167,18,0
2026-07-13 08:45:00,0.81749,0.81787,0.81744,0.81748,133,18,0
2026-07-13 09:00:00,0.81747,0.81747,0.81714,0.81719,135,18,0
2026-07-13 09:15:00,0.8172,0.81739,0.81709,0.81731,140,18,0
2026-07-13 09:30:00,0.81729,0.81735,0.81711,0.81733,121,18,0
2026-07-13 09:45:00,0.81732,0.8174,0.81713,0.81733,113,18,0
2026-07-13 10:00:00,0.81731,0.81732,0.8169,0.81691,105,18,0
2026-07-13 10:15:00,0.8169,0.81691,0.81654,0.81662,129,18,0
2026-07-13 10:30:00,0.81663,0.81678,0.81648,0.81654,128,18,0
2026-07-13 10:45:00,0.81653,0.81679,0.81651,0.81676,127,18,0
2026-07-13 11:00:00,0.81677,0.81702,0.81672,0.81699,175,18,0
2026-07-13 11:15:00,0.81701,0.81711,0.81681,0.81708,138,18,0
2026-07-13 11:30:00,0.81706,0.81723,0.81692,0.81714,136,18,0
2026-07-13 11:45:00,0.81716,0.81718,0.817,0.81702,116,18,0
2026-07-13 12:00:00,0.817,0.81714,0.81649,0.81655,193,18,0
2026-07-13 12:15:00,0.81658,0.81687,0.81643,0.81685,171,18,0
2026-07-13 12:30:00,0.81687,0.81706,0.81684,0.817,154,18,0
2026-07-13 12:45:00,0.81702,0.81771,0.81698,0.8177,159,18,0
2026-07-13 13:00:00,0.81772,0.81792,0.81766,0.81773,205,18,0
2026-07-13 13:15:00,0.81772,0.81813,0.81763,0.81807,144,18,0
2026-07-13 13:30:00,0.81806,0.81808,0.81722,0.81725,270,18,0
2026-07-13 13:45:00,0.81722,0.81731,0.81698,0.81724,240,18,0
2026-07-13 14:00:00,0.81726,0.81733,0.81685,0.81696,293,18,0
2026-07-13 14:15:00,0.81695,0.81706,0.81587,0.81615,495,18,0
2026-07-13 14:30:00,0.81616,0.81636,0.8161,0.81622,266,18,0
2026-07-13 14:45:00,0.81624,0.81627,0.81578,0.81619,232,18,0
2026-07-13 15:00:00,0.8162,0.81629,0.81572,0.81582,201,18,0
2026-07-13 15:15:00,0.81579,0.81583,0.81545,0.81567,175,18,0
2026-07-13 15:30:00,0.8157,0.81584,0.81555,0.81577,171,18,0
2026-07-13 15:45:00,0.81576,0.81583,0.81566,0.81579,143,18,0
2026-07-13 16:00:00,0.81582,0.81592,0.8157,0.81586,98,18,0
2026-07-13 16:15:00,0.81587,0.81587,0.81497,0.81505,147,18,0
2026-07-13 16:30:00,0.81503,0.81503,0.81406,0.81463,320,18,0
2026-07-13 16:45:00,0.81466,0.81474,0.81403,0.81433,210,18,0
2026-07-13 17:00:00,0.81436,0.81471,0.81422,0.8146,128,18,0
2026-07-13 17:15:00,0.81458,0.81462,0.81442,0.81442,109,18,0
2026-07-13 17:30:00,0.81443,0.81444,0.81417,0.81433,105,18,0
2026-07-13 17:45:00,0.81434,0.81445,0.81393,0.81394,128,18,0
2026-07-13 18:00:00,0.81393,0.81406,0.81374,0.81406,124,18,0
2026-07-13 18:15:00,0.81405,0.81405,0.81364,0.81386,109,18,0
2026-07-13 18:30:00,0.81385,0.81413,0.8138,0.81412,120,18,0
2026-07-13 18:45:00,0.81413,0.81418,0.81402,0.81412,80,18,0
2026-07-13 19:00:00,0.81409,0.81429,0.81401,0.81408,104,18,0
2026-07-13 19:15:00,0.81409,0.81409,0.81376,0.81376,99,18,0
2026-07-13 19:30:00,0.81378,0.81395,0.81378,0.81388,68,18,0
2026-07-13 19:45:00,0.81387,0.81393,0.8138,0.81388,94,18,0
2026-07-13 20:00:00,0.81385,0.81387,0.81336,0.81338,68,18,0
2026-07-13 20:15:00,0.81336,0.81355,0.81307,0.81355,86,18,0
2026-07-13 20:30:00,0.81356,0.81365,0.81352,0.81361,49,18,0
2026-07-13 20:45:00,0.81362,0.81389,0.81359,0.81387,60,11,0
2026-07-13 21:00:00,0.81385,0.81387,0.81373,0.81374,9,11,0
2026-07-13 21:15:00,0.81377,0.81377,0.81362,0.81364,10,29,0
2026-07-13 21:30:00,0.81365,0.81368,0.81354,0.81368,36,45,0
2026-07-13 21:45:00,0.8137,0.81384,0.8137,0.81384,25,25,0
2026-07-13 22:00:00,0.81388,0.81442,0.81384,0.81438,114,13,0
2026-07-13 22:15:00,0.81439,0.81454,0.81433,0.81441,48,13,0
2026-07-13 22:30:00,0.81444,0.81471,0.81441,0.81465,49,13,0
2026-07-13 22:45:00,0.81464,0.81464,0.81436,0.81437,39,13,0
2026-07-13 23:00:00,0.81432,0.8147,0.81427,0.8147,58,18,0
2026-07-13 23:15:00,0.81471,0.81478,0.81459,0.81473,42,18,0
2026-07-13 23:30:00,0.8147,0.81544,0.81464,0.81533,62,18,0
2026-07-13 23:45:00,0.81534,0.81541,0.81506,0.81541,109,18,0
2026-07-14 00:00:00,0.81539,0.81558,0.81495,0.8154,287,18,0
2026-07-14 00:15:00,0.81542,0.81571,0.81493,0.8157,259,18,0
2026-07-14 00:30:00,0.81567,0.81679,0.81564,0.81679,265,18,0
2026-07-14 00:45:00,0.81678,0.81744,0.81667,0.81719,281,18,0
2026-07-14 01:00:00,0.81723,0.81742,0.81716,0.81722,218,18,0
2026-07-14 01:15:00,0.81721,0.81759,0.817,0.81703,185,18,0
2026-07-14 01:30:00,0.81701,0.81721,0.81693,0.81715,167,18,0
2026-07-14 01:45:00,0.81717,0.81733,0.81689,0.81712,146,18,0
2026-07-14 02:00:00,0.81713,0.81757,0.8171,0.81754,152,18,0
2026-07-14 02:15:00,0.81753,0.81797,0.81751,0.81796,173,18,0
2026-07-14 02:30:00,0.81799,0.81813,0.81776,0.818,151,18,0
2026-07-14 02:45:00,0.81801,0.81802,0.81769,0.81778,119,18,0
2026-07-14 03:00:00,0.8178,0.81809,0.81776,0.81805,130,18,0
2026-07-14 03:15:00,0.81802,0.81832,0.81801,0.81832,128,18,0
2026-07-14 03:30:00,0.8183,0.81873,0.81827,0.81845,183,18,0
2026-07-14 03:45:00,0.81843,0.81862,0.81832,0.81833,117,18,0
2026-07-14 04:00:00,0.81832,0.81832,0.81784,0.81791,107,18,0
2026-07-14 04:15:00,0.81792,0.81798,0.81761,0.81762,78,18,0
2026-07-14 04:30:00,0.81759,0.81783,0.81741,0.81767,98,18,0
2026-07-14 04:45:00,0.81765,0.81801,0.8176,0.81799,87,18,0
2026-07-14 05:00:00,0.81802,0.81845,0.81795,0.81841,95,18,0
2026-07-14 05:15:00,0.81842,0.81865,0.8184,0.8186,89,18,0
2026-07-14 05:30:00,0.81863,0.81914,0.81863,0.81896,139,18,0
2026-07-14 05:45:00,0.81897,0.81902,0.81873,0.81879,113,18,0
2026-07-14 06:00:00,0.81875,0.81875,0.81823,0.81831,150,18,0
2026-07-14 06:15:00,0.8183,0.81834,0.81799,0.81799,119,18,0
2026-07-14 06:30:00,0.81798,0.81823,0.81766,0.81774,142,18,0
2026-07-14 06:45:00,0.8177,0.81774,0.81739,0.81749,131,18,0
2026-07-14 07:00:00,0.81747,0.81779,0.81734,0.81776,206,18,0
2026-07-14 07:15:00,0.81779,0.81818,0.81766,0.81801,189,18,0
2026-07-14 07:30:00,0.81802,0.81802,0.81723,0.81723,186,18,0
2026-07-14 07:45:00,0.81726,0.81756,0.81715,0.81728,199,18,0
2026-07-14 08:00:00,0.81727,0.81737,0.81665,0.81681,212,18,0
2026-07-14 08:15:00,0.81682,0.81714,0.81674,0.81707,182,18,0
2026-07-14 08:30:00,0.81706,0.81743,0.817,0.81733,211,18,0
2026-07-14 08:45:00,0.81732,0.81734,0.81688,0.81688,177,18,0
2026-07-14 09:00:00,0.81685,0.8173,0.81675,0.8173,169,18,0
2026-07-14 09:15:00,0.81732,0.81734,0.81703,0.81706,149,18,0
2026-07-14 09:30:00,0.81707,0.81732,0.81707,0.81717,128,18,0
2026-07-14 09:45:00,0.81716,0.81766,0.81716,0.81755,158,18,0
2026-07-14 10:00:00,0.81757,0.81776,0.8175,0.8175,115,18,0
2026-07-14 10:15:00,0.81751,0.8179,0.81751,0.81784,133,18,0
2026-07-14 10:30:00,0.81786,0.81786,0.81732,0.81741,155,18,0
2026-07-14 10:45:00,0.81742,0.81774,0.81739,0.81769,109,18,0
2026-07-14 11:00:00,0.81767,0.81812,0.81757,0.81809,194,18,0
2026-07-14 11:15:00,0.81808,0.81862,0.81797,0.81858,152,18,0
2026-07-14 11:30:00,0.81861,0.81907,0.81861,0.81887,139,18,0
2026-07-14 11:45:00,0.81885,0.81903,0.81879,0.81882,181,18,0
2026-07-14 12:00:00,0.81879,0.81885,0.81817,0.81817,193,18,0
2026-07-14 12:15:00,0.81814,0.81843,0.81801,0.8183,250,13,0
2026-07-14 12:30:00,0.81829,0.82114,0.81809,0.8198,912,13,0
2026-07-14 12:45:00,0.81978,0.81978,0.81874,0.81903,550,18,0
2026-07-14 13:00:00,0.81906,0.81947,0.81891,0.81905,468,18,0
2026-07-14 13:15:00,0.81904,0.8192,0.81873,0.81877,388,18,0
2026-07-14 13:30:00,0.81879,0.81924,0.81868,0.8191,478,18,0
2026-07-14 13:45:00,0.81908,0.81917,0.81869,0.81903,351,18,0
2026-07-14 14:00:00,0.819,0.81905,0.81829,0.8183,343,18,0
2026-07-14 14:15:00,0.81828,0.81851,0.81789,0.81842,409,18,0
2026-07-14 14:30:00,0.81839,0.81892,0.81824,0.81852,432,18,0
2026-07-14 14:45:00,0.81853,0.8186,0.81759,0.81762,305,18,0
2026-07-14 15:00:00,0.81761,0.81829,0.81744,0.81794,360,18,0
2026-07-14 15:15:00,0.81797,0.818,0.8177,0.81776,200,18,0
2026-07-14 15:30:00,0.81775,0.81785,0.81678,0.81693,271,18,0
2026-07-14 15:45:00,0.81691,0.81704,0.81668,0.81677,238,18,0
2026-07-14 16:00:00,0.81679,0.8169,0.81648,0.81688,220,18,0
2026-07-14 16:15:00,0.81687,0.81702,0.81682,0.817,151,18,0
2026-07-14 16:30:00,0.81704,0.81731,0.81704,0.81712,125,18,0
2026-07-14 16:45:00,0.81715,0.81718,0.81686,0.81709,113,18,0
2026-07-14 17:00:00,0.8171,0.81723,0.81681,0.81681,166,18,0
2026-07-14 17:15:00,0.8168,0.8172,0.81666,0.81717,159,18,0
2026-07-14 17:30:00,0.81718,0.81742,0.81716,0.81742,91,18,0
2026-07-14 17:45:00,0.81743,0.81743,0.81728,0.81728,100,18,0
2026-07-14 18:00:00,0.81727,0.81749,0.81723,0.81745,83,18,0
2026-07-14 18:15:00,0.81747,0.81748,0.81725,0.81734,82,18,0
2026-07-14 18:30:00,0.81732,0.81732,0.81689,0.817,126,18,0
2026-07-14 18:45:00,0.81701,0.81724,0.81701,0.81717,78,18,0
2026-07-14 19:00:00,0.81718,0.81724,0.81701,0.81719,104,18,0
2026-07-14 19:15:00,0.81718,0.81722,0.8171,0.81715,62,18,0
2026-07-14 19:30:00,0.81712,0.81712,0.81684,0.81688,115,18,0
2026-07-14 19:45:00,0.81689,0.817,0.8168,0.81685,82,18,0
2026-07-14 20:00:00,0.81686,0.81703,0.8168,0.8168,71,18,0
2026-07-14 20:15:00,0.81681,0.81682,0.81667,0.81674,38,18,0
2026-07-14 20:30:00,0.81673,0.81679,0.81645,0.81645,58,18,0
2026-07-14 20:45:00,0.81643,0.81686,0.81639,0.81674,79,13,0
2026-07-14 21:00:00,0.81671,0.81671,0.81668,0.81669,10,28,0
2026-07-14 21:15:00,0.81667,0.81667,0.81651,0.81656,33,57,0
2026-07-14 21:30:00,0.81658,0.81676,0.81657,0.81676,70,70,0
2026-07-14 21:45:00,0.81676,0.81682,0.8166,0.81678,77,46,0
2026-07-14 22:00:00,0.81707,0.81738,0.81661,0.81679,153,14,0
2026-07-14 22:15:00,0.81678,0.81698,0.81676,0.81698,31,13,0
2026-07-14 22:30:00,0.817,0.81701,0.81685,0.81691,44,13,0
2026-07-14 22:45:00,0.81692,0.81692,0.81667,0.81674,43,13,0
2026-07-14 23:00:00,0.81671,0.81677,0.81649,0.81652,53,18,0
2026-07-14 23:15:00,0.81653,0.81655,0.81631,0.81641,51,18,0
2026-07-14 23:30:00,0.81639,0.81677,0.81632,0.81676,64,18,0
2026-07-14 23:45:00,0.81675,0.81676,0.81643,0.81662,71,18,0
2026-07-15 00:00:00,0.81665,0.81685,0.81649,0.81673,176,18,0
2026-07-15 00:15:00,0.81675,0.81777,0.81675,0.81772,114,18,0
2026-07-15 00:30:00,0.81774,0.81775,0.817,0.8171,119,18,0
2026-07-15 00:45:00,0.81709,0.81781,0.81709,0.81767,124,18,0
2026-07-15 01:00:00,0.8177,0.81786,0.81737,0.81783,204,18,0
2026-07-15 01:15:00,0.81785,0.81811,0.8177,0.81774,141,18,0
2026-07-15 01:30:00,0.81775,0.81805,0.81716,0.81782,182,18,0
2026-07-15 01:45:00,0.81783,0.81798,0.81755,0.81793,160,18,0
2026-07-15 02:00:00,0.81795,0.81798,0.81748,0.81749,128,18,0
2026-07-15 02:15:00,0.81748,0.81748,0.81704,0.81718,91,18,0
2026-07-15 02:30:00,0.81715,0.81735,0.81711,0.81733,99,18,0
2026-07-15 02:45:00,0.81732,0.81732,0.81671,0.81672,98,18,0
2026-07-15 03:00:00,0.81669,0.81676,0.81641,0.8165,134,18,0
2026-07-15 03:15:00,0.81654,0.81654,0.81608,0.81626,109,18,0
2026-07-15 03:30:00,0.81624,0.81635,0.81613,0.8162,92,18,0
2026-07-15 03:45:00,0.81621,0.81686,0.81621,0.81673,99,18,0
2026-07-15 04:00:00,0.81675,0.81683,0.8164,0.81644,87,18,0
2026-07-15 04:15:00,0.81642,0.81667,0.81642,0.81665,70,18,0
2026-07-15 04:30:00,0.81666,0.81669,0.81654,0.81668,57,18,0
2026-07-15 04:45:00,0.81669,0.81694,0.81669,0.81681,58,18,0
2026-07-15 05:00:00,0.81684,0.81699,0.81681,0.81688,105,18,0
2026-07-15 05:15:00,0.81687,0.81701,0.81676,0.8169,75,18,0
2026-07-15 05:30:00,0.81689,0.81729,0.81689,0.81727,106,18,0
2026-07-15 05:45:00,0.81725,0.81768,0.81725,0.81747,94,18,0
2026-07-15 06:00:00,0.81744,0.81795,0.81743,0.81793,126,18,0
2026-07-15 06:15:00,0.81791,0.81823,0.81789,0.818,134,18,0
2026-07-15 06:30:00,0.81798,0.81798,0.81747,0.81751,140,18,0
2026-07-15 06:45:00,0.81752,0.81773,0.81741,0.81742,141,18,0
2026-07-15 07:00:00,0.8174,0.81746,0.81694,0.81724,176,18,0
2026-07-15 07:15:00,0.81723,0.81735,0.81695,0.81723,160,18,0
2026-07-15 07:30:00,0.81724,0.8174,0.81717,0.8174,163,18,0
2026-07-15 07:45:00,0.81738,0.81772,0.81734,0.81762,124,18,0
2026-07-15 08:00:00,0.81763,0.81771,0.81736,0.81738,145,18,0
2026-07-15 08:15:00,0.81739,0.81783,0.81739,0.81778,156,18,0
2026-07-15 08:30:00,0.81777,0.81787,0.81764,0.81768,117,18,0
2026-07-15 08:45:00,0.8177,0.81787,0.8175,0.81787,122,18,0
2026-07-15 09:00:00,0.8179,0.81813,0.81783,0.81798,106,18,0
2026-07-15 09:15:00,0.81799,0.81838,0.81785,0.8182,117,18,0
2026-07-15 09:30:00,0.81821,0.81821,0.81796,0.81817,103,18,0
2026-07-15 09:45:00,0.81814,0.81814,0.81773,0.81791,121,18,0
2026-07-15 10:00:00,0.81793,0.81824,0.81776,0.81819,114,18,0
2026-07-15 10:15:00,0.8182,0.81824,0.81761,0.8177,182,18,0
2026-07-15 10:30:00,0.81771,0.81827,0.81771,0.81815,127,18,0
2026-07-15 10:45:00,0.81813,0.81832,0.81804,0.81832,96,18,0
2026-07-15 11:00:00,0.81835,0.81873,0.81833,0.81863,119,18,0
2026-07-15 11:15:00,0.81865,0.81869,0.81839,0.81851,107,18,0
2026-07-15 11:30:00,0.81853,0.81858,0.81839,0.81855,129,18,0
2026-07-15 11:45:00,0.81856,0.81883,0.81847,0.81874,167,18,0
2026-07-15 12:00:00,0.81877,0.81885,0.81846,0.81881,158,18,0
2026-07-15 12:15:00,0.81882,0.81884,0.81851,0.81884,148,18,0
2026-07-15 12:30:00,0.81891,0.81916,0.81865,0.81903,352,18,0
2026-07-15 12:45:00,0.81905,0.81956,0.81896,0.81943,179,18,0
2026-07-15 13:00:00,0.81946,0.8198,0.81918,0.81919,184,18,0
2026-07-15 13:15:00,0.81921,0.81946,0.81919,0.8193,188,18,0
2026-07-15 13:30:00,0.81929,0.81957,0.81906,0.81942,236,18,0
2026-07-15 13:45:00,0.81945,0.82,0.81929,0.8198,299,18,0
2026-07-15 14:00:00,0.81982,0.82029,0.81974,0.82003,213,18,0
2026-07-15 14:15:00,0.82005,0.8201,0.81973,0.8199,250,18,0
2026-07-15 14:30:00,0.81993,0.8202,0.81982,0.82004,240,18,0
2026-07-15 14:45:00,0.82007,0.82046,0.81988,0.81999,267,18,0
2026-07-15 15:00:00,0.82003,0.82012,0.81978,0.8198,203,18,0
2026-07-15 15:15:00,0.81981,0.82046,0.81969,0.82044,207,18,0
2026-07-15 15:30:00,0.82041,0.8205,0.82009,0.82034,190,18,0
2026-07-15 15:45:00,0.82035,0.82042,0.82002,0.82002,149,18,0
2026-07-15 16:00:00,0.82003,0.8201,0.81981,0.81981,155,18,0
2026-07-15 16:15:00,0.81979,0.82023,0.81979,0.82016,156,18,0
2026-07-15 16:30:00,0.82018,0.82025,0.81985,0.81987,119,18,0
2026-07-15 16:45:00,0.81988,0.82015,0.8198,0.81997,191,18,0
2026-07-15 17:00:00,0.81999,0.82031,0.81999,0.82016,146,18,0
2026-07-15 17:15:00,0.82017,0.82062,0.8201,0.82062,117,18,0
2026-07-15 17:30:00,0.82063,0.82159,0.82063,0.82155,209,18,0
2026-07-15 17:45:00,0.82153,0.82191,0.82142,0.8218,181,18,0
2026-07-15 18:00:00,0.82182,0.82216,0.82176,0.82206,138,18,0
2026-07-15 18:15:00,0.82203,0.82225,0.82201,0.82206,110,18,0
2026-07-15 18:30:00,0.82207,0.82222,0.82177,0.82177,129,18,0
2026-07-15 18:45:00,0.82175,0.82191,0.82159,0.8217,150,18,0
2026-07-15 19:00:00,0.82168,0.82196,0.82149,0.82179,135,18,0
2026-07-15 19:15:00,0.82182,0.82182,0.82137,0.82153,117,18,0
2026-07-15 19:30:00,0.82154,0.82158,0.82097,0.82098,170,18,0
2026-07-15 19:45:00,0.821,0.82118,0.82091,0.82118,86,18,0
2026-07-15 20:00:00,0.82119,0.82123,0.82108,0.82116,74,18,0
2026-07-15 20:15:00,0.82114,0.82144,0.82112,0.82144,47,18,0
2026-07-15 20:30:00,0.82143,0.82144,0.82128,0.82128,35,18,0
2026-07-15 20:45:00,0.82126,0.82129,0.82107,0.82124,89,11,0
2026-07-15 21:00:00,0.82121,0.82121,0.82078,0.82078,15,22,0
2026-07-15 21:15:00,0.82074,0.82074,0.82052,0.82052,25,83,0
2026-07-15 21:30:00,0.82049,0.82087,0.82047,0.82067,85,57,0
2026-07-15 21:45:00,0.82064,0.8209,0.82054,0.82087,95,49,0
2026-07-15 22:00:00,0.82095,0.82135,0.82075,0.82128,71,14,0
2026-07-15 22:15:00,0.82126,0.82143,0.82123,0.82143,41,14,0
2026-07-15 22:30:00,0.82141,0.82143,0.82119,0.82125,40,14,0
2026-07-15 22:45:00,0.82124,0.82124,0.82106,0.82119,38,13,0
2026-07-15 23:00:00,0.82117,0.82118,0.82082,0.82092,56,18,0
2026-07-15 23:15:00,0.82089,0.82093,0.82077,0.82079,40,18,0
2026-07-15 23:30:00,0.82078,0.82078,0.82049,0.82065,50,18,0
2026-07-15 23:45:00,0.82066,0.82074,0.82055,0.82062,60,18,0
2026-07-16 00:00:00,0.82064,0.82096,0.82062,0.82092,135,18,0
2026-07-16 00:15:00,0.82089,0.82094,0.82074,0.82075,84,18,0
2026-07-16 00:30:00,0.82077,0.82079,0.82037,0.82058,114,18,0
2026-07-16 00:45:00,0.82059,0.82059,0.81999,0.8202,190,18,0
2026-07-16 01:00:00,0.82022,0.82039,0.81996,0.82001,148,18,0
2026-07-16 01:15:00,0.82004,0.82004,0.81977,0.81986,125,18,0
2026-07-16 01:30:00,0.81985,0.81997,0.8197,0.8198,148,18,0
2026-07-16 01:45:00,0.81981,0.82007,0.8198,0.81996,90,18,0
2026-07-16 02:00:00,0.81994,0.82004,0.81964,0.81964,99,18,0
2026-07-16 02:15:00,0.81965,0.8204,0.81964,0.8204,87,18,0
2026-07-16 02:30:00,0.82044,0.82045,0.82022,0.82038,91,18,0
2026-07-16 02:45:00,0.82037,0.82072,0.82035,0.82072,69,18,0
2026-07-16 03:00:00,0.82071,0.82127,0.82069,0.82092,103,18,0
2026-07-16 03:15:00,0.82093,0.82131,0.82093,0.82128,95,18,0
2026-07-16 03:30:00,0.8213,0.82171,0.82129,0.82162,93,18,0
2026-07-16 03:45:00,0.8216,0.82181,0.8216,0.82179,78,18,0
2026-07-16 04:00:00,0.82182,0.82194,0.82164,0.82189,87,18,0
2026-07-16 04:15:00,0.82186,0.82187,0.82126,0.82126,80,18,0
2026-07-16 04:30:00,0.82128,0.8215,0.82128,0.82146,65,18,0
2026-07-16 04:45:00,0.82144,0.82144,0.82126,0.82132,58,18,0
2026-07-16 05:00:00,0.82129,0.82142,0.82121,0.82142,63,18,0
2026-07-16 05:15:00,0.82145,0.82179,0.82144,0.82179,87,18,0
2026-07-16 05:30:00,0.82182,0.82215,0.82179,0.82215,128,18,0
2026-07-16 05:45:00,0.82214,0.82214,0.82175,0.82188,113,18,0
2026-07-16 06:00:00,0.82189,0.8225,0.82189,0.8221,183,18,0
2026-07-16 06:15:00,0.82212,0.82225,0.82204,0.82215,121,18,0
2026-07-16 06:30:00,0.82214,0.82214,0.82163,0.82176,133,18,0
2026-07-16 06:45:00,0.82172,0.82232,0.82164,0.82216,147,18,0
2026-07-16 07:00:00,0.82213,0.82222,0.8218,0.82193,159,18,0
2026-07-16 07:15:00,0.82191,0.82223,0.82189,0.82204,136,18,0
2026-07-16 07:30:00,0.82202,0.8221,0.82179,0.822,115,18,0
2026-07-16 07:45:00,0.82203,0.82249,0.82202,0.82218,142,18,0
2026-07-16 08:00:00,0.82217,0.8225,0.82173,0.82173,160,18,0
2026-07-16 08:15:00,0.82176,0.82204,0.82165,0.82182,131,18,0
2026-07-16 08:30:00,0.82185,0.82204,0.82169,0.8217,95,18,0
2026-07-16 08:45:00,0.82168,0.82168,0.82119,0.82138,99,18,0
2026-07-16 09:00:00,0.82139,0.8218,0.82131,0.8218,135,18,0
2026-07-16 09:15:00,0.82181,0.82195,0.82166,0.82166,86,18,0
2026-07-16 09:30:00,0.82165,0.82171,0.82134,0.82134,107,18,0
2026-07-16 09:45:00,0.82133,0.82143,0.82124,0.82139,84,18,0
2026-07-16 10:00:00,0.82137,0.82153,0.82132,0.82132,100,18,0
2026-07-16 10:15:00,0.82133,0.8214,0.82124,0.82133,71,18,0
2026-07-16 10:30:00,0.82134,0.82151,0.82128,0.82146,87,18,0
2026-07-16 10:45:00,0.82149,0.82161,0.8214,0.82145,66,18,0
2026-07-16 11:00:00,0.82142,0.82144,0.8212,0.82124,108,18,0
2026-07-16 11:15:00,0.82126,0.82126,0.82083,0.82087,122,18,0
2026-07-16 11:30:00,0.82088,0.82095,0.82067,0.82086,115,18,0
2026-07-16 11:45:00,0.82087,0.82141,0.82068,0.82138,275,18,0
2026-07-16 12:00:00,0.82139,0.82139,0.82059,0.82064,180,18,0
2026-07-16 12:15:00,0.82063,0.82084,0.82042,0.82068,227,18,0
2026-07-16 12:30:00,0.82072,0.82082,0.8196,0.81971,261,18,0
2026-07-16 12:45:00,0.81969,0.82014,0.81966,0.81996,208,18,0
2026-07-16 13:00:00,0.81993,0.82034,0.81986,0.82027,231,18,0
2026-07-16 13:15:00,0.82026,0.8203,0.82001,0.82011,175,18,0
2026-07-16 13:30:00,0.82014,0.82029,0.81988,0.82007,241,18,0
2026-07-16 13:45:00,0.82005,0.82005,0.81977,0.81986,266,18,0
2026-07-16 14:00:00,0.8199,0.82018,0.8199,0.82015,239,18,0
2026-07-16 14:15:00,0.82013,0.82058,0.82007,0.82047,205,18,0
2026-07-16 14:30:00,0.82048,0.82072,0.82024,0.82063,183,18,0
2026-07-16 14:45:00,0.82065,0.82077,0.82044,0.82059,226,18,0
2026-07-16 15:00:00,0.82061,0.82063,0.82042,0.82054,195,18,0
2026-07-16 15:15:00,0.82055,0.8207,0.8204,0.82049,146,18,0
2026-07-16 15:30:00,0.82047,0.82068,0.82027,0.82031,171,18,0
2026-07-16 15:45:00,0.8203,0.82049,0.81996,0.81998,134,18,0
2026-07-16 16:00:00,0.81997,0.82015,0.81979,0.81979,121,18,0
2026-07-16 16:15:00,0.81981,0.81986,0.81947,0.81949,156,18,0
2026-07-16 16:30:00,0.81951,0.81977,0.81951,0.81977,134,18,0
2026-07-16 16:45:00,0.81976,0.82004,0.81968,0.82,103,18,0
2026-07-16 17:00:00,0.81998,0.82016,0.81981,0.81985,121,18,0
2026-07-16 17:15:00,0.81987,0.82001,0.81984,0.82,92,18,0
2026-07-16 17:30:00,0.82001,0.82011,0.81998,0.8201,77,18,0
2026-07-16 17:45:00,0.82009,0.82036,0.82005,0.82031,92,18,0
2026-07-16 18:00:00,0.82033,0.82054,0.82033,0.82049,94,18,0
2026-07-16 18:15:00,0.8205,0.82068,0.8204,0.82055,103,18,0
2026-07-16 18:30:00,0.82052,0.8206,0.82039,0.82057,102,18,0
2026-07-16 18:45:00,0.82059,0.82062,0.8205,0.82057,70,18,0
2026-07-16 19:00:00,0.82054,0.82056,0.82022,0.82023,86,18,0
2026-07-16 19:15:00,0.82024,0.82032,0.82015,0.82028,67,18,0
2026-07-16 19:30:00,0.82029,0.82039,0.82025,0.82036,68,18,0
2026-07-16 19:45:00,0.82035,0.82051,0.82029,0.82047,87,18,0
2026-07-16 20:00:00,0.82044,0.8206,0.82043,0.82054,32,18,0
2026-07-16 20:15:00,0.82055,0.82066,0.82055,0.82056,32,18,0
2026-07-16 20:30:00,0.82057,0.82059,0.82027,0.82027,48,18,0
2026-07-16 20:45:00,0.82029,0.82036,0.82018,0.82034,37,11,0
2026-07-16 21:00:00,0.82033,0.82034,0.82012,0.82012,10,15,0
2026-07-16 21:15:00,0.82011,0.82019,0.82001,0.82019,34,35,0
2026-07-16 21:30:00,0.8202,0.82028,0.82015,0.82026,59,20,0
2026-07-16 21:45:00,0.82025,0.82027,0.81975,0.81994,59,32,0
2026-07-16 22:00:00,0.81982,0.8202,0.81954,0.82008,90,13,0
2026-07-16 22:15:00,0.82006,0.82014,0.82004,0.82005,19,13,0
2026-07-16 22:30:00,0.82008,0.82011,0.82005,0.82005,20,13,0
2026-07-16 22:45:00,0.82003,0.82006,0.81969,0.82004,73,13,0
2026-07-16 23:00:00,0.82002,0.82015,0.81993,0.82002,48,18,0
2026-07-16 23:15:00,0.82,0.82007,0.81993,0.81995,37,18,0
2026-07-16 23:30:00,0.81992,0.8201,0.81991,0.82,31,18,0
2026-07-16 23:45:00,0.81998,0.82001,0.81989,0.81997,43,18,0
2026-07-17 00:00:00,0.81996,0.82016,0.81991,0.82006,112,18,0
2026-07-17 00:15:00,0.82007,0.82041,0.82003,0.82005,114,18,0
2026-07-17 00:30:00,0.82004,0.82024,0.81993,0.81993,92,18,0
2026-07-17 00:45:00,0.81991,0.82036,0.81991,0.82035,107,18,0
2026-07-17 01:00:00,0.82037,0.82057,0.82021,0.82021,136,18,0
2026-07-17 01:15:00,0.82023,0.82042,0.82011,0.8202,137,18,0
2026-07-17 01:30:00,0.82017,0.82026,0.81988,0.81997,105,18,0
2026-07-17 01:45:00,0.81995,0.81995,0.81921,0.81938,166,18,0
2026-07-17 02:00:00,0.81939,0.81939,0.81903,0.81937,151,18,0
2026-07-17 02:15:00,0.81938,0.81952,0.81915,0.81923,82,18,0
2026-07-17 02:30:00,0.81922,0.8193,0.81908,0.81929,103,18,0
2026-07-17 02:45:00,0.81931,0.81942,0.81923,0.81926,102,18,0
2026-07-17 03:00:00,0.81927,0.8196,0.8192,0.81937,94,18,0
2026-07-17 03:15:00,0.81938,0.82004,0.81938,0.82004,88,18,0
2026-07-17 03:30:00,0.82002,0.82006,0.81973,0.81979,72,18,0
2026-07-17 03:45:00,0.81976,0.8198,0.8196,0.81961,78,18,0
2026-07-17 04:00:00,0.81959,0.81959,0.81939,0.81948,77,18,0
2026-07-17 04:15:00,0.81946,0.81951,0.81882,0.81886,86,18,0
2026-07-17 04:30:00,0.81885,0.81891,0.81869,0.8188,99,18,0
2026-07-17 04:45:00,0.81882,0.81899,0.81882,0.8189,67,18,0
2026-07-17 05:00:00,0.81891,0.81894,0.81873,0.81891,85,18,0
2026-07-17 05:15:00,0.81893,0.81893,0.81859,0.81888,102,18,0
2026-07-17 05:30:00,0.81891,0.81926,0.81883,0.81909,149,18,0
2026-07-17 05:45:00,0.81908,0.81911,0.81894,0.81896,118,18,0
2026-07-17 06:00:00,0.81895,0.81939,0.81893,0.81931,170,18,0
2026-07-17 06:15:00,0.8193,0.81985,0.8193,0.81981,145,18,0
2026-07-17 06:30:00,0.81979,0.81994,0.81948,0.8195,137,18,0
2026-07-17 06:45:00,0.81948,0.81959,0.81937,0.81943,123,18,0
2026-07-17 07:00:00,0.8194,0.81995,0.81936,0.81983,183,18,0
2026-07-17 07:15:00,0.8198,0.8198,0.81937,0.8195,137,18,0
2026-07-17 07:30:00,0.81949,0.81964,0.81941,0.81958,121,18,0
2026-07-17 07:45:00,0.81957,0.81962,0.81936,0.81938,119,18,0
2026-07-17 08:00:00,0.81941,0.81984,0.8192,0.81923,163,18,0
2026-07-17 08:15:00,0.81921,0.81931,0.81865,0.81865,193,18,0
2026-07-17 08:30:00,0.81866,0.8187,0.81818,0.8183,182,18,0
2026-07-17 08:45:00,0.81829,0.8183,0.81787,0.81787,153,18,0
2026-07-17 09:00:00,0.81784,0.81785,0.81749,0.81784,197,18,0
2026-07-17 09:15:00,0.81785,0.81841,0.81783,0.81841,115,18,0
2026-07-17 09:30:00,0.8184,0.81845,0.81792,0.81798,160,18,0
2026-07-17 09:45:00,0.81795,0.8181,0.81789,0.8181,117,18,0
2026-07-17 10:00:00,0.81812,0.81815,0.81796,0.81812,141,18,0
2026-07-17 10:15:00,0.81811,0.81821,0.81797,0.81819,140,18,0
2026-07-17 10:30:00,0.8182,0.81865,0.8182,0.81853,95,18,0
2026-07-17 10:45:00,0.81851,0.8188,0.81849,0.81865,112,18,0
2026-07-17 11:00:00,0.81862,0.81866,0.81814,0.81818,146,18,0
2026-07-17 11:15:00,0.8182,0.8182,0.81776,0.81794,134,18,0
2026-07-17 11:30:00,0.81795,0.81834,0.81792,0.81792,118,18,0
2026-07-17 11:45:00,0.81794,0.81802,0.81778,0.81782,108,18,0
2026-07-17 12:00:00,0.81783,0.81789,0.81753,0.81754,121,18,0
2026-07-17 12:15:00,0.81758,0.81766,0.8174,0.81764,136,18,0
2026-07-17 12:30:00,0.81761,0.81761,0.8171,0.8173,164,18,0
2026-07-17 12:45:00,0.81731,0.81741,0.81709,0.81714,158,18,0
2026-07-17 13:00:00,0.81715,0.81721,0.81689,0.81716,171,18,0
2026-07-17 13:15:00,0.81714,0.81734,0.817,0.81716,190,18,0
2026-07-17 13:30:00,0.81718,0.81767,0.81712,0.81735,292,18,0
2026-07-17 13:45:00,0.81732,0.8177,0.81732,0.81761,259,18,0
2026-07-17 14:00:00,0.8176,0.81769,0.81737,0.81738,242,18,0
2026-07-17 14:15:00,0.81739,0.81767,0.81733,0.81764,198,18,0
2026-07-17 14:30:00,0.81765,0.81813,0.81764,0.81812,224,18,0
2026-07-17 14:45:00,0.8181,0.8187,0.81807,0.81859,236,18,0
2026-07-17 15:00:00,0.81858,0.81867,0.81825,0.81827,197,18,0
2026-07-17 15:15:00,0.81825,0.8189,0.81825,0.8189,173,18,0
2026-07-17 15:30:00,0.81893,0.81916,0.81883,0.819,178,18,0
2026-07-17 15:45:00,0.81899,0.81936,0.81888,0.81936,184,18,0
2026-07-17 16:00:00,0.81934,0.81934,0.81865,0.81902,227,18,0
2026-07-17 16:15:00,0.81903,0.81903,0.8187,0.81878,143,18,0
2026-07-17 16:30:00,0.81876,0.8188,0.81852,0.81873,98,18,0
2026-07-17 16:45:00,0.81872,0.81894,0.81865,0.81877,107,18,0
2026-07-17 17:00:00,0.8188,0.8191,0.81874,0.81892,120,18,0
2026-07-17 17:15:00,0.81891,0.81905,0.81886,0.81905,97,18,0
2026-07-17 17:30:00,0.81906,0.81906,0.81887,0.81889,73,18,0
2026-07-17 17:45:00,0.81887,0.81901,0.81883,0.81886,64,18,0
2026-07-17 18:00:00,0.81887,0.81905,0.81882,0.8189,68,18,0
2026-07-17 18:15:00,0.81889,0.81893,0.81872,0.81882,105,18,0
2026-07-17 18:30:00,0.81884,0.8189,0.81855,0.81855,75,18,0
2026-07-17 18:45:00,0.81857,0.81865,0.81848,0.81854,78,18,0
2026-07-17 19:00:00,0.81852,0.81863,0.81839,0.81841,70,18,0
2026-07-17 19:15:00,0.8184,0.81883,0.81839,0.81852,105,18,0
2026-07-17 19:30:00,0.81853,0.81867,0.81843,0.81867,92,18,0
2026-07-17 19:45:00,0.81866,0.81869,0.81841,0.81862,91,18,0
2026-07-17 20:00:00,0.8186,0.8186,0.8183,0.81844,64,18,0
2026-07-17 20:15:00,0.81847,0.81866,0.81847,0.81866,55,18,0
2026-07-17 20:30:00,0.81869,0.81878,0.81867,0.81876,47,18,0
2026-07-17 20:45:00,0.81877,0.8191,0.81877,0.81904,98,18,0
2026-07-19 21:15:00,0.8164,0.8174,0.8164,0.8174,11,118,0
2026-07-19 21:30:00,0.81663,0.81701,0.81663,0.81695,47,121,0
2026-07-19 21:45:00,0.81691,0.81691,0.81615,0.81656,79,109,0
2026-07-19 22:00:00,0.81705,0.81814,0.81666,0.81807,252,20,0
2026-07-19 22:15:00,0.81806,0.81832,0.81769,0.81807,190,20,0
2026-07-19 22:30:00,0.81802,0.81805,0.81722,0.81784,156,20,0
2026-07-19 22:45:00,0.81783,0.81783,0.8175,0.81756,48,18,0
2026-07-19 23:00:00,0.8176,0.81813,0.8176,0.81809,58,18,0
2026-07-19 23:15:00,0.81812,0.81843,0.81809,0.81843,52,18,0
2026-07-19 23:30:00,0.81844,0.81851,0.81832,0.81849,71,18,0
2026-07-19 23:45:00,0.81848,0.81853,0.81828,0.8185,94,18,0
2026-07-20 00:00:00,0.81847,0.81871,0.8181,0.81861,148,18,0
2026-07-20 00:15:00,0.81864,0.8189,0.81864,0.81883,127,18,0
2026-07-20 00:30:00,0.81884,0.81884,0.81861,0.81872,85,18,0
2026-07-20 00:45:00,0.81874,0.81875,0.81835,0.81837,114,18,0
2026-07-20 01:00:00,0.8184,0.81867,0.8181,0.81814,162,18,0
2026-07-20 01:15:00,0.81816,0.8184,0.8181,0.81829,130,18,0
2026-07-20 01:30:00,0.81828,0.81835,0.8181,0.81819,147,18,0
2026-07-20 01:45:00,0.81822,0.81849,0.81811,0.81841,116,18,0
2026-07-20 02:00:00,0.81842,0.81922,0.81838,0.81915,140,18,0
2026-07-20 02:15:00,0.81916,0.81961,0.8191,0.81958,104,18,0
2026-07-20 02:30:00,0.8196,0.82009,0.81951,0.81995,132,18,0
2026-07-20 02:45:00,0.81993,0.82005,0.81982,0.81983,105,18,0
2026-07-20 03:00:00,0.81985,0.81998,0.8198,0.81998,92,18,0
2026-07-20 03:15:00,0.82001,0.82016,0.81991,0.82012,72,18,0
2026-07-20 03:30:00,0.82011,0.82044,0.82008,0.82043,68,18,0
2026-07-20 03:45:00,0.82046,0.82064,0.82032,0.82039,67,18,0
2026-07-20 04:00:00,0.82038,0.82048,0.82035,0.82041,65,18,0
2026-07-20 04:15:00,0.82044,0.82062,0.82036,0.82059,66,18,0
2026-07-20 04:30:00,0.82057,0.82067,0.82051,0.82059,63,18,0
2026-07-20 04:45:00,0.8206,0.82063,0.82039,0.8204,54,18,0
2026-07-20 05:00:00,0.82041,0.82041,0.82001,0.8202,90,18,0
2026-07-20 05:15:00,0.82018,0.82025,0.81983,0.81985,87,18,0
2026-07-20 05:30:00,0.81982,0.8199,0.81956,0.81973,108,18,0
2026-07-20 05:45:00,0.81971,0.8199,0.81965,0.81975,79,18,0
2026-07-20 06:00:00,0.81977,0.81979,0.81929,0.81932,111,18,0
2026-07-20 06:15:00,0.81935,0.81952,0.81923,0.81923,130,18,0
2026-07-20 06:30:00,0.81924,0.81945,0.81907,0.81914,121,18,0
2026-07-20 06:45:00,0.81912,0.81945,0.81906,0.81912,108,18,0
2026-07-20 07:00:00,0.81915,0.81962,0.81915,0.81931,143,18,0
2026-07-20 07:15:00,0.81929,0.82026,0.81915,0.82024,198,18,0
2026-07-20 07:30:00,0.82026,0.8211,0.82024,0.82104,245,18,0
2026-07-20 07:45:00,0.82101,0.82108,0.82054,0.82079,153,18,0
2026-07-20 08:00:00,0.82081,0.82105,0.82079,0.82093,134,18,0
2026-07-20 08:15:00,0.82096,0.8211,0.82088,0.82101,121,18,0
2026-07-20 08:30:00,0.82099,0.82121,0.82094,0.82101,121,18,0
2026-07-20 08:45:00,0.821,0.82107,0.82081,0.82082,98,18,0
2026-07-20 09:00:00,0.82079,0.82081,0.82042,0.82061,127,18,0
2026-07-20 09:15:00,0.82063,0.82079,0.82063,0.82068,84,18,0
2026-07-20 09:30:00,0.82067,0.82106,0.82064,0.82105,83,18,0
2026-07-20 09:45:00,0.82102,0.82108,0.82054,0.82057,93,18,0
2026-07-20 10:00:00,0.82059,0.82063,0.82028,0.82056,98,18,0
2026-07-20 10:15:00,0.82053,0.82082,0.82053,0.82077,87,18,0
2026-07-20 10:30:00,0.82076,0.82098,0.82075,0.82091,96,18,0
2026-07-20 10:45:00,0.82092,0.82109,0.8208,0.82081,74,18,0
2026-07-20 11:00:00,0.82085,0.82104,0.82081,0.82081,118,18,0
2026-07-20 11:15:00,0.82083,0.82106,0.82073,0.82096,91,18,0
2026-07-20 11:30:00,0.82095,0.8222,0.82095,0.82207,375,18,0
2026-07-20 11:45:00,0.82206,0.82206,0.82181,0.82186,155,18,0
2026-07-20 12:00:00,0.82185,0.82186,0.82113,0.82117,257,18,0
2026-07-20 12:15:00,0.82119,0.82155,0.82114,0.82148,148,18,0
2026-07-20 12:30:00,0.82152,0.82216,0.82152,0.82184,235,18,0
2026-07-20 12:45:00,0.82185,0.82212,0.82177,0.82199,138,18,0
2026-07-20 13:00:00,0.822,0.82223,0.82154,0.82154,185,18,0
2026-07-20 13:15:00,0.82153,0.8218,0.82145,0.82169,147,18,0
2026-07-20 13:30:00,0.82172,0.82209,0.82158,0.82174,215,18,0
2026-07-20 13:45:00,0.82176,0.82177,0.82134,0.82134,162,18,0
2026-07-20 14:00:00,0.82131,0.82136,0.82104,0.82127,188,18,0
2026-07-20 14:15:00,0.82129,0.82163,0.82124,0.82159,177,18,0
2026-07-20 14:30:00,0.82156,0.82156,0.821,0.8211,205,18,0
2026-07-20 14:45:00,0.82109,0.8214,0.82083,0.8214,224,18,0
2026-07-20 15:00:00,0.82137,0.82153,0.82103,0.8213,242,18,0
2026-07-20 15:15:00,0.82129,0.8219,0.82128,0.82184,151,18,0
2026-07-20 15:30:00,0.82181,0.82185,0.82156,0.82182,147,18,0
2026-07-20 15:45:00,0.8218,0.82182,0.82166,0.82178,115,18,0
2026-07-20 16:00:00,0.82179,0.82202,0.82178,0.82186,123,18,0
2026-07-20 16:15:00,0.82184,0.82184,0.82163,0.82168,81,18,0
2026-07-20 16:30:00,0.82169,0.8217,0.82129,0.82156,155,18,0
2026-07-20 16:45:00,0.82157,0.82167,0.82149,0.82157,100,18,0
2026-07-20 17:00:00,0.82156,0.82163,0.82145,0.82146,99,18,0
2026-07-20 17:15:00,0.82144,0.82172,0.82141,0.82167,99,18,0
2026-07-20 17:30:00,0.82165,0.8217,0.82147,0.8215,59,18,0
2026-07-20 17:45:00,0.82149,0.82157,0.82144,0.8215,67,18,0
2026-07-20 18:00:00,0.82152,0.82183,0.82152,0.82169,94,18,0
2026-07-20 18:15:00,0.82167,0.82178,0.82161,0.82165,102,18,0
2026-07-20 18:30:00,0.82164,0.82164,0.82116,0.82116,97,18,0
2026-07-20 18:45:00,0.8212,0.8213,0.82108,0.82129,79,18,0
2026-07-20 19:00:00,0.82127,0.82128,0.82099,0.82102,79,18,0
2026-07-20 19:15:00,0.82099,0.82135,0.82099,0.82131,79,18,0
2026-07-20 19:30:00,0.82133,0.82161,0.82131,0.82149,90,18,0
2026-07-20 19:45:00,0.82148,0.82148,0.82134,0.82143,85,18,0
2026-07-20 20:00:00,0.82144,0.82157,0.82138,0.82155,72,18,0
2026-07-20 20:15:00,0.82153,0.82155,0.8213,0.82135,44,18,0
2026-07-20 20:30:00,0.82137,0.8214,0.82122,0.8213,48,18,0
2026-07-20 20:45:00,0.82129,0.82146,0.82128,0.82139,42,11,0
2026-07-20 21:00:00,0.82137,0.82138,0.82122,0.82122,19,21,0
2026-07-20 21:15:00,0.82122,0.82126,0.82117,0.8212,33,108,0
2026-07-20 21:30:00,0.82121,0.82136,0.82113,0.82133,92,97,0
2026-07-20 21:45:00,0.82135,0.8214,0.82105,0.82137,46,71,0
2026-07-20 22:00:00,0.82143,0.82213,0.82135,0.82193,232,14,0
2026-07-20 22:15:00,0.82195,0.82196,0.82171,0.82173,34,13,0
2026-07-20 22:30:00,0.8217,0.82179,0.82149,0.82153,66,13,0
2026-07-20 22:45:00,0.82154,0.82316,0.82148,0.82276,229,13,0
2026-07-20 23:00:00,0.82273,0.82349,0.82259,0.82335,119,18,0
2026-07-20 23:15:00,0.82338,0.82349,0.82305,0.82305,59,18,0
2026-07-20 23:30:00,0.82302,0.82338,0.82298,0.82326,53,18,0
2026-07-20 23:45:00,0.82323,0.82339,0.82303,0.82339,90,18,0
2026-07-21 00:00:00,0.82337,0.82372,0.82311,0.82372,209,18,0
2026-07-21 00:15:00,0.82373,0.82432,0.82362,0.8243,158,18,0
2026-07-21 00:30:00,0.82431,0.82466,0.8241,0.82452,122,18,0
2026-07-21 00:45:00,0.82453,0.82509,0.82453,0.8247,141,18,0
2026-07-21 01:00:00,0.82472,0.82516,0.82453,0.8249,135,18,0
2026-07-21 01:15:00,0.82489,0.82524,0.82487,0.82517,197,18,0
2026-07-21 01:30:00,0.8252,0.82558,0.82518,0.82554,190,18,0
2026-07-21 01:45:00,0.82553,0.82581,0.82541,0.8255,115,18,0
2026-07-21 02:00:00,0.82552,0.82641,0.82552,0.82636,180,18,0
2026-07-21 02:15:00,0.82639,0.82643,0.82532,0.82532,182,18,0
2026-07-21 02:30:00,0.8253,0.82585,0.8253,0.82574,133,18,0
2026-07-21 02:45:00,0.82571,0.82576,0.82553,0.8256,84,18,0
2026-07-21 03:00:00,0.82562,0.82566,0.82485,0.82504,147,18,0
2026-07-21 03:15:00,0.82506,0.82531,0.82503,0.8253,101,18,0
2026-07-21 03:30:00,0.82532,0.82575,0.82532,0.82564,98,18,0
2026-07-21 03:45:00,0.82565,0.82589,0.82554,0.82554,73,18,0
2026-07-21 04:00:00,0.82552,0.82566,0.82536,0.82536,81,18,0
2026-07-21 04:15:00,0.82534,0.82539,0.82523,0.82525,46,18,0
2026-07-21 04:30:00,0.82524,0.82524,0.82492,0.82498,79,18,0
2026-07-21 04:45:00,0.82495,0.82514,0.82492,0.82504,66,18,0
2026-07-21 05:00:00,0.82502,0.82526,0.82498,0.82503,96,18,0
2026-07-21 05:15:00,0.82504,0.82507,0.82469,0.8247,55,18,0
2026-07-21 05:30:00,0.82473,0.8252,0.82464,0.82517,107,18,0
2026-07-21 05:45:00,0.82515,0.82515,0.82469,0.82482,120,18,0
2026-07-21 06:00:00,0.82481,0.82506,0.82478,0.82496,137,18,0
2026-07-21 06:15:00,0.82495,0.82496,0.82452,0.82452,140,18,0
2026-07-21 06:30:00,0.82454,0.82454,0.82374,0.82422,155,18,0
2026-07-21 06:45:00,0.82421,0.8245,0.82415,0.82432,145,18,0
2026-07-21 07:00:00,0.82429,0.82447,0.82399,0.82408,198,18,0
2026-07-21 07:15:00,0.82407,0.82409,0.82371,0.82393,195,18,0
2026-07-21 07:30:00,0.82392,0.82406,0.8237,0.82389,136,18,0
2026-07-21 07:45:00,0.82391,0.82401,0.82381,0.82401,113,18,0
2026-07-21 08:00:00,0.82404,0.82427,0.82383,0.82427,155,18,0
2026-07-21 08:15:00,0.82429,0.8244,0.82412,0.82412,115,18,0
2026-07-21 08:30:00,0.8241,0.8241,0.82368,0.82394,145,18,0
2026-07-21 08:45:00,0.82393,0.82407,0.82383,0.82404,62,18,0
2026-07-21 09:00:00,0.82401,0.82407,0.82386,0.82389,99,18,0
2026-07-21 09:15:00,0.82388,0.82425,0.82388,0.82395,108,18,0
2026-07-21 09:30:00,0.82393,0.82414,0.8238,0.82383,111,18,0
2026-07-21 09:45:00,0.82382,0.82396,0.82376,0.8238,87,18,0
2026-07-21 10:00:00,0.82382,0.82413,0.82356,0.824,161,18,0
2026-07-21 10:15:00,0.82401,0.82403,0.82383,0.82383,95,18,0
2026-07-21 10:30:00,0.82381,0.82396,0.82367,0.82369,96,18,0
2026-07-21 10:45:00,0.8237,0.8237,0.82306,0.82307,111,18,0
2026-07-21 11:00:00,0.82306,0.82311,0.82244,0.8225,150,18,0
2026-07-21 11:15:00,0.82252,0.82292,0.82247,0.82265,132,18,0
2026-07-21 11:30:00,0.82264,0.82283,0.8224,0.82277,112,18,0
2026-07-21 11:45:00,0.82278,0.82285,0.82244,0.82258,120,18,0
2026-07-21 12:00:00,0.8226,0.82268,0.8224,0.82259,159,18,0
2026-07-21 12:15:00,0.8226,0.82276,0.82186,0.82188,193,18,0
2026-07-21 12:30:00,0.82191,0.82207,0.82169,0.82184,164,18,0
2026-07-21 12:45:00,0.82182,0.82203,0.82179,0.82189,164,18,0
2026-07-21 13:00:00,0.82192,0.82199,0.82158,0.82198,155,18,0
2026-07-21 13:15:00,0.822,0.822,0.82109,0.82113,202,18,0
2026-07-21 13:30:00,0.82114,0.82114,0.82002,0.82029,294,18,0
2026-07-21 13:45:00,0.82026,0.82074,0.82003,0.82074,261,18,0
2026-07-21 14:00:00,0.82076,0.8211,0.82058,0.8211,220,18,0
2026-07-21 14:15:00,0.82112,0.8214,0.82099,0.82138,204,18,0
2026-07-21 14:30:00,0.82139,0.82155,0.82107,0.82122,202,18,0
2026-07-21 14:45:00,0.8212,0.82136,0.82085,0.82096,260,18,0
2026-07-21 15:00:00,0.82093,0.82165,0.82086,0.82165,167,18,0
2026-07-21 15:15:00,0.82167,0.82207,0.82167,0.822,171,18,0
2026-07-21 15:30:00,0.82197,0.82204,0.82175,0.82192,145,18,0
2026-07-21 15:45:00,0.82193,0.82203,0.8218,0.8219,109,18,0
2026-07-21 16:00:00,0.82193,0.82217,0.82193,0.82212,100,18,0
2026-07-21 16:15:00,0.8221,0.8221,0.82194,0.82201,70,18,0
2026-07-21 16:30:00,0.82199,0.82234,0.82198,0.82224,84,18,0
2026-07-21 16:45:00,0.82226,0.82235,0.82223,0.82227,58,18,0
2026-07-21 17:00:00,0.82226,0.82248,0.82226,0.82242,83,18,0
2026-07-21 17:15:00,0.82243,0.82251,0.82236,0.82243,53,18,0
2026-07-21 17:30:00,0.82241,0.82247,0.82236,0.82247,53,18,0
2026-07-21 17:45:00,0.82246,0.82255,0.82238,0.82239,42,18,0
2026-07-21 18:00:00,0.82238,0.82246,0.82229,0.82232,73,18,0
2026-07-21 18:15:00,0.8223,0.8224,0.82222,0.82233,70,18,0
2026-07-21 18:30:00,0.82236,0.82263,0.82236,0.82263,53,18,0
2026-07-21 18:45:00,0.82262,0.82267,0.82237,0.82243,96,18,0
2026-07-21 19:00:00,0.82242,0.82243,0.82225,0.82237,68,18,0
2026-07-21 19:15:00,0.82239,0.82245,0.82221,0.82221,56,18,0
2026-07-21 19:30:00,0.82223,0.82226,0.82212,0.82219,60,18,0
2026-07-21 19:45:00,0.82217,0.82222,0.82209,0.82214,63,18,0
2026-07-21 20:00:00,0.82215,0.82223,0.82193,0.82193,56,18,0
2026-07-21 20:15:00,0.82192,0.82194,0.82175,0.82183,41,18,0
2026-07-21 20:30:00,0.82181,0.82183,0.82162,0.82183,36,18,0
2026-07-21 20:45:00,0.82181,0.8222,0.82181,0.82212,102,11,0
2026-07-21 21:00:00,0.82215,0.82216,0.82211,0.82214,14,14,0
2026-07-21 21:15:00,0.82212,0.82213,0.82164,0.82178,47,24,0
2026-07-21 21:30:00,0.8218,0.82197,0.82179,0.82185,53,36,0
2026-07-21 21:45:00,0.82182,0.82202,0.82182,0.82202,38,27,0
2026-07-21 22:00:00,0.82208,0.82208,0.82171,0.82188,77,13,0
2026-07-21 22:15:00,0.82187,0.82191,0.82182,0.82189,18,13,0
2026-07-21 22:30:00,0.82186,0.82196,0.82184,0.82193,33,13,0
2026-07-21 22:45:00,0.82191,0.82192,0.82172,0.82172,42,13,0
2026-07-21 23:00:00,0.82168,0.82192,0.82168,0.82182,43,18,0
2026-07-21 23:15:00,0.82185,0.82195,0.82166,0.82166,41,18,0
2026-07-21 23:30:00,0.82168,0.82172,0.82153,0.82154,32,18,0
2026-07-21 23:45:00,0.82156,0.82172,0.82155,0.82158,55,18,0
2026-07-22 00:00:00,0.82161,0.82166,0.82127,0.82152,151,18,0
2026-07-22 00:15:00,0.82154,0.82208,0.82152,0.82208,128,18,0
2026-07-22 00:30:00,0.82211,0.82211,0.82176,0.82177,107,18,0
2026-07-22 00:45:00,0.82178,0.82248,0.82175,0.82248,138,18,0
2026-07-22 01:00:00,0.82249,0.82257,0.82191,0.82193,134,18,0
2026-07-22 01:15:00,0.82195,0.82195,0.82169,0.82179,124,18,0
2026-07-22 01:30:00,0.82181,0.82181,0.82157,0.82164,123,18,0
2026-07-22 01:45:00,0.82166,0.82224,0.82166,0.82219,97,18,0
2026-07-22 02:00:00,0.82221,0.82221,0.82184,0.82212,98,18,0
2026-07-22 02:15:00,0.82209,0.82235,0.822,0.82226,91,18,0
2026-07-22 02:30:00,0.82229,0.82229,0.82185,0.82202,101,18,0
2026-07-22 02:45:00,0.82206,0.82213,0.82185,0.82186,75,18,0
2026-07-22 03:00:00,0.82187,0.82187,0.82146,0.82156,88,18,0
2026-07-22 03:15:00,0.82155,0.82209,0.82155,0.82209,85,18,0
2026-07-22 03:30:00,0.82211,0.82211,0.82174,0.82176,75,18,0
2026-07-22 03:45:00,0.82178,0.82189,0.82173,0.82188,61,18,0
2026-07-22 04:00:00,0.82186,0.82191,0.8215,0.8215,102,18,0
2026-07-22 04:15:00,0.82153,0.8217,0.82147,0.8217,59,18,0
2026-07-22 04:30:00,0.82168,0.82175,0.82156,0.82175,73,18,0
2026-07-22 04:45:00,0.82174,0.82174,0.82157,0.82168,47,18,0
2026-07-22 05:00:00,0.8217,0.8218,0.82161,0.82166,75,18,0
2026-07-22 05:15:00,0.82164,0.82168,0.82139,0.8214,57,18,0
2026-07-22 05:30:00,0.82139,0.82144,0.82098,0.82102,112,18,0
2026-07-22 05:45:00,0.821,0.8212,0.82097,0.82118,90,18,0
2026-07-22 06:00:00,0.82115,0.82118,0.821,0.82112,110,18,0
2026-07-22 06:15:00,0.8211,0.82112,0.82018,0.82023,137,18,0
2026-07-22 06:30:00,0.82026,0.82065,0.82012,0.82029,121,18,0
2026-07-22 06:45:00,0.82028,0.82033,0.82014,0.82032,118,18,0
2026-07-22 07:00:00,0.82035,0.8204,0.82013,0.8202,167,18,0
2026-07-22 07:15:00,0.82022,0.82064,0.82014,0.82028,148,18,0
2026-07-22 07:30:00,0.82027,0.82072,0.81957,0.8198,271,18,0
2026-07-22 07:45:00,0.81979,0.81989,0.81949,0.81969,167,18,0
2026-07-22 08:00:00,0.81965,0.81975,0.81937,0.81937,174,18,0
2026-07-22 08:15:00,0.81934,0.81987,0.81922,0.81987,134,18,0
2026-07-22 08:30:00,0.81988,0.82013,0.81987,0.81988,107,18,0
2026-07-22 08:45:00,0.8199,0.82007,0.81975,0.81985,120,18,0
2026-07-22 09:00:00,0.81984,0.82013,0.8198,0.81993,129,18,0
2026-07-22 09:15:00,0.81991,0.82003,0.81985,0.81986,114,18,0
2026-07-22 09:30:00,0.81985,0.82005,0.81971,0.8198,102,18,0
2026-07-22 09:45:00,0.81979,0.81982,0.81961,0.81972,97,18,0
2026-07-22 10:00:00,0.81974,0.81997,0.81972,0.81994,97,18,0
2026-07-22 10:15:00,0.81996,0.82047,0.81995,0.82044,118,18,0
2026-07-22 10:30:00,0.82042,0.82045,0.82021,0.82031,92,18,0
2026-07-22 10:45:00,0.82029,0.82047,0.82026,0.82028,99,18,0
2026-07-22 11:00:00,0.82026,0.82026,0.81977,0.81995,148,18,0
2026-07-22 11:15:00,0.81993,0.81994,0.81951,0.81954,107,18,0
2026-07-22 11:30:00,0.81953,0.81962,0.81898,0.81918,174,18,0
2026-07-22 11:45:00,0.81915,0.81969,0.8191,0.81956,154,18,0
2026-07-22 12:00:00,0.81959,0.81969,0.81943,0.81947,126,18,0
2026-07-22 12:15:00,0.81949,0.81952,0.81918,0.81951,129,18,0
2026-07-22 12:30:00,0.81952,0.81955,0.8192,0.81932,133,18,0
2026-07-22 12:45:00,0.81933,0.81933,0.81888,0.81905,180,18,0
2026-07-22 13:00:00,0.81907,0.81948,0.81907,0.81943,155,18,0
2026-07-22 13:15:00,0.81942,0.81992,0.81935,0.81948,170,18,0
2026-07-22 13:30:00,0.81951,0.81977,0.81945,0.8196,225,18,0
2026-07-22 13:45:00,0.81962,0.81989,0.81952,0.81978,210,18,0
2026-07-22 14:00:00,0.81981,0.81984,0.81939,0.81971,188,18,0
2026-07-22 14:15:00,0.8197,0.8197,0.81884,0.81884,156,18,0
2026-07-22 14:30:00,0.81886,0.81938,0.81886,0.81927,166,18,0
2026-07-22 14:45:00,0.81925,0.81933,0.81902,0.81915,207,18,0
2026-07-22 15:00:00,0.81912,0.81933,0.81911,0.81923,145,18,0
2026-07-22 15:15:00,0.81924,0.81948,0.81914,0.81948,99,18,0
2026-07-22 15:30:00,0.81947,0.81956,0.81925,0.81951,126,18,0
2026-07-22 15:45:00,0.81952,0.81978,0.81946,0.81978,107,18,0
2026-07-22 16:00:00,0.81979,0.81981,0.8195,0.81953,86,18,0
2026-07-22 16:15:00,0.81954,0.81963,0.8195,0.81952,91,18,0
2026-07-22 16:30:00,0.81953,0.81968,0.81947,0.81956,73,18,0
2026-07-22 16:45:00,0.81957,0.81985,0.81952,0.81978,71,18,0
2026-07-22 17:00:00,0.81979,0.81984,0.8196,0.8196,53,18,0
2026-07-22 17:15:00,0.81959,0.81973,0.81959,0.81963,62,18,0
2026-07-22 17:30:00,0.81961,0.81965,0.81944,0.81956,50,18,0
2026-07-22 17:45:00,0.81959,0.81968,0.81935,0.81939,69,18,0
2026-07-22 18:00:00,0.81941,0.81946,0.81916,0.81918,62,18,0
2026-07-22 18:15:00,0.81917,0.81924,0.81917,0.81924,79,18,0
2026-07-22 18:30:00,0.81922,0.81922,0.81902,0.81904,58,18,0
2026-07-22 18:45:00,0.81905,0.81907,0.81888,0.81888,37,18,0
2026-07-22 19:00:00,0.81887,0.81912,0.81875,0.81887,78,18,0
2026-07-22 19:15:00,0.81888,0.81907,0.81888,0.81905,62,18,0
2026-07-22 19:30:00,0.81908,0.81911,0.81903,0.81903,47,18,0
2026-07-22 19:45:00,0.81905,0.81906,0.81878,0.81882,80,18,0
2026-07-22 20:00:00,0.81885,0.81913,0.81882,0.81913,112,18,0
2026-07-22 20:15:00,0.8191,0.81913,0.81895,0.81898,41,18,0
2026-07-22 20:30:00,0.819,0.81911,0.81893,0.81911,38,18,0
2026-07-22 20:45:00,0.81912,0.81924,0.81893,0.81917,72,15,0
2026-07-22 21:00:00,0.8192,0.8192,0.819,0.819,12,15,0
2026-07-22 21:15:00,0.81898,0.81903,0.81888,0.819,35,48,0
2026-07-22 21:30:00,0.81903,0.81918,0.81903,0.81917,70,34,0
2026-07-22 21:45:00,0.81916,0.81918,0.81903,0.81903,51,29,0
2026-07-22 22:00:00,0.81905,0.81913,0.81821,0.81842,99,14,0
2026-07-22 22:15:00,0.81843,0.81858,0.81834,0.81843,49,13,0
2026-07-22 22:30:00,0.81845,0.81845,0.81825,0.81836,42,13,0
2026-07-22 22:45:00,0.81838,0.81874,0.81835,0.81866,65,13,0
2026-07-22 23:00:00,0.81863,0.81866,0.81854,0.81866,35,18,0
2026-07-22 23:15:00,0.81863,0.81868,0.81861,0.81866,27,18,0
2026-07-22 23:30:00,0.81865,0.81872,0.81864,0.81869,30,18,0
2026-07-22 23:45:00,0.81867,0.81871,0.81861,0.81869,46,18,0
2026-07-23 00:00:00,0.81872,0.81886,0.8185,0.8185,128,18,0
2026-07-23 00:15:00,0.81849,0.81873,0.81843,0.81859,80,18,0
2026-07-23 00:30:00,0.81857,0.81884,0.81857,0.81884,68,18,0
2026-07-23 00:45:00,0.81882,0.81902,0.81869,0.81891,114,18,0
2026-07-23 01:00:00,0.81894,0.81898,0.81869,0.81874,152,18,0
2026-07-23 01:15:00,0.81873,0.81888,0.81872,0.81874,90,18,0
2026-07-23 01:30:00,0.81877,0.81908,0.81855,0.81886,295,18,0
2026-07-23 01:45:00,0.81885,0.81897,0.81871,0.81877,157,18,0
2026-07-23 02:00:00,0.81875,0.81898,0.81871,0.81881,116,18,0
2026-07-23 02:15:00,0.81878,0.81878,0.81834,0.81836,76,18,0
2026-07-23 02:30:00,0.81838,0.81852,0.81813,0.81835,113,18,0
2026-07-23 02:45:00,0.81831,0.81831,0.81787,0.81806,116,18,0
2026-07-23 03:00:00,0.81807,0.81808,0.81762,0.81764,104,18,0
2026-07-23 03:15:00,0.81765,0.81803,0.81763,0.81794,89,18,0
2026-07-23 03:30:00,0.81792,0.81808,0.81781,0.81808,80,18,0
2026-07-23 03:45:00,0.81809,0.81825,0.81808,0.81819,71,18,0
2026-07-23 04:00:00,0.81817,0.81829,0.81812,0.81826,93,18,0
2026-07-23 04:15:00,0.81828,0.81839,0.81812,0.81824,83,18,0
2026-07-23 04:30:00,0.81823,0.81837,0.81817,0.81817,68,18,0
2026-07-23 04:45:00,0.81815,0.81829,0.81794,0.81808,71,18,0
2026-07-23 05:00:00,0.81805,0.8181,0.81799,0.81799,79,18,0
2026-07-23 05:15:00,0.81798,0.81824,0.81785,0.81823,86,18,0
2026-07-23 05:30:00,0.81826,0.8186,0.8182,0.81836,94,18,0
2026-07-23 05:45:00,0.81838,0.81846,0.81829,0.81837,84,18,0
2026-07-23 06:00:00,0.81835,0.81842,0.8181,0.81817,128,18,0
2026-07-23 06:15:00,0.8182,0.81855,0.8182,0.81854,117,18,0
2026-07-23 06:30:00,0.8185,0.81859,0.81824,0.81834,114,18,0
2026-07-23 06:45:00,0.81833,0.81833,0.81767,0.81769,98,18,0
2026-07-23 07:00:00,0.81768,0.81774,0.81677,0.81706,226,18,0
2026-07-23 07:15:00,0.81705,0.81711,0.81678,0.81685,150,18,0
2026-07-23 07:30:00,0.81682,0.81682,0.81578,0.81588,178,18,0
2026-07-23 07:45:00,0.81585,0.81639,0.81578,0.81639,205,18,0
2026-07-23 08:00:00,0.81638,0.81641,0.81591,0.81617,186,18,0
2026-07-23 08:15:00,0.81618,0.81627,0.81575,0.81579,131,18,0
2026-07-23 08:30:00,0.81578,0.81583,0.81541,0.81542,137,18,0
2026-07-23 08:45:00,0.81541,0.81597,0.81537,0.81571,153,18,0
2026-07-23 09:00:00,0.8157,0.81619,0.81567,0.8157,163,18,0
2026-07-23 09:15:00,0.81568,0.81585,0.81568,0.81573,103,18,0
2026-07-23 09:30:00,0.81574,0.81617,0.81569,0.81616,111,18,0
2026-07-23 09:45:00,0.81617,0.81625,0.81604,0.81611,96,18,0
2026-07-23 10:00:00,0.81612,0.81629,0.81576,0.81578,116,18,0
2026-07-23 10:15:00,0.81577,0.81586,0.81553,0.81586,103,18,0
2026-07-23 10:30:00,0.81584,0.81604,0.81584,0.81601,120,18,0
2026-07-23 10:45:00,0.816,0.81621,0.81589,0.816,110,18,0
2026-07-23 11:00:00,0.81602,0.81602,0.81556,0.81558,120,18,0
2026-07-23 11:15:00,0.8156,0.81565,0.81491,0.81497,168,18,0
2026-07-23 11:30:00,0.81495,0.81511,0.81441,0.81452,225,18,0
2026-07-23 11:45:00,0.8145,0.81487,0.81448,0.81462,167,18,0
2026-07-23 12:00:00,0.81458,0.81459,0.81402,0.81402,174,18,0
2026-07-23 12:15:00,0.81403,0.81415,0.81369,0.81394,236,18,0
2026-07-23 12:30:00,0.81391,0.814,0.81313,0.81324,288,18,0
2026-07-23 12:45:00,0.81325,0.81379,0.81319,0.81357,239,18,0
2026-07-23 13:00:00,0.81356,0.81356,0.81246,0.81251,296,18,0
2026-07-23 13:15:00,0.81249,0.81275,0.81238,0.81273,217,18,0
2026-07-23 13:30:00,0.81272,0.81329,0.81266,0.8131,327,18,0
2026-07-23 13:45:00,0.81312,0.81317,0.81274,0.81282,266,18,0
2026-07-23 14:00:00,0.81284,0.81318,0.81257,0.81314,295,18,0
2026-07-23 14:15:00,0.81313,0.81336,0.81288,0.81321,294,18,0
2026-07-23 14:30:00,0.8132,0.81335,0.81274,0.81274,235,18,0
2026-07-23 14:45:00,0.81276,0.8129,0.81247,0.81288,225,18,0
2026-07-23 15:00:00,0.81291,0.81315,0.81277,0.81299,236,18,0
2026-07-23 15:15:00,0.81297,0.81306,0.81244,0.81248,235,18,0
2026-07-23 15:30:00,0.81244,0.81307,0.81221,0.81278,362,18,0
2026-07-23 15:45:00,0.81277,0.81325,0.81277,0.81324,173,18,0
2026-07-23 16:00:00,0.81326,0.81353,0.81313,0.8133,163,18,0
2026-07-23 16:15:00,0.81332,0.81356,0.81313,0.81356,124,18,0
2026-07-23 16:30:00,0.81357,0.81358,0.81325,0.81332,116,18,0
2026-07-23 16:45:00,0.81334,0.81334,0.81302,0.81303,95,18,0
2026-07-23 17:00:00,0.81302,0.81302,0.81283,0.81285,142,18,0
2026-07-23 17:15:00,0.81286,0.81293,0.81272,0.81272,104,18,0
2026-07-23 17:30:00,0.81271,0.81273,0.81235,0.81235,87,18,0
2026-07-23 17:45:00,0.81232,0.81255,0.81228,0.81228,108,18,0
2026-07-23 18:00:00,0.81225,0.81236,0.81213,0.81221,107,18,0
2026-07-23 18:15:00,0.81222,0.81234,0.81219,0.81234,81,18,0
2026-07-23 18:30:00,0.81233,0.81237,0.81208,0.81214,77,18,0
2026-07-23 18:45:00,0.81216,0.81223,0.81188,0.81199,82,18,0
2026-07-23 19:00:00,0.81202,0.81213,0.81184,0.81192,81,18,0
2026-07-23 19:15:00,0.81193,0.81229,0.81193,0.81229,74,18,0
2026-07-23 19:30:00,0.81227,0.81247,0.81225,0.81238,93,18,0
2026-07-23 19:45:00,0.81236,0.81275,0.81234,0.81274,98,18,0
2026-07-23 20:00:00,0.81275,0.8129,0.81272,0.81287,88,18,0
2026-07-23 20:15:00,0.81288,0.81312,0.81288,0.81304,33,18,0
2026-07-23 20:30:00,0.81306,0.81311,0.81282,0.81288,61,18,0
2026-07-23 20:45:00,0.81285,0.81285,0.81264,0.81272,51,11,0
2026-07-23 21:00:00,0.81274,0.81274,0.81255,0.81258,34,11,0
2026-07-23 21:15:00,0.81258,0.81266,0.81257,0.81258,37,64,0
2026-07-23 21:30:00,0.81258,0.81269,0.81239,0.81241,76,38,0
2026-07-23 21:45:00,0.81244,0.81258,0.81228,0.81258,79,34,0
2026-07-23 22:00:00,0.81259,0.81272,0.81233,0.81269,61,13,0
2026-07-23 22:15:00,0.81268,0.81278,0.81261,0.81261,32,13,0
2026-07-23 22:30:00,0.81264,0.81268,0.81259,0.81259,21,13,0
2026-07-23 22:45:00,0.8126,0.81282,0.8126,0.81273,44,13,0
2026-07-23 23:00:00,0.8127,0.81277,0.81268,0.81272,23,18,0
2026-07-23 23:15:00,0.81275,0.81316,0.81275,0.81315,33,18,0
2026-07-23 23:30:00,0.81316,0.81322,0.81292,0.81296,48,18,0
2026-07-23 23:45:00,0.81292,0.81318,0.81291,0.81308,57,18,0
2026-07-24 00:00:00,0.81306,0.81316,0.81293,0.81302,173,18,0
2026-07-24 00:15:00,0.81301,0.81319,0.81293,0.81315,141,18,0
2026-07-24 00:30:00,0.81314,0.81337,0.81307,0.81325,114,18,0
2026-07-24 00:45:00,0.81324,0.81367,0.81319,0.81366,123,18,0
2026-07-24 01:00:00,0.81368,0.81368,0.81334,0.81357,150,18,0
2026-07-24 01:15:00,0.81355,0.81391,0.81347,0.81374,137,18,0
2026-07-24 01:30:00,0.81373,0.81394,0.81365,0.81384,136,18,0
2026-07-24 01:45:00,0.81382,0.81387,0.81345,0.8135,103,18,0
2026-07-24 02:00:00,0.81346,0.81351,0.81309,0.81346,155,18,0
2026-07-24 02:15:00,0.81347,0.81357,0.81314,0.81335,115,18,0
2026-07-24 02:30:00,0.81336,0.81363,0.81323,0.81348,113,18,0
2026-07-24 02:45:00,0.81349,0.81349,0.81325,0.81327,132,18,0
2026-07-24 03:00:00,0.81325,0.81344,0.81321,0.81331,107,18,0
2026-07-24 03:15:00,0.81328,0.8133,0.81314,0.81314,87,18,0
2026-07-24 03:30:00,0.81317,0.81333,0.81312,0.81316,109,18,0
2026-07-24 03:45:00,0.81314,0.81333,0.81311,0.81325,60,18,0
2026-07-24 04:00:00,0.81326,0.81359,0.81323,0.81342,85,18,0
2026-07-24 04:15:00,0.81341,0.8135,0.81333,0.8134,69,18,0
2026-07-24 04:30:00,0.81337,0.8134,0.81309,0.81311,70,18,0
2026-07-24 04:45:00,0.8131,0.81315,0.81287,0.81303,71,18,0
2026-07-24 05:00:00,0.81305,0.81331,0.81303,0.81328,95,18,0
2026-07-24 05:15:00,0.81331,0.81344,0.81327,0.81339,84,18,0
2026-07-24 05:30:00,0.81342,0.8136,0.81326,0.81347,129,18,0
2026-07-24 05:45:00,0.81345,0.81368,0.81322,0.81322,102,18,0
2026-07-24 06:00:00,0.81323,0.81338,0.81309,0.81322,118,18,0
2026-07-24 06:15:00,0.81324,0.81372,0.81318,0.81371,161,18,0
2026-07-24 06:30:00,0.81367,0.81381,0.81359,0.8136,109,18,0
2026-07-24 06:45:00,0.81362,0.81395,0.81355,0.81395,137,18,0
2026-07-24 07:00:00,0.81392,0.81447,0.81392,0.81421,198,18,0
2026-07-24 07:15:00,0.81418,0.81437,0.81403,0.81434,153,18,0
2026-07-24 07:30:00,0.81436,0.81453,0.81418,0.81431,151,18,0
2026-07-24 07:45:00,0.8143,0.81466,0.8142,0.81465,129,18,0
2026-07-24 08:00:00,0.81464,0.81466,0.81434,0.81453,137,18,0
2026-07-24 08:15:00,0.81454,0.81464,0.8141,0.81456,138,18,0
2026-07-24 08:30:00,0.81454,0.81467,0.81442,0.81459,133,18,0
2026-07-24 08:45:00,0.81456,0.81465,0.81434,0.81446,129,18,0
2026-07-24 09:00:00,0.81447,0.81461,0.81408,0.8141,163,18,0
2026-07-24 09:15:00,0.81408,0.81425,0.81406,0.81424,119,18,0
2026-07-24 09:30:00,0.81423,0.81451,0.81414,0.81449,101,18,0
2026-07-24 09:45:00,0.81446,0.81469,0.81434,0.81469,106,18,0
2026-07-24 10:00:00,0.81471,0.81474,0.81445,0.81462,107,18,0
2026-07-24 10:15:00,0.81461,0.81469,0.81449,0.81466,98,18,0
2026-07-24 10:30:00,0.81467,0.81489,0.81448,0.8145,102,18,0
2026-07-24 10:45:00,0.81451,0.81465,0.81436,0.81454,95,18,0
2026-07-24 11:00:00,0.81456,0.81513,0.81451,0.81513,103,18,0
2026-07-24 11:15:00,0.81514,0.81531,0.81505,0.81512,80,18,0
2026-07-24 11:30:00,0.81515,0.81539,0.8151,0.81512,90,18,0
2026-07-24 11:45:00,0.81515,0.81538,0.81489,0.81526,161,18,0
2026-07-24 12:00:00,0.81529,0.81532,0.81502,0.81525,165,18,0
2026-07-24 12:15:00,0.81522,0.81537,0.81478,0.8148,143,18,0
2026-07-24 12:30:00,0.81478,0.81508,0.81472,0.81506,180,18,0
2026-07-24 12:45:00,0.81507,0.81515,0.81495,0.81515,157,18,0
2026-07-24 13:00:00,0.81516,0.81554,0.81512,0.8155,195,18,0
2026-07-24 13:15:00,0.81548,0.81551,0.81506,0.81507,165,18,0
2026-07-24 13:30:00,0.8151,0.81511,0.8146,0.81489,218,18,0
2026-07-24 13:45:00,0.81492,0.81518,0.81458,0.81517,217,18,0
2026-07-24 14:00:00,0.81518,0.8154,0.81507,0.81519,221,18,0
2026-07-24 14:15:00,0.81518,0.81544,0.81511,0.81523,190,18,0
2026-07-24 14:30:00,0.8152,0.81539,0.81514,0.81538,183,18,0
2026-07-24 14:45:00,0.81539,0.81561,0.81529,0.81555,201,18,0
2026-07-24 15:00:00,0.81553,0.8163,0.81549,0.81624,245,18,0
2026-07-24 15:15:00,0.8162,0.81654,0.81615,0.81639,258,18,0
2026-07-24 15:30:00,0.81636,0.81666,0.81623,0.81637,202,18,0
2026-07-24 15:45:00,0.81635,0.81657,0.81631,0.81654,141,18,0
2026-07-24 16:00:00,0.81656,0.81671,0.81652,0.81665,94,18,0
2026-07-24 16:15:00,0.81664,0.81679,0.81658,0.8166,107,18,0
2026-07-24 16:30:00,0.81659,0.81672,0.81642,0.81647,123,18,0
2026-07-24 16:45:00,0.81646,0.81654,0.8164,0.81642,79,18,0
2026-07-24 17:00:00,0.8164,0.81643,0.81592,0.81613,139,18,0
2026-07-24 17:15:00,0.8161,0.81625,0.81597,0.81621,120,18,0
2026-07-24 17:30:00,0.81623,0.81628,0.81609,0.81616,87,18,0
2026-07-24 17:45:00,0.81617,0.81625,0.8161,0.8162,70,18,0
2026-07-24 18:00:00,0.81618,0.81627,0.81618,0.81621,68,18,0
2026-07-24 18:15:00,0.81622,0.81627,0.81604,0.81614,71,18,0
2026-07-24 18:30:00,0.81615,0.81615,0.81598,0.81604,78,18,0
2026-07-24 18:45:00,0.81605,0.81617,0.81596,0.81604,67,18,0
2026-07-24 19:00:00,0.81609,0.81621,0.816,0.816,71,18,0
2026-07-24 19:15:00,0.81599,0.81602,0.81584,0.81585,56,18,0
2026-07-24 19:30:00,0.81582,0.81614,0.81582,0.81611,113,18,0
2026-07-24 19:45:00,0.81609,0.81621,0.81597,0.81616,89,18,0
2026-07-24 20:00:00,0.81614,0.81623,0.81606,0.81612,54,18,0
2026-07-24 20:15:00,0.81613,0.8162,0.81599,0.816,43,18,0
2026-07-24 20:30:00,0.81598,0.81601,0.81561,0.81573,51,18,0
2026-07-24 20:45:00,0.81571,0.81593,0.81544,0.81582,86,18,0
2026-07-26 21:15:00,0.81704,0.81704,0.81704,0.81704,1,111,0
2026-07-26 21:30:00,0.81707,0.81707,0.8155,0.81666,63,112,0
2026-07-26 21:45:00,0.81641,0.81705,0.81631,0.8166,141,125,0
2026-07-26 22:00:00,0.81683,0.81795,0.81655,0.81731,225,20,0
2026-07-26 22:15:00,0.81733,0.81749,0.81719,0.81745,118,20,0
2026-07-26 22:30:00,0.81742,0.81742,0.8166,0.81668,108,20,0
2026-07-26 22:45:00,0.81667,0.81671,0.81642,0.81651,64,18,0
2026-07-26 23:00:00,0.81654,0.81654,0.81628,0.81645,80,18,0
2026-07-26 23:15:00,0.81647,0.81652,0.81623,0.81626,41,18,0
2026-07-26 23:30:00,0.81628,0.81664,0.8162,0.81659,64,18,0
2026-07-26 23:45:00,0.81656,0.81668,0.81646,0.81661,99,18,0
2026-07-27 00:00:00,0.81663,0.81719,0.81663,0.81716,228,18,0
2026-07-27 00:15:00,0.81715,0.81739,0.81707,0.81734,175,18,0
2026-07-27 00:30:00,0.81737,0.81748,0.81699,0.81699,162,18,0
2026-07-27 00:45:00,0.81702,0.81712,0.81674,0.81686,147,18,0
2026-07-27 01:00:00,0.8169,0.81713,0.81674,0.81677,166,18,0
2026-07-27 01:15:00,0.8168,0.81691,0.81655,0.81663,115,18,0
2026-07-27 01:30:00,0.81664,0.81681,0.81641,0.8165,144,18,0
2026-07-27 01:45:00,0.81651,0.81679,0.81649,0.81677,137,18,0
2026-07-27 02:00:00,0.81681,0.81681,0.81602,0.81608,156,18,0
2026-07-27 02:15:00,0.81607,0.81611,0.81581,0.81589,111,18,0
2026-07-27 02:30:00,0.81587,0.8161,0.81574,0.81593,94,18,0
2026-07-27 02:45:00,0.81591,0.81594,0.81563,0.81568,81,18,0
2026-07-27 03:00:00,0.81566,0.81582,0.81565,0.8157,86,18,0
2026-07-27 03:15:00,0.81569,0.81576,0.81551,0.81551,69,18,0
2026-07-27 03:30:00,0.81548,0.81556,0.81512,0.81548,101,18,0
2026-07-27 03:45:00,0.81547,0.81586,0.81544,0.81586,50,18,0
2026-07-27 04:00:00,0.81588,0.81614,0.81588,0.81614,57,18,0
2026-07-27 04:15:00,0.81617,0.81637,0.81613,0.81623,56,18,0
2026-07-27 04:30:00,0.81624,0.81653,0.81624,0.81646,66,18,0
2026-07-27 04:45:00,0.81649,0.8165,0.81634,0.81634,53,18,0
2026-07-27 05:00:00,0.81637,0.81672,0.81634,0.81671,87,18,0
2026-07-27 05:15:00,0.8167,0.81675,0.81661,0.81673,44,18,0
2026-07-27 05:30:00,0.81676,0.81682,0.81669,0.81678,67,18,0
2026-07-27 05:45:00,0.81679,0.81719,0.81679,0.81697,87,18,0
2026-07-27 06:00:00,0.81693,0.81783,0.81687,0.81778,132,18,0
2026-07-27 06:15:00,0.81779,0.81799,0.81769,0.81799,149,18,0
2026-07-27 06:30:00,0.81797,0.81841,0.81786,0.81827,149,18,0
2026-07-27 06:45:00,0.81825,0.81825,0.81801,0.81803,104,18,0
2026-07-27 07:00:00,0.81801,0.81811,0.81766,0.81802,176,18,0
2026-07-27 07:15:00,0.81803,0.81826,0.81789,0.81808,159,18,0
2026-07-27 07:30:00,0.81807,0.81808,0.81748,0.81754,184,18,0
2026-07-27 07:45:00,0.81756,0.81772,0.81752,0.81752,133,18,0
2026-07-27 08:00:00,0.81751,0.81761,0.81694,0.817,165,18,0
2026-07-27 08:15:00,0.81698,0.81746,0.81687,0.81745,138,18,0
2026-07-27 08:30:00,0.81746,0.81752,0.81734,0.81736,116,18,0
2026-07-27 08:45:00,0.81734,0.81758,0.81717,0.81756,120,18,0
2026-07-27 09:00:00,0.81757,0.81757,0.81737,0.81744,96,18,0
2026-07-27 09:15:00,0.81742,0.81771,0.81726,0.81759,107,18,0
2026-07-27 09:30:00,0.81757,0.81769,0.81738,0.81745,99,18,0
2026-07-27 09:45:00,0.81744,0.81773,0.8174,0.81762,94,18,0
2026-07-27 10:00:00,0.81761,0.8177,0.81717,0.81725,125,18,0
2026-07-27 10:15:00,0.81727,0.81762,0.81725,0.81755,105,18,0
2026-07-27 10:30:00,0.81758,0.81773,0.81748,0.8177,99,18,0
2026-07-27 10:45:00,0.81769,0.81775,0.81744,0.81744,103,18,0
2026-07-27 11:00:00,0.81742,0.81742,0.81693,0.81693,110,18,0
2026-07-27 11:15:00,0.81695,0.81712,0.81691,0.81691,94,18,0
2026-07-27 11:30:00,0.81688,0.81712,0.81667,0.81682,154,18,0
2026-07-27 11:45:00,0.81683,0.81689,0.81668,0.81672,128,18,0
2026-07-27 12:00:00,0.81669,0.81696,0.81605,0.81611,173,18,0
2026-07-27 12:15:00,0.81613,0.81625,0.81608,0.81617,137,18,0
2026-07-27 12:30:00,0.81619,0.81645,0.81605,0.81619,143,18,0
2026-07-27 12:45:00,0.81618,0.8166,0.81616,0.8166,151,18,0
2026-07-27 13:00:00,0.81658,0.81679,0.81638,0.81677,182,18,0
2026-07-27 13:15:00,0.81676,0.81695,0.81664,0.81665,146,18,0
2026-07-27 13:30:00,0.81667,0.81686,0.81645,0.81645,256,18,0
2026-07-27 13:45:00,0.81646,0.81659,0.81608,0.81609,198,18,0
2026-07-27 14:00:00,0.81606,0.81655,0.81597,0.81653,200,18,0
2026-07-27 14:15:00,0.81654,0.81664,0.81588,0.81589,185,18,0
2026-07-27 14:30:00,0.81591,0.81594,0.81562,0.81569,216,18,0
2026-07-27 14:45:00,0.81571,0.81595,0.81566,0.81591,199,18,0
2026-07-27 15:00:00,0.81592,0.81592,0.81567,0.81581,212,18,0
2026-07-27 15:15:00,0.81579,0.81594,0.81573,0.81586,158,18,0
2026-07-27 15:30:00,0.81588,0.81588,0.81533,0.81537,154,18,0
2026-07-27 15:45:00,0.8154,0.81545,0.81526,0.81539,141,18,0
2026-07-27 16:00:00,0.81541,0.81557,0.81539,0.81547,122,18,0
2026-07-27 16:15:00,0.81549,0.81604,0.8154,0.81594,187,18,0
2026-07-27 16:30:00,0.81596,0.81613,0.81589,0.816,137,18,0
2026-07-27 16:45:00,0.81598,0.81603,0.8156,0.81582,98,18,0
2026-07-27 17:00:00,0.81581,0.81581,0.81538,0.81552,124,18,0
2026-07-27 17:15:00,0.8155,0.81552,0.81513,0.81517,83,18,0
2026-07-27 17:30:00,0.81518,0.81529,0.81503,0.81506,65,18,0
2026-07-27 17:45:00,0.81505,0.81539,0.81503,0.81539,73,18,0
2026-07-27 18:00:00,0.81541,0.81562,0.8154,0.81554,86,18,0
2026-07-27 18:15:00,0.81552,0.81554,0.81532,0.81536,74,18,0
2026-07-27 18:30:00,0.81535,0.81548,0.81523,0.81544,122,18,0
2026-07-27 18:45:00,0.81546,0.81554,0.81535,0.81553,94,18,0
2026-07-27 19:00:00,0.8155,0.81558,0.81542,0.81547,66,18,0
2026-07-27 19:15:00,0.81546,0.8155,0.8154,0.8155,57,18,0
2026-07-27 19:30:00,0.81551,0.81585,0.8155,0.81581,75,18,0
2026-07-27 19:45:00,0.8158,0.8158,0.81564,0.8157,65,18,0
2026-07-27 20:00:00,0.81571,0.81575,0.81557,0.8157,52,18,0
2026-07-27 20:15:00,0.81568,0.81569,0.81552,0.81557,36,18,0
2026-07-27 20:30:00,0.81553,0.81553,0.81544,0.8155,28,18,0
2026-07-27 20:45:00,0.81549,0.8155,0.81534,0.8155,43,11,0
2026-07-27 21:00:00,0.81548,0.81548,0.81521,0.81524,96,11,0
2026-07-27 21:15:00,0.81525,0.81534,0.81521,0.81528,213,29,0
2026-07-27 21:30:00,0.81528,0.81529,0.81521,0.81526,85,41,0
2026-07-27 21:45:00,0.81527,0.81534,0.8151,0.8151,99,49,0
2026-07-27 22:00:00,0.81521,0.8154,0.81493,0.81537,87,13,0
2026-07-27 22:15:00,0.81539,0.8155,0.81539,0.81541,27,13,0
2026-07-27 22:30:00,0.8154,0.8154,0.81512,0.81513,42,13,0
2026-07-27 22:45:00,0.81514,0.81524,0.81507,0.81509,29,13,0
2026-07-27 23:00:00,0.81507,0.81512,0.81494,0.81512,38,18,0
2026-07-27 23:15:00,0.81513,0.81515,0.81497,0.81507,30,18,0
2026-07-27 23:30:00,0.81506,0.81506,0.81483,0.81483,29,18,0
2026-07-27 23:45:00,0.81482,0.81488,0.81464,0.81482,62,18,0
2026-07-28 00:00:00,0.81484,0.81493,0.8146,0.81467,133,18,0
2026-07-28 00:15:00,0.81468,0.81509,0.81467,0.81504,96,18,0
2026-07-28 00:30:00,0.81505,0.81511,0.81491,0.815,101,18,0
2026-07-28 00:45:00,0.81498,0.81499,0.81469,0.8149,97,18,0
2026-07-28 01:00:00,0.81491,0.81506,0.81459,0.81463,140,18,0
2026-07-28 01:15:00,0.81461,0.81489,0.81451,0.81485,113,18,0
2026-07-28 01:30:00,0.81484,0.81498,0.81459,0.81465,110,18,0
2026-07-28 01:45:00,0.81463,0.81467,0.81416,0.81444,99,18,0
2026-07-28 02:00:00,0.81446,0.81462,0.81423,0.81459,110,18,0
2026-07-28 02:15:00,0.81457,0.81493,0.81456,0.81459,120,18,0
2026-07-28 02:30:00,0.81458,0.81468,0.81444,0.81448,81,18,0
2026-07-28 02:45:00,0.81447,0.81494,0.81445,0.81475,102,18,0
2026-07-28 03:00:00,0.81477,0.81508,0.8145,0.81508,142,18,0
2026-07-28 03:15:00,0.81505,0.81535,0.81494,0.81495,128,18,0
2026-07-28 03:30:00,0.81496,0.81533,0.81485,0.81493,179,18,0
2026-07-28 03:45:00,0.81492,0.81496,0.81458,0.81459,106,18,0
2026-07-28 04:00:00,0.81457,0.81457,0.8141,0.81415,122,18,0
2026-07-28 04:15:00,0.81411,0.81434,0.8141,0.81427,73,18,0
2026-07-28 04:30:00,0.81429,0.81434,0.81402,0.81409,58,18,0
2026-07-28 04:45:00,0.81408,0.8142,0.814,0.81404,64,18,0
2026-07-28 05:00:00,0.81406,0.81423,0.81399,0.81399,103,18,0
2026-07-28 05:15:00,0.81401,0.81421,0.81385,0.81421,105,18,0
2026-07-28 05:30:00,0.81418,0.81419,0.81382,0.81412,116,18,0
2026-07-28 05:45:00,0.81413,0.81415,0.81384,0.8139,80,18,0
2026-07-28 06:00:00,0.81388,0.814,0.81379,0.81398,139,18,0
2026-07-28 06:15:00,0.81399,0.81453,0.81399,0.8145,144,18,0
2026-07-28 06:30:00,0.81449,0.81483,0.81445,0.81479,147,18,0
2026-07-28 06:45:00,0.81478,0.81498,0.81462,0.81482,130,18,0
2026-07-28 07:00:00,0.8148,0.81488,0.81439,0.81477,155,18,0
2026-07-28 07:15:00,0.81474,0.81523,0.81474,0.81489,133,18,0
2026-07-28 07:30:00,0.81492,0.81498,0.8146,0.81473,102,18,0
2026-07-28 07:45:00,0.81474,0.81476,0.81446,0.81468,125,18,0
2026-07-28 08:00:00,0.81467,0.81492,0.8143,0.81438,163,18,0
2026-07-28 08:15:00,0.8144,0.81479,0.8144,0.81469,139,18,0
2026-07-28 08:30:00,0.8147,0.8147,0.81448,0.81466,122,18,0
2026-07-28 08:45:00,0.81467,0.81475,0.81446,0.8145,103,18,0
2026-07-28 09:00:00,0.81453,0.81453,0.81405,0.81408,101,18,0
2026-07-28 09:15:00,0.81407,0.81431,0.81404,0.8142,92,18,0
2026-07-28 09:30:00,0.81422,0.81422,0.81404,0.81404,88,18,0
2026-07-28 09:45:00,0.81406,0.8141,0.81379,0.81379,101,18,0
2026-07-28 10:00:00,0.81377,0.81378,0.8136,0.81365,109,18,0
2026-07-28 10:15:00,0.81363,0.81378,0.81355,0.81378,102,18,0
2026-07-28 10:30:00,0.81379,0.81387,0.81353,0.81355,118,18,0
2026-07-28 10:45:00,0.81354,0.81363,0.81343,0.81355,103,18,0
2026-07-28 11:00:00,0.81356,0.81371,0.81351,0.81352,114,18,0
2026-07-28 11:15:00,0.81349,0.81403,0.81342,0.81365,146,18,0
2026-07-28 11:30:00,0.81363,0.81374,0.8135,0.8137,122,18,0
2026-07-28 11:45:00,0.81368,0.81388,0.81359,0.81385,132,18,0
2026-07-28 12:00:00,0.81388,0.8142,0.81385,0.8142,153,18,0
2026-07-28 12:15:00,0.81422,0.81443,0.8141,0.81441,108,18,0
2026-07-28 12:30:00,0.8144,0.81447,0.81409,0.8144,147,18,0
2026-07-28 12:45:00,0.81442,0.81484,0.81441,0.81459,148,18,0
2026-07-28 13:00:00,0.81458,0.81458,0.81398,0.81398,123,18,0
2026-07-28 13:15:00,0.81395,0.81433,0.8139,0.81412,136,18,0
2026-07-28 13:30:00,0.8141,0.81431,0.81404,0.81417,197,18,0
2026-07-28 13:45:00,0.81413,0.81442,0.81395,0.81422,198,18,0
2026-07-28 14:00:00,0.81427,0.81468,0.81423,0.8145,197,18,0
2026-07-28 14:15:00,0.81452,0.81471,0.81429,0.81471,214,18,0
2026-07-28 14:30:00,0.81469,0.81486,0.81461,0.81477,187,18,0
2026-07-28 14:45:00,0.8148,0.81496,0.81475,0.8148,179,18,0
2026-07-28 15:00:00,0.81482,0.81565,0.81481,0.81559,271,18,0
2026-07-28 15:15:00,0.81557,0.81631,0.81557,0.81604,280,18,0
2026-07-28 15:30:00,0.81601,0.81643,0.81586,0.81639,202,18,0
2026-07-28 15:45:00,0.81637,0.8167,0.81627,0.8167,135,18,0
2026-07-28 16:00:00,0.81673,0.8168,0.81652,0.81657,148,18,0
2026-07-28 16:15:00,0.81655,0.81674,0.81639,0.81659,136,18,0
2026-07-28 16:30:00,0.81657,0.81671,0.81629,0.81629,118,18,0
2026-07-28 16:45:00,0.81628,0.81631,0.81609,0.81609,103,18,0
2026-07-28 17:00:00,0.81611,0.81638,0.81611,0.81635,135,18,0
2026-07-28 17:15:00,0.81634,0.81654,0.81615,0.81642,115,18,0
2026-07-28 17:30:00,0.81641,0.81651,0.8162,0.81621,80,18,0
2026-07-28 17:45:00,0.81624,0.81625,0.81608,0.81621,78,18,0
2026-07-28 18:00:00,0.81623,0.81643,0.81622,0.81635,74,18,0
2026-07-28 18:15:00,0.81634,0.81635,0.81614,0.81616,91,18,0
2026-07-28 18:30:00,0.81618,0.81626,0.81611,0.81625,68,18,0
2026-07-28 18:45:00,0.81623,0.81638,0.81621,0.81636,54,18,0
2026-07-28 19:00:00,0.81633,0.81644,0.81632,0.81641,74,18,0
2026-07-28 19:15:00,0.81639,0.81654,0.81639,0.81647,62,18,0
2026-07-28 19:30:00,0.81644,0.81649,0.81619,0.8162,48,18,0
2026-07-28 19:45:00,0.81621,0.81629,0.81613,0.81628,70,18,0
2026-07-28 20:00:00,0.81629,0.81656,0.81627,0.81655,86,18,0
2026-07-28 20:15:00,0.81657,0.81657,0.8163,0.81639,43,18,0
2026-07-28 20:30:00,0.81643,0.81647,0.81626,0.81628,57,18,0
2026-07-28 20:45:00,0.81625,0.81637,0.81617,0.81617,54,11,0
2026-07-28 21:00:00,0.81614,0.81618,0.81554,0.81554,30,21,0
2026-07-28 21:15:00,0.81552,0.81583,0.81547,0.81578,50,63,0
2026-07-28 21:30:00,0.81578,0.81591,0.81573,0.81585,67,55,0
2026-07-28 21:45:00,0.81587,0.81609,0.8154,0.8154,67,31,0
2026-07-28 22:00:00,0.8156,0.81608,0.81549,0.81584,114,13,0
2026-07-28 22:15:00,0.81586,0.8159,0.81523,0.81539,76,13,0
2026-07-28 22:30:00,0.81541,0.81562,0.81535,0.81544,89,13,0
2026-07-28 22:45:00,0.81545,0.81554,0.81532,0.81535,64,13,0
2026-07-28 23:00:00,0.81533,0.81536,0.81504,0.81532,62,18,0
2026-07-28 23:15:00,0.81531,0.81552,0.81527,0.81551,47,18,0
2026-07-28 23:30:00,0.81554,0.81558,0.81524,0.81558,64,18,0
2026-07-28 23:45:00,0.81554,0.81554,0.81528,0.81542,101,18,0
2026-07-29 00:00:00,0.81545,0.81565,0.8153,0.81531,144,18,0
2026-07-29 00:15:00,0.8153,0.81587,0.81527,0.81556,152,18,0
2026-07-29 00:30:00,0.81558,0.81568,0.81542,0.81568,107,18,0
2026-07-29 00:45:00,0.81569,0.81587,0.81518,0.81521,153,18,0
2026-07-29 01:00:00,0.81518,0.81541,0.81508,0.81508,134,18,0
2026-07-29 01:15:00,0.81504,0.81545,0.81503,0.81531,144,18,0
2026-07-29 01:30:00,0.81527,0.81573,0.8144,0.81448,393,18,0
2026-07-29 01:45:00,0.81452,0.81476,0.81437,0.81438,175,18,0
2026-07-29 02:00:00,0.81436,0.8147,0.81422,0.81457,136,18,0
2026-07-29 02:15:00,0.81458,0.81487,0.81457,0.81473,145,18,0
2026-07-29 02:30:00,0.81474,0.81524,0.81474,0.81521,112,18,0
2026-07-29 02:45:00,0.81523,0.81524,0.81458,0.8147,112,18,0
2026-07-29 03:00:00,0.81469,0.81475,0.81432,0.81461,113,18,0
2026-07-29 03:15:00,0.81464,0.81484,0.81459,0.81467,89,18,0
2026-07-29 03:30:00,0.81465,0.81493,0.8146,0.81477,106,18,0
2026-07-29 03:45:00,0.81478,0.81521,0.81478,0.81503,111,18,0
2026-07-29 04:00:00,0.81506,0.81527,0.81489,0.81491,94,18,0
2026-07-29 04:15:00,0.81492,0.81502,0.81476,0.81479,114,18,0
2026-07-29 04:30:00,0.81478,0.81517,0.81475,0.81513,134,18,0
2026-07-29 04:45:00,0.81515,0.8155,0.81512,0.81537,130,18,0
2026-07-29 05:00:00,0.81538,0.81578,0.81528,0.81577,116,18,0
2026-07-29 05:15:00,0.81575,0.816,0.81575,0.81584,89,18,0
2026-07-29 05:30:00,0.81585,0.81606,0.81572,0.81597,123,18,0
2026-07-29 05:45:00,0.81598,0.81604,0.81583,0.81598,90,18,0
2026-07-29 06:00:00,0.81597,0.81612,0.8157,0.81592,131,18,0
2026-07-29 06:15:00,0.81588,0.816,0.81549,0.81552,126,18,0
2026-07-29 06:30:00,0.81553,0.81608,0.81549,0.81605,132,18,0
2026-07-29 06:45:00,0.81603,0.81605,0.81568,0.81581,121,18,0
2026-07-29 07:00:00,0.81582,0.81622,0.81582,0.81592,155,18,0
2026-07-29 07:15:00,0.8159,0.81601,0.81576,0.81579,127,18,0
2026-07-29 07:30:00,0.81582,0.81596,0.81569,0.8157,138,18,0
2026-07-29 07:45:00,0.81566,0.81566,0.81538,0.81544,153,18,0
2026-07-29 08:00:00,0.81542,0.81546,0.81488,0.81498,201,18,0
2026-07-29 08:15:00,0.81499,0.81517,0.81477,0.81482,94,18,0
2026-07-29 08:30:00,0.81484,0.81505,0.81477,0.81503,92,18,0
2026-07-29 08:45:00,0.815,0.8153,0.81499,0.8153,109,18,0
2026-07-29 09:00:00,0.81529,0.81541,0.81517,0.81541,88,18,0
2026-07-29 09:15:00,0.81539,0.81539,0.81514,0.81524,93,18,0
2026-07-29 09:30:00,0.81521,0.81523,0.81497,0.81523,87,18,0
2026-07-29 09:45:00,0.81524,0.8153,0.81509,0.81515,88,18,0
2026-07-29 10:00:00,0.81512,0.81524,0.81489,0.81494,151,18,0
2026-07-29 10:15:00,0.81496,0.81496,0.81479,0.81489,98,18,0
2026-07-29 10:30:00,0.8149,0.81494,0.81462,0.81469,92,18,0
2026-07-29 10:45:00,0.8147,0.81471,0.81446,0.81461,87,18,0
2026-07-29 11:00:00,0.81463,0.81492,0.81463,0.81488,80,18,0
2026-07-29 11:15:00,0.81487,0.81497,0.81482,0.81493,81,18,0
2026-07-29 11:30:00,0.81494,0.81494,0.81451,0.81452,93,18,0
2026-07-29 11:45:00,0.8145,0.81462,0.81442,0.81454,108,18,0
2026-07-29 12:00:00,0.81458,0.81467,0.81415,0.81421,157,18,0
2026-07-29 12:15:00,0.81423,0.81425,0.81338,0.81354,266,18,0
2026-07-29 12:30:00,0.81352,0.81415,0.81338,0.81413,158,18,0
2026-07-29 12:45:00,0.81416,0.81417,0.81354,0.81385,135,18,0
2026-07-29 13:00:00,0.81386,0.81452,0.81386,0.81443,179,18,0
2026-07-29 13:15:00,0.81442,0.81462,0.81428,0.81456,165,18,0
2026-07-29 13:30:00,0.81455,0.81466,0.81403,0.81403,225,18,0
2026-07-29 13:45:00,0.81401,0.81443,0.81401,0.81443,196,18,0
2026-07-29 14:00:00,0.81446,0.81467,0.81399,0.81403,226,18,0
2026-07-29 14:15:00,0.81404,0.81413,0.81381,0.81393,189,18,0
2026-07-29 14:30:00,0.81394,0.81406,0.81357,0.81361,165,18,0
2026-07-29 14:45:00,0.81359,0.81359,0.81299,0.8132,283,18,0
2026-07-29 15:00:00,0.81318,0.81323,0.81286,0.81314,236,18,0
2026-07-29 15:15:00,0.81312,0.81312,0.81271,0.81274,170,18,0
2026-07-29 15:30:00,0.81271,0.81305,0.81262,0.81294,162,18,0
2026-07-29 15:45:00,0.81295,0.813,0.81244,0.8125,133,18,0
2026-07-29 16:00:00,0.81253,0.81254,0.81202,0.81203,133,18,0
2026-07-29 16:15:00,0.81202,0.81258,0.81193,0.81256,124,18,0
2026-07-29 16:30:00,0.81255,0.81256,0.8124,0.81246,101,18,0
2026-07-29 16:45:00,0.81245,0.81264,0.8124,0.81264,116,18,0
2026-07-29 17:00:00,0.81262,0.81326,0.81261,0.81326,111,18,0
2026-07-29 17:15:00,0.81327,0.81362,0.81323,0.81344,112,18,0
2026-07-29 17:30:00,0.81342,0.81382,0.81331,0.8138,106,18,0
2026-07-29 17:45:00,0.81381,0.8143,0.81381,0.81403,163,18,0
2026-07-29 18:00:00,0.81408,0.81573,0.81395,0.81539,801,18,0
2026-07-29 18:15:00,0.81541,0.81563,0.81474,0.815,381,18,0
2026-07-29 18:30:00,0.81503,0.81621,0.81409,0.81615,909,18,0
2026-07-29 18:45:00,0.81615,0.8173,0.81606,0.81702,553,18,0
2026-07-29 19:00:00,0.81706,0.81733,0.81611,0.81649,877,18,0
2026-07-29 19:15:00,0.81647,0.81691,0.81528,0.81545,2086,18,0
2026-07-29 19:30:00,0.81548,0.81548,0.81423,0.81442,1595,18,0
2026-07-29 19:45:00,0.81445,0.81461,0.81364,0.81407,1347,18,0
2026-07-29 20:00:00,0.81403,0.81415,0.81302,0.81329,719,18,0
2026-07-29 20:15:00,0.81326,0.8133,0.81294,0.8132,237,18,0
2026-07-29 20:30:00,0.81322,0.81405,0.81305,0.81405,182,18,0
2026-07-29 20:45:00,0.81407,0.81423,0.81376,0.81397,173,11,0
2026-07-29 21:00:00,0.81395,0.81395,0.81317,0.81343,57,11,0
2026-07-29 21:15:00,0.81346,0.81363,0.81346,0.81347,71,60,0
2026-07-29 21:30:00,0.81345,0.81351,0.81293,0.8135,68,63,0
2026-07-29 21:45:00,0.81353,0.8136,0.81317,0.81318,57,56,0
2026-07-29 22:00:00,0.81342,0.81428,0.81321,0.81393,188,14,0
2026-07-29 22:15:00,0.81389,0.81439,0.81389,0.81439,60,13,0
2026-07-29 22:30:00,0.81442,0.81488,0.81442,0.81449,78,13,0
2026-07-29 22:45:00,0.8145,0.81458,0.81443,0.81454,46,13,0
2026-07-29 23:00:00,0.81452,0.81486,0.81447,0.81448,124,18,0
2026-07-29 23:15:00,0.81447,0.81447,0.81436,0.81443,39,18,0
2026-07-29 23:30:00,0.81441,0.81452,0.81429,0.81429,63,18,0
2026-07-29 23:45:00,0.81427,0.81443,0.81416,0.81416,88,18,0
2026-07-30 00:00:00,0.81419,0.81434,0.81391,0.8141,177,18,0
2026-07-30 00:15:00,0.81407,0.81418,0.81368,0.81372,197,18,0
2026-07-30 00:30:00,0.81374,0.81394,0.81364,0.81392,144,18,0
2026-07-30 00:45:00,0.81395,0.81427,0.81395,0.81418,138,18,0
2026-07-30 01:00:00,0.81422,0.81475,0.81422,0.81468,205,18,0
2026-07-30 01:15:00,0.81471,0.81521,0.81465,0.81519,140,18,0
2026-07-30 01:30:00,0.81517,0.81542,0.81513,0.81527,120,18,0
2026-07-30 01:45:00,0.81525,0.81543,0.81525,0.8153,92,18,0
2026-07-30 02:00:00,0.81532,0.81558,0.81529,0.81551,106,18,0
2026-07-30 02:15:00,0.8155,0.81597,0.81547,0.81578,94,18,0
2026-07-30 02:30:00,0.8158,0.81601,0.81569,0.81584,99,18,0
2026-07-30 02:45:00,0.81588,0.81641,0.81585,0.81598,118,18,0
2026-07-30 03:00:00,0.81597,0.81617,0.81567,0.81568,122,18,0
2026-07-30 03:15:00,0.8157,0.81591,0.81553,0.81588,117,18,0
2026-07-30 03:30:00,0.81589,0.81608,0.8157,0.81599,105,18,0
2026-07-30 03:45:00,0.81601,0.81613,0.81587,0.81587,89,18,0
2026-07-30 04:00:00,0.81589,0.81594,0.81575,0.81588,92,18,0
2026-07-30 04:15:00,0.8159,0.81623,0.81586,0.81623,78,18,0
2026-07-30 04:30:00,0.81621,0.81639,0.81606,0.8161,84,18,0
2026-07-30 04:45:00,0.81611,0.81617,0.81574,0.81581,79,18,0
2026-07-30 05:00:00,0.8158,0.81602,0.81575,0.81587,110,18,0
2026-07-30 05:15:00,0.81586,0.81587,0.81555,0.81582,112,18,0
2026-07-30 05:30:00,0.81584,0.81599,0.8157,0.81599,119,18,0
2026-07-30 05:45:00,0.81601,0.81615,0.81549,0.81559,149,18,0
2026-07-30 06:00:00,0.81562,0.81596,0.81529,0.8153,185,18,0
2026-07-30 06:15:00,0.81528,0.81545,0.81492,0.81539,191,18,0
2026-07-30 06:30:00,0.81541,0.816,0.81541,0.81574,159,18,0
2026-07-30 06:45:00,0.81578,0.81631,0.81578,0.81607,144,18,0
2026-07-30 07:00:00,0.81605,0.81729,0.81604,0.81726,294,18,0
2026-07-30 07:15:00,0.81728,0.81729,0.81669,0.81688,204,18,0
2026-07-30 07:30:00,0.81686,0.81686,0.81631,0.81664,175,18,0
2026-07-30 07:45:00,0.81661,0.81667,0.8163,0.8163,162,18,0
2026-07-30 08:00:00,0.81633,0.81741,0.81631,0.81735,220,18,0
2026-07-30 08:15:00,0.81734,0.81798,0.81727,0.81797,184,18,0
2026-07-30 08:30:00,0.81794,0.81803,0.81759,0.81784,175,18,0
2026-07-30 08:45:00,0.81782,0.81787,0.81761,0.81785,135,18,0
2026-07-30 09:00:00,0.81786,0.81855,0.81782,0.81848,190,18,0
2026-07-30 09:15:00,0.81846,0.81905,0.81837,0.81878,197,18,0
2026-07-30 09:30:00,0.81875,0.81918,0.81858,0.81904,160,18,0
2026-07-30 09:45:00,0.81906,0.81967,0.81902,0.8194,178,18,0
2026-07-30 10:00:00,0.81938,0.82008,0.81935,0.82008,205,18,0
2026-07-30 10:15:00,0.82006,0.82029,0.81961,0.81971,239,18,0
2026-07-30 10:30:00,0.81969,0.82026,0.81966,0.82,208,18,0
2026-07-30 10:45:00,0.81999,0.82031,0.81985,0.81995,172,18,0
2026-07-30 11:00:00,0.81993,0.82021,0.81972,0.81986,197,18,0
2026-07-30 11:15:00,0.81987,0.8201,0.81982,0.81988,143,18,0
2026-07-30 11:30:00,0.8199,0.82007,0.81982,0.81998,165,18,0
2026-07-30 11:45:00,0.81996,0.82036,0.81993,0.82036,142,18,0
2026-07-30 12:00:00,0.82034,0.82048,0.82012,0.82027,191,18,0
2026-07-30 12:15:00,0.82026,0.82026,0.81968,0.81986,203,18,0
2026-07-30 12:30:00,0.8198,0.82016,0.81968,0.81994,396,18,0
2026-07-30 12:45:00,0.81993,0.8201,0.8198,0.81996,271,18,0
2026-07-30 13:00:00,0.81995,0.82036,0.8199,0.82004,288,18,0
2026-07-30 13:15:00,0.82006,0.82043,0.81978,0.8204,234,18,0
2026-07-30 13:30:00,0.82039,0.82213,0.82032,0.82206,580,18,0
2026-07-30 13:45:00,0.82202,0.82274,0.82194,0.82263,540,18,0
2026-07-30 14:00:00,0.82266,0.82302,0.82243,0.82278,585,18,0
2026-07-30 14:15:00,0.82276,0.82297,0.82228,0.82234,495,18,0
2026-07-30 14:30:00,0.82232,0.82294,0.8221,0.82259,355,18,0
2026-07-30 14:45:00,0.8226,0.82263,0.82113,0.82138,329,18,0
2026-07-30 15:00:00,0.82136,0.8217,0.82126,0.82154,277,18,0
2026-07-30 15:15:00,0.82151,0.82206,0.82151,0.82175,223,18,0
2026-07-30 15:30:00,0.82172,0.82283,0.82163,0.8228,257,18,0
2026-07-30 15:45:00,0.82281,0.82308,0.82263,0.82263,172,18,0
2026-07-30 16:00:00,0.82266,0.82287,0.82264,0.82278,210,18,0
2026-07-30 16:15:00,0.82277,0.82319,0.82274,0.82315,151,18,0
2026-07-30 16:30:00,0.82314,0.82318,0.82264,0.82264,134,18,0
2026-07-30 16:45:00,0.82267,0.82271,0.82227,0.82233,124,18,0
2026-07-30 17:00:00,0.82234,0.82238,0.82218,0.82225,116,18,0
2026-07-30 17:15:00,0.82226,0.82258,0.82218,0.82249,95,18,0
2026-07-30 17:30:00,0.82251,0.82281,0.82245,0.82279,215,18,0
2026-07-30 17:45:00,0.82278,0.82286,0.82256,0.82284,121,18,0
2026-07-30 18:00:00,0.82282,0.82298,0.82276,0.82292,124,18,0
2026-07-30 18:15:00,0.82293,0.82307,0.82274,0.82305,101,18,0
2026-07-30 18:30:00,0.82307,0.82315,0.823,0.823,70,18,0
2026-07-30 18:45:00,0.82302,0.82309,0.82275,0.82295,99,18,0
2026-07-30 19:00:00,0.82297,0.82337,0.82296,0.82306,140,18,0
2026-07-30 19:15:00,0.82305,0.82327,0.82305,0.8232,86,18,0
2026-07-30 19:30:00,0.82318,0.82321,0.82293,0.82293,97,18,0
2026-07-30 19:45:00,0.82296,0.82317,0.82284,0.82314,111,18,0
2026-07-30 20:00:00,0.82317,0.82329,0.82309,0.82321,95,18,0
2026-07-30 20:15:00,0.82319,0.82327,0.82308,0.8231,50,18,0
2026-07-30 20:30:00,0.82313,0.82332,0.82308,0.82332,51,18,0
2026-07-30 20:45:00,0.82333,0.82372,0.82333,0.82365,93,13,0
2026-07-30 21:00:00,0.82362,0.82362,0.82349,0.82349,7,18,0
2026-07-30 21:15:00,0.82347,0.82347,0.82311,0.82313,21,36,0
2026-07-30 21:30:00,0.82312,0.82312,0.82301,0.82303,17,81,0
2026-07-30 21:45:00,0.82305,0.82324,0.82292,0.82292,31,56,0
2026-07-30 22:00:00,0.82308,0.82381,0.82283,0.82342,275,14,0
2026-07-30 22:15:00,0.82344,0.82368,0.82311,0.82337,99,13,0
2026-07-30 22:30:00,0.82338,0.82381,0.82337,0.82381,106,13,0
2026-07-30 22:45:00,0.82384,0.82384,0.82356,0.82363,47,13,0
2026-07-30 23:00:00,0.82361,0.82364,0.82315,0.82317,74,18,0
2026-07-30 23:15:00,0.82318,0.82334,0.82302,0.82325,101,18,0
2026-07-30 23:30:00,0.82323,0.82338,0.82321,0.82321,81,18,0
2026-07-30 23:45:00,0.82323,0.82346,0.82306,0.82306,111,18,0
2026-07-31 00:00:00,0.82308,0.82316,0.82281,0.82302,187,18,0
2026-07-31 00:15:00,0.82299,0.82325,0.82297,0.82314,169,18,0
2026-07-31 00:30:00,0.82316,0.82322,0.82266,0.82275,131,18,0
2026-07-31 00:45:00,0.82276,0.82287,0.82239,0.82279,144,18,0
2026-07-31 01:00:00,0.82281,0.82291,0.8222,0.82221,174,18,0
2026-07-31 01:15:00,0.82219,0.82224,0.82189,0.82192,138,18,0
2026-07-31 01:30:00,0.82194,0.82207,0.8218,0.82197,160,18,0
2026-07-31 01:45:00,0.82198,0.82213,0.82174,0.82208,112,18,0
2026-07-31 02:00:00,0.82209,0.82242,0.82209,0.82234,159,18,0
2026-07-31 02:15:00,0.82231,0.82277,0.82225,0.82277,90,18,0
2026-07-31 02:30:00,0.82278,0.82286,0.82273,0.82286,72,18,0
2026-07-31 02:45:00,0.82287,0.82294,0.82266,0.82276,87,18,0
2026-07-31 03:00:00,0.82274,0.82295,0.82258,0.82273,117,18,0
2026-07-31 03:15:00,0.82272,0.82302,0.82271,0.82288,76,18,0
2026-07-31 03:30:00,0.82289,0.82326,0.82283,0.8229,106,18,0
2026-07-31 03:45:00,0.82288,0.82292,0.82271,0.82292,56,18,0
2026-07-31 04:00:00,0.82291,0.82292,0.8226,0.8226,63,18,0
2026-07-31 04:15:00,0.82258,0.82292,0.82256,0.82278,87,18,0
2026-07-31 04:30:00,0.82279,0.82282,0.8226,0.82276,70,18,0
2026-07-31 04:45:00,0.82278,0.82286,0.82239,0.82254,72,18,0
2026-07-31 05:00:00,0.82253,0.82267,0.82245,0.82246,88,18,0
2026-07-31 05:15:00,0.82247,0.82254,0.82214,0.82228,78,18,0
2026-07-31 05:30:00,0.8223,0.82273,0.82227,0.8225,104,18,0
2026-07-31 05:45:00,0.82248,0.82258,0.82239,0.82255,105,18,0
2026-07-31 06:00:00,0.82257,0.82301,0.82244,0.823,175,18,0
2026-07-31 06:15:00,0.82299,0.8236,0.82295,0.8236,155,18,0
2026-07-31 06:30:00,0.82358,0.82358,0.82266,0.82266,198,18,0
2026-07-31 06:45:00,0.8227,0.82328,0.82263,0.82289,232,18,0
2026-07-31 07:00:00,0.82286,0.823,0.82244,0.823,191,18,0
2026-07-31 07:15:00,0.82299,0.823,0.82268,0.8227,189,18,0
2026-07-31 07:30:00,0.82269,0.82313,0.82248,0.82312,174,18,0
2026-07-31 07:45:00,0.82315,0.8235,0.82312,0.82333,157,18,0
2026-07-31 08:00:00,0.82336,0.82351,0.82279,0.82292,166,18,0
2026-07-31 08:15:00,0.82293,0.8236,0.82293,0.8233,186,18,0
2026-07-31 08:30:00,0.82328,0.82353,0.82294,0.82345,165,18,0
2026-07-31 08:45:00,0.82348,0.82465,0.82341,0.82439,264,18,0
2026-07-31 09:00:00,0.82437,0.82449,0.8238,0.82386,347,18,0
2026-07-31 09:15:00,0.82383,0.82392,0.82355,0.82363,177,18,0
2026-07-31 09:30:00,0.82361,0.82373,0.82292,0.82292,165,18,0
2026-07-31 09:45:00,0.82295,0.82346,0.82295,0.82341,125,18,0
2026-07-31 10:00:00,0.8234,0.82358,0.82333,0.82338,119,18,0
2026-07-31 10:15:00,0.82337,0.82363,0.82322,0.82358,112,18,0
2026-07-31 10:30:00,0.82356,0.82393,0.82345,0.82388,115,18,0
2026-07-31 10:45:00,0.8239,0.82394,0.8234,0.8234,94,18,0
2026-07-31 11:00:00,0.82339,0.82356,0.82325,0.82335,132,18,0
2026-07-31 11:15:00,0.82336,0.82337,0.82273,0.82275,189,18,0
2026-07-31 11:30:00,0.82273,0.82278,0.82235,0.8226,174,18,0
2026-07-31 11:45:00,0.82261,0.82269,0.82233,0.82265,156,18,0
2026-07-31 12:00:00,0.82266,0.82312,0.82255,0.82302,192,18,0
2026-07-31 12:15:00,0.82303,0.82311,0.82277,0.82302,140,18,0
2026-07-31 12:30:00,0.82306,0.82306,0.82251,0.82255,161,18,0
2026-07-31 12:45:00,0.82257,0.82281,0.82226,0.82226,179,18,0
2026-07-31 13:00:00,0.82225,0.82241,0.8221,0.82235,187,18,0
2026-07-31 13:15:00,0.82237,0.82308,0.82228,0.82302,355,18,0
2026-07-31 13:30:00,0.82299,0.82299,0.82193,0.82228,448,18,0
2026-07-31 13:45:00,0.82232,0.8225,0.82184,0.82185,354,18,0
2026-07-31 14:00:00,0.82183,0.82259,0.82179,0.82259,400,18,0
2026-07-31 14:15:00,0.8226,0.82354,0.82249,0.8235,321,18,0
2026-07-31 14:30:00,0.82352,0.82418,0.82342,0.82397,266,18,0
2026-07-31 14:45:00,0.82395,0.82433,0.82369,0.82427,384,18,0
2026-07-31 15:00:00,0.82424,0.82426,0.82355,0.82383,289,18,0
2026-07-31 15:15:00,0.82381,0.82405,0.82373,0.82373,239,18,0
2026-07-31 15:30:00,0.82371,0.82417,0.82358,0.82416,194,18,0
2026-07-31 15:45:00,0.82419,0.82448,0.8241,0.82445,182,18,0
2026-07-31 16:00:00,0.82442,0.82445,0.82427,0.82444,154,18,0
2026-07-31 16:15:00,0.82443,0.82443,0.82412,0.82436,141,18,0
2026-07-31 16:30:00,0.82438,0.82467,0.82434,0.82455,118,18,0
2026-07-31 16:45:00,0.82457,0.82475,0.8245,0.82468,116,18,0
2026-07-31 17:00:00,0.82466,0.82488,0.82463,0.82486,106,18,0
2026-07-31 17:15:00,0.82488,0.82511,0.82484,0.82506,154,18,0
2026-07-31 17:30:00,0.82508,0.82531,0.82505,0.82528,200,18,0
2026-07-31 17:45:00,0.82529,0.82551,0.82508,0.82524,259,18,0
2026-07-31 18:00:00,0.82522,0.82546,0.82521,0.82531,149,18,0
2026-07-31 18:15:00,0.82528,0.82559,0.82528,0.82552,106,18,0
2026-07-31 18:30:00,0.8255,0.82563,0.82541,0.82543,105,18,0
2026-07-31 18:45:00,0.82542,0.82563,0.82533,0.82555,92,18,0
2026-07-31 19:00:00,0.82557,0.82563,0.82544,0.82547,87,18,0
2026-07-31 19:15:00,0.82549,0.82549,0.82537,0.82545,75,18,0
2026-07-31 19:30:00,0.82543,0.82544,0.8252,0.82544,78,18,0
2026-07-31 19:45:00,0.82546,0.82582,0.8254,0.82567,169,18,0
2026-07-31 20:00:00,0.82565,0.82575,0.82534,0.82557,137,18,0
2026-07-31 20:15:00,0.82558,0.8258,0.82552,0.82571,172,18,0
2026-07-31 20:30:00,0.82573,0.826,0.82564,0.82564,163,18,0
2026-07-31 20:45:00,0.82566,0.82606,0.82449,0.82507,797,18,0
2026-08-02 21:00:00,0.82676,0.82685,0.82621,0.82683,8,117,0
2026-08-02 21:15:00,0.82685,0.82685,0.82484,0.82484,25,125,0
2026-08-02 21:30:00,0.82515,0.82558,0.82499,0.82523,82,115,0
2026-08-02 21:45:00,0.82523,0.82569,0.82445,0.8253,164,60,0
2026-08-02 22:00:00,0.82579,0.82703,0.82561,0.82675,269,20,0
2026-08-02 22:15:00,0.82673,0.82685,0.82643,0.82685,182,18,0
2026-08-02 22:30:00,0.82688,0.82699,0.82632,0.82633,170,18,0
2026-08-02 22:45:00,0.82634,0.82665,0.82629,0.8263,104,18,0
2026-08-02 23:00:00,0.82631,0.82636,0.82603,0.82625,128,18,0
2026-08-02 23:15:00,0.82624,0.82633,0.82611,0.82633,70,18,0
2026-08-02 23:30:00,0.82635,0.82647,0.82628,0.82639,78,18,0
2026-08-02 23:45:00,0.82637,0.82658,0.82633,0.82633,93,18,0
2026-08-03 00:00:00,0.82634,0.82645,0.82614,0.82629,186,18,0
2026-08-03 00:15:00,0.82632,0.82685,0.82617,0.82681,180,18,0
2026-08-03 00:30:00,0.82678,0.82738,0.82677,0.82729,305,18,0
2026-08-03 00:45:00,0.82727,0.82729,0.82648,0.82685,296,18,0
2026-08-03 01:00:00,0.82681,0.8272,0.82621,0.82621,289,18,0
2026-08-03 01:15:00,0.82624,0.82651,0.82604,0.82643,165,18,0
2026-08-03 01:30:00,0.82644,0.82645,0.82605,0.82633,142,18,0
2026-08-03 01:45:00,0.82635,0.82668,0.82633,0.82663,109,18,0
2026-08-03 02:00:00,0.82662,0.82676,0.82628,0.82628,117,18,0
2026-08-03 02:15:00,0.82627,0.8264,0.82612,0.82626,95,18,0
2026-08-03 02:30:00,0.82628,0.82658,0.82619,0.82637,105,18,0
2026-08-03 02:45:00,0.82634,0.82638,0.82618,0.8262,91,18,0
2026-08-03 03:00:00,0.82623,0.82623,0.82586,0.82603,83,18,0
2026-08-03 03:15:00,0.826,0.826,0.82567,0.8257,63,18,0
2026-08-03 03:30:00,0.82573,0.82574,0.82499,0.82506,109,18,0
2026-08-03 03:45:00,0.82502,0.82517,0.82492,0.82501,72,18,0
2026-08-03 04:00:00,0.82499,0.82505,0.82482,0.82503,98,18,0
2026-08-03 04:15:00,0.82504,0.82511,0.82492,0.82508,57,18,0
2026-08-03 04:30:00,0.82509,0.82526,0.82494,0.82526,72,18,0
2026-08-03 04:45:00,0.82529,0.82535,0.82503,0.82512,65,18,0
2026-08-03 05:00:00,0.82513,0.82519,0.82505,0.82514,88,18,0
2026-08-03 05:15:00,0.82513,0.82523,0.82498,0.82519,59,18,0
2026-08-03 05:30:00,0.8252,0.82545,0.82519,0.82529,74,18,0
2026-08-03 05:45:00,0.82532,0.82548,0.82521,0.82545,65,18,0
2026-08-03 06:00:00,0.82548,0.82566,0.82543,0.82545,110,18,0
2026-08-03 06:15:00,0.82543,0.82547,0.8251,0.82518,134,18,0
2026-08-03 06:30:00,0.8252,0.82535,0.82499,0.82508,149,18,0
2026-08-03 06:45:00,0.82507,0.82507,0.82469,0.82492,130,18,0
2026-08-03 07:00:00,0.82491,0.8252,0.82487,0.82505,182,18,0
2026-08-03 07:15:00,0.82508,0.82512,0.8246,0.8251,215,18,0
2026-08-03 07:30:00,0.82509,0.82517,0.82472,0.82478,132,18,0
2026-08-03 07:45:00,0.82476,0.82491,0.82464,0.82474,146,18,0
2026-08-03 08:00:00,0.82475,0.82475,0.82451,0.8246,138,18,0
2026-08-03 08:15:00,0.82459,0.82463,0.82431,0.82445,137,18,0
2026-08-03 08:30:00,0.82447,0.82448,0.82412,0.82418,147,18,0
2026-08-03 08:45:00,0.82417,0.82428,0.82403,0.82414,128,18,0
2026-08-03 09:00:00,0.82413,0.82419,0.82382,0.8239,111,18,0
2026-08-03 09:15:00,0.82389,0.8239,0.82366,0.82366,112,18,0
2026-08-03 09:30:00,0.82367,0.82387,0.82365,0.82373,101,18,0
2026-08-03 09:45:00,0.82372,0.82388,0.82362,0.82362,100,18,0
2026-08-03 10:00:00,0.82364,0.82364,0.82338,0.82339,105,18,0
2026-08-03 10:15:00,0.82337,0.82346,0.82307,0.82308,121,18,0
2026-08-03 10:30:00,0.82307,0.82329,0.82298,0.8232,92,18,0
2026-08-03 10:45:00,0.82321,0.82342,0.82317,0.82334,88,18,0
2026-08-03 11:00:00,0.82335,0.82339,0.82317,0.82331,87,18,0
2026-08-03 11:15:00,0.8233,0.82374,0.82328,0.82354,135,18,0
2026-08-03 11:30:00,0.82352,0.8237,0.82336,0.82368,114,18,0
2026-08-03 11:45:00,0.82365,0.82395,0.82364,0.82387,125,18,0
2026-08-03 12:00:00,0.82389,0.82415,0.82374,0.82381,138,18,0
2026-08-03 12:15:00,0.8238,0.82413,0.82378,0.82398,121,18,0
2026-08-03 12:30:00,0.82399,0.8242,0.82377,0.82388,120,18,0
2026-08-03 12:45:00,0.82391,0.8241,0.82383,0.82404,137,18,0
2026-08-03 13:00:00,0.82402,0.82418,0.82356,0.82356,150,18,0
2026-08-03 13:15:00,0.82358,0.8238,0.82343,0.82373,185,18,0
2026-08-03 13:30:00,0.82376,0.82384,0.82357,0.82363,250,18,0
2026-08-03 13:45:00,0.82366,0.82377,0.82341,0.82363,252,18,0
2026-08-03 14:00:00,0.8236,0.82374,0.82317,0.82321,286,18,0
2026-08-03 14:15:00,0.82323,0.82354,0.82323,0.82335,178,18,0
2026-08-03 14:30:00,0.82334,0.82356,0.82318,0.82327,168,18,0
2026-08-03 14:45:00,0.82325,0.82386,0.82325,0.82381,177,18,0
2026-08-03 15:00:00,0.82378,0.82397,0.82334,0.82345,182,18,0
2026-08-03 15:15:00,0.82347,0.82356,0.82316,0.82319,172,18,0
2026-08-03 15:30:00,0.82322,0.82359,0.82313,0.82345,199,18,0
2026-08-03 15:45:00,0.82348,0.82368,0.82344,0.82366,144,18,0
2026-08-03 16:00:00,0.82367,0.82378,0.82357,0.82366,120,18,0
2026-08-03 16:15:00,0.82364,0.82387,0.82355,0.82385,116,18,0
2026-08-03 16:30:00,0.82384,0.82387,0.82372,0.8238,90,18,0
2026-08-03 16:45:00,0.82382,0.82389,0.82368,0.82369,79,18,0
2026-08-03 17:00:00,0.8237,0.8237,0.82334,0.82342,95,18,0
2026-08-03 17:15:00,0.82343,0.8235,0.82337,0.8235,54,18,0
2026-08-03 17:30:00,0.82351,0.82356,0.82333,0.8234,61,18,0
2026-08-03 17:45:00,0.82342,0.82351,0.82333,0.82341,53,18,0
2026-08-03 18:00:00,0.82339,0.82367,0.82339,0.82361,87,18,0
2026-08-03 18:15:00,0.82362,0.82377,0.82354,0.82355,78,18,0
2026-08-03 18:30:00,0.82357,0.82389,0.82357,0.82388,75,18,0
2026-08-03 18:45:00,0.8239,0.82432,0.8239,0.82428,90,18,0
2026-08-03 19:00:00,0.8243,0.82441,0.82423,0.82425,84,18,0
2026-08-03 19:15:00,0.82423,0.82435,0.82419,0.8243,43,18,0
2026-08-03 19:30:00,0.82427,0.82437,0.82416,0.82435,41,18,0
2026-08-03 19:45:00,0.82436,0.82443,0.82433,0.8244,57,18,0
2026-08-03 20:00:00,0.82438,0.82446,0.82433,0.82434,41,18,0
2026-08-03 20:15:00,0.82433,0.82445,0.82431,0.82445,35,18,0
2026-08-03 20:30:00,0.82446,0.82466,0.82446,0.82462,43,18,0
2026-08-03 20:45:00,0.82464,0.82471,0.82439,0.82451,53,11,0
2026-08-03 21:00:00,0.82451,0.82452,0.82432,0.82432,14,11,0
2026-08-03 21:15:00,0.8243,0.82434,0.82425,0.82425,25,32,0
2026-08-03 21:30:00,0.82422,0.82422,0.82385,0.82413,69,49,0
2026-08-03 21:45:00,0.82413,0.82435,0.82413,0.82435,68,34,0
2026-08-03 22:00:00,0.82443,0.82456,0.82404,0.82438,92,13,0
2026-08-03 22:15:00,0.82439,0.82451,0.82432,0.82432,36,13,0
2026-08-03 22:30:00,0.82435,0.82437,0.82425,0.82434,35,13,0
2026-08-03 22:45:00,0.82436,0.82445,0.8243,0.82434,33,13,0
2026-08-03 23:00:00,0.82431,0.82439,0.82418,0.82418,37,18,0
2026-08-03 23:15:00,0.82421,0.82424,0.82408,0.82408,24,18,0
2026-08-03 23:30:00,0.82407,0.82411,0.82397,0.8241,32,18,0
2026-08-03 23:45:00,0.82411,0.82416,0.82389,0.82389,61,18,0
2026-08-04 00:00:00,0.82391,0.82409,0.82367,0.8238,153,18,0
2026-08-04 00:15:00,0.82381,0.82409,0.82374,0.82401,90,18,0
2026-08-04 00:30:00,0.82403,0.82425,0.82397,0.82418,92,18,0
2026-08-04 00:45:00,0.82417,0.82417,0.82377,0.82378,141,18,0
2026-08-04 01:00:00,0.8238,0.82406,0.82368,0.824,144,18,0
2026-08-04 01:15:00,0.82401,0.82424,0.82397,0.8241,118,18,0
2026-08-04 01:30:00,0.82412,0.82426,0.82391,0.824,127,18,0
2026-08-04 01:45:00,0.82401,0.82403,0.82374,0.82393,118,18,0
2026-08-04 02:00:00,0.82394,0.8242,0.8238,0.82409,156,18,0
2026-08-04 02:15:00,0.82412,0.8242,0.82388,0.824,118,18,0
2026-08-04 02:30:00,0.82402,0.82428,0.82402,0.82427,77,18,0
2026-08-04 02:45:00,0.82424,0.82436,0.82388,0.82388,83,18,0
2026-08-04 03:00:00,0.82386,0.82401,0.82366,0.82374,85,18,0
2026-08-04 03:15:00,0.82375,0.824,0.82369,0.82391,73,18,0
2026-08-04 03:30:00,0.82393,0.82415,0.82351,0.82368,107,18,0
2026-08-04 03:45:00,0.82366,0.82404,0.82363,0.82384,75,18,0
2026-08-04 04:00:00,0.82388,0.82396,0.82383,0.82389,60,18,0
2026-08-04 04:15:00,0.82388,0.82405,0.82387,0.82394,60,18,0
2026-08-04 04:30:00,0.82395,0.82409,0.8239,0.82396,55,18,0
2026-08-04 04:45:00,0.82398,0.82414,0.82396,0.82401,47,18,0
2026-08-04 05:00:00,0.82402,0.82402,0.82362,0.82364,75,18,0
2026-08-04 05:15:00,0.82365,0.82387,0.82361,0.82385,81,18,0
2026-08-04 05:30:00,0.82387,0.82395,0.82375,0.8238,80,18,0
2026-08-04 05:45:00,0.82379,0.82402,0.8237,0.82395,106,18,0
2026-08-04 06:00:00,0.82393,0.82473,0.82391,0.82473,150,18,0
2026-08-04 06:15:00,0.82474,0.82488,0.82459,0.82471,127,18,0
2026-08-04 06:30:00,0.82469,0.8247,0.8244,0.82454,110,18,0
2026-08-04 06:45:00,0.82452,0.82477,0.82449,0.82475,114,18,0
2026-08-04 07:00:00,0.82477,0.82505,0.82472,0.82493,162,18,0
2026-08-04 07:15:00,0.82491,0.82514,0.82483,0.82483,131,18,0
2026-08-04 07:30:00,0.82481,0.82482,0.82449,0.82457,119,18,0
2026-08-04 07:45:00,0.82456,0.82474,0.82454,0.82469,90,18,0
2026-08-04 08:00:00,0.82467,0.8249,0.82453,0.82453,125,18,0
2026-08-04 08:15:00,0.82455,0.82467,0.82443,0.82449,95,18,0
2026-08-04 08:30:00,0.8245,0.82451,0.82419,0.82428,116,18,0
2026-08-04 08:45:00,0.82427,0.82427,0.82406,0.82406,104,18,0
2026-08-04 09:00:00,0.82404,0.82408,0.82375,0.82385,120,18,0
2026-08-04 09:15:00,0.82386,0.82423,0.82374,0.82423,99,18,0
2026-08-04 09:30:00,0.82426,0.8244,0.82414,0.82429,79,18,0
2026-08-04 09:45:00,0.8243,0.82444,0.82406,0.82424,93,18,0
2026-08-04 10:00:00,0.82425,0.82457,0.82423,0.82444,87,18,0
2026-08-04 10:15:00,0.82441,0.82459,0.82424,0.8245,86,18,0
2026-08-04 10:30:00,0.82452,0.82496,0.82448,0.82487,123,18,0
2026-08-04 10:45:00,0.82488,0.82557,0.82486,0.82545,222,18,0
2026-08-04 11:00:00,0.82546,0.82597,0.82537,0.82593,132,18,0
2026-08-04 11:15:00,0.82595,0.82626,0.82595,0.82625,124,18,0
2026-08-04 11:30:00,0.82627,0.82679,0.82615,0.82677,211,18,0
2026-08-04 11:45:00,0.82679,0.82714,0.8266,0.82703,237,18,0
2026-08-04 12:00:00,0.82704,0.8277,0.82698,0.82717,215,18,0
2026-08-04 12:15:00,0.82716,0.82719,0.82684,0.82687,123,18,0
2026-08-04 12:30:00,0.82686,0.82749,0.82678,0.82744,153,18,0
2026-08-04 12:45:00,0.82743,0.82777,0.82742,0.82761,121,18,0
2026-08-04 13:00:00,0.82759,0.82769,0.82729,0.82769,144,18,0
2026-08-04 13:15:00,0.82771,0.82838,0.82752,0.82826,250,18,0
2026-08-04 13:30:00,0.82823,0.82833,0.82797,0.82798,260,18,0
2026-08-04 13:45:00,0.828,0.82846,0.828,0.82835,204,18,0
2026-08-04 14:00:00,0.82839,0.82876,0.82814,0.82816,234,18,0
2026-08-04 14:15:00,0.82817,0.82832,0.82804,0.82822,181,18,0
2026-08-04 14:30:00,0.82819,0.8282,0.82782,0.82803,197,18,0
2026-08-04 14:45:00,0.82801,0.82803,0.82716,0.82724,241,18,0
2026-08-04 15:00:00,0.82726,0.82731,0.82709,0.82731,159,18,0
2026-08-04 15:15:00,0.82732,0.82746,0.8272,0.82722,135,18,0
2026-08-04 15:30:00,0.82723,0.82806,0.82719,0.82799,207,18,0
2026-08-04 15:45:00,0.82797,0.82837,0.82796,0.82837,131,18,0
2026-08-04 16:00:00,0.82839,0.82846,0.82827,0.82837,92,18,0
2026-08-04 16:15:00,0.82839,0.82887,0.82832,0.82885,91,18,0
2026-08-04 16:30:00,0.82884,0.82886,0.82857,0.82876,85,18,0
2026-08-04 16:45:00,0.82878,0.82882,0.82849,0.82854,70,18,0
2026-08-04 17:00:00,0.82856,0.82874,0.8285,0.82872,95,18,0
2026-08-04 17:15:00,0.82873,0.82878,0.82858,0.82875,93,18,0
2026-08-04 17:30:00,0.82877,0.82907,0.82874,0.82907,63,18,0
2026-08-04 17:45:00,0.82905,0.82906,0.82869,0.82878,81,18,0
2026-08-04 18:00:00,0.82876,0.82887,0.82861,0.82872,105,18,0
2026-08-04 18:15:00,0.82871,0.82889,0.8286,0.82876,106,18,0
2026-08-04 18:30:00,0.82877,0.82884,0.82853,0.82861,88,18,0
2026-08-04 18:45:00,0.82859,0.8289,0.82856,0.82875,104,18,0
2026-08-04 19:00:00,0.82871,0.8288,0.82859,0.82861,92,18,0
2026-08-04 19:15:00,0.82863,0.82881,0.82863,0.82873,65,18,0
2026-08-04 19:30:00,0.82874,0.82887,0.82867,0.82883,85,18,0
2026-08-04 19:45:00,0.82886,0.82889,0.82866,0.82889,99,18,0
2026-08-04 20:00:00,0.82891,0.82912,0.82886,0.82912,59,18,0
2026-08-04 20:15:00,0.8291,0.82911,0.82878,0.82878,47,18,0
2026-08-04 20:30:00,0.82877,0.82901,0.82877,0.82901,46,18,0
2026-08-04 20:45:00,0.82899,0.82918,0.82871,0.82884,89,11,0
2026-08-04 21:00:00,0.82884,0.82884,0.82854,0.82854,23,11,0
2026-08-04 21:15:00,0.8285,0.82857,0.82832,0.82856,36,49,0
2026-08-04 21:30:00,0.82858,0.82874,0.82853,0.82862,72,38,0
2026-08-04 21:45:00,0.82859,0.82879,0.82846,0.82879,83,43,0
2026-08-04 22:00:00,0.82897,0.82898,0.82864,0.82885,99,13,0
2026-08-04 22:15:00,0.82886,0.82903,0.8288,0.82903,36,13,0
2026-08-04 22:30:00,0.82906,0.82916,0.82875,0.82887,83,13,0
2026-08-04 22:45:00,0.82884,0.8291,0.82682,0.82794,403,13,0
2026-08-04 23:00:00,0.82793,0.82793,0.82664,0.82674,170,18,0
2026-08-04 23:15:00,0.82672,0.82689,0.82649,0.82675,136,18,0
2026-08-04 23:30:00,0.82673,0.82678,0.82599,0.8261,108,18,0
2026-08-04 23:45:00,0.82609,0.82625,0.82587,0.82625,111,18,0
2026-08-05 00:00:00,0.82626,0.82691,0.82626,0.82671,196,18,0
2026-08-05 00:15:00,0.82674,0.82696,0.82655,0.82671,141,18,0
2026-08-05 00:30:00,0.8267,0.82699,0.82638,0.82682,129,18,0
2026-08-05 00:45:00,0.8268,0.8269,0.8263,0.82665,168,18,0
2026-08-05 01:00:00,0.82663,0.8267,0.82633,0.82661,147,18,0
2026-08-05 01:15:00,0.8266,0.82676,0.82608,0.82632,139,18,0
2026-08-05 01:30:00,0.82635,0.82636,0.82567,0.8258,126,18,0
2026-08-05 01:45:00,0.82584,0.82594,0.82564,0.82591,104,18,0
2026-08-05 02:00:00,0.82589,0.82604,0.8256,0.82565,179,18,0
2026-08-05 02:15:00,0.82563,0.82618,0.82549,0.82605,127,18,0
2026-08-05 02:30:00,0.82603,0.82682,0.82599,0.82682,163,18,0
2026-08-05 02:45:00,0.82683,0.82698,0.82667,0.8267,129,18,0
2026-08-05 03:00:00,0.82666,0.82708,0.82666,0.82703,112,18,0
2026-08-05 03:15:00,0.82704,0.82704,0.82666,0.82666,109,18,0
2026-08-05 03:30:00,0.82665,0.82665,0.82641,0.82653,87,18,0
2026-08-05 03:45:00,0.82654,0.82658,0.82607,0.82614,82,18,0
2026-08-05 04:00:00,0.82616,0.82659,0.82616,0.82655,100,18,0
2026-08-05 04:15:00,0.82652,0.82661,0.8264,0.82647,94,18,0
2026-08-05 04:30:00,0.82648,0.82657,0.82623,0.82624,79,18,0
2026-08-05 04:45:00,0.82621,0.82636,0.8261,0.82619,80,18,0
2026-08-05 05:00:00,0.82618,0.82618,0.82597,0.82608,66,18,0
2026-08-05 05:15:00,0.82606,0.82614,0.82586,0.82587,105,18,0
2026-08-05 05:30:00,0.82585,0.82634,0.82585,0.82613,87,18,0
2026-08-05 05:45:00,0.82612,0.82635,0.82606,0.82624,120,18,0
2026-08-05 06:00:00,0.82627,0.82663,0.82627,0.82644,141,18,0
2026-08-05 06:15:00,0.82641,0.82641,0.82581,0.82589,176,18,0
2026-08-05 06:30:00,0.82587,0.8263,0.82577,0.82621,174,18,0
2026-08-05 06:45:00,0.82624,0.8266,0.82618,0.8266,134,18,0
2026-08-05 07:00:00,0.82659,0.82671,0.82557,0.82566,193,18,0
2026-08-05 07:15:00,0.82567,0.82576,0.8252,0.82522,142,18,0
2026-08-05 07:30:00,0.82524,0.82534,0.82485,0.82485,150,18,0
2026-08-05 07:45:00,0.82487,0.82557,0.82485,0.82557,110,18,0
2026-08-05 08:00:00,0.82555,0.82568,0.82512,0.82512,142,18,0
2026-08-05 08:15:00,0.82514,0.82538,0.82505,0.82535,122,18,0
2026-08-05 08:30:00,0.82534,0.82534,0.82489,0.82495,112,18,0
2026-08-05 08:45:00,0.82494,0.82494,0.82438,0.82442,161,18,0
2026-08-05 09:00:00,0.8244,0.82466,0.82437,0.82454,128,18,0
2026-08-05 09:15:00,0.82453,0.82471,0.82434,0.82459,145,18,0
2026-08-05 09:30:00,0.8246,0.82483,0.82447,0.82474,103,18,0
2026-08-05 09:45:00,0.82471,0.82486,0.82454,0.82462,96,18,0
2026-08-05 10:00:00,0.82463,0.82469,0.82424,0.82431,110,18,0
2026-08-05 10:15:00,0.82433,0.82453,0.82433,0.82445,109,18,0
2026-08-05 10:30:00,0.82444,0.82457,0.82426,0.82456,103,18,0
2026-08-05 10:45:00,0.82459,0.82486,0.8245,0.82483,88,18,0
2026-08-05 11:00:00,0.82486,0.82509,0.82473,0.82504,116,18,0
2026-08-05 11:15:00,0.82501,0.82503,0.82469,0.82474,144,18,0
2026-08-05 11:30:00,0.82477,0.82493,0.82473,0.8248,168,18,0
2026-08-05 11:45:00,0.82478,0.82487,0.82458,0.82464,136,18,0
2026-08-05 12:00:00,0.82461,0.82472,0.82451,0.82464,170,18,0
2026-08-05 12:15:00,0.82469,0.82517,0.82464,0.82505,175,18,0
2026-08-05 12:30:00,0.82503,0.8251,0.82471,0.82475,179,18,0
2026-08-05 12:45:00,0.82473,0.82476,0.82427,0.82441,173,18,0
2026-08-05 13:00:00,0.8244,0.82519,0.8244,0.82511,194,18,0
2026-08-05 13:15:00,0.82512,0.82513,0.82464,0.82489,156,18,0
2026-08-05 13:30:00,0.82487,0.82531,0.82443,0.82528,293,18,0
2026-08-05 13:45:00,0.82527,0.82557,0.82505,0.82537,230,18,0
2026-08-05 14:00:00,0.82541,0.82582,0.82526,0.82565,342,18,0
2026-08-05 14:15:00,0.82566,0.8257,0.82525,0.82539,253,18,0
2026-08-05 14:30:00,0.82543,0.82561,0.825,0.82506,200,18,0
2026-08-05 14:45:00,0.82504,0.82508,0.82457,0.82465,238,18,0
2026-08-05 15:00:00,0.82463,0.82483,0.82455,0.82466,229,18,0
2026-08-05 15:15:00,0.82463,0.82469,0.82446,0.82459,190,18,0
2026-08-05 15:30:00,0.8246,0.82467,0.82452,0.82465,141,18,0
2026-08-05 15:45:00,0.82463,0.82463,0.82393,0.82393,162,18,0
2026-08-05 16:00:00,0.82391,0.82411,0.82373,0.8241,126,18,0
2026-08-05 16:15:00,0.82412,0.82425,0.82403,0.82422,109,18,0
2026-08-05 16:30:00,0.82424,0.82448,0.82414,0.82445,91,18,0
2026-08-05 16:45:00,0.82446,0.82464,0.82437,0.82446,87,18,0
2026-08-05 17:00:00,0.82449,0.82459,0.82444,0.82453,83,18,0
2026-08-05 17:15:00,0.82452,0.82489,0.82452,0.82487,77,18,0
2026-08-05 17:30:00,0.82484,0.82491,0.82473,0.82488,89,18,0
2026-08-05 17:45:00,0.82489,0.82516,0.82489,0.82504,90,18,0
2026-08-05 18:00:00,0.82503,0.82518,0.82494,0.82502,84,18,0
2026-08-05 18:15:00,0.82499,0.82513,0.82495,0.82511,71,18,0
2026-08-05 18:30:00,0.82512,0.82512,0.82493,0.82503,72,18,0
2026-08-05 18:45:00,0.82502,0.82504,0.82483,0.8249,87,18,0
2026-08-05 19:00:00,0.82488,0.82508,0.82476,0.82501,100,18,0
2026-08-05 19:15:00,0.825,0.825,0.82458,0.82458,83,18,0
2026-08-05 19:30:00,0.82459,0.82493,0.82459,0.82489,71,18,0
2026-08-05 19:45:00,0.82488,0.82488,0.82458,0.8246,78,18,0
2026-08-05 20:00:00,0.82459,0.82469,0.82451,0.82454,65,18,0
2026-08-05 20:15:00,0.82456,0.82456,0.82431,0.82434,46,18,0
2026-08-05 20:30:00,0.82437,0.82458,0.82436,0.82456,44,18,0
2026-08-05 20:45:00,0.82459,0.82478,0.82453,0.82471,65,13,0
2026-08-05 21:00:00,0.82469,0.82469,0.82458,0.82461,15,24,0
2026-08-05 21:15:00,0.82462,0.82466,0.82461,0.82466,27,32,0
2026-08-05 21:30:00,0.82464,0.82476,0.82459,0.82464,79,17,0
2026-08-05 21:45:00,0.82466,0.82472,0.82442,0.82442,74,22,0
2026-08-05 22:00:00,0.82433,0.82475,0.82413,0.82426,103,14,0
2026-08-05 22:15:00,0.82427,0.82448,0.82427,0.82428,37,13,0
2026-08-05 22:30:00,0.82427,0.82462,0.82425,0.82461,56,13,0
2026-08-05 22:45:00,0.8246,0.82469,0.82441,0.82448,50,13,0
2026-08-05 23:00:00,0.82445,0.82475,0.82441,0.82475,46,18,0
2026-08-05 23:15:00,0.82473,0.82474,0.82449,0.8245,33,18,0
2026-08-05 23:30:00,0.82447,0.82447,0.8243,0.8243,40,18,0
2026-08-05 23:45:00,0.82433,0.82467,0.82433,0.82458,68,18,0
2026-08-06 00:00:00,0.82457,0.82457,0.82414,0.82418,105,18,0
2026-08-06 00:15:00,0.8242,0.82434,0.82382,0.82385,123,18,0
2026-08-06 00:30:00,0.82383,0.82402,0.82375,0.8238,108,18,0
2026-08-06 00:45:00,0.82383,0.82409,0.8238,0.8238,130,18,0
2026-08-06 01:00:00,0.82382,0.8239,0.82353,0.82382,177,18,0
2026-08-06 01:15:00,0.8238,0.82438,0.82379,0.82412,129,18,0
2026-08-06 01:30:00,0.82414,0.82443,0.82399,0.82443,140,18,0
2026-08-06 01:45:00,0.82444,0.82505,0.8243,0.82502,123,18,0
2026-08-06 02:00:00,0.82505,0.82542,0.82505,0.82521,114,18,0
2026-08-06 02:15:00,0.82517,0.82533,0.82512,0.82525,71,18,0
2026-08-06 02:30:00,0.82524,0.82535,0.82511,0.82533,84,18,0
2026-08-06 02:45:00,0.82529,0.82532,0.82496,0.82496,81,18,0
2026-08-06 03:00:00,0.82494,0.825,0.82472,0.82472,83,18,0
2026-08-06 03:15:00,0.82474,0.82474,0.82437,0.82453,89,18,0
2026-08-06 03:30:00,0.8245,0.82463,0.82437,0.82437,83,18,0
2026-08-06 03:45:00,0.82434,0.82445,0.82425,0.82445,56,18,0
2026-08-06 04:00:00,0.82446,0.82451,0.82438,0.82438,40,18,0
2026-08-06 04:15:00,0.82435,0.82438,0.82417,0.82419,42,18,0
2026-08-06 04:30:00,0.82417,0.82427,0.82398,0.82398,45,18,0
2026-08-06 04:45:00,0.82395,0.82395,0.82379,0.8239,45,18,0
2026-08-06 05:00:00,0.82391,0.82393,0.82352,0.82355,56,18,0
2026-08-06 05:15:00,0.82357,0.82357,0.8234,0.82347,46,18,0
2026-08-06 05:30:00,0.82345,0.82379,0.82339,0.82378,70,18,0
2026-08-06 05:45:00,0.82379,0.8239,0.82363,0.82387,60,18,0
2026-08-06 06:00:00,0.82389,0.82398,0.82324,0.8233,105,18,0
2026-08-06 06:15:00,0.82328,0.82348,0.82318,0.82325,131,18,0
2026-08-06 06:30:00,0.82322,0.82323,0.82254,0.82263,113,18,0
2026-08-06 06:45:00,0.82267,0.82274,0.82251,0.82268,92,18,0
2026-08-06 07:00:00,0.8227,0.82309,0.82267,0.82294,129,18,0
2026-08-06 07:15:00,0.82292,0.82305,0.82282,0.82296,100,18,0
2026-08-06 07:30:00,0.82299,0.82299,0.82269,0.8228,105,18,0
2026-08-06 07:45:00,0.82278,0.82308,0.82256,0.82287,146,18,0
2026-08-06 08:00:00,0.82284,0.82297,0.82259,0.82297,142,18,0
2026-08-06 08:15:00,0.82294,0.82307,0.82267,0.82305,102,18,0
2026-08-06 08:30:00,0.82308,0.82343,0.82306,0.82336,126,18,0
2026-08-06 08:45:00,0.82337,0.82363,0.82337,0.8234,121,18,0
2026-08-06 09:00:00,0.82337,0.82337,0.82304,0.82331,96,18,0
2026-08-06 09:15:00,0.82334,0.82357,0.82321,0.82356,94,18,0
2026-08-06 09:30:00,0.82358,0.82367,0.82326,0.82326,86,18,0
2026-08-06 09:45:00,0.82322,0.82362,0.82322,0.82362,77,18,0
2026-08-06 10:00:00,0.8236,0.82365,0.82329,0.82329,89,18,0
2026-08-06 10:15:00,0.82326,0.82381,0.82322,0.8237,84,18,0
2026-08-06 10:30:00,0.82372,0.82372,0.82331,0.8234,86,18,0
2026-08-06 10:45:00,0.82342,0.82351,0.82331,0.82337,86,18,0
2026-08-06 11:00:00,0.82339,0.82339,0.82306,0.82321,117,18,0
2026-08-06 11:15:00,0.82318,0.82324,0.82268,0.8229,116,18,0
2026-08-06 11:30:00,0.82291,0.82299,0.82279,0.82283,109,18,0
2026-08-06 11:45:00,0.82285,0.82299,0.82275,0.82297,130,18,0
2026-08-06 12:00:00,0.82299,0.82347,0.82294,0.82345,140,18,0
2026-08-06 12:15:00,0.82347,0.82366,0.82335,0.82357,153,18,0
2026-08-06 12:30:00,0.82361,0.82362,0.82317,0.82321,126,18,0
2026-08-06 12:45:00,0.8232,0.82336,0.82306,0.82331,129,18,0
2026-08-06 13:00:00,0.82333,0.82367,0.82331,0.82354,182,18,0
2026-08-06 13:15:00,0.82356,0.82405,0.82356,0.82382,142,18,0
2026-08-06 13:30:00,0.82384,0.82397,0.82369,0.82382,202,18,0
2026-08-06 13:45:00,0.82381,0.82409,0.82368,0.82405,203,18,0
2026-08-06 14:00:00,0.82404,0.82426,0.8238,0.82417,211,18,0
2026-08-06 14:15:00,0.82415,0.82436,0.82404,0.82414,142,18,0
2026-08-06 14:30:00,0.82417,0.82427,0.82397,0.82399,148,18,0
2026-08-06 14:45:00,0.824,0.82412,0.82371,0.82399,181,18,0
2026-08-06 15:00:00,0.824,0.82419,0.82397,0.82401,173,18,0
2026-08-06 15:15:00,0.82402,0.82404,0.82359,0.8239,171,18,0
2026-08-06 15:30:00,0.82393,0.82399,0.82348,0.8236,167,18,0
2026-08-06 15:45:00,0.82361,0.82373,0.82283,0.82284,207,18,0
2026-08-06 16:00:00,0.82286,0.82286,0.82241,0.82242,164,18,0
2026-08-06 16:15:00,0.8224,0.82263,0.82223,0.82259,154,18,0
2026-08-06 16:30:00,0.82261,0.82264,0.82223,0.82223,105,18,0
2026-08-06 16:45:00,0.82222,0.82257,0.82222,0.82254,87,18,0
2026-08-06 17:00:00,0.82257,0.82274,0.82237,0.82238,98,18,0
2026-08-06 17:15:00,0.82237,0.82257,0.82231,0.82242,81,18,0
2026-08-06 17:30:00,0.82245,0.8225,0.82219,0.82223,81,18,0
2026-08-06 17:45:00,0.82221,0.82259,0.82216,0.82256,81,18,0
2026-08-06 18:00:00,0.82254,0.82272,0.82241,0.82265,75,18,0
2026-08-06 18:15:00,0.82263,0.82278,0.82258,0.82274,66,18,0
2026-08-06 18:30:00,0.82272,0.82279,0.82262,0.82269,58,18,0
2026-08-06 18:45:00,0.82271,0.82278,0.82268,0.82269,74,18,0
2026-08-06 19:00:00,0.82266,0.82289,0.82266,0.82286,58,18,0
2026-08-06 19:15:00,0.82287,0.82306,0.82252,0.82256,132,18,0
2026-08-06 19:30:00,0.82254,0.82269,0.8224,0.82241,85,18,0
2026-08-06 19:45:00,0.82244,0.82269,0.82244,0.82259,118,18,0
2026-08-06 20:00:00,0.8226,0.82264,0.82233,0.82236,63,18,0
2026-08-06 20:15:00,0.82233,0.82248,0.82228,0.82247,55,18,0
2026-08-06 20:30:00,0.82248,0.82248,0.82226,0.82227,48,18,0
2026-08-06 20:45:00,0.8223,0.82237,0.82214,0.82235,72,11,0
2026-08-06 21:00:00,0.82233,0.82236,0.82228,0.8223,22,14,0
2026-08-06 21:15:00,0.82232,0.82233,0.82222,0.82226,24,14,0
2026-08-06 21:30:00,0.82224,0.82227,0.82185,0.82188,60,24,0
2026-08-06 21:45:00,0.82187,0.82215,0.82178,0.82207,48,27,0
2026-08-06 22:00:00,0.82209,0.82236,0.82203,0.82236,72,13,0
2026-08-06 22:15:00,0.82238,0.8224,0.82226,0.82227,26,13,0
2026-08-06 22:30:00,0.82229,0.82231,0.82226,0.82226,24,13,0
2026-08-06 22:45:00,0.82228,0.82231,0.8222,0.82221,23,13,0
2026-08-06 23:00:00,0.82217,0.82225,0.82207,0.82214,34,18,0
2026-08-06 23:15:00,0.82218,0.82222,0.82213,0.8222,22,18,0
2026-08-06 23:30:00,0.82222,0.82226,0.82193,0.82208,49,18,0
2026-08-06 23:45:00,0.82207,0.8222,0.82207,0.82216,38,18,0
2026-08-07 00:00:00,0.82217,0.82231,0.82194,0.82194,94,18,0
2026-08-07 00:15:00,0.82195,0.82201,0.8218,0.82184,85,18,0
2026-08-07 00:30:00,0.82186,0.82201,0.82166,0.82184,81,18,0
2026-08-07 00:45:00,0.82185,0.82222,0.82178,0.82222,102,18,0
2026-08-07 01:00:00,0.82223,0.82245,0.82222,0.8224,134,18,0
2026-08-07 01:15:00,0.82238,0.82238,0.82216,0.82228,104,18,0
2026-08-07 01:30:00,0.8223,0.82245,0.82203,0.82242,115,18,0
2026-08-07 01:45:00,0.82244,0.82244,0.82212,0.82221,75,18,0
2026-08-07 02:00:00,0.82219,0.82235,0.82211,0.82234,80,18,0
2026-08-07 02:15:00,0.82232,0.82246,0.8223,0.82233,55,18,0
2026-08-07 02:30:00,0.82237,0.82237,0.822,0.82211,72,18,0
2026-08-07 02:45:00,0.82207,0.82223,0.82199,0.82202,70,18,0
2026-08-07 03:00:00,0.82203,0.82213,0.82201,0.82203,68,18,0
2026-08-07 03:15:00,0.82202,0.82212,0.82196,0.82196,42,18,0
2026-08-07 03:30:00,0.82193,0.8221,0.8219,0.82194,59,18,0
2026-08-07 03:45:00,0.82193,0.82206,0.82193,0.822,47,18,0
2026-08-07 04:00:00,0.82199,0.82201,0.82188,0.82188,54,18,0
2026-08-07 04:15:00,0.82187,0.82207,0.82183,0.82207,52,18,0
2026-08-07 04:30:00,0.82205,0.8221,0.82186,0.82196,57,18,0
2026-08-07 04:45:00,0.82194,0.82204,0.82194,0.82199,40,18,0
2026-08-07 05:00:00,0.82202,0.82211,0.82197,0.82206,45,18,0
2026-08-07 05:15:00,0.82205,0.82212,0.82198,0.82212,49,18,0
2026-08-07 05:30:00,0.82215,0.82226,0.82205,0.82205,76,18,0
2026-08-07 05:45:00,0.82207,0.82227,0.822,0.82222,69,18,0
2026-08-07 06:00:00,0.82225,0.82268,0.82225,0.82268,81,18,0
2026-08-07 06:15:00,0.82265,0.82268,0.82249,0.82268,93,18,0
2026-08-07 06:30:00,0.82269,0.82276,0.82256,0.82258,95,18,0
2026-08-07 06:45:00,0.82255,0.82258,0.82235,0.8225,75,18,0
2026-08-07 07:00:00,0.82247,0.82286,0.82239,0.82286,118,18,0
2026-08-07 07:15:00,0.82285,0.82293,0.82265,0.82271,88,18,0
2026-08-07 07:30:00,0.82273,0.82292,0.82273,0.82292,87,18,0
2026-08-07 07:45:00,0.82294,0.82304,0.82292,0.82295,77,18,0
2026-08-07 08:00:00,0.82296,0.82325,0.82295,0.82314,86,18,0
2026-08-07 08:15:00,0.82312,0.82312,0.82293,0.82299,80,18,0
2026-08-07 08:30:00,0.82298,0.82317,0.82293,0.82308,92,18,0
2026-08-07 08:45:00,0.82311,0.82321,0.82295,0.82321,73,18,0
2026-08-07 09:00:00,0.82322,0.82342,0.82311,0.8233,106,18,0
2026-08-07 09:15:00,0.82331,0.82342,0.82318,0.82332,79,18,0
2026-08-07 09:30:00,0.82331,0.82338,0.82326,0.82327,85,18,0
2026-08-07 09:45:00,0.82326,0.82333,0.82317,0.82324,73,18,0
2026-08-07 10:00:00,0.82327,0.82337,0.82304,0.82304,75,18,0
2026-08-07 10:15:00,0.82301,0.82307,0.82286,0.82286,73,18,0
2026-08-07 10:30:00,0.82283,0.82289,0.82263,0.82263,94,18,0
2026-08-07 10:45:00,0.82262,0.82262,0.82241,0.82243,81,18,0
2026-08-07 11:00:00,0.82245,0.82265,0.82244,0.8225,87,18,0
2026-08-07 11:15:00,0.82252,0.82254,0.82222,0.82222,79,18,0
2026-08-07 11:30:00,0.82224,0.82249,0.8222,0.82244,88,18,0
2026-08-07 11:45:00,0.82243,0.82256,0.82237,0.82247,86,18,0
2026-08-07 12:00:00,0.8225,0.82258,0.82219,0.82219,133,18,0
2026-08-07 12:15:00,0.82218,0.82218,0.82155,0.8216,239,18,0
2026-08-07 12:30:00,0.82163,0.82353,0.8216,0.82346,897,18,0
2026-08-07 12:45:00,0.82347,0.82368,0.82251,0.82253,425,18,0
2026-08-07 13:00:00,0.82256,0.82258,0.82201,0.82215,313,18,0
2026-08-07 13:15:00,0.82216,0.82219,0.82147,0.82164,271,18,0
2026-08-07 13:30:00,0.82167,0.82188,0.82135,0.82186,320,18,0
2026-08-07 13:45:00,0.82185,0.82185,0.82068,0.82073,275,18,0
2026-08-07 14:00:00,0.82072,0.82074,0.82008,0.82024,342,18,0
2026-08-07 14:15:00,0.82027,0.82106,0.82021,0.82095,239,18,0
2026-08-07 14:30:00,0.82096,0.82125,0.8206,0.82066,242,18,0
2026-08-07 14:45:00,0.82067,0.82083,0.82011,0.82028,233,18,0
2026-08-07 15:00:00,0.82025,0.82036,0.82011,0.82033,224,18,0
2026-08-07 15:15:00,0.82035,0.82075,0.8203,0.82065,200,18,0
2026-08-07 15:30:00,0.82068,0.8207,0.82049,0.82067,180,18,0
2026-08-07 15:45:00,0.82066,0.82074,0.8201,0.82062,156,18,0
2026-08-07 16:00:00,0.82064,0.82115,0.82059,0.82115,130,18,0
2026-08-07 16:15:00,0.82114,0.82125,0.82097,0.82107,167,18,0
2026-08-07 16:30:00,0.82108,0.82125,0.82098,0.82105,128,18,0
2026-08-07 16:45:00,0.82106,0.82119,0.82091,0.82091,104,18,0
2026-08-07 17:00:00,0.82088,0.82108,0.82084,0.82105,86,18,0
2026-08-07 17:15:00,0.82107,0.8213,0.82103,0.82129,56,18,0
2026-08-07 17:30:00,0.8213,0.82144,0.82126,0.82134,89,18,0
2026-08-07 17:45:00,0.82135,0.82153,0.82131,0.82137,65,18,0
2026-08-07 18:00:00,0.82136,0.82146,0.82123,0.82125,70,18,0
2026-08-07 18:15:00,0.82127,0.82136,0.82114,0.82119,74,18,0
2026-08-07 18:30:00,0.82118,0.82131,0.82118,0.82131,61,18,0
2026-08-07 18:45:00,0.82129,0.82161,0.82129,0.82153,86,18,0
2026-08-07 19:00:00,0.82157,0.82197,0.82155,0.82176,120,18,0
2026-08-07 19:15:00,0.82177,0.82235,0.82177,0.82234,113,18,0
2026-08-07 19:30:00,0.82238,0.8225,0.82227,0.82229,87,18,0
2026-08-07 19:45:00,0.8223,0.82237,0.82199,0.82199,105,18,0
2026-08-07 20:00:00,0.82197,0.82197,0.8217,0.82171,65,18,0
2026-08-07 20:15:00,0.8217,0.82179,0.82155,0.82155,51,18,0
2026-08-07 20:30:00,0.82153,0.82192,0.82146,0.82191,63,18,0
2026-08-07 20:45:00,0.8219,0.82195,0.82104,0.82164,285,18,0
2026-08-09 21:15:00,0.82145,0.82157,0.82011,0.82069,15,108,0
2026-08-09 21:30:00,0.82086,0.82151,0.81988,0.82106,359,60,0
2026-08-09 21:45:00,0.82104,0.82203,0.8205,0.82178,233,60,0
2026-08-09 22:00:00,0.82222,0.82224,0.82119,0.8215,226,18,0
2026-08-09 22:15:00,0.82149,0.82154,0.82132,0.8214,41,18,0
2026-08-09 22:30:00,0.82144,0.82168,0.82135,0.82161,65,18,0
2026-08-09 22:45:00,0.8216,0.82164,0.82138,0.82138,36,18,0
2026-08-09 23:00:00,0.82141,0.82168,0.8214,0.8216,51,18,0
2026-08-09 23:15:00,0.82158,0.82169,0.82155,0.82164,34,18,0
2026-08-09 23:30:00,0.82162,0.82162,0.82134,0.82149,42,18,0
2026-08-09 23:45:00,0.82145,0.82147,0.82118,0.82123,49,18,0
2026-08-10 00:00:00,0.82127,0.82146,0.82124,0.82134,129,18,0
2026-08-10 00:15:00,0.82131,0.82136,0.82094,0.82094,107,18,0
2026-08-10 00:30:00,0.82093,0.82102,0.82072,0.82074,89,18,0
2026-08-10 00:45:00,0.82076,0.82085,0.82065,0.82077,109,18,0
2026-08-10 01:00:00,0.82078,0.82103,0.82076,0.82085,138,18,0
2026-08-10 01:15:00,0.82082,0.82125,0.82082,0.82117,132,18,0
2026-08-10 01:30:00,0.82115,0.82115,0.82074,0.82091,110,18,0
2026-08-10 01:45:00,0.82094,0.82098,0.8207,0.82086,96,18,0
2026-08-10 02:00:00,0.82088,0.82096,0.82081,0.82086,63,18,0
2026-08-10 02:15:00,0.82087,0.82087,0.82069,0.82081,47,18,0
2026-08-10 02:30:00,0.82082,0.82094,0.82073,0.82088,56,18,0
2026-08-10 02:45:00,0.82085,0.82087,0.82069,0.82083,47,18,0
2026-08-10 03:00:00,0.82084,0.82088,0.8206,0.82082,68,18,0
2026-08-10 03:15:00,0.82081,0.8214,0.82081,0.82137,81,18,0
2026-08-10 03:30:00,0.8214,0.82162,0.82128,0.8216,72,18,0
2026-08-10 03:45:00,0.82159,0.82181,0.82146,0.82146,55,18,0
2026-08-10 04:00:00,0.82148,0.82164,0.82144,0.82149,67,18,0
2026-08-10 04:15:00,0.82148,0.82166,0.82146,0.82159,50,18,0
2026-08-10 04:30:00,0.82158,0.82159,0.82137,0.82159,66,18,0
2026-08-10 04:45:00,0.8216,0.82179,0.8216,0.82169,68,18,0
2026-08-10 05:00:00,0.82171,0.82197,0.82168,0.82192,63,18,0
2026-08-10 05:15:00,0.8219,0.82197,0.82182,0.82187,37,18,0
2026-08-10 05:30:00,0.8219,0.82207,0.82183,0.82185,85,18,0
2026-08-10 05:45:00,0.82186,0.82207,0.82173,0.82207,81,18,0
2026-08-10 06:00:00,0.82206,0.82209,0.82177,0.82185,100,18,0
2026-08-10 06:15:00,0.82183,0.82196,0.82167,0.8218,116,18,0
2026-08-10 06:30:00,0.82178,0.82179,0.82152,0.82155,105,18,0
2026-08-10 06:45:00,0.82156,0.82162,0.82142,0.82161,105,18,0
2026-08-10 07:00:00,0.82164,0.82164,0.82132,0.82145,124,18,0
2026-08-10 07:15:00,0.82144,0.82187,0.82144,0.82186,99,18,0
2026-08-10 07:30:00,0.82187,0.82217,0.82186,0.82197,108,18,0
2026-08-10 07:45:00,0.822,0.82216,0.82173,0.82182,129,18,0
2026-08-10 08:00:00,0.82185,0.82185,0.82158,0.82171,118,18,0
2026-08-10 08:15:00,0.82168,0.8217,0.82141,0.82165,86,18,0
2026-08-10 08:30:00,0.82168,0.82176,0.8215,0.82168,88,18,0
2026-08-10 08:45:00,0.82166,0.82171,0.82152,0.82169,84,18,0
2026-08-10 09:00:00,0.8217,0.82206,0.82167,0.82206,91,18,0
2026-08-10 09:15:00,0.82203,0.82232,0.82199,0.82224,57,18,0
2026-08-10 09:30:00,0.82223,0.82223,0.82182,0.82187,91,18,0
2026-08-10 09:45:00,0.82184,0.82187,0.82157,0.82162,93,18,0
2026-08-10 10:00:00,0.8216,0.82187,0.82151,0.82182,106,18,0
2026-08-10 10:15:00,0.82183,0.8221,0.82183,0.82202,101,18,0
2026-08-10 10:30:00,0.82199,0.82199,0.82152,0.82152,101,18,0
2026-08-10 10:45:00,0.82153,0.8217,0.82129,0.82138,88,18,0
2026-08-10 11:00:00,0.82141,0.82148,0.82101,0.82104,103,18,0
2026-08-10 11:15:00,0.82105,0.82113,0.82089,0.82113,96,18,0
2026-08-10 11:30:00,0.82114,0.82116,0.82096,0.82098,89,18,0
2026-08-10 11:45:00,0.82097,0.82103,0.82088,0.82099,99,18,0
2026-08-10 12:00:00,0.82098,0.82112,0.82083,0.82094,132,18,0
2026-08-10 12:15:00,0.82093,0.82112,0.8208,0.82092,105,18,0
2026-08-10 12:30:00,0.82091,0.82101,0.82048,0.82048,109,18,0
2026-08-10 12:45:00,0.8205,0.82059,0.8204,0.82057,83,18,0
2026-08-10 13:00:00,0.82059,0.82126,0.82059,0.8211,168,18,0
2026-08-10 13:15:00,0.82108,0.82125,0.82094,0.8212,123,18,0
2026-08-10 13:30:00,0.82119,0.82119,0.82068,0.82068,188,18,0
2026-08-10 13:45:00,0.82064,0.82068,0.82032,0.82041,210,18,0
2026-08-10 14:00:00,0.82039,0.82086,0.82037,0.8208,184,18,0
2026-08-10 14:15:00,0.82081,0.82123,0.82076,0.82113,152,18,0
2026-08-10 14:30:00,0.82114,0.82145,0.82112,0.82123,129,18,0
2026-08-10 14:45:00,0.82121,0.82134,0.82082,0.82086,185,18,0
2026-08-10 15:00:00,0.82083,0.821,0.82056,0.82066,187,18,0
2026-08-10 15:15:00,0.82067,0.8209,0.82063,0.82081,117,18,0
2026-08-10 15:30:00,0.82084,0.82084,0.82039,0.82042,104,18,0
2026-08-10 15:45:00,0.82043,0.82057,0.82021,0.82024,102,18,0
2026-08-10 16:00:00,0.82023,0.82036,0.82023,0.82027,73,18,0
2026-08-10 16:15:00,0.82025,0.82025,0.82008,0.82015,82,18,0
2026-08-10 16:30:00,0.82016,0.82016,0.81967,0.81967,145,18,0
2026-08-10 16:45:00,0.81968,0.82003,0.81966,0.81998,100,18,0
2026-08-10 17:00:00,0.82,0.82018,0.81995,0.82015,86,18,0
2026-08-10 17:15:00,0.82017,0.82029,0.82009,0.82022,83,18,0
2026-08-10 17:30:00,0.82024,0.82037,0.82023,0.82023,57,18,0
2026-08-10 17:45:00,0.82021,0.82024,0.82006,0.82021,59,18,0
2026-08-10 18:00:00,0.8202,0.82027,0.82017,0.82023,51,18,0
2026-08-10 18:15:00,0.82024,0.82027,0.8201,0.82014,61,18,0
2026-08-10 18:30:00,0.82012,0.82016,0.81998,0.82007,78,18,0
2026-08-10 18:45:00,0.82005,0.82005,0.81986,0.82003,100,18,0
2026-08-10 19:00:00,0.82,0.82,0.81992,0.81997,75,18,0
2026-08-10 19:15:00,0.81998,0.81998,0.81979,0.81982,44,18,0
2026-08-10 19:30:00,0.8198,0.8198,0.81965,0.81976,48,18,0
2026-08-10 19:45:00,0.81975,0.81993,0.81969,0.8198,68,18,0
2026-08-10 20:00:00,0.81978,0.8198,0.8197,0.81972,38,18,0
2026-08-10 20:15:00,0.81973,0.81978,0.81966,0.81968,34,18,0
2026-08-10 20:30:00,0.81969,0.81974,0.81966,0.81972,26,18,0
2026-08-10 20:45:00,0.8197,0.81984,0.81962,0.81976,46,11,0
2026-08-10 21:00:00,0.81973,0.81979,0.8197,0.81974,15,25,0
2026-08-10 21:15:00,0.81973,0.81973,0.81939,0.81942,80,36,0
2026-08-10 21:30:00,0.81946,0.81966,0.81931,0.81965,68,42,0
2026-08-10 21:45:00,0.81966,0.81969,0.81962,0.81968,46,38,0
2026-08-10 22:00:00,0.81986,0.82013,0.81964,0.81986,81,13,0
2026-08-10 22:15:00,0.81989,0.8199,0.81978,0.81988,39,13,0
2026-08-10 22:30:00,0.8199,0.81996,0.81987,0.81988,16,13,0
2026-08-10 22:45:00,0.81989,0.81991,0.81986,0.8199,11,13,0
2026-08-10 23:00:00,0.81988,0.81994,0.8198,0.8198,24,18,0
2026-08-10 23:15:00,0.81979,0.81986,0.81976,0.81986,19,18,0
2026-08-10 23:30:00,0.81988,0.81994,0.81972,0.8199,44,18,0
2026-08-10 23:45:00,0.81993,0.8202,0.81983,0.82018,99,18,0
2026-08-11 00:00:00,0.82015,0.82036,0.82,0.82021,112,18,0
2026-08-11 00:15:00,0.8202,0.82035,0.82011,0.82023,75,18,0
2026-08-11 00:30:00,0.82025,0.82025,0.81992,0.81999,55,18,0
2026-08-11 00:45:00,0.82,0.82,0.81979,0.81981,65,18,0
2026-08-11 01:00:00,0.81978,0.81979,0.8196,0.81977,83,18,0
2026-08-11 01:15:00,0.81976,0.82019,0.81976,0.82012,90,18,0
2026-08-11 01:30:00,0.82011,0.82024,0.81986,0.8199,72,18,0
2026-08-11 01:45:00,0.81989,0.82028,0.81988,0.82002,92,18,0
2026-08-11 02:00:00,0.82001,0.82015,0.81986,0.82015,96,18,0
2026-08-11 02:15:00,0.82016,0.82017,0.8197,0.81982,90,18,0
2026-08-11 02:30:00,0.81985,0.82007,0.81974,0.81974,70,18,0
2026-08-11 02:45:00,0.81975,0.81975,0.81955,0.81968,67,18,0
2026-08-11 03:00:00,0.81966,0.81989,0.81965,0.81989,65,18,0
2026-08-11 03:15:00,0.81987,0.82011,0.81985,0.82003,53,18,0
2026-08-11 03:30:00,0.82005,0.82005,0.81981,0.81981,30,18,0
2026-08-11 03:45:00,0.8198,0.81985,0.81972,0.81972,53,18,0
2026-08-11 04:00:00,0.81971,0.81974,0.81963,0.81967,42,18,0
2026-08-11 04:15:00,0.81969,0.8199,0.81968,0.8199,56,18,0
2026-08-11 04:30:00,0.81986,0.82048,0.81971,0.82008,350,18,0
2026-08-11 04:45:00,0.82012,0.82076,0.82012,0.82076,145,18,0
2026-08-11 05:00:00,0.82077,0.82078,0.82037,0.82047,88,18,0
2026-08-11 05:15:00,0.82045,0.82061,0.82033,0.8206,99,18,0
2026-08-11 05:30:00,0.82057,0.82087,0.8204,0.82051,158,18,0
2026-08-11 05:45:00,0.82052,0.82058,0.81946,0.82002,185,18,0
2026-08-11 06:00:00,0.82,0.82023,0.81993,0.81994,152,18,0
2026-08-11 06:15:00,0.81995,0.82001,0.81903,0.81919,192,18,0
2026-08-11 06:30:00,0.81918,0.81929,0.81858,0.81859,187,18,0
2026-08-11 06:45:00,0.81861,0.81861,0.8181,0.81841,171,18,0
2026-08-11 07:00:00,0.81843,0.81909,0.81843,0.81906,146,18,0
2026-08-11 07:15:00,0.81905,0.81917,0.8187,0.81871,116,18,0
2026-08-11 07:30:00,0.81874,0.81895,0.81839,0.81839,142,18,0
2026-08-11 07:45:00,0.81841,0.81848,0.81812,0.81828,128,18,0
2026-08-11 08:00:00,0.8183,0.81857,0.81801,0.81803,181,18,0
2026-08-11 08:15:00,0.81805,0.81829,0.81792,0.81826,87,18,0
2026-08-11 08:30:00,0.81827,0.81837,0.81816,0.81819,83,18,0
2026-08-11 08:45:00,0.81818,0.81821,0.818,0.81812,86,18,0
2026-08-11 09:00:00,0.81813,0.8182,0.81782,0.81783,90,18,0
2026-08-11 09:15:00,0.81785,0.81822,0.81785,0.8181,83,18,0
2026-08-11 09:30:00,0.81813,0.81829,0.81809,0.81823,86,18,0
2026-08-11 09:45:00,0.8182,0.81841,0.8182,0.81837,65,18,0
2026-08-11 10:00:00,0.81834,0.81862,0.8182,0.8186,88,18,0
2026-08-11 10:15:00,0.81859,0.81915,0.8184,0.81904,157,18,0
2026-08-11 10:30:00,0.81905,0.81907,0.8188,0.81892,105,18,0
2026-08-11 10:45:00,0.81893,0.81898,0.81885,0.81889,72,18,0
2026-08-11 11:00:00,0.8189,0.81998,0.81882,0.81978,337,18,0
2026-08-11 11:15:00,0.81979,0.81984,0.81917,0.81918,129,18,0
2026-08-11 11:30:00,0.8192,0.81923,0.81899,0.81903,98,18,0
2026-08-11 11:45:00,0.81902,0.81904,0.81881,0.81899,108,18,0
2026-08-11 12:00:00,0.81902,0.81942,0.81889,0.81927,158,18,0
2026-08-11 12:15:00,0.81925,0.81935,0.81893,0.81913,184,18,0
2026-08-11 12:30:00,0.81914,0.81942,0.81908,0.81942,126,18,0
2026-08-11 12:45:00,0.81944,0.81967,0.81944,0.81959,86,18,0
2026-08-11 13:00:00,0.81961,0.81999,0.81959,0.81991,142,18,0
2026-08-11 13:15:00,0.81988,0.82037,0.81986,0.82031,122,18,0
2026-08-11 13:30:00,0.82029,0.8204,0.81976,0.82028,179,18,0
2026-08-11 13:45:00,0.82027,0.82038,0.81986,0.82012,146,18,0
2026-08-11 14:00:00,0.8201,0.82017,0.81959,0.8196,137,18,0
2026-08-11 14:15:00,0.81959,0.81963,0.81937,0.81942,120,18,0
2026-08-11 14:30:00,0.81941,0.81944,0.81925,0.81944,112,18,0
2026-08-11 14:45:00,0.81942,0.81947,0.8191,0.81911,149,18,0
2026-08-11 15:00:00,0.81914,0.81933,0.81884,0.81884,140,18,0
2026-08-11 15:15:00,0.81882,0.8192,0.81877,0.81895,123,18,0
2026-08-11 15:30:00,0.81897,0.81899,0.81849,0.81856,179,18,0
2026-08-11 15:45:00,0.81857,0.81874,0.81853,0.81867,100,18,0
2026-08-11 16:00:00,0.8187,0.81874,0.81853,0.81857,78,18,0
2026-08-11 16:15:00,0.81856,0.81865,0.81835,0.81843,77,18,0
2026-08-11 16:30:00,0.81844,0.81869,0.81842,0.81859,82,18,0
2026-08-11 16:45:00,0.81861,0.81862,0.8184,0.81853,78,18,0
2026-08-11 17:00:00,0.81854,0.81864,0.81842,0.81842,84,18,0
2026-08-11 17:15:00,0.8184,0.81855,0.81834,0.81841,76,18,0
2026-08-11 17:30:00,0.81843,0.81855,0.81839,0.81849,76,18,0
2026-08-11 17:45:00,0.81851,0.81871,0.81851,0.81865,55,18,0
2026-08-11 18:00:00,0.81863,0.81863,0.81848,0.81856,58,18,0
2026-08-11 18:15:00,0.81857,0.81858,0.81798,0.818,78,18,0
2026-08-11 18:30:00,0.81802,0.81819,0.81796,0.81808,65,18,0
2026-08-11 18:45:00,0.81809,0.81822,0.81808,0.81821,62,18,0
2026-08-11 19:00:00,0.81823,0.81829,0.81811,0.81828,52,18,0
2026-08-11 19:15:00,0.81829,0.81835,0.8182,0.81835,58,18,0
2026-08-11 19:30:00,0.81834,0.81846,0.81832,0.81843,52,18,0
2026-08-11 19:45:00,0.8184,0.81871,0.81837,0.81869,65,18,0
2026-08-11 20:00:00,0.8187,0.8188,0.81861,0.81877,49,18,0
2026-08-11 20:15:00,0.81875,0.81878,0.81869,0.8187,23,18,0
2026-08-11 20:30:00,0.81872,0.81876,0.81865,0.8187,26,18,0
2026-08-11 20:45:00,0.81868,0.81889,0.81859,0.81875,58,11,0
2026-08-11 21:00:00,0.81875,0.81877,0.8187,0.8187,10,18,0
2026-08-11 21:15:00,0.81868,0.81868,0.81805,0.81824,55,27,0
2026-08-11 21:30:00,0.81823,0.8183,0.81819,0.81829,49,91,0
2026-08-11 21:45:00,0.8183,0.81849,0.81811,0.81849,110,56,0
2026-08-11 22:00:00,0.81876,0.81888,0.81843,0.8186,106,13,0
2026-08-11 22:15:00,0.81861,0.8188,0.8186,0.81879,40,13,0
2026-08-11 22:30:00,0.81878,0.81881,0.81868,0.81873,52,13,0
2026-08-11 22:45:00,0.8187,0.81877,0.8187,0.81873,17,13,0
2026-08-11 23:00:00,0.8187,0.8187,0.81853,0.8186,22,18,0
2026-08-11 23:15:00,0.81859,0.81861,0.8184,0.81841,30,18,0
2026-08-11 23:30:00,0.8184,0.81853,0.81836,0.81837,33,18,0
2026-08-11 23:45:00,0.81836,0.81845,0.81825,0.8183,32,18,0
2026-08-12 00:00:00,0.81833,0.81839,0.81818,0.8182,85,18,0
2026-08-12 00:15:00,0.81819,0.81831,0.81796,0.81803,115,18,0
2026-08-12 00:30:00,0.81799,0.81818,0.81797,0.81809,66,18,0
2026-08-12 00:45:00,0.81808,0.81814,0.81782,0.81805,103,18,0
2026-08-12 01:00:00,0.81801,0.81828,0.81795,0.81825,91,18,0
2026-08-12 01:15:00,0.81823,0.8183,0.81794,0.81807,95,18,0
2026-08-12 01:30:00,0.81808,0.81808,0.81774,0.81788,65,18,0
2026-08-12 01:45:00,0.81787,0.81787,0.81766,0.81782,79,18,0
2026-08-12 02:00:00,0.8178,0.8178,0.81749,0.81754,86,18,0
2026-08-12 02:15:00,0.81755,0.81762,0.81733,0.81747,65,18,0
2026-08-12 02:30:00,0.81749,0.81765,0.81724,0.81736,84,18,0
2026-08-12 02:45:00,0.81737,0.81749,0.81731,0.81737,65,18,0
2026-08-12 03:00:00,0.81739,0.81747,0.81727,0.81732,51,18,0
2026-08-12 03:15:00,0.81733,0.8174,0.81722,0.81732,54,18,0
2026-08-12 03:30:00,0.81731,0.81731,0.81707,0.81707,51,18,0
2026-08-12 03:45:00,0.81705,0.81709,0.81696,0.81709,39,18,0
2026-08-12 04:00:00,0.81707,0.81711,0.81698,0.81703,41,18,0
2026-08-12 04:15:00,0.81705,0.81724,0.81702,0.81724,45,18,0
2026-08-12 04:30:00,0.81725,0.81727,0.81709,0.81727,54,18,0
2026-08-12 04:45:00,0.81726,0.8174,0.81726,0.81734,29,18,0
2026-08-12 05:00:00,0.81733,0.81733,0.81712,0.81712,39,18,0
2026-08-12 05:15:00,0.8171,0.81717,0.81706,0.81716,33,18,0
2026-08-12 05:30:00,0.81717,0.81733,0.81712,0.81721,62,18,0
2026-08-12 05:45:00,0.81723,0.81735,0.81714,0.81734,36,18,0
2026-08-12 06:00:00,0.81732,0.81733,0.8171,0.81721,75,18,0
2026-08-12 06:15:00,0.81719,0.81721,0.81689,0.81692,84,18,0
2026-08-12 06:30:00,0.81691,0.81722,0.81682,0.81705,109,18,0
2026-08-12 06:45:00,0.81708,0.81714,0.81699,0.81704,73,18,0
2026-08-12 07:00:00,0.81705,0.81739,0.81704,0.81726,111,18,0
2026-08-12 07:15:00,0.81725,0.81749,0.81719,0.8172,87,18,0
2026-08-12 07:30:00,0.81721,0.81722,0.81681,0.81687,110,18,0
2026-08-12 07:45:00,0.81686,0.81687,0.81631,0.81641,83,18,0
2026-08-12 08:00:00,0.81643,0.81663,0.81642,0.81656,93,18,0
2026-08-12 08:15:00,0.81655,0.81668,0.81642,0.81654,76,18,0
2026-08-12 08:30:00,0.81652,0.81658,0.81628,0.81654,73,18,0
2026-08-12 08:45:00,0.81653,0.81656,0.8164,0.8164,80,18,0
2026-08-12 09:00:00,0.81642,0.81676,0.81642,0.81675,100,18,0
2026-08-12 09:15:00,0.81672,0.8178,0.8167,0.81725,268,18,0
2026-08-12 09:30:00,0.81723,0.81728,0.81681,0.81681,204,18,0
2026-08-12 09:45:00,0.81683,0.81693,0.81599,0.81606,229,18,0
2026-08-12 10:00:00,0.81607,0.81635,0.816,0.81615,168,18,0
2026-08-12 10:15:00,0.81613,0.81668,0.81607,0.81655,127,18,0
2026-08-12 10:30:00,0.81654,0.8167,0.8164,0.81666,105,18,0
2026-08-12 10:45:00,0.81668,0.81683,0.81628,0.81637,167,18,0
2026-08-12 11:00:00,0.81638,0.81677,0.81636,0.81673,94,18,0
2026-08-12 11:15:00,0.81671,0.81686,0.81661,0.81679,87,18,0
2026-08-12 11:30:00,0.81681,0.81713,0.81679,0.81713,101,18,0
2026-08-12 11:45:00,0.81714,0.8172,0.81697,0.817,82,18,0
2026-08-12 12:00:00,0.81698,0.81707,0.81685,0.817,132,18,0
2026-08-12 12:15:00,0.81698,0.81732,0.81672,0.81724,193,18,0
2026-08-12 12:30:00,0.81728,0.81828,0.81556,0.8181,1077,18,0
2026-08-12 12:45:00,0.81808,0.81814,0.8175,0.81814,375,18,0
2026-08-12 13:00:00,0.81815,0.81857,0.81807,0.81815,396,18,0
2026-08-12 13:15:00,0.81813,0.81835,0.81795,0.81809,261,18,0
2026-08-12 13:30:00,0.81812,0.81831,0.81767,0.81773,301,18,0
2026-08-12 13:45:00,0.81772,0.81801,0.81757,0.81763,266,18,0
2026-08-12 14:00:00,0.81762,0.81771,0.8172,0.81728,246,18,0
2026-08-12 14:15:00,0.81726,0.81772,0.81723,0.8175,177,18,0
2026-08-12 14:30:00,0.81748,0.81768,0.81692,0.81698,299,18,0
2026-08-12 14:45:00,0.81695,0.81705,0.81662,0.81677,217,18,0
2026-08-12 15:00:00,0.81675,0.81693,0.81636,0.81689,188,18,0
2026-08-12 15:15:00,0.81687,0.81691,0.81651,0.81651,125,18,0
2026-08-12 15:30:00,0.81652,0.81654,0.81627,0.81636,117,18,0
2026-08-12 15:45:00,0.81633,0.81638,0.81619,0.81635,108,18,0
2026-08-12 16:00:00,0.81637,0.81646,0.81618,0.81634,113,18,0
2026-08-12 16:15:00,0.81632,0.81651,0.81629,0.81646,89,18,0
2026-08-12 16:30:00,0.81645,0.81652,0.8163,0.81645,101,18,0
2026-08-12 16:45:00,0.81646,0.81646,0.81615,0.81642,128,18,0
2026-08-12 17:00:00,0.81644,0.81688,0.81642,0.81682,129,18,0
2026-08-12 17:15:00,0.81679,0.8168,0.81658,0.81667,88,18,0
2026-08-12 17:30:00,0.81669,0.81669,0.81653,0.81653,75,18,0
2026-08-12 17:45:00,0.81654,0.81665,0.81641,0.81642,78,18,0
2026-08-12 18:00:00,0.81641,0.81655,0.81634,0.81651,85,18,0
2026-08-12 18:15:00,0.81649,0.81666,0.81646,0.81646,63,18,0
2026-08-12 18:30:00,0.81645,0.81657,0.81645,0.81657,40,18,0
2026-08-12 18:45:00,0.81658,0.81669,0.81653,0.81663,58,18,0
2026-08-12 19:00:00,0.81659,0.81672,0.81645,0.81655,83,18,0
2026-08-12 19:15:00,0.81654,0.81668,0.81653,0.81667,37,18,0
2026-08-12 19:30:00,0.81665,0.81665,0.81645,0.81647,61,18,0
2026-08-12 19:45:00,0.81646,0.81656,0.81632,0.8164,94,18,0
2026-08-12 20:00:00,0.81639,0.81651,0.81634,0.81638,46,18,0
2026-08-12 20:15:00,0.81637,0.81663,0.81637,0.81663,39,18,0
2026-08-12 20:30:00,0.81661,0.81674,0.81659,0.81666,31,18,0
2026-08-12 20:45:00,0.81667,0.81668,0.81627,0.81634,94,15,0
2026-08-12 21:00:00,0.81636,0.81638,0.81635,0.81635,9,18,0
2026-08-12 21:15:00,0.81633,0.81634,0.81626,0.81634,17,35,0
2026-08-12 21:30:00,0.81635,0.81641,0.81632,0.81639,32,28,0
2026-08-12 21:45:00,0.81639,0.81643,0.81635,0.8164,43,31,0
2026-08-12 22:00:00,0.81633,0.8166,0.81629,0.81647,106,14,0
2026-08-12 22:15:00,0.81644,0.81647,0.81633,0.81647,43,13,0
2026-08-12 22:30:00,0.81645,0.81656,0.81642,0.81653,23,13,0
2026-08-12 22:45:00,0.81657,0.81675,0.81656,0.81674,26,13,0
2026-08-12 23:00:00,0.81669,0.81671,0.81661,0.81667,27,18,0
2026-08-12 23:15:00,0.81666,0.81677,0.81663,0.81677,14,18,0
2026-08-12 23:30:00,0.81674,0.81674,0.81647,0.81647,24,18,0
2026-08-12 23:45:00,0.8165,0.81678,0.81647,0.81678,55,18,0
2026-08-13 00:00:00,0.8168,0.8168,0.81647,0.81668,102,18,0
2026-08-13 00:15:00,0.81667,0.81686,0.81667,0.81679,73,18,0
2026-08-13 00:30:00,0.81681,0.817,0.81677,0.81694,58,18,0
2026-08-13 00:45:00,0.81692,0.81692,0.81654,0.81665,92,18,0
2026-08-13 01:00:00,0.81668,0.81684,0.81655,0.81655,89,18,0
2026-08-13 01:15:00,0.81654,0.81666,0.8164,0.81656,97,18,0
2026-08-13 01:30:00,0.81658,0.81688,0.81648,0.81651,92,18,0
2026-08-13 01:45:00,0.8165,0.81653,0.8162,0.81636,96,18,0
2026-08-13 02:00:00,0.81637,0.81644,0.81604,0.81604,76,18,0
2026-08-13 02:15:00,0.81607,0.8162,0.81596,0.81606,90,18,0
2026-08-13 02:30:00,0.81608,0.81608,0.81558,0.8157,111,18,0
2026-08-13 02:45:00,0.81568,0.81577,0.81543,0.81548,79,18,0
2026-08-13 03:00:00,0.81549,0.81553,0.81368,0.81383,303,18,0
2026-08-13 03:15:00,0.8138,0.8139,0.81334,0.81364,178,18,0
2026-08-13 03:30:00,0.81367,0.81374,0.81338,0.81342,87,18,0
2026-08-13 03:45:00,0.81339,0.81363,0.81322,0.81322,93,18,0
2026-08-13 04:00:00,0.8132,0.81329,0.81313,0.81314,78,18,0
2026-08-13 04:15:00,0.81312,0.81318,0.81271,0.81282,99,18,0
2026-08-13 04:30:00,0.8128,0.81287,0.81256,0.81268,72,18,0
2026-08-13 04:45:00,0.81271,0.81307,0.81269,0.81305,114,18,0
2026-08-13 05:00:00,0.81303,0.81338,0.81303,0.81338,98,18,0
2026-08-13 05:15:00,0.8134,0.81342,0.81325,0.81339,57,18,0
2026-08-13 05:30:00,0.81341,0.81344,0.81305,0.81305,80,18,0
2026-08-13 05:45:00,0.81303,0.8133,0.8128,0.81326,85,18,0
2026-08-13 06:00:00,0.81328,0.81361,0.81307,0.81307,147,18,0
2026-08-13 06:15:00,0.81306,0.81323,0.81286,0.81288,133,18,0
2026-08-13 06:30:00,0.81287,0.81319,0.81239,0.81319,205,18,0
2026-08-13 06:45:00,0.81317,0.81351,0.81314,0.81348,107,18,0
2026-08-13 07:00:00,0.81351,0.81356,0.81334,0.81345,110,18,0
2026-08-13 07:15:00,0.81346,0.81349,0.81327,0.81333,97,18,0
2026-08-13 07:30:00,0.81331,0.81384,0.81322,0.81384,128,18,0
2026-08-13 07:45:00,0.81382,0.81399,0.81375,0.8139,132,18,0
2026-08-13 08:00:00,0.81389,0.8139,0.81353,0.81374,145,18,0
2026-08-13 08:15:00,0.81375,0.81385,0.81347,0.81378,93,18,0
2026-08-13 08:30:00,0.8138,0.81421,0.8138,0.81414,96,18,0
2026-08-13 08:45:00,0.81413,0.81413,0.8138,0.81384,63,18,0
2026-08-13 09:00:00,0.81386,0.8142,0.81386,0.81418,97,18,0
2026-08-13 09:15:00,0.81416,0.81436,0.8141,0.81415,90,18,0
2026-08-13 09:30:00,0.81413,0.81451,0.81411,0.81444,73,18,0
2026-08-13 09:45:00,0.81442,0.81446,0.81422,0.81431,88,18,0
2026-08-13 10:00:00,0.81432,0.81452,0.81419,0.81447,94,18,0
2026-08-13 10:15:00,0.81448,0.81467,0.81437,0.8146,81,18,0
2026-08-13 10:30:00,0.81459,0.81468,0.81441,0.81451,94,18,0
2026-08-13 10:45:00,0.8145,0.81453,0.81436,0.81449,65,18,0
2026-08-13 11:00:00,0.81451,0.81453,0.81432,0.81446,91,18,0
2026-08-13 11:15:00,0.81448,0.81453,0.81441,0.81451,81,18,0
2026-08-13 11:30:00,0.81452,0.81475,0.81452,0.81467,72,18,0
2026-08-13 11:45:00,0.81466,0.81494,0.81464,0.81485,84,18,0
2026-08-13 12:00:00,0.81487,0.81506,0.81463,0.81486,128,18,0
2026-08-13 12:15:00,0.81487,0.81488,0.81447,0.81486,118,18,0
2026-08-13 12:30:00,0.81491,0.81529,0.81459,0.81485,365,18,0
2026-08-13 12:45:00,0.81484,0.81542,0.81484,0.81541,203,18,0
2026-08-13 13:00:00,0.81544,0.81544,0.81501,0.81509,216,18,0
2026-08-13 13:15:00,0.8151,0.81513,0.8148,0.81481,171,18,0
2026-08-13 13:30:00,0.81478,0.81502,0.81454,0.81491,186,18,0
2026-08-13 13:45:00,0.81492,0.8154,0.8149,0.81535,209,18,0
2026-08-13 14:00:00,0.81537,0.81603,0.81537,0.81603,245,18,0
2026-08-13 14:15:00,0.81602,0.81611,0.81583,0.81584,215,18,0
2026-08-13 14:30:00,0.81582,0.8161,0.81568,0.81601,186,18,0
2026-08-13 14:45:00,0.816,0.81641,0.81591,0.81626,169,18,0
2026-08-13 15:00:00,0.81625,0.81628,0.81547,0.81547,162,18,0
2026-08-13 15:15:00,0.81546,0.81546,0.81508,0.81508,177,18,0
2026-08-13 15:30:00,0.81507,0.81522,0.81501,0.81501,151,18,0
2026-08-13 15:45:00,0.81497,0.81501,0.8147,0.81471,112,18,0
2026-08-13 16:00:00,0.81473,0.81486,0.81454,0.81456,100,18,0
2026-08-13 16:15:00,0.81458,0.81459,0.81426,0.8143,110,18,0
2026-08-13 16:30:00,0.81431,0.81453,0.8143,0.81453,75,18,0
2026-08-13 16:45:00,0.81452,0.81469,0.81447,0.81451,87,18,0
2026-08-13 17:00:00,0.81452,0.81472,0.81449,0.8145,79,18,0
2026-08-13 17:15:00,0.81452,0.81465,0.81452,0.81456,73,18,0
2026-08-13 17:30:00,0.81458,0.81462,0.81451,0.81458,62,18,0
2026-08-13 17:45:00,0.81457,0.81467,0.81455,0.81459,65,18,0
2026-08-13 18:00:00,0.8146,0.81506,0.8146,0.81503,65,18,0
2026-08-13 18:15:00,0.815,0.81503,0.81472,0.81483,80,18,0
2026-08-13 18:30:00,0.81482,0.81505,0.81479,0.81502,66,18,0
2026-08-13 18:45:00,0.81501,0.81503,0.81486,0.81489,65,18,0
2026-08-13 19:00:00,0.81488,0.81496,0.81476,0.81488,66,18,0
2026-08-13 19:15:00,0.81486,0.81496,0.81483,0.81496,45,18,0
2026-08-13 19:30:00,0.81495,0.81499,0.81486,0.81487,56,18,0
2026-08-13 19:45:00,0.81486,0.81496,0.81475,0.81477,63,18,0
2026-08-13 20:00:00,0.81479,0.8149,0.81473,0.81481,64,18,0
2026-08-13 20:15:00,0.81482,0.81489,0.81472,0.8148,40,18,0
2026-08-13 20:30:00,0.81479,0.81496,0.8147,0.81494,48,18,0
2026-08-13 20:45:00,0.81491,0.81501,0.81478,0.81496,85,11,0
2026-08-13 21:00:00,0.81494,0.81497,0.81494,0.81494,8,14,0
2026-08-13 21:15:00,0.81494,0.81495,0.81489,0.81494,23,20,0
2026-08-13 21:30:00,0.81493,0.81496,0.81476,0.81487,55,18,0
2026-08-13 21:45:00,0.81487,0.81489,0.81473,0.81476,55,22,0
2026-08-13 22:00:00,0.81474,0.81497,0.8146,0.81484,97,13,0
2026-08-13 22:15:00,0.81486,0.81504,0.81486,0.81504,30,13,0
2026-08-13 22:30:00,0.81505,0.81507,0.81495,0.81506,27,13,0
2026-08-13 22:45:00,0.81507,0.81512,0.815,0.81501,29,13,0
2026-08-13 23:00:00,0.81499,0.81502,0.81489,0.81496,30,18,0
2026-08-13 23:15:00,0.81495,0.81504,0.81491,0.81498,25,18,0
2026-08-13 23:30:00,0.815,0.81513,0.815,0.81503,26,18,0
2026-08-13 23:45:00,0.81505,0.81521,0.81504,0.81509,51,18,0
2026-08-14 00:00:00,0.81511,0.81551,0.8151,0.81531,122,18,0
2026-08-14 00:15:00,0.81529,0.81547,0.81527,0.81545,70,18,0
2026-08-14 00:30:00,0.81544,0.81544,0.81524,0.81542,73,18,0
2026-08-14 00:45:00,0.81545,0.81564,0.81532,0.8156,91,18,0
2026-08-14 01:00:00,0.81556,0.8156,0.81537,0.8154,110,18,0
2026-08-14 01:15:00,0.81542,0.81559,0.81524,0.81545,127,18,0
2026-08-14 01:30:00,0.81546,0.81581,0.81537,0.81572,112,18,0
2026-08-14 01:45:00,0.81575,0.81582,0.81554,0.81555,85,18,0
2026-08-14 02:00:00,0.81556,0.81592,0.81555,0.81579,95,18,0
2026-08-14 02:15:00,0.8158,0.81605,0.81578,0.81598,60,18,0
2026-08-14 02:30:00,0.81597,0.81613,0.81589,0.81612,83,18,0
2026-08-14 02:45:00,0.81615,0.81617,0.81578,0.81588,105,18,0
2026-08-14 03:00:00,0.8159,0.81627,0.8159,0.81621,67,18,0
2026-08-14 03:15:00,0.8162,0.8165,0.8162,0.8165,56,18,0
2026-08-14 03:30:00,0.81651,0.81674,0.81642,0.81674,63,18,0
2026-08-14 03:45:00,0.81671,0.81671,0.81649,0.81657,54,18,0
2026-08-14 04:00:00,0.81659,0.81672,0.81655,0.81663,62,18,0
2026-08-14 04:15:00,0.81664,0.81668,0.81653,0.81656,35,18,0
2026-08-14 04:30:00,0.81655,0.81655,0.81643,0.81645,34,18,0
2026-08-14 04:45:00,0.81644,0.81645,0.81635,0.81643,48,18,0
2026-08-14 05:00:00,0.81644,0.81644,0.81623,0.81633,49,18,0
2026-08-14 05:15:00,0.81634,0.81655,0.81621,0.81654,60,18,0
2026-08-14 05:30:00,0.8165,0.8165,0.8162,0.81621,94,18,0
2026-08-14 05:45:00,0.81623,0.81633,0.81617,0.81629,74,18,0
2026-08-14 06:00:00,0.81631,0.81638,0.81612,0.81616,114,18,0
2026-08-14 06:15:00,0.81617,0.81619,0.81593,0.81596,81,18,0
2026-08-14 06:30:00,0.81593,0.81599,0.81564,0.8158,92,18,0
2026-08-14 06:45:00,0.81582,0.81595,0.8158,0.81595,77,18,0
2026-08-14 07:00:00,0.81597,0.8161,0.81558,0.81565,139,18,0
2026-08-14 07:15:00,0.81566,0.81576,0.8156,0.81564,84,18,0
2026-08-14 07:30:00,0.81565,0.81589,0.81552,0.81586,89,18,0
2026-08-14 07:45:00,0.81589,0.81599,0.81585,0.81593,103,18,0
2026-08-14 08:00:00,0.81594,0.81609,0.81576,0.81588,116,18,0
2026-08-14 08:15:00,0.81589,0.81645,0.81588,0.81641,110,18,0
2026-08-14 08:30:00,0.81643,0.81648,0.81619,0.81619,110,18,0
2026-08-14 08:45:00,0.81617,0.81632,0.81612,0.81625,87,18,0
2026-08-14 09:00:00,0.81623,0.81642,0.81616,0.81642,97,18,0
2026-08-14 09:15:00,0.81644,0.8168,0.81641,0.81671,81,18,0
2026-08-14 09:30:00,0.81672,0.81681,0.81653,0.81656,86,18,0
2026-08-14 09:45:00,0.81658,0.81663,0.8165,0.81663,70,18,0
2026-08-14 10:00:00,0.81664,0.81702,0.81661,0.81691,101,18,0
2026-08-14 10:15:00,0.8169,0.81691,0.81673,0.81677,73,18,0
2026-08-14 10:30:00,0.81678,0.81696,0.81662,0.81668,74,18,0
2026-08-14 10:45:00,0.81667,0.81689,0.81664,0.8168,68,18,0
2026-08-14 11:00:00,0.81681,0.81687,0.81658,0.81681,101,18,0
2026-08-14 11:15:00,0.81679,0.81741,0.8167,0.81723,128,18,0
2026-08-14 11:30:00,0.81722,0.81753,0.81716,0.81749,127,18,0
2026-08-14 11:45:00,0.81747,0.81747,0.81723,0.81729,119,18,0
2026-08-14 12:00:00,0.8173,0.8173,0.81669,0.81679,150,18,0
2026-08-14 12:15:00,0.81681,0.81754,0.81681,0.81742,170,18,0
2026-08-14 12:30:00,0.81745,0.81768,0.81736,0.81737,257,18,0
2026-08-14 12:45:00,0.81739,0.81756,0.81731,0.81742,160,18,0
2026-08-14 13:00:00,0.81746,0.81746,0.81689,0.8169,128,18,0
2026-08-14 13:15:00,0.81693,0.81724,0.8168,0.81713,139,18,0
2026-08-14 13:30:00,0.81712,0.81762,0.81704,0.81756,225,18,0
2026-08-14 13:45:00,0.81757,0.81774,0.81711,0.81734,220,18,0
2026-08-14 14:00:00,0.81735,0.81764,0.81717,0.81764,224,18,0
2026-08-14 14:15:00,0.81762,0.81778,0.81737,0.81741,176,18,0
2026-08-14 14:30:00,0.81742,0.81744,0.81712,0.81742,199,18,0
2026-08-14 14:45:00,0.81741,0.81769,0.81731,0.81767,184,18,0
2026-08-14 15:00:00,0.81763,0.81798,0.81762,0.81785,173,18,0
2026-08-14 15:15:00,0.81783,0.81799,0.81776,0.81794,155,18,0
2026-08-14 15:30:00,0.81791,0.81804,0.81771,0.81772,144,18,0
2026-08-14 15:45:00,0.81774,0.8179,0.81771,0.8178,119,18,0
2026-08-14 16:00:00,0.81779,0.81789,0.81775,0.8178,92,18,0
2026-08-14 16:15:00,0.81777,0.81781,0.81739,0.8174,100,18,0
2026-08-14 16:30:00,0.81738,0.81756,0.81727,0.81727,97,18,0
2026-08-14 16:45:00,0.81725,0.81725,0.81689,0.81693,83,18,0
2026-08-14 17:00:00,0.81694,0.81704,0.81687,0.81694,99,18,0
2026-08-14 17:15:00,0.81696,0.81698,0.81666,0.81667,82,18,0
2026-08-14 17:30:00,0.81665,0.81675,0.81656,0.81664,57,18,0
2026-08-14 17:45:00,0.81662,0.81673,0.81662,0.81668,54,18,0
2026-08-14 18:00:00,0.81665,0.8167,0.81657,0.8166,59,18,0
2026-08-14 18:15:00,0.81659,0.8167,0.81651,0.8167,56,18,0
2026-08-14 18:30:00,0.81671,0.81673,0.8166,0.81668,59,18,0
2026-08-14 18:45:00,0.8167,0.81692,0.81667,0.81692,46,18,0
2026-08-14 19:00:00,0.81695,0.81713,0.81692,0.81699,75,18,0
2026-08-14 19:15:00,0.81698,0.81708,0.8169,0.81699,57,18,0
2026-08-14 19:30:00,0.81698,0.81701,0.81683,0.81683,58,18,0
2026-08-14 19:45:00,0.81682,0.81715,0.81681,0.81712,51,18,0
2026-08-14 20:00:00,0.8171,0.81711,0.81694,0.817,45,18,0
2026-08-14 20:15:00,0.81699,0.81707,0.81692,0.817,44,18,0
2026-08-14 20:30:00,0.81701,0.81714,0.81697,0.81697,50,18,0
2026-08-14 20:45:00,0.81699,0.81723,0.81685,0.8171,120,18,0
2026-08-16 21:15:00,0.81712,0.81712,0.81627,0.81691,48,60,0
2026-08-16 21:30:00,0.81648,0.81732,0.81635,0.81732,431,60,0
2026-08-16 21:45:00,0.81715,0.81735,0.81497,0.81565,89,60,0
2026-08-16 22:00:00,0.81551,0.81709,0.81551,0.81691,178,18,0
2026-08-16 22:15:00,0.81692,0.817,0.81687,0.81694,39,18,0
2026-08-16 22:30:00,0.81692,0.81721,0.81692,0.81719,51,18,0
2026-08-16 22:45:00,0.8172,0.81732,0.81699,0.81725,59,18,0
2026-08-16 23:00:00,0.81724,0.8173,0.81712,0.8172,43,18,0
2026-08-16 23:15:00,0.81719,0.81722,0.81718,0.81722,20,18,0
2026-08-16 23:30:00,0.81724,0.81726,0.81708,0.81721,44,18,0
2026-08-16 23:45:00,0.8172,0.81726,0.81698,0.81698,35,18,0
2026-08-17 00:00:00,0.817,0.81778,0.817,0.81778,125,18,0
2026-08-17 00:15:00,0.81776,0.8187,0.81776,0.81868,141,18,0
2026-08-17 00:30:00,0.81867,0.819,0.81867,0.8188,128,18,0
2026-08-17 00:45:00,0.81882,0.81928,0.81877,0.81922,107,18,0
2026-08-17 01:00:00,0.81919,0.81928,0.81882,0.81893,120,18,0
2026-08-17 01:15:00,0.81894,0.81911,0.81887,0.81903,125,18,0
2026-08-17 01:30:00,0.81906,0.81906,0.81877,0.81902,115,18,0
2026-08-17 01:45:00,0.819,0.81915,0.81893,0.81894,77,18,0
2026-08-17 02:00:00,0.81891,0.81897,0.81871,0.81876,75,18,0
2026-08-17 02:15:00,0.81873,0.81887,0.81867,0.81879,45,18,0
2026-08-17 02:30:00,0.81881,0.81895,0.81859,0.81877,81,18,0
2026-08-17 02:45:00,0.81874,0.81887,0.81863,0.81869,65,18,0
2026-08-17 03:00:00,0.81868,0.81886,0.81865,0.81881,68,18,0
2026-08-17 03:15:00,0.81879,0.81896,0.81874,0.81884,69,18,0
2026-08-17 03:30:00,0.81883,0.81889,0.81842,0.81851,67,18,0
2026-08-17 03:45:00,0.81853,0.81882,0.8185,0.81882,63,18,0
2026-08-17 04:00:00,0.8188,0.81896,0.81867,0.81894,87,18,0
2026-08-17 04:15:00,0.81892,0.81924,0.81883,0.81908,86,18,0
2026-08-17 04:30:00,0.8191,0.81923,0.81895,0.81918,72,18,0
2026-08-17 04:45:00,0.81921,0.81928,0.81908,0.81913,43,18,0
2026-08-17 05:00:00,0.81915,0.81941,0.81915,0.8192,75,18,0
2026-08-17 05:15:00,0.81919,0.81967,0.81919,0.81952,77,18,0
2026-08-17 05:30:00,0.81954,0.81973,0.81947,0.81973,132,18,0
2026-08-17 05:45:00,0.81975,0.82005,0.81966,0.81986,134,18,0
2026-08-17 06:00:00,0.81987,0.82004,0.81964,0.8197,140,18,0
2026-08-17 06:15:00,0.81974,0.81984,0.81954,0.8198,117,18,0
2026-08-17 06:30:00,0.81978,0.82028,0.81976,0.82027,118,18,0
2026-08-17 06:45:00,0.82029,0.82077,0.82029,0.82058,127,18,0
2026-08-17 07:00:00,0.8206,0.8207,0.82045,0.82046,162,18,0
2026-08-17 07:15:00,0.82049,0.82052,0.82015,0.82036,140,18,0
2026-08-17 07:30:00,0.82038,0.82065,0.82022,0.82023,162,18,0
2026-08-17 07:45:00,0.82021,0.82036,0.82003,0.8203,139,18,0
2026-08-17 08:00:00,0.82028,0.82032,0.81998,0.82011,126,18,0
2026-08-17 08:15:00,0.82013,0.82052,0.82006,0.82052,93,18,0
2026-08-17 08:30:00,0.82055,0.82065,0.82041,0.82044,134,18,0
2026-08-17 08:45:00,0.82045,0.8206,0.8202,0.82032,152,18,0
2026-08-17 09:00:00,0.82033,0.82041,0.82023,0.82041,115,18,0
2026-08-17 09:15:00,0.82043,0.82049,0.82024,0.82039,93,18,0
2026-08-17 09:30:00,0.8204,0.82069,0.82037,0.82068,97,18,0
2026-08-17 09:45:00,0.8207,0.82078,0.82057,0.82066,81,18,0
2026-08-17 10:00:00,0.82068,0.82073,0.82054,0.82063,80,18,0
2026-08-17 10:15:00,0.82064,0.82095,0.82046,0.82095,112,18,0
2026-08-17 10:30:00,0.82094,0.82102,0.82045,0.82062,162,18,0
2026-08-17 10:45:00,0.8206,0.82071,0.82056,0.82061,113,18,0
2026-08-17 11:00:00,0.8206,0.8209,0.82057,0.82057,107,18,0
2026-08-17 11:15:00,0.82054,0.82056,0.82031,0.82038,94,18,0
2026-08-17 11:30:00,0.82035,0.82038,0.82004,0.82009,107,18,0
2026-08-17 11:45:00,0.82008,0.8202,0.81997,0.81999,94,18,0
2026-08-17 12:00:00,0.81997,0.82007,0.81983,0.81985,133,18,0
2026-08-17 12:15:00,0.81984,0.81984,0.81925,0.81966,188,18,0
2026-08-17 12:30:00,0.8196,0.8196,0.81909,0.81923,204,18,0
2026-08-17 12:45:00,0.8192,0.81944,0.8189,0.81944,156,18,0
2026-08-17 13:00:00,0.81942,0.81988,0.81938,0.81976,161,18,0
2026-08-17 13:15:00,0.81977,0.82009,0.81972,0.81975,145,18,0
2026-08-17 13:30:00,0.81974,0.81982,0.81895,0.81895,184,18,0
2026-08-17 13:45:00,0.81893,0.81971,0.81876,0.81964,195,18,0
2026-08-17 14:00:00,0.81963,0.81965,0.81914,0.81951,170,18,0
2026-08-17 14:15:00,0.81953,0.81971,0.81933,0.81942,177,18,0
2026-08-17 14:30:00,0.81946,0.81968,0.8192,0.8192,163,18,0
2026-08-17 14:45:00,0.81921,0.81947,0.81904,0.81947,252,18,0
2026-08-17 15:00:00,0.81944,0.8196,0.81937,0.81943,189,18,0
2026-08-17 15:15:00,0.81945,0.81957,0.81938,0.81955,121,18,0
2026-08-17 15:30:00,0.81956,0.81961,0.81909,0.81921,143,18,0
2026-08-17 15:45:00,0.81922,0.81943,0.81904,0.81936,118,18,0
2026-08-17 16:00:00,0.81937,0.81945,0.81922,0.81945,83,18,0
2026-08-17 16:15:00,0.81946,0.8195,0.81929,0.81938,70,18,0
2026-08-17 16:30:00,0.81936,0.81962,0.81936,0.81957,67,18,0
2026-08-17 16:45:00,0.81956,0.81956,0.81925,0.81927,70,18,0
2026-08-17 17:00:00,0.81928,0.81938,0.81918,0.81919,73,18,0
2026-08-17 17:15:00,0.81917,0.8192,0.81847,0.81859,111,18,0
2026-08-17 17:30:00,0.81862,0.81862,0.81826,0.81845,114,18,0
2026-08-17 17:45:00,0.81846,0.81856,0.8182,0.81821,79,18,0
2026-08-17 18:00:00,0.81822,0.81831,0.81817,0.81831,72,18,0
2026-08-17 18:15:00,0.81832,0.81846,0.81829,0.81846,100,18,0
2026-08-17 18:30:00,0.81844,0.81859,0.81838,0.81851,106,18,0
2026-08-17 18:45:00,0.81853,0.81863,0.81847,0.81858,88,18,0
2026-08-17 19:00:00,0.81861,0.81861,0.81841,0.81852,80,18,0
2026-08-17 19:15:00,0.81853,0.81886,0.81853,0.81884,66,18,0
2026-08-17 19:30:00,0.81882,0.81901,0.81882,0.81901,52,18,0
2026-08-17 19:45:00,0.81902,0.81902,0.81885,0.81893,57,18,0
2026-08-17 20:00:00,0.81895,0.81906,0.8188,0.8189,40,18,0
2026-08-17 20:15:00,0.81889,0.81897,0.81882,0.81882,36,18,0
2026-08-17 20:30:00,0.81881,0.81883,0.81849,0.8188,60,18,0
2026-08-17 20:45:00,0.81879,0.81881,0.81863,0.8187,51,11,0
2026-08-17 21:00:00,0.81868,0.8187,0.81864,0.81865,14,20,0
2026-08-17 21:15:00,0.81867,0.81873,0.81867,0.8187,16,25,0
2026-08-17 21:30:00,0.81869,0.81872,0.81863,0.81869,43,24,0
2026-08-17 21:45:00,0.8187,0.81873,0.81866,0.81871,26,17,0
2026-08-17 22:00:00,0.81869,0.81885,0.81834,0.81859,78,13,0
2026-08-17 22:15:00,0.81857,0.81878,0.81856,0.81878,29,13,0
2026-08-17 22:30:00,0.81876,0.81878,0.81865,0.81872,31,13,0
2026-08-17 22:45:00,0.81874,0.81884,0.81869,0.81869,22,13,0
2026-08-17 23:00:00,0.81867,0.81895,0.81864,0.81895,30,18,0
2026-08-17 23:15:00,0.81896,0.81914,0.81896,0.81914,23,18,0
2026-08-17 23:30:00,0.81916,0.8192,0.81887,0.81887,43,18,0
2026-08-17 23:45:00,0.81885,0.8191,0.81883,0.819,59,18,0
2026-08-18 00:00:00,0.81903,0.8192,0.81892,0.819,103,18,0
2026-08-18 00:15:00,0.81899,0.81911,0.81876,0.81876,84,18,0
2026-08-18 00:30:00,0.8188,0.81896,0.81875,0.81894,101,18,0
2026-08-18 00:45:00,0.81892,0.81893,0.81858,0.81872,89,18,0
2026-08-18 01:00:00,0.81873,0.81921,0.81873,0.81919,130,18,0
2026-08-18 01:15:00,0.81923,0.81923,0.81844,0.81844,123,18,0
2026-08-18 01:30:00,0.81841,0.81849,0.81802,0.81802,76,18,0
2026-08-18 01:45:00,0.81799,0.81802,0.81775,0.81777,118,18,0
2026-08-18 02:00:00,0.81776,0.81783,0.81764,0.81766,86,18,0
2026-08-18 02:15:00,0.81767,0.81776,0.8176,0.81763,82,18,0
2026-08-18 02:30:00,0.81762,0.81763,0.81739,0.8174,94,18,0
2026-08-18 02:45:00,0.81739,0.81753,0.81737,0.81748,71,18,0
2026-08-18 03:00:00,0.81749,0.8175,0.81726,0.81728,51,18,0
2026-08-18 03:15:00,0.81725,0.81725,0.81663,0.81667,66,18,0
2026-08-18 03:30:00,0.81666,0.81667,0.8162,0.8162,100,18,0
2026-08-18 03:45:00,0.81622,0.81648,0.81598,0.81622,99,18,0
2026-08-18 04:00:00,0.8162,0.81625,0.81602,0.8161,93,18,0
2026-08-18 04:15:00,0.81609,0.81609,0.81576,0.81605,101,18,0
2026-08-18 04:30:00,0.81607,0.8161,0.81576,0.81594,71,18,0
2026-08-18 04:45:00,0.81592,0.81618,0.81588,0.81607,66,18,0
2026-08-18 05:00:00,0.81605,0.81605,0.81567,0.81567,67,18,0
2026-08-18 05:15:00,0.81566,0.8159,0.81563,0.81583,64,18,0
2026-08-18 05:30:00,0.81582,0.81583,0.81566,0.81569,66,18,0
2026-08-18 05:45:00,0.81568,0.81576,0.81551,0.81575,64,18,0
2026-08-18 06:00:00,0.81572,0.81573,0.81468,0.8148,185,18,0
2026-08-18 06:15:00,0.81477,0.81505,0.81463,0.81503,113,18,0
2026-08-18 06:30:00,0.81504,0.81527,0.81499,0.81515,134,18,0
2026-08-18 06:45:00,0.81513,0.81531,0.81486,0.81531,128,18,0
2026-08-18 07:00:00,0.81533,0.81533,0.81505,0.81515,157,18,0
2026-08-18 07:15:00,0.81516,0.81524,0.81483,0.81497,148,18,0
2026-08-18 07:30:00,0.81498,0.81501,0.81464,0.81495,133,18,0
2026-08-18 07:45:00,0.81496,0.81497,0.81445,0.81445,97,18,0
2026-08-18 08:00:00,0.81447,0.8146,0.81427,0.81458,147,18,0
2026-08-18 08:15:00,0.81455,0.81465,0.81443,0.81464,88,18,0
2026-08-18 08:30:00,0.81466,0.81509,0.81462,0.81509,98,18,0
2026-08-18 08:45:00,0.81511,0.81511,0.81481,0.815,75,18,0
2026-08-18 09:00:00,0.81499,0.81501,0.81479,0.81491,99,18,0
2026-08-18 09:15:00,0.8149,0.8151,0.81475,0.81508,99,18,0
2026-08-18 09:30:00,0.8151,0.81535,0.81508,0.81517,120,18,0
2026-08-18 09:45:00,0.81515,0.81555,0.81515,0.81555,81,18,0
2026-08-18 10:00:00,0.81553,0.81571,0.81551,0.81558,89,18,0
2026-08-18 10:15:00,0.81557,0.81562,0.81535,0.81551,76,18,0
2026-08-18 10:30:00,0.81549,0.81567,0.81543,0.81552,75,18,0
2026-08-18 10:45:00,0.81551,0.81564,0.8155,0.81563,86,18,0
2026-08-18 11:00:00,0.8156,0.81574,0.81558,0.81568,62,18,0
2026-08-18 11:15:00,0.81565,0.81584,0.81548,0.8155,70,18,0
2026-08-18 11:30:00,0.81549,0.81582,0.81546,0.81579,81,18,0
2026-08-18 11:45:00,0.81578,0.81615,0.81576,0.81615,78,18,0
2026-08-18 12:00:00,0.81613,0.81651,0.81597,0.81651,153,18,0
2026-08-18 12:15:00,0.81649,0.81668,0.81636,0.8164,146,18,0
2026-08-18 12:30:00,0.81642,0.81649,0.81622,0.81634,119,18,0
2026-08-18 12:45:00,0.81635,0.81682,0.81626,0.81673,147,18,0
2026-08-18 13:00:00,0.81671,0.81699,0.81664,0.81669,147,18,0
2026-08-18 13:15:00,0.81668,0.81674,0.81628,0.8164,157,18,0
2026-08-18 13:30:00,0.81637,0.81711,0.81603,0.817,304,18,0
2026-08-18 13:45:00,0.81701,0.81739,0.81665,0.81669,220,18,0
2026-08-18 14:00:00,0.81667,0.81696,0.81663,0.81673,200,18,0
2026-08-18 14:15:00,0.81672,0.81703,0.8167,0.81676,149,18,0
2026-08-18 14:30:00,0.81675,0.81684,0.81653,0.81669,159,18,0
2026-08-18 14:45:00,0.81667,0.81684,0.81627,0.81653,256,18,0
2026-08-18 15:00:00,0.81651,0.81681,0.81635,0.81637,232,18,0
2026-08-18 15:15:00,0.81639,0.81648,0.81622,0.81635,191,18,0
2026-08-18 15:30:00,0.81633,0.81636,0.81614,0.81622,120,18,0
2026-08-18 15:45:00,0.81624,0.81657,0.81624,0.81644,119,18,0
2026-08-18 16:00:00,0.81646,0.81672,0.81646,0.81664,94,18,0
2026-08-18 16:15:00,0.81663,0.81684,0.8166,0.81662,90,18,0
2026-08-18 16:30:00,0.8166,0.81661,0.81631,0.81646,99,18,0
2026-08-18 16:45:00,0.81648,0.81663,0.81643,0.81651,84,18,0
2026-08-18 17:00:00,0.81648,0.81655,0.81625,0.81655,104,18,0
2026-08-18 17:15:00,0.81656,0.81664,0.81645,0.81653,84,18,0
2026-08-18 17:30:00,0.81652,0.81669,0.81645,0.8166,84,18,0
2026-08-18 17:45:00,0.81659,0.81662,0.81645,0.8165,54,18,0
2026-08-18 18:00:00,0.81648,0.81672,0.81642,0.81671,70,18,0
2026-08-18 18:15:00,0.81669,0.81682,0.81656,0.81663,79,18,0
2026-08-18 18:30:00,0.81665,0.8167,0.81654,0.81664,68,18,0
2026-08-18 18:45:00,0.81665,0.81667,0.81634,0.81645,71,18,0
2026-08-18 19:00:00,0.81643,0.81646,0.81605,0.81614,143,18,0
2026-08-18 19:15:00,0.81613,0.81621,0.81601,0.81619,76,18,0
2026-08-18 19:30:00,0.81617,0.81632,0.81614,0.81624,74,18,0
2026-08-18 19:45:00,0.81623,0.81631,0.81606,0.81614,91,18,0
2026-08-18 20:00:00,0.81612,0.81619,0.81597,0.81603,59,18,0
2026-08-18 20:15:00,0.81604,0.81611,0.81597,0.81601,46,18,0
2026-08-18 20:30:00,0.81602,0.81602,0.81588,0.81596,44,18,0
2026-08-18 20:45:00,0.81594,0.8163,0.81594,0.81628,85,11,0
2026-08-18 21:00:00,0.81627,0.81627,0.8162,0.81625,12,18,0
2026-08-18 21:15:00,0.81623,0.81625,0.81586,0.81586,41,24,0
2026-08-18 21:30:00,0.81588,0.81617,0.81588,0.81599,67,29,0
2026-08-18 21:45:00,0.81601,0.81601,0.81559,0.81566,56,41,0
2026-08-18 22:00:00,0.81591,0.81639,0.81591,0.81624,93,13,0
2026-08-18 22:15:00,0.81622,0.81655,0.81622,0.81653,71,13,0
2026-08-18 22:30:00,0.81655,0.81655,0.81638,0.8164,38,13,0
2026-08-18 22:45:00,0.81643,0.8167,0.81643,0.81656,38,13,0
2026-08-18 23:00:00,0.81653,0.81668,0.8165,0.8165,37,18,0
2026-08-18 23:15:00,0.81649,0.81649,0.81623,0.81629,40,18,0
2026-08-18 23:30:00,0.81632,0.81632,0.81604,0.81607,52,18,0
2026-08-18 23:45:00,0.81609,0.81624,0.81601,0.81611,59,18,0
2026-08-19 00:00:00,0.81614,0.8162,0.81586,0.816,160,18,0
2026-08-19 00:15:00,0.81599,0.81599,0.81552,0.81571,108,18,0
2026-08-19 00:30:00,0.81572,0.8158,0.81527,0.81531,108,18,0
2026-08-19 00:45:00,0.81532,0.81532,0.81472,0.81476,182,18,0
2026-08-19 01:00:00,0.81475,0.81558,0.81468,0.8153,168,18,0
2026-08-19 01:15:00,0.81533,0.81549,0.81501,0.81547,148,18,0
2026-08-19 01:30:00,0.8155,0.81582,0.81537,0.81568,125,18,0
2026-08-19 01:45:00,0.81566,0.81601,0.8155,0.81588,102,18,0
2026-08-19 02:00:00,0.81587,0.81594,0.81557,0.81565,107,18,0
2026-08-19 02:15:00,0.81564,0.81564,0.81474,0.81485,264,18,0
2026-08-19 02:30:00,0.81487,0.81502,0.81476,0.815,117,18,0
2026-08-19 02:45:00,0.81497,0.81504,0.81467,0.81485,115,18,0
2026-08-19 03:00:00,0.81484,0.81488,0.81441,0.81447,107,18,0
2026-08-19 03:15:00,0.81448,0.81475,0.81448,0.81467,58,18,0
2026-08-19 03:30:00,0.81468,0.81487,0.81466,0.81477,65,18,0
2026-08-19 03:45:00,0.81478,0.81505,0.81473,0.81502,65,18,0
2026-08-19 04:00:00,0.81504,0.81504,0.81477,0.81495,67,18,0
2026-08-19 04:15:00,0.81496,0.81505,0.81487,0.81501,69,18,0
2026-08-19 04:30:00,0.81502,0.81506,0.81468,0.81472,79,18,0
2026-08-19 04:45:00,0.81471,0.81484,0.81451,0.81484,89,18,0
2026-08-19 05:00:00,0.81482,0.81504,0.81477,0.81477,82,18,0
2026-08-19 05:15:00,0.81476,0.81485,0.81458,0.81476,88,18,0
2026-08-19 05:30:00,0.81474,0.81484,0.81448,0.81458,96,18,0
2026-08-19 05:45:00,0.81456,0.81488,0.81448,0.81476,108,18,0
2026-08-19 06:00:00,0.81472,0.81488,0.81463,0.81467,117,18,0
2026-08-19 06:15:00,0.81466,0.81559,0.81466,0.81554,143,18,0
2026-08-19 06:30:00,0.81552,0.81561,0.81496,0.81513,150,18,0
2026-08-19 06:45:00,0.8151,0.81518,0.81495,0.81512,138,18,0
2026-08-19 07:00:00,0.81511,0.81512,0.8148,0.8148,177,18,0
2026-08-19 07:15:00,0.81482,0.81482,0.81462,0.81475,112,18,0
2026-08-19 07:30:00,0.81472,0.81478,0.81433,0.81436,119,18,0
2026-08-19 07:45:00,0.81435,0.81447,0.8143,0.81443,115,18,0
2026-08-19 08:00:00,0.8144,0.81528,0.81433,0.81526,201,18,0
2026-08-19 08:15:00,0.81528,0.81562,0.81527,0.81562,145,18,0
2026-08-19 08:30:00,0.81563,0.81573,0.81542,0.81569,97,18,0
2026-08-19 08:45:00,0.81566,0.81572,0.81539,0.81544,104,18,0
2026-08-19 09:00:00,0.81542,0.81572,0.8153,0.81541,121,18,0
2026-08-19 09:15:00,0.81538,0.81602,0.81537,0.81591,145,18,0
2026-08-19 09:30:00,0.81593,0.81599,0.8156,0.81565,100,18,0
2026-08-19 09:45:00,0.81564,0.81584,0.81561,0.81583,85,18,0
2026-08-19 10:00:00,0.81586,0.81588,0.81547,0.8157,100,18,0
2026-08-19 10:15:00,0.81568,0.81581,0.81547,0.81563,81,18,0
2026-08-19 10:30:00,0.81564,0.81569,0.81536,0.81558,99,18,0
2026-08-19 10:45:00,0.8156,0.81586,0.81557,0.81567,107,18,0
2026-08-19 11:00:00,0.81568,0.81574,0.81543,0.81572,109,18,0
2026-08-19 11:15:00,0.81573,0.816,0.81573,0.81583,89,18,0
2026-08-19 11:30:00,0.8158,0.81581,0.81519,0.8153,113,18,0
2026-08-19 11:45:00,0.81529,0.81568,0.81526,0.81547,109,18,0
2026-08-19 12:00:00,0.81545,0.81562,0.8154,0.81556,135,18,0
2026-08-19 12:15:00,0.81559,0.81633,0.81559,0.81618,167,18,0
2026-08-19 12:30:00,0.81619,0.81781,0.81619,0.81765,529,18,0
2026-08-19 12:45:00,0.81768,0.81825,0.81748,0.81785,368,18,0
2026-08-19 13:00:00,0.81783,0.819,0.8177,0.81889,392,18,0
2026-08-19 13:15:00,0.81887,0.81894,0.81842,0.81894,327,18,0
2026-08-19 13:30:00,0.81897,0.81941,0.81853,0.8187,381,18,0
2026-08-19 13:45:00,0.81868,0.81913,0.81849,0.81895,411,18,0
2026-08-19 14:00:00,0.81892,0.81914,0.81857,0.81858,392,18,0
2026-08-19 14:15:00,0.81856,0.81872,0.81842,0.81872,307,18,0
2026-08-19 14:30:00,0.81869,0.81961,0.81869,0.81923,302,18,0
2026-08-19 14:45:00,0.81922,0.81947,0.81872,0.81888,329,18,0
2026-08-19 15:00:00,0.8189,0.81926,0.81874,0.81926,297,18,0
2026-08-19 15:15:00,0.81925,0.81958,0.81882,0.81911,267,18,0
2026-08-19 15:30:00,0.81914,0.81959,0.81914,0.81949,227,18,0
2026-08-19 15:45:00,0.81948,0.81957,0.81921,0.8193,194,18,0
2026-08-19 16:00:00,0.81928,0.81965,0.81918,0.81964,156,18,0
2026-08-19 16:15:00,0.81963,0.81966,0.81937,0.81937,142,18,0
2026-08-19 16:30:00,0.81936,0.8194,0.8192,0.81923,124,18,0
2026-08-19 16:45:00,0.81922,0.81949,0.81912,0.81937,131,18,0
2026-08-19 17:00:00,0.81938,0.8196,0.81889,0.81908,179,18,0
2026-08-19 17:15:00,0.81907,0.81922,0.81898,0.81914,101,18,0
2026-08-19 17:30:00,0.81915,0.81922,0.81904,0.81913,102,18,0
2026-08-19 17:45:00,0.81911,0.81928,0.81886,0.81886,129,18,0
2026-08-19 18:00:00,0.81887,0.81943,0.81882,0.81936,307,18,0
2026-08-19 18:15:00,0.81937,0.81938,0.81891,0.81897,143,18,0
2026-08-19 18:30:00,0.81898,0.81967,0.81898,0.81952,131,18,0
2026-08-19 18:45:00,0.81951,0.81982,0.81948,0.81958,133,18,0
2026-08-19 19:00:00,0.81957,0.81978,0.81931,0.81937,188,18,0
2026-08-19 19:15:00,0.81939,0.81987,0.81939,0.81982,97,18,0
2026-08-19 19:30:00,0.81983,0.81993,0.81949,0.81951,109,18,0
2026-08-19 19:45:00,0.81948,0.81949,0.81918,0.81942,153,18,0
2026-08-19 20:00:00,0.8194,0.81949,0.81922,0.81922,76,18,0
2026-08-19 20:15:00,0.81923,0.81941,0.81921,0.81941,39,18,0
2026-08-19 20:30:00,0.81939,0.81943,0.81934,0.81938,65,18,0
2026-08-19 20:45:00,0.8194,0.8195,0.81933,0.81933,50,11,0
2026-08-19 21:00:00,0.81931,0.81931,0.81921,0.81922,14,24,0
2026-08-19 21:15:00,0.81922,0.81926,0.81914,0.81914,20,45,0
2026-08-19 21:30:00,0.8191,0.8191,0.81883,0.81885,41,63,0
2026-08-19 21:45:00,0.81888,0.81925,0.81825,0.81825,59,31,0
2026-08-19 22:00:00,0.81847,0.81956,0.8184,0.81955,85,14,0
2026-08-19 22:15:00,0.81956,0.81959,0.81946,0.81949,22,14,0
2026-08-19 22:30:00,0.81948,0.81964,0.81945,0.81963,41,13,0
2026-08-19 22:45:00,0.8196,0.81967,0.81936,0.81943,47,13,0
2026-08-19 23:00:00,0.81941,0.8196,0.81936,0.81943,63,18,0
2026-08-19 23:15:00,0.81944,0.81989,0.81929,0.81989,68,18,0
2026-08-19 23:30:00,0.81993,0.81998,0.8196,0.8196,40,18,0
2026-08-19 23:45:00,0.81956,0.81967,0.81943,0.81952,63,18,0
2026-08-20 00:00:00,0.81951,0.81972,0.81935,0.8196,177,18,0
2026-08-20 00:15:00,0.81963,0.81974,0.81941,0.81971,147,18,0
2026-08-20 00:30:00,0.81974,0.81985,0.81954,0.81957,105,18,0
2026-08-20 00:45:00,0.81955,0.81969,0.81937,0.81951,139,18,0
2026-08-20 01:00:00,0.81954,0.8197,0.81933,0.81945,154,18,0
2026-08-20 01:15:00,0.81941,0.81998,0.81941,0.81996,181,18,0
2026-08-20 01:30:00,0.81993,0.82039,0.81847,0.81997,424,18,0
2026-08-20 01:45:00,0.81999,0.8207,0.81999,0.82052,209,18,0
2026-08-20 02:00:00,0.8205,0.82111,0.82048,0.82095,172,18,0
2026-08-20 02:15:00,0.82091,0.82093,0.82058,0.82083,142,18,0
2026-08-20 02:30:00,0.82082,0.82115,0.82082,0.8211,100,18,0
2026-08-20 02:45:00,0.82109,0.82127,0.82099,0.82126,98,18,0
2026-08-20 03:00:00,0.82129,0.82164,0.82114,0.82152,120,18,0
2026-08-20 03:15:00,0.82154,0.82158,0.82129,0.82142,107,18,0
2026-08-20 03:30:00,0.8214,0.8214,0.8209,0.82109,92,18,0
2026-08-20 03:45:00,0.82107,0.82135,0.82106,0.82119,65,18,0
2026-08-20 04:00:00,0.8212,0.82153,0.82115,0.82144,104,18,0
2026-08-20 04:15:00,0.82146,0.82155,0.8213,0.82155,77,18,0
2026-08-20 04:30:00,0.82159,0.82165,0.82137,0.82141,80,18,0
2026-08-20 04:45:00,0.8214,0.82146,0.82115,0.82122,71,18,0
2026-08-20 05:00:00,0.82121,0.82141,0.82117,0.82124,86,18,0
2026-08-20 05:15:00,0.82127,0.82153,0.82127,0.82133,96,18,0
2026-08-20 05:30:00,0.82136,0.82149,0.82097,0.82104,97,18,0
2026-08-20 05:45:00,0.82105,0.82125,0.82102,0.82107,86,18,0
2026-08-20 06:00:00,0.82105,0.82144,0.82105,0.82135,152,18,0
2026-08-20 06:15:00,0.82133,0.82136,0.82083,0.82085,147,18,0
2026-08-20 06:30:00,0.82086,0.82098,0.82059,0.82059,109,18,0
2026-08-20 06:45:00,0.82062,0.82096,0.82058,0.82092,170,18,0
2026-08-20 07:00:00,0.82093,0.82097,0.82038,0.82038,156,18,0
2026-08-20 07:15:00,0.8204,0.82064,0.82021,0.82033,186,18,0
2026-08-20 07:30:00,0.82031,0.82066,0.82013,0.82042,217,18,0
2026-08-20 07:45:00,0.8204,0.82049,0.82014,0.82048,190,18,0
2026-08-20 08:00:00,0.82051,0.82057,0.81997,0.82009,187,18,0
2026-08-20 08:15:00,0.82008,0.82015,0.81969,0.81972,133,18,0
2026-08-20 08:30:00,0.81973,0.81986,0.81958,0.81963,171,18,0
2026-08-20 08:45:00,0.81966,0.81982,0.81961,0.81972,114,18,0
2026-08-20 09:00:00,0.81974,0.82018,0.81964,0.82018,140,18,0
2026-08-20 09:15:00,0.82015,0.82051,0.82015,0.82037,159,18,0
2026-08-20 09:30:00,0.82035,0.82041,0.82018,0.8202,141,18,0
2026-08-20 09:45:00,0.82017,0.82022,0.82,0.82012,139,18,0
2026-08-20 10:00:00,0.82009,0.82036,0.81995,0.82026,152,18,0
2026-08-20 10:15:00,0.82027,0.82028,0.81981,0.82006,122,18,0
2026-08-20 10:30:00,0.82007,0.82039,0.82,0.82028,129,18,0
2026-08-20 10:45:00,0.8203,0.82032,0.81959,0.81977,130,18,0
2026-08-20 11:00:00,0.81978,0.81987,0.81899,0.819,171,18,0
2026-08-20 11:15:00,0.81903,0.81932,0.81894,0.81901,142,18,0
2026-08-20 11:30:00,0.81899,0.81938,0.81891,0.81893,154,18,0
2026-08-20 11:45:00,0.81895,0.81898,0.81852,0.81854,233,18,0
2026-08-20 12:00:00,0.81858,0.81864,0.81805,0.81862,293,18,0
2026-08-20 12:15:00,0.81863,0.81945,0.81861,0.81941,219,18,0
2026-08-20 12:30:00,0.81946,0.81988,0.81912,0.81984,268,18,0
2026-08-20 12:45:00,0.81983,0.82018,0.81983,0.82008,182,18,0
2026-08-20 13:00:00,0.8201,0.82053,0.81983,0.81986,254,18,0
2026-08-20 13:15:00,0.81982,0.82025,0.81975,0.82021,221,18,0
2026-08-20 13:30:00,0.82023,0.82043,0.82,0.82023,335,18,0
2026-08-20 13:45:00,0.82022,0.8204,0.81993,0.82013,268,18,0
2026-08-20 14:00:00,0.82014,0.82023,0.81967,0.81999,260,18,0
2026-08-20 14:15:00,0.81997,0.82036,0.81982,0.82031,270,18,0
2026-08-20 14:30:00,0.82033,0.82061,0.82023,0.82045,245,18,0
2026-08-20 14:45:00,0.82042,0.82058,0.81979,0.81991,255,18,0
2026-08-20 15:00:00,0.8199,0.82069,0.81979,0.8199,453,18,0
2026-08-20 15:15:00,0.81988,0.81993,0.81946,0.81978,276,18,0
2026-08-20 15:30:00,0.8198,0.81993,0.81898,0.81905,291,18,0
2026-08-20 15:45:00,0.81904,0.81945,0.81896,0.81945,223,18,0
2026-08-20 16:00:00,0.81946,0.81955,0.81915,0.81915,145,18,0
2026-08-20 16:15:00,0.81916,0.81933,0.81908,0.81912,129,18,0
2026-08-20 16:30:00,0.81911,0.81948,0.81905,0.81945,145,18,0
2026-08-20 16:45:00,0.81946,0.81951,0.81916,0.81927,112,18,0
2026-08-20 17:00:00,0.81925,0.81936,0.81908,0.81912,91,18,0
2026-08-20 17:15:00,0.8191,0.81913,0.81897,0.81904,97,18,0
2026-08-20 17:30:00,0.81903,0.81904,0.81885,0.81897,80,18,0
2026-08-20 17:45:00,0.81896,0.81914,0.81896,0.81907,77,18,0
2026-08-20 18:00:00,0.81909,0.8191,0.81878,0.8188,116,18,0
2026-08-20 18:15:00,0.81879,0.81886,0.81861,0.81867,89,18,0
2026-08-20 18:30:00,0.81868,0.81894,0.81866,0.81881,66,18,0
2026-08-20 18:45:00,0.8188,0.81907,0.8188,0.81907,99,18,0
2026-08-20 19:00:00,0.81905,0.81927,0.81894,0.81924,82,18,0
2026-08-20 19:15:00,0.81926,0.81932,0.81912,0.81918,82,18,0
2026-08-20 19:30:00,0.8192,0.81935,0.81918,0.81933,74,18,0
2026-08-20 19:45:00,0.81934,0.8195,0.8192,0.8195,111,18,0
2026-08-20 20:00:00,0.81949,0.8195,0.81929,0.81932,84,18,0
2026-08-20 20:15:00,0.81933,0.81938,0.81923,0.81923,44,18,0
2026-08-20 20:30:00,0.81925,0.81932,0.81924,0.81927,36,18,0
2026-08-20 20:45:00,0.81931,0.81948,0.81926,0.81945,54,11,0
2026-08-20 21:00:00,0.81947,0.81948,0.81924,0.81931,23,11,0
2026-08-20 21:15:00,0.8193,0.81934,0.81915,0.81924,35,29,0
2026-08-20 21:30:00,0.81927,0.81932,0.81907,0.81915,62,28,0
2026-08-20 21:45:00,0.81915,0.81923,0.81895,0.81923,56,33,0
2026-08-20 22:00:00,0.81921,0.81955,0.81921,0.81935,79,13,0
2026-08-20 22:15:00,0.81933,0.81947,0.81933,0.81945,30,13,0
2026-08-20 22:30:00,0.81946,0.81955,0.81943,0.81943,20,13,0
2026-08-20 22:45:00,0.81945,0.81962,0.81942,0.81962,22,13,0
2026-08-20 23:00:00,0.8196,0.81974,0.8195,0.81953,44,18,0
2026-08-20 23:15:00,0.81956,0.81979,0.81956,0.81977,28,18,0
2026-08-20 23:30:00,0.81976,0.81993,0.81976,0.81993,33,18,0
2026-08-20 23:45:00,0.81994,0.82034,0.81993,0.82031,59,18,0
2026-08-21 00:00:00,0.82029,0.8206,0.82009,0.8205,134,18,0
2026-08-21 00:15:00,0.82048,0.82076,0.82043,0.82065,102,18,0
2026-08-21 00:30:00,0.82062,0.82084,0.82046,0.82056,114,18,0
2026-08-21 00:45:00,0.82057,0.82082,0.82048,0.82051,131,18,0
2026-08-21 01:00:00,0.82049,0.821,0.82049,0.82096,170,18,0
2026-08-21 01:15:00,0.82094,0.8215,0.82083,0.8214,143,18,0
2026-08-21 01:30:00,0.82137,0.82166,0.8213,0.82152,143,18,0
2026-08-21 01:45:00,0.82151,0.82176,0.82151,0.82172,107,18,0
2026-08-21 02:00:00,0.82171,0.82201,0.82171,0.82196,101,18,0
2026-08-21 02:15:00,0.82195,0.82225,0.82186,0.8221,106,18,0
2026-08-21 02:30:00,0.82214,0.82224,0.82176,0.82179,93,18,0
2026-08-21 02:45:00,0.82182,0.82188,0.82152,0.82157,98,18,0
2026-08-21 03:00:00,0.82159,0.82159,0.8212,0.82122,78,18,0
2026-08-21 03:15:00,0.82119,0.8214,0.82112,0.82113,75,18,0
2026-08-21 03:30:00,0.82115,0.8214,0.82107,0.82139,65,18,0
2026-08-21 03:45:00,0.8214,0.82159,0.82138,0.82156,79,18,0
2026-08-21 04:00:00,0.82157,0.82159,0.82143,0.82143,51,18,0
2026-08-21 04:15:00,0.8214,0.82158,0.82135,0.82138,54,18,0
2026-08-21 04:30:00,0.82136,0.82139,0.82124,0.82139,43,18,0
2026-08-21 04:45:00,0.8214,0.82149,0.82119,0.8213,63,18,0
2026-08-21 05:00:00,0.82131,0.82133,0.82108,0.8211,56,18,0
2026-08-21 05:15:00,0.82109,0.82115,0.82095,0.82098,58,18,0
2026-08-21 05:30:00,0.82096,0.82122,0.82095,0.82113,89,18,0
2026-08-21 05:45:00,0.82112,0.82163,0.821,0.82153,127,18,0
2026-08-21 06:00:00,0.82152,0.82166,0.82139,0.82165,106,18,0
2026-08-21 06:15:00,0.82164,0.82171,0.82147,0.8216,104,18,0
2026-08-21 06:30:00,0.82162,0.82189,0.8214,0.82143,114,18,0
2026-08-21 06:45:00,0.82145,0.82151,0.82133,0.82139,107,18,0
2026-08-21 07:00:00,0.8214,0.82149,0.82105,0.82137,140,18,0
2026-08-21 07:15:00,0.82138,0.82163,0.82128,0.82146,141,18,0
2026-08-21 07:30:00,0.82144,0.82162,0.82116,0.82119,174,18,0
2026-08-21 07:45:00,0.82121,0.82133,0.82092,0.82097,152,18,0
2026-08-21 08:00:00,0.82096,0.82096,0.82041,0.82067,143,18,0
2026-08-21 08:15:00,0.82068,0.82157,0.82068,0.82157,170,18,0
2026-08-21 08:30:00,0.82159,0.82196,0.82146,0.82189,159,18,0
2026-08-21 08:45:00,0.82188,0.82188,0.82147,0.82174,151,18,0
2026-08-21 09:00:00,0.82176,0.82235,0.82171,0.82233,191,18,0
2026-08-21 09:15:00,0.82235,0.82235,0.82151,0.82169,152,18,0
2026-08-21 09:30:00,0.8217,0.82209,0.8217,0.82188,116,18,0
2026-08-21 09:45:00,0.82187,0.82194,0.82173,0.82175,106,18,0
2026-08-21 10:00:00,0.82176,0.82189,0.8215,0.82157,143,18,0
2026-08-21 10:15:00,0.8216,0.82189,0.82158,0.82186,116,18,0
2026-08-21 10:30:00,0.82187,0.8219,0.8215,0.8215,105,18,0
2026-08-21 10:45:00,0.82147,0.82154,0.82115,0.82131,126,18,0
2026-08-21 11:00:00,0.82128,0.82132,0.82109,0.82124,123,18,0
2026-08-21 11:15:00,0.82125,0.82208,0.82125,0.82207,237,18,0
2026-08-21 11:30:00,0.82208,0.82218,0.82169,0.82171,219,18,0
2026-08-21 11:45:00,0.8217,0.82186,0.82149,0.82186,158,18,0
2026-08-21 12:00:00,0.82185,0.82248,0.82171,0.82238,229,18,0
2026-08-21 12:15:00,0.82235,0.82251,0.82208,0.8225,174,18,0
2026-08-21 12:30:00,0.82253,0.82253,0.82186,0.82221,225,18,0
2026-08-21 12:45:00,0.8222,0.82229,0.82196,0.82223,167,18,0
2026-08-21 13:00:00,0.82225,0.82232,0.82196,0.82216,202,18,0
2026-08-21 13:15:00,0.82218,0.82218,0.82164,0.82181,205,18,0
2026-08-21 13:30:00,0.82182,0.82197,0.82141,0.82197,259,18,0
2026-08-21 13:45:00,0.82194,0.82261,0.82184,0.82248,236,18,0
2026-08-21 14:00:00,0.82247,0.82251,0.82219,0.82239,223,18,0
2026-08-21 14:15:00,0.8224,0.8225,0.82218,0.8224,182,18,0
2026-08-21 14:30:00,0.82238,0.82241,0.82194,0.82225,279,18,0
2026-08-21 14:45:00,0.82227,0.8225,0.82216,0.8223,277,18,0
2026-08-21 15:00:00,0.82229,0.82268,0.82226,0.82244,225,18,0
2026-08-21 15:15:00,0.82245,0.82272,0.82242,0.82269,194,18,0
2026-08-21 15:30:00,0.82271,0.82332,0.82267,0.82332,202,18,0
2026-08-21 15:45:00,0.82334,0.82356,0.82328,0.82337,113,18,0
2026-08-21 16:00:00,0.82339,0.82349,0.82312,0.8233,137,18,0
2026-08-21 16:15:00,0.82328,0.82346,0.82305,0.82335,185,18,0
2026-08-21 16:30:00,0.82336,0.82338,0.82312,0.82326,108,18,0
2026-08-21 16:45:00,0.82327,0.82331,0.82315,0.82321,100,18,0
2026-08-21 17:00:00,0.8232,0.82326,0.82307,0.82312,102,18,0
2026-08-21 17:15:00,0.82314,0.82317,0.8229,0.82292,85,18,0
2026-08-21 17:30:00,0.8229,0.82299,0.82284,0.82291,70,18,0
2026-08-21 17:45:00,0.82292,0.82316,0.8229,0.82315,66,18,0
2026-08-21 18:00:00,0.82313,0.82341,0.82313,0.82334,69,18,0
2026-08-21 18:15:00,0.82332,0.82341,0.82328,0.82332,58,18,0
2026-08-21 18:30:00,0.8233,0.82349,0.82319,0.82341,68,18,0
2026-08-21 18:45:00,0.82343,0.82344,0.8233,0.8233,57,18,0
2026-08-21 19:00:00,0.82333,0.82335,0.82312,0.82319,59,18,0
2026-08-21 19:15:00,0.82322,0.82322,0.8231,0.82317,66,18,0
2026-08-21 19:30:00,0.82319,0.82319,0.82301,0.82303,47,18,0
2026-08-21 19:45:00,0.82305,0.82319,0.82302,0.82319,60,18,0
2026-08-21 20:00:00,0.82316,0.82321,0.82301,0.82304,52,18,0
2026-08-21 20:15:00,0.82305,0.8231,0.8229,0.82306,49,18,0
2026-08-21 20:30:00,0.82304,0.82304,0.82276,0.82276,49,18,0
2026-08-21 20:45:00,0.82273,0.82311,0.82269,0.82301,141,18,0
2026-08-23 21:00:00,0.82415,0.82427,0.82415,0.82424,6,111,0
2026-08-23 21:15:00,0.82427,0.82487,0.82415,0.82481,45,60,0
2026-08-23 21:30:00,0.82445,0.8252,0.82372,0.82405,174,60,0
2026-08-23 21:45:00,0.82399,0.82445,0.82343,0.82403,279,60,0
2026-08-23 22:00:00,0.82425,0.82481,0.82368,0.82425,294,18,0
2026-08-23 22:15:00,0.82423,0.82443,0.82418,0.82428,64,18,0
2026-08-23 22:30:00,0.82425,0.82427,0.82399,0.82411,100,18,0
2026-08-23 22:45:00,0.8241,0.8241,0.8237,0.82377,56,18,0
2026-08-23 23:00:00,0.82376,0.82376,0.82336,0.82338,52,18,0
2026-08-23 23:15:00,0.8234,0.82354,0.8232,0.82352,64,18,0
2026-08-23 23:30:00,0.82353,0.82395,0.82353,0.8237,70,18,0
2026-08-23 23:45:00,0.82371,0.82423,0.82369,0.82423,81,18,0
2026-08-24 00:00:00,0.82422,0.8245,0.82419,0.82445,209,18,0
2026-08-24 00:15:00,0.82442,0.82446,0.82393,0.82395,157,18,0
2026-08-24 00:30:00,0.82396,0.82434,0.82386,0.82434,133,18,0
2026-08-24 00:45:00,0.82435,0.82465,0.82435,0.82463,123,18,0
2026-08-24 01:00:00,0.82464,0.82474,0.82421,0.82428,193,18,0
2026-08-24 01:15:00,0.82425,0.82426,0.82388,0.82401,188,18,0
2026-08-24 01:30:00,0.824,0.82441,0.82384,0.82427,118,18,0
2026-08-24 01:45:00,0.82426,0.82433,0.82405,0.82415,114,18,0
2026-08-24 02:00:00,0.82414,0.82428,0.82384,0.82427,149,18,0
2026-08-24 02:15:00,0.82429,0.82436,0.82407,0.82414,91,18,0
2026-08-24 02:30:00,0.82413,0.82421,0.82404,0.8242,84,18,0
2026-08-24 02:45:00,0.82417,0.82417,0.8239,0.824,109,18,0
2026-08-24 03:00:00,0.82399,0.82406,0.82341,0.82356,96,18,0
2026-08-24 03:15:00,0.82358,0.82365,0.8234,0.82351,75,18,0
2026-08-24 03:30:00,0.8235,0.82364,0.82348,0.82353,49,18,0
2026-08-24 03:45:00,0.82354,0.82375,0.82349,0.82375,76,18,0
2026-08-24 04:00:00,0.82374,0.82406,0.82373,0.824,104,18,0
2026-08-24 04:15:00,0.82402,0.82418,0.82392,0.82417,106,18,0
2026-08-24 04:30:00,0.82415,0.82416,0.82393,0.82397,82,18,0
2026-08-24 04:45:00,0.82396,0.82414,0.82389,0.82411,68,18,0
2026-08-24 05:00:00,0.82413,0.82427,0.82408,0.8241,64,18,0
2026-08-24 05:15:00,0.82412,0.82413,0.82391,0.82407,70,18,0
2026-08-24 05:30:00,0.82409,0.82409,0.82378,0.8239,89,18,0
2026-08-24 05:45:00,0.82392,0.82426,0.8239,0.82426,98,18,0
2026-08-24 06:00:00,0.82429,0.82515,0.82429,0.82505,174,18,0
2026-08-24 06:15:00,0.82504,0.82516,0.82492,0.825,148,18,0
2026-08-24 06:30:00,0.82502,0.82536,0.82494,0.8252,129,18,0
2026-08-24 06:45:00,0.82523,0.82569,0.82506,0.82547,169,18,0
2026-08-24 07:00:00,0.82545,0.8258,0.82537,0.82573,197,18,0
2026-08-24 07:15:00,0.82574,0.82577,0.82551,0.82556,168,18,0
2026-08-24 07:30:00,0.82557,0.82557,0.82531,0.82531,180,18,0
2026-08-24 07:45:00,0.82532,0.82591,0.82529,0.82577,175,18,0
2026-08-24 08:00:00,0.82576,0.82592,0.82549,0.82549,211,18,0
2026-08-24 08:15:00,0.82548,0.82567,0.8252,0.82525,164,18,0
2026-08-24 08:30:00,0.82524,0.82571,0.82518,0.82571,106,18,0
2026-08-24 08:45:00,0.82574,0.826,0.82557,0.82577,119,18,0
2026-08-24 09:00:00,0.82575,0.82598,0.82566,0.82577,121,18,0
2026-08-24 09:15:00,0.82579,0.82579,0.82551,0.82561,105,18,0
2026-08-24 09:30:00,0.82562,0.82568,0.8255,0.82556,76,18,0
2026-08-24 09:45:00,0.82558,0.82571,0.8255,0.82562,102,18,0
2026-08-24 10:00:00,0.82564,0.8257,0.82548,0.82552,117,18,0
2026-08-24 10:15:00,0.82555,0.82568,0.82553,0.82557,86,18,0
2026-08-24 10:30:00,0.8256,0.82567,0.82545,0.8255,93,18,0
2026-08-24 10:45:00,0.82552,0.82552,0.82509,0.82509,152,18,0
2026-08-24 11:00:00,0.82508,0.82514,0.82496,0.82505,134,18,0
2026-08-24 11:15:00,0.82507,0.82537,0.82497,0.82506,146,18,0
2026-08-24 11:30:00,0.82503,0.82593,0.82501,0.82556,350,18,0
2026-08-24 11:45:00,0.82555,0.82565,0.82537,0.82553,166,18,0
2026-08-24 12:00:00,0.82551,0.82554,0.82525,0.82543,160,18,0
2026-08-24 12:15:00,0.82542,0.82591,0.82527,0.8258,174,18,0
2026-08-24 12:30:00,0.82578,0.82582,0.82528,0.82529,277,18,0
2026-08-24 12:45:00,0.82528,0.82553,0.8251,0.82513,155,18,0
2026-08-24 13:00:00,0.82515,0.82525,0.82504,0.82509,182,18,0
2026-08-24 13:15:00,0.82507,0.82527,0.82502,0.82505,169,18,0
2026-08-24 13:30:00,0.82503,0.82527,0.82496,0.82515,298,18,0
2026-08-24 13:45:00,0.82514,0.82524,0.82486,0.82498,242,18,0
2026-08-24 14:00:00,0.825,0.8252,0.82491,0.82498,219,18,0
2026-08-24 14:15:00,0.82497,0.82506,0.82465,0.82483,187,18,0
2026-08-24 14:30:00,0.82485,0.82485,0.82455,0.82459,172,18,0
2026-08-24 14:45:00,0.82461,0.82485,0.82449,0.82451,235,18,0
2026-08-24 15:00:00,0.8245,0.82469,0.82431,0.82431,190,18,0
2026-08-24 15:15:00,0.82433,0.82473,0.82409,0.82463,229,18,0
2026-08-24 15:30:00,0.82465,0.82466,0.82436,0.82451,202,18,0
2026-08-24 15:45:00,0.82452,0.8246,0.8242,0.82423,160,18,0
2026-08-24 16:00:00,0.82424,0.8247,0.82421,0.82445,205,18,0
2026-08-24 16:15:00,0.82447,0.82479,0.82446,0.82472,105,18,0
2026-08-24 16:30:00,0.82473,0.82476,0.82454,0.82462,75,18,0
2026-08-24 16:45:00,0.82464,0.82491,0.82462,0.82488,106,18,0
2026-08-24 17:00:00,0.82491,0.82522,0.82484,0.82521,174,18,0
2026-08-24 17:15:00,0.82518,0.82522,0.8248,0.82489,178,18,0
2026-08-24 17:30:00,0.82492,0.82497,0.82482,0.82484,84,18,0
2026-08-24 17:45:00,0.82483,0.82491,0.82465,0.82489,95,18,0
2026-08-24 18:00:00,0.82486,0.82511,0.82483,0.82511,100,18,0
2026-08-24 18:15:00,0.82508,0.82523,0.82505,0.82519,101,18,0
2026-08-24 18:30:00,0.8252,0.82522,0.82498,0.82502,79,18,0
2026-08-24 18:45:00,0.82499,0.82502,0.82483,0.82488,103,18,0
2026-08-24 19:00:00,0.82486,0.82486,0.82471,0.82476,71,18,0
2026-08-24 19:15:00,0.82475,0.82475,0.82466,0.82466,57,18,0
2026-08-24 19:30:00,0.82467,0.82472,0.82463,0.82468,62,18,0
2026-08-24 19:45:00,0.82467,0.82474,0.82465,0.82472,83,18,0
2026-08-24 20:00:00,0.8247,0.82503,0.82466,0.82491,75,18,0
2026-08-24 20:15:00,0.8249,0.8249,0.82476,0.82483,30,18,0
2026-08-24 20:30:00,0.82485,0.82492,0.82481,0.82482,38,18,0
2026-08-24 20:45:00,0.8248,0.825,0.82479,0.82482,62,11,0
2026-08-24 21:00:00,0.82481,0.82482,0.82473,0.82473,12,18,0
2026-08-24 21:15:00,0.8247,0.82474,0.82467,0.82473,19,34,0
2026-08-24 21:30:00,0.82476,0.82476,0.82443,0.82458,70,25,0
2026-08-24 21:45:00,0.82461,0.82479,0.82456,0.82471,55,26,0
2026-08-24 22:00:00,0.82486,0.82518,0.82482,0.825,86,13,0
2026-08-24 22:15:00,0.82499,0.82499,0.82479,0.82492,28,13,0
2026-08-24 22:30:00,0.82493,0.82508,0.82493,0.82507,27,13,0
2026-08-24 22:45:00,0.82511,0.82514,0.82504,0.82507,14,13,0
2026-08-24 23:00:00,0.82506,0.82515,0.82503,0.82514,29,18,0
2026-08-24 23:15:00,0.82515,0.82516,0.82501,0.82512,29,18,0
2026-08-24 23:30:00,0.82514,0.82527,0.82508,0.82524,26,18,0
2026-08-24 23:45:00,0.82528,0.82566,0.82528,0.82552,70,18,0
2026-08-25 00:00:00,0.82553,0.8259,0.82553,0.82579,136,18,0
2026-08-25 00:15:00,0.82577,0.82577,0.8256,0.82571,76,18,0
2026-08-25 00:30:00,0.82572,0.82577,0.8256,0.8257,77,18,0
2026-08-25 00:45:00,0.82569,0.82571,0.82543,0.82569,86,18,0
2026-08-25 01:00:00,0.82568,0.82568,0.82515,0.82542,129,18,0
2026-08-25 01:15:00,0.8254,0.82549,0.82515,0.82532,110,18,0
2026-08-25 01:30:00,0.82533,0.8255,0.8252,0.82536,110,18,0
2026-08-25 01:45:00,0.82537,0.82546,0.82528,0.82543,78,18,0
2026-08-25 02:00:00,0.82546,0.8256,0.82525,0.82545,95,18,0
2026-08-25 02:15:00,0.82543,0.82584,0.8254,0.82584,72,18,0
2026-08-25 02:30:00,0.82585,0.82592,0.8257,0.82572,107,18,0
2026-08-25 02:45:00,0.82571,0.82577,0.82559,0.82566,102,18,0
2026-08-25 03:00:00,0.82567,0.82578,0.82543,0.82575,107,18,0
2026-08-25 03:15:00,0.82576,0.826,0.82575,0.82598,54,18,0
2026-08-25 03:30:00,0.82596,0.82605,0.82574,0.8259,69,18,0
2026-08-25 03:45:00,0.82587,0.82587,0.82549,0.82549,61,18,0
2026-08-25 04:00:00,0.8255,0.82572,0.82545,0.82572,69,18,0
2026-08-25 04:15:00,0.82571,0.82571,0.82558,0.82564,53,18,0
2026-08-25 04:30:00,0.82563,0.82574,0.82553,0.82563,58,18,0
2026-08-25 04:45:00,0.82562,0.82563,0.82543,0.82545,53,18,0
2026-08-25 05:00:00,0.82543,0.82557,0.82542,0.82552,48,18,0
2026-08-25 05:15:00,0.82554,0.8256,0.82538,0.82548,51,18,0
2026-08-25 05:30:00,0.82546,0.82548,0.82518,0.82519,70,18,0
2026-08-25 05:45:00,0.82518,0.82533,0.82506,0.82506,79,18,0
2026-08-25 06:00:00,0.82507,0.82536,0.82507,0.82525,125,18,0
2026-08-25 06:15:00,0.82522,0.82544,0.82518,0.8254,82,18,0
2026-08-25 06:30:00,0.82539,0.82544,0.82506,0.82519,103,18,0
2026-08-25 06:45:00,0.82517,0.82524,0.82505,0.82524,101,18,0
2026-08-25 07:00:00,0.82525,0.82527,0.825,0.825,136,18,0
2026-08-25 07:15:00,0.82502,0.82518,0.82498,0.82505,117,18,0
2026-08-25 07:30:00,0.82503,0.8251,0.82479,0.82486,107,18,0
2026-08-25 07:45:00,0.82489,0.82497,0.8247,0.8247,105,18,0
2026-08-25 08:00:00,0.82474,0.82479,0.82424,0.82429,137,18,0
2026-08-25 08:15:00,0.82432,0.82553,0.82432,0.82511,257,18,0
2026-08-25 08:30:00,0.82513,0.82517,0.82493,0.82508,148,18,0
2026-08-25 08:45:00,0.8251,0.82521,0.82494,0.8252,136,18,0
2026-08-25 09:00:00,0.82519,0.82573,0.82514,0.82561,169,18,0
2026-08-25 09:15:00,0.8256,0.82563,0.82529,0.8253,116,18,0
2026-08-25 09:30:00,0.82532,0.82588,0.82527,0.82553,225,18,0
2026-08-25 09:45:00,0.82554,0.82611,0.82553,0.82583,151,18,0
2026-08-25 10:00:00,0.82582,0.82584,0.82567,0.82581,115,18,0
2026-08-25 10:15:00,0.82582,0.82592,0.82577,0.8258,81,18,0
2026-08-25 10:30:00,0.82582,0.82604,0.82576,0.82594,91,18,0
2026-08-25 10:45:00,0.82591,0.82626,0.82589,0.82622,93,18,0
2026-08-25 11:00:00,0.8262,0.82639,0.82611,0.82634,168,18,0
2026-08-25 11:15:00,0.82633,0.82639,0.82614,0.82636,129,18,0
2026-08-25 11:30:00,0.82633,0.82659,0.82629,0.82646,110,18,0
2026-08-25 11:45:00,0.82648,0.82697,0.82648,0.8267,129,18,0
2026-08-25 12:00:00,0.82674,0.82675,0.82647,0.82662,185,18,0
2026-08-25 12:15:00,0.82661,0.82671,0.82639,0.82664,152,18,0
2026-08-25 12:30:00,0.82665,0.82666,0.82604,0.82606,127,18,0
2026-08-25 12:45:00,0.82607,0.82632,0.82594,0.82615,138,18,0
2026-08-25 13:00:00,0.82612,0.82631,0.826,0.82621,250,18,0
2026-08-25 13:15:00,0.8262,0.82625,0.82578,0.82591,159,18,0
2026-08-25 13:30:00,0.82594,0.82602,0.82574,0.82583,230,18,0
2026-08-25 13:45:00,0.82584,0.82584,0.82537,0.82539,175,18,0
2026-08-25 14:00:00,0.82537,0.8254,0.82501,0.82534,204,18,0
2026-08-25 14:15:00,0.82535,0.82572,0.82535,0.82569,175,18,0
2026-08-25 14:30:00,0.82567,0.82574,0.82529,0.82559,253,18,0
2026-08-25 14:45:00,0.82557,0.82585,0.82555,0.82569,229,18,0
2026-08-25 15:00:00,0.82567,0.82608,0.82557,0.82591,156,18,0
2026-08-25 15:15:00,0.82592,0.82617,0.82581,0.8259,120,18,0
2026-08-25 15:30:00,0.82589,0.82641,0.82589,0.82625,214,18,0
2026-08-25 15:45:00,0.82628,0.82629,0.82582,0.82594,146,18,0
2026-08-25 16:00:00,0.82592,0.82596,0.82557,0.82567,131,18,0
2026-08-25 16:15:00,0.82565,0.82597,0.82564,0.82595,98,18,0
2026-08-25 16:30:00,0.82598,0.82604,0.82591,0.826,79,18,0
2026-08-25 16:45:00,0.82599,0.82601,0.82577,0.82593,84,18,0
2026-08-25 17:00:00,0.82592,0.82592,0.82569,0.82571,95,18,0
2026-08-25 17:15:00,0.82569,0.82584,0.82565,0.82578,80,18,0
2026-08-25 17:30:00,0.8258,0.82593,0.82576,0.82591,89,18,0
2026-08-25 17:45:00,0.8259,0.82618,0.82589,0.82616,75,18,0
2026-08-25 18:00:00,0.82613,0.82613,0.82591,0.82608,80,18,0
2026-08-25 18:15:00,0.82606,0.8261,0.82587,0.82597,61,18,0
2026-08-25 18:30:00,0.82598,0.82601,0.8259,0.82599,43,18,0
2026-08-25 18:45:00,0.82597,0.82605,0.82591,0.82594,64,18,0
2026-08-25 19:00:00,0.82589,0.82611,0.82581,0.82608,80,18,0
2026-08-25 19:15:00,0.82609,0.82626,0.82607,0.82608,75,18,0
2026-08-25 19:30:00,0.82607,0.82636,0.82607,0.82634,56,18,0
2026-08-25 19:45:00,0.82636,0.82694,0.82628,0.82687,144,18,0
2026-08-25 20:00:00,0.82689,0.82719,0.82677,0.82711,112,18,0
2026-08-25 20:15:00,0.8271,0.82716,0.82694,0.82704,73,18,0
2026-08-25 20:30:00,0.82706,0.82713,0.82677,0.82687,69,18,0
2026-08-25 20:45:00,0.82684,0.82745,0.82684,0.8272,112,11,0
2026-08-25 21:00:00,0.82718,0.82718,0.82707,0.82707,5,17,0
2026-08-25 21:15:00,0.82704,0.82704,0.8265,0.82684,46,32,0
2026-08-25 21:30:00,0.82682,0.82692,0.82659,0.82659,67,49,0
2026-08-25 21:45:00,0.82656,0.8268,0.82621,0.82671,111,57,0
2026-08-25 22:00:00,0.82698,0.82703,0.82659,0.82674,90,14,0
2026-08-25 22:15:00,0.82673,0.82693,0.82664,0.82683,73,13,0
2026-08-25 22:30:00,0.82684,0.82694,0.82682,0.82685,28,13,0
2026-08-25 22:45:00,0.82687,0.82699,0.82686,0.82697,42,13,0
2026-08-25 23:00:00,0.82693,0.82695,0.82682,0.82686,28,18,0
2026-08-25 23:15:00,0.82689,0.82698,0.82687,0.82691,25,18,0
2026-08-25 23:30:00,0.82692,0.82692,0.82668,0.82673,22,18,0
2026-08-25 23:45:00,0.82675,0.82685,0.82666,0.82667,53,18,0
2026-08-26 00:00:00,0.82665,0.82702,0.82651,0.82701,117,18,0
2026-08-26 00:15:00,0.82699,0.82703,0.82688,0.8269,72,18,0
2026-08-26 00:30:00,0.82692,0.82713,0.82676,0.8271,86,18,0
2026-08-26 00:45:00,0.82712,0.82719,0.82691,0.82698,111,18,0
2026-08-26 01:00:00,0.82699,0.82728,0.82699,0.8271,107,18,0
2026-08-26 01:15:00,0.82712,0.8272,0.82695,0.82701,101,18,0
2026-08-26 01:30:00,0.82704,0.82716,0.82557,0.82592,372,18,0
2026-08-26 01:45:00,0.8259,0.8259,0.82479,0.8255,327,18,0
2026-08-26 02:00:00,0.82548,0.8258,0.82532,0.8258,185,18,0
2026-08-26 02:15:00,0.82582,0.8262,0.82565,0.8262,165,18,0
2026-08-26 02:30:00,0.82619,0.82634,0.82583,0.82625,136,18,0
2026-08-26 02:45:00,0.82626,0.82626,0.82574,0.82575,96,18,0
2026-08-26 03:00:00,0.82573,0.82586,0.82544,0.82555,114,18,0
2026-08-26 03:15:00,0.82551,0.82578,0.82548,0.82573,92,18,0
2026-08-26 03:30:00,0.82572,0.82583,0.82555,0.82556,80,18,0
2026-08-26 03:45:00,0.82557,0.82565,0.82522,0.82546,92,18,0
2026-08-26 04:00:00,0.82547,0.82558,0.82541,0.82545,58,18,0
2026-08-26 04:15:00,0.82544,0.82554,0.82534,0.8255,64,18,0
2026-08-26 04:30:00,0.82549,0.82558,0.82537,0.82547,54,18,0
2026-08-26 04:45:00,0.82545,0.82548,0.82518,0.82532,73,18,0
2026-08-26 05:00:00,0.82536,0.82557,0.82536,0.82539,74,18,0
2026-08-26 05:15:00,0.82541,0.82547,0.82521,0.82534,69,18,0
2026-08-26 05:30:00,0.82533,0.82562,0.82531,0.82537,87,18,0
2026-08-26 05:45:00,0.82539,0.8255,0.82524,0.82531,104,18,0
2026-08-26 06:00:00,0.82532,0.82535,0.82462,0.82462,136,18,0
2026-08-26 06:15:00,0.8246,0.82479,0.82423,0.82423,189,18,0
2026-08-26 06:30:00,0.82424,0.82447,0.82408,0.82442,143,18,0
2026-08-26 06:45:00,0.8244,0.82441,0.82411,0.82434,105,18,0
2026-08-26 07:00:00,0.82436,0.82501,0.82421,0.82492,168,18,0
2026-08-26 07:15:00,0.8249,0.82495,0.82459,0.82459,106,18,0
2026-08-26 07:30:00,0.82461,0.82491,0.82448,0.82474,96,18,0
2026-08-26 07:45:00,0.82473,0.82544,0.82473,0.82544,107,18,0
2026-08-26 08:00:00,0.82543,0.82583,0.82536,0.82583,128,18,0
2026-08-26 08:15:00,0.8258,0.82594,0.82556,0.82586,136,18,0
2026-08-26 08:30:00,0.82587,0.82599,0.82564,0.82568,121,18,0
2026-08-26 08:45:00,0.82569,0.82599,0.82568,0.82575,94,18,0
2026-08-26 09:00:00,0.82576,0.82586,0.82561,0.82583,113,18,0
2026-08-26 09:15:00,0.82585,0.82588,0.82537,0.82549,101,18,0
2026-08-26 09:30:00,0.8255,0.82571,0.82549,0.82571,79,18,0
2026-08-26 09:45:00,0.82572,0.82583,0.82556,0.82566,82,18,0
2026-08-26 10:00:00,0.82565,0.82574,0.82556,0.82566,51,18,0
2026-08-26 10:15:00,0.82568,0.82576,0.82557,0.82558,73,18,0
2026-08-26 10:30:00,0.8256,0.82581,0.8255,0.82563,71,18,0
2026-08-26 10:45:00,0.82561,0.82566,0.82547,0.82554,61,18,0
2026-08-26 11:00:00,0.82555,0.82571,0.82542,0.82554,117,18,0
2026-08-26 11:15:00,0.82556,0.82567,0.82537,0.82554,114,18,0
2026-08-26 11:30:00,0.82553,0.82566,0.82547,0.82554,111,18,0
2026-08-26 11:45:00,0.82556,0.8257,0.8255,0.82565,108,18,0
2026-08-26 12:00:00,0.82568,0.82606,0.82568,0.82598,138,18,0
2026-08-26 12:15:00,0.82597,0.82617,0.82591,0.82599,139,18,0
2026-08-26 12:30:00,0.82596,0.82605,0.82498,0.82511,435,18,0
2026-08-26 12:45:00,0.82513,0.82517,0.82454,0.82472,288,18,0
2026-08-26 13:00:00,0.8247,0.82494,0.82452,0.82471,261,18,0
2026-08-26 13:15:00,0.82469,0.82494,0.82449,0.82492,189,18,0
2026-08-26 13:30:00,0.82494,0.82518,0.82455,0.82474,265,18,0
2026-08-26 13:45:00,0.82473,0.82488,0.82445,0.82448,220,18,0
2026-08-26 14:00:00,0.82449,0.82458,0.82422,0.8245,225,18,0
2026-08-26 14:15:00,0.82449,0.82455,0.82416,0.82429,203,18,0
2026-08-26 14:30:00,0.82426,0.8246,0.8242,0.82434,195,18,0
2026-08-26 14:45:00,0.82437,0.82452,0.82409,0.8241,192,18,0
2026-08-26 15:00:00,0.82408,0.82443,0.82407,0.82423,184,18,0
2026-08-26 15:15:00,0.82422,0.82428,0.82413,0.82428,159,18,0
2026-08-26 15:30:00,0.82431,0.82453,0.82418,0.82444,119,18,0
2026-08-26 15:45:00,0.82446,0.82453,0.82379,0.82382,214,18,0
2026-08-26 16:00:00,0.82385,0.82413,0.82375,0.82396,140,18,0
2026-08-26 16:15:00,0.82394,0.82399,0.8238,0.82391,117,18,0
2026-08-26 16:30:00,0.82392,0.82404,0.82382,0.82383,96,18,0
2026-08-26 16:45:00,0.82385,0.8242,0.82382,0.82409,91,18,0
2026-08-26 17:00:00,0.82408,0.8243,0.82406,0.82428,93,18,0
2026-08-26 17:15:00,0.82429,0.82442,0.82425,0.82427,87,18,0
2026-08-26 17:30:00,0.82428,0.82438,0.82426,0.82432,69,18,0
2026-08-26 17:45:00,0.82431,0.82447,0.82428,0.82445,85,18,0
2026-08-26 18:00:00,0.82442,0.82458,0.82439,0.82439,67,18,0
2026-08-26 18:15:00,0.82441,0.82449,0.82439,0.82442,41,18,0
2026-08-26 18:30:00,0.82443,0.8246,0.8244,0.8246,71,18,0
2026-08-26 18:45:00,0.82458,0.82458,0.82436,0.82439,64,18,0
2026-08-26 19:00:00,0.82436,0.82463,0.8243,0.82453,78,18,0
2026-08-26 19:15:00,0.82454,0.82459,0.82451,0.82454,40,18,0
2026-08-26 19:30:00,0.82455,0.8246,0.82446,0.82459,46,18,0
2026-08-26 19:45:00,0.8246,0.82465,0.82449,0.82456,57,18,0
2026-08-26 20:00:00,0.82455,0.82477,0.82453,0.82467,51,18,0
2026-08-26 20:15:00,0.82465,0.82466,0.82449,0.82454,60,18,0
2026-08-26 20:30:00,0.82456,0.82472,0.82447,0.82447,44,18,0
2026-08-26 20:45:00,0.82445,0.82467,0.82431,0.82463,76,11,0
2026-08-26 21:00:00,0.82464,0.82464,0.82461,0.82461,2,21,0
2026-08-26 21:15:00,0.82459,0.82459,0.82406,0.82406,23,29,0
2026-08-26 21:30:00,0.82403,0.82436,0.82395,0.82428,62,43,0
2026-08-26 21:45:00,0.82429,0.82441,0.82424,0.82435,50,36,0
2026-08-26 22:00:00,0.82453,0.82499,0.8243,0.82482,85,14,0
2026-08-26 22:15:00,0.82481,0.82494,0.82479,0.82484,58,14,0
2026-08-26 22:30:00,0.82486,0.82503,0.82482,0.82503,40,14,0
2026-08-26 22:45:00,0.82504,0.82505,0.8248,0.82488,47,14,0
2026-08-26 23:00:00,0.82485,0.82508,0.82483,0.82508,47,18,0
2026-08-26 23:15:00,0.82507,0.82532,0.82507,0.82528,67,18,0
2026-08-26 23:30:00,0.82529,0.82548,0.82527,0.82533,38,18,0
2026-08-26 23:45:00,0.82536,0.82538,0.82498,0.82498,99,18,0
2026-08-27 00:00:00,0.82502,0.82521,0.82472,0.82482,180,18,0
2026-08-27 00:15:00,0.82481,0.82496,0.82471,0.82494,104,18,0
2026-08-27 00:30:00,0.82496,0.82511,0.82491,0.82499,113,18,0
2026-08-27 00:45:00,0.82501,0.82505,0.82465,0.825,147,18,0
2026-08-27 01:00:00,0.82501,0.82555,0.82501,0.82536,173,18,0
2026-08-27 01:15:00,0.82535,0.82569,0.82516,0.82534,141,18,0
2026-08-27 01:30:00,0.82536,0.82547,0.82493,0.82496,138,18,0
2026-08-27 01:45:00,0.82492,0.82563,0.82491,0.82561,96,18,0
2026-08-27 02:00:00,0.8256,0.82586,0.82552,0.82576,98,18,0
2026-08-27 02:15:00,0.82575,0.82589,0.82563,0.82572,67,18,0
2026-08-27 02:30:00,0.8257,0.82601,0.82563,0.82579,81,18,0
2026-08-27 02:45:00,0.8258,0.82633,0.8258,0.82618,93,18,0
2026-08-27 03:00:00,0.8262,0.82636,0.82601,0.82636,108,18,0
2026-08-27 03:15:00,0.82634,0.82642,0.82628,0.82635,55,18,0
2026-08-27 03:30:00,0.82636,0.82638,0.82613,0.82613,66,18,0
2026-08-27 03:45:00,0.82616,0.8263,0.82613,0.82622,48,18,0
2026-08-27 04:00:00,0.82623,0.82648,0.82622,0.8263,70,18,0
2026-08-27 04:15:00,0.82629,0.82633,0.82606,0.82612,48,18,0
2026-08-27 04:30:00,0.82608,0.82608,0.82588,0.82588,39,18,0
2026-08-27 04:45:00,0.82589,0.82606,0.82589,0.82602,47,18,0
2026-08-27 05:00:00,0.82605,0.82605,0.82576,0.82576,52,18,0
2026-08-27 05:15:00,0.82574,0.82589,0.82563,0.82586,69,18,0
2026-08-27 05:30:00,0.82587,0.82594,0.82568,0.82587,77,18,0
2026-08-27 05:45:00,0.82588,0.82591,0.82559,0.82571,86,18,0
2026-08-27 06:00:00,0.82574,0.82584,0.82555,0.82579,95,18,0
2026-08-27 06:15:00,0.8258,0.82587,0.82572,0.8258,100,18,0
2026-08-27 06:30:00,0.82581,0.82585,0.82567,0.82583,94,18,0
2026-08-27 06:45:00,0.82585,0.82602,0.82561,0.82597,117,18,0
2026-08-27 07:00:00,0.82596,0.82609,0.82578,0.82583,155,18,0
2026-08-27 07:15:00,0.8258,0.8258,0.8251,0.82521,128,18,0
2026-08-27 07:30:00,0.82518,0.82526,0.82489,0.82492,119,18,0
2026-08-27 07:45:00,0.82494,0.82497,0.82456,0.82457,108,18,0
2026-08-27 08:00:00,0.82456,0.82515,0.82452,0.82485,156,18,0
2026-08-27 08:15:00,0.82484,0.8252,0.82476,0.82516,123,18,0
2026-08-27 08:30:00,0.82514,0.82521,0.82498,0.82506,141,18,0
2026-08-27 08:45:00,0.82505,0.82512,0.82472,0.82473,127,18,0
2026-08-27 09:00:00,0.82472,0.82472,0.82434,0.82439,171,18,0
2026-08-27 09:15:00,0.82441,0.82454,0.82424,0.82452,105,18,0
2026-08-27 09:30:00,0.8245,0.8245,0.82426,0.82433,134,18,0
2026-08-27 09:45:00,0.82434,0.82447,0.82424,0.82429,102,18,0
2026-08-27 10:00:00,0.8243,0.82481,0.82418,0.82481,138,18,0
2026-08-27 10:15:00,0.82482,0.8249,0.8246,0.82463,96,18,0
2026-08-27 10:30:00,0.82462,0.82486,0.82454,0.82486,87,18,0
2026-08-27 10:45:00,0.82485,0.82517,0.82484,0.82508,91,18,0
2026-08-27 11:00:00,0.82506,0.82506,0.82459,0.82465,103,18,0
2026-08-27 11:15:00,0.82468,0.82502,0.82457,0.82457,94,18,0
2026-08-27 11:30:00,0.82459,0.82479,0.82457,0.82474,153,18,0
2026-08-27 11:45:00,0.82472,0.82505,0.82458,0.82505,143,18,0
2026-08-27 12:00:00,0.82507,0.82541,0.82498,0.8254,194,18,0
2026-08-27 12:15:00,0.82541,0.82552,0.82479,0.8249,163,18,0
2026-08-27 12:30:00,0.82486,0.82498,0.82441,0.82463,178,18,0
2026-08-27 12:45:00,0.82465,0.82487,0.82441,0.82483,147,18,0
2026-08-27 13:00:00,0.82485,0.82516,0.82473,0.82499,182,18,0
2026-08-27 13:15:00,0.82498,0.82515,0.82468,0.8249,202,18,0
2026-08-27 13:30:00,0.82488,0.82502,0.8246,0.82501,225,18,0
2026-08-27 13:45:00,0.825,0.82525,0.82476,0.82496,223,18,0
2026-08-27 14:00:00,0.82494,0.82502,0.82473,0.82491,227,18,0
2026-08-27 14:15:00,0.8249,0.8249,0.82438,0.82449,157,18,0
2026-08-27 14:30:00,0.82448,0.82455,0.82418,0.82421,172,18,0
2026-08-27 14:45:00,0.82422,0.8246,0.82402,0.82421,254,18,0
2026-08-27 15:00:00,0.82418,0.82454,0.82416,0.82449,173,18,0
2026-08-27 15:15:00,0.82451,0.82462,0.8244,0.82455,124,18,0
2026-08-27 15:30:00,0.82457,0.82458,0.82426,0.82429,147,18,0
2026-08-27 15:45:00,0.8243,0.82457,0.82422,0.82453,113,18,0
2026-08-27 16:00:00,0.82452,0.82462,0.82432,0.82462,104,18,0
2026-08-27 16:15:00,0.8246,0.82467,0.82451,0.82456,104,18,0
2026-08-27 16:30:00,0.82455,0.82457,0.82442,0.82449,101,18,0
2026-08-27 16:45:00,0.82448,0.82456,0.8243,0.82451,98,18,0
2026-08-27 17:00:00,0.82453,0.82467,0.82453,0.82465,77,18,0
2026-08-27 17:15:00,0.82467,0.82468,0.82453,0.82459,59,18,0
2026-08-27 17:30:00,0.82458,0.82469,0.82453,0.82463,70,18,0
2026-08-27 17:45:00,0.82464,0.82464,0.82424,0.82424,122,18,0
2026-08-27 18:00:00,0.82427,0.82429,0.82399,0.82414,99,18,0
2026-08-27 18:15:00,0.82415,0.82424,0.82403,0.82404,87,18,0
2026-08-27 18:30:00,0.82403,0.82415,0.82399,0.82408,60,18,0
2026-08-27 18:45:00,0.82407,0.82429,0.82404,0.82423,55,18,0
2026-08-27 19:00:00,0.82421,0.82431,0.82411,0.82412,57,18,0
2026-08-27 19:15:00,0.82411,0.82419,0.82408,0.82409,47,18,0
2026-08-27 19:30:00,0.82408,0.82427,0.82402,0.82427,53,18,0
2026-08-27 19:45:00,0.82425,0.82435,0.82402,0.82406,79,18,0
2026-08-27 20:00:00,0.82407,0.82411,0.82401,0.82407,54,18,0
2026-08-27 20:15:00,0.82406,0.82416,0.82402,0.82406,35,18,0
2026-08-27 20:30:00,0.82407,0.82423,0.82406,0.8242,35,18,0
2026-08-27 20:45:00,0.82421,0.82443,0.82419,0.82435,53,11,0
2026-08-27 21:00:00,0.82436,0.82436,0.82416,0.82417,18,15,0
2026-08-27 21:15:00,0.82416,0.82426,0.82407,0.82426,40,32,0
2026-08-27 21:30:00,0.82425,0.82428,0.82419,0.82421,39,43,0
2026-08-27 21:45:00,0.82419,0.82431,0.82399,0.82431,52,34,0
2026-08-27 22:00:00,0.82435,0.82435,0.82419,0.8243,40,13,0
2026-08-27 22:15:00,0.82432,0.82436,0.82426,0.8243,19,13,0
2026-08-27 22:30:00,0.82429,0.8245,0.82429,0.82449,23,13,0
2026-08-27 22:45:00,0.82448,0.82467,0.82443,0.82462,27,13,0
2026-08-27 23:00:00,0.82459,0.8248,0.82456,0.8248,29,18,0
2026-08-27 23:15:00,0.82482,0.82482,0.82459,0.82471,38,18,0
2026-08-27 23:30:00,0.8247,0.8248,0.82464,0.82476,40,18,0
2026-08-27 23:45:00,0.82478,0.82487,0.82463,0.82466,38,18,0
2026-08-28 00:00:00,0.82468,0.8249,0.82462,0.82486,88,18,0
2026-08-28 00:15:00,0.82483,0.82483,0.82468,0.82483,55,18,0
2026-08-28 00:30:00,0.82485,0.82492,0.82481,0.82489,58,18,0
2026-08-28 00:45:00,0.82487,0.82493,0.82462,0.82469,72,18,0
2026-08-28 01:00:00,0.82467,0.82506,0.82462,0.825,89,18,0
2026-08-28 01:15:00,0.82502,0.82542,0.82502,0.82527,87,18,0
2026-08-28 01:30:00,0.82532,0.82583,0.82532,0.82545,119,18,0
2026-08-28 01:45:00,0.82544,0.82559,0.82531,0.82541,94,18,0
2026-08-28 02:00:00,0.82542,0.82547,0.82528,0.82536,77,18,0
2026-08-28 02:15:00,0.82538,0.82576,0.82535,0.82554,84,18,0
2026-08-28 02:30:00,0.82555,0.82567,0.82542,0.82542,67,18,0
2026-08-28 02:45:00,0.82544,0.82587,0.82544,0.82583,67,18,0
2026-08-28 03:00:00,0.8258,0.82602,0.8258,0.8259,58,18,0
2026-08-28 03:15:00,0.82593,0.82596,0.82588,0.82596,54,18,0
2026-08-28 03:30:00,0.82594,0.82602,0.82565,0.82568,53,18,0
2026-08-28 03:45:00,0.82564,0.82572,0.82551,0.82572,46,18,0
2026-08-28 04:00:00,0.82571,0.82582,0.82566,0.82581,48,18,0
2026-08-28 04:15:00,0.82582,0.82602,0.82582,0.82589,47,18,0
2026-08-28 04:30:00,0.8259,0.82596,0.82585,0.82585,38,18,0
2026-08-28 04:45:00,0.82587,0.82594,0.82525,0.82525,59,18,0
2026-08-28 05:00:00,0.82524,0.82551,0.82515,0.82516,112,18,0
2026-08-28 05:15:00,0.82515,0.82533,0.82515,0.82524,51,18,0
2026-08-28 05:30:00,0.82521,0.82539,0.82493,0.82497,96,18,0
2026-08-28 05:45:00,0.82499,0.825,0.8248,0.8248,92,18,0
2026-08-28 06:00:00,0.82477,0.8251,0.82477,0.82509,118,18,0
2026-08-28 06:15:00,0.82512,0.82535,0.82509,0.8253,128,18,0
2026-08-28 06:30:00,0.82531,0.82541,0.8251,0.82531,176,18,0
2026-08-28 06:45:00,0.82533,0.82552,0.82528,0.82542,125,18,0
2026-08-28 07:00:00,0.82541,0.82561,0.82515,0.82535,133,18,0
2026-08-28 07:15:00,0.82534,0.82537,0.825,0.82515,155,18,0
2026-08-28 07:30:00,0.82518,0.82564,0.82518,0.82534,159,18,0
2026-08-28 07:45:00,0.82532,0.82561,0.82524,0.8254,88,18,0
2026-08-28 08:00:00,0.82539,0.82555,0.82516,0.8252,137,18,0
2026-08-28 08:15:00,0.82517,0.82531,0.82509,0.82509,93,18,0
2026-08-28 08:30:00,0.8251,0.82515,0.82484,0.82486,100,18,0
2026-08-28 08:45:00,0.82484,0.82484,0.82434,0.82435,103,18,0
2026-08-28 09:00:00,0.82434,0.82446,0.82401,0.82415,108,18,0
2026-08-28 09:15:00,0.82413,0.8244,0.82409,0.82426,114,18,0
2026-08-28 09:30:00,0.82424,0.82438,0.82413,0.82438,96,18,0
2026-08-28 09:45:00,0.82435,0.8245,0.82425,0.82429,95,18,0
2026-08-28 10:00:00,0.8243,0.82459,0.8242,0.82421,92,18,0
2026-08-28 10:15:00,0.82419,0.82435,0.82407,0.82427,87,18,0
2026-08-28 10:30:00,0.82428,0.8244,0.82422,0.82422,84,18,0
2026-08-28 10:45:00,0.82423,0.82423,0.8239,0.82411,93,18,0
2026-08-28 11:00:00,0.82412,0.82415,0.82379,0.82383,90,18,0
2026-08-28 11:15:00,0.82381,0.82401,0.8238,0.82401,84,18,0
2026-08-28 11:30:00,0.82402,0.82403,0.8235,0.8235,118,18,0
2026-08-28 11:45:00,0.82347,0.82353,0.82306,0.82329,152,18,0
2026-08-28 12:00:00,0.82332,0.82352,0.82324,0.8235,122,18,0
2026-08-28 12:15:00,0.82349,0.82353,0.82333,0.82347,121,18,0
2026-08-28 12:30:00,0.82351,0.82369,0.8234,0.82352,166,18,0
2026-08-28 12:45:00,0.8235,0.82409,0.82349,0.82407,168,18,0
2026-08-28 13:00:00,0.82405,0.82418,0.82377,0.82382,159,18,0
2026-08-28 13:15:00,0.82384,0.82398,0.82376,0.82391,155,18,0
2026-08-28 13:30:00,0.82389,0.82418,0.82378,0.82414,195,18,0
2026-08-28 13:45:00,0.82415,0.82455,0.82407,0.82422,234,18,0
2026-08-28 14:00:00,0.82425,0.82493,0.8227,0.82272,1097,18,0
2026-08-28 14:15:00,0.82274,0.82315,0.82214,0.82248,560,18,0
2026-08-28 14:30:00,0.82251,0.82317,0.82242,0.82303,445,18,0
2026-08-28 14:45:00,0.82304,0.82356,0.82258,0.82331,314,18,0
2026-08-28 15:00:00,0.82333,0.82359,0.82261,0.82267,249,18,0
2026-08-28 15:15:00,0.82268,0.82294,0.8226,0.82265,251,18,0
2026-08-28 15:30:00,0.82266,0.8227,0.82178,0.82184,255,18,0
2026-08-28 15:45:00,0.82182,0.82206,0.82151,0.82167,235,18,0
2026-08-28 16:00:00,0.82166,0.82173,0.82143,0.82152,214,18,0
2026-08-28 16:15:00,0.82151,0.82154,0.82113,0.82141,241,18,0
2026-08-28 16:30:00,0.8214,0.82155,0.82113,0.82117,195,18,0
2026-08-28 16:45:00,0.82118,0.82141,0.82118,0.82135,171,18,0
2026-08-28 17:00:00,0.82133,0.82161,0.82126,0.82161,133,18,0
2026-08-28 17:15:00,0.82162,0.82165,0.82145,0.82149,106,18,0
2026-08-28 17:30:00,0.82148,0.82161,0.82139,0.82147,103,18,0
2026-08-28 17:45:00,0.82146,0.82153,0.82144,0.82152,85,18,0
2026-08-28 18:00:00,0.82153,0.82169,0.82147,0.82154,83,18,0
2026-08-28 18:15:00,0.82156,0.82163,0.82139,0.82158,98,18,0
2026-08-28 18:30:00,0.82156,0.82164,0.82146,0.82162,68,18,0
2026-08-28 18:45:00,0.8216,0.82163,0.82144,0.82156,96,18,0
2026-08-28 19:00:00,0.82158,0.82174,0.82153,0.82171,113,18,0
2026-08-28 19:15:00,0.8217,0.82189,0.8217,0.82188,76,18,0
2026-08-28 19:30:00,0.8219,0.82204,0.82183,0.82198,87,18,0
2026-08-28 19:45:00,0.82197,0.82201,0.82176,0.82198,119,18,0
2026-08-28 20:00:00,0.82196,0.82212,0.82196,0.82203,74,18,0
2026-08-28 20:15:00,0.82204,0.82207,0.82163,0.82166,70,18,0
2026-08-28 20:30:00,0.82167,0.82206,0.82167,0.82205,70,18,0
2026-08-28 20:45:00,0.82207,0.82233,0.82204,0.82213,95,18,0
2026-08-30 21:15:00,0.82141,0.82258,0.82141,0.82258,17,118,0
2026-08-30 21:30:00,0.82242,0.82268,0.8216,0.82223,100,107,0
2026-08-30 21:45:00,0.82228,0.82276,0.82203,0.82263,125,60,0
2026-08-30 22:00:00,0.82315,0.82315,0.82185,0.82201,95,18,0
2026-08-30 22:15:00,0.82202,0.82216,0.82196,0.82205,60,18,0
2026-08-30 22:30:00,0.82207,0.82243,0.82203,0.82208,99,18,0
2026-08-30 22:45:00,0.8221,0.82229,0.8221,0.82229,56,18,0
2026-08-30 23:00:00,0.8223,0.82245,0.82228,0.82234,57,18,0
2026-08-30 23:15:00,0.82232,0.82237,0.82225,0.82233,40,18,0
2026-08-30 23:30:00,0.82231,0.82248,0.82226,0.82235,49,18,0
2026-08-30 23:45:00,0.82233,0.82267,0.82225,0.82265,95,18,0
2026-08-31 00:00:00,0.82266,0.82273,0.82235,0.82251,158,18,0
2026-08-31 00:15:00,0.82254,0.82263,0.82212,0.82221,126,18,0
2026-08-31 00:30:00,0.82222,0.82245,0.82222,0.82223,116,18,0
2026-08-31 00:45:00,0.82222,0.82224,0.82191,0.82203,114,18,0
2026-08-31 01:00:00,0.822,0.822,0.82098,0.82098,219,18,0
2026-08-31 01:15:00,0.821,0.82103,0.82025,0.82078,213,18,0
2026-08-31 01:30:00,0.82081,0.82147,0.82053,0.82146,181,18,0
2026-08-31 01:45:00,0.82143,0.82156,0.82119,0.82129,125,18,0
2026-08-31 02:00:00,0.82131,0.82178,0.82126,0.82171,119,18,0
2026-08-31 02:15:00,0.82172,0.82179,0.82144,0.82174,133,18,0
2026-08-31 02:30:00,0.82173,0.82186,0.82148,0.82166,142,18,0
2026-08-31 02:45:00,0.82164,0.82191,0.82162,0.82191,101,18,0
2026-08-31 03:00:00,0.82193,0.82229,0.82189,0.82228,85,18,0
2026-08-31 03:15:00,0.82229,0.82242,0.82222,0.82226,75,18,0
2026-08-31 03:30:00,0.82224,0.82225,0.82205,0.82218,62,18,0
2026-08-31 03:45:00,0.82219,0.82227,0.82214,0.82226,39,18,0
2026-08-31 04:00:00,0.82227,0.82232,0.82207,0.82219,78,18,0
2026-08-31 04:15:00,0.82218,0.82223,0.82198,0.82204,72,18,0
2026-08-31 04:30:00,0.82202,0.82202,0.82187,0.82191,48,18,0
2026-08-31 04:45:00,0.82194,0.82212,0.82194,0.82212,56,18,0
2026-08-31 05:00:00,0.82213,0.82214,0.8219,0.8221,68,18,0
2026-08-31 05:15:00,0.82208,0.8222,0.82191,0.82218,64,18,0
2026-08-31 05:30:00,0.82215,0.82215,0.8218,0.82198,86,18,0
2026-08-31 05:45:00,0.822,0.82204,0.82177,0.82204,87,18,0
2026-08-31 06:00:00,0.82207,0.82207,0.82164,0.82183,106,18,0
2026-08-31 06:15:00,0.82182,0.82219,0.82182,0.82199,120,18,0
2026-08-31 06:30:00,0.82201,0.82201,0.82183,0.82194,109,18,0
2026-08-31 06:45:00,0.82196,0.8221,0.82177,0.82198,109,18,0
2026-08-31 07:00:00,0.82199,0.82204,0.82175,0.82193,160,18,0
2026-08-31 07:15:00,0.82189,0.82217,0.82189,0.82214,129,18,0
2026-08-31 07:30:00,0.82212,0.82224,0.82201,0.82202,132,18,0
2026-08-31 07:45:00,0.82203,0.82223,0.82197,0.82207,138,18,0
2026-08-31 08:00:00,0.82205,0.82235,0.82201,0.82221,172,18,0
2026-08-31 08:15:00,0.82218,0.82227,0.8221,0.82222,137,18,0
2026-08-31 08:30:00,0.82221,0.82221,0.82174,0.82183,132,18,0
2026-08-31 08:45:00,0.82185,0.82204,0.82185,0.8219,147,18,0
2026-08-31 09:00:00,0.82191,0.8221,0.82188,0.82192,122,18,0
2026-08-31 09:15:00,0.82193,0.82197,0.82159,0.82162,100,18,0
2026-08-31 09:30:00,0.82161,0.82182,0.82147,0.82181,106,18,0
2026-08-31 09:45:00,0.8218,0.82181,0.82151,0.82154,84,18,0
2026-08-31 10:00:00,0.82151,0.82172,0.82149,0.82157,105,18,0
2026-08-31 10:15:00,0.82155,0.82155,0.82132,0.82138,98,18,0
2026-08-31 10:30:00,0.82136,0.8214,0.82125,0.82131,84,18,0
2026-08-31 10:45:00,0.8213,0.8214,0.82114,0.82139,90,18,0
2026-08-31 11:00:00,0.82141,0.82142,0.82121,0.82128,123,18,0
2026-08-31 11:15:00,0.82132,0.82154,0.82126,0.82154,118,18,0
2026-08-31 11:30:00,0.82153,0.8216,0.82117,0.82118,137,18,0
2026-08-31 11:45:00,0.82121,0.82127,0.82109,0.82127,103,18,0
2026-08-31 12:00:00,0.82128,0.82149,0.82123,0.82143,147,18,0
2026-08-31 12:15:00,0.82147,0.82168,0.82103,0.82111,198,18,0
2026-08-31 12:30:00,0.82109,0.82109,0.82042,0.82042,211,18,0
2026-08-31 12:45:00,0.82043,0.82084,0.82025,0.82069,189,18,0
2026-08-31 13:00:00,0.82067,0.82111,0.82067,0.82111,151,18,0
2026-08-31 13:15:00,0.82113,0.82128,0.82102,0.82118,138,18,0
2026-08-31 13:30:00,0.8212,0.82121,0.82075,0.82104,214,18,0
2026-08-31 13:45:00,0.82105,0.82111,0.82082,0.82111,201,18,0
2026-08-31 14:00:00,0.82112,0.82112,0.82081,0.82088,169,18,0
2026-08-31 14:15:00,0.82087,0.82102,0.82081,0.82094,147,18,0
2026-08-31 14:30:00,0.82095,0.82103,0.8207,0.82078,184,18,0
2026-08-31 14:45:00,0.82077,0.82082,0.81972,0.81972,322,18,0
2026-08-31 15:00:00,0.81971,0.82001,0.81962,0.81965,241,18,0
2026-08-31 15:15:00,0.81963,0.8197,0.81931,0.81967,134,18,0
2026-08-31 15:30:00,0.81968,0.81989,0.8196,0.81984,129,18,0
2026-08-31 15:45:00,0.81987,0.82001,0.81983,0.81993,120,18,0
2026-08-31 16:00:00,0.8199,0.82007,0.81979,0.82007,108,18,0
2026-08-31 16:15:00,0.82008,0.82015,0.81998,0.81999,66,18,0
2026-08-31 16:30:00,0.81998,0.8201,0.8199,0.82001,79,18,0
2026-08-31 16:45:00,0.82002,0.82021,0.81992,0.82021,100,18,0
2026-08-31 17:00:00,0.82019,0.82026,0.81991,0.82,68,18,0
2026-08-31 17:15:00,0.81997,0.81998,0.81983,0.81983,61,18,0
2026-08-31 17:30:00,0.81982,0.81993,0.81973,0.81993,59,18,0
2026-08-31 17:45:00,0.81995,0.82003,0.8199,0.81992,53,18,0
2026-08-31 18:00:00,0.8199,0.81999,0.81982,0.81989,87,18,0
2026-08-31 18:15:00,0.81987,0.8199,0.81974,0.81976,81,18,0
2026-08-31 18:30:00,0.81975,0.81975,0.81955,0.81965,81,18,0
2026-08-31 18:45:00,0.81962,0.81976,0.81955,0.81957,63,18,0
2026-08-31 19:00:00,0.81955,0.81973,0.81951,0.81963,84,18,0
2026-08-31 19:15:00,0.8196,0.81987,0.81959,0.81983,55,18,0
2026-08-31 19:30:00,0.81984,0.81992,0.81952,0.81954,68,18,0
2026-08-31 19:45:00,0.81955,0.8199,0.81955,0.81985,105,18,0
2026-08-31 20:00:00,0.81983,0.81988,0.81971,0.81971,77,18,0
2026-08-31 20:15:00,0.8197,0.8197,0.81957,0.81964,34,18,0
2026-08-31 20:30:00,0.81967,0.8197,0.81941,0.81958,60,18,0
2026-08-31 20:45:00,0.81961,0.81964,0.81953,0.81961,53,11,0
2026-08-31 21:00:00,0.81959,0.8196,0.81944,0.81944,13,14,0
2026-08-31 21:15:00,0.81941,0.81944,0.81917,0.8192,36,36,0
2026-08-31 21:30:00,0.81921,0.81953,0.81915,0.81933,75,36,0
2026-08-31 21:45:00,0.81931,0.81947,0.8192,0.81947,46,30,0
2026-08-31 22:00:00,0.81949,0.81974,0.81949,0.81959,47,13,0
2026-08-31 22:15:00,0.8196,0.81966,0.81956,0.8196,17,13,0
2026-08-31 22:30:00,0.81959,0.81965,0.81959,0.8196,13,13,0
2026-08-31 22:45:00,0.81959,0.81959,0.81955,0.81956,10,13,0
2026-08-31 23:00:00,0.81954,0.81961,0.81951,0.8196,19,18,0
2026-08-31 23:15:00,0.81959,0.8196,0.81947,0.81947,33,18,0
2026-08-31 23:30:00,0.81949,0.81974,0.81949,0.81972,41,18,0
2026-08-31 23:45:00,0.8197,0.82019,0.81969,0.82014,74,18,0
2026-09-01 00:00:00,0.82016,0.82061,0.82008,0.8205,178,18,0
2026-09-01 00:15:00,0.82047,0.82077,0.82042,0.82069,123,18,0
2026-09-01 00:30:00,0.82071,0.82072,0.81999,0.81999,107,18,0
2026-09-01 00:45:00,0.82001,0.82011,0.81976,0.82007,138,18,0
2026-09-01 01:00:00,0.82011,0.82011,0.8195,0.8195,169,18,0
2026-09-01 01:15:00,0.81951,0.81958,0.81934,0.81941,135,18,0
2026-09-01 01:30:00,0.81944,0.81985,0.81944,0.81985,146,18,0
2026-09-01 01:45:00,0.81984,0.81985,0.81926,0.81959,132,18,0
2026-09-01 02:00:00,0.81958,0.81967,0.81943,0.81943,127,18,0
2026-09-01 02:15:00,0.81945,0.81968,0.81945,0.81964,79,18,0
2026-09-01 02:30:00,0.81961,0.81961,0.81905,0.81915,106,18,0
2026-09-01 02:45:00,0.81916,0.81932,0.81901,0.81932,63,18,0
2026-09-01 03:00:00,0.81933,0.81934,0.81889,0.81917,101,18,0
2026-09-01 03:15:00,0.81918,0.81922,0.81889,0.81897,102,18,0
2026-09-01 03:30:00,0.81899,0.8194,0.81898,0.81927,89,18,0
2026-09-01 03:45:00,0.81926,0.81931,0.81905,0.81905,75,18,0
2026-09-01 04:00:00,0.81904,0.81921,0.81895,0.8192,81,18,0
2026-09-01 04:15:00,0.81921,0.81927,0.81908,0.81909,36,18,0
2026-09-01 04:30:00,0.81907,0.81919,0.81899,0.81902,54,18,0
2026-09-01 04:45:00,0.81903,0.8191,0.81897,0.81907,57,18,0
2026-09-01 05:00:00,0.81908,0.8193,0.81907,0.81916,67,18,0
2026-09-01 05:15:00,0.81915,0.81923,0.81905,0.81923,53,18,0
2026-09-01 05:30:00,0.81921,0.81968,0.81918,0.81967,108,18,0
2026-09-01 05:45:00,0.81966,0.81975,0.81935,0.81936,117,18,0
2026-09-01 06:00:00,0.81937,0.81947,0.81889,0.81895,151,18,0
2026-09-01 06:15:00,0.81898,0.81938,0.81891,0.81912,148,18,0
2026-09-01 06:30:00,0.8191,0.81931,0.81882,0.81897,140,18,0
2026-09-01 06:45:00,0.81898,0.81903,0.81877,0.81902,144,18,0
2026-09-01 07:00:00,0.81899,0.81933,0.81883,0.81933,227,18,0
2026-09-01 07:15:00,0.81935,0.81938,0.81909,0.81917,151,18,0
2026-09-01 07:30:00,0.81915,0.81915,0.81852,0.81856,162,18,0
2026-09-01 07:45:00,0.81853,0.81871,0.81846,0.81868,113,18,0
2026-09-01 08:00:00,0.81867,0.81886,0.81842,0.81872,226,18,0
2026-09-01 08:15:00,0.81875,0.81877,0.81827,0.81844,159,18,0
2026-09-01 08:30:00,0.8184,0.81842,0.8178,0.81783,212,18,0
2026-09-01 08:45:00,0.81786,0.81792,0.81749,0.81753,180,18,0
2026-09-01 09:00:00,0.81752,0.81772,0.81742,0.81749,144,18,0
2026-09-01 09:15:00,0.81747,0.81753,0.8173,0.81733,154,18,0
2026-09-01 09:30:00,0.81731,0.81777,0.81725,0.81772,136,18,0
2026-09-01 09:45:00,0.81771,0.81786,0.81744,0.81747,128,18,0
2026-09-01 10:00:00,0.81745,0.81781,0.81744,0.81776,146,18,0
2026-09-01 10:15:00,0.8178,0.81815,0.8178,0.81808,131,18,0
2026-09-01 10:30:00,0.8181,0.81812,0.81781,0.81781,82,18,0
2026-09-01 10:45:00,0.8178,0.81802,0.81766,0.81784,121,18,0
2026-09-01 11:00:00,0.81783,0.81788,0.81753,0.81775,133,18,0
2026-09-01 11:15:00,0.81776,0.81811,0.81772,0.81808,191,18,0
2026-09-01 11:30:00,0.81806,0.8184,0.81797,0.81838,136,18,0
2026-09-01 11:45:00,0.81837,0.81845,0.81798,0.81803,128,18,0
2026-09-01 12:00:00,0.81802,0.81814,0.81792,0.8181,156,18,0
2026-09-01 12:15:00,0.81812,0.81826,0.81798,0.8182,154,18,0
2026-09-01 12:30:00,0.81818,0.81855,0.81811,0.81852,134,18,0
2026-09-01 12:45:00,0.81855,0.8193,0.81853,0.8193,163,18,0
2026-09-01 13:00:00,0.81931,0.81931,0.81893,0.81919,199,18,0
2026-09-01 13:15:00,0.8192,0.81951,0.81919,0.81951,170,18,0
2026-09-01 13:30:00,0.81954,0.82007,0.8195,0.82005,221,18,0
2026-09-01 13:45:00,0.82008,0.82038,0.81964,0.82029,245,18,0
2026-09-01 14:00:00,0.82037,0.82057,0.81998,0.82041,343,18,0
2026-09-01 14:15:00,0.82039,0.82067,0.82017,0.82047,193,18,0
2026-09-01 14:30:00,0.82046,0.82084,0.82025,0.82044,202,18,0
2026-09-01 14:45:00,0.82042,0.82066,0.82019,0.82063,251,18,0
2026-09-01 15:00:00,0.82065,0.82079,0.82043,0.82051,210,18,0
2026-09-01 15:15:00,0.82049,0.82058,0.82021,0.82045,169,18,0
2026-09-01 15:30:00,0.82044,0.82044,0.82023,0.82033,140,18,0
2026-09-01 15:45:00,0.82034,0.82059,0.82026,0.82056,142,18,0
2026-09-01 16:00:00,0.82057,0.82059,0.82017,0.82018,161,18,0
2026-09-01 16:15:00,0.82017,0.82023,0.81933,0.81933,206,18,0
2026-09-01 16:30:00,0.81931,0.81933,0.81905,0.81913,178,18,0
2026-09-01 16:45:00,0.81915,0.81921,0.81906,0.81917,110,18,0
2026-09-01 17:00:00,0.81915,0.81934,0.81909,0.81931,114,18,0
2026-09-01 17:15:00,0.8193,0.81947,0.81926,0.81947,134,18,0
2026-09-01 17:30:00,0.81949,0.81954,0.81912,0.81916,107,18,0
2026-09-01 17:45:00,0.81917,0.81917,0.81893,0.81902,70,18,0
2026-09-01 18:00:00,0.81901,0.81902,0.81889,0.81889,74,18,0
2026-09-01 18:15:00,0.81886,0.81891,0.81869,0.81869,92,18,0
2026-09-01 18:30:00,0.81867,0.81868,0.8183,0.81837,88,18,0
2026-09-01 18:45:00,0.81839,0.81863,0.81828,0.81851,112,18,0
2026-09-01 19:00:00,0.81849,0.81857,0.81834,0.81853,85,18,0
2026-09-01 19:15:00,0.81854,0.81856,0.81833,0.81839,65,18,0
2026-09-01 19:30:00,0.8184,0.81844,0.81825,0.81834,67,18,0
2026-09-01 19:45:00,0.81833,0.81837,0.8182,0.81829,76,18,0
2026-09-01 20:00:00,0.81831,0.81833,0.81813,0.81821,68,18,0
2026-09-01 20:15:00,0.81822,0.81829,0.81821,0.81824,33,18,0
2026-09-01 20:30:00,0.81826,0.81843,0.81815,0.8184,61,18,0
2026-09-01 20:45:00,0.81839,0.81857,0.81838,0.81851,51,13,0
2026-09-01 21:00:00,0.81853,0.81853,0.81849,0.81849,15,13,0
2026-09-01 21:15:00,0.8185,0.8185,0.81829,0.81834,31,39,0
2026-09-01 21:30:00,0.81835,0.81843,0.81833,0.81843,31,81,0
2026-09-01 21:45:00,0.81843,0.81847,0.8184,0.81847,38,71,0
2026-09-01 22:00:00,0.81883,0.819,0.81853,0.81895,86,13,0
2026-09-01 22:15:00,0.81894,0.81905,0.81889,0.8189,36,13,0
2026-09-01 22:30:00,0.81893,0.81904,0.81877,0.81887,55,13,0
2026-09-01 22:45:00,0.81886,0.81889,0.81878,0.81883,25,13,0
2026-09-01 23:00:00,0.8188,0.81892,0.81875,0.81885,31,18,0
2026-09-01 23:15:00,0.81884,0.81887,0.81883,0.81883,10,18,0
2026-09-01 23:30:00,0.81886,0.81892,0.81881,0.81885,28,18,0
2026-09-01 23:45:00,0.81887,0.81893,0.81868,0.81879,61,18,0
2026-09-02 00:00:00,0.8188,0.81912,0.81839,0.8184,159,18,0
2026-09-02 00:15:00,0.81839,0.81868,0.81836,0.81838,198,18,0
2026-09-02 00:30:00,0.81837,0.81872,0.81824,0.81871,138,18,0
2026-09-02 00:45:00,0.81872,0.81878,0.81848,0.81876,128,18,0
2026-09-02 01:00:00,0.81874,0.81885,0.81858,0.8187,180,18,0
2026-09-02 01:15:00,0.81872,0.81928,0.81872,0.81924,172,18,0
2026-09-02 01:30:00,0.81927,0.8193,0.81786,0.81888,347,18,0
2026-09-02 01:45:00,0.81885,0.81946,0.81857,0.81946,202,18,0
2026-09-02 02:00:00,0.81948,0.81958,0.81348,0.81493,789,18,0
2026-09-02 02:15:00,0.81495,0.81499,0.81272,0.81342,446,18,0
2026-09-02 02:30:00,0.81339,0.8143,0.81323,0.81419,286,18,0
2026-09-02 02:45:00,0.81421,0.81478,0.81407,0.81473,147,18,0
2026-09-02 03:00:00,0.81475,0.8148,0.81308,0.81323,202,18,0
2026-09-02 03:15:00,0.81325,0.81361,0.81305,0.81339,270,18,0
2026-09-02 03:30:00,0.81341,0.81349,0.81232,0.81259,267,18,0
2026-09-02 03:45:00,0.81263,0.81294,0.81251,0.81277,134,18,0
2026-09-02 04:00:00,0.81279,0.81285,0.81195,0.8123,204,18,0
2026-09-02 04:15:00,0.81233,0.81256,0.81203,0.81206,161,18,0
2026-09-02 04:30:00,0.81205,0.81211,0.81155,0.81166,148,18,0
2026-09-02 04:45:00,0.81169,0.81182,0.81146,0.81147,126,18,0
2026-09-02 05:00:00,0.8115,0.81177,0.81112,0.81172,169,18,0
2026-09-02 05:15:00,0.81175,0.81248,0.81172,0.81246,183,18,0
2026-09-02 05:30:00,0.81249,0.81255,0.81226,0.81253,148,18,0
2026-09-02 05:45:00,0.81252,0.81282,0.81241,0.8128,161,18,0
2026-09-02 06:00:00,0.81282,0.81351,0.81267,0.81328,229,18,0
2026-09-02 06:15:00,0.81327,0.81348,0.81299,0.81312,241,18,0
2026-09-02 06:30:00,0.81313,0.81362,0.81312,0.81354,236,18,0
2026-09-02 06:45:00,0.81351,0.8136,0.8126,0.81268,213,18,0
2026-09-02 07:00:00,0.81266,0.81275,0.81239,0.8126,255,18,0
2026-09-02 07:15:00,0.81259,0.81288,0.81237,0.8124,201,18,0
2026-09-02 07:30:00,0.81241,0.81301,0.81235,0.81235,216,18,0
2026-09-02 07:45:00,0.81239,0.81239,0.81172,0.81176,188,18,0
2026-09-02 08:00:00,0.81174,0.81229,0.81173,0.81227,214,18,0
2026-09-02 08:15:00,0.81228,0.8123,0.81125,0.81133,192,18,0
2026-09-02 08:30:00,0.81134,0.81156,0.81077,0.81085,220,18,0
2026-09-02 08:45:00,0.81088,0.81095,0.80947,0.80948,227,18,0
2026-09-02 09:00:00,0.80949,0.81033,0.80941,0.80987,250,18,0
2026-09-02 09:15:00,0.80986,0.80993,0.80922,0.80925,218,18,0
2026-09-02 09:30:00,0.80927,0.80946,0.80906,0.80918,168,18,0
2026-09-02 09:45:00,0.80915,0.80966,0.809,0.80911,185,18,0
2026-09-02 10:00:00,0.8091,0.80911,0.80858,0.80906,181,18,0
2026-09-02 10:15:00,0.80907,0.80936,0.80887,0.80936,166,18,0
2026-09-02 10:30:00,0.80937,0.80984,0.80937,0.80973,151,18,0
2026-09-02 10:45:00,0.80974,0.81043,0.80968,0.81035,152,18,0
2026-09-02 11:00:00,0.81037,0.81083,0.81015,0.81078,241,18,0
2026-09-02 11:15:00,0.81074,0.81091,0.81048,0.81063,209,18,0
2026-09-02 11:30:00,0.81062,0.81088,0.81057,0.81075,81,18,0
2026-09-02 11:45:00,0.81056,0.81133,0.81056,0.81131,151,18,0
2026-09-02 12:00:00,0.81129,0.81158,0.81116,0.81135,250,18,0
2026-09-02 12:15:00,0.8114,0.81164,0.81079,0.81086,336,18,0
2026-09-02 12:30:00,0.81089,0.81095,0.81003,0.81003,210,18,0
2026-09-02 12:45:00,0.81001,0.81037,0.80991,0.81,203,18,0
2026-09-02 13:00:00,0.80997,0.8105,0.80997,0.81005,259,18,0
2026-09-02 13:15:00,0.81003,0.81149,0.80997,0.81106,349,18,0
2026-09-02 13:30:00,0.81108,0.81143,0.81073,0.8114,357,18,0
2026-09-02 13:45:00,0.81141,0.81141,0.81018,0.81052,526,18,0
2026-09-02 14:00:00,0.81047,0.81047,0.80986,0.8101,414,18,0
2026-09-02 14:15:00,0.81012,0.81055,0.80992,0.81035,306,18,0
2026-09-02 14:30:00,0.81033,0.81035,0.80965,0.80965,316,18,0
2026-09-02 14:45:00,0.80963,0.80974,0.8092,0.80945,405,18,0
2026-09-02 15:00:00,0.80947,0.81,0.80942,0.8096,333,18,0
2026-09-02 15:15:00,0.80958,0.80984,0.80929,0.80968,252,18,0
2026-09-02 15:30:00,0.80965,0.8098,0.80927,0.80927,214,18,0
2026-09-02 15:45:00,0.80926,0.8097,0.80924,0.80966,174,18,0
2026-09-02 16:00:00,0.80968,0.80992,0.80968,0.80981,164,18,0
2026-09-02 16:15:00,0.8098,0.8098,0.80924,0.80927,127,18,0
2026-09-02 16:30:00,0.80924,0.80925,0.80908,0.80908,107,18,0
2026-09-02 16:45:00,0.80911,0.8094,0.80907,0.80929,120,18,0
2026-09-02 17:00:00,0.80928,0.80933,0.80879,0.80891,107,18,0
2026-09-02 17:15:00,0.80892,0.80907,0.80885,0.80906,94,18,0
2026-09-02 17:30:00,0.80904,0.8091,0.80894,0.80907,111,18,0
2026-09-02 17:45:00,0.80909,0.80926,0.80895,0.80911,119,18,0
2026-09-02 18:00:00,0.80909,0.80913,0.80893,0.80897,79,18,0
2026-09-02 18:15:00,0.80898,0.80911,0.80861,0.80865,140,18,0
2026-09-02 18:30:00,0.80867,0.80887,0.80867,0.80869,81,18,0
2026-09-02 18:45:00,0.8087,0.809,0.8087,0.80894,73,18,0
2026-09-02 19:00:00,0.80893,0.80907,0.80883,0.80903,61,18,0
2026-09-02 19:15:00,0.80902,0.80931,0.80896,0.80916,90,18,0
2026-09-02 19:30:00,0.80914,0.80922,0.80905,0.8092,86,18,0
2026-09-02 19:45:00,0.80921,0.80959,0.80909,0.80956,101,18,0
2026-09-02 20:00:00,0.80954,0.80999,0.80951,0.80988,90,18,0
2026-09-02 20:15:00,0.80985,0.81003,0.80973,0.81,73,18,0
2026-09-02 20:30:00,0.80998,0.80999,0.80987,0.80989,58,18,0
2026-09-02 20:45:00,0.8099,0.81001,0.80977,0.80981,133,18,0
2026-09-02 21:00:00,0.8098,0.8098,0.80965,0.80965,8,22,0
2026-09-02 21:15:00,0.80961,0.80961,0.80835,0.80835,30,42,0
2026-09-02 21:30:00,0.80838,0.80901,0.80838,0.80891,65,112,0
2026-09-02 21:45:00,0.80888,0.80931,0.80862,0.80931,57,69,0
2026-09-02 22:00:00,0.80949,0.8098,0.80941,0.80963,56,14,0
2026-09-02 22:15:00,0.80959,0.80975,0.80956,0.80973,30,14,0
2026-09-02 22:30:00,0.80974,0.80984,0.80968,0.8097,50,13,0
2026-09-02 22:45:00,0.80967,0.80983,0.80964,0.80978,37,13,0
2026-09-02 23:00:00,0.80976,0.80992,0.80976,0.80978,37,18,0
2026-09-02 23:15:00,0.80974,0.80992,0.80971,0.80984,21,18,0
2026-09-02 23:30:00,0.80987,0.80999,0.80968,0.8097,41,18,0
2026-09-02 23:45:00,0.80968,0.80995,0.80968,0.80995,76,18,0
2026-09-03 00:00:00,0.80993,0.81012,0.80985,0.80985,137,18,0
2026-09-03 00:15:00,0.80988,0.81011,0.80972,0.81007,117,18,0
2026-09-03 00:30:00,0.81005,0.81005,0.8094,0.8094,97,18,0
2026-09-03 00:45:00,0.80942,0.81004,0.80936,0.80995,156,18,0
2026-09-03 01:00:00,0.80993,0.81048,0.80986,0.81043,185,18,0
2026-09-03 01:15:00,0.81045,0.81095,0.81044,0.81095,166,18,0
2026-09-03 01:30:00,0.81092,0.8111,0.81016,0.81024,214,18,0
2026-09-03 01:45:00,0.81027,0.81052,0.80997,0.81008,135,18,0
2026-09-03 02:00:00,0.81007,0.81014,0.80974,0.80987,128,18,0
2026-09-03 02:15:00,0.80988,0.81025,0.80981,0.81018,141,18,0
2026-09-03 02:30:00,0.81017,0.81033,0.81003,0.81025,193,18,0
2026-09-03 02:45:00,0.81026,0.81029,0.81003,0.81014,115,18,0
2026-09-03 03:00:00,0.81017,0.81085,0.81004,0.81068,170,18,0
2026-09-03 03:15:00,0.8107,0.81074,0.81038,0.8104,153,18,0
2026-09-03 03:30:00,0.81041,0.81064,0.81036,0.8105,114,18,0
2026-09-03 03:45:00,0.81049,0.81057,0.81034,0.81047,88,18,0
2026-09-03 04:00:00,0.81045,0.81066,0.81043,0.81058,84,18,0
2026-09-03 04:15:00,0.8106,0.81125,0.81056,0.81117,103,18,0
2026-09-03 04:30:00,0.8112,0.81135,0.81109,0.81134,141,18,0
2026-09-03 04:45:00,0.81133,0.81139,0.8109,0.81098,109,18,0
2026-09-03 05:00:00,0.81102,0.81106,0.81066,0.81079,103,18,0
2026-09-03 05:15:00,0.81078,0.81082,0.81039,0.81055,152,18,0
2026-09-03 05:30:00,0.81053,0.81053,0.81,0.81,160,18,0
2026-09-03 05:45:00,0.81001,0.81009,0.80979,0.80997,131,18,0
2026-09-03 06:00:00,0.80994,0.81008,0.80893,0.80916,218,18,0
2026-09-03 06:15:00,0.80917,0.80947,0.80912,0.80945,162,18,0
2026-09-03 06:30:00,0.80947,0.80987,0.80947,0.80982,228,18,0
2026-09-03 06:45:00,0.8098,0.81005,0.80974,0.80981,197,18,0
2026-09-03 07:00:00,0.80978,0.81078,0.80971,0.81046,324,18,0
2026-09-03 07:15:00,0.81047,0.81087,0.81024,0.81025,209,18,0
2026-09-03 07:30:00,0.81023,0.81026,0.80973,0.81003,284,18,0
2026-09-03 07:45:00,0.81001,0.81008,0.80958,0.80996,179,18,0
2026-09-03 08:00:00,0.80993,0.81056,0.80972,0.80996,389,18,0
2026-09-03 08:15:00,0.80995,0.80997,0.80959,0.80996,186,18,0
2026-09-03 08:30:00,0.80995,0.81014,0.80982,0.80984,172,18,0
2026-09-03 08:45:00,0.80983,0.8099,0.80925,0.80939,182,18,0
2026-09-03 09:00:00,0.80936,0.80976,0.80936,0.80967,224,18,0
2026-09-03 09:15:00,0.80969,0.80987,0.80957,0.80981,177,18,0
2026-09-03 09:30:00,0.8098,0.80988,0.80954,0.80972,174,18,0
2026-09-03 09:45:00,0.80974,0.80975,0.80942,0.80944,171,18,0
2026-09-03 10:00:00,0.80945,0.80955,0.80906,0.8091,179,18,0
2026-09-03 10:15:00,0.80909,0.80939,0.80908,0.8093,137,18,0
2026-09-03 10:30:00,0.80926,0.80937,0.80912,0.80931,138,18,0
2026-09-03 10:45:00,0.80928,0.80958,0.80919,0.80954,141,18,0
2026-09-03 11:00:00,0.80953,0.81001,0.80933,0.80999,206,18,0
2026-09-03 11:15:00,0.81,0.81035,0.8099,0.81035,227,18,0
2026-09-03 11:30:00,0.81037,0.81037,0.80988,0.80998,176,18,0
2026-09-03 11:45:00,0.80997,0.81003,0.80958,0.80958,135,18,0
2026-09-03 12:00:00,0.80962,0.80981,0.80947,0.80967,183,18,0
2026-09-03 12:15:00,0.80966,0.80966,0.80919,0.80931,256,18,0
2026-09-03 12:30:00,0.80934,0.81052,0.80909,0.81018,579,18,0
2026-09-03 12:45:00,0.8102,0.81124,0.81017,0.81085,359,18,0
2026-09-03 13:00:00,0.81082,0.81082,0.81012,0.81034,324,18,0
2026-09-03 13:15:00,0.81032,0.81041,0.80976,0.81009,299,18,0
2026-09-03 13:30:00,0.81006,0.8104,0.80971,0.8104,332,18,0
2026-09-03 13:45:00,0.81037,0.81073,0.81001,0.81069,279,18,0
2026-09-03 14:00:00,0.81064,0.81069,0.8101,0.81046,355,18,0
2026-09-03 14:15:00,0.81045,0.81048,0.80977,0.80985,249,18,0
2026-09-03 14:30:00,0.80984,0.8099,0.80934,0.80962,264,18,0
2026-09-03 14:45:00,0.8096,0.81001,0.80952,0.80989,378,18,0
2026-09-03 15:00:00,0.80987,0.81083,0.80984,0.81082,294,18,0
2026-09-03 15:15:00,0.81081,0.81126,0.81074,0.81123,223,18,0
2026-09-03 15:30:00,0.81127,0.81149,0.81085,0.81085,185,18,0
2026-09-03 15:45:00,0.81086,0.8109,0.81058,0.8108,172,18,0
2026-09-03 16:00:00,0.81078,0.81086,0.81059,0.81078,161,18,0
2026-09-03 16:15:00,0.81076,0.81092,0.81051,0.81055,130,18,0
2026-09-03 16:30:00,0.81056,0.8109,0.81048,0.81085,144,18,0
2026-09-03 16:45:00,0.81084,0.81103,0.81077,0.81077,110,18,0
2026-09-03 17:00:00,0.81075,0.81085,0.81048,0.81054,113,18,0
2026-09-03 17:15:00,0.81052,0.81091,0.81049,0.81091,114,18,0
2026-09-03 17:30:00,0.8109,0.81108,0.81088,0.81105,89,18,0
2026-09-03 17:45:00,0.81106,0.81118,0.8109,0.81093,92,18,0
2026-09-03 18:00:00,0.81094,0.81137,0.81093,0.81132,94,18,0
2026-09-03 18:15:00,0.81135,0.81141,0.81116,0.81128,95,18,0
2026-09-03 18:30:00,0.81129,0.81129,0.81114,0.81117,80,18,0
2026-09-03 18:45:00,0.81116,0.81133,0.81108,0.81115,89,18,0
2026-09-03 19:00:00,0.81118,0.81132,0.81107,0.81108,97,18,0
2026-09-03 19:15:00,0.81107,0.81107,0.81082,0.81087,87,18,0
2026-09-03 19:30:00,0.81085,0.81094,0.81079,0.81093,95,18,0
2026-09-03 19:45:00,0.81092,0.81099,0.81079,0.81081,77,18,0
2026-09-03 20:00:00,0.81084,0.81086,0.81067,0.81067,61,18,0
2026-09-03 20:15:00,0.81068,0.81097,0.81058,0.81097,58,18,0
2026-09-03 20:30:00,0.811,0.81113,0.81092,0.81106,51,18,0
2026-09-03 20:45:00,0.81104,0.81115,0.81096,0.81099,59,18,0
2026-09-03 21:00:00,0.81101,0.81101,0.81066,0.81067,19,22,0
2026-09-03 21:15:00,0.81066,0.81075,0.81056,0.81073,29,55,0
2026-09-03 21:30:00,0.81072,0.81094,0.8107,0.8109,77,66,0
2026-09-03 21:45:00,0.8109,0.81126,0.81087,0.81126,133,40,0
2026-09-03 22:00:00,0.81131,0.81136,0.81095,0.81136,86,14,0
2026-09-03 22:15:00,0.81136,0.81138,0.81125,0.81127,21,13,0
2026-09-03 22:30:00,0.81129,0.81134,0.81121,0.81129,31,13,0
2026-09-03 22:45:00,0.81126,0.81133,0.81115,0.81121,50,13,0
2026-09-03 23:00:00,0.81117,0.81134,0.81117,0.81117,47,18,0
2026-09-03 23:15:00,0.81116,0.81136,0.81113,0.81134,30,18,0
2026-09-03 23:30:00,0.81133,0.81139,0.81122,0.81126,39,18,0
2026-09-03 23:45:00,0.81128,0.81159,0.81125,0.81135,66,18,0
2026-09-04 00:00:00,0.81133,0.81157,0.81133,0.81153,126,18,0
2026-09-04 00:15:00,0.81154,0.81179,0.81148,0.81164,112,18,0
2026-09-04 00:30:00,0.81165,0.81174,0.81143,0.81174,110,18,0
2026-09-04 00:45:00,0.81175,0.8125,0.81175,0.81226,146,18,0
2026-09-04 01:00:00,0.81223,0.81254,0.812,0.81239,159,18,0
2026-09-04 01:15:00,0.81242,0.81276,0.81231,0.81246,200,18,0
2026-09-04 01:30:00,0.81247,0.8129,0.81238,0.8129,128,18,0
2026-09-04 01:45:00,0.81287,0.81307,0.81263,0.81301,114,18,0
2026-09-04 02:00:00,0.81299,0.81321,0.81262,0.81282,149,18,0
2026-09-04 02:15:00,0.81283,0.8129,0.81262,0.81283,99,18,0
2026-09-04 02:30:00,0.81284,0.81311,0.81275,0.81311,97,18,0
2026-09-04 02:45:00,0.81314,0.81354,0.81313,0.8135,98,18,0
2026-09-04 03:00:00,0.81352,0.81361,0.81331,0.81352,108,18,0
2026-09-04 03:15:00,0.81351,0.81357,0.81339,0.81342,66,18,0
2026-09-04 03:30:00,0.81341,0.81341,0.81304,0.81305,77,18,0
2026-09-04 03:45:00,0.81304,0.81316,0.8129,0.81309,96,18,0
2026-09-04 04:00:00,0.8131,0.81319,0.81298,0.81314,108,18,0
2026-09-04 04:15:00,0.81316,0.8132,0.81303,0.81314,88,18,0
2026-09-04 04:30:00,0.81313,0.81321,0.81296,0.81305,66,18,0
2026-09-04 04:45:00,0.81306,0.81307,0.81283,0.81307,57,18,0
2026-09-04 05:00:00,0.81305,0.81333,0.81303,0.81326,81,18,0
2026-09-04 05:15:00,0.81325,0.81343,0.81324,0.81341,72,18,0
2026-09-04 05:30:00,0.81339,0.81347,0.8133,0.81338,82,18,0
2026-09-04 05:45:00,0.81339,0.81344,0.8131,0.8132,104,18,0
2026-09-04 06:00:00,0.81322,0.81376,0.81322,0.81368,156,18,0
2026-09-04 06:15:00,0.81366,0.81367,0.81321,0.81325,130,18,0
2026-09-04 06:30:00,0.81327,0.8133,0.81296,0.81306,134,18,0
2026-09-04 06:45:00,0.81305,0.81305,0.8128,0.81286,125,18,0
2026-09-04 07:00:00,0.81288,0.8129,0.81259,0.81283,153,18,0
2026-09-04 07:15:00,0.81282,0.81282,0.81225,0.81244,143,18,0
2026-09-04 07:30:00,0.81246,0.81252,0.81208,0.8123,150,18,0
2026-09-04 07:45:00,0.81231,0.81234,0.81174,0.812,133,18,0
2026-09-04 08:00:00,0.81202,0.81202,0.81175,0.81178,140,18,0
2026-09-04 08:15:00,0.81177,0.81209,0.81174,0.81202,117,18,0
2026-09-04 08:30:00,0.81203,0.81222,0.81195,0.81217,170,18,0
2026-09-04 08:45:00,0.81216,0.81221,0.81173,0.81175,153,18,0
2026-09-04 09:00:00,0.81173,0.81179,0.81141,0.81147,124,18,0
2026-09-04 09:15:00,0.81148,0.81153,0.81116,0.8113,118,18,0
2026-09-04 09:30:00,0.81131,0.81136,0.81106,0.8112,110,18,0
2026-09-04 09:45:00,0.81123,0.81144,0.81114,0.81124,121,18,0
2026-09-04 10:00:00,0.81126,0.81142,0.81124,0.81141,83,18,0
2026-09-04 10:15:00,0.81144,0.81167,0.81134,0.81141,109,18,0
2026-09-04 10:30:00,0.81142,0.81165,0.81139,0.81155,84,18,0
2026-09-04 10:45:00,0.81153,0.81167,0.81151,0.81156,96,18,0
2026-09-04 11:00:00,0.81154,0.81164,0.8114,0.81164,119,18,0
2026-09-04 11:15:00,0.81165,0.81177,0.81161,0.81168,102,18,0
2026-09-04 11:30:00,0.81167,0.81203,0.81162,0.812,105,18,0
2026-09-04 11:45:00,0.81199,0.81216,0.81175,0.81177,135,18,0
2026-09-04 12:00:00,0.81179,0.81188,0.81155,0.81187,182,18,0
2026-09-04 12:15:00,0.81188,0.81264,0.81188,0.81247,198,18,0
2026-09-04 12:30:00,0.81251,0.81368,0.80915,0.81308,1073,18,0
2026-09-04 12:45:00,0.81306,0.81416,0.81254,0.81405,599,18,0
2026-09-04 13:00:00,0.81402,0.81402,0.8134,0.81348,368,18,0
2026-09-04 13:15:00,0.81351,0.81413,0.81349,0.81409,323,18,0
2026-09-04 13:30:00,0.81411,0.81512,0.81408,0.81486,367,18,0
2026-09-04 13:45:00,0.81485,0.81516,0.81466,0.81487,341,18,0
2026-09-04 14:00:00,0.81491,0.81528,0.81444,0.81527,310,18,0
2026-09-04 14:15:00,0.81528,0.81541,0.81512,0.81512,253,18,0
2026-09-04 14:30:00,0.81513,0.81526,0.8148,0.81517,248,18,0
2026-09-04 14:45:00,0.81515,0.8152,0.81421,0.81436,285,18,0
2026-09-04 15:00:00,0.81437,0.81509,0.81423,0.81509,232,18,0
2026-09-04 15:15:00,0.81506,0.81508,0.81472,0.81473,181,18,0
2026-09-04 15:30:00,0.81472,0.81493,0.81465,0.81481,170,18,0
2026-09-04 15:45:00,0.81484,0.81488,0.81453,0.81468,148,18,0
2026-09-04 16:00:00,0.81469,0.81493,0.81464,0.8149,139,18,0
2026-09-04 16:15:00,0.81488,0.81527,0.81488,0.81495,127,18,0
2026-09-04 16:30:00,0.81494,0.81507,0.81487,0.81489,91,18,0
2026-09-04 16:45:00,0.8149,0.815,0.81477,0.81484,94,18,0
2026-09-04 17:00:00,0.81482,0.81482,0.81444,0.81444,114,18,0
2026-09-04 17:15:00,0.81443,0.81445,0.81411,0.81413,96,18,0
2026-09-04 17:30:00,0.81414,0.81418,0.81378,0.81378,87,18,0
2026-09-04 17:45:00,0.81376,0.81392,0.81374,0.81386,69,18,0
2026-09-04 18:00:00,0.81387,0.81395,0.81377,0.81385,93,18,0
2026-09-04 18:15:00,0.81383,0.81391,0.81369,0.8137,69,18,0
2026-09-04 18:30:00,0.81369,0.81373,0.81363,0.8137,75,18,0
2026-09-04 18:45:00,0.81371,0.8138,0.81363,0.8138,65,18,0
2026-09-04 19:00:00,0.81379,0.81379,0.8136,0.81362,56,18,0
2026-09-04 19:15:00,0.81363,0.8137,0.81355,0.81364,65,18,0
2026-09-04 19:30:00,0.81365,0.81375,0.81361,0.81374,71,18,0
2026-09-04 19:45:00,0.81376,0.81382,0.81356,0.81382,80,18,0
2026-09-04 20:00:00,0.81383,0.81383,0.81359,0.81371,68,18,0
2026-09-04 20:15:00,0.81373,0.81376,0.8136,0.81375,38,18,0
2026-09-04 20:30:00,0.81376,0.81376,0.81348,0.81363,52,18,0
2026-09-04 20:45:00,0.81364,0.81379,0.81363,0.81364,214,18,0
2026-09-06 21:00:00,0.81245,0.81295,0.81245,0.81295,5,60,0
2026-09-06 21:15:00,0.81296,0.81297,0.81232,0.81232,39,60,0
2026-09-06 21:30:00,0.81241,0.81321,0.81215,0.81215,120,60,0
2026-09-06 21:45:00,0.81228,0.81299,0.81203,0.81272,425,60,0
2026-09-06 22:00:00,0.81291,0.81349,0.81262,0.81338,98,18,0
2026-09-06 22:15:00,0.81339,0.81364,0.81339,0.81355,29,18,0
2026-09-06 22:30:00,0.81352,0.81352,0.81333,0.81337,34,18,0
2026-09-06 22:45:00,0.81339,0.81348,0.81337,0.81337,23,18,0
2026-09-06 23:00:00,0.8134,0.81356,0.8134,0.81355,31,18,0
2026-09-06 23:15:00,0.81354,0.81354,0.81343,0.81349,20,18,0
2026-09-06 23:30:00,0.81348,0.81364,0.81348,0.8136,28,18,0
2026-09-06 23:45:00,0.81362,0.81375,0.81358,0.81373,53,18,0
2026-09-07 00:00:00,0.81375,0.81393,0.81351,0.81371,160,18,0
2026-09-07 00:15:00,0.8137,0.81374,0.81342,0.81347,82,18,0
2026-09-07 00:30:00,0.81345,0.81351,0.81326,0.81338,100,18,0
2026-09-07 00:45:00,0.81339,0.81342,0.81309,0.81317,81,18,0
2026-09-07 01:00:00,0.8132,0.8132,0.81241,0.81249,149,18,0
2026-09-07 01:15:00,0.81251,0.81255,0.81228,0.81247,139,18,0
2026-09-07 01:30:00,0.81245,0.81254,0.81207,0.81214,114,18,0
2026-09-07 01:45:00,0.81211,0.81218,0.81186,0.81188,103,18,0
2026-09-07 02:00:00,0.81187,0.81198,0.81187,0.81194,89,18,0
2026-09-07 02:15:00,0.81196,0.81213,0.81187,0.81211,56,18,0
2026-09-07 02:30:00,0.81213,0.81225,0.81209,0.81216,62,18,0
2026-09-07 02:45:00,0.81217,0.81234,0.81199,0.81233,56,18,0
2026-09-07 03:00:00,0.81231,0.81251,0.81219,0.81223,69,18,0
2026-09-07 03:15:00,0.81225,0.81246,0.81221,0.81246,68,18,0
2026-09-07 03:30:00,0.81243,0.81246,0.81231,0.81234,48,18,0
2026-09-07 03:45:00,0.81236,0.81241,0.81229,0.81241,34,18,0
2026-09-07 04:00:00,0.81242,0.81256,0.81229,0.81252,47,18,0
2026-09-07 04:15:00,0.8125,0.81268,0.81243,0.81268,45,18,0
2026-09-07 04:30:00,0.81266,0.81269,0.81251,0.81255,54,18,0
2026-09-07 04:45:00,0.81256,0.81277,0.8125,0.81276,49,18,0
2026-09-07 05:00:00,0.81274,0.81279,0.81267,0.81269,44,18,0
2026-09-07 05:15:00,0.81268,0.81284,0.81262,0.81279,47,18,0
2026-09-07 05:30:00,0.81281,0.81291,0.81277,0.81279,50,18,0
2026-09-07 05:45:00,0.81283,0.81289,0.81275,0.81282,82,18,0
2026-09-07 06:00:00,0.8128,0.81284,0.81238,0.8125,121,18,0
2026-09-07 06:15:00,0.81252,0.81275,0.81236,0.81257,128,18,0
2026-09-07 06:30:00,0.8126,0.81299,0.8126,0.81285,116,18,0
2026-09-07 06:45:00,0.81283,0.81283,0.81264,0.81266,84,18,0
2026-09-07 07:00:00,0.81267,0.81268,0.81242,0.81259,133,18,0
2026-09-07 07:15:00,0.81257,0.8126,0.81216,0.81218,117,18,0
2026-09-07 07:30:00,0.8122,0.8125,0.81219,0.81225,150,18,0
2026-09-07 07:45:00,0.81227,0.81327,0.81225,0.81324,202,18,0
2026-09-07 08:00:00,0.81325,0.81358,0.81295,0.81342,256,18,0
2026-09-07 08:15:00,0.81343,0.81362,0.81334,0.81353,219,18,0
2026-09-07 08:30:00,0.81351,0.8138,0.81328,0.81328,175,18,0
2026-09-07 08:45:00,0.8133,0.81333,0.81311,0.81316,100,18,0
2026-09-07 09:00:00,0.81315,0.8133,0.81311,0.8133,84,18,0
2026-09-07 09:15:00,0.81329,0.8134,0.81321,0.81336,77,18,0
2026-09-07 09:30:00,0.81335,0.81335,0.81304,0.81306,74,18,0
2026-09-07 09:45:00,0.81305,0.81306,0.81276,0.81278,56,18,0
2026-09-07 10:00:00,0.81279,0.81288,0.81259,0.81259,74,18,0
2026-09-07 10:15:00,0.81261,0.81282,0.81256,0.8127,78,18,0
2026-09-07 10:30:00,0.81272,0.81279,0.8126,0.81277,57,18,0
2026-09-07 10:45:00,0.81278,0.81289,0.81261,0.81264,94,18,0
2026-09-07 11:00:00,0.81267,0.81267,0.81233,0.81258,112,18,0
2026-09-07 11:15:00,0.81255,0.81255,0.81203,0.81214,104,18,0
2026-09-07 11:30:00,0.81216,0.81226,0.81203,0.81206,80,18,0
2026-09-07 11:45:00,0.81205,0.81214,0.81194,0.81196,68,18,0
2026-09-07 12:00:00,0.81199,0.81207,0.81183,0.81183,76,18,0
2026-09-07 12:15:00,0.81182,0.81232,0.81182,0.81221,104,18,0
2026-09-07 12:30:00,0.8122,0.8122,0.8118,0.81188,95,18,0
2026-09-07 12:45:00,0.81187,0.81189,0.81173,0.81178,89,18,0
2026-09-07 13:00:00,0.81176,0.81205,0.8117,0.81203,77,18,0
2026-09-07 13:15:00,0.81204,0.81241,0.812,0.8123,72,18,0
2026-09-07 13:30:00,0.81229,0.81231,0.81218,0.8122,85,18,0
2026-09-07 13:45:00,0.81221,0.81228,0.81209,0.81228,101,18,0
2026-09-07 14:00:00,0.81229,0.81239,0.81201,0.81211,118,18,0
2026-09-07 14:15:00,0.81209,0.81221,0.81194,0.81196,94,18,0
2026-09-07 14:30:00,0.81199,0.81199,0.81179,0.81196,86,18,0
2026-09-07 14:45:00,0.81198,0.81199,0.81163,0.81168,80,18,0
2026-09-07 15:00:00,0.8117,0.81199,0.81168,0.8117,139,18,0
2026-09-07 15:15:00,0.81172,0.81188,0.81164,0.8118,65,18,0
2026-09-07 15:30:00,0.81182,0.81185,0.8117,0.81183,49,18,0
2026-09-07 15:45:00,0.81182,0.81182,0.81166,0.81168,41,18,0
2026-09-07 16:00:00,0.81169,0.81174,0.81159,0.81172,33,18,0
2026-09-07 16:15:00,0.81173,0.81185,0.81173,0.81176,29,18,0
2026-09-07 16:30:00,0.81175,0.81188,0.81174,0.81187,19,18,0
2026-09-07 16:45:00,0.81189,0.81189,0.81179,0.81182,25,18,0
2026-09-07 17:00:00,0.81181,0.81183,0.81174,0.81183,21,18,0
2026-09-07 17:15:00,0.8118,0.81183,0.81179,0.8118,18,18,0
2026-09-07 17:30:00,0.81179,0.81185,0.81178,0.81185,13,18,0
2026-09-07 17:45:00,0.81186,0.81186,0.81178,0.81178,11,18,0
2026-09-07 18:00:00,0.8118,0.81184,0.81178,0.81179,12,18,0
2026-09-07 18:15:00,0.81178,0.81182,0.81176,0.81182,8,18,0
2026-09-07 18:30:00,0.81183,0.8119,0.81183,0.8119,10,18,0
2026-09-07 18:45:00,0.81187,0.81189,0.81179,0.8118,18,18,0
2026-09-07 19:00:00,0.81181,0.81185,0.81175,0.81182,16,18,0
2026-09-07 19:15:00,0.81184,0.81186,0.81181,0.81182,11,18,0
2026-09-07 19:30:00,0.81181,0.81183,0.81178,0.81178,11,18,0
2026-09-07 19:45:00,0.81179,0.8118,0.81173,0.81175,10,18,0
2026-09-07 20:00:00,0.81177,0.81181,0.81163,0.81163,19,18,0
2026-09-07 20:15:00,0.81166,0.81167,0.81162,0.81166,11,18,0
2026-09-07 20:30:00,0.81167,0.81177,0.81165,0.81173,24,18,0
2026-09-07 20:45:00,0.81175,0.81188,0.81172,0.8118,27,18,0
2026-09-07 21:00:00,0.81181,0.81184,0.81152,0.81152,48,22,0
2026-09-07 21:15:00,0.8115,0.81156,0.81144,0.81156,12,48,0
2026-09-07 21:30:00,0.81158,0.81176,0.81155,0.81166,79,35,0
2026-09-07 21:45:00,0.81166,0.81179,0.81165,0.81178,41,43,0
2026-09-07 22:00:00,0.81201,0.81213,0.81176,0.81196,47,13,0
2026-09-07 22:15:00,0.81198,0.81202,0.81189,0.8119,24,13,0
2026-09-07 22:30:00,0.81192,0.81202,0.81186,0.81201,40,13,0
2026-09-07 22:45:00,0.81202,0.8121,0.81196,0.81199,33,13,0
2026-09-07 23:00:00,0.81195,0.81198,0.81185,0.81198,38,18,0
2026-09-07 23:15:00,0.81196,0.81199,0.8117,0.81197,78,18,0
2026-09-07 23:30:00,0.81198,0.81218,0.81193,0.81218,52,18,0
2026-09-07 23:45:00,0.81216,0.81219,0.81183,0.81197,56,18,0
2026-09-08 00:00:00,0.81196,0.81224,0.81165,0.81165,159,18,0
2026-09-08 00:15:00,0.81162,0.81199,0.81162,0.81188,134,18,0
2026-09-08 00:30:00,0.8119,0.81193,0.81156,0.81183,132,18,0
2026-09-08 00:45:00,0.81181,0.81197,0.8116,0.81164,104,18,0
2026-09-08 01:00:00,0.81161,0.81166,0.81089,0.81106,174,18,0
2026-09-08 01:15:00,0.81107,0.8115,0.81098,0.81126,154,18,0
2026-09-08 01:30:00,0.81129,0.81154,0.8111,0.81128,170,18,0
2026-09-08 01:45:00,0.81129,0.81132,0.81074,0.81076,125,18,0
2026-09-08 02:00:00,0.81078,0.81078,0.81034,0.81035,159,18,0
2026-09-08 02:15:00,0.81034,0.81049,0.81004,0.81018,156,18,0
2026-09-08 02:30:00,0.81016,0.81016,0.80966,0.80971,158,18,0
2026-09-08 02:45:00,0.80973,0.80984,0.80956,0.80969,118,18,0
2026-09-08 03:00:00,0.80971,0.80972,0.80961,0.80967,76,18,0
2026-09-08 03:15:00,0.80966,0.80966,0.8094,0.80941,81,18,0
2026-09-08 03:30:00,0.8094,0.80946,0.80926,0.80941,78,18,0
2026-09-08 03:45:00,0.80942,0.80951,0.80821,0.80836,259,18,0
2026-09-08 04:00:00,0.80838,0.80838,0.80764,0.80778,185,18,0
2026-09-08 04:15:00,0.80779,0.80841,0.80779,0.80816,108,18,0
2026-09-08 04:30:00,0.80814,0.80836,0.80804,0.80836,70,18,0
2026-09-08 04:45:00,0.80839,0.80857,0.80824,0.80857,64,18,0
2026-09-08 05:00:00,0.80861,0.80862,0.8084,0.80859,70,18,0
2026-09-08 05:15:00,0.80863,0.80885,0.8084,0.8085,92,18,0
2026-09-08 05:30:00,0.80849,0.80866,0.80835,0.80848,136,18,0
2026-09-08 05:45:00,0.80849,0.80858,0.8083,0.80857,104,18,0
2026-09-08 06:00:00,0.80854,0.80854,0.80772,0.80801,232,18,0
2026-09-08 06:15:00,0.80803,0.80803,0.80759,0.80791,211,18,0
2026-09-08 06:30:00,0.80794,0.8082,0.80776,0.80787,196,18,0
2026-09-08 06:45:00,0.80788,0.80799,0.80757,0.80762,146,18,0
2026-09-08 07:00:00,0.80758,0.80779,0.80717,0.80717,195,18,0
2026-09-08 07:15:00,0.80714,0.80719,0.80626,0.80669,250,18,0
2026-09-08 07:30:00,0.80667,0.80677,0.80598,0.80602,221,18,0
2026-09-08 07:45:00,0.80605,0.80607,0.80518,0.80588,206,18,0
2026-09-08 08:00:00,0.80586,0.80612,0.8056,0.80597,253,18,0
2026-09-08 08:15:00,0.80598,0.80631,0.8058,0.80582,190,18,0
2026-09-08 08:30:00,0.80584,0.80584,0.80563,0.80581,165,18,0
2026-09-08 08:45:00,0.80584,0.80615,0.80567,0.80586,211,18,0
2026-09-08 09:00:00,0.80585,0.8064,0.80575,0.80639,184,18,0
2026-09-08 09:15:00,0.80641,0.80661,0.80633,0.80645,160,18,0
2026-09-08 09:30:00,0.80643,0.80681,0.80642,0.80659,215,18,0
2026-09-08 09:45:00,0.80657,0.8068,0.8064,0.80647,161,18,0
2026-09-08 10:00:00,0.80649,0.80681,0.80636,0.80658,142,18,0
2026-09-08 10:15:00,0.80656,0.80694,0.80643,0.80669,191,18,0
2026-09-08 10:30:00,0.80667,0.80674,0.80648,0.80654,127,18,0
2026-09-08 10:45:00,0.80655,0.80684,0.80648,0.80675,114,18,0
2026-09-08 11:00:00,0.80676,0.80727,0.80671,0.80719,179,18,0
2026-09-08 11:15:00,0.80721,0.80735,0.80693,0.80696,148,18,0
2026-09-08 11:30:00,0.80698,0.80698,0.80635,0.80639,143,18,0
2026-09-08 11:45:00,0.80637,0.80639,0.80607,0.80619,121,18,0
2026-09-08 12:00:00,0.80618,0.80641,0.80612,0.80633,168,18,0
2026-09-08 12:15:00,0.80634,0.80665,0.80614,0.80661,170,18,0
2026-09-08 12:30:00,0.80665,0.80698,0.80665,0.80687,236,18,0
2026-09-08 12:45:00,0.80685,0.80718,0.80673,0.80718,177,18,0
2026-09-08 13:00:00,0.80716,0.80729,0.80679,0.80723,221,18,0
2026-09-08 13:15:00,0.80722,0.80723,0.80685,0.80707,175,18,0
2026-09-08 13:30:00,0.80705,0.80719,0.80693,0.80695,214,18,0
2026-09-08 13:45:00,0.80696,0.80723,0.80684,0.80712,190,18,0
2026-09-08 14:00:00,0.8071,0.80747,0.80667,0.80669,251,18,0
2026-09-08 14:15:00,0.8067,0.80689,0.80645,0.80649,180,18,0
2026-09-08 14:30:00,0.8065,0.8067,0.80635,0.80662,169,18,0
2026-09-08 14:45:00,0.80664,0.80743,0.80658,0.80742,242,18,0
2026-09-08 15:00:00,0.80741,0.80741,0.80666,0.80666,185,18,0
2026-09-08 15:15:00,0.80664,0.80685,0.80649,0.80672,162,18,0
2026-09-08 15:30:00,0.80676,0.80684,0.80661,0.80667,123,18,0
2026-09-08 15:45:00,0.80669,0.80671,0.80655,0.80655,111,18,0
2026-09-08 16:00:00,0.80654,0.80669,0.80643,0.80664,114,18,0
2026-09-08 16:15:00,0.80663,0.8069,0.8066,0.80688,107,18,0
2026-09-08 16:30:00,0.80687,0.80698,0.80685,0.80694,75,18,0
2026-09-08 16:45:00,0.80692,0.80707,0.80684,0.807,115,18,0
2026-09-08 17:00:00,0.80702,0.80754,0.80702,0.80745,114,18,0
2026-09-08 17:15:00,0.80747,0.80751,0.80738,0.80748,76,18,0
2026-09-08 17:30:00,0.8075,0.8075,0.8073,0.8073,81,18,0
2026-09-08 17:45:00,0.80732,0.80737,0.80724,0.80734,75,18,0
2026-09-08 18:00:00,0.80734,0.80745,0.80728,0.80733,57,18,0
2026-09-08 18:15:00,0.80732,0.8074,0.80723,0.80729,90,18,0
2026-09-08 18:30:00,0.8073,0.80744,0.80723,0.80741,69,18,0
2026-09-08 18:45:00,0.80743,0.80745,0.80688,0.80733,246,18,0
2026-09-08 19:00:00,0.80729,0.80733,0.80713,0.80727,125,18,0
2026-09-08 19:15:00,0.80726,0.80729,0.80701,0.80705,99,18,0
2026-09-08 19:30:00,0.80704,0.80704,0.8068,0.80691,78,18,0
2026-09-08 19:45:00,0.80692,0.80692,0.80654,0.80673,136,18,0
2026-09-08 20:00:00,0.80675,0.80683,0.80667,0.80677,78,18,0
2026-09-08 20:15:00,0.80678,0.80692,0.80673,0.80684,68,18,0
2026-09-08 20:30:00,0.80682,0.80709,0.80667,0.80673,97,18,0
2026-09-08 20:45:00,0.80671,0.80679,0.80654,0.80664,84,18,0
2026-09-08 21:00:00,0.80663,0.80664,0.80653,0.80653,17,22,0
2026-09-08 21:15:00,0.80651,0.80651,0.80641,0.80643,20,78,0
2026-09-08 21:30:00,0.80641,0.80664,0.80639,0.80654,101,92,0
2026-09-08 21:45:00,0.80657,0.80691,0.80637,0.80691,116,54,0
2026-09-08 22:00:00,0.80672,0.80708,0.80636,0.80697,99,13,0
2026-09-08 22:15:00,0.80696,0.80716,0.80688,0.80716,37,13,0
2026-09-08 22:30:00,0.80713,0.80713,0.80698,0.80698,29,13,0
2026-09-08 22:45:00,0.80697,0.80721,0.80697,0.80717,29,13,0
2026-09-08 23:00:00,0.80715,0.80715,0.80698,0.80698,28,18,0
2026-09-08 23:15:00,0.80697,0.80712,0.80697,0.80704,35,18,0
2026-09-08 23:30:00,0.80707,0.80715,0.80697,0.80702,37,18,0
2026-09-08 23:45:00,0.807,0.80709,0.80693,0.80703,70,18,0
2026-09-09 00:00:00,0.80706,0.8074,0.80691,0.80704,137,18,0
2026-09-09 00:15:00,0.80705,0.80736,0.80701,0.80734,92,18,0
2026-09-09 00:30:00,0.80736,0.80751,0.80727,0.80739,78,18,0
2026-09-09 00:45:00,0.80741,0.80742,0.80726,0.80738,80,18,0
2026-09-09 01:00:00,0.80737,0.80769,0.80721,0.80764,146,18,0
2026-09-09 01:15:00,0.80766,0.80766,0.80745,0.80748,92,18,0
2026-09-09 01:30:00,0.80749,0.80749,0.80698,0.80698,81,18,0
2026-09-09 01:45:00,0.80699,0.80737,0.80699,0.8073,92,18,0
2026-09-09 02:00:00,0.80731,0.80734,0.80709,0.80709,80,18,0
2026-09-09 02:15:00,0.8071,0.8072,0.80706,0.80709,53,18,0
2026-09-09 02:30:00,0.8071,0.80712,0.80695,0.80707,55,18,0
2026-09-09 02:45:00,0.80706,0.80715,0.80691,0.80704,68,18,0
2026-09-09 03:00:00,0.80702,0.80704,0.80676,0.80676,61,18,0
2026-09-09 03:15:00,0.80675,0.80675,0.80651,0.80652,49,18,0
2026-09-09 03:30:00,0.80649,0.80669,0.80636,0.80662,66,18,0
2026-09-09 03:45:00,0.80661,0.80668,0.80646,0.80647,49,18,0
2026-09-09 04:00:00,0.80645,0.80655,0.80619,0.80633,56,18,0
2026-09-09 04:15:00,0.80632,0.80634,0.80611,0.80623,63,18,0
2026-09-09 04:30:00,0.80625,0.80633,0.80613,0.80622,59,18,0
2026-09-09 04:45:00,0.80624,0.80645,0.80624,0.80645,46,18,0
2026-09-09 05:00:00,0.80647,0.80666,0.80639,0.80655,79,18,0
2026-09-09 05:15:00,0.80656,0.80673,0.80636,0.80672,72,18,0
2026-09-09 05:30:00,0.80674,0.80678,0.80636,0.80636,87,18,0
2026-09-09 05:45:00,0.80635,0.80669,0.80624,0.80669,81,18,0
2026-09-09 06:00:00,0.80667,0.80701,0.80664,0.80691,142,18,0
2026-09-09 06:15:00,0.8069,0.80704,0.8067,0.80673,152,18,0
2026-09-09 06:30:00,0.80674,0.8068,0.80649,0.80663,177,18,0
2026-09-09 06:45:00,0.80664,0.80681,0.80648,0.8068,97,18,0
2026-09-09 07:00:00,0.80682,0.8075,0.80682,0.8073,178,18,0
2026-09-09 07:15:00,0.80727,0.80736,0.80707,0.80722,145,18,0
2026-09-09 07:30:00,0.80723,0.80723,0.80684,0.80702,153,18,0
2026-09-09 07:45:00,0.80703,0.80707,0.80654,0.80668,155,18,0
2026-09-09 08:00:00,0.80666,0.80668,0.80584,0.80584,160,18,0
2026-09-09 08:15:00,0.80585,0.8059,0.8055,0.80558,105,18,0
2026-09-09 08:30:00,0.80557,0.80558,0.80523,0.80523,144,18,0
2026-09-09 08:45:00,0.80522,0.80526,0.80503,0.80518,120,18,0
2026-09-09 09:00:00,0.80519,0.8053,0.80493,0.8053,131,18,0
2026-09-09 09:15:00,0.80531,0.80535,0.80515,0.80526,107,18,0
2026-09-09 09:30:00,0.80528,0.8053,0.80496,0.805,102,18,0
2026-09-09 09:45:00,0.80498,0.80498,0.80445,0.80453,129,18,0
2026-09-09 10:00:00,0.80454,0.80463,0.80392,0.80392,157,18,0
2026-09-09 10:15:00,0.8039,0.80412,0.80372,0.80405,140,18,0
2026-09-09 10:30:00,0.80403,0.80425,0.80396,0.80422,74,18,0
2026-09-09 10:45:00,0.80421,0.80447,0.80418,0.80447,107,18,0
2026-09-09 11:00:00,0.80445,0.80452,0.80428,0.80428,98,18,0
2026-09-09 11:15:00,0.8043,0.80496,0.80425,0.80492,124,18,0
2026-09-09 11:30:00,0.80489,0.80498,0.80454,0.80494,166,18,0
2026-09-09 11:45:00,0.80495,0.80562,0.80495,0.80533,245,18,0
2026-09-09 12:00:00,0.80535,0.80593,0.80535,0.80582,193,18,0
2026-09-09 12:15:00,0.80583,0.80628,0.80575,0.80618,182,18,0
2026-09-09 12:30:00,0.80617,0.80647,0.80602,0.80616,153,18,0
2026-09-09 12:45:00,0.80617,0.80635,0.80608,0.80634,147,18,0
2026-09-09 13:00:00,0.80636,0.80678,0.80632,0.80665,187,18,0
2026-09-09 13:15:00,0.80663,0.80697,0.80647,0.80693,172,18,0
2026-09-09 13:30:00,0.8069,0.80722,0.80689,0.80708,247,18,0
2026-09-09 13:45:00,0.8071,0.80741,0.80706,0.80726,207,18,0
2026-09-09 14:00:00,0.80727,0.80731,0.80698,0.80724,196,18,0
2026-09-09 14:15:00,0.80721,0.80721,0.80657,0.80689,238,18,0
2026-09-09 14:30:00,0.80688,0.807,0.8067,0.80692,181,18,0
2026-09-09 14:45:00,0.80695,0.80739,0.80691,0.80739,227,18,0
2026-09-09 15:00:00,0.8074,0.80752,0.8063,0.80653,424,18,0
2026-09-09 15:15:00,0.80655,0.80698,0.80651,0.80671,260,18,0
2026-09-09 15:30:00,0.80669,0.807,0.80667,0.80685,222,18,0
2026-09-09 15:45:00,0.80687,0.80692,0.80626,0.80632,182,18,0
2026-09-09 16:00:00,0.80631,0.80654,0.80611,0.8062,168,18,0
2026-09-09 16:15:00,0.80619,0.80619,0.8059,0.80602,130,18,0
2026-09-09 16:30:00,0.80604,0.8063,0.80597,0.80624,126,18,0
2026-09-09 16:45:00,0.80623,0.80643,0.80622,0.80638,103,18,0
2026-09-09 17:00:00,0.80635,0.80648,0.80633,0.80637,138,18,0
2026-09-09 17:15:00,0.80638,0.80647,0.80628,0.80628,93,18,0
2026-09-09 17:30:00,0.80627,0.80639,0.80615,0.80639,80,18,0
2026-09-09 17:45:00,0.8064,0.80647,0.80635,0.80635,36,18,0
2026-09-09 18:00:00,0.80636,0.80646,0.8063,0.80635,66,18,0
2026-09-09 18:15:00,0.80636,0.80636,0.8061,0.80614,62,18,0
2026-09-09 18:30:00,0.80613,0.80613,0.80594,0.80594,58,18,0
2026-09-09 18:45:00,0.80593,0.80594,0.80572,0.80576,71,18,0
2026-09-09 19:00:00,0.80572,0.80583,0.80564,0.80581,67,18,0
2026-09-09 19:15:00,0.80582,0.80597,0.80577,0.80589,42,18,0
2026-09-09 19:30:00,0.80591,0.80597,0.80578,0.80586,43,18,0
2026-09-09 19:45:00,0.80587,0.80595,0.80571,0.80595,59,18,0
2026-09-09 20:00:00,0.80593,0.80593,0.80567,0.80573,40,18,0
2026-09-09 20:15:00,0.80572,0.80581,0.80572,0.80581,30,18,0
2026-09-09 20:30:00,0.80584,0.80588,0.80566,0.80575,47,18,0
2026-09-09 20:45:00,0.80573,0.80586,0.80567,0.80576,45,18,0
2026-09-09 21:00:00,0.80573,0.80576,0.80569,0.80569,7,29,0
2026-09-09 21:15:00,0.80567,0.80567,0.80537,0.80537,32,38,0
2026-09-09 21:30:00,0.80534,0.80543,0.80503,0.80543,72,59,0
2026-09-09 21:45:00,0.8054,0.80566,0.8054,0.80553,49,34,0
2026-09-09 22:00:00,0.80566,0.80604,0.8055,0.80585,68,13,0
2026-09-09 22:15:00,0.80586,0.8061,0.80586,0.80605,42,13,0
2026-09-09 22:30:00,0.80606,0.80616,0.80601,0.80614,47,13,0
2026-09-09 22:45:00,0.80613,0.80621,0.80606,0.80619,27,13,0
2026-09-09 23:00:00,0.80616,0.80623,0.80603,0.80621,36,18,0
2026-09-09 23:15:00,0.80624,0.80646,0.80618,0.80643,34,18,0
2026-09-09 23:30:00,0.80645,0.80656,0.8064,0.80656,32,18,0
2026-09-09 23:45:00,0.8066,0.80683,0.80653,0.80655,82,18,0
2026-09-10 00:00:00,0.80657,0.80662,0.80622,0.80662,148,18,0
2026-09-10 00:15:00,0.80663,0.80711,0.80656,0.80677,156,18,0
2026-09-10 00:30:00,0.80679,0.80702,0.80659,0.80698,105,18,0
2026-09-10 00:45:00,0.80696,0.80712,0.80677,0.80688,131,18,0
2026-09-10 01:00:00,0.80689,0.80736,0.80686,0.80729,143,18,0
2026-09-10 01:15:00,0.80725,0.80747,0.80686,0.80686,116,18,0
2026-09-10 01:30:00,0.80685,0.8075,0.80677,0.80746,158,18,0
