time,open,high,low,close,tick_volume,spread,real_volume
2026-04-16 19:30:00,93.728,93.73,93.707,93.718,161,14,0
2026-04-16 19:45:00,93.721,93.728,93.702,93.717,160,14,0
2026-04-16 20:00:00,93.719,93.73,93.704,93.729,126,14,0
2026-04-16 20:15:00,93.728,93.73,93.714,93.719,82,14,0
2026-04-16 20:30:00,93.721,93.757,93.721,93.757,56,14,0
2026-04-16 20:45:00,93.754,93.755,93.708,93.725,102,14,0
2026-04-16 21:00:00,93.702,93.738,93.702,93.735,24,83,0
2026-04-16 21:15:00,93.734,93.758,93.663,93.704,138,89,0
2026-04-16 21:30:00,93.71,93.737,93.693,93.734,137,64,0
2026-04-16 21:45:00,93.736,93.76,93.726,93.744,121,53,0
2026-04-16 22:00:00,93.738,93.738,93.657,93.675,107,43,0
2026-04-16 22:15:00,93.671,93.694,93.671,93.692,57,43,0
2026-04-16 22:30:00,93.697,93.732,93.697,93.724,50,43,0
2026-04-16 22:45:00,93.722,93.725,93.7,93.711,34,43,0
2026-04-16 23:00:00,93.726,93.752,93.726,93.732,65,14,0
2026-04-16 23:15:00,93.734,93.764,93.732,93.75,78,14,0
2026-04-16 23:30:00,93.749,93.77,93.718,93.718,93,14,0
2026-04-16 23:45:00,93.715,93.735,93.679,93.69,137,14,0
2026-04-17 00:00:00,93.688,93.712,93.666,93.693,310,14,0
2026-04-17 00:15:00,93.69,93.737,93.687,93.728,218,14,0
2026-04-17 00:30:00,93.726,93.756,93.721,93.756,200,14,0
2026-04-17 00:45:00,93.754,93.796,93.742,93.786,308,14,0
2026-04-17 01:00:00,93.788,93.817,93.728,93.764,366,14,0
2026-04-17 01:15:00,93.762,93.801,93.735,93.735,199,14,0
2026-04-17 01:30:00,93.738,93.756,93.72,93.749,213,14,0
2026-04-17 01:45:00,93.747,93.759,93.729,93.757,196,14,0
2026-04-17 02:00:00,93.758,93.776,93.747,93.769,180,14,0
2026-04-17 02:15:00,93.77,93.792,93.764,93.769,145,14,0
2026-04-17 02:30:00,93.77,93.802,93.768,93.769,106,14,0
2026-04-17 02:45:00,93.768,93.787,93.762,93.764,99,14,0
2026-04-17 03:00:00,93.762,93.792,93.762,93.772,116,14,0
2026-04-17 03:15:00,93.773,93.776,93.738,93.745,126,14,0
2026-04-17 03:30:00,93.746,93.821,93.746,93.806,186,14,0
2026-04-17 03:45:00,93.807,93.813,93.793,93.793,98,14,0
2026-04-17 04:00:00,93.792,93.818,93.785,93.817,116,14,0
2026-04-17 04:15:00,93.818,93.866,93.815,93.861,170,14,0
2026-04-17 04:30:00,93.862,93.862,93.844,93.854,80,14,0
2026-04-17 04:45:00,93.853,93.894,93.847,93.89,105,14,0
2026-04-17 05:00:00,93.891,93.93,93.865,93.913,205,14,0
2026-04-17 05:15:00,93.915,93.933,93.908,93.919,134,14,0
2026-04-17 05:30:00,93.921,93.926,93.889,93.897,155,14,0
2026-04-17 05:45:00,93.896,93.914,93.892,93.9,111,14,0
2026-04-17 06:00:00,93.898,93.915,93.836,93.836,287,14,0
2026-04-17 06:15:00,93.835,93.85,93.801,93.803,218,14,0
2026-04-17 06:30:00,93.805,93.807,93.772,93.787,219,14,0
2026-04-17 06:45:00,93.789,93.795,93.745,93.752,191,14,0
2026-04-17 07:00:00,93.755,93.768,93.718,93.731,278,14,0
2026-04-17 07:15:00,93.73,93.77,93.728,93.767,221,14,0
2026-04-17 07:30:00,93.768,93.783,93.754,93.777,218,14,0
2026-04-17 07:45:00,93.78,93.807,93.773,93.78,243,14,0
2026-04-17 08:00:00,93.778,93.79,93.7,93.708,273,14,0
2026-04-17 08:15:00,93.709,93.739,93.699,93.734,193,14,0
2026-04-17 08:30:00,93.735,93.804,93.728,93.8,213,14,0
2026-04-17 08:45:00,93.797,93.807,93.772,93.779,218,14,0
2026-04-17 09:00:00,93.777,93.799,93.729,93.734,248,14,0
2026-04-17 09:15:00,93.735,93.767,93.732,93.748,151,14,0
2026-04-17 09:30:00,93.747,93.747,93.637,93.656,275,14,0
2026-04-17 09:45:00,93.655,93.655,93.602,93.613,238,14,0
2026-04-17 10:00:00,93.61,93.637,93.602,93.632,194,14,0
2026-04-17 10:15:00,93.633,93.661,93.629,93.657,109,14,0
2026-04-17 10:30:00,93.658,93.674,93.581,93.609,184,14,0
2026-04-17 10:45:00,93.61,93.655,93.601,93.628,202,14,0
2026-04-17 11:00:00,93.627,93.647,93.596,93.629,141,14,0
2026-04-17 11:15:00,93.626,93.666,93.624,93.655,139,14,0
2026-04-17 11:30:00,93.657,93.715,93.655,93.712,156,14,0
2026-04-17 11:45:00,93.714,93.716,93.683,93.684,150,14,0
2026-04-17 12:00:00,93.686,93.708,93.669,93.703,235,14,0
2026-04-17 12:15:00,93.705,93.714,93.682,93.709,368,14,0
2026-04-17 12:30:00,93.707,93.746,93.675,93.704,453,14,0
2026-04-17 12:45:00,93.701,93.828,93.684,93.785,1942,14,0
2026-04-17 13:00:00,93.783,93.817,93.72,93.806,1394,14,0
2026-04-17 13:15:00,93.804,93.804,93.711,93.771,1260,14,0
2026-04-17 13:30:00,93.769,93.772,93.64,93.697,1107,14,0
2026-04-17 13:45:00,93.699,93.704,93.612,93.644,1212,14,0
2026-04-17 14:00:00,93.641,93.646,93.488,93.503,787,14,0
2026-04-17 14:15:00,93.501,93.561,93.435,93.497,834,14,0
2026-04-17 14:30:00,93.499,93.504,93.336,93.344,797,14,0
2026-04-17 14:45:00,93.341,93.386,93.274,93.378,794,14,0
2026-04-17 15:00:00,93.38,93.387,93.31,93.376,827,14,0
2026-04-17 15:15:00,93.374,93.378,93.3,93.373,625,14,0
2026-04-17 15:30:00,93.372,93.416,93.357,93.379,623,14,0
2026-04-17 15:45:00,93.377,93.432,93.377,93.406,490,14,0
2026-04-17 16:00:00,93.408,93.427,93.377,93.377,424,14,0
2026-04-17 16:15:00,93.378,93.411,93.358,93.4,348,14,0
2026-04-17 16:30:00,93.402,93.408,93.34,93.364,241,14,0
2026-04-17 16:45:00,93.365,93.37,93.324,93.348,236,14,0
2026-04-17 17:00:00,93.351,93.368,93.315,93.324,433,14,0
2026-04-17 17:15:00,93.326,93.341,93.299,93.335,445,14,0
2026-04-17 17:30:00,93.333,93.358,93.328,93.339,267,14,0
2026-04-17 17:45:00,93.34,93.355,93.314,93.355,193,14,0
2026-04-17 18:00:00,93.356,93.373,93.335,93.339,216,14,0
2026-04-17 18:15:00,93.336,93.345,93.309,93.323,258,14,0
2026-04-17 18:30:00,93.325,93.352,93.324,93.338,233,14,0
2026-04-17 18:45:00,93.34,93.358,93.287,93.323,312,14,0
2026-04-17 19:00:00,93.321,93.373,93.301,93.363,307,14,0
2026-04-17 19:15:00,93.364,93.371,93.341,93.362,175,14,0
2026-04-17 19:30:00,93.363,93.388,93.355,93.363,199,14,0
2026-04-17 19:45:00,93.365,93.369,93.339,93.351,188,14,0
2026-04-17 20:00:00,93.35,93.381,93.345,93.359,177,14,0
2026-04-17 20:15:00,93.36,93.382,93.35,93.368,185,14,0
2026-04-17 20:30:00,93.369,93.38,93.339,93.35,235,14,0
2026-04-17 20:45:00,93.347,93.347,93.269,93.279,339,14,0
2026-04-19 21:00:00,93.008,93.011,93.008,93.011,2,105,0
2026-04-19 21:15:00,92.988,92.994,92.902,92.983,97,55,0
2026-04-19 21:30:00,92.981,92.984,92.907,92.936,140,43,0
2026-04-19 21:45:00,92.939,92.998,92.922,92.972,217,37,0
2026-04-19 22:00:00,92.97,93.135,92.958,93.124,404,36,0
2026-04-19 22:15:00,93.125,93.181,93.114,93.175,248,35,0
2026-04-19 22:30:00,93.176,93.301,93.176,93.296,226,35,0
2026-04-19 22:45:00,93.294,93.296,93.273,93.284,125,33,0
2026-04-19 23:00:00,93.294,93.32,93.273,93.283,232,14,0
2026-04-19 23:15:00,93.281,93.341,93.261,93.324,279,14,0
2026-04-19 23:30:00,93.327,93.35,93.29,93.35,258,14,0
2026-04-19 23:45:00,93.352,93.358,93.322,93.343,300,14,0
2026-04-20 00:00:00,93.345,93.483,93.326,93.428,621,14,0
2026-04-20 00:15:00,93.431,93.492,93.431,93.473,470,14,0
2026-04-20 00:30:00,93.472,93.489,93.425,93.45,309,14,0
2026-04-20 00:45:00,93.448,93.45,93.344,93.426,483,14,0
2026-04-20 01:00:00,93.428,93.451,93.392,93.414,457,14,0
2026-04-20 01:15:00,93.416,93.421,93.366,93.388,280,14,0
2026-04-20 01:30:00,93.39,93.406,93.372,93.389,359,14,0
2026-04-20 01:45:00,93.387,93.397,93.34,93.351,228,14,0
2026-04-20 02:00:00,93.353,93.402,93.347,93.384,262,14,0
2026-04-20 02:15:00,93.385,93.415,93.378,93.4,176,14,0
2026-04-20 02:30:00,93.402,93.418,93.371,93.372,206,14,0
2026-04-20 02:45:00,93.373,93.409,93.373,93.404,176,14,0
2026-04-20 03:00:00,93.403,93.42,93.387,93.408,164,14,0
2026-04-20 03:15:00,93.405,93.412,93.387,93.387,148,14,0
2026-04-20 03:30:00,93.385,93.431,93.368,93.423,182,14,0
2026-04-20 03:45:00,93.421,93.422,93.394,93.398,127,14,0
2026-04-20 04:00:00,93.4,93.423,93.38,93.388,125,14,0
2026-04-20 04:15:00,93.389,93.411,93.387,93.405,101,14,0
2026-04-20 04:30:00,93.404,93.431,93.397,93.431,120,14,0
2026-04-20 04:45:00,93.433,93.455,93.405,93.407,155,14,0
2026-04-20 05:00:00,93.404,93.433,93.389,93.4,161,14,0
2026-04-20 05:15:00,93.402,93.413,93.347,93.36,179,14,0
2026-04-20 05:30:00,93.357,93.369,93.282,93.292,287,14,0
2026-04-20 05:45:00,93.29,93.317,93.276,93.276,260,14,0
2026-04-20 06:00:00,93.273,93.287,93.222,93.249,373,14,0
2026-04-20 06:15:00,93.246,93.253,93.197,93.23,272,14,0
2026-04-20 06:30:00,93.232,93.281,93.232,93.255,317,14,0
2026-04-20 06:45:00,93.256,93.334,93.211,93.317,453,14,0
2026-04-20 07:00:00,93.319,93.34,93.278,93.292,441,14,0
2026-04-20 07:15:00,93.29,93.318,93.244,93.29,339,14,0
2026-04-20 07:30:00,93.288,93.293,93.215,93.293,504,14,0
2026-04-20 07:45:00,93.291,93.31,93.213,93.268,401,14,0
2026-04-20 08:00:00,93.27,93.356,93.27,93.345,445,14,0
2026-04-20 08:15:00,93.343,93.354,93.279,93.307,301,14,0
2026-04-20 08:30:00,93.31,93.36,93.296,93.337,268,14,0
2026-04-20 08:45:00,93.335,93.356,93.309,93.32,246,14,0
2026-04-20 09:00:00,93.318,93.375,93.316,93.359,270,14,0
2026-04-20 09:15:00,93.362,93.404,93.357,93.369,411,14,0
2026-04-20 09:30:00,93.371,93.43,93.369,93.43,234,14,0
2026-04-20 09:45:00,93.429,93.456,93.421,93.446,199,14,0
2026-04-20 10:00:00,93.444,93.485,93.441,93.475,245,14,0
2026-04-20 10:15:00,93.473,93.481,93.433,93.437,203,14,0
2026-04-20 10:30:00,93.44,93.451,93.419,93.419,151,14,0
2026-04-20 10:45:00,93.421,93.43,93.404,93.427,195,14,0
2026-04-20 11:00:00,93.429,93.433,93.381,93.395,196,14,0
2026-04-20 11:15:00,93.393,93.409,93.382,93.393,175,14,0
2026-04-20 11:30:00,93.392,93.422,93.38,93.405,205,14,0
2026-04-20 11:45:00,93.404,93.45,93.392,93.45,263,14,0
2026-04-20 12:00:00,93.448,93.448,93.404,93.419,321,14,0
2026-04-20 12:15:00,93.421,93.421,93.388,93.394,217,14,0
2026-04-20 12:30:00,93.393,93.431,93.386,93.425,243,14,0
2026-04-20 12:45:00,93.424,93.45,93.396,93.396,232,14,0
2026-04-20 13:00:00,93.399,93.421,93.361,93.381,522,14,0
2026-04-20 13:15:00,93.383,93.415,93.359,93.399,325,14,0
2026-04-20 13:30:00,93.401,93.416,93.358,93.393,455,14,0
2026-04-20 13:45:00,93.39,93.447,93.389,93.432,422,14,0
2026-04-20 14:00:00,93.43,93.442,93.391,93.422,377,14,0
2026-04-20 14:15:00,93.423,93.455,93.403,93.421,382,14,0
2026-04-20 14:30:00,93.422,93.426,93.339,93.367,433,14,0
2026-04-20 14:45:00,93.365,93.455,93.33,93.407,1006,14,0
2026-04-20 15:00:00,93.409,93.452,93.374,93.44,476,14,0
2026-04-20 15:15:00,93.442,93.487,93.432,93.465,508,14,0
2026-04-20 15:30:00,93.463,93.465,93.439,93.444,359,14,0
2026-04-20 15:45:00,93.442,93.468,93.429,93.462,318,14,0
2026-04-20 16:00:00,93.465,93.484,93.451,93.457,225,14,0
2026-04-20 16:15:00,93.459,93.466,93.421,93.44,186,14,0
2026-04-20 16:30:00,93.441,93.452,93.398,93.446,246,14,0
2026-04-20 16:45:00,93.444,93.466,93.44,93.444,178,14,0
2026-04-20 17:00:00,93.443,93.503,93.441,93.501,226,14,0
2026-04-20 17:15:00,93.502,93.505,93.482,93.483,122,14,0
2026-04-20 17:30:00,93.486,93.49,93.454,93.454,226,14,0
2026-04-20 17:45:00,93.455,93.489,93.455,93.483,145,14,0
2026-04-20 18:00:00,93.486,93.509,93.483,93.491,219,14,0
2026-04-20 18:15:00,93.489,93.508,93.478,93.494,187,14,0
2026-04-20 18:30:00,93.492,93.523,93.49,93.518,192,14,0
2026-04-20 18:45:00,93.52,93.565,93.514,93.559,291,14,0
2026-04-20 19:00:00,93.556,93.572,93.538,93.567,188,14,0
2026-04-20 19:15:00,93.568,93.578,93.555,93.555,107,14,0
2026-04-20 19:30:00,93.552,93.566,93.549,93.562,108,14,0
2026-04-20 19:45:00,93.564,93.582,93.558,93.575,118,14,0
2026-04-20 20:00:00,93.577,93.578,93.544,93.559,106,14,0
2026-04-20 20:15:00,93.56,93.56,93.538,93.538,51,14,0
2026-04-20 20:30:00,93.539,93.596,93.539,93.592,154,14,0
2026-04-20 20:45:00,93.594,93.606,93.542,93.549,158,14,0
2026-04-20 21:00:00,93.531,93.531,93.13,93.347,14,61,0
2026-04-20 21:15:00,93.359,93.425,93.313,93.399,139,104,0
2026-04-20 21:30:00,93.388,93.461,93.354,93.461,223,82,0
2026-04-20 21:45:00,93.46,93.464,93.365,93.422,252,81,0
2026-04-20 22:00:00,93.444,93.528,93.443,93.477,91,47,0
2026-04-20 22:15:00,93.478,93.497,93.478,93.49,19,43,0
2026-04-20 22:30:00,93.489,93.53,93.488,93.522,67,43,0
2026-04-20 22:45:00,93.527,93.887,93.527,93.887,317,43,0
2026-04-20 23:00:00,93.901,93.929,93.843,93.869,333,14,0
2026-04-20 23:15:00,93.867,93.874,93.847,93.853,117,14,0
2026-04-20 23:30:00,93.851,93.851,93.814,93.821,141,14,0
2026-04-20 23:45:00,93.818,93.837,93.793,93.803,184,14,0
2026-04-21 00:00:00,93.806,93.916,93.803,93.898,348,14,0
2026-04-21 00:15:00,93.895,93.956,93.888,93.92,257,14,0
2026-04-21 00:30:00,93.921,93.984,93.905,93.964,226,14,0
2026-04-21 00:45:00,93.966,94.001,93.961,93.985,412,14,0
2026-04-21 01:00:00,93.986,93.996,93.967,93.98,218,14,0
2026-04-21 01:15:00,93.982,94.02,93.97,94.02,189,14,0
2026-04-21 01:30:00,94.018,94.099,94.018,94.095,215,14,0
2026-04-21 01:45:00,94.092,94.092,94.051,94.061,227,14,0
2026-04-21 02:00:00,94.062,94.082,94.026,94.079,167,14,0
2026-04-21 02:15:00,94.078,94.078,94.029,94.043,135,14,0
2026-04-21 02:30:00,94.044,94.045,93.962,93.962,132,14,0
2026-04-21 02:45:00,93.96,93.988,93.938,93.988,145,14,0
2026-04-21 03:00:00,93.989,93.991,93.856,93.856,209,14,0
2026-04-21 03:15:00,93.854,93.873,93.789,93.842,242,14,0
2026-04-21 03:30:00,93.843,93.893,93.835,93.866,177,14,0
2026-04-21 03:45:00,93.868,93.885,93.863,93.875,121,14,0
2026-04-21 04:00:00,93.872,93.89,93.866,93.868,102,14,0
2026-04-21 04:15:00,93.867,93.901,93.865,93.9,98,14,0
2026-04-21 04:30:00,93.901,93.913,93.891,93.901,62,14,0
2026-04-21 04:45:00,93.899,93.901,93.854,93.869,104,14,0
2026-04-21 05:00:00,93.87,93.896,93.862,93.886,185,14,0
2026-04-21 05:15:00,93.888,93.974,93.888,93.957,171,14,0
2026-04-21 05:30:00,93.959,93.965,93.905,93.905,177,14,0
2026-04-21 05:45:00,93.903,93.925,93.87,93.884,170,14,0
2026-04-21 06:00:00,93.881,93.915,93.83,93.905,334,14,0
2026-04-21 06:15:00,93.903,93.916,93.851,93.878,246,14,0
2026-04-21 06:30:00,93.881,93.907,93.865,93.894,253,14,0
2026-04-21 06:45:00,93.891,93.941,93.882,93.914,226,14,0
2026-04-21 07:00:00,93.916,93.946,93.863,93.879,396,14,0
2026-04-21 07:15:00,93.88,93.947,93.88,93.936,308,14,0
2026-04-21 07:30:00,93.938,93.95,93.872,93.891,269,14,0
2026-04-21 07:45:00,93.89,93.936,93.876,93.893,367,14,0
2026-04-21 08:00:00,93.891,93.945,93.82,93.848,625,14,0
2026-04-21 08:15:00,93.849,93.983,93.848,93.962,372,14,0
2026-04-21 08:30:00,93.964,93.987,93.916,93.96,342,14,0
2026-04-21 08:45:00,93.958,93.974,93.906,93.964,223,14,0
2026-04-21 09:00:00,93.962,93.979,93.931,93.931,255,14,0
2026-04-21 09:15:00,93.932,93.955,93.896,93.905,251,14,0
2026-04-21 09:30:00,93.903,93.92,93.894,93.916,158,14,0
2026-04-21 09:45:00,93.914,93.991,93.912,93.96,224,14,0
2026-04-21 10:00:00,93.962,93.992,93.923,93.987,220,14,0
2026-04-21 10:15:00,93.985,93.994,93.958,93.991,162,14,0
2026-04-21 10:30:00,93.989,94.009,93.968,93.987,118,14,0
2026-04-21 10:45:00,93.985,94.001,93.966,93.985,149,14,0
2026-04-21 11:00:00,93.986,94.036,93.936,93.999,396,14,0
2026-04-21 11:15:00,93.997,94.038,93.987,94.014,195,14,0
2026-04-21 11:30:00,94.012,94.049,94.006,94.038,172,14,0
2026-04-21 11:45:00,94.036,94.06,94.012,94.012,247,14,0
2026-04-21 12:00:00,94.01,94.022,93.967,93.967,272,14,0
2026-04-21 12:15:00,93.969,94.006,93.943,94.006,250,14,0
2026-04-21 12:30:00,93.999,94.008,93.938,93.942,504,14,0
2026-04-21 12:45:00,93.944,93.996,93.922,93.978,366,14,0
2026-04-21 13:00:00,93.979,94.028,93.979,93.984,299,14,0
2026-04-21 13:15:00,93.985,94.017,93.98,94.0,299,14,0
2026-04-21 13:30:00,93.997,94.016,93.974,94.005,422,14,0
2026-04-21 13:45:00,94.007,94.122,93.98,94.115,399,14,0
2026-04-21 14:00:00,94.117,94.148,94.093,94.137,295,14,0
2026-04-21 14:15:00,94.136,94.172,94.124,94.169,312,14,0
2026-04-21 14:30:00,94.17,94.18,94.097,94.099,470,14,0
2026-04-21 14:45:00,94.101,94.13,94.039,94.067,706,14,0
2026-04-21 15:00:00,94.07,94.123,94.03,94.085,536,14,0
2026-04-21 15:15:00,94.084,94.142,94.035,94.052,364,14,0
2026-04-21 15:30:00,94.05,94.077,93.981,94.06,473,14,0
2026-04-21 15:45:00,94.062,94.12,94.061,94.096,328,14,0
2026-04-21 16:00:00,94.099,94.145,94.093,94.142,427,14,0
2026-04-21 16:15:00,94.143,94.157,94.066,94.078,310,14,0
2026-04-21 16:30:00,94.076,94.099,94.012,94.014,273,14,0
2026-04-21 16:45:00,94.011,94.049,93.97,93.976,227,14,0
2026-04-21 17:00:00,93.974,93.992,93.806,93.826,672,14,0
2026-04-21 17:15:00,93.828,93.848,93.772,93.845,421,14,0
2026-04-21 17:30:00,93.843,94.007,93.843,93.941,998,14,0
2026-04-21 17:45:00,93.94,93.971,93.878,93.901,461,14,0
2026-04-21 18:00:00,93.9,93.926,93.892,93.904,332,14,0
2026-04-21 18:15:00,93.905,93.915,93.827,93.842,585,14,0
2026-04-21 18:30:00,93.844,93.875,93.838,93.846,263,14,0
2026-04-21 18:45:00,93.847,93.935,93.847,93.929,523,14,0
2026-04-21 19:00:00,93.926,93.949,93.898,93.923,607,14,0
2026-04-21 19:15:00,93.925,93.952,93.916,93.949,430,14,0
2026-04-21 19:30:00,93.946,93.962,93.717,93.741,885,14,0
2026-04-21 19:45:00,93.743,93.8,93.72,93.759,658,14,0
2026-04-21 20:00:00,93.761,93.975,93.756,93.926,2251,14,0
2026-04-21 20:15:00,93.929,94.032,93.905,93.995,575,14,0
2026-04-21 20:30:00,93.993,94.0,93.897,93.903,232,14,0
2026-04-21 20:45:00,93.902,93.948,93.89,93.916,274,14,0
2026-04-21 21:00:00,93.902,93.904,93.815,93.834,42,49,0
2026-04-21 21:15:00,93.819,93.856,93.785,93.823,228,68,0
2026-04-21 21:30:00,93.828,93.879,93.808,93.879,170,49,0
2026-04-21 21:45:00,93.879,93.901,93.87,93.889,122,38,0
2026-04-21 22:00:00,93.897,93.92,93.875,93.909,91,43,0
2026-04-21 22:15:00,93.907,93.938,93.897,93.923,59,43,0
2026-04-21 22:30:00,93.929,93.932,93.906,93.915,88,43,0
2026-04-21 22:45:00,93.914,93.93,93.899,93.929,81,43,0
2026-04-21 23:00:00,93.945,93.977,93.936,93.968,103,14,0
2026-04-21 23:15:00,93.969,93.985,93.95,93.976,96,14,0
2026-04-21 23:30:00,93.978,93.994,93.97,93.985,88,14,0
2026-04-21 23:45:00,93.987,94.021,93.965,93.984,202,14,0
2026-04-22 00:00:00,93.981,94.056,93.977,94.037,378,14,0
2026-04-22 00:15:00,94.035,94.075,94.029,94.051,304,14,0
2026-04-22 00:30:00,94.049,94.071,94.044,94.065,280,14,0
2026-04-22 00:45:00,94.064,94.086,94.018,94.058,474,14,0
2026-04-22 01:00:00,94.06,94.069,94.018,94.039,271,14,0
2026-04-22 01:15:00,94.037,94.061,94.022,94.036,200,14,0
2026-04-22 01:30:00,94.035,94.072,94.026,94.029,260,14,0
2026-04-22 01:45:00,94.03,94.046,94.014,94.033,204,14,0
2026-04-22 02:00:00,94.035,94.099,94.035,94.091,239,14,0
2026-04-22 02:15:00,94.093,94.096,94.069,94.091,120,14,0
2026-04-22 02:30:00,94.093,94.096,94.071,94.086,139,14,0
2026-04-22 02:45:00,94.088,94.108,94.076,94.079,162,14,0
2026-04-22 03:00:00,94.078,94.117,94.042,94.091,205,14,0
2026-04-22 03:15:00,94.092,94.125,94.092,94.118,134,14,0
2026-04-22 03:30:00,94.12,94.145,94.114,94.118,126,14,0
2026-04-22 03:45:00,94.116,94.135,94.115,94.123,131,14,0
2026-04-22 04:00:00,94.124,94.143,94.117,94.131,113,14,0
2026-04-22 04:15:00,94.133,94.135,94.103,94.11,101,14,0
2026-04-22 04:30:00,94.107,94.126,94.1,94.116,98,14,0
2026-04-22 04:45:00,94.118,94.124,94.071,94.085,161,14,0
2026-04-22 05:00:00,94.084,94.138,94.078,94.119,168,14,0
2026-04-22 05:15:00,94.117,94.211,94.116,94.151,719,14,0
2026-04-22 05:30:00,94.149,94.203,94.129,94.197,262,14,0
2026-04-22 05:45:00,94.198,94.213,94.189,94.203,187,14,0
2026-04-22 06:00:00,94.201,94.202,94.159,94.175,263,14,0
2026-04-22 06:15:00,94.173,94.197,94.16,94.163,226,14,0
2026-04-22 06:30:00,94.162,94.203,94.162,94.191,213,14,0
2026-04-22 06:45:00,94.193,94.211,94.137,94.137,176,14,0
2026-04-22 07:00:00,94.135,94.208,94.128,94.186,265,14,0
2026-04-22 07:15:00,94.188,94.196,94.133,94.161,248,14,0
2026-04-22 07:30:00,94.162,94.214,94.156,94.208,220,14,0
2026-04-22 07:45:00,94.21,94.266,94.193,94.251,281,14,0
2026-04-22 08:00:00,94.253,94.302,94.241,94.288,290,14,0
2026-04-22 08:15:00,94.289,94.315,94.247,94.262,299,14,0
2026-04-22 08:30:00,94.264,94.279,94.22,94.259,286,14,0
2026-04-22 08:45:00,94.26,94.287,94.244,94.285,185,14,0
2026-04-22 09:00:00,94.283,94.294,94.266,94.271,294,14,0
2026-04-22 09:15:00,94.273,94.276,94.21,94.256,217,14,0
2026-04-22 09:30:00,94.254,94.273,94.247,94.26,127,14,0
2026-04-22 09:45:00,94.262,94.263,94.177,94.189,210,14,0
2026-04-22 10:00:00,94.191,94.196,94.135,94.145,298,14,0
2026-04-22 10:15:00,94.147,94.169,94.142,94.168,165,14,0
2026-04-22 10:30:00,94.167,94.191,94.103,94.104,176,14,0
2026-04-22 10:45:00,94.102,94.133,94.102,94.13,169,14,0
2026-04-22 11:00:00,94.128,94.128,94.1,94.109,182,14,0
2026-04-22 11:15:00,94.111,94.138,94.084,94.086,233,14,0
2026-04-22 11:30:00,94.088,94.109,94.06,94.065,275,14,0
2026-04-22 11:45:00,94.064,94.079,94.026,94.046,238,14,0
2026-04-22 12:00:00,94.043,94.093,94.021,94.032,244,14,0
2026-04-22 12:15:00,94.03,94.062,94.01,94.012,272,14,0
2026-04-22 12:30:00,94.01,94.037,93.989,93.997,378,14,0
2026-04-22 12:45:00,93.994,94.027,93.987,94.013,242,14,0
2026-04-22 13:00:00,94.016,94.055,93.989,94.017,455,14,0
2026-04-22 13:15:00,94.016,94.085,94.014,94.047,459,14,0
2026-04-22 13:30:00,94.048,94.116,94.04,94.114,567,14,0
2026-04-22 13:45:00,94.111,94.185,94.107,94.184,468,14,0
2026-04-22 14:00:00,94.182,94.199,94.157,94.187,339,14,0
2026-04-22 14:15:00,94.184,94.241,94.181,94.241,347,14,0
2026-04-22 14:30:00,94.239,94.242,94.131,94.134,437,14,0
2026-04-22 14:45:00,94.135,94.188,94.129,94.188,349,14,0
2026-04-22 15:00:00,94.187,94.198,94.144,94.183,392,14,0
2026-04-22 15:15:00,94.185,94.216,94.169,94.207,228,14,0
2026-04-22 15:30:00,94.21,94.237,94.201,94.208,296,14,0
2026-04-22 15:45:00,94.206,94.253,94.189,94.236,282,14,0
2026-04-22 16:00:00,94.238,94.244,94.191,94.191,296,14,0
2026-04-22 16:15:00,94.189,94.189,94.154,94.183,221,14,0
2026-04-22 16:30:00,94.181,94.186,94.163,94.172,250,14,0
2026-04-22 16:45:00,94.17,94.203,94.153,94.187,214,14,0
2026-04-22 17:00:00,94.188,94.241,94.172,94.219,330,14,0
2026-04-22 17:15:00,94.217,94.233,94.2,94.227,157,14,0
2026-04-22 17:30:00,94.229,94.232,94.204,94.225,143,14,0
2026-04-22 17:45:00,94.223,94.224,94.19,94.19,200,14,0
2026-04-22 18:00:00,94.187,94.207,94.173,94.175,157,14,0
2026-04-22 18:15:00,94.174,94.178,94.154,94.169,133,14,0
2026-04-22 18:30:00,94.17,94.191,94.167,94.186,103,14,0
2026-04-22 18:45:00,94.184,94.203,94.172,94.173,64,14,0
2026-04-22 19:00:00,94.172,94.174,94.127,94.159,235,14,0
2026-04-22 19:15:00,94.16,94.184,94.157,94.171,104,14,0
2026-04-22 19:30:00,94.169,94.177,94.161,94.161,64,14,0
2026-04-22 19:45:00,94.162,94.185,94.154,94.17,164,14,0
2026-04-22 20:00:00,94.168,94.184,94.145,94.145,125,14,0
2026-04-22 20:15:00,94.148,94.163,94.137,94.148,94,14,0
2026-04-22 20:30:00,94.15,94.154,94.134,94.143,133,14,0
2026-04-22 20:45:00,94.145,94.163,94.038,94.049,122,14,0
2026-04-22 21:00:00,94.048,94.109,94.019,94.109,42,140,0
2026-04-22 21:15:00,94.11,94.167,94.098,94.165,86,82,0
2026-04-22 21:30:00,94.164,94.169,94.037,94.124,216,48,0
2026-04-22 21:45:00,94.118,94.148,94.106,94.106,204,39,0
2026-04-22 22:00:00,94.12,94.166,94.118,94.123,108,43,0
2026-04-22 22:15:00,94.125,94.141,94.116,94.128,41,43,0
2026-04-22 22:30:00,94.124,94.132,94.116,94.124,46,43,0
2026-04-22 22:45:00,94.123,94.14,94.115,94.131,42,43,0
2026-04-22 23:00:00,94.145,94.157,94.139,94.141,82,14,0
2026-04-22 23:15:00,94.142,94.152,94.136,94.152,50,14,0
2026-04-22 23:30:00,94.153,94.169,94.148,94.152,66,14,0
2026-04-22 23:45:00,94.153,94.164,94.135,94.163,102,14,0
2026-04-23 00:00:00,94.166,94.194,94.07,94.071,531,14,0
2026-04-23 00:15:00,94.069,94.175,93.998,94.144,1382,14,0
2026-04-23 00:30:00,94.145,94.201,94.135,94.148,446,14,0
2026-04-23 00:45:00,94.146,94.169,94.077,94.098,538,14,0
2026-04-23 01:00:00,94.099,94.114,94.071,94.071,328,14,0
2026-04-23 01:15:00,94.072,94.113,94.072,94.081,228,14,0
2026-04-23 01:30:00,94.083,94.101,94.037,94.04,334,14,0
2026-04-23 01:45:00,94.041,94.076,94.028,94.042,359,14,0
2026-04-23 02:00:00,94.041,94.065,94.025,94.026,277,14,0
2026-04-23 02:15:00,94.024,94.085,94.005,94.072,365,14,0
2026-04-23 02:30:00,94.074,94.087,94.056,94.082,253,14,0
2026-04-23 02:45:00,94.079,94.095,93.957,93.962,329,14,0
2026-04-23 03:00:00,93.964,93.972,93.901,93.914,422,14,0
2026-04-23 03:15:00,93.913,93.918,93.841,93.876,318,14,0
2026-04-23 03:30:00,93.875,93.886,93.818,93.833,258,14,0
2026-04-23 03:45:00,93.835,93.835,93.782,93.789,238,14,0
2026-04-23 04:00:00,93.79,93.833,93.75,93.833,223,14,0
2026-04-23 04:15:00,93.83,93.855,93.825,93.84,166,14,0
2026-04-23 04:30:00,93.838,93.881,93.838,93.875,105,14,0
2026-04-23 04:45:00,93.876,93.912,93.875,93.894,137,14,0
2026-04-23 05:00:00,93.895,93.923,93.884,93.89,145,14,0
2026-04-23 05:15:00,93.891,93.932,93.891,93.928,149,14,0
2026-04-23 05:30:00,93.927,93.938,93.894,93.912,205,14,0
2026-04-23 05:45:00,93.913,93.946,93.912,93.94,209,14,0
2026-04-23 06:00:00,93.942,93.962,93.921,93.939,264,14,0
2026-04-23 06:15:00,93.94,93.957,93.928,93.945,215,14,0
2026-04-23 06:30:00,93.944,93.998,93.94,93.989,222,14,0
2026-04-23 06:45:00,93.991,94.003,93.963,93.974,273,14,0
2026-04-23 07:00:00,93.976,94.007,93.953,93.965,373,14,0
2026-04-23 07:15:00,93.964,94.015,93.95,94.012,255,14,0
2026-04-23 07:30:00,94.01,94.01,93.952,93.984,346,14,0
2026-04-23 07:45:00,93.986,94.042,93.986,94.029,345,14,0
2026-04-23 08:00:00,94.028,94.036,94.008,94.026,303,14,0
2026-04-23 08:15:00,94.024,94.056,94.015,94.034,226,14,0
2026-04-23 08:30:00,94.037,94.046,93.987,93.991,233,14,0
2026-04-23 08:45:00,93.993,94.037,93.986,93.991,228,14,0
2026-04-23 09:00:00,93.989,93.989,93.86,93.872,301,14,0
2026-04-23 09:15:00,93.87,93.936,93.856,93.917,303,14,0
2026-04-23 09:30:00,93.919,93.935,93.89,93.928,229,14,0
2026-04-23 09:45:00,93.926,93.933,93.886,93.894,233,14,0
2026-04-23 10:00:00,93.892,93.902,93.815,93.826,252,14,0
2026-04-23 10:15:00,93.829,93.868,93.817,93.852,204,14,0
2026-04-23 10:30:00,93.854,93.863,93.801,93.822,285,14,0
2026-04-23 10:45:00,93.82,93.834,93.797,93.798,236,14,0
2026-04-23 11:00:00,93.8,93.851,93.784,93.829,247,14,0
2026-04-23 11:15:00,93.828,93.861,93.808,93.845,179,14,0
2026-04-23 11:30:00,93.846,93.866,93.814,93.855,245,14,0
2026-04-23 11:45:00,93.854,93.926,93.83,93.902,569,14,0
2026-04-23 12:00:00,93.901,93.909,93.828,93.834,546,14,0
2026-04-23 12:15:00,93.833,93.854,93.742,93.753,347,14,0
2026-04-23 12:30:00,93.757,93.817,93.751,93.762,360,14,0
2026-04-23 12:45:00,93.763,93.787,93.708,93.729,813,14,0
2026-04-23 13:00:00,93.73,93.749,93.676,93.681,393,14,0
2026-04-23 13:15:00,93.683,93.694,93.663,93.677,313,14,0
2026-04-23 13:30:00,93.675,93.722,93.66,93.722,491,14,0
2026-04-23 13:45:00,93.719,93.734,93.677,93.677,446,14,0
2026-04-23 14:00:00,93.679,93.764,93.647,93.764,556,14,0
2026-04-23 14:15:00,93.762,93.837,93.758,93.813,395,14,0
2026-04-23 14:30:00,93.815,93.828,93.767,93.795,327,14,0
2026-04-23 14:45:00,93.798,93.816,93.75,93.757,391,14,0
2026-04-23 15:00:00,93.755,93.768,93.712,93.715,357,14,0
2026-04-23 15:15:00,93.716,93.772,93.71,93.762,319,14,0
2026-04-23 15:30:00,93.761,93.772,93.689,93.696,279,14,0
2026-04-23 15:45:00,93.697,93.704,93.671,93.699,356,14,0
2026-04-23 16:00:00,93.697,93.708,93.663,93.664,247,14,0
2026-04-23 16:15:00,93.665,93.684,93.651,93.676,195,14,0
2026-04-23 16:30:00,93.674,93.685,93.66,93.678,172,14,0
2026-04-23 16:45:00,93.679,93.688,93.662,93.665,167,14,0
2026-04-23 17:00:00,93.667,93.688,93.5,93.518,928,14,0
2026-04-23 17:15:00,93.52,93.582,93.491,93.563,896,14,0
2026-04-23 17:30:00,93.561,93.608,93.413,93.421,1025,14,0
2026-04-23 17:45:00,93.42,93.593,93.338,93.582,1941,14,0
2026-04-23 18:00:00,93.584,93.641,93.581,93.613,959,14,0
2026-04-23 18:15:00,93.614,93.633,93.592,93.599,501,14,0
2026-04-23 18:30:00,93.596,93.619,93.551,93.574,370,14,0
2026-04-23 18:45:00,93.575,93.583,93.518,93.532,373,14,0
2026-04-23 19:00:00,93.529,93.536,93.476,93.489,577,14,0
2026-04-23 19:15:00,93.487,93.512,93.485,93.504,300,14,0
2026-04-23 19:30:00,93.501,93.514,93.45,93.491,591,14,0
2026-04-23 19:45:00,93.489,93.536,93.485,93.526,537,14,0
2026-04-23 20:00:00,93.524,93.536,93.41,93.415,330,14,0
2026-04-23 20:15:00,93.418,93.488,93.395,93.483,250,14,0
2026-04-23 20:30:00,93.48,93.482,93.458,93.469,94,14,0
2026-04-23 20:45:00,93.466,93.484,93.452,93.471,182,14,0
2026-04-23 21:00:00,93.465,93.465,93.109,93.348,39,33,0
2026-04-23 21:15:00,93.348,93.41,93.279,93.41,81,118,0
2026-04-23 21:30:00,93.388,93.458,93.38,93.42,167,86,0
2026-04-23 21:45:00,93.423,93.437,93.398,93.435,196,73,0
2026-04-23 22:00:00,93.443,93.487,93.443,93.487,88,43,0
2026-04-23 22:15:00,93.489,93.489,93.459,93.464,37,43,0
2026-04-23 22:30:00,93.468,93.518,93.468,93.496,54,43,0
2026-04-23 22:45:00,93.498,93.516,93.485,93.502,45,43,0
2026-04-23 23:00:00,93.517,93.524,93.496,93.505,50,14,0
2026-04-23 23:15:00,93.506,93.51,93.485,93.5,72,14,0
2026-04-23 23:30:00,93.503,93.536,93.494,93.536,76,14,0
2026-04-23 23:45:00,93.534,93.544,93.477,93.487,143,14,0
2026-04-24 00:00:00,93.489,93.567,93.484,93.543,369,14,0
2026-04-24 00:15:00,93.546,93.55,93.519,93.534,225,14,0
2026-04-24 00:30:00,93.531,93.552,93.513,93.545,249,14,0
2026-04-24 00:45:00,93.547,93.585,93.539,93.585,382,14,0
2026-04-24 01:00:00,93.587,93.629,93.581,93.611,288,14,0
2026-04-24 01:15:00,93.608,93.635,93.608,93.616,195,14,0
2026-04-24 01:30:00,93.615,93.621,93.568,93.571,290,14,0
2026-04-24 01:45:00,93.574,93.606,93.57,93.601,199,14,0
2026-04-24 02:00:00,93.603,93.61,93.547,93.549,232,14,0
2026-04-24 02:15:00,93.547,93.561,93.496,93.498,187,14,0
2026-04-24 02:30:00,93.5,93.522,93.497,93.498,192,14,0
2026-04-24 02:45:00,93.499,93.501,93.416,93.429,189,14,0
2026-04-24 03:00:00,93.428,93.445,93.386,93.406,236,14,0
2026-04-24 03:15:00,93.403,93.409,93.353,93.368,234,14,0
2026-04-24 03:30:00,93.367,93.416,93.332,93.395,235,14,0
2026-04-24 03:45:00,93.397,93.406,93.366,93.366,173,14,0
2026-04-24 04:00:00,93.365,93.425,93.341,93.422,182,14,0
2026-04-24 04:15:00,93.424,93.452,93.423,93.443,134,14,0
2026-04-24 04:30:00,93.445,93.453,93.429,93.431,143,14,0
2026-04-24 04:45:00,93.43,93.508,93.427,93.498,185,14,0
2026-04-24 05:00:00,93.5,93.51,93.452,93.474,224,14,0
2026-04-24 05:15:00,93.475,93.49,93.457,93.462,172,14,0
2026-04-24 05:30:00,93.461,93.5,93.458,93.458,230,14,0
2026-04-24 05:45:00,93.456,93.474,93.452,93.464,141,14,0
2026-04-24 06:00:00,93.462,93.507,93.45,93.453,248,14,0
2026-04-24 06:15:00,93.451,93.465,93.404,93.42,265,14,0
2026-04-24 06:30:00,93.423,93.453,93.359,93.377,324,14,0
2026-04-24 06:45:00,93.375,93.379,93.359,93.364,277,14,0
2026-04-24 07:00:00,93.362,93.389,93.34,93.378,325,14,0
2026-04-24 07:15:00,93.38,93.427,93.38,93.413,255,14,0
2026-04-24 07:30:00,93.411,93.438,93.388,93.42,213,14,0
2026-04-24 07:45:00,93.422,93.475,93.42,93.463,242,14,0
2026-04-24 08:00:00,93.465,93.478,93.406,93.452,292,14,0
2026-04-24 08:15:00,93.454,93.575,93.454,93.553,479,14,0
2026-04-24 08:30:00,93.551,93.562,93.509,93.514,236,14,0
2026-04-24 08:45:00,93.516,93.551,93.513,93.528,269,14,0
2026-04-24 09:00:00,93.53,93.567,93.517,93.558,212,14,0
2026-04-24 09:15:00,93.557,93.568,93.516,93.539,346,14,0
2026-04-24 09:30:00,93.537,93.567,93.511,93.56,224,14,0
2026-04-24 09:45:00,93.562,93.564,93.525,93.537,166,14,0
2026-04-24 10:00:00,93.535,93.551,93.523,93.539,176,14,0
2026-04-24 10:15:00,93.537,93.554,93.535,93.546,163,14,0
2026-04-24 10:30:00,93.548,93.565,93.536,93.557,136,14,0
2026-04-24 10:45:00,93.556,93.577,93.538,93.544,175,14,0
2026-04-24 11:00:00,93.545,93.607,93.54,93.569,778,14,0
2026-04-24 11:15:00,93.567,93.642,93.548,93.634,793,14,0
2026-04-24 11:30:00,93.632,93.643,93.579,93.602,441,14,0
2026-04-24 11:45:00,93.6,93.625,93.587,93.622,300,14,0
2026-04-24 12:00:00,93.623,93.661,93.618,93.64,337,14,0
2026-04-24 12:15:00,93.637,93.668,93.596,93.641,349,14,0
2026-04-24 12:30:00,93.64,93.66,93.631,93.646,261,14,0
2026-04-24 12:45:00,93.644,93.657,93.602,93.634,369,14,0
2026-04-24 13:00:00,93.632,93.643,93.604,93.604,345,14,0
2026-04-24 13:15:00,93.607,93.649,93.59,93.595,344,14,0
2026-04-24 13:30:00,93.596,93.607,93.562,93.585,490,14,0
2026-04-24 13:45:00,93.587,93.64,93.562,93.638,386,14,0
2026-04-24 14:00:00,93.636,93.67,93.559,93.655,899,14,0
2026-04-24 14:15:00,93.653,93.667,93.629,93.659,523,14,0
2026-04-24 14:30:00,93.661,93.679,93.623,93.662,519,14,0
2026-04-24 14:45:00,93.66,93.662,93.59,93.603,383,14,0
2026-04-24 15:00:00,93.601,93.654,93.578,93.637,388,14,0
2026-04-24 15:15:00,93.639,93.646,93.594,93.614,340,14,0
2026-04-24 15:30:00,93.612,93.649,93.588,93.632,558,14,0
2026-04-24 15:45:00,93.629,93.689,93.627,93.677,761,14,0
2026-04-24 16:00:00,93.679,93.681,93.616,93.638,388,14,0
2026-04-24 16:15:00,93.64,93.662,93.636,93.651,276,14,0
2026-04-24 16:30:00,93.649,93.67,93.646,93.657,299,14,0
2026-04-24 16:45:00,93.658,93.674,93.646,93.672,231,14,0
2026-04-24 17:00:00,93.675,93.695,93.667,93.688,264,14,0
2026-04-24 17:15:00,93.69,93.704,93.677,93.699,233,14,0
2026-04-24 17:30:00,93.696,93.709,93.688,93.698,256,14,0
2026-04-24 17:45:00,93.699,93.717,93.68,93.683,256,14,0
2026-04-24 18:00:00,93.684,93.709,93.674,93.709,148,14,0
2026-04-24 18:15:00,93.71,93.712,93.688,93.695,191,14,0
2026-04-24 18:30:00,93.694,93.741,93.694,93.729,138,14,0
2026-04-24 18:45:00,93.727,93.744,93.723,93.734,128,14,0
2026-04-24 19:00:00,93.733,93.756,93.733,93.742,150,14,0
2026-04-24 19:15:00,93.741,93.747,93.734,93.747,137,14,0
2026-04-24 19:30:00,93.745,93.754,93.737,93.737,105,14,0
2026-04-24 19:45:00,93.735,93.749,93.729,93.747,97,14,0
2026-04-24 20:00:00,93.746,93.755,93.726,93.751,148,14,0
2026-04-24 20:15:00,93.749,93.761,93.733,93.742,76,14,0
2026-04-24 20:30:00,93.744,93.746,93.728,93.739,114,14,0
2026-04-24 20:45:00,93.74,93.748,93.675,93.682,284,14,0
2026-04-26 21:00:00,93.463,93.558,93.463,93.533,10,177,0
2026-04-26 21:15:00,93.54,93.58,93.416,93.47,62,104,0
2026-04-26 21:30:00,93.471,93.6,93.428,93.547,165,83,0
2026-04-26 21:45:00,93.548,93.685,93.533,93.62,248,73,0
2026-04-26 22:00:00,93.626,93.686,93.605,93.643,147,49,0
2026-04-26 22:15:00,93.644,93.657,93.636,93.656,78,44,0
2026-04-26 22:30:00,93.655,93.697,93.646,93.672,88,39,0
2026-04-26 22:45:00,93.671,93.697,93.671,93.676,67,37,0
2026-04-26 23:00:00,93.687,93.692,93.648,93.66,117,14,0
2026-04-26 23:15:00,93.659,93.679,93.659,93.665,115,14,0
2026-04-26 23:30:00,93.666,93.673,93.656,93.661,103,14,0
2026-04-26 23:45:00,93.663,93.69,93.663,93.671,134,14,0
2026-04-27 00:00:00,93.674,93.711,93.664,93.696,346,14,0
2026-04-27 00:15:00,93.699,93.712,93.667,93.7,218,14,0
2026-04-27 00:30:00,93.697,93.75,93.695,93.744,149,14,0
2026-04-27 00:45:00,93.742,93.813,93.74,93.808,273,14,0
2026-04-27 01:00:00,93.811,93.86,93.79,93.794,626,14,0
2026-04-27 01:15:00,93.795,93.848,93.773,93.802,360,14,0
2026-04-27 01:30:00,93.803,93.842,93.796,93.837,276,14,0
2026-04-27 01:45:00,93.839,93.848,93.793,93.83,296,14,0
2026-04-27 02:00:00,93.832,93.837,93.8,93.826,224,14,0
2026-04-27 02:15:00,93.825,93.85,93.807,93.819,172,14,0
2026-04-27 02:30:00,93.821,93.864,93.817,93.84,197,14,0
2026-04-27 02:45:00,93.837,93.871,93.834,93.861,186,14,0
2026-04-27 03:00:00,93.859,93.872,93.843,93.864,244,14,0
2026-04-27 03:15:00,93.866,93.88,93.852,93.865,167,14,0
2026-04-27 03:30:00,93.867,93.87,93.826,93.842,167,14,0
2026-04-27 03:45:00,93.84,93.854,93.811,93.813,175,14,0
2026-04-27 04:00:00,93.811,93.811,93.779,93.78,121,14,0
2026-04-27 04:15:00,93.779,93.786,93.754,93.775,129,14,0
2026-04-27 04:30:00,93.773,93.796,93.773,93.787,113,14,0
2026-04-27 04:45:00,93.785,93.785,93.737,93.75,201,14,0
2026-04-27 05:00:00,93.751,93.76,93.74,93.741,155,14,0
2026-04-27 05:15:00,93.743,93.768,93.74,93.762,120,14,0
2026-04-27 05:30:00,93.763,93.77,93.735,93.758,217,14,0
2026-04-27 05:45:00,93.76,93.805,93.754,93.794,212,14,0
2026-04-27 06:00:00,93.796,93.801,93.743,93.789,474,14,0
2026-04-27 06:15:00,93.787,93.804,93.76,93.765,198,14,0
2026-04-27 06:30:00,93.762,93.789,93.731,93.731,271,14,0
2026-04-27 06:45:00,93.732,93.771,93.727,93.76,223,14,0
2026-04-27 07:00:00,93.758,93.836,93.747,93.836,319,14,0
2026-04-27 07:15:00,93.838,93.845,93.812,93.824,276,14,0
2026-04-27 07:30:00,93.823,93.846,93.804,93.841,239,14,0
2026-04-27 07:45:00,93.842,93.92,93.842,93.91,258,14,0
2026-04-27 08:00:00,93.912,93.977,93.894,93.94,457,14,0
2026-04-27 08:15:00,93.938,94.07,93.924,94.05,423,14,0
2026-04-27 08:30:00,94.048,94.055,94.0,94.053,276,14,0
2026-04-27 08:45:00,94.054,94.104,94.054,94.074,231,14,0
2026-04-27 09:00:00,94.075,94.091,94.056,94.082,218,14,0
2026-04-27 09:15:00,94.081,94.081,94.051,94.081,166,14,0
2026-04-27 09:30:00,94.083,94.083,94.048,94.064,126,14,0
2026-04-27 09:45:00,94.062,94.112,94.053,94.097,217,14,0
2026-04-27 10:00:00,94.096,94.12,94.09,94.111,158,14,0
2026-04-27 10:15:00,94.109,94.115,94.098,94.11,127,14,0
2026-04-27 10:30:00,94.108,94.116,94.087,94.096,145,14,0
2026-04-27 10:45:00,94.097,94.108,94.087,94.097,185,14,0
2026-04-27 11:00:00,94.096,94.098,94.063,94.067,185,14,0
2026-04-27 11:15:00,94.065,94.116,94.064,94.113,182,14,0
2026-04-27 11:30:00,94.111,94.118,94.081,94.106,170,14,0
2026-04-27 11:45:00,94.107,94.123,94.097,94.118,152,14,0
2026-04-27 12:00:00,94.121,94.226,94.115,94.216,261,14,0
2026-04-27 12:15:00,94.218,94.224,94.153,94.182,354,14,0
2026-04-27 12:30:00,94.184,94.205,94.143,94.204,295,14,0
2026-04-27 12:45:00,94.205,94.24,94.181,94.2,302,14,0
2026-04-27 13:00:00,94.197,94.27,94.173,94.239,492,14,0
2026-04-27 13:15:00,94.237,94.249,94.181,94.181,304,14,0
2026-04-27 13:30:00,94.184,94.209,94.151,94.154,408,14,0
2026-04-27 13:45:00,94.156,94.173,94.105,94.168,428,14,0
2026-04-27 14:00:00,94.165,94.219,94.141,94.208,429,14,0
2026-04-27 14:15:00,94.21,94.233,94.203,94.225,326,14,0
2026-04-27 14:30:00,94.223,94.249,94.188,94.236,388,14,0
2026-04-27 14:45:00,94.237,94.257,94.15,94.209,389,14,0
2026-04-27 15:00:00,94.212,94.226,94.184,94.194,334,14,0
2026-04-27 15:15:00,94.192,94.234,94.183,94.224,354,14,0
2026-04-27 15:30:00,94.227,94.268,94.203,94.264,284,14,0
2026-04-27 15:45:00,94.263,94.281,94.251,94.26,239,14,0
2026-04-27 16:00:00,94.258,94.277,94.247,94.25,229,14,0
2026-04-27 16:15:00,94.249,94.273,94.232,94.242,202,14,0
2026-04-27 16:30:00,94.243,94.261,94.238,94.256,184,14,0
2026-04-27 16:45:00,94.257,94.288,94.249,94.253,173,14,0
2026-04-27 17:00:00,94.251,94.262,94.211,94.22,218,14,0
2026-04-27 17:15:00,94.221,94.254,94.213,94.249,259,14,0
2026-04-27 17:30:00,94.25,94.289,94.25,94.263,187,14,0
2026-04-27 17:45:00,94.264,94.264,94.233,94.248,119,14,0
2026-04-27 18:00:00,94.25,94.263,94.24,94.249,134,14,0
2026-04-27 18:15:00,94.252,94.265,94.242,94.246,131,14,0
2026-04-27 18:30:00,94.247,94.252,94.204,94.205,131,14,0
2026-04-27 18:45:00,94.207,94.223,94.196,94.219,173,14,0
2026-04-27 19:00:00,94.216,94.236,94.209,94.23,121,14,0
2026-04-27 19:15:00,94.227,94.234,94.195,94.2,92,14,0
2026-04-27 19:30:00,94.201,94.214,94.176,94.189,93,14,0
2026-04-27 19:45:00,94.191,94.198,94.172,94.177,121,14,0
2026-04-27 20:00:00,94.18,94.188,94.166,94.177,73,14,0
2026-04-27 20:15:00,94.178,94.178,94.165,94.172,34,14,0
2026-04-27 20:30:00,94.175,94.199,94.173,94.199,64,14,0
2026-04-27 20:45:00,94.196,94.196,94.164,94.174,74,14,0
2026-04-27 21:00:00,94.165,94.165,94.017,94.077,12,37,0
2026-04-27 21:15:00,94.133,94.222,94.095,94.222,28,97,0
2026-04-27 21:30:00,94.229,94.229,94.029,94.141,168,86,0
2026-04-27 21:45:00,94.139,94.146,94.112,94.124,182,68,0
2026-04-27 22:00:00,94.129,94.209,94.129,94.186,122,43,0
2026-04-27 22:15:00,94.184,94.192,94.171,94.189,66,43,0
2026-04-27 22:30:00,94.191,94.215,94.188,94.188,53,43,0
2026-04-27 22:45:00,94.189,94.217,94.189,94.207,42,43,0
2026-04-27 23:00:00,94.221,94.221,94.191,94.199,110,14,0
2026-04-27 23:15:00,94.201,94.265,94.201,94.233,135,14,0
2026-04-27 23:30:00,94.234,94.246,94.229,94.243,65,14,0
2026-04-27 23:45:00,94.244,94.249,94.189,94.21,156,14,0
2026-04-28 00:00:00,94.211,94.286,94.202,94.254,351,14,0
2026-04-28 00:15:00,94.252,94.273,94.219,94.235,262,14,0
2026-04-28 00:30:00,94.233,94.268,94.228,94.256,200,14,0
2026-04-28 00:45:00,94.253,94.296,94.243,94.277,302,14,0
2026-04-28 01:00:00,94.275,94.287,94.191,94.218,378,14,0
2026-04-28 01:15:00,94.217,94.23,94.19,94.198,275,14,0
2026-04-28 01:30:00,94.199,94.238,94.189,94.196,179,14,0
2026-04-28 01:45:00,94.198,94.203,94.124,94.16,271,14,0
2026-04-28 02:00:00,94.161,94.174,94.11,94.116,255,14,0
2026-04-28 02:15:00,94.118,94.123,94.09,94.101,178,14,0
2026-04-28 02:30:00,94.099,94.101,94.053,94.07,157,14,0
2026-04-28 02:45:00,94.069,94.085,94.055,94.07,163,14,0
2026-04-28 03:00:00,94.069,94.081,93.893,93.911,1076,14,0
2026-04-28 03:15:00,93.913,93.947,93.893,93.896,297,14,0
2026-04-28 03:30:00,93.895,93.895,93.813,93.866,409,14,0
2026-04-28 03:45:00,93.865,93.877,93.85,93.871,162,14,0
2026-04-28 04:00:00,93.873,93.873,93.821,93.852,216,14,0
2026-04-28 04:15:00,93.85,93.866,93.827,93.854,167,14,0
2026-04-28 04:30:00,93.856,93.875,93.818,93.818,184,14,0
2026-04-28 04:45:00,93.816,93.85,93.81,93.847,181,14,0
2026-04-28 05:00:00,93.848,93.86,93.802,93.811,249,14,0
2026-04-28 05:15:00,93.812,93.816,93.788,93.807,186,14,0
2026-04-28 05:30:00,93.809,93.812,93.775,93.807,227,14,0
2026-04-28 05:45:00,93.808,93.838,93.779,93.828,218,14,0
2026-04-28 06:00:00,93.83,93.874,93.769,93.854,374,14,0
2026-04-28 06:15:00,93.852,93.861,93.794,93.846,319,14,0
2026-04-28 06:30:00,93.848,93.853,93.735,93.813,544,14,0
2026-04-28 06:45:00,93.816,93.834,93.696,93.743,714,14,0
2026-04-28 07:00:00,93.741,93.86,93.741,93.86,557,14,0
2026-04-28 07:15:00,93.862,93.909,93.824,93.844,499,14,0
2026-04-28 07:30:00,93.847,93.904,93.845,93.894,375,14,0
2026-04-28 07:45:00,93.892,94.022,93.892,94.001,353,14,0
2026-04-28 08:00:00,93.999,94.041,93.942,93.95,677,14,0
2026-04-28 08:15:00,93.948,94.012,93.944,94.005,422,14,0
2026-04-28 08:30:00,94.003,94.005,93.963,93.963,308,14,0
2026-04-28 08:45:00,93.961,93.966,93.941,93.941,245,14,0
2026-04-28 09:00:00,93.94,93.948,93.889,93.918,383,14,0
2026-04-28 09:15:00,93.916,93.931,93.887,93.919,284,14,0
2026-04-28 09:30:00,93.921,93.941,93.891,93.932,278,14,0
2026-04-28 09:45:00,93.935,93.974,93.923,93.962,254,14,0
2026-04-28 10:00:00,93.961,93.977,93.908,93.924,231,14,0
2026-04-28 10:15:00,93.925,93.935,93.868,93.875,252,14,0
2026-04-28 10:30:00,93.877,93.88,93.826,93.835,285,14,0
2026-04-28 10:45:00,93.833,93.863,93.831,93.853,206,14,0
2026-04-28 11:00:00,93.85,93.873,93.835,93.857,273,14,0
2026-04-28 11:15:00,93.859,93.865,93.823,93.847,278,14,0
2026-04-28 11:30:00,93.845,93.851,93.773,93.818,389,14,0
2026-04-28 11:45:00,93.817,93.822,93.752,93.769,419,14,0
2026-04-28 12:00:00,93.772,93.774,93.713,93.734,446,14,0
2026-04-28 12:15:00,93.735,93.774,93.716,93.752,650,14,0
2026-04-28 12:30:00,93.755,93.766,93.701,93.703,336,14,0
2026-04-28 12:45:00,93.701,93.731,93.685,93.726,427,14,0
2026-04-28 13:00:00,93.728,93.758,93.704,93.737,360,14,0
2026-04-28 13:15:00,93.735,93.751,93.703,93.724,465,14,0
2026-04-28 13:30:00,93.721,93.828,93.674,93.793,682,14,0
2026-04-28 13:45:00,93.791,93.8,93.704,93.759,437,14,0
2026-04-28 14:00:00,93.757,93.825,93.741,93.816,379,14,0
2026-04-28 14:15:00,93.817,93.853,93.795,93.819,393,14,0
2026-04-28 14:30:00,93.821,93.877,93.766,93.794,560,14,0
2026-04-28 14:45:00,93.793,93.832,93.773,93.832,674,14,0
2026-04-28 15:00:00,93.834,93.89,93.832,93.86,492,14,0
2026-04-28 15:15:00,93.858,93.906,93.841,93.889,369,14,0
2026-04-28 15:30:00,93.888,93.942,93.882,93.913,337,14,0
2026-04-28 15:45:00,93.916,93.944,93.91,93.937,273,14,0
2026-04-28 16:00:00,93.94,93.956,93.908,93.922,273,14,0
2026-04-28 16:15:00,93.923,93.925,93.887,93.891,247,14,0
2026-04-28 16:30:00,93.889,93.901,93.871,93.876,202,14,0
2026-04-28 16:45:00,93.879,93.903,93.868,93.902,253,14,0
2026-04-28 17:00:00,93.899,93.929,93.887,93.901,209,14,0
2026-04-28 17:15:00,93.903,93.91,93.888,93.904,126,14,0
2026-04-28 17:30:00,93.902,93.948,93.898,93.926,181,14,0
2026-04-28 17:45:00,93.928,93.941,93.916,93.929,138,14,0
2026-04-28 18:00:00,93.931,93.95,93.913,93.916,114,14,0
2026-04-28 18:15:00,93.918,93.942,93.918,93.933,183,14,0
2026-04-28 18:30:00,93.932,93.951,93.918,93.94,115,14,0
2026-04-28 18:45:00,93.939,93.954,93.923,93.934,134,14,0
2026-04-28 19:00:00,93.928,93.947,93.922,93.936,113,14,0
2026-04-28 19:15:00,93.933,93.943,93.923,93.924,79,14,0
2026-04-28 19:30:00,93.927,93.929,93.901,93.904,100,14,0
2026-04-28 19:45:00,93.905,93.945,93.904,93.943,113,14,0
2026-04-28 20:00:00,93.94,93.947,93.91,93.91,89,14,0
2026-04-28 20:15:00,93.907,93.926,93.906,93.915,78,14,0
2026-04-28 20:30:00,93.913,93.941,93.913,93.938,80,14,0
2026-04-28 20:45:00,93.941,93.942,93.925,93.935,90,14,0
2026-04-28 21:00:00,93.926,93.926,93.694,93.777,25,36,0
2026-04-28 21:15:00,93.831,93.963,93.827,93.925,45,111,0
2026-04-28 21:30:00,93.962,93.962,93.82,93.862,296,85,0
2026-04-28 21:45:00,93.868,93.869,93.832,93.848,106,82,0
2026-04-28 22:00:00,93.869,93.923,93.869,93.906,79,45,0
2026-04-28 22:15:00,93.91,93.914,93.893,93.896,33,43,0
2026-04-28 22:30:00,93.898,93.902,93.885,93.886,28,43,0
2026-04-28 22:45:00,93.891,93.906,93.89,93.895,27,43,0
2026-04-28 23:00:00,93.909,93.931,93.895,93.929,65,14,0
2026-04-28 23:15:00,93.932,93.953,93.931,93.931,105,14,0
2026-04-28 23:30:00,93.933,93.959,93.929,93.949,85,14,0
2026-04-28 23:45:00,93.948,93.953,93.903,93.936,138,14,0
2026-04-29 00:00:00,93.939,93.994,93.939,93.949,292,14,0
2026-04-29 00:15:00,93.95,93.959,93.928,93.941,173,14,0
2026-04-29 00:30:00,93.943,93.965,93.937,93.96,146,14,0
2026-04-29 00:45:00,93.959,93.973,93.928,93.933,191,14,0
2026-04-29 01:00:00,93.935,93.941,93.843,93.868,579,14,0
2026-04-29 01:15:00,93.867,93.926,93.86,93.888,284,14,0
2026-04-29 01:30:00,93.885,94.005,93.871,93.982,631,14,0
2026-04-29 01:45:00,93.979,93.979,93.782,93.791,450,14,0
2026-04-29 02:00:00,93.793,93.821,93.748,93.758,325,14,0
2026-04-29 02:15:00,93.761,93.784,93.707,93.715,314,14,0
2026-04-29 02:30:00,93.714,93.718,93.583,93.602,364,14,0
2026-04-29 02:45:00,93.605,93.627,93.533,93.538,224,14,0
2026-04-29 03:00:00,93.539,93.573,93.47,93.537,413,14,0
2026-04-29 03:15:00,93.536,93.571,93.505,93.514,189,14,0
2026-04-29 03:30:00,93.512,93.542,93.499,93.51,198,14,0
2026-04-29 03:45:00,93.513,93.541,93.513,93.528,136,14,0
2026-04-29 04:00:00,93.53,93.563,93.53,93.549,119,14,0
2026-04-29 04:15:00,93.551,93.572,93.548,93.572,51,14,0
2026-04-29 04:30:00,93.573,93.605,93.57,93.599,107,14,0
2026-04-29 04:45:00,93.601,93.605,93.571,93.588,81,14,0
2026-04-29 05:00:00,93.59,93.602,93.567,93.569,149,14,0
2026-04-29 05:15:00,93.571,93.574,93.543,93.561,158,14,0
2026-04-29 05:30:00,93.562,93.603,93.544,93.603,170,14,0
2026-04-29 05:45:00,93.602,93.65,93.581,93.612,237,14,0
2026-04-29 06:00:00,93.611,93.647,93.597,93.608,281,14,0
2026-04-29 06:15:00,93.61,93.632,93.576,93.619,234,14,0
2026-04-29 06:30:00,93.618,93.66,93.581,93.652,236,14,0
2026-04-29 06:45:00,93.655,93.706,93.588,93.61,327,14,0
2026-04-29 07:00:00,93.607,93.659,93.579,93.654,343,14,0
2026-04-29 07:15:00,93.653,93.668,93.637,93.642,265,14,0
2026-04-29 07:30:00,93.64,93.663,93.615,93.632,231,14,0
2026-04-29 07:45:00,93.634,93.665,93.614,93.64,249,14,0
2026-04-29 08:00:00,93.642,93.661,93.594,93.609,451,14,0
2026-04-29 08:15:00,93.612,93.659,93.612,93.655,235,14,0
2026-04-29 08:30:00,93.653,93.657,93.586,93.63,270,14,0
2026-04-29 08:45:00,93.632,93.642,93.605,93.605,178,14,0
2026-04-29 09:00:00,93.607,93.608,93.567,93.594,194,14,0
2026-04-29 09:15:00,93.591,93.603,93.537,93.561,214,14,0
2026-04-29 09:30:00,93.564,93.591,93.532,93.544,236,14,0
2026-04-29 09:45:00,93.546,93.579,93.534,93.547,253,14,0
2026-04-29 10:00:00,93.545,93.598,93.532,93.591,207,14,0
2026-04-29 10:15:00,93.59,93.6,93.575,93.598,175,14,0
2026-04-29 10:30:00,93.6,93.621,93.566,93.572,188,14,0
2026-04-29 10:45:00,93.573,93.617,93.562,93.617,159,14,0
2026-04-29 11:00:00,93.615,93.646,93.602,93.638,227,14,0
2026-04-29 11:15:00,93.639,93.657,93.627,93.635,171,14,0
2026-04-29 11:30:00,93.632,93.658,93.619,93.639,207,14,0
2026-04-29 11:45:00,93.638,93.654,93.619,93.621,157,14,0
2026-04-29 12:00:00,93.619,93.65,93.603,93.628,221,14,0
2026-04-29 12:15:00,93.629,93.664,93.609,93.625,359,14,0
2026-04-29 12:30:00,93.623,93.652,93.597,93.644,329,14,0
2026-04-29 12:45:00,93.642,93.648,93.604,93.612,282,14,0
2026-04-29 13:00:00,93.614,93.67,93.583,93.594,348,14,0
2026-04-29 13:15:00,93.592,93.597,93.513,93.555,555,14,0
2026-04-29 13:30:00,93.552,93.559,93.473,93.515,641,14,0
2026-04-29 13:45:00,93.513,93.536,93.45,93.528,643,14,0
2026-04-29 14:00:00,93.53,93.532,93.389,93.468,653,14,0
2026-04-29 14:15:00,93.465,93.548,93.454,93.537,371,14,0
2026-04-29 14:30:00,93.536,93.558,93.505,93.558,370,14,0
2026-04-29 14:45:00,93.559,93.624,93.525,93.599,462,14,0
2026-04-29 15:00:00,93.597,93.616,93.519,93.537,492,14,0
2026-04-29 15:15:00,93.534,93.57,93.525,93.527,371,14,0
2026-04-29 15:30:00,93.53,93.595,93.523,93.591,389,14,0
2026-04-29 15:45:00,93.589,93.617,93.437,93.498,906,14,0
2026-04-29 16:00:00,93.5,93.564,93.497,93.546,340,14,0
2026-04-29 16:15:00,93.547,93.562,93.516,93.526,280,14,0
2026-04-29 16:30:00,93.524,93.535,93.486,93.525,300,14,0
2026-04-29 16:45:00,93.523,93.545,93.504,93.519,265,14,0
2026-04-29 17:00:00,93.517,93.556,93.48,93.536,275,14,0
2026-04-29 17:15:00,93.537,93.551,93.51,93.518,278,14,0
2026-04-29 17:30:00,93.52,93.545,93.509,93.521,217,14,0
2026-04-29 17:45:00,93.519,93.579,93.518,93.556,302,14,0
2026-04-29 18:00:00,93.568,93.57,93.343,93.36,1010,14,0
2026-04-29 18:15:00,93.363,93.403,93.358,93.376,443,14,0
2026-04-29 18:30:00,93.377,93.448,93.295,93.295,1109,14,0
2026-04-29 18:45:00,93.297,93.426,93.282,93.415,763,14,0
2026-04-29 19:00:00,93.412,93.415,93.326,93.409,664,14,0
2026-04-29 19:15:00,93.411,93.438,93.409,93.412,350,14,0
2026-04-29 19:30:00,93.414,93.438,93.371,93.429,379,14,0
2026-04-29 19:45:00,93.431,93.499,93.416,93.483,305,14,0
2026-04-29 20:00:00,93.486,93.522,93.461,93.469,565,14,0
2026-04-29 20:15:00,93.472,93.496,93.449,93.495,276,14,0
2026-04-29 20:30:00,93.494,93.501,93.482,93.493,227,14,0
2026-04-29 20:45:00,93.495,93.506,93.375,93.378,250,14,0
2026-04-29 21:00:00,93.341,93.497,93.341,93.386,36,140,0
2026-04-29 21:15:00,93.38,93.381,93.257,93.331,49,114,0
2026-04-29 21:30:00,93.319,93.47,93.293,93.47,186,92,0
2026-04-29 21:45:00,93.472,93.497,93.419,93.472,208,83,0
2026-04-29 22:00:00,93.487,93.499,93.449,93.486,171,50,0
2026-04-29 22:15:00,93.487,93.512,93.485,93.502,102,43,0
2026-04-29 22:30:00,93.505,93.53,93.491,93.503,79,43,0
2026-04-29 22:45:00,93.504,93.528,93.499,93.502,68,43,0
2026-04-29 23:00:00,93.517,93.537,93.513,93.517,173,14,0
2026-04-29 23:15:00,93.516,93.525,93.498,93.518,132,14,0
2026-04-29 23:30:00,93.519,93.554,93.517,93.539,229,14,0
2026-04-29 23:45:00,93.536,93.561,93.519,93.549,217,14,0
2026-04-30 00:00:00,93.552,93.594,93.521,93.545,623,14,0
2026-04-30 00:15:00,93.543,93.592,93.511,93.59,358,14,0
2026-04-30 00:30:00,93.592,93.623,93.564,93.57,300,14,0
2026-04-30 00:45:00,93.568,93.617,93.553,93.58,492,14,0
2026-04-30 01:00:00,93.583,93.583,93.485,93.486,502,14,0
2026-04-30 01:15:00,93.489,93.506,93.414,93.423,376,14,0
2026-04-30 01:30:00,93.422,93.461,93.408,93.446,435,14,0
2026-04-30 01:45:00,93.444,93.484,93.429,93.458,376,14,0
2026-04-30 02:00:00,93.462,93.463,93.425,93.451,261,14,0
2026-04-30 02:15:00,93.453,93.483,93.436,93.47,269,14,0
2026-04-30 02:30:00,93.468,93.496,93.41,93.471,817,14,0
2026-04-30 02:45:00,93.469,93.549,93.445,93.533,362,14,0
2026-04-30 03:00:00,93.531,93.582,93.531,93.547,279,14,0
2026-04-30 03:15:00,93.549,93.603,93.545,93.599,236,14,0
2026-04-30 03:30:00,93.601,93.622,93.589,93.621,240,14,0
2026-04-30 03:45:00,93.622,93.622,93.595,93.613,187,14,0
2026-04-30 04:00:00,93.614,93.617,93.543,93.552,310,14,0
2026-04-30 04:15:00,93.55,93.564,93.512,93.528,370,14,0
2026-04-30 04:30:00,93.529,93.58,93.509,93.565,400,14,0
2026-04-30 04:45:00,93.566,93.59,93.542,93.542,251,14,0
2026-04-30 05:00:00,93.544,93.614,93.544,93.597,286,14,0
2026-04-30 05:15:00,93.599,93.601,93.569,93.58,222,14,0
2026-04-30 05:30:00,93.582,93.627,93.578,93.599,267,14,0
2026-04-30 05:45:00,93.598,93.603,93.558,93.579,320,14,0
2026-04-30 06:00:00,93.581,93.62,93.554,93.565,476,14,0
2026-04-30 06:15:00,93.567,93.596,93.554,93.565,365,14,0
2026-04-30 06:30:00,93.567,93.636,93.567,93.598,526,14,0
2026-04-30 06:45:00,93.596,93.656,93.56,93.646,396,14,0
2026-04-30 07:00:00,93.648,93.705,93.638,93.699,514,14,0
2026-04-30 07:15:00,93.695,93.704,93.642,93.69,467,14,0
2026-04-30 07:30:00,93.688,93.751,93.683,93.744,390,14,0
2026-04-30 07:45:00,93.741,93.747,93.349,93.516,919,14,0
2026-04-30 08:00:00,93.518,93.586,93.476,93.53,1226,14,0
2026-04-30 08:15:00,93.532,93.539,93.442,93.461,647,14,0
2026-04-30 08:30:00,93.46,93.47,93.281,93.288,1155,14,0
2026-04-30 08:45:00,93.29,93.318,93.116,93.193,936,14,0
2026-04-30 09:00:00,93.191,93.202,93.048,93.055,857,14,0
2026-04-30 09:15:00,93.053,93.166,93.043,93.135,678,14,0
2026-04-30 09:30:00,93.132,93.25,93.131,93.175,1093,14,0
2026-04-30 09:45:00,93.178,93.316,93.172,93.275,635,14,0
2026-04-30 10:00:00,93.273,93.285,93.169,93.181,558,14,0
2026-04-30 10:15:00,93.185,93.231,92.704,92.841,2302,14,0
2026-04-30 10:30:00,92.838,92.88,92.346,92.412,8096,14,0
2026-04-30 10:45:00,92.409,92.564,92.056,92.182,6979,14,0
2026-04-30 11:00:00,92.18,92.36,92.012,92.064,4305,14,0
2026-04-30 11:15:00,92.062,92.208,91.895,91.965,4994,14,0
2026-04-30 11:30:00,91.958,92.05,91.469,91.507,4678,14,0
2026-04-30 11:45:00,91.509,91.751,91.323,91.743,3710,14,0
2026-04-30 12:00:00,91.745,91.895,91.694,91.74,1398,14,0
2026-04-30 12:15:00,91.738,92.003,91.738,91.94,1282,14,0
2026-04-30 12:30:00,91.949,92.11,91.918,92.11,1164,14,0
2026-04-30 12:45:00,92.108,92.112,92.003,92.014,1012,14,0
2026-04-30 13:00:00,92.015,92.095,91.74,91.978,2047,14,0
2026-04-30 13:15:00,91.976,92.056,91.916,91.919,1271,14,0
2026-04-30 13:30:00,91.917,92.002,91.882,91.996,1120,14,0
2026-04-30 13:45:00,91.994,92.189,91.97,92.158,943,14,0
2026-04-30 14:00:00,92.16,92.232,92.14,92.232,1149,14,0
2026-04-30 14:15:00,92.233,92.295,92.199,92.223,1020,14,0
2026-04-30 14:30:00,92.221,92.253,92.026,92.061,1180,14,0
2026-04-30 14:45:00,92.063,92.256,92.063,92.235,1219,14,0
2026-04-30 15:00:00,92.234,92.306,92.234,92.281,1047,14,0
2026-04-30 15:15:00,92.28,92.326,92.249,92.311,626,14,0
2026-04-30 15:30:00,92.314,92.352,92.301,92.319,567,14,0
2026-04-30 15:45:00,92.317,92.323,92.267,92.284,487,14,0
2026-04-30 16:00:00,92.282,92.289,92.197,92.198,484,14,0
2026-04-30 16:15:00,92.2,92.277,92.194,92.264,494,14,0
2026-04-30 16:30:00,92.265,92.299,92.248,92.249,437,14,0
2026-04-30 16:45:00,92.25,92.27,92.217,92.244,384,14,0
2026-04-30 17:00:00,92.246,92.285,92.237,92.249,510,14,0
2026-04-30 17:15:00,92.251,92.258,92.219,92.225,339,14,0
2026-04-30 17:30:00,92.227,92.243,92.205,92.235,401,14,0
2026-04-30 17:45:00,92.237,92.248,92.213,92.218,245,14,0
2026-04-30 18:00:00,92.22,92.27,92.206,92.261,315,14,0
2026-04-30 18:15:00,92.258,92.27,92.237,92.268,280,14,0
2026-04-30 18:30:00,92.27,92.32,92.27,92.31,339,14,0
2026-04-30 18:45:00,92.312,92.424,92.312,92.385,363,14,0
2026-04-30 19:00:00,92.387,92.416,92.359,92.371,413,14,0
2026-04-30 19:15:00,92.37,92.433,92.355,92.404,331,14,0
2026-04-30 19:30:00,92.4,92.441,92.399,92.438,250,14,0
2026-04-30 19:45:00,92.437,92.486,92.424,92.467,287,14,0
2026-04-30 20:00:00,92.464,92.508,92.462,92.496,268,14,0
2026-04-30 20:15:00,92.495,92.5,92.472,92.499,116,14,0
2026-04-30 20:30:00,92.498,92.527,92.489,92.527,139,14,0
2026-04-30 20:45:00,92.525,92.554,92.517,92.537,170,14,0
2026-04-30 21:00:00,92.53,92.53,92.285,92.434,12,34,0
2026-04-30 21:15:00,92.44,92.442,92.402,92.41,41,96,0
2026-04-30 21:30:00,92.422,92.434,92.38,92.431,121,83,0
2026-04-30 21:45:00,92.435,92.473,92.393,92.452,143,82,0
2026-04-30 22:00:00,92.474,92.541,92.474,92.512,129,43,0
2026-04-30 22:15:00,92.513,92.523,92.487,92.522,45,43,0
2026-04-30 22:30:00,92.523,92.56,92.522,92.542,85,43,0
2026-04-30 22:45:00,92.541,92.548,92.502,92.511,80,43,0
2026-04-30 23:00:00,92.527,92.609,92.521,92.606,383,14,0
2026-04-30 23:15:00,92.603,92.618,92.551,92.555,231,14,0
2026-04-30 23:30:00,92.557,92.695,92.557,92.69,448,14,0
2026-04-30 23:45:00,92.689,92.76,92.688,92.726,1018,14,0
2026-05-01 00:00:00,92.724,92.821,92.714,92.739,685,14,0
2026-05-01 00:15:00,92.741,92.872,92.741,92.862,541,14,0
2026-05-01 00:30:00,92.861,92.863,92.783,92.853,561,14,0
2026-05-01 00:45:00,92.856,92.879,92.716,92.755,677,14,0
2026-05-01 01:00:00,92.757,92.818,92.713,92.81,406,14,0
2026-05-01 01:15:00,92.808,92.828,92.749,92.807,423,14,0
2026-05-01 01:30:00,92.805,92.824,92.76,92.816,489,14,0
2026-05-01 01:45:00,92.815,92.873,92.766,92.854,398,14,0
2026-05-01 02:00:00,92.852,92.872,92.806,92.85,319,14,0
2026-05-01 02:15:00,92.848,92.858,92.819,92.837,246,14,0
2026-05-01 02:30:00,92.839,92.859,92.805,92.858,275,14,0
2026-05-01 02:45:00,92.859,92.869,92.828,92.842,247,14,0
2026-05-01 03:00:00,92.841,92.903,92.822,92.899,253,14,0
2026-05-01 03:15:00,92.896,92.896,92.823,92.835,216,14,0
2026-05-01 03:30:00,92.833,92.836,92.72,92.765,482,14,0
2026-05-01 03:45:00,92.766,92.776,92.733,92.748,260,14,0
2026-05-01 04:00:00,92.75,92.75,92.653,92.675,321,14,0
2026-05-01 04:15:00,92.673,92.695,92.655,92.675,189,14,0
2026-05-01 04:30:00,92.677,92.689,92.663,92.68,159,14,0
2026-05-01 04:45:00,92.678,92.711,92.674,92.679,182,14,0
2026-05-01 05:00:00,92.678,92.714,92.653,92.713,207,14,0
2026-05-01 05:15:00,92.714,92.714,92.678,92.71,147,14,0
2026-05-01 05:30:00,92.709,92.709,92.673,92.676,169,14,0
2026-05-01 05:45:00,92.678,92.695,92.663,92.666,207,14,0
2026-05-01 06:00:00,92.669,92.7,92.633,92.65,333,14,0
2026-05-01 06:15:00,92.652,92.671,92.611,92.617,275,14,0
2026-05-01 06:30:00,92.614,92.626,92.475,92.479,338,14,0
2026-05-01 06:45:00,92.481,92.481,91.716,91.975,4669,14,0
2026-05-01 07:00:00,91.976,92.324,91.913,92.206,2958,14,0
2026-05-01 07:15:00,92.209,92.278,92.163,92.217,1000,14,0
2026-05-01 07:30:00,92.215,92.334,92.173,92.274,836,14,0
2026-05-01 07:45:00,92.276,92.36,92.238,92.329,786,14,0
2026-05-01 08:00:00,92.328,92.356,92.226,92.264,680,14,0
2026-05-01 08:15:00,92.262,92.27,92.159,92.191,547,14,0
2026-05-01 08:30:00,92.19,92.259,92.182,92.24,443,14,0
2026-05-01 08:45:00,92.238,92.302,92.232,92.269,385,14,0
2026-05-01 09:00:00,92.271,92.298,92.239,92.283,446,14,0
2026-05-01 09:15:00,92.281,92.31,92.274,92.309,322,14,0
2026-05-01 09:30:00,92.306,92.339,92.252,92.261,358,14,0
2026-05-01 09:45:00,92.258,92.306,92.209,92.223,342,14,0
2026-05-01 10:00:00,92.22,92.273,92.204,92.221,304,14,0
2026-05-01 10:15:00,92.222,92.26,92.218,92.25,231,14,0
2026-05-01 10:30:00,92.252,92.269,92.204,92.214,192,14,0
2026-05-01 10:45:00,92.212,92.276,92.212,92.265,254,14,0
2026-05-01 11:00:00,92.267,92.291,92.242,92.289,342,14,0
2026-05-01 11:15:00,92.29,92.319,92.265,92.286,304,14,0
2026-05-01 11:30:00,92.288,92.305,92.26,92.299,292,14,0
2026-05-01 11:45:00,92.298,92.316,92.264,92.314,245,14,0
2026-05-01 12:00:00,92.316,92.404,92.285,92.37,681,14,0
2026-05-01 12:15:00,92.368,92.408,92.346,92.403,702,14,0
2026-05-01 12:30:00,92.401,92.417,92.361,92.411,435,14,0
2026-05-01 12:45:00,92.41,92.437,92.401,92.411,316,14,0
2026-05-01 13:00:00,92.409,92.471,92.393,92.447,337,14,0
2026-05-01 13:15:00,92.448,92.476,92.439,92.452,284,14,0
2026-05-01 13:30:00,92.449,92.486,92.431,92.457,516,14,0
2026-05-01 13:45:00,92.456,92.482,92.292,92.472,1537,14,0
2026-05-01 14:00:00,92.475,92.655,92.466,92.647,959,14,0
2026-05-01 14:15:00,92.644,92.677,92.623,92.669,620,14,0
2026-05-01 14:30:00,92.671,92.687,92.559,92.665,652,14,0
2026-05-01 14:45:00,92.668,92.726,92.635,92.656,559,14,0
2026-05-01 15:00:00,92.655,92.755,92.644,92.752,600,14,0
2026-05-01 15:15:00,92.75,92.808,92.741,92.785,423,14,0
2026-05-01 15:30:00,92.787,92.814,92.738,92.771,482,14,0
2026-05-01 15:45:00,92.774,92.814,92.759,92.77,756,14,0
2026-05-01 16:00:00,92.767,92.777,92.713,92.771,367,14,0
2026-05-01 16:15:00,92.773,92.794,92.74,92.786,471,14,0
2026-05-01 16:30:00,92.784,92.787,92.743,92.743,303,14,0
2026-05-01 16:45:00,92.739,92.772,92.736,92.759,229,14,0
2026-05-01 17:00:00,92.756,92.761,92.732,92.754,210,14,0
2026-05-01 17:15:00,92.752,92.761,92.725,92.733,290,14,0
2026-05-01 17:30:00,92.734,92.743,92.704,92.72,242,14,0
2026-05-01 17:45:00,92.721,92.721,92.679,92.686,272,14,0
2026-05-01 18:00:00,92.687,92.714,92.658,92.693,240,14,0
2026-05-01 18:15:00,92.69,92.718,92.673,92.703,258,14,0
2026-05-01 18:30:00,92.706,92.713,92.647,92.697,449,14,0
2026-05-01 18:45:00,92.698,92.732,92.681,92.711,281,14,0
2026-05-01 19:00:00,92.712,92.722,92.695,92.703,157,14,0
2026-05-01 19:15:00,92.701,92.717,92.695,92.712,97,14,0
2026-05-01 19:30:00,92.714,92.714,92.687,92.695,138,14,0
2026-05-01 19:45:00,92.692,92.695,92.659,92.671,166,14,0
2026-05-01 20:00:00,92.668,92.689,92.658,92.675,134,14,0
2026-05-01 20:15:00,92.677,92.685,92.629,92.633,130,14,0
2026-05-01 20:30:00,92.63,92.655,92.611,92.648,225,14,0
2026-05-01 20:45:00,92.646,92.664,92.6,92.647,378,14,0
2026-05-03 21:15:00,92.471,92.48,92.427,92.449,25,99,0
2026-05-03 21:30:00,92.43,92.552,92.388,92.547,89,79,0
2026-05-03 21:45:00,92.554,92.629,92.534,92.585,81,88,0
2026-05-03 22:00:00,92.601,92.653,92.551,92.63,207,50,0
2026-05-03 22:15:00,92.62,92.637,92.596,92.616,144,44,0
2026-05-03 22:30:00,92.612,92.628,92.586,92.611,120,39,0
2026-05-03 22:45:00,92.609,92.651,92.609,92.626,83,36,0
2026-05-03 23:00:00,92.637,92.642,92.594,92.596,154,14,0
2026-05-03 23:15:00,92.599,92.627,92.596,92.624,139,14,0
2026-05-03 23:30:00,92.623,92.633,92.596,92.615,178,14,0
2026-05-03 23:45:00,92.617,92.664,92.605,92.649,287,14,0
2026-05-04 00:00:00,92.652,92.678,92.626,92.66,391,14,0
2026-05-04 00:15:00,92.657,92.658,92.618,92.643,365,14,0
2026-05-04 00:30:00,92.641,92.678,92.636,92.656,254,14,0
2026-05-04 00:45:00,92.658,92.677,92.632,92.645,275,14,0
2026-05-04 01:00:00,92.643,92.679,92.618,92.67,418,14,0
2026-05-04 01:15:00,92.673,92.687,92.492,92.643,901,14,0
2026-05-04 01:30:00,92.64,92.735,92.631,92.727,373,14,0
2026-05-04 01:45:00,92.728,92.816,92.679,92.802,357,14,0
2026-05-04 02:00:00,92.8,92.919,92.799,92.908,467,14,0
2026-05-04 02:15:00,92.911,92.911,92.836,92.849,357,14,0
2026-05-04 02:30:00,92.85,92.9,92.844,92.895,255,14,0
2026-05-04 02:45:00,92.896,92.96,92.882,92.923,359,14,0
2026-05-04 03:00:00,92.925,92.98,92.912,92.975,260,14,0
2026-05-04 03:15:00,92.977,92.983,92.955,92.965,183,14,0
2026-05-04 03:30:00,92.967,92.982,92.953,92.965,196,14,0
2026-05-04 03:45:00,92.962,92.962,92.257,92.548,9441,14,0
2026-05-04 04:00:00,92.549,92.701,92.511,92.679,1132,14,0
2026-05-04 04:15:00,92.678,92.769,92.671,92.742,558,14,0
2026-05-04 04:30:00,92.74,92.773,92.712,92.764,361,14,0
2026-05-04 04:45:00,92.766,92.794,92.762,92.764,221,14,0
2026-05-04 05:00:00,92.765,92.799,92.662,92.751,469,14,0
2026-05-04 05:15:00,92.75,92.796,92.708,92.755,762,14,0
2026-05-04 05:30:00,92.752,92.803,92.64,92.797,550,14,0
2026-05-04 05:45:00,92.795,92.797,92.717,92.782,413,14,0
2026-05-04 06:00:00,92.781,92.85,92.765,92.822,486,14,0
2026-05-04 06:15:00,92.821,92.821,92.762,92.794,385,14,0
2026-05-04 06:30:00,92.796,92.818,92.68,92.707,553,14,0
2026-05-04 06:45:00,92.709,92.723,92.634,92.717,547,14,0
2026-05-04 07:00:00,92.719,92.719,92.625,92.66,517,14,0
2026-05-04 07:15:00,92.657,92.662,92.576,92.586,392,14,0
2026-05-04 07:30:00,92.583,92.611,92.508,92.532,372,14,0
2026-05-04 07:45:00,92.529,92.568,92.505,92.519,354,14,0
2026-05-04 08:00:00,92.516,92.562,92.499,92.555,400,14,0
2026-05-04 08:15:00,92.554,92.616,92.547,92.569,326,14,0
2026-05-04 08:30:00,92.57,92.61,92.56,92.592,281,14,0
2026-05-04 08:45:00,92.594,92.642,92.587,92.609,288,14,0
2026-05-04 09:00:00,92.611,92.651,92.611,92.626,253,14,0
2026-05-04 09:15:00,92.628,92.656,92.623,92.646,234,14,0
2026-05-04 09:30:00,92.648,92.676,92.619,92.667,222,14,0
2026-05-04 09:45:00,92.666,92.667,92.592,92.593,245,14,0
2026-05-04 10:00:00,92.594,92.602,92.334,92.378,1631,14,0
2026-05-04 10:15:00,92.381,92.498,92.333,92.46,1105,14,0
2026-05-04 10:30:00,92.464,92.546,92.462,92.516,1085,14,0
2026-05-04 10:45:00,92.517,92.528,92.49,92.509,312,14,0
2026-05-04 11:00:00,92.511,92.54,92.475,92.488,541,14,0
2026-05-04 11:15:00,92.485,92.523,92.47,92.474,379,14,0
2026-05-04 11:30:00,92.473,92.495,92.43,92.486,483,14,0
2026-05-04 11:45:00,92.484,92.484,92.445,92.465,250,14,0
2026-05-04 12:00:00,92.468,92.504,92.46,92.495,332,14,0
2026-05-04 12:15:00,92.493,92.578,92.476,92.577,538,14,0
2026-05-04 12:30:00,92.575,92.578,92.535,92.57,346,14,0
2026-05-04 12:45:00,92.568,92.612,92.547,92.598,321,14,0
2026-05-04 13:00:00,92.595,92.622,92.494,92.528,1001,14,0
2026-05-04 13:15:00,92.527,92.545,92.509,92.531,345,14,0
2026-05-04 13:30:00,92.532,92.559,92.511,92.512,544,14,0
2026-05-04 13:45:00,92.51,92.524,92.464,92.474,404,14,0
2026-05-04 14:00:00,92.471,92.57,92.469,92.556,601,14,0
2026-05-04 14:15:00,92.554,92.576,92.528,92.542,472,14,0
2026-05-04 14:30:00,92.544,92.581,92.463,92.51,486,14,0
2026-05-04 14:45:00,92.508,92.535,92.477,92.486,550,14,0
2026-05-04 15:00:00,92.489,92.501,92.451,92.453,627,14,0
2026-05-04 15:15:00,92.451,92.48,92.309,92.332,1115,14,0
2026-05-04 15:30:00,92.334,92.371,92.309,92.34,636,14,0
2026-05-04 15:45:00,92.341,92.352,92.277,92.299,756,14,0
2026-05-04 16:00:00,92.301,92.301,92.18,92.207,853,14,0
2026-05-04 16:15:00,92.205,92.323,92.189,92.287,950,14,0
2026-05-04 16:30:00,92.285,92.312,92.278,92.281,526,14,0
2026-05-04 16:45:00,92.28,92.291,92.243,92.243,357,14,0
2026-05-04 17:00:00,92.245,92.367,92.245,92.354,491,14,0
2026-05-04 17:15:00,92.353,92.381,92.34,92.368,415,14,0
2026-05-04 17:30:00,92.366,92.375,92.327,92.368,282,14,0
2026-05-04 17:45:00,92.369,92.369,92.342,92.349,178,14,0
2026-05-04 18:00:00,92.347,92.383,92.338,92.353,226,14,0
2026-05-04 18:15:00,92.351,92.358,92.311,92.332,269,14,0
2026-05-04 18:30:00,92.334,92.342,92.297,92.3,226,14,0
2026-05-04 18:45:00,92.299,92.301,91.966,92.079,950,14,0
2026-05-04 19:00:00,92.077,92.289,92.077,92.278,812,14,0
2026-05-04 19:15:00,92.28,92.302,92.27,92.28,294,14,0
2026-05-04 19:30:00,92.281,92.308,92.279,92.287,182,14,0
2026-05-04 19:45:00,92.29,92.305,92.257,92.294,210,14,0
2026-05-04 20:00:00,92.292,92.319,92.288,92.302,148,14,0
2026-05-04 20:15:00,92.299,92.322,92.263,92.287,186,14,0
2026-05-04 20:30:00,92.289,92.313,92.284,92.313,105,14,0
2026-05-04 20:45:00,92.312,92.34,92.309,92.331,286,14,0
2026-05-04 21:00:00,92.323,92.325,92.304,92.304,10,34,0
2026-05-04 21:15:00,92.312,92.312,92.267,92.286,41,80,0
2026-05-04 21:30:00,92.288,92.307,92.271,92.307,70,74,0
2026-05-04 21:45:00,92.31,92.325,92.226,92.29,86,64,0
2026-05-04 22:00:00,92.299,92.323,92.281,92.299,93,43,0
2026-05-04 22:15:00,92.3,92.315,92.288,92.294,46,43,0
2026-05-04 22:30:00,92.295,92.31,92.293,92.3,47,43,0
2026-05-04 22:45:00,92.298,92.3,92.275,92.288,46,43,0
2026-05-04 23:00:00,92.303,92.316,92.284,92.293,98,14,0
2026-05-04 23:15:00,92.29,92.313,92.283,92.301,37,14,0
2026-05-04 23:30:00,92.3,92.303,92.285,92.297,67,14,0
2026-05-04 23:45:00,92.299,92.311,92.281,92.309,103,14,0
2026-05-05 00:00:00,92.306,92.339,92.291,92.309,316,14,0
2026-05-05 00:15:00,92.306,92.306,92.226,92.237,278,14,0
2026-05-05 00:30:00,92.239,92.243,92.173,92.173,164,14,0
2026-05-05 00:45:00,92.175,92.22,92.164,92.171,254,14,0
2026-05-05 01:00:00,92.169,92.184,92.148,92.184,206,14,0
2026-05-05 01:15:00,92.185,92.196,92.132,92.161,221,14,0
2026-05-05 01:30:00,92.163,92.208,92.141,92.157,290,14,0
2026-05-05 01:45:00,92.159,92.194,92.15,92.19,196,14,0
2026-05-05 02:00:00,92.187,92.229,92.181,92.214,167,14,0
2026-05-05 02:15:00,92.217,92.254,92.217,92.249,128,14,0
2026-05-05 02:30:00,92.252,92.267,92.223,92.233,179,14,0
2026-05-05 02:45:00,92.231,92.269,92.228,92.228,203,14,0
2026-05-05 03:00:00,92.225,92.238,92.199,92.219,177,14,0
2026-05-05 03:15:00,92.222,92.247,92.222,92.224,111,14,0
2026-05-05 03:30:00,92.222,92.237,92.205,92.234,104,14,0
2026-05-05 03:45:00,92.235,92.257,92.22,92.224,89,14,0
2026-05-05 04:00:00,92.226,92.268,92.222,92.242,77,14,0
2026-05-05 04:15:00,92.239,92.29,92.237,92.288,115,14,0
2026-05-05 04:30:00,92.291,92.317,92.222,92.256,542,14,0
2026-05-05 04:45:00,92.254,92.262,92.132,92.137,316,14,0
2026-05-05 05:00:00,92.134,92.213,92.12,92.156,306,14,0
2026-05-05 05:15:00,92.159,92.211,92.133,92.139,229,14,0
2026-05-05 05:30:00,92.141,92.304,92.116,92.239,702,14,0
2026-05-05 05:45:00,92.238,92.286,92.206,92.28,395,14,0
2026-05-05 06:00:00,92.277,92.392,92.273,92.37,488,14,0
2026-05-05 06:15:00,92.368,92.375,92.263,92.328,329,14,0
2026-05-05 06:30:00,92.329,92.363,92.316,92.356,353,14,0
2026-05-05 06:45:00,92.358,92.408,92.356,92.359,286,14,0
2026-05-05 07:00:00,92.361,92.367,92.319,92.32,475,14,0
2026-05-05 07:15:00,92.317,92.323,92.283,92.29,286,14,0
2026-05-05 07:30:00,92.292,92.413,92.288,92.386,547,14,0
2026-05-05 07:45:00,92.389,92.391,92.343,92.355,281,14,0
2026-05-05 08:00:00,92.354,92.488,92.353,92.48,307,14,0
2026-05-05 08:15:00,92.478,92.532,92.477,92.512,244,14,0
2026-05-05 08:30:00,92.509,92.511,92.444,92.454,234,14,0
2026-05-05 08:45:00,92.453,92.492,92.446,92.465,241,14,0
2026-05-05 09:00:00,92.463,92.762,92.463,92.602,1712,14,0
2026-05-05 09:15:00,92.6,92.675,92.597,92.625,614,14,0
2026-05-05 09:30:00,92.626,92.665,92.421,92.645,1098,14,0
2026-05-05 09:45:00,92.649,92.697,92.636,92.659,314,14,0
2026-05-05 10:00:00,92.656,92.736,92.648,92.729,229,14,0
2026-05-05 10:15:00,92.731,92.757,92.712,92.742,285,14,0
2026-05-05 10:30:00,92.745,92.767,92.675,92.678,376,14,0
2026-05-05 10:45:00,92.675,92.705,92.667,92.697,227,14,0
2026-05-05 11:00:00,92.695,92.72,92.662,92.678,368,14,0
2026-05-05 11:15:00,92.676,92.73,92.666,92.729,378,14,0
2026-05-05 11:30:00,92.731,92.741,92.711,92.738,248,14,0
2026-05-05 11:45:00,92.741,92.794,92.741,92.773,218,14,0
2026-05-05 12:00:00,92.777,92.811,92.752,92.795,653,14,0
2026-05-05 12:15:00,92.793,92.891,92.785,92.889,455,14,0
2026-05-05 12:30:00,92.892,92.897,92.812,92.817,404,14,0
2026-05-05 12:45:00,92.815,92.839,92.808,92.812,282,14,0
2026-05-05 13:00:00,92.815,92.911,92.808,92.86,413,14,0
2026-05-05 13:15:00,92.863,92.884,92.849,92.851,258,14,0
2026-05-05 13:30:00,92.854,92.859,92.801,92.804,367,14,0
2026-05-05 13:45:00,92.806,92.891,92.805,92.869,389,14,0
2026-05-05 14:00:00,92.867,92.913,92.821,92.828,753,14,0
2026-05-05 14:15:00,92.83,92.92,92.804,92.916,713,14,0
2026-05-05 14:30:00,92.914,92.966,92.9,92.953,442,14,0
2026-05-05 14:45:00,92.951,92.959,92.899,92.94,430,14,0
2026-05-05 15:00:00,92.941,93.033,92.935,93.027,419,14,0
2026-05-05 15:15:00,93.024,93.053,93.014,93.05,335,14,0
2026-05-05 15:30:00,93.048,93.097,92.992,93.063,441,14,0
2026-05-05 15:45:00,93.065,93.088,93.042,93.05,297,14,0
2026-05-05 16:00:00,93.047,93.05,92.998,92.998,232,14,0
2026-05-05 16:15:00,92.995,92.996,92.966,92.978,211,14,0
2026-05-05 16:30:00,92.98,93.0,92.958,92.994,182,14,0
2026-05-05 16:45:00,92.993,93.008,92.956,92.962,175,14,0
2026-05-05 17:00:00,92.964,92.995,92.962,92.979,196,14,0
2026-05-05 17:15:00,92.976,93.002,92.976,92.995,155,14,0
2026-05-05 17:30:00,92.992,93.027,92.984,93.005,213,14,0
2026-05-05 17:45:00,93.003,93.012,92.993,93.0,123,14,0
2026-05-05 18:00:00,92.999,93.018,92.993,93.01,131,14,0
2026-05-05 18:15:00,93.012,93.013,92.998,93.006,67,14,0
2026-05-05 18:30:00,93.007,93.019,92.997,93.0,116,14,0
2026-05-05 18:45:00,93.002,93.014,92.928,92.929,121,14,0
2026-05-05 19:00:00,92.932,93.006,92.93,92.975,88,14,0
2026-05-05 19:15:00,92.974,92.979,92.967,92.975,86,14,0
2026-05-05 19:30:00,92.977,92.983,92.946,92.952,62,14,0
2026-05-05 19:45:00,92.955,92.958,92.92,92.954,147,14,0
2026-05-05 20:00:00,92.956,92.959,92.925,92.937,96,14,0
2026-05-05 20:15:00,92.938,92.955,92.93,92.954,102,14,0
2026-05-05 20:30:00,92.952,92.955,92.935,92.941,69,14,0
2026-05-05 20:45:00,92.94,92.942,92.913,92.927,174,14,0
2026-05-05 21:00:00,92.92,92.92,92.617,92.876,121,33,0
2026-05-05 21:15:00,92.873,92.876,92.673,92.816,194,118,0
2026-05-05 21:30:00,92.853,92.881,92.843,92.868,86,94,0
2026-05-05 21:45:00,92.856,92.905,92.726,92.897,220,83,0
2026-05-05 22:00:00,92.934,92.956,92.903,92.903,82,43,0
2026-05-05 22:15:00,92.905,92.909,92.869,92.872,53,43,0
2026-05-05 22:30:00,92.87,92.934,92.87,92.923,67,43,0
2026-05-05 22:45:00,92.922,92.98,92.896,92.975,314,43,0
2026-05-05 23:00:00,92.989,93.094,92.931,93.092,563,14,0
2026-05-05 23:15:00,93.091,93.172,93.091,93.112,366,14,0
2026-05-05 23:30:00,93.11,93.126,93.09,93.104,210,14,0
2026-05-05 23:45:00,93.106,93.113,93.048,93.048,241,14,0
2026-05-06 00:00:00,93.051,93.121,93.049,93.077,641,14,0
2026-05-06 00:15:00,93.079,93.146,93.047,93.132,445,14,0
2026-05-06 00:30:00,93.13,93.244,93.126,93.24,428,14,0
2026-05-06 00:45:00,93.243,93.282,93.215,93.282,394,14,0
2026-05-06 01:00:00,93.284,93.329,93.265,93.305,428,14,0
2026-05-06 01:15:00,93.308,93.429,93.308,93.397,388,14,0
2026-05-06 01:30:00,93.395,93.395,93.321,93.39,413,14,0
2026-05-06 01:45:00,93.394,93.476,93.394,93.456,363,14,0
2026-05-06 02:00:00,93.459,93.474,93.437,93.454,346,14,0
2026-05-06 02:15:00,93.452,93.515,93.452,93.499,325,14,0
2026-05-06 02:30:00,93.498,93.532,93.49,93.522,233,14,0
2026-05-06 02:45:00,93.52,93.553,93.514,93.552,246,14,0
2026-05-06 03:00:00,93.554,93.728,93.553,93.657,479,14,0
2026-05-06 03:15:00,93.655,93.676,93.636,93.64,256,14,0
2026-05-06 03:30:00,93.639,93.653,93.583,93.62,339,14,0
2026-05-06 03:45:00,93.618,93.618,93.543,93.549,253,14,0
2026-05-06 04:00:00,93.551,93.637,93.551,93.637,187,14,0
2026-05-06 04:15:00,93.64,93.645,93.109,93.162,2303,14,0
2026-05-06 04:30:00,93.158,93.237,92.659,92.687,8775,14,0
2026-05-06 04:45:00,92.689,92.752,92.247,92.734,9387,14,0
2026-05-06 05:00:00,92.732,92.904,92.637,92.885,2125,14,0
2026-05-06 05:15:00,92.887,92.933,92.85,92.92,833,14,0
2026-05-06 05:30:00,92.919,92.947,92.891,92.947,443,14,0
2026-05-06 05:45:00,92.944,92.986,92.93,92.956,447,14,0
2026-05-06 06:00:00,92.957,93.022,92.933,93.004,698,14,0
2026-05-06 06:15:00,93.002,93.063,92.986,93.035,569,14,0
2026-05-06 06:30:00,93.036,93.045,92.958,92.984,551,14,0
2026-05-06 06:45:00,92.982,93.086,92.97,93.082,342,14,0
2026-05-06 07:00:00,93.085,93.129,93.004,93.03,647,14,0
2026-05-06 07:15:00,93.028,93.079,92.988,93.058,529,14,0
2026-05-06 07:30:00,93.055,93.079,93.03,93.039,383,14,0
2026-05-06 07:45:00,93.037,93.048,92.703,92.78,1403,14,0
2026-05-06 08:00:00,92.777,93.019,92.773,92.965,1349,14,0
2026-05-06 08:15:00,92.964,93.025,92.928,92.998,511,14,0
2026-05-06 08:30:00,92.996,93.044,92.955,93.034,555,14,0
2026-05-06 08:45:00,93.036,93.175,92.943,93.112,2129,14,0
2026-05-06 09:00:00,93.11,93.12,93.029,93.038,751,14,0
2026-05-06 09:15:00,93.035,93.101,93.017,93.094,628,14,0
2026-05-06 09:30:00,93.093,93.111,93.06,93.065,631,14,0
2026-05-06 09:45:00,93.068,93.092,93.054,93.068,463,14,0
2026-05-06 10:00:00,93.07,93.096,93.019,93.046,503,14,0
2026-05-06 10:15:00,93.044,93.114,93.008,93.032,617,14,0
2026-05-06 10:30:00,93.03,93.152,93.018,93.139,589,14,0
2026-05-06 10:45:00,93.136,93.245,93.129,93.185,1189,14,0
2026-05-06 11:00:00,93.182,93.222,93.148,93.183,749,14,0
2026-05-06 11:15:00,93.184,93.212,93.165,93.198,458,14,0
2026-05-06 11:30:00,93.196,93.281,93.165,93.234,646,14,0
2026-05-06 11:45:00,93.232,93.261,93.184,93.205,640,14,0
2026-05-06 12:00:00,93.207,93.213,93.117,93.144,848,14,0
2026-05-06 12:15:00,93.149,93.18,93.099,93.143,842,14,0
2026-05-06 12:30:00,93.146,93.161,93.089,93.111,525,14,0
2026-05-06 12:45:00,93.113,93.148,93.082,93.148,471,14,0
2026-05-06 13:00:00,93.146,93.148,93.008,93.091,863,14,0
2026-05-06 13:15:00,93.093,93.109,93.002,93.011,459,14,0
2026-05-06 13:30:00,93.01,93.01,92.955,92.971,598,14,0
2026-05-06 13:45:00,92.974,92.982,92.932,92.955,524,14,0
2026-05-06 14:00:00,92.957,93.011,92.951,93.006,533,14,0
2026-05-06 14:15:00,93.009,93.016,92.96,92.965,448,14,0
2026-05-06 14:30:00,92.962,93.163,92.962,93.15,652,14,0
2026-05-06 14:45:00,93.149,93.158,93.096,93.131,633,14,0
2026-05-06 15:00:00,93.133,93.207,93.113,93.153,734,14,0
2026-05-06 15:15:00,93.152,93.171,93.102,93.104,416,14,0
2026-05-06 15:30:00,93.102,93.154,93.097,93.146,385,14,0
2026-05-06 15:45:00,93.148,93.157,93.106,93.152,288,14,0
2026-05-06 16:00:00,93.15,93.167,93.118,93.128,287,14,0
2026-05-06 16:15:00,93.125,93.129,93.094,93.11,243,14,0
2026-05-06 16:30:00,93.111,93.142,93.103,93.127,182,14,0
2026-05-06 16:45:00,93.126,93.126,93.035,93.058,334,14,0
2026-05-06 17:00:00,93.06,93.115,93.034,93.112,254,14,0
2026-05-06 17:15:00,93.114,93.144,93.106,93.136,171,14,0
2026-05-06 17:30:00,93.134,93.144,93.115,93.132,202,14,0
2026-05-06 17:45:00,93.133,93.175,93.119,93.169,158,14,0
2026-05-06 18:00:00,93.171,93.2,93.152,93.154,225,14,0
2026-05-06 18:15:00,93.152,93.173,93.137,93.172,174,14,0
2026-05-06 18:30:00,93.17,93.194,93.166,93.174,162,14,0
2026-05-06 18:45:00,93.171,93.175,93.087,93.105,163,14,0
2026-05-06 19:00:00,93.103,93.198,93.085,93.158,277,14,0
2026-05-06 19:15:00,93.156,93.173,93.143,93.151,146,14,0
2026-05-06 19:30:00,93.148,93.157,93.133,93.149,151,14,0
2026-05-06 19:45:00,93.148,93.159,93.129,93.13,216,14,0
2026-05-06 20:00:00,93.132,93.144,93.047,93.086,286,14,0
2026-05-06 20:15:00,93.088,93.114,93.078,93.105,164,14,0
2026-05-06 20:30:00,93.103,93.113,93.083,93.111,121,14,0
2026-05-06 20:45:00,93.114,93.114,92.978,92.999,126,14,0
2026-05-06 21:00:00,93.001,93.005,93.001,93.005,2,140,0
2026-05-06 21:15:00,92.928,93.018,92.8,93.014,76,114,0
2026-05-06 21:30:00,92.973,93.094,92.92,93.088,215,94,0
2026-05-06 21:45:00,93.081,93.098,92.982,92.982,221,89,0
2026-05-06 22:00:00,93.022,93.096,93.022,93.081,115,50,0
2026-05-06 22:15:00,93.081,93.113,93.081,93.111,47,43,0
2026-05-06 22:30:00,93.113,93.117,93.088,93.088,58,43,0
2026-05-06 22:45:00,93.09,93.102,93.074,93.102,60,43,0
2026-05-06 23:00:00,93.117,93.158,93.089,93.152,165,14,0
2026-05-06 23:15:00,93.154,93.157,93.138,93.141,85,14,0
2026-05-06 23:30:00,93.138,93.155,93.13,93.155,80,14,0
2026-05-06 23:45:00,93.153,93.183,93.141,93.177,206,14,0
2026-05-07 00:00:00,93.174,93.213,93.057,93.071,670,14,0
2026-05-07 00:15:00,93.069,93.121,93.06,93.116,417,14,0
2026-05-07 00:30:00,93.115,93.15,93.095,93.129,375,14,0
2026-05-07 00:45:00,93.13,93.143,93.031,93.078,502,14,0
2026-05-07 01:00:00,93.075,93.075,92.993,93.0,532,14,0
2026-05-07 01:15:00,92.998,93.062,92.998,93.038,444,14,0
2026-05-07 01:30:00,93.037,93.047,92.981,93.035,399,14,0
2026-05-07 01:45:00,93.037,93.149,93.034,93.133,357,14,0
2026-05-07 02:00:00,93.135,93.153,93.102,93.142,271,14,0
2026-05-07 02:15:00,93.143,93.152,93.091,93.105,276,14,0
2026-05-07 02:30:00,93.106,93.128,93.092,93.11,255,14,0
2026-05-07 02:45:00,93.108,93.198,93.105,93.188,285,14,0
2026-05-07 03:00:00,93.186,93.188,93.147,93.161,226,14,0
2026-05-07 03:15:00,93.16,93.186,93.15,93.15,170,14,0
2026-05-07 03:30:00,93.149,93.185,93.13,93.158,224,14,0
2026-05-07 03:45:00,93.16,93.201,93.156,93.19,190,14,0
2026-05-07 04:00:00,93.188,93.204,93.174,93.19,205,14,0
2026-05-07 04:15:00,93.187,93.219,93.167,93.217,193,14,0
2026-05-07 04:30:00,93.219,93.235,93.194,93.234,172,14,0
2026-05-07 04:45:00,93.232,93.234,93.171,93.213,242,14,0
2026-05-07 05:00:00,93.212,93.215,93.188,93.202,190,14,0
2026-05-07 05:15:00,93.201,93.234,93.201,93.231,155,14,0
2026-05-07 05:30:00,93.23,93.249,93.207,93.208,206,14,0
2026-05-07 05:45:00,93.21,93.222,93.169,93.19,208,14,0
2026-05-07 06:00:00,93.188,93.188,93.146,93.148,260,14,0
2026-05-07 06:15:00,93.149,93.176,93.131,93.131,235,14,0
2026-05-07 06:30:00,93.129,93.188,93.114,93.156,556,14,0
2026-05-07 06:45:00,93.158,93.177,93.11,93.132,470,14,0
2026-05-07 07:00:00,93.134,93.231,93.098,93.203,788,14,0
2026-05-07 07:15:00,93.202,93.243,93.187,93.219,587,14,0
2026-05-07 07:30:00,93.222,93.326,93.2,93.304,417,14,0
2026-05-07 07:45:00,93.306,93.366,93.273,93.359,315,14,0
2026-05-07 08:00:00,93.362,93.402,93.358,93.396,365,14,0
2026-05-07 08:15:00,93.395,93.396,93.322,93.351,424,14,0
2026-05-07 08:30:00,93.35,93.412,93.336,93.404,291,14,0
2026-05-07 08:45:00,93.405,93.443,93.389,93.408,257,14,0
2026-05-07 09:00:00,93.407,93.419,93.378,93.39,335,14,0
2026-05-07 09:15:00,93.392,93.415,93.37,93.376,245,14,0
2026-05-07 09:30:00,93.375,93.462,93.373,93.462,270,14,0
2026-05-07 09:45:00,93.464,93.481,93.429,93.463,244,14,0
2026-05-07 10:00:00,93.461,93.513,93.459,93.509,296,14,0
2026-05-07 10:15:00,93.511,93.523,93.465,93.483,264,14,0
2026-05-07 10:30:00,93.482,93.528,93.46,93.522,256,14,0
2026-05-07 10:45:00,93.521,93.541,93.509,93.52,285,14,0
2026-05-07 11:00:00,93.523,93.542,93.508,93.527,256,14,0
2026-05-07 11:15:00,93.528,93.537,93.479,93.512,276,14,0
2026-05-07 11:30:00,93.511,93.537,93.494,93.518,222,14,0
2026-05-07 11:45:00,93.515,93.55,93.503,93.533,270,14,0
2026-05-07 12:00:00,93.534,93.554,93.488,93.5,333,14,0
2026-05-07 12:15:00,93.499,93.532,93.434,93.456,418,14,0
2026-05-07 12:30:00,93.459,93.488,93.439,93.479,305,14,0
2026-05-07 12:45:00,93.48,93.48,93.433,93.433,294,14,0
2026-05-07 13:00:00,93.43,93.432,93.379,93.422,422,14,0
2026-05-07 13:15:00,93.421,93.474,93.413,93.47,366,14,0
2026-05-07 13:30:00,93.467,93.471,93.42,93.42,392,14,0
2026-05-07 13:45:00,93.419,93.467,93.402,93.411,515,14,0
2026-05-07 14:00:00,93.413,93.431,93.352,93.43,418,14,0
2026-05-07 14:15:00,93.431,93.473,93.4,93.434,436,14,0
2026-05-07 14:30:00,93.436,93.483,93.425,93.472,412,14,0
2026-05-07 14:45:00,93.474,93.494,93.359,93.403,522,14,0
2026-05-07 15:00:00,93.401,93.429,93.378,93.4,412,14,0
2026-05-07 15:15:00,93.399,93.409,93.273,93.315,518,14,0
2026-05-07 15:30:00,93.317,93.363,93.311,93.344,375,14,0
2026-05-07 15:45:00,93.347,93.347,93.288,93.289,354,14,0
2026-05-07 16:00:00,93.291,93.323,93.264,93.287,496,14,0
2026-05-07 16:15:00,93.286,93.371,93.271,93.371,444,14,0
2026-05-07 16:30:00,93.37,93.378,93.313,93.327,319,14,0
2026-05-07 16:45:00,93.329,93.361,93.313,93.351,274,14,0
2026-05-07 17:00:00,93.354,93.377,93.341,93.353,268,14,0
2026-05-07 17:15:00,93.351,93.393,93.303,93.306,637,14,0
2026-05-07 17:30:00,93.309,93.346,93.268,93.275,624,14,0
2026-05-07 17:45:00,93.273,93.305,93.262,93.299,429,14,0
2026-05-07 18:00:00,93.301,93.301,93.252,93.274,302,14,0
2026-05-07 18:15:00,93.276,93.3,93.272,93.297,177,14,0
2026-05-07 18:30:00,93.299,93.343,93.281,93.302,420,14,0
2026-05-07 18:45:00,93.305,93.312,93.207,93.251,452,14,0
2026-05-07 19:00:00,93.253,93.316,93.222,93.288,278,14,0
2026-05-07 19:15:00,93.286,93.286,93.218,93.256,535,14,0
2026-05-07 19:30:00,93.254,93.283,93.253,93.281,204,14,0
2026-05-07 19:45:00,93.283,93.293,93.207,93.212,438,14,0
2026-05-07 20:00:00,93.211,93.287,93.195,93.275,533,14,0
2026-05-07 20:15:00,93.278,93.278,93.235,93.248,105,14,0
2026-05-07 20:30:00,93.246,93.251,93.162,93.224,408,14,0
2026-05-07 20:45:00,93.226,93.238,93.151,93.175,239,14,0
2026-05-07 21:00:00,93.152,93.152,93.151,93.151,2,75,0
2026-05-07 21:15:00,93.165,93.165,93.011,93.101,38,60,0
2026-05-07 21:30:00,93.11,93.13,93.055,93.098,112,84,0
2026-05-07 21:45:00,93.1,93.166,93.017,93.08,259,83,0
2026-05-07 22:00:00,93.118,93.162,93.066,93.125,184,43,0
2026-05-07 22:15:00,93.131,93.157,93.113,93.15,161,43,0
2026-05-07 22:30:00,93.152,93.154,93.114,93.132,131,43,0
2026-05-07 22:45:00,93.131,93.135,93.083,93.084,87,43,0
2026-05-07 23:00:00,93.099,93.128,93.098,93.118,92,14,0
2026-05-07 23:15:00,93.119,93.172,93.107,93.169,79,14,0
2026-05-07 23:30:00,93.17,93.177,93.134,93.142,75,14,0
2026-05-07 23:45:00,93.144,93.144,93.112,93.133,137,14,0
2026-05-08 00:00:00,93.137,93.186,93.137,93.167,402,14,0
2026-05-08 00:15:00,93.165,93.169,93.071,93.105,534,14,0
2026-05-08 00:30:00,93.103,93.178,93.1,93.174,330,14,0
2026-05-08 00:45:00,93.172,93.213,93.136,93.207,405,14,0
2026-05-08 01:00:00,93.21,93.254,93.197,93.214,378,14,0
2026-05-08 01:15:00,93.212,93.228,93.162,93.172,334,14,0
2026-05-08 01:30:00,93.175,93.184,93.134,93.175,273,14,0
2026-05-08 01:45:00,93.178,93.198,93.161,93.174,207,14,0
2026-05-08 02:00:00,93.177,93.194,93.161,93.183,214,14,0
2026-05-08 02:15:00,93.18,93.189,93.147,93.165,258,14,0
2026-05-08 02:30:00,93.163,93.181,93.079,93.141,455,14,0
2026-05-08 02:45:00,93.143,93.184,93.135,93.138,267,14,0
2026-05-08 03:00:00,93.141,93.177,93.136,93.164,244,14,0
2026-05-08 03:15:00,93.167,93.171,93.135,93.159,176,14,0
2026-05-08 03:30:00,93.162,93.201,93.161,93.191,261,14,0
2026-05-08 03:45:00,93.19,93.206,93.162,93.164,177,14,0
2026-05-08 04:00:00,93.166,93.203,93.164,93.185,180,14,0
2026-05-08 04:15:00,93.183,93.227,93.176,93.193,229,14,0
2026-05-08 04:30:00,93.196,93.216,93.176,93.216,194,14,0
2026-05-08 04:45:00,93.219,93.268,93.219,93.224,181,14,0
2026-05-08 05:00:00,93.226,93.253,93.219,93.247,185,14,0
2026-05-08 05:15:00,93.248,93.294,93.243,93.294,158,14,0
2026-05-08 05:30:00,93.295,93.318,93.237,93.252,258,14,0
2026-05-08 05:45:00,93.253,93.29,93.253,93.272,164,14,0
2026-05-08 06:00:00,93.275,93.343,93.255,93.318,386,14,0
2026-05-08 06:15:00,93.316,93.359,93.309,93.35,328,14,0
2026-05-08 06:30:00,93.353,93.372,93.312,93.361,386,14,0
2026-05-08 06:45:00,93.363,93.367,93.344,93.356,234,14,0
2026-05-08 07:00:00,93.357,93.361,93.296,93.315,375,14,0
2026-05-08 07:15:00,93.316,93.316,93.278,93.292,357,14,0
2026-05-08 07:30:00,93.294,93.328,93.275,93.308,265,14,0
2026-05-08 07:45:00,93.311,93.344,93.307,93.329,238,14,0
2026-05-08 08:00:00,93.332,93.351,93.303,93.303,310,14,0
2026-05-08 08:15:00,93.302,93.407,93.297,93.4,380,14,0
2026-05-08 08:30:00,93.398,93.424,93.381,93.389,291,14,0
2026-05-08 08:45:00,93.391,93.437,93.388,93.425,316,14,0
2026-05-08 09:00:00,93.428,93.494,93.414,93.455,316,14,0
2026-05-08 09:15:00,93.454,93.491,93.444,93.455,271,14,0
2026-05-08 09:30:00,93.454,93.46,93.417,93.439,209,14,0
2026-05-08 09:45:00,93.438,93.449,93.387,93.419,289,14,0
2026-05-08 10:00:00,93.417,93.486,93.411,93.48,247,14,0
2026-05-08 10:15:00,93.478,93.508,93.451,93.492,168,14,0
2026-05-08 10:30:00,93.494,93.538,93.487,93.498,173,14,0
2026-05-08 10:45:00,93.496,93.498,93.451,93.49,249,14,0
2026-05-08 11:00:00,93.488,93.513,93.461,93.468,236,14,0
2026-05-08 11:15:00,93.47,93.482,93.444,93.465,172,14,0
2026-05-08 11:30:00,93.466,93.478,93.416,93.417,184,14,0
2026-05-08 11:45:00,93.416,93.435,93.401,93.427,241,14,0
2026-05-08 12:00:00,93.429,93.438,93.367,93.378,347,14,0
2026-05-08 12:15:00,93.376,93.41,93.341,93.402,375,14,0
2026-05-08 12:30:00,93.405,93.447,93.335,93.396,940,14,0
2026-05-08 12:45:00,93.399,93.405,93.323,93.333,556,14,0
2026-05-08 13:00:00,93.331,93.338,93.205,93.231,561,14,0
2026-05-08 13:15:00,93.228,93.305,93.208,93.271,509,14,0
2026-05-08 13:30:00,93.273,93.332,93.271,93.319,660,14,0
2026-05-08 13:45:00,93.316,93.363,93.295,93.314,451,14,0
2026-05-08 14:00:00,93.311,93.334,93.262,93.323,574,14,0
2026-05-08 14:15:00,93.324,93.347,93.296,93.3,433,14,0
2026-05-08 14:30:00,93.298,93.332,93.283,93.301,392,14,0
2026-05-08 14:45:00,93.303,93.326,93.274,93.299,409,14,0
2026-05-08 15:00:00,93.297,93.308,93.257,93.267,500,14,0
2026-05-08 15:15:00,93.264,93.313,93.243,93.313,312,14,0
2026-05-08 15:30:00,93.311,93.35,93.274,93.306,396,14,0
2026-05-08 15:45:00,93.307,93.346,93.296,93.334,258,14,0
2026-05-08 16:00:00,93.335,93.366,93.311,93.337,248,14,0
2026-05-08 16:15:00,93.334,93.379,93.328,93.378,146,14,0
2026-05-08 16:30:00,93.379,93.388,93.349,93.355,139,14,0
2026-05-08 16:45:00,93.356,93.367,93.345,93.351,172,14,0
2026-05-08 17:00:00,93.353,93.367,93.349,93.365,131,14,0
2026-05-08 17:15:00,93.363,93.385,93.348,93.361,161,14,0
2026-05-08 17:30:00,93.363,93.373,93.346,93.361,132,14,0
2026-05-08 17:45:00,93.363,93.385,93.363,93.378,136,14,0
2026-05-08 18:00:00,93.377,93.401,93.364,93.39,278,14,0
2026-05-08 18:15:00,93.391,93.393,93.377,93.383,114,14,0
2026-05-08 18:30:00,93.381,93.417,93.379,93.413,135,14,0
2026-05-08 18:45:00,93.411,93.413,93.326,93.327,166,14,0
2026-05-08 19:00:00,93.329,93.418,93.327,93.41,115,14,0
2026-05-08 19:15:00,93.412,93.428,93.404,93.42,81,14,0
2026-05-08 19:30:00,93.418,93.476,93.417,93.463,132,14,0
2026-05-08 19:45:00,93.462,93.468,93.417,93.447,207,14,0
2026-05-08 20:00:00,93.449,93.467,93.438,93.439,121,14,0
2026-05-08 20:15:00,93.437,93.453,93.427,93.439,91,14,0
2026-05-08 20:30:00,93.441,93.459,93.433,93.452,135,14,0
2026-05-08 20:45:00,93.45,93.492,93.435,93.451,205,14,0
2026-05-10 21:15:00,92.972,93.171,92.963,93.171,37,109,0
2026-05-10 21:30:00,93.198,93.213,93.041,93.087,203,97,0
2026-05-10 21:45:00,93.087,93.17,93.085,93.169,143,82,0
2026-05-10 22:00:00,93.214,93.335,93.188,93.302,326,55,0
2026-05-10 22:15:00,93.304,93.311,93.263,93.31,144,46,0
2026-05-10 22:30:00,93.314,93.367,93.298,93.333,141,42,0
2026-05-10 22:45:00,93.334,93.352,93.31,93.346,86,38,0
2026-05-10 23:00:00,93.358,93.358,93.317,93.332,141,14,0
2026-05-10 23:15:00,93.334,93.38,93.334,93.366,86,14,0
2026-05-10 23:30:00,93.368,93.37,93.332,93.342,95,14,0
2026-05-10 23:45:00,93.34,93.355,93.313,93.32,149,14,0
2026-05-11 00:00:00,93.317,93.358,93.31,93.321,336,14,0
2026-05-11 00:15:00,93.323,93.381,93.316,93.372,269,14,0
2026-05-11 00:30:00,93.373,93.473,93.372,93.453,240,14,0
2026-05-11 00:45:00,93.451,93.482,93.419,93.47,543,14,0
2026-05-11 01:00:00,93.472,93.494,93.428,93.449,411,14,0
2026-05-11 01:15:00,93.45,93.479,93.428,93.437,322,14,0
2026-05-11 01:30:00,93.435,93.453,93.395,93.411,329,14,0
2026-05-11 01:45:00,93.413,93.474,93.405,93.474,227,14,0
2026-05-11 02:00:00,93.476,93.491,93.449,93.475,201,14,0
2026-05-11 02:15:00,93.473,93.499,93.465,93.497,128,14,0
2026-05-11 02:30:00,93.499,93.515,93.461,93.463,182,14,0
2026-05-11 02:45:00,93.461,93.466,93.433,93.433,191,14,0
2026-05-11 03:00:00,93.431,93.46,93.423,93.449,207,14,0
2026-05-11 03:15:00,93.451,93.466,93.443,93.462,130,14,0
2026-05-11 03:30:00,93.463,93.465,93.432,93.44,145,14,0
2026-05-11 03:45:00,93.438,93.455,93.427,93.429,137,14,0
2026-05-11 04:00:00,93.431,93.431,93.377,93.395,169,14,0
2026-05-11 04:15:00,93.393,93.408,93.378,93.387,132,14,0
2026-05-11 04:30:00,93.388,93.394,93.345,93.349,112,14,0
2026-05-11 04:45:00,93.35,93.35,93.327,93.343,107,14,0
2026-05-11 05:00:00,93.34,93.361,93.325,93.354,170,14,0
2026-05-11 05:15:00,93.355,93.381,93.352,93.373,163,14,0
2026-05-11 05:30:00,93.371,93.378,93.341,93.349,179,14,0
2026-05-11 05:45:00,93.352,93.366,93.318,93.357,198,14,0
2026-05-11 06:00:00,93.359,93.425,93.337,93.405,304,14,0
2026-05-11 06:15:00,93.407,93.407,93.339,93.36,286,14,0
2026-05-11 06:30:00,93.362,93.413,93.336,93.409,295,14,0
2026-05-11 06:45:00,93.407,93.425,93.366,93.417,301,14,0
2026-05-11 07:00:00,93.42,93.45,93.39,93.428,312,14,0
2026-05-11 07:15:00,93.43,93.444,93.396,93.399,293,14,0
2026-05-11 07:30:00,93.397,93.438,93.387,93.426,256,14,0
2026-05-11 07:45:00,93.424,93.451,93.394,93.45,266,14,0
2026-05-11 08:00:00,93.451,93.497,93.449,93.475,286,14,0
2026-05-11 08:15:00,93.477,93.521,93.456,93.479,317,14,0
2026-05-11 08:30:00,93.476,93.493,93.416,93.424,254,14,0
2026-05-11 08:45:00,93.422,93.478,93.41,93.454,207,14,0
2026-05-11 09:00:00,93.452,93.466,93.444,93.455,140,14,0
2026-05-11 09:15:00,93.458,93.485,93.422,93.422,179,14,0
2026-05-11 09:30:00,93.421,93.465,93.417,93.434,181,14,0
2026-05-11 09:45:00,93.432,93.443,93.405,93.405,153,14,0
2026-05-11 10:00:00,93.402,93.407,93.386,93.401,210,14,0
2026-05-11 10:15:00,93.398,93.425,93.388,93.424,133,14,0
2026-05-11 10:30:00,93.426,93.463,93.402,93.44,283,14,0
2026-05-11 10:45:00,93.442,93.491,93.441,93.459,226,14,0
2026-05-11 11:00:00,93.462,93.485,93.453,93.479,213,14,0
2026-05-11 11:15:00,93.48,93.497,93.469,93.497,158,14,0
2026-05-11 11:30:00,93.495,93.509,93.485,93.494,195,14,0
2026-05-11 11:45:00,93.495,93.498,93.422,93.467,212,14,0
2026-05-11 12:00:00,93.466,93.469,93.423,93.436,217,14,0
2026-05-11 12:15:00,93.437,93.48,93.411,93.475,235,14,0
2026-05-11 12:30:00,93.473,93.514,93.442,93.479,320,14,0
2026-05-11 12:45:00,93.48,93.504,93.427,93.504,345,14,0
2026-05-11 13:00:00,93.506,93.575,93.503,93.562,350,14,0
2026-05-11 13:15:00,93.56,93.578,93.539,93.545,259,14,0
2026-05-11 13:30:00,93.547,93.58,93.526,93.574,395,14,0
2026-05-11 13:45:00,93.576,93.606,93.557,93.571,332,14,0
2026-05-11 14:00:00,93.569,93.601,93.539,93.601,247,14,0
2026-05-11 14:15:00,93.604,93.664,93.596,93.643,265,14,0
2026-05-11 14:30:00,93.645,93.679,93.591,93.677,514,14,0
2026-05-11 14:45:00,93.675,93.677,93.612,93.631,403,14,0
2026-05-11 15:00:00,93.633,93.672,93.615,93.659,327,14,0
2026-05-11 15:15:00,93.661,93.706,93.655,93.697,252,14,0
2026-05-11 15:30:00,93.695,93.709,93.687,93.691,229,14,0
2026-05-11 15:45:00,93.689,93.723,93.685,93.71,230,14,0
2026-05-11 16:00:00,93.712,93.721,93.694,93.719,153,14,0
2026-05-11 16:15:00,93.721,93.729,93.708,93.72,110,14,0
2026-05-11 16:30:00,93.719,93.728,93.648,93.683,248,14,0
2026-05-11 16:45:00,93.681,93.709,93.678,93.704,243,14,0
2026-05-11 17:00:00,93.702,93.714,93.681,93.7,223,14,0
2026-05-11 17:15:00,93.699,93.715,93.693,93.701,166,14,0
2026-05-11 17:30:00,93.702,93.732,93.702,93.722,116,14,0
2026-05-11 17:45:00,93.724,93.727,93.697,93.701,99,14,0
2026-05-11 18:00:00,93.699,93.729,93.699,93.719,105,14,0
2026-05-11 18:15:00,93.717,93.734,93.707,93.72,122,14,0
2026-05-11 18:30:00,93.719,93.731,93.716,93.724,107,14,0
2026-05-11 18:45:00,93.721,93.725,93.711,93.711,127,14,0
2026-05-11 19:00:00,93.705,93.73,93.698,93.718,105,14,0
2026-05-11 19:15:00,93.716,93.726,93.703,93.71,102,14,0
2026-05-11 19:30:00,93.708,93.738,93.705,93.722,124,14,0
2026-05-11 19:45:00,93.72,93.736,93.706,93.733,108,14,0
2026-05-11 20:00:00,93.732,93.732,93.68,93.704,173,14,0
2026-05-11 20:15:00,93.703,93.719,93.701,93.707,79,14,0
2026-05-11 20:30:00,93.708,93.737,93.708,93.735,69,14,0
2026-05-11 20:45:00,93.732,93.75,93.724,93.744,85,14,0
2026-05-11 21:00:00,93.708,93.708,93.518,93.672,29,77,0
2026-05-11 21:15:00,93.67,93.702,93.57,93.668,61,105,0
2026-05-11 21:30:00,93.666,93.741,93.507,93.541,153,92,0
2026-05-11 21:45:00,93.531,93.685,93.502,93.66,228,77,0
2026-05-11 22:00:00,93.683,93.768,93.683,93.765,84,43,0
2026-05-11 22:15:00,93.759,93.804,93.758,93.78,50,43,0
2026-05-11 22:30:00,93.778,93.778,93.771,93.773,24,43,0
2026-05-11 22:45:00,93.768,93.768,93.754,93.763,34,43,0
2026-05-11 23:00:00,93.781,93.802,93.768,93.8,70,14,0
2026-05-11 23:15:00,93.798,93.815,93.794,93.794,58,14,0
2026-05-11 23:30:00,93.796,93.807,93.795,93.802,64,14,0
2026-05-11 23:45:00,93.801,93.801,93.768,93.785,103,14,0
2026-05-12 00:00:00,93.783,93.793,93.764,93.781,252,14,0
2026-05-12 00:15:00,93.779,93.787,93.73,93.751,215,14,0
2026-05-12 00:30:00,93.75,93.766,93.732,93.734,188,14,0
2026-05-12 00:45:00,93.732,93.784,93.729,93.748,354,14,0
2026-05-12 01:00:00,93.746,93.798,93.744,93.794,352,14,0
2026-05-12 01:15:00,93.792,93.796,93.733,93.765,361,14,0
2026-05-12 01:30:00,93.763,93.798,93.706,93.775,449,14,0
2026-05-12 01:45:00,93.777,93.799,93.752,93.791,334,14,0
2026-05-12 02:00:00,93.793,93.84,93.784,93.83,250,14,0
2026-05-12 02:15:00,93.829,93.834,93.782,93.827,198,14,0
2026-05-12 02:30:00,93.825,93.878,93.82,93.876,199,14,0
2026-05-12 02:45:00,93.879,93.939,93.879,93.918,234,14,0
2026-05-12 03:00:00,93.916,93.918,93.886,93.89,172,14,0
2026-05-12 03:15:00,93.888,93.891,93.837,93.846,153,14,0
2026-05-12 03:30:00,93.844,93.858,93.825,93.854,147,14,0
2026-05-12 03:45:00,93.855,93.873,93.831,93.832,123,14,0
2026-05-12 04:00:00,93.833,93.863,93.832,93.836,178,14,0
2026-05-12 04:15:00,93.837,93.9,93.837,93.9,137,14,0
2026-05-12 04:30:00,93.899,93.908,93.861,93.864,131,14,0
2026-05-12 04:45:00,93.865,93.867,93.833,93.857,162,14,0
2026-05-12 05:00:00,93.858,93.887,93.839,93.843,204,14,0
2026-05-12 05:15:00,93.844,93.888,93.832,93.873,221,14,0
2026-05-12 05:30:00,93.87,93.916,93.87,93.895,257,14,0
2026-05-12 05:45:00,93.893,93.918,93.38,93.686,2328,14,0
2026-05-12 06:00:00,93.684,93.71,93.549,93.611,1105,14,0
2026-05-12 06:15:00,93.609,93.678,93.595,93.642,565,14,0
2026-05-12 06:30:00,93.644,93.683,93.564,93.57,573,14,0
2026-05-12 06:45:00,93.568,93.603,93.552,93.593,421,14,0
2026-05-12 07:00:00,93.591,93.621,93.528,93.598,556,14,0
2026-05-12 07:15:00,93.599,93.629,93.549,93.618,537,14,0
2026-05-12 07:30:00,93.62,93.66,93.586,93.638,403,14,0
2026-05-12 07:45:00,93.64,93.656,93.6,93.628,402,14,0
2026-05-12 08:00:00,93.629,93.662,93.59,93.64,419,14,0
2026-05-12 08:15:00,93.642,93.726,93.632,93.708,442,14,0
2026-05-12 08:30:00,93.706,93.716,93.647,93.676,285,14,0
2026-05-12 08:45:00,93.675,93.712,93.674,93.692,373,14,0
2026-05-12 09:00:00,93.695,93.738,93.684,93.716,312,14,0
2026-05-12 09:15:00,93.718,93.721,93.67,93.678,331,14,0
2026-05-12 09:30:00,93.68,93.738,93.68,93.711,562,14,0
2026-05-12 09:45:00,93.715,93.75,93.701,93.726,274,14,0
2026-05-12 10:00:00,93.728,93.785,93.721,93.774,228,14,0
2026-05-12 10:15:00,93.771,93.794,93.76,93.767,168,14,0
2026-05-12 10:30:00,93.769,93.771,93.703,93.712,216,14,0
2026-05-12 10:45:00,93.711,93.749,93.696,93.725,205,14,0
2026-05-12 11:00:00,93.727,93.74,93.682,93.713,402,14,0
2026-05-12 11:15:00,93.711,93.723,93.693,93.722,186,14,0
2026-05-12 11:30:00,93.719,93.765,93.715,93.754,215,14,0
2026-05-12 11:45:00,93.752,93.777,93.722,93.767,261,14,0
2026-05-12 12:00:00,93.768,93.769,93.682,93.741,353,14,0
2026-05-12 12:15:00,93.742,93.756,93.713,93.731,315,14,0
2026-05-12 12:30:00,93.734,93.809,93.682,93.8,674,14,0
2026-05-12 12:45:00,93.802,93.863,93.793,93.847,396,14,0
2026-05-12 13:00:00,93.845,93.855,93.786,93.797,449,14,0
2026-05-12 13:15:00,93.796,93.797,93.728,93.769,442,14,0
2026-05-12 13:30:00,93.767,93.828,93.753,93.805,599,14,0
2026-05-12 13:45:00,93.806,93.826,93.664,93.675,542,14,0
2026-05-12 14:00:00,93.677,93.757,93.67,93.736,639,14,0
2026-05-12 14:15:00,93.737,93.762,93.683,93.701,437,14,0
2026-05-12 14:30:00,93.7,93.728,93.636,93.703,556,14,0
2026-05-12 14:45:00,93.701,93.725,93.666,93.718,520,14,0
2026-05-12 15:00:00,93.721,93.745,93.675,93.677,469,14,0
2026-05-12 15:15:00,93.678,93.691,93.6,93.635,461,14,0
2026-05-12 15:30:00,93.637,93.725,93.637,93.713,432,14,0
2026-05-12 15:45:00,93.715,93.737,93.697,93.711,273,14,0
2026-05-12 16:00:00,93.713,93.737,93.687,93.735,292,14,0
2026-05-12 16:15:00,93.733,93.737,93.673,93.691,223,14,0
2026-05-12 16:30:00,93.69,93.691,93.654,93.656,223,14,0
2026-05-12 16:45:00,93.659,93.664,93.631,93.662,215,14,0
2026-05-12 17:00:00,93.664,93.711,93.661,93.708,215,14,0
2026-05-12 17:15:00,93.71,93.744,93.699,93.711,209,14,0
2026-05-12 17:30:00,93.71,93.729,93.698,93.717,168,14,0
2026-05-12 17:45:00,93.718,93.747,93.711,93.746,152,14,0
2026-05-12 18:00:00,93.745,93.756,93.715,93.743,266,14,0
2026-05-12 18:15:00,93.744,93.771,93.732,93.756,196,14,0
2026-05-12 18:30:00,93.759,93.794,93.756,93.787,184,14,0
2026-05-12 18:45:00,93.785,93.807,93.767,93.78,191,14,0
2026-05-12 19:00:00,93.777,93.818,93.765,93.813,147,14,0
2026-05-12 19:15:00,93.814,93.818,93.768,93.774,111,14,0
2026-05-12 19:30:00,93.772,93.806,93.771,93.798,164,14,0
2026-05-12 19:45:00,93.796,93.826,93.79,93.825,197,14,0
2026-05-12 20:00:00,93.823,93.823,93.795,93.823,123,14,0
2026-05-12 20:15:00,93.826,93.831,93.818,93.821,54,14,0
2026-05-12 20:30:00,93.823,93.836,93.806,93.836,62,14,0
2026-05-12 20:45:00,93.838,93.84,93.793,93.804,102,14,0
2026-05-12 21:00:00,93.744,93.744,93.6,93.705,57,92,0
2026-05-12 21:15:00,93.668,93.738,93.576,93.706,1291,107,0
2026-05-12 21:30:00,93.691,93.748,93.683,93.715,190,88,0
2026-05-12 21:45:00,93.717,93.752,93.672,93.717,189,76,0
2026-05-12 22:00:00,93.732,93.788,93.731,93.783,69,43,0
2026-05-12 22:15:00,93.782,93.794,93.782,93.794,31,43,0
2026-05-12 22:30:00,93.795,93.81,93.793,93.802,42,43,0
2026-05-12 22:45:00,93.803,93.812,93.793,93.795,41,43,0
2026-05-12 23:00:00,93.81,93.832,93.806,93.813,71,14,0
2026-05-12 23:15:00,93.811,93.833,93.808,93.833,52,14,0
2026-05-12 23:30:00,93.832,93.836,93.805,93.811,70,14,0
2026-05-12 23:45:00,93.812,93.854,93.807,93.832,129,14,0
2026-05-13 00:00:00,93.834,93.877,93.812,93.837,321,14,0
2026-05-13 00:15:00,93.836,93.881,93.835,93.867,261,14,0
2026-05-13 00:30:00,93.869,93.898,93.862,93.867,284,14,0
2026-05-13 00:45:00,93.864,93.925,93.856,93.921,314,14,0
2026-05-13 01:00:00,93.92,93.941,93.904,93.923,229,14,0
2026-05-13 01:15:00,93.925,93.937,93.86,93.916,415,14,0
2026-05-13 01:30:00,93.918,93.968,93.895,93.955,296,14,0
2026-05-13 01:45:00,93.957,94.032,93.957,94.0,344,14,0
2026-05-13 02:00:00,93.997,94.023,93.967,93.999,303,14,0
2026-05-13 02:15:00,94.002,94.017,93.99,93.999,199,14,0
2026-05-13 02:30:00,94.0,94.014,93.979,93.988,174,14,0
2026-05-13 02:45:00,93.986,94.001,93.952,93.952,221,14,0
2026-05-13 03:00:00,93.951,93.973,93.697,93.737,643,14,0
2026-05-13 03:15:00,93.738,93.739,93.647,93.675,301,14,0
2026-05-13 03:30:00,93.676,93.754,93.676,93.748,213,14,0
2026-05-13 03:45:00,93.75,93.766,93.714,93.743,205,14,0
2026-05-13 04:00:00,93.745,93.758,93.679,93.679,142,14,0
2026-05-13 04:15:00,93.682,93.7,93.643,93.653,188,14,0
2026-05-13 04:30:00,93.656,93.695,93.656,93.685,210,14,0
2026-05-13 04:45:00,93.684,93.688,93.658,93.669,142,14,0
2026-05-13 05:00:00,93.67,93.707,93.664,93.696,175,14,0
2026-05-13 05:15:00,93.695,93.72,93.686,93.719,183,14,0
2026-05-13 05:30:00,93.717,93.717,93.681,93.701,188,14,0
2026-05-13 05:45:00,93.703,93.728,93.677,93.707,235,14,0
2026-05-13 06:00:00,93.709,93.752,93.68,93.702,312,14,0
2026-05-13 06:15:00,93.7,93.706,93.65,93.694,234,14,0
2026-05-13 06:30:00,93.693,93.713,93.664,93.693,255,14,0
2026-05-13 06:45:00,93.696,93.699,93.643,93.676,260,14,0
2026-05-13 07:00:00,93.674,93.691,93.645,93.66,363,14,0
2026-05-13 07:15:00,93.662,93.674,93.636,93.651,219,14,0
2026-05-13 07:30:00,93.65,93.664,93.588,93.644,281,14,0
2026-05-13 07:45:00,93.647,93.669,93.617,93.618,330,14,0
2026-05-13 08:00:00,93.62,93.654,93.588,93.606,383,14,0
2026-05-13 08:15:00,93.605,93.623,93.592,93.612,203,14,0
2026-05-13 08:30:00,93.611,93.616,93.541,93.553,240,14,0
2026-05-13 08:45:00,93.556,93.594,93.551,93.571,263,14,0
2026-05-13 09:00:00,93.573,93.6,93.544,93.549,224,14,0
2026-05-13 09:15:00,93.551,93.566,93.51,93.513,239,14,0
2026-05-13 09:30:00,93.512,93.55,93.507,93.538,250,14,0
2026-05-13 09:45:00,93.539,93.595,93.534,93.595,204,14,0
2026-05-13 10:00:00,93.594,93.615,93.528,93.563,418,14,0
2026-05-13 10:15:00,93.561,93.576,93.528,93.553,303,14,0
2026-05-13 10:30:00,93.552,93.586,93.523,93.586,195,14,0
2026-05-13 10:45:00,93.584,93.635,93.577,93.597,239,14,0
2026-05-13 11:00:00,93.595,93.623,93.59,93.598,188,14,0
2026-05-13 11:15:00,93.6,93.607,93.53,93.547,167,14,0
2026-05-13 11:30:00,93.548,93.569,93.532,93.538,246,14,0
2026-05-13 11:45:00,93.539,93.574,93.539,93.55,174,14,0
2026-05-13 12:00:00,93.548,93.6,93.546,93.563,241,14,0
2026-05-13 12:15:00,93.561,93.566,93.482,93.515,316,14,0
2026-05-13 12:30:00,93.508,93.562,93.452,93.487,785,14,0
2026-05-13 12:45:00,93.485,93.497,93.466,93.495,337,14,0
2026-05-13 13:00:00,93.498,93.539,93.49,93.532,376,14,0
2026-05-13 13:15:00,93.533,93.545,93.494,93.504,276,14,0
2026-05-13 13:30:00,93.506,93.516,93.458,93.504,559,14,0
2026-05-13 13:45:00,93.505,93.531,93.436,93.498,515,14,0
2026-05-13 14:00:00,93.5,93.553,93.48,93.546,412,14,0
2026-05-13 14:15:00,93.545,93.596,93.533,93.591,372,14,0
2026-05-13 14:30:00,93.588,93.626,93.585,93.592,304,14,0
2026-05-13 14:45:00,93.594,93.638,93.562,93.602,434,14,0
2026-05-13 15:00:00,93.604,93.661,93.601,93.633,357,14,0
2026-05-13 15:15:00,93.636,93.705,93.632,93.705,259,14,0
2026-05-13 15:30:00,93.704,93.736,93.686,93.729,316,14,0
2026-05-13 15:45:00,93.731,93.736,93.671,93.678,276,14,0
2026-05-13 16:00:00,93.679,93.727,93.677,93.717,252,14,0
2026-05-13 16:15:00,93.714,93.755,93.7,93.726,363,14,0
2026-05-13 16:30:00,93.724,93.732,93.701,93.717,251,14,0
2026-05-13 16:45:00,93.719,93.724,93.693,93.7,160,14,0
2026-05-13 17:00:00,93.698,93.709,93.681,93.701,189,14,0
2026-05-13 17:15:00,93.7,93.723,93.697,93.704,96,14,0
2026-05-13 17:30:00,93.706,93.707,93.689,93.696,92,14,0
2026-05-13 17:45:00,93.699,93.703,93.665,93.666,133,14,0
2026-05-13 18:00:00,93.668,93.703,93.657,93.688,161,14,0
2026-05-13 18:15:00,93.689,93.702,93.658,93.668,157,14,0
2026-05-13 18:30:00,93.669,93.678,93.651,93.657,159,14,0
2026-05-13 18:45:00,93.656,93.659,93.584,93.61,237,14,0
2026-05-13 19:00:00,93.608,93.686,93.586,93.668,159,14,0
2026-05-13 19:15:00,93.67,93.67,93.643,93.651,146,14,0
2026-05-13 19:30:00,93.653,93.674,93.648,93.673,115,14,0
2026-05-13 19:45:00,93.672,93.69,93.653,93.66,161,14,0
2026-05-13 20:00:00,93.659,93.692,93.634,93.689,187,14,0
2026-05-13 20:15:00,93.69,93.716,93.688,93.69,74,14,0
2026-05-13 20:30:00,93.692,93.705,93.684,93.703,76,14,0
2026-05-13 20:45:00,93.701,93.701,93.593,93.594,64,14,0
2026-05-13 21:00:00,93.591,93.591,93.351,93.547,33,140,0
2026-05-13 21:15:00,93.55,93.647,93.506,93.601,93,123,0
2026-05-13 21:30:00,93.628,93.65,93.544,93.617,151,96,0
2026-05-13 21:45:00,93.619,93.648,93.598,93.62,109,80,0
2026-05-13 22:00:00,93.635,93.673,93.635,93.672,77,54,0
2026-05-13 22:15:00,93.662,93.68,93.662,93.673,56,46,0
2026-05-13 22:30:00,93.669,93.677,93.663,93.663,31,43,0
2026-05-13 22:45:00,93.661,93.67,93.655,93.664,44,43,0
2026-05-13 23:00:00,93.678,93.678,93.638,93.647,100,14,0
2026-05-13 23:15:00,93.644,93.659,93.627,93.649,90,14,0
2026-05-13 23:30:00,93.651,93.657,93.624,93.631,123,14,0
2026-05-13 23:45:00,93.63,93.644,93.6,93.617,163,14,0
2026-05-14 00:00:00,93.615,93.638,93.581,93.628,306,14,0
2026-05-14 00:15:00,93.631,93.654,93.598,93.634,276,14,0
2026-05-14 00:30:00,93.635,93.65,93.599,93.607,176,14,0
2026-05-14 00:45:00,93.609,93.629,93.565,93.629,304,14,0
2026-05-14 01:00:00,93.631,93.649,93.569,93.592,386,14,0
2026-05-14 01:15:00,93.594,93.633,93.585,93.621,288,14,0
2026-05-14 01:30:00,93.623,93.671,93.617,93.651,247,14,0
2026-05-14 01:45:00,93.649,93.657,93.606,93.61,253,14,0
2026-05-14 02:00:00,93.611,93.652,93.594,93.633,246,14,0
2026-05-14 02:15:00,93.634,93.661,93.619,93.65,196,14,0
2026-05-14 02:30:00,93.648,93.689,93.648,93.675,226,14,0
2026-05-14 02:45:00,93.676,93.68,93.631,93.645,246,14,0
2026-05-14 03:00:00,93.647,93.673,93.645,93.651,235,14,0
2026-05-14 03:15:00,93.653,93.656,93.6,93.652,162,14,0
2026-05-14 03:30:00,93.65,93.652,93.629,93.635,165,14,0
2026-05-14 03:45:00,93.634,93.655,93.622,93.626,120,14,0
2026-05-14 04:00:00,93.629,93.634,93.402,93.608,1023,14,0
2026-05-14 04:15:00,93.606,93.637,93.575,93.634,325,14,0
2026-05-14 04:30:00,93.633,93.66,93.619,93.651,148,14,0
2026-05-14 04:45:00,93.653,93.676,93.646,93.651,138,14,0
2026-05-14 05:00:00,93.654,93.662,93.62,93.647,274,14,0
2026-05-14 05:15:00,93.648,93.694,93.648,93.68,145,14,0
2026-05-14 05:30:00,93.678,93.685,93.645,93.681,201,14,0
2026-05-14 05:45:00,93.684,93.732,93.661,93.688,356,14,0
2026-05-14 06:00:00,93.684,93.749,93.683,93.727,309,14,0
2026-05-14 06:15:00,93.726,93.755,93.698,93.735,299,14,0
2026-05-14 06:30:00,93.738,93.78,93.731,93.752,258,14,0
2026-05-14 06:45:00,93.754,93.781,93.737,93.753,376,14,0
2026-05-14 07:00:00,93.75,93.752,93.717,93.725,335,14,0
2026-05-14 07:15:00,93.727,93.738,93.711,93.718,259,14,0
2026-05-14 07:30:00,93.719,93.753,93.695,93.724,227,14,0
2026-05-14 07:45:00,93.721,93.737,93.605,93.622,385,14,0
2026-05-14 08:00:00,93.62,93.725,93.613,93.71,429,14,0
2026-05-14 08:15:00,93.713,93.73,93.693,93.726,241,14,0
2026-05-14 08:30:00,93.728,93.75,93.722,93.739,279,14,0
2026-05-14 08:45:00,93.738,93.781,93.734,93.776,162,14,0
2026-05-14 09:00:00,93.779,93.801,93.753,93.794,253,14,0
2026-05-14 09:15:00,93.792,93.792,93.754,93.756,175,14,0
2026-05-14 09:30:00,93.754,93.763,93.682,93.731,291,14,0
2026-05-14 09:45:00,93.733,93.754,93.721,93.726,207,14,0
2026-05-14 10:00:00,93.725,93.776,93.721,93.733,327,14,0
2026-05-14 10:15:00,93.736,93.752,93.717,93.731,229,14,0
2026-05-14 10:30:00,93.734,93.74,93.661,93.677,161,14,0
2026-05-14 10:45:00,93.675,93.703,93.669,93.693,269,14,0
2026-05-14 11:00:00,93.695,93.704,93.647,93.697,273,14,0
2026-05-14 11:15:00,93.695,93.707,93.672,93.672,169,14,0
2026-05-14 11:30:00,93.674,93.699,93.666,93.675,163,14,0
2026-05-14 11:45:00,93.674,93.711,93.667,93.67,175,14,0
2026-05-14 12:00:00,93.667,93.693,93.644,93.681,378,14,0
2026-05-14 12:15:00,93.682,93.7,93.665,93.681,256,14,0
2026-05-14 12:30:00,93.675,93.685,93.657,93.66,278,14,0
2026-05-14 12:45:00,93.657,93.687,93.648,93.649,210,14,0
2026-05-14 13:00:00,93.651,93.667,93.604,93.612,323,14,0
2026-05-14 13:15:00,93.61,93.621,93.579,93.585,313,14,0
2026-05-14 13:30:00,93.583,93.636,93.338,93.391,1724,14,0
2026-05-14 13:45:00,93.394,93.532,93.234,93.488,3339,14,0
2026-05-14 14:00:00,93.486,93.574,93.465,93.573,556,14,0
2026-05-14 14:15:00,93.575,93.618,93.57,93.604,401,14,0
2026-05-14 14:30:00,93.606,93.621,93.583,93.597,297,14,0
2026-05-14 14:45:00,93.598,93.676,93.574,93.656,672,14,0
2026-05-14 15:00:00,93.655,93.668,93.602,93.622,515,14,0
2026-05-14 15:15:00,93.621,93.634,93.585,93.603,250,14,0
2026-05-14 15:30:00,93.601,93.631,93.592,93.614,261,14,0
2026-05-14 15:45:00,93.613,93.629,93.605,93.611,179,14,0
2026-05-14 16:00:00,93.609,93.635,93.579,93.624,276,14,0
2026-05-14 16:15:00,93.627,93.653,93.608,93.623,250,14,0
2026-05-14 16:30:00,93.622,93.628,93.573,93.578,283,14,0
2026-05-14 16:45:00,93.576,93.607,93.554,93.607,278,14,0
2026-05-14 17:00:00,93.609,93.64,93.597,93.601,214,14,0
2026-05-14 17:15:00,93.598,93.614,93.584,93.594,259,14,0
2026-05-14 17:30:00,93.593,93.626,93.586,93.624,191,14,0
2026-05-14 17:45:00,93.625,93.643,93.612,93.613,171,14,0
2026-05-14 18:00:00,93.611,93.614,93.561,93.614,253,14,0
2026-05-14 18:15:00,93.612,93.616,93.594,93.598,175,14,0
2026-05-14 18:30:00,93.601,93.609,93.585,93.599,153,14,0
2026-05-14 18:45:00,93.602,93.609,93.59,93.605,102,14,0
2026-05-14 19:00:00,93.607,93.607,93.581,93.597,82,14,0
2026-05-14 19:15:00,93.596,93.65,93.596,93.621,183,14,0
2026-05-14 19:30:00,93.62,93.643,93.598,93.605,206,14,0
2026-05-14 19:45:00,93.604,93.626,93.599,93.624,177,14,0
2026-05-14 20:00:00,93.627,93.637,93.599,93.612,123,14,0
2026-05-14 20:15:00,93.611,93.612,93.58,93.595,69,14,0
2026-05-14 20:30:00,93.597,93.628,93.597,93.628,84,14,0
2026-05-14 20:45:00,93.627,93.637,93.591,93.61,91,14,0
2026-05-14 21:00:00,93.602,93.624,93.529,93.529,31,37,0
2026-05-14 21:15:00,93.538,93.575,93.485,93.572,59,96,0
2026-05-14 21:30:00,93.557,93.616,93.539,93.58,122,86,0
2026-05-14 21:45:00,93.581,93.605,93.561,93.584,72,65,0
2026-05-14 22:00:00,93.601,93.633,93.589,93.628,92,43,0
2026-05-14 22:15:00,93.63,93.63,93.601,93.611,35,43,0
2026-05-14 22:30:00,93.606,93.623,93.593,93.619,46,43,0
2026-05-14 22:45:00,93.622,93.623,93.579,93.587,48,43,0
2026-05-14 23:00:00,93.602,93.602,93.535,93.553,159,14,0
2026-05-14 23:15:00,93.554,93.569,93.542,93.566,139,14,0
2026-05-14 23:30:00,93.567,93.57,93.546,93.557,103,14,0
2026-05-14 23:45:00,93.558,93.559,93.466,93.481,200,14,0
2026-05-15 00:00:00,93.483,93.516,93.443,93.456,366,14,0
2026-05-15 00:15:00,93.457,93.498,93.457,93.457,256,14,0
2026-05-15 00:30:00,93.459,93.464,93.353,93.371,317,14,0
2026-05-15 00:45:00,93.37,93.392,93.324,93.36,389,14,0
2026-05-15 01:00:00,93.361,93.374,93.33,93.351,358,14,0
2026-05-15 01:15:00,93.353,93.359,93.291,93.293,470,14,0
2026-05-15 01:30:00,93.292,93.316,93.225,93.311,543,14,0
2026-05-15 01:45:00,93.313,93.324,93.232,93.252,384,14,0
2026-05-15 02:00:00,93.25,93.296,93.202,93.236,405,14,0
2026-05-15 02:15:00,93.233,93.272,93.222,93.245,276,14,0
2026-05-15 02:30:00,93.246,93.275,93.237,93.274,224,14,0
2026-05-15 02:45:00,93.276,93.335,93.276,93.307,289,14,0
2026-05-15 03:00:00,93.305,93.327,93.28,93.299,237,14,0
2026-05-15 03:15:00,93.3,93.308,93.261,93.273,190,14,0
2026-05-15 03:30:00,93.272,93.283,93.23,93.264,244,14,0
2026-05-15 03:45:00,93.263,93.265,93.244,93.251,160,14,0
2026-05-15 04:00:00,93.253,93.254,93.195,93.233,157,14,0
2026-05-15 04:15:00,93.232,93.238,93.175,93.175,141,14,0
2026-05-15 04:30:00,93.173,93.207,93.153,93.155,196,14,0
2026-05-15 04:45:00,93.154,93.154,93.082,93.097,205,14,0
2026-05-15 05:00:00,93.099,93.105,92.984,93.011,421,14,0
2026-05-15 05:15:00,93.009,93.061,92.994,93.053,315,14,0
2026-05-15 05:30:00,93.056,93.087,93.039,93.052,347,14,0
2026-05-15 05:45:00,93.053,93.054,92.914,92.958,744,14,0
2026-05-15 06:00:00,92.956,93.053,92.947,92.976,666,14,0
2026-05-15 06:15:00,92.979,93.012,92.963,92.971,526,14,0
2026-05-15 06:30:00,92.973,92.98,92.906,92.916,476,14,0
2026-05-15 06:45:00,92.915,92.943,92.811,92.817,446,14,0
2026-05-15 07:00:00,92.82,92.919,92.799,92.919,500,14,0
2026-05-15 07:15:00,92.92,92.952,92.908,92.914,420,14,0
2026-05-15 07:30:00,92.915,92.919,92.866,92.903,359,14,0
2026-05-15 07:45:00,92.902,92.913,92.829,92.836,338,14,0
2026-05-15 08:00:00,92.838,92.84,92.749,92.771,423,14,0
2026-05-15 08:15:00,92.768,92.783,92.733,92.746,359,14,0
2026-05-15 08:30:00,92.748,92.753,92.69,92.726,439,14,0
2026-05-15 08:45:00,92.724,92.747,92.703,92.743,292,14,0
2026-05-15 09:00:00,92.746,92.756,92.604,92.618,420,14,0
2026-05-15 09:15:00,92.615,92.616,92.562,92.609,406,14,0
2026-05-15 09:30:00,92.607,92.66,92.575,92.611,378,14,0
2026-05-15 09:45:00,92.614,92.644,92.558,92.641,408,14,0
2026-05-15 10:00:00,92.643,92.719,92.638,92.715,343,14,0
2026-05-15 10:15:00,92.717,92.8,92.696,92.753,358,14,0
2026-05-15 10:30:00,92.755,92.822,92.75,92.819,347,14,0
2026-05-15 10:45:00,92.821,92.888,92.798,92.805,835,14,0
2026-05-15 11:00:00,92.803,92.823,92.728,92.752,451,14,0
2026-05-15 11:15:00,92.755,92.768,92.713,92.726,256,14,0
2026-05-15 11:30:00,92.723,92.731,92.64,92.64,260,14,0
2026-05-15 11:45:00,92.638,92.701,92.636,92.677,295,14,0
2026-05-15 12:00:00,92.675,92.675,92.588,92.609,377,14,0
2026-05-15 12:15:00,92.607,92.636,92.589,92.608,352,14,0
2026-05-15 12:30:00,92.61,92.615,92.564,92.597,356,14,0
2026-05-15 12:45:00,92.596,92.689,92.592,92.677,314,14,0
2026-05-15 13:00:00,92.676,92.676,92.64,92.662,354,14,0
2026-05-15 13:15:00,92.664,92.737,92.654,92.707,376,14,0
2026-05-15 13:30:00,92.708,92.721,92.625,92.666,636,14,0
2026-05-15 13:45:00,92.663,92.696,92.634,92.646,474,14,0
2026-05-15 14:00:00,92.645,92.716,92.631,92.716,653,14,0
2026-05-15 14:15:00,92.718,92.821,92.712,92.793,579,14,0
2026-05-15 14:30:00,92.794,92.825,92.774,92.774,487,14,0
2026-05-15 14:45:00,92.771,92.78,92.696,92.708,541,14,0
2026-05-15 15:00:00,92.71,92.743,92.675,92.729,497,14,0
2026-05-15 15:15:00,92.728,92.733,92.646,92.684,402,14,0
2026-05-15 15:30:00,92.686,92.706,92.63,92.649,406,14,0
2026-05-15 15:45:00,92.647,92.69,92.636,92.676,331,14,0
2026-05-15 16:00:00,92.678,92.7,92.659,92.69,329,14,0
2026-05-15 16:15:00,92.693,92.718,92.683,92.718,248,14,0
2026-05-15 16:30:00,92.717,92.76,92.705,92.76,240,14,0
2026-05-15 16:45:00,92.759,92.765,92.708,92.747,222,14,0
2026-05-15 17:00:00,92.744,92.784,92.733,92.775,233,14,0
2026-05-15 17:15:00,92.773,92.798,92.763,92.77,179,14,0
2026-05-15 17:30:00,92.768,92.795,92.757,92.759,188,14,0
2026-05-15 17:45:00,92.761,92.792,92.761,92.783,161,14,0
2026-05-15 18:00:00,92.785,92.795,92.758,92.774,175,14,0
2026-05-15 18:15:00,92.773,92.773,92.711,92.719,287,14,0
2026-05-15 18:30:00,92.721,92.727,92.679,92.718,260,14,0
2026-05-15 18:45:00,92.717,92.729,92.689,92.703,197,14,0
2026-05-15 19:00:00,92.707,92.709,92.676,92.681,142,14,0
2026-05-15 19:15:00,92.682,92.709,92.679,92.702,156,14,0
2026-05-15 19:30:00,92.704,92.716,92.686,92.688,145,14,0
2026-05-15 19:45:00,92.689,92.711,92.676,92.703,184,14,0
2026-05-15 20:00:00,92.701,92.706,92.676,92.687,175,14,0
2026-05-15 20:15:00,92.686,92.723,92.662,92.668,175,14,0
2026-05-15 20:30:00,92.67,92.679,92.652,92.669,110,14,0
2026-05-15 20:45:00,92.672,92.706,92.665,92.688,212,14,0
2026-05-17 21:00:00,92.632,92.652,92.632,92.652,3,89,0
2026-05-17 21:15:00,92.65,92.685,92.614,92.685,29,88,0
2026-05-17 21:30:00,92.688,92.709,92.633,92.682,110,88,0
2026-05-17 21:45:00,92.684,92.693,92.567,92.661,91,80,0
2026-05-17 22:00:00,92.659,92.728,92.633,92.699,258,52,0
2026-05-17 22:15:00,92.701,92.717,92.685,92.71,160,45,0
2026-05-17 22:30:00,92.709,92.732,92.694,92.732,98,40,0
2026-05-17 22:45:00,92.731,92.736,92.721,92.732,59,36,0
2026-05-17 23:00:00,92.743,92.77,92.736,92.748,148,14,0
2026-05-17 23:15:00,92.747,92.748,92.693,92.696,135,14,0
2026-05-17 23:30:00,92.694,92.712,92.623,92.661,298,14,0
2026-05-17 23:45:00,92.658,92.686,92.622,92.632,413,14,0
2026-05-18 00:00:00,92.634,92.698,92.605,92.608,775,14,0
2026-05-18 00:15:00,92.611,92.686,92.587,92.603,574,14,0
2026-05-18 00:30:00,92.6,92.621,92.564,92.564,402,14,0
2026-05-18 00:45:00,92.563,92.616,92.549,92.599,467,14,0
2026-05-18 01:00:00,92.601,92.639,92.552,92.621,600,14,0
2026-05-18 01:15:00,92.618,92.63,92.569,92.615,578,14,0
2026-05-18 01:30:00,92.617,92.666,92.596,92.619,479,14,0
2026-05-18 01:45:00,92.62,92.678,92.594,92.666,400,14,0
2026-05-18 02:00:00,92.663,92.664,92.604,92.653,377,14,0
2026-05-18 02:15:00,92.655,92.698,92.65,92.688,225,14,0
2026-05-18 02:30:00,92.686,92.717,92.676,92.702,245,14,0
2026-05-18 02:45:00,92.7,92.708,92.652,92.666,216,14,0
2026-05-18 03:00:00,92.667,92.732,92.667,92.722,216,14,0
2026-05-18 03:15:00,92.72,92.765,92.701,92.756,209,14,0
2026-05-18 03:30:00,92.754,92.805,92.717,92.805,274,14,0
2026-05-18 03:45:00,92.808,92.881,92.795,92.876,282,14,0
2026-05-18 04:00:00,92.878,92.9,92.77,92.877,637,14,0
2026-05-18 04:15:00,92.875,92.894,92.801,92.807,224,14,0
2026-05-18 04:30:00,92.805,92.816,92.784,92.802,220,14,0
2026-05-18 04:45:00,92.8,92.816,92.758,92.788,200,14,0
2026-05-18 05:00:00,92.79,92.806,92.772,92.773,230,14,0
2026-05-18 05:15:00,92.771,92.811,92.732,92.811,289,14,0
2026-05-18 05:30:00,92.814,92.824,92.785,92.8,288,14,0
2026-05-18 05:45:00,92.798,92.82,92.79,92.807,233,14,0
2026-05-18 06:00:00,92.804,92.845,92.778,92.84,465,14,0
2026-05-18 06:15:00,92.841,92.872,92.832,92.843,350,14,0
2026-05-18 06:30:00,92.845,92.888,92.837,92.885,293,14,0
2026-05-18 06:45:00,92.886,92.931,92.877,92.931,313,14,0
2026-05-18 07:00:00,92.934,92.943,92.899,92.935,349,14,0
2026-05-18 07:15:00,92.934,92.955,92.888,92.939,429,14,0
2026-05-18 07:30:00,92.938,93.005,92.932,92.956,484,14,0
2026-05-18 07:45:00,92.953,92.989,92.938,92.974,364,14,0
2026-05-18 08:00:00,92.971,93.021,92.969,93.003,421,14,0
2026-05-18 08:15:00,93.001,93.053,92.981,93.031,299,14,0
2026-05-18 08:30:00,93.033,93.098,93.02,93.044,358,14,0
2026-05-18 08:45:00,93.046,93.098,93.046,93.077,292,14,0
2026-05-18 09:00:00,93.079,93.104,93.053,93.062,247,14,0
2026-05-18 09:15:00,93.064,93.089,93.052,93.082,237,14,0
2026-05-18 09:30:00,93.08,93.092,93.058,93.058,216,14,0
2026-05-18 09:45:00,93.06,93.099,93.053,93.09,228,14,0
2026-05-18 10:00:00,93.092,93.1,93.036,93.058,295,14,0
2026-05-18 10:15:00,93.06,93.082,93.052,93.059,156,14,0
2026-05-18 10:30:00,93.061,93.085,93.033,93.058,221,14,0
2026-05-18 10:45:00,93.06,93.074,93.017,93.022,177,14,0
2026-05-18 11:00:00,93.021,93.051,93.014,93.037,300,14,0
2026-05-18 11:15:00,93.039,93.039,93.01,93.014,205,14,0
2026-05-18 11:30:00,93.013,93.155,93.012,93.11,1049,14,0
2026-05-18 11:45:00,93.112,93.116,93.054,93.103,555,14,0
2026-05-18 12:00:00,93.101,93.127,93.088,93.111,373,14,0
2026-05-18 12:15:00,93.11,93.157,93.101,93.153,385,14,0
2026-05-18 12:30:00,93.15,93.237,93.142,93.234,532,14,0
2026-05-18 12:45:00,93.232,93.305,93.225,93.265,574,14,0
2026-05-18 13:00:00,93.268,93.296,93.228,93.251,588,14,0
2026-05-18 13:15:00,93.253,93.313,93.234,93.302,323,14,0
2026-05-18 13:30:00,93.301,93.301,93.204,93.237,623,14,0
2026-05-18 13:45:00,93.24,93.32,93.231,93.284,641,14,0
2026-05-18 14:00:00,93.282,93.289,93.187,93.214,762,14,0
2026-05-18 14:15:00,93.217,93.249,93.194,93.194,580,14,0
2026-05-18 14:30:00,93.197,93.206,93.133,93.138,577,14,0
2026-05-18 14:45:00,93.139,93.18,93.126,93.137,486,14,0
2026-05-18 15:00:00,93.135,93.146,93.073,93.117,700,14,0
2026-05-18 15:15:00,93.115,93.142,93.09,93.097,401,14,0
2026-05-18 15:30:00,93.094,93.147,93.071,93.134,378,14,0
2026-05-18 15:45:00,93.132,93.188,93.128,93.175,341,14,0
2026-05-18 16:00:00,93.177,93.213,93.152,93.212,346,14,0
2026-05-18 16:15:00,93.213,93.245,93.183,93.2,447,14,0
2026-05-18 16:30:00,93.199,93.275,93.187,93.254,349,14,0
2026-05-18 16:45:00,93.251,93.336,93.25,93.306,251,14,0
2026-05-18 17:00:00,93.303,93.334,93.279,93.311,275,14,0
2026-05-18 17:15:00,93.313,93.332,93.304,93.324,172,14,0
2026-05-18 17:30:00,93.325,93.325,93.296,93.306,185,14,0
2026-05-18 17:45:00,93.304,93.319,93.296,93.296,150,14,0
2026-05-18 18:00:00,93.299,93.304,93.26,93.261,219,14,0
2026-05-18 18:15:00,93.259,93.263,93.198,93.224,289,14,0
2026-05-18 18:30:00,93.226,93.248,93.206,93.233,263,14,0
2026-05-18 18:45:00,93.235,93.236,93.197,93.204,289,14,0
2026-05-18 19:00:00,93.207,93.402,93.193,93.292,1453,14,0
2026-05-18 19:15:00,93.291,93.311,93.261,93.291,367,14,0
2026-05-18 19:30:00,93.293,93.358,93.288,93.358,275,14,0
2026-05-18 19:45:00,93.355,93.382,93.334,93.344,305,14,0
2026-05-18 20:00:00,93.346,93.356,93.325,93.353,140,14,0
2026-05-18 20:15:00,93.352,93.358,93.34,93.34,84,14,0
2026-05-18 20:30:00,93.341,93.344,93.286,93.308,128,14,0
2026-05-18 20:45:00,93.309,93.325,93.292,93.306,131,14,0
2026-05-18 21:00:00,93.274,93.274,93.16,93.234,13,77,0
2026-05-18 21:15:00,93.253,93.256,93.138,93.255,82,89,0
2026-05-18 21:30:00,93.26,93.265,93.18,93.242,191,73,0
2026-05-18 21:45:00,93.244,93.266,93.232,93.251,108,50,0
2026-05-18 22:00:00,93.261,93.317,93.261,93.306,126,43,0
2026-05-18 22:15:00,93.308,93.325,93.307,93.323,39,43,0
2026-05-18 22:30:00,93.325,93.327,93.311,93.325,34,43,0
2026-05-18 22:45:00,93.323,93.342,93.319,93.34,42,43,0
2026-05-18 23:00:00,93.355,93.365,93.331,93.333,82,14,0
2026-05-18 23:15:00,93.331,93.357,93.324,93.344,83,14,0
2026-05-18 23:30:00,93.341,93.363,93.334,93.362,105,14,0
2026-05-18 23:45:00,93.363,93.363,93.298,93.304,134,14,0
2026-05-19 00:00:00,93.307,93.333,93.233,93.255,492,14,0
2026-05-19 00:15:00,93.252,93.318,93.233,93.262,397,14,0
2026-05-19 00:30:00,93.265,93.278,93.207,93.21,322,14,0
2026-05-19 00:45:00,93.208,93.219,93.164,93.177,390,14,0
2026-05-19 01:00:00,93.179,93.179,93.117,93.146,444,14,0
2026-05-19 01:15:00,93.148,93.156,93.104,93.117,334,14,0
2026-05-19 01:30:00,93.114,93.149,93.05,93.147,422,14,0
2026-05-19 01:45:00,93.149,93.152,93.101,93.12,306,14,0
2026-05-19 02:00:00,93.118,93.118,93.044,93.053,399,14,0
2026-05-19 02:15:00,93.055,93.129,93.042,93.102,271,14,0
2026-05-19 02:30:00,93.1,93.115,93.081,93.106,270,14,0
2026-05-19 02:45:00,93.109,93.112,93.058,93.083,238,14,0
2026-05-19 03:00:00,93.08,93.095,93.051,93.093,267,14,0
2026-05-19 03:15:00,93.091,93.105,93.08,93.09,198,14,0
2026-05-19 03:30:00,93.089,93.121,93.088,93.096,203,14,0
2026-05-19 03:45:00,93.093,93.1,93.046,93.062,183,14,0
2026-05-19 04:00:00,93.06,93.092,93.031,93.079,204,14,0
2026-05-19 04:15:00,93.078,93.086,93.036,93.051,200,14,0
2026-05-19 04:30:00,93.053,93.081,93.03,93.034,236,14,0
2026-05-19 04:45:00,93.036,93.043,93.011,93.031,204,14,0
2026-05-19 05:00:00,93.034,93.069,93.022,93.066,235,14,0
2026-05-19 05:15:00,93.064,93.064,92.997,93.012,289,14,0
2026-05-19 05:30:00,93.011,93.061,93.001,93.053,232,14,0
2026-05-19 05:45:00,93.05,93.137,93.036,93.113,286,14,0
2026-05-19 06:00:00,93.115,93.154,93.085,93.131,451,14,0
2026-05-19 06:15:00,93.129,93.17,93.104,93.15,328,14,0
2026-05-19 06:30:00,93.147,93.196,93.13,93.192,289,14,0
2026-05-19 06:45:00,93.19,93.191,93.148,93.166,343,14,0
2026-05-19 07:00:00,93.165,93.174,93.116,93.155,503,14,0
2026-05-19 07:15:00,93.156,93.19,93.144,93.171,292,14,0
2026-05-19 07:30:00,93.173,93.173,93.106,93.107,266,14,0
2026-05-19 07:45:00,93.109,93.155,93.043,93.048,402,14,0
2026-05-19 08:00:00,93.045,93.049,92.942,92.967,413,14,0
2026-05-19 08:15:00,92.965,93.02,92.959,92.997,372,14,0
2026-05-19 08:30:00,92.998,93.036,92.971,92.977,307,14,0
2026-05-19 08:45:00,92.979,93.036,92.979,93.025,240,14,0
2026-05-19 09:00:00,93.023,93.025,92.984,92.998,237,14,0
2026-05-19 09:15:00,92.997,92.999,92.94,92.962,299,14,0
2026-05-19 09:30:00,92.961,92.997,92.928,92.953,305,14,0
2026-05-19 09:45:00,92.955,92.979,92.913,92.932,274,14,0
2026-05-19 10:00:00,92.934,92.956,92.911,92.955,220,14,0
2026-05-19 10:15:00,92.954,93.004,92.946,92.983,179,14,0
2026-05-19 10:30:00,92.986,93.015,92.896,92.908,464,14,0
2026-05-19 10:45:00,92.907,92.994,92.907,92.978,490,14,0
2026-05-19 11:00:00,92.979,93.008,92.959,92.963,320,14,0
2026-05-19 11:15:00,92.961,93.006,92.956,93.006,277,14,0
2026-05-19 11:30:00,93.005,93.036,92.998,93.027,229,14,0
2026-05-19 11:45:00,93.028,93.033,92.983,92.992,244,14,0
2026-05-19 12:00:00,92.991,93.023,92.969,93.01,341,14,0
2026-05-19 12:15:00,93.011,93.042,92.996,93.033,250,14,0
2026-05-19 12:30:00,93.03,93.037,92.754,92.879,2177,14,0
2026-05-19 12:45:00,92.881,92.933,92.881,92.902,566,14,0
2026-05-19 13:00:00,92.9,92.906,92.829,92.889,553,14,0
2026-05-19 13:15:00,92.887,92.896,92.757,92.78,616,14,0
2026-05-19 13:30:00,92.782,92.806,92.71,92.791,825,14,0
2026-05-19 13:45:00,92.792,92.844,92.721,92.802,886,14,0
2026-05-19 14:00:00,92.8,92.84,92.746,92.747,858,14,0
2026-05-19 14:15:00,92.745,92.753,92.621,92.654,813,14,0
2026-05-19 14:30:00,92.656,92.678,92.615,92.659,716,14,0
2026-05-19 14:45:00,92.66,92.671,92.571,92.614,743,14,0
2026-05-19 15:00:00,92.616,92.66,92.591,92.645,581,14,0
2026-05-19 15:15:00,92.644,92.711,92.639,92.704,476,14,0
2026-05-19 15:30:00,92.702,92.79,92.696,92.769,451,14,0
2026-05-19 15:45:00,92.767,92.783,92.754,92.773,311,14,0
2026-05-19 16:00:00,92.776,92.788,92.548,92.588,848,14,0
2026-05-19 16:15:00,92.591,92.712,92.59,92.695,513,14,0
2026-05-19 16:30:00,92.698,92.737,92.685,92.701,432,14,0
2026-05-19 16:45:00,92.703,92.705,92.676,92.7,270,14,0
2026-05-19 17:00:00,92.698,92.76,92.698,92.754,265,14,0
2026-05-19 17:15:00,92.753,92.764,92.739,92.746,216,14,0
2026-05-19 17:30:00,92.744,92.754,92.702,92.706,268,14,0
2026-05-19 17:45:00,92.704,92.759,92.695,92.752,258,14,0
2026-05-19 18:00:00,92.754,92.803,92.754,92.79,225,14,0
2026-05-19 18:15:00,92.792,92.806,92.783,92.792,272,14,0
2026-05-19 18:30:00,92.793,92.81,92.777,92.805,274,14,0
2026-05-19 18:45:00,92.803,92.824,92.785,92.79,247,14,0
2026-05-19 19:00:00,92.789,92.832,92.783,92.824,246,14,0
2026-05-19 19:15:00,92.826,92.827,92.779,92.793,196,14,0
2026-05-19 19:30:00,92.794,92.811,92.784,92.807,201,14,0
2026-05-19 19:45:00,92.809,92.819,92.789,92.815,194,14,0
2026-05-19 20:00:00,92.816,92.838,92.804,92.827,147,14,0
2026-05-19 20:15:00,92.826,92.828,92.802,92.812,82,14,0
2026-05-19 20:30:00,92.814,92.835,92.812,92.824,73,14,0
2026-05-19 20:45:00,92.821,92.825,92.78,92.801,127,14,0
2026-05-19 21:00:00,92.777,92.786,92.701,92.735,17,84,0
2026-05-19 21:15:00,92.751,92.797,92.627,92.794,188,88,0
2026-05-19 21:30:00,92.795,92.854,92.781,92.833,137,61,0
2026-05-19 21:45:00,92.835,92.859,92.813,92.859,160,51,0
2026-05-19 22:00:00,92.849,92.849,92.786,92.792,71,43,0
2026-05-19 22:15:00,92.796,92.827,92.796,92.818,63,43,0
2026-05-19 22:30:00,92.812,92.815,92.799,92.803,58,43,0
2026-05-19 22:45:00,92.802,92.814,92.799,92.808,60,43,0
2026-05-19 23:00:00,92.822,92.834,92.805,92.824,88,14,0
2026-05-19 23:15:00,92.822,92.838,92.818,92.828,83,14,0
2026-05-19 23:30:00,92.829,92.85,92.813,92.813,139,14,0
2026-05-19 23:45:00,92.816,92.817,92.75,92.759,163,14,0
2026-05-20 00:00:00,92.756,92.756,92.699,92.713,463,14,0
2026-05-20 00:15:00,92.715,92.723,92.671,92.677,374,14,0
2026-05-20 00:30:00,92.679,92.709,92.641,92.646,328,14,0
2026-05-20 00:45:00,92.644,92.668,92.546,92.555,491,14,0
2026-05-20 01:00:00,92.553,92.636,92.553,92.591,428,14,0
2026-05-20 01:15:00,92.589,92.596,92.519,92.528,371,14,0
2026-05-20 01:30:00,92.531,92.556,92.492,92.536,419,14,0
2026-05-20 01:45:00,92.534,92.621,92.516,92.606,499,14,0
2026-05-20 02:00:00,92.607,92.647,92.606,92.625,286,14,0
2026-05-20 02:15:00,92.627,92.634,92.561,92.582,388,14,0
2026-05-20 02:30:00,92.579,92.581,92.492,92.515,552,14,0
2026-05-20 02:45:00,92.517,92.539,92.506,92.513,297,14,0
2026-05-20 03:00:00,92.51,92.573,92.493,92.526,317,14,0
2026-05-20 03:15:00,92.525,92.614,92.525,92.613,238,14,0
2026-05-20 03:30:00,92.611,92.695,92.603,92.671,388,14,0
2026-05-20 03:45:00,92.673,92.69,92.655,92.673,204,14,0
2026-05-20 04:00:00,92.675,92.737,92.674,92.734,270,14,0
2026-05-20 04:15:00,92.732,92.732,92.678,92.691,211,14,0
2026-05-20 04:30:00,92.693,92.693,92.6,92.688,300,14,0
2026-05-20 04:45:00,92.689,92.689,92.643,92.65,176,14,0
2026-05-20 05:00:00,92.647,92.709,92.647,92.667,247,14,0
2026-05-20 05:15:00,92.666,92.688,92.637,92.642,206,14,0
2026-05-20 05:30:00,92.646,92.697,92.638,92.644,269,14,0
2026-05-20 05:45:00,92.643,92.676,92.608,92.672,232,14,0
2026-05-20 06:00:00,92.671,92.706,92.656,92.699,354,14,0
2026-05-20 06:15:00,92.701,92.771,92.696,92.738,388,14,0
2026-05-20 06:30:00,92.74,92.748,92.717,92.724,264,14,0
2026-05-20 06:45:00,92.725,92.75,92.707,92.744,265,14,0
2026-05-20 07:00:00,92.746,92.825,92.731,92.793,387,14,0
2026-05-20 07:15:00,92.791,92.826,92.771,92.798,251,14,0
2026-05-20 07:30:00,92.796,92.812,92.777,92.798,217,14,0
2026-05-20 07:45:00,92.796,92.801,92.766,92.796,222,14,0
2026-05-20 08:00:00,92.798,92.869,92.798,92.824,391,14,0
2026-05-20 08:15:00,92.822,92.862,92.797,92.83,347,14,0
2026-05-20 08:30:00,92.833,92.892,92.815,92.876,337,14,0
2026-05-20 08:45:00,92.875,92.915,92.86,92.86,246,14,0
2026-05-20 09:00:00,92.859,92.886,92.83,92.853,258,14,0
2026-05-20 09:15:00,92.854,92.869,92.811,92.842,180,14,0
2026-05-20 09:30:00,92.844,92.877,92.816,92.816,169,14,0
2026-05-20 09:45:00,92.818,92.85,92.817,92.836,188,14,0
2026-05-20 10:00:00,92.834,92.886,92.832,92.879,209,14,0
2026-05-20 10:15:00,92.876,92.91,92.873,92.885,192,14,0
2026-05-20 10:30:00,92.886,92.938,92.882,92.904,276,14,0
2026-05-20 10:45:00,92.906,92.923,92.896,92.921,190,14,0
2026-05-20 11:00:00,92.919,92.936,92.914,92.921,164,14,0
2026-05-20 11:15:00,92.923,92.987,92.904,92.987,174,14,0
2026-05-20 11:30:00,92.986,93.014,92.976,92.984,260,14,0
2026-05-20 11:45:00,92.985,92.989,92.927,92.976,274,14,0
2026-05-20 12:00:00,92.978,93.001,92.961,92.971,277,14,0
2026-05-20 12:15:00,92.969,92.969,92.903,92.931,294,14,0
2026-05-20 12:30:00,92.934,92.959,92.909,92.916,243,14,0
2026-05-20 12:45:00,92.917,92.923,92.862,92.876,193,14,0
2026-05-20 13:00:00,92.874,92.904,92.862,92.896,289,14,0
2026-05-20 13:15:00,92.899,92.901,92.85,92.865,238,14,0
2026-05-20 13:30:00,92.864,92.934,92.856,92.929,473,14,0
2026-05-20 13:45:00,92.932,92.97,92.874,92.9,463,14,0
2026-05-20 14:00:00,92.902,92.934,92.87,92.92,674,14,0
2026-05-20 14:15:00,92.923,93.105,92.923,93.087,1744,14,0
2026-05-20 14:30:00,93.089,93.176,93.086,93.161,962,14,0
2026-05-20 14:45:00,93.163,93.237,93.131,93.236,781,14,0
2026-05-20 15:00:00,93.234,93.251,93.171,93.189,599,14,0
2026-05-20 15:15:00,93.186,93.389,93.182,93.23,2297,14,0
2026-05-20 15:30:00,93.228,93.307,93.228,93.274,713,14,0
2026-05-20 15:45:00,93.276,93.286,93.207,93.214,480,14,0
2026-05-20 16:00:00,93.216,93.289,93.214,93.27,324,14,0
2026-05-20 16:15:00,93.271,93.286,93.219,93.242,465,14,0
2026-05-20 16:30:00,93.243,93.25,93.197,93.25,404,14,0
2026-05-20 16:45:00,93.252,93.265,93.221,93.247,407,14,0
2026-05-20 17:00:00,93.249,93.267,93.234,93.258,463,14,0
2026-05-20 17:15:00,93.26,93.272,93.236,93.266,307,14,0
2026-05-20 17:30:00,93.268,93.304,93.249,93.26,341,14,0
2026-05-20 17:45:00,93.261,93.283,93.246,93.246,202,14,0
2026-05-20 18:00:00,93.244,93.285,93.235,93.277,257,14,0
2026-05-20 18:15:00,93.279,93.289,93.256,93.285,275,14,0
2026-05-20 18:30:00,93.288,93.299,93.249,93.249,192,14,0
2026-05-20 18:45:00,93.251,93.277,93.22,93.244,241,14,0
2026-05-20 19:00:00,93.243,93.312,93.209,93.266,228,14,0
2026-05-20 19:15:00,93.267,93.297,93.267,93.286,140,14,0
2026-05-20 19:30:00,93.287,93.3,93.267,93.273,186,14,0
2026-05-20 19:45:00,93.272,93.289,93.251,93.273,189,14,0
2026-05-20 20:00:00,93.271,93.281,93.258,93.265,146,14,0
2026-05-20 20:15:00,93.266,93.272,93.24,93.264,178,14,0
2026-05-20 20:30:00,93.266,93.272,93.253,93.253,114,14,0
2026-05-20 20:45:00,93.25,93.257,93.148,93.153,118,14,0
2026-05-20 21:00:00,93.151,93.151,93.068,93.088,14,140,0
2026-05-20 21:15:00,93.091,93.205,93.091,93.203,32,95,0
2026-05-20 21:30:00,93.197,93.24,93.188,93.233,112,52,0
2026-05-20 21:45:00,93.234,93.242,93.173,93.209,118,43,0
2026-05-20 22:00:00,93.215,93.233,93.205,93.22,130,43,0
2026-05-20 22:15:00,93.222,93.225,93.208,93.225,79,43,0
2026-05-20 22:30:00,93.228,93.234,93.22,93.221,48,43,0
2026-05-20 22:45:00,93.217,93.23,93.214,93.23,44,43,0
2026-05-20 23:00:00,93.245,93.25,93.221,93.236,65,14,0
2026-05-20 23:15:00,93.235,93.238,93.223,93.235,72,14,0
2026-05-20 23:30:00,93.236,93.243,93.22,93.234,87,14,0
2026-05-20 23:45:00,93.23,93.239,93.214,93.219,181,14,0
2026-05-21 00:00:00,93.221,93.224,93.143,93.162,298,14,0
2026-05-21 00:15:00,93.165,93.178,93.123,93.17,289,14,0
2026-05-21 00:30:00,93.171,93.172,93.137,93.156,216,14,0
2026-05-21 00:45:00,93.155,93.184,93.139,93.14,235,14,0
2026-05-21 01:00:00,93.142,93.222,93.141,93.206,248,14,0
2026-05-21 01:15:00,93.209,93.227,93.184,93.187,198,14,0
2026-05-21 01:30:00,93.183,93.301,93.141,93.27,497,14,0
2026-05-21 01:45:00,93.268,93.27,93.067,93.08,674,14,0
2026-05-21 02:00:00,93.083,93.167,93.074,93.098,502,14,0
2026-05-21 02:15:00,93.1,93.1,93.016,93.049,405,14,0
2026-05-21 02:30:00,93.048,93.089,93.013,93.05,405,14,0
2026-05-21 02:45:00,93.052,93.097,92.981,93.094,372,14,0
2026-05-21 03:00:00,93.093,93.125,93.08,93.085,247,14,0
2026-05-21 03:15:00,93.083,93.118,93.078,93.092,187,14,0
2026-05-21 03:30:00,93.094,93.13,93.083,93.126,154,14,0
2026-05-21 03:45:00,93.129,93.145,93.114,93.138,157,14,0
2026-05-21 04:00:00,93.135,93.159,93.134,93.157,166,14,0
2026-05-21 04:15:00,93.159,93.205,93.158,93.195,115,14,0
2026-05-21 04:30:00,93.194,93.216,93.176,93.205,143,14,0
2026-05-21 04:45:00,93.206,93.236,93.199,93.222,164,14,0
2026-05-21 05:00:00,93.224,93.234,93.172,93.19,215,14,0
2026-05-21 05:15:00,93.191,93.211,93.17,93.179,226,14,0
2026-05-21 05:30:00,93.182,93.207,93.157,93.168,278,14,0
2026-05-21 05:45:00,93.169,93.206,93.121,93.198,316,14,0
2026-05-21 06:00:00,93.196,93.224,93.186,93.204,342,14,0
2026-05-21 06:15:00,93.202,93.212,93.151,93.191,446,14,0
2026-05-21 06:30:00,93.193,93.196,93.075,93.1,357,14,0
2026-05-21 06:45:00,93.101,93.14,93.088,93.132,283,14,0
2026-05-21 07:00:00,93.135,93.161,93.104,93.154,389,14,0
2026-05-21 07:15:00,93.151,93.151,93.036,93.051,548,14,0
2026-05-21 07:30:00,93.054,93.145,93.054,93.144,423,14,0
2026-05-21 07:45:00,93.145,93.217,93.145,93.169,301,14,0
2026-05-21 08:00:00,93.167,93.28,93.141,93.28,535,14,0
2026-05-21 08:15:00,93.279,93.338,93.237,93.33,647,14,0
2026-05-21 08:30:00,93.332,93.332,93.27,93.271,453,14,0
2026-05-21 08:45:00,93.27,93.305,93.22,93.242,443,14,0
2026-05-21 09:00:00,93.24,93.316,93.231,93.304,372,14,0
2026-05-21 09:15:00,93.302,93.343,93.287,93.333,269,14,0
2026-05-21 09:30:00,93.33,93.355,93.275,93.278,312,14,0
2026-05-21 09:45:00,93.276,93.31,93.255,93.31,230,14,0
2026-05-21 10:00:00,93.308,93.338,93.288,93.288,210,14,0
2026-05-21 10:15:00,93.287,93.299,93.143,93.161,741,14,0
2026-05-21 10:30:00,93.163,93.163,93.063,93.135,816,14,0
2026-05-21 10:45:00,93.137,93.191,93.115,93.153,581,14,0
2026-05-21 11:00:00,93.151,93.217,93.151,93.212,480,14,0
2026-05-21 11:15:00,93.21,93.276,93.206,93.245,423,14,0
2026-05-21 11:30:00,93.244,93.261,93.203,93.227,253,14,0
2026-05-21 11:45:00,93.229,93.237,93.162,93.191,248,14,0
2026-05-21 12:00:00,93.188,93.225,93.186,93.222,364,14,0
2026-05-21 12:15:00,93.22,93.229,93.166,93.189,326,14,0
2026-05-21 12:30:00,93.187,93.275,93.176,93.24,741,14,0
2026-05-21 12:45:00,93.237,93.244,93.152,93.158,435,14,0
2026-05-21 13:00:00,93.157,93.19,93.134,93.159,435,14,0
2026-05-21 13:15:00,93.157,93.199,93.136,93.178,412,14,0
2026-05-21 13:30:00,93.18,93.182,93.112,93.153,576,14,0
2026-05-21 13:45:00,93.148,93.277,93.147,93.26,1140,14,0
2026-05-21 14:00:00,93.258,93.279,93.226,93.264,570,14,0
2026-05-21 14:15:00,93.261,93.269,93.194,93.245,526,14,0
2026-05-21 14:30:00,93.246,93.299,93.234,93.254,440,14,0
2026-05-21 14:45:00,93.256,93.311,93.238,93.281,489,14,0
2026-05-21 15:00:00,93.283,93.295,93.17,93.217,681,14,0
2026-05-21 15:15:00,93.215,93.22,93.167,93.178,355,14,0
2026-05-21 15:30:00,93.179,93.209,93.153,93.187,356,14,0
2026-05-21 15:45:00,93.19,93.227,93.189,93.197,256,14,0
2026-05-21 16:00:00,93.199,93.254,93.197,93.233,373,14,0
2026-05-21 16:15:00,93.235,93.255,93.222,93.254,264,14,0
2026-05-21 16:30:00,93.251,93.265,93.229,93.235,189,14,0
2026-05-21 16:45:00,93.237,93.261,93.216,93.255,182,14,0
2026-05-21 17:00:00,93.257,93.342,93.233,93.326,534,14,0
2026-05-21 17:15:00,93.329,93.459,93.326,93.453,1015,14,0
2026-05-21 17:30:00,93.454,93.505,93.444,93.505,500,14,0
2026-05-21 17:45:00,93.504,93.523,93.436,93.469,506,14,0
2026-05-21 18:00:00,93.467,93.503,93.437,93.439,581,14,0
2026-05-21 18:15:00,93.441,93.465,93.432,93.453,298,14,0
2026-05-21 18:30:00,93.455,93.476,93.438,93.442,259,14,0
2026-05-21 18:45:00,93.443,93.448,93.327,93.375,753,14,0
2026-05-21 19:00:00,93.379,93.425,93.376,93.403,383,14,0
2026-05-21 19:15:00,93.406,93.428,93.404,93.425,162,14,0
2026-05-21 19:30:00,93.423,93.432,93.39,93.4,191,14,0
2026-05-21 19:45:00,93.399,93.416,93.363,93.394,407,14,0
2026-05-21 20:00:00,93.397,93.401,93.368,93.375,159,14,0
2026-05-21 20:15:00,93.373,93.394,93.362,93.393,105,14,0
2026-05-21 20:30:00,93.391,93.399,93.386,93.39,67,14,0
2026-05-21 20:45:00,93.388,93.406,93.358,93.383,214,14,0
2026-05-21 21:00:00,93.369,93.395,93.332,93.373,48,92,0
2026-05-21 21:15:00,93.361,93.411,93.361,93.405,123,83,0
2026-05-21 21:30:00,93.41,93.419,93.248,93.354,169,68,0
2026-05-21 21:45:00,93.357,93.376,93.304,93.304,112,48,0
2026-05-21 22:00:00,93.293,93.408,93.293,93.404,91,43,0
2026-05-21 22:15:00,93.41,93.42,93.404,93.406,26,43,0
2026-05-21 22:30:00,93.405,93.413,93.391,93.41,58,43,0
2026-05-21 22:45:00,93.414,93.444,93.414,93.444,65,43,0
2026-05-21 23:00:00,93.459,93.479,93.444,93.447,82,14,0
2026-05-21 23:15:00,93.445,93.446,93.414,93.445,76,14,0
2026-05-21 23:30:00,93.447,93.47,93.436,93.436,71,14,0
2026-05-21 23:45:00,93.438,93.489,93.438,93.465,144,14,0
2026-05-22 00:00:00,93.468,93.477,93.412,93.414,337,14,0
2026-05-22 00:15:00,93.415,93.435,93.394,93.427,255,14,0
2026-05-22 00:30:00,93.428,93.434,93.398,93.416,187,14,0
2026-05-22 00:45:00,93.419,93.463,93.404,93.427,285,14,0
2026-05-22 01:00:00,93.424,93.432,93.389,93.421,257,14,0
2026-05-22 01:15:00,93.418,93.438,93.393,93.431,213,14,0
2026-05-22 01:30:00,93.429,93.454,93.393,93.452,257,14,0
2026-05-22 01:45:00,93.45,93.493,93.423,93.423,218,14,0
2026-05-22 02:00:00,93.425,93.456,93.421,93.424,160,14,0
2026-05-22 02:15:00,93.426,93.433,93.412,93.424,155,14,0
2026-05-22 02:30:00,93.423,93.448,93.415,93.439,138,14,0
2026-05-22 02:45:00,93.438,93.441,93.385,93.411,151,14,0
2026-05-22 03:00:00,93.408,93.413,93.348,93.348,154,14,0
2026-05-22 03:15:00,93.35,93.38,93.347,93.375,127,14,0
2026-05-22 03:30:00,93.372,93.384,93.36,93.36,101,14,0
2026-05-22 03:45:00,93.359,93.384,93.345,93.38,92,14,0
2026-05-22 04:00:00,93.383,93.418,93.38,93.408,155,14,0
2026-05-22 04:15:00,93.405,93.424,93.397,93.417,89,14,0
2026-05-22 04:30:00,93.418,93.418,93.391,93.405,95,14,0
2026-05-22 04:45:00,93.403,93.434,93.397,93.434,87,14,0
2026-05-22 05:00:00,93.432,93.467,93.43,93.453,156,14,0
2026-05-22 05:15:00,93.452,93.459,93.439,93.451,105,14,0
2026-05-22 05:30:00,93.453,93.471,93.436,93.452,142,14,0
2026-05-22 05:45:00,93.454,93.488,93.392,93.411,291,14,0
2026-05-22 06:00:00,93.409,93.426,93.394,93.401,321,14,0
2026-05-22 06:15:00,93.398,93.398,93.33,93.354,326,14,0
2026-05-22 06:30:00,93.356,93.379,93.33,93.34,234,14,0
2026-05-22 06:45:00,93.339,93.349,93.326,93.335,202,14,0
2026-05-22 07:00:00,93.339,93.341,93.236,93.25,300,14,0
2026-05-22 07:15:00,93.249,93.274,93.238,93.266,247,14,0
2026-05-22 07:30:00,93.267,93.278,93.237,93.274,243,14,0
2026-05-22 07:45:00,93.273,93.303,93.254,93.299,183,14,0
2026-05-22 08:00:00,93.3,93.303,93.25,93.265,259,14,0
2026-05-22 08:15:00,93.263,93.361,93.261,93.285,431,14,0
2026-05-22 08:30:00,93.287,93.311,93.218,93.265,504,14,0
2026-05-22 08:45:00,93.267,93.28,93.227,93.242,284,14,0
2026-05-22 09:00:00,93.239,93.246,93.159,93.163,291,14,0
2026-05-22 09:15:00,93.161,93.194,93.144,93.18,193,14,0
2026-05-22 09:30:00,93.181,93.189,93.154,93.165,217,14,0
2026-05-22 09:45:00,93.166,93.199,93.163,93.168,173,14,0
2026-05-22 10:00:00,93.166,93.198,93.152,93.17,209,14,0
2026-05-22 10:15:00,93.172,93.199,93.16,93.162,175,14,0
2026-05-22 10:30:00,93.16,93.174,93.114,93.173,241,14,0
2026-05-22 10:45:00,93.171,93.173,93.135,93.14,141,14,0
2026-05-22 11:00:00,93.142,93.15,93.11,93.115,183,14,0
2026-05-22 11:15:00,93.114,93.138,93.099,93.128,148,14,0
2026-05-22 11:30:00,93.126,93.132,93.093,93.115,184,14,0
2026-05-22 11:45:00,93.117,93.181,93.117,93.136,279,14,0
2026-05-22 12:00:00,93.139,93.235,93.094,93.192,592,14,0
2026-05-22 12:15:00,93.194,93.223,93.111,93.12,580,14,0
2026-05-22 12:30:00,93.122,93.154,93.098,93.124,304,14,0
2026-05-22 12:45:00,93.123,93.198,93.123,93.198,242,14,0
2026-05-22 13:00:00,93.195,93.292,93.183,93.259,659,14,0
2026-05-22 13:15:00,93.257,93.268,93.196,93.206,395,14,0
2026-05-22 13:30:00,93.204,93.211,93.152,93.154,562,14,0
2026-05-22 13:45:00,93.153,93.171,93.106,93.143,401,14,0
2026-05-22 14:00:00,93.141,93.149,93.031,93.067,703,14,0
2026-05-22 14:15:00,93.065,93.073,93.025,93.072,428,14,0
2026-05-22 14:30:00,93.074,93.11,93.065,93.105,343,14,0
2026-05-22 14:45:00,93.107,93.13,93.048,93.082,461,14,0
2026-05-22 15:00:00,93.081,93.14,93.058,93.126,368,14,0
2026-05-22 15:15:00,93.125,93.151,93.107,93.141,246,14,0
2026-05-22 15:30:00,93.143,93.201,93.137,93.188,312,14,0
2026-05-22 15:45:00,93.191,93.22,93.168,93.192,262,14,0
2026-05-22 16:00:00,93.194,93.219,93.177,93.212,266,14,0
2026-05-22 16:15:00,93.21,93.239,93.195,93.237,247,14,0
2026-05-22 16:30:00,93.239,93.253,93.218,93.23,214,14,0
2026-05-22 16:45:00,93.231,93.255,93.23,93.245,200,14,0
2026-05-22 17:00:00,93.246,93.273,93.239,93.261,166,14,0
2026-05-22 17:15:00,93.262,93.278,93.225,93.269,577,14,0
2026-05-22 17:30:00,93.267,93.288,93.231,93.233,425,14,0
2026-05-22 17:45:00,93.234,93.26,93.223,93.247,191,14,0
2026-05-22 18:00:00,93.246,93.253,93.215,93.244,313,14,0
2026-05-22 18:15:00,93.242,93.247,93.227,93.232,132,14,0
2026-05-22 18:30:00,93.23,93.248,93.21,93.226,218,14,0
2026-05-22 18:45:00,93.228,93.231,93.211,93.221,150,14,0
2026-05-22 19:00:00,93.217,93.217,93.167,93.185,222,14,0
2026-05-22 19:15:00,93.186,93.196,93.163,93.163,79,14,0
2026-05-22 19:30:00,93.165,93.172,93.156,93.165,142,14,0
2026-05-22 19:45:00,93.164,93.182,93.148,93.17,165,14,0
2026-05-22 20:00:00,93.168,93.174,93.159,93.169,76,14,0
2026-05-22 20:15:00,93.168,93.168,93.137,93.14,77,14,0
2026-05-22 20:30:00,93.139,93.139,93.109,93.117,192,14,0
2026-05-22 20:45:00,93.118,93.142,93.068,93.107,478,14,0
2026-05-24 21:00:00,93.239,93.255,93.239,93.253,7,186,0
2026-05-24 21:15:00,93.26,93.294,93.26,93.275,39,124,0
2026-05-24 21:30:00,93.276,93.276,93.204,93.247,97,100,0
2026-05-24 21:45:00,93.238,93.274,93.214,93.223,55,92,0
2026-05-24 22:00:00,93.231,93.319,93.213,93.28,292,78,0
2026-05-24 22:15:00,93.281,93.307,93.253,93.264,149,77,0
2026-05-24 22:30:00,93.267,93.317,93.263,93.316,157,61,0
2026-05-24 22:45:00,93.315,93.362,93.315,93.357,114,51,0
2026-05-24 23:00:00,93.376,93.411,93.374,93.388,181,14,0
2026-05-24 23:15:00,93.387,93.39,93.367,93.373,126,14,0
2026-05-24 23:30:00,93.371,93.391,93.358,93.373,128,14,0
2026-05-24 23:45:00,93.375,93.378,93.334,93.34,181,14,0
2026-05-25 00:00:00,93.338,93.343,93.283,93.32,249,14,0
2026-05-25 00:15:00,93.317,93.355,93.289,93.352,243,14,0
2026-05-25 00:30:00,93.354,93.382,93.32,93.323,182,14,0
2026-05-25 00:45:00,93.325,93.397,93.299,93.309,410,14,0
2026-05-25 01:00:00,93.308,93.365,93.304,93.363,387,14,0
2026-05-25 01:15:00,93.364,93.383,93.339,93.375,290,14,0
2026-05-25 01:30:00,93.373,93.383,93.326,93.34,266,14,0
2026-05-25 01:45:00,93.338,93.364,93.325,93.329,186,14,0
2026-05-25 02:00:00,93.332,93.359,93.328,93.337,169,14,0
2026-05-25 02:15:00,93.338,93.376,93.325,93.356,164,14,0
2026-05-25 02:30:00,93.355,93.367,93.325,93.333,124,14,0
2026-05-25 02:45:00,93.334,93.335,93.269,93.279,132,14,0
2026-05-25 03:00:00,93.278,93.297,93.265,93.287,155,14,0
2026-05-25 03:15:00,93.286,93.297,93.271,93.284,166,14,0
2026-05-25 03:30:00,93.286,93.292,93.27,93.27,126,14,0
2026-05-25 03:45:00,93.268,93.272,93.244,93.262,147,14,0
2026-05-25 04:00:00,93.26,93.283,93.258,93.264,124,14,0
2026-05-25 04:15:00,93.265,93.323,93.26,93.321,134,14,0
2026-05-25 04:30:00,93.323,93.359,93.31,93.349,149,14,0
2026-05-25 04:45:00,93.35,93.366,93.343,93.347,137,14,0
2026-05-25 05:00:00,93.344,93.372,93.339,93.358,174,14,0
2026-05-25 05:15:00,93.361,93.371,93.336,93.338,100,14,0
2026-05-25 05:30:00,93.335,93.38,93.323,93.371,131,14,0
2026-05-25 05:45:00,93.368,93.375,93.333,93.346,153,14,0
2026-05-25 06:00:00,93.344,93.366,93.334,93.36,197,14,0
2026-05-25 06:15:00,93.357,93.358,93.313,93.329,154,14,0
2026-05-25 06:30:00,93.327,93.36,93.318,93.335,178,14,0
2026-05-25 06:45:00,93.334,93.354,93.329,93.332,153,14,0
2026-05-25 07:00:00,93.333,93.341,93.282,93.32,242,14,0
2026-05-25 07:15:00,93.318,93.322,93.228,93.283,442,14,0
2026-05-25 07:30:00,93.285,93.326,93.283,93.291,307,14,0
2026-05-25 07:45:00,93.29,93.305,93.277,93.3,159,14,0
2026-05-25 08:00:00,93.303,93.306,93.266,93.294,211,14,0
2026-05-25 08:15:00,93.293,93.316,93.269,93.271,145,14,0
2026-05-25 08:30:00,93.269,93.32,93.267,93.299,154,14,0
2026-05-25 08:45:00,93.297,93.32,93.286,93.31,159,14,0
2026-05-25 09:00:00,93.312,93.334,93.309,93.328,125,14,0
2026-05-25 09:15:00,93.327,93.327,93.305,93.305,87,14,0
2026-05-25 09:30:00,93.303,93.324,93.3,93.324,88,14,0
2026-05-25 09:45:00,93.325,93.328,93.289,93.289,81,14,0
2026-05-25 10:00:00,93.291,93.309,93.291,93.302,93,14,0
2026-05-25 10:15:00,93.301,93.308,93.277,93.28,70,14,0
2026-05-25 10:30:00,93.279,93.295,93.268,93.293,65,14,0
2026-05-25 10:45:00,93.295,93.299,93.28,93.29,74,14,0
2026-05-25 11:00:00,93.292,93.306,93.26,93.299,100,14,0
2026-05-25 11:15:00,93.298,93.327,93.298,93.324,75,14,0
2026-05-25 11:30:00,93.326,93.384,93.319,93.382,193,14,0
2026-05-25 11:45:00,93.381,93.393,93.353,93.355,190,14,0
2026-05-25 12:00:00,93.354,93.366,93.333,93.348,147,14,0
2026-05-25 12:15:00,93.347,93.363,93.342,93.355,166,14,0
2026-05-25 12:30:00,93.356,93.398,93.355,93.398,136,14,0
2026-05-25 12:45:00,93.401,93.401,93.349,93.356,191,14,0
2026-05-25 13:00:00,93.354,93.372,93.341,93.351,140,14,0
2026-05-25 13:15:00,93.349,93.357,93.331,93.351,155,14,0
2026-05-25 13:30:00,93.353,93.353,93.303,93.305,181,14,0
2026-05-25 13:45:00,93.302,93.323,93.284,93.284,161,14,0
2026-05-25 14:00:00,93.287,93.321,93.287,93.293,120,14,0
2026-05-25 14:15:00,93.292,93.322,93.292,93.311,119,14,0
2026-05-25 14:30:00,93.31,93.347,93.296,93.345,119,14,0
2026-05-25 14:45:00,93.343,93.37,93.331,93.363,171,14,0
2026-05-25 15:00:00,93.361,93.394,93.323,93.358,383,14,0
2026-05-25 15:15:00,93.357,93.365,93.339,93.35,195,14,0
2026-05-25 15:30:00,93.349,93.361,93.332,93.361,116,14,0
2026-05-25 15:45:00,93.36,93.366,93.311,93.317,100,14,0
2026-05-25 16:00:00,93.315,93.315,93.281,93.294,100,14,0
2026-05-25 16:15:00,93.297,93.305,93.279,93.292,69,14,0
2026-05-25 16:30:00,93.291,93.291,93.261,93.282,69,14,0
2026-05-25 16:45:00,93.285,93.311,93.282,93.307,103,14,0
2026-05-25 17:00:00,93.305,93.309,93.293,93.303,54,14,0
2026-05-25 17:15:00,93.305,93.329,93.305,93.329,50,14,0
2026-05-25 17:30:00,93.328,93.33,93.315,93.325,33,14,0
2026-05-25 17:45:00,93.322,93.322,93.315,93.321,24,14,0
2026-05-25 18:00:00,93.319,93.329,93.315,93.327,31,14,0
2026-05-25 18:15:00,93.328,93.328,93.311,93.312,22,14,0
2026-05-25 18:30:00,93.313,93.316,93.295,93.299,25,14,0
2026-05-25 18:45:00,93.301,93.316,93.3,93.308,31,14,0
2026-05-25 19:00:00,93.304,93.304,93.294,93.295,24,14,0
2026-05-25 19:15:00,93.294,93.3,93.291,93.299,18,14,0
2026-05-25 19:30:00,93.302,93.31,93.298,93.308,27,14,0
2026-05-25 19:45:00,93.307,93.323,93.306,93.321,25,14,0
2026-05-25 20:00:00,93.322,93.33,93.317,93.322,28,14,0
2026-05-25 20:15:00,93.32,93.334,93.308,93.334,35,14,0
2026-05-25 20:30:00,93.336,93.343,93.31,93.32,54,14,0
2026-05-25 20:45:00,93.318,93.33,93.286,93.318,83,14,0
2026-05-25 21:00:00,93.309,93.311,93.169,93.221,54,39,0
2026-05-25 21:15:00,93.218,93.241,93.198,93.216,91,68,0
2026-05-25 21:30:00,93.199,93.246,93.186,93.207,188,45,0
2026-05-25 21:45:00,93.216,93.265,93.18,93.257,180,37,0
2026-05-25 22:00:00,93.26,93.309,93.259,93.266,125,43,0
2026-05-25 22:15:00,93.268,93.275,93.247,93.275,39,43,0
2026-05-25 22:30:00,93.278,93.292,93.271,93.283,40,43,0
2026-05-25 22:45:00,93.279,93.301,93.277,93.288,43,43,0
2026-05-25 23:00:00,93.302,93.308,93.289,93.292,62,14,0
2026-05-25 23:15:00,93.293,93.3,93.268,93.269,80,14,0
2026-05-25 23:30:00,93.271,93.28,93.187,93.196,125,14,0
2026-05-25 23:45:00,93.194,93.215,93.154,93.162,206,14,0
2026-05-26 00:00:00,93.161,93.169,93.12,93.134,352,14,0
2026-05-26 00:15:00,93.136,93.141,93.083,93.118,262,14,0
2026-05-26 00:30:00,93.115,93.126,93.085,93.115,182,14,0
2026-05-26 00:45:00,93.112,93.154,93.107,93.142,243,14,0
2026-05-26 01:00:00,93.139,93.168,93.114,93.133,313,14,0
2026-05-26 01:15:00,93.135,93.146,93.086,93.088,256,14,0
2026-05-26 01:30:00,93.09,93.099,93.005,93.011,279,14,0
2026-05-26 01:45:00,93.01,93.044,93.01,93.026,191,14,0
2026-05-26 02:00:00,93.025,93.057,93.01,93.022,186,14,0
2026-05-26 02:15:00,93.024,93.039,93.01,93.016,143,14,0
2026-05-26 02:30:00,93.018,93.02,92.973,92.978,142,14,0
2026-05-26 02:45:00,92.977,93.011,92.962,93.002,120,14,0
2026-05-26 03:00:00,93.003,93.044,92.999,93.035,124,14,0
2026-05-26 03:15:00,93.033,93.094,93.03,93.064,128,14,0
2026-05-26 03:30:00,93.066,93.084,93.065,93.084,74,14,0
2026-05-26 03:45:00,93.082,93.082,93.041,93.068,95,14,0
2026-05-26 04:00:00,93.067,93.068,93.034,93.056,93,14,0
2026-05-26 04:15:00,93.054,93.059,93.027,93.027,75,14,0
2026-05-26 04:30:00,93.029,93.04,92.989,92.996,106,14,0
2026-05-26 04:45:00,92.994,93.023,92.991,93.007,134,14,0
2026-05-26 05:00:00,93.01,93.013,92.96,92.991,173,14,0
2026-05-26 05:15:00,92.989,93.002,92.964,92.982,137,14,0
2026-05-26 05:30:00,92.985,92.998,92.971,92.983,131,14,0
2026-05-26 05:45:00,92.981,92.984,92.949,92.962,145,14,0
2026-05-26 06:00:00,92.965,93.025,92.956,93.025,188,14,0
2026-05-26 06:15:00,93.027,93.098,93.017,93.064,279,14,0
2026-05-26 06:30:00,93.066,93.132,93.054,93.128,254,14,0
2026-05-26 06:45:00,93.131,93.135,93.077,93.087,206,14,0
2026-05-26 07:00:00,93.085,93.102,93.019,93.066,447,14,0
2026-05-26 07:15:00,93.068,93.087,93.045,93.057,225,14,0
2026-05-26 07:30:00,93.056,93.108,93.012,93.034,450,14,0
2026-05-26 07:45:00,93.036,93.07,93.012,93.068,249,14,0
2026-05-26 08:00:00,93.07,93.115,93.065,93.092,292,14,0
2026-05-26 08:15:00,93.09,93.121,93.087,93.115,196,14,0
2026-05-26 08:30:00,93.112,93.123,93.063,93.064,192,14,0
2026-05-26 08:45:00,93.063,93.071,93.037,93.055,156,14,0
2026-05-26 09:00:00,93.052,93.054,93.012,93.012,186,14,0
2026-05-26 09:15:00,93.014,93.051,93.006,93.049,213,14,0
2026-05-26 09:30:00,93.051,93.053,93.026,93.026,171,14,0
2026-05-26 09:45:00,93.025,93.049,93.02,93.031,130,14,0
2026-05-26 10:00:00,93.033,93.033,93.0,93.019,131,14,0
2026-05-26 10:15:00,93.021,93.022,92.993,93.008,161,14,0
2026-05-26 10:30:00,93.009,93.039,92.997,93.024,269,14,0
2026-05-26 10:45:00,93.022,93.063,93.004,93.042,176,14,0
2026-05-26 11:00:00,93.041,93.068,93.03,93.055,157,14,0
2026-05-26 11:15:00,93.058,93.062,93.036,93.039,126,14,0
2026-05-26 11:30:00,93.04,93.064,92.992,93.008,294,14,0
2026-05-26 11:45:00,93.006,93.019,92.982,92.984,191,14,0
2026-05-26 12:00:00,92.982,93.014,92.976,92.999,254,14,0
2026-05-26 12:15:00,92.997,93.017,92.986,93.015,161,14,0
2026-05-26 12:30:00,93.013,93.013,92.979,92.979,164,14,0
2026-05-26 12:45:00,92.982,92.994,92.974,92.986,163,14,0
2026-05-26 13:00:00,92.988,93.013,92.97,92.981,216,14,0
2026-05-26 13:15:00,92.982,93.013,92.979,92.998,212,14,0
2026-05-26 13:30:00,92.999,93.077,92.982,93.042,347,14,0
2026-05-26 13:45:00,93.045,93.08,92.947,93.002,464,14,0
2026-05-26 14:00:00,93.005,93.067,92.983,93.053,404,14,0
2026-05-26 14:15:00,93.051,93.09,93.036,93.052,311,14,0
2026-05-26 14:30:00,93.05,93.059,93.001,93.038,379,14,0
2026-05-26 14:45:00,93.036,93.067,93.021,93.062,291,14,0
2026-05-26 15:00:00,93.059,93.059,93.008,93.038,359,14,0
2026-05-26 15:15:00,93.036,93.04,92.986,92.994,255,14,0
2026-05-26 15:30:00,92.997,93.012,92.974,93.001,286,14,0
2026-05-26 15:45:00,93.0,93.011,92.956,92.965,189,14,0
2026-05-26 16:00:00,92.967,92.982,92.951,92.952,193,14,0
2026-05-26 16:15:00,92.953,92.976,92.953,92.976,171,14,0
2026-05-26 16:30:00,92.973,92.984,92.94,92.953,204,14,0
2026-05-26 16:45:00,92.95,92.956,92.931,92.939,185,14,0
2026-05-26 17:00:00,92.94,92.961,92.936,92.958,133,14,0
2026-05-26 17:15:00,92.96,92.965,92.948,92.949,149,14,0
2026-05-26 17:30:00,92.947,92.968,92.94,92.941,136,14,0
2026-05-26 17:45:00,92.939,92.96,92.928,92.946,117,14,0
2026-05-26 18:00:00,92.943,92.966,92.941,92.959,124,14,0
2026-05-26 18:15:00,92.961,92.971,92.951,92.971,102,14,0
2026-05-26 18:30:00,92.973,92.986,92.954,92.97,132,14,0
2026-05-26 18:45:00,92.968,92.986,92.964,92.979,105,14,0
2026-05-26 19:00:00,92.975,92.975,92.939,92.939,103,14,0
2026-05-26 19:15:00,92.938,92.967,92.936,92.959,83,14,0
2026-05-26 19:30:00,92.961,92.975,92.953,92.974,78,14,0
2026-05-26 19:45:00,92.973,93.005,92.972,93.005,92,14,0
2026-05-26 20:00:00,93.003,93.007,92.982,92.991,58,14,0
2026-05-26 20:15:00,92.992,92.995,92.96,92.96,45,14,0
2026-05-26 20:30:00,92.961,92.978,92.961,92.968,58,14,0
2026-05-26 20:45:00,92.969,92.976,92.943,92.959,110,14,0
2026-05-26 21:00:00,92.942,92.965,92.932,92.965,26,45,0
2026-05-26 21:15:00,92.963,92.969,92.931,92.965,78,51,0
2026-05-26 21:30:00,92.966,92.973,92.946,92.965,96,34,0
2026-05-26 21:45:00,92.968,92.995,92.916,92.968,120,33,0
2026-05-26 22:00:00,92.999,93.0,92.902,92.961,147,43,0
2026-05-26 22:15:00,92.957,92.961,92.94,92.941,51,43,0
2026-05-26 22:30:00,92.942,92.963,92.942,92.962,45,43,0
2026-05-26 22:45:00,92.963,92.963,92.944,92.944,34,43,0
2026-05-26 23:00:00,92.959,92.978,92.959,92.97,71,14,0
2026-05-26 23:15:00,92.969,93.015,92.969,93.012,78,14,0
2026-05-26 23:30:00,93.011,93.046,93.011,93.042,85,14,0
2026-05-26 23:45:00,93.044,93.051,93.004,93.022,144,14,0
2026-05-27 00:00:00,93.019,93.047,93.011,93.047,222,14,0
2026-05-27 00:15:00,93.049,93.053,93.023,93.051,197,14,0
2026-05-27 00:30:00,93.05,93.105,93.048,93.065,186,14,0
2026-05-27 00:45:00,93.067,93.113,93.067,93.104,360,14,0
2026-05-27 01:00:00,93.101,93.149,93.089,93.108,283,14,0
2026-05-27 01:15:00,93.11,93.119,93.076,93.106,201,14,0
2026-05-27 01:30:00,93.103,93.107,92.973,93.038,505,14,0
2026-05-27 01:45:00,93.036,93.102,92.99,93.094,314,14,0
2026-05-27 02:00:00,93.087,93.6,93.078,93.471,1713,14,0
2026-05-27 02:15:00,93.472,93.618,93.459,93.584,604,14,0
2026-05-27 02:30:00,93.581,93.606,93.493,93.493,397,14,0
2026-05-27 02:45:00,93.495,93.557,93.49,93.508,248,14,0
2026-05-27 03:00:00,93.506,93.575,93.484,93.486,315,14,0
2026-05-27 03:15:00,93.488,93.515,93.451,93.46,228,14,0
2026-05-27 03:30:00,93.461,93.465,93.377,93.401,245,14,0
2026-05-27 03:45:00,93.403,93.419,93.379,93.385,164,14,0
2026-05-27 04:00:00,93.382,93.476,93.377,93.468,218,14,0
2026-05-27 04:15:00,93.469,93.482,93.444,93.466,211,14,0
2026-05-27 04:30:00,93.464,93.559,93.46,93.551,263,14,0
2026-05-27 04:45:00,93.552,93.585,93.546,93.585,174,14,0
2026-05-27 05:00:00,93.583,93.628,93.558,93.628,211,14,0
2026-05-27 05:15:00,93.629,93.636,93.603,93.636,151,14,0
2026-05-27 05:30:00,93.638,93.645,93.571,93.597,310,14,0
2026-05-27 05:45:00,93.596,93.63,93.572,93.573,264,14,0
2026-05-27 06:00:00,93.571,93.618,93.547,93.557,308,14,0
2026-05-27 06:15:00,93.558,93.576,93.513,93.559,359,14,0
2026-05-27 06:30:00,93.562,93.61,93.515,93.608,298,14,0
2026-05-27 06:45:00,93.606,93.678,93.603,93.618,404,14,0
2026-05-27 07:00:00,93.615,93.672,93.559,93.577,398,14,0
2026-05-27 07:15:00,93.576,93.592,93.542,93.577,278,14,0
2026-05-27 07:30:00,93.578,93.592,93.522,93.578,332,14,0
2026-05-27 07:45:00,93.58,93.582,93.537,93.565,246,14,0
2026-05-27 08:00:00,93.562,93.631,93.551,93.631,333,14,0
2026-05-27 08:15:00,93.633,93.694,93.632,93.671,332,14,0
2026-05-27 08:30:00,93.669,93.675,93.621,93.65,253,14,0
2026-05-27 08:45:00,93.649,93.691,93.636,93.68,210,14,0
2026-05-27 09:00:00,93.682,93.693,93.659,93.674,202,14,0
2026-05-27 09:15:00,93.677,93.752,93.671,93.718,223,14,0
2026-05-27 09:30:00,93.716,93.737,93.71,93.716,153,14,0
2026-05-27 09:45:00,93.715,93.77,93.714,93.765,196,14,0
2026-05-27 10:00:00,93.764,93.776,93.713,93.737,203,14,0
2026-05-27 10:15:00,93.735,93.743,93.684,93.7,189,14,0
2026-05-27 10:30:00,93.698,93.719,93.691,93.707,202,14,0
2026-05-27 10:45:00,93.708,93.713,93.675,93.711,241,14,0
2026-05-27 11:00:00,93.713,93.752,93.7,93.732,254,14,0
2026-05-27 11:15:00,93.729,93.745,93.705,93.73,245,14,0
2026-05-27 11:30:00,93.732,93.851,93.721,93.841,310,14,0
2026-05-27 11:45:00,93.84,93.859,93.78,93.809,265,14,0
2026-05-27 12:00:00,93.81,93.873,93.764,93.863,358,14,0
2026-05-27 12:15:00,93.864,94.032,93.836,94.026,1340,14,0
2026-05-27 12:30:00,94.025,94.066,93.996,94.011,829,14,0
2026-05-27 12:45:00,94.013,94.017,93.928,93.982,483,14,0
2026-05-27 13:00:00,93.98,94.109,93.976,94.073,580,14,0
2026-05-27 13:15:00,94.071,94.093,93.999,94.006,387,14,0
2026-05-27 13:30:00,94.004,94.063,93.99,94.004,573,14,0
2026-05-27 13:45:00,94.001,94.059,93.995,94.056,480,14,0
2026-05-27 14:00:00,94.058,94.124,94.023,94.124,586,14,0
2026-05-27 14:15:00,94.123,94.212,94.054,94.058,712,14,0
2026-05-27 14:30:00,94.056,94.119,94.001,94.058,955,14,0
2026-05-27 14:45:00,94.056,94.128,93.962,93.989,658,14,0
2026-05-27 15:00:00,93.99,94.052,93.98,93.984,515,14,0
2026-05-27 15:15:00,93.986,94.027,93.96,94.027,408,14,0
2026-05-27 15:30:00,94.03,94.053,93.981,93.985,458,14,0
2026-05-27 15:45:00,93.983,94.013,93.931,93.968,388,14,0
2026-05-27 16:00:00,93.969,93.995,93.945,93.982,372,14,0
2026-05-27 16:15:00,93.984,94.009,93.984,93.988,216,14,0
2026-05-27 16:30:00,93.987,94.009,93.972,93.995,150,14,0
2026-05-27 16:45:00,93.997,94.01,93.985,93.997,129,14,0
2026-05-27 17:00:00,93.995,94.003,93.912,93.918,326,14,0
2026-05-27 17:15:00,93.92,93.961,93.913,93.952,189,14,0
2026-05-27 17:30:00,93.95,93.977,93.946,93.958,173,14,0
2026-05-27 17:45:00,93.959,93.995,93.958,93.977,141,14,0
2026-05-27 18:00:00,93.979,93.982,93.965,93.979,125,14,0
2026-05-27 18:15:00,93.98,94.027,93.976,94.027,145,14,0
2026-05-27 18:30:00,94.029,94.042,94.013,94.042,131,14,0
2026-05-27 18:45:00,94.045,94.047,93.99,93.992,92,14,0
2026-05-27 19:00:00,93.991,94.077,93.955,94.075,160,14,0
2026-05-27 19:15:00,94.074,94.094,94.057,94.094,150,14,0
2026-05-27 19:30:00,94.095,94.103,94.08,94.086,129,14,0
2026-05-27 19:45:00,94.085,94.097,94.065,94.097,152,14,0
2026-05-27 20:00:00,94.094,94.112,94.084,94.092,119,14,0
2026-05-27 20:15:00,94.094,94.129,94.094,94.116,84,14,0
2026-05-27 20:30:00,94.118,94.126,94.106,94.12,63,14,0
2026-05-27 20:45:00,94.121,94.126,94.006,94.014,102,14,0
2026-05-27 21:00:00,94.002,94.002,93.91,93.915,44,140,0
2026-05-27 21:15:00,93.913,94.033,93.913,94.032,72,69,0
2026-05-27 21:30:00,94.027,94.055,94.022,94.046,91,41,0
2026-05-27 21:45:00,94.04,94.069,93.967,94.028,334,37,0
2026-05-27 22:00:00,94.022,94.116,94.022,94.087,96,43,0
2026-05-27 22:15:00,94.086,94.099,94.064,94.068,64,43,0
2026-05-27 22:30:00,94.063,94.08,94.053,94.074,55,43,0
2026-05-27 22:45:00,94.078,94.085,94.07,94.074,34,43,0
2026-05-27 23:00:00,94.089,94.099,94.08,94.094,60,14,0
2026-05-27 23:15:00,94.095,94.125,94.029,94.043,243,14,0
2026-05-27 23:30:00,94.041,94.044,93.987,94.009,192,14,0
2026-05-27 23:45:00,94.01,94.025,93.978,93.997,178,14,0
2026-05-28 00:00:00,93.994,94.049,93.989,94.04,358,14,0
2026-05-28 00:15:00,94.042,94.079,94.042,94.069,243,14,0
2026-05-28 00:30:00,94.071,94.099,94.046,94.095,284,14,0
2026-05-28 00:45:00,94.097,94.16,94.096,94.145,293,14,0
2026-05-28 01:00:00,94.142,94.296,94.134,94.243,436,14,0
2026-05-28 01:15:00,94.242,94.242,94.155,94.158,371,14,0
2026-05-28 01:30:00,94.16,94.185,94.108,94.127,327,14,0
2026-05-28 01:45:00,94.125,94.17,94.094,94.118,310,14,0
2026-05-28 02:00:00,94.12,94.171,94.12,94.171,239,14,0
2026-05-28 02:15:00,94.169,94.179,94.122,94.123,180,14,0
2026-05-28 02:30:00,94.125,94.136,94.049,94.063,169,14,0
2026-05-28 02:45:00,94.065,94.065,93.982,93.991,377,14,0
2026-05-28 03:00:00,93.989,94.035,93.939,93.949,361,14,0
2026-05-28 03:15:00,93.948,93.948,93.857,93.887,396,14,0
2026-05-28 03:30:00,93.885,93.886,93.78,93.805,548,14,0
2026-05-28 03:45:00,93.803,93.828,93.731,93.736,443,14,0
2026-05-28 04:00:00,93.734,93.754,93.638,93.651,499,14,0
2026-05-28 04:15:00,93.65,93.68,93.609,93.625,316,14,0
2026-05-28 04:30:00,93.623,93.68,93.599,93.638,301,14,0
2026-05-28 04:45:00,93.637,93.65,93.57,93.595,268,14,0
2026-05-28 05:00:00,93.598,93.67,93.598,93.66,258,14,0
2026-05-28 05:15:00,93.658,93.714,93.651,93.679,245,14,0
2026-05-28 05:30:00,93.677,93.758,93.671,93.743,322,14,0
2026-05-28 05:45:00,93.744,93.794,93.727,93.77,207,14,0
2026-05-28 06:00:00,93.768,93.833,93.762,93.813,293,14,0
2026-05-28 06:15:00,93.814,93.888,93.799,93.862,275,14,0
2026-05-28 06:30:00,93.863,93.889,93.851,93.867,294,14,0
2026-05-28 06:45:00,93.865,93.885,93.85,93.873,189,14,0
2026-05-28 07:00:00,93.875,93.951,93.875,93.94,357,14,0
2026-05-28 07:15:00,93.942,93.963,93.911,93.918,271,14,0
2026-05-28 07:30:00,93.917,93.929,93.874,93.89,302,14,0
2026-05-28 07:45:00,93.893,93.905,93.874,93.886,231,14,0
2026-05-28 08:00:00,93.887,93.901,93.865,93.884,315,14,0
2026-05-28 08:15:00,93.883,93.884,93.821,93.856,265,14,0
2026-05-28 08:30:00,93.858,93.871,93.833,93.85,212,14,0
2026-05-28 08:45:00,93.848,93.871,93.844,93.865,132,14,0
2026-05-28 09:00:00,93.862,93.868,93.846,93.864,192,14,0
2026-05-28 09:15:00,93.866,93.896,93.849,93.889,199,14,0
2026-05-28 09:30:00,93.891,93.92,93.873,93.886,245,14,0
2026-05-28 09:45:00,93.884,93.917,93.878,93.902,225,14,0
2026-05-28 10:00:00,93.899,93.931,93.868,93.914,194,14,0
2026-05-28 10:15:00,93.912,93.939,93.902,93.925,197,14,0
2026-05-28 10:30:00,93.923,93.923,93.86,93.862,154,14,0
2026-05-28 10:45:00,93.863,93.915,93.831,93.834,437,14,0
2026-05-28 11:00:00,93.832,93.881,93.829,93.881,323,14,0
2026-05-28 11:15:00,93.879,93.896,93.864,93.892,205,14,0
2026-05-28 11:30:00,93.894,93.914,93.872,93.911,162,14,0
2026-05-28 11:45:00,93.909,93.933,93.881,93.921,218,14,0
2026-05-28 12:00:00,93.92,93.971,93.912,93.949,250,14,0
2026-05-28 12:15:00,93.95,94.004,93.935,93.989,287,14,0
2026-05-28 12:30:00,93.974,94.12,93.974,94.091,584,14,0
2026-05-28 12:45:00,94.092,94.133,94.076,94.133,367,14,0
2026-05-28 13:00:00,94.135,94.197,94.116,94.116,433,14,0
2026-05-28 13:15:00,94.118,94.152,94.115,94.135,281,14,0
2026-05-28 13:30:00,94.134,94.159,94.118,94.148,417,14,0
2026-05-28 13:45:00,94.147,94.164,94.095,94.114,335,14,0
2026-05-28 14:00:00,94.116,94.264,94.098,94.228,1393,14,0
2026-05-28 14:15:00,94.23,94.326,94.182,94.285,1289,14,0
2026-05-28 14:30:00,94.287,94.349,94.249,94.303,662,14,0
2026-05-28 14:45:00,94.305,94.324,94.226,94.243,761,14,0
2026-05-28 15:00:00,94.246,94.403,94.246,94.389,579,14,0
2026-05-28 15:15:00,94.386,94.386,94.352,94.375,345,14,0
2026-05-28 15:30:00,94.372,94.425,94.363,94.389,306,14,0
2026-05-28 15:45:00,94.39,94.395,94.367,94.379,242,14,0
2026-05-28 16:00:00,94.377,94.417,94.377,94.394,300,14,0
2026-05-28 16:15:00,94.391,94.446,94.385,94.418,438,14,0
2026-05-28 16:30:00,94.419,94.436,94.411,94.415,255,14,0
2026-05-28 16:45:00,94.417,94.428,94.38,94.422,230,14,0
2026-05-28 17:00:00,94.423,94.424,94.388,94.389,206,14,0
2026-05-28 17:15:00,94.388,94.416,94.382,94.407,168,14,0
2026-05-28 17:30:00,94.41,94.424,94.399,94.422,130,14,0
2026-05-28 17:45:00,94.423,94.446,94.419,94.433,151,14,0
2026-05-28 18:00:00,94.431,94.45,94.423,94.427,160,14,0
2026-05-28 18:15:00,94.425,94.451,94.401,94.405,279,14,0
2026-05-28 18:30:00,94.404,94.415,94.394,94.398,163,14,0
2026-05-28 18:45:00,94.396,94.428,94.391,94.419,120,14,0
2026-05-28 19:00:00,94.417,94.443,94.413,94.427,126,14,0
2026-05-28 19:15:00,94.425,94.448,94.423,94.448,89,14,0
2026-05-28 19:30:00,94.45,94.471,94.432,94.435,122,14,0
2026-05-28 19:45:00,94.433,94.451,94.405,94.411,159,14,0
2026-05-28 20:00:00,94.409,94.415,94.396,94.407,112,14,0
2026-05-28 20:15:00,94.404,94.439,94.404,94.437,89,14,0
2026-05-28 20:30:00,94.435,94.456,94.433,94.456,61,14,0
2026-05-28 20:45:00,94.457,94.494,94.455,94.475,167,14,0
2026-05-28 21:00:00,94.435,94.435,94.256,94.357,67,88,0
2026-05-28 21:15:00,94.35,94.366,94.332,94.35,47,89,0
2026-05-28 21:30:00,94.356,94.405,94.339,94.384,129,61,0
2026-05-28 21:45:00,94.386,94.415,94.344,94.415,251,50,0
2026-05-28 22:00:00,94.462,94.486,94.418,94.455,106,43,0
2026-05-28 22:15:00,94.457,94.47,94.457,94.46,40,43,0
2026-05-28 22:30:00,94.462,94.477,94.454,94.454,53,43,0
2026-05-28 22:45:00,94.453,94.481,94.447,94.476,53,43,0
2026-05-28 23:00:00,94.491,94.687,94.481,94.603,639,14,0
2026-05-28 23:15:00,94.601,94.669,94.594,94.608,165,14,0
2026-05-28 23:30:00,94.61,94.648,94.61,94.621,134,14,0
2026-05-28 23:45:00,94.622,94.672,94.607,94.671,261,14,0
2026-05-29 00:00:00,94.669,94.696,94.648,94.673,308,14,0
2026-05-29 00:15:00,94.676,94.715,94.668,94.704,270,14,0
2026-05-29 00:30:00,94.701,94.754,94.668,94.754,256,14,0
2026-05-29 00:45:00,94.751,94.761,94.698,94.701,319,14,0
2026-05-29 01:00:00,94.704,94.827,94.704,94.821,503,14,0
2026-05-29 01:15:00,94.822,94.846,94.802,94.809,288,14,0
2026-05-29 01:30:00,94.807,94.82,94.775,94.808,300,14,0
2026-05-29 01:45:00,94.809,94.809,94.778,94.797,235,14,0
2026-05-29 02:00:00,94.799,94.81,94.774,94.797,218,14,0
2026-05-29 02:15:00,94.798,94.802,94.747,94.749,162,14,0
2026-05-29 02:30:00,94.75,94.796,94.75,94.784,183,14,0
2026-05-29 02:45:00,94.782,94.795,94.716,94.745,182,14,0
2026-05-29 03:00:00,94.747,94.755,94.721,94.738,220,14,0
2026-05-29 03:15:00,94.741,94.797,94.737,94.796,189,14,0
2026-05-29 03:30:00,94.793,94.809,94.756,94.777,174,14,0
2026-05-29 03:45:00,94.776,94.821,94.771,94.818,184,14,0
2026-05-29 04:00:00,94.82,94.907,94.819,94.897,194,14,0
2026-05-29 04:15:00,94.895,94.943,94.895,94.922,216,14,0
2026-05-29 04:30:00,94.919,94.946,94.906,94.918,130,14,0
2026-05-29 04:45:00,94.921,94.923,94.883,94.906,160,14,0
2026-05-29 05:00:00,94.907,94.963,94.903,94.917,182,14,0
2026-05-29 05:15:00,94.915,94.926,94.899,94.909,107,14,0
2026-05-29 05:30:00,94.91,94.925,94.872,94.872,195,14,0
2026-05-29 05:45:00,94.87,94.925,94.865,94.897,179,14,0
2026-05-29 06:00:00,94.898,94.973,94.896,94.965,301,14,0
2026-05-29 06:15:00,94.966,94.99,94.889,94.905,269,14,0
2026-05-29 06:30:00,94.908,94.921,94.85,94.862,284,14,0
2026-05-29 06:45:00,94.864,94.89,94.847,94.865,274,14,0
2026-05-29 07:00:00,94.868,94.889,94.846,94.879,364,14,0
2026-05-29 07:15:00,94.88,94.897,94.841,94.864,306,14,0
2026-05-29 07:30:00,94.865,94.903,94.833,94.898,340,14,0
2026-05-29 07:45:00,94.896,94.937,94.867,94.921,232,14,0
2026-05-29 08:00:00,94.919,94.921,94.826,94.834,317,14,0
2026-05-29 08:15:00,94.835,94.905,94.818,94.905,243,14,0
2026-05-29 08:30:00,94.908,94.935,94.888,94.922,240,14,0
2026-05-29 08:45:00,94.924,94.933,94.887,94.929,214,14,0
2026-05-29 09:00:00,94.931,95.03,94.928,95.024,284,14,0
2026-05-29 09:15:00,95.021,95.021,94.944,94.964,280,14,0
2026-05-29 09:30:00,94.962,94.971,94.923,94.956,242,14,0
2026-05-29 09:45:00,94.958,95.003,94.944,95.003,271,14,0
2026-05-29 10:00:00,95.001,95.022,94.977,95.001,253,14,0
2026-05-29 10:15:00,95.0,95.017,94.963,94.978,230,14,0
2026-05-29 10:30:00,94.976,94.987,94.963,94.981,162,14,0
2026-05-29 10:45:00,94.984,95.014,94.976,95.006,171,14,0
2026-05-29 11:00:00,95.007,95.044,94.999,95.043,155,14,0
2026-05-29 11:15:00,95.045,95.058,94.995,95.026,232,14,0
2026-05-29 11:30:00,95.024,95.059,95.002,95.044,219,14,0
2026-05-29 11:45:00,95.046,95.125,95.044,95.122,327,14,0
2026-05-29 12:00:00,95.123,95.192,95.09,95.17,372,14,0
2026-05-29 12:15:00,95.169,95.179,95.14,95.159,262,14,0
2026-05-29 12:30:00,95.161,95.171,95.121,95.165,321,14,0
2026-05-29 12:45:00,95.163,95.226,95.148,95.215,272,14,0
2026-05-29 13:00:00,95.217,95.243,95.201,95.234,387,14,0
2026-05-29 13:15:00,95.237,95.305,95.229,95.305,289,14,0
2026-05-29 13:30:00,95.303,95.373,95.286,95.346,328,14,0
2026-05-29 13:45:00,95.347,95.399,95.29,95.294,419,14,0
2026-05-29 14:00:00,95.296,95.342,95.275,95.297,436,14,0
2026-05-29 14:15:00,95.295,95.349,95.286,95.347,456,14,0
2026-05-29 14:30:00,95.349,95.351,95.273,95.307,542,14,0
2026-05-29 14:45:00,95.304,95.347,95.253,95.284,1343,14,0
2026-05-29 15:00:00,95.282,95.37,95.265,95.361,751,14,0
2026-05-29 15:15:00,95.362,95.37,95.307,95.333,494,14,0
2026-05-29 15:30:00,95.335,95.392,95.329,95.358,579,14,0
2026-05-29 15:45:00,95.36,95.412,95.358,95.385,324,14,0
2026-05-29 16:00:00,95.382,95.386,95.331,95.331,290,14,0
2026-05-29 16:15:00,95.329,95.355,95.329,95.346,207,14,0
2026-05-29 16:30:00,95.344,95.376,95.327,95.338,485,14,0
2026-05-29 16:45:00,95.335,95.345,95.327,95.341,205,14,0
2026-05-29 17:00:00,95.342,95.349,95.314,95.331,188,14,0
2026-05-29 17:15:00,95.332,95.338,95.289,95.309,219,14,0
2026-05-29 17:30:00,95.307,95.312,95.273,95.277,174,14,0
2026-05-29 17:45:00,95.28,95.29,95.256,95.264,163,14,0
2026-05-29 18:00:00,95.261,95.3,95.252,95.294,172,14,0
2026-05-29 18:15:00,95.297,95.325,95.287,95.305,217,14,0
2026-05-29 18:30:00,95.306,95.334,95.305,95.313,133,14,0
2026-05-29 18:45:00,95.311,95.311,95.274,95.287,309,14,0
2026-05-29 19:00:00,95.284,95.315,95.264,95.31,124,14,0
2026-05-29 19:15:00,95.309,95.333,95.298,95.333,111,14,0
2026-05-29 19:30:00,95.331,95.365,95.327,95.358,140,14,0
2026-05-29 19:45:00,95.36,95.388,95.354,95.364,246,14,0
2026-05-29 20:00:00,95.362,95.368,95.321,95.322,192,14,0
2026-05-29 20:15:00,95.324,95.347,95.301,95.344,120,14,0
2026-05-29 20:30:00,95.347,95.382,95.33,95.363,150,14,0
2026-05-29 20:45:00,95.366,95.382,95.339,95.363,508,14,0
2026-05-31 21:15:00,95.124,95.255,95.084,95.245,44,107,0
2026-05-31 21:30:00,95.252,95.341,95.226,95.325,143,84,0
2026-05-31 21:45:00,95.321,95.367,95.143,95.242,142,70,0
2026-05-31 22:00:00,95.26,95.36,95.233,95.329,229,49,0
2026-05-31 22:15:00,95.329,95.341,95.314,95.328,129,43,0
2026-05-31 22:30:00,95.328,95.337,95.295,95.308,117,38,0
2026-05-31 22:45:00,95.307,95.321,95.269,95.28,71,36,0
2026-05-31 23:00:00,95.291,95.307,95.265,95.307,122,14,0
2026-05-31 23:15:00,95.308,95.308,95.289,95.305,58,14,0
2026-05-31 23:30:00,95.308,95.332,95.301,95.31,103,14,0
2026-05-31 23:45:00,95.311,95.324,95.286,95.306,228,14,0
2026-06-01 00:00:00,95.303,95.341,95.285,95.329,312,14,0
2026-06-01 00:15:00,95.33,95.335,95.242,95.269,312,14,0
2026-06-01 00:30:00,95.268,95.28,95.254,95.266,219,14,0
2026-06-01 00:45:00,95.267,95.342,95.267,95.318,295,14,0
2026-06-01 01:00:00,95.32,95.33,95.27,95.287,287,14,0
2026-06-01 01:15:00,95.289,95.327,95.278,95.289,180,14,0
2026-06-01 01:30:00,95.291,95.304,95.261,95.266,182,14,0
2026-06-01 01:45:00,95.267,95.294,95.245,95.274,148,14,0
2026-06-01 02:00:00,95.276,95.298,95.252,95.252,137,14,0
2026-06-01 02:15:00,95.25,95.263,95.227,95.228,116,14,0
2026-06-01 02:30:00,95.225,95.225,95.182,95.187,183,14,0
2026-06-01 02:45:00,95.188,95.207,95.149,95.204,203,14,0
2026-06-01 03:00:00,95.206,95.213,95.163,95.165,178,14,0
2026-06-01 03:15:00,95.167,95.231,95.119,95.23,255,14,0
2026-06-01 03:30:00,95.231,95.239,95.136,95.14,167,14,0
2026-06-01 03:45:00,95.138,95.172,95.138,95.154,87,14,0
2026-06-01 04:00:00,95.155,95.196,95.151,95.193,115,14,0
2026-06-01 04:15:00,95.194,95.203,95.174,95.203,72,14,0
2026-06-01 04:30:00,95.202,95.219,95.184,95.211,85,14,0
2026-06-01 04:45:00,95.209,95.209,95.153,95.183,116,14,0
2026-06-01 05:00:00,95.184,95.232,95.169,95.203,204,14,0
2026-06-01 05:15:00,95.202,95.236,95.201,95.207,106,14,0
2026-06-01 05:30:00,95.205,95.217,95.19,95.211,119,14,0
2026-06-01 05:45:00,95.208,95.232,95.182,95.184,169,14,0
2026-06-01 06:00:00,95.186,95.234,95.184,95.224,292,14,0
2026-06-01 06:15:00,95.225,95.242,95.192,95.206,231,14,0
2026-06-01 06:30:00,95.207,95.211,95.151,95.182,191,14,0
2026-06-01 06:45:00,95.18,95.226,95.174,95.205,262,14,0
2026-06-01 07:00:00,95.204,95.23,95.196,95.21,245,14,0
2026-06-01 07:15:00,95.212,95.216,95.171,95.213,196,14,0
2026-06-01 07:30:00,95.216,95.234,95.142,95.15,231,14,0
2026-06-01 07:45:00,95.151,95.181,95.131,95.163,186,14,0
2026-06-01 08:00:00,95.165,95.186,95.148,95.157,225,14,0
2026-06-01 08:15:00,95.154,95.158,95.132,95.14,170,14,0
2026-06-01 08:30:00,95.141,95.147,95.072,95.106,207,14,0
2026-06-01 08:45:00,95.107,95.125,95.079,95.125,167,14,0
2026-06-01 09:00:00,95.127,95.134,95.015,95.015,277,14,0
2026-06-01 09:15:00,95.014,95.038,94.964,94.977,230,14,0
2026-06-01 09:30:00,94.978,94.99,94.947,94.947,213,14,0
2026-06-01 09:45:00,94.946,94.951,94.892,94.901,222,14,0
2026-06-01 10:00:00,94.903,94.912,94.878,94.909,180,14,0
2026-06-01 10:15:00,94.907,94.938,94.89,94.935,174,14,0
2026-06-01 10:30:00,94.934,94.97,94.934,94.961,155,14,0
2026-06-01 10:45:00,94.963,94.969,94.947,94.967,115,14,0
2026-06-01 11:00:00,94.965,94.968,94.931,94.957,188,14,0
2026-06-01 11:15:00,94.959,94.986,94.957,94.983,109,14,0
2026-06-01 11:30:00,94.98,94.986,94.962,94.978,165,14,0
2026-06-01 11:45:00,94.976,94.984,94.954,94.971,125,14,0
2026-06-01 12:00:00,94.97,94.98,94.915,94.919,211,14,0
2026-06-01 12:15:00,94.921,94.971,94.921,94.967,196,14,0
2026-06-01 12:30:00,94.965,94.967,94.918,94.94,244,14,0
2026-06-01 12:45:00,94.941,94.969,94.933,94.965,271,14,0
2026-06-01 13:00:00,94.967,94.976,94.719,94.779,1035,14,0
2026-06-01 13:15:00,94.776,94.868,94.696,94.714,969,14,0
2026-06-01 13:30:00,94.716,94.737,94.622,94.622,910,14,0
2026-06-01 13:45:00,94.619,94.639,94.468,94.484,741,14,0
2026-06-01 14:00:00,94.487,94.529,94.41,94.505,796,14,0
2026-06-01 14:15:00,94.503,94.549,94.424,94.538,675,14,0
2026-06-01 14:30:00,94.54,94.564,94.503,94.546,491,14,0
2026-06-01 14:45:00,94.544,94.545,94.458,94.5,387,14,0
2026-06-01 15:00:00,94.498,94.542,94.479,94.528,506,14,0
2026-06-01 15:15:00,94.53,94.596,94.522,94.593,356,14,0
2026-06-01 15:30:00,94.592,94.727,94.592,94.674,765,14,0
2026-06-01 15:45:00,94.67,94.673,94.628,94.664,256,14,0
2026-06-01 16:00:00,94.666,94.707,94.621,94.631,308,14,0
2026-06-01 16:15:00,94.629,94.642,94.602,94.64,225,14,0
2026-06-01 16:30:00,94.643,94.661,94.631,94.645,319,14,0
2026-06-01 16:45:00,94.647,94.757,94.647,94.751,357,14,0
2026-06-01 17:00:00,94.749,94.75,94.706,94.715,268,14,0
2026-06-01 17:15:00,94.716,94.797,94.716,94.791,227,14,0
2026-06-01 17:30:00,94.793,94.866,94.777,94.86,594,14,0
2026-06-01 17:45:00,94.861,94.871,94.839,94.848,249,14,0
2026-06-01 18:00:00,94.846,94.848,94.806,94.814,125,14,0
2026-06-01 18:15:00,94.815,94.815,94.792,94.794,116,14,0
2026-06-01 18:30:00,94.796,94.814,94.781,94.814,94,14,0
2026-06-01 18:45:00,94.816,94.84,94.798,94.836,238,14,0
2026-06-01 19:00:00,94.83,94.83,94.788,94.789,184,14,0
2026-06-01 19:15:00,94.79,94.803,94.783,94.786,100,14,0
2026-06-01 19:30:00,94.785,94.798,94.78,94.79,98,14,0
2026-06-01 19:45:00,94.789,94.796,94.763,94.775,155,14,0
2026-06-01 20:00:00,94.773,94.797,94.751,94.753,129,14,0
2026-06-01 20:15:00,94.752,94.752,94.708,94.717,84,14,0
2026-06-01 20:30:00,94.715,94.742,94.711,94.738,60,14,0
2026-06-01 20:45:00,94.736,94.74,94.704,94.723,109,14,0
2026-06-01 21:00:00,94.697,94.698,94.603,94.674,21,88,0
2026-06-01 21:15:00,94.642,94.731,94.568,94.675,173,96,0
2026-06-01 21:30:00,94.662,94.707,94.631,94.693,303,72,0
2026-06-01 21:45:00,94.692,94.732,94.638,94.732,399,55,0
2026-06-01 22:00:00,94.757,94.805,94.695,94.718,126,43,0
2026-06-01 22:15:00,94.715,94.724,94.703,94.714,38,43,0
2026-06-01 22:30:00,94.716,94.731,94.711,94.724,44,43,0
2026-06-01 22:45:00,94.722,94.722,94.699,94.712,31,43,0
2026-06-01 23:00:00,94.729,94.746,94.727,94.741,95,14,0
2026-06-01 23:15:00,94.742,94.742,94.728,94.735,31,14,0
2026-06-01 23:30:00,94.737,94.756,94.725,94.754,91,14,0
2026-06-01 23:45:00,94.753,94.754,94.719,94.746,91,14,0
2026-06-02 00:00:00,94.748,94.75,94.679,94.709,303,14,0
2026-06-02 00:15:00,94.708,94.727,94.654,94.671,208,14,0
2026-06-02 00:30:00,94.67,94.7,94.615,94.615,223,14,0
2026-06-02 00:45:00,94.617,94.632,94.493,94.518,392,14,0
2026-06-02 01:00:00,94.516,94.549,94.498,94.537,353,14,0
2026-06-02 01:15:00,94.535,94.581,94.529,94.566,291,14,0
2026-06-02 01:30:00,94.569,94.625,94.569,94.603,284,14,0
2026-06-02 01:45:00,94.6,94.614,94.526,94.591,287,14,0
2026-06-02 02:00:00,94.593,94.626,94.591,94.616,277,14,0
2026-06-02 02:15:00,94.617,94.691,94.617,94.684,191,14,0
2026-06-02 02:30:00,94.683,94.693,94.672,94.683,142,14,0
2026-06-02 02:45:00,94.682,94.698,94.666,94.691,130,14,0
2026-06-02 03:00:00,94.692,94.715,94.664,94.692,164,14,0
2026-06-02 03:15:00,94.694,94.714,94.685,94.698,177,14,0
2026-06-02 03:30:00,94.696,94.727,94.685,94.725,143,14,0
2026-06-02 03:45:00,94.727,94.771,94.725,94.766,139,14,0
2026-06-02 04:00:00,94.765,94.781,94.747,94.753,144,14,0
2026-06-02 04:15:00,94.754,94.771,94.751,94.752,111,14,0
2026-06-02 04:30:00,94.75,94.76,94.734,94.741,108,14,0
2026-06-02 04:45:00,94.74,94.772,94.732,94.768,109,14,0
2026-06-02 05:00:00,94.77,94.78,94.756,94.767,129,14,0
2026-06-02 05:15:00,94.766,94.819,94.764,94.816,138,14,0
2026-06-02 05:30:00,94.819,94.837,94.805,94.808,169,14,0
2026-06-02 05:45:00,94.809,94.81,94.781,94.783,127,14,0
2026-06-02 06:00:00,94.786,94.85,94.764,94.836,244,14,0
2026-06-02 06:15:00,94.838,94.854,94.82,94.841,259,14,0
2026-06-02 06:30:00,94.84,94.954,94.84,94.911,322,14,0
2026-06-02 06:45:00,94.909,94.934,94.856,94.888,282,14,0
2026-06-02 07:00:00,94.89,94.892,94.842,94.85,277,14,0
2026-06-02 07:15:00,94.852,94.872,94.816,94.83,214,14,0
2026-06-02 07:30:00,94.828,94.836,94.79,94.82,215,14,0
2026-06-02 07:45:00,94.819,94.819,94.773,94.774,224,14,0
2026-06-02 08:00:00,94.776,94.804,94.757,94.767,303,14,0
2026-06-02 08:15:00,94.766,94.775,94.747,94.761,202,14,0
2026-06-02 08:30:00,94.763,94.802,94.741,94.745,189,14,0
2026-06-02 08:45:00,94.742,94.742,94.696,94.709,136,14,0
2026-06-02 09:00:00,94.71,94.713,94.654,94.655,163,14,0
2026-06-02 09:15:00,94.653,94.658,94.61,94.62,208,14,0
2026-06-02 09:30:00,94.619,94.64,94.599,94.64,192,14,0
2026-06-02 09:45:00,94.642,94.704,94.635,94.704,172,14,0
2026-06-02 10:00:00,94.703,94.737,94.691,94.723,171,14,0
2026-06-02 10:15:00,94.722,94.723,94.681,94.698,122,14,0
2026-06-02 10:30:00,94.7,94.706,94.682,94.699,106,14,0
2026-06-02 10:45:00,94.701,94.716,94.697,94.704,132,14,0
2026-06-02 11:00:00,94.706,94.726,94.693,94.693,165,14,0
2026-06-02 11:15:00,94.695,94.72,94.685,94.718,142,14,0
2026-06-02 11:30:00,94.719,94.769,94.713,94.765,154,14,0
2026-06-02 11:45:00,94.766,94.806,94.754,94.793,152,14,0
2026-06-02 12:00:00,94.796,94.86,94.795,94.819,237,14,0
2026-06-02 12:15:00,94.817,94.82,94.78,94.816,201,14,0
2026-06-02 12:30:00,94.819,94.819,94.763,94.771,270,14,0
2026-06-02 12:45:00,94.769,94.771,94.721,94.725,194,14,0
2026-06-02 13:00:00,94.727,94.78,94.678,94.689,422,14,0
2026-06-02 13:15:00,94.688,94.707,94.623,94.659,310,14,0
2026-06-02 13:30:00,94.661,94.726,94.654,94.704,416,14,0
2026-06-02 13:45:00,94.702,94.719,94.676,94.706,319,14,0
2026-06-02 14:00:00,94.714,94.755,94.653,94.741,445,14,0
2026-06-02 14:15:00,94.742,94.762,94.696,94.718,357,14,0
2026-06-02 14:30:00,94.72,94.779,94.707,94.77,335,14,0
2026-06-02 14:45:00,94.768,94.798,94.755,94.783,330,14,0
2026-06-02 15:00:00,94.781,94.8,94.747,94.791,270,14,0
2026-06-02 15:15:00,94.789,94.849,94.786,94.814,239,14,0
2026-06-02 15:30:00,94.813,94.846,94.797,94.834,243,14,0
2026-06-02 15:45:00,94.835,94.855,94.827,94.829,184,14,0
2026-06-02 16:00:00,94.827,94.865,94.817,94.844,230,14,0
2026-06-02 16:15:00,94.845,94.85,94.788,94.793,165,14,0
2026-06-02 16:30:00,94.792,94.794,94.743,94.752,155,14,0
2026-06-02 16:45:00,94.749,94.765,94.729,94.741,146,14,0
2026-06-02 17:00:00,94.739,94.758,94.715,94.719,154,14,0
2026-06-02 17:15:00,94.72,94.739,94.703,94.718,145,14,0
2026-06-02 17:30:00,94.719,94.731,94.702,94.713,115,14,0
2026-06-02 17:45:00,94.711,94.711,94.687,94.701,93,14,0
2026-06-02 18:00:00,94.702,94.72,94.701,94.706,101,14,0
2026-06-02 18:15:00,94.708,94.721,94.682,94.714,124,14,0
2026-06-02 18:30:00,94.717,94.734,94.713,94.715,120,14,0
2026-06-02 18:45:00,94.716,94.749,94.716,94.74,102,14,0
2026-06-02 19:00:00,94.738,94.75,94.731,94.731,83,14,0
2026-06-02 19:15:00,94.732,94.747,94.732,94.741,56,14,0
2026-06-02 19:30:00,94.743,94.744,94.73,94.732,45,14,0
2026-06-02 19:45:00,94.735,94.78,94.735,94.763,105,14,0
2026-06-02 20:00:00,94.764,94.777,94.752,94.752,60,14,0
2026-06-02 20:15:00,94.754,94.754,94.722,94.724,44,14,0
2026-06-02 20:30:00,94.726,94.737,94.719,94.731,63,14,0
2026-06-02 20:45:00,94.729,94.761,94.699,94.736,143,14,0
2026-06-02 21:00:00,94.713,94.756,94.661,94.729,88,79,0
2026-06-02 21:15:00,94.734,94.761,94.655,94.689,159,69,0
2026-06-02 21:30:00,94.692,94.785,94.687,94.732,272,43,0
2026-06-02 21:45:00,94.738,94.752,94.634,94.732,179,36,0
2026-06-02 22:00:00,94.741,94.758,94.725,94.731,105,43,0
2026-06-02 22:15:00,94.734,94.781,94.731,94.775,56,43,0
2026-06-02 22:30:00,94.778,94.796,94.757,94.794,56,43,0
2026-06-02 22:45:00,94.792,94.815,94.785,94.795,87,43,0
2026-06-02 23:00:00,94.808,94.821,94.762,94.762,131,14,0
2026-06-02 23:15:00,94.764,94.78,94.706,94.735,205,14,0
2026-06-02 23:30:00,94.738,94.746,94.719,94.744,172,14,0
2026-06-02 23:45:00,94.742,94.742,94.706,94.722,143,14,0
2026-06-03 00:00:00,94.723,94.775,94.718,94.747,237,14,0
2026-06-03 00:15:00,94.744,94.793,94.734,94.789,181,14,0
2026-06-03 00:30:00,94.787,94.809,94.773,94.804,131,14,0
2026-06-03 00:45:00,94.806,94.858,94.805,94.852,150,14,0
2026-06-03 01:00:00,94.85,94.85,94.786,94.831,209,14,0
2026-06-03 01:15:00,94.829,94.84,94.795,94.796,183,14,0
2026-06-03 01:30:00,94.797,94.878,94.777,94.806,293,14,0
2026-06-03 01:45:00,94.808,94.843,94.808,94.843,173,14,0
2026-06-03 02:00:00,94.842,94.864,94.828,94.858,130,14,0
2026-06-03 02:15:00,94.859,94.872,94.839,94.848,101,14,0
2026-06-03 02:30:00,94.85,94.85,94.801,94.803,137,14,0
2026-06-03 02:45:00,94.802,94.802,94.744,94.778,186,14,0
2026-06-03 03:00:00,94.775,94.787,94.73,94.731,139,14,0
2026-06-03 03:15:00,94.729,94.762,94.726,94.737,136,14,0
2026-06-03 03:30:00,94.735,94.738,94.691,94.7,122,14,0
2026-06-03 03:45:00,94.698,94.698,94.664,94.672,92,14,0
2026-06-03 04:00:00,94.67,94.675,94.647,94.653,90,14,0
2026-06-03 04:15:00,94.652,94.656,94.605,94.611,101,14,0
2026-06-03 04:30:00,94.612,94.633,94.558,94.568,125,14,0
2026-06-03 04:45:00,94.565,94.565,94.531,94.54,117,14,0
2026-06-03 05:00:00,94.542,94.563,94.505,94.541,137,14,0
2026-06-03 05:15:00,94.542,94.556,94.481,94.493,164,14,0
2026-06-03 05:30:00,94.491,94.506,94.457,94.49,174,14,0
2026-06-03 05:45:00,94.489,94.518,94.46,94.468,165,14,0
2026-06-03 06:00:00,94.466,94.479,94.391,94.424,351,14,0
2026-06-03 06:15:00,94.426,94.433,94.338,94.363,300,14,0
2026-06-03 06:30:00,94.361,94.39,94.343,94.353,385,14,0
2026-06-03 06:45:00,94.352,94.413,94.339,94.408,240,14,0
2026-06-03 07:00:00,94.409,94.469,94.395,94.455,355,14,0
2026-06-03 07:15:00,94.453,94.484,94.414,94.414,223,14,0
2026-06-03 07:30:00,94.416,94.426,94.258,94.326,1247,14,0
2026-06-03 07:45:00,94.324,94.343,94.264,94.281,487,14,0
2026-06-03 08:00:00,94.284,94.284,94.202,94.237,388,14,0
2026-06-03 08:15:00,94.24,94.249,94.174,94.185,299,14,0
2026-06-03 08:30:00,94.183,94.25,94.023,94.193,1321,14,0
2026-06-03 08:45:00,94.194,94.198,94.146,94.162,295,14,0
2026-06-03 09:00:00,94.165,94.276,94.163,94.269,285,14,0
2026-06-03 09:15:00,94.267,94.274,94.245,94.265,217,14,0
2026-06-03 09:30:00,94.266,94.277,94.256,94.264,175,14,0
2026-06-03 09:45:00,94.261,94.265,94.174,94.176,207,14,0
2026-06-03 10:00:00,94.173,94.291,94.169,94.236,605,14,0
2026-06-03 10:15:00,94.237,94.248,94.195,94.237,248,14,0
2026-06-03 10:30:00,94.239,94.296,94.239,94.243,168,14,0
2026-06-03 10:45:00,94.244,94.249,94.217,94.224,156,14,0
2026-06-03 11:00:00,94.227,94.262,94.223,94.242,168,14,0
2026-06-03 11:15:00,94.243,94.258,94.24,94.257,117,14,0
2026-06-03 11:30:00,94.258,94.295,94.254,94.284,169,14,0
2026-06-03 11:45:00,94.283,94.329,94.283,94.312,165,14,0
2026-06-03 12:00:00,94.313,94.32,94.244,94.244,252,14,0
2026-06-03 12:15:00,94.247,94.253,94.184,94.184,247,14,0
2026-06-03 12:30:00,94.185,94.205,94.1,94.159,390,14,0
2026-06-03 12:45:00,94.157,94.158,94.054,94.086,358,14,0
2026-06-03 13:00:00,94.084,94.144,94.073,94.114,322,14,0
2026-06-03 13:15:00,94.112,94.116,94.035,94.066,334,14,0
2026-06-03 13:30:00,94.068,94.068,93.978,93.978,403,14,0
2026-06-03 13:45:00,93.976,94.003,93.925,93.977,499,14,0
2026-06-03 14:00:00,93.971,94.042,93.964,94.007,497,14,0
2026-06-03 14:15:00,94.008,94.039,93.984,94.039,460,14,0
2026-06-03 14:30:00,94.042,94.045,93.993,93.994,341,14,0
2026-06-03 14:45:00,93.991,94.036,93.959,94.005,434,14,0
2026-06-03 15:00:00,94.003,94.011,93.91,93.93,386,14,0
2026-06-03 15:15:00,93.929,93.982,93.905,93.943,357,14,0
2026-06-03 15:30:00,93.941,93.942,93.896,93.911,317,14,0
2026-06-03 15:45:00,93.913,93.921,93.858,93.891,272,14,0
2026-06-03 16:00:00,93.889,93.892,93.859,93.877,308,14,0
2026-06-03 16:15:00,93.875,93.875,93.824,93.834,211,14,0
2026-06-03 16:30:00,93.836,93.849,93.787,93.793,200,14,0
2026-06-03 16:45:00,93.795,93.831,93.782,93.831,230,14,0
2026-06-03 17:00:00,93.834,93.86,93.81,93.842,199,14,0
2026-06-03 17:15:00,93.839,93.843,93.803,93.806,128,14,0
2026-06-03 17:30:00,93.804,93.84,93.791,93.83,110,14,0
2026-06-03 17:45:00,93.832,93.851,93.818,93.848,116,14,0
2026-06-03 18:00:00,93.847,93.851,93.797,93.803,113,14,0
2026-06-03 18:15:00,93.805,93.834,93.802,93.824,128,14,0
2026-06-03 18:30:00,93.826,93.826,93.803,93.817,103,14,0
2026-06-03 18:45:00,93.819,93.831,93.756,93.762,88,14,0
2026-06-03 19:00:00,93.759,93.832,93.731,93.796,147,14,0
2026-06-03 19:15:00,93.798,93.835,93.79,93.809,115,14,0
2026-06-03 19:30:00,93.811,93.851,93.81,93.837,82,14,0
2026-06-03 19:45:00,93.839,93.873,93.839,93.857,108,14,0
2026-06-03 20:00:00,93.855,93.861,93.831,93.854,103,14,0
2026-06-03 20:15:00,93.851,93.851,93.785,93.786,128,14,0
2026-06-03 20:30:00,93.785,93.801,93.771,93.786,69,14,0
2026-06-03 20:45:00,93.785,93.785,93.65,93.677,140,14,0
2026-06-03 21:00:00,93.68,93.74,93.68,93.739,33,140,0
2026-06-03 21:15:00,93.741,93.823,93.719,93.771,158,43,0
2026-06-03 21:30:00,93.771,93.815,93.744,93.785,134,33,0
2026-06-03 21:45:00,93.785,93.816,93.732,93.776,257,30,0
2026-06-03 22:00:00,93.823,93.842,93.757,93.839,124,43,0
2026-06-03 22:15:00,93.834,93.857,93.809,93.809,87,43,0
2026-06-03 22:30:00,93.81,93.838,93.806,93.824,83,43,0
2026-06-03 22:45:00,93.823,93.904,93.802,93.888,169,43,0
2026-06-03 23:00:00,93.901,93.914,93.822,93.835,236,14,0
2026-06-03 23:15:00,93.837,93.853,93.82,93.834,115,14,0
2026-06-03 23:30:00,93.836,93.857,93.822,93.843,149,14,0
2026-06-03 23:45:00,93.845,93.896,93.839,93.89,208,14,0
2026-06-04 00:00:00,93.888,93.912,93.868,93.905,450,14,0
2026-06-04 00:15:00,93.902,93.945,93.883,93.921,315,14,0
2026-06-04 00:30:00,93.924,93.924,93.876,93.882,259,14,0
2026-06-04 00:45:00,93.885,93.89,93.862,93.866,234,14,0
2026-06-04 01:00:00,93.864,93.868,93.811,93.857,305,14,0
2026-06-04 01:15:00,93.856,93.88,93.836,93.871,248,14,0
2026-06-04 01:30:00,93.873,93.952,93.873,93.888,305,14,0
2026-06-04 01:45:00,93.887,93.895,93.841,93.867,238,14,0
2026-06-04 02:00:00,93.869,93.872,93.826,93.828,233,14,0
2026-06-04 02:15:00,93.83,93.84,93.803,93.825,203,14,0
2026-06-04 02:30:00,93.827,93.88,93.812,93.869,174,14,0
2026-06-04 02:45:00,93.868,93.888,93.857,93.859,137,14,0
2026-06-04 03:00:00,93.858,93.858,93.824,93.837,155,14,0
2026-06-04 03:15:00,93.838,93.845,93.82,93.844,129,14,0
2026-06-04 03:30:00,93.845,93.871,93.845,93.853,111,14,0
2026-06-04 03:45:00,93.852,93.901,93.838,93.899,127,14,0
2026-06-04 04:00:00,93.9,93.908,93.884,93.897,128,14,0
2026-06-04 04:15:00,93.898,93.923,93.896,93.912,100,14,0
2026-06-04 04:30:00,93.911,93.931,93.761,93.888,757,14,0
2026-06-04 04:45:00,93.891,93.9,93.869,93.884,134,14,0
2026-06-04 05:00:00,93.885,93.903,93.868,93.887,171,14,0
2026-06-04 05:15:00,93.885,93.892,93.855,93.858,122,14,0
2026-06-04 05:30:00,93.861,93.886,93.84,93.874,192,14,0
2026-06-04 05:45:00,93.875,93.88,93.849,93.865,141,14,0
2026-06-04 06:00:00,93.864,93.899,93.853,93.868,268,14,0
2026-06-04 06:15:00,93.867,93.894,93.854,93.868,225,14,0
2026-06-04 06:30:00,93.866,93.921,93.854,93.885,329,14,0
2026-06-04 06:45:00,93.883,93.883,93.838,93.863,218,14,0
2026-06-04 07:00:00,93.866,93.872,93.828,93.858,289,14,0
2026-06-04 07:15:00,93.857,93.867,93.806,93.826,261,14,0
2026-06-04 07:30:00,93.824,93.828,93.749,93.758,279,14,0
2026-06-04 07:45:00,93.76,93.796,93.733,93.792,233,14,0
2026-06-04 08:00:00,93.794,93.818,93.785,93.787,275,14,0
2026-06-04 08:15:00,93.789,93.808,93.771,93.783,226,14,0
2026-06-04 08:30:00,93.785,93.811,93.75,93.765,277,14,0
2026-06-04 08:45:00,93.762,93.782,93.746,93.778,172,14,0
2026-06-04 09:00:00,93.78,93.817,93.771,93.798,268,14,0
2026-06-04 09:15:00,93.797,93.867,93.794,93.857,217,14,0
2026-06-04 09:30:00,93.858,93.9,93.855,93.894,230,14,0
2026-06-04 09:45:00,93.892,93.922,93.883,93.887,220,14,0
2026-06-04 10:00:00,93.885,93.924,93.871,93.901,237,14,0
2026-06-04 10:15:00,93.9,93.933,93.894,93.933,168,14,0
2026-06-04 10:30:00,93.935,93.962,93.933,93.935,183,14,0
2026-06-04 10:45:00,93.937,93.955,93.912,93.931,185,14,0
2026-06-04 11:00:00,93.928,93.975,93.925,93.958,217,14,0
2026-06-04 11:15:00,93.955,94.042,93.955,94.017,310,14,0
2026-06-04 11:30:00,94.019,94.029,93.967,94.027,263,14,0
2026-06-04 11:45:00,94.026,94.042,94.003,94.017,256,14,0
2026-06-04 12:00:00,94.019,94.041,93.968,93.994,407,14,0
2026-06-04 12:15:00,93.995,94.022,93.986,93.986,251,14,0
2026-06-04 12:30:00,93.985,94.019,93.982,94.006,330,14,0
2026-06-04 12:45:00,94.005,94.035,93.99,93.998,263,14,0
2026-06-04 13:00:00,93.996,94.016,93.984,93.994,251,14,0
2026-06-04 13:15:00,93.992,94.018,93.992,94.015,205,14,0
2026-06-04 13:30:00,94.017,94.085,94.003,94.085,374,14,0
2026-06-04 13:45:00,94.088,94.124,94.078,94.112,354,14,0
2026-06-04 14:00:00,94.113,94.123,94.073,94.104,336,14,0
2026-06-04 14:15:00,94.103,94.116,94.073,94.081,230,14,0
2026-06-04 14:30:00,94.079,94.079,94.012,94.038,317,14,0
2026-06-04 14:45:00,94.037,94.103,94.033,94.08,319,14,0
2026-06-04 15:00:00,94.079,94.103,94.051,94.073,317,14,0
2026-06-04 15:15:00,94.074,94.08,94.032,94.034,174,14,0
2026-06-04 15:30:00,94.032,94.04,93.989,93.998,208,14,0
2026-06-04 15:45:00,93.996,94.042,93.988,94.027,213,14,0
2026-06-04 16:00:00,94.03,94.047,94.021,94.026,160,14,0
2026-06-04 16:15:00,94.028,94.044,94.023,94.031,122,14,0
2026-06-04 16:30:00,94.033,94.04,94.013,94.022,157,14,0
2026-06-04 16:45:00,94.023,94.024,93.992,93.995,127,14,0
2026-06-04 17:00:00,93.997,94.001,93.98,93.988,91,14,0
2026-06-04 17:15:00,93.986,94.003,93.985,93.989,96,14,0
2026-06-04 17:30:00,93.991,94.008,93.982,93.995,89,14,0
2026-06-04 17:45:00,93.996,93.996,93.972,93.986,86,14,0
2026-06-04 18:00:00,93.984,93.992,93.952,93.959,99,14,0
2026-06-04 18:15:00,93.957,93.962,93.933,93.933,102,14,0
2026-06-04 18:30:00,93.935,93.959,93.93,93.944,129,14,0
2026-06-04 18:45:00,93.947,93.959,93.919,93.929,106,14,0
2026-06-04 19:00:00,93.925,93.939,93.896,93.897,87,14,0
2026-06-04 19:15:00,93.9,93.907,93.895,93.898,65,14,0
2026-06-04 19:30:00,93.895,93.902,93.89,93.893,41,14,0
2026-06-04 19:45:00,93.891,93.908,93.883,93.906,105,14,0
2026-06-04 20:00:00,93.907,93.907,93.875,93.887,88,14,0
2026-06-04 20:15:00,93.889,93.894,93.88,93.881,55,14,0
2026-06-04 20:30:00,93.878,93.878,93.866,93.877,44,14,0
2026-06-04 20:45:00,93.878,93.883,93.862,93.871,88,14,0
2026-06-04 21:00:00,93.844,93.901,93.82,93.901,64,68,0
2026-06-04 21:15:00,93.9,93.916,93.769,93.781,163,53,0
2026-06-04 21:30:00,93.786,93.889,93.783,93.886,246,40,0
2026-06-04 21:45:00,93.89,93.906,93.77,93.84,184,33,0
2026-06-04 22:00:00,93.842,93.872,93.822,93.871,50,43,0
2026-06-04 22:15:00,93.876,93.879,93.852,93.855,31,43,0
2026-06-04 22:30:00,93.853,93.884,93.853,93.87,60,43,0
2026-06-04 22:45:00,93.872,93.898,93.865,93.893,64,43,0
2026-06-04 23:00:00,93.907,93.959,93.907,93.948,92,14,0
2026-06-04 23:15:00,93.945,93.962,93.941,93.948,84,14,0
2026-06-04 23:30:00,93.947,93.95,93.911,93.911,77,14,0
2026-06-04 23:45:00,93.909,93.919,93.89,93.899,147,14,0
2026-06-05 00:00:00,93.898,93.905,93.839,93.843,273,14,0
2026-06-05 00:15:00,93.844,93.863,93.835,93.842,246,14,0
2026-06-05 00:30:00,93.839,93.879,93.839,93.853,198,14,0
2026-06-05 00:45:00,93.851,93.853,93.825,93.825,245,14,0
2026-06-05 01:00:00,93.826,93.833,93.674,93.685,432,14,0
2026-06-05 01:15:00,93.687,93.699,93.583,93.641,426,14,0
2026-06-05 01:30:00,93.642,93.678,93.614,93.659,334,14,0
2026-06-05 01:45:00,93.66,93.73,93.634,93.702,251,14,0
2026-06-05 02:00:00,93.704,93.717,93.67,93.706,256,14,0
2026-06-05 02:15:00,93.707,93.786,93.69,93.779,217,14,0
2026-06-05 02:30:00,93.776,93.792,93.75,93.758,246,14,0
2026-06-05 02:45:00,93.759,93.811,93.751,93.795,243,14,0
2026-06-05 03:00:00,93.797,93.82,93.754,93.801,251,14,0
2026-06-05 03:15:00,93.8,93.824,93.79,93.791,177,14,0
2026-06-05 03:30:00,93.793,93.807,93.738,93.739,182,14,0
2026-06-05 03:45:00,93.741,93.769,93.737,93.746,205,14,0
2026-06-05 04:00:00,93.744,93.793,93.742,93.774,185,14,0
2026-06-05 04:15:00,93.773,93.809,93.765,93.792,147,14,0
2026-06-05 04:30:00,93.795,93.833,93.793,93.828,147,14,0
2026-06-05 04:45:00,93.831,93.879,93.813,93.854,147,14,0
2026-06-05 05:00:00,93.856,93.868,93.844,93.856,172,14,0
2026-06-05 05:15:00,93.857,93.857,93.824,93.827,148,14,0
2026-06-05 05:30:00,93.828,93.863,93.825,93.833,184,14,0
2026-06-05 05:45:00,93.834,93.834,93.784,93.796,168,14,0
2026-06-05 06:00:00,93.799,93.816,93.779,93.779,247,14,0
2026-06-05 06:15:00,93.776,93.792,93.73,93.79,215,14,0
2026-06-05 06:30:00,93.793,93.849,93.792,93.849,198,14,0
2026-06-05 06:45:00,93.851,93.855,93.82,93.838,226,14,0
2026-06-05 07:00:00,93.839,93.868,93.832,93.858,244,14,0
2026-06-05 07:15:00,93.861,93.875,93.835,93.86,216,14,0
2026-06-05 07:30:00,93.859,93.944,93.855,93.914,257,14,0
2026-06-05 07:45:00,93.912,93.945,93.911,93.916,169,14,0
2026-06-05 08:00:00,93.914,93.951,93.913,93.94,252,14,0
2026-06-05 08:15:00,93.939,93.985,93.936,93.985,220,14,0
2026-06-05 08:30:00,93.983,93.994,93.976,93.979,173,14,0
2026-06-05 08:45:00,93.982,93.989,93.906,93.909,178,14,0
2026-06-05 09:00:00,93.907,94.002,93.886,93.985,354,14,0
2026-06-05 09:15:00,93.987,93.992,93.944,93.968,281,14,0
2026-06-05 09:30:00,93.969,94.013,93.967,93.996,187,14,0
2026-06-05 09:45:00,93.999,94.047,93.999,94.033,158,14,0
2026-06-05 10:00:00,94.034,94.056,94.027,94.042,131,14,0
2026-06-05 10:15:00,94.041,94.097,94.035,94.083,156,14,0
2026-06-05 10:30:00,94.085,94.099,94.049,94.056,144,14,0
2026-06-05 10:45:00,94.058,94.066,94.042,94.05,147,14,0
2026-06-05 11:00:00,94.048,94.051,93.985,93.985,158,14,0
2026-06-05 11:15:00,93.986,94.032,93.985,94.031,230,14,0
2026-06-05 11:30:00,94.03,94.05,93.97,93.973,206,14,0
2026-06-05 11:45:00,93.971,93.986,93.945,93.969,180,14,0
2026-06-05 12:00:00,93.971,93.981,93.927,93.931,222,14,0
2026-06-05 12:15:00,93.932,93.944,93.892,93.942,210,14,0
2026-06-05 12:30:00,93.945,93.949,93.723,93.745,1228,14,0
2026-06-05 12:45:00,93.743,93.764,93.61,93.611,746,14,0
2026-06-05 13:00:00,93.612,93.633,93.415,93.568,2319,14,0
2026-06-05 13:15:00,93.566,93.586,93.534,93.541,511,14,0
2026-06-05 13:30:00,93.54,93.548,93.408,93.421,604,14,0
2026-06-05 13:45:00,93.422,93.439,93.357,93.363,819,14,0
2026-06-05 14:00:00,93.36,93.375,93.202,93.222,723,14,0
2026-06-05 14:15:00,93.224,93.24,93.145,93.158,486,14,0
2026-06-05 14:30:00,93.16,93.274,93.16,93.254,494,14,0
2026-06-05 14:45:00,93.256,93.359,93.244,93.353,543,14,0
2026-06-05 15:00:00,93.356,93.364,93.236,93.236,447,14,0
2026-06-05 15:15:00,93.239,93.283,93.193,93.242,459,14,0
2026-06-05 15:30:00,93.24,93.256,93.165,93.195,389,14,0
2026-06-05 15:45:00,93.194,93.196,93.044,93.079,468,14,0
2026-06-05 16:00:00,93.08,93.082,92.993,93.029,453,14,0
2026-06-05 16:15:00,93.028,93.033,92.98,93.002,369,14,0
2026-06-05 16:30:00,93.0,93.016,92.986,93.012,262,14,0
2026-06-05 16:45:00,93.01,93.113,93.007,93.112,391,14,0
2026-06-05 17:00:00,93.11,93.115,93.016,93.039,369,14,0
2026-06-05 17:15:00,93.04,93.082,93.018,93.072,287,14,0
2026-06-05 17:30:00,93.07,93.095,93.017,93.024,306,14,0
2026-06-05 17:45:00,93.025,93.03,92.986,93.02,271,14,0
2026-06-05 18:00:00,93.023,93.023,92.937,92.938,257,14,0
2026-06-05 18:15:00,92.936,92.969,92.906,92.923,317,14,0
2026-06-05 18:30:00,92.922,92.927,92.845,92.87,302,14,0
2026-06-05 18:45:00,92.868,92.875,92.818,92.837,314,14,0
2026-06-05 19:00:00,92.832,92.832,92.781,92.798,246,14,0
2026-06-05 19:15:00,92.8,92.845,92.774,92.845,225,14,0
2026-06-05 19:30:00,92.844,92.844,92.815,92.831,203,14,0
2026-06-05 19:45:00,92.829,92.892,92.828,92.848,213,14,0
2026-06-05 20:00:00,92.847,92.848,92.764,92.773,228,14,0
2026-06-05 20:15:00,92.772,92.812,92.762,92.778,169,14,0
2026-06-05 20:30:00,92.779,92.798,92.756,92.798,201,14,0
2026-06-05 20:45:00,92.796,92.892,92.796,92.89,553,14,0
2026-06-07 21:15:00,92.634,92.683,92.612,92.644,79,79,0
2026-06-07 21:30:00,92.647,92.662,92.609,92.622,156,56,0
2026-06-07 21:45:00,92.623,92.683,92.623,92.678,104,47,0
2026-06-07 22:00:00,92.672,92.854,92.639,92.854,307,39,0
2026-06-07 22:15:00,92.854,92.884,92.812,92.812,208,36,0
2026-06-07 22:30:00,92.811,92.838,92.791,92.799,156,35,0
2026-06-07 22:45:00,92.788,92.803,92.722,92.752,146,35,0
2026-06-07 23:00:00,92.764,92.847,92.764,92.845,166,14,0
2026-06-07 23:15:00,92.848,92.85,92.79,92.8,145,14,0
2026-06-07 23:30:00,92.798,92.845,92.798,92.845,145,14,0
2026-06-07 23:45:00,92.843,92.922,92.832,92.918,173,14,0
2026-06-08 00:00:00,92.92,92.942,92.888,92.936,293,14,0
2026-06-08 00:15:00,92.935,92.998,92.913,92.969,220,14,0
2026-06-08 00:30:00,92.972,93.047,92.968,93.038,314,14,0
2026-06-08 00:45:00,93.039,93.098,93.015,93.089,404,14,0
2026-06-08 01:00:00,93.091,93.099,93.016,93.016,405,14,0
2026-06-08 01:15:00,93.018,93.02,92.874,92.892,713,14,0
2026-06-08 01:30:00,92.894,92.937,92.823,92.921,798,14,0
2026-06-08 01:45:00,92.922,92.976,92.922,92.971,396,14,0
2026-06-08 02:00:00,92.974,92.985,92.856,92.896,347,14,0
2026-06-08 02:15:00,92.895,92.941,92.869,92.922,297,14,0
2026-06-08 02:30:00,92.919,92.947,92.881,92.947,333,14,0
2026-06-08 02:45:00,92.948,93.061,92.948,93.03,352,14,0
2026-06-08 03:00:00,93.033,93.067,93.004,93.01,300,14,0
2026-06-08 03:15:00,93.011,93.053,92.99,93.023,237,14,0
2026-06-08 03:30:00,93.02,93.072,93.02,93.056,235,14,0
2026-06-08 03:45:00,93.058,93.069,93.038,93.052,156,14,0
2026-06-08 04:00:00,93.055,93.078,93.029,93.061,192,14,0
2026-06-08 04:15:00,93.062,93.096,93.044,93.096,189,14,0
2026-06-08 04:30:00,93.095,93.1,93.038,93.039,252,14,0
2026-06-08 04:45:00,93.041,93.055,93.015,93.026,229,14,0
2026-06-08 05:00:00,93.027,93.053,93.017,93.026,273,14,0
2026-06-08 05:15:00,93.024,93.099,93.012,93.049,322,14,0
2026-06-08 05:30:00,93.048,93.05,92.944,92.974,468,14,0
2026-06-08 05:45:00,92.972,92.998,92.865,92.885,428,14,0
2026-06-08 06:00:00,92.882,92.948,92.876,92.884,538,14,0
2026-06-08 06:15:00,92.885,93.025,92.884,93.01,461,14,0
2026-06-08 06:30:00,93.009,93.009,92.87,92.897,486,14,0
2026-06-08 06:45:00,92.894,92.954,92.893,92.912,333,14,0
2026-06-08 07:00:00,92.913,92.977,92.897,92.96,519,14,0
2026-06-08 07:15:00,92.959,93.07,92.946,93.028,416,14,0
2026-06-08 07:30:00,93.025,93.036,92.968,92.983,398,14,0
2026-06-08 07:45:00,92.984,93.003,92.949,92.949,324,14,0
2026-06-08 08:00:00,92.947,92.998,92.909,92.974,399,14,0
2026-06-08 08:15:00,92.972,92.987,92.953,92.985,300,14,0
2026-06-08 08:30:00,92.984,92.984,92.93,92.943,255,14,0
2026-06-08 08:45:00,92.945,92.956,92.712,92.846,789,14,0
2026-06-08 09:00:00,92.847,92.896,92.833,92.852,459,14,0
2026-06-08 09:15:00,92.851,92.883,92.796,92.796,308,14,0
2026-06-08 09:30:00,92.799,92.882,92.77,92.874,575,14,0
2026-06-08 09:45:00,92.873,92.968,92.865,92.96,347,14,0
2026-06-08 10:00:00,92.957,92.98,92.907,92.97,320,14,0
2026-06-08 10:15:00,92.971,92.971,92.921,92.966,212,14,0
2026-06-08 10:30:00,92.967,93.059,92.965,93.044,471,14,0
2026-06-08 10:45:00,93.046,93.06,93.02,93.045,265,14,0
2026-06-08 11:00:00,93.043,93.208,93.026,93.203,422,14,0
2026-06-08 11:15:00,93.205,93.332,93.178,93.271,662,14,0
2026-06-08 11:30:00,93.268,93.318,93.248,93.258,362,14,0
2026-06-08 11:45:00,93.257,93.272,93.2,93.206,270,14,0
2026-06-08 12:00:00,93.208,93.275,93.206,93.215,424,14,0
2026-06-08 12:15:00,93.211,93.245,93.193,93.223,364,14,0
2026-06-08 12:30:00,93.225,93.271,93.196,93.235,311,14,0
2026-06-08 12:45:00,93.233,93.242,93.176,93.237,319,14,0
2026-06-08 13:00:00,93.24,93.275,93.212,93.224,377,14,0
2026-06-08 13:15:00,93.221,93.287,93.208,93.252,363,14,0
2026-06-08 13:30:00,93.25,93.272,93.149,93.159,565,14,0
2026-06-08 13:45:00,93.161,93.172,93.072,93.072,487,14,0
2026-06-08 14:00:00,93.069,93.13,93.057,93.095,533,14,0
2026-06-08 14:15:00,93.097,93.106,93.037,93.054,545,14,0
2026-06-08 14:30:00,93.055,93.125,93.055,93.096,442,14,0
2026-06-08 14:45:00,93.098,93.182,93.067,93.166,452,14,0
2026-06-08 15:00:00,93.168,93.212,93.164,93.177,392,14,0
2026-06-08 15:15:00,93.18,93.207,93.128,93.131,468,14,0
2026-06-08 15:30:00,93.134,93.136,93.07,93.125,388,14,0
2026-06-08 15:45:00,93.126,93.143,93.096,93.122,280,14,0
2026-06-08 16:00:00,93.121,93.146,93.105,93.131,280,14,0
2026-06-08 16:15:00,93.128,93.143,93.107,93.107,239,14,0
2026-06-08 16:30:00,93.109,93.138,93.093,93.134,261,14,0
2026-06-08 16:45:00,93.135,93.16,93.115,93.116,215,14,0
2026-06-08 17:00:00,93.115,93.118,93.058,93.078,280,14,0
2026-06-08 17:15:00,93.079,93.123,93.072,93.12,260,14,0
2026-06-08 17:30:00,93.119,93.119,93.063,93.063,264,14,0
2026-06-08 17:45:00,93.065,93.112,93.065,93.104,184,14,0
2026-06-08 18:00:00,93.106,93.16,93.106,93.115,195,14,0
2026-06-08 18:15:00,93.117,93.143,93.114,93.143,146,14,0
2026-06-08 18:30:00,93.145,93.158,93.108,93.123,161,14,0
2026-06-08 18:45:00,93.124,93.13,93.087,93.101,142,14,0
2026-06-08 19:00:00,93.1,93.11,93.051,93.054,211,14,0
2026-06-08 19:15:00,93.056,93.081,93.05,93.069,144,14,0
2026-06-08 19:30:00,93.071,93.094,93.066,93.069,150,14,0
2026-06-08 19:45:00,93.067,93.086,93.057,93.058,231,14,0
2026-06-08 20:00:00,93.061,93.069,93.045,93.06,104,14,0
2026-06-08 20:15:00,93.061,93.075,93.052,93.073,98,14,0
2026-06-08 20:30:00,93.074,93.076,93.021,93.035,75,14,0
2026-06-08 20:45:00,93.037,93.04,93.025,93.034,103,14,0
2026-06-08 21:00:00,93.012,93.031,93.002,93.012,39,59,0
2026-06-08 21:15:00,93.01,93.046,92.992,93.024,82,59,0
2026-06-08 21:30:00,93.031,93.057,93.031,93.055,54,41,0
2026-06-08 21:45:00,93.056,93.084,93.054,93.072,75,37,0
2026-06-08 22:00:00,93.066,93.074,92.997,93.021,76,43,0
2026-06-08 22:15:00,93.016,93.025,93.001,93.001,59,43,0
2026-06-08 22:30:00,93.004,93.023,93.003,93.003,48,43,0
2026-06-08 22:45:00,93.006,93.025,93.004,93.022,38,43,0
2026-06-08 23:00:00,93.036,93.049,93.024,93.049,53,14,0
2026-06-08 23:15:00,93.048,93.048,93.011,93.012,59,14,0
2026-06-08 23:30:00,93.011,93.02,92.984,92.992,99,14,0
2026-06-08 23:45:00,92.99,92.99,92.941,92.943,140,14,0
2026-06-09 00:00:00,92.941,92.945,92.881,92.881,352,14,0
2026-06-09 00:15:00,92.878,92.927,92.865,92.921,227,14,0
2026-06-09 00:30:00,92.922,92.953,92.907,92.951,223,14,0
2026-06-09 00:45:00,92.95,93.011,92.943,93.004,288,14,0
2026-06-09 01:00:00,93.007,93.039,93.002,93.023,327,14,0
2026-06-09 01:15:00,93.025,93.139,93.009,93.119,308,14,0
2026-06-09 01:30:00,93.117,93.169,93.099,93.143,291,14,0
2026-06-09 01:45:00,93.144,93.166,93.123,93.162,254,14,0
2026-06-09 02:00:00,93.164,93.193,93.157,93.173,204,14,0
2026-06-09 02:15:00,93.171,93.171,93.117,93.129,231,14,0
2026-06-09 02:30:00,93.131,93.151,93.114,93.123,214,14,0
2026-06-09 02:45:00,93.126,93.131,93.082,93.117,164,14,0
2026-06-09 03:00:00,93.118,93.18,93.097,93.171,259,14,0
2026-06-09 03:15:00,93.172,93.19,93.11,93.143,203,14,0
2026-06-09 03:30:00,93.146,93.245,93.146,93.245,232,14,0
2026-06-09 03:45:00,93.246,93.263,93.196,93.247,187,14,0
2026-06-09 04:00:00,93.244,93.276,93.222,93.268,149,14,0
2026-06-09 04:15:00,93.266,93.286,93.244,93.279,136,14,0
2026-06-09 04:30:00,93.281,93.356,93.264,93.339,226,14,0
2026-06-09 04:45:00,93.338,93.388,93.33,93.365,170,14,0
2026-06-09 05:00:00,93.367,93.381,93.345,93.355,210,14,0
2026-06-09 05:15:00,93.352,93.419,93.35,93.391,225,14,0
2026-06-09 05:30:00,93.393,93.489,93.392,93.465,366,14,0
2026-06-09 05:45:00,93.466,93.53,93.466,93.51,314,14,0
2026-06-09 06:00:00,93.512,93.585,93.485,93.565,426,14,0
2026-06-09 06:15:00,93.563,93.599,93.518,93.52,433,14,0
2026-06-09 06:30:00,93.519,93.521,93.442,93.446,315,14,0
2026-06-09 06:45:00,93.447,93.482,93.417,93.482,299,14,0
2026-06-09 07:00:00,93.484,93.513,93.434,93.436,352,14,0
2026-06-09 07:15:00,93.434,93.455,93.389,93.397,328,14,0
2026-06-09 07:30:00,93.399,93.402,93.341,93.356,316,14,0
2026-06-09 07:45:00,93.357,93.359,93.309,93.318,244,14,0
2026-06-09 08:00:00,93.315,93.421,93.266,93.366,538,14,0
2026-06-09 08:15:00,93.363,93.382,93.343,93.355,299,14,0
2026-06-09 08:30:00,93.357,93.373,93.337,93.363,248,14,0
2026-06-09 08:45:00,93.361,93.395,93.343,93.395,218,14,0
2026-06-09 09:00:00,93.398,93.449,93.393,93.417,248,14,0
2026-06-09 09:15:00,93.42,93.439,93.363,93.37,243,14,0
2026-06-09 09:30:00,93.372,93.386,93.35,93.373,211,14,0
2026-06-09 09:45:00,93.374,93.426,93.371,93.399,178,14,0
2026-06-09 10:00:00,93.4,93.421,93.37,93.414,329,14,0
2026-06-09 10:15:00,93.416,93.463,93.401,93.461,176,14,0
2026-06-09 10:30:00,93.462,93.462,93.415,93.426,117,14,0
2026-06-09 10:45:00,93.425,93.495,93.417,93.49,186,14,0
2026-06-09 11:00:00,93.491,93.526,93.489,93.516,183,14,0
2026-06-09 11:15:00,93.519,93.559,93.504,93.532,153,14,0
2026-06-09 11:30:00,93.531,93.547,93.5,93.502,168,14,0
2026-06-09 11:45:00,93.501,93.568,93.501,93.551,186,14,0
2026-06-09 12:00:00,93.554,93.569,93.536,93.538,241,14,0
2026-06-09 12:15:00,93.537,93.572,93.534,93.546,183,14,0
2026-06-09 12:30:00,93.547,93.577,93.509,93.519,201,14,0
2026-06-09 12:45:00,93.517,93.529,93.498,93.527,198,14,0
2026-06-09 13:00:00,93.529,93.579,93.518,93.567,340,14,0
2026-06-09 13:15:00,93.566,93.567,93.486,93.523,228,14,0
2026-06-09 13:30:00,93.525,93.528,93.447,93.47,416,14,0
2026-06-09 13:45:00,93.468,93.618,93.467,93.475,547,14,0
2026-06-09 14:00:00,93.473,93.57,93.465,93.468,533,14,0
2026-06-09 14:15:00,93.465,93.49,93.385,93.448,631,14,0
2026-06-09 14:30:00,93.446,93.459,93.347,93.354,720,14,0
2026-06-09 14:45:00,93.352,93.469,93.332,93.469,755,14,0
2026-06-09 15:00:00,93.471,93.535,93.436,93.518,592,14,0
2026-06-09 15:15:00,93.52,93.52,93.359,93.369,613,14,0
2026-06-09 15:30:00,93.365,93.383,93.25,93.34,884,14,0
2026-06-09 15:45:00,93.343,93.375,93.267,93.289,682,14,0
2026-06-09 16:00:00,93.291,93.333,93.223,93.244,667,14,0
2026-06-09 16:15:00,93.243,93.282,93.21,93.265,606,14,0
2026-06-09 16:30:00,93.262,93.287,93.059,93.131,1374,14,0
2026-06-09 16:45:00,93.128,93.201,93.126,93.201,731,14,0
2026-06-09 17:00:00,93.204,93.242,93.185,93.222,592,14,0
2026-06-09 17:15:00,93.223,93.305,93.201,93.275,548,14,0
2026-06-09 17:30:00,93.273,93.34,93.263,93.306,344,14,0
2026-06-09 17:45:00,93.304,93.325,93.269,93.314,390,14,0
2026-06-09 18:00:00,93.316,93.347,93.3,93.341,378,14,0
2026-06-09 18:15:00,93.339,93.359,93.304,93.35,345,14,0
2026-06-09 18:30:00,93.351,93.377,93.316,93.317,280,14,0
2026-06-09 18:45:00,93.32,93.342,93.299,93.331,242,14,0
2026-06-09 19:00:00,93.33,93.332,93.257,93.261,255,14,0
2026-06-09 19:15:00,93.262,93.265,93.199,93.231,264,14,0
2026-06-09 19:30:00,93.232,93.255,93.205,93.234,232,14,0
2026-06-09 19:45:00,93.236,93.289,93.21,93.275,326,14,0
2026-06-09 20:00:00,93.273,93.282,93.222,93.223,165,14,0
2026-06-09 20:15:00,93.22,93.252,93.22,93.221,115,14,0
2026-06-09 20:30:00,93.222,93.258,93.222,93.254,53,14,0
2026-06-09 20:45:00,93.252,93.264,93.229,93.253,191,14,0
2026-06-09 21:00:00,93.267,93.267,93.227,93.233,18,90,0
2026-06-09 21:15:00,93.245,93.245,93.077,93.14,282,93,0
2026-06-09 21:30:00,93.148,93.236,93.034,93.235,208,101,0
2026-06-09 21:45:00,93.234,93.255,93.209,93.209,249,83,0
2026-06-09 22:00:00,93.235,93.241,93.166,93.21,104,43,0
2026-06-09 22:15:00,93.211,93.213,93.188,93.193,57,43,0
2026-06-09 22:30:00,93.194,93.194,93.147,93.15,91,43,0
2026-06-09 22:45:00,93.149,93.165,93.133,93.157,71,43,0
2026-06-09 23:00:00,93.172,93.213,93.165,93.188,99,14,0
2026-06-09 23:15:00,93.186,93.188,93.12,93.129,100,14,0
2026-06-09 23:30:00,93.127,93.134,93.117,93.123,88,14,0
2026-06-09 23:45:00,93.125,93.16,93.1,93.157,199,14,0
2026-06-10 00:00:00,93.154,93.271,93.122,93.271,478,14,0
2026-06-10 00:15:00,93.269,93.312,93.231,93.31,298,14,0
2026-06-10 00:30:00,93.311,93.317,93.164,93.182,377,14,0
2026-06-10 00:45:00,93.181,93.309,93.163,93.289,521,14,0
2026-06-10 01:00:00,93.291,93.294,93.199,93.269,574,14,0
2026-06-10 01:15:00,93.268,93.339,93.25,93.306,360,14,0
2026-06-10 01:30:00,93.303,93.382,93.29,93.318,394,14,0
2026-06-10 01:45:00,93.32,93.368,93.299,93.299,405,14,0
2026-06-10 02:00:00,93.298,93.327,93.252,93.306,318,14,0
2026-06-10 02:15:00,93.309,93.331,93.27,93.329,256,14,0
2026-06-10 02:30:00,93.33,93.342,93.287,93.308,258,14,0
2026-06-10 02:45:00,93.305,93.328,93.266,93.271,258,14,0
2026-06-10 03:00:00,93.269,93.349,93.269,93.33,273,14,0
2026-06-10 03:15:00,93.331,93.373,93.319,93.323,235,14,0
2026-06-10 03:30:00,93.322,93.327,93.296,93.304,194,14,0
2026-06-10 03:45:00,93.306,93.365,93.304,93.352,189,14,0
2026-06-10 04:00:00,93.355,93.359,93.301,93.304,154,14,0
2026-06-10 04:15:00,93.305,93.331,93.289,93.302,196,14,0
2026-06-10 04:30:00,93.304,93.304,93.222,93.235,241,14,0
2026-06-10 04:45:00,93.237,93.255,93.228,93.239,191,14,0
2026-06-10 05:00:00,93.237,93.246,93.194,93.196,250,14,0
2026-06-10 05:15:00,93.193,93.253,93.157,93.253,258,14,0
2026-06-10 05:30:00,93.252,93.322,93.238,93.287,386,14,0
2026-06-10 05:45:00,93.285,93.285,93.227,93.248,252,14,0
2026-06-10 06:00:00,93.25,93.321,93.245,93.248,344,14,0
2026-06-10 06:15:00,93.246,93.28,93.224,93.27,357,14,0
2026-06-10 06:30:00,93.267,93.337,93.262,93.31,243,14,0
2026-06-10 06:45:00,93.312,93.327,93.218,93.223,234,14,0
2026-06-10 07:00:00,93.22,93.29,93.201,93.287,297,14,0
2026-06-10 07:15:00,93.285,93.291,93.237,93.248,266,14,0
2026-06-10 07:30:00,93.245,93.265,93.211,93.226,266,14,0
2026-06-10 07:45:00,93.225,93.234,93.207,93.231,288,14,0
2026-06-10 08:00:00,93.229,93.229,93.134,93.147,365,14,0
2026-06-10 08:15:00,93.15,93.196,93.145,93.193,362,14,0
2026-06-10 08:30:00,93.192,93.216,93.174,93.186,260,14,0
2026-06-10 08:45:00,93.185,93.224,93.16,93.204,281,14,0
2026-06-10 09:00:00,93.201,93.217,93.174,93.177,352,14,0
2026-06-10 09:15:00,93.173,93.255,93.167,93.233,254,14,0
2026-06-10 09:30:00,93.234,93.276,93.229,93.255,336,14,0
2026-06-10 09:45:00,93.257,93.296,93.247,93.283,208,14,0
2026-06-10 10:00:00,93.284,93.287,93.226,93.23,199,14,0
2026-06-10 10:15:00,93.231,93.272,93.215,93.256,208,14,0
2026-06-10 10:30:00,93.253,93.275,93.242,93.271,241,14,0
2026-06-10 10:45:00,93.269,93.309,93.255,93.279,205,14,0
2026-06-10 11:00:00,93.282,93.285,93.118,93.223,921,14,0
2026-06-10 11:15:00,93.224,93.243,93.131,93.174,655,14,0
2026-06-10 11:30:00,93.173,93.189,93.11,93.139,420,14,0
2026-06-10 11:45:00,93.136,93.164,93.118,93.143,357,14,0
2026-06-10 12:00:00,93.145,93.206,93.129,93.183,439,14,0
2026-06-10 12:15:00,93.181,93.215,93.136,93.211,430,14,0
2026-06-10 12:30:00,93.216,93.34,93.205,93.332,1118,14,0
2026-06-10 12:45:00,93.334,93.41,93.255,93.257,642,14,0
2026-06-10 13:00:00,93.259,93.354,93.255,93.354,500,14,0
2026-06-10 13:15:00,93.355,93.381,93.313,93.362,369,14,0
2026-06-10 13:30:00,93.36,93.503,93.355,93.503,742,14,0
2026-06-10 13:45:00,93.504,93.518,93.413,93.426,598,14,0
2026-06-10 14:00:00,93.428,93.527,93.396,93.48,643,14,0
2026-06-10 14:15:00,93.482,93.494,93.412,93.431,662,14,0
2026-06-10 14:30:00,93.43,93.469,93.393,93.437,517,14,0
2026-06-10 14:45:00,93.435,93.467,93.413,93.463,621,14,0
2026-06-10 15:00:00,93.462,93.524,93.396,93.433,572,14,0
2026-06-10 15:15:00,93.432,93.48,93.387,93.45,493,14,0
2026-06-10 15:30:00,93.452,93.491,93.427,93.485,543,14,0
2026-06-10 15:45:00,93.484,93.5,93.294,93.414,1331,14,0
2026-06-10 16:00:00,93.415,93.456,93.39,93.431,580,14,0
2026-06-10 16:15:00,93.429,93.455,93.414,93.445,402,14,0
2026-06-10 16:30:00,93.446,93.486,93.427,93.428,353,14,0
2026-06-10 16:45:00,93.427,93.435,93.386,93.402,348,14,0
2026-06-10 17:00:00,93.405,93.426,93.312,93.323,375,14,0
2026-06-10 17:15:00,93.324,93.342,93.291,93.291,359,14,0
2026-06-10 17:30:00,93.293,93.296,93.243,93.245,314,14,0
2026-06-10 17:45:00,93.247,93.355,93.245,93.338,561,14,0
2026-06-10 18:00:00,93.341,93.399,93.341,93.357,345,14,0
2026-06-10 18:15:00,93.356,93.361,93.291,93.291,303,14,0
2026-06-10 18:30:00,93.293,93.299,93.251,93.262,290,14,0
2026-06-10 18:45:00,93.259,93.266,93.153,93.183,239,14,0
2026-06-10 19:00:00,93.178,93.248,93.144,93.175,298,14,0
2026-06-10 19:15:00,93.174,93.176,93.146,93.161,177,14,0
2026-06-10 19:30:00,93.159,93.172,93.143,93.149,260,14,0
2026-06-10 19:45:00,93.152,93.159,93.104,93.114,252,14,0
2026-06-10 20:00:00,93.113,93.117,93.039,93.044,201,14,0
2026-06-10 20:15:00,93.046,93.076,93.031,93.072,125,14,0
2026-06-10 20:30:00,93.074,93.097,93.062,93.066,133,14,0
2026-06-10 20:45:00,93.064,93.064,92.925,92.939,177,14,0
2026-06-10 21:00:00,93.028,93.039,92.962,93.025,51,140,0
2026-06-10 21:15:00,93.027,93.095,92.897,92.948,156,90,0
2026-06-10 21:30:00,92.951,93.03,92.935,93.025,122,85,0
2026-06-10 21:45:00,93.027,93.035,92.876,92.94,195,84,0
2026-06-10 22:00:00,92.965,92.994,92.889,92.903,135,44,0
2026-06-10 22:15:00,92.911,92.922,92.863,92.922,129,43,0
2026-06-10 22:30:00,92.925,93.019,92.925,93.006,129,43,0
2026-06-10 22:45:00,93.007,93.017,92.93,92.937,139,43,0
2026-06-10 23:00:00,92.952,92.953,92.898,92.905,211,14,0
2026-06-10 23:15:00,92.907,93.043,92.894,93.016,776,14,0
2026-06-10 23:30:00,93.014,93.074,92.992,93.055,246,14,0
2026-06-10 23:45:00,93.052,93.053,92.992,92.998,197,14,0
2026-06-11 00:00:00,93.0,93.07,92.97,93.009,524,14,0
2026-06-11 00:15:00,93.01,93.111,93.01,93.092,641,14,0
2026-06-11 00:30:00,93.094,93.095,93.017,93.031,436,14,0
2026-06-11 00:45:00,93.029,93.073,93.026,93.061,366,14,0
2026-06-11 01:00:00,93.063,93.185,93.063,93.151,572,14,0
2026-06-11 01:15:00,93.15,93.159,93.109,93.149,355,14,0
2026-06-11 01:30:00,93.147,93.147,93.096,93.107,242,14,0
2026-06-11 01:45:00,93.11,93.123,93.069,93.121,231,14,0
2026-06-11 02:00:00,93.119,93.12,93.085,93.088,265,14,0
2026-06-11 02:15:00,93.09,93.092,93.054,93.061,244,14,0
2026-06-11 02:30:00,93.063,93.074,93.043,93.069,278,14,0
2026-06-11 02:45:00,93.067,93.105,93.064,93.094,187,14,0
2026-06-11 03:00:00,93.096,93.106,93.025,93.031,253,14,0
2026-06-11 03:15:00,93.03,93.054,93.025,93.045,214,14,0
2026-06-11 03:30:00,93.044,93.08,93.033,93.058,254,14,0
2026-06-11 03:45:00,93.059,93.064,93.031,93.037,162,14,0
2026-06-11 04:00:00,93.039,93.041,92.986,93.031,212,14,0
2026-06-11 04:15:00,93.028,93.043,93.009,93.021,205,14,0
2026-06-11 04:30:00,93.023,93.069,93.011,93.063,189,14,0
2026-06-11 04:45:00,93.065,93.085,93.041,93.063,147,14,0
2026-06-11 05:00:00,93.061,93.069,93.034,93.069,193,14,0
2026-06-11 05:15:00,93.067,93.085,93.016,93.038,199,14,0
2026-06-11 05:30:00,93.04,93.048,93.014,93.022,186,14,0
2026-06-11 05:45:00,93.024,93.045,93.004,93.034,203,14,0
2026-06-11 06:00:00,93.032,93.034,92.976,93.016,323,14,0
2026-06-11 06:15:00,93.014,93.027,92.989,92.998,252,14,0
2026-06-11 06:30:00,92.997,93.032,92.989,93.02,262,14,0
2026-06-11 06:45:00,93.021,93.022,92.964,92.964,203,14,0
2026-06-11 07:00:00,92.966,92.976,92.913,92.942,304,14,0
2026-06-11 07:15:00,92.941,93.027,92.933,93.026,281,14,0
2026-06-11 07:30:00,93.028,93.042,92.966,92.967,256,14,0
2026-06-11 07:45:00,92.964,92.964,92.899,92.931,232,14,0
2026-06-11 08:00:00,92.93,92.943,92.902,92.913,323,14,0
2026-06-11 08:15:00,92.914,92.914,92.859,92.862,253,14,0
2026-06-11 08:30:00,92.861,92.885,92.843,92.861,198,14,0
2026-06-11 08:45:00,92.862,92.868,92.785,92.81,208,14,0
2026-06-11 09:00:00,92.812,92.843,92.793,92.843,184,14,0
2026-06-11 09:15:00,92.845,92.858,92.799,92.818,170,14,0
2026-06-11 09:30:00,92.82,92.848,92.814,92.846,160,14,0
2026-06-11 09:45:00,92.848,92.879,92.833,92.837,191,14,0
2026-06-11 10:00:00,92.836,92.856,92.788,92.8,199,14,0
2026-06-11 10:15:00,92.802,92.815,92.771,92.774,160,14,0
2026-06-11 10:30:00,92.773,92.822,92.769,92.803,167,14,0
2026-06-11 10:45:00,92.804,92.829,92.795,92.824,115,14,0
2026-06-11 11:00:00,92.825,92.852,92.808,92.84,232,14,0
2026-06-11 11:15:00,92.838,92.842,92.802,92.835,174,14,0
2026-06-11 11:30:00,92.836,92.896,92.836,92.876,316,14,0
2026-06-11 11:45:00,92.875,92.885,92.847,92.872,139,14,0
2026-06-11 12:00:00,92.874,92.913,92.852,92.854,204,14,0
2026-06-11 12:15:00,92.851,92.873,92.689,92.744,900,14,0
2026-06-11 12:30:00,92.742,92.784,92.647,92.734,828,14,0
2026-06-11 12:45:00,92.732,92.832,92.714,92.793,746,14,0
2026-06-11 13:00:00,92.796,92.798,92.694,92.697,487,14,0
2026-06-11 13:15:00,92.696,92.752,92.666,92.733,393,14,0
2026-06-11 13:30:00,92.731,92.79,92.721,92.771,698,14,0
2026-06-11 13:45:00,92.769,92.848,92.762,92.799,777,14,0
2026-06-11 14:00:00,92.801,92.803,92.675,92.682,576,14,0
2026-06-11 14:15:00,92.685,92.713,92.624,92.707,516,14,0
2026-06-11 14:30:00,92.71,92.746,92.695,92.695,483,14,0
2026-06-11 14:45:00,92.697,92.721,92.661,92.684,473,14,0
2026-06-11 15:00:00,92.683,92.774,92.667,92.746,653,14,0
2026-06-11 15:15:00,92.748,92.807,92.748,92.774,428,14,0
2026-06-11 15:30:00,92.773,92.809,92.76,92.779,421,14,0
2026-06-11 15:45:00,92.781,92.789,92.726,92.737,352,14,0
2026-06-11 16:00:00,92.738,92.781,92.721,92.762,323,14,0
2026-06-11 16:15:00,92.764,92.771,92.72,92.724,343,14,0
2026-06-11 16:30:00,92.722,92.779,92.717,92.728,278,14,0
2026-06-11 16:45:00,92.727,92.739,92.697,92.699,212,14,0
2026-06-11 17:00:00,92.7,92.724,92.67,92.693,298,14,0
2026-06-11 17:15:00,92.69,92.86,92.668,92.86,869,14,0
2026-06-11 17:30:00,92.862,93.149,92.862,93.13,2137,14,0
2026-06-11 17:45:00,93.129,93.146,93.061,93.115,893,14,0
2026-06-11 18:00:00,93.117,93.146,93.043,93.085,579,14,0
2026-06-11 18:15:00,93.082,93.18,93.077,93.135,747,14,0
2026-06-11 18:30:00,93.137,93.158,93.08,93.158,405,14,0
2026-06-11 18:45:00,93.156,93.165,93.125,93.127,341,14,0
2026-06-11 19:00:00,93.126,93.247,93.123,93.226,587,14,0
2026-06-11 19:15:00,93.228,93.274,93.22,93.267,359,14,0
2026-06-11 19:30:00,93.27,93.314,93.236,93.28,670,14,0
2026-06-11 19:45:00,93.279,93.291,93.247,93.286,334,14,0
2026-06-11 20:00:00,93.285,93.368,93.277,93.368,211,14,0
2026-06-11 20:15:00,93.371,93.412,93.371,93.395,175,14,0
2026-06-11 20:30:00,93.392,93.398,93.33,93.33,177,14,0
2026-06-11 20:45:00,93.333,93.348,93.305,93.322,215,14,0
2026-06-11 21:00:00,93.301,93.332,93.251,93.297,50,87,0
2026-06-11 21:15:00,93.308,93.362,93.102,93.257,195,93,0
2026-06-11 21:30:00,93.217,93.269,93.1,93.235,217,84,0
2026-06-11 21:45:00,93.237,93.385,93.155,93.265,259,81,0
2026-06-11 22:00:00,93.286,93.371,93.283,93.348,139,43,0
2026-06-11 22:15:00,93.346,93.363,93.341,93.361,97,43,0
2026-06-11 22:30:00,93.36,93.386,93.319,93.372,138,43,0
2026-06-11 22:45:00,93.373,93.39,93.346,93.388,101,43,0
2026-06-11 23:00:00,93.403,93.422,93.383,93.393,225,14,0
2026-06-11 23:15:00,93.394,93.4,93.298,93.315,173,14,0
2026-06-11 23:30:00,93.314,93.328,93.293,93.299,176,14,0
2026-06-11 23:45:00,93.297,93.395,93.295,93.386,223,14,0
2026-06-12 00:00:00,93.387,93.398,93.311,93.314,468,14,0
2026-06-12 00:15:00,93.313,93.37,93.276,93.353,330,14,0
2026-06-12 00:30:00,93.355,93.382,93.313,93.313,283,14,0
2026-06-12 00:45:00,93.315,93.319,93.254,93.286,391,14,0
2026-06-12 01:00:00,93.288,93.289,93.188,93.218,399,14,0
2026-06-12 01:15:00,93.221,93.239,93.133,93.154,355,14,0
2026-06-12 01:30:00,93.156,93.194,93.151,93.164,364,14,0
2026-06-12 01:45:00,93.167,93.22,93.167,93.204,283,14,0
2026-06-12 02:00:00,93.203,93.266,93.194,93.247,320,14,0
2026-06-12 02:15:00,93.245,93.246,93.191,93.204,211,14,0
2026-06-12 02:30:00,93.206,93.221,93.166,93.2,290,14,0
2026-06-12 02:45:00,93.201,93.243,93.194,93.235,162,14,0
2026-06-12 03:00:00,93.238,93.25,93.189,93.211,183,14,0
2026-06-12 03:15:00,93.208,93.258,93.207,93.252,243,14,0
2026-06-12 03:30:00,93.251,93.333,93.251,93.313,287,14,0
2026-06-12 03:45:00,93.311,93.318,93.279,93.312,213,14,0
2026-06-12 04:00:00,93.309,93.325,93.288,93.32,184,14,0
2026-06-12 04:15:00,93.318,93.333,93.305,93.328,140,14,0
2026-06-12 04:30:00,93.326,93.373,93.318,93.367,120,14,0
2026-06-12 04:45:00,93.369,93.372,93.327,93.336,142,14,0
2026-06-12 05:00:00,93.338,93.344,93.245,93.282,286,14,0
2026-06-12 05:15:00,93.281,93.29,93.231,93.231,235,14,0
2026-06-12 05:30:00,93.228,93.258,93.214,93.232,313,14,0
2026-06-12 05:45:00,93.235,93.235,93.174,93.183,267,14,0
2026-06-12 06:00:00,93.187,93.325,93.187,93.305,402,14,0
2026-06-12 06:15:00,93.303,93.303,93.217,93.239,310,14,0
2026-06-12 06:30:00,93.242,93.301,93.226,93.234,339,14,0
2026-06-12 06:45:00,93.232,93.296,93.199,93.289,302,14,0
2026-06-12 07:00:00,93.291,93.298,93.214,93.236,360,14,0
2026-06-12 07:15:00,93.237,93.276,93.228,93.24,300,14,0
2026-06-12 07:30:00,93.242,93.257,93.188,93.245,378,14,0
2026-06-12 07:45:00,93.247,93.299,93.205,93.281,603,14,0
2026-06-12 08:00:00,93.283,93.327,93.253,93.273,535,14,0
2026-06-12 08:15:00,93.274,93.367,93.254,93.312,838,14,0
2026-06-12 08:30:00,93.31,93.344,93.276,93.29,417,14,0
2026-06-12 08:45:00,93.291,93.327,93.278,93.278,321,14,0
2026-06-12 09:00:00,93.277,93.304,93.263,93.29,326,14,0
2026-06-12 09:15:00,93.292,93.426,93.285,93.416,556,14,0
2026-06-12 09:30:00,93.418,93.423,93.359,93.382,353,14,0
2026-06-12 09:45:00,93.38,93.395,93.356,93.37,282,14,0
2026-06-12 10:00:00,93.371,93.434,93.365,93.397,312,14,0
2026-06-12 10:15:00,93.399,93.415,93.322,93.359,462,14,0
2026-06-12 10:30:00,93.357,93.404,93.346,93.369,296,14,0
2026-06-12 10:45:00,93.371,93.387,93.333,93.359,251,14,0
2026-06-12 11:00:00,93.36,93.375,93.328,93.347,285,14,0
2026-06-12 11:15:00,93.349,93.387,93.347,93.365,215,14,0
2026-06-12 11:30:00,93.364,93.379,93.335,93.376,280,14,0
2026-06-12 11:45:00,93.378,93.387,93.34,93.343,219,14,0
2026-06-12 12:00:00,93.341,93.346,93.287,93.304,376,14,0
2026-06-12 12:15:00,93.302,93.307,93.249,93.249,282,14,0
2026-06-12 12:30:00,93.25,93.31,93.248,93.285,335,14,0
2026-06-12 12:45:00,93.283,93.312,93.262,93.276,361,14,0
2026-06-12 13:00:00,93.275,93.358,93.262,93.351,307,14,0
2026-06-12 13:15:00,93.35,93.412,93.346,93.407,274,14,0
2026-06-12 13:30:00,93.409,93.434,93.304,93.304,1060,14,0
2026-06-12 13:45:00,93.305,93.345,93.288,93.315,637,14,0
2026-06-12 14:00:00,93.318,93.411,93.311,93.383,618,14,0
2026-06-12 14:15:00,93.382,93.403,93.319,93.326,505,14,0
2026-06-12 14:30:00,93.328,93.384,93.327,93.352,587,14,0
2026-06-12 14:45:00,93.35,93.434,93.272,93.419,933,14,0
2026-06-12 15:00:00,93.422,93.432,93.376,93.417,555,14,0
2026-06-12 15:15:00,93.418,93.509,93.407,93.489,441,14,0
2026-06-12 15:30:00,93.486,93.503,93.4,93.414,602,14,0
2026-06-12 15:45:00,93.417,93.436,93.378,93.382,431,14,0
2026-06-12 16:00:00,93.38,93.468,93.367,93.406,608,14,0
2026-06-12 16:15:00,93.407,93.449,93.399,93.436,474,14,0
2026-06-12 16:30:00,93.438,93.466,93.43,93.442,320,14,0
2026-06-12 16:45:00,93.443,93.487,93.441,93.463,283,14,0
2026-06-12 17:00:00,93.464,93.496,93.433,93.45,311,14,0
2026-06-12 17:15:00,93.452,93.475,93.436,93.457,208,14,0
2026-06-12 17:30:00,93.455,93.458,93.417,93.431,165,14,0
2026-06-12 17:45:00,93.43,93.455,93.421,93.439,158,14,0
2026-06-12 18:00:00,93.442,93.447,93.412,93.434,172,14,0
2026-06-12 18:15:00,93.431,93.457,93.431,93.456,172,14,0
2026-06-12 18:30:00,93.457,93.489,93.457,93.479,146,14,0
2026-06-12 18:45:00,93.477,93.487,93.455,93.457,121,14,0
2026-06-12 19:00:00,93.454,93.488,93.445,93.465,149,14,0
2026-06-12 19:15:00,93.463,93.473,93.454,93.467,115,14,0
2026-06-12 19:30:00,93.469,93.472,93.425,93.427,185,14,0
2026-06-12 19:45:00,93.425,93.442,93.415,93.438,184,14,0
2026-06-12 20:00:00,93.437,93.445,93.416,93.425,92,14,0
2026-06-12 20:15:00,93.426,93.446,93.413,93.413,88,14,0
2026-06-12 20:30:00,93.411,93.417,93.397,93.399,77,14,0
2026-06-12 20:45:00,93.398,93.424,93.383,93.41,569,14,0
2026-06-14 21:00:00,93.291,93.313,93.289,93.313,9,148,0
2026-06-14 21:15:00,93.32,93.359,93.241,93.284,127,98,0
2026-06-14 21:30:00,93.287,93.505,93.228,93.492,355,83,0
2026-06-14 21:45:00,93.493,93.581,93.487,93.496,217,52,0
2026-06-14 22:00:00,93.516,93.697,93.484,93.694,473,47,0
2026-06-14 22:15:00,93.695,93.723,93.64,93.693,259,40,0
2026-06-14 22:30:00,93.694,93.694,93.604,93.635,274,38,0
2026-06-14 22:45:00,93.633,93.69,93.632,93.663,168,36,0
2026-06-14 23:00:00,93.662,93.673,93.575,93.623,320,14,0
2026-06-14 23:15:00,93.621,93.627,93.561,93.607,182,14,0
2026-06-14 23:30:00,93.605,93.65,93.59,93.65,146,14,0
2026-06-14 23:45:00,93.653,93.712,93.631,93.643,319,14,0
2026-06-15 00:00:00,93.641,93.659,93.591,93.643,447,14,0
2026-06-15 00:15:00,93.645,93.672,93.616,93.63,355,14,0
2026-06-15 00:30:00,93.632,93.676,93.61,93.625,250,14,0
2026-06-15 00:45:00,93.624,93.642,93.58,93.58,386,14,0
2026-06-15 01:00:00,93.577,93.636,93.545,93.611,369,14,0
2026-06-15 01:15:00,93.609,93.691,93.607,93.663,276,14,0
2026-06-15 01:30:00,93.664,93.674,93.631,93.64,218,14,0
2026-06-15 01:45:00,93.643,93.731,93.643,93.7,227,14,0
2026-06-15 02:00:00,93.699,93.713,93.672,93.675,179,14,0
2026-06-15 02:15:00,93.673,93.687,93.631,93.683,223,14,0
2026-06-15 02:30:00,93.685,93.704,93.648,93.654,217,14,0
2026-06-15 02:45:00,93.655,93.673,93.646,93.666,130,14,0
2026-06-15 03:00:00,93.664,93.679,93.652,93.659,141,14,0
2026-06-15 03:15:00,93.661,93.684,93.613,93.619,165,14,0
2026-06-15 03:30:00,93.621,93.696,93.601,93.667,178,14,0
2026-06-15 03:45:00,93.666,93.693,93.655,93.657,128,14,0
2026-06-15 04:00:00,93.655,93.664,93.634,93.655,108,14,0
2026-06-15 04:15:00,93.654,93.714,93.652,93.714,123,14,0
2026-06-15 04:30:00,93.716,93.717,93.69,93.696,98,14,0
2026-06-15 04:45:00,93.695,93.726,93.691,93.719,101,14,0
2026-06-15 05:00:00,93.721,93.799,93.72,93.788,194,14,0
2026-06-15 05:15:00,93.79,93.807,93.782,93.802,165,14,0
2026-06-15 05:30:00,93.804,93.806,93.728,93.729,197,14,0
2026-06-15 05:45:00,93.73,93.764,93.717,93.732,185,14,0
2026-06-15 06:00:00,93.734,93.762,93.67,93.697,306,14,0
2026-06-15 06:15:00,93.699,93.712,93.65,93.67,264,14,0
2026-06-15 06:30:00,93.668,93.679,93.632,93.679,270,14,0
2026-06-15 06:45:00,93.68,93.688,93.646,93.668,213,14,0
2026-06-15 07:00:00,93.67,93.674,93.593,93.613,342,14,0
2026-06-15 07:15:00,93.611,93.639,93.582,93.605,274,14,0
2026-06-15 07:30:00,93.603,93.609,93.51,93.568,310,14,0
2026-06-15 07:45:00,93.57,93.599,93.546,93.595,211,14,0
2026-06-15 08:00:00,93.596,93.617,93.582,93.613,275,14,0
2026-06-15 08:15:00,93.614,93.636,93.6,93.602,216,14,0
2026-06-15 08:30:00,93.6,93.649,93.585,93.595,237,14,0
2026-06-15 08:45:00,93.593,93.596,93.54,93.589,212,14,0
2026-06-15 09:00:00,93.591,93.657,93.59,93.633,215,14,0
2026-06-15 09:15:00,93.632,93.632,93.571,93.575,182,14,0
2026-06-15 09:30:00,93.577,93.61,93.574,93.576,148,14,0
2026-06-15 09:45:00,93.574,93.595,93.551,93.551,178,14,0
2026-06-15 10:00:00,93.549,93.557,93.517,93.549,154,14,0
2026-06-15 10:15:00,93.551,93.576,93.549,93.569,128,14,0
2026-06-15 10:30:00,93.567,93.593,93.552,93.567,148,14,0
2026-06-15 10:45:00,93.569,93.59,93.555,93.56,140,14,0
2026-06-15 11:00:00,93.562,93.578,93.555,93.559,162,14,0
2026-06-15 11:15:00,93.557,93.557,93.52,93.532,186,14,0
2026-06-15 11:30:00,93.53,93.565,93.521,93.534,209,14,0
2026-06-15 11:45:00,93.536,93.571,93.529,93.553,218,14,0
2026-06-15 12:00:00,93.55,93.552,93.5,93.506,224,14,0
2026-06-15 12:15:00,93.504,93.521,93.475,93.519,184,14,0
2026-06-15 12:30:00,93.521,93.555,93.52,93.553,178,14,0
2026-06-15 12:45:00,93.551,93.585,93.54,93.566,237,14,0
2026-06-15 13:00:00,93.565,93.565,93.53,93.548,194,14,0
2026-06-15 13:15:00,93.55,93.582,93.535,93.571,201,14,0
2026-06-15 13:30:00,93.569,93.59,93.535,93.561,378,14,0
2026-06-15 13:45:00,93.562,93.572,93.464,93.511,431,14,0
2026-06-15 14:00:00,93.51,93.527,93.472,93.484,309,14,0
2026-06-15 14:15:00,93.482,93.498,93.462,93.477,270,14,0
2026-06-15 14:30:00,93.479,93.493,93.41,93.425,272,14,0
2026-06-15 14:45:00,93.427,93.554,93.427,93.546,400,14,0
2026-06-15 15:00:00,93.548,93.557,93.521,93.532,259,14,0
2026-06-15 15:15:00,93.53,93.541,93.499,93.499,165,14,0
2026-06-15 15:30:00,93.497,93.501,93.446,93.446,256,14,0
2026-06-15 15:45:00,93.445,93.461,93.442,93.457,134,14,0
2026-06-15 16:00:00,93.46,93.468,93.435,93.45,137,14,0
2026-06-15 16:15:00,93.448,93.476,93.445,93.476,141,14,0
2026-06-15 16:30:00,93.477,93.48,93.41,93.417,147,14,0
2026-06-15 16:45:00,93.415,93.447,93.411,93.434,152,14,0
2026-06-15 17:00:00,93.432,93.436,93.411,93.421,152,14,0
2026-06-15 17:15:00,93.418,93.435,93.399,93.435,95,14,0
2026-06-15 17:30:00,93.437,93.437,93.377,93.396,161,14,0
2026-06-15 17:45:00,93.398,93.419,93.397,93.419,108,14,0
2026-06-15 18:00:00,93.421,93.423,93.392,93.414,141,14,0
2026-06-15 18:15:00,93.416,93.42,93.385,93.389,85,14,0
2026-06-15 18:30:00,93.39,93.39,93.358,93.381,157,14,0
2026-06-15 18:45:00,93.379,93.401,93.37,93.376,124,14,0
2026-06-15 19:00:00,93.373,93.377,93.339,93.349,150,14,0
2026-06-15 19:15:00,93.35,93.359,93.337,93.345,87,14,0
2026-06-15 19:30:00,93.344,93.365,93.34,93.358,98,14,0
2026-06-15 19:45:00,93.36,93.37,93.349,93.365,158,14,0
2026-06-15 20:00:00,93.362,93.371,93.327,93.335,131,14,0
2026-06-15 20:15:00,93.337,93.34,93.323,93.333,47,14,0
2026-06-15 20:30:00,93.334,93.337,93.312,93.323,57,14,0
2026-06-15 20:45:00,93.322,93.346,93.321,93.329,103,14,0
2026-06-15 21:00:00,93.307,93.368,93.295,93.368,39,68,0
2026-06-15 21:15:00,93.367,93.403,93.337,93.395,102,93,0
2026-06-15 21:30:00,93.397,93.456,93.33,93.398,221,60,0
2026-06-15 21:45:00,93.4,93.456,93.244,93.327,222,53,0
2026-06-15 22:00:00,93.33,93.362,93.314,93.322,86,43,0
2026-06-15 22:15:00,93.326,93.33,93.291,93.297,55,43,0
2026-06-15 22:30:00,93.3,93.32,93.297,93.32,42,43,0
2026-06-15 22:45:00,93.321,93.364,93.321,93.36,49,43,0
2026-06-15 23:00:00,93.375,93.414,93.373,93.402,102,14,0
2026-06-15 23:15:00,93.4,93.406,93.392,93.403,38,14,0
2026-06-15 23:30:00,93.401,93.421,93.387,93.421,64,14,0
2026-06-15 23:45:00,93.423,93.423,93.355,93.361,127,14,0
2026-06-16 00:00:00,93.359,93.381,93.338,93.338,211,14,0
2026-06-16 00:15:00,93.336,93.345,93.282,93.285,168,14,0
2026-06-16 00:30:00,93.282,93.306,93.253,93.266,178,14,0
2026-06-16 00:45:00,93.263,93.286,93.234,93.263,301,14,0
2026-06-16 01:00:00,93.26,93.271,93.137,93.15,380,14,0
2026-06-16 01:15:00,93.152,93.159,93.118,93.154,242,14,0
2026-06-16 01:30:00,93.152,93.178,93.127,93.138,288,14,0
2026-06-16 01:45:00,93.141,93.194,93.137,93.154,175,14,0
2026-06-16 02:00:00,93.153,93.159,93.101,93.111,212,14,0
2026-06-16 02:15:00,93.11,93.11,93.067,93.071,158,14,0
2026-06-16 02:30:00,93.074,93.106,93.067,93.072,136,14,0
2026-06-16 02:45:00,93.07,93.078,93.043,93.066,169,14,0
2026-06-16 03:00:00,93.069,93.069,92.987,93.013,226,14,0
2026-06-16 03:15:00,93.012,93.107,92.986,93.104,388,14,0
2026-06-16 03:30:00,93.107,93.121,93.091,93.104,170,14,0
2026-06-16 03:45:00,93.103,93.125,93.096,93.097,143,14,0
2026-06-16 04:00:00,93.096,93.103,92.986,92.995,234,14,0
2026-06-16 04:15:00,92.998,93.01,92.915,92.956,395,14,0
2026-06-16 04:30:00,92.952,93.048,92.946,93.028,272,14,0
2026-06-16 04:45:00,93.031,93.069,93.016,93.068,251,14,0
2026-06-16 05:00:00,93.069,93.132,93.067,93.099,175,14,0
2026-06-16 05:15:00,93.098,93.103,93.052,93.069,181,14,0
2026-06-16 05:30:00,93.072,93.076,93.029,93.055,196,14,0
2026-06-16 05:45:00,93.056,93.13,93.041,93.115,227,14,0
2026-06-16 06:00:00,93.114,93.132,93.04,93.084,303,14,0
2026-06-16 06:15:00,93.086,93.093,93.045,93.057,208,14,0
2026-06-16 06:30:00,93.056,93.126,93.034,93.082,399,14,0
2026-06-16 06:45:00,93.083,93.126,93.082,93.121,230,14,0
2026-06-16 07:00:00,93.124,93.214,93.094,93.193,330,14,0
2026-06-16 07:15:00,93.191,93.212,93.179,93.2,214,14,0
2026-06-16 07:30:00,93.198,93.266,93.194,93.252,284,14,0
2026-06-16 07:45:00,93.251,93.27,93.233,93.241,286,14,0
2026-06-16 08:00:00,93.244,93.327,93.225,93.308,301,14,0
2026-06-16 08:15:00,93.309,93.352,93.301,93.352,188,14,0
2026-06-16 08:30:00,93.351,93.36,93.328,93.353,231,14,0
2026-06-16 08:45:00,93.355,93.411,93.353,93.395,177,14,0
2026-06-16 09:00:00,93.397,93.408,93.373,93.392,141,14,0
2026-06-16 09:15:00,93.393,93.395,93.359,93.377,162,14,0
2026-06-16 09:30:00,93.379,93.43,93.379,93.418,163,14,0
2026-06-16 09:45:00,93.419,93.447,93.412,93.44,151,14,0
2026-06-16 10:00:00,93.441,93.493,93.437,93.482,169,14,0
2026-06-16 10:15:00,93.481,93.526,93.481,93.504,165,14,0
2026-06-16 10:30:00,93.505,93.546,93.495,93.546,132,14,0
2026-06-16 10:45:00,93.548,93.555,93.518,93.53,143,14,0
2026-06-16 11:00:00,93.529,93.536,93.5,93.5,189,14,0
2026-06-16 11:15:00,93.499,93.501,93.441,93.46,147,14,0
2026-06-16 11:30:00,93.458,93.475,93.412,93.426,201,14,0
2026-06-16 11:45:00,93.427,93.452,93.407,93.45,158,14,0
2026-06-16 12:00:00,93.452,93.458,93.405,93.423,199,14,0
2026-06-16 12:15:00,93.424,93.431,93.381,93.395,194,14,0
2026-06-16 12:30:00,93.397,93.456,93.395,93.456,151,14,0
2026-06-16 12:45:00,93.455,93.494,93.449,93.491,215,14,0
2026-06-16 13:00:00,93.489,93.508,93.477,93.495,228,14,0
2026-06-16 13:15:00,93.497,93.497,93.429,93.449,246,14,0
2026-06-16 13:30:00,93.448,93.549,93.446,93.534,339,14,0
2026-06-16 13:45:00,93.536,93.537,93.495,93.519,254,14,0
2026-06-16 14:00:00,93.516,93.59,93.514,93.589,316,14,0
2026-06-16 14:15:00,93.588,93.603,93.516,93.516,341,14,0
2026-06-16 14:30:00,93.518,93.566,93.492,93.555,406,14,0
2026-06-16 14:45:00,93.556,93.624,93.55,93.609,339,14,0
2026-06-16 15:00:00,93.612,93.612,93.572,93.593,329,14,0
2026-06-16 15:15:00,93.591,93.616,93.582,93.586,224,14,0
2026-06-16 15:30:00,93.583,93.618,93.575,93.587,236,14,0
2026-06-16 15:45:00,93.585,93.679,93.538,93.652,421,14,0
2026-06-16 16:00:00,93.651,93.687,93.648,93.678,312,14,0
2026-06-16 16:15:00,93.68,93.689,93.661,93.67,224,14,0
2026-06-16 16:30:00,93.669,93.676,93.657,93.666,189,14,0
2026-06-16 16:45:00,93.665,93.674,93.65,93.657,144,14,0
2026-06-16 17:00:00,93.656,93.677,93.646,93.67,141,14,0
2026-06-16 17:15:00,93.671,93.672,93.631,93.641,123,14,0
2026-06-16 17:30:00,93.642,93.657,93.617,93.649,139,14,0
2026-06-16 17:45:00,93.647,93.656,93.637,93.647,105,14,0
2026-06-16 18:00:00,93.645,93.661,93.643,93.648,117,14,0
2026-06-16 18:15:00,93.646,93.663,93.635,93.656,95,14,0
2026-06-16 18:30:00,93.657,93.657,93.629,93.635,90,14,0
2026-06-16 18:45:00,93.633,93.647,93.626,93.628,93,14,0
2026-06-16 19:00:00,93.626,93.643,93.594,93.61,187,14,0
2026-06-16 19:15:00,93.609,93.618,93.597,93.608,94,14,0
2026-06-16 19:30:00,93.607,93.607,93.556,93.567,147,14,0
2026-06-16 19:45:00,93.566,93.578,93.548,93.558,140,14,0
2026-06-16 20:00:00,93.556,93.556,93.53,93.538,95,14,0
2026-06-16 20:15:00,93.539,93.563,93.538,93.562,40,14,0
2026-06-16 20:30:00,93.559,93.563,93.54,93.542,46,14,0
2026-06-16 20:45:00,93.541,93.548,93.524,93.539,96,14,0
2026-06-16 21:00:00,93.504,93.504,93.385,93.42,34,84,0
2026-06-16 21:15:00,93.417,93.434,93.346,93.419,230,91,0
2026-06-16 21:30:00,93.385,93.472,93.385,93.469,183,53,0
2026-06-16 21:45:00,93.469,93.484,93.39,93.461,215,47,0
2026-06-16 22:00:00,93.469,93.548,93.469,93.521,162,43,0
2026-06-16 22:15:00,93.52,93.524,93.496,93.507,76,43,0
2026-06-16 22:30:00,93.508,93.536,93.507,93.536,55,43,0
2026-06-16 22:45:00,93.535,93.552,93.525,93.525,48,43,0
2026-06-16 23:00:00,93.539,93.557,93.537,93.554,63,14,0
2026-06-16 23:15:00,93.556,93.576,93.556,93.576,25,14,0
2026-06-16 23:30:00,93.575,93.579,93.544,93.574,56,14,0
2026-06-16 23:45:00,93.576,93.58,93.526,93.528,109,14,0
2026-06-17 00:00:00,93.526,93.566,93.5,93.555,240,14,0
2026-06-17 00:15:00,93.557,93.569,93.538,93.557,137,14,0
2026-06-17 00:30:00,93.553,93.558,93.516,93.521,109,14,0
2026-06-17 00:45:00,93.523,93.523,93.474,93.492,190,14,0
2026-06-17 01:00:00,93.493,93.543,93.479,93.514,228,14,0
2026-06-17 01:15:00,93.513,93.558,93.498,93.502,181,14,0
2026-06-17 01:30:00,93.501,93.501,93.459,93.477,123,14,0
2026-06-17 01:45:00,93.474,93.489,93.451,93.486,102,14,0
2026-06-17 02:00:00,93.485,93.487,93.436,93.46,103,14,0
2026-06-17 02:15:00,93.457,93.522,93.454,93.508,121,14,0
2026-06-17 02:30:00,93.509,93.516,93.49,93.505,101,14,0
2026-06-17 02:45:00,93.504,93.504,93.442,93.442,109,14,0
2026-06-17 03:00:00,93.441,93.459,93.421,93.421,125,14,0
2026-06-17 03:15:00,93.419,93.428,93.407,93.428,110,14,0
2026-06-17 03:30:00,93.431,93.447,93.412,93.418,72,14,0
2026-06-17 03:45:00,93.415,93.418,93.387,93.387,78,14,0
2026-06-17 04:00:00,93.39,93.405,93.38,93.383,118,14,0
2026-06-17 04:15:00,93.382,93.39,93.359,93.361,90,14,0
2026-06-17 04:30:00,93.362,93.369,93.349,93.349,70,14,0
2026-06-17 04:45:00,93.35,93.363,93.337,93.352,103,14,0
2026-06-17 05:00:00,93.353,93.365,93.322,93.325,95,14,0
2026-06-17 05:15:00,93.323,93.358,93.322,93.339,101,14,0
2026-06-17 05:30:00,93.341,93.347,93.327,93.346,106,14,0
2026-06-17 05:45:00,93.345,93.345,93.302,93.328,133,14,0
2026-06-17 06:00:00,93.326,93.33,93.275,93.275,198,14,0
2026-06-17 06:15:00,93.273,93.288,93.226,93.226,195,14,0
2026-06-17 06:30:00,93.224,93.275,93.204,93.275,166,14,0
2026-06-17 06:45:00,93.277,93.278,93.219,93.245,157,14,0
2026-06-17 07:00:00,93.247,93.279,93.229,93.276,208,14,0
2026-06-17 07:15:00,93.277,93.289,93.248,93.249,152,14,0
2026-06-17 07:30:00,93.248,93.274,93.239,93.246,204,14,0
2026-06-17 07:45:00,93.244,93.272,93.236,93.26,184,14,0
2026-06-17 08:00:00,93.259,93.259,93.168,93.197,254,14,0
2026-06-17 08:15:00,93.195,93.203,93.141,93.157,279,14,0
2026-06-17 08:30:00,93.155,93.182,93.118,93.124,262,14,0
2026-06-17 08:45:00,93.122,93.21,93.121,93.205,218,14,0
2026-06-17 09:00:00,93.203,93.221,93.18,93.181,159,14,0
2026-06-17 09:15:00,93.182,93.206,93.175,93.197,166,14,0
2026-06-17 09:30:00,93.2,93.209,93.176,93.182,111,14,0
2026-06-17 09:45:00,93.184,93.188,93.138,93.158,131,14,0
2026-06-17 10:00:00,93.156,93.163,93.118,93.135,183,14,0
2026-06-17 10:15:00,93.136,93.136,93.1,93.115,119,14,0
2026-06-17 10:30:00,93.116,93.137,93.11,93.123,137,14,0
2026-06-17 10:45:00,93.122,93.143,93.115,93.132,141,14,0
2026-06-17 11:00:00,93.131,93.16,93.119,93.122,137,14,0
2026-06-17 11:15:00,93.123,93.142,93.112,93.118,128,14,0
2026-06-17 11:30:00,93.116,93.128,93.1,93.123,162,14,0
2026-06-17 11:45:00,93.125,93.136,93.11,93.125,135,14,0
2026-06-17 12:00:00,93.127,93.141,93.12,93.137,157,14,0
2026-06-17 12:15:00,93.135,93.188,93.123,93.185,175,14,0
2026-06-17 12:30:00,93.182,93.185,93.156,93.17,205,14,0
2026-06-17 12:45:00,93.169,93.202,93.169,93.197,170,14,0
2026-06-17 13:00:00,93.196,93.208,93.171,93.201,191,14,0
2026-06-17 13:15:00,93.202,93.237,93.192,93.225,181,14,0
2026-06-17 13:30:00,93.223,93.245,93.213,93.236,276,14,0
2026-06-17 13:45:00,93.234,93.244,93.188,93.189,305,14,0
2026-06-17 14:00:00,93.187,93.267,93.184,93.265,287,14,0
2026-06-17 14:15:00,93.264,93.304,93.264,93.29,256,14,0
2026-06-17 14:30:00,93.288,93.301,93.224,93.269,243,14,0
2026-06-17 14:45:00,93.271,93.285,93.173,93.217,575,14,0
2026-06-17 15:00:00,93.218,93.22,93.171,93.189,352,14,0
2026-06-17 15:15:00,93.188,93.21,93.165,93.182,299,14,0
2026-06-17 15:30:00,93.181,93.206,93.17,93.201,195,14,0
2026-06-17 15:45:00,93.204,93.204,93.162,93.178,179,14,0
2026-06-17 16:00:00,93.181,93.182,93.137,93.148,176,14,0
2026-06-17 16:15:00,93.149,93.187,93.145,93.174,115,14,0
2026-06-17 16:30:00,93.173,93.177,93.148,93.162,121,14,0
2026-06-17 16:45:00,93.16,93.185,93.154,93.173,121,14,0
2026-06-17 17:00:00,93.17,93.19,93.151,93.183,166,14,0
2026-06-17 17:15:00,93.181,93.184,93.163,93.171,122,14,0
2026-06-17 17:30:00,93.168,93.208,93.164,93.199,137,14,0
2026-06-17 17:45:00,93.2,93.242,93.185,93.242,133,14,0
2026-06-17 18:00:00,93.238,93.238,92.868,92.874,1812,14,0
2026-06-17 18:15:00,92.875,92.949,92.875,92.907,908,14,0
2026-06-17 18:30:00,92.905,93.055,92.765,93.033,3049,14,0
2026-06-17 18:45:00,93.03,93.078,92.77,92.804,1041,14,0
2026-06-17 19:00:00,92.802,92.879,92.66,92.762,1869,14,0
2026-06-17 19:15:00,92.761,92.765,92.556,92.56,1007,14,0
2026-06-17 19:30:00,92.559,92.597,92.487,92.514,983,14,0
2026-06-17 19:45:00,92.517,92.619,92.517,92.605,768,14,0
2026-06-17 20:00:00,92.607,92.67,92.601,92.621,313,14,0
2026-06-17 20:15:00,92.619,92.685,92.58,92.669,337,14,0
2026-06-17 20:30:00,92.67,92.708,92.67,92.678,260,14,0
2026-06-17 20:45:00,92.676,92.684,92.558,92.567,212,14,0
2026-06-17 21:00:00,92.574,92.672,92.574,92.604,46,140,0
2026-06-17 21:15:00,92.603,92.659,92.501,92.627,231,93,0
2026-06-17 21:30:00,92.622,92.649,92.549,92.592,179,59,0
2026-06-17 21:45:00,92.593,92.646,92.561,92.638,197,48,0
2026-06-17 22:00:00,92.636,92.687,92.626,92.679,147,43,0
2026-06-17 22:15:00,92.677,92.701,92.676,92.688,72,43,0
2026-06-17 22:30:00,92.687,92.71,92.682,92.696,63,43,0
2026-06-17 22:45:00,92.698,92.784,92.698,92.745,112,43,0
2026-06-17 23:00:00,92.76,92.766,92.72,92.724,96,14,0
2026-06-17 23:15:00,92.723,92.757,92.723,92.753,75,14,0
2026-06-17 23:30:00,92.755,92.759,92.714,92.731,147,14,0
2026-06-17 23:45:00,92.73,92.755,92.707,92.727,193,14,0
2026-06-18 00:00:00,92.729,92.89,92.729,92.83,477,14,0
2026-06-18 00:15:00,92.832,92.835,92.769,92.79,280,14,0
2026-06-18 00:30:00,92.789,92.874,92.786,92.873,269,14,0
2026-06-18 00:45:00,92.871,92.898,92.852,92.852,320,14,0
2026-06-18 01:00:00,92.849,92.948,92.844,92.941,354,14,0
2026-06-18 01:15:00,92.94,93.029,92.929,93.01,300,14,0
2026-06-18 01:30:00,93.007,93.048,93.007,93.013,202,14,0
2026-06-18 01:45:00,93.011,93.011,92.946,92.99,227,14,0
2026-06-18 02:00:00,92.993,93.002,92.966,92.976,226,14,0
2026-06-18 02:15:00,92.975,93.009,92.962,93.009,152,14,0
2026-06-18 02:30:00,93.011,93.067,93.0,93.043,221,14,0
2026-06-18 02:45:00,93.041,93.064,93.006,93.008,190,14,0
2026-06-18 03:00:00,93.011,93.069,93.008,93.061,180,14,0
2026-06-18 03:15:00,93.06,93.076,93.039,93.074,158,14,0
2026-06-18 03:30:00,93.072,93.09,93.061,93.066,113,14,0
2026-06-18 03:45:00,93.068,93.107,93.064,93.097,103,14,0
2026-06-18 04:00:00,93.095,93.114,93.053,93.064,146,14,0
2026-06-18 04:15:00,93.067,93.098,93.067,93.093,133,14,0
2026-06-18 04:30:00,93.09,93.091,93.062,93.066,128,14,0
2026-06-18 04:45:00,93.067,93.104,93.059,93.062,139,14,0
2026-06-18 05:00:00,93.064,93.094,93.037,93.081,152,14,0
2026-06-18 05:15:00,93.079,93.096,93.046,93.046,161,14,0
2026-06-18 05:30:00,93.048,93.069,93.021,93.049,188,14,0
2026-06-18 05:45:00,93.051,93.054,92.99,92.997,196,14,0
2026-06-18 06:00:00,92.999,93.031,92.957,93.03,314,14,0
2026-06-18 06:15:00,93.028,93.107,93.012,93.102,383,14,0
2026-06-18 06:30:00,93.101,93.102,93.03,93.057,319,14,0
2026-06-18 06:45:00,93.055,93.065,93.005,93.008,315,14,0
2026-06-18 07:00:00,93.006,93.012,92.912,92.919,318,14,0
2026-06-18 07:15:00,92.917,92.943,92.883,92.905,237,14,0
2026-06-18 07:30:00,92.903,92.916,92.836,92.916,354,14,0
2026-06-18 07:45:00,92.918,92.939,92.887,92.891,340,14,0
2026-06-18 08:00:00,92.894,92.898,92.843,92.845,350,14,0
2026-06-18 08:15:00,92.846,92.862,92.814,92.825,250,14,0
2026-06-18 08:30:00,92.826,92.841,92.77,92.773,282,14,0
2026-06-18 08:45:00,92.775,92.777,92.7,92.729,303,14,0
2026-06-18 09:00:00,92.731,92.733,92.587,92.648,1077,14,0
2026-06-18 09:15:00,92.647,92.709,92.647,92.654,332,14,0
2026-06-18 09:30:00,92.652,92.734,92.652,92.728,275,14,0
2026-06-18 09:45:00,92.725,92.75,92.711,92.715,227,14,0
2026-06-18 10:00:00,92.713,92.72,92.631,92.687,379,14,0
2026-06-18 10:15:00,92.689,92.717,92.665,92.715,309,14,0
2026-06-18 10:30:00,92.716,92.723,92.671,92.677,227,14,0
2026-06-18 10:45:00,92.68,92.711,92.671,92.671,250,14,0
2026-06-18 11:00:00,92.673,92.712,92.664,92.69,300,14,0
2026-06-18 11:15:00,92.689,92.72,92.619,92.687,349,14,0
2026-06-18 11:30:00,92.685,92.719,92.666,92.689,337,14,0
2026-06-18 11:45:00,92.692,92.703,92.663,92.682,254,14,0
2026-06-18 12:00:00,92.679,92.805,92.676,92.803,332,14,0
2026-06-18 12:15:00,92.802,92.875,92.789,92.846,456,14,0
2026-06-18 12:30:00,92.842,92.855,92.773,92.794,356,14,0
2026-06-18 12:45:00,92.796,92.86,92.796,92.836,380,14,0
2026-06-18 13:00:00,92.835,92.851,92.805,92.841,418,14,0
2026-06-18 13:15:00,92.839,92.852,92.778,92.847,414,14,0
2026-06-18 13:30:00,92.845,92.941,92.842,92.905,600,14,0
2026-06-18 13:45:00,92.904,92.917,92.86,92.891,454,14,0
2026-06-18 14:00:00,92.89,92.89,92.792,92.812,552,14,0
2026-06-18 14:15:00,92.81,92.899,92.788,92.848,416,14,0
2026-06-18 14:30:00,92.846,92.866,92.82,92.839,384,14,0
2026-06-18 14:45:00,92.838,92.911,92.837,92.895,370,14,0
2026-06-18 15:00:00,92.897,92.897,92.802,92.806,372,14,0
2026-06-18 15:15:00,92.808,92.841,92.804,92.838,338,14,0
2026-06-18 15:30:00,92.839,92.857,92.782,92.792,531,14,0
2026-06-18 15:45:00,92.795,92.901,92.787,92.893,404,14,0
2026-06-18 16:00:00,92.896,92.897,92.82,92.853,569,14,0
2026-06-18 16:15:00,92.852,92.89,92.845,92.88,343,14,0
2026-06-18 16:30:00,92.878,92.881,92.834,92.858,288,14,0
2026-06-18 16:45:00,92.86,92.935,92.84,92.933,253,14,0
2026-06-18 17:00:00,92.935,92.975,92.92,92.966,216,14,0
2026-06-18 17:15:00,92.967,92.967,92.931,92.949,186,14,0
2026-06-18 17:30:00,92.947,92.958,92.919,92.928,116,14,0
2026-06-18 17:45:00,92.927,92.927,92.9,92.907,142,14,0
2026-06-18 18:00:00,92.91,92.91,92.883,92.908,176,14,0
2026-06-18 18:15:00,92.905,92.929,92.896,92.917,148,14,0
2026-06-18 18:30:00,92.919,92.962,92.914,92.958,121,14,0
2026-06-18 18:45:00,92.956,93.025,92.942,93.021,389,14,0
2026-06-18 19:00:00,93.019,93.053,92.967,92.997,399,14,0
2026-06-18 19:15:00,92.999,93.02,92.992,92.994,208,14,0
2026-06-18 19:30:00,92.991,92.991,92.557,92.881,2328,14,0
2026-06-18 19:45:00,92.883,92.89,92.836,92.88,415,14,0
2026-06-18 20:00:00,92.882,92.917,92.876,92.912,195,14,0
2026-06-18 20:15:00,92.91,92.932,92.91,92.92,123,14,0
2026-06-18 20:30:00,92.918,92.929,92.876,92.882,100,14,0
2026-06-18 20:45:00,92.879,92.886,92.817,92.833,151,14,0
2026-06-18 21:00:00,92.807,92.869,92.799,92.867,45,84,0
2026-06-18 21:15:00,92.868,92.873,92.742,92.802,127,86,0
2026-06-18 21:30:00,92.804,92.868,92.788,92.815,96,67,0
2026-06-18 21:45:00,92.817,92.82,92.744,92.793,91,52,0
2026-06-18 22:00:00,92.798,92.87,92.798,92.835,114,43,0
2026-06-18 22:15:00,92.833,92.863,92.831,92.862,70,43,0
2026-06-18 22:30:00,92.864,92.885,92.841,92.847,51,43,0
2026-06-18 22:45:00,92.848,92.856,92.779,92.856,122,43,0
2026-06-18 23:00:00,92.87,92.921,92.855,92.897,150,14,0
2026-06-18 23:15:00,92.898,92.912,92.889,92.896,94,14,0
2026-06-18 23:30:00,92.897,92.902,92.841,92.841,122,14,0
2026-06-18 23:45:00,92.844,92.866,92.813,92.813,158,14,0
2026-06-19 00:00:00,92.812,92.866,92.806,92.835,374,14,0
2026-06-19 00:15:00,92.833,92.853,92.823,92.823,198,14,0
2026-06-19 00:30:00,92.825,92.835,92.746,92.793,393,14,0
2026-06-19 00:45:00,92.795,92.849,92.751,92.79,423,14,0
2026-06-19 01:00:00,92.791,92.791,92.73,92.741,364,14,0
2026-06-19 01:15:00,92.738,92.746,92.644,92.674,321,14,0
2026-06-19 01:30:00,92.672,92.672,92.627,92.666,182,14,0
2026-06-19 01:45:00,92.665,92.666,92.616,92.627,182,14,0
2026-06-19 02:00:00,92.629,92.673,92.611,92.673,194,14,0
2026-06-19 02:15:00,92.672,92.711,92.648,92.711,208,14,0
2026-06-19 02:30:00,92.713,92.742,92.668,92.71,217,14,0
2026-06-19 02:45:00,92.712,92.712,92.677,92.7,119,14,0
2026-06-19 03:00:00,92.702,92.716,92.648,92.648,188,14,0
2026-06-19 03:15:00,92.649,92.653,92.601,92.609,250,14,0
2026-06-19 03:30:00,92.61,92.61,92.543,92.559,268,14,0
2026-06-19 03:45:00,92.561,92.569,92.527,92.541,233,14,0
2026-06-19 04:00:00,92.543,92.557,92.494,92.532,319,14,0
2026-06-19 04:15:00,92.53,92.553,92.511,92.553,215,14,0
2026-06-19 04:30:00,92.556,92.566,92.482,92.492,209,14,0
2026-06-19 04:45:00,92.489,92.489,92.437,92.459,243,14,0
2026-06-19 05:00:00,92.46,92.46,92.382,92.413,353,14,0
2026-06-19 05:15:00,92.41,92.438,92.382,92.396,279,14,0
2026-06-19 05:30:00,92.399,92.433,92.394,92.425,262,14,0
2026-06-19 05:45:00,92.427,92.529,92.426,92.433,321,14,0
2026-06-19 06:00:00,92.431,92.523,92.429,92.516,331,14,0
2026-06-19 06:15:00,92.518,92.602,92.505,92.589,324,14,0
2026-06-19 06:30:00,92.587,92.595,92.526,92.558,347,14,0
2026-06-19 06:45:00,92.556,92.577,92.521,92.575,216,14,0
2026-06-19 07:00:00,92.576,92.625,92.567,92.578,289,14,0
2026-06-19 07:15:00,92.576,92.584,92.52,92.526,274,14,0
2026-06-19 07:30:00,92.524,92.558,92.507,92.535,256,14,0
2026-06-19 07:45:00,92.537,92.54,92.48,92.496,256,14,0
2026-06-19 08:00:00,92.498,92.555,92.487,92.531,337,14,0
2026-06-19 08:15:00,92.529,92.602,92.527,92.58,258,14,0
2026-06-19 08:30:00,92.582,92.592,92.54,92.585,227,14,0
2026-06-19 08:45:00,92.583,92.619,92.557,92.619,179,14,0
2026-06-19 09:00:00,92.621,92.636,92.581,92.592,248,14,0
2026-06-19 09:15:00,92.593,92.624,92.586,92.594,186,14,0
2026-06-19 09:30:00,92.593,92.635,92.593,92.605,200,14,0
2026-06-19 09:45:00,92.604,92.639,92.601,92.617,171,14,0
2026-06-19 10:00:00,92.615,92.627,92.6,92.606,129,14,0
2026-06-19 10:15:00,92.604,92.623,92.587,92.606,170,14,0
2026-06-19 10:30:00,92.604,92.637,92.576,92.578,184,14,0
2026-06-19 10:45:00,92.577,92.592,92.56,92.589,200,14,0
2026-06-19 11:00:00,92.587,92.608,92.561,92.594,250,14,0
2026-06-19 11:15:00,92.592,92.625,92.578,92.579,124,14,0
2026-06-19 11:30:00,92.581,92.585,92.555,92.585,124,14,0
2026-06-19 11:45:00,92.587,92.604,92.546,92.566,171,14,0
2026-06-19 12:00:00,92.568,92.595,92.561,92.589,190,14,0
2026-06-19 12:15:00,92.591,92.611,92.584,92.595,141,14,0
2026-06-19 12:30:00,92.593,92.593,92.557,92.577,193,14,0
2026-06-19 12:45:00,92.575,92.66,92.554,92.617,553,14,0
2026-06-19 13:00:00,92.619,92.622,92.532,92.536,290,14,0
2026-06-19 13:15:00,92.538,92.569,92.526,92.545,214,14,0
2026-06-19 13:30:00,92.543,92.559,92.49,92.501,247,14,0
2026-06-19 13:45:00,92.502,92.531,92.489,92.493,211,14,0
2026-06-19 14:00:00,92.491,92.51,92.471,92.471,224,14,0
2026-06-19 14:15:00,92.473,92.482,92.409,92.426,240,14,0
2026-06-19 14:30:00,92.428,92.456,92.426,92.447,176,14,0
2026-06-19 14:45:00,92.448,92.504,92.444,92.48,366,14,0
2026-06-19 15:00:00,92.481,92.514,92.467,92.492,293,14,0
2026-06-19 15:15:00,92.493,92.543,92.487,92.542,140,14,0
2026-06-19 15:30:00,92.543,92.545,92.492,92.509,123,14,0
2026-06-19 15:45:00,92.51,92.533,92.509,92.526,96,14,0
2026-06-19 16:00:00,92.527,92.544,92.527,92.54,92,14,0
2026-06-19 16:15:00,92.541,92.554,92.532,92.542,83,14,0
2026-06-19 16:30:00,92.541,92.554,92.532,92.55,74,14,0
2026-06-19 16:45:00,92.552,92.558,92.536,92.552,91,14,0
2026-06-19 17:00:00,92.55,92.559,92.548,92.554,88,14,0
2026-06-19 17:15:00,92.556,92.571,92.551,92.568,48,14,0
2026-06-19 17:30:00,92.566,92.579,92.563,92.571,48,14,0
2026-06-19 17:45:00,92.569,92.587,92.556,92.563,104,14,0
2026-06-19 18:00:00,92.567,92.571,92.552,92.566,80,14,0
2026-06-19 18:15:00,92.568,92.575,92.563,92.571,61,14,0
2026-06-19 18:30:00,92.574,92.587,92.57,92.575,68,14,0
2026-06-19 18:45:00,92.573,92.598,92.57,92.576,92,14,0
2026-06-19 19:00:00,92.578,92.621,92.575,92.615,547,14,0
2026-06-19 19:15:00,92.612,92.615,92.575,92.592,469,14,0
2026-06-19 19:30:00,92.594,92.612,92.585,92.585,289,14,0
2026-06-19 19:45:00,92.587,92.607,92.571,92.575,152,14,0
2026-06-19 20:00:00,92.577,92.608,92.563,92.583,3090,14,0
2026-06-19 20:15:00,92.585,92.599,92.526,92.558,2170,14,0
2026-06-19 20:30:00,92.561,92.589,92.536,92.559,1992,14,0
2026-06-19 20:45:00,92.562,92.621,92.513,92.569,1858,14,0
2026-06-21 21:15:00,92.428,92.432,92.358,92.398,50,81,0
2026-06-21 21:30:00,92.392,92.506,92.392,92.506,92,61,0
2026-06-21 21:45:00,92.508,92.538,92.414,92.468,89,44,0
2026-06-21 22:00:00,92.47,92.511,92.427,92.498,229,41,0
2026-06-21 22:15:00,92.503,92.527,92.489,92.512,103,37,0
2026-06-21 22:30:00,92.515,92.532,92.504,92.532,89,35,0
2026-06-21 22:45:00,92.532,92.554,92.532,92.548,73,33,0
2026-06-21 23:00:00,92.558,92.596,92.534,92.568,194,14,0
2026-06-21 23:15:00,92.569,92.572,92.552,92.572,108,14,0
2026-06-21 23:30:00,92.575,92.576,92.521,92.545,114,14,0
2026-06-21 23:45:00,92.543,92.558,92.509,92.558,177,14,0
2026-06-22 00:00:00,92.559,92.617,92.557,92.584,328,14,0
2026-06-22 00:15:00,92.585,92.599,92.554,92.584,240,14,0
2026-06-22 00:30:00,92.588,92.592,92.548,92.556,193,14,0
2026-06-22 00:45:00,92.559,92.642,92.548,92.63,311,14,0
2026-06-22 01:00:00,92.633,92.694,92.624,92.652,407,14,0
2026-06-22 01:15:00,92.654,92.654,92.624,92.635,270,14,0
2026-06-22 01:30:00,92.634,92.634,92.587,92.605,210,14,0
2026-06-22 01:45:00,92.607,92.617,92.573,92.573,183,14,0
2026-06-22 02:00:00,92.574,92.627,92.563,92.575,223,14,0
2026-06-22 02:15:00,92.576,92.581,92.517,92.569,207,14,0
2026-06-22 02:30:00,92.567,92.605,92.544,92.559,191,14,0
2026-06-22 02:45:00,92.562,92.592,92.554,92.557,139,14,0
2026-06-22 03:00:00,92.555,92.6,92.55,92.567,173,14,0
2026-06-22 03:15:00,92.569,92.611,92.569,92.599,158,14,0
2026-06-22 03:30:00,92.602,92.614,92.559,92.56,130,14,0
2026-06-22 03:45:00,92.563,92.584,92.503,92.527,168,14,0
2026-06-22 04:00:00,92.529,92.573,92.498,92.561,218,14,0
2026-06-22 04:15:00,92.563,92.576,92.552,92.561,150,14,0
2026-06-22 04:30:00,92.56,92.585,92.548,92.555,120,14,0
2026-06-22 04:45:00,92.558,92.579,92.551,92.562,159,14,0
2026-06-22 05:00:00,92.564,92.607,92.564,92.589,159,14,0
2026-06-22 05:15:00,92.591,92.63,92.587,92.615,142,14,0
2026-06-22 05:30:00,92.617,92.654,92.6,92.616,209,14,0
2026-06-22 05:45:00,92.614,92.62,92.573,92.587,232,14,0
2026-06-22 06:00:00,92.585,92.645,92.574,92.645,375,14,0
2026-06-22 06:15:00,92.642,92.644,92.6,92.612,355,14,0
2026-06-22 06:30:00,92.611,92.619,92.574,92.574,299,14,0
2026-06-22 06:45:00,92.575,92.648,92.568,92.624,216,14,0
2026-06-22 07:00:00,92.622,92.639,92.61,92.638,263,14,0
2026-06-22 07:15:00,92.64,92.649,92.58,92.58,220,14,0
2026-06-22 07:30:00,92.578,92.58,92.534,92.57,277,14,0
2026-06-22 07:45:00,92.571,92.573,92.531,92.545,289,14,0
2026-06-22 08:00:00,92.547,92.553,92.49,92.53,278,14,0
2026-06-22 08:15:00,92.528,92.577,92.509,92.53,300,14,0
2026-06-22 08:30:00,92.528,92.564,92.52,92.56,332,14,0
2026-06-22 08:45:00,92.562,92.601,92.546,92.55,200,14,0
2026-06-22 09:00:00,92.552,92.671,92.55,92.642,333,14,0
2026-06-22 09:15:00,92.644,92.675,92.638,92.655,182,14,0
2026-06-22 09:30:00,92.653,92.672,92.629,92.65,228,14,0
2026-06-22 09:45:00,92.649,92.677,92.629,92.629,187,14,0
2026-06-22 10:00:00,92.632,92.693,92.622,92.668,279,14,0
2026-06-22 10:15:00,92.669,92.669,92.63,92.645,167,14,0
2026-06-22 10:30:00,92.644,92.664,92.626,92.634,161,14,0
2026-06-22 10:45:00,92.636,92.647,92.603,92.612,169,14,0
2026-06-22 11:00:00,92.611,92.681,92.605,92.617,352,14,0
2026-06-22 11:15:00,92.615,92.627,92.587,92.608,155,14,0
2026-06-22 11:30:00,92.609,92.621,92.597,92.611,164,14,0
2026-06-22 11:45:00,92.609,92.62,92.596,92.607,162,14,0
2026-06-22 12:00:00,92.609,92.717,92.606,92.699,287,14,0
2026-06-22 12:15:00,92.697,92.755,92.695,92.745,218,14,0
2026-06-22 12:30:00,92.747,92.756,92.723,92.751,277,14,0
2026-06-22 12:45:00,92.749,92.749,92.684,92.685,241,14,0
2026-06-22 13:00:00,92.688,92.735,92.664,92.728,554,14,0
2026-06-22 13:15:00,92.726,92.729,92.659,92.662,306,14,0
2026-06-22 13:30:00,92.664,92.705,92.657,92.671,439,14,0
2026-06-22 13:45:00,92.669,92.702,92.643,92.645,363,14,0
2026-06-22 14:00:00,92.642,92.665,92.359,92.616,2264,14,0
2026-06-22 14:15:00,92.619,92.651,92.605,92.619,537,14,0
2026-06-22 14:30:00,92.621,92.643,92.408,92.499,1061,14,0
2026-06-22 14:45:00,92.501,92.521,92.334,92.469,2074,14,0
2026-06-22 15:00:00,92.468,92.491,92.408,92.418,651,14,0
2026-06-22 15:15:00,92.421,92.501,92.376,92.477,510,14,0
2026-06-22 15:30:00,92.479,92.485,92.388,92.399,374,14,0
2026-06-22 15:45:00,92.401,92.425,92.362,92.374,345,14,0
2026-06-22 16:00:00,92.372,92.382,92.335,92.378,279,14,0
2026-06-22 16:15:00,92.377,92.427,92.361,92.372,290,14,0
2026-06-22 16:30:00,92.37,92.379,92.351,92.367,262,14,0
2026-06-22 16:45:00,92.365,92.406,92.363,92.399,212,14,0
2026-06-22 17:00:00,92.401,92.402,92.337,92.341,165,14,0
2026-06-22 17:15:00,92.342,92.357,92.32,92.32,125,14,0
2026-06-22 17:30:00,92.322,92.33,92.284,92.296,125,14,0
2026-06-22 17:45:00,92.294,92.296,92.268,92.272,123,14,0
2026-06-22 18:00:00,92.273,92.282,92.261,92.268,95,14,0
2026-06-22 18:15:00,92.271,92.282,92.256,92.266,131,14,0
2026-06-22 18:30:00,92.264,92.27,92.207,92.207,140,14,0
2026-06-22 18:45:00,92.209,92.223,92.186,92.193,207,14,0
2026-06-22 19:00:00,92.195,92.27,92.195,92.262,193,14,0
2026-06-22 19:15:00,92.264,92.279,92.249,92.272,163,14,0
2026-06-22 19:30:00,92.274,92.314,92.262,92.301,129,14,0
2026-06-22 19:45:00,92.302,92.366,92.301,92.329,178,14,0
2026-06-22 20:00:00,92.331,92.346,92.324,92.342,88,14,0
2026-06-22 20:15:00,92.341,92.342,92.294,92.3,99,14,0
2026-06-22 20:30:00,92.299,92.311,92.294,92.302,52,14,0
2026-06-22 20:45:00,92.303,92.316,92.287,92.302,120,14,0
2026-06-22 21:00:00,92.303,92.308,92.297,92.297,31,43,0
2026-06-22 21:15:00,92.299,92.314,92.297,92.308,102,57,0
2026-06-22 21:30:00,92.309,92.314,92.307,92.309,91,80,0
2026-06-22 21:45:00,92.309,92.322,92.307,92.315,73,66,0
2026-06-22 22:00:00,92.304,92.334,92.264,92.327,92,52,0
2026-06-22 22:15:00,92.322,92.345,92.315,92.316,53,42,0
2026-06-22 22:30:00,92.315,92.317,92.274,92.29,52,34,0
2026-06-22 22:45:00,92.291,92.315,92.266,92.303,66,30,0
2026-06-22 23:00:00,92.309,92.316,92.291,92.291,74,14,0
2026-06-22 23:15:00,92.292,92.298,92.278,92.294,62,14,0
2026-06-22 23:30:00,92.295,92.295,92.268,92.268,54,14,0
2026-06-22 23:45:00,92.267,92.267,92.233,92.266,136,14,0
2026-06-23 00:00:00,92.264,92.264,92.147,92.153,254,14,0
2026-06-23 00:15:00,92.155,92.162,92.098,92.117,231,14,0
2026-06-23 00:30:00,92.119,92.177,92.111,92.176,262,14,0
2026-06-23 00:45:00,92.178,92.206,92.122,92.139,422,14,0
2026-06-23 01:00:00,92.141,92.149,92.105,92.141,268,14,0
2026-06-23 01:15:00,92.143,92.168,92.111,92.149,235,14,0
2026-06-23 01:30:00,92.15,92.194,92.138,92.173,205,14,0
2026-06-23 01:45:00,92.171,92.22,92.161,92.176,248,14,0
2026-06-23 02:00:00,92.177,92.184,92.112,92.143,250,14,0
2026-06-23 02:15:00,92.142,92.21,92.142,92.183,200,14,0
2026-06-23 02:30:00,92.185,92.204,92.154,92.186,175,14,0
2026-06-23 02:45:00,92.188,92.188,92.098,92.101,197,14,0
2026-06-23 03:00:00,92.102,92.121,91.999,92.034,335,14,0
2026-06-23 03:15:00,92.036,92.08,91.985,92.08,261,14,0
2026-06-23 03:30:00,92.078,92.098,92.039,92.061,171,14,0
2026-06-23 03:45:00,92.059,92.132,92.015,92.129,161,14,0
2026-06-23 04:00:00,92.131,92.134,92.099,92.104,168,14,0
2026-06-23 04:15:00,92.105,92.108,92.061,92.064,127,14,0
2026-06-23 04:30:00,92.062,92.062,92.035,92.047,134,14,0
2026-06-23 04:45:00,92.049,92.055,91.989,92.007,169,14,0
2026-06-23 05:00:00,92.009,92.016,91.97,91.983,225,14,0
2026-06-23 05:15:00,91.982,92.019,91.976,92.005,170,14,0
2026-06-23 05:30:00,92.003,92.028,91.981,92.028,276,14,0
2026-06-23 05:45:00,92.029,92.038,91.997,92.034,257,14,0
2026-06-23 06:00:00,92.031,92.057,91.993,92.025,347,14,0
2026-06-23 06:15:00,92.024,92.062,92.007,92.017,397,14,0
2026-06-23 06:30:00,92.015,92.029,91.909,91.914,350,14,0
2026-06-23 06:45:00,91.913,91.943,91.899,91.922,305,14,0
2026-06-23 07:00:00,91.923,91.926,91.766,91.91,1330,14,0
2026-06-23 07:15:00,91.912,91.925,91.869,91.924,419,14,0
2026-06-23 07:30:00,91.922,91.922,91.829,91.838,505,14,0
2026-06-23 07:45:00,91.836,91.843,91.765,91.779,481,14,0
2026-06-23 08:00:00,91.778,91.797,91.703,91.789,639,14,0
2026-06-23 08:15:00,91.79,91.802,91.725,91.754,370,14,0
2026-06-23 08:30:00,91.752,91.799,91.737,91.763,320,14,0
2026-06-23 08:45:00,91.76,91.789,91.731,91.779,241,14,0
2026-06-23 09:00:00,91.782,91.84,91.772,91.822,295,14,0
2026-06-23 09:15:00,91.82,91.85,91.811,91.828,273,14,0
2026-06-23 09:30:00,91.826,91.854,91.797,91.839,287,14,0
2026-06-23 09:45:00,91.841,91.87,91.834,91.867,221,14,0
2026-06-23 10:00:00,91.865,91.911,91.857,91.874,225,14,0
2026-06-23 10:15:00,91.876,91.889,91.824,91.825,214,14,0
2026-06-23 10:30:00,91.823,91.83,91.799,91.82,213,14,0
2026-06-23 10:45:00,91.818,91.822,91.743,91.778,325,14,0
2026-06-23 11:00:00,91.776,91.811,91.771,91.787,269,14,0
2026-06-23 11:15:00,91.785,91.812,91.761,91.772,307,14,0
2026-06-23 11:30:00,91.773,91.815,91.759,91.807,243,14,0
2026-06-23 11:45:00,91.808,91.813,91.673,91.677,290,14,0
2026-06-23 12:00:00,91.679,91.752,91.674,91.687,424,14,0
2026-06-23 12:15:00,91.69,91.707,91.615,91.62,364,14,0
2026-06-23 12:30:00,91.622,91.649,91.594,91.594,339,14,0
2026-06-23 12:45:00,91.596,91.655,91.595,91.638,250,14,0
2026-06-23 13:00:00,91.64,91.694,91.612,91.628,359,14,0
2026-06-23 13:15:00,91.627,91.675,91.592,91.656,320,14,0
2026-06-23 13:30:00,91.657,91.703,91.622,91.678,585,14,0
2026-06-23 13:45:00,91.682,91.735,91.663,91.691,479,14,0
2026-06-23 14:00:00,91.689,91.723,91.665,91.717,535,14,0
2026-06-23 14:15:00,91.718,91.728,91.66,91.698,389,14,0
2026-06-23 14:30:00,91.697,91.702,91.66,91.701,417,14,0
2026-06-23 14:45:00,91.702,91.757,91.697,91.738,553,14,0
2026-06-23 15:00:00,91.739,91.762,91.708,91.75,393,14,0
2026-06-23 15:15:00,91.752,91.77,91.682,91.685,369,14,0
2026-06-23 15:30:00,91.684,91.694,91.572,91.581,415,14,0
2026-06-23 15:45:00,91.582,91.609,91.556,91.606,293,14,0
2026-06-23 16:00:00,91.609,91.645,91.608,91.64,247,14,0
2026-06-23 16:15:00,91.639,91.65,91.621,91.623,185,14,0
2026-06-23 16:30:00,91.621,91.621,91.594,91.607,164,14,0
2026-06-23 16:45:00,91.605,91.61,91.58,91.588,175,14,0
2026-06-23 17:00:00,91.586,91.606,91.568,91.6,171,14,0
2026-06-23 17:15:00,91.603,91.629,91.594,91.598,141,14,0
2026-06-23 17:30:00,91.596,91.616,91.564,91.574,143,14,0
2026-06-23 17:45:00,91.572,91.58,91.537,91.553,153,14,0
2026-06-23 18:00:00,91.551,91.564,91.537,91.556,118,14,0
2026-06-23 18:15:00,91.557,91.578,91.541,91.541,113,14,0
2026-06-23 18:30:00,91.539,91.545,91.501,91.501,151,14,0
2026-06-23 18:45:00,91.5,91.532,91.487,91.532,169,14,0
2026-06-23 19:00:00,91.533,91.587,91.519,91.569,174,14,0
2026-06-23 19:15:00,91.566,91.571,91.544,91.561,145,14,0
2026-06-23 19:30:00,91.563,91.563,91.54,91.553,162,14,0
2026-06-23 19:45:00,91.556,91.569,91.527,91.538,172,14,0
2026-06-23 20:00:00,91.541,91.569,91.538,91.562,131,14,0
2026-06-23 20:15:00,91.561,91.563,91.54,91.549,70,14,0
2026-06-23 20:30:00,91.547,91.567,91.545,91.567,42,14,0
2026-06-23 20:45:00,91.565,91.567,91.547,91.55,71,14,0
2026-06-23 21:00:00,91.549,91.549,91.544,91.547,36,43,0
2026-06-23 21:15:00,91.548,91.552,91.538,91.551,85,59,0
2026-06-23 21:30:00,91.55,91.561,91.55,91.56,67,52,0
2026-06-23 21:45:00,91.561,91.572,91.551,91.572,67,46,0
2026-06-23 22:00:00,91.579,91.597,91.542,91.579,74,27,0
2026-06-23 22:15:00,91.578,91.58,91.567,91.568,63,25,0
2026-06-23 22:30:00,91.571,91.581,91.552,91.56,84,24,0
2026-06-23 22:45:00,91.555,91.575,91.553,91.565,37,23,0
2026-06-23 23:00:00,91.569,91.573,91.515,91.529,101,14,0
2026-06-23 23:15:00,91.531,91.533,91.506,91.506,49,14,0
2026-06-23 23:30:00,91.504,91.504,91.467,91.486,84,14,0
2026-06-23 23:45:00,91.487,91.55,91.487,91.523,227,14,0
2026-06-24 00:00:00,91.525,91.596,91.498,91.549,442,14,0
2026-06-24 00:15:00,91.547,91.586,91.514,91.564,293,14,0
2026-06-24 00:30:00,91.566,91.587,91.552,91.578,219,14,0
2026-06-24 00:45:00,91.58,91.609,91.553,91.566,264,14,0
2026-06-24 01:00:00,91.568,91.568,91.489,91.519,351,14,0
2026-06-24 01:15:00,91.518,91.522,91.463,91.506,259,14,0
2026-06-24 01:30:00,91.504,91.529,91.466,91.468,331,14,0
2026-06-24 01:45:00,91.47,91.509,91.435,91.487,258,14,0
2026-06-24 02:00:00,91.485,91.497,91.464,91.473,184,14,0
2026-06-24 02:15:00,91.472,91.474,91.436,91.468,187,14,0
2026-06-24 02:30:00,91.469,91.48,91.404,91.406,214,14,0
2026-06-24 02:45:00,91.408,91.409,91.309,91.309,256,14,0
2026-06-24 03:00:00,91.307,91.36,91.293,91.347,209,14,0
2026-06-24 03:15:00,91.346,91.363,91.312,91.363,192,14,0
2026-06-24 03:30:00,91.359,91.378,91.344,91.373,187,14,0
2026-06-24 03:45:00,91.376,91.376,91.335,91.335,134,14,0
2026-06-24 04:00:00,91.336,91.336,91.282,91.292,110,14,0
2026-06-24 04:15:00,91.294,91.334,91.285,91.317,91,14,0
2026-06-24 04:30:00,91.32,91.357,91.32,91.353,124,14,0
2026-06-24 04:45:00,91.351,91.363,91.323,91.335,124,14,0
2026-06-24 05:00:00,91.336,91.4,91.331,91.372,193,14,0
2026-06-24 05:15:00,91.374,91.425,91.366,91.396,249,14,0
2026-06-24 05:30:00,91.398,91.421,91.375,91.375,190,14,0
2026-06-24 05:45:00,91.372,91.404,91.364,91.397,143,14,0
2026-06-24 06:00:00,91.395,91.496,91.395,91.488,283,14,0
2026-06-24 06:15:00,91.486,91.486,91.435,91.455,273,14,0
2026-06-24 06:30:00,91.457,91.47,91.379,91.418,307,14,0
2026-06-24 06:45:00,91.416,91.422,91.372,91.392,236,14,0
2026-06-24 07:00:00,91.393,91.404,91.363,91.387,227,14,0
2026-06-24 07:15:00,91.388,91.403,91.374,91.377,230,14,0
2026-06-24 07:30:00,91.379,91.41,91.367,91.402,246,14,0
2026-06-24 07:45:00,91.4,91.412,91.32,91.32,265,14,0
2026-06-24 08:00:00,91.322,91.336,91.233,91.236,330,14,0
2026-06-24 08:15:00,91.234,91.294,91.229,91.288,322,14,0
2026-06-24 08:30:00,91.29,91.33,91.269,91.32,277,14,0
2026-06-24 08:45:00,91.322,91.34,91.299,91.335,172,14,0
2026-06-24 09:00:00,91.333,91.343,91.274,91.316,282,14,0
2026-06-24 09:15:00,91.318,91.318,91.226,91.235,225,14,0
2026-06-24 09:30:00,91.237,91.272,91.214,91.217,264,14,0
2026-06-24 09:45:00,91.216,91.244,91.204,91.207,190,14,0
2026-06-24 10:00:00,91.209,91.209,91.101,91.123,283,14,0
2026-06-24 10:15:00,91.126,91.138,91.084,91.092,207,14,0
2026-06-24 10:30:00,91.091,91.122,91.06,91.081,279,14,0
2026-06-24 10:45:00,91.08,91.116,91.071,91.099,217,14,0
2026-06-24 11:00:00,91.101,91.13,91.089,91.104,220,14,0
2026-06-24 11:15:00,91.105,91.138,91.09,91.115,209,14,0
2026-06-24 11:30:00,91.116,91.211,91.116,91.18,306,14,0
2026-06-24 11:45:00,91.178,91.237,91.165,91.191,371,14,0
2026-06-24 12:00:00,91.192,91.241,91.192,91.219,305,14,0
2026-06-24 12:15:00,91.221,91.227,91.128,91.136,348,14,0
2026-06-24 12:30:00,91.135,91.136,91.071,91.098,409,14,0
2026-06-24 12:45:00,91.1,91.133,91.065,91.117,315,14,0
2026-06-24 13:00:00,91.119,91.144,91.102,91.12,388,14,0
2026-06-24 13:15:00,91.121,91.228,91.112,91.217,365,14,0
2026-06-24 13:30:00,91.215,91.275,91.21,91.241,572,14,0
2026-06-24 13:45:00,91.239,91.334,91.208,91.32,554,14,0
2026-06-24 14:00:00,91.318,91.329,91.284,91.303,479,14,0
2026-06-24 14:15:00,91.306,91.315,91.243,91.254,438,14,0
2026-06-24 14:30:00,91.256,91.262,91.177,91.196,403,14,0
2026-06-24 14:45:00,91.193,91.272,91.182,91.27,426,14,0
2026-06-24 15:00:00,91.272,91.339,91.259,91.328,444,14,0
2026-06-24 15:15:00,91.326,91.378,91.317,91.363,390,14,0
2026-06-24 15:30:00,91.366,91.371,91.281,91.296,333,14,0
2026-06-24 15:45:00,91.293,91.324,91.277,91.298,264,14,0
2026-06-24 16:00:00,91.296,91.319,91.286,91.305,259,14,0
2026-06-24 16:15:00,91.306,91.358,91.306,91.355,237,14,0
2026-06-24 16:30:00,91.354,91.423,91.353,91.394,312,14,0
2026-06-24 16:45:00,91.393,91.429,91.389,91.407,169,14,0
2026-06-24 17:00:00,91.408,91.416,91.343,91.347,215,14,0
2026-06-24 17:15:00,91.349,91.357,91.283,91.286,225,14,0
2026-06-24 17:30:00,91.283,91.32,91.26,91.267,274,14,0
2026-06-24 17:45:00,91.266,91.268,91.23,91.234,234,14,0
2026-06-24 18:00:00,91.236,91.271,91.211,91.264,292,14,0
2026-06-24 18:15:00,91.266,91.3,91.261,91.295,215,14,0
2026-06-24 18:30:00,91.297,91.315,91.248,91.257,205,14,0
2026-06-24 18:45:00,91.254,91.254,91.155,91.157,215,14,0
2026-06-24 19:00:00,91.156,91.242,91.133,91.215,199,14,0
2026-06-24 19:15:00,91.216,91.262,91.21,91.262,141,14,0
2026-06-24 19:30:00,91.26,91.282,91.253,91.277,160,14,0
2026-06-24 19:45:00,91.276,91.316,91.274,91.301,195,14,0
2026-06-24 20:00:00,91.3,91.36,91.288,91.341,266,14,0
2026-06-24 20:15:00,91.34,91.396,91.33,91.391,121,14,0
2026-06-24 20:30:00,91.393,91.419,91.39,91.409,126,14,0
2026-06-24 20:45:00,91.407,91.42,91.381,91.382,157,14,0
2026-06-24 21:00:00,91.383,91.383,91.341,91.361,27,43,0
2026-06-24 21:15:00,91.359,91.362,91.246,91.276,163,60,0
2026-06-24 21:30:00,91.275,91.312,91.272,91.297,146,157,0
2026-06-24 21:45:00,91.294,91.331,91.294,91.309,95,106,0
2026-06-24 22:00:00,91.324,91.39,91.324,91.373,103,44,0
2026-06-24 22:15:00,91.372,91.372,91.326,91.326,56,36,0
2026-06-24 22:30:00,91.325,91.346,91.317,91.338,68,30,0
2026-06-24 22:45:00,91.336,91.341,91.319,91.322,42,28,0
2026-06-24 23:00:00,91.329,91.334,91.314,91.33,76,14,0
2026-06-24 23:15:00,91.332,91.346,91.327,91.338,67,14,0
2026-06-24 23:30:00,91.335,91.335,91.306,91.323,69,14,0
2026-06-24 23:45:00,91.322,91.326,91.287,91.292,119,14,0
2026-06-25 00:00:00,91.294,91.304,91.231,91.246,297,14,0
2026-06-25 00:15:00,91.247,91.273,91.235,91.24,190,14,0
2026-06-25 00:30:00,91.241,91.245,91.201,91.229,150,14,0
2026-06-25 00:45:00,91.227,91.307,91.213,91.266,280,14,0
2026-06-25 01:00:00,91.268,91.327,91.266,91.318,354,14,0
2026-06-25 01:15:00,91.32,91.369,91.301,91.305,428,14,0
2026-06-25 01:30:00,91.302,91.315,91.216,91.216,436,14,0
2026-06-25 01:45:00,91.214,91.25,91.176,91.181,335,14,0
2026-06-25 02:00:00,91.183,91.228,91.149,91.155,268,14,0
2026-06-25 02:15:00,91.153,91.203,91.138,91.171,190,14,0
2026-06-25 02:30:00,91.168,91.168,91.094,91.102,233,14,0
2026-06-25 02:45:00,91.104,91.177,91.103,91.17,181,14,0
2026-06-25 03:00:00,91.172,91.192,91.158,91.178,182,14,0
2026-06-25 03:15:00,91.177,91.211,91.168,91.187,197,14,0
2026-06-25 03:30:00,91.189,91.215,91.182,91.215,124,14,0
2026-06-25 03:45:00,91.216,91.275,91.213,91.263,147,14,0
2026-06-25 04:00:00,91.264,91.281,91.248,91.265,158,14,0
2026-06-25 04:15:00,91.267,91.307,91.267,91.296,137,14,0
2026-06-25 04:30:00,91.294,91.3,91.279,91.296,93,14,0
2026-06-25 04:45:00,91.297,91.358,91.296,91.348,109,14,0
2026-06-25 05:00:00,91.349,91.384,91.33,91.332,147,14,0
2026-06-25 05:15:00,91.333,91.334,91.297,91.301,136,14,0
2026-06-25 05:30:00,91.303,91.35,91.296,91.306,201,14,0
2026-06-25 05:45:00,91.304,91.327,91.287,91.322,208,14,0
2026-06-25 06:00:00,91.32,91.34,91.292,91.305,256,14,0
2026-06-25 06:15:00,91.304,91.312,91.284,91.297,255,14,0
2026-06-25 06:30:00,91.295,91.304,91.221,91.258,316,14,0
2026-06-25 06:45:00,91.259,91.289,91.246,91.268,227,14,0
2026-06-25 07:00:00,91.27,91.293,91.228,91.245,387,14,0
2026-06-25 07:15:00,91.246,91.256,91.209,91.221,321,14,0
2026-06-25 07:30:00,91.224,91.281,91.224,91.253,269,14,0
2026-06-25 07:45:00,91.255,91.318,91.248,91.318,243,14,0
2026-06-25 08:00:00,91.321,91.387,91.319,91.363,353,14,0
2026-06-25 08:15:00,91.362,91.411,91.348,91.406,192,14,0
2026-06-25 08:30:00,91.408,91.413,91.387,91.404,211,14,0
2026-06-25 08:45:00,91.403,91.405,91.36,91.364,219,14,0
2026-06-25 09:00:00,91.362,91.386,91.362,91.378,159,14,0
2026-06-25 09:15:00,91.379,91.436,91.373,91.436,144,14,0
2026-06-25 09:30:00,91.434,91.437,91.359,91.368,162,14,0
2026-06-25 09:45:00,91.366,91.403,91.346,91.376,142,14,0
2026-06-25 10:00:00,91.374,91.375,91.321,91.326,153,14,0
2026-06-25 10:15:00,91.325,91.327,91.303,91.322,119,14,0
2026-06-25 10:30:00,91.324,91.328,91.283,91.287,134,14,0
2026-06-25 10:45:00,91.286,91.292,91.267,91.29,138,14,0
2026-06-25 11:00:00,91.292,91.297,91.255,91.275,149,14,0
2026-06-25 11:15:00,91.274,91.286,91.254,91.256,138,14,0
2026-06-25 11:30:00,91.257,91.277,91.229,91.27,239,14,0
2026-06-25 11:45:00,91.269,91.272,91.19,91.223,521,14,0
2026-06-25 12:00:00,91.224,91.258,91.221,91.233,249,14,0
2026-06-25 12:15:00,91.23,91.235,91.21,91.23,226,14,0
2026-06-25 12:30:00,91.225,91.414,91.219,91.406,888,14,0
2026-06-25 12:45:00,91.403,91.445,91.337,91.349,561,14,0
2026-06-25 13:00:00,91.352,91.393,91.29,91.312,442,14,0
2026-06-25 13:15:00,91.314,91.393,91.31,91.384,427,14,0
2026-06-25 13:30:00,91.381,91.393,91.319,91.327,564,14,0
2026-06-25 13:45:00,91.325,91.36,91.252,91.265,822,14,0
2026-06-25 14:00:00,91.267,91.42,91.267,91.343,960,14,0
2026-06-25 14:15:00,91.34,91.362,91.214,91.289,604,14,0
2026-06-25 14:30:00,91.287,91.299,91.233,91.252,594,14,0
2026-06-25 14:45:00,91.254,91.338,91.232,91.335,549,14,0
2026-06-25 15:00:00,91.336,91.42,91.33,91.349,599,14,0
2026-06-25 15:15:00,91.35,91.441,91.326,91.421,473,14,0
2026-06-25 15:30:00,91.418,91.437,91.392,91.404,400,14,0
2026-06-25 15:45:00,91.402,91.467,91.391,91.464,339,14,0
2026-06-25 16:00:00,91.466,91.497,91.461,91.478,281,14,0
2026-06-25 16:15:00,91.48,91.52,91.48,91.508,268,14,0
2026-06-25 16:30:00,91.505,91.505,91.423,91.424,240,14,0
2026-06-25 16:45:00,91.427,91.431,91.402,91.424,231,14,0
2026-06-25 17:00:00,91.426,91.438,91.407,91.417,187,14,0
2026-06-25 17:15:00,91.42,91.44,91.402,91.423,168,14,0
2026-06-25 17:30:00,91.424,91.431,91.401,91.414,160,14,0
2026-06-25 17:45:00,91.412,91.434,91.392,91.414,179,14,0
2026-06-25 18:00:00,91.413,91.432,91.356,91.42,325,14,0
2026-06-25 18:15:00,91.419,91.448,91.416,91.439,180,14,0
2026-06-25 18:30:00,91.441,91.441,91.379,91.398,190,14,0
2026-06-25 18:45:00,91.396,91.418,91.383,91.39,158,14,0
2026-06-25 19:00:00,91.387,91.396,91.366,91.391,172,14,0
2026-06-25 19:15:00,91.39,91.416,91.383,91.415,142,14,0
2026-06-25 19:30:00,91.413,91.413,91.367,91.377,195,14,0
2026-06-25 19:45:00,91.375,91.382,91.34,91.377,221,14,0
2026-06-25 20:00:00,91.379,91.405,91.372,91.381,151,14,0
2026-06-25 20:15:00,91.382,91.404,91.369,91.371,79,14,0
2026-06-25 20:30:00,91.372,91.373,91.36,91.366,37,14,0
2026-06-25 20:45:00,91.364,91.368,91.349,91.35,74,14,0
2026-06-25 21:00:00,91.349,91.357,91.344,91.346,87,43,0
2026-06-25 21:15:00,91.348,91.348,91.328,91.328,172,108,0
2026-06-25 21:30:00,91.325,91.345,91.293,91.345,139,95,0
2026-06-25 21:45:00,91.344,91.352,91.32,91.349,77,77,0
2026-06-25 22:00:00,91.359,91.38,91.332,91.344,103,28,0
2026-06-25 22:15:00,91.348,91.373,91.346,91.358,40,26,0
2026-06-25 22:30:00,91.352,91.363,91.327,91.327,53,24,0
2026-06-25 22:45:00,91.334,91.377,91.329,91.358,69,24,0
2026-06-25 23:00:00,91.362,91.362,91.329,91.347,105,14,0
2026-06-25 23:15:00,91.345,91.346,91.323,91.323,102,14,0
2026-06-25 23:30:00,91.321,91.321,91.284,91.3,88,14,0
2026-06-25 23:45:00,91.299,91.314,91.278,91.292,139,14,0
2026-06-26 00:00:00,91.294,91.327,91.285,91.318,300,14,0
2026-06-26 00:15:00,91.316,91.342,91.298,91.325,211,14,0
2026-06-26 00:30:00,91.326,91.352,91.3,91.316,238,14,0
2026-06-26 00:45:00,91.314,91.353,91.298,91.301,247,14,0
2026-06-26 01:00:00,91.303,91.354,91.296,91.317,280,14,0
2026-06-26 01:15:00,91.315,91.366,91.308,91.353,257,14,0
2026-06-26 01:30:00,91.354,91.367,91.239,91.256,307,14,0
2026-06-26 01:45:00,91.254,91.254,91.217,91.248,272,14,0
2026-06-26 02:00:00,91.25,91.252,91.162,91.162,232,14,0
2026-06-26 02:15:00,91.16,91.162,91.036,91.047,332,14,0
2026-06-26 02:30:00,91.049,91.144,91.046,91.12,245,14,0
2026-06-26 02:45:00,91.122,91.136,91.073,91.118,283,14,0
2026-06-26 03:00:00,91.121,91.147,91.087,91.143,283,14,0
2026-06-26 03:15:00,91.145,91.156,91.111,91.131,150,14,0
2026-06-26 03:30:00,91.13,91.141,91.105,91.129,266,14,0
2026-06-26 03:45:00,91.128,91.172,91.093,91.17,316,14,0
2026-06-26 04:00:00,91.173,91.204,91.163,91.178,277,14,0
2026-06-26 04:15:00,91.177,91.223,91.16,91.163,217,14,0
2026-06-26 04:30:00,91.161,91.168,91.111,91.151,216,14,0
2026-06-26 04:45:00,91.153,91.193,91.152,91.167,160,14,0
2026-06-26 05:00:00,91.168,91.213,91.16,91.211,194,14,0
2026-06-26 05:15:00,91.213,91.248,91.199,91.242,192,14,0
2026-06-26 05:30:00,91.244,91.263,91.202,91.208,215,14,0
2026-06-26 05:45:00,91.206,91.244,91.169,91.219,248,14,0
2026-06-26 06:00:00,91.222,91.249,91.171,91.21,317,14,0
2026-06-26 06:15:00,91.213,91.282,91.213,91.277,293,14,0
2026-06-26 06:30:00,91.278,91.322,91.264,91.306,273,14,0
2026-06-26 06:45:00,91.304,91.361,91.304,91.322,283,14,0
2026-06-26 07:00:00,91.324,91.331,91.286,91.29,279,14,0
2026-06-26 07:15:00,91.287,91.301,91.253,91.273,259,14,0
2026-06-26 07:30:00,91.272,91.317,91.269,91.298,227,14,0
2026-06-26 07:45:00,91.295,91.296,91.238,91.25,242,14,0
2026-06-26 08:00:00,91.248,91.29,91.194,91.287,441,14,0
2026-06-26 08:15:00,91.284,91.349,91.276,91.347,314,14,0
2026-06-26 08:30:00,91.345,91.352,91.289,91.305,273,14,0
2026-06-26 08:45:00,91.307,91.338,91.289,91.294,361,14,0
2026-06-26 09:00:00,91.292,91.292,91.246,91.268,295,14,0
2026-06-26 09:15:00,91.267,91.349,91.264,91.341,299,14,0
2026-06-26 09:30:00,91.339,91.382,91.316,91.357,236,14,0
2026-06-26 09:45:00,91.354,91.394,91.346,91.355,242,14,0
2026-06-26 10:00:00,91.357,91.367,91.317,91.364,253,14,0
2026-06-26 10:15:00,91.363,91.366,91.328,91.35,159,14,0
2026-06-26 10:30:00,91.348,91.374,91.344,91.355,165,14,0
2026-06-26 10:45:00,91.353,91.388,91.349,91.385,152,14,0
2026-06-26 11:00:00,91.387,91.395,91.34,91.348,228,14,0
2026-06-26 11:15:00,91.349,91.377,91.331,91.351,213,14,0
2026-06-26 11:30:00,91.349,91.369,91.326,91.326,205,14,0
2026-06-26 11:45:00,91.328,91.344,91.281,91.301,233,14,0
2026-06-26 12:00:00,91.298,91.329,91.287,91.321,252,14,0
2026-06-26 12:15:00,91.32,91.341,91.285,91.321,257,14,0
2026-06-26 12:30:00,91.319,91.335,91.287,91.304,295,14,0
2026-06-26 12:45:00,91.302,91.377,91.284,91.348,444,14,0
2026-06-26 13:00:00,91.351,91.412,91.348,91.402,377,14,0
2026-06-26 13:15:00,91.401,91.419,91.313,91.355,641,14,0
2026-06-26 13:30:00,91.352,91.382,91.305,91.378,526,14,0
2026-06-26 13:45:00,91.379,91.396,91.331,91.388,477,14,0
2026-06-26 14:00:00,91.393,91.42,91.372,91.402,389,14,0
2026-06-26 14:15:00,91.405,91.421,91.359,91.393,371,14,0
2026-06-26 14:30:00,91.39,91.401,91.323,91.326,327,14,0
2026-06-26 14:45:00,91.328,91.376,91.262,91.313,479,14,0
2026-06-26 15:00:00,91.312,91.347,91.273,91.287,407,14,0
2026-06-26 15:15:00,91.286,91.336,91.273,91.325,282,14,0
2026-06-26 15:30:00,91.328,91.366,91.314,91.358,273,14,0
2026-06-26 15:45:00,91.36,91.37,91.289,91.329,498,14,0
2026-06-26 16:00:00,91.331,91.342,91.292,91.31,233,14,0
2026-06-26 16:15:00,91.309,91.319,91.269,91.28,267,14,0
2026-06-26 16:30:00,91.282,91.297,91.228,91.244,232,14,0
2026-06-26 16:45:00,91.246,91.261,91.233,91.247,147,14,0
2026-06-26 17:00:00,91.244,91.269,91.24,91.258,121,14,0
2026-06-26 17:15:00,91.256,91.256,91.228,91.232,103,14,0
2026-06-26 17:30:00,91.233,91.247,91.197,91.227,154,14,0
2026-06-26 17:45:00,91.228,91.243,91.22,91.229,104,14,0
2026-06-26 18:00:00,91.226,91.254,91.224,91.233,139,14,0
2026-06-26 18:15:00,91.234,91.241,91.197,91.207,133,14,0
2026-06-26 18:30:00,91.208,91.22,91.204,91.205,80,14,0
2026-06-26 18:45:00,91.203,91.203,91.162,91.167,132,14,0
2026-06-26 19:00:00,91.165,91.186,91.157,91.186,103,14,0
2026-06-26 19:15:00,91.184,91.187,91.153,91.164,100,14,0
2026-06-26 19:30:00,91.165,91.194,91.163,91.189,82,14,0
2026-06-26 19:45:00,91.191,91.244,91.191,91.224,150,14,0
2026-06-26 20:00:00,91.227,91.243,91.207,91.232,176,14,0
2026-06-26 20:15:00,91.233,91.257,91.232,91.232,114,14,0
2026-06-26 20:30:00,91.234,91.234,91.164,91.192,335,14,0
2026-06-26 20:45:00,91.19,91.2,91.158,91.186,343,14,0
2026-06-28 21:00:00,91.237,91.265,91.237,91.265,14,50,0
2026-06-28 21:15:00,91.235,91.24,91.196,91.223,48,63,0
2026-06-28 21:30:00,91.228,91.235,91.213,91.226,54,44,0
2026-06-28 21:45:00,91.223,91.271,91.222,91.271,65,39,0
2026-06-28 22:00:00,91.289,91.289,91.171,91.232,190,36,0
2026-06-28 22:15:00,91.227,91.238,91.212,91.223,72,34,0
2026-06-28 22:30:00,91.225,91.263,91.222,91.253,71,33,0
2026-06-28 22:45:00,91.252,91.253,91.217,91.22,39,32,0
2026-06-28 23:00:00,91.229,91.265,91.214,91.252,119,14,0
2026-06-28 23:15:00,91.251,91.26,91.244,91.258,53,14,0
2026-06-28 23:30:00,91.256,91.263,91.233,91.261,80,14,0
2026-06-28 23:45:00,91.259,91.271,91.242,91.242,114,14,0
2026-06-29 00:00:00,91.24,91.24,91.162,91.164,380,14,0
2026-06-29 00:15:00,91.161,91.175,91.112,91.112,281,14,0
2026-06-29 00:30:00,91.11,91.16,91.103,91.146,207,14,0
2026-06-29 00:45:00,91.143,91.16,91.093,91.156,258,14,0
2026-06-29 01:00:00,91.154,91.197,91.113,91.166,300,14,0
2026-06-29 01:15:00,91.163,91.238,91.162,91.208,283,14,0
2026-06-29 01:30:00,91.21,91.282,91.18,91.264,288,14,0
2026-06-29 01:45:00,91.265,91.267,91.226,91.239,219,14,0
2026-06-29 02:00:00,91.24,91.253,91.224,91.23,236,14,0
2026-06-29 02:15:00,91.231,91.33,91.221,91.327,201,14,0
2026-06-29 02:30:00,91.326,91.336,91.294,91.319,193,14,0
2026-06-29 02:45:00,91.321,91.324,91.275,91.279,131,14,0
2026-06-29 03:00:00,91.282,91.333,91.282,91.326,147,14,0
2026-06-29 03:15:00,91.325,91.335,91.304,91.335,117,14,0
2026-06-29 03:30:00,91.337,91.349,91.318,91.32,148,14,0
2026-06-29 03:45:00,91.321,91.325,91.299,91.299,149,14,0
2026-06-29 04:00:00,91.297,91.32,91.288,91.314,115,14,0
2026-06-29 04:15:00,91.312,91.336,91.296,91.335,88,14,0
2026-06-29 04:30:00,91.336,91.352,91.318,91.331,94,14,0
2026-06-29 04:45:00,91.329,91.342,91.299,91.313,125,14,0
2026-06-29 05:00:00,91.314,91.356,91.308,91.352,142,14,0
2026-06-29 05:15:00,91.353,91.36,91.337,91.35,103,14,0
2026-06-29 05:30:00,91.352,91.398,91.344,91.393,138,14,0
2026-06-29 05:45:00,91.392,91.449,91.383,91.445,199,14,0
2026-06-29 06:00:00,91.448,91.461,91.417,91.459,227,14,0
2026-06-29 06:15:00,91.456,91.525,91.445,91.517,195,14,0
2026-06-29 06:30:00,91.518,91.53,91.481,91.505,248,14,0
2026-06-29 06:45:00,91.507,91.54,91.501,91.531,199,14,0
2026-06-29 07:00:00,91.532,91.534,91.476,91.492,233,14,0
2026-06-29 07:15:00,91.493,91.524,91.477,91.504,186,14,0
2026-06-29 07:30:00,91.506,91.54,91.496,91.516,199,14,0
2026-06-29 07:45:00,91.514,91.527,91.472,91.481,200,14,0
2026-06-29 08:00:00,91.482,91.495,91.434,91.434,218,14,0
2026-06-29 08:15:00,91.436,91.445,91.408,91.427,194,14,0
2026-06-29 08:30:00,91.429,91.465,91.426,91.446,190,14,0
2026-06-29 08:45:00,91.444,91.448,91.387,91.423,173,14,0
2026-06-29 09:00:00,91.425,91.451,91.413,91.441,169,14,0
2026-06-29 09:15:00,91.439,91.457,91.416,91.456,149,14,0
2026-06-29 09:30:00,91.457,91.473,91.427,91.443,201,14,0
2026-06-29 09:45:00,91.441,91.475,91.431,91.472,154,14,0
2026-06-29 10:00:00,91.475,91.49,91.464,91.464,159,14,0
2026-06-29 10:15:00,91.462,91.487,91.456,91.475,119,14,0
2026-06-29 10:30:00,91.474,91.49,91.448,91.48,109,14,0
2026-06-29 10:45:00,91.476,91.511,91.464,91.503,158,14,0
2026-06-29 11:00:00,91.502,91.531,91.483,91.487,162,14,0
2026-06-29 11:15:00,91.486,91.496,91.465,91.473,143,14,0
2026-06-29 11:30:00,91.472,91.499,91.456,91.464,209,14,0
2026-06-29 11:45:00,91.467,91.52,91.467,91.516,147,14,0
2026-06-29 12:00:00,91.514,91.518,91.487,91.508,171,14,0
2026-06-29 12:15:00,91.506,91.526,91.454,91.462,242,14,0
2026-06-29 12:30:00,91.464,91.5,91.42,91.445,206,14,0
2026-06-29 12:45:00,91.444,91.47,91.432,91.469,174,14,0
2026-06-29 13:00:00,91.471,91.481,91.457,91.459,151,14,0
2026-06-29 13:15:00,91.458,91.507,91.438,91.497,212,14,0
2026-06-29 13:30:00,91.495,91.514,91.446,91.497,350,14,0
2026-06-29 13:45:00,91.494,91.5,91.452,91.476,360,14,0
2026-06-29 14:00:00,91.477,91.478,91.351,91.351,648,14,0
2026-06-29 14:15:00,91.349,91.4,91.321,91.384,527,14,0
2026-06-29 14:30:00,91.383,91.41,91.35,91.359,353,14,0
2026-06-29 14:45:00,91.361,91.407,91.342,91.396,332,14,0
2026-06-29 15:00:00,91.397,91.412,91.371,91.411,286,14,0
2026-06-29 15:15:00,91.41,91.448,91.41,91.437,241,14,0
2026-06-29 15:30:00,91.438,91.445,91.388,91.422,263,14,0
2026-06-29 15:45:00,91.423,91.459,91.419,91.457,190,14,0
2026-06-29 16:00:00,91.46,91.503,91.454,91.482,155,14,0
2026-06-29 16:15:00,91.484,91.505,91.48,91.484,95,14,0
2026-06-29 16:30:00,91.487,91.53,91.481,91.529,123,14,0
2026-06-29 16:45:00,91.527,91.545,91.498,91.507,135,14,0
2026-06-29 17:00:00,91.509,91.523,91.504,91.523,105,14,0
2026-06-29 17:15:00,91.526,91.529,91.477,91.499,104,14,0
2026-06-29 17:30:00,91.498,91.507,91.486,91.502,87,14,0
2026-06-29 17:45:00,91.5,91.523,91.486,91.514,103,14,0
2026-06-29 18:00:00,91.516,91.539,91.515,91.539,98,14,0
2026-06-29 18:15:00,91.536,91.538,91.525,91.53,62,14,0
2026-06-29 18:30:00,91.531,91.559,91.529,91.557,82,14,0
2026-06-29 18:45:00,91.555,91.581,91.552,91.562,112,14,0
2026-06-29 19:00:00,91.559,91.559,91.522,91.524,92,14,0
2026-06-29 19:15:00,91.526,91.55,91.526,91.542,66,14,0
2026-06-29 19:30:00,91.543,91.552,91.535,91.547,53,14,0
2026-06-29 19:45:00,91.548,91.556,91.523,91.549,98,14,0
2026-06-29 20:00:00,91.552,91.552,91.522,91.536,77,14,0
2026-06-29 20:15:00,91.537,91.545,91.532,91.537,47,14,0
2026-06-29 20:30:00,91.534,91.534,91.516,91.516,44,14,0
2026-06-29 20:45:00,91.514,91.516,91.478,91.479,64,14,0
2026-06-29 21:00:00,91.481,91.489,91.473,91.477,77,43,0
2026-06-29 21:15:00,91.48,91.492,91.478,91.49,113,59,0
2026-06-29 21:30:00,91.489,91.493,91.486,91.49,69,73,0
2026-06-29 21:45:00,91.489,91.499,91.488,91.499,35,49,0
2026-06-29 22:00:00,91.506,91.522,91.487,91.518,83,27,0
2026-06-29 22:15:00,91.52,91.524,91.506,91.508,28,25,0
2026-06-29 22:30:00,91.509,91.515,91.499,91.505,29,24,0
2026-06-29 22:45:00,91.504,91.518,91.499,91.516,46,23,0
2026-06-29 23:00:00,91.521,91.533,91.508,91.525,71,14,0
2026-06-29 23:15:00,91.526,91.556,91.524,91.545,64,14,0
2026-06-29 23:30:00,91.546,91.55,91.52,91.522,59,14,0
2026-06-29 23:45:00,91.521,91.521,91.484,91.49,80,14,0
2026-06-30 00:00:00,91.487,91.492,91.431,91.461,330,14,0
2026-06-30 00:15:00,91.459,91.47,91.413,91.42,177,14,0
2026-06-30 00:30:00,91.422,91.469,91.418,91.433,185,14,0
2026-06-30 00:45:00,91.432,91.635,91.408,91.53,1382,14,0
2026-06-30 01:00:00,91.527,91.569,91.504,91.549,628,14,0
2026-06-30 01:15:00,91.546,91.66,91.516,91.654,533,14,0
2026-06-30 01:30:00,91.652,91.652,91.569,91.599,379,14,0
2026-06-30 01:45:00,91.601,91.604,91.531,91.563,315,14,0
2026-06-30 02:00:00,91.561,91.569,91.487,91.496,239,14,0
2026-06-30 02:15:00,91.499,91.527,91.488,91.501,227,14,0
2026-06-30 02:30:00,91.502,91.521,91.481,91.503,154,14,0
2026-06-30 02:45:00,91.506,91.552,91.506,91.535,210,14,0
2026-06-30 03:00:00,91.534,91.587,91.534,91.573,199,14,0
2026-06-30 03:15:00,91.574,91.61,91.493,91.552,430,14,0
2026-06-30 03:30:00,91.553,91.566,91.523,91.562,181,14,0
2026-06-30 03:45:00,91.561,91.593,91.561,91.576,68,14,0
2026-06-30 04:00:00,91.575,91.613,91.574,91.613,124,14,0
2026-06-30 04:15:00,91.615,91.623,91.596,91.623,104,14,0
2026-06-30 04:30:00,91.625,91.653,91.62,91.633,120,14,0
2026-06-30 04:45:00,91.634,91.635,91.583,91.586,152,14,0
2026-06-30 05:00:00,91.584,91.642,91.578,91.64,198,14,0
2026-06-30 05:15:00,91.642,91.647,91.6,91.609,143,14,0
2026-06-30 05:30:00,91.607,91.609,91.58,91.601,133,14,0
2026-06-30 05:45:00,91.6,91.652,91.6,91.615,183,14,0
2026-06-30 06:00:00,91.618,91.705,91.618,91.664,465,14,0
2026-06-30 06:15:00,91.662,91.722,91.643,91.715,332,14,0
2026-06-30 06:30:00,91.713,91.776,91.699,91.734,355,14,0
2026-06-30 06:45:00,91.731,91.752,91.712,91.715,309,14,0
2026-06-30 07:00:00,91.718,91.747,91.687,91.742,294,14,0
2026-06-30 07:15:00,91.743,91.77,91.709,91.751,211,14,0
2026-06-30 07:30:00,91.749,91.764,91.725,91.764,275,14,0
2026-06-30 07:45:00,91.762,91.777,91.727,91.729,231,14,0
2026-06-30 08:00:00,91.727,91.749,91.67,91.701,398,14,0
2026-06-30 08:15:00,91.699,91.724,91.685,91.722,256,14,0
2026-06-30 08:30:00,91.724,91.725,91.688,91.713,259,14,0
2026-06-30 08:45:00,91.71,91.753,91.688,91.729,294,14,0
2026-06-30 09:00:00,91.732,91.815,91.724,91.794,260,14,0
2026-06-30 09:15:00,91.792,91.809,91.77,91.775,174,14,0
2026-06-30 09:30:00,91.774,91.789,91.742,91.782,173,14,0
2026-06-30 09:45:00,91.783,91.787,91.764,91.772,170,14,0
2026-06-30 10:00:00,91.773,91.802,91.773,91.798,156,14,0
2026-06-30 10:15:00,91.796,91.837,91.795,91.824,155,14,0
2026-06-30 10:30:00,91.823,91.861,91.8,91.849,175,14,0
2026-06-30 10:45:00,91.848,91.913,91.837,91.904,152,14,0
2026-06-30 11:00:00,91.906,91.924,91.892,91.914,179,14,0
2026-06-30 11:15:00,91.915,91.922,91.872,91.89,229,14,0
2026-06-30 11:30:00,91.889,91.905,91.849,91.897,233,14,0
2026-06-30 11:45:00,91.896,91.924,91.894,91.906,141,14,0
2026-06-30 12:00:00,91.908,91.923,91.89,91.916,195,14,0
2026-06-30 12:15:00,91.918,91.932,91.889,91.9,219,14,0
2026-06-30 12:30:00,91.897,91.96,91.688,91.956,733,14,0
2026-06-30 12:45:00,91.954,91.969,91.903,91.908,274,14,0
2026-06-30 13:00:00,91.909,91.969,91.909,91.959,237,14,0
2026-06-30 13:15:00,91.957,91.999,91.953,91.961,244,14,0
2026-06-30 13:30:00,91.962,91.999,91.951,91.999,279,14,0
2026-06-30 13:45:00,91.997,92.019,91.977,92.001,310,14,0
2026-06-30 14:00:00,92.003,92.113,91.937,92.109,567,14,0
2026-06-30 14:15:00,92.107,92.191,92.107,92.189,443,14,0
2026-06-30 14:30:00,92.187,92.262,92.18,92.262,394,14,0
2026-06-30 14:45:00,92.264,92.469,92.258,92.41,773,14,0
2026-06-30 15:00:00,92.411,92.461,92.334,92.341,511,14,0
2026-06-30 15:15:00,92.342,92.342,92.275,92.278,301,14,0
2026-06-30 15:30:00,92.276,92.327,92.271,92.325,349,14,0
2026-06-30 15:45:00,92.323,92.336,92.255,92.268,258,14,0
2026-06-30 16:00:00,92.269,92.281,92.249,92.277,208,14,0
2026-06-30 16:15:00,92.274,92.275,92.234,92.239,152,14,0
2026-06-30 16:30:00,92.242,92.26,92.231,92.26,141,14,0
2026-06-30 16:45:00,92.258,92.282,92.255,92.265,125,14,0
2026-06-30 17:00:00,92.267,92.304,92.263,92.265,123,14,0
2026-06-30 17:15:00,92.266,92.276,92.262,92.271,95,14,0
2026-06-30 17:30:00,92.273,92.299,92.272,92.299,89,14,0
2026-06-30 17:45:00,92.297,92.302,92.283,92.286,91,14,0
2026-06-30 18:00:00,92.285,92.343,92.285,92.333,105,14,0
2026-06-30 18:15:00,92.334,92.346,92.32,92.329,97,14,0
2026-06-30 18:30:00,92.328,92.328,92.305,92.326,97,14,0
2026-06-30 18:45:00,92.328,92.368,92.328,92.355,140,14,0
2026-06-30 19:00:00,92.354,92.359,92.317,92.323,113,14,0
2026-06-30 19:15:00,92.322,92.326,92.308,92.313,82,14,0
2026-06-30 19:30:00,92.312,92.323,92.306,92.313,100,14,0
2026-06-30 19:45:00,92.312,92.345,92.294,92.329,155,14,0
2026-06-30 20:00:00,92.327,92.336,92.306,92.311,111,14,0
2026-06-30 20:15:00,92.309,92.318,92.301,92.318,58,14,0
2026-06-30 20:30:00,92.317,92.318,92.298,92.312,73,14,0
2026-06-30 20:45:00,92.313,92.317,92.256,92.26,181,14,0
2026-06-30 21:00:00,92.261,92.265,92.253,92.261,60,43,0
2026-06-30 21:15:00,92.262,92.267,92.253,92.263,140,39,0
2026-06-30 21:30:00,92.261,92.27,92.257,92.269,92,32,0
2026-06-30 21:45:00,92.27,92.287,92.26,92.287,73,32,0
2026-06-30 22:00:00,92.293,92.341,92.292,92.305,82,24,0
2026-06-30 22:15:00,92.307,92.313,92.3,92.313,45,23,0
2026-06-30 22:30:00,92.312,92.315,92.304,92.307,25,22,0
2026-06-30 22:45:00,92.305,92.305,92.286,92.294,36,22,0
2026-06-30 23:00:00,92.3,92.316,92.287,92.293,63,14,0
2026-06-30 23:15:00,92.291,92.293,92.264,92.264,74,14,0
2026-06-30 23:30:00,92.263,92.279,92.255,92.255,62,14,0
2026-06-30 23:45:00,92.257,92.292,92.257,92.279,112,14,0
2026-07-01 00:00:00,92.28,92.356,92.28,92.356,173,14,0
2026-07-01 00:15:00,92.354,92.354,92.281,92.283,215,14,0
2026-07-01 00:30:00,92.285,92.307,92.264,92.269,183,14,0
2026-07-01 00:45:00,92.267,92.27,92.216,92.223,277,14,0
2026-07-01 01:00:00,92.225,92.231,92.162,92.203,287,14,0
2026-07-01 01:15:00,92.201,92.219,92.168,92.199,260,14,0
2026-07-01 01:30:00,92.203,92.213,92.153,92.164,230,14,0
2026-07-01 01:45:00,92.162,92.168,92.102,92.164,224,14,0
2026-07-01 02:00:00,92.161,92.164,92.103,92.124,235,14,0
2026-07-01 02:15:00,92.127,92.152,92.113,92.144,158,14,0
2026-07-01 02:30:00,92.143,92.204,92.143,92.204,167,14,0
2026-07-01 02:45:00,92.205,92.232,92.185,92.186,165,14,0
2026-07-01 03:00:00,92.188,92.239,92.187,92.237,149,14,0
2026-07-01 03:15:00,92.239,92.264,92.231,92.251,150,14,0
2026-07-01 03:30:00,92.252,92.275,92.24,92.25,144,14,0
2026-07-01 03:45:00,92.252,92.286,92.252,92.283,85,14,0
2026-07-01 04:00:00,92.286,92.293,92.261,92.263,117,14,0
2026-07-01 04:15:00,92.262,92.286,92.246,92.286,114,14,0
2026-07-01 04:30:00,92.288,92.309,92.185,92.299,504,14,0
2026-07-01 04:45:00,92.301,92.342,92.299,92.328,152,14,0
2026-07-01 05:00:00,92.327,92.37,92.322,92.329,164,14,0
2026-07-01 05:15:00,92.33,92.364,92.324,92.359,152,14,0
2026-07-01 05:30:00,92.361,92.381,92.344,92.366,174,14,0
2026-07-01 05:45:00,92.368,92.369,92.32,92.337,201,14,0
2026-07-01 06:00:00,92.339,92.353,92.275,92.285,272,14,0
2026-07-01 06:15:00,92.282,92.292,92.263,92.269,201,14,0
2026-07-01 06:30:00,92.271,92.295,92.252,92.284,202,14,0
2026-07-01 06:45:00,92.282,92.307,92.264,92.306,183,14,0
2026-07-01 07:00:00,92.307,92.328,92.235,92.241,308,14,0
2026-07-01 07:15:00,92.239,92.308,92.229,92.271,197,14,0
2026-07-01 07:30:00,92.273,92.311,92.266,92.279,267,14,0
2026-07-01 07:45:00,92.277,92.361,92.277,92.345,249,14,0
2026-07-01 08:00:00,92.347,92.347,92.308,92.322,234,14,0
2026-07-01 08:15:00,92.32,92.342,92.308,92.325,167,14,0
2026-07-01 08:30:00,92.326,92.358,92.302,92.35,196,14,0
2026-07-01 08:45:00,92.348,92.348,92.305,92.324,163,14,0
2026-07-01 09:00:00,92.321,92.353,92.313,92.349,188,14,0
2026-07-01 09:15:00,92.346,92.346,92.311,92.317,132,14,0
2026-07-01 09:30:00,92.318,92.333,92.292,92.3,174,14,0
2026-07-01 09:45:00,92.301,92.32,92.298,92.308,140,14,0
2026-07-01 10:00:00,92.309,92.312,92.279,92.283,175,14,0
2026-07-01 10:15:00,92.285,92.351,92.28,92.351,137,14,0
2026-07-01 10:30:00,92.353,92.404,92.353,92.382,140,14,0
2026-07-01 10:45:00,92.384,92.438,92.384,92.426,115,14,0
2026-07-01 11:00:00,92.424,92.431,92.387,92.39,167,14,0
2026-07-01 11:15:00,92.389,92.399,92.365,92.367,124,14,0
2026-07-01 11:30:00,92.364,92.38,92.339,92.374,166,14,0
2026-07-01 11:45:00,92.372,92.372,92.311,92.314,195,14,0
2026-07-01 12:00:00,92.317,92.333,92.264,92.304,225,14,0
2026-07-01 12:15:00,92.299,92.328,92.258,92.259,236,14,0
2026-07-01 12:30:00,92.256,92.263,92.171,92.212,338,14,0
2026-07-01 12:45:00,92.213,92.213,92.142,92.146,272,14,0
2026-07-01 13:00:00,92.143,92.179,92.06,92.062,453,14,0
2026-07-01 13:15:00,92.064,92.265,92.064,92.253,783,14,0
2026-07-01 13:30:00,92.252,92.342,92.21,92.335,1030,14,0
2026-07-01 13:45:00,92.332,92.343,92.225,92.231,652,14,0
2026-07-01 14:00:00,92.235,92.326,92.224,92.303,508,14,0
2026-07-01 14:15:00,92.302,92.307,92.256,92.268,478,14,0
2026-07-01 14:30:00,92.266,92.276,92.217,92.232,436,14,0
2026-07-01 14:45:00,92.234,92.242,92.166,92.189,534,14,0
2026-07-01 15:00:00,92.192,92.2,92.139,92.162,438,14,0
2026-07-01 15:15:00,92.165,92.223,92.162,92.217,287,14,0
2026-07-01 15:30:00,92.219,92.223,92.163,92.184,374,14,0
2026-07-01 15:45:00,92.182,92.203,92.176,92.193,205,14,0
2026-07-01 16:00:00,92.194,92.247,92.194,92.221,233,14,0
2026-07-01 16:15:00,92.219,92.253,92.204,92.237,218,14,0
2026-07-01 16:30:00,92.239,92.243,92.219,92.232,168,14,0
2026-07-01 16:45:00,92.234,92.236,92.203,92.223,165,14,0
2026-07-01 17:00:00,92.225,92.241,92.207,92.224,202,14,0
2026-07-01 17:15:00,92.226,92.254,92.218,92.245,129,14,0
2026-07-01 17:30:00,92.247,92.266,92.229,92.229,126,14,0
2026-07-01 17:45:00,92.231,92.244,92.224,92.224,117,14,0
2026-07-01 18:00:00,92.227,92.233,92.187,92.202,108,14,0
2026-07-01 18:15:00,92.201,92.201,92.175,92.198,115,14,0
2026-07-01 18:30:00,92.199,92.201,92.185,92.201,71,14,0
2026-07-01 18:45:00,92.199,92.199,92.118,92.119,92,14,0
2026-07-01 19:00:00,92.117,92.21,92.097,92.192,131,14,0
2026-07-01 19:15:00,92.194,92.194,92.17,92.183,80,14,0
2026-07-01 19:30:00,92.182,92.189,92.175,92.182,70,14,0
2026-07-01 19:45:00,92.183,92.193,92.159,92.181,142,14,0
2026-07-01 20:00:00,92.179,92.179,92.164,92.171,96,14,0
2026-07-01 20:15:00,92.17,92.194,92.164,92.182,82,14,0
2026-07-01 20:30:00,92.184,92.188,92.168,92.175,69,14,0
2026-07-01 20:45:00,92.173,92.211,92.173,92.199,113,14,0
2026-07-01 21:00:00,92.2,92.201,92.196,92.201,40,43,0
2026-07-01 21:15:00,92.202,92.203,92.182,92.203,75,25,0
2026-07-01 21:30:00,92.206,92.209,92.19,92.2,54,18,0
2026-07-01 21:45:00,92.202,92.206,92.189,92.189,43,21,0
2026-07-01 22:00:00,92.189,92.21,92.177,92.21,61,23,0
2026-07-01 22:15:00,92.21,92.223,92.21,92.223,18,23,0
2026-07-01 22:30:00,92.222,92.245,92.222,92.234,40,23,0
2026-07-01 22:45:00,92.233,92.24,92.23,92.238,26,22,0
2026-07-01 23:00:00,92.243,92.255,92.239,92.25,48,14,0
2026-07-01 23:15:00,92.251,92.255,92.241,92.253,28,14,0
2026-07-01 23:30:00,92.254,92.262,92.242,92.259,40,14,0
2026-07-01 23:45:00,92.26,92.26,92.215,92.229,110,14,0
2026-07-02 00:00:00,92.228,92.241,92.17,92.195,348,14,0
2026-07-02 00:15:00,92.196,92.224,92.176,92.203,216,14,0
2026-07-02 00:30:00,92.205,92.21,92.184,92.196,199,14,0
2026-07-02 00:45:00,92.195,92.242,92.191,92.211,286,14,0
2026-07-02 01:00:00,92.212,92.278,92.195,92.276,266,14,0
2026-07-02 01:15:00,92.277,92.279,92.212,92.238,210,14,0
2026-07-02 01:30:00,92.241,92.271,92.23,92.249,193,14,0
2026-07-02 01:45:00,92.25,92.31,92.241,92.297,205,14,0
2026-07-02 02:00:00,92.296,92.379,92.296,92.374,195,14,0
2026-07-02 02:15:00,92.375,92.388,92.334,92.334,145,14,0
2026-07-02 02:30:00,92.331,92.336,92.306,92.311,126,14,0
2026-07-02 02:45:00,92.309,92.309,92.252,92.252,128,14,0
2026-07-02 03:00:00,92.253,92.286,92.168,92.172,181,14,0
2026-07-02 03:15:00,92.174,92.187,92.11,92.168,188,14,0
2026-07-02 03:30:00,92.167,92.201,92.167,92.19,127,14,0
2026-07-02 03:45:00,92.189,92.19,92.164,92.186,155,14,0
2026-07-02 04:00:00,92.183,92.206,92.178,92.187,274,14,0
2026-07-02 04:15:00,92.186,92.204,92.167,92.196,146,14,0
2026-07-02 04:30:00,92.195,92.202,92.17,92.182,141,14,0
2026-07-02 04:45:00,92.184,92.228,92.182,92.228,116,14,0
2026-07-02 05:00:00,92.227,92.227,92.194,92.203,157,14,0
2026-07-02 05:15:00,92.201,92.21,92.163,92.168,123,14,0
2026-07-02 05:30:00,92.166,92.169,92.133,92.165,182,14,0
2026-07-02 05:45:00,92.163,92.181,92.128,92.145,183,14,0
2026-07-02 06:00:00,92.142,92.159,92.058,92.088,483,14,0
2026-07-02 06:15:00,92.086,92.101,92.035,92.053,317,14,0
2026-07-02 06:30:00,92.055,92.073,92.042,92.058,250,14,0
2026-07-02 06:45:00,92.06,92.063,91.591,91.898,2994,14,0
2026-07-02 07:00:00,91.9,91.936,91.765,91.793,913,14,0
2026-07-02 07:15:00,91.792,91.869,91.784,91.826,562,14,0
2026-07-02 07:30:00,91.823,91.842,91.713,91.746,762,14,0
2026-07-02 07:45:00,91.749,91.792,91.642,91.667,856,14,0
2026-07-02 08:00:00,91.666,91.706,91.609,91.65,977,14,0
2026-07-02 08:15:00,91.648,91.761,91.635,91.704,695,14,0
2026-07-02 08:30:00,91.703,91.743,91.679,91.741,645,14,0
2026-07-02 08:45:00,91.74,91.77,91.609,91.683,819,14,0
2026-07-02 09:00:00,91.681,91.767,91.663,91.755,524,14,0
2026-07-02 09:15:00,91.758,91.762,91.647,91.652,374,14,0
2026-07-02 09:30:00,91.65,91.683,91.622,91.679,374,14,0
2026-07-02 09:45:00,91.681,91.699,91.64,91.666,416,14,0
2026-07-02 10:00:00,91.663,91.7,91.652,91.689,345,14,0
2026-07-02 10:15:00,91.69,91.752,91.686,91.739,307,14,0
2026-07-02 10:30:00,91.737,91.737,91.684,91.688,220,14,0
2026-07-02 10:45:00,91.69,91.693,91.653,91.667,236,14,0
2026-07-02 11:00:00,91.666,91.67,91.639,91.639,275,14,0
2026-07-02 11:15:00,91.64,91.65,91.615,91.636,207,14,0
2026-07-02 11:30:00,91.638,91.65,91.619,91.629,229,14,0
2026-07-02 11:45:00,91.631,91.633,91.57,91.573,211,14,0
2026-07-02 12:00:00,91.57,91.645,91.561,91.602,376,14,0
2026-07-02 12:15:00,91.603,91.634,91.595,91.61,391,14,0
2026-07-02 12:30:00,91.623,91.893,91.561,91.871,3092,14,0
2026-07-02 12:45:00,91.869,91.873,91.743,91.786,1323,14,0
2026-07-02 13:00:00,91.788,91.829,91.72,91.804,1083,14,0
2026-07-02 13:15:00,91.801,91.814,91.763,91.798,614,14,0
2026-07-02 13:30:00,91.8,91.894,91.777,91.876,791,14,0
2026-07-02 13:45:00,91.874,91.938,91.815,91.831,659,14,0
2026-07-02 14:00:00,91.833,91.877,91.794,91.865,702,14,0
2026-07-02 14:15:00,91.863,91.895,91.809,91.821,573,14,0
2026-07-02 14:30:00,91.82,91.844,91.756,91.8,608,14,0
2026-07-02 14:45:00,91.798,91.851,91.788,91.848,522,14,0
2026-07-02 15:00:00,91.85,91.85,91.768,91.816,520,14,0
2026-07-02 15:15:00,91.815,91.818,91.766,91.772,449,14,0
2026-07-02 15:30:00,91.774,91.82,91.774,91.795,423,14,0
2026-07-02 15:45:00,91.797,91.81,91.774,91.803,322,14,0
2026-07-02 16:00:00,91.801,91.823,91.778,91.806,372,14,0
2026-07-02 16:15:00,91.808,91.809,91.775,91.79,302,14,0
2026-07-02 16:30:00,91.789,91.797,91.764,91.786,298,14,0
2026-07-02 16:45:00,91.785,91.79,91.748,91.75,317,14,0
2026-07-02 17:00:00,91.752,91.772,91.726,91.745,258,14,0
2026-07-02 17:15:00,91.747,91.772,91.746,91.768,183,14,0
2026-07-02 17:30:00,91.769,91.772,91.719,91.728,196,14,0
2026-07-02 17:45:00,91.73,91.736,91.702,91.702,218,14,0
2026-07-02 18:00:00,91.699,91.762,91.692,91.741,200,14,0
2026-07-02 18:15:00,91.742,91.75,91.724,91.748,165,14,0
2026-07-02 18:30:00,91.747,91.77,91.746,91.764,177,14,0
2026-07-02 18:45:00,91.762,91.769,91.737,91.75,124,14,0
2026-07-02 19:00:00,91.749,91.756,91.722,91.729,208,14,0
2026-07-02 19:15:00,91.726,91.737,91.711,91.724,110,14,0
2026-07-02 19:30:00,91.723,91.759,91.722,91.758,120,14,0
2026-07-02 19:45:00,91.759,91.783,91.746,91.77,132,14,0
2026-07-02 20:00:00,91.768,91.773,91.753,91.755,87,14,0
2026-07-02 20:15:00,91.756,91.781,91.756,91.781,61,14,0
2026-07-02 20:30:00,91.782,91.787,91.771,91.781,47,14,0
2026-07-02 20:45:00,91.779,91.805,91.779,91.785,108,14,0
2026-07-02 21:00:00,91.786,91.786,91.698,91.704,76,43,0
2026-07-02 21:15:00,91.706,91.733,91.666,91.724,169,92,0
2026-07-02 21:30:00,91.725,91.744,91.713,91.744,89,78,0
2026-07-02 21:45:00,91.743,91.753,91.727,91.749,61,64,0
2026-07-02 22:00:00,91.788,91.819,91.77,91.809,66,29,0
2026-07-02 22:15:00,91.808,91.812,91.799,91.805,34,26,0
2026-07-02 22:30:00,91.807,91.836,91.79,91.831,78,24,0
2026-07-02 22:45:00,91.832,91.841,91.824,91.828,55,23,0
2026-07-02 23:00:00,91.834,91.84,91.827,91.831,84,14,0
2026-07-02 23:15:00,91.832,91.841,91.817,91.839,63,14,0
2026-07-02 23:30:00,91.841,91.871,91.839,91.871,117,14,0
2026-07-02 23:45:00,91.872,91.9,91.865,91.897,150,14,0
2026-07-03 00:00:00,91.894,91.926,91.857,91.917,370,14,0
2026-07-03 00:15:00,91.919,91.926,91.887,91.887,238,14,0
2026-07-03 00:30:00,91.885,91.887,91.837,91.838,242,14,0
2026-07-03 00:45:00,91.835,91.881,91.801,91.804,411,14,0
2026-07-03 01:00:00,91.807,91.889,91.8,91.836,446,14,0
2026-07-03 01:15:00,91.838,91.914,91.815,91.898,472,14,0
2026-07-03 01:30:00,91.896,91.967,91.881,91.961,311,14,0
2026-07-03 01:45:00,91.958,91.999,91.944,91.997,241,14,0
2026-07-03 02:00:00,92.0,92.05,91.986,92.016,287,14,0
2026-07-03 02:15:00,92.019,92.039,91.993,92.029,204,14,0
2026-07-03 02:30:00,92.027,92.055,92.017,92.047,208,14,0
2026-07-03 02:45:00,92.046,92.05,92.006,92.007,165,14,0
2026-07-03 03:00:00,92.005,92.036,91.994,92.03,161,14,0
2026-07-03 03:15:00,92.028,92.033,92.014,92.025,111,14,0
2026-07-03 03:30:00,92.027,92.031,91.993,91.993,136,14,0
2026-07-03 03:45:00,91.991,92.012,91.981,92.011,111,14,0
2026-07-03 04:00:00,92.013,92.022,91.99,92.022,115,14,0
2026-07-03 04:15:00,92.019,92.064,92.018,92.044,151,14,0
2026-07-03 04:30:00,92.046,92.082,92.037,92.077,139,14,0
2026-07-03 04:45:00,92.078,92.088,92.046,92.047,127,14,0
2026-07-03 05:00:00,92.045,92.072,92.013,92.062,296,14,0
2026-07-03 05:15:00,92.061,92.086,92.05,92.081,211,14,0
2026-07-03 05:30:00,92.078,92.119,92.076,92.102,202,14,0
2026-07-03 05:45:00,92.103,92.126,92.095,92.112,179,14,0
2026-07-03 06:00:00,92.109,92.152,92.097,92.148,319,14,0
2026-07-03 06:15:00,92.15,92.15,92.083,92.109,321,14,0
2026-07-03 06:30:00,92.112,92.127,91.881,92.052,1601,14,0
2026-07-03 06:45:00,92.053,92.07,91.969,92.025,441,14,0
2026-07-03 07:00:00,92.028,92.04,91.973,91.978,380,14,0
2026-07-03 07:15:00,91.974,92.048,91.974,92.025,331,14,0
2026-07-03 07:30:00,92.027,92.101,92.023,92.047,390,14,0
2026-07-03 07:45:00,92.045,92.073,91.979,91.994,481,14,0
2026-07-03 08:00:00,91.997,92.044,91.98,92.017,329,14,0
2026-07-03 08:15:00,92.02,92.033,91.992,92.007,232,14,0
2026-07-03 08:30:00,92.005,92.055,92.004,92.054,206,14,0
2026-07-03 08:45:00,92.053,92.062,92.035,92.058,201,14,0
2026-07-03 09:00:00,92.056,92.07,92.035,92.041,197,14,0
2026-07-03 09:15:00,92.04,92.057,92.026,92.039,167,14,0
2026-07-03 09:30:00,92.037,92.05,92.024,92.042,128,14,0
2026-07-03 09:45:00,92.04,92.052,92.029,92.04,130,14,0
2026-07-03 10:00:00,92.038,92.08,92.036,92.066,173,14,0
2026-07-03 10:15:00,92.064,92.064,92.03,92.035,116,14,0
2026-07-03 10:30:00,92.037,92.053,92.031,92.042,112,14,0
2026-07-03 10:45:00,92.041,92.045,91.998,92.003,104,14,0
2026-07-03 11:00:00,92.001,92.064,91.998,92.061,160,14,0
2026-07-03 11:15:00,92.062,92.069,92.039,92.052,151,14,0
2026-07-03 11:30:00,92.051,92.062,92.03,92.045,122,14,0
2026-07-03 11:45:00,92.047,92.055,92.009,92.022,157,14,0
2026-07-03 12:00:00,92.019,92.026,91.995,92.009,166,14,0
2026-07-03 12:15:00,92.01,92.023,92.001,92.007,129,14,0
2026-07-03 12:30:00,92.008,92.026,92.0,92.013,111,14,0
2026-07-03 12:45:00,92.011,92.02,92.004,92.016,104,14,0
2026-07-03 13:00:00,92.018,92.061,92.016,92.049,173,14,0
2026-07-03 13:15:00,92.05,92.064,92.029,92.054,145,14,0
2026-07-03 13:30:00,92.056,92.068,92.037,92.065,166,14,0
2026-07-03 13:45:00,92.066,92.072,92.037,92.056,157,14,0
2026-07-03 14:00:00,92.057,92.08,92.051,92.055,161,14,0
2026-07-03 14:15:00,92.057,92.071,92.022,92.057,131,14,0
2026-07-03 14:30:00,92.059,92.071,92.042,92.043,107,14,0
2026-07-03 14:45:00,92.041,92.063,92.021,92.049,223,14,0
2026-07-03 15:00:00,92.047,92.102,92.047,92.09,187,14,0
2026-07-03 15:15:00,92.088,92.091,92.046,92.049,119,14,0
2026-07-03 15:30:00,92.051,92.078,92.051,92.065,99,14,0
2026-07-03 15:45:00,92.063,92.081,92.059,92.08,75,14,0
2026-07-03 16:00:00,92.078,92.092,92.074,92.082,72,14,0
2026-07-03 16:15:00,92.081,92.11,92.081,92.099,78,14,0
2026-07-03 16:30:00,92.101,92.116,92.101,92.11,44,14,0
2026-07-03 16:45:00,92.109,92.12,92.106,92.116,64,14,0
2026-07-03 17:00:00,92.114,92.116,92.09,92.107,94,14,0
2026-07-03 17:15:00,92.106,92.109,92.092,92.098,68,14,0
2026-07-03 17:30:00,92.097,92.104,92.067,92.081,74,14,0
2026-07-03 17:45:00,92.082,92.082,92.06,92.075,65,14,0
2026-07-03 18:00:00,92.073,92.114,92.069,92.101,92,14,0
2026-07-03 18:15:00,92.102,92.108,92.092,92.099,50,14,0
2026-07-03 18:30:00,92.098,92.104,92.095,92.1,41,14,0
2026-07-03 18:45:00,92.101,92.115,92.101,92.11,36,14,0
2026-07-03 19:00:00,92.112,92.115,92.088,92.106,113,14,0
2026-07-03 19:15:00,92.108,92.108,92.09,92.097,122,14,0
2026-07-03 19:30:00,92.094,92.104,92.082,92.098,63,14,0
2026-07-03 19:45:00,92.097,92.097,92.073,92.083,57,14,0
2026-07-03 20:00:00,92.085,92.085,92.052,92.071,126,14,0
2026-07-03 20:15:00,92.069,92.08,92.066,92.079,61,14,0
2026-07-03 20:30:00,92.077,92.098,92.048,92.075,239,14,0
2026-07-03 20:45:00,92.076,92.125,92.055,92.125,509,14,0
2026-07-05 21:00:00,92.092,92.095,92.092,92.094,4,86,0
2026-07-05 21:15:00,92.095,92.118,92.015,92.118,37,60,0
2026-07-05 21:30:00,92.101,92.123,92.007,92.123,580,45,0
2026-07-05 21:45:00,92.118,92.127,91.992,92.114,159,41,0
2026-07-05 22:00:00,92.14,92.14,92.023,92.106,211,38,0
2026-07-05 22:15:00,92.105,92.105,92.048,92.062,63,36,0
2026-07-05 22:30:00,92.065,92.084,92.058,92.071,48,34,0
2026-07-05 22:45:00,92.072,92.074,92.037,92.047,43,33,0
2026-07-05 23:00:00,92.056,92.067,92.034,92.041,89,14,0
2026-07-05 23:15:00,92.043,92.077,92.043,92.076,86,14,0
2026-07-05 23:30:00,92.074,92.088,92.051,92.057,97,14,0
2026-07-05 23:45:00,92.058,92.064,92.029,92.049,161,14,0
2026-07-06 00:00:00,92.047,92.073,91.996,92.07,350,14,0
2026-07-06 00:15:00,92.072,92.1,92.053,92.055,301,14,0
2026-07-06 00:30:00,92.052,92.119,92.048,92.101,290,14,0
2026-07-06 00:45:00,92.103,92.142,92.059,92.079,358,14,0
2026-07-06 01:00:00,92.077,92.077,92.028,92.057,318,14,0
2026-07-06 01:15:00,92.058,92.063,92.023,92.047,337,14,0
2026-07-06 01:30:00,92.048,92.051,91.986,92.038,301,14,0
2026-07-06 01:45:00,92.04,92.051,92.006,92.013,276,14,0
2026-07-06 02:00:00,92.015,92.057,92.015,92.045,249,14,0
2026-07-06 02:15:00,92.043,92.046,91.998,92.016,208,14,0
2026-07-06 02:30:00,92.015,92.026,91.987,91.991,195,14,0
2026-07-06 02:45:00,91.993,92.052,91.993,92.047,204,14,0
2026-07-06 03:00:00,92.049,92.062,92.021,92.026,167,14,0
2026-07-06 03:15:00,92.025,92.047,91.972,91.983,202,14,0
2026-07-06 03:30:00,91.981,91.984,91.957,91.984,176,14,0
2026-07-06 03:45:00,91.986,92.042,91.971,92.042,149,14,0
2026-07-06 04:00:00,92.045,92.087,92.035,92.077,148,14,0
2026-07-06 04:15:00,92.074,92.102,92.062,92.063,119,14,0
2026-07-06 04:30:00,92.061,92.124,92.061,92.115,123,14,0
2026-07-06 04:45:00,92.112,92.141,92.106,92.141,151,14,0
2026-07-06 05:00:00,92.143,92.144,92.078,92.102,219,14,0
2026-07-06 05:15:00,92.103,92.115,92.067,92.08,157,14,0
2026-07-06 05:30:00,92.078,92.118,92.056,92.103,202,14,0
2026-07-06 05:45:00,92.104,92.132,92.1,92.107,269,14,0
2026-07-06 06:00:00,92.109,92.183,92.109,92.172,320,14,0
2026-07-06 06:15:00,92.17,92.206,92.15,92.171,417,14,0
2026-07-06 06:30:00,92.169,92.198,92.154,92.169,338,14,0
2026-07-06 06:45:00,92.17,92.252,92.165,92.24,330,14,0
2026-07-06 07:00:00,92.241,92.279,92.211,92.277,378,14,0
2026-07-06 07:15:00,92.279,92.336,92.266,92.266,309,14,0
2026-07-06 07:30:00,92.264,92.279,92.224,92.275,358,14,0
2026-07-06 07:45:00,92.278,92.284,92.242,92.259,283,14,0
2026-07-06 08:00:00,92.26,92.291,92.237,92.244,308,14,0
2026-07-06 08:15:00,92.245,92.26,92.211,92.223,227,14,0
2026-07-06 08:30:00,92.224,92.224,92.194,92.198,160,14,0
2026-07-06 08:45:00,92.199,92.202,92.174,92.197,168,14,0
2026-07-06 09:00:00,92.199,92.206,92.171,92.2,211,14,0
2026-07-06 09:15:00,92.199,92.224,92.178,92.224,172,14,0
2026-07-06 09:30:00,92.223,92.231,92.193,92.202,197,14,0
2026-07-06 09:45:00,92.201,92.222,92.192,92.214,147,14,0
2026-07-06 10:00:00,92.215,92.243,92.204,92.219,213,14,0
2026-07-06 10:15:00,92.218,92.283,92.218,92.275,192,14,0
2026-07-06 10:30:00,92.274,92.301,92.248,92.248,137,14,0
2026-07-06 10:45:00,92.246,92.27,92.237,92.259,142,14,0
2026-07-06 11:00:00,92.257,92.262,92.222,92.258,168,14,0
2026-07-06 11:15:00,92.26,92.281,92.244,92.264,104,14,0
2026-07-06 11:30:00,92.266,92.287,92.259,92.27,132,14,0
2026-07-06 11:45:00,92.272,92.281,92.253,92.267,153,14,0
2026-07-06 12:00:00,92.268,92.305,92.263,92.303,225,14,0
2026-07-06 12:15:00,92.305,92.318,92.271,92.292,209,14,0
2026-07-06 12:30:00,92.293,92.301,92.19,92.191,236,14,0
2026-07-06 12:45:00,92.195,92.218,92.174,92.213,211,14,0
2026-07-06 13:00:00,92.216,92.236,92.205,92.219,227,14,0
2026-07-06 13:15:00,92.218,92.242,92.212,92.229,220,14,0
2026-07-06 13:30:00,92.231,92.279,92.229,92.279,319,14,0
2026-07-06 13:45:00,92.28,92.289,92.198,92.216,386,14,0
2026-07-06 14:00:00,92.214,92.289,92.192,92.286,398,14,0
2026-07-06 14:15:00,92.287,92.287,92.24,92.25,258,14,0
2026-07-06 14:30:00,92.251,92.277,92.218,92.218,252,14,0
2026-07-06 14:45:00,92.22,92.302,92.22,92.281,289,14,0
2026-07-06 15:00:00,92.283,92.295,92.265,92.277,296,14,0
2026-07-06 15:15:00,92.275,92.306,92.263,92.305,171,14,0
2026-07-06 15:30:00,92.303,92.336,92.301,92.331,206,14,0
2026-07-06 15:45:00,92.332,92.348,92.327,92.332,143,14,0
2026-07-06 16:00:00,92.333,92.37,92.331,92.35,113,14,0
2026-07-06 16:15:00,92.353,92.386,92.353,92.358,102,14,0
2026-07-06 16:30:00,92.36,92.383,92.36,92.383,114,14,0
2026-07-06 16:45:00,92.381,92.413,92.38,92.391,126,14,0
2026-07-06 17:00:00,92.39,92.431,92.384,92.429,107,14,0
2026-07-06 17:15:00,92.427,92.429,92.408,92.417,128,14,0
2026-07-06 17:30:00,92.416,92.449,92.415,92.427,123,14,0
2026-07-06 17:45:00,92.424,92.429,92.403,92.41,102,14,0
2026-07-06 18:00:00,92.408,92.429,92.408,92.415,88,14,0
2026-07-06 18:15:00,92.417,92.439,92.417,92.438,88,14,0
2026-07-06 18:30:00,92.439,92.469,92.436,92.451,132,14,0
2026-07-06 18:45:00,92.454,92.476,92.414,92.423,189,14,0
2026-07-06 19:00:00,92.42,92.43,92.404,92.418,119,14,0
2026-07-06 19:15:00,92.419,92.419,92.407,92.417,69,14,0
2026-07-06 19:30:00,92.416,92.423,92.385,92.42,112,14,0
2026-07-06 19:45:00,92.422,92.43,92.383,92.399,152,14,0
2026-07-06 20:00:00,92.396,92.412,92.376,92.408,100,14,0
2026-07-06 20:15:00,92.411,92.412,92.384,92.398,90,14,0
2026-07-06 20:30:00,92.395,92.407,92.393,92.398,51,14,0
2026-07-06 20:45:00,92.4,92.408,92.389,92.389,100,14,0
2026-07-06 21:00:00,92.388,92.399,92.387,92.393,46,43,0
2026-07-06 21:15:00,92.394,92.401,92.346,92.347,139,45,0
2026-07-06 21:30:00,92.346,92.357,92.34,92.354,103,73,0
2026-07-06 21:45:00,92.356,92.373,92.336,92.371,85,47,0
2026-07-06 22:00:00,92.369,92.424,92.362,92.41,84,25,0
2026-07-06 22:15:00,92.409,92.422,92.4,92.415,53,24,0
2026-07-06 22:30:00,92.407,92.435,92.407,92.413,40,23,0
2026-07-06 22:45:00,92.408,92.417,92.399,92.413,26,23,0
2026-07-06 23:00:00,92.417,92.424,92.407,92.414,92,14,0
2026-07-06 23:15:00,92.412,92.421,92.412,92.415,34,14,0
2026-07-06 23:30:00,92.414,92.436,92.405,92.43,69,14,0
2026-07-06 23:45:00,92.429,92.429,92.393,92.401,108,14,0
2026-07-07 00:00:00,92.398,92.44,92.396,92.429,199,14,0
2026-07-07 00:15:00,92.426,92.463,92.415,92.428,159,14,0
2026-07-07 00:30:00,92.427,92.445,92.411,92.436,148,14,0
2026-07-07 00:45:00,92.433,92.452,92.387,92.391,305,14,0
2026-07-07 01:00:00,92.389,92.402,92.372,92.389,223,14,0
2026-07-07 01:15:00,92.388,92.395,92.329,92.342,212,14,0
2026-07-07 01:30:00,92.339,92.361,92.208,92.332,632,14,0
2026-07-07 01:45:00,92.333,92.349,92.29,92.319,404,14,0
2026-07-07 02:00:00,92.321,92.328,92.295,92.311,236,14,0
2026-07-07 02:15:00,92.313,92.314,92.284,92.293,183,14,0
2026-07-07 02:30:00,92.29,92.305,92.272,92.276,138,14,0
2026-07-07 02:45:00,92.278,92.284,92.255,92.262,136,14,0
2026-07-07 03:00:00,92.264,92.318,92.254,92.308,171,14,0
2026-07-07 03:15:00,92.307,92.308,92.249,92.252,191,14,0
2026-07-07 03:30:00,92.251,92.297,92.23,92.27,205,14,0
2026-07-07 03:45:00,92.271,92.271,92.228,92.25,154,14,0
2026-07-07 04:00:00,92.252,92.267,92.24,92.249,125,14,0
2026-07-07 04:15:00,92.247,92.265,92.199,92.199,120,14,0
2026-07-07 04:30:00,92.197,92.197,92.126,92.128,231,14,0
2026-07-07 04:45:00,92.13,92.144,92.113,92.136,154,14,0
2026-07-07 05:00:00,92.134,92.141,92.071,92.073,191,14,0
2026-07-07 05:15:00,92.074,92.091,92.045,92.064,246,14,0
2026-07-07 05:30:00,92.066,92.102,92.06,92.083,244,14,0
2026-07-07 05:45:00,92.081,92.136,92.07,92.127,208,14,0
2026-07-07 06:00:00,92.124,92.13,92.081,92.081,248,14,0
2026-07-07 06:15:00,92.083,92.18,92.083,92.168,253,14,0
2026-07-07 06:30:00,92.166,92.218,92.15,92.199,217,14,0
2026-07-07 06:45:00,92.2,92.233,92.193,92.229,154,14,0
2026-07-07 07:00:00,92.232,92.244,92.187,92.192,253,14,0
2026-07-07 07:15:00,92.19,92.192,92.018,92.147,576,14,0
2026-07-07 07:30:00,92.149,92.182,92.141,92.17,251,14,0
2026-07-07 07:45:00,92.169,92.171,92.072,92.105,402,14,0
2026-07-07 08:00:00,92.103,92.129,92.088,92.107,312,14,0
2026-07-07 08:15:00,92.108,92.183,92.104,92.183,217,14,0
2026-07-07 08:30:00,92.185,92.193,92.143,92.144,244,14,0
2026-07-07 08:45:00,92.145,92.157,92.125,92.132,212,14,0
2026-07-07 09:00:00,92.133,92.14,92.094,92.1,277,14,0
2026-07-07 09:15:00,92.102,92.126,92.1,92.112,170,14,0
2026-07-07 09:30:00,92.11,92.138,92.103,92.134,148,14,0
2026-07-07 09:45:00,92.133,92.142,92.123,92.134,149,14,0
2026-07-07 10:00:00,92.135,92.135,92.111,92.13,152,14,0
2026-07-07 10:15:00,92.129,92.129,92.099,92.101,121,14,0
2026-07-07 10:30:00,92.1,92.129,92.095,92.107,137,14,0
2026-07-07 10:45:00,92.11,92.114,92.077,92.114,139,14,0
2026-07-07 11:00:00,92.111,92.124,92.095,92.122,158,14,0
2026-07-07 11:15:00,92.12,92.207,92.116,92.187,262,14,0
2026-07-07 11:30:00,92.186,92.193,92.155,92.159,134,14,0
2026-07-07 11:45:00,92.16,92.162,92.102,92.144,214,14,0
2026-07-07 12:00:00,92.145,92.154,92.116,92.129,236,14,0
2026-07-07 12:15:00,92.128,92.172,92.101,92.152,248,14,0
2026-07-07 12:30:00,92.15,92.184,92.142,92.145,291,14,0
2026-07-07 12:45:00,92.147,92.149,92.123,92.149,150,14,0
2026-07-07 13:00:00,92.148,92.156,92.11,92.121,219,14,0
2026-07-07 13:15:00,92.12,92.127,92.104,92.112,253,14,0
2026-07-07 13:30:00,92.109,92.149,92.092,92.111,370,14,0
2026-07-07 13:45:00,92.11,92.121,92.043,92.049,350,14,0
2026-07-07 14:00:00,92.052,92.09,92.045,92.07,465,14,0
2026-07-07 14:15:00,92.071,92.118,92.066,92.116,366,14,0
2026-07-07 14:30:00,92.119,92.124,92.088,92.097,292,14,0
2026-07-07 14:45:00,92.096,92.152,92.096,92.111,399,14,0
2026-07-07 15:00:00,92.114,92.116,92.076,92.076,355,14,0
2026-07-07 15:15:00,92.077,92.077,92.037,92.073,237,14,0
2026-07-07 15:30:00,92.074,92.074,92.044,92.051,186,14,0
2026-07-07 15:45:00,92.054,92.062,92.036,92.039,198,14,0
2026-07-07 16:00:00,92.037,92.057,92.025,92.038,181,14,0
2026-07-07 16:15:00,92.04,92.047,92.021,92.026,158,14,0
2026-07-07 16:30:00,92.024,92.05,92.024,92.043,130,14,0
2026-07-07 16:45:00,92.041,92.072,92.036,92.072,114,14,0
2026-07-07 17:00:00,92.071,92.089,92.065,92.07,137,14,0
2026-07-07 17:15:00,92.072,92.101,92.065,92.098,110,14,0
2026-07-07 17:30:00,92.097,92.114,92.094,92.108,87,14,0
2026-07-07 17:45:00,92.105,92.124,92.097,92.12,85,14,0
2026-07-07 18:00:00,92.123,92.131,92.108,92.112,109,14,0
2026-07-07 18:15:00,92.111,92.121,92.095,92.112,108,14,0
2026-07-07 18:30:00,92.111,92.112,92.078,92.08,116,14,0
2026-07-07 18:45:00,92.082,92.092,92.013,92.013,308,14,0
2026-07-07 19:00:00,92.011,92.025,91.965,91.969,345,14,0
2026-07-07 19:15:00,91.968,92.015,91.935,92.007,298,14,0
2026-07-07 19:30:00,92.008,92.036,92.008,92.032,152,14,0
2026-07-07 19:45:00,92.035,92.061,92.02,92.061,175,14,0
2026-07-07 20:00:00,92.063,92.063,92.024,92.024,96,14,0
2026-07-07 20:15:00,92.021,92.021,91.967,91.971,109,14,0
2026-07-07 20:30:00,91.969,91.986,91.953,91.981,79,14,0
2026-07-07 20:45:00,91.983,92.021,91.979,92.0,104,14,0
2026-07-07 21:00:00,91.999,92.007,91.995,92.007,72,43,0
2026-07-07 21:15:00,92.008,92.01,91.984,92.003,122,43,0
2026-07-07 21:30:00,92.002,92.01,91.986,92.009,64,29,0
2026-07-07 21:45:00,92.01,92.012,91.979,92.012,79,29,0
2026-07-07 22:00:00,92.016,92.04,91.987,92.01,85,24,0
2026-07-07 22:15:00,92.009,92.009,91.978,91.986,50,23,0
2026-07-07 22:30:00,91.986,92.017,91.986,92.011,37,23,0
2026-07-07 22:45:00,92.009,92.051,92.008,92.051,61,23,0
2026-07-07 23:00:00,92.056,92.127,92.055,92.124,152,14,0
2026-07-07 23:15:00,92.122,92.184,92.122,92.181,124,14,0
2026-07-07 23:30:00,92.18,92.187,92.155,92.178,110,14,0
2026-07-07 23:45:00,92.175,92.175,92.102,92.124,158,14,0
2026-07-08 00:00:00,92.126,92.176,92.084,92.166,475,14,0
2026-07-08 00:15:00,92.168,92.232,92.138,92.202,376,14,0
2026-07-08 00:30:00,92.2,92.226,92.179,92.216,284,14,0
2026-07-08 00:45:00,92.214,92.282,92.212,92.282,350,14,0
2026-07-08 01:00:00,92.28,92.331,92.254,92.317,272,14,0
2026-07-08 01:15:00,92.32,92.328,92.295,92.328,194,14,0
2026-07-08 01:30:00,92.329,92.346,92.284,92.289,255,14,0
2026-07-08 01:45:00,92.288,92.336,92.282,92.309,386,14,0
2026-07-08 02:00:00,92.311,92.599,92.301,92.49,982,14,0
2026-07-08 02:15:00,92.487,92.595,92.486,92.533,504,14,0
2026-07-08 02:30:00,92.535,92.544,92.476,92.531,338,14,0
2026-07-08 02:45:00,92.534,92.553,92.499,92.509,182,14,0
2026-07-08 03:00:00,92.512,92.585,92.462,92.585,325,14,0
2026-07-08 03:15:00,92.582,92.587,92.542,92.575,259,14,0
2026-07-08 03:30:00,92.577,92.625,92.568,92.597,249,14,0
2026-07-08 03:45:00,92.598,92.624,92.571,92.579,204,14,0
2026-07-08 04:00:00,92.581,92.581,92.517,92.56,214,14,0
2026-07-08 04:15:00,92.557,92.679,92.557,92.671,155,14,0
2026-07-08 04:30:00,92.672,92.704,92.661,92.697,199,14,0
2026-07-08 04:45:00,92.695,92.72,92.686,92.72,199,14,0
2026-07-08 05:00:00,92.717,92.783,92.686,92.695,346,14,0
2026-07-08 05:15:00,92.693,92.72,92.688,92.705,196,14,0
2026-07-08 05:30:00,92.702,92.772,92.692,92.751,271,14,0
2026-07-08 05:45:00,92.754,92.782,92.716,92.758,293,14,0
2026-07-08 06:00:00,92.756,92.763,92.693,92.695,302,14,0
2026-07-08 06:15:00,92.696,92.751,92.674,92.702,391,14,0
2026-07-08 06:30:00,92.7,92.704,92.588,92.588,412,14,0
2026-07-08 06:45:00,92.589,92.653,92.583,92.653,262,14,0
2026-07-08 07:00:00,92.654,92.654,92.552,92.587,370,14,0
2026-07-08 07:15:00,92.585,92.655,92.575,92.627,410,14,0
2026-07-08 07:30:00,92.629,92.716,92.628,92.716,382,14,0
2026-07-08 07:45:00,92.718,92.765,92.714,92.721,310,14,0
2026-07-08 08:00:00,92.723,92.748,92.705,92.731,310,14,0
2026-07-08 08:15:00,92.732,92.745,92.467,92.639,1595,14,0
2026-07-08 08:30:00,92.637,92.651,92.516,92.551,767,14,0
2026-07-08 08:45:00,92.548,92.618,92.501,92.519,662,14,0
2026-07-08 09:00:00,92.517,92.521,92.405,92.438,938,14,0
2026-07-08 09:15:00,92.436,92.486,92.436,92.471,487,14,0
2026-07-08 09:30:00,92.472,92.526,92.457,92.523,434,14,0
2026-07-08 09:45:00,92.521,92.533,92.483,92.495,340,14,0
2026-07-08 10:00:00,92.497,92.517,92.459,92.474,338,14,0
2026-07-08 10:15:00,92.472,92.551,92.469,92.549,266,14,0
2026-07-08 10:30:00,92.547,92.606,92.536,92.603,272,14,0
2026-07-08 10:45:00,92.602,92.613,92.575,92.58,245,14,0
2026-07-08 11:00:00,92.578,92.581,92.515,92.517,248,14,0
2026-07-08 11:15:00,92.519,92.554,92.494,92.497,217,14,0
2026-07-08 11:30:00,92.498,92.499,92.359,92.464,657,14,0
2026-07-08 11:45:00,92.467,92.486,92.432,92.464,461,14,0
2026-07-08 12:00:00,92.466,92.557,92.426,92.545,470,14,0
2026-07-08 12:15:00,92.547,92.606,92.545,92.602,334,14,0
2026-07-08 12:30:00,92.604,92.613,92.562,92.601,240,14,0
2026-07-08 12:45:00,92.602,92.62,92.499,92.506,515,14,0
2026-07-08 13:00:00,92.503,92.591,92.503,92.561,480,14,0
2026-07-08 13:15:00,92.558,92.573,92.516,92.536,393,14,0
2026-07-08 13:30:00,92.539,92.622,92.539,92.596,528,14,0
2026-07-08 13:45:00,92.594,92.631,92.511,92.534,481,14,0
2026-07-08 14:00:00,92.536,92.555,92.497,92.501,457,14,0
2026-07-08 14:15:00,92.499,92.598,92.497,92.557,392,14,0
2026-07-08 14:30:00,92.556,92.579,92.528,92.551,393,14,0
2026-07-08 14:45:00,92.554,92.555,92.482,92.53,389,14,0
2026-07-08 15:00:00,92.528,92.576,92.491,92.492,400,14,0
2026-07-08 15:15:00,92.491,92.53,92.469,92.48,428,14,0
2026-07-08 15:30:00,92.479,92.486,92.413,92.426,425,14,0
2026-07-08 15:45:00,92.423,92.452,92.407,92.418,311,14,0
2026-07-08 16:00:00,92.42,92.458,92.409,92.445,290,14,0
2026-07-08 16:15:00,92.444,92.492,92.432,92.489,219,14,0
2026-07-08 16:30:00,92.487,92.567,92.483,92.537,383,14,0
2026-07-08 16:45:00,92.534,92.567,92.528,92.559,251,14,0
2026-07-08 17:00:00,92.557,92.635,92.55,92.618,283,14,0
2026-07-08 17:15:00,92.615,92.666,92.606,92.664,210,14,0
2026-07-08 17:30:00,92.666,92.675,92.642,92.648,164,14,0
2026-07-08 17:45:00,92.65,92.656,92.613,92.617,139,14,0
2026-07-08 18:00:00,92.614,92.687,92.604,92.682,240,14,0
2026-07-08 18:15:00,92.681,92.687,92.654,92.682,141,14,0
2026-07-08 18:30:00,92.68,92.723,92.671,92.722,154,14,0
2026-07-08 18:45:00,92.725,92.734,92.641,92.644,173,14,0
2026-07-08 19:00:00,92.642,92.728,92.642,92.71,163,14,0
2026-07-08 19:15:00,92.711,92.716,92.695,92.716,102,14,0
2026-07-08 19:30:00,92.717,92.725,92.701,92.725,171,14,0
2026-07-08 19:45:00,92.723,92.737,92.685,92.694,256,14,0
2026-07-08 20:00:00,92.693,92.709,92.67,92.682,154,14,0
2026-07-08 20:15:00,92.681,92.681,92.633,92.646,117,14,0
2026-07-08 20:30:00,92.643,92.662,92.616,92.655,153,14,0
2026-07-08 20:45:00,92.652,92.677,92.648,92.648,157,14,0
2026-07-08 21:00:00,92.647,92.648,92.626,92.638,27,43,0
2026-07-08 21:15:00,92.64,92.645,92.545,92.55,168,43,0
2026-07-08 21:30:00,92.552,92.623,92.523,92.537,179,99,0
2026-07-08 21:45:00,92.539,92.629,92.524,92.629,137,100,0
2026-07-08 22:00:00,92.651,92.691,92.651,92.684,69,26,0
2026-07-08 22:15:00,92.686,92.69,92.658,92.661,52,24,0
2026-07-08 22:30:00,92.663,92.706,92.656,92.689,44,24,0
2026-07-08 22:45:00,92.69,92.709,92.69,92.706,32,23,0
2026-07-08 23:00:00,92.712,92.768,92.708,92.765,68,14,0
2026-07-08 23:15:00,92.764,92.795,92.756,92.787,78,14,0
2026-07-08 23:30:00,92.784,92.851,92.784,92.85,125,14,0
2026-07-08 23:45:00,92.849,92.884,92.826,92.879,112,14,0
2026-07-09 00:00:00,92.876,92.906,92.866,92.893,312,14,0
2026-07-09 00:15:00,92.895,92.98,92.885,92.976,338,14,0
2026-07-09 00:30:00,92.977,93.02,92.95,92.956,305,14,0
2026-07-09 00:45:00,92.957,92.976,92.935,92.966,306,14,0
2026-07-09 01:00:00,92.967,93.015,92.931,92.932,336,14,0
2026-07-09 01:15:00,92.93,92.987,92.925,92.937,293,14,0
2026-07-09 01:30:00,92.939,92.959,92.892,92.926,270,14,0
2026-07-09 01:45:00,92.924,92.95,92.903,92.942,219,14,0
2026-07-09 02:00:00,92.945,92.958,92.907,92.944,246,14,0
2026-07-09 02:15:00,92.941,92.984,92.932,92.974,192,14,0
2026-07-09 02:30:00,92.975,92.987,92.905,92.927,203,14,0
2026-07-09 02:45:00,92.925,92.938,92.913,92.913,147,14,0
2026-07-09 03:00:00,92.911,92.948,92.888,92.941,195,14,0
2026-07-09 03:15:00,92.939,92.955,92.906,92.942,183,14,0
2026-07-09 03:30:00,92.944,92.984,92.935,92.964,208,14,0
2026-07-09 03:45:00,92.962,92.978,92.949,92.959,139,14,0
2026-07-09 04:00:00,92.961,92.971,92.947,92.961,167,14,0
2026-07-09 04:15:00,92.963,92.969,92.909,92.913,156,14,0
2026-07-09 04:30:00,92.915,92.955,92.909,92.949,115,14,0
2026-07-09 04:45:00,92.947,92.993,92.943,92.988,98,14,0
2026-07-09 05:00:00,92.99,93.006,92.948,92.989,308,14,0
2026-07-09 05:15:00,92.991,92.994,92.935,92.958,227,14,0
2026-07-09 05:30:00,92.96,92.981,92.935,92.945,213,14,0
2026-07-09 05:45:00,92.944,92.982,92.944,92.959,220,14,0
2026-07-09 06:00:00,92.96,93.025,92.958,92.978,306,14,0
2026-07-09 06:15:00,92.977,93.047,92.971,93.017,349,14,0
2026-07-09 06:30:00,93.014,93.072,92.985,92.99,268,14,0
2026-07-09 06:45:00,92.989,93.006,92.97,92.988,162,14,0
2026-07-09 07:00:00,92.987,92.99,92.948,92.973,256,14,0
2026-07-09 07:15:00,92.972,93.034,92.972,93.025,239,14,0
2026-07-09 07:30:00,93.023,93.024,92.984,92.996,205,14,0
2026-07-09 07:45:00,92.995,93.077,92.989,93.071,226,14,0
2026-07-09 08:00:00,93.073,93.114,93.05,93.058,329,14,0
2026-07-09 08:15:00,93.06,93.126,93.056,93.122,182,14,0
2026-07-09 08:30:00,93.12,93.146,93.112,93.13,183,14,0
2026-07-09 08:45:00,93.128,93.145,93.11,93.129,191,14,0
2026-07-09 09:00:00,93.127,93.138,93.08,93.1,193,14,0
2026-07-09 09:15:00,93.099,93.101,93.062,93.101,226,14,0
2026-07-09 09:30:00,93.103,93.115,93.078,93.091,231,14,0
2026-07-09 09:45:00,93.092,93.147,93.092,93.14,139,14,0
2026-07-09 10:00:00,93.142,93.186,93.137,93.175,163,14,0
2026-07-09 10:15:00,93.174,93.19,93.17,93.184,114,14,0
2026-07-09 10:30:00,93.182,93.201,93.166,93.167,143,14,0
2026-07-09 10:45:00,93.168,93.169,93.105,93.141,268,14,0
2026-07-09 11:00:00,93.143,93.152,93.126,93.148,236,14,0
2026-07-09 11:15:00,93.146,93.146,93.102,93.108,139,14,0
2026-07-09 11:30:00,93.105,93.156,93.093,93.133,173,14,0
2026-07-09 11:45:00,93.132,93.182,93.128,93.171,176,14,0
2026-07-09 12:00:00,93.174,93.248,93.169,93.233,271,14,0
2026-07-09 12:15:00,93.234,93.258,93.21,93.258,253,14,0
2026-07-09 12:30:00,93.255,93.322,93.244,93.284,348,14,0
2026-07-09 12:45:00,93.282,93.297,93.257,93.275,257,14,0
2026-07-09 13:00:00,93.273,93.303,93.254,93.281,282,14,0
2026-07-09 13:15:00,93.28,93.327,93.28,93.322,323,14,0
2026-07-09 13:30:00,93.325,93.339,93.281,93.295,354,14,0
2026-07-09 13:45:00,93.293,93.316,93.27,93.315,277,14,0
2026-07-09 14:00:00,93.317,93.364,93.307,93.349,371,14,0
2026-07-09 14:15:00,93.347,93.375,93.296,93.36,337,14,0
2026-07-09 14:30:00,93.361,93.361,93.305,93.318,317,14,0
2026-07-09 14:45:00,93.316,93.355,93.302,93.329,376,14,0
2026-07-09 15:00:00,93.331,93.428,93.328,93.385,334,14,0
2026-07-09 15:15:00,93.387,93.423,93.375,93.418,213,14,0
2026-07-09 15:30:00,93.419,93.44,93.404,93.426,241,14,0
2026-07-09 15:45:00,93.428,93.473,93.422,93.462,268,14,0
2026-07-09 16:00:00,93.463,93.487,93.463,93.479,206,14,0
2026-07-09 16:15:00,93.478,93.486,93.45,93.466,155,14,0
2026-07-09 16:30:00,93.464,93.483,93.447,93.475,120,14,0
2026-07-09 16:45:00,93.478,93.488,93.449,93.452,123,14,0
2026-07-09 17:00:00,93.453,93.462,93.434,93.454,123,14,0
2026-07-09 17:15:00,93.451,93.495,93.447,93.493,119,14,0
2026-07-09 17:30:00,93.491,93.501,93.486,93.495,95,14,0
2026-07-09 17:45:00,93.496,93.517,93.489,93.492,102,14,0
2026-07-09 18:00:00,93.494,93.507,93.488,93.498,109,14,0
2026-07-09 18:15:00,93.497,93.5,93.467,93.469,107,14,0
2026-07-09 18:30:00,93.47,93.481,93.464,93.47,90,14,0
2026-07-09 18:45:00,93.469,93.476,93.46,93.47,74,14,0
2026-07-09 19:00:00,93.469,93.479,93.459,93.478,94,14,0
2026-07-09 19:15:00,93.479,93.49,93.465,93.469,67,14,0
2026-07-09 19:30:00,93.465,93.465,93.44,93.452,119,14,0
2026-07-09 19:45:00,93.454,93.464,93.445,93.452,96,14,0
2026-07-09 20:00:00,93.454,93.481,93.452,93.466,94,14,0
2026-07-09 20:15:00,93.468,93.498,93.467,93.494,66,14,0
2026-07-09 20:30:00,93.496,93.499,93.484,93.49,34,14,0
2026-07-09 20:45:00,93.487,93.489,93.428,93.438,126,14,0
2026-07-09 21:00:00,93.439,93.442,93.375,93.414,59,43,0
2026-07-09 21:15:00,93.415,93.42,93.406,93.408,68,57,0
2026-07-09 21:30:00,93.409,93.436,93.407,93.435,67,76,0
2026-07-09 21:45:00,93.435,93.46,93.432,93.46,81,55,0
2026-07-09 22:00:00,93.438,93.452,93.407,93.435,111,33,0
2026-07-09 22:15:00,93.435,93.464,93.43,93.458,36,28,0
2026-07-09 22:30:00,93.46,93.482,93.455,93.466,33,26,0
2026-07-09 22:45:00,93.467,93.477,93.467,93.476,15,25,0
2026-07-09 23:00:00,93.481,93.507,93.477,93.492,88,14,0
2026-07-09 23:15:00,93.491,93.507,93.49,93.504,48,14,0
2026-07-09 23:30:00,93.505,93.516,93.497,93.515,43,14,0
2026-07-09 23:45:00,93.513,93.545,93.508,93.54,98,14,0
2026-07-10 00:00:00,93.542,93.547,93.494,93.521,274,14,0
2026-07-10 00:15:00,93.523,93.563,93.517,93.538,175,14,0
2026-07-10 00:30:00,93.537,93.567,93.491,93.558,288,14,0
2026-07-10 00:45:00,93.556,93.56,93.447,93.546,994,14,0
2026-07-10 01:00:00,93.548,93.56,93.452,93.455,867,14,0
2026-07-10 01:15:00,93.453,93.516,93.396,93.512,778,14,0
2026-07-10 01:30:00,93.51,93.51,93.433,93.507,534,14,0
2026-07-10 01:45:00,93.505,93.568,93.462,93.543,654,14,0
2026-07-10 02:00:00,93.541,93.542,93.416,93.431,674,14,0
2026-07-10 02:15:00,93.429,93.49,93.373,93.471,699,14,0
2026-07-10 02:30:00,93.47,93.501,93.425,93.452,516,14,0
2026-07-10 02:45:00,93.45,93.502,93.426,93.459,530,14,0
2026-07-10 03:00:00,93.458,93.476,93.434,93.445,323,14,0
2026-07-10 03:15:00,93.443,93.453,93.401,93.41,299,14,0
2026-07-10 03:30:00,93.408,93.431,93.395,93.426,212,14,0
2026-07-10 03:45:00,93.429,93.437,93.382,93.405,224,14,0
2026-07-10 04:00:00,93.407,93.419,93.377,93.399,199,14,0
2026-07-10 04:15:00,93.397,93.431,93.379,93.408,214,14,0
2026-07-10 04:30:00,93.41,93.416,93.372,93.383,124,14,0
2026-07-10 04:45:00,93.385,93.393,93.34,93.342,159,14,0
2026-07-10 05:00:00,93.345,93.349,93.257,93.257,349,14,0
2026-07-10 05:15:00,93.259,93.294,93.256,93.263,266,14,0
2026-07-10 05:30:00,93.26,93.267,93.217,93.251,263,14,0
2026-07-10 05:45:00,93.253,93.253,93.197,93.216,306,14,0
2026-07-10 06:00:00,93.218,93.284,93.201,93.266,389,14,0
2026-07-10 06:15:00,93.268,93.278,93.223,93.276,423,14,0
2026-07-10 06:30:00,93.273,93.299,93.249,93.249,386,14,0
2026-07-10 06:45:00,93.25,93.285,93.237,93.272,249,14,0
2026-07-10 07:00:00,93.275,93.309,93.262,93.3,316,14,0
2026-07-10 07:15:00,93.299,93.344,93.288,93.331,337,14,0
2026-07-10 07:30:00,93.329,93.35,93.282,93.284,302,14,0
2026-07-10 07:45:00,93.287,93.296,93.252,93.288,270,14,0
2026-07-10 08:00:00,93.287,93.292,93.231,93.277,510,14,0
2026-07-10 08:15:00,93.279,93.305,93.262,93.27,257,14,0
2026-07-10 08:30:00,93.272,93.275,93.167,93.209,609,14,0
2026-07-10 08:45:00,93.206,93.251,93.19,93.239,249,14,0
2026-07-10 09:00:00,93.241,93.282,93.208,93.272,267,14,0
2026-07-10 09:15:00,93.274,93.316,93.259,93.316,204,14,0
2026-07-10 09:30:00,93.313,93.351,93.311,93.331,247,14,0
2026-07-10 09:45:00,93.333,93.401,93.333,93.371,202,14,0
2026-07-10 10:00:00,93.374,93.38,93.354,93.358,185,14,0
2026-07-10 10:15:00,93.357,93.381,93.333,93.337,198,14,0
2026-07-10 10:30:00,93.338,93.346,93.318,93.335,186,14,0
2026-07-10 10:45:00,93.337,93.356,93.33,93.336,227,14,0
2026-07-10 11:00:00,93.339,93.354,93.305,93.32,177,14,0
2026-07-10 11:15:00,93.322,93.338,93.286,93.286,231,14,0
2026-07-10 11:30:00,93.284,93.355,93.27,93.347,287,14,0
2026-07-10 11:45:00,93.349,93.391,93.345,93.383,219,14,0
2026-07-10 12:00:00,93.385,93.439,93.363,93.413,648,14,0
2026-07-10 12:15:00,93.416,93.424,93.381,93.384,315,14,0
2026-07-10 12:30:00,93.386,93.402,93.313,93.316,335,14,0
2026-07-10 12:45:00,93.318,93.344,93.3,93.342,236,14,0
2026-07-10 13:00:00,93.344,93.352,93.317,93.337,262,14,0
2026-07-10 13:15:00,93.335,93.345,93.286,93.289,228,14,0
2026-07-10 13:30:00,93.291,93.378,93.289,93.368,383,14,0
2026-07-10 13:45:00,93.37,93.371,93.26,93.264,375,14,0
2026-07-10 14:00:00,93.266,93.282,93.242,93.264,333,14,0
2026-07-10 14:15:00,93.26,93.323,93.257,93.286,320,14,0
2026-07-10 14:30:00,93.287,93.296,93.108,93.221,1191,14,0
2026-07-10 14:45:00,93.218,93.267,93.194,93.23,378,14,0
2026-07-10 15:00:00,93.233,93.25,93.196,93.205,382,14,0
2026-07-10 15:15:00,93.208,93.253,93.187,93.208,488,14,0
2026-07-10 15:30:00,93.211,93.211,93.135,93.151,436,14,0
2026-07-10 15:45:00,93.153,93.175,93.093,93.122,403,14,0
2026-07-10 16:00:00,93.12,93.174,93.114,93.17,450,14,0
2026-07-10 16:15:00,93.171,93.201,93.151,93.183,328,14,0
2026-07-10 16:30:00,93.186,93.234,93.186,93.226,205,14,0
2026-07-10 16:45:00,93.228,93.254,93.206,93.213,225,14,0
2026-07-10 17:00:00,93.211,93.223,93.199,93.206,194,14,0
2026-07-10 17:15:00,93.204,93.22,93.192,93.197,159,14,0
2026-07-10 17:30:00,93.195,93.195,93.174,93.184,143,14,0
2026-07-10 17:45:00,93.186,93.201,93.165,93.17,146,14,0
2026-07-10 18:00:00,93.173,93.197,93.166,93.192,166,14,0
2026-07-10 18:15:00,93.193,93.193,93.172,93.186,151,14,0
2026-07-10 18:30:00,93.188,93.2,93.185,93.195,125,14,0
2026-07-10 18:45:00,93.197,93.21,93.184,93.204,125,14,0
2026-07-10 19:00:00,93.201,93.208,93.192,93.201,111,14,0
2026-07-10 19:15:00,93.198,93.201,93.182,93.192,62,14,0
2026-07-10 19:30:00,93.19,93.194,93.18,93.192,78,14,0
2026-07-10 19:45:00,93.19,93.212,93.183,93.21,112,14,0
2026-07-10 20:00:00,93.212,93.227,93.194,93.2,114,14,0
2026-07-10 20:15:00,93.199,93.211,93.195,93.211,66,14,0
2026-07-10 20:30:00,93.212,93.216,93.195,93.209,83,14,0
2026-07-10 20:45:00,93.211,93.231,93.194,93.209,228,14,0
2026-07-12 21:00:00,93.11,93.152,93.102,93.152,19,55,0
2026-07-12 21:15:00,93.154,93.166,93.101,93.141,54,62,0
2026-07-12 21:30:00,93.134,93.195,93.118,93.193,144,56,0
2026-07-12 21:45:00,93.192,93.212,93.032,93.085,127,44,0
2026-07-12 22:00:00,93.119,93.2,93.022,93.129,357,40,0
2026-07-12 22:15:00,93.13,93.165,93.107,93.151,149,36,0
2026-07-12 22:30:00,93.153,93.188,93.135,93.156,128,35,0
2026-07-12 22:45:00,93.155,93.176,93.146,93.157,107,34,0
2026-07-12 23:00:00,93.167,93.19,93.134,93.187,256,14,0
2026-07-12 23:15:00,93.185,93.188,93.164,93.181,100,14,0
2026-07-12 23:30:00,93.18,93.198,93.175,93.192,95,14,0
2026-07-12 23:45:00,93.193,93.219,93.166,93.207,263,14,0
2026-07-13 00:00:00,93.208,93.253,93.192,93.208,447,14,0
2026-07-13 00:15:00,93.211,93.235,93.201,93.206,320,14,0
2026-07-13 00:30:00,93.208,93.212,93.158,93.168,371,14,0
2026-07-13 00:45:00,93.17,93.204,93.15,93.204,403,14,0
2026-07-13 01:00:00,93.206,93.241,93.197,93.223,405,14,0
2026-07-13 01:15:00,93.224,93.276,93.223,93.267,360,14,0
2026-07-13 01:30:00,93.264,93.348,93.251,93.333,339,14,0
2026-07-13 01:45:00,93.33,93.47,93.329,93.439,388,14,0
2026-07-13 02:00:00,93.441,93.45,93.396,93.396,298,14,0
2026-07-13 02:15:00,93.395,93.44,93.388,93.433,209,14,0
2026-07-13 02:30:00,93.435,93.441,93.408,93.433,190,14,0
2026-07-13 02:45:00,93.43,93.432,93.391,93.394,164,14,0
2026-07-13 03:00:00,93.392,93.399,93.314,93.323,213,14,0
2026-07-13 03:15:00,93.321,93.358,93.312,93.358,177,14,0
2026-07-13 03:30:00,93.357,93.368,93.324,93.329,156,14,0
2026-07-13 03:45:00,93.333,93.344,93.287,93.321,170,14,0
2026-07-13 04:00:00,93.322,93.322,93.246,93.283,170,14,0
2026-07-13 04:15:00,93.284,93.287,93.209,93.23,181,14,0
2026-07-13 04:30:00,93.231,93.258,93.228,93.254,133,14,0
2026-07-13 04:45:00,93.252,93.275,93.233,93.271,138,14,0
2026-07-13 05:00:00,93.273,93.327,93.262,93.312,242,14,0
2026-07-13 05:15:00,93.314,93.319,93.251,93.252,249,14,0
2026-07-13 05:30:00,93.249,93.305,93.23,93.289,317,14,0
2026-07-13 05:45:00,93.291,93.388,93.279,93.374,657,14,0
2026-07-13 06:00:00,93.376,93.419,93.353,93.364,499,14,0
2026-07-13 06:15:00,93.365,93.433,93.362,93.429,371,14,0
2026-07-13 06:30:00,93.43,93.464,93.427,93.442,408,14,0
2026-07-13 06:45:00,93.441,93.451,93.421,93.448,277,14,0
2026-07-13 07:00:00,93.45,93.524,93.358,93.471,1255,14,0
2026-07-13 07:15:00,93.47,93.51,93.442,93.457,453,14,0
2026-07-13 07:30:00,93.46,93.538,93.436,93.516,532,14,0
2026-07-13 07:45:00,93.518,93.585,93.516,93.58,420,14,0
2026-07-13 08:00:00,93.582,93.702,93.573,93.673,599,14,0
2026-07-13 08:15:00,93.674,93.725,93.673,93.705,403,14,0
2026-07-13 08:30:00,93.702,93.769,93.692,93.767,302,14,0
2026-07-13 08:45:00,93.765,93.779,93.737,93.737,237,14,0
2026-07-13 09:00:00,93.735,93.736,93.656,93.66,225,14,0
2026-07-13 09:15:00,93.662,93.676,93.616,93.632,304,14,0
2026-07-13 09:30:00,93.633,93.647,93.621,93.636,278,14,0
2026-07-13 09:45:00,93.638,93.652,93.613,93.645,219,14,0
2026-07-13 10:00:00,93.643,93.661,93.633,93.636,239,14,0
2026-07-13 10:15:00,93.633,93.642,93.59,93.628,236,14,0
2026-07-13 10:30:00,93.631,93.657,93.616,93.649,222,14,0
2026-07-13 10:45:00,93.65,93.701,93.646,93.701,207,14,0
2026-07-13 11:00:00,93.703,93.723,93.688,93.716,271,14,0
2026-07-13 11:15:00,93.718,93.757,93.713,93.748,235,14,0
2026-07-13 11:30:00,93.747,93.773,93.735,93.765,211,14,0
2026-07-13 11:45:00,93.763,93.763,93.717,93.718,201,14,0
2026-07-13 12:00:00,93.716,93.735,93.632,93.649,354,14,0
2026-07-13 12:15:00,93.651,93.71,93.651,93.7,264,14,0
2026-07-13 12:30:00,93.702,93.742,93.696,93.73,295,14,0
2026-07-13 12:45:00,93.732,93.795,93.732,93.795,267,14,0
2026-07-13 13:00:00,93.798,93.831,93.779,93.785,329,14,0
2026-07-13 13:15:00,93.784,93.802,93.757,93.787,237,14,0
2026-07-13 13:30:00,93.789,93.803,93.714,93.722,474,14,0
2026-07-13 13:45:00,93.723,93.764,93.705,93.751,471,14,0
2026-07-13 14:00:00,93.749,93.791,93.705,93.736,508,14,0
2026-07-13 14:15:00,93.734,93.749,93.616,93.709,1001,14,0
2026-07-13 14:30:00,93.707,93.718,93.677,93.718,432,14,0
2026-07-13 14:45:00,93.716,93.722,93.657,93.706,418,14,0
2026-07-13 15:00:00,93.708,93.736,93.675,93.69,358,14,0
2026-07-13 15:15:00,93.687,93.689,93.646,93.658,283,14,0
2026-07-13 15:30:00,93.66,93.665,93.635,93.662,249,14,0
2026-07-13 15:45:00,93.661,93.662,93.643,93.649,213,14,0
2026-07-13 16:00:00,93.652,93.683,93.651,93.681,179,14,0
2026-07-13 16:15:00,93.682,93.682,93.567,93.585,245,14,0
2026-07-13 16:30:00,93.582,93.583,93.437,93.502,669,14,0
2026-07-13 16:45:00,93.504,93.523,93.443,93.509,398,14,0
2026-07-13 17:00:00,93.508,93.535,93.488,93.511,240,14,0
2026-07-13 17:15:00,93.512,93.534,93.502,93.516,154,14,0
2026-07-13 17:30:00,93.517,93.52,93.495,93.52,167,14,0
2026-07-13 17:45:00,93.523,93.539,93.464,93.473,179,14,0
2026-07-13 18:00:00,93.471,93.486,93.441,93.468,200,14,0
2026-07-13 18:15:00,93.469,93.469,93.424,93.442,164,14,0
2026-07-13 18:30:00,93.441,93.458,93.433,93.447,161,14,0
2026-07-13 18:45:00,93.449,93.453,93.414,93.418,155,14,0
2026-07-13 19:00:00,93.416,93.437,93.408,93.417,154,14,0
2026-07-13 19:15:00,93.414,93.414,93.366,93.368,154,14,0
2026-07-13 19:30:00,93.367,93.391,93.362,93.388,114,14,0
2026-07-13 19:45:00,93.386,93.416,93.375,93.409,116,14,0
2026-07-13 20:00:00,93.406,93.409,93.348,93.358,100,14,0
2026-07-13 20:15:00,93.359,93.36,93.314,93.359,120,14,0
2026-07-13 20:30:00,93.36,93.376,93.353,93.371,49,14,0
2026-07-13 20:45:00,93.372,93.391,93.369,93.389,132,14,0
2026-07-13 21:00:00,93.387,93.389,93.377,93.377,11,43,0
2026-07-13 21:15:00,93.376,93.376,93.363,93.376,26,48,0
2026-07-13 21:30:00,93.379,93.387,93.374,93.387,43,38,0
2026-07-13 21:45:00,93.387,93.395,93.383,93.392,34,29,0
2026-07-13 22:00:00,93.392,93.47,93.391,93.466,81,30,0
2026-07-13 22:15:00,93.467,93.483,93.46,93.465,55,26,0
2026-07-13 22:30:00,93.466,93.5,93.462,93.494,62,25,0
2026-07-13 22:45:00,93.49,93.49,93.466,93.47,49,24,0
2026-07-13 23:00:00,93.475,93.506,93.463,93.506,99,14,0
2026-07-13 23:15:00,93.505,93.521,93.494,93.501,62,14,0
2026-07-13 23:30:00,93.499,93.606,93.495,93.591,137,14,0
2026-07-13 23:45:00,93.589,93.612,93.558,93.609,228,14,0
2026-07-14 00:00:00,93.606,93.626,93.528,93.584,551,14,0
2026-07-14 00:15:00,93.586,93.63,93.544,93.626,456,14,0
2026-07-14 00:30:00,93.628,93.772,93.614,93.749,538,14,0
2026-07-14 00:45:00,93.751,93.825,93.685,93.802,924,14,0
2026-07-14 01:00:00,93.805,93.836,93.776,93.789,427,14,0
2026-07-14 01:15:00,93.792,93.855,93.774,93.793,381,14,0
2026-07-14 01:30:00,93.79,93.83,93.762,93.828,342,14,0
2026-07-14 01:45:00,93.826,93.855,93.798,93.831,295,14,0
2026-07-14 02:00:00,93.834,93.884,93.827,93.879,257,14,0
2026-07-14 02:15:00,93.88,93.959,93.88,93.959,325,14,0
2026-07-14 02:30:00,93.961,93.994,93.936,93.965,290,14,0
2026-07-14 02:45:00,93.966,93.966,93.928,93.935,223,14,0
2026-07-14 03:00:00,93.937,93.976,93.925,93.967,245,14,0
2026-07-14 03:15:00,93.964,94.013,93.96,94.013,219,14,0
2026-07-14 03:30:00,94.01,94.06,93.982,93.983,322,14,0
2026-07-14 03:45:00,93.984,94.008,93.974,93.981,206,14,0
2026-07-14 04:00:00,93.979,93.98,93.924,93.945,185,14,0
2026-07-14 04:15:00,93.946,93.962,93.914,93.928,141,14,0
2026-07-14 04:30:00,93.926,93.942,93.901,93.918,164,14,0
2026-07-14 04:45:00,93.915,93.968,93.9,93.964,143,14,0
2026-07-14 05:00:00,93.967,94.018,93.949,94.01,166,14,0
2026-07-14 05:15:00,94.011,94.033,94.002,94.027,168,14,0
2026-07-14 05:30:00,94.03,94.09,94.028,94.044,232,14,0
2026-07-14 05:45:00,94.045,94.052,94.01,94.036,219,14,0
2026-07-14 06:00:00,94.034,94.04,93.996,94.002,258,14,0
2026-07-14 06:15:00,94.004,94.004,93.965,93.974,230,14,0
2026-07-14 06:30:00,93.971,93.998,93.925,93.931,279,14,0
2026-07-14 06:45:00,93.93,93.935,93.885,93.903,222,14,0
2026-07-14 07:00:00,93.906,93.99,93.9,93.988,370,14,0
2026-07-14 07:15:00,93.985,94.076,93.985,94.064,299,14,0
2026-07-14 07:30:00,94.063,94.068,94.016,94.047,322,14,0
2026-07-14 07:45:00,94.05,94.093,94.041,94.075,348,14,0
2026-07-14 08:00:00,94.073,94.094,94.034,94.043,354,14,0
2026-07-14 08:15:00,94.046,94.053,94.029,94.037,260,14,0
2026-07-14 08:30:00,94.035,94.107,93.985,94.084,626,14,0
2026-07-14 08:45:00,94.085,94.088,94.041,94.066,319,14,0
2026-07-14 09:00:00,94.068,94.137,94.06,94.135,241,14,0
2026-07-14 09:15:00,94.133,94.145,94.105,94.105,258,14,0
2026-07-14 09:30:00,94.108,94.146,94.105,94.105,173,14,0
2026-07-14 09:45:00,94.104,94.178,94.102,94.146,233,14,0
2026-07-14 10:00:00,94.148,94.153,94.118,94.122,181,14,0
2026-07-14 10:15:00,94.125,94.142,94.11,94.118,213,14,0
2026-07-14 10:30:00,94.116,94.122,94.052,94.066,267,14,0
2026-07-14 10:45:00,94.068,94.094,94.056,94.056,168,14,0
2026-07-14 11:00:00,94.058,94.08,94.026,94.073,280,14,0
2026-07-14 11:15:00,94.072,94.109,94.047,94.102,245,14,0
2026-07-14 11:30:00,94.103,94.142,94.097,94.123,245,14,0
2026-07-14 11:45:00,94.122,94.145,94.102,94.105,274,14,0
2026-07-14 12:00:00,94.104,94.119,94.058,94.061,360,14,0
2026-07-14 12:15:00,94.063,94.163,94.053,94.109,415,14,0
2026-07-14 12:30:00,94.111,94.507,94.056,94.331,2956,14,0
2026-07-14 12:45:00,94.333,94.335,94.214,94.233,1327,14,0
2026-07-14 13:00:00,94.235,94.32,94.228,94.292,1085,14,0
2026-07-14 13:15:00,94.289,94.327,94.256,94.277,725,14,0
2026-07-14 13:30:00,94.28,94.343,94.275,94.327,843,14,0
2026-07-14 13:45:00,94.325,94.325,94.249,94.265,673,14,0
2026-07-14 14:00:00,94.264,94.301,94.236,94.243,629,14,0
2026-07-14 14:15:00,94.245,94.302,94.184,94.246,727,14,0
2026-07-14 14:30:00,94.248,94.34,94.235,94.3,1006,14,0
2026-07-14 14:45:00,94.298,94.312,94.204,94.215,537,14,0
2026-07-14 15:00:00,94.212,94.307,94.203,94.288,672,14,0
2026-07-14 15:15:00,94.29,94.294,94.225,94.231,327,14,0
2026-07-14 15:30:00,94.229,94.259,94.131,94.168,506,14,0
2026-07-14 15:45:00,94.171,94.184,94.135,94.147,421,14,0
2026-07-14 16:00:00,94.15,94.156,94.103,94.155,370,14,0
2026-07-14 16:15:00,94.153,94.192,94.14,94.19,230,14,0
2026-07-14 16:30:00,94.194,94.232,94.194,94.219,179,14,0
2026-07-14 16:45:00,94.22,94.23,94.193,94.222,157,14,0
2026-07-14 17:00:00,94.224,94.239,94.172,94.172,235,14,0
2026-07-14 17:15:00,94.169,94.218,94.156,94.207,261,14,0
2026-07-14 17:30:00,94.209,94.233,94.206,94.229,128,14,0
2026-07-14 17:45:00,94.23,94.242,94.215,94.224,146,14,0
2026-07-14 18:00:00,94.223,94.241,94.22,94.235,111,14,0
2026-07-14 18:15:00,94.237,94.248,94.212,94.225,115,14,0
2026-07-14 18:30:00,94.224,94.236,94.192,94.211,202,14,0
2026-07-14 18:45:00,94.209,94.239,94.204,94.232,116,14,0
2026-07-14 19:00:00,94.23,94.23,94.191,94.205,142,14,0
2026-07-14 19:15:00,94.203,94.211,94.183,94.207,120,14,0
2026-07-14 19:30:00,94.205,94.205,94.182,94.197,182,14,0
2026-07-14 19:45:00,94.194,94.212,94.191,94.2,110,14,0
2026-07-14 20:00:00,94.199,94.215,94.194,94.208,105,14,0
2026-07-14 20:15:00,94.211,94.234,94.201,94.224,70,14,0
2026-07-14 20:30:00,94.223,94.233,94.215,94.227,54,14,0
2026-07-14 20:45:00,94.225,94.272,94.223,94.261,119,14,0
2026-07-14 21:00:00,94.259,94.26,94.259,94.259,5,43,0
2026-07-14 21:15:00,94.26,94.273,94.26,94.273,22,29,0
2026-07-14 21:30:00,94.272,94.272,94.177,94.226,115,24,0
2026-07-14 21:45:00,94.223,94.252,94.188,94.252,106,43,0
2026-07-14 22:00:00,94.262,94.279,94.241,94.25,88,31,0
2026-07-14 22:15:00,94.248,94.269,94.246,94.269,51,28,0
2026-07-14 22:30:00,94.266,94.269,94.241,94.254,70,26,0
2026-07-14 22:45:00,94.252,94.253,94.229,94.242,50,25,0
2026-07-14 23:00:00,94.248,94.254,94.217,94.218,99,14,0
2026-07-14 23:15:00,94.219,94.223,94.189,94.205,97,14,0
2026-07-14 23:30:00,94.207,94.252,94.199,94.242,113,14,0
2026-07-14 23:45:00,94.243,94.271,94.239,94.271,99,14,0
2026-07-15 00:00:00,94.273,94.289,94.239,94.281,308,14,0
2026-07-15 00:15:00,94.284,94.371,94.284,94.367,253,14,0
2026-07-15 00:30:00,94.366,94.372,94.305,94.323,245,14,0
2026-07-15 00:45:00,94.32,94.371,94.312,94.363,362,14,0
2026-07-15 01:00:00,94.365,94.373,94.313,94.339,442,14,0
2026-07-15 01:15:00,94.337,94.373,94.332,94.336,334,14,0
2026-07-15 01:30:00,94.335,94.413,94.293,94.371,383,14,0
2026-07-15 01:45:00,94.373,94.414,94.35,94.401,298,14,0
2026-07-15 02:00:00,94.403,94.41,94.353,94.355,297,14,0
2026-07-15 02:15:00,94.354,94.354,94.296,94.327,200,14,0
2026-07-15 02:30:00,94.325,94.356,94.317,94.35,197,14,0
2026-07-15 02:45:00,94.349,94.35,94.296,94.299,212,14,0
2026-07-15 03:00:00,94.297,94.3,94.243,94.258,257,14,0
2026-07-15 03:15:00,94.256,94.256,94.206,94.227,205,14,0
2026-07-15 03:30:00,94.223,94.244,94.216,94.22,151,14,0
2026-07-15 03:45:00,94.222,94.301,94.222,94.29,165,14,0
2026-07-15 04:00:00,94.288,94.304,94.239,94.263,152,14,0
2026-07-15 04:15:00,94.261,94.319,94.261,94.317,144,14,0
2026-07-15 04:30:00,94.318,94.321,94.299,94.32,108,14,0
2026-07-15 04:45:00,94.322,94.35,94.31,94.317,107,14,0
2026-07-15 05:00:00,94.319,94.339,94.31,94.314,218,14,0
2026-07-15 05:15:00,94.311,94.332,94.295,94.324,141,14,0
2026-07-15 05:30:00,94.322,94.359,94.32,94.35,197,14,0
2026-07-15 05:45:00,94.348,94.398,94.348,94.36,200,14,0
2026-07-15 06:00:00,94.362,94.399,94.357,94.394,233,14,0
2026-07-15 06:15:00,94.392,94.437,94.392,94.398,231,14,0
2026-07-15 06:30:00,94.401,94.401,94.307,94.312,255,14,0
2026-07-15 06:45:00,94.31,94.356,94.297,94.323,286,14,0
2026-07-15 07:00:00,94.321,94.416,94.317,94.41,327,14,0
2026-07-15 07:15:00,94.409,94.411,94.323,94.356,296,14,0
2026-07-15 07:30:00,94.354,94.41,94.344,94.394,281,14,0
2026-07-15 07:45:00,94.396,94.436,94.387,94.42,207,14,0
2026-07-15 08:00:00,94.422,94.467,94.418,94.439,277,14,0
2026-07-15 08:15:00,94.441,94.485,94.424,94.462,266,14,0
2026-07-15 08:30:00,94.464,94.484,94.428,94.434,238,14,0
2026-07-15 08:45:00,94.435,94.453,94.402,94.453,207,14,0
2026-07-15 09:00:00,94.455,94.478,94.446,94.458,279,14,0
2026-07-15 09:15:00,94.459,94.501,94.437,94.483,207,14,0
2026-07-15 09:30:00,94.484,94.485,94.44,94.482,177,14,0
2026-07-15 09:45:00,94.479,94.48,94.435,94.462,207,14,0
2026-07-15 10:00:00,94.461,94.495,94.43,94.488,205,14,0
2026-07-15 10:15:00,94.49,94.492,94.406,94.412,298,14,0
2026-07-15 10:30:00,94.414,94.477,94.412,94.468,211,14,0
2026-07-15 10:45:00,94.47,94.478,94.432,94.45,183,14,0
2026-07-15 11:00:00,94.452,94.507,94.442,94.492,248,14,0
2026-07-15 11:15:00,94.493,94.493,94.464,94.48,153,14,0
2026-07-15 11:30:00,94.479,94.487,94.452,94.461,172,14,0
2026-07-15 11:45:00,94.46,94.501,94.451,94.484,263,14,0
2026-07-15 12:00:00,94.486,94.499,94.452,94.469,259,14,0
2026-07-15 12:15:00,94.468,94.509,94.451,94.5,268,14,0
2026-07-15 12:30:00,94.496,94.569,94.478,94.562,601,14,0
2026-07-15 12:45:00,94.564,94.581,94.538,94.56,344,14,0
2026-07-15 13:00:00,94.563,94.605,94.548,94.549,352,14,0
2026-07-15 13:15:00,94.546,94.593,94.542,94.548,353,14,0
2026-07-15 13:30:00,94.55,94.579,94.525,94.557,377,14,0
2026-07-15 13:45:00,94.559,94.578,94.514,94.547,437,14,0
2026-07-15 14:00:00,94.549,94.622,94.539,94.577,383,14,0
2026-07-15 14:15:00,94.575,94.633,94.574,94.625,415,14,0
2026-07-15 14:30:00,94.627,94.647,94.607,94.646,403,14,0
2026-07-15 14:45:00,94.649,94.675,94.601,94.625,550,14,0
2026-07-15 15:00:00,94.623,94.662,94.614,94.628,384,14,0
2026-07-15 15:15:00,94.63,94.687,94.598,94.684,348,14,0
2026-07-15 15:30:00,94.682,94.686,94.643,94.668,349,14,0
2026-07-15 15:45:00,94.666,94.68,94.643,94.643,250,14,0
2026-07-15 16:00:00,94.646,94.686,94.626,94.651,277,14,0
2026-07-15 16:15:00,94.65,94.668,94.645,94.663,265,14,0
2026-07-15 16:30:00,94.665,94.674,94.617,94.621,210,14,0
2026-07-15 16:45:00,94.623,94.661,94.611,94.659,472,14,0
2026-07-15 17:00:00,94.661,94.7,94.66,94.68,268,14,0
2026-07-15 17:15:00,94.682,94.744,94.674,94.744,193,14,0
2026-07-15 17:30:00,94.745,94.875,94.745,94.875,401,14,0
2026-07-15 17:45:00,94.877,94.894,94.851,94.876,312,14,0
2026-07-15 18:00:00,94.878,94.881,94.856,94.873,219,14,0
2026-07-15 18:15:00,94.871,94.905,94.869,94.896,180,14,0
2026-07-15 18:30:00,94.899,94.922,94.86,94.863,213,14,0
2026-07-15 18:45:00,94.862,94.866,94.763,94.776,249,14,0
2026-07-15 19:00:00,94.774,94.875,94.738,94.855,278,14,0
2026-07-15 19:15:00,94.856,94.857,94.811,94.849,208,14,0
2026-07-15 19:30:00,94.852,94.859,94.8,94.851,420,14,0
2026-07-15 19:45:00,94.854,94.873,94.844,94.868,270,14,0
2026-07-15 20:00:00,94.866,94.87,94.826,94.838,156,14,0
2026-07-15 20:15:00,94.836,94.875,94.834,94.875,67,14,0
2026-07-15 20:30:00,94.874,94.88,94.854,94.861,71,14,0
2026-07-15 20:45:00,94.86,94.864,94.835,94.835,144,14,0
2026-07-15 21:00:00,94.834,94.834,94.811,94.811,12,43,0
2026-07-15 21:15:00,94.808,94.829,94.799,94.826,61,41,0
2026-07-15 21:30:00,94.825,94.832,94.819,94.826,68,35,0
2026-07-15 21:45:00,94.824,94.837,94.819,94.832,92,27,0
2026-07-15 22:00:00,94.815,94.859,94.814,94.841,89,47,0
2026-07-15 22:15:00,94.839,94.842,94.813,94.836,61,53,0
2026-07-15 22:30:00,94.838,94.839,94.818,94.82,54,42,0
2026-07-15 22:45:00,94.821,94.825,94.812,94.821,67,35,0
2026-07-15 23:00:00,94.832,94.835,94.794,94.807,111,14,0
2026-07-15 23:15:00,94.804,94.807,94.775,94.791,116,14,0
2026-07-15 23:30:00,94.789,94.789,94.755,94.78,97,14,0
2026-07-15 23:45:00,94.778,94.781,94.75,94.765,158,14,0
2026-07-16 00:00:00,94.768,94.808,94.763,94.797,305,14,0
2026-07-16 00:15:00,94.795,94.805,94.763,94.764,217,14,0
2026-07-16 00:30:00,94.767,94.778,94.703,94.734,194,14,0
2026-07-16 00:45:00,94.735,94.738,94.652,94.725,436,14,0
2026-07-16 01:00:00,94.726,94.747,94.648,94.668,299,14,0
2026-07-16 01:15:00,94.671,94.679,94.612,94.617,262,14,0
2026-07-16 01:30:00,94.62,94.629,94.585,94.607,250,14,0
2026-07-16 01:45:00,94.608,94.646,94.604,94.633,153,14,0
2026-07-16 02:00:00,94.631,94.639,94.603,94.606,184,14,0
2026-07-16 02:15:00,94.608,94.676,94.602,94.676,153,14,0
2026-07-16 02:30:00,94.677,94.688,94.647,94.669,217,14,0
2026-07-16 02:45:00,94.671,94.745,94.671,94.738,137,14,0
2026-07-16 03:00:00,94.737,94.801,94.73,94.753,204,14,0
2026-07-16 03:15:00,94.752,94.807,94.745,94.794,184,14,0
2026-07-16 03:30:00,94.798,94.841,94.797,94.83,166,14,0
2026-07-16 03:45:00,94.828,94.851,94.825,94.848,141,14,0
2026-07-16 04:00:00,94.85,94.888,94.834,94.886,161,14,0
2026-07-16 04:15:00,94.885,94.885,94.8,94.803,138,14,0
2026-07-16 04:30:00,94.805,94.835,94.805,94.828,131,14,0
2026-07-16 04:45:00,94.826,94.828,94.781,94.795,112,14,0
2026-07-16 05:00:00,94.793,94.818,94.781,94.818,128,14,0
2026-07-16 05:15:00,94.819,94.859,94.816,94.858,134,14,0
2026-07-16 05:30:00,94.857,94.9,94.857,94.883,265,14,0
2026-07-16 05:45:00,94.884,94.885,94.848,94.875,223,14,0
2026-07-16 06:00:00,94.877,94.95,94.863,94.909,379,14,0
2026-07-16 06:15:00,94.907,94.937,94.897,94.919,234,14,0
2026-07-16 06:30:00,94.921,94.921,94.859,94.881,280,14,0
2026-07-16 06:45:00,94.882,94.973,94.866,94.94,289,14,0
2026-07-16 07:00:00,94.942,94.949,94.831,94.852,355,14,0
2026-07-16 07:15:00,94.851,94.895,94.85,94.884,309,14,0
2026-07-16 07:30:00,94.882,94.893,94.85,94.875,229,14,0
2026-07-16 07:45:00,94.878,94.921,94.869,94.89,327,14,0
2026-07-16 08:00:00,94.887,94.945,94.87,94.872,318,14,0
2026-07-16 08:15:00,94.873,94.913,94.853,94.861,274,14,0
2026-07-16 08:30:00,94.864,94.895,94.851,94.864,199,14,0
2026-07-16 08:45:00,94.865,94.867,94.837,94.866,212,14,0
2026-07-16 09:00:00,94.868,94.902,94.854,94.893,226,14,0
2026-07-16 09:15:00,94.894,94.92,94.869,94.869,199,14,0
2026-07-16 09:30:00,94.868,94.888,94.861,94.862,200,14,0
2026-07-16 09:45:00,94.864,94.89,94.851,94.886,157,14,0
2026-07-16 10:00:00,94.888,94.92,94.884,94.908,172,14,0
2026-07-16 10:15:00,94.907,94.927,94.898,94.908,155,14,0
2026-07-16 10:30:00,94.911,94.931,94.897,94.924,156,14,0
2026-07-16 10:45:00,94.926,94.953,94.906,94.906,169,14,0
2026-07-16 11:00:00,94.904,94.917,94.881,94.905,217,14,0
2026-07-16 11:15:00,94.903,94.921,94.858,94.865,189,14,0
2026-07-16 11:30:00,94.867,94.893,94.859,94.882,198,14,0
2026-07-16 11:45:00,94.883,94.944,94.843,94.938,579,14,0
2026-07-16 12:00:00,94.94,94.99,94.915,94.919,346,14,0
2026-07-16 12:15:00,94.921,94.959,94.89,94.922,386,14,0
2026-07-16 12:30:00,94.925,94.954,94.858,94.872,472,14,0
2026-07-16 12:45:00,94.871,94.905,94.866,94.874,365,14,0
2026-07-16 13:00:00,94.877,94.955,94.867,94.942,413,14,0
2026-07-16 13:15:00,94.941,94.98,94.934,94.97,334,14,0
2026-07-16 13:30:00,94.973,94.987,94.929,94.946,452,14,0
2026-07-16 13:45:00,94.947,94.986,94.921,94.927,492,14,0
2026-07-16 14:00:00,94.929,94.992,94.918,94.964,419,14,0
2026-07-16 14:15:00,94.962,95.065,94.953,95.046,373,14,0
2026-07-16 14:30:00,95.045,95.069,95.015,95.059,339,14,0
2026-07-16 14:45:00,95.061,95.074,95.003,95.014,392,14,0
2026-07-16 15:00:00,95.016,95.017,94.959,94.97,367,14,0
2026-07-16 15:15:00,94.973,94.986,94.938,94.964,283,14,0
2026-07-16 15:30:00,94.963,94.988,94.935,94.941,250,14,0
2026-07-16 15:45:00,94.94,94.973,94.9,94.914,249,14,0
2026-07-16 16:00:00,94.915,94.934,94.87,94.876,186,14,0
2026-07-16 16:15:00,94.877,94.894,94.841,94.844,328,14,0
2026-07-16 16:30:00,94.847,94.855,94.828,94.841,171,14,0
2026-07-16 16:45:00,94.839,94.847,94.828,94.841,127,14,0
2026-07-16 17:00:00,94.844,94.845,94.793,94.799,192,14,0
2026-07-16 17:15:00,94.8,94.829,94.8,94.828,157,14,0
2026-07-16 17:30:00,94.831,94.836,94.814,94.829,135,14,0
2026-07-16 17:45:00,94.83,94.849,94.813,94.822,165,14,0
2026-07-16 18:00:00,94.825,94.847,94.803,94.835,167,14,0
2026-07-16 18:15:00,94.834,94.864,94.829,94.839,157,14,0
2026-07-16 18:30:00,94.836,94.86,94.822,94.858,139,14,0
2026-07-16 18:45:00,94.861,94.876,94.855,94.871,98,14,0
2026-07-16 19:00:00,94.867,94.878,94.829,94.831,142,14,0
2026-07-16 19:15:00,94.83,94.847,94.824,94.843,105,14,0
2026-07-16 19:30:00,94.841,94.858,94.826,94.848,140,14,0
2026-07-16 19:45:00,94.846,94.874,94.829,94.866,158,14,0
2026-07-16 20:00:00,94.865,94.867,94.847,94.853,77,14,0
2026-07-16 20:15:00,94.852,94.855,94.835,94.846,55,14,0
2026-07-16 20:30:00,94.848,94.865,94.848,94.853,76,14,0
2026-07-16 20:45:00,94.856,94.867,94.85,94.853,89,14,0
2026-07-16 21:00:00,94.854,94.855,94.807,94.807,28,43,0
2026-07-16 21:15:00,94.803,94.832,94.786,94.823,83,53,0
2026-07-16 21:30:00,94.822,94.852,94.822,94.846,40,25,0
2026-07-16 21:45:00,94.844,94.844,94.759,94.764,69,43,0
2026-07-16 22:00:00,94.758,94.831,94.758,94.824,75,30,0
2026-07-16 22:15:00,94.825,94.84,94.816,94.829,43,27,0
2026-07-16 22:30:00,94.831,94.831,94.82,94.824,35,25,0
2026-07-16 22:45:00,94.822,94.822,94.779,94.816,83,25,0
2026-07-16 23:00:00,94.823,94.839,94.814,94.827,89,14,0
2026-07-16 23:15:00,94.829,94.836,94.817,94.828,71,14,0
2026-07-16 23:30:00,94.824,94.848,94.817,94.837,102,14,0
2026-07-16 23:45:00,94.836,94.861,94.814,94.858,128,14,0
2026-07-17 00:00:00,94.86,94.89,94.844,94.87,236,14,0
2026-07-17 00:15:00,94.871,94.929,94.864,94.871,250,14,0
2026-07-17 00:30:00,94.872,94.898,94.845,94.853,231,14,0
2026-07-17 00:45:00,94.851,94.952,94.851,94.952,300,14,0
2026-07-17 01:00:00,94.954,94.994,94.95,94.955,272,14,0
2026-07-17 01:15:00,94.958,94.986,94.945,94.976,303,14,0
2026-07-17 01:30:00,94.973,94.979,94.927,94.931,229,14,0
2026-07-17 01:45:00,94.93,94.93,94.806,94.838,327,14,0
2026-07-17 02:00:00,94.839,94.844,94.781,94.827,323,14,0
2026-07-17 02:15:00,94.826,94.851,94.785,94.795,178,14,0
2026-07-17 02:30:00,94.794,94.81,94.759,94.789,180,14,0
2026-07-17 02:45:00,94.791,94.797,94.737,94.75,200,14,0
2026-07-17 03:00:00,94.751,94.806,94.743,94.777,202,14,0
2026-07-17 03:15:00,94.779,94.868,94.779,94.867,199,14,0
2026-07-17 03:30:00,94.864,94.867,94.815,94.828,141,14,0
2026-07-17 03:45:00,94.826,94.85,94.815,94.835,160,14,0
2026-07-17 04:00:00,94.838,94.838,94.8,94.832,156,14,0
2026-07-17 04:15:00,94.83,94.838,94.753,94.761,164,14,0
2026-07-17 04:30:00,94.759,94.787,94.737,94.749,225,14,0
2026-07-17 04:45:00,94.753,94.781,94.748,94.758,126,14,0
2026-07-17 05:00:00,94.761,94.785,94.737,94.777,161,14,0
2026-07-17 05:15:00,94.778,94.784,94.736,94.768,203,14,0
2026-07-17 05:30:00,94.771,94.809,94.77,94.78,302,14,0
2026-07-17 05:45:00,94.782,94.795,94.759,94.76,223,14,0
2026-07-17 06:00:00,94.762,94.813,94.759,94.81,335,14,0
2026-07-17 06:15:00,94.808,94.876,94.806,94.849,325,14,0
2026-07-17 06:30:00,94.845,94.887,94.842,94.847,285,14,0
2026-07-17 06:45:00,94.846,94.853,94.712,94.773,743,14,0
2026-07-17 07:00:00,94.776,94.815,94.752,94.767,532,14,0
2026-07-17 07:15:00,94.765,94.775,94.722,94.772,324,14,0
2026-07-17 07:30:00,94.773,94.797,94.763,94.787,253,14,0
2026-07-17 07:45:00,94.785,94.814,94.773,94.797,263,14,0
2026-07-17 08:00:00,94.799,94.844,94.783,94.79,305,14,0
2026-07-17 08:15:00,94.792,94.801,94.715,94.761,468,14,0
2026-07-17 08:30:00,94.76,94.769,94.677,94.709,362,14,0
2026-07-17 08:45:00,94.706,94.722,94.659,94.663,268,14,0
2026-07-17 09:00:00,94.662,94.676,94.61,94.674,367,14,0
2026-07-17 09:15:00,94.676,94.768,94.673,94.767,234,14,0
2026-07-17 09:30:00,94.765,94.765,94.669,94.672,261,14,0
2026-07-17 09:45:00,94.67,94.69,94.659,94.682,216,14,0
2026-07-17 10:00:00,94.684,94.713,94.65,94.711,314,14,0
2026-07-17 10:15:00,94.713,94.738,94.693,94.734,249,14,0
2026-07-17 10:30:00,94.736,94.753,94.731,94.736,173,14,0
2026-07-17 10:45:00,94.735,94.745,94.693,94.696,230,14,0
2026-07-17 11:00:00,94.698,94.698,94.641,94.655,260,14,0
2026-07-17 11:15:00,94.657,94.66,94.606,94.64,252,14,0
2026-07-17 11:30:00,94.642,94.709,94.635,94.666,231,14,0
2026-07-17 11:45:00,94.668,94.712,94.661,94.678,236,14,0
2026-07-17 12:00:00,94.676,94.691,94.646,94.655,246,14,0
2026-07-17 12:15:00,94.656,94.668,94.624,94.668,244,14,0
2026-07-17 12:30:00,94.665,94.666,94.624,94.633,266,14,0
2026-07-17 12:45:00,94.631,94.644,94.611,94.631,256,14,0
2026-07-17 13:00:00,94.633,94.676,94.616,94.676,295,14,0
2026-07-17 13:15:00,94.675,94.735,94.659,94.705,307,14,0
2026-07-17 13:30:00,94.707,94.728,94.668,94.674,561,14,0
2026-07-17 13:45:00,94.672,94.8,94.669,94.758,496,14,0
2026-07-17 14:00:00,94.756,94.778,94.711,94.717,508,14,0
2026-07-17 14:15:00,94.718,94.775,94.718,94.757,379,14,0
2026-07-17 14:30:00,94.758,94.833,94.743,94.831,383,14,0
2026-07-17 14:45:00,94.83,94.913,94.822,94.887,397,14,0
2026-07-17 15:00:00,94.889,94.911,94.85,94.863,366,14,0
2026-07-17 15:15:00,94.86,94.918,94.847,94.913,302,14,0
2026-07-17 15:30:00,94.915,94.955,94.885,94.908,356,14,0
2026-07-17 15:45:00,94.907,94.971,94.892,94.968,271,14,0
2026-07-17 16:00:00,94.97,95.005,94.92,95.005,458,14,0
2026-07-17 16:15:00,95.003,95.02,94.968,94.986,261,14,0
2026-07-17 16:30:00,94.983,94.991,94.944,94.979,193,14,0
2026-07-17 16:45:00,94.978,94.986,94.941,94.941,170,14,0
2026-07-17 17:00:00,94.939,94.957,94.929,94.943,211,14,0
2026-07-17 17:15:00,94.941,94.97,94.94,94.97,151,14,0
2026-07-17 17:30:00,94.971,94.971,94.932,94.939,121,14,0
2026-07-17 17:45:00,94.94,94.963,94.921,94.921,127,14,0
2026-07-17 18:00:00,94.923,94.944,94.908,94.923,140,14,0
2026-07-17 18:15:00,94.921,94.939,94.916,94.938,179,14,0
2026-07-17 18:30:00,94.941,94.946,94.889,94.895,115,14,0
2026-07-17 18:45:00,94.892,94.914,94.89,94.909,101,14,0
2026-07-17 19:00:00,94.908,94.908,94.884,94.889,91,14,0
2026-07-17 19:15:00,94.887,94.921,94.887,94.913,125,14,0
2026-07-17 19:30:00,94.916,94.935,94.891,94.93,140,14,0
2026-07-17 19:45:00,94.932,94.944,94.889,94.891,192,14,0
2026-07-17 20:00:00,94.888,94.888,94.861,94.87,140,14,0
2026-07-17 20:15:00,94.868,94.895,94.859,94.886,95,14,0
2026-07-17 20:30:00,94.885,94.89,94.867,94.881,73,14,0
2026-07-17 20:45:00,94.879,94.892,94.832,94.873,276,14,0
2026-07-19 21:00:00,94.673,94.68,94.563,94.57,50,60,0
2026-07-19 21:15:00,94.578,94.711,94.578,94.711,29,79,0
2026-07-19 21:30:00,94.713,94.714,94.613,94.684,44,71,0
2026-07-19 21:45:00,94.687,94.692,94.618,94.675,107,66,0
2026-07-19 22:00:00,94.671,94.818,94.647,94.804,246,44,0
2026-07-19 22:15:00,94.805,94.821,94.748,94.816,241,41,0
2026-07-19 22:30:00,94.803,94.82,94.758,94.809,164,37,0
2026-07-19 22:45:00,94.808,94.81,94.76,94.766,74,35,0
2026-07-19 23:00:00,94.776,94.864,94.774,94.851,152,14,0
2026-07-19 23:15:00,94.853,94.899,94.842,94.898,122,14,0
2026-07-19 23:30:00,94.9,94.9,94.857,94.895,155,14,0
2026-07-19 23:45:00,94.893,94.9,94.863,94.894,253,14,0
2026-07-20 00:00:00,94.896,94.932,94.84,94.909,319,14,0
2026-07-20 00:15:00,94.911,94.947,94.909,94.929,254,14,0
2026-07-20 00:30:00,94.928,94.928,94.888,94.892,243,14,0
2026-07-20 00:45:00,94.894,94.897,94.807,94.818,287,14,0
2026-07-20 01:00:00,94.816,94.866,94.795,94.798,359,14,0
2026-07-20 01:15:00,94.8,94.856,94.79,94.849,309,14,0
2026-07-20 01:30:00,94.848,94.856,94.804,94.82,335,14,0
2026-07-20 01:45:00,94.822,94.879,94.822,94.872,238,14,0
2026-07-20 02:00:00,94.871,94.967,94.866,94.956,288,14,0
2026-07-20 02:15:00,94.959,95.01,94.946,95.0,231,14,0
2026-07-20 02:30:00,95.001,95.073,94.986,95.056,230,14,0
2026-07-20 02:45:00,95.053,95.067,95.033,95.039,182,14,0
2026-07-20 03:00:00,95.037,95.051,95.019,95.048,184,14,0
2026-07-20 03:15:00,95.046,95.076,95.043,95.067,144,14,0
2026-07-20 03:30:00,95.066,95.108,95.064,95.103,130,14,0
2026-07-20 03:45:00,95.105,95.129,95.102,95.109,98,14,0
2026-07-20 04:00:00,95.108,95.126,95.105,95.119,116,14,0
2026-07-20 04:15:00,95.121,95.15,95.109,95.143,137,14,0
2026-07-20 04:30:00,95.142,95.154,95.132,95.14,119,14,0
2026-07-20 04:45:00,95.138,95.138,95.102,95.102,97,14,0
2026-07-20 05:00:00,95.103,95.107,95.035,95.063,187,14,0
2026-07-20 05:15:00,95.06,95.069,95.016,95.021,156,14,0
2026-07-20 05:30:00,95.02,95.023,94.976,94.993,196,14,0
2026-07-20 05:45:00,94.991,95.032,94.988,95.013,176,14,0
2026-07-20 06:00:00,95.016,95.031,94.994,94.997,218,14,0
2026-07-20 06:15:00,94.998,95.02,94.959,94.959,223,14,0
2026-07-20 06:30:00,94.961,95.004,94.937,94.954,237,14,0
2026-07-20 06:45:00,94.953,95.014,94.95,94.967,222,14,0
2026-07-20 07:00:00,94.969,95.042,94.969,95.014,290,14,0
2026-07-20 07:15:00,95.012,95.112,94.994,95.105,358,14,0
2026-07-20 07:30:00,95.103,95.187,95.103,95.143,500,14,0
2026-07-20 07:45:00,95.141,95.155,95.086,95.098,300,14,0
2026-07-20 08:00:00,95.1,95.13,95.084,95.094,245,14,0
2026-07-20 08:15:00,95.093,95.114,95.052,95.06,214,14,0
2026-07-20 08:30:00,95.062,95.094,95.051,95.061,191,14,0
2026-07-20 08:45:00,95.058,95.064,95.042,95.051,156,14,0
2026-07-20 09:00:00,95.052,95.052,95.006,95.02,199,14,0
2026-07-20 09:15:00,95.023,95.044,95.016,95.018,159,14,0
2026-07-20 09:30:00,95.019,95.057,95.016,95.053,145,14,0
2026-07-20 09:45:00,95.051,95.051,94.979,94.997,159,14,0
2026-07-20 10:00:00,94.996,95.027,94.971,95.021,171,14,0
2026-07-20 10:15:00,95.019,95.071,95.016,95.059,185,14,0
2026-07-20 10:30:00,95.057,95.074,95.05,95.069,137,14,0
2026-07-20 10:45:00,95.068,95.074,95.04,95.045,132,14,0
2026-07-20 11:00:00,95.046,95.079,95.036,95.051,214,14,0
2026-07-20 11:15:00,95.053,95.11,95.053,95.105,141,14,0
2026-07-20 11:30:00,95.104,95.171,95.095,95.115,784,14,0
2026-07-20 11:45:00,95.118,95.122,95.061,95.069,245,14,0
2026-07-20 12:00:00,95.067,95.079,95.02,95.033,433,14,0
2026-07-20 12:15:00,95.034,95.044,94.997,95.033,292,14,0
2026-07-20 12:30:00,95.031,95.054,94.996,95.031,304,14,0
2026-07-20 12:45:00,95.033,95.07,95.023,95.056,246,14,0
2026-07-20 13:00:00,95.055,95.067,95.018,95.026,300,14,0
2026-07-20 13:15:00,95.025,95.05,95.016,95.041,221,14,0
2026-07-20 13:30:00,95.043,95.089,95.012,95.013,405,14,0
2026-07-20 13:45:00,95.01,95.042,94.997,95.038,278,14,0
2026-07-20 14:00:00,95.036,95.079,95.004,95.074,428,14,0
2026-07-20 14:15:00,95.076,95.124,95.059,95.121,332,14,0
2026-07-20 14:30:00,95.122,95.122,95.024,95.027,371,14,0
2026-07-20 14:45:00,95.026,95.04,94.937,94.977,462,14,0
2026-07-20 15:00:00,94.975,95.001,94.955,94.962,477,14,0
2026-07-20 15:15:00,94.959,95.034,94.946,95.034,260,14,0
2026-07-20 15:30:00,95.032,95.038,94.985,94.993,264,14,0
2026-07-20 15:45:00,94.991,95.034,94.979,95.027,231,14,0
2026-07-20 16:00:00,95.028,95.069,95.023,95.058,202,14,0
2026-07-20 16:15:00,95.056,95.07,95.023,95.032,154,14,0
2026-07-20 16:30:00,95.034,95.043,94.962,94.996,279,14,0
2026-07-20 16:45:00,94.995,95.009,94.982,94.993,160,14,0
2026-07-20 17:00:00,94.995,94.999,94.949,94.951,191,14,0
2026-07-20 17:15:00,94.949,94.98,94.945,94.968,162,14,0
2026-07-20 17:30:00,94.966,94.975,94.94,94.944,95,14,0
2026-07-20 17:45:00,94.942,94.966,94.942,94.954,101,14,0
2026-07-20 18:00:00,94.957,94.973,94.957,94.971,111,14,0
2026-07-20 18:15:00,94.973,94.989,94.964,94.968,180,14,0
2026-07-20 18:30:00,94.97,94.97,94.912,94.916,153,14,0
2026-07-20 18:45:00,94.918,94.942,94.905,94.942,138,14,0
2026-07-20 19:00:00,94.939,94.939,94.888,94.888,146,14,0
2026-07-20 19:15:00,94.886,94.924,94.88,94.917,161,14,0
2026-07-20 19:30:00,94.919,94.927,94.901,94.913,156,14,0
2026-07-20 19:45:00,94.91,94.917,94.888,94.916,143,14,0
2026-07-20 20:00:00,94.919,94.928,94.892,94.895,129,14,0
2026-07-20 20:15:00,94.893,94.897,94.88,94.887,60,14,0
2026-07-20 20:30:00,94.89,94.892,94.864,94.883,41,14,0
2026-07-20 20:45:00,94.88,94.88,94.85,94.852,78,14,0
2026-07-20 21:00:00,94.853,94.864,94.852,94.864,19,43,0
2026-07-20 21:15:00,94.863,94.863,94.801,94.802,70,49,0
2026-07-20 21:30:00,94.799,94.848,94.785,94.802,128,83,0
2026-07-20 21:45:00,94.803,94.805,94.731,94.774,74,155,0
2026-07-20 22:00:00,94.775,94.851,94.774,94.833,101,34,0
2026-07-20 22:15:00,94.835,94.836,94.812,94.826,48,29,0
2026-07-20 22:30:00,94.822,94.841,94.811,94.813,78,27,0
2026-07-20 22:45:00,94.826,95.012,94.825,94.966,176,26,0
2026-07-20 23:00:00,94.973,95.073,94.956,95.052,226,14,0
2026-07-20 23:15:00,95.055,95.077,95.012,95.012,125,14,0
2026-07-20 23:30:00,95.009,95.058,95.002,95.043,95,14,0
2026-07-20 23:45:00,95.04,95.092,95.025,95.085,204,14,0
2026-07-21 00:00:00,95.083,95.118,95.044,95.112,389,14,0
2026-07-21 00:15:00,95.113,95.187,95.1,95.174,317,14,0
2026-07-21 00:30:00,95.173,95.229,95.141,95.211,223,14,0
2026-07-21 00:45:00,95.214,95.293,95.214,95.244,336,14,0
2026-07-21 01:00:00,95.246,95.29,95.212,95.241,272,14,0
2026-07-21 01:15:00,95.242,95.297,95.233,95.271,385,14,0
2026-07-21 01:30:00,95.272,95.325,95.269,95.316,382,14,0
2026-07-21 01:45:00,95.312,95.355,95.305,95.32,200,14,0
2026-07-21 02:00:00,95.322,95.428,95.322,95.415,300,14,0
2026-07-21 02:15:00,95.413,95.415,95.257,95.257,301,14,0
2026-07-21 02:30:00,95.259,95.351,95.259,95.329,216,14,0
2026-07-21 02:45:00,95.326,95.326,95.278,95.283,147,14,0
2026-07-21 03:00:00,95.286,95.295,95.197,95.236,271,14,0
2026-07-21 03:15:00,95.235,95.278,95.232,95.271,179,14,0
2026-07-21 03:30:00,95.273,95.309,95.27,95.284,179,14,0
2026-07-21 03:45:00,95.283,95.321,95.278,95.279,130,14,0
2026-07-21 04:00:00,95.281,95.303,95.266,95.271,142,14,0
2026-07-21 04:15:00,95.27,95.276,95.253,95.253,79,14,0
2026-07-21 04:30:00,95.252,95.283,95.244,95.261,155,14,0
2026-07-21 04:45:00,95.262,95.285,95.252,95.278,111,14,0
2026-07-21 05:00:00,95.28,95.32,95.276,95.283,161,14,0
2026-07-21 05:15:00,95.282,95.292,95.255,95.259,118,14,0
2026-07-21 05:30:00,95.261,95.315,95.255,95.308,183,14,0
2026-07-21 05:45:00,95.306,95.306,95.264,95.264,202,14,0
2026-07-21 06:00:00,95.262,95.299,95.254,95.261,229,14,0
2026-07-21 06:15:00,95.262,95.285,95.216,95.245,233,14,0
2026-07-21 06:30:00,95.247,95.263,95.16,95.23,283,14,0
2026-07-21 06:45:00,95.233,95.3,95.226,95.271,270,14,0
2026-07-21 07:00:00,95.267,95.323,95.254,95.274,388,14,0
2026-07-21 07:15:00,95.271,95.296,95.229,95.264,365,14,0
2026-07-21 07:30:00,95.262,95.278,95.231,95.242,262,14,0
2026-07-21 07:45:00,95.241,95.275,95.232,95.27,217,14,0
2026-07-21 08:00:00,95.272,95.32,95.24,95.317,284,14,0
2026-07-21 08:15:00,95.32,95.346,95.307,95.308,257,14,0
2026-07-21 08:30:00,95.305,95.306,95.257,95.298,239,14,0
2026-07-21 08:45:00,95.297,95.324,95.281,95.314,123,14,0
2026-07-21 09:00:00,95.313,95.322,95.293,95.316,174,14,0
2026-07-21 09:15:00,95.317,95.354,95.302,95.306,256,14,0
2026-07-21 09:30:00,95.309,95.367,95.293,95.34,183,14,0
2026-07-21 09:45:00,95.341,95.362,95.319,95.341,206,14,0
2026-07-21 10:00:00,95.339,95.375,95.317,95.35,300,14,0
2026-07-21 10:15:00,95.351,95.363,95.325,95.325,213,14,0
2026-07-21 10:30:00,95.324,95.354,95.3,95.305,170,14,0
2026-07-21 10:45:00,95.303,95.305,95.224,95.225,243,14,0
2026-07-21 11:00:00,95.226,95.236,95.17,95.196,293,14,0
2026-07-21 11:15:00,95.197,95.228,95.187,95.187,205,14,0
2026-07-21 11:30:00,95.189,95.206,95.169,95.2,195,14,0
2026-07-21 11:45:00,95.199,95.204,95.144,95.173,193,14,0
2026-07-21 12:00:00,95.171,95.177,95.102,95.106,267,14,0
2026-07-21 12:15:00,95.108,95.122,95.038,95.048,291,14,0
2026-07-21 12:30:00,95.05,95.088,95.022,95.043,303,14,0
2026-07-21 12:45:00,95.041,95.083,95.008,95.021,356,14,0
2026-07-21 13:00:00,95.023,95.036,94.989,95.03,318,14,0
2026-07-21 13:15:00,95.028,95.03,94.882,94.896,344,14,0
2026-07-21 13:30:00,94.898,94.905,94.798,94.841,564,14,0
2026-07-21 13:45:00,94.839,94.928,94.812,94.892,504,14,0
2026-07-21 14:00:00,94.894,95.026,94.893,95.015,389,14,0
2026-07-21 14:15:00,95.012,95.012,94.966,94.988,363,14,0
2026-07-21 14:30:00,94.989,94.997,94.95,94.985,365,14,0
2026-07-21 14:45:00,94.987,94.995,94.931,94.976,686,14,0
2026-07-21 15:00:00,94.975,94.999,94.952,94.995,332,14,0
2026-07-21 15:15:00,94.994,95.054,94.994,95.044,280,14,0
2026-07-21 15:30:00,95.042,95.074,95.031,95.057,295,14,0
2026-07-21 15:45:00,95.059,95.065,95.024,95.046,200,14,0
2026-07-21 16:00:00,95.048,95.057,95.037,95.049,157,14,0
2026-07-21 16:15:00,95.048,95.053,95.021,95.029,120,14,0
2026-07-21 16:30:00,95.026,95.053,95.022,95.044,130,14,0
2026-07-21 16:45:00,95.043,95.089,95.041,95.083,107,14,0
2026-07-21 17:00:00,95.08,95.096,95.074,95.089,120,14,0
2026-07-21 17:15:00,95.087,95.089,95.063,95.079,83,14,0
2026-07-21 17:30:00,95.077,95.08,95.059,95.074,55,14,0
2026-07-21 17:45:00,95.073,95.082,95.064,95.082,56,14,0
2026-07-21 18:00:00,95.083,95.142,95.06,95.099,289,14,0
2026-07-21 18:15:00,95.097,95.123,95.094,95.121,145,14,0
2026-07-21 18:30:00,95.123,95.177,95.117,95.177,139,14,0
2026-07-21 18:45:00,95.176,95.184,95.137,95.143,127,14,0
2026-07-21 19:00:00,95.139,95.145,95.123,95.144,107,14,0
2026-07-21 19:15:00,95.141,95.146,95.115,95.117,89,14,0
2026-07-21 19:30:00,95.119,95.12,95.091,95.101,122,14,0
2026-07-21 19:45:00,95.1,95.129,95.098,95.128,120,14,0
2026-07-21 20:00:00,95.126,95.148,95.11,95.113,89,14,0
2026-07-21 20:15:00,95.115,95.115,95.079,95.107,68,14,0
2026-07-21 20:30:00,95.105,95.105,95.068,95.094,69,14,0
2026-07-21 20:45:00,95.096,95.122,95.057,95.076,140,14,0
2026-07-21 21:00:00,95.075,95.077,95.073,95.073,19,43,0
2026-07-21 21:15:00,95.071,95.071,95.018,95.041,106,43,0
2026-07-21 21:30:00,95.04,95.066,95.04,95.056,97,49,0
2026-07-21 21:45:00,95.057,95.069,95.042,95.062,61,40,0
2026-07-21 22:00:00,95.059,95.072,95.05,95.065,73,31,0
2026-07-21 22:15:00,95.063,95.076,95.057,95.075,41,27,0
2026-07-21 22:30:00,95.074,95.077,95.062,95.076,51,26,0
2026-07-21 22:45:00,95.068,95.069,95.038,95.043,50,25,0
2026-07-21 23:00:00,95.049,95.079,95.048,95.065,103,14,0
2026-07-21 23:15:00,95.068,95.084,95.041,95.041,103,14,0
2026-07-21 23:30:00,95.042,95.057,95.042,95.054,69,14,0
2026-07-21 23:45:00,95.055,95.079,95.049,95.057,127,14,0
2026-07-22 00:00:00,95.059,95.063,95.005,95.016,371,14,0
2026-07-22 00:15:00,95.019,95.085,95.013,95.07,327,14,0
2026-07-22 00:30:00,95.073,95.075,95.028,95.034,248,14,0
2026-07-22 00:45:00,95.035,95.144,95.027,95.138,415,14,0
2026-07-22 01:00:00,95.14,95.165,95.1,95.105,307,14,0
2026-07-22 01:15:00,95.108,95.109,95.071,95.086,203,14,0
2026-07-22 01:30:00,95.084,95.084,95.052,95.061,232,14,0
2026-07-22 01:45:00,95.063,95.132,95.062,95.116,187,14,0
2026-07-22 02:00:00,95.119,95.123,95.065,95.11,199,14,0
2026-07-22 02:15:00,95.109,95.12,95.079,95.095,220,14,0
2026-07-22 02:30:00,95.093,95.1,95.04,95.054,231,14,0
2026-07-22 02:45:00,95.053,95.082,95.044,95.052,162,14,0
2026-07-22 03:00:00,95.051,95.07,95.014,95.032,179,14,0
2026-07-22 03:15:00,95.034,95.106,95.034,95.092,189,14,0
2026-07-22 03:30:00,95.093,95.097,95.037,95.042,162,14,0
2026-07-22 03:45:00,95.045,95.079,95.045,95.076,127,14,0
2026-07-22 04:00:00,95.077,95.084,95.035,95.035,176,14,0
2026-07-22 04:15:00,95.038,95.059,95.029,95.059,120,14,0
2026-07-22 04:30:00,95.062,95.064,95.04,95.062,118,14,0
2026-07-22 04:45:00,95.061,95.068,95.037,95.066,97,14,0
2026-07-22 05:00:00,95.068,95.079,95.049,95.051,155,14,0
2026-07-22 05:15:00,95.052,95.065,95.023,95.023,117,14,0
2026-07-22 05:30:00,95.021,95.034,94.965,94.97,220,14,0
2026-07-22 05:45:00,94.968,95.002,94.952,94.97,199,14,0
2026-07-22 06:00:00,94.968,94.988,94.941,94.964,302,14,0
2026-07-22 06:15:00,94.966,94.991,94.862,94.868,316,14,0
2026-07-22 06:30:00,94.87,94.942,94.842,94.913,287,14,0
2026-07-22 06:45:00,94.912,94.918,94.884,94.905,211,14,0
2026-07-22 07:00:00,94.907,94.951,94.9,94.95,318,14,0
2026-07-22 07:15:00,94.951,95.027,94.944,95.007,276,14,0
2026-07-22 07:30:00,95.008,95.008,94.756,94.801,1656,14,0
2026-07-22 07:45:00,94.799,94.823,94.755,94.801,410,14,0
2026-07-22 08:00:00,94.802,94.829,94.753,94.796,389,14,0
2026-07-22 08:15:00,94.795,94.875,94.779,94.875,345,14,0
2026-07-22 08:30:00,94.877,94.897,94.845,94.849,262,14,0
2026-07-22 08:45:00,94.851,94.872,94.799,94.801,221,14,0
2026-07-22 09:00:00,94.8,94.847,94.8,94.827,265,14,0
2026-07-22 09:15:00,94.828,94.841,94.8,94.806,244,14,0
2026-07-22 09:30:00,94.807,94.848,94.795,94.803,228,14,0
2026-07-22 09:45:00,94.802,94.819,94.783,94.819,202,14,0
2026-07-22 10:00:00,94.82,94.836,94.801,94.832,198,14,0
2026-07-22 10:15:00,94.834,94.883,94.832,94.849,218,14,0
2026-07-22 10:30:00,94.851,94.862,94.814,94.862,191,14,0
2026-07-22 10:45:00,94.86,94.889,94.836,94.837,210,14,0
2026-07-22 11:00:00,94.836,94.838,94.783,94.812,278,14,0
2026-07-22 11:15:00,94.811,94.822,94.779,94.806,182,14,0
2026-07-22 11:30:00,94.808,94.82,94.763,94.789,310,14,0
2026-07-22 11:45:00,94.787,94.864,94.77,94.862,269,14,0
2026-07-22 12:00:00,94.859,94.889,94.857,94.879,228,14,0
2026-07-22 12:15:00,94.881,94.883,94.85,94.876,196,14,0
2026-07-22 12:30:00,94.877,94.892,94.837,94.855,212,14,0
2026-07-22 12:45:00,94.857,94.857,94.785,94.81,364,14,0
2026-07-22 13:00:00,94.808,94.878,94.808,94.872,307,14,0
2026-07-22 13:15:00,94.87,94.924,94.86,94.873,304,14,0
2026-07-22 13:30:00,94.875,94.935,94.875,94.904,410,14,0
2026-07-22 13:45:00,94.906,94.912,94.856,94.876,311,14,0
2026-07-22 14:00:00,94.879,94.931,94.857,94.907,318,14,0
2026-07-22 14:15:00,94.905,94.917,94.82,94.823,294,14,0
2026-07-22 14:30:00,94.826,94.866,94.819,94.848,305,14,0
2026-07-22 14:45:00,94.849,94.882,94.833,94.873,316,14,0
2026-07-22 15:00:00,94.871,94.888,94.853,94.879,277,14,0
2026-07-22 15:15:00,94.877,94.91,94.854,94.908,150,14,0
2026-07-22 15:30:00,94.906,94.926,94.878,94.907,201,14,0
2026-07-22 15:45:00,94.909,94.927,94.896,94.926,192,14,0
2026-07-22 16:00:00,94.927,94.93,94.871,94.877,140,14,0
2026-07-22 16:15:00,94.878,94.883,94.857,94.866,172,14,0
2026-07-22 16:30:00,94.867,94.88,94.853,94.865,136,14,0
2026-07-22 16:45:00,94.866,94.889,94.855,94.886,118,14,0
2026-07-22 17:00:00,94.889,94.902,94.884,94.894,91,14,0
2026-07-22 17:15:00,94.893,94.916,94.891,94.899,107,14,0
2026-07-22 17:30:00,94.898,94.904,94.871,94.886,98,14,0
2026-07-22 17:45:00,94.887,94.905,94.865,94.874,103,14,0
2026-07-22 18:00:00,94.873,94.889,94.847,94.85,121,14,0
2026-07-22 18:15:00,94.848,94.865,94.848,94.86,142,14,0
2026-07-22 18:30:00,94.857,94.857,94.842,94.844,100,14,0
2026-07-22 18:45:00,94.845,94.851,94.791,94.792,61,14,0
2026-07-22 19:00:00,94.79,94.856,94.767,94.828,110,14,0
2026-07-22 19:15:00,94.827,94.855,94.825,94.855,72,14,0
2026-07-22 19:30:00,94.857,94.865,94.845,94.862,79,14,0
2026-07-22 19:45:00,94.864,94.866,94.826,94.844,147,14,0
2026-07-22 20:00:00,94.846,94.899,94.844,94.897,206,14,0
2026-07-22 20:15:00,94.895,94.897,94.872,94.878,52,14,0
2026-07-22 20:30:00,94.875,94.88,94.866,94.878,55,14,0
2026-07-22 20:45:00,94.876,94.883,94.852,94.852,100,14,0
2026-07-22 21:00:00,94.853,94.853,94.849,94.849,4,43,0
2026-07-22 21:15:00,94.847,94.858,94.847,94.857,52,35,0
2026-07-22 21:30:00,94.858,94.87,94.858,94.87,39,31,0
2026-07-22 21:45:00,94.871,94.872,94.869,94.872,24,22,0
2026-07-22 22:00:00,94.865,94.865,94.745,94.748,92,33,0
2026-07-22 22:15:00,94.75,94.772,94.741,94.756,90,29,0
2026-07-22 22:30:00,94.758,94.764,94.72,94.758,79,27,0
2026-07-22 22:45:00,94.756,94.794,94.755,94.792,78,26,0
2026-07-22 23:00:00,94.798,94.806,94.783,94.806,95,14,0
2026-07-22 23:15:00,94.805,94.81,94.795,94.806,63,14,0
2026-07-22 23:30:00,94.807,94.818,94.798,94.808,64,14,0
2026-07-22 23:45:00,94.805,94.816,94.794,94.805,106,14,0
2026-07-23 00:00:00,94.808,94.826,94.785,94.786,235,14,0
2026-07-23 00:15:00,94.788,94.825,94.778,94.798,168,14,0
2026-07-23 00:30:00,94.8,94.849,94.799,94.848,151,14,0
2026-07-23 00:45:00,94.845,94.871,94.828,94.852,259,14,0
2026-07-23 01:00:00,94.849,94.88,94.843,94.859,331,14,0
2026-07-23 01:15:00,94.861,94.879,94.851,94.859,188,14,0
2026-07-23 01:30:00,94.861,94.919,94.829,94.862,583,14,0
2026-07-23 01:45:00,94.863,94.894,94.845,94.876,298,14,0
2026-07-23 02:00:00,94.874,94.914,94.873,94.885,227,14,0
2026-07-23 02:15:00,94.882,94.882,94.827,94.84,149,14,0
2026-07-23 02:30:00,94.843,94.872,94.84,94.87,212,14,0
2026-07-23 02:45:00,94.868,94.872,94.824,94.859,228,14,0
2026-07-23 03:00:00,94.862,94.865,94.786,94.79,217,14,0
2026-07-23 03:15:00,94.791,94.857,94.789,94.844,176,14,0
2026-07-23 03:30:00,94.843,94.865,94.828,94.865,154,14,0
2026-07-23 03:45:00,94.864,94.881,94.859,94.863,133,14,0
2026-07-23 04:00:00,94.862,94.905,94.851,94.897,199,14,0
2026-07-23 04:15:00,94.899,94.909,94.87,94.887,154,14,0
2026-07-23 04:30:00,94.888,94.906,94.873,94.873,128,14,0
2026-07-23 04:45:00,94.874,94.899,94.849,94.867,126,14,0
2026-07-23 05:00:00,94.868,94.886,94.856,94.856,146,14,0
2026-07-23 05:15:00,94.855,94.878,94.832,94.877,170,14,0
2026-07-23 05:30:00,94.875,94.916,94.865,94.894,179,14,0
2026-07-23 05:45:00,94.895,94.93,94.891,94.927,146,14,0
2026-07-23 06:00:00,94.925,94.957,94.901,94.917,260,14,0
2026-07-23 06:15:00,94.918,94.967,94.918,94.939,202,14,0
2026-07-23 06:30:00,94.938,94.946,94.883,94.907,220,14,0
2026-07-23 06:45:00,94.905,94.919,94.829,94.83,179,14,0
2026-07-23 07:00:00,94.832,94.838,94.781,94.824,409,14,0
2026-07-23 07:15:00,94.822,94.831,94.764,94.766,281,14,0
2026-07-23 07:30:00,94.764,94.767,94.66,94.668,364,14,0
2026-07-23 07:45:00,94.67,94.791,94.662,94.781,785,14,0
2026-07-23 08:00:00,94.784,94.793,94.738,94.76,406,14,0
2026-07-23 08:15:00,94.761,94.767,94.709,94.721,275,14,0
2026-07-23 08:30:00,94.723,94.732,94.658,94.667,314,14,0
2026-07-23 08:45:00,94.665,94.728,94.655,94.667,346,14,0
2026-07-23 09:00:00,94.669,94.726,94.654,94.654,312,14,0
2026-07-23 09:15:00,94.652,94.68,94.652,94.66,211,14,0
2026-07-23 09:30:00,94.659,94.703,94.653,94.703,207,14,0
2026-07-23 09:45:00,94.705,94.723,94.695,94.702,173,14,0
2026-07-23 10:00:00,94.704,94.714,94.635,94.642,221,14,0
2026-07-23 10:15:00,94.641,94.649,94.602,94.64,166,14,0
2026-07-23 10:30:00,94.638,94.664,94.637,94.655,205,14,0
2026-07-23 10:45:00,94.656,94.702,94.631,94.67,221,14,0
2026-07-23 11:00:00,94.671,94.673,94.641,94.651,207,14,0
2026-07-23 11:15:00,94.65,94.657,94.607,94.624,217,14,0
2026-07-23 11:30:00,94.621,94.63,94.565,94.602,551,14,0
2026-07-23 11:45:00,94.604,94.616,94.492,94.608,796,14,0
2026-07-23 12:00:00,94.61,94.612,94.557,94.582,345,14,0
2026-07-23 12:15:00,94.58,94.588,94.522,94.561,424,14,0
2026-07-23 12:30:00,94.542,94.573,94.5,94.517,595,14,0
2026-07-23 12:45:00,94.519,94.58,94.51,94.569,447,14,0
2026-07-23 13:00:00,94.571,94.571,94.505,94.517,637,14,0
2026-07-23 13:15:00,94.515,94.558,94.499,94.55,441,14,0
2026-07-23 13:30:00,94.551,94.681,94.549,94.659,592,14,0
2026-07-23 13:45:00,94.661,94.696,94.624,94.673,576,14,0
2026-07-23 14:00:00,94.671,94.693,94.613,94.64,557,14,0
2026-07-23 14:15:00,94.639,94.66,94.601,94.646,532,14,0
2026-07-23 14:30:00,94.648,94.664,94.581,94.581,444,14,0
2026-07-23 14:45:00,94.583,94.627,94.561,94.613,448,14,0
2026-07-23 15:00:00,94.612,94.614,94.553,94.566,476,14,0
2026-07-23 15:15:00,94.564,94.589,94.464,94.492,587,14,0
2026-07-23 15:30:00,94.49,94.555,94.434,94.521,588,14,0
2026-07-23 15:45:00,94.522,94.575,94.522,94.575,279,14,0
2026-07-23 16:00:00,94.579,94.612,94.573,94.593,276,14,0
2026-07-23 16:15:00,94.592,94.599,94.571,94.594,200,14,0
2026-07-23 16:30:00,94.596,94.598,94.571,94.586,187,14,0
2026-07-23 16:45:00,94.587,94.606,94.58,94.601,148,14,0
2026-07-23 17:00:00,94.598,94.599,94.561,94.566,260,14,0
2026-07-23 17:15:00,94.567,94.58,94.559,94.562,176,14,0
2026-07-23 17:30:00,94.56,94.563,94.517,94.521,161,14,0
2026-07-23 17:45:00,94.519,94.553,94.518,94.528,165,14,0
2026-07-23 18:00:00,94.527,94.539,94.512,94.517,157,14,0
2026-07-23 18:15:00,94.515,94.518,94.49,94.512,133,14,0
2026-07-23 18:30:00,94.51,94.519,94.495,94.502,103,14,0
2026-07-23 18:45:00,94.501,94.515,94.483,94.505,107,14,0
2026-07-23 19:00:00,94.501,94.517,94.472,94.485,126,14,0
2026-07-23 19:15:00,94.488,94.516,94.481,94.512,113,14,0
2026-07-23 19:30:00,94.51,94.535,94.505,94.529,142,14,0
2026-07-23 19:45:00,94.528,94.557,94.522,94.553,128,14,0
2026-07-23 20:00:00,94.551,94.566,94.544,94.556,140,14,0
2026-07-23 20:15:00,94.555,94.565,94.548,94.562,80,14,0
2026-07-23 20:30:00,94.561,94.584,94.553,94.574,89,14,0
2026-07-23 20:45:00,94.571,94.573,94.543,94.545,94,14,0
2026-07-23 21:00:00,94.543,94.555,94.543,94.549,40,43,0
2026-07-23 21:15:00,94.548,94.551,94.54,94.551,108,67,0
2026-07-23 21:30:00,94.551,94.56,94.475,94.475,91,41,0
2026-07-23 21:45:00,94.471,94.52,94.447,94.518,93,64,0
2026-07-23 22:00:00,94.517,94.545,94.508,94.541,68,32,0
2026-07-23 22:15:00,94.542,94.553,94.534,94.534,47,28,0
2026-07-23 22:30:00,94.533,94.543,94.52,94.52,43,26,0
2026-07-23 22:45:00,94.521,94.562,94.519,94.555,52,25,0
2026-07-23 23:00:00,94.561,94.563,94.546,94.55,63,14,0
2026-07-23 23:15:00,94.549,94.603,94.547,94.592,79,14,0
2026-07-23 23:30:00,94.594,94.607,94.558,94.573,118,14,0
2026-07-23 23:45:00,94.571,94.6,94.567,94.584,170,14,0
2026-07-24 00:00:00,94.586,94.656,94.58,94.636,425,14,0
2026-07-24 00:15:00,94.64,94.669,94.625,94.664,319,14,0
2026-07-24 00:30:00,94.662,94.708,94.65,94.708,234,14,0
2026-07-24 00:45:00,94.706,94.748,94.696,94.737,368,14,0
2026-07-24 01:00:00,94.735,94.755,94.705,94.747,289,14,0
2026-07-24 01:15:00,94.745,94.769,94.717,94.744,286,14,0
2026-07-24 01:30:00,94.742,94.762,94.705,94.716,279,14,0
2026-07-24 01:45:00,94.715,94.734,94.669,94.681,208,14,0
2026-07-24 02:00:00,94.684,94.684,94.618,94.671,327,14,0
2026-07-24 02:15:00,94.672,94.689,94.621,94.655,209,14,0
2026-07-24 02:30:00,94.658,94.682,94.621,94.657,188,14,0
2026-07-24 02:45:00,94.659,94.66,94.611,94.611,232,14,0
2026-07-24 03:00:00,94.61,94.649,94.604,94.648,186,14,0
2026-07-24 03:15:00,94.649,94.657,94.625,94.645,160,14,0
2026-07-24 03:30:00,94.646,94.669,94.627,94.636,191,14,0
2026-07-24 03:45:00,94.637,94.65,94.622,94.638,121,14,0
2026-07-24 04:00:00,94.64,94.679,94.636,94.66,160,14,0
2026-07-24 04:15:00,94.659,94.684,94.647,94.656,121,14,0
2026-07-24 04:30:00,94.655,94.657,94.592,94.6,148,14,0
2026-07-24 04:45:00,94.598,94.611,94.57,94.595,114,14,0
2026-07-24 05:00:00,94.597,94.64,94.592,94.631,166,14,0
2026-07-24 05:15:00,94.63,94.66,94.627,94.645,163,14,0
2026-07-24 05:30:00,94.648,94.679,94.638,94.646,221,14,0
2026-07-24 05:45:00,94.644,94.671,94.612,94.614,177,14,0
2026-07-24 06:00:00,94.612,94.622,94.582,94.603,239,14,0
2026-07-24 06:15:00,94.606,94.687,94.596,94.687,248,14,0
2026-07-24 06:30:00,94.684,94.704,94.672,94.675,208,14,0
2026-07-24 06:45:00,94.674,94.713,94.663,94.712,218,14,0
2026-07-24 07:00:00,94.715,94.765,94.683,94.725,427,14,0
2026-07-24 07:15:00,94.727,94.773,94.712,94.755,298,14,0
2026-07-24 07:30:00,94.758,94.787,94.748,94.768,280,14,0
2026-07-24 07:45:00,94.766,94.802,94.757,94.787,223,14,0
2026-07-24 08:00:00,94.786,94.789,94.762,94.78,253,14,0
2026-07-24 08:15:00,94.778,94.787,94.719,94.757,240,14,0
2026-07-24 08:30:00,94.759,94.779,94.74,94.779,231,14,0
2026-07-24 08:45:00,94.78,94.78,94.717,94.722,244,14,0
2026-07-24 09:00:00,94.724,94.749,94.67,94.67,300,14,0
2026-07-24 09:15:00,94.671,94.714,94.663,94.714,213,14,0
2026-07-24 09:30:00,94.711,94.711,94.669,94.68,190,14,0
2026-07-24 09:45:00,94.679,94.72,94.671,94.72,175,14,0
2026-07-24 10:00:00,94.723,94.742,94.704,94.742,183,14,0
2026-07-24 10:15:00,94.739,94.778,94.726,94.765,190,14,0
2026-07-24 10:30:00,94.767,94.796,94.761,94.764,173,14,0
2026-07-24 10:45:00,94.762,94.779,94.75,94.771,167,14,0
2026-07-24 11:00:00,94.773,94.822,94.771,94.822,187,14,0
2026-07-24 11:15:00,94.819,94.828,94.788,94.79,147,14,0
2026-07-24 11:30:00,94.792,94.805,94.781,94.796,149,14,0
2026-07-24 11:45:00,94.798,94.815,94.753,94.801,279,14,0
2026-07-24 12:00:00,94.803,94.816,94.767,94.812,294,14,0
2026-07-24 12:15:00,94.81,94.81,94.736,94.736,262,14,0
2026-07-24 12:30:00,94.737,94.739,94.673,94.686,289,14,0
2026-07-24 12:45:00,94.684,94.712,94.667,94.693,247,14,0
2026-07-24 13:00:00,94.696,94.713,94.673,94.694,306,14,0
2026-07-24 13:15:00,94.696,94.731,94.689,94.719,245,14,0
2026-07-24 13:30:00,94.717,94.727,94.664,94.69,370,14,0
2026-07-24 13:45:00,94.708,94.716,94.665,94.709,402,14,0
2026-07-24 14:00:00,94.706,94.774,94.694,94.764,410,14,0
2026-07-24 14:15:00,94.763,94.802,94.739,94.755,342,14,0
2026-07-24 14:30:00,94.753,94.794,94.749,94.785,314,14,0
2026-07-24 14:45:00,94.784,94.855,94.775,94.846,404,14,0
2026-07-24 15:00:00,94.849,94.943,94.841,94.918,540,14,0
2026-07-24 15:15:00,94.915,94.956,94.892,94.902,554,14,0
2026-07-24 15:30:00,94.904,94.951,94.896,94.905,348,14,0
2026-07-24 15:45:00,94.906,94.961,94.903,94.952,210,14,0
2026-07-24 16:00:00,94.954,94.976,94.949,94.968,178,14,0
2026-07-24 16:15:00,94.967,94.982,94.958,94.976,172,14,0
2026-07-24 16:30:00,94.973,94.974,94.921,94.923,230,14,0
2026-07-24 16:45:00,94.924,94.944,94.911,94.936,135,14,0
2026-07-24 17:00:00,94.937,94.941,94.839,94.876,268,14,0
2026-07-24 17:15:00,94.874,94.882,94.853,94.874,167,14,0
2026-07-24 17:30:00,94.875,94.892,94.852,94.86,108,14,0
2026-07-24 17:45:00,94.859,94.865,94.843,94.852,100,14,0
2026-07-24 18:00:00,94.85,94.863,94.845,94.854,76,14,0
2026-07-24 18:15:00,94.853,94.862,94.833,94.859,128,14,0
2026-07-24 18:30:00,94.861,94.862,94.838,94.846,145,14,0
2026-07-24 18:45:00,94.848,94.871,94.843,94.857,106,14,0
2026-07-24 19:00:00,94.86,94.861,94.838,94.84,114,14,0
2026-07-24 19:15:00,94.839,94.844,94.822,94.828,106,14,0
2026-07-24 19:30:00,94.827,94.856,94.823,94.846,216,14,0
2026-07-24 19:45:00,94.843,94.849,94.824,94.845,116,14,0
2026-07-24 20:00:00,94.844,94.848,94.823,94.836,85,14,0
2026-07-24 20:15:00,94.834,94.837,94.819,94.822,63,14,0
2026-07-24 20:30:00,94.821,94.821,94.793,94.811,82,14,0
2026-07-24 20:45:00,94.814,94.853,94.789,94.835,231,14,0
2026-07-26 21:00:00,94.906,94.926,94.906,94.926,10,49,0
2026-07-26 21:15:00,94.928,94.959,94.884,94.959,30,46,0
2026-07-26 21:30:00,94.976,94.978,94.871,94.937,146,103,0
2026-07-26 21:45:00,94.94,94.949,94.85,94.92,317,109,0
2026-07-26 22:00:00,94.92,95.004,94.915,94.937,260,71,0
2026-07-26 22:15:00,94.935,94.972,94.925,94.969,169,58,0
2026-07-26 22:30:00,94.967,94.967,94.85,94.869,126,49,0
2026-07-26 22:45:00,94.867,94.867,94.835,94.853,87,43,0
2026-07-26 23:00:00,94.868,94.88,94.841,94.869,154,14,0
2026-07-26 23:15:00,94.87,94.875,94.831,94.838,83,14,0
2026-07-26 23:30:00,94.837,94.885,94.819,94.874,147,14,0
2026-07-26 23:45:00,94.872,94.881,94.846,94.853,230,14,0
2026-07-27 00:00:00,94.856,94.959,94.856,94.955,514,14,0
2026-07-27 00:15:00,94.953,94.977,94.935,94.965,395,14,0
2026-07-27 00:30:00,94.964,95.001,94.912,94.914,320,14,0
2026-07-27 00:45:00,94.916,94.953,94.91,94.932,365,14,0
2026-07-27 01:00:00,94.934,94.969,94.91,94.91,327,14,0
2026-07-27 01:15:00,94.909,94.939,94.878,94.887,263,14,0
2026-07-27 01:30:00,94.888,94.907,94.844,94.864,294,14,0
2026-07-27 01:45:00,94.865,94.909,94.865,94.903,293,14,0
2026-07-27 02:00:00,94.905,94.905,94.823,94.833,311,14,0
2026-07-27 02:15:00,94.834,94.839,94.78,94.792,203,14,0
2026-07-27 02:30:00,94.789,94.815,94.773,94.784,218,14,0
2026-07-27 02:45:00,94.786,94.79,94.767,94.782,161,14,0
2026-07-27 03:00:00,94.78,94.802,94.75,94.761,193,14,0
2026-07-27 03:15:00,94.76,94.773,94.737,94.739,157,14,0
2026-07-27 03:30:00,94.74,94.746,94.686,94.732,227,14,0
2026-07-27 03:45:00,94.73,94.774,94.727,94.774,104,14,0
2026-07-27 04:00:00,94.776,94.797,94.759,94.797,118,14,0
2026-07-27 04:15:00,94.796,94.822,94.781,94.795,131,14,0
2026-07-27 04:30:00,94.798,94.841,94.798,94.831,131,14,0
2026-07-27 04:45:00,94.832,94.835,94.816,94.824,88,14,0
2026-07-27 05:00:00,94.826,94.876,94.819,94.876,175,14,0
2026-07-27 05:15:00,94.873,94.895,94.856,94.87,122,14,0
2026-07-27 05:30:00,94.873,94.887,94.842,94.879,158,14,0
2026-07-27 05:45:00,94.88,94.936,94.879,94.89,152,14,0
2026-07-27 06:00:00,94.888,94.919,94.872,94.884,286,14,0
2026-07-27 06:15:00,94.882,94.939,94.862,94.939,247,14,0
2026-07-27 06:30:00,94.937,94.984,94.921,94.944,274,14,0
2026-07-27 06:45:00,94.942,94.942,94.894,94.894,213,14,0
2026-07-27 07:00:00,94.892,94.902,94.839,94.897,368,14,0
2026-07-27 07:15:00,94.894,94.894,94.805,94.808,433,14,0
2026-07-27 07:30:00,94.81,94.838,94.785,94.821,348,14,0
2026-07-27 07:45:00,94.819,94.856,94.807,94.833,275,14,0
2026-07-27 08:00:00,94.831,94.859,94.787,94.795,305,14,0
2026-07-27 08:15:00,94.793,94.832,94.78,94.825,235,14,0
2026-07-27 08:30:00,94.826,94.842,94.805,94.808,215,14,0
2026-07-27 08:45:00,94.809,94.845,94.802,94.831,210,14,0
2026-07-27 09:00:00,94.83,94.831,94.785,94.811,211,14,0
2026-07-27 09:15:00,94.809,94.836,94.804,94.824,199,14,0
2026-07-27 09:30:00,94.822,94.839,94.803,94.803,186,14,0
2026-07-27 09:45:00,94.805,94.83,94.789,94.794,181,14,0
2026-07-27 10:00:00,94.792,94.821,94.773,94.784,204,14,0
2026-07-27 10:15:00,94.786,94.816,94.784,94.793,161,14,0
2026-07-27 10:30:00,94.794,94.85,94.79,94.841,163,14,0
2026-07-27 10:45:00,94.839,94.841,94.8,94.804,174,14,0
2026-07-27 11:00:00,94.803,94.803,94.763,94.782,213,14,0
2026-07-27 11:15:00,94.781,94.804,94.775,94.784,172,14,0
2026-07-27 11:30:00,94.782,94.821,94.752,94.752,269,14,0
2026-07-27 11:45:00,94.755,94.764,94.73,94.744,211,14,0
2026-07-27 12:00:00,94.746,94.779,94.698,94.701,272,14,0
2026-07-27 12:15:00,94.704,94.719,94.694,94.704,209,14,0
2026-07-27 12:30:00,94.701,94.729,94.687,94.723,238,14,0
2026-07-27 12:45:00,94.72,94.775,94.72,94.754,246,14,0
2026-07-27 13:00:00,94.752,94.777,94.724,94.759,323,14,0
2026-07-27 13:15:00,94.756,94.771,94.739,94.766,257,14,0
2026-07-27 13:30:00,94.767,94.809,94.759,94.771,447,14,0
2026-07-27 13:45:00,94.773,94.812,94.765,94.775,345,14,0
2026-07-27 14:00:00,94.778,94.792,94.747,94.78,378,14,0
2026-07-27 14:15:00,94.782,94.788,94.653,94.654,332,14,0
2026-07-27 14:30:00,94.656,94.665,94.616,94.633,386,14,0
2026-07-27 14:45:00,94.635,94.683,94.634,94.651,384,14,0
2026-07-27 15:00:00,94.653,94.661,94.621,94.639,381,14,0
2026-07-27 15:15:00,94.637,94.662,94.62,94.631,293,14,0
2026-07-27 15:30:00,94.632,94.632,94.572,94.578,286,14,0
2026-07-27 15:45:00,94.576,94.615,94.564,94.602,239,14,0
2026-07-27 16:00:00,94.604,94.606,94.581,94.589,198,14,0
2026-07-27 16:15:00,94.591,94.647,94.576,94.63,392,14,0
2026-07-27 16:30:00,94.631,94.638,94.622,94.628,210,14,0
2026-07-27 16:45:00,94.627,94.63,94.593,94.613,154,14,0
2026-07-27 17:00:00,94.616,94.616,94.549,94.564,222,14,0
2026-07-27 17:15:00,94.562,94.566,94.52,94.528,128,14,0
2026-07-27 17:30:00,94.53,94.546,94.503,94.515,116,14,0
2026-07-27 17:45:00,94.514,94.553,94.514,94.553,128,14,0
2026-07-27 18:00:00,94.552,94.566,94.542,94.553,121,14,0
2026-07-27 18:15:00,94.551,94.553,94.535,94.544,140,14,0
2026-07-27 18:30:00,94.543,94.55,94.517,94.535,216,14,0
2026-07-27 18:45:00,94.536,94.574,94.525,94.572,198,14,0
2026-07-27 19:00:00,94.566,94.571,94.548,94.552,98,14,0
2026-07-27 19:15:00,94.553,94.566,94.547,94.563,75,14,0
2026-07-27 19:30:00,94.561,94.588,94.555,94.583,105,14,0
2026-07-27 19:45:00,94.582,94.587,94.564,94.582,98,14,0
2026-07-27 20:00:00,94.585,94.591,94.562,94.575,81,14,0
2026-07-27 20:15:00,94.574,94.574,94.551,94.554,35,14,0
2026-07-27 20:30:00,94.551,94.552,94.536,94.548,49,14,0
2026-07-27 20:45:00,94.547,94.548,94.526,94.526,85,14,0
2026-07-27 21:00:00,94.524,94.527,94.518,94.521,63,43,0
2026-07-27 21:15:00,94.521,94.529,94.499,94.509,232,43,0
2026-07-27 21:30:00,94.508,94.52,94.506,94.516,77,55,0
2026-07-27 21:45:00,94.515,94.525,94.496,94.496,93,63,0
2026-07-27 22:00:00,94.495,94.54,94.495,94.533,85,32,0
2026-07-27 22:15:00,94.538,94.558,94.533,94.549,30,28,0
2026-07-27 22:30:00,94.547,94.549,94.512,94.513,52,27,0
2026-07-27 22:45:00,94.512,94.523,94.504,94.505,40,25,0
2026-07-27 23:00:00,94.511,94.511,94.481,94.505,104,14,0
2026-07-27 23:15:00,94.506,94.508,94.485,94.5,64,14,0
2026-07-27 23:30:00,94.497,94.497,94.473,94.474,73,14,0
2026-07-27 23:45:00,94.475,94.49,94.448,94.486,140,14,0
2026-07-28 00:00:00,94.489,94.508,94.452,94.472,293,14,0
2026-07-28 00:15:00,94.47,94.515,94.461,94.513,202,14,0
2026-07-28 00:30:00,94.515,94.542,94.506,94.517,200,14,0
2026-07-28 00:45:00,94.515,94.54,94.497,94.527,222,14,0
2026-07-28 01:00:00,94.529,94.565,94.499,94.502,258,14,0
2026-07-28 01:15:00,94.499,94.524,94.48,94.515,210,14,0
2026-07-28 01:30:00,94.517,94.538,94.473,94.48,200,14,0
2026-07-28 01:45:00,94.478,94.481,94.426,94.459,189,14,0
2026-07-28 02:00:00,94.461,94.512,94.442,94.507,200,14,0
2026-07-28 02:15:00,94.505,94.523,94.464,94.468,192,14,0
2026-07-28 02:30:00,94.466,94.491,94.455,94.457,154,14,0
2026-07-28 02:45:00,94.459,94.514,94.451,94.494,206,14,0
2026-07-28 03:00:00,94.492,94.549,94.453,94.549,275,14,0
2026-07-28 03:15:00,94.547,94.589,94.527,94.53,232,14,0
2026-07-28 03:30:00,94.532,94.599,94.531,94.547,339,14,0
2026-07-28 03:45:00,94.546,94.559,94.504,94.509,198,14,0
2026-07-28 04:00:00,94.507,94.507,94.445,94.458,245,14,0
2026-07-28 04:15:00,94.457,94.486,94.45,94.467,142,14,0
2026-07-28 04:30:00,94.468,94.481,94.422,94.443,116,14,0
2026-07-28 04:45:00,94.44,94.452,94.409,94.42,126,14,0
2026-07-28 05:00:00,94.418,94.435,94.372,94.372,215,14,0
2026-07-28 05:15:00,94.373,94.399,94.357,94.399,175,14,0
2026-07-28 05:30:00,94.401,94.437,94.387,94.435,199,14,0
2026-07-28 05:45:00,94.436,94.437,94.389,94.402,152,14,0
2026-07-28 06:00:00,94.399,94.404,94.364,94.396,313,14,0
2026-07-28 06:15:00,94.394,94.483,94.391,94.476,324,14,0
2026-07-28 06:30:00,94.475,94.509,94.469,94.472,274,14,0
2026-07-28 06:45:00,94.47,94.503,94.454,94.463,242,14,0
2026-07-28 07:00:00,94.46,94.527,94.433,94.524,291,14,0
2026-07-28 07:15:00,94.521,94.585,94.515,94.559,236,14,0
2026-07-28 07:30:00,94.561,94.569,94.536,94.547,179,14,0
2026-07-28 07:45:00,94.55,94.55,94.506,94.517,216,14,0
2026-07-28 08:00:00,94.519,94.561,94.492,94.512,307,14,0
2026-07-28 08:15:00,94.514,94.585,94.514,94.578,289,14,0
2026-07-28 08:30:00,94.581,94.581,94.549,94.579,225,14,0
2026-07-28 08:45:00,94.576,94.584,94.547,94.567,198,14,0
2026-07-28 09:00:00,94.57,94.574,94.516,94.53,197,14,0
2026-07-28 09:15:00,94.529,94.562,94.525,94.548,160,14,0
2026-07-28 09:30:00,94.547,94.552,94.516,94.516,144,14,0
2026-07-28 09:45:00,94.518,94.522,94.48,94.482,178,14,0
2026-07-28 10:00:00,94.479,94.486,94.465,94.483,232,14,0
2026-07-28 10:15:00,94.481,94.529,94.472,94.529,179,14,0
2026-07-28 10:30:00,94.53,94.549,94.497,94.51,206,14,0
2026-07-28 10:45:00,94.508,94.548,94.502,94.54,180,14,0
2026-07-28 11:00:00,94.537,94.546,94.504,94.504,198,14,0
2026-07-28 11:15:00,94.506,94.566,94.476,94.536,271,14,0
2026-07-28 11:30:00,94.539,94.574,94.523,94.568,196,14,0
2026-07-28 11:45:00,94.566,94.596,94.556,94.577,202,14,0
2026-07-28 12:00:00,94.579,94.612,94.554,94.591,250,14,0
2026-07-28 12:15:00,94.592,94.595,94.569,94.574,205,14,0
2026-07-28 12:30:00,94.572,94.583,94.529,94.574,256,14,0
2026-07-28 12:45:00,94.576,94.621,94.574,94.592,219,14,0
2026-07-28 13:00:00,94.593,94.612,94.582,94.584,199,14,0
2026-07-28 13:15:00,94.583,94.602,94.574,94.576,236,14,0
2026-07-28 13:30:00,94.574,94.598,94.561,94.582,318,14,0
2026-07-28 13:45:00,94.584,94.628,94.564,94.613,352,14,0
2026-07-28 14:00:00,94.618,94.688,94.613,94.652,333,14,0
2026-07-28 14:15:00,94.651,94.672,94.592,94.672,342,14,0
2026-07-28 14:30:00,94.675,94.7,94.659,94.69,301,14,0
2026-07-28 14:45:00,94.688,94.699,94.67,94.67,305,14,0
2026-07-28 15:00:00,94.671,94.773,94.658,94.763,479,14,0
2026-07-28 15:15:00,94.76,94.836,94.757,94.811,506,14,0
2026-07-28 15:30:00,94.808,94.854,94.8,94.848,372,14,0
2026-07-28 15:45:00,94.845,94.867,94.824,94.851,284,14,0
2026-07-28 16:00:00,94.853,94.879,94.844,94.876,274,14,0
2026-07-28 16:15:00,94.878,94.897,94.853,94.88,224,14,0
2026-07-28 16:30:00,94.877,94.886,94.846,94.849,178,14,0
2026-07-28 16:45:00,94.85,94.875,94.833,94.858,170,14,0
2026-07-28 17:00:00,94.856,94.87,94.82,94.826,171,14,0
2026-07-28 17:15:00,94.828,94.859,94.816,94.827,191,14,0
2026-07-28 17:30:00,94.825,94.834,94.782,94.782,106,14,0
2026-07-28 17:45:00,94.784,94.798,94.775,94.794,120,14,0
2026-07-28 18:00:00,94.793,94.813,94.788,94.807,113,14,0
2026-07-28 18:15:00,94.805,94.824,94.798,94.808,115,14,0
2026-07-28 18:30:00,94.809,94.836,94.809,94.833,82,14,0
2026-07-28 18:45:00,94.834,94.846,94.83,94.843,44,14,0
2026-07-28 19:00:00,94.841,94.854,94.82,94.823,99,14,0
2026-07-28 19:15:00,94.825,94.848,94.822,94.832,75,14,0
2026-07-28 19:30:00,94.829,94.829,94.794,94.8,69,14,0
2026-07-28 19:45:00,94.803,94.813,94.789,94.798,87,14,0
2026-07-28 20:00:00,94.8,94.837,94.797,94.833,79,14,0
2026-07-28 20:15:00,94.832,94.84,94.808,94.825,61,14,0
2026-07-28 20:30:00,94.824,94.824,94.813,94.823,63,14,0
2026-07-28 20:45:00,94.821,94.826,94.789,94.795,77,14,0
2026-07-28 21:00:00,94.796,94.796,94.712,94.712,56,43,0
2026-07-28 21:15:00,94.713,94.765,94.712,94.763,111,73,0
2026-07-28 21:30:00,94.766,94.772,94.734,94.752,94,63,0
2026-07-28 21:45:00,94.755,94.778,94.734,94.734,74,45,0
2026-07-28 22:00:00,94.721,94.787,94.72,94.766,79,29,0
2026-07-28 22:15:00,94.767,94.772,94.718,94.729,114,26,0
2026-07-28 22:30:00,94.728,94.751,94.712,94.727,101,25,0
2026-07-28 22:45:00,94.723,94.742,94.71,94.714,66,24,0
2026-07-28 23:00:00,94.719,94.724,94.677,94.72,137,14,0
2026-07-28 23:15:00,94.721,94.748,94.715,94.745,96,14,0
2026-07-28 23:30:00,94.747,94.755,94.707,94.753,120,14,0
2026-07-28 23:45:00,94.752,94.752,94.707,94.731,218,14,0
2026-07-29 00:00:00,94.733,94.747,94.7,94.704,301,14,0
2026-07-29 00:15:00,94.703,94.769,94.698,94.728,315,14,0
2026-07-29 00:30:00,94.731,94.746,94.715,94.74,220,14,0
2026-07-29 00:45:00,94.741,94.757,94.634,94.648,377,14,0
2026-07-29 01:00:00,94.649,94.701,94.641,94.658,260,14,0
2026-07-29 01:15:00,94.655,94.723,94.649,94.691,270,14,0
2026-07-29 01:30:00,94.689,94.745,94.562,94.578,779,14,0
2026-07-29 01:45:00,94.58,94.624,94.566,94.578,350,14,0
2026-07-29 02:00:00,94.577,94.623,94.551,94.603,322,14,0
2026-07-29 02:15:00,94.606,94.661,94.597,94.631,285,14,0
2026-07-29 02:30:00,94.632,94.669,94.624,94.669,239,14,0
2026-07-29 02:45:00,94.67,94.676,94.601,94.623,195,14,0
2026-07-29 03:00:00,94.625,94.635,94.581,94.61,211,14,0
2026-07-29 03:15:00,94.612,94.643,94.603,94.605,188,14,0
2026-07-29 03:30:00,94.607,94.644,94.603,94.61,244,14,0
2026-07-29 03:45:00,94.612,94.652,94.598,94.638,244,14,0
2026-07-29 04:00:00,94.641,94.662,94.581,94.587,233,14,0
2026-07-29 04:15:00,94.589,94.608,94.535,94.542,275,14,0
2026-07-29 04:30:00,94.541,94.555,94.486,94.488,403,14,0
2026-07-29 04:45:00,94.485,94.608,94.476,94.575,638,14,0
2026-07-29 05:00:00,94.577,94.631,94.572,94.624,242,14,0
2026-07-29 05:15:00,94.626,94.642,94.598,94.598,209,14,0
2026-07-29 05:30:00,94.599,94.67,94.593,94.639,277,14,0
2026-07-29 05:45:00,94.64,94.687,94.625,94.685,235,14,0
2026-07-29 06:00:00,94.683,94.726,94.675,94.721,319,14,0
2026-07-29 06:15:00,94.719,94.735,94.649,94.661,284,14,0
2026-07-29 06:30:00,94.662,94.692,94.641,94.653,317,14,0
2026-07-29 06:45:00,94.651,94.665,94.627,94.642,282,14,0
2026-07-29 07:00:00,94.644,94.714,94.644,94.683,326,14,0
2026-07-29 07:15:00,94.682,94.726,94.665,94.721,270,14,0
2026-07-29 07:30:00,94.724,94.731,94.676,94.693,244,14,0
2026-07-29 07:45:00,94.691,94.719,94.669,94.702,246,14,0
2026-07-29 08:00:00,94.704,94.709,94.63,94.63,245,14,0
2026-07-29 08:15:00,94.632,94.657,94.585,94.592,213,14,0
2026-07-29 08:30:00,94.59,94.606,94.571,94.598,158,14,0
2026-07-29 08:45:00,94.596,94.615,94.588,94.613,211,14,0
2026-07-29 09:00:00,94.615,94.624,94.589,94.604,176,14,0
2026-07-29 09:15:00,94.603,94.603,94.57,94.582,166,14,0
2026-07-29 09:30:00,94.58,94.587,94.547,94.585,205,14,0
2026-07-29 09:45:00,94.586,94.614,94.574,94.58,194,14,0
2026-07-29 10:00:00,94.582,94.583,94.54,94.573,283,14,0
2026-07-29 10:15:00,94.574,94.584,94.543,94.569,212,14,0
2026-07-29 10:30:00,94.571,94.573,94.543,94.569,184,14,0
2026-07-29 10:45:00,94.57,94.572,94.545,94.562,153,14,0
2026-07-29 11:00:00,94.564,94.623,94.56,94.623,160,14,0
2026-07-29 11:15:00,94.621,94.633,94.603,94.621,136,14,0
2026-07-29 11:30:00,94.619,94.623,94.566,94.571,160,14,0
2026-07-29 11:45:00,94.573,94.584,94.537,94.553,191,14,0
2026-07-29 12:00:00,94.55,94.562,94.505,94.51,266,14,0
2026-07-29 12:15:00,94.512,94.544,94.472,94.526,446,14,0
2026-07-29 12:30:00,94.523,94.587,94.506,94.578,279,14,0
2026-07-29 12:45:00,94.577,94.606,94.553,94.605,235,14,0
2026-07-29 13:00:00,94.607,94.635,94.592,94.628,249,14,0
2026-07-29 13:15:00,94.626,94.669,94.614,94.658,250,14,0
2026-07-29 13:30:00,94.656,94.675,94.625,94.633,349,14,0
2026-07-29 13:45:00,94.631,94.726,94.631,94.724,322,14,0
2026-07-29 14:00:00,94.726,94.75,94.645,94.649,389,14,0
2026-07-29 14:15:00,94.65,94.698,94.631,94.68,334,14,0
2026-07-29 14:30:00,94.679,94.69,94.612,94.622,298,14,0
2026-07-29 14:45:00,94.624,94.628,94.532,94.586,528,14,0
2026-07-29 15:00:00,94.584,94.597,94.537,94.566,386,14,0
2026-07-29 15:15:00,94.567,94.571,94.511,94.515,297,14,0
2026-07-29 15:30:00,94.516,94.559,94.499,94.546,285,14,0
2026-07-29 15:45:00,94.544,94.565,94.497,94.511,250,14,0
2026-07-29 16:00:00,94.514,94.521,94.444,94.444,229,14,0
2026-07-29 16:15:00,94.442,94.499,94.431,94.49,232,14,0
2026-07-29 16:30:00,94.492,94.493,94.455,94.467,196,14,0
2026-07-29 16:45:00,94.466,94.5,94.461,94.498,175,14,0
2026-07-29 17:00:00,94.501,94.565,94.492,94.553,234,14,0
2026-07-29 17:15:00,94.555,94.592,94.546,94.576,178,14,0
2026-07-29 17:30:00,94.574,94.62,94.567,94.608,167,14,0
2026-07-29 17:45:00,94.609,94.639,94.591,94.6,289,14,0
2026-07-29 18:00:00,94.618,94.874,94.594,94.812,2218,14,0
2026-07-29 18:15:00,94.815,94.842,94.723,94.772,804,14,0
2026-07-29 18:30:00,94.774,94.932,94.637,94.922,2499,14,0
2026-07-29 18:45:00,94.92,95.04,94.91,94.995,966,14,0
2026-07-29 19:00:00,94.988,95.069,94.958,95.05,1336,14,0
2026-07-29 19:15:00,95.047,95.109,94.884,94.913,1184,14,0
2026-07-29 19:30:00,94.915,94.918,94.768,94.788,1023,14,0
2026-07-29 19:45:00,94.79,94.809,94.649,94.684,833,14,0
2026-07-29 20:00:00,94.683,94.722,94.613,94.667,620,14,0
2026-07-29 20:15:00,94.665,94.671,94.623,94.659,351,14,0
2026-07-29 20:30:00,94.66,94.721,94.633,94.721,283,14,0
2026-07-29 20:45:00,94.718,94.73,94.679,94.68,352,14,0
2026-07-29 21:00:00,94.678,94.678,94.607,94.64,70,43,0
2026-07-29 21:15:00,94.644,94.657,94.636,94.645,112,66,0
2026-07-29 21:30:00,94.647,94.647,94.604,94.645,97,77,0
2026-07-29 21:45:00,94.644,94.659,94.617,94.636,98,66,0
2026-07-29 22:00:00,94.64,94.782,94.619,94.733,166,32,0
2026-07-29 22:15:00,94.733,94.808,94.727,94.808,87,27,0
2026-07-29 22:30:00,94.807,94.852,94.799,94.799,93,26,0
2026-07-29 22:45:00,94.8,94.806,94.782,94.798,57,24,0
2026-07-29 23:00:00,94.804,94.843,94.788,94.793,272,14,0
2026-07-29 23:15:00,94.795,94.802,94.774,94.779,104,14,0
2026-07-29 23:30:00,94.778,94.798,94.774,94.785,134,14,0
2026-07-29 23:45:00,94.784,94.797,94.74,94.74,247,14,0
2026-07-30 00:00:00,94.738,94.745,94.678,94.731,494,14,0
2026-07-30 00:15:00,94.73,94.755,94.7,94.752,477,14,0
2026-07-30 00:30:00,94.751,94.766,94.718,94.734,325,14,0
2026-07-30 00:45:00,94.736,94.809,94.736,94.804,414,14,0
2026-07-30 01:00:00,94.807,94.865,94.804,94.84,444,14,0
2026-07-30 01:15:00,94.842,94.903,94.834,94.896,310,14,0
2026-07-30 01:30:00,94.897,94.913,94.875,94.89,254,14,0
2026-07-30 01:45:00,94.892,94.919,94.88,94.896,184,14,0
2026-07-30 02:00:00,94.898,94.916,94.896,94.899,172,14,0
2026-07-30 02:15:00,94.897,94.98,94.894,94.941,192,14,0
2026-07-30 02:30:00,94.939,94.972,94.921,94.942,174,14,0
2026-07-30 02:45:00,94.944,95.012,94.943,94.962,212,14,0
2026-07-30 03:00:00,94.96,95.003,94.932,94.935,234,14,0
2026-07-30 03:15:00,94.937,94.962,94.914,94.957,226,14,0
2026-07-30 03:30:00,94.955,95.01,94.939,94.981,200,14,0
2026-07-30 03:45:00,94.983,94.983,94.94,94.941,164,14,0
2026-07-30 04:00:00,94.942,94.961,94.931,94.937,183,14,0
2026-07-30 04:15:00,94.935,94.971,94.927,94.97,147,14,0
2026-07-30 04:30:00,94.968,94.972,94.935,94.938,142,14,0
2026-07-30 04:45:00,94.94,94.958,94.905,94.913,152,14,0
2026-07-30 05:00:00,94.914,94.951,94.908,94.934,209,14,0
2026-07-30 05:15:00,94.935,94.957,94.913,94.953,213,14,0
2026-07-30 05:30:00,94.955,94.982,94.952,94.967,195,14,0
2026-07-30 05:45:00,94.969,94.989,94.914,94.927,227,14,0
2026-07-30 06:00:00,94.93,94.98,94.893,94.899,362,14,0
2026-07-30 06:15:00,94.9,94.913,94.873,94.901,345,14,0
2026-07-30 06:30:00,94.903,94.993,94.903,94.953,332,14,0
2026-07-30 06:45:00,94.955,95.06,94.955,95.035,301,14,0
2026-07-30 07:00:00,95.033,95.131,95.026,95.107,582,14,0
2026-07-30 07:15:00,95.11,95.12,95.055,95.062,364,14,0
2026-07-30 07:30:00,95.063,95.082,95.03,95.078,349,14,0
2026-07-30 07:45:00,95.079,95.092,95.03,95.032,282,14,0
2026-07-30 08:00:00,95.031,95.138,95.029,95.123,376,14,0
2026-07-30 08:15:00,95.126,95.219,95.12,95.219,353,14,0
2026-07-30 08:30:00,95.217,95.223,95.16,95.197,295,14,0
2026-07-30 08:45:00,95.199,95.237,95.195,95.228,254,14,0
2026-07-30 09:00:00,95.226,95.261,95.213,95.246,429,14,0
2026-07-30 09:15:00,95.245,95.302,95.215,95.259,397,14,0
2026-07-30 09:30:00,95.26,95.283,95.239,95.263,330,14,0
2026-07-30 09:45:00,95.266,95.299,95.247,95.273,425,14,0
2026-07-30 10:00:00,95.276,95.28,95.174,95.206,662,14,0
2026-07-30 10:15:00,95.207,95.207,94.849,95.076,2354,14,0
2026-07-30 10:30:00,95.075,95.097,95.034,95.06,711,14,0
2026-07-30 10:45:00,95.063,95.125,95.045,95.081,495,14,0
2026-07-30 11:00:00,95.079,95.117,95.045,95.049,489,14,0
2026-07-30 11:15:00,95.048,95.135,95.048,95.132,382,14,0
2026-07-30 11:30:00,95.13,95.188,95.114,95.126,384,14,0
2026-07-30 11:45:00,95.124,95.181,95.112,95.178,329,14,0
2026-07-30 12:00:00,95.18,95.208,95.162,95.187,408,14,0
2026-07-30 12:15:00,95.189,95.189,95.106,95.121,356,14,0
2026-07-30 12:30:00,95.12,95.152,95.002,95.009,811,14,0
2026-07-30 12:45:00,95.011,95.097,94.993,95.079,620,14,0
2026-07-30 13:00:00,95.078,95.105,95.056,95.076,633,14,0
2026-07-30 13:15:00,95.074,95.1,95.041,95.091,515,14,0
2026-07-30 13:30:00,95.093,95.113,93.965,94.152,12931,14,0
2026-07-30 13:45:00,94.155,94.44,93.81,93.815,9778,14,0
2026-07-30 14:00:00,93.813,93.888,93.25,93.311,11049,14,0
2026-07-30 14:15:00,93.309,93.474,92.744,93.405,10610,14,0
2026-07-30 14:30:00,93.402,93.664,93.143,93.567,4397,14,0
2026-07-30 14:45:00,93.569,93.654,93.343,93.346,2118,14,0
2026-07-30 15:00:00,93.344,93.524,93.179,93.443,2942,14,0
2026-07-30 15:15:00,93.44,93.541,93.431,93.528,938,14,0
2026-07-30 15:30:00,93.53,93.615,93.53,93.591,791,14,0
2026-07-30 15:45:00,93.592,93.715,93.592,93.69,684,14,0
2026-07-30 16:00:00,93.692,93.759,93.665,93.7,760,14,0
2026-07-30 16:15:00,93.698,93.753,93.689,93.734,521,14,0
2026-07-30 16:30:00,93.732,93.798,93.719,93.767,457,14,0
2026-07-30 16:45:00,93.77,93.825,93.758,93.779,316,14,0
2026-07-30 17:00:00,93.78,93.829,93.78,93.798,341,14,0
2026-07-30 17:15:00,93.8,93.911,93.799,93.859,297,14,0
2026-07-30 17:30:00,93.857,93.876,93.171,93.366,4134,14,0
2026-07-30 17:45:00,93.368,93.545,93.35,93.497,1435,14,0
2026-07-30 18:00:00,93.494,93.533,93.426,93.46,727,14,0
2026-07-30 18:15:00,93.458,93.547,93.441,93.508,426,14,0
2026-07-30 18:30:00,93.51,93.551,93.494,93.512,345,14,0
2026-07-30 18:45:00,93.515,93.525,93.447,93.447,493,14,0
2026-07-30 19:00:00,93.452,93.592,93.452,93.564,455,14,0
2026-07-30 19:15:00,93.565,93.67,93.564,93.662,323,14,0
2026-07-30 19:30:00,93.663,93.725,93.656,93.698,298,14,0
2026-07-30 19:45:00,93.696,93.696,93.627,93.682,429,14,0
2026-07-30 20:00:00,93.685,93.735,93.673,93.717,230,14,0
2026-07-30 20:15:00,93.72,93.765,93.705,93.738,208,14,0
2026-07-30 20:30:00,93.74,93.774,93.68,93.773,287,14,0
2026-07-30 20:45:00,93.774,93.842,93.749,93.784,237,14,0
2026-07-30 21:00:00,93.782,93.782,93.749,93.749,15,43,0
2026-07-30 21:15:00,93.746,93.746,93.681,93.686,30,80,0
2026-07-30 21:30:00,93.684,93.727,93.684,93.727,45,94,0
2026-07-30 21:45:00,93.729,93.762,93.727,93.742,48,52,0
2026-07-30 22:00:00,93.749,93.865,93.748,93.852,175,42,0
2026-07-30 22:15:00,93.853,93.92,93.847,93.885,157,35,0
2026-07-30 22:30:00,93.88,93.91,93.721,93.861,295,32,0
2026-07-30 22:45:00,93.862,93.913,93.826,93.886,167,28,0
2026-07-30 23:00:00,93.892,93.942,93.839,93.929,351,14,0
2026-07-30 23:15:00,93.93,93.983,93.906,93.975,450,14,0
2026-07-30 23:30:00,93.974,94.129,93.969,94.124,525,14,0
2026-07-30 23:45:00,94.122,94.15,94.076,94.095,421,14,0
2026-07-31 00:00:00,94.097,94.185,94.075,94.164,937,14,0
2026-07-31 00:15:00,94.162,94.198,94.119,94.166,606,14,0
2026-07-31 00:30:00,94.164,94.261,94.16,94.261,648,14,0
2026-07-31 00:45:00,94.263,94.324,94.205,94.253,963,14,0
2026-07-31 01:00:00,94.255,94.316,94.127,94.158,1068,14,0
2026-07-31 01:15:00,94.156,94.183,94.107,94.139,655,14,0
2026-07-31 01:30:00,94.136,94.208,94.123,94.194,607,14,0
2026-07-31 01:45:00,94.195,94.275,94.164,94.271,412,14,0
2026-07-31 02:00:00,94.269,94.285,94.238,94.24,366,14,0
2026-07-31 02:15:00,94.243,94.274,94.201,94.274,303,14,0
2026-07-31 02:30:00,94.276,94.297,94.217,94.296,236,14,0
2026-07-31 02:45:00,94.298,94.32,94.186,94.221,478,14,0
2026-07-31 03:00:00,94.218,94.413,94.187,94.324,1070,14,0
2026-07-31 03:15:00,94.327,94.408,94.317,94.388,401,14,0
2026-07-31 03:30:00,94.386,94.401,94.299,94.303,476,14,0
2026-07-31 03:45:00,94.302,94.313,94.208,94.285,436,14,0
2026-07-31 04:00:00,94.287,94.311,94.247,94.301,313,14,0
2026-07-31 04:15:00,94.303,94.354,94.3,94.339,263,14,0
2026-07-31 04:30:00,94.337,94.345,94.293,94.317,267,14,0
2026-07-31 04:45:00,94.318,94.355,94.268,94.276,329,14,0
2026-07-31 05:00:00,94.275,94.288,94.242,94.265,315,14,0
2026-07-31 05:15:00,94.262,94.281,94.228,94.277,286,14,0
2026-07-31 05:30:00,94.275,94.304,94.212,94.275,455,14,0
2026-07-31 05:45:00,94.273,94.273,94.204,94.226,315,14,0
2026-07-31 06:00:00,94.227,94.234,94.116,94.183,605,14,0
2026-07-31 06:15:00,94.184,94.274,94.172,94.243,653,14,0
2026-07-31 06:30:00,94.245,94.286,94.152,94.194,818,14,0
2026-07-31 06:45:00,94.196,94.196,93.96,94.119,1517,14,0
2026-07-31 07:00:00,94.121,94.188,94.086,94.17,704,14,0
2026-07-31 07:15:00,94.172,94.235,94.098,94.206,718,14,0
2026-07-31 07:30:00,94.207,94.338,94.195,94.312,517,14,0
2026-07-31 07:45:00,94.31,94.336,94.082,94.084,1368,14,0
2026-07-31 08:00:00,94.086,94.191,94.086,94.117,655,14,0
2026-07-31 08:15:00,94.115,94.162,94.081,94.122,750,14,0
2026-07-31 08:30:00,94.12,94.126,93.959,94.004,726,14,0
2026-07-31 08:45:00,94.002,94.131,93.327,93.52,4687,14,0
2026-07-31 09:00:00,93.524,93.871,93.352,93.831,4908,14,0
2026-07-31 09:15:00,93.829,93.944,93.784,93.944,1271,14,0
2026-07-31 09:30:00,93.942,93.962,93.71,93.87,1530,14,0
2026-07-31 09:45:00,93.867,94.042,93.862,94.015,617,14,0
2026-07-31 10:00:00,94.017,94.025,93.94,93.968,470,14,0
2026-07-31 10:15:00,93.971,94.07,93.964,93.976,523,14,0
2026-07-31 10:30:00,93.973,94.011,93.953,94.004,454,14,0
2026-07-31 10:45:00,94.006,94.025,93.947,93.952,353,14,0
2026-07-31 11:00:00,93.954,94.002,93.95,93.964,393,14,0
2026-07-31 11:15:00,93.965,93.977,93.914,93.936,505,14,0
2026-07-31 11:30:00,93.937,93.958,93.888,93.925,478,14,0
2026-07-31 11:45:00,93.927,93.945,93.887,93.907,415,14,0
2026-07-31 12:00:00,93.908,93.951,93.889,93.946,525,14,0
2026-07-31 12:15:00,93.945,93.989,93.919,93.968,519,14,0
2026-07-31 12:30:00,93.966,93.976,93.909,93.955,412,14,0
2026-07-31 12:45:00,93.957,93.989,93.931,93.947,362,14,0
2026-07-31 13:00:00,93.945,93.998,93.926,93.991,436,14,0
2026-07-31 13:15:00,93.993,94.032,93.571,93.655,5337,14,0
2026-07-31 13:30:00,93.657,93.681,93.355,93.54,3707,14,0
2026-07-31 13:45:00,93.536,93.674,93.355,93.363,1621,14,0
2026-07-31 14:00:00,93.366,93.379,93.049,93.29,2275,14,0
2026-07-31 14:15:00,93.289,93.386,93.238,93.331,1197,14,0
2026-07-31 14:30:00,93.332,93.6,93.332,93.564,1086,14,0
2026-07-31 14:45:00,93.567,93.706,93.499,93.554,1598,14,0
2026-07-31 15:00:00,93.553,93.558,93.326,93.505,2291,14,0
2026-07-31 15:15:00,93.506,93.578,93.435,93.572,903,14,0
2026-07-31 15:30:00,93.57,93.596,93.528,93.574,610,14,0
2026-07-31 15:45:00,93.572,93.587,93.502,93.538,581,14,0
2026-07-31 16:00:00,93.539,93.602,93.517,93.584,450,14,0
2026-07-31 16:15:00,93.587,93.598,93.56,93.581,395,14,0
2026-07-31 16:30:00,93.578,93.617,93.56,93.616,300,14,0
2026-07-31 16:45:00,93.615,93.682,93.612,93.68,289,14,0
2026-07-31 17:00:00,93.678,93.787,93.651,93.777,384,14,0
2026-07-31 17:15:00,93.775,93.826,93.419,93.425,2600,14,0
2026-07-31 17:30:00,93.422,93.457,93.157,93.18,3052,14,0
2026-07-31 17:45:00,93.182,93.56,93.152,93.311,5088,14,0
2026-07-31 18:00:00,93.309,93.488,93.228,93.424,2089,14,0
2026-07-31 18:15:00,93.422,93.519,93.379,93.496,635,14,0
2026-07-31 18:30:00,93.494,93.557,93.477,93.551,379,14,0
2026-07-31 18:45:00,93.554,93.669,93.554,93.583,695,14,0
2026-07-31 19:00:00,93.587,93.657,93.567,93.655,343,14,0
2026-07-31 19:15:00,93.658,93.706,93.652,93.679,218,14,0
2026-07-31 19:30:00,93.678,93.766,93.674,93.731,439,14,0
2026-07-31 19:45:00,93.728,93.763,93.678,93.759,630,14,0
2026-07-31 20:00:00,93.756,93.767,93.356,93.378,1550,14,0
2026-07-31 20:15:00,93.374,93.455,93.092,93.097,6458,14,0
2026-07-31 20:30:00,93.099,93.187,92.895,92.911,3599,14,0
2026-07-31 20:45:00,92.909,93.055,92.505,92.653,3286,14,0
2026-08-02 21:00:00,92.676,92.859,92.676,92.84,170,84,0
2026-08-02 21:15:00,92.838,92.933,92.774,92.822,181,93,0
2026-08-02 21:30:00,92.825,92.834,92.758,92.78,261,77,0
2026-08-02 21:45:00,92.799,92.816,92.751,92.811,329,90,0
2026-08-02 22:00:00,92.818,92.835,92.619,92.662,366,52,0
2026-08-02 22:15:00,92.659,92.896,92.635,92.788,400,45,0
2026-08-02 22:30:00,92.786,92.832,92.706,92.738,343,42,0
2026-08-02 22:45:00,92.735,92.779,92.683,92.766,271,39,0
2026-08-02 23:00:00,92.78,92.937,92.629,92.911,1171,14,0
2026-08-02 23:15:00,92.91,93.064,92.901,93.007,673,14,0
2026-08-02 23:30:00,93.005,93.089,92.962,93.082,568,14,0
2026-08-02 23:45:00,93.085,93.094,92.926,92.928,558,14,0
2026-08-03 00:00:00,92.93,93.069,92.927,93.061,980,14,0
2026-08-03 00:15:00,93.063,93.094,92.396,92.461,2950,14,0
2026-08-03 00:30:00,92.463,92.483,91.77,91.813,4945,14,0
2026-08-03 00:45:00,91.81,92.101,91.663,92.079,6485,14,0
2026-08-03 01:00:00,92.082,92.219,91.691,91.996,6121,14,0
2026-08-03 01:15:00,91.993,92.116,91.949,92.053,1842,14,0
2026-08-03 01:30:00,92.05,92.155,92.003,92.116,1657,14,0
2026-08-03 01:45:00,92.118,92.129,92.054,92.122,734,14,0
2026-08-03 02:00:00,92.121,92.25,92.121,92.16,630,14,0
2026-08-03 02:15:00,92.162,92.176,92.1,92.138,586,14,0
2026-08-03 02:30:00,92.14,92.162,92.034,92.118,713,14,0
2026-08-03 02:45:00,92.116,92.17,92.111,92.141,342,14,0
2026-08-03 03:00:00,92.138,92.198,92.122,92.15,436,14,0
2026-08-03 03:15:00,92.152,92.159,92.083,92.112,502,14,0
2026-08-03 03:30:00,92.114,92.131,91.957,92.023,871,14,0
2026-08-03 03:45:00,92.026,92.06,92.011,92.019,380,14,0
2026-08-03 04:00:00,92.017,92.031,91.942,91.986,448,14,0
2026-08-03 04:15:00,91.984,92.043,91.97,92.022,268,14,0
2026-08-03 04:30:00,92.024,92.043,91.944,91.987,356,14,0
2026-08-03 04:45:00,91.985,92.041,91.973,92.003,332,14,0
2026-08-03 05:00:00,92.005,92.018,91.956,91.996,331,14,0
2026-08-03 05:15:00,91.998,92.025,91.944,92.015,303,14,0
2026-08-03 05:30:00,92.016,92.035,91.991,92.01,339,14,0
2026-08-03 05:45:00,92.011,92.041,91.999,92.031,248,14,0
2026-08-03 06:00:00,92.032,92.087,92.015,92.028,506,14,0
2026-08-03 06:15:00,92.03,92.158,92.018,92.128,470,14,0
2026-08-03 06:30:00,92.126,92.168,92.098,92.131,615,14,0
2026-08-03 06:45:00,92.133,92.175,92.104,92.132,528,14,0
2026-08-03 07:00:00,92.13,92.147,92.025,92.035,623,14,0
2026-08-03 07:15:00,92.032,92.096,91.997,92.045,688,14,0
2026-08-03 07:30:00,92.043,92.085,91.981,92.085,472,14,0
2026-08-03 07:45:00,92.083,92.097,92.039,92.087,433,14,0
2026-08-03 08:00:00,92.085,92.092,92.021,92.082,478,14,0
2026-08-03 08:15:00,92.08,92.105,92.023,92.061,363,14,0
2026-08-03 08:30:00,92.064,92.125,91.951,92.125,902,14,0
2026-08-03 08:45:00,92.122,92.147,92.082,92.142,397,14,0
2026-08-03 09:00:00,92.143,92.153,92.078,92.111,409,14,0
2026-08-03 09:15:00,92.11,92.11,92.041,92.099,376,14,0
2026-08-03 09:30:00,92.097,92.205,92.09,92.18,345,14,0
2026-08-03 09:45:00,92.178,92.2,92.065,92.143,583,14,0
2026-08-03 10:00:00,92.144,92.146,92.054,92.058,369,14,0
2026-08-03 10:15:00,92.056,92.074,92.001,92.003,356,14,0
2026-08-03 10:30:00,92.001,92.021,91.965,92.011,286,14,0
2026-08-03 10:45:00,92.012,92.038,91.877,91.948,744,14,0
2026-08-03 11:00:00,91.95,91.986,91.922,91.948,396,14,0
2026-08-03 11:15:00,91.946,92.057,91.934,92.056,357,14,0
2026-08-03 11:30:00,92.057,92.133,92.036,92.126,283,14,0
2026-08-03 11:45:00,92.124,92.127,91.932,92.009,934,14,0
2026-08-03 12:00:00,92.007,92.069,91.955,91.965,589,14,0
2026-08-03 12:15:00,91.967,92.031,91.96,92.01,386,14,0
2026-08-03 12:30:00,92.012,92.07,92.009,92.057,375,14,0
2026-08-03 12:45:00,92.059,92.068,92.016,92.053,378,14,0
2026-08-03 13:00:00,92.056,92.084,91.986,91.986,530,14,0
2026-08-03 13:15:00,91.988,91.993,91.781,91.832,1055,14,0
2026-08-03 13:30:00,91.834,91.853,91.681,91.693,1044,14,0
2026-08-03 13:45:00,91.694,91.802,91.679,91.768,835,14,0
2026-08-03 14:00:00,91.77,91.833,91.741,91.822,757,14,0
2026-08-03 14:15:00,91.82,91.832,91.67,91.808,1010,14,0
2026-08-03 14:30:00,91.81,91.893,91.781,91.888,485,14,0
2026-08-03 14:45:00,91.887,91.957,91.857,91.897,658,14,0
2026-08-03 15:00:00,91.898,91.955,91.879,91.914,551,14,0
2026-08-03 15:15:00,91.916,91.98,91.895,91.899,448,14,0
2026-08-03 15:30:00,91.898,92.0,91.889,91.996,411,14,0
2026-08-03 15:45:00,91.994,92.105,91.994,92.09,507,14,0
2026-08-03 16:00:00,92.093,92.097,92.036,92.036,315,14,0
2026-08-03 16:15:00,92.039,92.064,91.889,92.036,639,14,0
2026-08-03 16:30:00,92.037,92.09,92.028,92.048,261,14,0
2026-08-03 16:45:00,92.046,92.055,92.023,92.029,207,14,0
2026-08-03 17:00:00,92.027,92.029,91.998,92.008,184,14,0
2026-08-03 17:15:00,92.01,92.034,92.004,92.02,129,14,0
2026-08-03 17:30:00,92.021,92.034,91.988,92.006,158,14,0
2026-08-03 17:45:00,92.007,92.03,91.997,92.023,147,14,0
2026-08-03 18:00:00,92.024,92.048,92.012,92.022,255,14,0
2026-08-03 18:15:00,92.02,92.03,91.978,92.002,266,14,0
2026-08-03 18:30:00,92.0,92.028,91.978,92.02,340,14,0
2026-08-03 18:45:00,92.022,92.059,91.969,91.998,472,14,0
2026-08-03 19:00:00,92.0,92.065,92.0,92.056,279,14,0
2026-08-03 19:15:00,92.057,92.086,92.055,92.07,100,14,0
2026-08-03 19:30:00,92.073,92.103,92.073,92.099,110,14,0
2026-08-03 19:45:00,92.101,92.135,92.099,92.132,136,14,0
2026-08-03 20:00:00,92.13,92.174,92.127,92.17,100,14,0
2026-08-03 20:15:00,92.172,92.271,92.083,92.253,337,14,0
2026-08-03 20:30:00,92.256,92.268,92.223,92.266,194,14,0
2026-08-03 20:45:00,92.267,92.3,92.249,92.253,195,14,0
2026-08-03 21:00:00,92.251,92.251,92.205,92.205,47,43,0
2026-08-03 21:15:00,92.204,92.235,92.201,92.214,48,55,0
2026-08-03 21:30:00,92.212,92.224,92.175,92.22,110,69,0
2026-08-03 21:45:00,92.223,92.234,92.219,92.233,80,66,0
2026-08-03 22:00:00,92.253,92.379,92.253,92.372,148,31,0
2026-08-03 22:15:00,92.361,92.393,92.361,92.361,90,28,0
2026-08-03 22:30:00,92.362,92.375,92.309,92.366,145,26,0
2026-08-03 22:45:00,92.366,92.373,92.351,92.351,86,24,0
2026-08-03 23:00:00,92.357,92.357,92.329,92.347,173,14,0
2026-08-03 23:15:00,92.345,92.348,92.301,92.345,107,14,0
2026-08-03 23:30:00,92.343,92.433,92.343,92.425,221,14,0
2026-08-03 23:45:00,92.426,92.506,92.408,92.408,403,14,0
2026-08-04 00:00:00,92.41,92.418,92.311,92.344,612,14,0
2026-08-04 00:15:00,92.345,92.36,92.273,92.336,423,14,0
2026-08-04 00:30:00,92.333,92.423,92.333,92.411,318,14,0
2026-08-04 00:45:00,92.412,92.422,92.352,92.395,634,14,0
2026-08-04 01:00:00,92.398,92.463,92.391,92.447,433,14,0
2026-08-04 01:15:00,92.446,92.448,92.408,92.447,243,14,0
2026-08-04 01:30:00,92.444,92.446,92.366,92.383,321,14,0
2026-08-04 01:45:00,92.384,92.473,92.369,92.469,280,14,0
2026-08-04 02:00:00,92.471,92.549,92.47,92.518,439,14,0
2026-08-04 02:15:00,92.52,92.538,92.494,92.516,254,14,0
2026-08-04 02:30:00,92.518,92.547,92.51,92.528,194,14,0
2026-08-04 02:45:00,92.527,92.574,92.507,92.507,193,14,0
2026-08-04 03:00:00,92.504,92.515,92.466,92.478,211,14,0
2026-08-04 03:15:00,92.477,92.488,92.443,92.479,229,14,0
2026-08-04 03:30:00,92.481,92.524,92.418,92.443,397,14,0
2026-08-04 03:45:00,92.444,92.505,92.437,92.491,164,14,0
2026-08-04 04:00:00,92.489,92.508,92.472,92.49,181,14,0
2026-08-04 04:15:00,92.488,92.511,92.468,92.468,125,14,0
2026-08-04 04:30:00,92.47,92.477,92.403,92.417,173,14,0
2026-08-04 04:45:00,92.416,92.46,92.409,92.442,145,14,0
2026-08-04 05:00:00,92.445,92.446,92.394,92.407,210,14,0
2026-08-04 05:15:00,92.406,92.443,92.394,92.427,174,14,0
2026-08-04 05:30:00,92.429,92.466,92.417,92.458,211,14,0
2026-08-04 05:45:00,92.457,92.492,92.448,92.489,251,14,0
2026-08-04 06:00:00,92.487,92.506,92.46,92.477,318,14,0
2026-08-04 06:15:00,92.476,92.497,92.429,92.497,346,14,0
2026-08-04 06:30:00,92.496,92.507,92.451,92.501,286,14,0
2026-08-04 06:45:00,92.503,92.537,92.459,92.491,270,14,0
2026-08-04 07:00:00,92.493,92.583,92.492,92.583,374,14,0
2026-08-04 07:15:00,92.586,92.586,92.532,92.55,343,14,0
2026-08-04 07:30:00,92.548,92.615,92.489,92.6,346,14,0
2026-08-04 07:45:00,92.603,92.643,92.592,92.633,250,14,0
2026-08-04 08:00:00,92.63,92.675,92.623,92.638,253,14,0
2026-08-04 08:15:00,92.636,92.659,92.597,92.625,228,14,0
2026-08-04 08:30:00,92.627,92.64,92.607,92.622,247,14,0
2026-08-04 08:45:00,92.624,92.643,92.596,92.634,215,14,0
2026-08-04 09:00:00,92.635,92.692,92.621,92.668,318,14,0
2026-08-04 09:15:00,92.667,92.717,92.645,92.716,283,14,0
2026-08-04 09:30:00,92.717,92.728,92.696,92.721,207,14,0
2026-08-04 09:45:00,92.722,92.77,92.698,92.73,231,14,0
2026-08-04 10:00:00,92.728,92.781,92.7,92.764,287,14,0
2026-08-04 10:15:00,92.765,92.766,92.728,92.744,228,14,0
2026-08-04 10:30:00,92.743,92.759,92.713,92.751,395,14,0
2026-08-04 10:45:00,92.748,92.81,92.748,92.784,438,14,0
2026-08-04 11:00:00,92.786,92.793,92.763,92.777,232,14,0
2026-08-04 11:15:00,92.779,92.795,92.756,92.767,268,14,0
2026-08-04 11:30:00,92.769,92.801,92.693,92.755,802,14,0
2026-08-04 11:45:00,92.758,92.76,92.607,92.65,1201,14,0
2026-08-04 12:00:00,92.649,92.668,92.592,92.627,683,14,0
2026-08-04 12:15:00,92.625,92.706,92.625,92.673,396,14,0
2026-08-04 12:30:00,92.675,92.724,92.656,92.711,383,14,0
2026-08-04 12:45:00,92.714,92.731,92.68,92.712,315,14,0
2026-08-04 13:00:00,92.709,92.709,92.644,92.686,347,14,0
2026-08-04 13:15:00,92.688,92.721,92.638,92.671,666,14,0
2026-08-04 13:30:00,92.67,92.678,92.579,92.609,721,14,0
2026-08-04 13:45:00,92.608,92.74,92.608,92.725,531,14,0
2026-08-04 14:00:00,92.698,92.759,92.687,92.724,508,14,0
2026-08-04 14:15:00,92.727,92.792,92.703,92.788,375,14,0
2026-08-04 14:30:00,92.786,92.79,92.766,92.776,484,14,0
2026-08-04 14:45:00,92.778,92.788,92.722,92.722,399,14,0
2026-08-04 15:00:00,92.723,92.747,92.665,92.665,321,14,0
2026-08-04 15:15:00,92.663,92.685,92.651,92.668,263,14,0
2026-08-04 15:30:00,92.669,92.678,92.613,92.613,398,14,0
2026-08-04 15:45:00,92.61,92.688,92.601,92.686,287,14,0
2026-08-04 16:00:00,92.688,92.729,92.687,92.715,184,14,0
2026-08-04 16:15:00,92.716,92.739,92.68,92.724,170,14,0
2026-08-04 16:30:00,92.722,92.78,92.718,92.78,180,14,0
2026-08-04 16:45:00,92.781,92.792,92.755,92.759,139,14,0
2026-08-04 17:00:00,92.76,92.796,92.748,92.793,193,14,0
2026-08-04 17:15:00,92.794,92.828,92.79,92.812,135,14,0
2026-08-04 17:30:00,92.814,92.85,92.813,92.849,112,14,0
2026-08-04 17:45:00,92.851,92.853,92.811,92.823,143,14,0
2026-08-04 18:00:00,92.824,92.849,92.814,92.826,159,14,0
2026-08-04 18:15:00,92.824,92.847,92.816,92.833,176,14,0
2026-08-04 18:30:00,92.835,92.853,92.82,92.85,129,14,0
2026-08-04 18:45:00,92.853,92.911,92.849,92.892,214,14,0
2026-08-04 19:00:00,92.89,92.959,92.886,92.958,252,14,0
2026-08-04 19:15:00,92.959,92.98,92.952,92.977,108,14,0
2026-08-04 19:30:00,92.976,92.987,92.955,92.982,124,14,0
2026-08-04 19:45:00,92.985,92.996,92.941,92.971,175,14,0
2026-08-04 20:00:00,92.973,92.991,92.959,92.991,127,14,0
2026-08-04 20:15:00,92.99,92.99,92.945,92.95,119,14,0
2026-08-04 20:30:00,92.952,92.97,92.948,92.968,75,14,0
2026-08-04 20:45:00,92.969,92.991,92.963,92.965,214,14,0
2026-08-04 21:00:00,92.963,92.963,92.908,92.908,35,43,0
2026-08-04 21:15:00,92.905,92.928,92.866,92.927,114,73,0
2026-08-04 21:30:00,92.929,92.944,92.879,92.881,98,50,0
2026-08-04 21:45:00,92.878,92.943,92.864,92.943,96,73,0
2026-08-04 22:00:00,92.95,92.961,92.92,92.948,99,29,0
2026-08-04 22:15:00,92.95,92.991,92.939,92.991,63,26,0
2026-08-04 22:30:00,92.994,93.001,92.945,92.962,92,25,0
2026-08-04 22:45:00,92.953,92.978,92.721,92.858,264,25,0
2026-08-04 23:00:00,92.864,92.864,92.734,92.755,332,14,0
2026-08-04 23:15:00,92.753,92.771,92.716,92.735,257,14,0
2026-08-04 23:30:00,92.738,92.758,92.656,92.672,238,14,0
2026-08-04 23:45:00,92.674,92.676,92.623,92.653,238,14,0
2026-08-05 00:00:00,92.655,92.725,92.648,92.682,465,14,0
2026-08-05 00:15:00,92.684,92.715,92.636,92.672,326,14,0
2026-08-05 00:30:00,92.674,92.705,92.602,92.688,326,14,0
2026-08-05 00:45:00,92.686,92.686,92.567,92.596,532,14,0
2026-08-05 01:00:00,92.594,92.606,92.568,92.58,392,14,0
2026-08-05 01:15:00,92.582,92.616,92.539,92.588,361,14,0
2026-08-05 01:30:00,92.59,92.592,92.515,92.518,305,14,0
2026-08-05 01:45:00,92.515,92.532,92.495,92.526,237,14,0
2026-08-05 02:00:00,92.528,92.549,92.441,92.441,420,14,0
2026-08-05 02:15:00,92.438,92.463,92.388,92.45,398,14,0
2026-08-05 02:30:00,92.451,92.486,92.424,92.458,474,14,0
2026-08-05 02:45:00,92.457,92.52,92.457,92.505,342,14,0
2026-08-05 03:00:00,92.503,92.555,92.499,92.547,276,14,0
2026-08-05 03:15:00,92.545,92.545,92.511,92.518,205,14,0
2026-08-05 03:30:00,92.517,92.545,92.512,92.515,210,14,0
2026-08-05 03:45:00,92.517,92.521,92.428,92.433,226,14,0
2026-08-05 04:00:00,92.435,92.481,92.432,92.48,208,14,0
2026-08-05 04:15:00,92.478,92.506,92.463,92.481,210,14,0
2026-08-05 04:30:00,92.484,92.537,92.484,92.528,191,14,0
2026-08-05 04:45:00,92.525,92.571,92.525,92.562,214,14,0
2026-08-05 05:00:00,92.564,92.564,92.529,92.545,185,14,0
2026-08-05 05:15:00,92.543,92.566,92.523,92.525,231,14,0
2026-08-05 05:30:00,92.527,92.576,92.527,92.539,200,14,0
2026-08-05 05:45:00,92.54,92.575,92.522,92.561,241,14,0
2026-08-05 06:00:00,92.563,92.595,92.553,92.575,296,14,0
2026-08-05 06:15:00,92.576,92.593,92.509,92.527,351,14,0
2026-08-05 06:30:00,92.528,92.545,92.459,92.542,492,14,0
2026-08-05 06:45:00,92.539,92.591,92.537,92.586,293,14,0
2026-08-05 07:00:00,92.584,92.594,92.512,92.525,443,14,0
2026-08-05 07:15:00,92.526,92.54,92.436,92.464,441,14,0
2026-08-05 07:30:00,92.465,92.489,92.446,92.462,273,14,0
2026-08-05 07:45:00,92.463,92.569,92.459,92.567,304,14,0
2026-08-05 08:00:00,92.57,92.594,92.535,92.548,321,14,0
2026-08-05 08:15:00,92.55,92.578,92.53,92.576,284,14,0
2026-08-05 08:30:00,92.579,92.585,92.527,92.538,276,14,0
2026-08-05 08:45:00,92.536,92.536,92.479,92.484,302,14,0
2026-08-05 09:00:00,92.482,92.544,92.471,92.522,296,14,0
2026-08-05 09:15:00,92.519,92.529,92.483,92.519,256,14,0
2026-08-05 09:30:00,92.521,92.53,92.479,92.492,253,14,0
2026-08-05 09:45:00,92.494,92.526,92.482,92.503,243,14,0
2026-08-05 10:00:00,92.5,92.514,92.467,92.491,248,14,0
2026-08-05 10:15:00,92.49,92.526,92.458,92.471,237,14,0
2026-08-05 10:30:00,92.469,92.487,92.451,92.484,207,14,0
2026-08-05 10:45:00,92.485,92.494,92.465,92.49,172,14,0
2026-08-05 11:00:00,92.488,92.513,92.475,92.49,288,14,0
2026-08-05 11:15:00,92.492,92.495,92.42,92.453,405,14,0
2026-08-05 11:30:00,92.452,92.493,92.452,92.469,308,14,0
2026-08-05 11:45:00,92.468,92.499,92.458,92.469,242,14,0
2026-08-05 12:00:00,92.472,92.523,92.468,92.477,337,14,0
2026-08-05 12:15:00,92.487,92.539,92.467,92.523,424,14,0
2026-08-05 12:30:00,92.525,92.547,92.502,92.519,350,14,0
2026-08-05 12:45:00,92.517,92.524,92.463,92.486,295,14,0
2026-08-05 13:00:00,92.49,92.53,92.485,92.522,369,14,0
2026-08-05 13:15:00,92.52,92.542,92.465,92.523,341,14,0
2026-08-05 13:30:00,92.52,92.527,92.458,92.507,719,14,0
2026-08-05 13:45:00,92.509,92.617,92.476,92.592,485,14,0
2026-08-05 14:00:00,92.589,92.623,92.551,92.586,838,14,0
2026-08-05 14:15:00,92.588,92.667,92.584,92.648,484,14,0
2026-08-05 14:30:00,92.65,92.664,92.634,92.648,350,14,0
2026-08-05 14:45:00,92.647,92.686,92.645,92.655,500,14,0
2026-08-05 15:00:00,92.652,92.705,92.616,92.701,413,14,0
2026-08-05 15:15:00,92.7,92.723,92.674,92.691,275,14,0
2026-08-05 15:30:00,92.693,92.704,92.677,92.699,227,14,0
2026-08-05 15:45:00,92.7,92.717,92.656,92.662,296,14,0
2026-08-05 16:00:00,92.663,92.68,92.646,92.68,270,14,0
2026-08-05 16:15:00,92.682,92.697,92.674,92.688,178,14,0
2026-08-05 16:30:00,92.69,92.707,92.682,92.696,146,14,0
2026-08-05 16:45:00,92.695,92.741,92.678,92.73,180,14,0
2026-08-05 17:00:00,92.731,92.757,92.72,92.753,169,14,0
2026-08-05 17:15:00,92.751,92.792,92.749,92.779,175,14,0
2026-08-05 17:30:00,92.777,92.822,92.764,92.819,143,14,0
2026-08-05 17:45:00,92.82,92.866,92.818,92.861,164,14,0
2026-08-05 18:00:00,92.86,92.88,92.857,92.86,170,14,0
2026-08-05 18:15:00,92.858,92.888,92.858,92.874,122,14,0
2026-08-05 18:30:00,92.876,92.878,92.851,92.86,132,14,0
2026-08-05 18:45:00,92.858,92.871,92.792,92.803,138,14,0
2026-08-05 19:00:00,92.802,92.881,92.772,92.863,145,14,0
2026-08-05 19:15:00,92.862,92.863,92.826,92.826,117,14,0
2026-08-05 19:30:00,92.828,92.84,92.819,92.826,129,14,0
2026-08-05 19:45:00,92.825,92.832,92.81,92.813,131,14,0
2026-08-05 20:00:00,92.815,92.837,92.805,92.837,125,14,0
2026-08-05 20:15:00,92.836,92.845,92.827,92.845,75,14,0
2026-08-05 20:30:00,92.848,92.855,92.839,92.841,61,14,0
2026-08-05 20:45:00,92.842,92.867,92.834,92.844,109,14,0
2026-08-05 21:00:00,92.846,92.846,92.815,92.834,53,43,0
2026-08-05 21:15:00,92.834,92.846,92.83,92.846,81,27,0
2026-08-05 21:30:00,92.847,92.852,92.834,92.845,79,21,0
2026-08-05 21:45:00,92.844,92.851,92.8,92.81,112,31,0
2026-08-05 22:00:00,92.808,92.827,92.774,92.786,100,25,0
2026-08-05 22:15:00,92.788,92.812,92.787,92.787,42,24,0
2026-08-05 22:30:00,92.79,92.826,92.781,92.824,61,24,0
2026-08-05 22:45:00,92.826,92.835,92.779,92.791,54,23,0
2026-08-05 23:00:00,92.795,92.808,92.791,92.808,79,14,0
2026-08-05 23:15:00,92.807,92.808,92.772,92.785,70,14,0
2026-08-05 23:30:00,92.782,92.782,92.749,92.749,93,14,0
2026-08-05 23:45:00,92.753,92.788,92.741,92.774,206,14,0
2026-08-06 00:00:00,92.777,92.824,92.768,92.778,284,14,0
2026-08-06 00:15:00,92.78,92.812,92.738,92.742,292,14,0
2026-08-06 00:30:00,92.74,92.765,92.733,92.743,233,14,0
2026-08-06 00:45:00,92.746,92.812,92.746,92.774,352,14,0
2026-08-06 01:00:00,92.776,92.794,92.733,92.787,368,14,0
2026-08-06 01:15:00,92.785,92.842,92.776,92.799,292,14,0
2026-08-06 01:30:00,92.801,92.815,92.766,92.812,286,14,0
2026-08-06 01:45:00,92.811,92.896,92.801,92.887,260,14,0
2026-08-06 02:00:00,92.885,92.917,92.871,92.879,231,14,0
2026-08-06 02:15:00,92.877,92.912,92.87,92.903,146,14,0
2026-08-06 02:30:00,92.9,92.912,92.88,92.898,162,14,0
2026-08-06 02:45:00,92.899,92.904,92.865,92.865,159,14,0
2026-08-06 03:00:00,92.863,92.892,92.857,92.862,158,14,0
2026-08-06 03:15:00,92.864,92.865,92.811,92.833,157,14,0
2026-08-06 03:30:00,92.834,92.842,92.804,92.804,146,14,0
2026-08-06 03:45:00,92.805,92.816,92.774,92.816,150,14,0
2026-08-06 04:00:00,92.817,92.817,92.801,92.803,95,14,0
2026-08-06 04:15:00,92.801,92.801,92.763,92.77,89,14,0
2026-08-06 04:30:00,92.771,92.792,92.743,92.748,104,14,0
2026-08-06 04:45:00,92.746,92.751,92.724,92.751,117,14,0
2026-08-06 05:00:00,92.749,92.758,92.701,92.708,125,14,0
2026-08-06 05:15:00,92.706,92.707,92.681,92.699,92,14,0
2026-08-06 05:30:00,92.697,92.747,92.686,92.73,157,14,0
2026-08-06 05:45:00,92.728,92.776,92.721,92.768,129,14,0
2026-08-06 06:00:00,92.766,92.784,92.722,92.729,190,14,0
2026-08-06 06:15:00,92.73,92.75,92.711,92.711,235,14,0
2026-08-06 06:30:00,92.712,92.723,92.64,92.654,228,14,0
2026-08-06 06:45:00,92.656,92.676,92.631,92.672,185,14,0
2026-08-06 07:00:00,92.675,92.689,92.629,92.682,244,14,0
2026-08-06 07:15:00,92.68,92.689,92.647,92.666,182,14,0
2026-08-06 07:30:00,92.668,92.708,92.658,92.698,252,14,0
2026-08-06 07:45:00,92.697,92.737,92.675,92.711,269,14,0
2026-08-06 08:00:00,92.71,92.757,92.68,92.753,262,14,0
2026-08-06 08:15:00,92.75,92.768,92.725,92.738,186,14,0
2026-08-06 08:30:00,92.741,92.777,92.74,92.745,206,14,0
2026-08-06 08:45:00,92.746,92.785,92.743,92.777,211,14,0
2026-08-06 09:00:00,92.774,92.781,92.739,92.779,187,14,0
2026-08-06 09:15:00,92.781,92.811,92.769,92.806,167,14,0
2026-08-06 09:30:00,92.805,92.822,92.77,92.77,161,14,0
2026-08-06 09:45:00,92.771,92.829,92.771,92.816,137,14,0
2026-08-06 10:00:00,92.814,92.825,92.785,92.785,180,14,0
2026-08-06 10:15:00,92.788,92.88,92.781,92.87,147,14,0
2026-08-06 10:30:00,92.873,92.873,92.826,92.834,148,14,0
2026-08-06 10:45:00,92.835,92.87,92.83,92.868,129,14,0
2026-08-06 11:00:00,92.871,92.892,92.842,92.883,210,14,0
2026-08-06 11:15:00,92.885,92.891,92.835,92.839,198,14,0
2026-08-06 11:30:00,92.842,92.86,92.816,92.82,171,14,0
2026-08-06 11:45:00,92.819,92.869,92.813,92.862,273,14,0
2026-08-06 12:00:00,92.864,92.879,92.85,92.853,245,14,0
2026-08-06 12:15:00,92.855,92.89,92.851,92.867,301,14,0
2026-08-06 12:30:00,92.868,92.901,92.859,92.864,259,14,0
2026-08-06 12:45:00,92.867,92.869,92.811,92.827,237,14,0
2026-08-06 13:00:00,92.828,92.855,92.782,92.796,331,14,0
2026-08-06 13:15:00,92.798,92.841,92.796,92.816,239,14,0
2026-08-06 13:30:00,92.818,92.836,92.782,92.83,408,14,0
2026-08-06 13:45:00,92.827,92.837,92.786,92.832,393,14,0
2026-08-06 14:00:00,92.833,93.025,92.833,92.969,1057,14,0
2026-08-06 14:15:00,92.967,93.027,92.944,93.024,526,14,0
2026-08-06 14:30:00,93.027,93.055,92.989,93.016,368,14,0
2026-08-06 14:45:00,93.018,93.031,92.956,92.991,399,14,0
2026-08-06 15:00:00,92.99,93.047,92.985,93.047,457,14,0
2026-08-06 15:15:00,93.045,93.055,92.993,93.024,409,14,0
2026-08-06 15:30:00,93.026,93.026,92.94,92.961,296,14,0
2026-08-06 15:45:00,92.964,92.997,92.92,92.932,337,14,0
2026-08-06 16:00:00,92.934,92.967,92.924,92.929,294,14,0
2026-08-06 16:15:00,92.927,92.936,92.794,92.928,753,14,0
2026-08-06 16:30:00,92.93,92.971,92.925,92.936,196,14,0
2026-08-06 16:45:00,92.939,93.002,92.937,92.996,169,14,0
2026-08-06 17:00:00,92.997,93.01,92.939,92.94,160,14,0
2026-08-06 17:15:00,92.939,92.966,92.935,92.952,157,14,0
2026-08-06 17:30:00,92.951,92.962,92.944,92.953,120,14,0
2026-08-06 17:45:00,92.954,92.981,92.938,92.976,172,14,0
2026-08-06 18:00:00,92.977,93.002,92.967,92.994,150,14,0
2026-08-06 18:15:00,92.996,93.012,92.986,92.994,142,14,0
2026-08-06 18:30:00,92.993,93.002,92.978,92.992,106,14,0
2026-08-06 18:45:00,92.993,92.998,92.964,92.964,141,14,0
2026-08-06 19:00:00,92.961,92.997,92.944,92.996,141,14,0
2026-08-06 19:15:00,92.994,93.007,92.975,92.996,227,14,0
2026-08-06 19:30:00,92.994,93.004,92.952,92.956,156,14,0
2026-08-06 19:45:00,92.959,92.998,92.959,92.98,199,14,0
2026-08-06 20:00:00,92.982,92.988,92.96,92.973,99,14,0
2026-08-06 20:15:00,92.971,92.995,92.967,92.991,109,14,0
2026-08-06 20:30:00,92.993,92.993,92.967,92.974,64,14,0
2026-08-06 20:45:00,92.977,92.989,92.96,92.977,159,14,0
2026-08-06 21:00:00,92.978,92.981,92.966,92.974,32,43,0
2026-08-06 21:15:00,92.973,92.983,92.968,92.982,94,43,0
2026-08-06 21:30:00,92.982,92.985,92.919,92.919,54,42,0
2026-08-06 21:45:00,92.917,92.938,92.9,92.938,51,61,0
2026-08-06 22:00:00,92.937,92.995,92.937,92.995,64,26,0
2026-08-06 22:15:00,92.994,92.994,92.973,92.975,34,24,0
2026-08-06 22:30:00,92.973,92.978,92.968,92.973,33,23,0
2026-08-06 22:45:00,92.969,92.98,92.964,92.968,38,23,0
2026-08-06 23:00:00,92.972,92.985,92.943,92.945,96,14,0
2026-08-06 23:15:00,92.947,92.964,92.93,92.96,52,14,0
2026-08-06 23:30:00,92.958,92.958,92.92,92.937,95,14,0
2026-08-06 23:45:00,92.936,92.952,92.934,92.949,88,14,0
2026-08-07 00:00:00,92.951,92.984,92.946,92.974,222,14,0
2026-08-07 00:15:00,92.976,92.983,92.947,92.957,234,14,0
2026-08-07 00:30:00,92.959,92.988,92.93,92.96,194,14,0
2026-08-07 00:45:00,92.963,92.998,92.936,92.993,326,14,0
2026-08-07 01:00:00,92.995,93.022,92.964,92.974,306,14,0
2026-08-07 01:15:00,92.971,92.971,92.914,92.951,264,14,0
2026-08-07 01:30:00,92.953,92.954,92.842,92.893,342,14,0
2026-08-07 01:45:00,92.894,92.91,92.871,92.893,177,14,0
2026-08-07 02:00:00,92.892,92.925,92.89,92.897,196,14,0
2026-08-07 02:15:00,92.895,92.926,92.892,92.904,134,14,0
2026-08-07 02:30:00,92.906,92.906,92.859,92.862,149,14,0
2026-08-07 02:45:00,92.86,92.891,92.851,92.866,134,14,0
2026-08-07 03:00:00,92.867,92.889,92.858,92.887,102,14,0
2026-08-07 03:15:00,92.888,92.904,92.875,92.875,90,14,0
2026-08-07 03:30:00,92.872,92.9,92.868,92.896,124,14,0
2026-08-07 03:45:00,92.898,92.915,92.874,92.894,153,14,0
2026-08-07 04:00:00,92.892,92.898,92.87,92.883,132,14,0
2026-08-07 04:15:00,92.885,92.904,92.875,92.903,111,14,0
2026-08-07 04:30:00,92.904,92.911,92.869,92.885,158,14,0
2026-08-07 04:45:00,92.886,92.894,92.871,92.873,108,14,0
2026-08-07 05:00:00,92.876,92.885,92.861,92.867,112,14,0
2026-08-07 05:15:00,92.868,92.876,92.852,92.857,98,14,0
2026-08-07 05:30:00,92.86,92.877,92.842,92.844,159,14,0
2026-08-07 05:45:00,92.843,92.869,92.837,92.838,121,14,0
2026-08-07 06:00:00,92.836,92.882,92.829,92.865,178,14,0
2026-08-07 06:15:00,92.863,92.879,92.847,92.871,175,14,0
2026-08-07 06:30:00,92.872,92.91,92.853,92.869,219,14,0
2026-08-07 06:45:00,92.871,92.894,92.864,92.891,166,14,0
2026-08-07 07:00:00,92.889,92.937,92.876,92.922,231,14,0
2026-08-07 07:15:00,92.924,92.946,92.919,92.933,174,14,0
2026-08-07 07:30:00,92.934,92.968,92.934,92.953,164,14,0
2026-08-07 07:45:00,92.954,93.005,92.95,92.97,168,14,0
2026-08-07 08:00:00,92.968,93.007,92.966,93.006,183,14,0
2026-08-07 08:15:00,93.008,93.017,92.962,92.963,134,14,0
2026-08-07 08:30:00,92.961,92.988,92.939,92.966,207,14,0
2026-08-07 08:45:00,92.969,92.992,92.951,92.983,183,14,0
2026-08-07 09:00:00,92.986,93.029,92.977,93.029,208,14,0
2026-08-07 09:15:00,93.03,93.066,93.016,93.038,147,14,0
2026-08-07 09:30:00,93.036,93.039,93.006,93.015,171,14,0
2026-08-07 09:45:00,93.016,93.034,93.008,93.024,178,14,0
2026-08-07 10:00:00,93.022,93.038,92.979,92.979,177,14,0
2026-08-07 10:15:00,92.977,92.998,92.971,92.977,153,14,0
2026-08-07 10:30:00,92.978,92.978,92.871,92.879,313,14,0
2026-08-07 10:45:00,92.88,92.89,92.856,92.863,193,14,0
2026-08-07 11:00:00,92.865,92.904,92.865,92.898,198,14,0
2026-08-07 11:15:00,92.899,92.916,92.889,92.902,175,14,0
2026-08-07 11:30:00,92.905,92.945,92.896,92.941,168,14,0
2026-08-07 11:45:00,92.939,92.952,92.921,92.95,153,14,0
2026-08-07 12:00:00,92.948,92.983,92.934,92.959,239,14,0
2026-08-07 12:15:00,92.957,92.991,92.889,92.921,495,14,0
2026-08-07 12:30:00,92.909,93.02,92.426,92.802,5127,14,0
2026-08-07 12:45:00,92.8,92.868,92.727,92.82,1357,14,0
2026-08-07 13:00:00,92.817,92.827,92.724,92.736,887,14,0
2026-08-07 13:15:00,92.739,92.759,92.71,92.722,602,14,0
2026-08-07 13:30:00,92.723,92.83,92.717,92.809,769,14,0
2026-08-07 13:45:00,92.807,92.839,92.785,92.812,582,14,0
2026-08-07 14:00:00,92.809,92.866,92.785,92.803,684,14,0
2026-08-07 14:15:00,92.802,92.965,92.801,92.946,558,14,0
2026-08-07 14:30:00,92.945,92.945,92.892,92.911,533,14,0
2026-08-07 14:45:00,92.908,92.952,92.891,92.92,597,14,0
2026-08-07 15:00:00,92.922,92.951,92.897,92.936,515,14,0
2026-08-07 15:15:00,92.934,92.947,92.865,92.865,473,14,0
2026-08-07 15:30:00,92.866,92.87,92.732,92.766,602,14,0
2026-08-07 15:45:00,92.763,92.819,92.74,92.797,467,14,0
2026-08-07 16:00:00,92.796,92.831,92.754,92.813,430,14,0
2026-08-07 16:15:00,92.812,92.817,92.705,92.732,566,14,0
2026-08-07 16:30:00,92.733,92.764,92.714,92.741,357,14,0
2026-08-07 16:45:00,92.742,92.769,92.727,92.762,292,14,0
2026-08-07 17:00:00,92.76,92.801,92.753,92.76,191,14,0
2026-08-07 17:15:00,92.758,92.78,92.755,92.769,170,14,0
2026-08-07 17:30:00,92.767,92.821,92.763,92.821,158,14,0
2026-08-07 17:45:00,92.82,92.83,92.812,92.823,99,14,0
2026-08-07 18:00:00,92.821,92.882,92.816,92.866,157,14,0
2026-08-07 18:15:00,92.867,92.88,92.839,92.866,182,14,0
2026-08-07 18:30:00,92.865,92.876,92.851,92.87,184,14,0
2026-08-07 18:45:00,92.868,92.891,92.862,92.877,148,14,0
2026-08-07 19:00:00,92.88,92.931,92.88,92.928,209,14,0
2026-08-07 19:15:00,92.929,92.964,92.927,92.942,247,14,0
2026-08-07 19:30:00,92.94,92.941,92.899,92.908,202,14,0
2026-08-07 19:45:00,92.906,92.912,92.872,92.898,226,14,0
2026-08-07 20:00:00,92.895,92.926,92.883,92.926,201,14,0
2026-08-07 20:15:00,92.927,92.977,92.922,92.929,247,14,0
2026-08-07 20:30:00,92.931,93.004,92.922,92.959,240,14,0
2026-08-07 20:45:00,92.956,93.038,92.942,92.988,983,14,0
2026-08-09 21:15:00,92.903,92.917,92.778,92.824,13,100,0
2026-08-09 21:30:00,92.824,92.883,92.781,92.843,180,76,0
2026-08-09 21:45:00,92.845,92.955,92.806,92.951,132,62,0
2026-08-09 22:00:00,92.919,93.009,92.899,92.996,125,45,0
2026-08-09 22:15:00,92.996,93.004,92.989,93.003,50,40,0
2026-08-09 22:30:00,93.005,93.056,92.998,93.051,74,38,0
2026-08-09 22:45:00,93.052,93.052,93.008,93.016,68,36,0
2026-08-09 23:00:00,93.027,93.042,93.005,93.013,127,14,0
2026-08-09 23:15:00,93.012,93.028,92.986,92.986,82,14,0
2026-08-09 23:30:00,92.988,92.996,92.956,92.992,133,14,0
2026-08-09 23:45:00,92.995,92.995,92.944,92.953,144,14,0
2026-08-10 00:00:00,92.956,92.979,92.945,92.959,357,14,0
2026-08-10 00:15:00,92.956,92.972,92.923,92.931,257,14,0
2026-08-10 00:30:00,92.933,92.954,92.907,92.914,202,14,0
2026-08-10 00:45:00,92.912,92.953,92.9,92.943,329,14,0
2026-08-10 01:00:00,92.945,93.02,92.939,93.007,395,14,0
2026-08-10 01:15:00,93.008,93.093,93.0,93.077,310,14,0
2026-08-10 01:30:00,93.078,93.095,93.039,93.093,281,14,0
2026-08-10 01:45:00,93.095,93.14,93.084,93.128,325,14,0
2026-08-10 02:00:00,93.13,93.137,93.097,93.129,202,14,0
2026-08-10 02:15:00,93.131,93.133,93.092,93.095,123,14,0
2026-08-10 02:30:00,93.097,93.112,93.072,93.09,116,14,0
2026-08-10 02:45:00,93.091,93.094,93.064,93.069,103,14,0
2026-08-10 03:00:00,93.068,93.076,93.005,93.024,174,14,0
2026-08-10 03:15:00,93.023,93.07,93.011,93.065,177,14,0
2026-08-10 03:30:00,93.066,93.118,93.053,93.104,175,14,0
2026-08-10 03:45:00,93.106,93.127,93.086,93.088,116,14,0
2026-08-10 04:00:00,93.09,93.125,93.089,93.115,157,14,0
2026-08-10 04:15:00,93.113,93.142,93.113,93.135,119,14,0
2026-08-10 04:30:00,93.134,93.141,93.111,93.141,106,14,0
2026-08-10 04:45:00,93.142,93.208,93.138,93.203,154,14,0
2026-08-10 05:00:00,93.202,93.244,93.199,93.244,214,14,0
2026-08-10 05:15:00,93.243,93.249,93.214,93.22,112,14,0
2026-08-10 05:30:00,93.223,93.251,93.219,93.243,194,14,0
2026-08-10 05:45:00,93.244,93.269,93.229,93.269,205,14,0
2026-08-10 06:00:00,93.268,93.315,93.248,93.306,268,14,0
2026-08-10 06:15:00,93.303,93.323,93.282,93.303,233,14,0
2026-08-10 06:30:00,93.302,93.304,93.251,93.258,205,14,0
2026-08-10 06:45:00,93.259,93.266,93.234,93.266,212,14,0
2026-08-10 07:00:00,93.267,93.315,93.253,93.298,274,14,0
2026-08-10 07:15:00,93.297,93.358,93.296,93.354,236,14,0
2026-08-10 07:30:00,93.356,93.431,93.356,93.416,276,14,0
2026-08-10 07:45:00,93.418,93.438,93.405,93.43,293,14,0
2026-08-10 08:00:00,93.432,93.437,93.392,93.436,297,14,0
2026-08-10 08:15:00,93.433,93.462,93.424,93.454,146,14,0
2026-08-10 08:30:00,93.457,93.488,93.449,93.467,312,14,0
2026-08-10 08:45:00,93.469,93.549,93.467,93.531,227,14,0
2026-08-10 09:00:00,93.533,93.585,93.533,93.571,234,14,0
2026-08-10 09:15:00,93.57,93.603,93.563,93.602,147,14,0
2026-08-10 09:30:00,93.604,93.612,93.579,93.61,225,14,0
2026-08-10 09:45:00,93.608,93.644,93.603,93.613,263,14,0
2026-08-10 10:00:00,93.61,93.653,93.597,93.623,245,14,0
2026-08-10 10:15:00,93.621,93.643,93.589,93.617,377,14,0
2026-08-10 10:30:00,93.618,93.623,93.567,93.576,291,14,0
2026-08-10 10:45:00,93.577,93.591,93.56,93.57,196,14,0
2026-08-10 11:00:00,93.568,93.609,93.548,93.549,248,14,0
2026-08-10 11:15:00,93.547,93.556,93.523,93.539,202,14,0
2026-08-10 11:30:00,93.54,93.557,93.526,93.536,191,14,0
2026-08-10 11:45:00,93.535,93.557,93.533,93.544,197,14,0
2026-08-10 12:00:00,93.54,93.545,93.317,93.45,1420,14,0
2026-08-10 12:15:00,93.448,93.458,93.414,93.437,323,14,0
2026-08-10 12:30:00,93.436,93.463,93.423,93.456,280,14,0
2026-08-10 12:45:00,93.453,93.521,93.452,93.518,264,14,0
2026-08-10 13:00:00,93.52,93.557,93.515,93.545,314,14,0
2026-08-10 13:15:00,93.546,93.566,93.516,93.554,246,14,0
2026-08-10 13:30:00,93.556,93.558,93.513,93.516,354,14,0
2026-08-10 13:45:00,93.515,93.532,93.453,93.521,635,14,0
2026-08-10 14:00:00,93.519,93.559,93.508,93.556,407,14,0
2026-08-10 14:15:00,93.558,93.603,93.52,93.593,393,14,0
2026-08-10 14:30:00,93.591,93.642,93.588,93.615,289,14,0
2026-08-10 14:45:00,93.613,93.629,93.574,93.581,377,14,0
2026-08-10 15:00:00,93.578,93.639,93.545,93.618,387,14,0
2026-08-10 15:15:00,93.615,93.624,93.593,93.611,273,14,0
2026-08-10 15:30:00,93.61,93.613,93.577,93.603,200,14,0
2026-08-10 15:45:00,93.604,93.613,93.581,93.583,194,14,0
2026-08-10 16:00:00,93.585,93.602,93.581,93.596,147,14,0
2026-08-10 16:15:00,93.597,93.599,93.574,93.597,117,14,0
2026-08-10 16:30:00,93.598,93.606,93.556,93.568,342,14,0
2026-08-10 16:45:00,93.57,93.605,93.563,93.602,181,14,0
2026-08-10 17:00:00,93.603,93.648,93.597,93.622,217,14,0
2026-08-10 17:15:00,93.623,93.629,93.599,93.599,156,14,0
2026-08-10 17:30:00,93.6,93.624,93.589,93.598,104,14,0
2026-08-10 17:45:00,93.597,93.611,93.592,93.609,120,14,0
2026-08-10 18:00:00,93.608,93.621,93.597,93.618,91,14,0
2026-08-10 18:15:00,93.621,93.634,93.621,93.621,87,14,0
2026-08-10 18:30:00,93.619,93.653,93.598,93.648,202,14,0
2026-08-10 18:45:00,93.645,93.726,93.638,93.669,387,14,0
2026-08-10 19:00:00,93.666,93.673,93.651,93.665,121,14,0
2026-08-10 19:15:00,93.664,93.685,93.659,93.684,101,14,0
2026-08-10 19:30:00,93.686,93.739,93.678,93.713,168,14,0
2026-08-10 19:45:00,93.712,93.724,93.684,93.698,110,14,0
2026-08-10 20:00:00,93.696,93.71,93.692,93.707,87,14,0
2026-08-10 20:15:00,93.708,93.716,93.696,93.713,59,14,0
2026-08-10 20:30:00,93.711,93.713,93.689,93.691,44,14,0
2026-08-10 20:45:00,93.688,93.694,93.68,93.681,55,14,0
2026-08-10 21:00:00,93.68,93.69,93.674,93.674,20,43,0
2026-08-10 21:15:00,93.672,93.672,93.598,93.608,112,59,0
2026-08-10 21:30:00,93.611,93.653,93.601,93.653,71,62,0
2026-08-10 21:45:00,93.652,93.666,93.647,93.663,49,45,0
2026-08-10 22:00:00,93.663,93.715,93.646,93.7,116,31,0
2026-08-10 22:15:00,93.701,93.701,93.658,93.677,63,28,0
2026-08-10 22:30:00,93.678,93.691,93.67,93.671,72,26,0
2026-08-10 22:45:00,93.672,93.687,93.664,93.681,43,26,0
2026-08-10 23:00:00,93.685,93.698,93.682,93.683,66,14,0
2026-08-10 23:15:00,93.686,93.688,93.67,93.682,72,14,0
2026-08-10 23:30:00,93.683,93.712,93.677,93.71,74,14,0
2026-08-10 23:45:00,93.711,93.717,93.658,93.694,242,14,0
2026-08-11 00:00:00,93.692,93.709,93.676,93.696,261,14,0
2026-08-11 00:15:00,93.699,93.728,93.697,93.727,202,14,0
2026-08-11 00:30:00,93.726,93.726,93.571,93.607,421,14,0
2026-08-11 00:45:00,93.609,93.657,93.6,93.65,280,14,0
2026-08-11 01:00:00,93.647,93.647,93.59,93.647,224,14,0
2026-08-11 01:15:00,93.649,93.675,93.635,93.663,214,14,0
2026-08-11 01:30:00,93.662,93.683,93.643,93.656,169,14,0
2026-08-11 01:45:00,93.654,93.714,93.654,93.688,176,14,0
2026-08-11 02:00:00,93.691,93.743,93.667,93.738,226,14,0
2026-08-11 02:15:00,93.739,93.744,93.694,93.714,219,14,0
2026-08-11 02:30:00,93.716,93.753,93.712,93.721,151,14,0
2026-08-11 02:45:00,93.72,93.72,93.681,93.688,153,14,0
2026-08-11 03:00:00,93.687,93.711,93.672,93.705,158,14,0
2026-08-11 03:15:00,93.703,93.711,93.693,93.695,130,14,0
2026-08-11 03:30:00,93.693,93.699,93.681,93.694,95,14,0
2026-08-11 03:45:00,93.693,93.696,93.674,93.682,86,14,0
2026-08-11 04:00:00,93.683,93.685,93.666,93.675,120,14,0
2026-08-11 04:15:00,93.676,93.7,93.668,93.7,98,14,0
2026-08-11 04:30:00,93.699,93.815,93.681,93.74,495,14,0
2026-08-11 04:45:00,93.739,93.806,93.739,93.803,249,14,0
2026-08-11 05:00:00,93.805,93.81,93.747,93.765,186,14,0
2026-08-11 05:15:00,93.763,93.783,93.749,93.78,186,14,0
2026-08-11 05:30:00,93.777,93.829,93.744,93.765,325,14,0
2026-08-11 05:45:00,93.768,93.782,93.657,93.738,340,14,0
2026-08-11 06:00:00,93.736,93.753,93.714,93.716,307,14,0
2026-08-11 06:15:00,93.719,93.722,93.579,93.622,346,14,0
2026-08-11 06:30:00,93.621,93.645,93.556,93.564,326,14,0
2026-08-11 06:45:00,93.566,93.566,93.492,93.532,306,14,0
2026-08-11 07:00:00,93.535,93.633,93.535,93.626,358,14,0
2026-08-11 07:15:00,93.624,93.636,93.574,93.58,229,14,0
2026-08-11 07:30:00,93.583,93.615,93.528,93.529,255,14,0
2026-08-11 07:45:00,93.532,93.553,93.511,93.525,224,14,0
2026-08-11 08:00:00,93.524,93.541,93.505,93.521,219,14,0
2026-08-11 08:15:00,93.523,93.534,93.505,93.52,153,14,0
2026-08-11 08:30:00,93.523,93.562,93.504,93.545,154,14,0
2026-08-11 08:45:00,93.547,93.577,93.534,93.572,193,14,0
2026-08-11 09:00:00,93.574,93.582,93.544,93.545,201,14,0
2026-08-11 09:15:00,93.547,93.582,93.543,93.546,157,14,0
2026-08-11 09:30:00,93.545,93.564,93.537,93.561,193,14,0
2026-08-11 09:45:00,93.559,93.576,93.552,93.567,121,14,0
2026-08-11 10:00:00,93.563,93.623,93.551,93.621,174,14,0
2026-08-11 10:15:00,93.622,93.63,93.592,93.626,323,14,0
2026-08-11 10:30:00,93.625,93.631,93.594,93.607,223,14,0
2026-08-11 10:45:00,93.609,93.615,93.58,93.596,185,14,0
2026-08-11 11:00:00,93.594,93.651,93.584,93.6,732,14,0
2026-08-11 11:15:00,93.602,93.616,93.583,93.604,236,14,0
2026-08-11 11:30:00,93.606,93.611,93.572,93.578,201,14,0
2026-08-11 11:45:00,93.58,93.585,93.549,93.571,176,14,0
2026-08-11 12:00:00,93.574,93.614,93.569,93.608,301,14,0
2026-08-11 12:15:00,93.606,93.666,93.601,93.658,364,14,0
2026-08-11 12:30:00,93.657,93.687,93.639,93.674,260,14,0
2026-08-11 12:45:00,93.677,93.707,93.668,93.687,188,14,0
2026-08-11 13:00:00,93.689,93.705,93.667,93.69,279,14,0
2026-08-11 13:15:00,93.689,93.73,93.686,93.719,266,14,0
2026-08-11 13:30:00,93.716,93.719,93.675,93.713,315,14,0
2026-08-11 13:45:00,93.711,93.729,93.663,93.703,312,14,0
2026-08-11 14:00:00,93.706,93.721,93.685,93.696,259,14,0
2026-08-11 14:15:00,93.695,93.711,93.666,93.67,224,14,0
2026-08-11 14:30:00,93.672,93.682,93.653,93.67,202,14,0
2026-08-11 14:45:00,93.671,93.698,93.651,93.66,229,14,0
2026-08-11 15:00:00,93.662,93.662,93.597,93.598,223,14,0
2026-08-11 15:15:00,93.597,93.654,93.588,93.641,203,14,0
2026-08-11 15:30:00,93.643,93.661,93.62,93.637,307,14,0
2026-08-11 15:45:00,93.635,93.645,93.625,93.642,184,14,0
2026-08-11 16:00:00,93.641,93.641,93.618,93.62,136,14,0
2026-08-11 16:15:00,93.623,93.649,93.613,93.643,145,14,0
2026-08-11 16:30:00,93.641,93.669,93.637,93.65,112,14,0
2026-08-11 16:45:00,93.648,93.682,93.648,93.681,88,14,0
2026-08-11 17:00:00,93.683,93.703,93.667,93.671,142,14,0
2026-08-11 17:15:00,93.668,93.693,93.666,93.673,101,14,0
2026-08-11 17:30:00,93.674,93.686,93.67,93.676,95,14,0
2026-08-11 17:45:00,93.674,93.699,93.673,93.685,95,14,0
2026-08-11 18:00:00,93.684,93.687,93.672,93.68,91,14,0
2026-08-11 18:15:00,93.679,93.679,93.63,93.631,143,14,0
2026-08-11 18:30:00,93.633,93.648,93.627,93.631,116,14,0
2026-08-11 18:45:00,93.632,93.639,93.62,93.631,105,14,0
2026-08-11 19:00:00,93.629,93.633,93.614,93.627,97,14,0
2026-08-11 19:15:00,93.624,93.65,93.622,93.65,79,14,0
2026-08-11 19:30:00,93.647,93.648,93.632,93.644,87,14,0
2026-08-11 19:45:00,93.643,93.669,93.634,93.655,109,14,0
2026-08-11 20:00:00,93.658,93.673,93.655,93.663,63,14,0
2026-08-11 20:15:00,93.661,93.661,93.649,93.655,30,14,0
2026-08-11 20:30:00,93.656,93.694,93.656,93.687,54,14,0
2026-08-11 20:45:00,93.685,93.689,93.622,93.653,106,14,0
2026-08-11 21:00:00,93.652,93.654,93.646,93.646,24,43,0
2026-08-11 21:15:00,93.644,93.644,93.576,93.619,118,43,0
2026-08-11 21:30:00,93.619,93.641,93.614,93.614,75,106,0
2026-08-11 21:45:00,93.612,93.623,93.538,93.623,120,83,0
2026-08-11 22:00:00,93.66,93.675,93.644,93.667,64,27,0
2026-08-11 22:15:00,93.668,93.689,93.663,93.687,41,25,0
2026-08-11 22:30:00,93.685,93.685,93.666,93.669,53,24,0
2026-08-11 22:45:00,93.667,93.681,93.667,93.681,39,24,0
2026-08-11 23:00:00,93.686,93.686,93.665,93.674,58,14,0
2026-08-11 23:15:00,93.672,93.68,93.643,93.643,51,14,0
2026-08-11 23:30:00,93.644,93.659,93.63,93.63,59,14,0
2026-08-11 23:45:00,93.629,93.646,93.628,93.634,83,14,0
2026-08-12 00:00:00,93.637,93.643,93.587,93.601,201,14,0
2026-08-12 00:15:00,93.599,93.616,93.566,93.59,189,14,0
2026-08-12 00:30:00,93.589,93.621,93.581,93.608,165,14,0
2026-08-12 00:45:00,93.609,93.643,93.581,93.629,321,14,0
2026-08-12 01:00:00,93.628,93.636,93.598,93.619,189,14,0
2026-08-12 01:15:00,93.617,93.629,93.581,93.603,186,14,0
2026-08-12 01:30:00,93.6,93.605,93.545,93.56,120,14,0
2026-08-12 01:45:00,93.559,93.562,93.538,93.562,150,14,0
2026-08-12 02:00:00,93.56,93.564,93.524,93.544,164,14,0
2026-08-12 02:15:00,93.545,93.575,93.533,93.551,168,14,0
2026-08-12 02:30:00,93.552,93.569,93.543,93.562,155,14,0
2026-08-12 02:45:00,93.564,93.571,93.545,93.557,134,14,0
2026-08-12 03:00:00,93.561,93.574,93.552,93.569,107,14,0
2026-08-12 03:15:00,93.567,93.594,93.56,93.579,78,14,0
2026-08-12 03:30:00,93.578,93.578,93.534,93.538,97,14,0
2026-08-12 03:45:00,93.539,93.541,93.513,93.535,87,14,0
2026-08-12 04:00:00,93.533,93.535,93.515,93.532,99,14,0
2026-08-12 04:15:00,93.534,93.552,93.524,93.543,97,14,0
2026-08-12 04:30:00,93.545,93.55,93.509,93.521,92,14,0
2026-08-12 04:45:00,93.524,93.545,93.524,93.54,76,14,0
2026-08-12 05:00:00,93.539,93.539,93.502,93.502,81,14,0
2026-08-12 05:15:00,93.501,93.519,93.491,93.519,86,14,0
2026-08-12 05:30:00,93.52,93.52,93.477,93.507,176,14,0
2026-08-12 05:45:00,93.505,93.543,93.493,93.541,108,14,0
2026-08-12 06:00:00,93.538,93.538,93.511,93.52,182,14,0
2026-08-12 06:15:00,93.519,93.519,93.478,93.485,182,14,0
2026-08-12 06:30:00,93.484,93.51,93.468,93.484,201,14,0
2026-08-12 06:45:00,93.487,93.507,93.472,93.492,164,14,0
2026-08-12 07:00:00,93.494,93.523,93.475,93.511,210,14,0
2026-08-12 07:15:00,93.513,93.537,93.482,93.49,172,14,0
2026-08-12 07:30:00,93.488,93.49,93.421,93.44,202,14,0
2026-08-12 07:45:00,93.439,93.442,93.399,93.415,131,14,0
2026-08-12 08:00:00,93.417,93.434,93.381,93.392,174,14,0
2026-08-12 08:15:00,93.391,93.427,93.377,93.418,169,14,0
2026-08-12 08:30:00,93.415,93.415,93.368,93.393,188,14,0
2026-08-12 08:45:00,93.392,93.404,93.361,93.371,171,14,0
2026-08-12 09:00:00,93.374,93.407,93.37,93.39,193,14,0
2026-08-12 09:15:00,93.389,93.395,93.134,93.3,1856,14,0
2026-08-12 09:30:00,93.302,93.331,93.24,93.24,524,14,0
2026-08-12 09:45:00,93.239,93.266,93.187,93.203,566,14,0
2026-08-12 10:00:00,93.202,93.274,93.195,93.248,385,14,0
2026-08-12 10:15:00,93.246,93.3,93.239,93.285,284,14,0
2026-08-12 10:30:00,93.283,93.299,93.256,93.261,192,14,0
2026-08-12 10:45:00,93.263,93.292,93.25,93.272,396,14,0
2026-08-12 11:00:00,93.271,93.289,93.254,93.254,189,14,0
2026-08-12 11:15:00,93.255,93.303,93.253,93.293,179,14,0
2026-08-12 11:30:00,93.295,93.316,93.29,93.31,189,14,0
2026-08-12 11:45:00,93.311,93.342,93.292,93.341,177,14,0
2026-08-12 12:00:00,93.339,93.347,93.291,93.313,346,14,0
2026-08-12 12:15:00,93.316,93.383,93.299,93.327,613,14,0
2026-08-12 12:30:00,93.353,93.431,93.158,93.394,2243,14,0
2026-08-12 12:45:00,93.397,93.422,93.377,93.407,873,14,0
2026-08-12 13:00:00,93.409,93.458,93.383,93.392,838,14,0
2026-08-12 13:15:00,93.389,93.418,93.367,93.4,503,14,0
2026-08-12 13:30:00,93.402,93.459,93.399,93.442,622,14,0
2026-08-12 13:45:00,93.444,93.464,93.421,93.446,497,14,0
2026-08-12 14:00:00,93.449,93.502,93.445,93.476,516,14,0
2026-08-12 14:15:00,93.474,93.516,93.467,93.474,375,14,0
2026-08-12 14:30:00,93.472,93.472,93.416,93.428,529,14,0
2026-08-12 14:45:00,93.425,93.439,93.367,93.4,458,14,0
2026-08-12 15:00:00,93.399,93.446,93.362,93.437,388,14,0
2026-08-12 15:15:00,93.438,93.448,93.414,93.416,254,14,0
2026-08-12 15:30:00,93.413,93.422,93.38,93.389,228,14,0
2026-08-12 15:45:00,93.39,93.391,93.358,93.385,193,14,0
2026-08-12 16:00:00,93.386,93.392,93.356,93.361,197,14,0
2026-08-12 16:15:00,93.363,93.385,93.35,93.361,170,14,0
2026-08-12 16:30:00,93.363,93.369,93.343,93.362,166,14,0
2026-08-12 16:45:00,93.365,93.365,93.326,93.348,216,14,0
2026-08-12 17:00:00,93.35,93.377,93.347,93.371,169,14,0
2026-08-12 17:15:00,93.372,93.385,93.367,93.375,127,14,0
2026-08-12 17:30:00,93.377,93.404,93.373,93.393,153,14,0
2026-08-12 17:45:00,93.395,93.414,93.381,93.388,150,14,0
2026-08-12 18:00:00,93.386,93.424,93.383,93.419,142,14,0
2026-08-12 18:15:00,93.421,93.431,93.407,93.407,105,14,0
2026-08-12 18:30:00,93.405,93.408,93.392,93.404,89,14,0
2026-08-12 18:45:00,93.401,93.412,93.341,93.349,88,14,0
2026-08-12 19:00:00,93.347,93.407,93.324,93.401,93,14,0
2026-08-12 19:15:00,93.4,93.404,93.391,93.404,68,14,0
2026-08-12 19:30:00,93.402,93.406,93.373,93.384,76,14,0
2026-08-12 19:45:00,93.385,93.403,93.354,93.399,149,14,0
2026-08-12 20:00:00,93.397,93.407,93.38,93.389,77,14,0
2026-08-12 20:15:00,93.386,93.4,93.386,93.393,54,14,0
2026-08-12 20:30:00,93.395,93.401,93.371,93.375,73,14,0
2026-08-12 20:45:00,93.378,93.387,93.354,93.355,103,14,0
2026-08-12 21:00:00,93.354,93.365,93.352,93.362,39,43,0
2026-08-12 21:15:00,93.363,93.365,93.352,93.361,48,48,0
2026-08-12 21:30:00,93.36,93.363,93.346,93.363,53,66,0
2026-08-12 21:45:00,93.362,93.373,93.36,93.372,61,63,0
2026-08-12 22:00:00,93.363,93.393,93.355,93.368,52,30,0
2026-08-12 22:15:00,93.367,93.369,93.354,93.365,45,27,0
2026-08-12 22:30:00,93.366,93.373,93.363,93.366,29,25,0
2026-08-12 22:45:00,93.366,93.394,93.364,93.389,42,24,0
2026-08-12 23:00:00,93.394,93.394,93.377,93.382,60,14,0
2026-08-12 23:15:00,93.381,93.381,93.356,93.364,48,14,0
2026-08-12 23:30:00,93.362,93.374,93.353,93.358,60,14,0
2026-08-12 23:45:00,93.357,93.371,93.343,93.369,122,14,0
2026-08-13 00:00:00,93.372,93.379,93.334,93.377,242,14,0
2026-08-13 00:15:00,93.379,93.398,93.362,93.372,197,14,0
2026-08-13 00:30:00,93.374,93.406,93.352,93.359,184,14,0
2026-08-13 00:45:00,93.36,93.36,93.32,93.353,278,14,0
2026-08-13 01:00:00,93.352,93.364,93.323,93.325,225,14,0
2026-08-13 01:15:00,93.326,93.342,93.304,93.329,200,14,0
2026-08-13 01:30:00,93.33,93.351,93.297,93.305,197,14,0
2026-08-13 01:45:00,93.307,93.31,93.267,93.299,203,14,0
2026-08-13 02:00:00,93.296,93.319,93.272,93.272,187,14,0
2026-08-13 02:15:00,93.273,93.31,93.273,93.296,188,14,0
2026-08-13 02:30:00,93.298,93.303,93.247,93.248,217,14,0
2026-08-13 02:45:00,93.246,93.265,93.229,93.23,157,14,0
2026-08-13 03:00:00,93.231,93.239,93.006,93.03,593,14,0
2026-08-13 03:15:00,93.029,93.048,92.986,93.029,341,14,0
2026-08-13 03:30:00,93.031,93.047,92.98,92.985,184,14,0
2026-08-13 03:45:00,92.982,93.015,92.964,92.964,159,14,0
2026-08-13 04:00:00,92.963,92.996,92.96,92.971,189,14,0
2026-08-13 04:15:00,92.973,92.974,92.915,92.931,160,14,0
2026-08-13 04:30:00,92.93,92.948,92.896,92.927,150,14,0
2026-08-13 04:45:00,92.924,92.924,92.813,92.864,1050,14,0
2026-08-13 05:00:00,92.861,92.934,92.861,92.933,300,14,0
2026-08-13 05:15:00,92.931,92.954,92.896,92.951,177,14,0
2026-08-13 05:30:00,92.95,92.965,92.911,92.911,152,14,0
2026-08-13 05:45:00,92.908,92.927,92.863,92.904,225,14,0
2026-08-13 06:00:00,92.905,92.967,92.898,92.91,315,14,0
2026-08-13 06:15:00,92.909,92.919,92.884,92.887,256,14,0
2026-08-13 06:30:00,92.885,92.913,92.81,92.907,375,14,0
2026-08-13 06:45:00,92.905,92.934,92.899,92.932,226,14,0
2026-08-13 07:00:00,92.934,92.957,92.918,92.941,226,14,0
2026-08-13 07:15:00,92.939,92.946,92.908,92.923,211,14,0
2026-08-13 07:30:00,92.922,92.959,92.891,92.959,244,14,0
2026-08-13 07:45:00,92.957,92.989,92.939,92.977,268,14,0
2026-08-13 08:00:00,92.974,92.984,92.935,92.967,301,14,0
2026-08-13 08:15:00,92.97,92.973,92.937,92.968,175,14,0
2026-08-13 08:30:00,92.97,93.029,92.968,93.025,181,14,0
2026-08-13 08:45:00,93.023,93.023,92.976,92.986,121,14,0
2026-08-13 09:00:00,92.989,93.028,92.987,93.026,185,14,0
2026-08-13 09:15:00,93.027,93.073,93.016,93.065,184,14,0
2026-08-13 09:30:00,93.068,93.1,93.051,93.085,177,14,0
2026-08-13 09:45:00,93.084,93.105,93.068,93.102,153,14,0
2026-08-13 10:00:00,93.103,93.135,93.086,93.119,183,14,0
2026-08-13 10:15:00,93.123,93.136,93.099,93.13,157,14,0
2026-08-13 10:30:00,93.129,93.137,93.108,93.111,147,14,0
2026-08-13 10:45:00,93.11,93.12,93.088,93.11,124,14,0
2026-08-13 11:00:00,93.111,93.118,93.065,93.091,206,14,0
2026-08-13 11:15:00,93.092,93.093,93.068,93.092,168,14,0
2026-08-13 11:30:00,93.09,93.12,93.09,93.1,171,14,0
2026-08-13 11:45:00,93.099,93.137,93.095,93.117,143,14,0
2026-08-13 12:00:00,93.115,93.12,93.087,93.104,233,14,0
2026-08-13 12:15:00,93.105,93.122,93.08,93.122,222,14,0
2026-08-13 12:30:00,93.104,93.17,93.068,93.117,681,14,0
2026-08-13 12:45:00,93.119,93.191,93.111,93.183,469,14,0
2026-08-13 13:00:00,93.185,93.192,93.14,93.165,487,14,0
2026-08-13 13:15:00,93.163,93.168,93.137,93.137,281,14,0
2026-08-13 13:30:00,93.139,93.167,93.103,93.145,372,14,0
2026-08-13 13:45:00,93.142,93.145,93.085,93.087,441,14,0
2026-08-13 14:00:00,93.089,93.161,93.046,93.103,719,14,0
2026-08-13 14:15:00,93.102,93.139,93.088,93.132,456,14,0
2026-08-13 14:30:00,93.13,93.154,93.1,93.145,397,14,0
2026-08-13 14:45:00,93.143,93.22,93.137,93.19,393,14,0
2026-08-13 15:00:00,93.187,93.212,93.184,93.195,370,14,0
2026-08-13 15:15:00,93.196,93.215,93.162,93.191,343,14,0
2026-08-13 15:30:00,93.189,93.205,93.164,93.182,328,14,0
2026-08-13 15:45:00,93.185,93.185,93.162,93.165,209,14,0
2026-08-13 16:00:00,93.164,93.188,93.164,93.182,182,14,0
2026-08-13 16:15:00,93.181,93.215,93.159,93.215,186,14,0
2026-08-13 16:30:00,93.216,93.25,93.216,93.246,160,14,0
2026-08-13 16:45:00,93.244,93.28,93.24,93.258,154,14,0
2026-08-13 17:00:00,93.257,93.286,93.257,93.261,179,14,0
2026-08-13 17:15:00,93.263,93.275,93.243,93.25,130,14,0
2026-08-13 17:30:00,93.252,93.282,93.252,93.281,141,14,0
2026-08-13 17:45:00,93.279,93.291,93.252,93.254,138,14,0
2026-08-13 18:00:00,93.255,93.277,93.255,93.276,131,14,0
2026-08-13 18:15:00,93.275,93.279,93.252,93.266,145,14,0
2026-08-13 18:30:00,93.267,93.291,93.259,93.281,119,14,0
2026-08-13 18:45:00,93.284,93.298,93.282,93.287,104,14,0
2026-08-13 19:00:00,93.285,93.3,93.275,93.293,113,14,0
2026-08-13 19:15:00,93.294,93.314,93.289,93.312,66,14,0
2026-08-13 19:30:00,93.313,93.318,93.301,93.304,87,14,0
2026-08-13 19:45:00,93.303,93.326,93.298,93.32,115,14,0
2026-08-13 20:00:00,93.324,93.332,93.309,93.316,79,14,0
2026-08-13 20:15:00,93.317,93.344,93.317,93.328,61,14,0
2026-08-13 20:30:00,93.327,93.337,93.316,93.335,46,14,0
2026-08-13 20:45:00,93.332,93.332,93.306,93.307,80,14,0
2026-08-13 21:00:00,93.308,93.308,93.278,93.28,41,43,0
2026-08-13 21:15:00,93.277,93.28,93.268,93.277,67,63,0
2026-08-13 21:30:00,93.278,93.3,93.278,93.298,80,34,0
2026-08-13 21:45:00,93.299,93.299,93.257,93.273,76,36,0
2026-08-13 22:00:00,93.273,93.303,93.265,93.287,68,26,0
2026-08-13 22:15:00,93.289,93.32,93.288,93.32,41,24,0
2026-08-13 22:30:00,93.323,93.323,93.307,93.315,33,23,0
2026-08-13 22:45:00,93.314,93.321,93.302,93.303,30,23,0
2026-08-13 23:00:00,93.308,93.316,93.293,93.307,64,14,0
2026-08-13 23:15:00,93.309,93.32,93.309,93.312,36,14,0
2026-08-13 23:30:00,93.315,93.329,93.314,93.319,47,14,0
2026-08-13 23:45:00,93.321,93.343,93.311,93.313,105,14,0
2026-08-14 00:00:00,93.315,93.416,93.307,93.378,321,14,0
2026-08-14 00:15:00,93.381,93.382,93.356,93.367,202,14,0
2026-08-14 00:30:00,93.365,93.374,93.339,93.368,185,14,0
2026-08-14 00:45:00,93.37,93.389,93.361,93.376,317,14,0
2026-08-14 01:00:00,93.378,93.378,93.332,93.339,286,14,0
2026-08-14 01:15:00,93.342,93.361,93.318,93.348,281,14,0
2026-08-14 01:30:00,93.351,93.393,93.339,93.386,245,14,0
2026-08-14 01:45:00,93.389,93.409,93.359,93.359,177,14,0
2026-08-14 02:00:00,93.357,93.411,93.357,93.397,168,14,0
2026-08-14 02:15:00,93.395,93.425,93.394,93.405,125,14,0
2026-08-14 02:30:00,93.404,93.438,93.393,93.438,164,14,0
2026-08-14 02:45:00,93.44,93.449,93.394,93.409,203,14,0
2026-08-14 03:00:00,93.41,93.442,93.41,93.428,147,14,0
2026-08-14 03:15:00,93.427,93.463,93.427,93.463,178,14,0
2026-08-14 03:30:00,93.462,93.499,93.458,93.499,140,14,0
2026-08-14 03:45:00,93.496,93.506,93.484,93.5,145,14,0
2026-08-14 04:00:00,93.501,93.514,93.483,93.493,136,14,0
2026-08-14 04:15:00,93.494,93.503,93.475,93.479,101,14,0
2026-08-14 04:30:00,93.476,93.496,93.47,93.475,89,14,0
2026-08-14 04:45:00,93.473,93.482,93.467,93.476,76,14,0
2026-08-14 05:00:00,93.478,93.478,93.447,93.46,102,14,0
2026-08-14 05:15:00,93.458,93.495,93.441,93.489,144,14,0
2026-08-14 05:30:00,93.491,93.492,93.41,93.437,406,14,0
2026-08-14 05:45:00,93.438,93.47,93.437,93.457,218,14,0
2026-08-14 06:00:00,93.455,93.471,93.386,93.411,452,14,0
2026-08-14 06:15:00,93.41,93.441,93.408,93.434,242,14,0
2026-08-14 06:30:00,93.431,93.444,93.422,93.434,162,14,0
2026-08-14 06:45:00,93.433,93.468,93.428,93.465,161,14,0
2026-08-14 07:00:00,93.468,93.497,93.448,93.496,228,14,0
2026-08-14 07:15:00,93.497,93.523,93.488,93.5,179,14,0
2026-08-14 07:30:00,93.502,93.536,93.485,93.533,166,14,0
2026-08-14 07:45:00,93.53,93.548,93.527,93.532,205,14,0
2026-08-14 08:00:00,93.53,93.552,93.504,93.521,235,14,0
2026-08-14 08:15:00,93.522,93.536,93.508,93.521,249,14,0
2026-08-14 08:30:00,93.52,93.52,93.471,93.499,300,14,0
2026-08-14 08:45:00,93.501,93.539,93.501,93.532,195,14,0
2026-08-14 09:00:00,93.534,93.547,93.501,93.53,164,14,0
2026-08-14 09:15:00,93.532,93.594,93.518,93.592,185,14,0
2026-08-14 09:30:00,93.594,93.606,93.557,93.563,160,14,0
2026-08-14 09:45:00,93.565,93.579,93.549,93.577,169,14,0
2026-08-14 10:00:00,93.579,93.609,93.57,93.597,204,14,0
2026-08-14 10:15:00,93.596,93.629,93.596,93.619,167,14,0
2026-08-14 10:30:00,93.621,93.625,93.59,93.598,127,14,0
2026-08-14 10:45:00,93.596,93.627,93.593,93.626,140,14,0
2026-08-14 11:00:00,93.627,93.65,93.621,93.646,204,14,0
2026-08-14 11:15:00,93.647,93.699,93.632,93.681,251,14,0
2026-08-14 11:30:00,93.68,93.713,93.676,93.681,245,14,0
2026-08-14 11:45:00,93.683,93.693,93.66,93.678,194,14,0
2026-08-14 12:00:00,93.681,93.683,93.591,93.619,526,14,0
2026-08-14 12:15:00,93.616,93.624,93.558,93.594,709,14,0
2026-08-14 12:30:00,93.59,93.591,93.503,93.572,904,14,0
2026-08-14 12:45:00,93.575,93.602,93.558,93.59,475,14,0
2026-08-14 13:00:00,93.591,93.633,93.585,93.62,393,14,0
2026-08-14 13:15:00,93.623,93.645,93.592,93.612,408,14,0
2026-08-14 13:30:00,93.614,93.658,93.579,93.637,529,14,0
2026-08-14 13:45:00,93.639,93.687,93.628,93.687,556,14,0
2026-08-14 14:00:00,93.689,93.736,93.68,93.712,597,14,0
2026-08-14 14:15:00,93.71,93.733,93.684,93.689,432,14,0
2026-08-14 14:30:00,93.69,93.693,93.658,93.671,365,14,0
2026-08-14 14:45:00,93.669,93.718,93.655,93.698,387,14,0
2026-08-14 15:00:00,93.701,93.769,93.693,93.762,431,14,0
2026-08-14 15:15:00,93.76,93.803,93.76,93.801,301,14,0
2026-08-14 15:30:00,93.803,93.838,93.795,93.835,272,14,0
2026-08-14 15:45:00,93.836,93.883,93.834,93.86,230,14,0
2026-08-14 16:00:00,93.863,93.914,93.862,93.876,208,14,0
2026-08-14 16:15:00,93.874,93.891,93.865,93.881,165,14,0
2026-08-14 16:30:00,93.883,93.894,93.86,93.867,201,14,0
2026-08-14 16:45:00,93.866,93.869,93.831,93.853,145,14,0
2026-08-14 17:00:00,93.851,93.861,93.817,93.825,171,14,0
2026-08-14 17:15:00,93.828,93.835,93.8,93.803,153,14,0
2026-08-14 17:30:00,93.805,93.81,93.777,93.78,121,14,0
2026-08-14 17:45:00,93.783,93.79,93.776,93.786,93,14,0
2026-08-14 18:00:00,93.788,93.799,93.773,93.789,123,14,0
2026-08-14 18:15:00,93.791,93.816,93.784,93.816,89,14,0
2026-08-14 18:30:00,93.815,93.826,93.802,93.815,91,14,0
2026-08-14 18:45:00,93.813,93.841,93.811,93.837,79,14,0
2026-08-14 19:00:00,93.835,93.863,93.834,93.854,108,14,0
2026-08-14 19:15:00,93.853,93.866,93.841,93.855,83,14,0
2026-08-14 19:30:00,93.854,93.86,93.826,93.829,93,14,0
2026-08-14 19:45:00,93.831,93.853,93.829,93.851,116,14,0
2026-08-14 20:00:00,93.85,93.85,93.827,93.834,97,14,0
2026-08-14 20:15:00,93.835,93.836,93.822,93.831,78,14,0
2026-08-14 20:30:00,93.834,93.851,93.83,93.838,76,14,0
2026-08-14 20:45:00,93.839,93.887,93.813,93.838,261,14,0
2026-08-16 21:15:00,93.834,93.836,93.732,93.826,64,42,0
2026-08-16 21:30:00,93.816,93.862,93.783,93.862,304,43,0
2026-08-16 21:45:00,93.865,93.875,93.638,93.694,107,48,0
2026-08-16 22:00:00,93.694,93.856,93.694,93.842,98,39,0
2026-08-16 22:15:00,93.843,93.848,93.804,93.817,69,35,0
2026-08-16 22:30:00,93.806,93.82,93.785,93.818,88,35,0
2026-08-16 22:45:00,93.815,93.815,93.768,93.768,117,34,0
2026-08-16 23:00:00,93.779,93.804,93.771,93.801,146,14,0
2026-08-16 23:15:00,93.799,93.827,93.798,93.798,86,14,0
2026-08-16 23:30:00,93.799,93.81,93.781,93.785,115,14,0
2026-08-16 23:45:00,93.787,93.822,93.779,93.78,146,14,0
2026-08-17 00:00:00,93.782,93.87,93.774,93.87,352,14,0
2026-08-17 00:15:00,93.868,93.949,93.857,93.949,326,14,0
2026-08-17 00:30:00,93.951,93.959,93.933,93.936,262,14,0
2026-08-17 00:45:00,93.935,93.982,93.929,93.956,366,14,0
2026-08-17 01:00:00,93.958,93.965,93.898,93.912,294,14,0
2026-08-17 01:15:00,93.913,93.942,93.9,93.928,259,14,0
2026-08-17 01:30:00,93.926,93.969,93.906,93.966,250,14,0
2026-08-17 01:45:00,93.968,93.987,93.944,93.945,188,14,0
2026-08-17 02:00:00,93.944,93.953,93.907,93.912,172,14,0
2026-08-17 02:15:00,93.909,93.917,93.878,93.903,204,14,0
2026-08-17 02:30:00,93.905,93.936,93.878,93.905,185,14,0
2026-08-17 02:45:00,93.902,93.916,93.881,93.895,127,14,0
2026-08-17 03:00:00,93.893,93.936,93.893,93.928,131,14,0
2026-08-17 03:15:00,93.925,93.949,93.921,93.947,119,14,0
2026-08-17 03:30:00,93.945,93.956,93.909,93.932,135,14,0
2026-08-17 03:45:00,93.931,93.961,93.931,93.96,140,14,0
2026-08-17 04:00:00,93.959,93.983,93.944,93.977,191,14,0
2026-08-17 04:15:00,93.975,94.033,93.962,94.008,172,14,0
2026-08-17 04:30:00,94.011,94.022,93.976,94.004,133,14,0
2026-08-17 04:45:00,94.007,94.023,94.0,94.021,120,14,0
2026-08-17 05:00:00,94.019,94.05,94.018,94.023,173,14,0
2026-08-17 05:15:00,94.022,94.061,94.022,94.042,172,14,0
2026-08-17 05:30:00,94.044,94.068,94.006,94.053,307,14,0
2026-08-17 05:45:00,94.054,94.117,94.043,94.091,292,14,0
2026-08-17 06:00:00,94.092,94.107,94.039,94.064,326,14,0
2026-08-17 06:15:00,94.063,94.071,94.037,94.064,260,14,0
2026-08-17 06:30:00,94.062,94.114,94.062,94.107,230,14,0
2026-08-17 06:45:00,94.109,94.146,94.105,94.129,270,14,0
2026-08-17 07:00:00,94.131,94.159,94.078,94.088,357,14,0
2026-08-17 07:15:00,94.091,94.103,94.056,94.09,320,14,0
2026-08-17 07:30:00,94.093,94.129,94.068,94.072,349,14,0
2026-08-17 07:45:00,94.075,94.133,94.067,94.102,304,14,0
2026-08-17 08:00:00,94.103,94.112,94.079,94.095,250,14,0
2026-08-17 08:15:00,94.097,94.161,94.095,94.158,220,14,0
2026-08-17 08:30:00,94.159,94.216,94.148,94.203,270,14,0
2026-08-17 08:45:00,94.205,94.226,94.138,94.205,344,14,0
2026-08-17 09:00:00,94.206,94.228,94.2,94.202,273,14,0
2026-08-17 09:15:00,94.2,94.231,94.178,94.223,208,14,0
2026-08-17 09:30:00,94.225,94.266,94.214,94.26,179,14,0
2026-08-17 09:45:00,94.262,94.289,94.257,94.272,173,14,0
2026-08-17 10:00:00,94.274,94.282,94.26,94.272,206,14,0
2026-08-17 10:15:00,94.274,94.288,94.26,94.276,290,14,0
2026-08-17 10:30:00,94.278,94.287,94.23,94.252,342,14,0
2026-08-17 10:45:00,94.253,94.273,94.247,94.253,177,14,0
2026-08-17 11:00:00,94.255,94.289,94.245,94.254,179,14,0
2026-08-17 11:15:00,94.252,94.267,94.238,94.25,201,14,0
2026-08-17 11:30:00,94.248,94.248,94.192,94.198,186,14,0
2026-08-17 11:45:00,94.197,94.215,94.192,94.203,170,14,0
2026-08-17 12:00:00,94.201,94.22,94.185,94.198,229,14,0
2026-08-17 12:15:00,94.2,94.214,94.171,94.209,355,14,0
2026-08-17 12:30:00,94.213,94.218,94.156,94.194,319,14,0
2026-08-17 12:45:00,94.195,94.223,94.157,94.22,246,14,0
2026-08-17 13:00:00,94.222,94.252,94.206,94.229,300,14,0
2026-08-17 13:15:00,94.228,94.259,94.223,94.244,237,14,0
2026-08-17 13:30:00,94.242,94.266,94.197,94.197,349,14,0
2026-08-17 13:45:00,94.199,94.253,94.176,94.248,368,14,0
2026-08-17 14:00:00,94.246,94.25,94.205,94.249,284,14,0
2026-08-17 14:15:00,94.251,94.274,94.2,94.213,344,14,0
2026-08-17 14:30:00,94.216,94.243,94.166,94.168,315,14,0
2026-08-17 14:45:00,94.17,94.181,94.114,94.136,376,14,0
2026-08-17 15:00:00,94.137,94.154,94.124,94.129,305,14,0
2026-08-17 15:15:00,94.131,94.158,94.128,94.156,209,14,0
2026-08-17 15:30:00,94.158,94.168,94.133,94.135,203,14,0
2026-08-17 15:45:00,94.136,94.173,94.118,94.152,197,14,0
2026-08-17 16:00:00,94.151,94.159,94.14,94.149,123,14,0
2026-08-17 16:15:00,94.15,94.166,94.144,94.164,114,14,0
2026-08-17 16:30:00,94.165,94.183,94.159,94.171,91,14,0
2026-08-17 16:45:00,94.169,94.174,94.136,94.144,111,14,0
2026-08-17 17:00:00,94.145,94.153,94.124,94.13,113,14,0
2026-08-17 17:15:00,94.131,94.137,94.095,94.122,182,14,0
2026-08-17 17:30:00,94.124,94.135,94.072,94.101,230,14,0
2026-08-17 17:45:00,94.103,94.107,94.087,94.089,136,14,0
2026-08-17 18:00:00,94.087,94.118,94.087,94.107,150,14,0
2026-08-17 18:15:00,94.109,94.152,94.108,94.151,195,14,0
2026-08-17 18:30:00,94.149,94.157,94.122,94.135,165,14,0
2026-08-17 18:45:00,94.134,94.168,94.129,94.155,164,14,0
2026-08-17 19:00:00,94.154,94.154,94.095,94.106,136,14,0
2026-08-17 19:15:00,94.108,94.122,94.103,94.113,134,14,0
2026-08-17 19:30:00,94.116,94.134,94.108,94.134,113,14,0
2026-08-17 19:45:00,94.136,94.138,94.124,94.132,117,14,0
2026-08-17 20:00:00,94.134,94.147,94.132,94.142,64,14,0
2026-08-17 20:15:00,94.141,94.141,94.125,94.125,40,14,0
2026-08-17 20:30:00,94.127,94.13,94.08,94.11,82,14,0
2026-08-17 20:45:00,94.112,94.118,94.084,94.085,119,14,0
2026-08-17 21:00:00,94.086,94.09,94.085,94.089,35,43,0
2026-08-17 21:15:00,94.087,94.089,94.084,94.089,23,32,0
2026-08-17 21:30:00,94.091,94.091,94.061,94.078,68,28,0
2026-08-17 21:45:00,94.077,94.084,94.062,94.074,59,31,0
2026-08-17 22:00:00,94.066,94.102,94.045,94.086,86,27,0
2026-08-17 22:15:00,94.084,94.087,94.069,94.087,50,25,0
2026-08-17 22:30:00,94.085,94.093,94.078,94.089,61,24,0
2026-08-17 22:45:00,94.091,94.099,94.08,94.081,39,23,0
2026-08-17 23:00:00,94.087,94.109,94.07,94.106,69,14,0
2026-08-17 23:15:00,94.105,94.121,94.105,94.119,49,14,0
2026-08-17 23:30:00,94.117,94.121,94.059,94.061,104,14,0
2026-08-17 23:45:00,94.059,94.1,94.056,94.085,153,14,0
2026-08-18 00:00:00,94.088,94.137,94.08,94.123,237,14,0
2026-08-18 00:15:00,94.122,94.138,94.095,94.096,197,14,0
2026-08-18 00:30:00,94.095,94.173,94.095,94.171,247,14,0
2026-08-18 00:45:00,94.17,94.175,94.099,94.115,267,14,0
2026-08-18 01:00:00,94.118,94.172,94.115,94.167,277,14,0
2026-08-18 01:15:00,94.169,94.176,94.08,94.08,234,14,0
2026-08-18 01:30:00,94.077,94.101,94.026,94.027,150,14,0
2026-08-18 01:45:00,94.026,94.059,94.013,94.042,235,14,0
2026-08-18 02:00:00,94.039,94.062,94.031,94.04,209,14,0
2026-08-18 02:15:00,94.041,94.049,94.008,94.018,200,14,0
2026-08-18 02:30:00,94.017,94.023,93.994,94.015,177,14,0
2026-08-18 02:45:00,94.013,94.034,94.011,94.015,138,14,0
2026-08-18 03:00:00,94.017,94.023,93.994,94.003,124,14,0
2026-08-18 03:15:00,94.001,94.001,93.918,93.931,141,14,0
2026-08-18 03:30:00,93.933,93.94,93.872,93.894,266,14,0
2026-08-18 03:45:00,93.895,93.905,93.845,93.884,190,14,0
2026-08-18 04:00:00,93.882,93.923,93.874,93.91,284,14,0
2026-08-18 04:15:00,93.908,93.938,93.871,93.936,283,14,0
2026-08-18 04:30:00,93.937,93.952,93.905,93.922,177,14,0
2026-08-18 04:45:00,93.923,93.955,93.907,93.926,137,14,0
2026-08-18 05:00:00,93.925,93.925,93.88,93.881,152,14,0
2026-08-18 05:15:00,93.883,93.9,93.878,93.883,137,14,0
2026-08-18 05:30:00,93.882,93.892,93.868,93.871,140,14,0
2026-08-18 05:45:00,93.869,93.88,93.842,93.873,163,14,0
2026-08-18 06:00:00,93.871,93.871,93.794,93.808,363,14,0
2026-08-18 06:15:00,93.81,93.876,93.804,93.87,237,14,0
2026-08-18 06:30:00,93.873,93.899,93.864,93.873,288,14,0
2026-08-18 06:45:00,93.876,93.882,93.816,93.882,244,14,0
2026-08-18 07:00:00,93.884,93.897,93.863,93.879,300,14,0
2026-08-18 07:15:00,93.878,93.892,93.829,93.862,294,14,0
2026-08-18 07:30:00,93.864,93.875,93.838,93.873,269,14,0
2026-08-18 07:45:00,93.871,93.872,93.821,93.823,196,14,0
2026-08-18 08:00:00,93.826,93.835,93.791,93.83,310,14,0
2026-08-18 08:15:00,93.829,93.831,93.792,93.83,140,14,0
2026-08-18 08:30:00,93.833,93.849,93.827,93.841,186,14,0
2026-08-18 08:45:00,93.842,93.849,93.809,93.849,163,14,0
2026-08-18 09:00:00,93.847,93.855,93.829,93.839,172,14,0
2026-08-18 09:15:00,93.84,93.852,93.813,93.847,180,14,0
2026-08-18 09:30:00,93.846,93.889,93.828,93.844,220,14,0
2026-08-18 09:45:00,93.846,93.882,93.845,93.88,159,14,0
2026-08-18 10:00:00,93.878,93.897,93.871,93.894,174,14,0
2026-08-18 10:15:00,93.896,93.91,93.876,93.906,142,14,0
2026-08-18 10:30:00,93.905,93.91,93.886,93.889,121,14,0
2026-08-18 10:45:00,93.887,93.911,93.887,93.907,139,14,0
2026-08-18 11:00:00,93.904,93.92,93.897,93.908,138,14,0
2026-08-18 11:15:00,93.907,93.925,93.888,93.89,125,14,0
2026-08-18 11:30:00,93.891,93.913,93.89,93.904,146,14,0
2026-08-18 11:45:00,93.903,93.95,93.901,93.948,138,14,0
2026-08-18 12:00:00,93.947,93.976,93.92,93.973,266,14,0
2026-08-18 12:15:00,93.974,93.994,93.951,93.965,238,14,0
2026-08-18 12:30:00,93.967,93.984,93.95,93.977,214,14,0
2026-08-18 12:45:00,93.976,94.019,93.959,94.0,218,14,0
2026-08-18 13:00:00,93.998,94.044,93.997,94.011,244,14,0
2026-08-18 13:15:00,94.012,94.02,93.963,93.985,271,14,0
2026-08-18 13:30:00,93.983,94.019,93.956,94.008,573,14,0
2026-08-18 13:45:00,94.006,94.01,93.922,93.937,379,14,0
2026-08-18 14:00:00,93.935,93.959,93.914,93.941,357,14,0
2026-08-18 14:15:00,93.94,93.964,93.901,93.902,278,14,0
2026-08-18 14:30:00,93.9,93.92,93.872,93.888,316,14,0
2026-08-18 14:45:00,93.889,93.9,93.816,93.827,428,14,0
2026-08-18 15:00:00,93.828,93.875,93.802,93.81,431,14,0
2026-08-18 15:15:00,93.811,93.823,93.769,93.805,293,14,0
2026-08-18 15:30:00,93.807,93.829,93.787,93.793,227,14,0
2026-08-18 15:45:00,93.794,93.822,93.791,93.811,235,14,0
2026-08-18 16:00:00,93.813,93.83,93.805,93.811,165,14,0
2026-08-18 16:15:00,93.813,93.826,93.796,93.796,139,14,0
2026-08-18 16:30:00,93.797,93.803,93.759,93.772,165,14,0
2026-08-18 16:45:00,93.774,93.791,93.762,93.763,150,14,0
2026-08-18 17:00:00,93.761,93.767,93.733,93.767,161,14,0
2026-08-18 17:15:00,93.768,93.777,93.748,93.754,121,14,0
2026-08-18 17:30:00,93.753,93.773,93.743,93.765,143,14,0
2026-08-18 17:45:00,93.763,93.766,93.732,93.735,102,14,0
2026-08-18 18:00:00,93.732,93.75,93.719,93.747,124,14,0
2026-08-18 18:15:00,93.749,93.751,93.713,93.726,125,14,0
2026-08-18 18:30:00,93.727,93.736,93.712,93.725,99,14,0
2026-08-18 18:45:00,93.724,93.727,93.7,93.716,89,14,0
2026-08-18 19:00:00,93.711,93.735,93.695,93.729,127,14,0
2026-08-18 19:15:00,93.73,93.746,93.72,93.746,80,14,0
2026-08-18 19:30:00,93.744,93.771,93.738,93.758,111,14,0
2026-08-18 19:45:00,93.757,93.761,93.742,93.748,110,14,0
2026-08-18 20:00:00,93.747,93.764,93.735,93.736,83,14,0
2026-08-18 20:15:00,93.735,93.736,93.721,93.735,64,14,0
2026-08-18 20:30:00,93.737,93.747,93.728,93.74,62,14,0
2026-08-18 20:45:00,93.742,93.766,93.737,93.748,114,14,0
2026-08-18 21:00:00,93.747,93.76,93.747,93.757,36,43,0
2026-08-18 21:15:00,93.759,93.759,93.723,93.726,78,43,0
2026-08-18 21:30:00,93.728,93.753,93.727,93.734,89,49,0
2026-08-18 21:45:00,93.733,93.733,93.693,93.7,60,92,0
2026-08-18 22:00:00,93.717,93.765,93.7,93.762,82,35,0
2026-08-18 22:15:00,93.76,93.783,93.759,93.779,72,29,0
2026-08-18 22:30:00,93.777,93.777,93.75,93.756,56,27,0
2026-08-18 22:45:00,93.759,93.784,93.759,93.763,54,26,0
2026-08-18 23:00:00,93.769,93.779,93.744,93.75,120,14,0
2026-08-18 23:15:00,93.751,93.751,93.708,93.717,85,14,0
2026-08-18 23:30:00,93.719,93.722,93.693,93.699,129,14,0
2026-08-18 23:45:00,93.701,93.72,93.676,93.695,156,14,0
2026-08-19 00:00:00,93.693,93.693,93.618,93.643,423,14,0
2026-08-19 00:15:00,93.645,93.655,93.603,93.639,215,14,0
2026-08-19 00:30:00,93.637,93.64,93.545,93.551,265,14,0
2026-08-19 00:45:00,93.553,93.555,93.459,93.459,496,14,0
2026-08-19 01:00:00,93.458,93.547,93.454,93.518,332,14,0
2026-08-19 01:15:00,93.519,93.551,93.475,93.546,330,14,0
2026-08-19 01:30:00,93.547,93.599,93.527,93.585,224,14,0
2026-08-19 01:45:00,93.586,93.632,93.564,93.609,230,14,0
2026-08-19 02:00:00,93.608,93.626,93.567,93.577,226,14,0
2026-08-19 02:15:00,93.576,93.619,93.53,93.554,440,14,0
2026-08-19 02:30:00,93.556,93.586,93.549,93.575,257,14,0
2026-08-19 02:45:00,93.573,93.586,93.537,93.579,261,14,0
2026-08-19 03:00:00,93.577,93.59,93.539,93.565,217,14,0
2026-08-19 03:15:00,93.568,93.583,93.567,93.574,101,14,0
2026-08-19 03:30:00,93.572,93.604,93.572,93.581,141,14,0
2026-08-19 03:45:00,93.58,93.612,93.58,93.6,112,14,0
2026-08-19 04:00:00,93.599,93.612,93.577,93.6,115,14,0
2026-08-19 04:15:00,93.598,93.599,93.564,93.567,150,14,0
2026-08-19 04:30:00,93.568,93.568,93.524,93.542,261,14,0
2026-08-19 04:45:00,93.539,93.542,93.487,93.541,204,14,0
2026-08-19 05:00:00,93.542,93.554,93.512,93.512,192,14,0
2026-08-19 05:15:00,93.511,93.519,93.465,93.502,213,14,0
2026-08-19 05:30:00,93.501,93.505,93.445,93.472,258,14,0
2026-08-19 05:45:00,93.471,93.526,93.457,93.512,233,14,0
2026-08-19 06:00:00,93.51,93.516,93.468,93.477,284,14,0
2026-08-19 06:15:00,93.476,93.565,93.463,93.551,365,14,0
2026-08-19 06:30:00,93.549,93.549,93.463,93.517,307,14,0
2026-08-19 06:45:00,93.515,93.544,93.491,93.531,315,14,0
2026-08-19 07:00:00,93.529,93.555,93.492,93.494,390,14,0
2026-08-19 07:15:00,93.492,93.51,93.453,93.474,232,14,0
2026-08-19 07:30:00,93.473,93.475,93.405,93.42,250,14,0
2026-08-19 07:45:00,93.419,93.448,93.41,93.435,265,14,0
2026-08-19 08:00:00,93.433,93.513,93.411,93.509,432,14,0
2026-08-19 08:15:00,93.511,93.525,93.478,93.501,298,14,0
2026-08-19 08:30:00,93.499,93.501,93.453,93.489,227,14,0
2026-08-19 08:45:00,93.488,93.532,93.484,93.531,217,14,0
2026-08-19 09:00:00,93.528,93.605,93.525,93.599,276,14,0
2026-08-19 09:15:00,93.597,93.647,93.592,93.629,275,14,0
2026-08-19 09:30:00,93.627,93.63,93.572,93.575,256,14,0
2026-08-19 09:45:00,93.576,93.589,93.564,93.573,225,14,0
2026-08-19 10:00:00,93.572,93.573,93.531,93.562,221,14,0
2026-08-19 10:15:00,93.565,93.571,93.534,93.562,213,14,0
2026-08-19 10:30:00,93.56,93.573,93.538,93.572,177,14,0
2026-08-19 10:45:00,93.57,93.585,93.557,93.567,206,14,0
2026-08-19 11:00:00,93.569,93.593,93.548,93.589,226,14,0
2026-08-19 11:15:00,93.591,93.593,93.557,93.558,206,14,0
2026-08-19 11:30:00,93.56,93.568,93.516,93.524,241,14,0
2026-08-19 11:45:00,93.522,93.552,93.516,93.547,222,14,0
2026-08-19 12:00:00,93.545,93.563,93.514,93.562,277,14,0
2026-08-19 12:15:00,93.563,93.599,93.546,93.587,406,14,0
2026-08-19 12:30:00,93.588,93.596,93.312,93.472,2866,14,0
2026-08-19 12:45:00,93.474,93.586,93.44,93.584,1055,14,0
2026-08-19 13:00:00,93.581,93.737,93.575,93.723,993,14,0
2026-08-19 13:15:00,93.721,93.786,93.682,93.78,743,14,0
2026-08-19 13:30:00,93.783,93.857,93.772,93.851,847,14,0
2026-08-19 13:45:00,93.853,93.894,93.8,93.885,840,14,0
2026-08-19 14:00:00,93.883,93.928,93.84,93.84,768,14,0
2026-08-19 14:15:00,93.843,93.862,93.796,93.86,646,14,0
2026-08-19 14:30:00,93.861,93.873,93.798,93.843,969,14,0
2026-08-19 14:45:00,93.845,93.901,93.822,93.878,839,14,0
2026-08-19 15:00:00,93.879,93.948,93.872,93.932,538,14,0
2026-08-19 15:15:00,93.93,93.955,93.9,93.954,438,14,0
2026-08-19 15:30:00,93.957,93.984,93.94,93.946,332,14,0
2026-08-19 15:45:00,93.948,93.954,93.903,93.934,276,14,0
2026-08-19 16:00:00,93.933,93.999,93.928,93.992,358,14,0
2026-08-19 16:15:00,93.989,94.003,93.964,93.966,212,14,0
2026-08-19 16:30:00,93.965,93.976,93.952,93.961,192,14,0
2026-08-19 16:45:00,93.957,93.966,93.942,93.964,250,14,0
2026-08-19 17:00:00,93.962,93.991,93.946,93.965,303,14,0
2026-08-19 17:15:00,93.964,93.967,93.931,93.966,212,14,0
2026-08-19 17:30:00,93.965,93.983,93.949,93.957,172,14,0
2026-08-19 17:45:00,93.956,93.992,93.949,93.95,224,14,0
2026-08-19 18:00:00,93.947,93.982,93.937,93.967,563,14,0
2026-08-19 18:15:00,93.969,93.973,93.925,93.936,238,14,0
2026-08-19 18:30:00,93.938,93.949,93.93,93.941,264,14,0
2026-08-19 18:45:00,93.944,93.949,93.889,93.907,255,14,0
2026-08-19 19:00:00,93.906,93.981,93.894,93.906,319,14,0
2026-08-19 19:15:00,93.907,93.937,93.861,93.864,223,14,0
2026-08-19 19:30:00,93.865,93.897,93.86,93.889,348,14,0
2026-08-19 19:45:00,93.887,93.888,93.778,93.825,394,14,0
2026-08-19 20:00:00,93.827,93.827,93.8,93.803,153,14,0
2026-08-19 20:15:00,93.805,93.861,93.805,93.86,82,14,0
2026-08-19 20:30:00,93.861,93.871,93.836,93.84,113,14,0
2026-08-19 20:45:00,93.839,93.858,93.822,93.832,140,14,0
2026-08-19 21:00:00,93.831,93.832,93.813,93.819,61,43,0
2026-08-19 21:15:00,93.818,93.822,93.773,93.773,87,43,0
2026-08-19 21:30:00,93.775,93.784,93.77,93.779,74,80,0
2026-08-19 21:45:00,93.778,93.812,93.749,93.749,70,45,0
2026-08-19 22:00:00,93.75,93.826,93.75,93.821,118,32,0
2026-08-19 22:15:00,93.822,93.827,93.808,93.823,56,28,0
2026-08-19 22:30:00,93.827,93.875,93.82,93.872,76,26,0
2026-08-19 22:45:00,93.869,93.901,93.869,93.882,93,25,0
2026-08-19 23:00:00,93.888,93.93,93.888,93.916,196,14,0
2026-08-19 23:15:00,93.918,93.966,93.898,93.966,133,14,0
2026-08-19 23:30:00,93.963,93.972,93.93,93.937,138,14,0
2026-08-19 23:45:00,93.938,93.949,93.913,93.927,174,14,0
2026-08-20 00:00:00,93.925,94.014,93.908,94.011,503,14,0
2026-08-20 00:15:00,94.008,94.023,93.979,94.019,333,14,0
2026-08-20 00:30:00,94.018,94.039,94.003,94.018,257,14,0
2026-08-20 00:45:00,94.02,94.039,93.978,94.019,392,14,0
2026-08-20 01:00:00,94.02,94.062,94.015,94.057,393,14,0
2026-08-20 01:15:00,94.054,94.116,94.052,94.108,365,14,0
2026-08-20 01:30:00,94.104,94.165,93.952,94.155,816,14,0
2026-08-20 01:45:00,94.158,94.267,94.158,94.264,488,14,0
2026-08-20 02:00:00,94.262,94.31,94.179,94.279,837,14,0
2026-08-20 02:15:00,94.281,94.281,94.201,94.221,295,14,0
2026-08-20 02:30:00,94.222,94.235,94.203,94.235,227,14,0
2026-08-20 02:45:00,94.232,94.268,94.217,94.253,182,14,0
2026-08-20 03:00:00,94.255,94.312,94.235,94.279,229,14,0
2026-08-20 03:15:00,94.282,94.296,94.243,94.291,235,14,0
2026-08-20 03:30:00,94.29,94.307,94.271,94.292,186,14,0
2026-08-20 03:45:00,94.289,94.332,94.287,94.299,156,14,0
2026-08-20 04:00:00,94.297,94.375,94.286,94.361,195,14,0
2026-08-20 04:15:00,94.363,94.377,94.34,94.377,169,14,0
2026-08-20 04:30:00,94.379,94.396,94.364,94.376,177,14,0
2026-08-20 04:45:00,94.375,94.41,94.332,94.358,284,14,0
2026-08-20 05:00:00,94.361,94.401,94.356,94.373,250,14,0
2026-08-20 05:15:00,94.372,94.442,94.372,94.433,233,14,0
2026-08-20 05:30:00,94.436,94.467,94.413,94.44,266,14,0
2026-08-20 05:45:00,94.439,94.454,94.403,94.417,241,14,0
2026-08-20 06:00:00,94.415,94.44,94.407,94.421,286,14,0
2026-08-20 06:15:00,94.419,94.419,94.326,94.33,312,14,0
2026-08-20 06:30:00,94.331,94.346,94.277,94.279,278,14,0
2026-08-20 06:45:00,94.282,94.34,94.278,94.29,333,14,0
2026-08-20 07:00:00,94.292,94.292,94.212,94.236,414,14,0
2026-08-20 07:15:00,94.239,94.343,94.239,94.335,333,14,0
2026-08-20 07:30:00,94.332,94.35,94.29,94.335,473,14,0
2026-08-20 07:45:00,94.333,94.37,94.307,94.349,352,14,0
2026-08-20 08:00:00,94.351,94.374,94.305,94.313,391,14,0
2026-08-20 08:15:00,94.315,94.342,94.3,94.339,288,14,0
2026-08-20 08:30:00,94.341,94.354,94.304,94.334,337,14,0
2026-08-20 08:45:00,94.331,94.382,94.328,94.364,256,14,0
2026-08-20 09:00:00,94.361,94.387,94.324,94.385,292,14,0
2026-08-20 09:15:00,94.383,94.393,94.325,94.35,493,14,0
2026-08-20 09:30:00,94.352,94.352,94.296,94.307,340,14,0
2026-08-20 09:45:00,94.304,94.372,94.299,94.359,278,14,0
2026-08-20 10:00:00,94.356,94.387,94.337,94.364,342,14,0
2026-08-20 10:15:00,94.366,94.374,94.335,94.371,259,14,0
2026-08-20 10:30:00,94.373,94.391,94.359,94.374,256,14,0
2026-08-20 10:45:00,94.376,94.387,94.359,94.372,294,14,0
2026-08-20 11:00:00,94.375,94.424,94.354,94.374,389,14,0
2026-08-20 11:15:00,94.376,94.399,94.353,94.353,296,14,0
2026-08-20 11:30:00,94.351,94.395,94.336,94.377,312,14,0
2026-08-20 11:45:00,94.379,94.393,94.332,94.336,439,14,0
2026-08-20 12:00:00,94.338,94.403,94.319,94.384,614,14,0
2026-08-20 12:15:00,94.386,94.416,94.34,94.387,415,14,0
2026-08-20 12:30:00,94.413,94.427,94.371,94.415,444,14,0
2026-08-20 12:45:00,94.414,94.442,94.401,94.442,353,14,0
2026-08-20 13:00:00,94.443,94.489,94.439,94.459,445,14,0
2026-08-20 13:15:00,94.457,94.496,94.453,94.494,387,14,0
2026-08-20 13:30:00,94.496,94.525,94.468,94.501,680,14,0
2026-08-20 13:45:00,94.504,94.529,94.483,94.525,491,14,0
2026-08-20 14:00:00,94.528,94.538,94.496,94.507,493,14,0
2026-08-20 14:15:00,94.508,94.516,94.478,94.501,468,14,0
2026-08-20 14:30:00,94.503,94.548,94.487,94.512,454,14,0
2026-08-20 14:45:00,94.511,94.532,94.438,94.442,570,14,0
2026-08-20 15:00:00,94.441,94.531,94.401,94.476,1311,14,0
2026-08-20 15:15:00,94.477,94.519,94.468,94.511,556,14,0
2026-08-20 15:30:00,94.513,94.523,94.421,94.436,520,14,0
2026-08-20 15:45:00,94.435,94.481,94.419,94.469,442,14,0
2026-08-20 16:00:00,94.47,94.483,94.46,94.471,249,14,0
2026-08-20 16:15:00,94.472,94.519,94.466,94.512,363,14,0
2026-08-20 16:30:00,94.514,94.522,94.492,94.505,271,14,0
2026-08-20 16:45:00,94.507,94.515,94.459,94.469,184,14,0
2026-08-20 17:00:00,94.468,94.476,94.437,94.461,160,14,0
2026-08-20 17:15:00,94.462,94.488,94.456,94.479,158,14,0
2026-08-20 17:30:00,94.48,94.501,94.478,94.487,165,14,0
2026-08-20 17:45:00,94.489,94.518,94.486,94.5,148,14,0
2026-08-20 18:00:00,94.502,94.504,94.478,94.49,239,14,0
2026-08-20 18:15:00,94.489,94.509,94.481,94.506,162,14,0
2026-08-20 18:30:00,94.509,94.525,94.501,94.504,127,14,0
2026-08-20 18:45:00,94.506,94.542,94.505,94.542,164,14,0
2026-08-20 19:00:00,94.539,94.55,94.526,94.538,165,14,0
2026-08-20 19:15:00,94.539,94.545,94.525,94.543,96,14,0
2026-08-20 19:30:00,94.545,94.548,94.522,94.536,128,14,0
2026-08-20 19:45:00,94.537,94.557,94.534,94.541,135,14,0
2026-08-20 20:00:00,94.543,94.556,94.533,94.542,102,14,0
2026-08-20 20:15:00,94.541,94.55,94.535,94.538,56,14,0
2026-08-20 20:30:00,94.539,94.544,94.527,94.538,47,14,0
2026-08-20 20:45:00,94.54,94.549,94.517,94.521,94,14,0
2026-08-20 21:00:00,94.52,94.522,94.51,94.522,48,43,0
2026-08-20 21:15:00,94.521,94.522,94.49,94.519,55,43,0
2026-08-20 21:30:00,94.516,94.521,94.51,94.52,73,32,0
2026-08-20 21:45:00,94.518,94.521,94.497,94.518,71,31,0
2026-08-20 22:00:00,94.51,94.548,94.509,94.517,72,26,0
2026-08-20 22:15:00,94.517,94.528,94.495,94.508,54,24,0
2026-08-20 22:30:00,94.51,94.53,94.507,94.515,43,23,0
2026-08-20 22:45:00,94.516,94.523,94.5,94.52,52,23,0
2026-08-20 23:00:00,94.524,94.538,94.5,94.502,159,14,0
2026-08-20 23:15:00,94.503,94.534,94.495,94.531,104,14,0
2026-08-20 23:30:00,94.53,94.559,94.515,94.546,142,14,0
2026-08-20 23:45:00,94.548,94.608,94.541,94.582,178,14,0
2026-08-21 00:00:00,94.58,94.692,94.572,94.677,361,14,0
2026-08-21 00:15:00,94.674,94.712,94.661,94.71,286,14,0
2026-08-21 00:30:00,94.708,94.778,94.698,94.75,277,14,0
2026-08-21 00:45:00,94.752,94.796,94.744,94.75,369,14,0
2026-08-21 01:00:00,94.752,94.796,94.747,94.791,403,14,0
2026-08-21 01:15:00,94.794,94.818,94.773,94.807,350,14,0
2026-08-21 01:30:00,94.804,94.841,94.79,94.836,345,14,0
2026-08-21 01:45:00,94.835,94.862,94.821,94.843,302,14,0
2026-08-21 02:00:00,94.842,94.907,94.838,94.893,279,14,0
2026-08-21 02:15:00,94.894,94.947,94.887,94.944,299,14,0
2026-08-21 02:30:00,94.946,94.956,94.88,94.89,238,14,0
2026-08-21 02:45:00,94.891,94.925,94.87,94.895,241,14,0
2026-08-21 03:00:00,94.894,94.902,94.859,94.859,138,14,0
2026-08-21 03:15:00,94.857,94.888,94.855,94.859,187,14,0
2026-08-21 03:30:00,94.86,94.922,94.86,94.918,180,14,0
2026-08-21 03:45:00,94.919,94.932,94.897,94.906,150,14,0
2026-08-21 04:00:00,94.908,94.916,94.876,94.886,155,14,0
2026-08-21 04:15:00,94.887,94.912,94.875,94.895,114,14,0
2026-08-21 04:30:00,94.893,94.909,94.885,94.908,106,14,0
2026-08-21 04:45:00,94.906,94.928,94.859,94.87,136,14,0
2026-08-21 05:00:00,94.872,94.875,94.833,94.845,144,14,0
2026-08-21 05:15:00,94.847,94.855,94.84,94.845,144,14,0
2026-08-21 05:30:00,94.842,94.855,94.803,94.803,247,14,0
2026-08-21 05:45:00,94.805,94.86,94.792,94.837,337,14,0
2026-08-21 06:00:00,94.839,94.868,94.808,94.867,306,14,0
2026-08-21 06:15:00,94.868,94.903,94.853,94.893,246,14,0
2026-08-21 06:30:00,94.895,94.919,94.861,94.867,297,14,0
2026-08-21 06:45:00,94.869,94.874,94.839,94.856,284,14,0
2026-08-21 07:00:00,94.854,94.882,94.797,94.821,358,14,0
2026-08-21 07:15:00,94.819,94.863,94.806,94.836,288,14,0
2026-08-21 07:30:00,94.833,94.848,94.767,94.779,393,14,0
2026-08-21 07:45:00,94.777,94.789,94.744,94.771,369,14,0
2026-08-21 08:00:00,94.769,94.777,94.715,94.767,342,14,0
2026-08-21 08:15:00,94.769,94.851,94.764,94.828,373,14,0
2026-08-21 08:30:00,94.831,94.841,94.776,94.802,445,14,0
2026-08-21 08:45:00,94.8,94.809,94.757,94.776,436,14,0
2026-08-21 09:00:00,94.779,94.787,94.739,94.783,589,14,0
2026-08-21 09:15:00,94.782,94.795,94.694,94.72,410,14,0
2026-08-21 09:30:00,94.722,94.781,94.712,94.774,348,14,0
2026-08-21 09:45:00,94.773,94.827,94.768,94.798,253,14,0
2026-08-21 10:00:00,94.8,94.847,94.797,94.843,257,14,0
2026-08-21 10:15:00,94.841,94.845,94.826,94.844,236,14,0
2026-08-21 10:30:00,94.845,94.877,94.845,94.856,205,14,0
2026-08-21 10:45:00,94.857,94.879,94.842,94.862,237,14,0
2026-08-21 11:00:00,94.865,94.887,94.841,94.887,216,14,0
2026-08-21 11:15:00,94.885,94.905,94.872,94.887,410,14,0
2026-08-21 11:30:00,94.885,94.913,94.869,94.886,480,14,0
2026-08-21 11:45:00,94.888,94.947,94.881,94.943,268,14,0
2026-08-21 12:00:00,94.945,95.007,94.932,94.996,400,14,0
2026-08-21 12:15:00,94.995,95.019,94.984,95.019,302,14,0
2026-08-21 12:30:00,95.017,95.017,94.945,94.976,421,14,0
2026-08-21 12:45:00,94.978,94.993,94.949,94.97,269,14,0
2026-08-21 13:00:00,94.968,94.972,94.931,94.953,377,14,0
2026-08-21 13:15:00,94.955,94.974,94.943,94.968,328,14,0
2026-08-21 13:30:00,94.972,94.985,94.927,94.967,454,14,0
2026-08-21 13:45:00,94.942,95.013,94.937,94.984,439,14,0
2026-08-21 14:00:00,94.983,94.986,94.945,94.968,418,14,0
2026-08-21 14:15:00,94.97,94.974,94.946,94.954,316,14,0
2026-08-21 14:30:00,94.952,94.976,94.883,94.895,541,14,0
2026-08-21 14:45:00,94.898,94.938,94.871,94.908,459,14,0
2026-08-21 15:00:00,94.909,94.986,94.899,94.976,453,14,0
2026-08-21 15:15:00,94.974,95.006,94.96,94.994,349,14,0
2026-08-21 15:30:00,94.996,95.059,94.992,95.052,334,14,0
2026-08-21 15:45:00,95.054,95.079,95.042,95.059,222,14,0
2026-08-21 16:00:00,95.06,95.085,95.05,95.066,223,14,0
2026-08-21 16:15:00,95.064,95.071,95.028,95.06,427,14,0
2026-08-21 16:30:00,95.062,95.074,95.043,95.064,185,14,0
2026-08-21 16:45:00,95.065,95.073,95.053,95.072,171,14,0
2026-08-21 17:00:00,95.074,95.106,95.073,95.091,192,14,0
2026-08-21 17:15:00,95.092,95.105,95.086,95.092,155,14,0
2026-08-21 17:30:00,95.094,95.122,95.086,95.11,140,14,0
2026-08-21 17:45:00,95.113,95.12,95.105,95.12,107,14,0
2026-08-21 18:00:00,95.122,95.156,95.121,95.138,118,14,0
2026-08-21 18:15:00,95.137,95.156,95.134,95.145,103,14,0
2026-08-21 18:30:00,95.146,95.154,95.14,95.148,90,14,0
2026-08-21 18:45:00,95.149,95.156,95.141,95.142,89,14,0
2026-08-21 19:00:00,95.146,95.151,95.106,95.122,105,14,0
2026-08-21 19:15:00,95.121,95.124,95.094,95.098,82,14,0
2026-08-21 19:30:00,95.095,95.097,95.07,95.076,75,14,0
2026-08-21 19:45:00,95.078,95.081,95.059,95.065,99,14,0
2026-08-21 20:00:00,95.067,95.08,95.053,95.064,74,14,0
2026-08-21 20:15:00,95.063,95.086,95.053,95.081,96,14,0
2026-08-21 20:30:00,95.084,95.084,95.026,95.026,87,14,0
2026-08-21 20:45:00,95.028,95.05,95.017,95.042,315,14,0
2026-08-23 21:00:00,94.915,94.944,94.91,94.941,15,54,0
2026-08-23 21:15:00,94.937,94.939,94.814,94.814,52,58,0
2026-08-23 21:30:00,94.82,94.905,94.751,94.856,264,96,0
2026-08-23 21:45:00,94.856,94.897,94.718,94.825,166,89,0
2026-08-23 22:00:00,94.825,94.951,94.825,94.943,132,58,0
2026-08-23 22:15:00,94.945,94.97,94.94,94.966,64,48,0
2026-08-23 22:30:00,94.964,94.982,94.94,94.961,73,43,0
2026-08-23 22:45:00,94.96,94.96,94.921,94.922,44,39,0
2026-08-23 23:00:00,94.935,94.937,94.888,94.9,77,14,0
2026-08-23 23:15:00,94.898,94.922,94.868,94.912,104,14,0
2026-08-23 23:30:00,94.914,94.942,94.91,94.919,90,14,0
2026-08-23 23:45:00,94.921,94.974,94.919,94.949,185,14,0
2026-08-24 00:00:00,94.95,95.002,94.946,94.998,425,14,0
2026-08-24 00:15:00,94.996,94.996,94.89,94.903,376,14,0
2026-08-24 00:30:00,94.901,94.926,94.884,94.926,294,14,0
2026-08-24 00:45:00,94.928,94.996,94.917,94.945,365,14,0
2026-08-24 01:00:00,94.946,94.961,94.887,94.91,397,14,0
2026-08-24 01:15:00,94.911,94.932,94.879,94.928,400,14,0
2026-08-24 01:30:00,94.926,94.968,94.904,94.937,268,14,0
2026-08-24 01:45:00,94.935,94.948,94.903,94.915,241,14,0
2026-08-24 02:00:00,94.914,94.946,94.872,94.943,293,14,0
2026-08-24 02:15:00,94.942,94.958,94.923,94.939,223,14,0
2026-08-24 02:30:00,94.937,94.967,94.937,94.961,197,14,0
2026-08-24 02:45:00,94.96,94.96,94.914,94.925,230,14,0
2026-08-24 03:00:00,94.924,94.94,94.872,94.902,225,14,0
2026-08-24 03:15:00,94.904,94.912,94.884,94.893,132,14,0
2026-08-24 03:30:00,94.895,94.93,94.893,94.916,134,14,0
2026-08-24 03:45:00,94.915,94.942,94.904,94.936,176,14,0
2026-08-24 04:00:00,94.939,94.95,94.869,94.917,393,14,0
2026-08-24 04:15:00,94.92,94.933,94.894,94.919,273,14,0
2026-08-24 04:30:00,94.918,94.932,94.882,94.907,217,14,0
2026-08-24 04:45:00,94.906,94.931,94.902,94.912,182,14,0
2026-08-24 05:00:00,94.913,94.956,94.911,94.946,209,14,0
2026-08-24 05:15:00,94.945,94.945,94.91,94.925,172,14,0
2026-08-24 05:30:00,94.926,94.927,94.895,94.918,175,14,0
2026-08-24 05:45:00,94.921,94.953,94.918,94.937,204,14,0
2026-08-24 06:00:00,94.94,94.956,94.901,94.903,333,14,0
2026-08-24 06:15:00,94.904,94.926,94.888,94.91,295,14,0
2026-08-24 06:30:00,94.908,94.964,94.908,94.927,264,14,0
2026-08-24 06:45:00,94.931,94.993,94.906,94.993,316,14,0
2026-08-24 07:00:00,94.991,95.014,94.98,95.005,358,14,0
2026-08-24 07:15:00,95.008,95.02,94.982,95.02,288,14,0
2026-08-24 07:30:00,95.019,95.02,94.963,94.967,313,14,0
2026-08-24 07:45:00,94.969,95.003,94.957,94.992,294,14,0
2026-08-24 08:00:00,94.994,95.015,94.985,94.993,375,14,0
2026-08-24 08:15:00,94.992,95.004,94.958,94.963,244,14,0
2026-08-24 08:30:00,94.961,94.99,94.95,94.985,222,14,0
2026-08-24 08:45:00,94.987,95.0,94.964,94.971,207,14,0
2026-08-24 09:00:00,94.973,95.01,94.972,94.985,209,14,0
2026-08-24 09:15:00,94.984,95.016,94.976,94.996,193,14,0
2026-08-24 09:30:00,94.997,95.005,94.972,95.002,148,14,0
2026-08-24 09:45:00,95.005,95.031,95.005,95.029,194,14,0
2026-08-24 10:00:00,95.026,95.042,95.007,95.029,175,14,0
2026-08-24 10:15:00,95.03,95.03,94.996,95.012,217,14,0
2026-08-24 10:30:00,95.013,95.018,94.95,94.961,188,14,0
2026-08-24 10:45:00,94.959,94.961,94.914,94.915,261,14,0
2026-08-24 11:00:00,94.913,94.93,94.881,94.886,240,14,0
2026-08-24 11:15:00,94.888,94.934,94.879,94.891,240,14,0
2026-08-24 11:30:00,94.89,94.946,94.848,94.848,863,14,0
2026-08-24 11:45:00,94.847,94.872,94.837,94.849,309,14,0
2026-08-24 12:00:00,94.851,94.853,94.814,94.814,278,14,0
2026-08-24 12:15:00,94.816,94.863,94.79,94.862,365,14,0
2026-08-24 12:30:00,94.861,94.867,94.803,94.845,607,14,0
2026-08-24 12:45:00,94.847,94.871,94.833,94.863,284,14,0
2026-08-24 13:00:00,94.861,94.936,94.859,94.928,349,14,0
2026-08-24 13:15:00,94.927,94.975,94.922,94.953,285,14,0
2026-08-24 13:30:00,94.954,94.988,94.918,94.921,498,14,0
2026-08-24 13:45:00,94.923,94.96,94.912,94.934,451,14,0
2026-08-24 14:00:00,94.932,94.943,94.904,94.942,378,14,0
2026-08-24 14:15:00,94.938,94.947,94.907,94.924,316,14,0
2026-08-24 14:30:00,94.927,94.932,94.867,94.872,292,14,0
2026-08-24 14:45:00,94.875,94.891,94.839,94.848,351,14,0
2026-08-24 15:00:00,94.847,94.884,94.821,94.825,284,14,0
2026-08-24 15:15:00,94.824,94.87,94.805,94.851,371,14,0
2026-08-24 15:30:00,94.849,94.888,94.825,94.85,333,14,0
2026-08-24 15:45:00,94.847,94.853,94.785,94.794,228,14,0
2026-08-24 16:00:00,94.795,94.825,94.772,94.775,440,14,0
2026-08-24 16:15:00,94.776,94.788,94.764,94.78,169,14,0
2026-08-24 16:30:00,94.782,94.788,94.749,94.783,180,14,0
2026-08-24 16:45:00,94.78,94.791,94.765,94.765,184,14,0
2026-08-24 17:00:00,94.766,94.791,94.741,94.782,357,14,0
2026-08-24 17:15:00,94.78,94.78,94.73,94.737,284,14,0
2026-08-24 17:30:00,94.739,94.767,94.738,94.752,144,14,0
2026-08-24 17:45:00,94.75,94.756,94.725,94.75,174,14,0
2026-08-24 18:00:00,94.751,94.795,94.745,94.79,141,14,0
2026-08-24 18:15:00,94.794,94.826,94.789,94.824,159,14,0
2026-08-24 18:30:00,94.823,94.83,94.801,94.825,128,14,0
2026-08-24 18:45:00,94.824,94.83,94.806,94.814,152,14,0
2026-08-24 19:00:00,94.81,94.814,94.789,94.802,115,14,0
2026-08-24 19:15:00,94.804,94.823,94.8,94.804,84,14,0
2026-08-24 19:30:00,94.805,94.805,94.789,94.799,95,14,0
2026-08-24 19:45:00,94.797,94.819,94.793,94.81,129,14,0
2026-08-24 20:00:00,94.812,94.827,94.809,94.824,75,14,0
2026-08-24 20:15:00,94.823,94.823,94.806,94.815,50,14,0
2026-08-24 20:30:00,94.816,94.816,94.796,94.796,37,14,0
2026-08-24 20:45:00,94.797,94.81,94.779,94.781,76,14,0
2026-08-24 21:00:00,94.78,94.781,94.77,94.771,24,43,0
2026-08-24 21:15:00,94.77,94.77,94.735,94.742,71,43,0
2026-08-24 21:30:00,94.741,94.744,94.714,94.741,67,69,0
2026-08-24 21:45:00,94.742,94.769,94.742,94.769,49,38,0
2026-08-24 22:00:00,94.77,94.802,94.762,94.802,58,29,0
2026-08-24 22:15:00,94.804,94.82,94.804,94.82,31,26,0
2026-08-24 22:30:00,94.821,94.831,94.813,94.828,44,25,0
2026-08-24 22:45:00,94.828,94.834,94.822,94.827,19,24,0
2026-08-24 23:00:00,94.832,94.839,94.819,94.828,55,14,0
2026-08-24 23:15:00,94.83,94.84,94.82,94.836,40,14,0
2026-08-24 23:30:00,94.835,94.885,94.835,94.885,58,14,0
2026-08-24 23:45:00,94.887,94.94,94.887,94.922,192,14,0
2026-08-25 00:00:00,94.919,94.948,94.902,94.924,288,14,0
2026-08-25 00:15:00,94.926,94.929,94.908,94.921,193,14,0
2026-08-25 00:30:00,94.919,94.933,94.894,94.914,204,14,0
2026-08-25 00:45:00,94.916,94.941,94.888,94.938,336,14,0
2026-08-25 01:00:00,94.94,94.941,94.851,94.874,289,14,0
2026-08-25 01:15:00,94.877,94.883,94.846,94.857,229,14,0
2026-08-25 01:30:00,94.859,94.904,94.851,94.876,203,14,0
2026-08-25 01:45:00,94.877,94.932,94.873,94.906,230,14,0
2026-08-25 02:00:00,94.909,94.948,94.901,94.916,229,14,0
2026-08-25 02:15:00,94.915,94.967,94.903,94.966,178,14,0
2026-08-25 02:30:00,94.964,94.996,94.949,94.971,196,14,0
2026-08-25 02:45:00,94.969,95.019,94.969,95.001,260,14,0
2026-08-25 03:00:00,95.004,95.018,94.964,95.011,257,14,0
2026-08-25 03:15:00,95.012,95.041,95.012,95.031,123,14,0
2026-08-25 03:30:00,95.03,95.052,94.996,95.005,152,14,0
2026-08-25 03:45:00,95.004,95.004,94.942,94.946,123,14,0
2026-08-25 04:00:00,94.945,94.976,94.935,94.971,137,14,0
2026-08-25 04:15:00,94.97,94.97,94.924,94.929,103,14,0
2026-08-25 04:30:00,94.927,94.927,94.882,94.883,205,14,0
2026-08-25 04:45:00,94.882,94.888,94.835,94.885,189,14,0
2026-08-25 05:00:00,94.884,94.917,94.877,94.906,149,14,0
2026-08-25 05:15:00,94.907,94.915,94.877,94.903,134,14,0
2026-08-25 05:30:00,94.905,94.915,94.862,94.867,196,14,0
2026-08-25 05:45:00,94.87,94.88,94.838,94.849,174,14,0
2026-08-25 06:00:00,94.852,94.872,94.827,94.866,244,14,0
2026-08-25 06:15:00,94.864,94.92,94.861,94.911,206,14,0
2026-08-25 06:30:00,94.913,94.913,94.858,94.884,243,14,0
2026-08-25 06:45:00,94.882,94.889,94.841,94.887,218,14,0
2026-08-25 07:00:00,94.891,94.9,94.856,94.872,259,14,0
2026-08-25 07:15:00,94.874,94.897,94.854,94.882,262,14,0
2026-08-25 07:30:00,94.883,94.888,94.834,94.856,253,14,0
2026-08-25 07:45:00,94.859,94.882,94.851,94.876,207,14,0
2026-08-25 08:00:00,94.878,94.891,94.83,94.852,285,14,0
2026-08-25 08:15:00,94.854,94.96,94.854,94.915,562,14,0
2026-08-25 08:30:00,94.913,94.916,94.868,94.868,322,14,0
2026-08-25 08:45:00,94.871,94.889,94.856,94.877,254,14,0
2026-08-25 09:00:00,94.875,94.921,94.866,94.898,354,14,0
2026-08-25 09:15:00,94.901,94.931,94.878,94.884,286,14,0
2026-08-25 09:30:00,94.886,94.952,94.882,94.927,477,14,0
2026-08-25 09:45:00,94.924,94.979,94.919,94.949,312,14,0
2026-08-25 10:00:00,94.95,94.95,94.903,94.918,244,14,0
2026-08-25 10:15:00,94.92,94.931,94.898,94.902,167,14,0
2026-08-25 10:30:00,94.905,94.951,94.897,94.946,176,14,0
2026-08-25 10:45:00,94.945,94.974,94.937,94.969,152,14,0
2026-08-25 11:00:00,94.967,95.005,94.953,94.992,279,14,0
2026-08-25 11:15:00,94.994,95.022,94.987,95.015,203,14,0
2026-08-25 11:30:00,95.014,95.032,95.0,95.031,183,14,0
2026-08-25 11:45:00,95.034,95.06,94.986,94.992,229,14,0
2026-08-25 12:00:00,94.995,95.018,94.957,95.01,338,14,0
2026-08-25 12:15:00,95.009,95.011,94.959,94.978,239,14,0
2026-08-25 12:30:00,94.979,94.981,94.928,94.961,253,14,0
2026-08-25 12:45:00,94.963,95.018,94.945,95.016,226,14,0
2026-08-25 13:00:00,95.014,95.014,94.966,94.982,423,14,0
2026-08-25 13:15:00,94.98,95.003,94.962,94.966,299,14,0
2026-08-25 13:30:00,94.968,95.026,94.954,94.99,385,14,0
2026-08-25 13:45:00,94.991,95.005,94.962,95.0,294,14,0
2026-08-25 14:00:00,94.999,95.036,94.988,95.033,371,14,0
2026-08-25 14:15:00,95.032,95.061,95.029,95.055,281,14,0
2026-08-25 14:30:00,95.052,95.069,95.021,95.066,411,14,0
2026-08-25 14:45:00,95.067,95.082,95.04,95.05,322,14,0
2026-08-25 15:00:00,95.051,95.066,95.024,95.039,261,14,0
2026-08-25 15:15:00,95.041,95.063,95.028,95.049,199,14,0
2026-08-25 15:30:00,95.05,95.106,95.047,95.068,427,14,0
2026-08-25 15:45:00,95.071,95.072,95.045,95.058,222,14,0
2026-08-25 16:00:00,95.059,95.064,95.024,95.045,166,14,0
2026-08-25 16:15:00,95.043,95.064,95.038,95.056,137,14,0
2026-08-25 16:30:00,95.059,95.065,95.049,95.058,126,14,0
2026-08-25 16:45:00,95.057,95.069,95.057,95.068,126,14,0
2026-08-25 17:00:00,95.07,95.075,95.045,95.059,148,14,0
2026-08-25 17:15:00,95.058,95.092,95.058,95.079,120,14,0
2026-08-25 17:30:00,95.08,95.09,95.071,95.085,121,14,0
2026-08-25 17:45:00,95.084,95.101,95.08,95.093,115,14,0
2026-08-25 18:00:00,95.094,95.107,95.081,95.086,130,14,0
2026-08-25 18:15:00,95.088,95.099,95.072,95.099,89,14,0
2026-08-25 18:30:00,95.1,95.105,95.089,95.104,72,14,0
2026-08-25 18:45:00,95.103,95.111,95.097,95.101,96,14,0
2026-08-25 19:00:00,95.096,95.127,95.09,95.118,105,14,0
2026-08-25 19:15:00,95.116,95.126,95.102,95.107,120,14,0
2026-08-25 19:30:00,95.105,95.127,95.104,95.12,86,14,0
2026-08-25 19:45:00,95.119,95.154,95.105,95.154,257,14,0
2026-08-25 20:00:00,95.153,95.191,95.133,95.168,190,14,0
2026-08-25 20:15:00,95.167,95.176,95.149,95.168,118,14,0
2026-08-25 20:30:00,95.169,95.187,95.142,95.142,104,14,0
2026-08-25 20:45:00,95.14,95.163,95.123,95.134,106,14,0
2026-08-25 21:00:00,95.132,95.132,95.118,95.118,8,43,0
2026-08-25 21:15:00,95.116,95.124,95.095,95.12,58,49,0
2026-08-25 21:30:00,95.122,95.136,95.113,95.113,51,42,0
2026-08-25 21:45:00,95.115,95.128,95.076,95.128,107,42,0
2026-08-25 22:00:00,95.121,95.138,95.102,95.12,67,38,0
2026-08-25 22:15:00,95.119,95.133,95.107,95.125,43,32,0
2026-08-25 22:30:00,95.126,95.149,95.124,95.144,49,29,0
2026-08-25 22:45:00,95.145,95.166,95.145,95.163,29,27,0
2026-08-25 23:00:00,95.17,95.176,95.162,95.169,54,14,0
2026-08-25 23:15:00,95.17,95.18,95.162,95.169,60,14,0
2026-08-25 23:30:00,95.17,95.171,95.138,95.153,56,14,0
2026-08-25 23:45:00,95.151,95.168,95.124,95.124,127,14,0
2026-08-26 00:00:00,95.127,95.169,95.114,95.165,229,14,0
2026-08-26 00:15:00,95.164,95.179,95.139,95.141,166,14,0
2026-08-26 00:30:00,95.143,95.152,95.097,95.124,221,14,0
2026-08-26 00:45:00,95.122,95.133,95.064,95.096,303,14,0
2026-08-26 01:00:00,95.094,95.114,95.065,95.067,260,14,0
2026-08-26 01:15:00,95.066,95.086,95.052,95.06,199,14,0
2026-08-26 01:30:00,95.063,95.109,94.87,94.898,720,14,0
2026-08-26 01:45:00,94.897,94.901,94.736,94.84,812,14,0
2026-08-26 02:00:00,94.839,94.849,94.731,94.808,668,14,0
2026-08-26 02:15:00,94.807,94.82,94.741,94.819,408,14,0
2026-08-26 02:30:00,94.82,94.853,94.778,94.844,340,14,0
2026-08-26 02:45:00,94.843,94.847,94.78,94.791,225,14,0
2026-08-26 03:00:00,94.788,94.792,94.718,94.739,251,14,0
2026-08-26 03:15:00,94.738,94.766,94.702,94.729,218,14,0
2026-08-26 03:30:00,94.731,94.732,94.68,94.706,296,14,0
2026-08-26 03:45:00,94.708,94.723,94.661,94.687,230,14,0
2026-08-26 04:00:00,94.688,94.712,94.683,94.698,132,14,0
2026-08-26 04:15:00,94.7,94.709,94.674,94.695,197,14,0
2026-08-26 04:30:00,94.692,94.696,94.656,94.674,165,14,0
2026-08-26 04:45:00,94.673,94.682,94.654,94.677,186,14,0
2026-08-26 05:00:00,94.679,94.712,94.665,94.67,193,14,0
2026-08-26 05:15:00,94.669,94.697,94.661,94.684,127,14,0
2026-08-26 05:30:00,94.682,94.704,94.671,94.672,195,14,0
2026-08-26 05:45:00,94.674,94.706,94.656,94.68,180,14,0
2026-08-26 06:00:00,94.678,94.69,94.634,94.636,296,14,0
2026-08-26 06:15:00,94.637,94.675,94.593,94.593,337,14,0
2026-08-26 06:30:00,94.594,94.627,94.571,94.614,256,14,0
2026-08-26 06:45:00,94.612,94.612,94.557,94.59,202,14,0
2026-08-26 07:00:00,94.592,94.625,94.561,94.625,332,14,0
2026-08-26 07:15:00,94.627,94.634,94.591,94.62,193,14,0
2026-08-26 07:30:00,94.617,94.655,94.606,94.629,203,14,0
2026-08-26 07:45:00,94.627,94.689,94.627,94.689,225,14,0
2026-08-26 08:00:00,94.687,94.741,94.67,94.741,264,14,0
2026-08-26 08:15:00,94.738,94.747,94.694,94.715,271,14,0
2026-08-26 08:30:00,94.713,94.721,94.695,94.697,243,14,0
2026-08-26 08:45:00,94.698,94.713,94.684,94.702,178,14,0
2026-08-26 09:00:00,94.701,94.721,94.685,94.696,205,14,0
2026-08-26 09:15:00,94.697,94.703,94.631,94.648,221,14,0
2026-08-26 09:30:00,94.651,94.668,94.638,94.658,166,14,0
2026-08-26 09:45:00,94.656,94.683,94.656,94.673,155,14,0
2026-08-26 10:00:00,94.674,94.693,94.669,94.685,95,14,0
2026-08-26 10:15:00,94.687,94.691,94.673,94.677,122,14,0
2026-08-26 10:30:00,94.68,94.701,94.67,94.697,133,14,0
2026-08-26 10:45:00,94.698,94.723,94.694,94.707,146,14,0
2026-08-26 11:00:00,94.705,94.718,94.681,94.706,182,14,0
2026-08-26 11:15:00,94.708,94.743,94.692,94.721,165,14,0
2026-08-26 11:30:00,94.723,94.756,94.718,94.75,192,14,0
2026-08-26 11:45:00,94.749,94.771,94.744,94.761,162,14,0
2026-08-26 12:00:00,94.763,94.793,94.755,94.79,256,14,0
2026-08-26 12:15:00,94.792,94.8,94.741,94.753,288,14,0
2026-08-26 12:30:00,94.754,94.765,94.683,94.699,659,14,0
2026-08-26 12:45:00,94.7,94.738,94.668,94.673,495,14,0
2026-08-26 13:00:00,94.672,94.703,94.663,94.689,463,14,0
2026-08-26 13:15:00,94.687,94.73,94.668,94.728,370,14,0
2026-08-26 13:30:00,94.73,94.764,94.684,94.751,448,14,0
2026-08-26 13:45:00,94.753,94.778,94.739,94.76,435,14,0
2026-08-26 14:00:00,94.762,94.762,94.713,94.733,421,14,0
2026-08-26 14:15:00,94.729,94.731,94.631,94.633,374,14,0
2026-08-26 14:30:00,94.634,94.671,94.627,94.637,317,14,0
2026-08-26 14:45:00,94.636,94.636,94.568,94.573,363,14,0
2026-08-26 15:00:00,94.571,94.635,94.568,94.589,333,14,0
2026-08-26 15:15:00,94.592,94.614,94.572,94.613,244,14,0
2026-08-26 15:30:00,94.615,94.644,94.605,94.639,220,14,0
2026-08-26 15:45:00,94.638,94.644,94.582,94.613,372,14,0
2026-08-26 16:00:00,94.615,94.655,94.6,94.626,214,14,0
2026-08-26 16:15:00,94.629,94.655,94.614,94.65,188,14,0
2026-08-26 16:30:00,94.648,94.665,94.638,94.638,178,14,0
2026-08-26 16:45:00,94.637,94.678,94.637,94.674,184,14,0
2026-08-26 17:00:00,94.675,94.696,94.669,94.696,146,14,0
2026-08-26 17:15:00,94.697,94.708,94.692,94.706,121,14,0
2026-08-26 17:30:00,94.707,94.716,94.7,94.71,87,14,0
2026-08-26 17:45:00,94.708,94.729,94.707,94.724,110,14,0
2026-08-26 18:00:00,94.726,94.747,94.72,94.726,106,14,0
2026-08-26 18:15:00,94.724,94.733,94.709,94.711,70,14,0
2026-08-26 18:30:00,94.713,94.724,94.707,94.723,87,14,0
2026-08-26 18:45:00,94.721,94.721,94.638,94.643,79,14,0
2026-08-26 19:00:00,94.638,94.712,94.626,94.692,118,14,0
2026-08-26 19:15:00,94.694,94.709,94.694,94.702,59,14,0
2026-08-26 19:30:00,94.703,94.703,94.676,94.683,100,14,0
2026-08-26 19:45:00,94.686,94.693,94.664,94.679,103,14,0
2026-08-26 20:00:00,94.678,94.7,94.676,94.68,74,14,0
2026-08-26 20:15:00,94.678,94.68,94.651,94.652,64,14,0
2026-08-26 20:30:00,94.654,94.682,94.651,94.656,69,14,0
2026-08-26 20:45:00,94.654,94.668,94.636,94.661,112,14,0
2026-08-26 21:00:00,94.662,94.662,94.658,94.658,5,43,0
2026-08-26 21:15:00,94.659,94.67,94.657,94.661,31,24,0
2026-08-26 21:30:00,94.66,94.664,94.646,94.661,56,24,0
2026-08-26 21:45:00,94.664,94.667,94.658,94.667,34,18,0
2026-08-26 22:00:00,94.669,94.711,94.66,94.683,102,37,0
2026-08-26 22:15:00,94.684,94.698,94.679,94.682,52,32,0
2026-08-26 22:30:00,94.686,94.702,94.677,94.7,49,29,0
2026-08-26 22:45:00,94.702,94.703,94.676,94.685,47,26,0
2026-08-26 23:00:00,94.691,94.704,94.683,94.703,100,14,0
2026-08-26 23:15:00,94.702,94.733,94.702,94.72,143,14,0
2026-08-26 23:30:00,94.719,94.751,94.719,94.739,74,14,0
2026-08-26 23:45:00,94.742,94.75,94.702,94.702,186,14,0
2026-08-27 00:00:00,94.705,94.709,94.573,94.587,406,14,0
2026-08-27 00:15:00,94.584,94.639,94.572,94.633,276,14,0
2026-08-27 00:30:00,94.634,94.664,94.616,94.625,277,14,0
2026-08-27 00:45:00,94.626,94.685,94.594,94.677,357,14,0
2026-08-27 01:00:00,94.679,94.721,94.675,94.679,374,14,0
2026-08-27 01:15:00,94.678,94.735,94.655,94.667,277,14,0
2026-08-27 01:30:00,94.665,94.738,94.661,94.663,393,14,0
2026-08-27 01:45:00,94.661,94.753,94.652,94.751,256,14,0
2026-08-27 02:00:00,94.754,94.807,94.747,94.798,204,14,0
2026-08-27 02:15:00,94.8,94.836,94.798,94.822,184,14,0
2026-08-27 02:30:00,94.819,94.855,94.781,94.813,186,14,0
2026-08-27 02:45:00,94.811,94.856,94.801,94.842,227,14,0
2026-08-27 03:00:00,94.844,94.859,94.822,94.859,201,14,0
2026-08-27 03:15:00,94.858,94.876,94.854,94.867,116,14,0
2026-08-27 03:30:00,94.869,94.872,94.834,94.834,120,14,0
2026-08-27 03:45:00,94.836,94.857,94.829,94.841,116,14,0
2026-08-27 04:00:00,94.839,94.879,94.839,94.859,125,14,0
2026-08-27 04:15:00,94.858,94.865,94.836,94.85,97,14,0
2026-08-27 04:30:00,94.851,94.851,94.815,94.818,116,14,0
2026-08-27 04:45:00,94.816,94.852,94.816,94.839,135,14,0
2026-08-27 05:00:00,94.84,94.843,94.79,94.797,174,14,0
2026-08-27 05:15:00,94.795,94.804,94.763,94.791,170,14,0
2026-08-27 05:30:00,94.789,94.802,94.766,94.789,159,14,0
2026-08-27 05:45:00,94.79,94.809,94.771,94.788,197,14,0
2026-08-27 06:00:00,94.79,94.798,94.757,94.787,229,14,0
2026-08-27 06:15:00,94.789,94.806,94.778,94.793,195,14,0
2026-08-27 06:30:00,94.795,94.801,94.769,94.78,213,14,0
2026-08-27 06:45:00,94.781,94.802,94.757,94.794,216,14,0
2026-08-27 07:00:00,94.792,94.798,94.742,94.751,273,14,0
2026-08-27 07:15:00,94.748,94.748,94.659,94.669,248,14,0
2026-08-27 07:30:00,94.666,94.702,94.656,94.69,222,14,0
2026-08-27 07:45:00,94.692,94.704,94.653,94.659,248,14,0
2026-08-27 08:00:00,94.658,94.728,94.658,94.696,286,14,0
2026-08-27 08:15:00,94.698,94.723,94.674,94.714,214,14,0
2026-08-27 08:30:00,94.713,94.724,94.687,94.691,222,14,0
2026-08-27 08:45:00,94.692,94.698,94.665,94.669,207,14,0
2026-08-27 09:00:00,94.67,94.682,94.642,94.67,290,14,0
2026-08-27 09:15:00,94.672,94.705,94.658,94.702,215,14,0
2026-08-27 09:30:00,94.7,94.704,94.673,94.69,237,14,0
2026-08-27 09:45:00,94.692,94.715,94.681,94.695,191,14,0
2026-08-27 10:00:00,94.696,94.762,94.686,94.757,212,14,0
2026-08-27 10:15:00,94.759,94.766,94.734,94.753,175,14,0
2026-08-27 10:30:00,94.754,94.759,94.737,94.757,193,14,0
2026-08-27 10:45:00,94.758,94.781,94.749,94.774,156,14,0
2026-08-27 11:00:00,94.773,94.776,94.742,94.75,183,14,0
2026-08-27 11:15:00,94.752,94.79,94.75,94.777,173,14,0
2026-08-27 11:30:00,94.779,94.813,94.771,94.808,262,14,0
2026-08-27 11:45:00,94.807,94.852,94.805,94.846,249,14,0
2026-08-27 12:00:00,94.847,94.878,94.825,94.842,367,14,0
2026-08-27 12:15:00,94.844,94.853,94.796,94.796,311,14,0
2026-08-27 12:30:00,94.81,94.84,94.767,94.802,303,14,0
2026-08-27 12:45:00,94.804,94.811,94.782,94.799,238,14,0
2026-08-27 13:00:00,94.801,94.894,94.784,94.886,366,14,0
2026-08-27 13:15:00,94.888,94.942,94.872,94.9,333,14,0
2026-08-27 13:30:00,94.898,94.903,94.858,94.862,380,14,0
2026-08-27 13:45:00,94.86,94.885,94.824,94.859,417,14,0
2026-08-27 14:00:00,94.858,94.865,94.812,94.822,388,14,0
2026-08-27 14:15:00,94.82,94.848,94.791,94.793,275,14,0
2026-08-27 14:30:00,94.792,94.812,94.767,94.812,300,14,0
2026-08-27 14:45:00,94.814,94.824,94.718,94.753,413,14,0
2026-08-27 15:00:00,94.751,94.784,94.724,94.78,332,14,0
2026-08-27 15:15:00,94.781,94.789,94.761,94.771,213,14,0
2026-08-27 15:30:00,94.772,94.79,94.752,94.752,176,14,0
2026-08-27 15:45:00,94.751,94.791,94.745,94.789,191,14,0
2026-08-27 16:00:00,94.791,94.795,94.758,94.775,153,14,0
2026-08-27 16:15:00,94.772,94.793,94.761,94.774,152,14,0
2026-08-27 16:30:00,94.777,94.784,94.766,94.784,126,14,0
2026-08-27 16:45:00,94.782,94.801,94.78,94.801,154,14,0
2026-08-27 17:00:00,94.8,94.817,94.794,94.814,128,14,0
2026-08-27 17:15:00,94.813,94.817,94.799,94.804,96,14,0
2026-08-27 17:30:00,94.803,94.836,94.803,94.827,99,14,0
2026-08-27 17:45:00,94.829,94.84,94.815,94.84,150,14,0
2026-08-27 18:00:00,94.842,94.851,94.825,94.828,162,14,0
2026-08-27 18:15:00,94.831,94.833,94.798,94.798,122,14,0
2026-08-27 18:30:00,94.797,94.83,94.796,94.822,91,14,0
2026-08-27 18:45:00,94.82,94.844,94.817,94.842,91,14,0
2026-08-27 19:00:00,94.838,94.841,94.826,94.836,106,14,0
2026-08-27 19:15:00,94.834,94.844,94.827,94.831,65,14,0
2026-08-27 19:30:00,94.833,94.835,94.822,94.832,71,14,0
2026-08-27 19:45:00,94.831,94.84,94.817,94.835,94,14,0
2026-08-27 20:00:00,94.836,94.84,94.826,94.829,59,14,0
2026-08-27 20:15:00,94.828,94.832,94.814,94.814,44,14,0
2026-08-27 20:30:00,94.816,94.824,94.813,94.814,25,14,0
2026-08-27 20:45:00,94.812,94.843,94.812,94.827,64,14,0
2026-08-27 21:00:00,94.828,94.828,94.821,94.822,39,43,0
2026-08-27 21:15:00,94.823,94.834,94.819,94.834,78,43,0
2026-08-27 21:30:00,94.834,94.834,94.821,94.829,76,49,0
2026-08-27 21:45:00,94.825,94.834,94.786,94.834,64,55,0
2026-08-27 22:00:00,94.842,94.842,94.807,94.82,53,29,0
2026-08-27 22:15:00,94.821,94.841,94.821,94.841,41,26,0
2026-08-27 22:30:00,94.84,94.865,94.84,94.86,44,24,0
2026-08-27 22:45:00,94.859,94.877,94.853,94.872,49,24,0
2026-08-27 23:00:00,94.878,94.909,94.872,94.896,72,14,0
2026-08-27 23:15:00,94.898,94.901,94.869,94.878,66,14,0
2026-08-27 23:30:00,94.877,94.887,94.861,94.878,73,14,0
2026-08-27 23:45:00,94.88,94.891,94.852,94.858,104,14,0
2026-08-28 00:00:00,94.861,94.913,94.847,94.906,190,14,0
2026-08-28 00:15:00,94.904,94.91,94.894,94.909,136,14,0
2026-08-28 00:30:00,94.911,94.918,94.895,94.909,117,14,0
2026-08-28 00:45:00,94.911,94.916,94.874,94.906,237,14,0
2026-08-28 01:00:00,94.903,94.947,94.894,94.924,197,14,0
2026-08-28 01:15:00,94.926,94.958,94.926,94.951,196,14,0
2026-08-28 01:30:00,94.955,95.024,94.955,94.988,242,14,0
2026-08-28 01:45:00,94.989,95.013,94.971,94.992,221,14,0
2026-08-28 02:00:00,94.993,95.011,94.984,95.002,147,14,0
2026-08-28 02:15:00,95.004,95.04,94.982,95.012,188,14,0
2026-08-28 02:30:00,95.015,95.052,95.015,95.025,143,14,0
2026-08-28 02:45:00,95.026,95.087,95.026,95.083,143,14,0
2026-08-28 03:00:00,95.081,95.112,95.077,95.105,122,14,0
2026-08-28 03:15:00,95.106,95.108,95.087,95.096,95,14,0
2026-08-28 03:30:00,95.094,95.116,95.048,95.049,117,14,0
2026-08-28 03:45:00,95.047,95.068,95.038,95.064,97,14,0
2026-08-28 04:00:00,95.063,95.085,95.062,95.083,114,14,0
2026-08-28 04:15:00,95.085,95.11,95.084,95.094,82,14,0
2026-08-28 04:30:00,95.092,95.107,95.08,95.084,104,14,0
2026-08-28 04:45:00,95.086,95.105,95.021,95.021,135,14,0
2026-08-28 05:00:00,95.022,95.061,95.008,95.038,273,14,0
2026-08-28 05:15:00,95.037,95.065,95.037,95.053,126,14,0
2026-08-28 05:30:00,95.051,95.075,95.0,95.004,200,14,0
2026-08-28 05:45:00,95.005,95.017,94.989,94.993,174,14,0
2026-08-28 06:00:00,94.99,95.048,94.985,95.044,278,14,0
2026-08-28 06:15:00,95.045,95.065,95.028,95.058,250,14,0
2026-08-28 06:30:00,95.056,95.06,94.992,95.024,341,14,0
2026-08-28 06:45:00,95.026,95.04,95.005,95.022,270,14,0
2026-08-28 07:00:00,95.021,95.035,94.991,95.011,242,14,0
2026-08-28 07:15:00,95.01,95.015,94.968,94.978,277,14,0
2026-08-28 07:30:00,94.981,95.04,94.981,95.012,287,14,0
2026-08-28 07:45:00,95.011,95.062,95.004,95.039,180,14,0
2026-08-28 08:00:00,95.036,95.063,95.029,95.048,204,14,0
2026-08-28 08:15:00,95.047,95.068,95.015,95.023,198,14,0
2026-08-28 08:30:00,95.024,95.028,94.974,94.984,192,14,0
2026-08-28 08:45:00,94.986,94.989,94.945,94.947,176,14,0
2026-08-28 09:00:00,94.948,94.966,94.913,94.952,240,14,0
2026-08-28 09:15:00,94.951,94.983,94.949,94.962,205,14,0
2026-08-28 09:30:00,94.959,94.995,94.958,94.995,166,14,0
2026-08-28 09:45:00,94.994,95.01,94.978,94.99,174,14,0
2026-08-28 10:00:00,94.988,95.024,94.988,95.017,158,14,0
2026-08-28 10:15:00,95.016,95.027,95.0,95.023,148,14,0
2026-08-28 10:30:00,95.025,95.041,95.021,95.036,137,14,0
2026-08-28 10:45:00,95.037,95.042,95.014,95.031,154,14,0
2026-08-28 11:00:00,95.032,95.035,94.996,95.002,177,14,0
2026-08-28 11:15:00,95.001,95.003,94.966,94.987,154,14,0
2026-08-28 11:30:00,94.989,94.998,94.95,94.95,194,14,0
2026-08-28 11:45:00,94.947,94.959,94.902,94.903,198,14,0
2026-08-28 12:00:00,94.906,94.93,94.887,94.922,239,14,0
2026-08-28 12:15:00,94.92,94.92,94.877,94.877,207,14,0
2026-08-28 12:30:00,94.876,94.888,94.856,94.884,231,14,0
2026-08-28 12:45:00,94.883,94.938,94.878,94.932,289,14,0
2026-08-28 13:00:00,94.931,94.98,94.93,94.958,264,14,0
2026-08-28 13:15:00,94.959,94.989,94.943,94.947,249,14,0
2026-08-28 13:30:00,94.948,94.988,94.947,94.976,280,14,0
2026-08-28 13:45:00,94.975,95.005,94.901,94.95,542,14,0
2026-08-28 14:00:00,94.94,95.03,94.654,94.729,2412,14,0
2026-08-28 14:15:00,94.731,94.792,94.625,94.699,1215,14,0
2026-08-28 14:30:00,94.701,94.808,94.696,94.773,1074,14,0
2026-08-28 14:45:00,94.775,94.872,94.73,94.824,765,14,0
2026-08-28 15:00:00,94.826,94.846,94.731,94.744,682,14,0
2026-08-28 15:15:00,94.743,94.772,94.713,94.73,521,14,0
2026-08-28 15:30:00,94.731,94.742,94.636,94.666,539,14,0
2026-08-28 15:45:00,94.668,94.686,94.58,94.596,557,14,0
2026-08-28 16:00:00,94.593,94.615,94.573,94.574,462,14,0
2026-08-28 16:15:00,94.576,94.617,94.55,94.609,466,14,0
2026-08-28 16:30:00,94.608,94.646,94.608,94.62,378,14,0
2026-08-28 16:45:00,94.623,94.675,94.621,94.654,330,14,0
2026-08-28 17:00:00,94.652,94.667,94.615,94.665,290,14,0
2026-08-28 17:15:00,94.666,94.679,94.652,94.653,221,14,0
2026-08-28 17:30:00,94.651,94.657,94.621,94.638,214,14,0
2026-08-28 17:45:00,94.637,94.648,94.629,94.639,181,14,0
2026-08-28 18:00:00,94.64,94.642,94.616,94.619,186,14,0
2026-08-28 18:15:00,94.621,94.635,94.61,94.627,180,14,0
2026-08-28 18:30:00,94.628,94.634,94.606,94.622,158,14,0
2026-08-28 18:45:00,94.623,94.623,94.6,94.611,148,14,0
2026-08-28 19:00:00,94.614,94.628,94.591,94.625,203,14,0
2026-08-28 19:15:00,94.623,94.648,94.622,94.645,119,14,0
2026-08-28 19:30:00,94.647,94.674,94.643,94.67,156,14,0
2026-08-28 19:45:00,94.667,94.67,94.642,94.653,173,14,0
2026-08-28 20:00:00,94.654,94.659,94.632,94.64,114,14,0
2026-08-28 20:15:00,94.643,94.647,94.608,94.612,111,14,0
2026-08-28 20:30:00,94.614,94.651,94.614,94.645,113,14,0
2026-08-28 20:45:00,94.647,94.692,94.639,94.657,253,14,0
2026-08-30 21:15:00,94.614,94.623,94.595,94.623,10,101,0
2026-08-30 21:30:00,94.628,94.699,94.569,94.641,104,93,0
2026-08-30 21:45:00,94.652,94.714,94.642,94.714,96,67,0
2026-08-30 22:00:00,94.736,94.736,94.641,94.649,113,43,0
2026-08-30 22:15:00,94.649,94.667,94.639,94.651,66,39,0
2026-08-30 22:30:00,94.653,94.703,94.646,94.654,91,37,0
2026-08-30 22:45:00,94.655,94.686,94.655,94.686,74,35,0
2026-08-30 23:00:00,94.697,94.767,94.697,94.756,195,14,0
2026-08-30 23:15:00,94.754,94.761,94.746,94.75,116,14,0
2026-08-30 23:30:00,94.748,94.758,94.731,94.753,149,14,0
2026-08-30 23:45:00,94.751,94.781,94.723,94.772,239,14,0
2026-08-31 00:00:00,94.77,94.774,94.687,94.699,440,14,0
2026-08-31 00:15:00,94.698,94.703,94.62,94.633,289,14,0
2026-08-31 00:30:00,94.635,94.693,94.634,94.686,228,14,0
2026-08-31 00:45:00,94.685,94.686,94.612,94.615,383,14,0
2026-08-31 01:00:00,94.618,94.619,94.462,94.471,525,14,0
2026-08-31 01:15:00,94.473,94.481,94.325,94.399,637,14,0
2026-08-31 01:30:00,94.397,94.508,94.369,94.508,517,14,0
2026-08-31 01:45:00,94.507,94.519,94.467,94.503,289,14,0
2026-08-31 02:00:00,94.501,94.56,94.499,94.53,298,14,0
2026-08-31 02:15:00,94.531,94.545,94.492,94.528,321,14,0
2026-08-31 02:30:00,94.525,94.553,94.477,94.504,322,14,0
2026-08-31 02:45:00,94.501,94.559,94.498,94.547,210,14,0
2026-08-31 03:00:00,94.548,94.595,94.536,94.591,175,14,0
2026-08-31 03:15:00,94.593,94.618,94.584,94.599,142,14,0
2026-08-31 03:30:00,94.597,94.612,94.582,94.604,180,14,0
2026-08-31 03:45:00,94.601,94.608,94.591,94.605,89,14,0
2026-08-31 04:00:00,94.606,94.609,94.564,94.583,147,14,0
2026-08-31 04:15:00,94.585,94.598,94.561,94.582,164,14,0
2026-08-31 04:30:00,94.58,94.585,94.538,94.541,151,14,0
2026-08-31 04:45:00,94.543,94.586,94.543,94.586,143,14,0
2026-08-31 05:00:00,94.584,94.586,94.523,94.545,149,14,0
2026-08-31 05:15:00,94.543,94.571,94.54,94.559,165,14,0
2026-08-31 05:30:00,94.556,94.559,94.513,94.554,196,14,0
2026-08-31 05:45:00,94.556,94.572,94.534,94.57,189,14,0
2026-08-31 06:00:00,94.574,94.58,94.509,94.526,278,14,0
2026-08-31 06:15:00,94.525,94.572,94.522,94.566,266,14,0
2026-08-31 06:30:00,94.567,94.592,94.547,94.552,258,14,0
2026-08-31 06:45:00,94.553,94.57,94.526,94.526,264,14,0
2026-08-31 07:00:00,94.527,94.533,94.439,94.441,366,14,0
2026-08-31 07:15:00,94.44,94.451,94.39,94.45,440,14,0
2026-08-31 07:30:00,94.449,94.456,94.403,94.421,388,14,0
2026-08-31 07:45:00,94.422,94.442,94.404,94.434,342,14,0
2026-08-31 08:00:00,94.431,94.448,94.406,94.415,423,14,0
2026-08-31 08:15:00,94.416,94.433,94.385,94.424,290,14,0
2026-08-31 08:30:00,94.426,94.427,94.385,94.412,285,14,0
2026-08-31 08:45:00,94.409,94.474,94.407,94.469,271,14,0
2026-08-31 09:00:00,94.467,94.506,94.464,94.475,273,14,0
2026-08-31 09:15:00,94.476,94.481,94.434,94.436,215,14,0
2026-08-31 09:30:00,94.435,94.483,94.434,94.483,193,14,0
2026-08-31 09:45:00,94.485,94.496,94.462,94.469,158,14,0
2026-08-31 10:00:00,94.471,94.52,94.463,94.494,246,14,0
2026-08-31 10:15:00,94.496,94.506,94.482,94.482,193,14,0
2026-08-31 10:30:00,94.48,94.482,94.448,94.457,173,14,0
2026-08-31 10:45:00,94.455,94.455,94.425,94.428,155,14,0
2026-08-31 11:00:00,94.429,94.431,94.396,94.397,201,14,0
2026-08-31 11:15:00,94.4,94.454,94.393,94.449,224,14,0
2026-08-31 11:30:00,94.447,94.462,94.428,94.441,236,14,0
2026-08-31 11:45:00,94.443,94.457,94.427,94.455,190,14,0
2026-08-31 12:00:00,94.454,94.494,94.448,94.49,333,14,0
2026-08-31 12:15:00,94.492,94.517,94.466,94.505,307,14,0
2026-08-31 12:30:00,94.507,94.513,94.452,94.452,352,14,0
2026-08-31 12:45:00,94.45,94.543,94.444,94.537,306,14,0
2026-08-31 13:00:00,94.534,94.568,94.531,94.562,272,14,0
2026-08-31 13:15:00,94.561,94.587,94.543,94.57,266,14,0
2026-08-31 13:30:00,94.574,94.577,94.545,94.552,335,14,0
2026-08-31 13:45:00,94.553,94.59,94.535,94.585,363,14,0
2026-08-31 14:00:00,94.587,94.589,94.557,94.574,307,14,0
2026-08-31 14:15:00,94.572,94.614,94.566,94.576,248,14,0
2026-08-31 14:30:00,94.574,94.584,94.493,94.525,555,14,0
2026-08-31 14:45:00,94.527,94.552,94.42,94.435,743,14,0
2026-08-31 15:00:00,94.433,94.471,94.422,94.441,481,14,0
2026-08-31 15:15:00,94.439,94.478,94.406,94.463,253,14,0
2026-08-31 15:30:00,94.461,94.491,94.457,94.471,248,14,0
2026-08-31 15:45:00,94.469,94.512,94.459,94.493,209,14,0
2026-08-31 16:00:00,94.495,94.497,94.462,94.493,202,14,0
2026-08-31 16:15:00,94.491,94.497,94.468,94.479,133,14,0
2026-08-31 16:30:00,94.48,94.501,94.472,94.488,106,14,0
2026-08-31 16:45:00,94.49,94.505,94.473,94.505,138,14,0
2026-08-31 17:00:00,94.508,94.515,94.488,94.503,102,14,0
2026-08-31 17:15:00,94.5,94.507,94.474,94.477,95,14,0
2026-08-31 17:30:00,94.478,94.511,94.475,94.51,93,14,0
2026-08-31 17:45:00,94.512,94.517,94.498,94.498,79,14,0
2026-08-31 18:00:00,94.497,94.506,94.478,94.506,106,14,0
2026-08-31 18:15:00,94.504,94.504,94.479,94.486,102,14,0
2026-08-31 18:30:00,94.488,94.523,94.488,94.523,147,14,0
2026-08-31 18:45:00,94.524,94.537,94.512,94.53,151,14,0
2026-08-31 19:00:00,94.529,94.536,94.508,94.511,142,14,0
2026-08-31 19:15:00,94.508,94.516,94.506,94.509,74,14,0
2026-08-31 19:30:00,94.507,94.532,94.493,94.501,141,14,0
2026-08-31 19:45:00,94.502,94.543,94.501,94.504,178,14,0
2026-08-31 20:00:00,94.506,94.509,94.482,94.482,101,14,0
2026-08-31 20:15:00,94.484,94.487,94.471,94.48,48,14,0
2026-08-31 20:30:00,94.481,94.512,94.481,94.505,72,14,0
2026-08-31 20:45:00,94.508,94.51,94.481,94.482,90,14,0
2026-08-31 21:00:00,94.481,94.484,94.466,94.466,24,43,0
2026-08-31 21:15:00,94.463,94.471,94.439,94.454,83,46,0
2026-08-31 21:30:00,94.454,94.481,94.443,94.445,94,74,0
2026-08-31 21:45:00,94.443,94.477,94.428,94.477,90,52,0
2026-08-31 22:00:00,94.479,94.515,94.479,94.497,55,26,0
2026-08-31 22:15:00,94.493,94.508,94.492,94.5,26,25,0
2026-08-31 22:30:00,94.499,94.514,94.499,94.512,30,24,0
2026-08-31 22:45:00,94.511,94.513,94.506,94.513,19,23,0
2026-08-31 23:00:00,94.517,94.54,94.515,94.54,104,14,0
2026-08-31 23:15:00,94.539,94.539,94.512,94.529,98,14,0
2026-08-31 23:30:00,94.53,94.558,94.53,94.546,91,14,0
2026-08-31 23:45:00,94.547,94.595,94.54,94.588,172,14,0
2026-09-01 00:00:00,94.591,94.703,94.591,94.643,448,14,0
2026-09-01 00:15:00,94.642,94.67,94.632,94.647,296,14,0
2026-09-01 00:30:00,94.645,94.653,94.579,94.583,215,14,0
2026-09-01 00:45:00,94.581,94.597,94.549,94.597,307,14,0
2026-09-01 01:00:00,94.599,94.608,94.48,94.494,340,14,0
2026-09-01 01:15:00,94.496,94.514,94.461,94.469,294,14,0
2026-09-01 01:30:00,94.471,94.527,94.471,94.527,314,14,0
2026-09-01 01:45:00,94.526,94.527,94.438,94.465,280,14,0
2026-09-01 02:00:00,94.467,94.499,94.447,94.459,320,14,0
2026-09-01 02:15:00,94.46,94.49,94.457,94.472,216,14,0
2026-09-01 02:30:00,94.471,94.476,94.415,94.423,241,14,0
2026-09-01 02:45:00,94.422,94.456,94.406,94.45,162,14,0
2026-09-01 03:00:00,94.452,94.452,94.396,94.428,215,14,0
2026-09-01 03:15:00,94.429,94.433,94.376,94.383,200,14,0
2026-09-01 03:30:00,94.385,94.446,94.384,94.413,173,14,0
2026-09-01 03:45:00,94.412,94.421,94.39,94.39,146,14,0
2026-09-01 04:00:00,94.389,94.418,94.377,94.416,172,14,0
2026-09-01 04:15:00,94.415,94.426,94.401,94.402,116,14,0
2026-09-01 04:30:00,94.401,94.422,94.395,94.414,133,14,0
2026-09-01 04:45:00,94.411,94.442,94.41,94.442,143,14,0
2026-09-01 05:00:00,94.444,94.473,94.444,94.464,156,14,0
2026-09-01 05:15:00,94.463,94.475,94.447,94.472,144,14,0
2026-09-01 05:30:00,94.47,94.509,94.468,94.502,245,14,0
2026-09-01 05:45:00,94.499,94.525,94.477,94.479,209,14,0
2026-09-01 06:00:00,94.478,94.509,94.465,94.489,291,14,0
2026-09-01 06:15:00,94.49,94.526,94.468,94.482,264,14,0
2026-09-01 06:30:00,94.481,94.513,94.458,94.481,285,14,0
2026-09-01 06:45:00,94.484,94.486,94.445,94.475,265,14,0
2026-09-01 07:00:00,94.477,94.528,94.469,94.522,400,14,0
2026-09-01 07:15:00,94.523,94.536,94.495,94.496,224,14,0
2026-09-01 07:30:00,94.498,94.506,94.414,94.415,338,14,0
2026-09-01 07:45:00,94.412,94.441,94.403,94.423,222,14,0
2026-09-01 08:00:00,94.424,94.454,94.402,94.408,429,14,0
2026-09-01 08:15:00,94.411,94.419,94.367,94.392,269,14,0
2026-09-01 08:30:00,94.39,94.393,94.285,94.303,403,14,0
2026-09-01 08:45:00,94.305,94.316,94.265,94.265,317,14,0
2026-09-01 09:00:00,94.268,94.292,94.248,94.253,305,14,0
2026-09-01 09:15:00,94.25,94.286,94.236,94.286,261,14,0
2026-09-01 09:30:00,94.283,94.347,94.256,94.337,260,14,0
2026-09-01 09:45:00,94.335,94.371,94.333,94.344,245,14,0
2026-09-01 10:00:00,94.342,94.36,94.318,94.345,255,14,0
2026-09-01 10:15:00,94.347,94.379,94.338,94.375,234,14,0
2026-09-01 10:30:00,94.378,94.396,94.361,94.366,161,14,0
2026-09-01 10:45:00,94.368,94.404,94.365,94.381,217,14,0
2026-09-01 11:00:00,94.384,94.398,94.352,94.377,235,14,0
2026-09-01 11:15:00,94.379,94.412,94.344,94.375,483,14,0
2026-09-01 11:30:00,94.374,94.385,94.353,94.373,236,14,0
2026-09-01 11:45:00,94.372,94.394,94.362,94.367,214,14,0
2026-09-01 12:00:00,94.365,94.367,94.331,94.36,277,14,0
2026-09-01 12:15:00,94.361,94.434,94.351,94.423,268,14,0
2026-09-01 12:30:00,94.42,94.462,94.419,94.457,346,14,0
2026-09-01 12:45:00,94.459,94.496,94.402,94.496,410,14,0
2026-09-01 13:00:00,94.494,94.505,94.439,94.439,373,14,0
2026-09-01 13:15:00,94.438,94.484,94.438,94.446,255,14,0
2026-09-01 13:30:00,94.444,94.508,94.434,94.506,399,14,0
2026-09-01 13:45:00,94.507,94.558,94.493,94.522,377,14,0
2026-09-01 14:00:00,94.551,94.585,94.503,94.543,509,14,0
2026-09-01 14:15:00,94.546,94.548,94.458,94.459,371,14,0
2026-09-01 14:30:00,94.457,94.517,94.44,94.515,399,14,0
2026-09-01 14:45:00,94.513,94.537,94.451,94.492,429,14,0
2026-09-01 15:00:00,94.495,94.523,94.451,94.467,389,14,0
2026-09-01 15:15:00,94.466,94.5,94.454,94.491,271,14,0
2026-09-01 15:30:00,94.488,94.488,94.459,94.465,242,14,0
2026-09-01 15:45:00,94.466,94.471,94.433,94.459,237,14,0
2026-09-01 16:00:00,94.457,94.46,94.415,94.433,261,14,0
2026-09-01 16:15:00,94.43,94.444,94.396,94.404,382,14,0
2026-09-01 16:30:00,94.401,94.405,94.349,94.351,319,14,0
2026-09-01 16:45:00,94.35,94.374,94.341,94.364,171,14,0
2026-09-01 17:00:00,94.363,94.39,94.357,94.389,220,14,0
2026-09-01 17:15:00,94.388,94.416,94.385,94.415,247,14,0
2026-09-01 17:30:00,94.417,94.428,94.377,94.382,181,14,0
2026-09-01 17:45:00,94.38,94.393,94.373,94.393,130,14,0
2026-09-01 18:00:00,94.394,94.395,94.377,94.382,143,14,0
2026-09-01 18:15:00,94.379,94.409,94.367,94.394,126,14,0
2026-09-01 18:30:00,94.392,94.394,94.346,94.357,159,14,0
2026-09-01 18:45:00,94.358,94.392,94.355,94.385,159,14,0
2026-09-01 19:00:00,94.382,94.385,94.364,94.378,159,14,0
2026-09-01 19:15:00,94.381,94.387,94.368,94.387,81,14,0
2026-09-01 19:30:00,94.388,94.388,94.352,94.364,104,14,0
2026-09-01 19:45:00,94.366,94.375,94.352,94.355,96,14,0
2026-09-01 20:00:00,94.358,94.36,94.332,94.345,83,14,0
2026-09-01 20:15:00,94.347,94.35,94.319,94.323,43,14,0
2026-09-01 20:30:00,94.325,94.355,94.32,94.347,89,14,0
2026-09-01 20:45:00,94.349,94.362,94.34,94.345,60,14,0
2026-09-01 21:00:00,94.343,94.357,94.343,94.347,24,43,0
2026-09-01 21:15:00,94.35,94.351,94.34,94.343,36,64,0
2026-09-01 21:30:00,94.343,94.358,94.339,94.347,87,46,0
2026-09-01 21:45:00,94.349,94.359,94.337,94.359,48,36,0
2026-09-01 22:00:00,94.363,94.39,94.36,94.383,83,29,0
2026-09-01 22:15:00,94.384,94.402,94.384,94.397,33,26,0
2026-09-01 22:30:00,94.396,94.4,94.369,94.391,46,25,0
2026-09-01 22:45:00,94.394,94.405,94.391,94.405,31,24,0
2026-09-01 23:00:00,94.411,94.443,94.411,94.423,85,14,0
2026-09-01 23:15:00,94.425,94.428,94.407,94.408,56,14,0
2026-09-01 23:30:00,94.409,94.411,94.392,94.4,78,14,0
2026-09-01 23:45:00,94.401,94.431,94.387,94.399,179,14,0
2026-09-02 00:00:00,94.402,94.416,94.341,94.344,372,14,0
2026-09-02 00:15:00,94.343,94.382,94.325,94.337,441,14,0
2026-09-02 00:30:00,94.338,94.404,94.328,94.391,301,14,0
2026-09-02 00:45:00,94.393,94.433,94.36,94.431,322,14,0
2026-09-02 01:00:00,94.43,94.44,94.395,94.405,367,14,0
2026-09-02 01:15:00,94.406,94.499,94.404,94.49,332,14,0
2026-09-02 01:30:00,94.489,94.506,94.349,94.467,633,14,0
2026-09-02 01:45:00,94.468,94.549,94.442,94.549,422,14,0
2026-09-02 02:00:00,94.553,94.575,93.83,93.965,1985,14,0
2026-09-02 02:15:00,93.966,93.977,93.704,93.757,921,14,0
2026-09-02 02:30:00,93.754,93.848,93.727,93.835,544,14,0
2026-09-02 02:45:00,93.834,93.897,93.816,93.884,303,14,0
2026-09-02 03:00:00,93.887,93.893,93.671,93.7,409,14,0
2026-09-02 03:15:00,93.702,93.739,93.665,93.7,523,14,0
2026-09-02 03:30:00,93.699,93.707,93.522,93.559,528,14,0
2026-09-02 03:45:00,93.562,93.604,93.552,93.583,248,14,0
2026-09-02 04:00:00,93.587,93.592,93.427,93.487,428,14,0
2026-09-02 04:15:00,93.49,93.52,93.446,93.455,378,14,0
2026-09-02 04:30:00,93.458,93.464,93.379,93.391,320,14,0
2026-09-02 04:45:00,93.392,93.416,93.318,93.329,461,14,0
2026-09-02 05:00:00,93.33,93.348,93.292,93.339,392,14,0
2026-09-02 05:15:00,93.341,93.424,93.308,93.409,555,14,0
2026-09-02 05:30:00,93.41,93.433,93.383,93.406,485,14,0
2026-09-02 05:45:00,93.404,93.404,93.348,93.371,541,14,0
2026-09-02 06:00:00,93.369,93.369,93.219,93.268,1281,14,0
2026-09-02 06:15:00,93.267,93.334,93.262,93.291,790,14,0
2026-09-02 06:30:00,93.288,93.33,93.253,93.254,617,14,0
2026-09-02 06:45:00,93.256,93.272,93.141,93.157,732,14,0
2026-09-02 07:00:00,93.16,93.224,93.157,93.199,658,14,0
2026-09-02 07:15:00,93.197,93.272,93.137,93.15,534,14,0
2026-09-02 07:30:00,93.151,93.198,93.13,93.132,578,14,0
2026-09-02 07:45:00,93.131,93.142,93.074,93.087,423,14,0
2026-09-02 08:00:00,93.086,93.148,93.077,93.133,481,14,0
2026-09-02 08:15:00,93.135,93.142,92.96,92.976,436,14,0
2026-09-02 08:30:00,92.977,93.001,92.91,92.961,478,14,0
2026-09-02 08:45:00,92.963,92.976,92.848,92.852,495,14,0
2026-09-02 09:00:00,92.855,92.968,92.838,92.886,503,14,0
2026-09-02 09:15:00,92.885,92.894,92.817,92.817,425,14,0
2026-09-02 09:30:00,92.819,92.851,92.798,92.823,394,14,0
2026-09-02 09:45:00,92.82,92.881,92.797,92.81,354,14,0
2026-09-02 10:00:00,92.808,92.82,92.756,92.806,356,14,0
2026-09-02 10:15:00,92.808,92.854,92.772,92.851,303,14,0
2026-09-02 10:30:00,92.853,92.932,92.848,92.911,326,14,0
2026-09-02 10:45:00,92.914,93.022,92.908,93.022,356,14,0
2026-09-02 11:00:00,93.024,93.052,93.001,93.035,458,14,0
2026-09-02 11:15:00,93.033,93.034,92.977,92.977,434,14,0
2026-09-02 11:30:00,92.976,92.989,92.929,92.938,226,14,0
2026-09-02 11:45:00,92.968,93.007,92.963,93.005,298,14,0
2026-09-02 12:00:00,93.004,93.04,92.975,93.04,559,14,0
2026-09-02 12:15:00,93.033,93.054,92.99,93.035,720,14,0
2026-09-02 12:30:00,93.033,93.042,92.924,92.931,391,14,0
2026-09-02 12:45:00,92.933,92.982,92.894,92.895,458,14,0
2026-09-02 13:00:00,92.892,92.955,92.872,92.88,490,14,0
2026-09-02 13:15:00,92.879,92.931,92.37,92.657,3960,14,0
2026-09-02 13:30:00,92.655,92.768,92.515,92.592,2327,14,0
2026-09-02 13:45:00,92.594,92.69,92.588,92.682,1470,14,0
2026-09-02 14:00:00,92.677,92.755,92.661,92.67,1038,14,0
2026-09-02 14:15:00,92.673,92.7,92.628,92.676,751,14,0
2026-09-02 14:30:00,92.674,92.74,92.614,92.737,957,14,0
2026-09-02 14:45:00,92.735,92.842,92.707,92.792,851,14,0
2026-09-02 15:00:00,92.794,92.846,92.763,92.823,702,14,0
2026-09-02 15:15:00,92.825,92.842,92.778,92.825,572,14,0
2026-09-02 15:30:00,92.823,92.825,92.778,92.808,479,14,0
2026-09-02 15:45:00,92.806,92.833,92.788,92.828,272,14,0
2026-09-02 16:00:00,92.829,92.863,92.827,92.861,269,14,0
2026-09-02 16:15:00,92.863,92.864,92.829,92.829,272,14,0
2026-09-02 16:30:00,92.831,92.833,92.8,92.818,232,14,0
2026-09-02 16:45:00,92.82,92.867,92.818,92.853,223,14,0
2026-09-02 17:00:00,92.851,92.862,92.837,92.843,192,14,0
2026-09-02 17:15:00,92.844,92.879,92.841,92.876,194,14,0
2026-09-02 17:30:00,92.875,92.891,92.861,92.889,214,14,0
2026-09-02 17:45:00,92.891,92.893,92.833,92.866,542,14,0
2026-09-02 18:00:00,92.868,92.903,92.849,92.9,216,14,0
2026-09-02 18:15:00,92.902,92.905,92.867,92.885,321,14,0
2026-09-02 18:30:00,92.886,92.909,92.886,92.905,139,14,0
2026-09-02 18:45:00,92.907,92.917,92.844,92.847,129,14,0
2026-09-02 19:00:00,92.844,92.934,92.82,92.915,168,14,0
2026-09-02 19:15:00,92.913,92.942,92.9,92.914,169,14,0
2026-09-02 19:30:00,92.916,92.924,92.887,92.912,170,14,0
2026-09-02 19:45:00,92.915,92.92,92.866,92.876,242,14,0
2026-09-02 20:00:00,92.875,92.896,92.811,92.819,323,14,0
2026-09-02 20:15:00,92.816,92.863,92.81,92.833,156,14,0
2026-09-02 20:30:00,92.831,92.853,92.826,92.843,114,14,0
2026-09-02 20:45:00,92.845,92.857,92.821,92.822,122,14,0
2026-09-02 21:00:00,92.821,92.821,92.803,92.803,9,43,0
2026-09-02 21:15:00,92.799,92.799,92.679,92.68,48,57,0
2026-09-02 21:30:00,92.683,92.761,92.683,92.73,128,98,0
2026-09-02 21:45:00,92.733,92.784,92.697,92.784,81,69,0
2026-09-02 22:00:00,92.79,92.817,92.79,92.814,63,53,0
2026-09-02 22:15:00,92.816,92.855,92.816,92.849,77,41,0
2026-09-02 22:30:00,92.854,92.871,92.854,92.865,56,34,0
2026-09-02 22:45:00,92.864,92.899,92.864,92.878,85,30,0
2026-09-02 23:00:00,92.886,92.938,92.886,92.929,193,14,0
2026-09-02 23:15:00,92.93,92.93,92.908,92.917,117,14,0
2026-09-02 23:30:00,92.916,92.953,92.916,92.942,110,14,0
2026-09-02 23:45:00,92.938,92.983,92.936,92.976,190,14,0
2026-09-03 00:00:00,92.98,93.022,92.952,93.017,443,14,0
2026-09-03 00:15:00,93.014,93.041,92.998,93.001,424,14,0
2026-09-03 00:30:00,92.998,92.998,92.846,92.846,355,14,0
2026-09-03 00:45:00,92.844,92.916,92.807,92.91,501,14,0
2026-09-03 01:00:00,92.909,92.943,92.896,92.901,470,14,0
2026-09-03 01:15:00,92.902,92.94,92.873,92.877,504,14,0
2026-09-03 01:30:00,92.874,92.876,92.743,92.773,698,14,0
2026-09-03 01:45:00,92.774,92.847,92.774,92.819,372,14,0
2026-09-03 02:00:00,92.82,92.821,92.672,92.678,555,14,0
2026-09-03 02:15:00,92.681,92.696,92.575,92.603,745,14,0
2026-09-03 02:30:00,92.601,92.654,92.56,92.637,814,14,0
2026-09-03 02:45:00,92.639,92.666,92.531,92.577,663,14,0
2026-09-03 03:00:00,92.575,92.575,92.441,92.473,762,14,0
2026-09-03 03:15:00,92.472,92.525,92.408,92.462,571,14,0
2026-09-03 03:30:00,92.463,92.569,92.452,92.526,429,14,0
2026-09-03 03:45:00,92.524,92.529,92.443,92.479,340,14,0
2026-09-03 04:00:00,92.477,92.537,92.475,92.491,308,14,0
2026-09-03 04:15:00,92.49,92.545,92.49,92.522,353,14,0
2026-09-03 04:30:00,92.524,92.531,92.453,92.506,538,14,0
2026-09-03 04:45:00,92.504,92.513,92.455,92.47,291,14,0
2026-09-03 05:00:00,92.472,92.505,92.445,92.485,257,14,0
2026-09-03 05:15:00,92.487,92.487,92.358,92.371,523,14,0
2026-09-03 05:30:00,92.369,92.404,92.284,92.317,512,14,0
2026-09-03 05:45:00,92.316,92.316,92.148,92.157,533,14,0
2026-09-03 06:00:00,92.156,92.167,92.026,92.041,940,14,0
2026-09-03 06:15:00,92.038,92.065,91.996,92.026,606,14,0
2026-09-03 06:30:00,92.024,92.135,92.019,92.071,716,14,0
2026-09-03 06:45:00,92.069,92.083,91.975,92.026,703,14,0
2026-09-03 07:00:00,92.023,92.023,91.72,91.891,2138,14,0
2026-09-03 07:15:00,91.889,91.912,91.853,91.905,906,14,0
2026-09-03 07:30:00,91.903,92.205,91.793,92.112,2301,14,0
2026-09-03 07:45:00,92.109,92.15,92.069,92.075,603,14,0
2026-09-03 08:00:00,92.072,92.128,91.992,92.026,1102,14,0
2026-09-03 08:15:00,92.024,92.081,92.016,92.027,551,14,0
2026-09-03 08:30:00,92.025,92.092,91.934,91.934,495,14,0
2026-09-03 08:45:00,91.931,91.937,91.807,91.878,666,14,0
2026-09-03 09:00:00,91.875,91.964,91.786,91.828,1174,14,0
2026-09-03 09:15:00,91.826,91.833,91.724,91.779,659,14,0
2026-09-03 09:30:00,91.776,91.797,91.659,91.681,627,14,0
2026-09-03 09:45:00,91.683,91.715,91.586,91.706,625,14,0
2026-09-03 10:00:00,91.704,91.704,91.578,91.64,641,14,0
2026-09-03 10:15:00,91.638,91.719,91.571,91.601,563,14,0
2026-09-03 10:30:00,91.6,91.699,91.593,91.677,587,14,0
2026-09-03 10:45:00,91.674,91.698,91.635,91.689,447,14,0
2026-09-03 11:00:00,91.688,91.702,91.57,91.583,882,14,0
2026-09-03 11:15:00,91.585,91.662,91.517,91.662,1037,14,0
2026-09-03 11:30:00,91.665,91.707,91.641,91.684,562,14,0
2026-09-03 11:45:00,91.685,91.715,91.619,91.638,418,14,0
2026-09-03 12:00:00,91.636,91.666,91.52,91.53,728,14,0
2026-09-03 12:15:00,91.532,91.537,91.321,91.362,988,14,0
2026-09-03 12:30:00,91.371,91.507,91.315,91.358,1643,14,0
2026-09-03 12:45:00,91.361,91.484,91.344,91.474,1228,14,0
2026-09-03 13:00:00,91.472,91.518,91.399,91.47,1110,14,0
2026-09-03 13:15:00,91.469,91.476,91.29,91.366,995,14,0
2026-09-03 13:30:00,91.364,91.423,91.323,91.404,974,14,0
2026-09-03 13:45:00,91.402,91.418,91.307,91.319,932,14,0
2026-09-03 14:00:00,91.301,91.355,91.284,91.306,1022,14,0
2026-09-03 14:15:00,91.307,91.34,91.268,91.322,862,14,0
2026-09-03 14:30:00,91.32,91.403,91.272,91.355,1006,14,0
2026-09-03 14:45:00,91.354,91.37,91.262,91.297,1029,14,0
2026-09-03 15:00:00,91.3,91.556,91.297,91.548,867,14,0
2026-09-03 15:15:00,91.549,91.613,91.522,91.567,735,14,0
2026-09-03 15:30:00,91.565,91.573,91.429,91.429,707,14,0
2026-09-03 15:45:00,91.427,91.467,91.417,91.429,553,14,0
2026-09-03 16:00:00,91.431,91.458,91.398,91.439,439,14,0
2026-09-03 16:15:00,91.441,91.51,91.441,91.507,362,14,0
2026-09-03 16:30:00,91.506,91.506,91.459,91.474,362,14,0
2026-09-03 16:45:00,91.475,91.517,91.472,91.481,266,14,0
2026-09-03 17:00:00,91.48,91.527,91.451,91.482,471,14,0
2026-09-03 17:15:00,91.485,91.505,91.46,91.482,272,14,0
2026-09-03 17:30:00,91.48,91.514,91.471,91.48,204,14,0
2026-09-03 17:45:00,91.482,91.496,91.461,91.47,184,14,0
2026-09-03 18:00:00,91.472,91.499,91.446,91.494,254,14,0
2026-09-03 18:15:00,91.493,91.506,91.469,91.488,209,14,0
2026-09-03 18:30:00,91.489,91.531,91.485,91.52,210,14,0
2026-09-03 18:45:00,91.521,91.558,91.484,91.491,297,14,0
2026-09-03 19:00:00,91.494,91.568,91.494,91.563,352,14,0
2026-09-03 19:15:00,91.565,91.587,91.541,91.582,302,14,0
2026-09-03 19:30:00,91.583,91.622,91.56,91.605,374,14,0
2026-09-03 19:45:00,91.604,91.617,91.579,91.609,207,14,0
2026-09-03 20:00:00,91.612,91.636,91.612,91.633,146,14,0
2026-09-03 20:15:00,91.636,91.638,91.605,91.618,79,14,0
2026-09-03 20:30:00,91.621,91.646,91.611,91.644,85,14,0
2026-09-03 20:45:00,91.642,91.642,91.609,91.611,83,14,0
2026-09-03 21:00:00,91.609,91.609,91.555,91.582,38,43,0
2026-09-03 21:15:00,91.584,91.59,91.549,91.571,85,63,0
2026-09-03 21:30:00,91.57,91.599,91.569,91.596,89,126,0
2026-09-03 21:45:00,91.594,91.627,91.594,91.627,82,74,0
2026-09-03 22:00:00,91.632,91.668,91.604,91.664,85,30,0
2026-09-03 22:15:00,91.669,91.677,91.665,91.669,38,27,0
2026-09-03 22:30:00,91.671,91.729,91.671,91.712,96,25,0
2026-09-03 22:45:00,91.714,91.83,91.714,91.817,173,24,0
2026-09-03 23:00:00,91.823,91.861,91.784,91.8,219,14,0
2026-09-03 23:15:00,91.801,91.811,91.745,91.759,214,14,0
2026-09-03 23:30:00,91.758,91.758,91.653,91.678,586,14,0
2026-09-03 23:45:00,91.676,91.676,91.575,91.575,491,14,0
2026-09-04 00:00:00,91.577,91.596,91.388,91.555,1209,14,0
2026-09-04 00:15:00,91.557,91.706,91.554,91.706,591,14,0
2026-09-04 00:30:00,91.708,91.767,91.643,91.689,686,14,0
2026-09-04 00:45:00,91.69,91.755,91.662,91.754,933,14,0
2026-09-04 01:00:00,91.752,91.827,91.695,91.824,668,14,0
2026-09-04 01:15:00,91.826,91.924,91.811,91.862,753,14,0
2026-09-04 01:30:00,91.86,92.011,91.846,92.002,622,14,0
2026-09-04 01:45:00,92.0,92.0,91.911,91.912,367,14,0
2026-09-04 02:00:00,91.911,91.938,91.857,91.921,425,14,0
2026-09-04 02:15:00,91.919,91.968,91.891,91.952,350,14,0
2026-09-04 02:30:00,91.954,91.986,91.936,91.982,283,14,0
2026-09-04 02:45:00,91.98,92.074,91.967,92.065,320,14,0
2026-09-04 03:00:00,92.068,92.114,92.038,92.063,285,14,0
2026-09-04 03:15:00,92.065,92.076,92.044,92.071,192,14,0
2026-09-04 03:30:00,92.069,92.185,92.043,92.179,458,14,0
2026-09-04 03:45:00,92.178,92.197,92.143,92.182,402,14,0
2026-09-04 04:00:00,92.183,92.208,92.148,92.199,394,14,0
2026-09-04 04:15:00,92.198,92.24,92.187,92.204,264,14,0
2026-09-04 04:30:00,92.202,92.205,92.124,92.133,219,14,0
2026-09-04 04:45:00,92.131,92.177,92.111,92.165,210,14,0
2026-09-04 05:00:00,92.163,92.226,92.147,92.149,248,14,0
2026-09-04 05:15:00,92.151,92.202,92.144,92.179,235,14,0
2026-09-04 05:30:00,92.178,92.216,92.173,92.216,222,14,0
2026-09-04 05:45:00,92.218,92.244,92.173,92.19,378,14,0
2026-09-04 06:00:00,92.192,92.279,92.173,92.194,984,14,0
2026-09-04 06:15:00,92.195,92.208,92.099,92.099,563,14,0
2026-09-04 06:30:00,92.102,92.117,92.031,92.045,589,14,0
2026-09-04 06:45:00,92.047,92.113,92.022,92.108,408,14,0
2026-09-04 07:00:00,92.105,92.155,92.095,92.128,504,14,0
2026-09-04 07:15:00,92.125,92.125,92.034,92.045,451,14,0
2026-09-04 07:30:00,92.047,92.059,92.007,92.011,468,14,0
2026-09-04 07:45:00,92.009,92.009,91.935,91.949,440,14,0
2026-09-04 08:00:00,91.951,91.986,91.942,91.966,384,14,0
2026-09-04 08:15:00,91.964,92.003,91.952,91.99,343,14,0
2026-09-04 08:30:00,91.991,92.017,91.962,92.009,441,14,0
2026-09-04 08:45:00,92.008,92.043,91.983,92.003,337,14,0
2026-09-04 09:00:00,92.001,92.001,91.927,91.937,296,14,0
2026-09-04 09:15:00,91.936,91.942,91.883,91.934,310,14,0
2026-09-04 09:30:00,91.935,92.027,91.925,91.987,488,14,0
2026-09-04 09:45:00,91.988,92.011,91.952,91.967,328,14,0
2026-09-04 10:00:00,91.966,91.976,91.941,91.942,249,14,0
2026-09-04 10:15:00,91.94,91.951,91.903,91.909,316,14,0
2026-09-04 10:30:00,91.908,91.961,91.896,91.925,314,14,0
2026-09-04 10:45:00,91.923,91.928,91.88,91.888,222,14,0
2026-09-04 11:00:00,91.89,91.906,91.862,91.886,312,14,0
2026-09-04 11:15:00,91.887,91.916,91.867,91.872,259,14,0
2026-09-04 11:30:00,91.87,91.923,91.864,91.897,206,14,0
2026-09-04 11:45:00,91.895,91.909,91.867,91.909,302,14,0
2026-09-04 12:00:00,91.911,91.931,91.88,91.904,381,14,0
2026-09-04 12:15:00,91.906,91.984,91.899,91.905,573,14,0
2026-09-04 12:30:00,91.91,91.95,91.631,91.677,2949,14,0
2026-09-04 12:45:00,91.68,91.68,91.197,91.402,5479,14,0
2026-09-04 13:00:00,91.405,91.626,91.4,91.623,1558,14,0
2026-09-04 13:15:00,91.621,91.628,91.516,91.539,1303,14,0
2026-09-04 13:30:00,91.542,91.612,91.499,91.597,1281,14,0
2026-09-04 13:45:00,91.599,91.689,91.571,91.66,795,14,0
2026-09-04 14:00:00,91.662,91.848,91.649,91.828,850,14,0
2026-09-04 14:15:00,91.826,91.859,91.798,91.82,699,14,0
2026-09-04 14:30:00,91.822,91.843,91.708,91.843,866,14,0
2026-09-04 14:45:00,91.841,91.91,91.832,91.845,694,14,0
2026-09-04 15:00:00,91.847,91.879,91.798,91.851,614,14,0
2026-09-04 15:15:00,91.849,91.917,91.824,91.899,442,14,0
2026-09-04 15:30:00,91.901,91.925,91.884,91.923,389,14,0
2026-09-04 15:45:00,91.924,91.932,91.895,91.925,350,14,0
2026-09-04 16:00:00,91.927,91.942,91.902,91.938,305,14,0
2026-09-04 16:15:00,91.937,91.944,91.909,91.914,273,14,0
2026-09-04 16:30:00,91.912,91.923,91.891,91.893,231,14,0
2026-09-04 16:45:00,91.896,91.927,91.854,91.868,259,14,0
2026-09-04 17:00:00,91.87,91.922,91.87,91.88,331,14,0
2026-09-04 17:15:00,91.879,91.886,91.864,91.864,200,14,0
2026-09-04 17:30:00,91.866,91.872,91.811,91.816,202,14,0
2026-09-04 17:45:00,91.817,91.83,91.8,91.827,180,14,0
2026-09-04 18:00:00,91.829,91.84,91.82,91.833,170,14,0
2026-09-04 18:15:00,91.835,91.84,91.822,91.839,143,14,0
2026-09-04 18:30:00,91.84,91.872,91.831,91.865,162,14,0
2026-09-04 18:45:00,91.866,91.89,91.865,91.869,162,14,0
2026-09-04 19:00:00,91.872,91.879,91.865,91.875,126,14,0
2026-09-04 19:15:00,91.873,91.906,91.873,91.904,105,14,0
2026-09-04 19:30:00,91.902,91.929,91.896,91.929,106,14,0
2026-09-04 19:45:00,91.93,91.935,91.919,91.932,107,14,0
2026-09-04 20:00:00,91.935,91.935,91.899,91.907,94,14,0
2026-09-04 20:15:00,91.908,91.92,91.862,91.889,101,14,0
2026-09-04 20:30:00,91.89,91.897,91.865,91.867,84,14,0
2026-09-04 20:45:00,91.866,91.885,91.856,91.87,403,14,0
2026-09-06 21:15:00,91.704,91.711,91.67,91.707,25,95,0
2026-09-06 21:30:00,91.703,91.794,91.688,91.73,94,70,0
2026-09-06 21:45:00,91.728,91.784,91.695,91.741,195,64,0
2026-09-06 22:00:00,91.714,91.861,91.714,91.848,97,42,0
2026-09-06 22:15:00,91.847,91.88,91.847,91.868,43,38,0
2026-09-06 22:30:00,91.873,91.873,91.851,91.852,56,36,0
2026-09-06 22:45:00,91.853,91.856,91.837,91.837,31,33,0
2026-09-06 23:00:00,91.847,91.854,91.825,91.825,146,14,0
2026-09-06 23:15:00,91.827,91.831,91.807,91.822,80,14,0
2026-09-06 23:30:00,91.825,91.857,91.817,91.857,139,14,0
2026-09-06 23:45:00,91.859,91.895,91.859,91.883,220,14,0
2026-09-07 00:00:00,91.885,91.924,91.809,91.822,550,14,0
2026-09-07 00:15:00,91.823,91.841,91.673,91.673,415,14,0
2026-09-07 00:30:00,91.671,91.691,91.609,91.681,497,14,0
2026-09-07 00:45:00,91.683,91.704,91.641,91.657,443,14,0
2026-09-07 01:00:00,91.654,91.688,91.591,91.607,573,14,0
2026-09-07 01:15:00,91.609,91.668,91.59,91.665,453,14,0
2026-09-07 01:30:00,91.667,91.694,91.619,91.625,324,14,0
2026-09-07 01:45:00,91.623,91.631,91.553,91.56,267,14,0
2026-09-07 02:00:00,91.562,91.633,91.553,91.631,221,14,0
2026-09-07 02:15:00,91.633,91.644,91.611,91.639,195,14,0
2026-09-07 02:30:00,91.641,91.694,91.629,91.69,175,14,0
2026-09-07 02:45:00,91.691,91.698,91.647,91.689,149,14,0
2026-09-07 03:00:00,91.687,91.704,91.631,91.637,231,14,0
2026-09-07 03:15:00,91.638,91.655,91.627,91.635,161,14,0
2026-09-07 03:30:00,91.634,91.666,91.625,91.649,138,14,0
2026-09-07 03:45:00,91.652,91.664,91.623,91.633,122,14,0
2026-09-07 04:00:00,91.636,91.701,91.633,91.699,130,14,0
2026-09-07 04:15:00,91.697,91.732,91.684,91.728,119,14,0
2026-09-07 04:30:00,91.73,91.73,91.656,91.66,185,14,0
2026-09-07 04:45:00,91.661,91.689,91.648,91.682,212,14,0
2026-09-07 05:00:00,91.679,91.691,91.655,91.679,175,14,0
2026-09-07 05:15:00,91.682,91.69,91.674,91.674,126,14,0
2026-09-07 05:30:00,91.672,91.678,91.648,91.653,161,14,0
2026-09-07 05:45:00,91.651,91.666,91.564,91.567,315,14,0
2026-09-07 06:00:00,91.564,91.586,91.504,91.551,376,14,0
2026-09-07 06:15:00,91.553,91.555,91.404,91.479,531,14,0
2026-09-07 06:30:00,91.478,91.521,91.474,91.515,459,14,0
2026-09-07 06:45:00,91.517,91.569,91.511,91.567,305,14,0
2026-09-07 07:00:00,91.569,91.582,91.51,91.546,354,14,0
2026-09-07 07:15:00,91.548,91.56,91.4,91.4,437,14,0
2026-09-07 07:30:00,91.398,91.48,91.393,91.473,441,14,0
2026-09-07 07:45:00,91.475,91.487,91.436,91.478,623,14,0
2026-09-07 08:00:00,91.48,91.484,90.954,91.052,3012,14,0
2026-09-07 08:15:00,91.05,91.096,90.725,90.727,2415,14,0
2026-09-07 08:30:00,90.729,90.888,90.706,90.853,1832,14,0
2026-09-07 08:45:00,90.851,90.911,90.748,90.851,885,14,0
2026-09-07 09:00:00,90.854,90.882,90.805,90.876,556,14,0
2026-09-07 09:15:00,90.878,90.884,90.736,90.748,509,14,0
2026-09-07 09:30:00,90.749,90.83,90.745,90.809,421,14,0
2026-09-07 09:45:00,90.808,90.88,90.791,90.843,290,14,0
2026-09-07 10:00:00,90.845,90.898,90.841,90.896,353,14,0
2026-09-07 10:15:00,90.894,90.991,90.89,90.966,322,14,0
2026-09-07 10:30:00,90.964,91.029,90.951,91.005,305,14,0
2026-09-07 10:45:00,91.008,91.014,90.945,90.957,362,14,0
2026-09-07 11:00:00,90.959,90.995,90.944,90.978,364,14,0
2026-09-07 11:15:00,90.98,90.986,90.889,90.892,303,14,0
2026-09-07 11:30:00,90.894,90.896,90.856,90.89,268,14,0
2026-09-07 11:45:00,90.888,90.918,90.887,90.905,272,14,0
2026-09-07 12:00:00,90.908,90.928,90.886,90.914,232,14,0
2026-09-07 12:15:00,90.912,90.941,90.808,90.815,605,14,0
2026-09-07 12:30:00,90.813,90.822,90.681,90.687,546,14,0
2026-09-07 12:45:00,90.689,90.805,90.689,90.8,466,14,0
2026-09-07 13:00:00,90.797,90.827,90.74,90.749,380,14,0
2026-09-07 13:15:00,90.752,90.831,90.746,90.812,346,14,0
2026-09-07 13:30:00,90.811,90.846,90.763,90.796,406,14,0
2026-09-07 13:45:00,90.794,90.916,90.785,90.893,421,14,0
2026-09-07 14:00:00,90.895,90.964,90.864,90.883,476,14,0
2026-09-07 14:15:00,90.885,90.89,90.764,90.768,454,14,0
2026-09-07 14:30:00,90.77,90.793,90.734,90.789,348,14,0
2026-09-07 14:45:00,90.791,90.805,90.7,90.704,411,14,0
2026-09-07 15:00:00,90.707,90.786,90.707,90.732,532,14,0
2026-09-07 15:15:00,90.733,90.743,90.695,90.695,224,14,0
2026-09-07 15:30:00,90.693,90.735,90.678,90.725,204,14,0
2026-09-07 15:45:00,90.724,90.76,90.721,90.738,126,14,0
2026-09-07 16:00:00,90.74,90.749,90.719,90.737,83,14,0
2026-09-07 16:15:00,90.739,90.756,90.722,90.736,81,14,0
2026-09-07 16:30:00,90.735,90.735,90.702,90.705,53,14,0
2026-09-07 16:45:00,90.707,90.736,90.701,90.707,91,14,0
2026-09-07 17:00:00,90.706,90.716,90.701,90.71,67,14,0
2026-09-07 17:15:00,90.713,90.72,90.704,90.71,45,14,0
2026-09-07 17:30:00,90.711,90.727,90.711,90.727,41,14,0
2026-09-07 17:45:00,90.73,90.746,90.723,90.724,45,14,0
2026-09-07 18:00:00,90.725,90.728,90.718,90.72,13,14,0
2026-09-07 18:15:00,90.718,90.719,90.71,90.711,12,14,0
2026-09-07 18:30:00,90.712,90.721,90.712,90.717,14,14,0
2026-09-07 18:45:00,90.715,90.715,90.701,90.701,19,14,0
2026-09-07 19:00:00,90.703,90.708,90.694,90.705,28,14,0
2026-09-07 19:15:00,90.707,90.711,90.685,90.685,27,14,0
2026-09-07 19:30:00,90.684,90.703,90.684,90.698,42,14,0
2026-09-07 19:45:00,90.697,90.7,90.692,90.697,16,14,0
2026-09-07 20:00:00,90.694,90.708,90.694,90.707,27,14,0
2026-09-07 20:15:00,90.706,90.715,90.701,90.703,19,14,0
2026-09-07 20:30:00,90.702,90.727,90.696,90.724,27,14,0
2026-09-07 20:45:00,90.726,90.732,90.703,90.704,31,14,0
2026-09-07 21:00:00,90.702,90.704,90.666,90.666,26,43,0
2026-09-07 21:15:00,90.669,90.683,90.641,90.679,50,52,0
2026-09-07 21:30:00,90.676,90.682,90.658,90.673,86,55,0
2026-09-07 21:45:00,90.674,90.719,90.672,90.719,59,50,0
2026-09-07 22:00:00,90.72,90.736,90.698,90.728,72,27,0
2026-09-07 22:15:00,90.723,90.723,90.614,90.621,114,25,0
2026-09-07 22:30:00,90.618,90.674,90.618,90.67,121,24,0
2026-09-07 22:45:00,90.672,90.686,90.626,90.628,94,23,0
2026-09-07 23:00:00,90.633,90.633,90.532,90.543,343,14,0
2026-09-07 23:15:00,90.541,90.572,90.423,90.531,725,14,0
2026-09-07 23:30:00,90.53,90.598,90.484,90.546,698,14,0
2026-09-07 23:45:00,90.548,90.585,90.457,90.486,485,14,0
2026-09-08 00:00:00,90.488,90.522,90.368,90.372,1131,14,0
2026-09-08 00:15:00,90.37,90.38,90.298,90.302,789,14,0
2026-09-08 00:30:00,90.304,90.423,90.267,90.422,516,14,0
2026-09-08 00:45:00,90.424,90.438,90.321,90.402,630,14,0
2026-09-08 01:00:00,90.403,90.413,90.269,90.287,668,14,0
2026-09-08 01:15:00,90.289,90.313,90.196,90.196,645,14,0
2026-09-08 01:30:00,90.194,90.283,90.146,90.243,672,14,0
2026-09-08 01:45:00,90.242,90.283,90.094,90.094,481,14,0
2026-09-08 02:00:00,90.092,90.092,89.931,89.975,760,14,0
2026-09-08 02:15:00,89.973,89.973,89.755,89.808,1031,14,0
2026-09-08 02:30:00,89.805,89.934,89.793,89.801,734,14,0
2026-09-08 02:45:00,89.803,89.932,89.776,89.926,505,14,0
2026-09-08 03:00:00,89.928,89.932,89.838,89.903,400,14,0
2026-09-08 03:15:00,89.904,89.93,89.875,89.883,373,14,0
2026-09-08 03:30:00,89.881,89.893,89.819,89.837,315,14,0
2026-09-08 03:45:00,89.839,89.84,89.69,89.794,653,14,0
2026-09-08 04:00:00,89.797,89.825,89.661,89.732,596,14,0
2026-09-08 04:15:00,89.734,89.894,89.721,89.855,447,14,0
2026-09-08 04:30:00,89.854,89.923,89.822,89.909,353,14,0
2026-09-08 04:45:00,89.911,89.938,89.876,89.909,270,14,0
2026-09-08 05:00:00,89.912,89.922,89.809,89.838,300,14,0
2026-09-08 05:15:00,89.839,89.949,89.833,89.949,419,14,0
2026-09-08 05:30:00,89.951,89.99,89.92,89.934,454,14,0
2026-09-08 05:45:00,89.935,90.005,89.891,89.898,455,14,0
2026-09-08 06:00:00,89.895,90.013,89.868,90.013,807,14,0
2026-09-08 06:15:00,90.015,90.116,89.978,90.091,740,14,0
2026-09-08 06:30:00,90.093,90.161,90.059,90.061,737,14,0
2026-09-08 06:45:00,90.058,90.094,89.975,90.024,588,14,0
2026-09-08 07:00:00,90.026,90.153,90.022,90.106,958,14,0
2026-09-08 07:15:00,90.104,90.113,89.917,89.965,721,14,0
2026-09-08 07:30:00,89.963,90.009,89.901,89.913,669,14,0
2026-09-08 07:45:00,89.915,89.927,89.787,89.856,687,14,0
2026-09-08 08:00:00,89.858,89.971,89.816,89.943,1191,14,0
2026-09-08 08:15:00,89.945,90.007,89.865,89.886,707,14,0
2026-09-08 08:30:00,89.887,90.049,89.883,90.04,572,14,0
2026-09-08 08:45:00,90.037,90.104,89.972,90.026,854,14,0
2026-09-08 09:00:00,90.028,90.062,90.004,90.052,529,14,0
2026-09-08 09:15:00,90.05,90.06,89.965,89.978,413,14,0
2026-09-08 09:30:00,89.977,90.07,89.918,89.965,914,14,0
2026-09-08 09:45:00,89.968,89.99,89.934,89.947,494,14,0
2026-09-08 10:00:00,89.948,90.014,89.943,90.012,412,14,0
2026-09-08 10:15:00,90.015,90.07,90.009,90.053,548,14,0
2026-09-08 10:30:00,90.054,90.071,90.023,90.045,347,14,0
2026-09-08 10:45:00,90.043,90.109,90.02,90.1,343,14,0
2026-09-08 11:00:00,90.098,90.263,90.094,90.223,576,14,0
2026-09-08 11:15:00,90.224,90.239,90.149,90.149,371,14,0
2026-09-08 11:30:00,90.152,90.193,90.104,90.119,448,14,0
2026-09-08 11:45:00,90.117,90.154,90.108,90.108,361,14,0
2026-09-08 12:00:00,90.106,90.145,90.073,90.077,452,14,0
2026-09-08 12:15:00,90.073,90.075,89.946,89.979,678,14,0
2026-09-08 12:30:00,89.976,90.082,89.945,90.049,703,14,0
2026-09-08 12:45:00,90.047,90.058,89.999,90.04,676,14,0
2026-09-08 13:00:00,90.038,90.123,89.985,90.123,720,14,0
2026-09-08 13:15:00,90.125,90.145,90.061,90.068,603,14,0
2026-09-08 13:30:00,90.069,90.103,89.998,90.103,708,14,0
2026-09-08 13:45:00,90.101,90.12,90.039,90.056,611,14,0
2026-09-08 14:00:00,90.053,90.22,90.053,90.22,703,14,0
2026-09-08 14:15:00,90.222,90.274,90.174,90.245,509,14,0
2026-09-08 14:30:00,90.244,90.283,90.19,90.274,542,14,0
2026-09-08 14:45:00,90.277,90.283,90.194,90.256,664,14,0
2026-09-08 15:00:00,90.254,90.352,90.233,90.333,514,14,0
2026-09-08 15:15:00,90.335,90.362,90.31,90.31,351,14,0
2026-09-08 15:30:00,90.312,90.314,90.241,90.277,327,14,0
2026-09-08 15:45:00,90.278,90.294,90.255,90.281,291,14,0
2026-09-08 16:00:00,90.283,90.289,90.247,90.273,252,14,0
2026-09-08 16:15:00,90.275,90.319,90.273,90.283,247,14,0
2026-09-08 16:30:00,90.281,90.293,90.264,90.289,187,14,0
2026-09-08 16:45:00,90.291,90.325,90.284,90.3,273,14,0
2026-09-08 17:00:00,90.298,90.363,90.296,90.355,276,14,0
2026-09-08 17:15:00,90.353,90.365,90.342,90.35,150,14,0
2026-09-08 17:30:00,90.353,90.364,90.327,90.334,169,14,0
2026-09-08 17:45:00,90.336,90.362,90.334,90.34,144,14,0
2026-09-08 18:00:00,90.34,90.417,90.338,90.413,161,14,0
2026-09-08 18:15:00,90.415,90.429,90.361,90.37,389,14,0
2026-09-08 18:30:00,90.371,90.378,90.281,90.299,452,14,0
2026-09-08 18:45:00,90.3,90.371,89.913,89.99,1575,14,0
2026-09-08 19:00:00,89.998,90.149,89.998,90.119,652,14,0
2026-09-08 19:15:00,90.118,90.148,90.086,90.127,316,14,0
2026-09-08 19:30:00,90.124,90.124,90.053,90.105,307,14,0
2026-09-08 19:45:00,90.107,90.134,90.102,90.134,271,14,0
2026-09-08 20:00:00,90.133,90.167,90.107,90.147,182,14,0
2026-09-08 20:15:00,90.145,90.169,90.127,90.137,132,14,0
2026-09-08 20:30:00,90.136,90.148,90.118,90.14,151,14,0
2026-09-08 20:45:00,90.138,90.143,90.107,90.107,102,14,0
2026-09-08 21:00:00,90.106,90.117,90.106,90.111,20,43,0
2026-09-08 21:15:00,90.113,90.114,90.099,90.105,31,70,0
2026-09-08 21:30:00,90.107,90.115,90.016,90.016,112,71,0
2026-09-08 21:45:00,90.015,90.102,89.998,90.084,103,60,0
2026-09-08 22:00:00,90.077,90.124,90.0,90.011,157,30,0
2026-09-08 22:15:00,90.012,90.014,89.983,89.987,86,27,0
2026-09-08 22:30:00,89.976,90.016,89.953,90.008,98,25,0
2026-09-08 22:45:00,90.009,90.036,89.989,90.023,84,24,0
2026-09-08 23:00:00,90.029,90.029,89.926,89.929,241,14,0
2026-09-08 23:15:00,89.928,89.947,89.896,89.933,234,14,0
2026-09-08 23:30:00,89.931,89.978,89.902,89.91,341,14,0
2026-09-08 23:45:00,89.907,89.932,89.88,89.903,450,14,0
2026-09-09 00:00:00,89.904,89.934,89.822,89.831,635,14,0
2026-09-09 00:15:00,89.828,89.881,89.806,89.875,480,14,0
2026-09-09 00:30:00,89.878,90.045,89.878,90.033,543,14,0
2026-09-09 00:45:00,90.031,90.096,90.019,90.021,504,14,0
2026-09-09 01:00:00,90.022,90.129,90.008,90.109,522,14,0
2026-09-09 01:15:00,90.11,90.142,90.063,90.121,375,14,0
2026-09-09 01:30:00,90.123,90.125,89.978,90.013,343,14,0
2026-09-09 01:45:00,90.01,90.023,89.97,89.982,366,14,0
2026-09-09 02:00:00,89.983,90.027,89.958,89.959,313,14,0
2026-09-09 02:15:00,89.961,90.022,89.961,90.005,335,14,0
2026-09-09 02:30:00,90.004,90.008,89.944,89.958,267,14,0
2026-09-09 02:45:00,89.956,89.967,89.908,89.933,254,14,0
2026-09-09 03:00:00,89.935,89.963,89.914,89.948,270,14,0
2026-09-09 03:15:00,89.946,89.95,89.894,89.894,177,14,0
2026-09-09 03:30:00,89.893,89.896,89.822,89.822,270,14,0
2026-09-09 03:45:00,89.824,89.863,89.798,89.837,309,14,0
2026-09-09 04:00:00,89.84,89.847,89.743,89.782,269,14,0
2026-09-09 04:15:00,89.78,89.788,89.748,89.758,242,14,0
2026-09-09 04:30:00,89.757,89.807,89.747,89.784,234,14,0
2026-09-09 04:45:00,89.783,89.87,89.783,89.866,214,14,0
2026-09-09 05:00:00,89.864,89.88,89.821,89.871,295,14,0
2026-09-09 05:15:00,89.873,89.878,89.812,89.821,242,14,0
2026-09-09 05:30:00,89.822,89.827,89.779,89.798,358,14,0
2026-09-09 05:45:00,89.799,89.829,89.75,89.789,396,14,0
2026-09-09 06:00:00,89.787,89.808,89.711,89.72,631,14,0
2026-09-09 06:15:00,89.717,89.722,89.624,89.717,713,14,0
2026-09-09 06:30:00,89.719,89.823,89.719,89.82,582,14,0
2026-09-09 06:45:00,89.823,89.852,89.781,89.852,409,14,0
2026-09-09 07:00:00,89.854,89.864,89.761,89.799,689,14,0
2026-09-09 07:15:00,89.798,89.903,89.785,89.85,529,14,0
2026-09-09 07:30:00,89.848,89.853,89.742,89.763,552,14,0
2026-09-09 07:45:00,89.765,89.769,89.664,89.679,599,14,0
2026-09-09 08:00:00,89.681,89.755,89.67,89.693,658,14,0
2026-09-09 08:15:00,89.696,89.8,89.685,89.788,540,14,0
2026-09-09 08:30:00,89.786,89.854,89.78,89.793,528,14,0
2026-09-09 08:45:00,89.794,89.804,89.747,89.793,464,14,0
2026-09-09 09:00:00,89.791,89.794,89.723,89.747,351,14,0
2026-09-09 09:15:00,89.745,89.773,89.705,89.707,294,14,0
2026-09-09 09:30:00,89.706,89.716,89.64,89.641,310,14,0
2026-09-09 09:45:00,89.642,89.702,89.633,89.697,350,14,0
2026-09-09 10:00:00,89.695,89.695,89.605,89.605,363,14,0
2026-09-09 10:15:00,89.603,89.645,89.572,89.591,393,14,0
2026-09-09 10:30:00,89.592,89.646,89.585,89.646,172,14,0
2026-09-09 10:45:00,89.647,89.654,89.604,89.635,304,14,0
2026-09-09 11:00:00,89.636,89.652,89.557,89.561,357,14,0
2026-09-09 11:15:00,89.562,89.642,89.557,89.622,307,14,0
2026-09-09 11:30:00,89.62,89.672,89.585,89.658,359,14,0
2026-09-09 11:45:00,89.659,89.677,89.598,89.618,487,14,0
2026-09-09 12:00:00,89.62,89.756,89.618,89.722,487,14,0
2026-09-09 12:15:00,89.723,89.823,89.713,89.809,540,14,0
2026-09-09 12:30:00,89.808,89.824,89.781,89.781,388,14,0
2026-09-09 12:45:00,89.778,89.778,89.72,89.743,438,14,0
2026-09-09 13:00:00,89.746,89.764,89.703,89.722,427,14,0
2026-09-09 13:15:00,89.721,89.791,89.696,89.783,401,14,0
2026-09-09 13:30:00,89.781,89.818,89.772,89.777,497,14,0
2026-09-09 13:45:00,89.776,89.799,89.732,89.743,577,14,0
2026-09-09 14:00:00,89.745,89.758,89.643,89.653,564,14,0
2026-09-09 14:15:00,89.651,89.674,89.625,89.651,577,14,0
2026-09-09 14:30:00,89.652,89.669,89.603,89.668,442,14,0
2026-09-09 14:45:00,89.666,89.714,89.634,89.679,600,14,0
2026-09-09 15:00:00,89.681,89.822,89.647,89.803,1851,14,0
2026-09-09 15:15:00,89.804,89.823,89.684,89.699,719,14,0
2026-09-09 15:30:00,89.7,89.723,89.619,89.681,782,14,0
2026-09-09 15:45:00,89.683,89.702,89.623,89.675,484,14,0
2026-09-09 16:00:00,89.673,89.697,89.651,89.658,448,14,0
2026-09-09 16:15:00,89.656,89.702,89.653,89.691,368,14,0
2026-09-09 16:30:00,89.688,89.692,89.649,89.681,255,14,0
2026-09-09 16:45:00,89.679,89.71,89.671,89.707,224,14,0
2026-09-09 17:00:00,89.705,89.705,89.646,89.662,301,14,0
2026-09-09 17:15:00,89.663,89.702,89.663,89.683,223,14,0
2026-09-09 17:30:00,89.686,89.698,89.66,89.667,203,14,0
2026-09-09 17:45:00,89.668,89.688,89.657,89.664,185,14,0
2026-09-09 18:00:00,89.662,89.687,89.653,89.668,205,14,0
2026-09-09 18:15:00,89.669,89.672,89.631,89.648,145,14,0
2026-09-09 18:30:00,89.649,89.672,89.636,89.669,185,14,0
2026-09-09 18:45:00,89.67,89.686,89.597,89.599,232,14,0
2026-09-09 19:00:00,89.601,89.707,89.587,89.707,168,14,0
2026-09-09 19:15:00,89.708,89.708,89.656,89.66,126,14,0
2026-09-09 19:30:00,89.662,89.662,89.647,89.656,109,14,0
2026-09-09 19:45:00,89.658,89.665,89.639,89.665,146,14,0
2026-09-09 20:00:00,89.663,89.663,89.639,89.642,83,14,0
2026-09-09 20:15:00,89.643,89.643,89.623,89.634,55,14,0
2026-09-09 20:30:00,89.635,89.648,89.612,89.612,72,14,0
2026-09-09 20:45:00,89.614,89.63,89.61,89.612,77,14,0
2026-09-09 21:00:00,89.613,89.614,89.612,89.612,8,43,0
2026-09-09 21:15:00,89.613,89.623,89.61,89.614,67,38,0
2026-09-09 21:30:00,89.613,89.616,89.589,89.61,145,29,0
2026-09-09 21:45:00,89.61,89.633,89.608,89.633,87,39,0
2026-09-09 22:00:00,89.667,89.668,89.608,89.628,101,25,0
2026-09-09 22:15:00,89.628,89.642,89.587,89.592,87,24,0
2026-09-09 22:30:00,89.584,89.587,89.555,89.568,85,23,0
2026-09-09 22:45:00,89.568,89.59,89.567,89.587,63,22,0
2026-09-09 23:00:00,89.591,89.601,89.558,89.593,134,14,0
2026-09-09 23:15:00,89.592,89.645,89.583,89.645,118,14,0
2026-09-09 23:30:00,89.642,89.688,89.626,89.688,134,14,0
2026-09-09 23:45:00,89.69,89.769,89.69,89.718,320,14,0
2026-09-10 00:00:00,89.721,89.738,89.663,89.72,526,14,0
2026-09-10 00:15:00,89.723,89.824,89.715,89.785,488,14,0
2026-09-10 00:30:00,89.784,89.842,89.759,89.828,352,14,0
2026-09-10 00:45:00,89.827,89.846,89.787,89.83,487,14,0
2026-09-10 01:00:00,89.833,89.859,89.805,89.825,419,14,0
2026-09-10 01:15:00,89.823,89.854,89.79,89.811,366,14,0
2026-09-10 01:30:00,89.809,89.881,89.792,89.872,421,14,0
